case_id,0,1,2,3,4,5,6,7,8,9,10,11,12,13,14,15,16,17,18,19,20,21,22,23,24,25,26,27,28,29,30,31,32,33,34,35,36,37,38,39,40,41,42,43,44,45,46,47,48,49,50,51,52,53,54,55,56,57,58,59,60,61,62,63,64,65,66,67,68,69,70,71,72,73,74,75,76,77,78,79,80,81,82,83,84,85,86,87,88,89,90,91,92,93,94,95,96,97,98,99,100,101,102,103,104,105,106,107,108,109,110,111,112,113,114,115,116,117,118,119,120,121,122,123,124,125,126,127,128,129,130,131,132,133,134,135,136,137,138,139,140,141,142,143,144,145,146,147,148,149,150,151,152,153,154,155,156,157,158,159,160,161,162,163,164,165,166,167,168,169,170,171,172,173,174,175,176,177,178,179,180,181,182,183,184,185,186,187,188,189,190,191,192,193,194,195,196,197,198,199,200,201,202,203,204,205,206,207,208,209,210,211,212,213,214,215,216,217,218,219,220,221,222,223,224,225,226,227,228,229,230,231,232,233,234,235,236,237,238,239,240,241,242,243,244,245,246,247,248,249,250,251,252,253,254,255,256,257,258,259,260,261,262,263,264,265,266,267,268,269,270,271,272,273,274,275,276,277,278,279,280,281,282,283,284,285,286,287,288,289,290,291,292,293,294,295,296,297,298,299,300,301,302,303,304,305,306,307,308,309,310,311,312,313,314,315,316,317,318,319,320,321,322,323,324,325,326,327,328,329,330,331,332,333,334,335,336,337,338,339,340,341,342,343,344,345,346,347,348,349,350,351,352,353,354,355,356,357,358,359,360,361,362,363,364,365,366,367,368,369,370,371,372,373,374,375,376,377,378,379,380,381,382,383,384,385,386,387,388,389,390,391,392,393,394,395,396,397,398,399,400,401,402,403,404,405,406,407,408,409,410,411,412,413,414,415,416,417,418,419,420,421,422,423,424,425,426,427,428,429,430,431,432,433,434,435,436,437,438,439,440,441,442,443,444,445,446,447,448,449,450,451,452,453,454,455,456,457,458,459,460,461,462,463,464,465,466,467,468,469,470,471,472,473,474,475,476,477,478,479,480,481,482,483,484,485,486,487,488,489,490,491,492,493,494,495,496,497,498,499,500,501,502,503,504,505,506,507,508,509,510,511
TCGA-05-4398,0.122767,0.0,0.0,0.0,0.0,0.105173,0.174008,0.11427,0.245084,0.101314,0.090852,0.0,0.0,0.0,0.0,0.116374,0.0,0.206091,0.0,0.0,0.209588,0.0,0.0,0.0,0.0,0.0,0.0,0.0,0.0,0.08635,0.0,0.0,0.103325,1.02019,0.077118,0.215064,0.187749,0.000207,0.0,0.0,0.0,0.224606,0.0,0.101654,0.0,0.252295,0.059269,0.0,0.0,0.20751,0.0,0.213364,0.0,0.947039,0.0,0.36036,0.084017,0.0,0.0,0.079614,5e-06,0.0,0.0,0.056162,0.17189,0.211579,0.097401,1e-05,0.627687,0.0,0.0,0.0,0.352088,0.09799,0.0,0.0,0.0,0.0,0.0,0.0,0.0,0.924977,0.077711,0.0,0.0,0.068778,0.0,0.0,0.08944,0.094609,0.092329,0.0,0.000885,0.0,0.64351,0.0,0.0,0.0,0.0,0.098158,0.0,0.0,0.119161,0.106081,0.0,0.0,0.0,0.423333,0.106323,0.186259,0.072347,0.0,0.200146,0.0,0.2372,0.0,0.0,0.703539,0.118236,0.279185,0.407622,0.0,0.0,0.0,0.0,0.0,0.235989,0.38751,0.115573,0.0,0.0,0.093671,0.0,0.218708,0.306379,0.0,0.327357,0.056319,0.058151,0.0,0.240594,0.055637,0.210805,0.261261,0.257439,0.0,0.0,0.38043,0.0,0.0,3e-06,0.227843,0.327271,0.159964,4e-06,0.067574,0.0,0.037931,0.07739,0.0,0.62467,0.0,0.0,0.0,0.0,0.008101,0.0,0.0,0.0,0.628078,0.0,2e-06,0.081075,0.0,0.0,0.0,0.0,0.0,0.0,0.907153,0.066639,0.0,0.0,0.0,0.0,0.070239,0.24926,0.082881,0.0,0.0,0.0,0.0,0.244209,0.0,0.0,0.250457,0.094705,0.225731,0.198727,0.0,2e-06,0.0,2.492976,0.081957,0.0,0.0,0.219552,1.577648,0.0,0.091507,0.0,0.0,0.0,0.0,0.000339,0.048288,0.0,1.059254,0.0,0.0,0.0,0.0,0.0,0.086379,0.075135,0.0,0.304207,0.402527,0.0,0.0,0.183631,0.0,0.110741,2.2e-05,0.0,0.059602,0.09608,0.096942,0.090592,0.0,0.158481,0.0,0.0,0.0,0.0,0.304277,0.258156,0.0,0.083045,0.076809,0.505359,0.0,0.091897,0.002884,1.25171,0.145073,0.0,0.069514,0.285992,0.0,0.0,0.148784,0.0,0.0,0.0,0.0,0.0,4.3e-05,0.107449,0.064991,0.0,0.106496,0.096976,0.205773,0.19425,0.038941,0.0,0.088307,0.0,0.0,0.21197,0.240115,0.101745,0.102876,0.0,0.0,0.000155,0.0,0.073966,0.086323,0.06982,0.06947,0.0,0.0,0.0,0.104276,0.0,0.0,0.023217,0.213329,0.0,0.191404,0.209302,0.106905,0.0,0.215197,0.0,0.0,0.038093,0.063549,0.0,0.281521,8.7e-05,0.0,0.354511,0.0,0.0,0.0,0.0,0.082468,0.0,0.069473,0.092317,0.599116,0.0,0.0,0.09422,0.072084,0.0,0.201568,0.132344,0.308891,0.453114,0.0,0.0,0.112083,0.07822,0.0,0.0,0.0,0.675194,0.084253,0.0,0.0,0.0,0.0,0.0,0.074866,0.084206,0.290003,0.00014,0.0,0.0,0.0,0.085836,0.095787,0.0,0.262895,0.0,0.0,0.0,0.0,0.0,0.0,0.323197,0.0,0.11124,0.0,0.637264,0.0,0.0,0.213183,0.0,0.09353,0.0,0.27115,0.000446,0.0,0.0,0.0,0.109127,0.078152,0.0,0.073121,0.082899,0.184801,0.000227,0.0,0.515748,0.0,0.230853,0.09676,0.0,0.0,0.0,0.198932,0.209993,0.0,0.0,0.169519,0.0,0.100585,0.251028,0.334859,0.01953,0.0,0.095022,0.0,0.0,1.023622,0.274267,0.071014,0.090846,0.224306,0.079129,0.450227,0.22379,0.429593,0.290071,0.090338,0.213082,0.0,0.0,0.0,0.0,0.0,0.113764,0.134714,0.042441,0.0,0.0,0.0,0.098426,0.88687,0.0,0.459227,0.0,0.230414,0.0,0.081834,0.0,0.936204,0.0,0.0,0.0,0.0,0.0,0.0,0.2252,0.0,1.7e-05,0.105366,0.0,0.0,0.0,0.0,0.484857,0.109489,0.0,0.0,0.097776,0.0,0.265243,0.201325,0.757683,0.091116,0.0,1.178943,0.073489,0.0,0.0,0.0,0.579364,0.238891,0.0,0.0,0.171722,0.0,0.302315,0.07515,0.0,0.207355,0.072477,0.0,0.0,0.0,0.0,0.0,0.0,0.091281,0.0,0.0,0.0,0.321919,0.0,0.086209,0.201953,0.105884,0.0,0.0,0.046609,0.204474,0.18695,0.271368,0.0,0.073225,0.0,0.0,0.092036,0.112919,0.249396,0.0
TCGA-05-4402,0.124184,0.0,0.0,0.0,0.0,0.1179,0.162683,0.123768,0.222461,0.106726,0.100765,0.0,0.0,0.0,0.0,0.117858,0.0,0.193885,0.0,0.0,0.192438,0.0,0.0,0.0,0.0,0.0,0.0,0.0,0.0,0.090995,0.0,0.0,0.114275,0.960613,0.069986,0.191707,0.169832,7.4e-05,0.0,0.0,0.0,0.205212,0.0,0.103182,0.0,0.231115,0.049696,0.0,0.0,0.194435,0.0,0.209242,0.0,0.881775,0.0,0.323143,0.094491,0.0,0.0,0.082803,2e-06,0.0,1e-06,0.066683,0.184128,0.185779,0.108516,3e-06,0.590533,0.0,0.0,0.0,0.322941,0.106971,0.0,0.0,0.0,0.0,0.0,0.0,0.0,0.863571,0.082666,0.0,0.0,0.082879,0.0,0.0,0.103032,0.096317,0.102963,0.0,0.000308,0.0,0.594181,0.0,0.0,0.0,0.0,0.113305,0.0,0.0,0.115865,0.111407,0.0,0.0,0.0,0.399197,0.117093,0.158881,0.079736,0.0,0.178142,0.0,0.206185,0.0,0.0,0.670951,0.124114,0.256869,0.378326,0.0,0.0,0.0,0.0,5e-06,0.211405,0.35687,0.118275,0.0,0.0,0.112573,0.0,0.195609,0.269537,0.0,0.299422,0.03962,0.060961,0.0,0.212418,0.064514,0.187727,0.23856,0.224913,0.0,0.0,0.352328,0.0,0.0,4e-06,0.209008,0.301559,0.14379,4e-06,0.071111,0.0,0.04483,0.081529,0.0,0.579183,0.0,0.0,0.0,0.0,0.00403,0.0,0.0,0.0,0.588283,0.0,4e-06,0.079974,0.0,0.0,0.0,0.0,0.0,0.0,0.844461,0.084323,0.0,0.0,0.0,0.0,0.075907,0.224498,0.089247,0.0,0.0,0.0,0.0,0.219694,0.0,0.0,0.226627,0.107885,0.208587,0.169737,0.0,8e-06,0.0,2.360768,0.093029,0.0,0.0,0.19133,1.482991,0.0,0.084093,0.0,0.0,0.0,0.0,0.000134,0.053465,0.0,0.99708,0.0,0.0,0.0,0.0,0.0,0.089664,0.08534,0.0,0.279747,0.363744,0.0,0.0,0.162399,0.0,0.120535,1.1e-05,0.0,0.073817,0.113201,0.110193,0.103193,0.0,0.138387,0.0,0.0,0.0,0.0,0.268191,0.236438,0.0,0.09604,0.080169,0.467102,0.0,0.098187,0.006575,1.17123,0.116835,0.0,0.078425,0.257491,0.0,0.0,0.151042,0.0,0.0,0.0,0.0,0.0,2.5e-05,0.111538,0.071211,0.0,0.115998,0.106126,0.187322,0.167227,0.027213,0.0,0.095165,0.0,0.0,0.192986,0.21609,0.115178,0.108025,0.0,0.0,2.5e-05,0.0,0.08295,0.099158,0.0849,0.075416,0.0,0.0,0.0,0.117996,0.0,0.0,0.045562,0.19173,0.0,0.177679,0.185845,0.096801,0.0,0.184371,0.0,0.0,0.032038,0.068954,0.0,0.25907,0.000105,0.0,0.321421,1e-06,3e-06,0.0,0.0,0.086299,0.0,0.080677,0.101607,0.552968,0.0,0.0,0.104938,0.079515,0.0,0.178006,0.119015,0.293651,0.418604,0.0,0.0,0.11858,0.088506,0.0,0.0,0.0,0.633347,0.091772,0.0,0.0,0.0,0.0,0.0,0.087674,0.091744,0.262644,4.9e-05,0.0,0.0,0.0,0.096317,0.107111,0.0,0.2376,0.0,0.0,0.0,0.0,0.0,0.0,0.29577,0.0,0.118089,0.0,0.594606,0.0,0.0,0.188181,0.0,0.102911,0.0,0.234409,0.000694,0.0,0.0,0.0,0.112915,0.091404,0.0,0.085967,0.095937,0.162797,9.7e-05,0.0,0.472153,0.0,0.199852,0.109677,0.0,0.0,0.0,0.180296,0.191968,0.0,0.0,0.182556,0.0,0.103172,0.22784,0.29819,0.020217,0.0,0.106599,0.0,0.0,0.956794,0.26476,0.050017,0.099371,0.203749,0.092187,0.416856,0.202118,0.404774,0.29588,0.109219,0.192561,0.0,0.0,0.0,0.0,0.0,0.120398,0.144818,0.030947,0.0,0.0,0.0,0.104462,0.837259,0.0,0.421686,0.0,0.227805,0.0,0.086975,0.0,0.873483,0.0,0.0,0.0,0.0,0.0,7e-06,0.203446,0.0,1.2e-05,0.108943,0.0,0.0,0.0,0.0,0.454759,0.098544,0.0,0.0,0.074071,0.0,0.235926,0.179357,0.696328,0.092613,0.0,1.103192,0.073284,0.0,0.0,0.0,0.527035,0.213813,0.0,0.0,0.168873,0.0,0.273399,0.087353,0.0,0.191434,0.080729,0.0,0.0,0.0,0.0,0.0,0.0,0.092904,0.0,1e-06,0.0,0.300058,0.0,0.093167,0.17085,0.116792,0.0,0.0,0.056327,0.186214,0.186617,0.248472,0.0,0.08185,0.0,0.0,0.094894,0.10033,0.221239,0.0
TCGA-05-4417,0.143822,0.0,0.0,0.0,0.0,0.123228,0.155882,0.136225,0.223948,0.114583,0.10512,0.0,0.0,0.0,0.0,0.13192,0.0,0.204871,0.0,0.0,0.190492,0.0,0.0,0.0,0.0,0.0,0.0,0.0,0.0,0.097004,0.0,0.0,0.119663,0.982287,0.089175,0.19335,0.16912,7.7e-05,0.0,0.0,0.0,0.201659,0.0,0.116145,0.0,0.231464,0.064096,0.0,0.0,0.189612,0.0,0.214427,0.0,0.932355,0.0,0.326036,0.094332,0.0,0.0,0.096874,3e-06,3e-06,0.0,0.056786,0.174555,0.194212,0.104285,5e-06,0.591123,0.0,0.0,0.0,0.328041,0.113661,0.0,0.0,0.0,0.0,0.0,0.0,0.0,0.895596,0.084463,0.0,0.0,0.078203,0.0,0.0,0.097903,0.104367,0.097071,0.0,0.000357,0.0,0.605797,0.0,0.0,0.0,0.0,0.113396,0.0,0.0,0.130504,0.123578,0.0,0.0,0.0,0.405649,0.114982,0.172234,0.073839,0.0,0.185102,0.0,0.217005,0.0,0.0,0.669477,0.137922,0.256292,0.376574,0.0,0.0,0.0,0.0,8e-06,0.226218,0.369808,0.135818,0.0,0.0,0.104797,0.0,0.192095,0.269983,0.0,0.304341,0.058297,0.051526,0.0,0.212606,0.052729,0.197206,0.238559,0.22954,0.0,0.0,0.35292,0.0,0.0,0.0,0.206412,0.299657,0.150415,0.0,0.079126,0.0,0.042737,0.084093,0.0,0.59282,0.0,0.0,0.0,0.0,0.004362,0.0,0.0,0.0,0.597284,0.0,0.0,0.089107,0.0,0.0,0.0,0.0,0.0,0.0,0.871436,0.08099,0.0,0.0,0.0,0.0,0.084374,0.224554,0.095894,0.0,0.0,0.0,0.0,0.2263,0.0,0.0,0.228116,0.108102,0.22434,0.175315,0.0,1.8e-05,0.0,2.440543,0.080876,0.0,0.0,0.204241,1.544557,0.0,0.079437,0.0,0.0,0.0,0.0,0.000136,0.049714,0.0,1.013504,0.0,0.0,0.0,0.0,0.0,0.103872,0.089254,0.0,0.275716,0.365419,0.0,0.0,0.168486,0.0,0.138237,0.000179,0.0,0.059852,0.110778,0.106296,0.097259,0.0,0.134697,0.0,0.0,0.0,0.0,0.282616,0.234935,0.0,0.09642,0.082944,0.466643,0.0,0.104619,0.002866,1.205806,0.124897,0.0,0.086825,0.25658,0.0,0.0,0.156449,0.0,0.0,0.0,0.0,0.0,1.6e-05,0.11562,0.070853,0.0,0.126732,0.108982,0.190179,0.16459,0.04185,0.0,0.102582,0.0,0.0,0.19099,0.212769,0.110046,0.12273,0.0,0.0,0.000703,0.0,0.086771,0.099274,0.0836,0.082104,0.0,0.0,0.0,0.122275,0.0,0.0,0.020706,0.195651,0.0,0.173374,0.185946,0.109211,0.0,0.209407,0.0,0.0,0.030615,0.072705,0.0,0.274947,0.000422,0.0,0.33261,0.0,0.0,0.0,0.0,0.095729,0.0,0.086031,0.109644,0.568377,0.0,0.0,0.107777,0.079099,0.0,0.185264,0.113573,0.287025,0.427093,0.0,0.0,0.126973,0.092832,0.0,0.0,0.0,0.632924,0.098124,0.0,0.0,0.0,0.0,0.0,0.082892,0.096426,0.261566,5.4e-05,0.0,0.0,0.0,0.09742,0.114402,0.0,0.243725,0.0,0.0,0.0,0.0,0.0,0.0,0.293285,0.0,0.118809,0.0,0.621548,1e-06,0.0,0.191037,0.0,0.109749,0.0,0.238334,0.000394,0.0,0.0,0.0,0.125429,0.091118,0.0,0.083016,0.095041,0.16452,0.000107,0.0,0.492196,0.0,0.204119,0.111746,0.0,0.0,0.0,0.174102,0.188638,0.0,0.0,0.179627,0.0,0.114286,0.231523,0.300881,0.01538,0.0,0.109565,0.0,0.0,0.994994,0.274558,0.070415,0.099159,0.204862,0.08819,0.42829,0.204437,0.402257,0.2811,0.103858,0.195464,0.0,0.0,0.0,0.0,0.0,0.142305,0.139577,0.025449,0.0,0.0,0.0,0.119916,0.848654,0.0,0.41998,0.0,0.234526,0.0,0.087748,0.0,0.892844,0.0,0.0,0.0,0.0,0.0,0.0,0.21556,0.0,8e-06,0.120525,0.0,0.0,0.0,0.0,0.470868,0.09093,0.0,0.0,0.076762,0.0,0.244303,0.179928,0.74083,0.101918,0.0,1.135723,0.085972,0.0,0.0,0.0,0.537758,0.211248,0.0,0.0,0.157806,0.0,0.282494,0.08466,0.0,0.195328,0.08071,0.0,0.0,0.0,0.0,0.0,0.0,0.105454,0.0,0.0,0.0,0.294826,0.0,0.102726,0.176508,0.11726,0.0,0.0,0.052844,0.180861,0.187793,0.248157,0.0,0.089577,0.0,0.0,0.103069,0.102784,0.222583,0.0
TCGA-05-4420,0.076317,0.0,0.0,0.0,0.0,0.07425,0.203338,0.076155,0.276783,0.066896,0.066877,0.0,0.0,0.0,0.0,0.075613,0.0,0.20616,0.0,0.0,0.241237,0.0,0.0,0.0,0.0,0.0,0.0,0.0,0.0,0.058325,0.0,0.0,0.075361,1.080583,0.065426,0.250214,0.218784,0.000236,0.0,0.0,0.0,0.258978,0.0,0.071544,0.0,0.290099,0.052161,0.0,0.0,0.241337,0.0,0.211426,0.0,0.970756,0.0,0.416297,0.060098,0.0,0.0,0.059266,1e-05,9e-06,0.0,0.038951,0.161097,0.244541,0.068086,1.7e-05,0.679997,0.0,0.0,0.0,0.390188,0.066948,0.0,0.0,0.0,0.0,0.0,0.0,0.0,0.967041,0.052602,0.0,0.0,0.051927,0.0,0.0,0.068449,0.077597,0.070243,0.0,0.001118,0.0,0.688886,0.0,0.0,0.0,0.0,0.073401,1e-06,0.0,0.075967,0.071622,0.0,0.0,0.0,0.431804,0.07036,0.209364,0.060439,0.0,0.233165,0.0,0.278738,0.0,0.0,0.750108,0.082267,0.311165,0.452043,0.0,0.0,0.0,0.0,2e-06,0.266316,0.415489,0.076381,0.0,0.0,0.066276,0.0,0.263494,0.35434,0.0,0.367258,0.061656,0.043028,0.0,0.279256,0.047192,0.232767,0.297787,0.298386,0.0,0.0,0.417159,0.0,0.0,1.4e-05,0.263398,0.372331,0.181341,2e-06,0.047197,0.0,0.026232,0.050868,0.0,0.670747,0.0,0.0,0.0,0.0,0.012811,0.0,0.0,0.0,0.683827,0.0,6e-06,0.0602,0.0,0.0,0.0,0.0,0.0,0.0,0.954098,0.054881,0.0,0.0,0.0,0.0,0.048063,0.291257,0.053413,0.0,0.0,0.0,0.0,0.279516,0.0,0.0,0.288715,0.069646,0.217636,0.226845,0.0,0.0,0.0,2.542513,0.066498,0.0,0.0,0.247832,1.616488,0.0,0.12081,0.0,0.0,0.0,0.0,0.000376,0.058649,0.0,1.114988,0.0,1e-06,0.0,0.0,0.0,0.060217,0.053199,0.0,0.350823,0.459614,0.0,0.0,0.21182,0.0,0.076123,7.9e-05,0.0,0.048128,0.070562,0.068489,0.069146,0.0,0.186332,0.0,0.0,0.0,0.0,0.332346,0.288997,0.0,0.054862,0.053963,0.558819,0.0,0.067266,0.002426,1.307509,0.17145,0.0,0.053351,0.329702,0.0,0.0,0.120468,0.0,0.0,0.0,0.0,0.0,4e-05,0.069543,0.044128,0.0,0.075726,0.061408,0.241296,0.226017,0.039381,0.0,0.059046,0.0,0.0,0.241169,0.272056,0.07886,0.077432,0.0,0.0,0.000119,0.0,0.050748,0.059009,0.050267,0.053942,0.0,0.0,0.0,0.071623,0.0,0.0,0.025435,0.249709,0.0,0.217085,0.237924,0.103092,0.0,0.221597,0.0,0.0,0.044033,0.053171,0.0,0.291589,0.00016,0.0,0.391076,0.0,0.0,0.0,0.0,0.05487,0.0,0.050432,0.065357,0.636067,0.0,0.0,0.069041,0.048694,0.0,0.227067,0.165394,0.301232,0.48683,0.0,0.0,0.076391,0.053708,0.0,0.0,0.0,0.719702,0.058318,0.0,0.0,0.0,0.0,0.0,0.054539,0.059997,0.330862,0.000176,0.0,0.0,0.0,0.055967,0.066681,0.0,0.297315,0.0,0.0,0.0,0.0,0.0,0.0,0.366764,0.0,0.078782,0.0,0.66197,1e-06,0.0,0.251823,0.0,0.064839,0.0,0.314339,0.001321,0.0,0.0,0.0,0.073183,0.052738,0.0,0.054036,0.058749,0.211531,0.000282,0.0,0.555968,0.0,0.270817,0.06968,0.0,0.0,0.0,0.230044,0.238564,0.0,0.0,0.153448,0.0,0.0665,0.285679,0.389386,0.022094,0.0,0.064255,0.0,0.0,1.071093,0.26398,0.085042,0.058036,0.258567,0.0584,0.495988,0.265687,0.457774,0.292312,0.072958,0.246815,0.0,0.0,0.0,0.0,0.0,0.077072,0.113162,0.055989,0.0,0.0,0.0,0.071814,0.944515,0.0,0.506065,0.0,0.220871,0.0,0.051728,0.0,0.983142,0.0,0.0,0.0,0.0,0.0,8e-06,0.247482,0.0,1.5e-05,0.084133,0.0,0.0,0.0,0.0,0.501195,0.135157,0.0,0.0,0.115157,0.0,0.305734,0.231781,0.787503,0.063628,0.0,1.242006,0.045768,0.0,0.0,0.0,0.643993,0.273116,0.0,0.0,0.174999,0.0,0.324721,0.05242,0.0,0.244021,0.050009,0.0,0.0,0.0,0.0,0.0,0.0,0.053912,0.0,0.0,0.0,0.35871,0.0,0.058038,0.226412,0.076635,0.0,0.0,0.038159,0.230647,0.172702,0.310643,0.0,0.055297,0.0,0.0,0.061559,0.139809,0.287874,0.0
TCGA-05-4427,0.166355,0.0,0.0,0.0,0.0,0.133576,0.14247,0.148564,0.210194,0.135716,0.119402,0.0,0.0,0.0,0.0,0.155157,0.0,0.196784,0.0,0.0,0.17663,0.0,0.0,0.0,0.0,0.0,0.0,0.0,0.0,0.10846,0.0,0.0,0.135069,0.941893,0.084072,0.182123,0.157354,4.8e-05,0.0,0.0,0.0,0.186539,0.0,0.132473,0.0,0.206107,0.057901,0.0,0.0,0.1771,0.0,0.210935,0.0,0.906819,0.0,0.296045,0.106394,0.0,0.0,0.101891,1e-06,0.0,0.0,0.065618,0.178721,0.176412,0.117576,3e-06,0.557585,0.0,0.0,0.0,0.30393,0.121883,0.0,0.0,0.0,0.0,0.0,0.0,0.0,0.850579,0.096648,0.0,0.0,0.082349,0.0,0.0,0.104851,0.107829,0.108565,0.0,0.000199,0.0,0.566916,0.0,0.0,0.0,0.0,0.118151,0.0,0.0,0.147332,0.145521,0.0,0.0,0.0,0.392608,0.138181,0.158896,0.079408,0.0,0.163313,0.0,0.190964,0.0,0.0,0.633166,0.161653,0.240437,0.34324,0.0,0.0,0.0,0.0,0.0,0.212025,0.350689,0.156588,0.0,0.0,0.118473,0.0,0.179343,0.240563,0.0,0.280557,0.054739,0.051641,0.0,0.192501,0.054345,0.182596,0.214788,0.206964,0.0,0.0,0.329056,0.0,0.0,1e-06,0.193715,0.278514,0.13842,8e-06,0.091321,0.0,0.04994,0.100072,0.0,0.568682,0.0,0.0,0.0,0.0,0.002923,0.0,0.0,0.0,0.561458,0.0,0.0,0.091713,0.0,0.0,0.0,0.0,0.0,0.0,0.832394,0.089689,0.0,0.0,0.0,0.0,0.0966,0.200442,0.110476,0.0,0.0,0.0,0.0,0.20894,0.0,0.0,0.209696,0.114271,0.217308,0.163424,0.0,1.4e-05,0.0,2.367714,0.088096,0.0,0.0,0.195591,1.496655,0.0,0.070747,0.0,0.0,0.0,0.0,0.000155,0.04024,0.0,0.975514,0.0,0.0,0.0,0.0,0.0,0.12178,0.10262,0.0,0.249477,0.328754,0.0,0.0,0.141098,0.0,0.160306,0.0009,0.0,0.059157,0.129805,0.119083,0.111059,0.0,0.12341,0.0,0.0,0.0,0.0,0.26065,0.21331,0.0,0.107558,0.091766,0.433907,0.0,0.116354,0.009257,1.16124,0.108829,0.0,0.096661,0.236418,0.0,0.0,0.164574,0.0,0.0,4.6e-05,0.0,0.0,3.5e-05,0.13404,0.081678,0.0,0.139971,0.131098,0.173062,0.149811,0.033581,0.0,0.11865,0.0,0.0,0.173819,0.196332,0.116966,0.136989,0.0,0.0,0.000176,0.0,0.098575,0.113003,0.091484,0.091081,0.0,0.0,0.0,0.144487,0.0,0.0,0.022249,0.177949,0.0,0.155498,0.171668,0.106679,0.0,0.194805,0.0,0.0,0.032782,0.072425,0.0,0.254049,0.000413,0.0,0.308791,0.0,0.0,0.0,0.0,0.096566,0.0,0.098255,0.117484,0.533249,0.0,0.0,0.120104,0.078535,0.0,0.172513,0.106751,0.288972,0.3996,0.0,0.0,0.14873,0.10447,0.0,0.0,0.0,0.600893,0.113377,0.0,0.0,0.0,0.0,0.0,0.097604,0.105805,0.239758,3.8e-05,0.0,0.0,0.0,0.105892,0.126237,0.0,0.22662,0.0,1.4e-05,0.0,0.0,0.0,0.0,0.265761,0.0,0.141842,0.0,0.59572,2e-06,0.0,0.169282,0.0,0.119269,0.0,0.210568,0.000306,0.0,0.0,0.0,0.145385,0.105706,0.0,0.08735,0.108682,0.149044,0.000127,0.0,0.465744,0.0,0.188791,0.129386,0.0,0.0,0.0,0.16225,0.173811,0.0,0.0,0.182717,0.0,0.121093,0.21817,0.267352,0.010754,0.0,0.124381,0.0,0.0,0.947141,0.278094,0.064345,0.111682,0.189253,0.104835,0.40001,0.182583,0.384934,0.278044,0.118066,0.179882,0.0,0.0,0.0,0.0,0.0,0.162053,0.149652,0.021126,0.0,0.0,0.0,0.131497,0.806343,0.0,0.3838,1e-06,0.231499,0.0,0.101683,0.0,0.85001,0.0,0.0,0.0,0.0,0.0,3e-06,0.200347,0.0,7e-06,0.130793,0.0,0.0,0.0,0.0,0.446634,0.081742,0.0,0.0,0.061449,0.0,0.225467,0.1675,0.708963,0.115163,0.0,1.08707,0.09467,0.0,0.0,0.0,0.487841,0.19964,0.0,0.0,0.150735,0.0,0.265199,0.091446,0.0,0.183037,0.093436,0.0,0.0,0.0,0.0,0.0,0.0,0.118042,0.0,0.0,1e-06,0.275201,0.0,0.120869,0.161465,0.137981,0.0,0.0,0.059568,0.172594,0.196249,0.227551,0.0,0.09951,0.0,0.0,0.117588,0.093743,0.203614,0.0
TCGA-18-3411,0.398187,0.0,0.0,0.0,0.0,0.258892,0.027796,0.352489,0.045302,0.316871,0.248381,0.0,0.0,0.0,0.0,0.336541,0.0,0.220792,0.0,0.0,0.04393,0.0,0.0,0.0,0.0,0.0,0.0,0.0,0.0,0.262635,0.0,0.0,0.265712,0.710044,0.130032,0.046474,0.02928,1e-06,0.0,0.0,0.0,0.041622,0.0,0.287567,0.0,0.074993,0.115183,0.0,0.0,0.038616,0.0,0.258972,0.0,0.820986,0.0,0.088222,0.247518,0.0,1e-06,0.22928,0.0,1e-06,0.0,0.168646,0.250967,0.05181,0.252865,0.0,0.408547,0.0,0.0,1e-06,0.139941,0.260639,0.0,0.0,0.0,0.0,0.0,0.0,0.0,0.649462,0.222968,0.0,0.0,0.179933,0.0,0.0,0.22358,0.213113,0.236468,0.0,0.000242,0.0,0.377621,0.0,0.0,0.0,0.0,0.266327,0.0,0.0,0.329922,0.318609,0.0,0.0,0.0,0.343014,0.275974,0.042692,0.193923,0.0,0.035046,0.0,0.061979,0.0,0.0,0.453354,0.358819,0.084495,0.170301,0.0,1e-06,0.0,0.0,1e-06,0.080817,0.283787,0.35919,1e-06,3e-06,0.248641,0.0,0.035704,0.068954,0.0,0.132852,0.039023,0.1274,0.0,0.04891,0.113672,0.059208,0.066627,0.052048,0.0,0.0,0.157601,0.0,0.0,2.2e-05,0.051278,0.085563,0.031205,0.0,0.199627,0.0,0.149566,0.231451,0.0,0.381797,0.0,3e-06,2e-06,0.0,0.001293,0.0,0.0,0.0,0.402729,0.0,0.0,0.210856,0.0,0.0,0.0,0.0,0.0,0.0,0.629859,0.183408,0.0,0.0,0.0,0.0,0.224544,0.072647,0.261914,0.0,0.0,0.0,0.0,0.058564,0.0,0.0,0.056669,0.196952,0.255371,0.046056,0.0,0.000346,0.0,2.123458,0.181718,0.0,0.0,0.079101,1.286249,0.0,0.009831,0.0,0.0,0.0,0.0,1e-06,0.048675,0.0,0.76701,0.0,0.0,0.0,0.0,1e-06,0.270288,0.23828,0.0,0.082105,0.115769,0.0,0.0,0.054208,0.0,0.338137,0.003574,0.0,0.137815,0.283519,0.286979,0.242283,0.0,0.027393,0.0,0.0,0.0,0.0,0.143032,0.099227,0.0,0.228181,0.212269,0.248231,0.0,0.243976,0.054443,0.958483,0.026487,0.0,0.219471,0.070257,0.0,0.0,0.271491,0.0,0.0,6.8e-05,0.0,0.0,0.0,0.290239,0.212805,0.0,0.299076,0.30419,0.03715,0.033936,0.081235,0.0,0.262859,0.0,0.0,0.039002,0.040936,0.246121,0.281484,0.0,0.0,5e-06,0.0,0.249527,0.269887,0.226263,0.187803,0.0,0.0,0.0,0.282772,0.0,0.0,0.067545,0.051052,0.0,0.038074,0.040439,0.149276,0.0,0.152542,0.0,0.0,0.001893,0.151285,0.0,0.210526,0.0,0.0,0.153315,0.0,0.0,0.0,0.0,0.216015,0.0,0.220785,0.26212,0.40653,0.0,0.0,0.275807,0.182778,0.0,0.037528,0.017795,0.319039,0.244542,0.0,0.0,0.335298,0.236552,0.0,0.0,0.0,0.426,0.225668,0.0,0.0,0.0,0.0,0.0,0.245283,0.238792,0.063576,0.0,0.0,0.0,0.0,0.252494,0.263367,0.0,0.062514,0.0,0.0,0.0,0.0,0.0,0.0,0.085878,0.0,0.304073,0.0,0.500921,0.0,0.0,0.047184,0.0,0.285204,1e-06,0.074721,1e-06,0.0,0.0,0.0,0.339475,0.25377,0.0,0.205805,0.25434,0.044767,3e-06,0.0,0.28562,0.0,0.037,0.277845,0.0,0.0,0.0,0.036683,0.029355,0.0,0.0,0.28727,0.0,0.271834,0.050775,0.089647,0.021272,0.0,0.267728,0.0,0.0,0.75578,0.305105,0.013964,0.257151,0.058677,0.244485,0.211055,0.046687,0.223572,0.3054,0.260136,0.045885,0.0,0.0,0.0,0.0,0.0,0.357741,0.27403,0.005753,0.0,0.0,0.0,0.273075,0.555498,0.0,0.179482,0.0,0.302173,0.0,0.262036,0.0,0.64941,0.0,0.0,0.0,0.0,0.0,0.002768,0.095894,0.0,0.0,0.265394,0.0,0.0,0.0,1e-06,0.407279,0.010721,0.0,0.0,0.017556,0.0,0.061127,0.038194,0.542151,0.271742,0.0,0.850768,0.243714,0.0,0.0,0.0,0.257891,0.051338,0.0,0.0,0.197542,0.0,0.138639,0.228563,0.0,0.041543,0.217293,0.0,0.0,0.0,1e-06,0.0,0.0,0.274725,0.0,1e-06,0.0,0.111489,0.0,0.277628,0.042691,0.272127,0.0,0.0,0.135451,0.041677,0.277038,0.055925,0.0,0.226716,0.0,0.0,0.251325,0.024497,0.060193,0.0
TCGA-18-3415,0.409858,0.0,0.0,0.0,0.0,0.267191,0.028267,0.366178,0.039561,0.322871,0.253718,0.0,0.0,0.0,0.0,0.343025,0.0,0.220181,0.0,0.0,0.040395,0.0,0.0,0.0,0.0,0.0,0.0,0.0,0.0,0.26914,1e-06,0.0,0.270147,0.681036,0.129129,0.04035,0.027833,0.0,0.0,0.0,0.0,0.037632,0.0,0.296084,0.0,0.079573,0.112946,0.0,0.0,0.038246,0.0,0.259573,0.0,0.795148,0.0,0.086307,0.254989,0.0,0.0,0.237989,0.0,0.0,0.0,0.174415,0.257311,0.047274,0.264718,3e-06,0.396792,0.0,0.0,0.0,0.126302,0.269042,0.0,0.0,0.0,0.0,0.0,0.0,0.0,0.626091,0.229573,0.0,0.0,0.188926,0.0,0.0,0.235209,0.219131,0.243411,0.0,0.000142,0.0,0.357698,0.0,0.0,0.0,0.0,0.276439,0.0,0.0,0.334897,0.325195,0.0,0.0,0.0,0.337403,0.283524,0.033102,0.198514,0.0,0.030543,0.0,0.05517,0.0,0.0,0.441046,0.367594,0.080829,0.158171,0.0,8e-06,0.0,0.0,2e-06,0.068696,0.278362,0.366933,1e-06,0.0,0.256315,0.0,0.033941,0.066263,0.0,0.120822,0.034857,0.129832,0.0,0.045269,0.124913,0.047962,0.064811,0.047571,0.0,0.0,0.148443,0.0,0.0,4.5e-05,0.048187,0.081946,0.028712,2e-06,0.20379,0.0,0.155642,0.237438,0.0,0.359204,0.0,1e-06,1e-06,0.0,0.000751,0.0,0.0,0.0,0.388525,0.0,0.0,0.216605,0.0,0.0,0.0,0.0,0.0,0.0,0.607849,0.192315,0.0,0.0,0.0,0.0,0.232323,0.079022,0.27235,0.0,0.0,0.0,0.0,0.053513,0.0,0.0,0.053005,0.204989,0.25406,0.03794,0.0,0.000339,0.0,2.080733,0.188374,0.0,0.0,0.069608,1.256313,0.0,0.009924,0.0,0.0,0.0,0.0,2e-06,0.054707,0.0,0.743796,0.0,0.0,0.0,0.0,1e-06,0.276532,0.243664,0.0,0.08538,0.111433,0.0,0.0,0.055713,0.0,0.346596,0.00334,0.0,0.148014,0.297173,0.296295,0.25258,0.0,0.025851,0.0,0.0,0.0,0.0,0.130671,0.098116,0.0,0.236298,0.219942,0.231089,0.0,0.249858,0.061834,0.923728,0.023712,0.0,0.223463,0.066114,0.0,0.0,0.275352,0.0,0.0,4.8e-05,0.0,0.0,0.0,0.299354,0.220282,0.0,0.309532,0.31131,0.035559,0.033767,0.080015,0.0,0.267206,0.0,0.0,0.036553,0.037603,0.257816,0.286694,0.0,0.0,0.0,0.0,0.256854,0.281193,0.233387,0.193082,0.0,0.0,0.0,0.286796,0.0,0.0,0.075084,0.046985,0.0,0.035054,0.040751,0.147704,0.0,0.142019,0.0,0.0,0.000795,0.158875,0.0,0.20441,0.0,0.0,0.140257,0.0,1e-06,0.0,0.0,0.221388,0.0,0.225872,0.269818,0.394643,0.0,0.0,0.281323,0.189669,0.0,0.032225,0.01747,0.313411,0.228667,0.0,0.0,0.343692,0.246927,0.0,0.0,0.0,0.410043,0.229652,0.0,0.0,0.0,0.0,0.0,0.252166,0.246621,0.059114,0.0,0.0,0.0,0.0,0.25949,0.277099,0.0,0.058443,0.0,0.0,0.0,0.0,0.0,0.0,0.084095,0.0,0.309098,0.0,0.489859,0.0,0.0,0.04721,0.0,0.291989,2e-06,0.077851,1e-06,0.0,0.0,0.0,0.348274,0.263192,0.0,0.213448,0.264899,0.034964,3e-06,0.0,0.264921,0.0,0.034457,0.286296,0.0,0.0,0.0,0.035034,0.030175,0.0,0.0,0.29453,0.0,0.279268,0.05035,0.089734,0.024888,0.0,0.277273,0.0,0.0,0.730435,0.303259,0.007068,0.263023,0.05673,0.251829,0.194148,0.044125,0.212341,0.310936,0.271765,0.041663,0.0,2e-06,0.0,0.0,0.0,0.365242,0.282698,0.005263,0.0,0.0,0.0,0.273806,0.532026,0.0,0.169096,0.0,0.307533,0.0,0.267861,0.0,0.623334,0.0,0.0,0.0,0.0,0.0,8.4e-05,0.084623,0.0,0.0,0.26703,0.0,0.0,0.0,0.0,0.398519,0.00957,0.0,0.0,0.018624,0.0,0.056214,0.035196,0.519919,0.278988,0.0,0.822598,0.248911,0.0,0.0,0.0,0.240022,0.045974,0.0,0.0,0.200468,0.0,0.126532,0.239318,0.0,0.038218,0.220974,0.0,0.0,1e-06,1e-05,0.0,0.0,0.28391,0.0,0.0,0.0,0.108113,0.0,0.281893,0.03733,0.277343,0.0,0.0,0.135471,0.036945,0.277693,0.054727,0.0,0.234779,0.0,0.0,0.255522,0.021131,0.058064,0.0
TCGA-18-4083,0.404127,0.0,0.0,0.0,0.0,0.268854,0.021584,0.366111,0.031156,0.327379,0.25462,0.0,0.0,0.0,0.0,0.337007,0.0,0.219881,0.0,0.0,0.030623,0.0,0.0,0.0,0.0,0.0,0.0,0.0,0.0,0.274556,0.0,0.0,0.269177,0.680058,0.127933,0.033156,0.021199,1e-06,0.0,0.0,0.0,0.030785,0.0,0.29736,0.0,0.06513,0.109279,0.0,0.0,0.031195,0.0,0.259338,0.0,0.785156,0.0,0.07064,0.260209,0.0,0.0,0.237852,0.0,0.0,0.0,0.188268,0.267012,0.044193,0.272979,0.0,0.398917,0.0,0.0,0.0,0.116068,0.274515,0.0,0.0,0.0,0.0,0.0,0.0,0.0,0.615719,0.236364,0.0,0.0,0.202685,0.0,0.0,0.240094,0.226539,0.250842,0.0,0.000166,0.0,0.353598,0.0,0.0,0.0,0.0,0.276765,0.0,0.0,0.333614,0.324076,0.0,0.0,0.0,0.342962,0.288071,0.0276,0.205907,0.0,0.026907,0.0,0.046419,0.0,0.0,0.446892,0.372983,0.066038,0.152235,0.0,1e-06,0.0,0.0,3e-06,0.057966,0.27879,0.367419,0.0,0.0,0.266652,0.0,0.030557,0.057286,0.0,0.11518,0.031608,0.140952,0.0,0.038654,0.142197,0.042686,0.052435,0.040321,0.0,0.0,0.147487,0.0,0.0,4.3e-05,0.039584,0.06667,0.021613,0.0,0.209353,0.0,0.165027,0.238337,0.0,0.356767,0.0,3e-06,0.0,0.0,0.001026,0.0,0.0,0.0,0.393648,0.0,0.0,0.21362,0.0,0.0,0.0,0.0,0.0,0.0,0.602287,0.201306,0.0,0.0,0.0,0.0,0.23008,0.065345,0.277609,0.0,0.0,0.0,0.0,0.043308,0.0,0.0,0.043362,0.209576,0.250338,0.032362,0.0,0.000242,0.0,2.070489,0.202586,0.0,0.0,0.064957,1.240572,0.0,0.00891,0.0,0.0,0.0,0.0,0.0,0.062512,0.0,0.747609,0.0,0.0,0.0,0.0,1e-06,0.275439,0.253158,0.0,0.067719,0.093379,0.0,0.0,0.047179,0.0,0.344145,0.01029,0.0,0.160135,0.300713,0.301852,0.259264,0.0,0.021851,0.0,0.0,0.0,0.0,0.127139,0.090122,0.0,0.238644,0.218771,0.230839,0.0,0.261432,0.072084,0.921848,0.022156,0.0,0.231061,0.056197,0.0,0.0,0.282931,0.0,0.0,1e-06,0.0,0.0,0.0,0.299742,0.22418,0.0,0.310268,0.318652,0.029345,0.031399,0.083842,0.0,0.271284,0.0,0.0,0.029086,0.03169,0.263327,0.288131,0.0,0.0,0.0,0.0,0.265763,0.291439,0.245848,0.201231,0.0,0.0,0.0,0.293457,0.0,0.0,0.099825,0.038833,0.0,0.029395,0.03265,0.154328,0.0,0.145987,0.0,0.0,0.000802,0.167125,0.0,0.210641,0.0,0.0,0.132298,0.0,0.0,0.0,0.0,0.223832,0.0,0.228923,0.275774,0.397659,0.0,0.0,0.290207,0.201359,0.0,0.025458,0.014951,0.320671,0.219324,0.0,0.0,0.341846,0.24972,0.0,0.0,0.0,0.415718,0.233326,0.0,0.0,0.0,0.0,0.0,0.262761,0.245178,0.049133,0.0,0.0,0.0,0.0,0.26363,0.270122,0.0,0.044642,0.0,0.0,0.0,0.0,0.0,0.0,0.068883,0.0,0.318674,0.0,0.483474,0.0,0.0,0.040455,0.0,0.302335,0.0,0.065698,0.0,0.0,0.0,0.0,0.352966,0.268814,0.0,0.220901,0.268002,0.029231,2e-06,0.0,0.254228,0.0,0.031448,0.286817,0.0,0.0,0.0,0.028817,0.021945,2e-06,0.0,0.30656,0.0,0.286764,0.038561,0.072688,0.028554,0.0,0.277958,0.0,0.0,0.7221,0.297672,0.005439,0.270195,0.045588,0.261358,0.197396,0.036049,0.20468,0.324628,0.28769,0.034145,0.0,0.0,0.0,0.0,0.0,0.362977,0.293988,0.006664,0.0,0.0,0.0,0.278039,0.5389,0.0,0.164109,0.0,0.314113,0.0,0.276052,0.0,0.625803,0.0,0.0,0.0,0.0,0.0,0.00369,0.071438,0.0,0.0,0.273286,0.0,0.0,0.0,1e-06,0.408412,0.008745,0.0,0.0,0.016164,0.0,0.046845,0.029191,0.502514,0.281912,0.0,0.82058,0.253782,0.0,0.0,0.0,0.237327,0.038558,0.0,0.0,0.215598,0.0,0.119811,0.245009,0.0,0.032813,0.232777,0.0,0.0,0.0,1e-06,0.0,0.0,0.282374,0.0,2e-06,0.0,0.094565,0.0,0.279694,0.03211,0.290699,0.0,0.0,0.139112,0.031358,0.276995,0.043218,0.0,0.242665,0.0,0.0,0.258599,0.019487,0.047662,0.0
TCGA-21-5782,0.33657,0.0,0.0,0.0,0.0,0.188867,0.088864,0.300801,0.106457,0.258016,0.217843,0.0,1e-06,0.0,0.0,0.284736,0.0,0.225358,0.0,0.0,0.093731,0.0,0.0,0.0,0.0,0.0,0.0,0.0,0.0,0.178817,1e-06,0.0,0.208767,0.823292,0.163719,0.111081,0.074568,3e-06,0.0,0.0,0.0,0.113559,0.0,0.252316,0.0,0.131335,0.147281,0.0,0.0,0.092439,0.0,0.266201,0.0,0.946493,0.0,0.174483,0.20105,0.0,0.0,0.192475,0.0,0.0,1e-06,0.078613,0.157803,0.117845,0.181584,0.0,0.471029,0.0,0.0,0.0,0.203404,0.21067,0.0,0.0,0.0,0.0,0.0,0.0,0.0,0.76013,0.165322,0.0,0.0,0.113577,0.0,0.0,0.151002,0.172712,0.199745,0.0,0.000353,0.0,0.468658,0.0,0.0,0.0,2e-06,0.207873,0.0,0.0,0.29471,0.266318,0.0,0.0,0.0,0.345837,0.17605,0.104717,0.143351,0.0,0.095526,0.0,0.133924,0.0,0.0,0.500343,0.301713,0.134685,0.255678,0.0,6e-06,0.0,0.0,7e-06,0.136777,0.354609,0.304712,0.0,1e-06,0.185773,0.0,0.095678,0.155966,0.0,0.195822,0.094301,0.059749,0.0,0.117499,0.071354,0.124564,0.125138,0.127813,0.0,0.0,0.211181,3e-06,0.0,6.9e-05,0.106701,0.167498,0.07095,0.000182,0.17056,0.0,0.109212,0.17294,0.0,0.454453,0.0,2e-06,0.0,0.0,0.004593,0.0,0.0,0.0,0.477899,0.0,0.0,0.180928,0.0,0.0,0.0,0.0,0.000757,0.0,0.744302,0.099781,0.0,0.0,0.0,0.0,0.208077,0.145371,0.186004,2e-06,0.0,0.0,0.0,0.121864,0.0,0.0,0.121901,0.130879,0.277264,0.087506,0.0,0.0005,0.0,2.278914,0.117129,0.0,0.0,0.141299,1.45492,0.0,0.043154,0.0,0.0,0.0,0.0,0.000296,0.055617,0.0,0.875882,0.0,0.0,0.0,0.0,0.0,0.24303,0.178304,0.0,0.154589,0.209107,0.0,0.0,0.109822,0.0,0.309806,0.0025,0.0,0.054364,0.219767,0.213244,0.173762,0.0,0.068804,0.0,0.0,0.0,0.0,0.214207,0.150496,0.0,0.180329,0.157272,0.325311,0.0,0.20619,0.02813,1.103958,0.083115,0.0,0.195754,0.15368,0.0,0.0,0.218214,0.0,0.0,0.006747,0.0,0.0,0.000135,0.225272,0.149065,0.0,0.253025,0.223236,0.103026,0.098199,0.106482,0.0,0.222895,0.0,0.0,0.098904,0.105951,0.18472,0.254718,0.0,0.0,7e-06,0.0,0.198062,0.19311,0.174,0.163998,0.0,0.0,0.0,0.246793,0.0,0.0,0.026026,0.1163,0.0,0.099708,0.092266,0.152334,0.0,0.206983,0.0,0.0,0.003868,0.126159,0.0,0.274439,7e-06,0.0,0.241772,1.8e-05,2e-06,0.0,0.0,0.188118,0.0,0.185366,0.226238,0.465388,0.0,0.0,0.225519,0.120663,0.0,0.088428,0.057918,0.238189,0.347531,0.0,0.0,0.265674,0.182403,0.0,0.0,0.0,0.489704,0.178995,1e-06,0.0,0.0,1e-06,0.0,0.191177,0.216404,0.141573,0.0,0.0,0.0,0.0,0.196154,0.222321,0.0,0.130864,0.0,9e-06,0.0,0.0,0.0,0.0,0.15092,0.0,0.270474,0.0,0.558884,0.0,0.0,0.107622,0.0,0.222877,0.0,0.147693,7e-06,0.0,0.0,0.0,0.271613,0.179167,0.0,0.133611,0.193533,0.10186,0.000325,0.0,0.374303,0.0,0.111331,0.203254,1e-06,0.0,0.0,0.082729,0.092064,0.0,0.0,0.218038,0.0,0.22143,0.125534,0.176271,0.015557,0.0,0.214607,0.0,0.0,0.908953,0.291315,0.080593,0.185298,0.119528,0.187755,0.311773,0.1153,0.261872,0.242104,0.187627,0.106904,0.0,0.0,0.0,0.0,0.0,0.311679,0.209553,0.020615,0.0,0.0,0.0,0.25556,0.64764,0.0,0.270283,0.0,0.286759,0.0,0.221325,0.0,0.747919,0.0,0.0,0.0,0.0,0.0,5e-06,0.158539,0.0,0.0,0.235506,0.0,0.0,0.0,0.0,0.436111,0.042471,0.0,0.0,0.047781,0.0,0.151852,0.084316,0.675717,0.211511,0.0,0.973525,0.207497,0.0,0.0,0.0,0.3685,0.107436,0.0,0.0,0.166193,0.0,0.190408,0.165925,0.0,0.10755,0.166976,0.0,0.0,0.0,1e-06,0.0,0.0,0.234227,0.0,0.0,0.0,0.165341,0.0,0.249033,0.095591,0.212479,0.0,0.0,0.140528,0.085999,0.236417,0.126268,0.0,0.206883,0.0,0.0,0.200018,0.059437,0.133392,0.0
TCGA-21-5784,0.24199,0.0,0.0,0.0,0.0,0.160042,0.114614,0.215268,0.152757,0.184786,0.156988,0.0,0.0,0.0,0.0,0.203756,0.0,0.254882,0.0,0.0,0.127576,0.0,0.0,0.0,0.0,0.0,0.0,0.0,0.0,0.15121,0.0,0.0,0.162054,0.98899,0.137493,0.14544,0.110783,1e-06,0.0,0.0,0.0,0.157466,0.0,0.187275,0.0,0.199467,0.131202,0.0,0.0,0.137411,0.0,0.253383,0.0,1.010545,0.0,0.265809,0.161095,0.0,0.0,0.158997,0.0,0.0,0.0,0.070441,0.179297,0.176689,0.151214,0.0,0.589897,0.0,0.0,0.0,0.282528,0.165595,0.0,0.0,0.0,0.0,0.0,0.0,0.0,0.906454,0.127867,0.0,0.0,0.103591,0.0,0.0,0.137719,0.15794,0.153119,0.0,0.000131,0.0,0.584775,0.0,0.0,0.0,0.0,0.172173,0.0,0.0,0.191438,0.189656,0.0,0.0,0.0,0.428838,0.144935,0.136933,0.123457,0.0,0.139879,0.0,0.184996,0.0,0.0,0.643927,0.216274,0.208246,0.349386,0.0,1.1e-05,0.0,0.0,0.0,0.184747,0.415523,0.206832,0.0,0.0,0.150371,0.0,0.13965,0.231385,0.0,0.27009,0.078612,0.06931,0.0,0.167459,0.088784,0.161934,0.186927,0.184972,0.0,0.0,0.297611,0.0,0.0,1.1e-05,0.155701,0.240599,0.111106,4.2e-05,0.127918,0.0,0.087746,0.129948,0.0,0.587503,0.0,1e-06,0.0,0.0,0.002176,0.0,0.0,0.0,0.613789,0.0,0.0,0.160781,0.0,0.0,0.0,0.0,0.0,0.0,0.8776,0.103179,0.0,0.0,0.0,0.0,0.151032,0.215277,0.155743,0.0,0.0,0.0,0.0,0.18335,0.0,0.0,0.179122,0.121547,0.281286,0.126209,0.0,1e-05,0.0,2.53068,0.123862,0.0,0.0,0.188131,1.610301,0.0,0.043402,0.0,0.0,0.0,0.0,7.9e-05,0.08469,0.0,1.032615,0.0,0.0,0.0,0.0,0.0,0.174506,0.156186,0.0,0.225987,0.312571,0.0,0.0,0.161313,0.0,0.22371,1.3e-05,0.0,0.064739,0.168456,0.161437,0.138633,0.0,0.095658,0.0,0.0,0.0,0.0,0.267878,0.221456,0.0,0.143286,0.134214,0.440041,0.0,0.175471,0.018496,1.249047,0.120354,0.0,0.156823,0.2198,0.0,0.0,0.194313,0.0,0.0,0.000282,0.0,0.0,3.1e-05,0.17505,0.137944,0.0,0.195495,0.177524,0.15105,0.140659,0.102377,0.0,0.150328,0.0,0.0,0.13675,0.150638,0.169612,0.197649,0.0,0.0,0.0,0.0,0.148126,0.173872,0.140728,0.143614,0.0,0.0,0.0,0.171835,0.0,0.0,0.026276,0.155925,0.0,0.136684,0.135585,0.176582,0.0,0.263255,0.0,0.0,0.003962,0.122505,0.0,0.326931,8e-06,0.0,0.311966,0.0,0.0,0.0,0.0,0.15507,0.0,0.145766,0.17749,0.585597,0.0,0.0,0.161212,0.119148,0.0,0.128711,0.068249,0.267443,0.403192,0.0,0.0,0.20113,0.143154,0.0,0.0,0.0,0.616312,0.166274,0.0,0.0,0.0,0.0,0.0,0.140109,0.15591,0.197631,0.0,0.0,0.0,0.0,0.158939,0.166156,0.0,0.188787,0.0,0.0,0.0,0.0,0.0,0.0,0.239948,0.0,0.190017,0.0,0.66608,0.0,0.0,0.165244,0.0,0.176657,0.0,0.229316,2e-06,0.0,0.0,0.0,0.209146,0.144981,0.0,0.119148,0.157974,0.111079,0.000145,0.0,0.457898,0.0,0.169098,0.154327,0.0,0.0,0.0,0.114301,0.126122,0.0,0.0,0.217058,0.0,0.168878,0.182422,0.257984,0.02123,0.0,0.167264,0.0,0.0,1.033815,0.305084,0.06421,0.16942,0.1738,0.15407,0.415025,0.151164,0.350678,0.290945,0.165946,0.141754,0.0,0.0,0.0,0.0,0.0,0.214606,0.187165,0.014768,0.0,0.0,0.0,0.209516,0.822977,0.0,0.369719,0.0,0.291125,0.0,0.163597,0.0,0.884397,0.0,0.0,0.0,0.0,0.0,0.0,0.189165,0.0,0.0,0.198699,0.0,0.0,0.0,0.0,0.520487,0.041458,0.0,0.0,0.069587,0.0,0.211212,0.128349,0.769232,0.168245,0.0,1.145165,0.156274,0.0,0.0,0.0,0.532778,0.152039,0.0,0.0,0.201678,0.0,0.244169,0.131761,0.0,0.153687,0.120918,0.0,0.0,0.0,2.4e-05,0.0,0.0,0.167775,0.0,0.0,0.0,0.242691,0.0,0.146168,0.145708,0.175633,0.0,0.0,0.088561,0.125826,0.222802,0.187934,0.0,0.162644,0.0,0.0,0.155412,0.079667,0.189002,0.0
TCGA-21-A5DI,0.221208,0.0,0.0,0.0,0.0,0.158516,0.108745,0.202392,0.148965,0.178036,0.150989,0.0,0.0,0.0,0.0,0.174611,0.0,0.242198,0.0,0.0,0.122537,0.0,0.0,0.0,0.0,0.0,0.0,0.0,0.0,0.154984,0.0,0.0,0.164359,0.964114,0.121078,0.139176,0.107381,0.0,0.0,0.0,0.0,0.150664,0.0,0.176763,0.0,0.205311,0.114279,0.0,0.0,0.132914,0.0,0.254997,0.0,0.942464,0.0,0.263577,0.156086,0.0,0.0,0.154336,0.0,1e-06,0.0,0.098033,0.205319,0.163479,0.158106,0.0,0.584854,0.0,0.0,0.0,0.289516,0.172413,0.0,0.0,0.0,0.0,0.0,0.0,0.0,0.867574,0.132096,0.0,0.0,0.121271,0.0,0.0,0.148207,0.156201,0.154684,0.0,0.00031,0.0,0.576225,0.0,0.0,0.0,0.0,0.178882,0.0,0.0,0.187964,0.17523,0.0,0.0,0.0,0.420669,0.145395,0.119795,0.137191,0.0,0.126158,0.0,0.184801,0.0,0.0,0.639507,0.211727,0.196294,0.344779,0.0,4e-06,0.0,0.0,2e-06,0.163648,0.404995,0.188778,0.0,0.0,0.148885,0.0,0.139017,0.236048,0.0,0.270367,0.058457,0.078878,0.0,0.17114,0.114842,0.139488,0.18661,0.176604,0.0,0.0,0.302892,0.0,0.0,6.3e-05,0.14902,0.234705,0.105043,1.8e-05,0.117951,0.0,0.09022,0.126135,0.0,0.562704,0.0,0.0,0.0,0.0,0.004568,0.0,0.0,0.0,0.60656,0.0,0.0,0.146603,0.0,0.0,0.0,0.0,0.0,0.0,0.852328,0.119954,0.0,0.0,0.0,0.0,0.139518,0.225266,0.144721,0.0,0.0,0.0,0.0,0.165407,0.0,0.0,0.168616,0.125453,0.27141,0.126275,0.0,0.001,0.0,2.455121,0.139964,0.0,0.0,0.166013,1.54366,0.0,0.046811,0.0,0.0,0.0,0.0,6e-05,0.108698,0.0,1.013457,0.0,0.0,0.0,0.0,0.0,0.152624,0.14737,0.0,0.236267,0.315107,0.0,0.0,0.17151,0.0,0.203011,0.000401,0.0,0.095679,0.172141,0.177549,0.148129,0.0,0.098456,0.0,0.0,0.0,0.0,0.26129,0.231002,0.0,0.13803,0.13725,0.445612,0.0,0.156256,0.017981,1.200464,0.107297,0.0,0.149919,0.213103,0.0,0.0,0.192066,0.0,0.0,0.0,0.0,0.0,7e-06,0.170408,0.130801,0.0,0.181437,0.172929,0.139689,0.133495,0.092094,0.0,0.14487,0.0,0.0,0.134623,0.149102,0.173324,0.167911,0.0,0.0,1e-06,0.0,0.14369,0.173326,0.148211,0.144638,0.0,0.0,0.0,0.172857,0.0,0.0,0.055392,0.151972,0.0,0.131971,0.136189,0.166491,0.0,0.235466,0.0,0.0,0.00447,0.118422,0.0,0.320961,0.0,0.0,0.295252,0.0,1e-06,0.0,0.0,0.144891,0.0,0.145215,0.171168,0.570825,0.0,0.0,0.165296,0.129888,0.0,0.122614,0.080189,0.284763,0.378827,0.0,0.0,0.19106,0.146222,0.0,0.0,0.0,0.61298,0.149676,0.0,0.0,0.0,0.0,0.0,0.149289,0.158191,0.193167,0.0,0.0,0.0,0.0,0.163577,0.168378,0.0,0.179132,0.0,0.0,0.0,0.0,0.0,0.0,0.243241,0.0,0.18302,0.0,0.643854,0.0,0.0,0.165194,0.0,0.181516,0.0,0.240821,2e-06,0.0,0.0,0.0,0.202502,0.146895,0.0,0.134706,0.151894,0.112258,0.000206,0.0,0.43981,0.0,0.162824,0.160856,0.0,0.0,0.0,0.122311,0.129557,0.0,0.0,0.226424,0.0,0.161847,0.17216,0.257147,0.033057,0.0,0.156149,0.0,0.0,0.993652,0.28698,0.039352,0.159622,0.163567,0.153634,0.387946,0.151873,0.345752,0.303248,0.17272,0.136491,0.0,0.0,0.0,0.0,0.0,0.191989,0.201331,0.020685,3.5e-05,0.0,0.0,0.187088,0.806968,0.0,0.384162,0.0,0.287115,0.0,0.157624,0.0,0.881838,0.0,0.0,0.0,0.0,0.0,2.9e-05,0.171598,0.0,0.0,0.196145,0.0,0.0,0.0,0.0,0.509111,0.046665,0.0,0.0,0.073438,0.0,0.194963,0.127228,0.706746,0.162554,0.0,1.117879,0.155723,0.0,0.0,0.0,0.527859,0.150624,0.0,0.0,0.21704,0.0,0.232847,0.14481,0.0,0.13699,0.132447,0.0,0.0,0.0,2e-06,0.0,0.0,0.151425,0.0,0.0,0.0,0.239179,0.0,0.145743,0.133825,0.173558,0.0,0.0,0.097411,0.121663,0.221854,0.189577,0.0,0.161913,0.0,0.0,0.144921,0.076627,0.180172,0.0
TCGA-22-0940,0.357167,0.0,0.0,0.0,0.0,0.219931,0.052146,0.318007,0.085534,0.284052,0.225452,0.0,0.0,0.0,0.0,0.301698,0.0,0.22112,0.0,0.0,0.063592,0.0,0.0,0.0,0.0,0.0,0.0,0.0,0.0,0.22507,0.0,0.0,0.241879,0.750755,0.134969,0.076572,0.054699,1e-06,0.0,0.0,0.0,0.07763,0.0,0.259396,0.0,0.104653,0.09237,0.0,0.0,0.066438,0.0,0.243998,0.0,0.853588,0.0,0.135312,0.219164,0.0,0.0,0.207021,0.0,0.0,0.0,0.132821,0.21396,0.075848,0.215542,1e-06,0.438618,0.0,0.0,0.0,0.188188,0.232968,0.0,0.0,0.0,0.0,0.0,0.0,0.0,0.702098,0.186741,0.0,0.0,0.147546,0.0,0.0,0.188058,0.191884,0.206044,0.0,8.3e-05,0.0,0.425218,0.0,0.0,0.0,0.0,0.212337,0.0,0.0,0.308639,0.28973,0.0,0.0,0.0,0.351966,0.235585,0.06874,0.160532,0.0,0.069129,0.0,0.090918,0.0,0.0,0.495442,0.318772,0.118983,0.205782,0.0,0.0,0.0,0.0,0.0,0.105947,0.328985,0.320549,1e-06,3e-06,0.223761,0.0,0.065532,0.110794,0.0,0.167004,0.057605,0.090435,0.0,0.089041,0.09594,0.097875,0.094107,0.08968,0.0,0.0,0.187716,0.0,0.0,6.1e-05,0.083165,0.132291,0.048117,4.3e-05,0.179456,0.0,0.123818,0.190634,0.0,0.425136,0.0,0.0,0.0,0.0,0.001654,0.0,0.0,0.0,0.427469,0.0,0.0,0.181504,0.0,0.0,0.0,0.0,0.0,0.0,0.685206,0.140189,0.0,0.0,0.0,0.0,0.206896,0.103522,0.218366,0.0,0.0,0.0,0.0,0.090212,0.0,0.0,0.089231,0.17532,0.261438,0.075844,0.0,0.000481,0.0,2.18526,0.157904,0.0,0.0,0.119748,1.358729,0.0,0.02007,0.0,0.0,0.0,0.0,8e-05,0.041386,0.0,0.808766,0.0,0.0,0.0,0.0,1e-06,0.236521,0.199501,0.0,0.116636,0.160622,0.0,0.0,0.073901,0.0,0.296717,0.002001,0.0,0.098139,0.24614,0.233661,0.210299,0.0,0.048722,0.0,0.0,0.0,0.0,0.180975,0.13539,0.0,0.192588,0.187963,0.286884,0.0,0.215143,0.02965,1.000336,0.055983,0.0,0.194985,0.113164,0.0,0.0,0.247779,0.0,0.0,0.000535,0.0,0.0,3.6e-05,0.267133,0.174764,0.0,0.26299,0.261681,0.075484,0.0687,0.079858,0.0,0.240614,0.0,0.0,0.069858,0.077638,0.216182,0.243033,0.0,0.0,2e-05,0.0,0.205382,0.22273,0.192591,0.182049,0.0,0.0,0.0,0.254509,0.0,0.0,0.026426,0.07864,0.0,0.060927,0.071126,0.139755,0.0,0.18387,0.0,0.0,0.005451,0.129118,0.0,0.232916,6e-06,0.0,0.199622,0.0,4e-06,0.0,0.0,0.185753,0.0,0.19966,0.238097,0.423325,0.0,0.0,0.231881,0.136468,0.0,0.073701,0.035903,0.315784,0.28723,0.0,0.0,0.300766,0.203183,0.0,0.0,0.0,0.4763,0.179311,0.0,0.0,0.0,0.0,0.0,0.210571,0.219605,0.104815,0.0,0.0,0.0,0.0,0.224497,0.24412,0.0,0.09959,0.0,0.0,0.0,0.0,0.0,0.0,0.131062,0.0,0.276381,0.0,0.527137,0.0,0.0,0.080819,0.0,0.243666,1e-06,0.115878,1.2e-05,0.0,0.0,0.0,0.30141,0.212064,0.0,0.161201,0.219355,0.067446,9.6e-05,0.0,0.326922,0.0,0.083958,0.238398,0.0,0.0,0.0,0.061807,0.070779,0.0,0.0,0.2506,0.0,0.238944,0.094431,0.132696,0.012104,0.0,0.235001,0.0,0.0,0.816424,0.30805,0.026193,0.212731,0.082073,0.222508,0.255216,0.076965,0.261625,0.280505,0.220918,0.07806,0.0,4e-06,0.0,0.0,0.0,0.323464,0.242168,0.00961,2e-06,0.0,0.0,0.240813,0.607393,0.0,0.221866,0.0,0.282814,0.0,0.227228,0.0,0.693854,0.0,0.0,0.0,0.0,0.0,0.0,0.115941,0.0,0.0,0.219229,0.0,0.0,0.0,0.0,0.418059,0.023451,0.0,0.0,0.033208,0.0,0.103167,0.070561,0.593776,0.222671,0.0,0.905325,0.218802,0.0,0.0,0.0,0.303169,0.078741,0.0,0.0,0.186096,0.0,0.169488,0.183905,0.0,0.070869,0.191948,0.0,0.0,0.0,9e-06,0.0,1e-06,0.251324,0.0,0.0,0.0,0.135751,0.0,0.242213,0.071805,0.225339,0.0,0.0,0.112342,0.066905,0.252275,0.098577,0.0,0.199766,0.0,0.0,0.231921,0.042465,0.093177,0.0
TCGA-22-1012,0.381572,0.0,0.0,0.0,0.0,0.226653,0.049293,0.339726,0.072679,0.303549,0.241507,0.0,0.0,0.0,0.0,0.323183,0.0,0.217578,0.0,0.0,0.055183,0.0,0.0,0.0,0.0,0.0,0.0,0.0,0.0,0.234804,0.0,0.0,0.252882,0.717432,0.146694,0.0639,0.047965,1e-06,0.0,0.0,0.0,0.069738,0.0,0.275233,0.0,0.096495,0.100525,0.0,0.0,0.055322,0.0,0.248455,0.0,0.848422,0.0,0.121307,0.23124,0.0,0.0,0.219662,0.0,1e-06,0.0,0.127613,0.207052,0.070291,0.221403,0.0,0.409227,0.0,0.0,0.0,0.167679,0.246829,0.0,0.0,0.0,0.0,0.0,0.0,0.0,0.676737,0.194548,0.0,0.0,0.148297,0.0,0.0,0.196162,0.199661,0.216552,0.0,6.7e-05,0.0,0.399028,0.0,0.0,0.0,0.0,0.220447,0.0,0.0,0.331761,0.311046,0.0,0.0,0.0,0.336383,0.238072,0.060559,0.160691,0.0,0.059632,0.0,0.078057,1e-06,0.0,0.461958,0.341814,0.109236,0.188019,0.0,4e-06,0.0,0.0,0.0,0.099163,0.314746,0.344815,1e-06,1e-06,0.235976,0.0,0.0588,0.099803,0.0,0.14894,0.065656,0.087601,0.0,0.079417,0.09343,0.092203,0.083902,0.078129,0.0,0.0,0.173785,0.0,0.0,2.3e-05,0.073573,0.117454,0.044249,5e-05,0.189759,0.0,0.129829,0.201006,0.0,0.393965,0.0,0.0,7e-06,0.0,0.001097,0.0,0.0,0.0,0.399101,0.0,0.0,0.18765,0.0,0.0,0.0,0.0,1.4e-05,0.0,0.654376,0.1418,0.0,0.0,0.0,0.0,0.22398,0.093688,0.226201,0.0,0.0,0.0,0.0,0.081609,0.0,0.0,0.077792,0.176385,0.259076,0.060091,0.0,0.000109,0.0,2.13942,0.152145,0.0,0.0,0.11081,1.338858,0.0,0.015883,0.0,0.0,0.0,0.0,9.5e-05,0.039835,0.0,0.778778,0.0,0.0,0.0,0.0,4e-06,0.256767,0.2074,0.0,0.109444,0.139728,0.0,0.0,0.064742,0.0,0.322901,0.002505,0.0,0.093733,0.264762,0.245757,0.22177,0.0,0.039873,0.0,0.0,0.0,0.0,0.169193,0.124578,0.0,0.202976,0.194406,0.265916,0.0,0.225091,0.038132,0.976203,0.048961,0.0,0.20954,0.099295,0.0,0.0,0.252814,0.0,0.0,0.002964,0.0,0.0,4.5e-05,0.278559,0.176824,0.0,0.28495,0.277475,0.068879,0.059966,0.077289,0.0,0.256788,0.0,0.0,0.065224,0.067801,0.225758,0.265676,0.0,0.0,1e-06,0.0,0.216465,0.230993,0.201598,0.193778,0.0,0.0,0.0,0.275367,0.0,0.0,0.032007,0.06739,0.0,0.055528,0.064333,0.139098,0.0,0.170096,0.0,0.0,0.002017,0.132921,0.0,0.225514,2e-05,0.0,0.181449,0.0,2e-06,0.0,0.0,0.191985,0.0,0.214629,0.252012,0.397517,0.0,0.0,0.246146,0.138262,0.0,0.065708,0.031557,0.295953,0.271085,0.0,0.0,0.315856,0.213305,0.0,0.0,0.0,0.445992,0.193267,0.0,0.0,0.0,0.0,0.0,0.21742,0.231735,0.091452,0.0,0.0,0.0,0.0,0.233072,0.255329,0.0,0.085782,0.0,0.0,0.0,0.0,0.0,0.0,0.11457,0.0,0.297648,0.0,0.505969,0.0,0.0,0.072373,0.0,0.25256,0.0,0.101196,3e-06,0.0,0.0,0.0,0.31938,0.221032,0.0,0.163441,0.231904,0.055136,8.1e-05,0.0,0.305599,0.0,0.075847,0.2528,0.0,0.0,0.0,0.050282,0.061549,0.0,0.0,0.258481,0.0,0.252753,0.086189,0.114817,0.010715,0.0,0.247495,0.0,0.0,0.795759,0.308007,0.031656,0.221721,0.07481,0.232312,0.238254,0.066221,0.24061,0.269339,0.234988,0.070635,0.0,0.0,0.0,0.0,0.0,0.349962,0.247805,0.006086,1e-06,0.0,0.0,0.260268,0.573796,0.0,0.200088,0.0,0.286376,0.0,0.244316,0.0,0.657715,0.0,0.0,0.0,0.0,0.0,2e-06,0.106094,0.0,0.0,0.231404,0.0,0.0,0.0,0.0,0.407443,0.019974,0.0,0.0,0.028973,0.0,0.092885,0.063208,0.580364,0.240867,0.0,0.86864,0.232832,0.0,0.0,0.0,0.271257,0.070257,0.0,0.0,0.179434,0.0,0.159233,0.189854,0.0,0.065849,0.199769,0.0,0.0,0.0,3.2e-05,0.0,0.0,0.268088,0.0,0.0,0.0,0.119172,0.0,0.255933,0.061224,0.238556,0.0,0.0,0.123199,0.059237,0.258208,0.091395,0.0,0.219473,0.0,0.0,0.243886,0.034956,0.087105,0.0
TCGA-22-1016,0.258745,0.0,0.0,0.0,0.0,0.1801,0.079268,0.229162,0.125127,0.213813,0.174106,0.0,0.0,0.0,0.0,0.21939,0.0,0.21036,0.0,0.0,0.095638,0.0,0.0,0.0,0.0,0.0,0.0,0.0,0.0,0.17503,0.0,0.0,0.194836,0.83518,0.110321,0.117009,0.086229,1e-06,0.0,0.0,0.0,0.121554,0.0,0.19487,0.0,0.149374,0.069454,0.0,0.0,0.099362,0.0,0.229446,0.0,0.857035,0.0,0.202657,0.170066,0.0,3e-06,0.162636,0.0,2e-06,0.0,0.10985,0.209055,0.114018,0.168311,0.0,0.505063,0.0,0.0,0.0,0.256485,0.175467,0.0,0.0,0.0,0.0,0.0,0.0,0.0,0.763871,0.145549,0.0,0.0,0.127946,0.0,0.0,0.151464,0.157228,0.162199,0.0,0.000137,0.0,0.500577,0.0,0.0,0.0,0.0,0.167133,1e-06,0.0,0.229833,0.213459,0.0,0.0,0.0,0.379714,0.19238,0.096732,0.138701,0.0,0.103789,0.0,0.133791,0.0,0.0,0.578542,0.23803,0.163772,0.27728,0.0,2e-06,0.0,0.0,0.0,0.138636,0.356772,0.226042,1e-06,1e-06,0.178635,0.0,0.102062,0.166234,0.0,0.220686,0.042264,0.081963,0.0,0.130338,0.090309,0.119907,0.138925,0.134956,0.0,0.0,0.256398,0.0,0.0,4.3e-05,0.124713,0.192992,0.077547,8.8e-05,0.136934,0.0,0.099299,0.143295,0.0,0.497626,0.0,0.0,0.0,0.0,0.002267,0.0,0.0,0.0,0.500569,0.0,0.0,0.139734,0.0,0.0,0.0,0.0,0.0,0.0,0.75156,0.12123,0.0,0.0,0.0,0.0,0.159323,0.147918,0.174647,0.0,0.0,0.0,0.0,0.128317,0.0,0.0,0.130522,0.148591,0.244486,0.106276,0.0,0.000123,0.0,2.256762,0.142813,0.0,0.0,0.144659,1.400686,0.0,0.032723,0.0,0.0,0.0,0.0,0.00017,0.052646,0.0,0.887031,0.0,0.0,0.0,0.0,0.0,0.166601,0.159032,0.0,0.173353,0.226778,0.0,0.0,0.108514,0.0,0.212545,0.000977,0.0,0.095642,0.189745,0.179745,0.161297,0.0,0.08097,0.0,0.0,0.0,0.0,0.216955,0.185658,0.0,0.148794,0.147817,0.371497,0.0,0.167143,0.016153,1.068233,0.07974,0.0,0.154178,0.16874,0.0,0.0,0.206421,0.0,0.0,2e-06,1.5e-05,0.0,7.5e-05,0.20333,0.139076,0.0,0.189945,0.200682,0.117615,0.10295,0.067008,0.0,0.181404,0.0,0.0,0.108726,0.115426,0.176701,0.177201,0.0,0.0,1.2e-05,0.0,0.152958,0.180128,0.154807,0.152415,0.0,0.0,0.0,0.197343,0.0,0.0,0.038089,0.117057,0.0,0.095406,0.109068,0.134975,0.0,0.198806,0.0,0.0,0.006393,0.10906,0.0,0.252348,5.9e-05,0.0,0.244641,0.0,1e-06,0.0,0.0,0.1447,0.0,0.15727,0.180404,0.484627,0.0,0.0,0.17439,0.11947,0.0,0.104699,0.062135,0.317549,0.332566,0.0,0.0,0.230053,0.153549,0.0,0.0,0.0,0.549364,0.140165,0.0,0.0,0.0,0.0,0.0,0.167628,0.164887,0.154879,0.0,0.0,0.0,0.0,0.179608,0.195044,0.0,0.141684,0.0,0.0,0.0,0.0,0.0,0.0,0.191339,0.0,0.209498,0.0,0.558739,0.0,0.0,0.117333,0.0,0.189835,0.0,0.171965,1e-06,0.0,0.0,0.0,0.226141,0.165766,0.0,0.138965,0.16695,0.098636,0.000176,0.0,0.383151,0.0,0.12681,0.185387,0.0,0.0,0.0,0.096903,0.106336,0.0,0.0,0.21827,0.0,0.180977,0.136234,0.19123,0.015022,0.0,0.177586,0.0,0.0,0.877856,0.292169,0.026741,0.169136,0.120517,0.17145,0.322385,0.117489,0.324696,0.293733,0.17774,0.120124,0.0,1e-06,0.0,0.0,0.0,0.232177,0.20673,0.016012,0.0,0.0,0.0,0.185089,0.704222,0.0,0.303334,0.0,0.261556,0.0,0.170424,0.0,0.775215,0.0,0.0,0.0,0.0,0.0,4e-06,0.142061,0.0,0.0,0.176211,0.0,0.0,0.0,0.0,0.443396,0.037723,0.0,0.0,0.047878,0.0,0.144952,0.108834,0.627374,0.167599,0.0,0.987734,0.170013,0.0,0.0,0.0,0.402267,0.11884,0.0,0.0,0.196417,0.0,0.208194,0.14736,0.0,0.109426,0.152876,0.0,0.0,0.0,2.7e-05,0.0,0.0,0.181686,0.0,3e-06,0.0,0.193008,0.0,0.175119,0.108243,0.177393,0.0,0.0,0.085456,0.104538,0.225334,0.148563,0.0,0.158647,0.0,0.0,0.178009,0.064258,0.136015,0.0
TCGA-22-4595,0.250305,0.0,0.0,0.0,0.0,0.193613,0.076464,0.233791,0.115503,0.213173,0.175681,0.0,0.0,0.0,0.0,0.204411,0.0,0.211863,0.0,0.0,0.089104,0.0,0.0,0.0,0.0,0.0,0.0,0.0,0.0,0.176497,0.0,0.0,0.18948,0.825202,0.098329,0.101084,0.078453,0.0,0.0,0.0,0.0,0.107539,0.0,0.18888,0.0,0.15595,0.063445,0.0,0.0,0.097449,0.0,0.227342,0.0,0.82315,0.0,0.197006,0.174205,0.0,0.0,0.165002,0.0,1.7e-05,2e-06,0.110945,0.221723,0.109414,0.179828,0.0,0.508037,0.0,0.0,0.0,0.232513,0.175964,0.0,0.0,0.0,0.0,0.0,0.0,0.0,0.753584,0.14928,0.0,0.0,0.145862,0.0,0.0,0.169197,0.165758,0.165958,0.0,2e-06,0.0,0.485806,0.0,0.0,0.0,0.0,0.186804,0.0,0.0,0.204644,0.209413,0.0,0.0,0.0,0.385097,0.194479,0.084091,0.131271,0.0,0.094478,0.0,0.123916,0.0,0.0,0.584436,0.235628,0.161116,0.272279,0.0,1.2e-05,0.0,0.0,1e-06,0.129607,0.35532,0.217327,0.0,0.0,0.188598,0.0,0.094609,0.152265,0.0,0.21475,0.0284,0.089024,0.0,0.11791,0.111021,0.105564,0.136518,0.114024,0.0,0.0,0.251899,0.0,0.0,3.1e-05,0.118709,0.194769,0.069421,3.9e-05,0.134713,0.0,0.100426,0.146571,0.0,0.473623,0.0,1e-06,0.0,0.0,0.000606,0.0,0.0,0.0,0.50041,0.0,1e-06,0.136788,0.0,0.0,0.0,0.0,0.0,0.0,0.739878,0.147136,0.0,0.0,0.0,0.0,0.163687,0.149309,0.180289,0.0,0.0,0.0,0.0,0.116913,0.0,0.0,0.122242,0.161077,0.226761,0.08561,0.0,0.000313,0.0,2.227842,0.15265,0.0,0.0,0.132565,1.376372,0.0,0.031766,0.0,0.0,0.0,0.0,0.000104,0.066677,0.0,0.876715,0.0,0.0,0.0,0.0,0.0,0.168189,0.162521,1e-06,0.179456,0.22313,0.0,0.0,0.102391,0.0,0.212297,0.001882,0.0,0.109525,0.20416,0.182524,0.169152,0.0,0.065165,0.0,0.0,0.0,0.0,0.191094,0.184075,0.0,0.157336,0.146166,0.364997,0.0,0.171839,0.025486,1.041046,0.060649,0.0,0.160221,0.15294,0.0,0.0,0.212812,0.0,0.0,0.00018,0.0,0.0,3.5e-05,0.195191,0.14067,0.0,0.19754,0.191646,0.114988,0.085681,0.057306,0.0,0.174404,0.0,0.0,0.099463,0.101954,0.188985,0.180254,0.0,0.0,6e-06,0.0,0.160886,0.193931,0.164835,0.159101,0.0,0.0,0.0,0.202015,0.0,0.0,0.065829,0.102215,0.0,0.085455,0.100922,0.130372,0.0,0.185148,0.0,0.0,0.004224,0.115787,0.0,0.253131,1e-06,0.0,0.234307,0.0,4e-06,0.0,0.0,0.1505,0.0,0.158875,0.181629,0.481681,0.0,0.0,0.176796,0.123086,0.0,0.095448,0.050439,0.304067,0.312694,0.0,0.0,0.219902,0.157394,0.0,0.0,0.0,0.541081,0.148576,0.0,0.0,0.0,0.0,0.0,0.171458,0.167178,0.143087,0.0,0.0,0.0,0.0,0.178574,0.194607,0.0,0.140663,0.0,0.0,0.0,0.0,0.0,0.0,0.184717,0.0,0.202729,0.0,0.553279,0.0,0.0,0.113868,0.0,0.198583,0.0,0.155676,1.2e-05,0.0,0.0,0.0,0.217154,0.178921,0.0,0.153247,0.173743,0.074869,9.5e-05,0.0,0.36492,0.0,0.114546,0.182481,0.0,0.0,0.0,0.085511,0.098158,0.0,0.0,0.237242,0.0,0.183285,0.135222,0.182532,0.022028,0.0,0.186611,0.0,0.0,0.855772,0.286454,0.014074,0.168062,0.118478,0.175645,0.317123,0.110035,0.319165,0.309972,0.194302,0.101839,0.0,1e-06,0.0,0.0,0.0,0.224581,0.214453,0.00413,0.0,0.0,0.0,0.172121,0.701576,0.0,0.30099,0.0,0.267587,0.0,0.169196,0.0,0.755448,0.0,0.0,0.0,0.0,0.0,0.000807,0.132924,0.0,0.0,0.167584,0.0,0.0,0.0,0.0,0.443034,0.030154,0.0,0.0,0.035985,0.0,0.135277,0.096449,0.602563,0.160044,0.0,0.971206,0.163717,0.0,0.0,0.0,0.394255,0.106062,0.0,0.0,0.197967,0.0,0.19009,0.156053,0.0,0.11522,0.150191,0.0,0.0,0.0,4e-05,0.0,0.0,0.17062,0.0,0.0,0.0,0.194435,0.0,0.161046,0.091311,0.187112,0.0,0.0,0.071134,0.095095,0.224056,0.144581,0.0,0.166561,0.0,0.0,0.171296,0.053251,0.122683,0.0
TCGA-22-4613,0.371064,0.0,0.0,0.0,0.0,0.224351,0.039735,0.326646,0.06364,0.299148,0.235928,0.0,0.0,0.0,0.0,0.320523,0.0,0.204309,0.0,0.0,0.048678,0.0,0.0,0.0,0.0,0.0,0.0,0.0,0.0,0.231095,0.0,0.0,0.24857,0.702703,0.135992,0.060434,0.04243,0.0,0.0,0.0,0.0,0.06368,0.0,0.271397,0.0,0.077299,0.088777,0.0,0.0,0.049003,0.0,0.246574,0.0,0.823054,0.0,0.105852,0.220784,0.0,0.0,0.209335,0.0,0.0,0.0,0.13358,0.219476,0.060932,0.21532,0.0,0.397995,0.0,0.0,0.0,0.168224,0.240227,0.0,0.0,0.0,0.0,0.0,0.0,0.0,0.656364,0.194935,0.0,0.0,0.152488,0.0,0.0,0.185866,0.19271,0.215761,0.0,6.7e-05,0.0,0.390426,0.0,0.0,0.0,0.0,0.217678,0.0,0.0,0.327565,0.302118,0.0,0.0,0.0,0.327186,0.247632,0.057271,0.166372,0.0,0.053415,0.0,0.071439,0.0,0.0,0.460263,0.335418,0.094633,0.179572,0.0,0.0,0.0,0.0,0.0,0.089996,0.298682,0.33712,0.0,0.0,0.236662,0.0,0.050538,0.084361,0.0,0.136887,0.055653,0.092771,0.0,0.068833,0.085623,0.082468,0.073281,0.069025,0.0,0.0,0.163073,0.0,0.0,1.3e-05,0.066173,0.105865,0.038281,4.1e-05,0.188446,0.0,0.1323,0.20458,0.0,0.389084,0.0,0.0,0.0,0.0,0.001395,0.0,0.0,0.0,0.386156,0.0,0.0,0.179781,0.0,0.0,0.0,0.0,0.0,0.0,0.636072,0.143622,0.0,0.0,0.0,0.0,0.217585,0.074692,0.226941,0.0,0.0,0.0,0.0,0.072525,0.0,0.0,0.068933,0.179787,0.248619,0.057991,0.0,5e-06,0.0,2.106003,0.161007,0.0,0.0,0.101596,1.299364,0.0,0.01524,0.0,0.0,0.0,0.0,8.2e-05,0.029437,0.0,0.760774,0.0,0.0,0.0,0.0,0.0,0.247328,0.205826,0.0,0.093496,0.119789,0.0,0.0,0.053851,0.0,0.308823,0.00122,0.0,0.104807,0.256169,0.24891,0.21844,0.0,0.036205,0.0,0.0,0.0,0.0,0.16115,0.111883,0.0,0.205855,0.192403,0.258815,0.0,0.221532,0.033444,0.952631,0.04112,0.0,0.203812,0.092041,0.0,0.0,0.253424,0.0,0.0,0.000333,0.0,0.0,3e-05,0.27429,0.174207,0.0,0.270066,0.270446,0.059276,0.051257,0.073823,0.0,0.254987,0.0,0.0,0.056993,0.059475,0.214061,0.256319,0.0,0.0,1e-06,0.0,0.215255,0.228652,0.199064,0.181492,0.0,0.0,0.0,0.273532,0.0,0.0,0.032452,0.062743,0.0,0.046719,0.055959,0.132056,0.0,0.163172,0.0,0.0,0.002001,0.129402,0.0,0.205177,0.0,0.0,0.17645,0.0,0.0,0.0,0.0,0.187587,0.0,0.207176,0.245,0.386331,0.0,0.0,0.24639,0.143673,0.0,0.060919,0.029295,0.318067,0.263734,0.0,0.0,0.30869,0.211452,0.0,0.0,0.0,0.437601,0.187113,0.0,0.0,0.0,1e-06,0.0,0.22277,0.225728,0.084489,0.0,0.0,0.0,0.0,0.23131,0.249772,0.0,0.077319,0.0,0.0,0.0,0.0,0.0,0.0,0.100898,0.0,0.286688,0.0,0.487568,0.0,0.0,0.057867,0.0,0.249562,0.0,0.084779,0.0,0.0,0.0,0.0,0.311331,0.221985,0.0,0.171453,0.226291,0.062181,1e-04,0.0,0.303771,0.0,0.061375,0.254102,0.0,0.0,0.0,0.048794,0.052273,0.0,0.0,0.25256,0.0,0.24779,0.075712,0.102711,0.007591,0.0,0.246829,0.0,0.0,0.770572,0.305365,0.023568,0.220044,0.062822,0.228572,0.228347,0.059552,0.240185,0.275388,0.23172,0.064978,0.0,0.0,0.0,0.0,0.0,0.341512,0.243203,0.006633,0.0,0.0,0.0,0.251703,0.565738,0.0,0.187852,0.0,0.275304,0.0,0.236247,0.0,0.657951,0.0,0.0,0.0,0.0,0.0,3e-06,0.105026,0.0,0.0,0.230138,0.0,0.0,0.0,0.0,0.39096,0.018276,0.0,0.0,0.0237,0.0,0.08012,0.054931,0.553008,0.236641,0.0,0.852728,0.229538,0.0,0.0,0.0,0.254488,0.062594,0.0,0.0,0.183243,0.0,0.156283,0.192634,0.0,0.055107,0.210944,0.0,0.0,0.0,3e-06,0.0,0.0,0.26324,0.0,0.0,0.0,0.11198,0.0,0.260424,0.055902,0.239784,0.0,0.0,0.125279,0.054849,0.260834,0.077095,0.0,0.205501,0.0,0.0,0.241447,0.034779,0.076513,0.0
TCGA-22-5474,0.337693,0.0,0.0,0.0,0.0,0.20664,0.052063,0.291863,0.08139,0.272419,0.217398,0.0,0.0,0.0,0.0,0.286018,0.0,0.21294,0.0,0.0,0.060047,0.0,0.0,0.0,0.0,0.0,0.0,0.0,0.0,0.208219,0.0,0.0,0.236525,0.761551,0.135376,0.078004,0.055753,1e-06,0.0,0.0,0.0,0.083777,0.0,0.249998,0.0,0.100204,0.094426,0.0,0.0,0.060351,0.0,0.246541,0.0,0.850211,0.0,0.134144,0.207225,0.0,0.0,0.199213,0.0,0.0,0.0,0.120352,0.209297,0.080831,0.196785,0.0,0.438681,0.0,0.0,0.0,0.201086,0.217668,0.0,0.0,0.0,0.0,0.0,0.0,0.0,0.700139,0.175135,0.0,0.0,0.138912,0.0,0.0,0.170744,0.177184,0.192944,0.0,0.000113,0.0,0.437225,0.0,0.0,0.0,0.0,0.200624,0.0,0.0,0.297447,0.273509,0.0,0.0,0.0,0.343311,0.21938,0.073352,0.156291,0.0,0.065032,0.0,0.093607,0.0,0.0,0.495102,0.303322,0.120805,0.212982,0.0,0.0,0.0,0.0,0.0,0.113731,0.330428,0.294998,0.0,2e-06,0.210699,0.0,0.067295,0.110226,0.0,0.167988,0.058562,0.074983,0.0,0.08852,0.081936,0.099319,0.090206,0.091174,0.0,0.0,0.197594,0.0,0.0,2.3e-05,0.081942,0.130006,0.051246,0.000105,0.172419,0.0,0.11984,0.18175,0.0,0.434609,0.0,0.0,0.0,0.0,0.001884,0.0,0.0,0.0,0.435972,0.0,0.0,0.172116,0.0,0.0,0.0,0.0,0.0,0.0,0.681004,0.129927,0.0,0.0,0.0,0.0,0.199251,0.102769,0.204812,0.0,0.0,0.0,0.0,0.090942,0.0,0.0,0.08725,0.164578,0.258271,0.072094,0.0,1.5e-05,0.0,2.178046,0.152096,0.0,0.0,0.122004,1.35618,0.0,0.018001,0.0,0.0,0.0,0.0,0.00019,0.045715,0.0,0.815535,0.0,0.0,0.0,0.0,0.0,0.215573,0.188354,0.0,0.11646,0.150801,0.0,0.0,0.077644,0.0,0.280625,0.000293,0.0,0.088873,0.234934,0.22287,0.196805,0.0,0.047629,0.0,0.0,0.0,0.0,0.19005,0.13752,0.0,0.185267,0.17652,0.30498,0.0,0.2018,0.021354,1.004683,0.058648,0.0,0.193481,0.117492,0.0,0.0,0.233847,0.0,0.0,0.000587,0.0,0.0,9e-05,0.247914,0.162839,0.0,0.243879,0.249113,0.075555,0.069598,0.074546,0.0,0.237366,0.0,0.0,0.073608,0.077602,0.19777,0.230808,0.0,0.0,7e-06,0.0,0.186616,0.210526,0.182875,0.17497,0.0,0.0,0.0,0.244537,0.0,0.0,0.028747,0.079506,0.0,0.061483,0.074459,0.139632,0.0,0.18688,0.0,0.0,0.001783,0.128657,0.0,0.236669,0.0,0.0,0.208734,0.0,0.0,0.0,0.0,0.169328,0.0,0.194983,0.22478,0.424212,0.0,0.0,0.216762,0.134526,0.0,0.073448,0.041332,0.305883,0.297292,0.0,0.0,0.288022,0.190753,0.0,0.0,0.0,0.481988,0.172093,0.0,0.0,0.0,0.0,0.0,0.19984,0.21019,0.105068,0.0,0.0,0.0,0.0,0.218021,0.233774,0.0,0.097998,0.0,0.0,0.0,0.0,0.0,0.0,0.124597,0.0,0.266098,0.0,0.528582,0.0,0.0,0.076869,0.0,0.225649,0.0,0.11659,2e-06,0.0,0.0,0.0,0.285586,0.197857,0.0,0.156459,0.20427,0.070503,0.000175,0.0,0.335417,0.0,0.086388,0.231538,0.0,0.0,0.0,0.059599,0.071003,0.0,0.0,0.236637,0.0,0.220686,0.095858,0.127526,0.009113,0.0,0.218792,0.0,0.0,0.824107,0.301462,0.027757,0.201316,0.084075,0.213075,0.267068,0.074484,0.266235,0.272044,0.210742,0.086389,0.0,0.0,0.0,0.0,0.0,0.306115,0.230406,0.009756,0.0,0.0,0.0,0.237946,0.616075,0.0,0.227671,0.0,0.27536,0.0,0.21881,0.0,0.703548,0.0,0.0,0.0,0.0,0.0,3e-06,0.124493,0.0,0.0,0.219017,0.0,0.0,0.0,0.0,0.417827,0.023707,0.0,0.0,0.032194,0.0,0.106627,0.07622,0.594642,0.214787,0.0,0.910308,0.210331,0.0,0.0,0.0,0.309529,0.082806,0.0,0.0,0.190361,0.0,0.172826,0.172151,0.0,0.071088,0.189641,0.0,0.0,0.0,1.6e-05,0.0,0.0,0.236673,0.0,0.0,0.0,0.129575,0.0,0.230896,0.071459,0.218805,0.0,0.0,0.116834,0.067761,0.25096,0.102934,0.0,0.19491,0.0,0.0,0.220983,0.04295,0.098236,0.0
TCGA-22-5480,0.355792,0.0,0.0,0.0,0.0,0.216992,0.035232,0.310327,0.057691,0.292994,0.234253,0.0,0.0,0.0,0.0,0.298059,0.0,0.196563,0.0,0.0,0.042311,0.0,0.0,0.0,0.0,0.0,0.0,0.0,0.0,0.219654,0.0,0.0,0.251362,0.699379,0.130711,0.053466,0.03754,1e-06,0.0,0.0,0.0,0.064217,0.0,0.265071,0.0,0.06992,0.079987,0.0,0.0,0.036608,0.0,0.241312,0.0,0.791934,0.0,0.093158,0.217912,0.0,0.0,0.203465,0.0,0.0,0.0,0.133736,0.220869,0.053066,0.209489,0.0,0.386934,0.0,0.0,0.0,0.172346,0.232565,0.0,0.0,0.0,0.0,0.0,0.0,0.0,0.63699,0.18247,0.0,0.0,0.149244,0.0,0.0,0.180052,0.184699,0.205753,0.0,7.4e-05,0.0,0.391869,0.0,0.0,0.0,0.0,0.211175,0.0,0.0,0.323084,0.288108,0.0,0.0,0.0,0.314839,0.23618,0.049414,0.166082,0.0,0.044327,0.0,0.063452,0.0,0.0,0.446881,0.317605,0.088251,0.177587,0.0,1e-06,0.0,0.0,1e-06,0.088649,0.293382,0.310952,0.0,0.0,0.233974,0.0,0.044454,0.072023,0.0,0.134341,0.047531,0.082265,0.0,0.061131,0.079085,0.074757,0.062944,0.061058,0.0,0.0,0.168777,0.0,0.0,0.000127,0.059954,0.09466,0.034081,4e-05,0.182177,0.0,0.130033,0.189647,0.0,0.38048,0.0,0.0,0.0,0.0,0.00098,0.0,0.0,0.0,0.383587,0.0,0.0,0.166301,0.0,0.0,0.0,0.0,0.0,0.0,0.618631,0.137484,0.0,0.0,0.0,0.0,0.212586,0.066078,0.211058,0.0,0.0,0.0,0.0,0.063152,0.0,0.0,0.058148,0.170881,0.243477,0.049693,0.0,0.000258,0.0,2.055975,0.158524,0.0,0.0,0.093723,1.263177,0.0,0.011848,0.0,0.0,0.0,0.0,7.3e-05,0.035659,0.0,0.750801,0.0,0.0,0.0,0.0,0.0,0.222915,0.195714,0.0,0.084892,0.101827,0.0,0.0,0.051531,0.0,0.298407,0.000222,0.0,0.104409,0.251075,0.239649,0.208622,0.0,0.031362,0.0,0.0,0.0,0.0,0.16245,0.112291,0.0,0.195629,0.186233,0.267802,0.0,0.203451,0.020621,0.931896,0.033432,0.0,0.204131,0.089521,0.0,0.0,0.246312,0.0,0.0,7e-05,0.0,0.0,3.4e-05,0.262073,0.165522,0.0,0.255154,0.265057,0.054069,0.043681,0.06182,0.0,0.259364,0.0,0.0,0.050927,0.054124,0.208029,0.233929,0.0,0.0,2e-06,0.0,0.2024,0.218562,0.19584,0.180729,0.0,0.0,0.0,0.264333,0.0,0.0,0.045537,0.057237,0.0,0.044189,0.054224,0.126752,0.0,0.149977,0.0,0.0,0.000892,0.129357,0.0,0.208952,0.0,0.0,0.175678,0.0,1e-05,0.0,0.0,0.173486,0.0,0.206558,0.238297,0.37459,0.0,0.0,0.233192,0.143829,0.0,0.052609,0.029818,0.309111,0.264797,1e-06,0.0,0.307448,0.200904,0.0,0.0,0.0,0.437021,0.17665,0.0,0.0,0.0,2e-06,0.0,0.217675,0.221288,0.077953,0.0,0.0,0.0,0.0,0.233285,0.246085,0.0,0.065146,0.0,0.0,0.0,0.0,0.0,0.0,0.088954,0.0,0.284067,0.0,0.474077,0.0,0.0,0.048718,0.0,0.242896,7e-06,0.078112,1e-06,0.0,0.0,0.0,0.2951,0.212931,0.0,0.175659,0.215142,0.065035,8.2e-05,0.0,0.293877,0.0,0.05736,0.250522,0.0,0.0,0.0,0.040759,0.049568,0.0,0.0,0.249083,0.0,0.231224,0.067371,0.089307,0.007683,0.0,0.229487,0.0,0.0,0.758209,0.297156,0.015005,0.207764,0.055896,0.224497,0.224539,0.051721,0.237492,0.27341,0.223991,0.065751,0.0,5e-06,0.0,0.0,0.0,0.319111,0.239262,0.005331,1e-06,0.0,0.0,0.246558,0.562842,0.0,0.191096,0.0,0.268279,0.0,0.231822,0.0,0.653212,0.0,0.0,0.0,0.0,0.0,6e-06,0.103332,0.0,0.0,0.227558,0.0,0.0,0.0,0.0,0.382883,0.014829,0.0,0.0,0.017817,0.0,0.069628,0.051404,0.530101,0.226187,0.0,0.837707,0.225502,0.0,0.0,0.0,0.241365,0.058798,0.0,0.0,0.189141,0.0,0.148109,0.187334,0.0,0.04703,0.208704,0.0,0.0,0.0,2e-06,0.0,0.0,0.249947,0.0,0.0,0.0,0.098856,0.0,0.254982,0.046435,0.234527,0.0,0.0,0.13877,0.046999,0.258171,0.070576,0.0,0.205527,0.0,0.0,0.235026,0.030468,0.068686,0.0
TCGA-22-5489,0.382302,0.0,0.0,0.0,0.0,0.233203,0.027018,0.332182,0.042734,0.306564,0.250102,0.0,0.0,0.0,0.0,0.327454,0.0,0.201172,0.0,0.0,0.036438,0.0,0.0,0.0,0.0,0.0,0.0,0.0,0.0,0.229141,0.0,0.0,0.255876,0.663008,0.155258,0.04543,0.028538,0.0,0.0,0.0,0.0,0.050322,0.0,0.290309,0.0,0.057082,0.091141,0.0,0.0,0.030851,0.0,0.249447,0.0,0.785857,0.0,0.074014,0.226068,0.0,0.0,0.221188,0.0,2e-06,0.0,0.130091,0.212459,0.044476,0.217677,4e-06,0.361731,0.0,0.0,0.0,0.138259,0.245035,0.0,0.0,0.0,0.0,0.0,0.0,0.0,0.610456,0.193997,0.0,0.0,0.157549,0.0,0.0,0.201976,0.194044,0.212049,0.0,1.8e-05,0.0,0.362997,0.0,0.0,0.0,0.0,0.230578,6e-06,0.0,0.349008,0.301434,0.0,0.0,0.0,0.302548,0.237007,0.037009,0.168699,0.0,0.033806,0.0,0.052589,0.0,0.0,0.415006,0.344788,0.070861,0.157384,0.0,1e-06,0.0,0.0,0.000112,0.073756,0.28356,0.341763,0.0,5e-06,0.235599,0.0,0.035526,0.058303,0.0,0.112605,0.056487,0.084061,0.0,0.042447,0.095584,0.063529,0.051601,0.043778,0.0,0.0,0.143031,0.0,0.0,0.000261,0.047344,0.080167,0.025523,7e-06,0.190681,0.0,0.135502,0.20077,0.0,0.350496,0.0,2e-06,0.0,0.0,0.000425,0.0,0.0,0.0,0.345886,0.0,0.0,0.181455,0.0,0.0,0.0,0.0,0.0,0.0,0.609981,0.147096,0.0,0.0,0.0,0.0,0.233139,0.056207,0.227444,0.0,0.0,0.0,0.0,0.048355,0.0,0.0,0.045305,0.177368,0.239916,0.036859,0.0,0.000391,0.0,2.02461,0.161274,0.0,0.0,0.088427,1.242351,0.0,0.009387,0.0,0.0,0.0,0.0,1.3e-05,0.037119,0.0,0.718652,0.0,0.0,0.0,0.0,2e-06,0.246838,0.212598,0.0,0.071165,0.085202,0.0,0.0,0.044178,0.0,0.329786,0.001244,0.0,0.108016,0.262989,0.254296,0.221702,0.0,0.025293,0.0,0.0,0.0,0.0,0.143481,0.094634,0.0,0.208216,0.195423,0.235158,0.0,0.229055,0.02413,0.897332,0.02387,0.0,0.216792,0.076385,0.0,0.0,0.254626,0.0,0.0,0.000343,0.0,0.0,5e-06,0.272603,0.178925,0.0,0.271131,0.273526,0.040194,0.0322,0.077766,0.0,0.275238,0.0,0.0,0.033027,0.036966,0.218358,0.263998,0.0,0.0,9e-06,0.0,0.228747,0.23789,0.215012,0.198463,0.0,0.0,0.0,0.277649,0.0,0.0,0.043958,0.047398,0.0,0.034505,0.042535,0.134098,0.0,0.165113,0.0,0.0,0.000743,0.142241,0.0,0.210738,1e-06,0.0,0.163342,0.0,1e-06,0.0,0.0,0.199646,0.0,0.214236,0.250743,0.358986,0.0,0.0,0.248327,0.145655,0.0,0.042259,0.019095,0.293325,0.25275,0.0,0.0,0.315056,0.212108,0.0,0.0,0.0,0.396798,0.189103,0.0,0.0,0.0,0.0,0.0,0.236242,0.235608,0.064582,0.0,0.0,0.0,0.0,0.240544,0.259605,0.0,0.05257,0.0,0.0,0.0,0.0,0.0,0.0,0.0735,0.0,0.305271,0.0,0.462812,0.0,0.0,0.037987,0.0,0.264145,0.0,0.061993,3e-06,0.0,0.0,0.0,0.316986,0.227371,0.0,0.181837,0.222474,0.053367,2e-05,0.0,0.268421,0.0,0.044165,0.247694,0.0,0.0,0.0,0.038334,0.037863,0.0,0.0,0.248806,0.0,0.252484,0.054352,0.07767,0.008076,0.0,0.244431,0.0,0.0,0.73539,0.297831,0.015832,0.214344,0.049617,0.236712,0.200111,0.041519,0.205102,0.263178,0.231538,0.049696,0.0,0.0,0.0,0.0,0.0,0.350146,0.250701,0.003281,0.0,0.0,0.0,0.258395,0.520415,0.0,0.167954,0.0,0.275008,0.0,0.240894,0.0,0.612731,0.0,0.0,0.0,0.0,0.0,0.0003,0.090077,0.0,0.0,0.251145,0.0,0.0,0.0,0.0,0.378715,0.010444,0.0,0.0,0.012511,0.0,0.057639,0.034614,0.516091,0.240595,0.0,0.804821,0.245232,0.0,0.0,0.0,0.218885,0.044106,0.0,0.0,0.17746,0.0,0.131937,0.198537,0.0,0.040962,0.215105,0.0,0.0,0.0,1e-06,1e-06,0.0,0.26831,0.0,0.0,0.0,0.09111,0.0,0.28864,0.035137,0.247002,0.0,0.0,0.135417,0.034455,0.249857,0.053592,0.0,0.218124,0.0,0.0,0.250082,0.023533,0.053385,0.0
TCGA-33-4533,0.268995,0.0,0.0,0.0,0.0,0.162199,0.110001,0.22816,0.150525,0.210332,0.172725,1e-05,0.0,0.0,0.0,0.243282,0.0,0.223704,0.0,0.0,0.109313,0.0,0.0,0.0,0.0,0.0,0.0,0.0,0.0,0.166073,0.0,0.0,0.182174,0.859515,0.154628,0.143406,0.110744,2e-06,0.0,0.0,1e-06,0.149057,0.0,0.200958,0.0,0.158002,0.111163,0.0,0.0,0.120745,0.0,0.231426,0.0,0.925573,0.0,0.222505,0.16075,0.0,0.000256,0.16878,2e-06,0.0,0.0,0.074035,0.180775,0.151341,0.138978,0.0,0.489764,0.0,0.0,0.0,0.261587,0.165729,0.0,0.0,0.0,0.0,0.0,0.0,0.0,0.79857,0.125001,0.0,0.0,0.096658,0.0,0.0,0.135913,0.13601,0.143121,0.0,0.001852,0.0,0.514973,0.0,0.0,0.0,0.0,0.146319,1e-06,0.0,0.257899,0.212643,0.0,0.0,0.0,0.360166,0.150281,0.116502,0.120827,0.0,0.122423,0.0,0.165812,0.0,0.0,0.545199,0.257626,0.163711,0.283182,0.0,2.4e-05,0.0,0.0,5e-06,0.173519,0.349181,0.247089,0.0,3e-06,0.145401,0.0,0.135712,0.18789,0.0,0.238932,0.087262,0.055837,0.0,0.147575,0.061,0.149019,0.160693,0.168074,0.0,0.0,0.256374,0.0,0.0,5e-06,0.129096,0.202804,0.093881,4.3e-05,0.135742,0.0,0.081845,0.129303,0.0,0.510325,0.0,1.2e-05,0.0,0.0,0.02276,0.0,0.0,0.0,0.499137,0.0,1e-06,0.138705,0.0,0.0,0.0,0.0,0.0,1e-06,0.792199,0.090589,0.0,0.0,0.0,0.0,0.160304,0.156092,0.156772,0.0,0.0,0.0,0.0,0.148474,2e-06,0.0,0.156927,0.113408,0.247601,0.125556,0.0,5e-06,0.0,2.305018,0.099751,0.0,1e-06,0.168277,1.462216,0.0,0.058334,0.0,0.0,0.0,0.0,9.7e-05,0.047101,0.0,0.91721,0.0,0.0,0.0,0.0,0.0,0.16978,0.143542,0.0,0.184192,0.238282,0.0,0.0,0.118681,0.0,0.241171,0.000452,0.0,0.069806,0.173513,0.16011,0.132624,0.0,0.113492,0.0,0.0,0.0,0.0,0.250875,0.176825,0.0,0.139631,0.132088,0.377724,0.0,0.154656,0.004503,1.110268,0.095129,0.0,0.14469,0.19002,0.0,0.0,0.182165,0.0,0.0,0.000618,0.0,0.0,5e-06,0.198026,0.128795,1e-05,0.187722,0.18654,0.130509,0.121558,0.097147,0.0,0.187513,0.0,0.0,0.127017,0.140542,0.166697,0.194893,0.0,0.0,7.7e-05,0.0,0.150879,0.167685,0.143968,0.151276,0.0,0.0,0.0,0.188958,0.0,0.0,0.009136,0.142305,0.0,0.119175,0.125624,0.138131,0.0,0.226185,0.0,0.0,0.014363,0.094378,0.0,0.269944,1e-06,0.0,0.279057,0.0,0.0,0.0,0.0,0.14153,0.0,0.144135,0.17758,0.476533,0.0,0.0,0.17796,0.099918,0.0,0.126341,0.097345,0.275211,0.378285,0.0,0.0,0.2143,0.142089,0.0,0.0,0.0,0.526865,0.127462,0.0,0.0,0.0,2e-06,0.0,0.138942,0.159951,0.174692,0.0,0.0,0.0,0.0,0.157886,0.195691,0.0,0.153626,0.0,0.0,0.0,0.0,0.0,0.0,0.216372,0.0,0.210866,1.8e-05,0.57036,0.0,0.0,0.137258,0.0,0.176104,0.0,0.181788,1e-06,0.0,0.0,0.0,0.23856,0.142872,0.0,0.113404,0.151624,0.129746,4.4e-05,0.0,0.41243,0.0,0.156831,0.163298,0.0,0.0,0.0,0.123349,0.115755,1e-06,0.0,0.189413,0.0,0.187451,0.139883,0.212979,0.015638,0.0,0.1608,0.0,0.0,0.922376,0.292954,0.073032,0.154168,0.145422,0.150764,0.344609,0.145486,0.319761,0.245616,0.144351,0.138826,0.0,1e-06,0.0,0.0,0.0,0.25438,0.195939,0.045428,0.0,0.0,0.0,0.200099,0.708934,0.0,0.320218,0.0,0.261532,0.0,0.155697,0.0,0.781554,0.0,0.0,0.0,0.0,0.0,2e-05,0.164789,0.0,0.0,0.200905,0.0,0.0,1e-06,0.0,0.445656,0.057534,0.0,0.0,0.056788,0.0,0.17428,0.120608,0.674499,0.178817,0.0,1.014712,0.175661,0.0,0.0,0.0,0.416069,0.142975,0.0,0.0,0.166807,0.0,0.240688,0.128686,0.0,0.124099,0.13734,0.0,0.0,0.0,3e-06,0.0,1e-06,0.196118,0.0,1e-06,0.0,0.201397,0.0,0.209091,0.125611,0.150392,0.0,0.0,0.101101,0.117458,0.202558,0.168372,0.0,0.15675,0.0,0.0,0.177517,0.081904,0.155748,0.0
TCGA-33-4538,0.339023,0.0,0.0,0.0,0.0,0.203963,0.059529,0.287489,0.102394,0.268463,0.217333,0.0,0.0,0.0,0.0,0.309315,0.0,0.224966,0.0,0.0,0.060433,0.0,0.0,0.0,0.0,0.0,0.0,0.0,0.0,0.219239,0.0,0.0,0.237563,0.775664,0.182772,0.094004,0.072435,0.0,0.0,0.0,0.0,0.102995,0.0,0.249864,0.0,0.107482,0.119057,0.0,0.0,0.073716,0.0,0.247507,0.0,0.899741,0.0,0.148736,0.206867,0.0,7e-06,0.212259,0.0,0.0,0.0,0.099034,0.199697,0.103739,0.178057,0.0,0.422281,0.0,0.0,0.0,0.217741,0.213422,0.0,0.0,0.0,0.0,0.0,0.0,0.0,0.73172,0.161144,0.0,0.0,0.124679,0.0,0.0,0.175885,0.163881,0.174043,0.0,0.000297,0.0,0.454857,0.0,0.0,0.0,0.0,0.180432,4e-06,0.0,0.331301,0.269565,0.0,0.0,0.0,0.340208,0.201416,0.079546,0.148346,0.0,0.074462,0.0,0.115706,0.0,0.0,0.476181,0.323598,0.117333,0.219326,0.0,7e-06,0.0,0.0,0.0,0.134066,0.315571,0.312421,3e-06,1e-06,0.188749,0.0,0.079526,0.126011,0.0,0.189552,0.079593,0.066314,0.0,0.097745,0.072326,0.108617,0.108895,0.111955,0.0,0.0,0.20548,1e-06,0.0,2e-06,0.080619,0.142912,0.06726,6e-06,0.168671,0.0,0.105314,0.166606,0.0,0.448727,0.0,0.0,0.0,0.0,0.003501,0.0,0.0,0.0,0.429235,0.0,1e-06,0.176866,0.0,0.0,0.0,0.0,0.0,2e-06,0.723297,0.113937,0.0,0.0,0.0,0.0,0.195998,0.107801,0.19844,0.0,0.0,0.0,0.0,0.097265,0.0,0.0,0.099776,0.14431,0.262734,0.085392,0.0,9e-06,0.0,2.228384,0.128203,0.0,1e-06,0.137669,1.405621,0.0,0.019217,0.0,0.0,0.0,0.0,1.5e-05,0.044513,0.0,0.840824,0.0,0.0,0.0,0.0,0.0,0.207401,0.184931,0.0,0.124465,0.159317,0.0,0.0,0.093572,0.0,0.295835,0.000582,0.0,0.082788,0.216672,0.204247,0.162216,0.0,0.06914,0.0,0.0,0.0,0.0,0.212047,0.13829,0.0,0.175199,0.16933,0.311529,0.0,0.192812,0.00695,1.033676,0.062185,0.0,0.18118,0.12827,0.0,0.0,0.216045,0.0,0.0,0.001141,0.0,0.0,4e-06,0.253687,0.168083,0.0,0.238263,0.248498,0.08439,0.080499,0.106131,0.0,0.243301,0.0,0.0,0.078883,0.092092,0.198866,0.241638,0.0,0.0,1e-05,0.0,0.185388,0.211745,0.178055,0.192506,0.0,0.0,0.0,0.239268,0.0,0.0,0.005495,0.092541,0.0,0.078281,0.084532,0.147784,0.0,0.224283,0.0,0.0,0.008108,0.110209,0.0,0.254491,1e-06,0.0,0.230478,0.0,0.0,0.0,0.0,0.174758,0.0,0.190052,0.22081,0.416348,0.0,0.0,0.22082,0.122246,0.0,0.086282,0.054574,0.282322,0.325232,0.0,0.0,0.275774,0.183593,0.0,0.0,0.0,0.470673,0.161347,0.0,0.0,0.0,2e-06,0.0,0.180016,0.201538,0.110804,0.0,0.0,0.0,0.0,0.208209,0.245747,0.0,0.108122,0.0,0.0,0.0,0.0,0.0,0.0,0.15782,0.0,0.26577,0.0,0.545439,0.0,0.0,0.085715,0.0,0.225605,0.0,0.130502,3e-06,0.0,0.0,0.0,0.302566,0.184225,0.0,0.14323,0.196016,0.088433,1.2e-05,0.0,0.352947,0.0,0.11113,0.212428,0.0,0.0,0.0,0.086057,0.074693,0.0,0.0,0.218169,0.0,0.234487,0.08754,0.13985,0.008444,0.0,0.198159,0.0,0.0,0.867344,0.307038,0.056793,0.199427,0.097457,0.199785,0.274956,0.084795,0.273455,0.238758,0.178876,0.09251,0.0,1.9e-05,0.0,0.0,0.0,0.323202,0.238018,0.01897,1e-06,0.0,0.0,0.251625,0.622714,0.0,0.244646,1e-06,0.275425,0.0,0.20151,0.0,0.706855,0.0,0.0,0.0,0.0,0.0,8e-06,0.132748,0.0,0.0,0.247732,0.0,1e-06,0.0,0.0,0.429194,0.022041,0.0,0.0,0.030194,0.0,0.117754,0.090082,0.633837,0.224339,0.0,0.938803,0.219975,0.0,0.0,0.0,0.326657,0.094667,0.0,0.0,0.159977,0.0,0.202471,0.167,0.0,0.076487,0.170276,0.0,0.0,0.0,5e-06,0.0,2e-06,0.245051,0.0,0.0,0.0,0.136447,0.0,0.261978,0.089445,0.199419,0.0,0.0,0.118944,0.07968,0.232964,0.118201,0.0,0.196222,0.0,0.0,0.230113,0.05306,0.101692,0.0
TCGA-33-6738,0.177016,0.0,0.0,0.0,0.0,0.106707,0.166173,0.154894,0.217066,0.142642,0.117579,0.0,0.0,0.0,0.0,0.15871,0.0,0.231438,0.0,0.0,0.173703,0.0,0.0,0.0,0.0,0.0,0.0,0.0,0.0,0.117841,0.0,0.0,0.128593,1.008085,0.118048,0.210255,0.170396,0.0,0.0,0.0,0.0,0.217609,0.0,0.135309,0.0,0.242345,0.097809,0.0,0.0,0.186076,0.0,0.230333,0.0,0.984266,0.0,0.350744,0.115875,0.0,3e-06,0.121379,0.0,0.0,0.0,0.060157,0.16695,0.217745,0.098642,0.0,0.620515,0.0,0.0,0.0,0.356177,0.118694,0.0,0.0,0.0,0.0,0.0,0.0,0.0,0.914056,0.090757,0.0,0.0,0.071564,0.0,0.0,0.098815,0.110621,0.106504,0.0,0.00429,0.0,0.634402,0.0,0.0,0.0,0.0,0.101159,3e-06,0.0,0.169369,0.144894,0.0,0.0,0.0,0.408522,0.103795,0.166695,0.106856,0.0,0.189146,0.0,0.24192,0.0,0.0,0.671197,0.171267,0.238955,0.390934,0.0,1e-05,0.0,0.0,0.0,0.226121,0.415575,0.160591,0.0,0.0,0.10534,0.0,0.220098,0.304557,0.0,0.331327,0.086279,0.048634,0.0,0.231825,0.057228,0.191415,0.244718,0.260328,0.0,0.0,0.351402,2e-06,0.0,3e-06,0.203903,0.303241,0.142407,3.2e-05,0.093275,0.0,0.065983,0.088607,0.0,0.631065,0.0,0.0,0.0,0.0,0.030604,0.0,0.0,0.0,0.638135,0.0,0.0,0.105168,0.0,0.0,0.0,0.0,0.0,0.0,0.905236,0.06257,0.0,0.0,0.0,0.0,0.106906,0.25383,0.107655,0.0,0.0,0.0,0.0,0.225547,0.0,0.0,0.234515,0.079796,0.254566,0.191008,0.0,1e-06,0.0,2.481305,0.086628,0.0,2.7e-05,0.222113,1.578842,0.0,0.097345,0.0,0.0,0.0,0.0,2.4e-05,0.066452,0.0,1.067738,0.0,0.0,0.0,0.0,0.0,0.109775,0.105626,0.0,0.282214,0.371282,0.0,0.0,0.180779,0.0,0.156895,0.00026,0.0,0.058546,0.12031,0.112951,0.096993,0.0,0.176395,0.0,0.0,0.0,0.0,0.31849,0.2482,0.0,0.093193,0.093736,0.500178,0.0,0.112448,0.005551,1.263382,0.162304,0.0,0.105031,0.282789,0.0,0.0,0.144683,0.0,0.0,0.000715,0.0,0.0,1e-06,0.135006,0.093424,0.0,0.132634,0.135946,0.201899,0.199642,0.089586,0.0,0.126696,0.0,0.0,0.197147,0.220545,0.131353,0.133489,0.0,0.0,1e-06,0.0,0.102229,0.115444,0.100052,0.114241,0.0,0.0,0.0,0.129144,0.0,0.0,0.020567,0.21012,0.0,0.179781,0.190106,0.143719,0.0,0.24734,0.0,0.0,0.024784,0.074542,0.0,0.307668,0.0,0.0,0.35207,0.0,0.0,0.0,0.0,0.096677,0.0,0.108434,0.124129,0.587918,0.0,0.0,0.12389,0.078427,0.0,0.175837,0.157865,0.291714,0.448529,0.0,0.0,0.149214,0.099655,0.0,0.0,0.0,0.658542,0.093006,0.0,0.0,0.0,4e-06,0.0,0.097802,0.112775,0.259983,0.0,0.0,0.0,0.0,0.112495,0.133707,0.0,0.23286,0.0,0.0,0.0,0.0,0.0,0.0,0.310101,0.0,0.146988,0.0,0.644742,0.0,0.0,0.21953,0.0,0.122445,0.0,0.294679,2e-06,0.0,0.0,0.0,0.165421,0.09541,0.0,0.078253,0.107186,0.179452,0.00011,0.0,0.506148,0.0,0.239987,0.115356,0.0,0.0,0.0,0.182225,0.17924,0.0,0.0,0.166399,0.0,0.126695,0.217242,0.325726,0.029282,0.0,0.106499,0.0,0.0,1.038307,0.277484,0.087761,0.115054,0.214099,0.109926,0.446956,0.224359,0.40384,0.272185,0.108539,0.208194,0.0,0.000104,0.0,0.0,0.0,0.168578,0.162769,0.077402,0.0,0.0,0.0,0.145897,0.855044,0.0,0.437533,0.0,0.253241,0.0,0.114735,0.0,0.919603,0.0,0.0,0.0,0.0,0.0,2e-05,0.209698,0.0,0.0,0.150503,0.0,0.0,0.0,0.0,0.500698,0.099881,0.0,0.0,0.107221,0.0,0.251972,0.195519,0.753292,0.122999,0.0,1.165102,0.120735,0.0,0.0,0.0,0.578138,0.218196,0.0,0.0,0.194626,0.0,0.294599,0.089833,0.0,0.190696,0.091532,0.0,0.0,0.0,4e-06,0.0,7e-06,0.126687,0.0,0.0,0.0,0.291289,0.0,0.133141,0.196741,0.110082,0.0,0.0,0.078113,0.179651,0.187628,0.255028,0.0,0.119551,0.0,0.0,0.122293,0.125573,0.242639,0.0
TCGA-33-A5GW,0.261994,0.0,0.0,0.0,0.0,0.172805,0.089177,0.22427,0.148539,0.211717,0.166688,0.0,0.0,0.0,0.0,0.235178,0.0,0.223931,0.0,0.0,0.099102,0.0,0.0,0.0,0.0,0.0,0.0,0.0,0.0,0.185144,0.0,0.0,0.191656,0.859204,0.125741,0.125874,0.105795,2.2e-05,0.0,0.0,0.0,0.131189,0.0,0.192278,0.0,0.160016,0.082419,0.0,0.0,0.114353,0.0,0.224531,0.0,0.889069,0.0,0.220337,0.16167,0.0,1e-06,0.169822,0.0,0.0,0.0,0.103013,0.207921,0.136932,0.164093,0.0,0.506731,0.0,0.0,0.0,0.270612,0.177333,0.0,0.0,0.0,0.0,0.0,0.0,0.0,0.798718,0.147342,0.0,0.0,0.118696,0.0,0.0,0.156067,0.150239,0.150169,0.0,0.000565,0.0,0.519534,0.0,0.0,0.0,0.0,0.15967,3e-06,0.0,0.240029,0.214234,0.0,0.0,0.0,0.38572,0.186818,0.105216,0.132597,0.0,0.108215,0.0,0.14778,0.0,0.0,0.573044,0.248816,0.176619,0.281528,0.0,1e-06,0.0,0.0,0.0,0.156875,0.352571,0.234123,0.0,3e-06,0.163803,0.0,0.117854,0.189169,0.0,0.241399,0.056024,0.078724,0.0,0.145186,0.085098,0.133432,0.157737,0.153293,0.0,0.0,0.269503,0.0,0.0,1.4e-05,0.129027,0.200497,0.086157,0.000318,0.126366,0.0,0.090454,0.138784,0.0,0.521897,0.0,0.0,0.0,0.0,0.005526,0.0,0.0,0.0,0.508596,0.0,0.0,0.149673,0.0,0.0,0.0,0.0,0.0,0.0,0.786404,0.117754,0.0,0.0,0.0,0.0,0.149806,0.161134,0.168396,0.0,0.0,0.0,0.0,0.138159,0.0,0.0,0.14439,0.140667,0.246234,0.118569,0.0,1.8e-05,0.0,2.318604,0.130668,0.0,0.0,0.166663,1.452835,0.0,0.03224,0.0,0.0,0.0,0.0,0.000531,0.051584,0.0,0.922391,0.0,0.0,0.0,0.0,0.0,0.161317,0.156351,0.0,0.186432,0.238527,0.0,0.0,0.118461,0.0,0.214792,6.1e-05,0.0,0.088255,0.182934,0.17099,0.150348,0.0,0.095327,0.0,0.0,0.0,0.0,0.239659,0.191708,0.0,0.142214,0.145058,0.385319,0.0,0.161836,0.009495,1.096181,0.086437,0.0,0.141278,0.175425,0.0,0.0,0.197434,0.0,0.0,7e-06,0.0,0.0,0.000221,0.208121,0.142834,0.0,0.195376,0.205061,0.123524,0.116455,0.075377,0.0,0.183707,0.0,0.0,0.120006,0.134374,0.179647,0.182558,0.0,0.0,7.7e-05,0.0,0.141438,0.178365,0.143729,0.154719,0.0,0.0,0.0,0.189707,0.0,0.0,0.01257,0.121122,0.0,0.105671,0.121786,0.140066,0.0,0.221882,0.0,0.0,0.012862,0.098185,0.0,0.267445,1e-06,0.0,0.263956,0.0,0.0,0.0,0.0,0.136687,0.0,0.150955,0.173825,0.487055,0.0,0.0,0.170342,0.111541,0.0,0.122472,0.07192,0.313032,0.347279,0.0,0.0,0.227226,0.150497,0.0,0.0,0.0,0.556827,0.137051,1e-06,0.0,0.0,0.0,0.0,0.155681,0.157793,0.163501,0.0,0.0,0.0,0.0,0.17175,0.195925,0.0,0.154647,0.0,0.0,0.0,0.0,0.0,0.0,0.216287,0.0,0.208192,0.0,0.581335,0.0,0.0,0.128827,0.0,0.184679,1e-06,0.187205,0.0,0.0,0.0,0.0,0.23838,0.158646,0.0,0.128821,0.16594,0.100769,0.000322,0.0,0.401012,0.0,0.150133,0.175594,1e-06,0.0,0.0,0.113794,0.11685,0.0,0.0,0.208568,0.0,0.180737,0.147155,0.198378,0.018166,0.0,0.16771,0.0,0.0,0.9053,0.300288,0.037197,0.170927,0.136984,0.168391,0.331538,0.120373,0.339303,0.277027,0.166921,0.122887,0.0,0.0,0.0,0.0,0.0,0.237767,0.20899,0.023322,0.0,0.0,0.0,0.188863,0.720392,0.0,0.313662,1e-06,0.259572,0.0,0.164038,0.0,0.791336,0.0,0.0,0.0,0.0,0.0,5e-06,0.151,0.0,0.0,0.183285,0.0,0.0,0.0,1e-06,0.456414,0.039803,0.0,0.0,0.056034,0.0,0.160862,0.132327,0.662188,0.173789,0.0,1.016538,0.166676,0.0,0.0,0.0,0.420031,0.136706,0.0,0.0,0.178884,0.0,0.231255,0.144448,0.0,0.115243,0.14134,0.0,0.0,0.0,1.4e-05,0.0,7e-06,0.184494,0.0,0.0,0.0,0.200839,0.0,0.182351,0.124411,0.167513,0.0,0.0,0.081707,0.111586,0.218385,0.166924,0.0,0.151382,0.0,0.0,0.185541,0.064323,0.146721,0.0
TCGA-33-AAS8,0.192177,0.0,0.0,0.0,0.0,0.12435,0.15115,0.172457,0.201999,0.150604,0.121446,0.0,0.0,0.0,0.0,0.161518,0.0,0.241505,0.0,0.0,0.170193,0.0,0.0,0.0,0.0,0.0,0.0,0.0,0.0,0.13021,0.0,0.0,0.136562,1.025644,0.101622,0.182467,0.147359,5e-06,0.0,0.0,0.0,0.186767,0.0,0.150207,0.0,0.232541,0.098104,0.0,0.0,0.179243,0.0,0.24131,0.0,0.998688,0.0,0.324468,0.130292,0.0,0.0,0.125156,0.0,3e-06,0.0,0.088627,0.172766,0.198236,0.132988,0.0,0.648203,0.0,0.0,0.0,0.334877,0.145808,0.0,0.0,0.0,0.0,0.0,0.0,0.0,0.91898,0.10798,0.0,0.0,0.094571,0.0,0.0,0.120705,0.141048,0.138823,0.0,0.000677,0.0,0.626138,0.0,0.0,0.0,0.0,0.129001,0.0,0.0,0.16816,0.165308,0.0,0.0,0.0,0.436666,0.128124,0.153849,0.121018,0.0,0.174168,0.0,0.216787,0.0,0.0,0.690079,0.177454,0.245475,0.382959,0.0,0.0,0.0,0.0,0.0,0.200012,0.424925,0.172659,0.0,1e-06,0.130065,0.0,0.192042,0.299866,0.0,0.318551,0.076165,0.072154,0.0,0.219845,0.090628,0.186317,0.22809,0.235233,0.0,0.0,0.338817,0.0,0.0,5.1e-05,0.200113,0.282289,0.121785,0.000151,0.104024,0.0,0.078676,0.104462,0.0,0.626594,0.0,1e-06,0.0,0.0,0.012073,0.0,0.0,0.0,0.651485,0.0,0.0,0.117017,0.0,0.0,0.0,0.0,0.0,0.0,0.902755,0.080906,0.0,0.0,0.0,0.0,0.116402,0.255902,0.123632,0.0,0.0,0.0,0.0,0.216106,0.0,0.0,0.221895,0.105435,0.268566,0.176461,0.0,3e-06,0.0,2.524367,0.116594,0.0,0.0,0.206114,1.605541,0.0,0.078952,0.0,0.0,0.0,0.0,0.00036,0.073339,0.0,1.079333,0.0,0.0,0.0,0.0,0.0,0.135167,0.126864,0.0,0.271853,0.380046,0.0,0.0,0.17419,0.0,0.168636,0.001445,0.0,0.066227,0.139618,0.140003,0.125993,0.0,0.140679,0.0,0.0,0.0,0.0,0.305931,0.249388,0.0,0.110718,0.1196,0.483337,0.0,0.139682,0.025674,1.27655,0.157668,0.0,0.116966,0.26723,0.0,0.0,0.177588,0.0,0.0,0.000167,0.0,0.0,0.000105,0.15099,0.102633,0.0,0.160707,0.158297,0.183641,0.190148,0.080743,0.0,0.123978,0.0,0.0,0.184938,0.206635,0.148168,0.145672,0.0,0.0,2e-06,0.0,0.122805,0.130688,0.11641,0.12036,0.0,0.0,0.0,0.149248,0.0,0.0,0.034873,0.186083,0.0,0.165685,0.168871,0.150428,0.0,0.240844,0.0,0.0,0.013565,0.094846,0.0,0.316987,1.6e-05,0.0,0.337631,0.0,0.0,0.0,0.0,0.117793,0.0,0.125224,0.146423,0.604613,0.0,0.0,0.140465,0.101877,0.0,0.165739,0.115868,0.306398,0.43273,0.0,0.0,0.170286,0.118494,0.0,0.0,0.0,0.668855,0.118908,0.0,0.0,0.0,0.0,0.0,0.117345,0.131631,0.252534,0.0,0.0,0.0,0.0,0.126323,0.13241,0.0,0.215546,0.0,0.0,0.0,0.0,0.0,0.0,0.283159,0.0,0.165221,0.0,0.66125,0.0,0.0,0.210706,0.0,0.141092,0.0,0.283647,0.000134,0.0,0.0,0.0,0.170676,0.113628,0.0,0.08299,0.126822,0.155477,0.000435,0.0,0.496052,0.0,0.218867,0.129217,0.0,0.0,0.0,0.157003,0.164569,0.0,0.0,0.209705,0.0,0.140225,0.217492,0.313425,0.038832,0.0,0.130104,0.0,0.0,1.036636,0.28164,0.062715,0.142886,0.198764,0.133326,0.445303,0.198971,0.394627,0.306552,0.147185,0.183766,0.0,0.0,0.0,0.0,0.0,0.172952,0.176612,0.044745,0.0,0.0,0.0,0.161235,0.869633,0.0,0.418771,0.0,0.271744,0.0,0.138032,0.0,0.933005,0.0,0.0,0.0,0.0,0.0,1.4e-05,0.197821,0.0,0.0,0.153213,0.0,0.0,0.0,1e-06,0.514939,0.085714,0.0,0.0,0.102697,0.0,0.244957,0.17564,0.753337,0.133592,0.0,1.179569,0.125317,0.0,0.0,0.0,0.573042,0.202605,0.0,0.0,0.210774,0.0,0.27538,0.113532,0.0,0.183731,0.098986,0.0,0.0,0.0,5e-06,0.0,0.0,0.135094,0.0,0.0,0.0,0.281667,0.0,0.119508,0.172134,0.146567,0.0,0.0,0.086415,0.166482,0.214626,0.235628,0.0,0.133507,0.0,0.0,0.126818,0.107819,0.229873,0.0
TCGA-33-AASI,0.403147,0.0,0.0,0.0,0.0,0.224204,0.046811,0.346885,0.073723,0.312567,0.250558,0.0,0.0,0.0,0.0,0.348003,0.0,0.218821,0.0,0.0,0.050045,0.0,0.0,0.0,0.0,0.0,0.0,0.0,0.0,0.230639,0.0,0.0,0.261368,0.701574,0.195347,0.067474,0.053185,2e-06,0.0,0.0,0.0,0.074282,0.0,0.298945,0.0,0.087721,0.127582,0.0,0.0,0.053084,0.0,0.252797,0.0,0.88044,0.0,0.115459,0.229526,0.0,0.0,0.233361,0.0,0.0,0.0,0.107559,0.172013,0.07623,0.210299,0.0,0.366593,0.0,0.0,0.0,0.162061,0.252949,0.0,0.0,0.0,0.0,0.0,0.0,0.0,0.670198,0.185091,0.0,0.0,0.135107,0.0,0.0,0.191381,0.196983,0.208571,0.0,9.6e-05,0.0,0.395158,0.0,0.0,0.0,0.0,0.208514,2e-06,0.0,0.378844,0.314154,0.0,0.0,0.0,0.31203,0.219606,0.059783,0.155592,0.0,0.05824,0.0,0.081136,0.0,0.0,0.414245,0.364298,0.100495,0.173683,0.0,1.7e-05,0.0,0.0,0.0,0.109871,0.296845,0.370269,1e-06,0.0,0.228994,0.0,0.059601,0.096719,0.0,0.142415,0.096554,0.064216,0.0,0.076262,0.087971,0.100083,0.080863,0.079921,0.0,0.0,0.16598,1.4e-05,0.0,7e-06,0.066964,0.107957,0.048112,5.6e-05,0.198397,0.0,0.11938,0.194997,0.0,0.375279,0.0,1e-06,0.0,0.0,0.00101,0.0,0.0,0.0,0.371697,0.0,0.0,0.194904,0.0,0.0,0.0,0.0,0.0,0.0,0.654797,0.11388,0.0,0.0,0.0,0.0,0.227407,0.087178,0.215603,0.0,0.0,0.0,0.0,0.076815,0.0,0.0,0.074746,0.159023,0.269805,0.05842,0.0,0.000119,0.0,2.133876,0.130396,0.0,0.0,0.1231,1.355893,0.0,0.015083,0.0,0.0,0.0,0.0,0.000105,0.037047,0.0,0.765952,0.0,0.0,0.0,0.0,0.0,0.258504,0.198804,0.0,0.103042,0.127442,0.0,0.0,0.071146,0.0,0.3519,0.002867,0.0,0.066232,0.256368,0.236318,0.200651,0.0,0.043145,0.0,0.0,0.0,0.0,0.178737,0.115426,0.0,0.197324,0.188261,0.250098,0.0,0.227012,0.021271,0.973012,0.047052,0.0,0.216159,0.097168,0.0,0.0,0.242582,0.0,0.0,0.004154,0.0,0.0,3.8e-05,0.280458,0.17607,0.0,0.292612,0.285773,0.06868,0.059687,0.098736,0.0,0.27574,0.0,0.0,0.063656,0.066956,0.214995,0.286748,0.0,0.0,1.5e-05,0.0,0.217088,0.223298,0.194699,0.211445,0.0,0.0,0.0,0.283257,0.0,0.0,0.011303,0.067461,0.0,0.056053,0.066936,0.147241,0.0,0.193206,0.0,0.0,0.001926,0.127085,0.0,0.233715,1e-06,0.0,0.19038,0.0,1e-06,0.0,0.0,0.197717,0.0,0.222436,0.258591,0.372396,0.0,0.0,0.250393,0.125602,0.0,0.069512,0.033947,0.259559,0.284969,0.0,0.0,0.318004,0.214129,0.0,0.0,0.0,0.412389,0.184391,0.0,0.0,0.0,1e-06,0.0,0.205151,0.240414,0.086993,0.0,0.0,0.0,0.0,0.230549,0.267379,0.0,0.082942,0.0,0.0,0.0,0.0,0.0,0.0,0.112552,0.0,0.317378,0.0,0.503761,0.0,0.0,0.06641,0.0,0.253542,0.0,0.099005,1e-06,0.0,0.0,0.0,0.336431,0.207637,0.0,0.153143,0.226642,0.055786,5.9e-05,0.0,0.307832,0.0,0.083187,0.245255,0.0,0.0,0.0,0.055098,0.062916,0.0,0.0,0.242635,0.0,0.269488,0.079844,0.109274,0.006659,0.0,0.238841,0.0,0.0,0.814112,0.305069,0.053888,0.21739,0.075639,0.231199,0.234747,0.064083,0.220778,0.22936,0.210484,0.071342,0.0,0.0,0.0,0.0,0.0,0.374523,0.249064,0.006121,1e-06,0.0,0.0,0.279886,0.554337,0.0,0.188205,0.0,0.282105,0.0,0.250761,0.0,0.638492,0.0,0.0,0.0,0.0,0.0,0.0,0.109961,0.0,0.0,0.260245,0.0,0.0,0.0,0.0,0.401708,0.017742,0.0,0.0,0.025641,0.0,0.093307,0.065677,0.603864,0.25719,0.0,0.86316,0.24221,0.0,0.0,0.0,0.251641,0.068967,0.0,0.0,0.156562,0.0,0.167436,0.183194,0.0,0.063317,0.195703,0.0,0.0,0.0,1.1e-05,0.0,0.0,0.288084,0.0,0.0,0.0,0.104163,0.0,0.291067,0.064061,0.236011,0.0,0.0,0.141439,0.056057,0.24039,0.091392,0.0,0.23347,0.0,0.0,0.254254,0.034186,0.082598,0.0
TCGA-34-5241,0.299165,0.0,0.0,0.0,0.0,0.209739,0.059716,0.266937,0.104979,0.242855,0.192555,0.0,0.0,0.0,0.0,0.262024,0.0,0.216846,0.0,0.0,0.08043,0.0,0.0,0.0,0.0,0.0,0.0,0.0,0.0,0.20672,0.0,0.0,0.218955,0.795828,0.11099,0.086822,0.067638,0.0,0.0,0.0,0.0,0.092071,0.0,0.213681,0.0,0.12199,0.071273,0.0,0.0,0.08458,0.0,0.233907,0.0,0.840894,0.0,0.164232,0.194999,0.0,0.0,0.179557,0.0,1e-06,0.0,0.129777,0.239808,0.090899,0.199399,0.0,0.47961,0.0,0.0,0.0,0.223081,0.194433,0.0,0.0,0.0,0.0,0.0,0.0,0.0,0.737541,0.170488,0.0,0.0,0.141388,0.0,0.0,0.184888,0.172882,0.180097,0.0,0.000242,0.0,0.465231,0.0,0.0,0.0,0.0,0.1949,0.0,0.0,0.250164,0.249055,0.0,0.0,0.0,0.379729,0.224365,0.080427,0.149717,0.0,0.077738,0.0,0.108955,0.0,0.0,0.55402,0.272462,0.141368,0.242524,0.0,1e-06,0.0,0.0,0.0,0.126746,0.336612,0.266344,0.0,0.0,0.204189,0.0,0.079553,0.129521,0.0,0.193883,0.037949,0.110625,0.0,0.105226,0.096374,0.107936,0.114204,0.103771,0.0,0.0,0.222601,0.0,0.0,1.3e-05,0.096034,0.164148,0.059584,4.5e-05,0.149352,0.0,0.107949,0.175666,0.0,0.465678,0.0,0.0,0.0,0.0,0.00318,0.0,0.0,0.0,0.469919,0.0,0.0,0.153264,0.0,0.0,0.0,0.0,0.0,0.0,0.729518,0.153419,0.0,0.0,0.0,0.0,0.178597,0.11903,0.208433,0.0,0.0,0.0,0.0,0.104044,0.0,0.0,0.105935,0.173307,0.234172,0.090635,0.0,8e-06,0.0,2.225733,0.162912,0.0,0.0,0.129908,1.372463,0.0,0.022629,0.0,0.0,0.0,0.0,9.3e-05,0.035969,0.0,0.858318,0.0,0.0,0.0,0.0,0.0,0.19836,0.191055,0.0,0.143779,0.18913,0.0,0.0,0.076926,0.0,0.244879,0.000655,0.0,0.113708,0.220459,0.212779,0.191559,0.0,0.058184,0.0,0.0,0.0,0.0,0.198776,0.156288,0.0,0.174664,0.171417,0.337118,0.0,0.194969,0.025391,1.037573,0.063306,0.0,0.162557,0.137272,0.0,0.0,0.231223,0.0,0.0,0.0,0.0,0.0,2.3e-05,0.237609,0.166714,0.0,0.223804,0.228125,0.087458,0.076172,0.069244,0.0,0.2024,0.0,0.0,0.080089,0.088899,0.202912,0.209614,0.0,0.0,3.5e-05,0.0,0.182955,0.201934,0.176114,0.156184,0.0,0.0,0.0,0.224574,0.0,0.0,0.039801,0.091289,0.0,0.069475,0.080307,0.137379,0.0,0.192283,0.0,0.0,0.012221,0.110506,0.0,0.238342,1e-06,0.0,0.216977,0.0,0.0,0.0,0.0,0.16731,0.0,0.170566,0.200959,0.461034,0.0,0.0,0.203785,0.124055,0.0,0.090659,0.040309,0.357622,0.297339,0.0,0.0,0.252584,0.177796,0.0,0.0,0.0,0.525859,0.159702,0.0,0.0,0.0,0.0,0.0,0.194355,0.186934,0.124682,0.0,0.0,0.0,0.0,0.20184,0.214664,0.0,0.122024,0.0,0.0,0.0,0.0,0.0,0.0,0.1658,0.0,0.23448,0.0,0.548821,0.0,0.0,0.095119,0.0,0.219298,0.0,0.127576,3e-06,0.0,0.0,0.0,0.263482,0.199197,0.0,0.159203,0.190837,0.090347,3.1e-05,0.0,0.347916,0.0,0.100895,0.214247,0.0,0.0,0.0,0.076611,0.079045,0.0,0.0,0.247237,0.0,0.203706,0.109607,0.160719,0.01236,0.0,0.205239,0.0,0.0,0.839867,0.313029,0.018189,0.198762,0.099745,0.202688,0.282414,0.08702,0.297847,0.30545,0.206563,0.087386,0.0,0.0,0.0,0.0,0.0,0.272389,0.227982,0.010428,0.0,0.0,0.0,0.205445,0.664023,0.0,0.268757,0.0,0.267348,0.0,0.183138,0.0,0.73366,0.0,0.0,0.0,0.0,0.0,2.5e-05,0.126886,0.0,0.0,0.190064,0.0,0.0,0.0,0.0,0.428869,0.026696,0.0,0.0,0.037943,0.0,0.1204,0.084679,0.596734,0.19497,0.0,0.946744,0.192485,0.0,0.0,0.0,0.355706,0.092021,0.0,0.0,0.195926,0.0,0.195501,0.162824,0.0,0.084875,0.177213,0.0,0.0,0.0,4e-06,0.0,5e-06,0.214028,0.0,0.0,0.0,0.168263,0.0,0.202656,0.088491,0.19317,0.0,0.0,0.084994,0.077935,0.24582,0.117874,0.0,0.163307,0.0,0.0,0.202908,0.04837,0.10994,0.0
TCGA-34-7107,0.179901,0.0,0.0,0.0,0.0,0.144549,0.12058,0.167293,0.172931,0.156629,0.124738,0.0,0.0,0.0,0.0,0.147565,0.0,0.227967,0.0,0.0,0.130153,0.0,0.0,0.0,0.0,0.0,0.0,0.0,0.0,0.136885,0.0,0.0,0.148937,0.963002,0.090109,0.16278,0.128171,0.0,0.0,0.0,0.0,0.173483,0.0,0.145544,0.0,0.235786,0.081742,0.0,0.0,0.157184,0.0,0.232454,0.0,0.912394,0.0,0.301066,0.13749,0.0,1e-06,0.140299,0.0,5e-06,0.0,0.097112,0.208117,0.179805,0.137864,0.0,0.606576,0.0,0.0,0.0,0.315999,0.142846,0.0,0.0,0.0,0.0,0.0,0.0,0.0,0.874359,0.115675,0.0,0.0,0.121294,0.0,0.0,0.128422,0.139435,0.142574,0.0,2.5e-05,0.0,0.59152,0.0,0.0,0.0,0.0,0.149795,2e-06,0.0,0.16137,0.149474,0.0,0.0,0.0,0.42629,0.143185,0.129996,0.130306,0.0,0.145261,0.0,0.207071,0.0,0.0,0.669601,0.183846,0.219566,0.354841,0.0,6e-06,0.0,0.0,0.0,0.168024,0.411453,0.151725,2e-06,0.0,0.137461,0.0,0.161789,0.256324,0.0,0.294438,0.042289,0.076069,0.0,0.191786,0.106714,0.137983,0.20787,0.199301,0.0,0.0,0.327944,0.0,0.0,2.4e-05,0.178066,0.273768,0.111162,2e-06,0.101661,0.0,0.082185,0.106089,0.0,0.58322,0.0,3e-06,0.0,0.0,0.004583,0.0,0.0,0.0,0.620039,0.0,0.0,0.131843,0.0,0.0,0.0,0.0,0.0,0.0,0.857991,0.11377,0.0,0.0,0.0,0.0,0.115367,0.248256,0.140362,0.0,0.0,0.0,0.0,0.178731,0.0,0.0,0.183486,0.120638,0.255332,0.13906,0.0,9.1e-05,0.0,2.435676,0.136251,0.0,2e-06,0.175822,1.523297,0.0,0.056009,0.0,0.0,0.0,0.0,9e-06,0.109171,0.0,1.02344,0.0,0.0,0.0,0.0,2e-06,0.124655,0.132248,0.0,0.264965,0.334044,0.0,0.0,0.186595,0.0,0.155782,3.5e-05,0.0,0.099267,0.15335,0.144257,0.128597,0.0,0.121157,0.0,0.0,0.0,0.0,0.264128,0.2558,0.0,0.118541,0.118669,0.469804,0.0,0.132713,0.01449,1.190512,0.119145,0.0,0.128831,0.234386,0.0,0.0,0.173669,0.0,0.0,0.0,0.0,0.0,0.0,0.154616,0.115617,0.0,0.146679,0.152848,0.171659,0.154973,0.077026,0.0,0.130347,0.0,0.0,0.164327,0.164655,0.16232,0.131417,0.0,0.0,0.0,0.0,0.111499,0.166715,0.131785,0.14021,0.0,0.0,1e-06,0.152142,0.0,0.0,0.048598,0.161278,0.0,0.147696,0.158874,0.150448,0.0,0.235191,0.0,0.0,0.003525,0.104594,0.0,0.308159,0.0,0.0,0.299137,0.0,1e-06,0.0,0.0,0.115284,0.0,0.127848,0.14733,0.579714,0.0,0.0,0.132283,0.114223,0.0,0.131067,0.10475,0.2949,0.384238,0.0,0.0,0.170848,0.127174,0.0,0.0,0.0,0.642748,0.127179,0.0,0.0,0.0,0.0,0.0,0.134316,0.132502,0.210255,0.0,0.0,0.0,0.0,0.14778,0.155385,0.0,0.202488,0.0,0.0,0.0,0.0,0.0,0.0,0.272903,0.0,0.154719,0.0,0.639127,0.0,0.0,0.188944,0.0,0.154373,0.0,0.281447,7.3e-05,0.0,0.0,0.0,0.178104,0.130647,0.0,0.121601,0.14084,0.105603,2.9e-05,0.0,0.453846,0.0,0.185871,0.138907,0.0,0.0,0.0,0.142277,0.1492,0.0,0.0,0.199637,0.0,0.134922,0.198439,0.275035,0.045913,0.0,0.142533,0.0,0.0,0.985659,0.280463,0.029682,0.142987,0.172387,0.132939,0.408248,0.171626,0.377675,0.311495,0.155619,0.154872,0.0,1.9e-05,0.0,0.0,0.0,0.152787,0.192288,0.032905,3e-06,0.0,0.0,0.149196,0.823317,0.0,0.398051,0.0,0.268044,0.0,0.136298,0.0,0.88569,0.0,0.0,0.0,0.0,0.0,4.8e-05,0.168282,0.0,0.0,0.155499,0.0,3e-06,0.0,0.0,0.504862,0.063441,0.0,0.0,0.083766,0.0,0.207653,0.162874,0.698025,0.132449,0.0,1.119053,0.134824,0.0,0.0,0.0,0.546056,0.173158,0.0,0.0,0.221061,0.0,0.241704,0.131873,0.0,0.161721,0.112217,0.0,0.0,0.0,6.5e-05,0.0,0.0,0.121163,0.0,0.0,0.0,0.269179,0.0,0.112547,0.155706,0.148276,0.0,0.0,0.063117,0.148158,0.210328,0.218239,0.0,0.138708,0.0,0.0,0.126462,0.091222,0.192179,0.0
TCGA-37-3792,0.405662,0.0,0.0,0.0,0.0,0.251433,0.026076,0.339563,0.058206,0.318569,0.25473,0.0,0.0,0.0,0.0,0.367573,0.0,0.21862,0.0,0.0,0.037852,0.0,0.0,0.0,0.0,0.0,0.0,0.0,0.0,0.254161,0.0,0.0,0.268166,0.685423,0.178049,0.050244,0.032674,0.0,0.0,0.0,0.0,0.055023,0.0,0.289867,0.0,0.049552,0.10115,0.0,0.0,0.032126,0.0,0.238201,0.0,0.847763,0.0,0.075904,0.233749,0.0,0.0,0.228085,0.0,0.0,0.0,0.120465,0.217735,0.052629,0.221905,0.0,0.35986,0.0,0.0,0.0,0.155806,0.238083,0.0,0.0,0.0,0.0,0.0,0.0,0.0,0.657859,0.192553,0.0,0.0,0.145527,0.0,0.0,0.205281,0.190342,0.199166,0.0,5.5e-05,0.0,0.376263,0.0,0.0,0.0,0.0,0.211931,0.0,0.0,0.362986,0.328707,0.0,0.0,0.0,0.325399,0.261717,0.048149,0.158087,0.0,0.040244,0.0,0.051284,0.0,0.0,0.427077,0.371576,0.079247,0.158254,0.0,1e-06,0.0,1e-06,0.0,0.103087,0.277843,0.370325,0.0,0.0,0.232769,0.0,0.033814,0.053506,0.0,0.127041,0.067631,0.101103,0.0,0.042527,0.074836,0.092295,0.056749,0.053402,0.0,0.0,0.14781,0.0,0.0,1e-06,0.047988,0.081041,0.031499,1e-06,0.19985,0.0,0.126965,0.212832,0.0,0.396586,0.0,0.0,0.0,0.0,0.000617,0.0,0.0,0.0,0.349961,0.0,0.0,0.192742,0.0,0.0,0.0,0.0,0.0,0.0,0.649227,0.150511,0.0,0.0,0.0,0.0,0.228862,0.041601,0.247189,0.0,0.0,0.0,0.0,0.057047,0.0,0.0,0.050812,0.1796,0.246613,0.047865,0.0,0.0,0.0,2.119434,0.151106,0.0,0.0,0.110642,1.311147,0.0,0.005219,0.0,0.0,0.0,0.0,1e-06,0.009012,0.0,0.747163,0.0,0.0,0.0,0.0,0.0,0.260544,0.228392,0.0,0.059832,0.080609,0.0,0.0,0.025911,0.0,0.352571,0.000773,0.0,0.100525,0.260106,0.240184,0.208894,0.0,0.030115,0.0,0.0,0.0,0.0,0.162685,0.079921,0.0,0.207151,0.200106,0.231765,0.0,0.238108,0.014801,0.944305,0.028199,0.0,0.209174,0.073785,0.0,0.0,0.25102,0.0,0.0,5.9e-05,0.0,0.0,0.0,0.300358,0.19861,0.0,0.280472,0.294767,0.043219,0.033952,0.087939,0.0,0.277094,0.0,0.0,0.03567,0.040382,0.225557,0.28645,0.0,0.0,2.1e-05,0.0,0.232321,0.242046,0.206656,0.200372,0.0,0.0,0.0,0.279264,0.0,0.0,0.004761,0.051657,0.0,0.029947,0.040781,0.144573,0.0,0.192547,0.0,0.0,0.005408,0.12155,0.0,0.206797,1e-06,0.0,0.168696,0.0,0.0,0.0,0.0,0.206132,0.0,0.211131,0.249397,0.362077,0.0,0.0,0.252827,0.135916,0.0,0.056367,0.014413,0.316999,0.267803,0.0,0.0,0.322388,0.214785,0.0,0.0,0.0,0.403684,0.198869,0.0,0.0,0.0,0.0,0.0,0.218353,0.220603,0.059351,0.0,0.0,0.0,0.0,0.235435,0.272643,0.0,0.059691,0.0,0.0,0.0,0.0,0.0,0.0,0.088641,0.0,0.308942,0.0,0.488083,0.0,0.0,0.037052,0.0,0.258217,0.0,0.048293,0.0,0.0,0.0,0.0,0.351873,0.231137,0.0,0.168429,0.233529,0.060847,4e-06,0.0,0.292501,0.0,0.051375,0.252412,0.0,0.0,0.0,0.038343,0.033915,0.0,0.0,0.246859,0.0,0.271219,0.046818,0.072159,0.001675,0.0,0.250235,0.0,0.0,0.772198,0.329518,0.032057,0.237214,0.054448,0.240851,0.215434,0.041246,0.237894,0.256818,0.219177,0.049976,0.0,0.0,0.0,0.0,0.0,0.386465,0.255395,0.002566,0.0,0.0,0.0,0.280763,0.5432,0.0,0.156345,0.0,0.276405,0.0,0.227867,0.0,0.616161,0.0,0.0,0.0,0.0,0.0,0.0,0.104234,0.0,0.0,0.252595,0.0,0.0,0.0,0.0,0.385196,0.006146,0.0,0.0,0.009792,0.0,0.066597,0.04027,0.571776,0.255764,0.0,0.841978,0.247283,0.0,0.0,0.0,0.220276,0.049261,0.0,0.0,0.15725,0.0,0.17561,0.185822,0.0,0.044914,0.210109,0.0,0.0,0.0,0.0,0.0,1e-06,0.288779,0.0,0.0,0.0,0.099636,0.0,0.292355,0.048644,0.237132,0.0,0.0,0.119531,0.038694,0.24825,0.058662,0.0,0.206952,0.0,0.0,0.265976,0.028053,0.056674,0.0
TCGA-37-4135,0.453754,0.0,0.0,0.0,0.0,0.257822,0.01216,0.388462,0.028164,0.357392,0.28557,0.0,0.0,0.0,0.0,0.402392,0.0,0.211349,0.0,0.0,0.015576,0.0,0.0,0.0,0.0,0.0,0.0,0.0,0.0,0.271662,0.0,0.0,0.30346,0.631297,0.209887,0.027473,0.013501,0.0,0.0,0.0,0.0,0.034963,0.0,0.332023,0.0,0.022855,0.125699,0.0,0.0,0.012531,0.0,0.260563,0.0,0.854876,0.0,0.034737,0.268882,0.0,0.0,0.250162,0.0,0.0,0.0,0.135361,0.193405,0.030797,0.242427,0.0,0.311786,0.0,0.0,0.0,0.132262,0.274918,0.0,0.0,0.0,0.0,0.0,0.0,2e-06,0.604057,0.201617,0.0,0.0,0.151488,0.0,0.0,0.214119,0.21084,0.226587,0.0,3.8e-05,0.0,0.331273,0.0,0.0,0.0,0.0,0.221872,0.0,0.0,0.430579,0.360841,0.0,0.0,0.0,0.288617,0.27683,0.027586,0.179248,0.0,0.022484,0.0,0.02543,0.0,0.0,0.355578,0.4098,0.043267,0.118381,0.0,4e-06,0.0,0.0,0.0,0.075527,0.253291,0.417414,0.0,0.0,0.269865,0.0,0.016327,0.029452,0.0,0.090149,0.08357,0.08962,0.0,0.025936,0.08011,0.070347,0.025018,0.032378,0.0,0.0,0.107854,0.0,0.0,4e-06,0.024064,0.039422,0.014337,0.0,0.227073,0.0,0.150402,0.222788,0.0,0.33816,0.0,0.0,0.0,0.0,0.000402,0.0,0.0,0.0,0.308613,0.0,0.0,0.211617,0.0,0.0,0.0,0.0,0.0,0.0,0.585282,0.13215,0.0,0.0,0.0,0.0,0.251947,0.022111,0.252962,0.0,0.0,0.0,0.0,0.027636,0.0,0.0,0.024884,0.183576,0.270439,0.027726,0.0,3e-06,0.0,2.026525,0.155761,0.0,0.0,0.085906,1.263614,0.0,0.002435,0.0,0.0,0.0,0.0,0.0,0.010719,0.0,0.692875,0.0,0.0,0.0,0.0,0.0,0.281626,0.238472,0.0,0.02782,0.042237,0.0,0.0,0.020737,0.0,0.392362,0.001034,0.0,0.085915,0.278202,0.267719,0.209384,0.0,0.012588,0.0,0.0,0.0,0.0,0.142207,0.052022,0.0,0.225788,0.212503,0.17686,0.0,0.266669,0.016257,0.906159,0.025286,0.0,0.251728,0.043868,0.0,0.0,0.272193,0.0,0.0,6.5e-05,0.0,0.0,0.0,0.323546,0.211678,0.0,0.317072,0.339688,0.023894,0.027578,0.096295,0.0,0.322725,0.0,0.0,0.019532,0.02755,0.235061,0.315405,0.0,0.0,0.0,0.0,0.266016,0.250187,0.222657,0.228126,0.0,0.0,0.0,0.32446,0.0,0.0,0.012183,0.028826,0.0,0.017462,0.021955,0.145551,0.0,0.172461,0.0,0.0,0.000373,0.13107,0.0,0.198788,2.5e-05,0.0,0.150477,0.0,0.0,0.0,0.0,0.228389,0.0,0.256701,0.29674,0.307506,0.0,0.0,0.284561,0.153603,0.0,0.028398,0.006812,0.300979,0.260501,0.0,0.0,0.36308,0.242488,0.0,0.0,0.0,0.363003,0.210826,0.0,0.0,0.0,0.0,0.0,0.23747,0.259823,0.034173,0.0,0.0,0.0,0.0,0.26246,0.297715,0.0,0.026004,0.0,0.0,0.0,0.0,0.0,0.0,0.040647,0.0,0.362772,0.0,0.455199,0.0,0.0,0.018382,0.0,0.284546,0.0,0.027175,0.0,0.0,0.0,0.0,0.386071,0.238426,0.0,0.165501,0.252801,0.043969,2e-06,0.0,0.254652,0.0,0.033298,0.278404,0.0,0.0,0.0,0.019715,0.016102,0.0,0.0,0.271831,0.0,0.311521,0.019667,0.035201,0.001886,0.0,0.265859,0.0,0.0,0.743823,0.317646,0.048718,0.260457,0.027575,0.277994,0.18146,0.020296,0.191066,0.238828,0.23496,0.032177,0.0,0.0,0.0,0.0,0.0,0.430412,0.282869,0.003915,0.0,0.0,0.0,0.334974,0.48742,0.0,0.102158,0.0,0.284836,0.0,0.281389,0.0,0.570805,0.0,0.0,0.0,0.0,0.0,0.000289,0.086142,0.0,0.0,0.289721,0.0,0.0,0.0,0.0,0.36816,0.002645,0.0,0.0,0.005145,0.0,0.036926,0.021931,0.543575,0.282015,0.0,0.789294,0.269833,0.0,0.0,0.0,0.151396,0.025771,0.0,0.0,0.165441,0.0,0.14253,0.206975,0.0,0.020108,0.223192,0.0,0.0,0.0,1e-06,0.0,0.0,0.327701,0.0,0.0,0.0,0.04596,0.0,0.326886,0.024176,0.275362,0.0,0.0,0.169528,0.021607,0.271728,0.027891,0.0,0.251559,0.0,0.0,0.291967,0.017211,0.032381,0.0
TCGA-38-4630,0.259411,0.0,0.0,0.0,0.0,0.198394,0.072159,0.236814,0.104381,0.221213,0.181449,0.0,0.0,0.0,0.0,0.239034,0.0,0.199654,0.0,0.0,0.091416,0.0,0.0,0.0,0.0,0.0,0.0,0.0,0.0,0.185308,1e-06,0.0,0.190701,0.779979,0.108892,0.097192,0.069792,0.0,0.0,0.0,0.0,0.097402,0.0,0.191702,0.0,0.128102,0.065086,0.0,0.0,0.089883,0.0,0.22081,0.0,0.812598,0.0,0.17663,0.176296,0.0,1e-06,0.156494,0.0,1e-06,0.0,0.107932,0.23749,0.098295,0.180396,0.0,0.459734,0.0,0.0,0.0,0.224992,0.178112,0.0,0.0,0.0,0.0,0.0,0.0,0.0,0.721633,0.15752,0.0,0.0,0.136915,0.0,0.0,0.167264,0.150102,0.169259,0.0,0.000217,0.0,0.449938,0.0,0.0,0.0,0.0,0.18376,0.0,0.0,0.224965,0.225497,0.0,0.0,0.0,0.363378,0.207021,0.079518,0.125461,0.0,0.087995,0.0,0.109813,0.0,0.0,0.550238,0.252903,0.13798,0.253608,0.0,3e-05,0.0,0.0,1e-06,0.128629,0.306035,0.244352,0.0,0.0,0.1909,0.0,0.087125,0.132191,0.0,0.199054,0.030256,0.106921,0.0,0.106126,0.090117,0.107763,0.128422,0.106407,0.0,0.0,0.228336,0.0,0.0,1e-06,0.096558,0.172478,0.062426,8e-06,0.140161,0.0,0.097654,0.153929,0.0,0.454879,0.0,0.0,0.0,0.0,0.001934,0.0,0.0,0.0,0.45611,0.0,0.0,0.137803,0.0,0.0,0.0,0.0,0.0,0.0,0.709162,0.150227,0.0,0.0,0.0,0.0,0.168903,0.109135,0.190477,0.0,0.0,0.0,0.0,0.112556,0.0,0.0,0.115618,0.155686,0.21393,0.092344,0.0,1.4e-05,0.0,2.157716,0.141013,0.0,0.0,0.119243,1.320302,0.0,0.024733,0.0,0.0,0.0,0.0,1.1e-05,0.024631,0.0,0.840207,0.0,0.0,0.0,0.0,0.0,0.185692,0.160917,0.0,0.157103,0.194955,0.0,0.0,0.066011,0.0,0.219679,0.000622,0.0,0.116979,0.20931,0.194342,0.172811,0.0,0.063878,0.0,0.0,0.0,0.0,0.184865,0.158195,0.0,0.163104,0.154492,0.335672,0.0,0.18007,0.017167,1.022623,0.049888,0.0,0.146998,0.142947,0.0,0.0,0.210217,0.0,0.0,0.0,0.0,0.0,1e-06,0.202909,0.149126,0.0,0.204547,0.203199,0.096007,0.065083,0.064539,0.0,0.173129,0.0,0.0,0.092708,0.093829,0.192798,0.204571,0.0,0.0,2e-06,0.0,0.17465,0.19186,0.159864,0.147171,0.0,0.0,0.0,0.213203,0.0,0.0,0.054565,0.100988,0.0,0.079762,0.083286,0.122781,0.0,0.159508,0.0,0.0,0.012135,0.08942,0.0,0.215489,1e-06,0.0,0.210538,0.0,0.0,0.0,0.0,0.153317,0.0,0.146282,0.183074,0.438789,0.0,0.0,0.205337,0.129476,0.0,0.095528,0.047209,0.321277,0.298158,0.0,0.0,0.219333,0.160003,0.0,0.0,0.0,0.495422,0.154678,0.0,0.0,0.0,0.0,0.0,0.174318,0.155812,0.134563,0.0,0.0,0.0,0.0,0.174083,0.200568,0.0,0.125869,0.0,0.0,0.0,0.0,0.0,0.0,0.181529,0.0,0.21205,2e-06,0.50449,0.0,0.0,0.096813,0.0,0.200006,0.0,0.108383,0.0,0.0,0.0,0.0,0.237373,0.1841,0.0,0.158798,0.171611,0.106085,1.1e-05,0.0,0.354634,0.0,0.090643,0.193224,0.0,0.0,0.0,0.092944,0.081979,0.0,0.0,0.230962,0.0,0.199328,0.101874,0.166232,0.010245,0.0,0.20087,0.0,0.0,0.823438,0.299087,0.020441,0.184292,0.109253,0.169818,0.286425,0.102556,0.303921,0.297878,0.189565,0.092947,0.0,0.0,0.0,0.0,0.0,0.249947,0.209615,0.006156,0.0,0.0,0.0,0.198901,0.664048,0.0,0.279446,0.0,0.254978,0.0,0.160453,0.0,0.716214,0.0,0.0,0.0,0.0,0.0,7.5e-05,0.128124,0.0,0.0,0.184066,0.0,0.0,0.0,0.0,0.411323,0.027812,0.0,0.0,0.025846,0.0,0.115755,0.073632,0.579261,0.183679,0.0,0.918022,0.169482,0.0,0.0,0.0,0.349287,0.10084,0.0,0.0,0.187985,0.0,0.20708,0.156589,0.0,0.091497,0.164402,0.0,0.0,0.0,2e-06,0.0,1e-05,0.190708,0.0,0.0,0.0,0.187815,0.0,0.192541,0.085395,0.178549,0.0,0.0,0.086686,0.092257,0.228903,0.122757,0.0,0.149356,0.0,0.0,0.182318,0.053199,0.113702,0.0
TCGA-38-A44F,0.247728,0.0,0.0,0.0,0.0,0.16473,0.109851,0.225767,0.134346,0.20448,0.167243,0.0,0.0,0.0,0.0,0.202241,0.0,0.231457,0.0,0.0,0.123136,0.0,0.0,0.0,0.0,0.0,0.0,0.0,0.0,0.157486,0.0,0.0,0.170725,0.91395,0.114168,0.132778,0.099888,0.0,0.0,0.0,0.0,0.138731,0.0,0.194569,0.0,0.194374,0.097037,0.0,0.0,0.118915,0.0,0.245895,0.0,0.925358,0.0,0.243882,0.16238,0.0,0.0,0.156083,0.0,1e-06,0.0,0.090059,0.196238,0.145385,0.164916,0.0,0.565591,0.0,0.0,0.0,0.265071,0.163187,0.0,0.0,0.0,0.0,0.0,0.0,0.0,0.831492,0.140605,0.0,0.0,0.11476,0.0,0.0,0.147772,0.156653,0.164379,0.0,9.3e-05,0.0,0.541206,0.0,0.0,0.0,0.0,0.178386,0.0,0.0,0.206493,0.198587,0.0,0.0,0.0,0.407967,0.15909,0.113496,0.125397,0.0,0.12408,0.0,0.162824,0.0,0.0,0.614372,0.224644,0.192495,0.318981,0.0,1e-06,0.0,0.0,0.0,0.157808,0.400608,0.213174,0.0,0.0,0.158589,0.0,0.128158,0.212849,0.0,0.245269,0.056234,0.080173,0.0,0.153795,0.098132,0.134378,0.169785,0.165827,0.0,0.0,0.28089,0.0,0.0,0.000165,0.148346,0.230849,0.089183,4.7e-05,0.129167,0.0,0.094946,0.13513,0.0,0.540027,0.0,0.0,0.0,0.0,0.002471,0.0,0.0,0.0,0.562273,0.0,0.0,0.146054,0.0,0.0,0.0,0.0,0.0,0.0,0.824527,0.117788,0.0,0.0,0.0,0.0,0.158267,0.20591,0.160865,0.0,0.0,0.0,0.0,0.156796,0.0,0.0,0.15668,0.128762,0.262376,0.114898,0.0,6.2e-05,0.0,2.393824,0.126111,0.0,0.0,0.164102,1.502384,0.0,0.047465,0.0,0.0,0.0,0.0,9.9e-05,0.076485,0.0,0.964484,0.0,0.0,0.0,0.0,0.0,0.169556,0.149388,0.0,0.220394,0.283485,0.0,0.0,0.137495,0.0,0.215251,0.000554,0.0,0.085073,0.185866,0.174558,0.159105,0.0,0.089021,0.0,0.0,0.0,0.0,0.245278,0.220347,0.0,0.14437,0.139579,0.413823,0.0,0.162453,0.020741,1.160098,0.102679,0.0,0.15779,0.200145,0.0,0.0,0.202099,0.0,0.0,0.001011,0.0,0.0,3.5e-05,0.187533,0.128627,0.0,0.191259,0.174002,0.139565,0.127688,0.078183,0.0,0.16201,0.0,0.0,0.128075,0.13757,0.173135,0.174619,0.0,0.0,0.0,0.0,0.146725,0.181306,0.151438,0.142167,0.0,0.0,0.0,0.181678,0.0,0.0,0.042535,0.140701,0.0,0.118905,0.130814,0.1497,0.0,0.221339,0.0,0.0,0.003919,0.117992,0.0,0.295952,1e-06,0.0,0.277096,0.0,1e-06,0.0,0.0,0.147608,0.0,0.144844,0.17598,0.548397,0.0,0.0,0.165206,0.119849,0.0,0.120362,0.070164,0.291205,0.372692,0.0,0.0,0.215188,0.147597,0.0,0.0,0.0,0.590461,0.150204,0.0,0.0,0.0,0.0,0.0,0.159697,0.159278,0.183303,0.0,0.0,0.0,0.0,0.16632,0.181122,0.0,0.165724,0.0,0.0,0.0,0.0,0.0,0.0,0.222437,0.0,0.198158,0.0,0.60587,0.0,0.0,0.155712,0.0,0.183473,0.0,0.216897,4e-06,0.0,0.0,0.0,0.211783,0.155915,0.0,0.131152,0.164898,0.111755,0.00013,0.0,0.421456,0.0,0.14745,0.163568,0.0,0.0,0.0,0.111145,0.122975,0.0,0.0,0.216709,0.0,0.172998,0.169558,0.24362,0.027646,0.0,0.174621,0.0,0.0,0.95685,0.296903,0.040917,0.159768,0.148936,0.159938,0.365191,0.1477,0.339784,0.299811,0.177373,0.137434,0.0,0.0,0.0,0.0,0.0,0.219149,0.197968,0.017678,0.0,0.0,0.0,0.187194,0.758651,0.0,0.347805,0.0,0.279843,0.0,0.167602,0.0,0.839135,0.0,0.0,0.0,0.0,0.0,1e-06,0.165842,0.0,0.0,0.179898,0.0,0.0,0.0,0.0,0.488945,0.047952,0.0,0.0,0.069836,0.0,0.182388,0.118059,0.685169,0.159451,0.0,1.066906,0.16542,0.0,0.0,0.0,0.478617,0.140109,0.0,0.0,0.206548,0.0,0.222076,0.146221,0.0,0.13902,0.142507,0.0,0.0,0.0,1e-06,0.0,0.0,0.166736,0.0,0.0,0.0,0.234134,0.0,0.154898,0.126708,0.172188,0.0,0.0,0.084482,0.118062,0.225095,0.174615,0.0,0.16293,0.0,0.0,0.156524,0.074995,0.171771,0.0
TCGA-39-5034,0.488773,0.0,0.0,0.0,0.0,0.273739,0.015365,0.448928,0.020185,0.379213,0.308263,0.0,0.0,0.0,0.0,0.424074,0.0,0.213948,0.0,0.0,0.017238,0.0,0.0,0.0,0.0,0.0,0.0,0.0,0.0,0.312329,0.0,0.0,0.31218,0.583179,0.144818,0.017527,0.014219,0.0,0.0,0.0,0.0,0.020525,0.0,0.335977,0.0,0.027825,0.088037,0.0,0.0,0.017077,0.0,0.2518,0.0,0.774489,0.0,0.034588,0.309702,0.0,0.0,0.263209,0.0,1e-06,1e-06,0.190332,0.236345,0.022236,0.284674,0.0,0.323666,0.0,0.0,0.0,0.070411,0.315429,0.0,0.0,0.0,0.0,0.0,0.0,0.0,0.57803,0.240025,0.0,0.0,0.189834,0.0,0.0,0.268902,0.259032,0.276264,0.0,8.2e-05,0.0,0.301545,0.0,0.0,0.0,0.0,0.289863,0.0,0.0,0.418072,0.406701,0.0,0.0,0.0,0.311624,0.31123,0.021299,0.208434,0.0,0.017646,0.0,0.023236,0.0,0.0,0.380779,0.433535,0.037935,0.092068,0.0,0.0,0.0,0.0,1e-06,0.044669,0.278568,0.462417,0.0,0.0,0.317161,0.0,0.018957,0.029767,0.0,0.063442,0.056411,0.121625,0.0,0.02605,0.099186,0.05063,0.025975,0.025341,0.0,0.0,0.078307,0.0,0.0,9e-06,0.019318,0.028736,0.011711,0.0,0.237751,0.0,0.179016,0.261513,0.0,0.27607,0.0,1e-06,0.0,0.0,0.0017,0.0,0.0,0.0,0.300718,0.0,0.0,0.227083,0.0,0.0,9.8e-05,0.0,0.0,0.0,0.546586,0.176134,0.0,0.0,0.0,0.0,0.281422,0.024567,0.2895,0.0,0.0,0.0,0.0,0.026677,0.0,0.0,0.02566,0.219177,0.244062,0.019516,0.0,0.000649,0.0,1.960873,0.198599,0.0,0.0,0.047325,1.200644,0.0,0.007878,0.0,0.0,0.0,0.0,0.0,0.010147,0.0,0.652882,0.0,0.0,0.0,0.0,0.0,0.332521,0.279682,0.0,0.030901,0.044408,0.0,0.0,0.017582,0.0,0.400745,0.006062,0.0,0.12523,0.345394,0.332369,0.298377,0.0,0.014193,0.0,0.0,0.0,0.0,0.106308,0.061795,0.0,0.249904,0.252862,0.161906,0.0,0.282758,0.083694,0.840792,0.01649,0.0,0.254248,0.026986,0.0,0.0,0.307217,0.0,0.0,0.0,0.0,0.0,0.0,0.366209,0.22517,0.0,0.367894,0.354678,0.020485,0.019486,0.09297,0.0,0.341597,0.0,0.0,0.019377,0.01954,0.281711,0.331716,0.0,0.0,0.0,0.0,0.281849,0.292397,0.262622,0.222327,0.0,0.0,0.0,0.35029,0.0,0.0,0.035897,0.019115,0.0,0.016961,0.01679,0.128349,0.0,0.126739,0.0,0.0,0.001572,0.161228,0.0,0.16551,1.1e-05,0.0,0.107005,0.0,0.0,0.0,0.0,0.245577,0.0,0.265435,0.319018,0.326598,0.0,0.0,0.32466,0.158196,0.0,0.024218,0.01062,0.350292,0.182449,0.0,0.0,0.41526,0.267082,0.0,0.0,0.0,0.365894,0.224719,0.0,0.0,0.0,0.0,0.0,0.301039,0.297315,0.030454,0.0,0.0,0.0,0.0,0.308884,0.311262,0.0,0.024002,0.0,0.0,0.0,0.0,0.0,0.0,0.031808,0.0,0.378324,0.0,0.431548,0.0,0.0,0.022691,0.0,0.326172,1.5e-05,0.026491,7e-06,0.0,0.0,0.0,0.405954,0.296648,0.0,0.21552,0.311493,0.026463,1e-06,0.0,0.209282,0.0,0.024196,0.337316,0.0,0.0,0.0,0.014292,0.015522,0.0,0.0,0.315434,0.0,0.309064,0.025064,0.034154,0.003042,0.0,0.311769,0.0,0.0,0.662083,0.33809,0.014425,0.272707,0.019811,0.303423,0.128656,0.020577,0.16684,0.293889,0.311855,0.020728,0.0,0.0,0.0,0.0,0.0,0.444991,0.302475,0.004713,3e-06,0.0,0.0,0.29864,0.443174,0.0,0.077922,3e-06,0.305007,0.0,0.320636,0.0,0.54147,0.0,0.0,0.0,0.0,0.0,3.7e-05,0.049212,0.0,0.0,0.250259,0.0,0.0,0.0,0.0,0.365519,0.008619,0.0,0.0,0.009135,0.0,0.028453,0.018005,0.477382,0.308606,0.0,0.738824,0.299161,0.0,0.0,0.0,0.114962,0.021684,0.0,0.0,0.188508,0.0,0.100802,0.244828,0.0,0.018286,0.245857,0.0,0.0,0.0,0.0,0.0,0.0,0.342215,0.0,0.0,0.0,0.035507,0.0,0.334941,0.016982,0.300441,0.0,0.0,0.150161,0.016297,0.296754,0.024789,0.0,0.253622,0.0,0.0,0.30585,0.010957,0.026791,0.0
TCGA-43-3394,0.285936,0.0,0.0,0.0,0.0,0.206536,0.058,0.253154,0.094515,0.2338,0.193499,0.0,0.0,0.0,0.0,0.248927,0.0,0.206826,0.0,0.0,0.078907,0.0,0.0,0.0,0.0,0.0,0.0,0.0,0.0,0.193876,2e-06,0.0,0.210465,0.789409,0.123002,0.094301,0.060921,0.0,0.0,0.0,0.0,0.095037,0.0,0.213486,0.0,0.126936,0.07692,0.0,0.0,0.07733,0.0,0.2388,0.0,0.832277,0.0,0.163301,0.191274,0.0,2e-06,0.17546,0.0,0.0,0.0,0.120524,0.231727,0.089391,0.186327,0.0,0.473422,0.0,0.0,0.0,0.222202,0.191793,0.0,0.0,0.0,0.0,0.0,0.0,0.0,0.723167,0.166334,0.0,0.0,0.141922,0.0,0.0,0.175224,0.165511,0.177484,0.0,0.000384,0.0,0.462849,0.0,0.0,0.0,0.0,0.196474,0.0,0.0,0.252588,0.231506,0.0,0.0,0.0,0.367711,0.207387,0.080163,0.146831,0.0,0.082459,0.0,0.11186,0.0,0.0,0.549351,0.262762,0.131169,0.25184,0.0,0.000134,0.0,0.0,3e-06,0.120583,0.330004,0.254074,3e-06,2e-06,0.195423,0.0,0.077614,0.126975,0.0,0.186584,0.031934,0.104137,0.0,0.09847,0.100941,0.100293,0.116829,0.102164,0.0,0.0,0.225936,0.0,0.0,1.4e-05,0.096277,0.172215,0.061514,6e-06,0.152758,0.0,0.107284,0.169344,0.0,0.458487,0.0,0.0,0.0,0.0,0.003678,0.0,0.0,0.0,0.461849,0.0,0.0,0.150063,0.0,0.0,0.0,0.0,0.0,0.0,0.717979,0.144406,0.0,0.0,0.0,0.0,0.179596,0.121164,0.201014,0.0,0.0,0.0,0.0,0.103761,0.0,0.0,0.103287,0.162888,0.238697,0.087118,0.0,3.6e-05,0.0,2.207214,0.158016,0.0,0.0,0.116823,1.34869,0.0,0.026757,0.0,0.0,0.0,0.0,2.3e-05,0.045969,0.0,0.847141,0.0,0.0,0.0,0.0,0.0,0.187545,0.175187,0.0,0.147311,0.191278,0.0,0.0,0.083757,0.0,0.238168,0.00079,0.0,0.119808,0.208292,0.207812,0.179507,0.0,0.063746,0.0,0.0,0.0,0.0,0.189474,0.158412,0.0,0.173982,0.16373,0.334399,0.0,0.189616,0.015706,1.030588,0.058564,0.0,0.164707,0.144598,0.0,0.0,0.223602,0.0,0.0,2e-06,0.0,0.0,1e-06,0.21964,0.160943,0.0,0.206068,0.214961,0.088214,0.073306,0.074458,0.0,0.197208,0.0,0.0,0.077564,0.086329,0.19517,0.204578,0.0,0.0,5e-06,0.0,0.187803,0.205548,0.173877,0.157796,0.0,0.0,0.0,0.217795,0.0,0.0,0.05994,0.099947,0.0,0.074499,0.084143,0.132979,0.0,0.185323,0.0,0.0,0.008839,0.115664,0.0,0.24016,1e-06,0.0,0.219493,1e-06,0.0,0.0,0.0,0.173661,0.0,0.163451,0.199221,0.45705,0.0,0.0,0.20322,0.137464,0.0,0.076917,0.044101,0.326463,0.307364,0.0,0.0,0.239502,0.175809,0.0,0.0,0.0,0.507,0.156264,0.0,0.0,0.0,0.0,0.0,0.191653,0.181013,0.127325,0.0,0.0,0.0,0.0,0.194358,0.215267,0.0,0.119178,0.0,0.0,0.0,0.0,0.0,0.0,0.164245,0.0,0.229842,2e-06,0.527606,0.0,0.0,0.091984,0.0,0.21831,0.0,0.130348,0.0,0.0,0.0,0.0,0.249225,0.191107,0.0,0.165331,0.177718,0.099452,5e-06,0.0,0.346921,0.0,0.091496,0.200218,0.0,0.0,0.0,0.08605,0.080317,0.0,0.0,0.231481,0.0,0.210811,0.101154,0.163679,0.013205,0.0,0.198839,0.0,0.0,0.842809,0.2966,0.02117,0.185191,0.102061,0.189255,0.284448,0.096871,0.293224,0.302433,0.19342,0.094833,0.0,0.0,0.0,0.0,0.0,0.262668,0.225169,0.011794,0.0,0.0,0.0,0.202086,0.658446,0.0,0.283138,0.0,0.269234,0.0,0.182011,0.0,0.73225,0.0,0.0,0.0,0.0,0.0,0.000636,0.127629,0.0,0.0,0.200173,0.0,0.0,0.0,0.0,0.425616,0.028184,0.0,0.0,0.034521,0.0,0.113845,0.074269,0.586983,0.192286,0.0,0.937555,0.190287,0.0,0.0,0.0,0.366692,0.091559,0.0,0.0,0.197254,0.0,0.191378,0.164329,0.0,0.080919,0.172318,0.0,0.0,0.0,2.2e-05,0.0,1e-06,0.204406,0.0,0.0,0.0,0.17696,0.0,0.207754,0.090256,0.194198,0.0,0.0,0.09442,0.086355,0.237924,0.117361,0.0,0.16674,0.0,0.0,0.195832,0.054116,0.110057,0.0
TCGA-43-5668,0.311365,0.0,0.0,0.0,0.0,0.20147,0.074848,0.269138,0.098727,0.248091,0.204502,0.0,0.0,0.0,0.0,0.287731,0.0,0.225761,0.0,0.0,0.091948,0.0,0.0,0.0,0.0,0.0,0.0,0.0,0.0,0.185092,7e-06,0.0,0.202576,0.801639,0.170972,0.10689,0.069468,0.0,0.0,0.0,0.0,0.10336,0.0,0.234928,0.0,0.129342,0.111525,0.0,0.0,0.081481,0.0,0.24402,0.0,0.914309,0.0,0.17105,0.192002,0.0,5e-06,0.190625,0.0,1e-06,0.0,0.07726,0.183839,0.113178,0.176291,0.0,0.459683,0.0,0.0,0.0,0.209469,0.188271,0.0,0.0,0.0,0.0,0.0,0.0,0.0,0.759174,0.15419,0.0,0.0,0.120701,0.0,0.0,0.163222,0.164005,0.167468,0.0,8.6e-05,0.0,0.467253,0.0,0.0,0.0,0.0,0.184688,0.0,0.0,0.281299,0.251299,0.0,0.0,0.0,0.36131,0.186815,0.096117,0.121432,0.0,0.09469,0.0,0.119068,0.0,0.0,0.522782,0.293755,0.136347,0.251693,0.0,7.3e-05,0.0,0.0,1e-06,0.148005,0.334333,0.291218,0.0,2e-06,0.177424,0.0,0.090032,0.140015,0.0,0.195143,0.075181,0.079007,0.0,0.102025,0.077149,0.130283,0.126209,0.117862,0.0,0.0,0.210512,0.0,0.0,1.2e-05,0.102419,0.170872,0.065104,0.0,0.159763,0.0,0.10264,0.169156,0.0,0.473595,0.0,0.0,0.0,0.0,0.001426,0.0,0.0,0.0,0.455718,0.0,0.0,0.168792,0.0,0.0,0.0,0.0,0.0,0.0,0.758281,0.121275,0.0,0.0,0.0,0.0,0.193146,0.129287,0.19768,0.0,0.0,0.0,0.0,0.115751,0.0,0.0,0.116412,0.13676,0.252015,0.089781,0.0,1.8e-05,0.0,2.281715,0.117453,0.0,0.0,0.14721,1.42681,0.0,0.029975,0.0,0.0,0.0,0.0,3e-06,0.033757,0.0,0.857924,0.0,0.0,0.0,0.0,0.0,0.215229,0.171555,0.0,0.148446,0.193822,0.0,0.0,0.08473,0.0,0.279936,0.000223,0.0,0.077429,0.205311,0.189432,0.17209,0.0,0.070076,0.0,0.0,0.0,0.0,0.210145,0.145535,0.0,0.162867,0.156515,0.32622,0.0,0.203318,0.005136,1.077827,0.074002,0.0,0.174642,0.146095,0.0,0.0,0.21793,0.0,0.0,0.000904,0.0,0.0,0.0,0.229371,0.153747,0.0,0.222187,0.209608,0.096762,0.086025,0.101895,0.0,0.208796,0.0,0.0,0.082635,0.093297,0.186621,0.238809,0.0,0.0,5.6e-05,0.0,0.189494,0.199234,0.169107,0.17324,0.0,0.0,1e-06,0.219322,0.0,0.0,0.01535,0.108162,0.0,0.078986,0.093556,0.143789,0.0,0.225318,0.0,0.0,0.010219,0.116789,0.0,0.257249,3e-06,0.0,0.240453,3e-06,2e-06,0.0,0.0,0.181655,0.0,0.162048,0.206707,0.461521,0.0,0.0,0.208892,0.117628,0.0,0.094908,0.044686,0.284594,0.343814,0.0,0.0,0.248011,0.173768,0.0,0.0,0.0,0.486396,0.162285,0.0,0.0,0.0,0.0,0.0,0.178098,0.176912,0.138073,0.0,0.0,0.0,0.0,0.179246,0.218569,0.0,0.126048,0.0,0.0,0.0,0.0,0.0,0.0,0.168076,0.0,0.247746,4e-06,0.547558,0.0,0.0,0.105358,0.0,0.213366,0.0,0.129846,4e-06,0.0,0.0,0.0,0.267709,0.181363,0.0,0.133232,0.179924,0.104146,2e-06,0.0,0.3739,0.0,0.110043,0.18017,0.0,0.0,0.0,0.092601,0.088654,0.0,0.0,0.212338,0.0,0.228806,0.111311,0.176322,0.011591,0.0,0.200079,0.0,0.0,0.888632,0.315844,0.061613,0.176677,0.113801,0.188327,0.296266,0.108904,0.284237,0.261657,0.176393,0.100389,0.0,0.0,0.0,0.0,0.0,0.307898,0.212537,0.011822,0.0,0.0,0.0,0.23264,0.65326,0.0,0.266221,0.0,0.271165,0.0,0.189042,0.0,0.726167,1e-06,0.0,0.0,0.0,0.0,3e-06,0.143606,0.0,0.0,0.217637,0.0,0.0,0.0,0.0,0.440423,0.029755,0.0,0.0,0.042325,0.0,0.136325,0.078304,0.654655,0.203617,0.0,0.968342,0.199024,0.0,0.0,0.0,0.363587,0.102579,0.0,0.0,0.164916,0.0,0.216834,0.147957,0.0,0.100399,0.16899,0.0,0.0,2e-06,3e-06,0.0,0.0,0.222732,0.0,0.0,0.0,0.178754,0.0,0.23331,0.094752,0.184899,0.0,0.0,0.094893,0.088133,0.221899,0.120233,0.0,0.172968,0.0,0.0,0.205226,0.063673,0.120523,0.0
TCGA-43-A475,0.320801,0.0,0.0,0.0,0.0,0.20401,0.057247,0.266503,0.090126,0.253039,0.21124,0.0,0.0,0.0,0.0,0.290892,0.0,0.205637,0.0,0.0,0.075115,0.0,0.0,0.0,0.0,0.0,0.0,0.0,0.0,0.186277,0.0,0.0,0.204757,0.746386,0.15428,0.093328,0.062655,0.0,0.0,0.0,0.0,0.085667,0.0,0.245952,0.0,0.090786,0.090246,0.0,0.0,0.064384,0.0,0.228254,0.0,0.841777,0.0,0.135949,0.177056,0.0,0.0,0.189166,0.0,0.0,0.0,0.082066,0.184222,0.094002,0.178018,0.0,0.408081,0.0,0.0,0.0,0.186409,0.192352,0.0,0.0,0.0,0.0,0.0,0.0,0.0,0.690813,0.168932,0.0,0.0,0.1228,0.0,0.0,0.154367,0.163473,0.171653,0.0,3.3e-05,0.0,0.421654,0.0,0.0,0.0,0.0,0.18217,0.0,0.0,0.28632,0.257373,0.0,0.0,0.0,0.328111,0.197317,0.074873,0.124275,0.0,0.073241,0.0,0.095451,0.0,0.0,0.473895,0.292924,0.11424,0.212288,0.0,2e-06,0.0,0.0,1.2e-05,0.130027,0.303831,0.295108,0.0,0.0,0.181382,0.0,0.067265,0.106314,0.0,0.162162,0.072531,0.071375,0.0,0.077003,0.072087,0.114394,0.09676,0.087221,0.0,0.0,0.195051,0.0,0.0,9e-06,0.088886,0.135475,0.053295,7e-06,0.162015,0.0,0.103166,0.172203,0.0,0.430947,0.0,0.0,0.0,0.0,0.000763,0.0,0.0,0.0,0.398568,0.0,0.0,0.150518,0.0,0.0,0.0,0.0,0.0,0.0,0.696438,0.124472,0.0,0.0,0.0,0.0,0.197282,0.086286,0.191382,0.0,0.0,0.0,0.0,0.095233,0.0,0.0,0.089395,0.144113,0.222332,0.071796,0.0,3e-06,0.0,2.147778,0.116998,0.0,0.0,0.136633,1.332677,0.0,0.02332,0.0,0.0,0.0,0.0,1.3e-05,0.021835,0.0,0.785287,0.0,0.0,0.0,0.0,0.0,0.208754,0.171368,0.0,0.112786,0.139783,0.0,0.0,0.053956,0.0,0.280483,0.000271,0.0,0.08006,0.210437,0.193239,0.175413,0.0,0.054231,0.0,0.0,0.0,0.0,0.188896,0.123501,0.0,0.168545,0.152372,0.294084,0.0,0.192509,0.006475,0.990155,0.042582,0.0,0.170115,0.121631,0.0,0.0,0.217746,0.0,0.0,0.000142,0.0,0.0,4e-06,0.225336,0.148556,0.0,0.220049,0.212744,0.07896,0.055645,0.077896,0.0,0.218419,0.0,0.0,0.060652,0.073218,0.181186,0.231567,0.0,0.0,0.000226,0.0,0.186235,0.197704,0.167,0.166508,0.0,0.0,0.0,0.228287,0.0,0.0,0.016021,0.089499,0.0,0.060035,0.076187,0.131609,0.0,0.190627,0.0,0.0,0.003679,0.111003,0.0,0.224562,0.0,0.0,0.210245,0.0,0.0,0.0,0.0,0.171683,0.0,0.162711,0.202225,0.411482,0.0,0.0,0.20743,0.115689,0.0,0.09157,0.035147,0.277699,0.308432,0.0,0.0,0.257047,0.17359,0.0,0.0,0.0,0.437116,0.163713,0.0,0.0,0.0,0.0,0.0,0.184184,0.177861,0.112625,0.0,0.0,0.0,0.0,0.184335,0.22191,0.0,0.101298,0.0,0.0,0.0,0.0,0.0,0.0,0.130114,0.0,0.248323,0.0,0.494663,0.0,0.0,0.068125,0.0,0.213072,0.0,0.090125,0.0,0.0,0.0,0.0,0.261677,0.187543,0.0,0.14567,0.188112,0.092181,3.7e-05,0.0,0.339605,0.0,0.086327,0.191124,0.0,0.0,0.0,0.075109,0.071763,0.0,0.0,0.205117,0.0,0.220268,0.099818,0.134207,0.003704,0.0,0.203703,0.0,0.0,0.809941,0.301811,0.038913,0.172691,0.096927,0.183478,0.270061,0.085067,0.267611,0.249259,0.17715,0.08726,0.0,0.0,0.0,0.0,0.0,0.306948,0.203486,0.005974,0.0,0.0,0.0,0.218646,0.602174,0.0,0.232022,0.0,0.258283,0.0,0.185243,0.0,0.679246,0.0,0.0,0.0,0.0,0.0,7e-06,0.128331,0.0,0.0,0.213065,0.0,0.0,0.0,0.0,0.395178,0.020236,0.0,0.0,0.024265,0.0,0.111508,0.060702,0.596921,0.20513,0.0,0.892753,0.202134,0.0,0.0,0.0,0.29801,0.085427,0.0,0.0,0.152207,0.0,0.191141,0.158076,0.0,0.087578,0.184318,0.0,0.0,0.0,0.0,0.0,0.0,0.227046,0.0,0.0,0.0,0.153759,0.0,0.244731,0.072666,0.19731,0.0,0.0,0.104707,0.071329,0.207954,0.09948,0.0,0.172854,0.0,0.0,0.211575,0.045417,0.096228,0.0
TCGA-43-A56U,0.3082,0.0,0.0,0.0,0.0,0.204172,0.057107,0.262133,0.08763,0.247905,0.202385,0.0,0.0,0.0,0.0,0.279804,0.0,0.203576,0.0,0.0,0.067817,0.0,0.0,0.0,0.0,0.0,0.0,0.0,0.0,0.189101,0.0,0.0,0.205404,0.741157,0.144892,0.091305,0.063175,0.0,0.0,0.0,0.0,0.086135,0.0,0.231254,0.0,0.101466,0.078238,0.0,0.0,0.068188,0.0,0.223857,0.0,0.822897,0.0,0.144867,0.18176,0.0,0.0,0.1861,0.0,1e-06,0.0,0.08937,0.186821,0.090118,0.174983,0.0,0.415315,0.0,0.0,0.0,0.190891,0.191884,0.0,0.0,0.0,0.0,0.0,0.0,0.0,0.688787,0.16306,0.0,0.0,0.133775,0.0,0.0,0.160956,0.163786,0.169585,0.0,2.7e-05,0.0,0.429326,0.0,0.0,0.0,0.0,0.183996,0.0,0.0,0.275945,0.246914,0.0,0.0,0.0,0.333573,0.204485,0.072839,0.129711,0.0,0.077321,0.0,0.096027,0.0,0.0,0.492063,0.283558,0.12021,0.215651,0.0,1e-05,0.0,0.0,6e-06,0.12245,0.302363,0.279323,0.0,0.0,0.192384,0.0,0.069635,0.108232,0.0,0.16811,0.057642,0.074148,0.0,0.082178,0.08055,0.107483,0.102197,0.087715,0.0,0.0,0.199313,0.0,0.0,4e-06,0.089893,0.142227,0.055793,1e-06,0.156758,0.0,0.107076,0.169469,0.0,0.426105,0.0,0.0,0.0,0.0,0.001103,0.0,0.0,0.0,0.405624,0.0,0.0,0.152602,0.0,0.0,0.0,0.0,0.0,0.0,0.686058,0.127452,0.0,0.0,0.0,0.0,0.192444,0.094059,0.196862,0.0,0.0,0.0,0.0,0.092425,0.0,0.0,0.093124,0.158496,0.223594,0.0703,0.0,1e-06,0.0,2.131338,0.130471,0.0,0.0,0.131193,1.318102,0.0,0.024635,0.0,0.0,0.0,0.0,2e-06,0.030881,0.0,0.784529,0.0,0.0,0.0,0.0,0.0,0.204593,0.171914,0.0,0.126297,0.152139,0.0,0.0,0.067302,0.0,0.2632,0.000166,0.0,0.086297,0.20604,0.191364,0.172774,0.0,0.054488,0.0,0.0,0.0,0.0,0.17513,0.131229,0.0,0.168499,0.150127,0.29607,0.0,0.195221,0.008913,0.97439,0.046455,0.0,0.171722,0.121911,0.0,0.0,0.216722,0.0,0.0,5.4e-05,0.0,0.0,1e-06,0.219344,0.148696,0.0,0.215186,0.215255,0.086531,0.063165,0.072362,0.0,0.211275,0.0,0.0,0.071466,0.074758,0.182499,0.227809,0.0,0.0,4.1e-05,0.0,0.183657,0.200359,0.167778,0.174132,0.0,0.0,0.0,0.227713,0.0,0.0,0.023501,0.084319,0.0,0.06416,0.079028,0.127047,0.0,0.190301,0.0,0.0,0.00406,0.116714,0.0,0.220624,0.0,0.0,0.208747,0.0,0.0,0.0,0.0,0.169922,0.0,0.167049,0.201021,0.412507,0.0,0.0,0.200374,0.1169,0.0,0.084025,0.03654,0.281219,0.300522,0.0,0.0,0.249064,0.172239,0.0,0.0,0.0,0.449185,0.158155,0.0,0.0,0.0,0.0,0.0,0.181502,0.17771,0.113024,0.0,0.0,0.0,0.0,0.185388,0.219305,0.0,0.107506,0.0,0.0,0.0,0.0,0.0,0.0,0.136387,0.0,0.24173,0.0,0.499423,0.0,0.0,0.075039,0.0,0.211047,0.0,0.103876,8e-06,0.0,0.0,0.0,0.254824,0.187352,0.0,0.148233,0.17944,0.072698,1.1e-05,0.0,0.337002,0.0,0.086904,0.192384,0.0,0.0,0.0,0.075127,0.074436,0.0,0.0,0.210927,0.0,0.216195,0.103959,0.135723,0.004935,0.0,0.205055,0.0,0.0,0.799242,0.294551,0.030366,0.175284,0.094581,0.17966,0.268294,0.083784,0.276131,0.261519,0.18,0.087489,0.0,0.0,0.0,0.0,0.0,0.295049,0.208678,0.005205,0.0,0.0,0.0,0.207903,0.610361,0.0,0.231004,0.0,0.253695,0.0,0.185822,0.0,0.676387,0.0,0.0,0.0,0.0,0.0,0.0,0.123596,0.0,0.0,0.201264,0.0,0.0,0.0,0.0,0.398965,0.024318,0.0,0.0,0.028175,0.0,0.107205,0.071037,0.586028,0.195475,0.0,0.887815,0.191483,0.0,0.0,0.0,0.303015,0.082044,0.0,0.0,0.157431,0.0,0.184779,0.158704,0.0,0.090972,0.177134,0.0,0.0,0.0,9e-06,0.0,0.0,0.216113,0.0,0.0,0.0,0.151345,0.0,0.229983,0.074683,0.197166,0.0,0.0,0.086658,0.075278,0.212881,0.106576,0.0,0.174297,0.0,0.0,0.206822,0.048595,0.092643,0.0
TCGA-44-2656,0.307806,0.0,0.0,0.0,0.0,0.193649,0.075612,0.260071,0.125458,0.240325,0.18806,0.0,0.0,0.0,0.0,0.278379,0.0,0.23703,0.0,0.0,0.08985,0.0,0.0,0.0,0.0,0.0,0.0,0.0,0.0,0.203453,0.0,0.0,0.211734,0.85925,0.151953,0.117644,0.088687,0.0,0.0,0.0,0.0,0.122285,0.0,0.225526,0.0,0.14639,0.107434,0.0,0.0,0.101194,0.0,0.244419,0.0,0.944616,0.0,0.199952,0.190755,0.0,0.0,0.193206,0.0,0.0,0.0,0.101813,0.20429,0.121619,0.17824,0.0,0.505387,0.0,0.0,0.0,0.253098,0.188974,0.0,0.0,0.0,0.0,0.0,0.0,0.0,0.80128,0.163496,0.0,0.0,0.120494,0.0,0.0,0.165835,0.160551,0.168768,0.0,0.000575,0.0,0.512599,0.0,0.0,0.0,0.0,0.173698,0.0,0.0,0.281136,0.245751,0.0,0.0,0.0,0.390379,0.19625,0.107487,0.144348,0.0,0.106209,0.0,0.146922,0.0,0.0,0.568541,0.278129,0.159395,0.272513,0.0,3e-06,0.0,0.0,0.0,0.15319,0.360051,0.277038,0.0,0.0,0.176389,0.0,0.100049,0.163933,0.0,0.222739,0.069261,0.086672,0.0,0.13024,0.082602,0.134373,0.138912,0.143089,0.0,0.0,0.247998,0.0,0.0,1e-06,0.116098,0.192566,0.081369,0.0,0.155257,0.0,0.099421,0.16718,0.0,0.519725,0.0,0.0,0.0,0.0,0.004444,0.0,0.0,0.0,0.508086,0.0,0.0,0.170092,0.0,0.0,0.0,0.0,0.0,0.0,0.795862,0.116405,0.0,0.0,0.0,0.0,0.175279,0.150304,0.198488,0.0,0.0,0.0,0.0,0.131584,0.0,0.0,0.130722,0.14984,0.273376,0.114558,0.0,0.0,0.0,2.376942,0.142161,0.0,0.0,0.158175,1.491559,0.0,0.031904,0.0,0.0,0.0,0.0,0.0,0.045567,0.0,0.919898,0.0,0.0,0.0,0.0,0.0,0.199022,0.176694,0.0,0.161346,0.224256,0.0,0.0,0.109921,0.0,0.255047,0.000316,0.0,0.086982,0.194147,0.188446,0.163689,0.0,0.08498,0.0,0.0,0.0,0.0,0.23843,0.172785,0.0,0.170328,0.16122,0.36241,0.0,0.191275,0.009195,1.126306,0.090999,0.0,0.161488,0.169078,0.0,0.0,0.217667,0.0,0.0,0.000219,0.0,0.0,0.0,0.237502,0.167061,0.0,0.215799,0.226671,0.111658,0.109897,0.102355,0.0,0.205338,0.0,0.0,0.104604,0.117401,0.187829,0.222841,0.0,0.0,0.0,0.0,0.178905,0.199178,0.165838,0.165492,0.0,0.0,0.0,0.209645,0.0,0.0,0.007299,0.121009,0.0,0.092527,0.105555,0.154142,0.0,0.246947,0.0,0.0,0.014114,0.10883,0.0,0.277277,0.0,0.0,0.257381,0.0,0.0,0.0,0.0,0.175378,0.0,0.164411,0.199836,0.500358,0.0,0.0,0.19648,0.119044,0.0,0.104261,0.059309,0.323871,0.357223,0.0,0.0,0.250445,0.171098,0.0,0.0,0.0,0.550729,0.158682,0.0,0.0,0.0,0.0,0.0,0.173444,0.177476,0.145127,0.0,0.0,0.0,0.0,0.196703,0.216952,0.0,0.144658,0.0,0.0,0.0,0.0,0.0,0.0,0.195979,0.0,0.240396,0.0,0.598947,0.0,0.0,0.120715,0.0,0.206912,0.0,0.172418,2e-06,0.0,0.0,0.0,0.273811,0.175813,0.0,0.139181,0.176705,0.105489,3e-06,0.0,0.39371,0.0,0.13344,0.19411,0.0,0.0,0.0,0.103668,0.096483,0.0,0.0,0.214618,0.0,0.215481,0.124443,0.190233,0.01169,0.0,0.19201,0.0,0.0,0.932708,0.317447,0.050391,0.193035,0.126361,0.182591,0.328364,0.11445,0.321464,0.274595,0.178974,0.119105,0.0,0.0,0.0,0.0,0.0,0.28727,0.220619,0.023167,0.0,0.0,0.0,0.22221,0.701949,0.0,0.299828,0.0,0.277321,0.0,0.187344,0.0,0.78623,0.0,0.0,0.0,0.0,0.0,1.2e-05,0.155173,0.0,0.0,0.213638,0.0,0.0,0.0,0.0,0.466719,0.035678,0.0,0.0,0.055884,0.0,0.15472,0.11199,0.68567,0.199584,0.0,1.02886,0.199965,0.0,0.0,0.0,0.410862,0.117593,0.0,0.0,0.181979,0.0,0.226856,0.15566,0.0,0.105149,0.162426,0.0,0.0,0.0,5e-06,0.0,0.0,0.22243,0.0,0.0,0.0,0.189142,0.0,0.214815,0.125858,0.183768,0.0,0.0,0.085559,0.103795,0.236745,0.148983,0.0,0.168063,0.0,0.0,0.204258,0.071922,0.137599,0.0
TCGA-44-4112,0.280376,0.0,0.0,0.0,0.0,0.186594,0.087074,0.243039,0.132982,0.226973,0.184451,0.0,0.0,0.0,0.0,0.243224,0.0,0.231474,0.0,0.0,0.10101,0.0,0.0,0.0,0.0,0.0,0.0,0.0,0.0,0.186937,0.0,0.0,0.202739,0.871276,0.137109,0.120376,0.091356,0.0,0.0,0.0,0.0,0.127377,0.0,0.20916,0.0,0.168239,0.091769,0.0,0.0,0.101743,0.0,0.237767,0.0,0.924408,0.0,0.216583,0.180887,0.0,0.0,0.179759,0.0,0.0,0.0,0.091726,0.204304,0.129135,0.172724,0.0,0.522607,0.0,0.0,0.0,0.262051,0.171245,0.0,0.0,0.0,0.0,0.0,0.0,0.0,0.811701,0.152821,0.0,0.0,0.117218,0.0,0.0,0.158918,0.160399,0.15818,0.0,0.000218,0.0,0.521044,0.0,0.0,0.0,0.0,0.167559,0.0,0.0,0.246936,0.228244,0.0,0.0,0.0,0.400116,0.183158,0.10884,0.126836,0.0,0.112162,0.0,0.147235,0.0,0.0,0.588294,0.254144,0.172852,0.286183,0.0,5.1e-05,0.0,0.0,0.0,0.160911,0.378093,0.247732,0.0,0.0,0.168332,0.0,0.108553,0.177763,0.0,0.230969,0.05985,0.081924,0.0,0.141706,0.087469,0.135763,0.149007,0.14754,0.0,0.0,0.264151,0.0,0.0,2e-06,0.125271,0.207582,0.086989,1e-06,0.142997,0.0,0.094045,0.151269,0.0,0.521139,0.0,0.0,0.0,0.0,0.001762,0.0,0.0,0.0,0.520437,0.0,0.0,0.151923,0.0,0.0,0.0,0.0,0.0,0.0,0.799244,0.12276,0.0,0.0,0.0,0.0,0.170477,0.164375,0.179921,0.0,0.0,0.0,0.0,0.138008,0.0,0.0,0.137573,0.140668,0.264657,0.114396,0.0,5e-06,0.0,2.369127,0.130717,0.0,0.0,0.15997,1.489907,0.0,0.032199,0.0,0.0,0.0,0.0,2e-06,0.048675,0.0,0.924,0.0,0.0,0.0,0.0,0.0,0.176826,0.159192,0.0,0.186418,0.240176,0.0,0.0,0.111507,0.0,0.230384,0.000106,0.0,0.084692,0.194265,0.172599,0.160098,0.0,0.08428,0.0,0.0,0.0,0.0,0.239592,0.193569,0.0,0.153664,0.15332,0.38137,0.0,0.174295,0.009432,1.128227,0.093526,0.0,0.158078,0.175259,0.0,0.0,0.207932,0.0,0.0,0.000392,0.0,0.0,0.0,0.2155,0.148762,0.0,0.202351,0.20223,0.125492,0.10829,0.086721,0.0,0.187704,0.0,0.0,0.112363,0.119857,0.181827,0.197103,0.0,0.0,4e-06,0.0,0.160082,0.187159,0.156032,0.16128,0.0,0.0,0.0,0.198595,0.0,0.0,0.018245,0.12735,0.0,0.094587,0.117127,0.147816,0.0,0.229512,0.0,0.0,0.008569,0.107553,0.0,0.282148,0.0,0.0,0.258154,0.0,0.0,0.0,0.0,0.159338,0.0,0.155742,0.187247,0.510875,0.0,0.0,0.179186,0.11153,0.0,0.113808,0.061912,0.317667,0.353622,0.0,0.0,0.234838,0.156271,0.0,0.0,0.0,0.564801,0.147135,0.0,0.0,0.0,0.0,0.0,0.162079,0.165555,0.158478,0.0,0.0,0.0,0.0,0.183095,0.206266,0.0,0.154069,0.0,0.0,0.0,0.0,0.0,0.0,0.210541,0.0,0.21753,0.0,0.596998,0.0,0.0,0.136014,0.0,0.196073,0.0,0.179314,1e-06,0.0,0.0,0.0,0.24706,0.166946,0.0,0.136909,0.168483,0.108882,6e-06,0.0,0.400454,0.0,0.144982,0.184793,0.0,0.0,0.0,0.100611,0.111986,0.0,0.0,0.215467,0.0,0.196253,0.138548,0.206007,0.009479,0.0,0.181583,0.0,0.0,0.941652,0.313647,0.046218,0.171525,0.132522,0.170568,0.335542,0.12583,0.332344,0.28175,0.176898,0.126527,0.0,0.0,0.0,0.0,0.0,0.258418,0.20807,0.015198,0.0,0.0,0.0,0.205368,0.723088,0.0,0.318244,0.0,0.275501,0.0,0.171828,0.0,0.796363,0.0,0.0,0.0,0.0,0.0,1.6e-05,0.157273,0.0,0.0,0.187017,0.0,0.0,0.0,0.0,0.474005,0.038959,0.0,0.0,0.057581,0.0,0.161902,0.11142,0.68115,0.180026,0.0,1.035003,0.18597,0.0,0.0,0.0,0.425053,0.124363,0.0,0.0,0.189106,0.0,0.225855,0.14279,0.0,0.117852,0.154731,0.0,0.0,0.0,2.7e-05,0.0,1e-06,0.196523,0.0,0.0,0.0,0.202139,0.0,0.18182,0.125005,0.169979,0.0,0.0,0.077187,0.109446,0.229098,0.161011,0.0,0.165732,0.0,0.0,0.186632,0.068825,0.145758,0.0
TCGA-44-5643,0.381923,0.0,0.0,0.0,0.0,0.235987,0.032542,0.329006,0.050704,0.302168,0.246061,0.0,0.0,0.0,0.0,0.351098,0.0,0.209311,0.0,0.0,0.040803,0.0,0.0,0.0,0.0,0.0,0.0,0.0,0.0,0.222951,1e-06,0.0,0.247131,0.672605,0.195531,0.059756,0.034168,0.0,0.0,0.0,0.0,0.054895,0.0,0.284869,0.0,0.062154,0.119862,0.0,0.0,0.037028,0.0,0.249648,0.0,0.847187,0.0,0.086308,0.226826,0.0,1e-06,0.224732,0.0,0.0,0.0,0.097067,0.188374,0.060903,0.199414,0.0,0.352927,0.0,0.0,0.0,0.143274,0.232722,0.0,0.0,0.0,0.0,0.0,0.0,0.0,0.639592,0.1845,0.0,0.0,0.142924,0.0,0.0,0.187114,0.184753,0.203589,0.0,0.000121,0.0,0.375852,0.0,0.0,0.0,0.0,0.214292,0.0,0.0,0.354957,0.30669,0.0,0.0,0.0,0.303021,0.222953,0.054011,0.14716,1e-06,0.049164,0.0,0.066024,0.0,0.0,0.417982,0.357695,0.071777,0.167781,0.0,7e-05,0.0,0.0,5.5e-05,0.101167,0.276313,0.35841,0.0,0.0,0.217951,0.0,0.041456,0.064064,0.0,0.122681,0.078217,0.078201,0.0,0.049815,0.077234,0.091922,0.065347,0.056398,0.0,0.0,0.142055,0.0,0.0,4e-06,0.050027,0.093115,0.035214,1e-06,0.194555,0.0,0.125681,0.202145,0.0,0.370685,0.0,0.0,0.0,0.0,0.000944,0.0,0.0,0.0,0.347925,0.0,0.0,0.189405,0.0,0.0,0.0,0.0,0.0,0.0,0.637187,0.133349,0.0,0.0,0.0,0.0,0.235792,0.057111,0.234779,0.0,0.0,0.0,0.0,0.062034,0.0,0.0,0.056942,0.162687,0.247789,0.046908,0.0,2.1e-05,0.0,2.079713,0.135085,0.0,0.0,0.105811,1.292361,0.0,0.010914,0.0,0.0,0.0,0.0,3e-06,0.020734,0.0,0.730725,0.0,0.0,0.0,0.0,0.0,0.260385,0.205262,0.0,0.077088,0.093578,0.0,0.0,0.041648,0.0,0.339775,0.000716,0.0,0.087894,0.245195,0.232754,0.202444,0.0,0.032344,0.0,0.0,0.0,0.0,0.156373,0.084335,0.0,0.200917,0.182795,0.231688,0.0,0.239334,0.010627,0.942781,0.034844,0.0,0.210749,0.081136,0.0,0.0,0.242602,0.0,0.0,0.001451,0.0,0.0,0.0,0.270075,0.176858,0.0,0.266376,0.263517,0.049137,0.037452,0.106988,0.0,0.263966,0.0,0.0,0.040436,0.041484,0.21141,0.28855,0.0,0.0,5.4e-05,0.0,0.230241,0.230757,0.202081,0.202401,0.0,0.0,0.0,0.274788,0.0,0.0,0.020627,0.061395,0.0,0.037402,0.048037,0.142656,0.0,0.194836,0.0,0.0,0.002558,0.129608,0.0,0.214825,0.0,0.0,0.178401,1e-06,1e-06,0.0,0.0,0.210511,0.0,0.202723,0.249187,0.361281,0.0,0.0,0.257179,0.135758,0.0,0.054104,0.021257,0.267822,0.27812,0.0,0.0,0.29626,0.210238,0.0,0.0,0.0,0.385866,0.189392,0.0,0.0,0.0,1e-06,0.0,0.215374,0.222368,0.072508,0.0,0.0,0.0,0.0,0.220193,0.260417,0.0,0.06854,0.0,0.0,0.0,0.0,0.0,0.0,0.08956,0.0,0.2995,0.0,0.473125,0.0,0.0,0.045349,0.0,0.252142,0.0,0.058864,0.0,0.0,0.0,0.0,0.326558,0.217637,0.0,0.160671,0.212365,0.066027,1e-06,0.0,0.29426,0.0,0.053819,0.229799,0.0,0.0,0.0,0.049731,0.041446,0.0,0.0,0.230114,0.0,0.27316,0.059173,0.092772,0.003361,0.0,0.239093,0.0,0.0,0.777874,0.308033,0.050036,0.208366,0.061683,0.220563,0.216204,0.055494,0.208688,0.236384,0.206586,0.057426,0.0,0.0,0.0,0.0,0.0,0.376261,0.236944,0.003756,0.0,0.0,0.0,0.277349,0.529015,0.0,0.171195,0.0,0.274262,0.0,0.228852,0.0,0.609976,0.0,0.0,0.0,0.0,0.0,1e-06,0.105406,0.0,0.0,0.261041,0.0,0.0,0.0,0.0,0.385947,0.011072,0.0,0.0,0.014531,0.0,0.071464,0.037233,0.570759,0.25065,0.0,0.828524,0.241763,0.0,0.0,0.0,0.232108,0.049974,0.0,0.0,0.153505,0.0,0.16376,0.178024,0.0,0.049992,0.20893,0.0,0.0,1e-06,2e-06,0.0,0.0,0.27693,0.0,0.0,0.0,0.099058,0.0,0.298111,0.047241,0.225964,0.0,0.0,0.125893,0.044389,0.235243,0.063412,0.0,0.212594,0.0,0.0,0.252792,0.035307,0.063656,0.0
TCGA-44-6776,0.106186,0.0,0.0,0.0,0.0,0.087679,0.200676,0.100973,0.238478,0.086715,0.076504,0.0,0.0,0.0,0.0,0.092096,0.0,0.210977,0.0,0.0,0.20521,0.0,0.0,0.0,0.0,0.0,0.0,0.0,0.0,0.077401,1.1e-05,0.0,0.078785,1.02261,0.06656,0.228009,0.179627,0.0,0.0,0.0,0.0,0.23086,0.0,0.087172,0.0,0.268176,0.065517,0.0,0.0,0.224292,0.0,0.209329,0.0,0.928362,0.0,0.380289,0.084494,0.0,0.0,0.076218,0.0,1.1e-05,0.0,0.058912,0.18577,0.218237,0.07555,0.0,0.644746,0.0,0.0,0.0,0.369867,0.082539,0.0,0.0,0.0,0.0,0.0,0.0,0.0,0.907615,0.06886,0.0,0.0,0.069192,1e-06,0.0,0.076449,0.097243,0.093654,0.0,0.014119,0.0,0.633143,0.0,0.0,0.0,0.0,0.08554,0.0,0.0,0.087893,0.089686,0.0,0.0,0.0,0.414843,0.084803,0.172525,0.091938,0.0,0.20679,0.0,0.257974,0.0,0.0,0.712094,0.102336,0.256515,0.424016,0.0,0.000476,0.0,0.0,1e-06,0.225657,0.401838,0.097027,0.0,0.0,0.085323,0.0,0.23975,0.319677,0.0,0.343543,0.055592,0.068841,0.0,0.245612,0.061881,0.1889,0.272283,0.269786,0.0,0.0,0.370381,0.0,0.0,7e-06,0.230216,0.341473,0.143831,2.3e-05,0.067919,0.0,0.056473,0.064767,0.0,0.643975,0.0,1e-06,0.0,0.0,0.065164,0.0,0.0,0.0,0.657172,0.0,0.0,0.070746,0.0,0.0,0.0,0.0,0.0,0.0,0.902456,0.062015,0.0,0.0,0.0,0.0,0.073097,0.262984,0.087894,0.0,0.0,0.0,0.0,0.248479,0.0,0.0,0.269181,0.069653,0.221446,0.205216,0.0,2e-06,0.0,2.419101,0.087214,0.0,0.0,0.209609,1.512452,0.0,0.134443,0.0,0.0,0.0,0.0,2.3e-05,0.060997,0.0,1.063595,0.0,0.0,0.0,0.0,2e-06,0.079788,0.084041,0.0,0.318119,0.411339,0.0,0.0,0.172145,0.0,0.097671,0.000236,0.0,0.072092,0.087377,0.088241,0.085228,0.0,0.196508,0.0,0.0,0.0,0.0,0.307098,0.26194,0.0,0.073661,0.065357,0.515226,0.0,0.087172,0.004996,1.252356,0.156102,0.0,0.070156,0.314186,0.0,0.0,0.131951,0.0,0.0,0.000329,0.0,0.0,4e-06,0.087096,0.064157,0.0,0.088841,0.085859,0.21369,0.20502,0.066574,0.0,0.069087,0.0,0.0,0.221455,0.225312,0.118231,0.090787,0.0,0.0,0.0,0.0,0.091025,0.089759,0.073858,0.075703,0.0,0.0,0.0,0.095942,0.0,0.0,0.052334,0.231144,0.0,0.201866,0.193183,0.119877,0.0,0.206421,0.0,0.0,0.031159,0.06976,0.0,0.2871,3e-06,0.0,0.349464,0.0,0.0,0.0,0.0,0.078193,0.0,0.066491,0.091714,0.596335,0.0,0.0,0.09732,0.078116,0.0,0.179919,0.177009,0.298953,0.453532,0.0,0.0,0.091614,0.075247,0.0,0.0,0.0,0.666346,0.079002,0.0,0.0,0.0,0.0,0.0,0.079245,0.071154,0.297424,0.0,0.0,0.0,0.0,0.075696,0.087679,0.0,0.250248,0.0,0.0,0.0,0.0,0.0,0.0,0.339125,0.0,0.091854,2e-06,0.611708,0.0,0.0,0.239346,0.0,0.090537,0.0,0.300363,6e-05,0.0,0.0,0.0,0.097022,0.074686,0.0,0.073302,0.078105,0.20254,0.000174,0.0,0.515023,0.0,0.226355,0.074643,0.0,0.0,0.0,0.198126,0.196533,0.0,0.0,0.159658,0.0,0.089233,0.244892,0.360767,0.035827,0.0,0.093598,0.0,0.0,1.007443,0.260824,0.072577,0.080955,0.233166,0.075324,0.4687,0.262671,0.428149,0.308901,0.094916,0.228265,0.0,1e-06,0.0,0.0,0.0,0.099073,0.134116,0.091253,0.0,0.0,0.0,0.09674,0.888185,0.0,0.473082,0.0,0.224707,0.0,0.075574,0.0,0.925857,0.0,0.0,0.0,0.0,0.0,9.9e-05,0.216834,0.0,0.0,0.109438,0.0,0.0,0.0,0.0,0.470121,0.133131,0.0,0.0,0.110206,0.0,0.261851,0.191891,0.710102,0.080128,0.0,1.151316,0.078828,0.0,0.0,0.0,0.609725,0.234847,0.0,0.0,0.196689,0.0,0.296531,0.075487,0.0,0.212348,0.066178,0.0,0.0,0.0,2.8e-05,0.0,0.0,0.074356,0.0,0.0,0.0,0.34206,0.0,0.090834,0.20277,0.083718,0.0,0.0,0.063471,0.199748,0.172842,0.264944,0.0,0.074089,0.0,0.0,0.070839,0.1357,0.257915,0.0
TCGA-44-7670,0.182661,0.0,0.0,0.0,0.0,0.125401,0.157387,0.159337,0.19691,0.146781,0.124005,0.0,0.0,0.0,0.0,0.171257,0.0,0.216487,0.0,0.0,0.158156,0.0,0.0,0.0,0.0,0.0,0.0,0.0,0.0,0.116581,0.0,0.0,0.123097,0.923599,0.117134,0.191184,0.14567,0.0,0.0,0.0,0.0,0.190036,0.0,0.144228,0.0,0.209297,0.083374,0.0,0.0,0.175213,0.0,0.213984,0.0,0.911981,0.0,0.306499,0.119387,0.0,0.0,0.123101,0.0,2e-06,0.0,0.058104,0.16739,0.184247,0.103386,0.0,0.558948,0.0,0.0,0.0,0.312676,0.119273,0.0,0.0,0.0,0.0,0.0,0.0,0.0,0.837519,0.098829,0.0,0.0,0.079168,0.0,0.0,0.10784,0.118419,0.113208,0.0,0.010842,0.0,0.568784,0.0,0.0,0.0,0.0,0.106334,0.0,0.0,0.170284,0.148881,0.0,0.0,0.0,0.379499,0.114937,0.141686,0.104042,0.0,0.162957,0.0,0.208212,0.0,0.0,0.618952,0.177178,0.209004,0.347665,0.0,9.8e-05,0.0,0.0,0.0,0.201449,0.370765,0.170597,0.0,0.0,0.113136,0.0,0.189672,0.256163,0.0,0.289918,0.074575,0.061203,0.0,0.195638,0.066674,0.16925,0.215786,0.216803,0.0,0.0,0.312078,0.0,0.0,1e-06,0.181355,0.275165,0.117473,6e-06,0.097543,0.0,0.07028,0.093973,0.0,0.570099,0.0,0.0,0.0,0.0,0.052003,0.0,0.0,0.0,0.561208,0.0,2e-06,0.104543,0.0,0.0,0.0,0.0,0.0,0.0,0.840949,0.073369,0.0,0.0,0.0,0.0,0.116437,0.208653,0.119382,0.0,0.0,0.0,0.0,0.191323,0.0,0.0,0.212828,0.090056,0.228177,0.164922,0.0,0.0,0.0,2.323972,0.091032,0.0,0.0,0.196225,1.466605,0.0,0.097324,0.0,0.0,0.0,0.0,1e-05,0.052563,0.0,0.976331,0.0,0.0,0.0,0.0,0.0,0.12488,0.110189,0.0,0.252712,0.321977,0.0,0.0,0.14111,0.0,0.170128,0.000527,0.0,0.062579,0.124178,0.118403,0.105553,0.0,0.162189,0.0,0.0,0.0,0.0,0.27655,0.218561,0.0,0.098847,0.090906,0.443845,0.0,0.126535,0.005061,1.165304,0.125435,0.0,0.110852,0.256492,0.0,0.0,0.150313,0.0,0.0,0.002058,0.0,0.0,0.0,0.1409,0.096477,0.0,0.135582,0.137526,0.175807,0.165066,0.080578,0.0,0.126219,0.0,0.0,0.171455,0.180071,0.140376,0.14517,0.0,0.0,5e-06,0.0,0.119262,0.124361,0.105211,0.120098,0.0,0.0,0.0,0.14312,0.0,0.0,0.031958,0.184714,0.0,0.158045,0.161238,0.127588,0.0,0.220071,0.0,0.0,0.028981,0.082301,0.0,0.274749,0.0,0.0,0.309218,0.0,0.0,0.0,0.0,0.107909,0.0,0.106345,0.129706,0.524366,0.0,0.0,0.130972,0.079488,0.0,0.154052,0.141324,0.281253,0.412464,0.0,0.0,0.147632,0.104075,0.0,0.0,0.0,0.588146,0.098374,0.0,0.0,0.0,0.0,0.0,0.107507,0.111541,0.235435,0.0,0.0,0.0,0.0,0.112705,0.138978,0.0,0.20357,0.0,0.0,0.0,0.0,0.0,0.0,0.279286,0.0,0.154651,0.0,0.58073,0.0,0.0,0.18542,0.0,0.13002,0.0,0.241822,5e-06,0.0,0.0,0.0,0.164393,0.104787,0.0,0.082842,0.108808,0.158108,3.8e-05,0.0,0.457739,0.0,0.195513,0.108078,0.0,0.0,0.0,0.16488,0.158946,0.0,0.0,0.16467,0.0,0.136335,0.198636,0.287806,0.020525,0.0,0.123744,0.0,0.0,0.951166,0.276272,0.073278,0.113089,0.193463,0.110905,0.403602,0.201331,0.370689,0.271063,0.110463,0.18219,0.0,0.0,0.0,0.0,0.0,0.180096,0.16448,0.073672,0.0,0.0,0.0,0.145466,0.785058,0.0,0.391982,0.0,0.23524,0.0,0.114879,0.0,0.837157,0.0,0.0,0.0,0.0,0.0,2.8e-05,0.183393,0.0,0.0,0.154082,0.0,0.0,0.0,0.0,0.453518,0.099486,0.0,0.0,0.086178,0.0,0.218251,0.159873,0.683045,0.124384,0.0,1.065129,0.124125,0.0,0.0,0.0,0.504736,0.189504,0.0,0.0,0.175405,0.0,0.267752,0.097067,0.0,0.170923,0.09769,0.0,0.0,0.0,1.2e-05,0.0,0.0,0.13297,0.0,0.0,0.0,0.274353,0.0,0.154409,0.165045,0.114954,0.0,0.0,0.075331,0.157858,0.179156,0.217136,0.0,0.117843,0.0,0.0,0.126234,0.106363,0.203994,0.0
TCGA-46-3766,0.336709,0.0,0.0,0.0,0.0,0.213955,0.054527,0.295692,0.081436,0.264123,0.2155,0.0,0.0,0.0,0.0,0.292097,0.0,0.22527,0.0,0.0,0.066552,0.0,0.0,0.0,0.0,0.0,0.0,0.0,0.0,0.213149,1e-06,0.0,0.228356,0.772179,0.15748,0.079812,0.057943,0.0,0.0,0.0,0.0,0.089597,0.0,0.24588,0.0,0.111274,0.105178,0.0,0.0,0.067168,0.0,0.249003,0.0,0.878272,0.0,0.144593,0.209047,0.0,0.0,0.208536,0.0,3e-06,0.0,0.102007,0.204057,0.090498,0.192173,0.0,0.450897,0.0,0.0,0.0,0.195533,0.213185,0.0,0.0,0.0,0.0,0.0,0.0,0.0,0.726658,0.167314,0.0,0.0,0.139314,0.0,0.0,0.190779,0.182559,0.181547,0.0,0.000196,0.0,0.455207,0.0,0.0,0.0,0.0,0.210279,0.0,0.0,0.298304,0.266097,0.0,0.0,0.0,0.359503,0.203635,0.073948,0.147306,0.0,0.073482,0.0,0.105501,0.0,0.0,0.514469,0.30499,0.124515,0.227173,0.0,0.000228,0.0,0.0,0.0,0.12425,0.3334,0.302035,1e-06,0.0,0.206143,0.0,0.073256,0.115647,0.0,0.1727,0.060984,0.085018,0.0,0.08883,0.093073,0.104729,0.103004,0.096436,0.0,0.0,0.202356,0.0,0.0,2e-06,0.084117,0.144294,0.057787,1.9e-05,0.172869,0.0,0.111342,0.178213,0.0,0.435944,0.0,0.0,0.0,0.0,0.00214,0.0,0.0,0.0,0.447691,0.0,0.0,0.172449,0.0,0.0,0.0,0.0,0.0,0.0,0.717063,0.135344,0.0,0.0,0.0,0.0,0.205769,0.110348,0.213053,0.0,0.0,0.0,0.0,0.094152,0.0,0.0,0.092857,0.161714,0.257586,0.070927,0.0,9e-05,0.0,2.224348,0.145442,0.0,0.0,0.123836,1.3932,0.0,0.02231,0.0,0.0,0.0,0.0,2.9e-05,0.045238,0.0,0.838008,0.0,0.0,0.0,0.0,0.0,0.217511,0.194563,0.0,0.131831,0.166386,0.0,0.0,0.08264,0.0,0.287868,0.001083,0.0,0.090944,0.230733,0.2139,0.191857,0.0,0.052291,0.0,0.0,0.0,0.0,0.192071,0.141062,0.0,0.187954,0.171289,0.309745,0.0,0.211083,0.021161,1.030145,0.060081,0.0,0.185458,0.121491,0.0,0.0,0.233218,0.0,0.0,0.000298,0.0,0.0,7e-06,0.244309,0.171024,0.0,0.243605,0.240671,0.083339,0.069109,0.094989,0.0,0.23438,0.0,0.0,0.073666,0.072931,0.204965,0.247564,0.0,0.0,2e-06,0.0,0.200101,0.219129,0.190649,0.184133,0.0,0.0,0.0,0.240737,0.0,0.0,0.027789,0.084941,0.0,0.06593,0.07455,0.152001,0.0,0.212934,0.0,0.0,0.003544,0.127753,0.0,0.257748,0.0,0.0,0.217993,0.0,0.0,0.0,0.0,0.188964,0.0,0.188485,0.22254,0.453407,0.0,0.0,0.218404,0.128304,0.0,0.073238,0.037583,0.294501,0.30581,0.0,0.0,0.270362,0.186907,0.0,0.0,0.0,0.485556,0.171106,0.0,0.0,0.0,0.0,0.0,0.192995,0.200063,0.108832,0.0,0.0,0.0,0.0,0.212448,0.235515,0.0,0.104225,0.0,0.0,0.0,0.0,0.0,0.0,0.140449,0.0,0.26458,0.0,0.541472,0.0,0.0,0.087363,0.0,0.231626,0.0,0.117756,8e-06,0.0,0.0,0.0,0.282404,0.199588,0.0,0.158536,0.197756,0.076762,2e-05,0.0,0.340176,0.0,0.091254,0.213172,0.0,0.0,0.0,0.067916,0.068014,0.0,0.0,0.240907,0.0,0.233423,0.093188,0.142995,0.010229,0.0,0.215507,0.0,0.0,0.854017,0.305445,0.040185,0.199889,0.096427,0.203666,0.282301,0.084252,0.268809,0.276712,0.208542,0.085142,0.0,0.0,0.0,0.0,0.0,0.316974,0.231108,0.008403,0.0,0.0,0.0,0.239508,0.632404,0.0,0.242446,0.0,0.286394,0.0,0.213288,0.0,0.704897,0.0,0.0,0.0,0.0,0.0,6e-06,0.124464,0.0,0.0,0.218732,0.0,0.0,0.0,0.0,0.442616,0.022995,0.0,0.0,0.031949,0.0,0.111013,0.073723,0.618016,0.217597,0.0,0.929512,0.2171,0.0,0.0,0.0,0.326791,0.080676,0.0,0.0,0.186607,0.0,0.184008,0.17085,0.0,0.0795,0.176301,0.0,0.0,0.0,6e-06,0.0,0.0,0.238836,0.0,0.0,0.0,0.144315,0.0,0.233244,0.078552,0.207174,0.0,0.0,0.098242,0.067831,0.239531,0.107043,0.0,0.197607,0.0,0.0,0.219589,0.047889,0.10406,0.0
TCGA-46-3767,0.235597,0.0,0.0,0.0,0.0,0.170143,0.099712,0.212704,0.140276,0.191962,0.159389,0.0,0.0,0.0,0.0,0.201976,0.0,0.228141,0.0,0.0,0.114178,0.0,0.0,0.0,0.0,0.0,0.0,0.0,0.0,0.16127,3e-06,0.0,0.176257,0.897788,0.123678,0.132695,0.1032,0.0,0.0,0.0,0.0,0.146435,0.0,0.178598,0.0,0.189124,0.089487,0.0,0.0,0.120324,0.0,0.236068,0.0,0.911497,0.0,0.243946,0.163338,0.0,0.0,0.161058,0.0,2e-06,0.0,0.085459,0.204267,0.146211,0.151949,0.0,0.549559,0.0,0.0,0.0,0.276136,0.157957,0.0,0.0,0.0,0.0,0.0,0.0,0.0,0.826966,0.130948,0.0,0.0,0.115365,0.0,0.0,0.152687,0.149029,0.144423,0.0,0.000378,0.0,0.548827,0.0,0.0,0.0,0.0,0.171699,0.0,0.0,0.207843,0.187293,0.0,0.0,0.0,0.405601,0.157281,0.114952,0.122759,0.0,0.125921,0.0,0.172602,0.0,0.0,0.621994,0.2176,0.188149,0.317236,0.0,0.000239,0.0,0.0,0.0,0.167192,0.383161,0.205351,1e-06,0.0,0.158989,0.0,0.127419,0.198726,0.0,0.247945,0.048939,0.079666,0.0,0.154549,0.091744,0.136287,0.171546,0.163653,0.0,0.0,0.284616,0.0,0.0,7e-06,0.141884,0.234412,0.097512,2e-05,0.128363,0.0,0.08315,0.13017,0.0,0.532315,0.0,0.0,0.0,0.0,0.003851,0.0,0.0,0.0,0.552823,0.0,0.0,0.136031,0.0,0.0,0.0,0.0,0.0,0.0,0.817332,0.11976,0.0,0.0,0.0,0.0,0.151824,0.189638,0.165169,0.0,0.0,0.0,0.0,0.15293,0.0,0.0,0.15574,0.135231,0.253239,0.118322,0.0,4e-05,0.0,2.36975,0.132285,0.0,0.0,0.156771,1.487142,0.0,0.044319,0.0,0.0,0.0,0.0,3e-05,0.067748,0.0,0.954661,0.0,0.0,0.0,0.0,0.0,0.153283,0.149067,0.0,0.216652,0.274622,0.0,0.0,0.138432,0.0,0.19947,0.000373,0.0,0.089183,0.176374,0.163299,0.147319,0.0,0.094175,0.0,0.0,0.0,0.0,0.240658,0.212199,0.0,0.146108,0.133125,0.413435,0.0,0.160884,0.009654,1.14285,0.100917,0.0,0.142114,0.199644,0.0,0.0,0.194413,0.0,0.0,9.4e-05,0.0,0.0,5e-06,0.178936,0.135359,0.0,0.177735,0.174081,0.141625,0.120852,0.085291,0.0,0.164459,0.0,0.0,0.12954,0.130912,0.169164,0.176923,0.0,0.0,1e-06,0.0,0.145914,0.177427,0.149166,0.145297,0.0,0.0,0.0,0.177769,0.0,0.0,0.037181,0.140504,0.0,0.11729,0.128193,0.148674,0.0,0.22929,0.0,0.0,0.006868,0.106371,0.0,0.291594,2.2e-05,0.0,0.277224,1e-06,1e-06,0.0,0.0,0.149722,0.0,0.141047,0.167502,0.541318,0.0,0.0,0.162155,0.113389,0.0,0.118655,0.072203,0.304886,0.366916,0.0,0.0,0.199593,0.140814,0.0,0.0,0.0,0.587391,0.135241,0.0,0.0,0.0,0.0,0.0,0.148437,0.149651,0.179997,0.0,0.0,0.0,0.0,0.168462,0.183711,0.0,0.170799,0.0,0.0,0.0,0.0,0.0,0.0,0.231121,0.0,0.190789,0.0,0.601681,0.0,0.0,0.151745,0.0,0.177869,0.0,0.203152,1.3e-05,0.0,0.0,0.0,0.206104,0.151886,0.0,0.135427,0.146305,0.114866,3.5e-05,0.0,0.415606,0.0,0.152688,0.161742,0.0,0.0,0.0,0.11633,0.121724,0.0,0.0,0.212861,0.0,0.173799,0.156163,0.234257,0.018274,0.0,0.163191,0.0,0.0,0.951266,0.297251,0.043756,0.157009,0.152842,0.149108,0.365676,0.144114,0.343766,0.297097,0.165679,0.139577,0.0,2e-06,0.0,0.0,0.0,0.217644,0.195077,0.01786,0.0,0.0,0.0,0.182345,0.760082,0.0,0.352969,0.0,0.272731,0.0,0.153835,0.0,0.822077,0.0,0.0,0.0,0.0,0.0,6e-06,0.160003,0.0,0.0,0.170604,0.0,0.0,0.0,0.0,0.485034,0.044731,0.0,0.0,0.061783,0.0,0.176557,0.123891,0.681861,0.159878,0.0,1.055438,0.163991,0.0,0.0,0.0,0.46549,0.136265,0.0,0.0,0.202407,0.0,0.229785,0.134864,0.0,0.132562,0.135227,0.0,0.0,0.0,7.9e-05,0.0,0.0,0.167827,0.0,0.0,0.0,0.225066,0.0,0.155909,0.132776,0.155405,0.0,0.0,0.067752,0.119289,0.218873,0.178903,0.0,0.151179,0.0,0.0,0.160046,0.078602,0.164486,0.0
TCGA-49-4488,0.214164,0.0,0.0,0.0,0.0,0.115153,0.165377,0.183233,0.213986,0.162908,0.133597,0.0,0.0,0.0,0.0,0.198951,0.0,0.245546,0.0,0.0,0.179417,0.0,0.0,0.0,0.0,0.0,0.0,0.0,0.0,0.131178,0.0,0.0,0.139731,1.019653,0.150615,0.209962,0.168988,0.0,0.0,0.0,0.0,0.212801,0.0,0.163308,0.0,0.244342,0.120162,0.0,0.0,0.189808,0.0,0.242636,0.0,1.049437,0.0,0.354638,0.130008,0.0,8e-06,0.138257,0.0,0.0,0.0,0.053548,0.148442,0.226515,0.107129,0.0,0.615015,0.0,0.0,0.0,0.347941,0.136817,0.0,0.0,0.0,0.0,0.0,0.0,0.0,0.941419,0.098839,0.0,0.0,0.069673,0.0,0.0,0.109877,0.118474,0.116221,0.0,0.001778,0.0,0.631978,0.0,0.0,0.0,0.0,0.109219,1e-06,0.0,0.207935,0.171538,0.0,0.0,0.0,0.413471,0.107569,0.173705,0.105206,0.0,0.194062,0.0,0.241606,0.0,0.0,0.658682,0.206578,0.244171,0.38766,0.0,4e-06,0.0,0.0,1e-06,0.230206,0.422425,0.201886,0.0,1e-06,0.109418,0.0,0.217387,0.313099,0.0,0.326957,0.112193,0.045453,0.0,0.235832,0.052457,0.204702,0.245252,0.265928,0.0,0.0,0.340811,0.0,0.0,5e-06,0.207061,0.302086,0.143115,1.6e-05,0.107907,0.0,0.066584,0.100142,0.0,0.638644,0.0,0.0,0.0,0.0,0.017722,0.0,0.0,0.0,0.634362,0.0,0.0,0.129258,0.0,0.0,0.0,0.0,0.0,0.0,0.931172,0.054772,0.0,0.0,0.0,0.0,0.123752,0.262619,0.117092,0.0,0.0,0.0,0.0,0.229687,0.0,0.0,0.2401,0.078113,0.274157,0.194614,0.0,0.0,0.0,2.560786,0.075589,0.0,0.0,0.235823,1.647067,0.0,0.092277,0.0,0.0,0.0,0.0,1.4e-05,0.061863,0.0,1.080328,0.0,0.0,0.0,0.0,0.0,0.136482,0.115208,0.0,0.28133,0.382255,0.0,0.0,0.184637,0.0,0.190004,0.001176,0.0,0.043992,0.131224,0.121581,0.10233,0.0,0.172017,0.0,0.0,0.0,0.0,0.326296,0.249437,0.0,0.099088,0.108078,0.489189,0.0,0.130781,0.007709,1.298661,0.17235,0.0,0.116786,0.282161,0.0,0.0,0.155416,0.0,0.0,0.002932,0.0,0.0,1e-06,0.159955,0.101273,0.0,0.159517,0.152961,0.202357,0.204558,0.109857,0.0,0.144402,0.0,0.0,0.199356,0.224976,0.137486,0.16502,0.0,0.0,2e-06,0.0,0.115882,0.123358,0.105556,0.131226,0.0,0.0,0.0,0.147343,0.0,0.0,0.004719,0.207593,0.0,0.180903,0.188298,0.15313,0.0,0.272558,0.0,0.0,0.024833,0.07749,0.0,0.319166,7e-06,0.0,0.359405,0.0,0.0,0.0,0.0,0.113107,0.0,0.116716,0.143356,0.590439,0.0,0.0,0.139351,0.077309,1e-06,0.183887,0.146039,0.286802,0.46013,0.0,0.0,0.169,0.113934,0.0,0.0,0.0,0.649051,0.106199,0.0,0.0,0.0,1e-06,0.0,0.101729,0.12887,0.264803,0.0,0.0,0.0,0.0,0.117818,0.14856,0.0,0.235964,0.0,0.0,0.0,0.0,0.0,0.0,0.310621,0.0,0.171263,0.0,0.668135,0.0,0.0,0.228579,0.0,0.133634,0.0,0.301904,2e-06,0.0,0.0,0.0,0.196284,0.101477,0.0,0.070157,0.125575,0.178903,7.6e-05,0.0,0.518285,0.0,0.242045,0.122775,0.0,0.0,0.0,0.185087,0.180251,0.0,0.0,0.169801,0.0,0.152259,0.22281,0.332414,0.030388,0.0,0.121016,0.0,0.0,1.072569,0.295016,0.108394,0.131445,0.214052,0.125064,0.447049,0.223602,0.39962,0.256775,0.111069,0.207,0.0,2e-06,0.0,0.0,0.0,0.206934,0.170428,0.068889,0.0,0.0,0.0,0.176496,0.848563,0.0,0.426615,0.0,0.265112,0.0,0.132146,0.0,0.922214,0.0,0.0,0.0,0.0,0.0,1e-05,0.214174,0.0,0.0,0.172894,0.0,1e-06,0.0,0.0,0.510262,0.093078,0.0,0.0,0.113593,0.0,0.259106,0.198121,0.796949,0.145914,0.0,1.189748,0.136925,0.0,0.0,0.0,0.578918,0.220386,0.0,0.0,0.184619,0.0,0.302719,0.098283,0.0,0.193091,0.096316,0.0,0.0,0.0,2e-06,0.0,2e-06,0.154766,0.0,0.0,0.0,0.292283,0.0,0.157149,0.200247,0.12244,0.0,0.0,0.083859,0.180969,0.195561,0.25571,0.0,0.135351,0.0,0.0,0.138893,0.126386,0.245268,0.0
TCGA-49-4490,0.163117,0.0,0.0,0.0,0.0,0.110399,0.158796,0.145389,0.212849,0.131843,0.112243,0.0,0.0,0.0,0.0,0.14596,0.0,0.243135,0.0,0.0,0.17293,0.0,0.0,0.0,0.0,0.0,0.0,0.0,0.0,0.11422,0.0,0.0,0.126925,1.037896,0.121112,0.203517,0.166545,0.0,0.0,0.0,0.0,0.217005,0.0,0.129482,0.0,0.26685,0.097117,0.0,0.0,0.186727,0.0,0.233154,0.0,1.012107,0.0,0.362596,0.113149,0.0,5e-06,0.126296,0.0,0.0,0.0,0.049671,0.170362,0.231743,0.101674,0.0,0.643117,0.0,0.0,0.0,0.362689,0.111995,0.0,0.0,0.0,0.0,0.0,0.0,0.0,0.954425,0.088992,0.0,0.0,0.077374,0.0,0.0,0.105829,0.114237,0.103286,0.0,0.000789,0.0,0.653997,0.0,0.0,0.0,0.0,0.110558,3e-06,0.0,0.154834,0.131357,0.0,0.0,0.0,0.4394,0.096801,0.171629,0.096674,0.0,0.189967,0.0,0.247823,0.0,0.0,0.704143,0.166933,0.255674,0.404441,0.0,5.4e-05,0.0,0.0,0.0,0.228112,0.440387,0.145111,0.0,0.0,0.099935,0.0,0.212128,0.315078,0.0,0.335279,0.080666,0.048808,0.0,0.238339,0.0731,0.191542,0.250818,0.260701,0.0,0.0,0.364075,0.0,0.0,7e-06,0.206966,0.318809,0.14992,2.1e-05,0.088725,0.0,0.055393,0.081373,0.0,0.647784,0.0,0.0,0.0,0.0,0.00934,0.0,0.0,0.0,0.666447,0.0,1e-06,0.113276,0.0,0.0,0.0,0.0,0.0,1e-06,0.93783,0.072193,0.0,0.0,0.0,0.0,0.103836,0.279723,0.107683,0.0,0.0,0.0,0.0,0.229914,0.0,0.0,0.239325,0.082933,0.268386,0.184735,0.0,3.2e-05,0.0,2.57371,0.091395,0.0,0.0,0.222882,1.648927,0.0,0.078085,0.0,0.0,0.0,0.0,4e-05,0.083671,0.0,1.100188,0.0,0.0,0.0,0.0,0.0,0.100666,0.100874,0.0,0.302589,0.391892,0.0,0.0,0.203966,0.0,0.1418,0.000374,0.0,0.059085,0.123589,0.11196,0.095703,0.0,0.159318,0.0,0.0,0.0,0.0,0.318395,0.279265,0.0,0.089572,0.098338,0.514484,0.0,0.109779,0.004587,1.294532,0.163564,0.0,0.101238,0.282241,0.0,0.0,0.146399,0.0,0.0,0.00057,0.0,0.0,3e-06,0.12974,0.093117,0.0,0.132243,0.123381,0.207412,0.196439,0.094202,0.0,0.115425,0.0,0.0,0.202177,0.220024,0.131508,0.128663,0.0,0.0,2e-06,0.0,0.091725,0.123574,0.100401,0.121026,0.0,0.0,0.0,0.12138,0.0,0.0,0.011456,0.205382,0.0,0.182891,0.19601,0.154519,0.0,0.270792,0.0,0.0,0.017142,0.081912,0.0,0.335191,8e-06,0.0,0.359874,0.0,1e-06,0.0,0.0,0.099382,0.0,0.104016,0.122547,0.62402,0.0,0.0,0.115276,0.084583,0.0,0.181073,0.135919,0.288383,0.449877,0.0,0.0,0.143054,0.098212,0.0,0.0,0.0,0.680432,0.095859,0.0,0.0,0.0,0.0,0.0,0.094153,0.108781,0.264546,0.0,0.0,0.0,0.0,0.112483,0.135213,0.0,0.244174,0.0,0.0,0.0,0.0,0.0,0.0,0.328993,0.0,0.136106,0.0,0.682256,0.0,0.0,0.233268,0.0,0.120253,0.0,0.312494,8e-06,0.0,0.0,0.0,0.157962,0.092208,0.0,0.083571,0.109342,0.161137,5.1e-05,0.0,0.51774,0.0,0.245419,0.108473,0.0,0.0,0.0,0.184901,0.189607,0.0,0.0,0.171897,0.0,0.125343,0.229949,0.333829,0.030933,0.0,0.107699,0.0,0.0,1.087606,0.290127,0.084271,0.116815,0.219264,0.106329,0.459246,0.218817,0.413314,0.278421,0.115852,0.204141,0.0,1.3e-05,0.0,0.0,0.0,0.148873,0.164286,0.053198,0.0,0.0,0.0,0.146884,0.886541,0.0,0.450183,0.0,0.262546,0.0,0.107814,0.0,0.946862,0.0,0.0,0.0,0.0,0.0,1.2e-05,0.210739,0.0,0.0,0.144643,0.0,0.0,0.0,0.0,0.532947,0.081891,0.0,0.0,0.109816,0.0,0.262557,0.201303,0.791913,0.11933,0.0,1.208762,0.118147,0.0,0.0,0.0,0.605688,0.219561,0.0,0.0,0.203192,0.0,0.297052,0.090451,0.0,0.192712,0.086515,0.0,0.0,0.0,3.9e-05,0.0,0.0,0.114318,0.0,0.0,0.0,0.298567,0.0,0.105544,0.200319,0.105429,0.0,0.0,0.059121,0.182507,0.193332,0.266644,0.0,0.118608,0.0,0.0,0.115242,0.119306,0.245143,0.0
TCGA-49-4494,0.199881,0.0,0.0,0.0,0.0,0.128314,0.136906,0.173781,0.192002,0.160517,0.13207,0.0,0.0,0.0,0.0,0.182348,0.0,0.245684,0.0,0.0,0.151733,0.0,0.0,0.0,0.0,0.0,0.0,0.0,0.0,0.136739,0.0,0.0,0.148381,1.004058,0.131863,0.184975,0.151902,0.0,0.0,0.0,0.0,0.195568,0.0,0.153791,0.0,0.23554,0.10236,0.0,0.0,0.164377,0.0,0.2382,0.0,1.00727,0.0,0.324611,0.130264,0.0,3e-06,0.14344,0.0,1e-06,0.0,0.064026,0.179519,0.209856,0.116444,0.0,0.611604,0.0,0.0,0.0,0.338742,0.13293,0.0,0.0,0.0,0.0,0.0,0.0,0.0,0.924946,0.107339,0.0,0.0,0.08551,0.0,0.0,0.117906,0.123749,0.114792,0.0,0.000651,0.0,0.629052,0.0,0.0,0.0,0.0,0.125873,3e-06,0.0,0.190513,0.161121,0.0,0.0,0.0,0.427809,0.120951,0.162216,0.108834,0.0,0.17184,0.0,0.228027,0.0,0.0,0.674823,0.196964,0.232547,0.376784,0.0,7e-06,0.0,0.0,1e-06,0.214651,0.424241,0.180714,0.0,0.0,0.11622,0.0,0.188582,0.280132,0.0,0.313685,0.082765,0.053073,0.0,0.211927,0.068773,0.180626,0.223043,0.235742,0.0,0.0,0.339382,0.0,0.0,1e-06,0.181939,0.285377,0.137096,1.3e-05,0.106575,0.0,0.065553,0.103668,0.0,0.623584,0.0,0.0,0.0,0.0,0.007311,0.0,0.0,0.0,0.63368,0.0,1e-06,0.128825,0.0,0.0,0.0,0.0,0.0,0.0,0.912818,0.07952,0.0,0.0,0.0,0.0,0.12246,0.249574,0.129491,0.0,0.0,0.0,0.0,0.208793,0.0,0.0,0.213751,0.09857,0.269712,0.170668,0.0,2e-06,0.0,2.544582,0.100976,0.0,1e-06,0.210225,1.622851,0.0,0.066847,0.0,0.0,0.0,0.0,1.6e-05,0.074652,0.0,1.068123,0.0,0.0,0.0,0.0,0.0,0.124441,0.121148,0.0,0.266072,0.350436,0.0,0.0,0.183548,0.0,0.171684,0.00013,0.0,0.065118,0.138849,0.132845,0.110403,0.0,0.142879,0.0,0.0,0.0,0.0,0.306261,0.251624,0.0,0.109806,0.113613,0.485351,0.0,0.128924,0.005835,1.267206,0.149332,0.0,0.116472,0.256292,0.0,0.0,0.163383,0.0,0.0,0.000135,0.0,0.0,2e-06,0.15604,0.111369,0.0,0.151329,0.15029,0.18521,0.178063,0.100723,0.0,0.140518,0.0,0.0,0.177456,0.199078,0.141147,0.155483,0.0,0.0,1.5e-05,0.0,0.11248,0.143848,0.117148,0.132116,0.0,0.0,0.0,0.142724,0.0,0.0,0.011891,0.186084,0.0,0.161879,0.174957,0.158379,0.0,0.272279,0.0,0.0,0.017286,0.085513,0.0,0.323762,3e-06,0.0,0.343163,0.0,0.0,0.0,0.0,0.117102,0.0,0.118296,0.140996,0.598975,0.0,0.0,0.136479,0.093891,1.9e-05,0.165571,0.121052,0.299412,0.433388,0.0,0.0,0.170752,0.114226,0.0,0.0,0.0,0.653392,0.110205,0.0,0.0,0.0,5e-06,0.0,0.113259,0.127416,0.236414,0.0,0.0,0.0,0.0,0.133713,0.155659,0.0,0.220447,0.0,0.0,0.0,0.0,0.0,0.0,0.295192,0.0,0.164132,0.0,0.668601,0.0,0.0,0.205362,0.0,0.142136,0.0,0.279847,8e-06,0.0,0.0,0.0,0.188019,0.112822,0.0,0.098584,0.123596,0.152871,4.6e-05,0.0,0.494601,0.0,0.222289,0.131085,0.0,0.0,0.0,0.167679,0.166649,0.0,0.0,0.181483,0.0,0.146739,0.202155,0.299756,0.025885,0.0,0.125325,0.0,0.0,1.058191,0.299642,0.079931,0.136792,0.197655,0.125428,0.433018,0.193495,0.393386,0.27424,0.127099,0.186911,0.0,1e-05,0.0,0.0,0.0,0.187093,0.178799,0.048669,0.0,0.0,0.0,0.166826,0.848121,0.0,0.418194,0.0,0.268043,0.0,0.126179,0.0,0.917383,0.0,0.0,0.0,0.0,0.0,8e-06,0.199412,0.0,0.0,0.165907,0.0,0.0,0.0,0.0,0.52234,0.069592,0.0,0.0,0.097523,0.0,0.239065,0.179832,0.77595,0.14136,0.0,1.176746,0.139723,0.0,0.0,0.0,0.566818,0.196325,0.0,0.0,0.199246,0.0,0.285487,0.105978,0.0,0.170233,0.107887,0.0,0.0,0.0,7e-06,0.0,1e-06,0.144087,0.0,0.0,0.0,0.269092,0.0,0.138045,0.185779,0.125097,0.0,0.0,0.065418,0.164434,0.204128,0.240174,0.0,0.130445,0.0,0.0,0.139867,0.109549,0.221589,0.0
TCGA-49-4505,0.125327,0.0,0.0,0.0,0.0,0.077671,0.204349,0.109894,0.258157,0.094532,0.079915,0.0,0.0,0.0,0.0,0.111153,0.0,0.250666,0.0,0.0,0.226937,0.0,0.0,0.0,0.0,0.0,0.0,0.0,0.0,0.084497,0.0,0.0,0.089146,1.143598,0.10817,0.251803,0.203966,0.0,0.0,0.0,0.0,0.26017,0.0,0.099722,0.0,0.305552,0.101947,0.0,0.0,0.234586,0.0,0.235073,0.0,1.083091,0.0,0.438493,0.085297,0.0,0.0,0.093337,0.0,2e-06,0.0,0.041769,0.149888,0.272562,0.0728,0.0,0.720018,0.0,0.0,0.0,0.416705,0.090864,0.0,0.0,0.0,0.0,0.0,0.0,0.0,1.037917,0.064184,0.0,0.0,0.054442,0.0,0.0,0.079284,0.09894,0.083364,0.0,0.002141,0.0,0.725161,0.0,0.0,0.0,0.0,0.080907,1e-06,0.0,0.116951,0.10158,0.0,0.0,0.0,0.464532,0.068404,0.207704,0.08595,0.0,0.240327,0.0,0.297885,0.0,0.0,0.768026,0.122416,0.300641,0.473962,0.0,2e-05,0.0,0.0,0.0,0.267468,0.46949,0.113125,0.0,0.0,0.072492,0.0,0.271767,0.390021,0.0,0.39225,0.096765,0.046672,0.0,0.292868,0.057214,0.23476,0.306223,0.323437,0.0,0.0,0.41271,0.0,0.0,4e-06,0.257797,0.375368,0.176473,3.1e-05,0.067114,0.0,0.046652,0.063616,0.0,0.726509,0.0,0.0,0.0,0.0,0.021474,0.0,0.0,0.0,0.745878,0.0,0.0,0.092951,0.0,0.0,0.0,0.0,0.0,0.0,1.020262,0.046067,0.0,0.0,0.0,0.0,0.078801,0.328475,0.077416,0.0,0.0,0.0,0.0,0.286462,0.0,0.0,0.296936,0.056062,0.272668,0.236633,0.0,1e-06,0.0,2.708951,0.069743,0.0,0.0,0.260009,1.737063,0.0,0.116508,0.0,0.0,0.0,0.0,4e-05,0.078467,0.0,1.195962,0.0,0.0,0.0,0.0,0.0,0.081134,0.079965,0.0,0.355318,0.483339,0.0,0.0,0.227984,0.0,0.111525,0.000415,0.0,0.047788,0.085431,0.082201,0.074813,0.0,0.208102,0.0,0.0,0.0,0.0,0.369806,0.303964,0.0,0.065483,0.079625,0.582992,0.0,0.089141,0.004596,1.410696,0.209479,0.0,0.073538,0.34802,0.0,0.0,0.13029,0.0,0.0,0.000317,0.0,0.0,1e-06,0.095928,0.067503,0.0,0.10262,0.096303,0.248033,0.249291,0.095415,0.0,0.081511,0.0,0.0,0.248817,0.274547,0.109286,0.103222,0.0,0.0,1e-06,0.0,0.078046,0.081939,0.073235,0.089209,0.0,0.0,0.0,0.090873,0.0,0.0,0.010171,0.255305,0.0,0.225203,0.23006,0.154919,0.0,0.282067,0.0,0.0,0.028844,0.067284,0.0,0.353172,1.4e-05,0.0,0.41645,0.0,0.0,0.0,0.0,0.081297,0.0,0.077958,0.096577,0.689898,0.0,0.0,0.088388,0.069284,0.0,0.218892,0.174885,0.303976,0.511402,0.0,0.0,0.105161,0.074488,0.0,0.0,0.0,0.749345,0.076854,0.0,0.0,0.0,0.0,0.0,0.064648,0.081004,0.327744,0.0,0.0,0.0,0.0,0.075959,0.092784,0.0,0.291832,0.0,0.0,0.0,0.0,0.0,0.0,0.38093,0.0,0.102454,0.0,0.727115,0.0,0.0,0.284675,0.0,0.089863,0.0,0.373015,1.4e-05,0.0,0.0,0.0,0.117652,0.064199,0.0,0.052886,0.078177,0.216429,7.3e-05,0.0,0.586908,0.0,0.291952,0.076164,0.0,0.0,0.0,0.224388,0.221178,0.0,0.0,0.159528,0.0,0.099034,0.276454,0.414032,0.040852,0.0,0.078522,0.0,0.0,1.16176,0.280083,0.109339,0.0927,0.266623,0.079222,0.527156,0.277581,0.464455,0.289495,0.087732,0.252266,0.0,1e-06,0.0,0.0,0.0,0.114166,0.135666,0.080287,0.0,0.0,0.0,0.120721,0.979219,0.0,0.52304,0.0,0.259049,0.0,0.083981,0.0,1.038137,0.0,0.0,0.0,0.0,0.0,2.1e-05,0.251221,0.0,0.0,0.123045,0.0,0.0,0.0,0.0,0.555883,0.119526,0.0,0.0,0.143962,0.0,0.315432,0.239799,0.851504,0.093961,0.0,1.309386,0.087631,0.0,0.0,0.0,0.702213,0.269372,0.0,0.0,0.211097,0.0,0.338199,0.065766,0.0,0.239432,0.059885,0.0,0.0,0.0,1e-05,0.0,0.0,0.089022,0.0,0.0,0.0,0.361369,0.0,0.082729,0.246005,0.082366,0.0,0.0,0.058731,0.220226,0.184059,0.315877,0.0,0.092168,0.0,0.0,0.083844,0.154272,0.303389,0.0
TCGA-49-4512,0.154007,0.0,0.0,0.0,0.0,0.094615,0.18615,0.136415,0.235968,0.120728,0.100824,0.0,0.0,0.0,0.0,0.139171,0.0,0.235333,0.0,0.0,0.18982,0.0,0.0,0.0,0.0,0.0,0.0,0.0,0.0,0.105493,0.0,0.0,0.108952,1.029349,0.108573,0.22463,0.176267,0.0,0.0,0.0,2e-06,0.229313,0.0,0.117325,0.0,0.251483,0.099028,0.0,0.0,0.208213,0.0,0.222779,0.0,0.990675,0.0,0.366789,0.101312,0.0,4.5e-05,0.107752,0.0,3e-06,0.0,0.05453,0.161351,0.232474,0.086824,0.0,0.635199,0.0,0.0,0.0,0.363404,0.105993,0.0,0.0,0.0,0.0,0.0,0.0,0.0,0.934553,0.080307,0.0,0.0,0.063265,0.0,0.0,0.089394,0.106007,0.098398,0.0,0.005529,0.0,0.644494,0.0,0.0,0.0,0.0,0.090578,2e-06,0.0,0.146178,0.125213,0.0,0.0,0.0,0.414323,0.090777,0.174752,0.102837,0.0,0.19965,0.0,0.252541,0.0,0.0,0.6834,0.150866,0.250464,0.407576,0.0,1.6e-05,0.0,0.0,4e-06,0.232893,0.418033,0.139932,0.0,1e-06,0.090505,0.0,0.233476,0.323948,0.0,0.343759,0.086622,0.048428,0.0,0.244677,0.060263,0.201366,0.256542,0.276004,0.0,0.0,0.361253,0.0,0.0,1.1e-05,0.218974,0.317607,0.148379,0.000317,0.08105,0.0,0.058969,0.075978,0.0,0.645896,0.0,0.0,0.0,0.0,0.043857,0.0,0.0,0.0,0.653689,0.0,5e-06,0.096921,0.0,1e-06,0.0,0.0,1e-06,0.0,0.921668,0.055438,0.0,0.0,0.0,0.0,0.093897,0.266068,0.094116,0.0,0.0,0.0,0.0,0.240267,0.0,0.0,0.255583,0.071635,0.251379,0.201057,0.0,2e-06,0.0,2.491187,0.07742,0.0,5e-06,0.228136,1.589494,0.0,0.11161,0.0,0.0,0.0,0.0,0.000345,0.071902,0.0,1.0863,0.0,0.0,0.0,0.0,0.0,0.097384,0.093783,0.0,0.297563,0.396098,0.0,0.0,0.188886,0.0,0.140449,0.000373,0.0,0.054321,0.103916,0.10123,0.085923,0.0,0.192068,0.0,0.0,0.0,0.0,0.324818,0.258004,0.0,0.079327,0.085804,0.511937,0.0,0.098855,0.005352,1.276703,0.168582,0.0,0.088907,0.299011,0.0,0.0,0.13668,0.0,0.0,0.000496,1.1e-05,0.0,1.8e-05,0.12179,0.081609,0.0,0.116893,0.118865,0.212533,0.210976,0.088265,0.0,0.105629,0.0,0.0,0.212008,0.238324,0.125531,0.116678,0.0,0.0,0.0,0.0,0.093264,0.104204,0.088804,0.104515,0.0,0.0,0.0,0.115,0.0,0.0,0.016183,0.219652,0.0,0.19625,0.19673,0.13989,0.0,0.248758,0.0,0.0,0.026857,0.074842,0.0,0.314011,3e-06,0.0,0.365233,0.0,0.0,0.0,0.0,0.086656,0.0,0.094033,0.112919,0.596408,0.0,0.0,0.109582,0.077875,1e-06,0.186347,0.169925,0.283673,0.463058,0.0,0.0,0.129598,0.087911,0.0,0.0,0.0,0.667025,0.084188,0.0,0.0,0.0,1e-06,0.0,0.082221,0.097545,0.279546,0.0,0.0,0.0,0.0,0.094842,0.116503,0.0,0.243365,0.0,0.0,0.0,0.0,0.0,0.0,0.329086,0.0,0.127675,1e-06,0.650115,0.0,0.0,0.232212,0.0,0.106418,0.0,0.311356,1.9e-05,0.0,0.0,0.0,0.14383,0.080362,0.0,0.065587,0.096683,0.187129,0.000217,0.0,0.521948,0.0,0.247081,0.096658,0.0,0.0,0.0,0.194081,0.189007,0.0,0.0,0.15717,0.0,0.114505,0.231483,0.3429,0.034013,0.0,0.096838,0.0,0.0,1.044498,0.269323,0.091987,0.107899,0.228856,0.09577,0.464232,0.241442,0.41766,0.273374,0.096742,0.216591,0.0,5e-05,0.0,0.0,0.0,0.142761,0.151031,0.092803,0.0,0.0,0.0,0.132154,0.877225,0.0,0.456353,0.0,0.246778,0.0,0.10054,0.0,0.936006,0.0,0.0,0.0,0.0,0.0,6e-05,0.218849,0.0,0.0,0.140704,0.0,2e-06,0.0,0.0,0.498896,0.111474,0.0,0.0,0.113189,0.0,0.267802,0.204504,0.761724,0.108441,0.0,1.175769,0.105454,0.0,0.0,0.0,0.600045,0.234401,0.0,0.0,0.194261,0.0,0.303172,0.080574,0.0,0.20126,0.07515,0.0,0.0,0.0,1.1e-05,0.0,1e-06,0.110551,0.0,0.0,0.0,0.310876,0.0,0.117784,0.204273,0.097063,0.0,0.0,0.076605,0.190506,0.17837,0.265289,0.0,0.106531,0.0,0.0,0.106332,0.129046,0.256177,0.0
TCGA-49-4514,0.27316,0.0,0.0,0.0,0.0,0.15584,0.112437,0.231492,0.16371,0.210907,0.172192,0.0,0.0,0.0,0.0,0.255356,0.0,0.237936,0.0,0.0,0.111966,0.0,0.0,0.0,0.0,0.0,0.0,0.0,0.0,0.169324,0.0,0.0,0.185414,0.902948,0.180511,0.158195,0.123086,0.0,0.0,0.0,3e-06,0.166414,0.0,0.205765,0.0,0.17183,0.130998,0.0,0.0,0.13242,0.0,0.238838,0.0,0.989109,0.0,0.243899,0.16737,0.0,2.7e-05,0.17476,0.0,9e-06,0.0,0.064966,0.159967,0.173272,0.138943,0.0,0.511693,0.0,0.0,0.0,0.274838,0.169888,0.0,0.0,0.0,0.0,0.0,0.0,0.0,0.841042,0.124986,0.0,0.0,0.089758,0.0,0.0,0.134244,0.138381,0.139194,0.0,0.002104,0.0,0.546827,0.0,0.0,0.0,0.0,0.138433,6.4e-05,0.0,0.27181,0.215438,0.0,0.0,0.0,0.371868,0.14078,0.130623,0.123895,0.0,0.137208,0.0,0.182878,0.0,0.0,0.563609,0.264642,0.175856,0.300857,0.0,7e-06,0.0,0.0,1e-06,0.187308,0.370553,0.255215,1.3e-05,2e-06,0.14121,0.0,0.1477,0.209557,0.0,0.260456,0.10439,0.048827,0.0,0.165935,0.063759,0.165192,0.173843,0.188304,0.0,0.0,0.272084,0.0,0.0,3e-06,0.143951,0.218262,0.106163,3.4e-05,0.141131,0.0,0.083542,0.127363,0.0,0.540752,0.0,0.0,0.0,0.0,0.016488,0.0,0.0,0.0,0.532804,0.0,5e-06,0.150101,0.0,0.0,0.0,0.0,0.0,1e-06,0.838525,0.078085,0.0,0.0,0.0,0.0,0.158456,0.177937,0.154387,0.0,0.0,0.0,0.0,0.159127,0.0,0.0,0.169239,0.104928,0.265968,0.135033,0.0,3.5e-05,0.0,2.400426,0.091037,0.0,1e-06,0.189925,1.534805,0.0,0.056978,0.0,0.0,0.0,0.0,5.5e-05,0.056211,0.0,0.961097,0.0,0.0,0.0,0.0,0.0,0.169743,0.147437,0.0,0.191309,0.261071,0.0,0.0,0.139239,0.0,0.248516,0.000387,0.0,0.052987,0.163834,0.150842,0.118235,0.0,0.120393,0.0,0.0,0.0,0.0,0.269898,0.192392,0.0,0.13647,0.124768,0.396325,0.0,0.163401,0.00214,1.17412,0.117984,0.0,0.150299,0.201968,0.0,0.0,0.18176,0.0,0.0,0.000664,0.0,0.0,3e-06,0.200035,0.136827,0.0,0.190676,0.196151,0.148665,0.142972,0.118499,0.0,0.190427,0.0,0.0,0.133058,0.160231,0.163559,0.208808,0.0,0.0,1e-06,0.0,0.153188,0.166278,0.140653,0.163906,0.0,0.0,0.0,0.188467,0.0,0.0,0.006494,0.152406,0.0,0.128222,0.13769,0.154643,0.0,0.265357,0.0,0.0,0.016098,0.091976,0.0,0.298385,5e-06,0.0,0.305048,0.0,6e-06,0.0,0.0,0.145535,0.0,0.148271,0.182612,0.503586,0.0,0.0,0.179852,0.092941,7e-06,0.136025,0.100089,0.264345,0.408872,0.0,0.0,0.215886,0.143695,0.0,0.0,0.0,0.554896,0.130696,0.0,0.0,0.0,9e-06,0.0,0.132604,0.159299,0.184853,0.0,0.0,0.0,0.0,0.155587,0.198475,0.0,0.166965,0.0,0.0,0.0,0.0,0.0,0.0,0.230396,0.0,0.22408,0.0,0.609161,0.0,0.0,0.155062,0.0,0.176687,0.0,0.208121,1.1e-05,0.0,0.0,0.0,0.248589,0.134241,0.0,0.10142,0.154568,0.131675,2.4e-05,0.0,0.436979,0.0,0.182661,0.156397,0.0,0.0,0.0,0.137987,0.124511,0.0,0.0,0.186886,0.0,0.198448,0.149318,0.22879,0.018822,0.0,0.15206,0.0,0.0,0.980738,0.298348,0.094539,0.15807,0.156236,0.152906,0.375768,0.155775,0.335268,0.236078,0.135163,0.148526,0.0,0.000193,0.0,0.0,0.0,0.271528,0.200021,0.05449,3e-06,0.0,0.0,0.215057,0.738061,0.0,0.334793,0.0,0.271311,0.0,0.16362,0.0,0.812054,0.0,0.0,0.0,0.0,0.0,3.1e-05,0.173069,0.0,0.0,0.213988,0.0,2e-06,0.0,0.0,0.474353,0.05554,0.0,0.0,0.065935,0.0,0.192352,0.138967,0.727223,0.179872,0.0,1.071749,0.176998,0.0,0.0,0.0,0.448133,0.155206,0.0,0.0,0.162633,0.0,0.258252,0.128523,0.0,0.13664,0.129482,0.0,0.0,0.0,6e-06,0.0,1e-06,0.200446,0.0,0.0,0.0,0.211078,0.0,0.212469,0.142537,0.156408,0.0,0.0,0.099395,0.129084,0.202524,0.184582,0.0,0.168495,0.0,0.0,0.184015,0.092071,0.169927,0.0
TCGA-49-6742,0.199526,0.0,0.0,0.0,0.0,0.131842,0.139662,0.176843,0.185675,0.164055,0.140809,3e-06,0.0,0.0,0.0,0.183076,0.0,0.229918,0.0,0.0,0.141673,0.0,0.0,0.0,0.0,0.0,0.0,0.0,0.0,0.131825,3e-06,0.0,0.149741,0.953589,0.13541,0.178138,0.142549,1e-06,0.0,0.0,3e-06,0.188361,0.0,0.15655,0.0,0.224137,0.095728,0.0,0.0,0.155983,0.0,0.229153,0.0,0.963678,0.0,0.302852,0.132198,0.0,0.000104,0.141674,1e-06,6e-06,0.0,0.053755,0.168751,0.198782,0.11495,0.0,0.575609,0.0,0.0,0.0,0.320255,0.126291,0.0,0.0,0.0,0.0,0.0,0.0,0.0,0.876731,0.099707,0.0,0.0,0.084724,0.0,0.0,0.11733,0.123618,0.11905,0.0,0.000839,0.0,0.594465,0.0,0.0,0.0,0.0,0.117322,2e-06,0.0,0.19103,0.163008,0.0,0.0,0.0,0.40853,0.115938,0.143085,0.102693,0.0,0.162687,0.0,0.206706,0.0,0.0,0.639413,0.202327,0.21569,0.35133,0.0,0.000154,0.0,0.0,0.0,0.204988,0.406999,0.180765,0.0,2.5e-05,0.12111,0.0,0.181892,0.259257,0.0,0.293262,0.079093,0.049408,0.0,0.200749,0.071421,0.171628,0.211658,0.221496,0.0,0.0,0.322636,0.0,0.0,5e-06,0.172598,0.273566,0.127194,2.6e-05,0.108727,0.0,0.070383,0.095861,0.0,0.583243,0.0,1.1e-05,0.0,0.0,0.012475,0.0,0.0,0.0,0.592638,0.0,6e-06,0.116784,0.0,1e-06,0.0,0.0,0.0,0.0,0.869164,0.078398,0.0,0.0,0.0,0.0,0.128601,0.226633,0.127249,0.0,0.0,0.0,0.0,0.189113,2e-06,0.0,0.201421,0.092967,0.254328,0.15547,0.0,3e-06,0.0,2.430661,0.091398,0.0,1e-06,0.198717,1.555564,0.0,0.068503,0.0,0.0,0.0,0.0,4.3e-05,0.06827,0.0,1.011691,0.0,0.0,0.0,0.0,0.0,0.121741,0.116706,0.0,0.254311,0.3219,0.0,0.0,0.164651,0.0,0.176884,0.000446,0.0,0.061092,0.14444,0.122691,0.108032,0.0,0.139708,0.0,0.0,0.0,0.0,0.287283,0.240332,0.0,0.105137,0.107675,0.457133,0.0,0.129084,0.007168,1.205481,0.13463,0.0,0.120758,0.242083,0.0,0.0,0.15523,0.0,0.0,0.001155,0.0,0.0,2e-05,0.155751,0.105008,2e-06,0.149358,0.146503,0.183649,0.164458,0.09434,0.0,0.144375,0.0,0.0,0.168948,0.183613,0.146188,0.150646,0.0,0.0,2e-06,0.0,0.11301,0.143279,0.119335,0.139634,0.0,0.0,0.0,0.148556,0.0,0.0,0.013517,0.179348,0.0,0.15087,0.170876,0.146892,0.0,0.251882,0.0,0.0,0.013455,0.08844,0.0,0.307523,7e-06,0.0,0.320328,0.0,1e-06,0.0,0.0,0.114827,0.0,0.121167,0.143353,0.559385,0.0,0.0,0.136305,0.085933,0.0,0.153178,0.119123,0.272895,0.416302,0.0,0.0,0.171148,0.111287,0.0,0.0,0.0,0.615807,0.107043,0.0,0.0,0.0,0.0,0.0,0.113051,0.123442,0.227894,0.0,0.0,0.0,0.0,0.130214,0.162159,0.0,0.202566,0.0,0.0,0.0,0.0,0.0,0.0,0.282782,0.0,0.166803,1.5e-05,0.624462,0.0,0.0,0.19587,0.0,0.140445,0.0,0.254954,6e-06,0.0,0.0,0.0,0.186555,0.111341,0.0,0.093236,0.127255,0.142273,3.8e-05,0.0,0.467337,0.0,0.214448,0.128925,0.0,0.0,0.0,0.154118,0.1593,0.0,0.0,0.17669,0.0,0.15,0.191288,0.280446,0.021307,0.0,0.124356,0.0,0.0,1.016212,0.289269,0.078638,0.124726,0.185893,0.122272,0.411225,0.18863,0.375287,0.263256,0.126872,0.179377,0.0,1.5e-05,0.0,0.0,0.0,0.190652,0.177407,0.052636,0.0,0.0,0.0,0.164842,0.807186,0.0,0.394357,0.0,0.262575,0.0,0.126337,0.0,0.86749,0.0,0.0,0.0,0.0,0.0,1.2e-05,0.187022,0.0,0.0,0.159592,0.0,3e-06,0.0,0.0,0.498253,0.067731,0.0,0.0,0.082975,0.0,0.222992,0.167017,0.733534,0.138109,0.0,1.117865,0.141222,0.0,0.0,0.0,0.520791,0.187256,0.0,0.0,0.188271,0.0,0.270352,0.103082,0.0,0.169352,0.105909,0.0,0.0,0.0,5.1e-05,0.0,0.0,0.142212,0.0,3e-06,0.0,0.255787,0.0,0.140221,0.165507,0.122728,0.0,0.0,0.070665,0.15964,0.19178,0.225985,0.0,0.141747,0.0,0.0,0.13846,0.101858,0.207184,0.0
TCGA-49-6743,0.249088,0.0,0.0,0.0,0.0,0.161474,0.100746,0.22085,0.142798,0.204789,0.168189,0.0,0.0,0.0,0.0,0.223755,0.0,0.221383,0.0,0.0,0.110068,0.0,0.0,0.0,0.0,0.0,0.0,0.0,0.0,0.167584,0.0,0.0,0.178716,0.867114,0.130837,0.134589,0.111561,0.0,0.0,0.0,0.0,0.146999,0.0,0.188189,0.0,0.17604,0.088964,0.0,0.0,0.115807,0.0,0.232518,0.0,0.907336,0.0,0.239201,0.162622,0.0,0.0,0.162831,0.0,0.0,0.0,0.082411,0.19802,0.153136,0.147907,0.0,0.52001,0.0,0.0,0.0,0.26753,0.162394,0.0,0.0,0.0,0.0,0.0,0.0,0.0,0.804083,0.131692,0.0,0.0,0.105504,0.0,0.0,0.145181,0.144388,0.146038,0.0,0.000706,0.0,0.531229,0.0,0.0,0.0,0.0,0.154199,0.0,0.0,0.232773,0.204492,0.0,0.0,0.0,0.381886,0.156661,0.11497,0.117971,0.0,0.130003,0.0,0.165598,0.0,0.0,0.590576,0.239469,0.175703,0.299026,0.0,6.1e-05,0.0,0.0,1e-06,0.170518,0.366288,0.23098,0.0,0.0,0.160496,0.0,0.13896,0.197028,0.0,0.243797,0.065286,0.072031,0.0,0.154949,0.077718,0.144969,0.169973,0.167648,0.0,0.0,0.275767,0.0,0.0,2e-06,0.134653,0.219084,0.097595,3e-06,0.132203,0.0,0.082869,0.131066,0.0,0.518084,0.0,0.0,0.0,0.0,0.005983,0.0,0.0,0.0,0.521791,0.0,0.0,0.132169,0.0,0.0,0.0,0.0,0.0,1e-06,0.797667,0.106223,0.0,0.0,0.0,0.0,0.154268,0.171281,0.162058,0.0,0.0,0.0,0.0,0.152408,0.0,0.0,0.153912,0.123131,0.243329,0.121065,0.0,3e-06,0.0,2.322898,0.11973,0.0,1e-06,0.165997,1.465617,0.0,0.046907,0.0,0.0,0.0,0.0,6e-06,0.051091,0.0,0.934723,0.0,0.0,0.0,0.0,0.0,0.163529,0.145424,0.0,0.20341,0.255557,0.0,0.0,0.125457,0.0,0.21357,0.000801,0.0,0.081874,0.18086,0.164568,0.146645,0.0,0.100621,0.0,0.0,0.0,0.0,0.244423,0.196778,0.0,0.138981,0.133567,0.396714,0.0,0.161529,0.015561,1.124108,0.100377,0.0,0.143914,0.192286,0.0,0.0,0.18973,0.0,0.0,0.001155,0.0,0.0,0.0,0.191113,0.130244,0.0,0.188811,0.1824,0.140244,0.122677,0.086019,0.0,0.175823,0.0,0.0,0.1292,0.139188,0.169624,0.190083,0.0,0.0,3e-06,0.0,0.145192,0.171252,0.145586,0.150172,0.0,0.0,0.0,0.182831,0.0,0.0,0.03423,0.139331,0.0,0.115661,0.132625,0.141231,0.0,0.218642,0.0,0.0,0.011406,0.093755,0.0,0.270765,7e-06,0.0,0.268889,0.0,0.0,0.0,0.0,0.138034,0.0,0.142366,0.171908,0.506365,0.0,0.0,0.177337,0.104345,0.0,0.126274,0.090342,0.298082,0.363532,0.0,0.0,0.208977,0.139068,0.0,0.0,0.0,0.564622,0.128457,0.0,0.0,0.0,0.0,0.0,0.150099,0.151077,0.176978,0.0,0.0,0.0,0.0,0.160569,0.185982,0.0,0.163037,0.0,0.0,0.0,0.0,0.0,0.0,0.227165,0.0,0.208037,0.0,0.571457,0.0,0.0,0.146891,0.0,0.1784,0.0,0.190122,3e-06,0.0,0.0,0.0,0.22443,0.148801,0.0,0.125483,0.15125,0.123486,4e-06,0.0,0.410566,0.0,0.161486,0.167697,0.0,0.0,0.0,0.122132,0.122216,0.0,0.0,0.205766,0.0,0.181804,0.149331,0.222928,0.014056,0.0,0.161862,0.0,0.0,0.933537,0.298125,0.060756,0.157511,0.144119,0.152365,0.351697,0.141488,0.330541,0.274394,0.16062,0.136891,0.0,1.5e-05,0.0,0.0,0.0,0.237902,0.198708,0.02792,0.0,0.0,0.0,0.187167,0.733386,0.0,0.335598,0.0,0.265788,0.0,0.156964,0.0,0.79724,0.0,0.0,0.0,0.0,0.0,7e-06,0.155185,0.0,0.0,0.178995,0.0,0.0,0.0,0.0,0.469484,0.048929,0.0,0.0,0.061318,0.0,0.171936,0.126603,0.670577,0.170146,0.0,1.029878,0.16937,0.0,0.0,0.0,0.437341,0.140524,0.0,0.0,0.188276,0.0,0.240498,0.129568,0.0,0.126046,0.141923,0.0,0.0,0.0,8e-06,0.0,0.0,0.178208,0.0,0.0,0.0,0.212245,0.0,0.175867,0.13298,0.153323,0.0,0.0,0.079179,0.122626,0.211724,0.173896,0.0,0.152836,0.0,0.0,0.174169,0.080664,0.161687,0.0
TCGA-49-6745,0.213843,0.0,0.0,0.0,0.0,0.133262,0.136875,0.185622,0.1875,0.173474,0.144119,0.0,0.0,0.0,0.0,0.199897,0.0,0.232537,0.0,0.0,0.138361,0.0,0.0,0.0,0.0,0.0,0.0,0.0,0.0,0.145865,0.0,0.0,0.155768,0.943082,0.139193,0.174899,0.140641,0.0,0.0,0.0,2e-06,0.182012,0.0,0.164664,0.0,0.202373,0.100015,0.0,0.0,0.157379,0.0,0.22939,0.0,0.962819,0.0,0.291487,0.139403,0.0,1.7e-05,0.145736,0.0,3e-06,0.0,0.065138,0.174668,0.191175,0.118843,0.0,0.562189,0.0,0.0,0.0,0.314098,0.137405,0.0,0.0,0.0,0.0,0.0,0.0,0.0,0.869145,0.106563,0.0,0.0,0.086028,0.0,0.0,0.122742,0.127389,0.122467,0.0,0.002072,0.0,0.583313,0.0,0.0,0.0,0.0,0.117779,1.5e-05,0.0,0.207325,0.176173,0.0,0.0,0.0,0.398727,0.130835,0.139514,0.113265,0.0,0.15577,0.0,0.200274,0.0,0.0,0.620002,0.212554,0.204106,0.339368,0.0,7e-06,0.0,0.0,1e-06,0.199184,0.390605,0.197473,1e-06,2e-05,0.124777,0.0,0.173616,0.252281,0.0,0.288932,0.084001,0.051173,0.0,0.191995,0.066247,0.166481,0.203851,0.216504,0.0,0.0,0.310845,0.0,0.0,1.1e-05,0.167913,0.256858,0.121019,3e-05,0.111617,0.0,0.074635,0.103746,0.0,0.580276,0.0,2e-06,0.0,0.0,0.018075,0.0,0.0,0.0,0.573355,0.0,0.0,0.123952,0.0,2e-06,0.0,0.0,0.0,2e-06,0.862603,0.07738,0.0,0.0,0.0,0.0,0.130292,0.210888,0.131903,0.0,0.0,0.0,0.0,0.186121,0.0,0.0,0.197793,0.097546,0.253069,0.157434,0.0,1.4e-05,0.0,2.416148,0.095884,0.0,5e-06,0.19948,1.539751,0.0,0.067199,0.0,0.0,0.0,0.0,4.8e-05,0.061393,0.0,1.001845,0.0,0.0,0.0,0.0,0.0,0.129909,0.128481,0.0,0.236299,0.307978,0.0,0.0,0.156781,0.0,0.188524,0.000344,0.0,0.062984,0.144502,0.130866,0.110636,0.0,0.143007,0.0,0.0,0.0,0.0,0.285679,0.221722,0.0,0.10915,0.112246,0.444727,0.0,0.135308,0.004692,1.195916,0.131902,0.0,0.121114,0.23411,0.0,0.0,0.165157,0.0,0.0,0.000259,1.4e-05,0.0,9e-06,0.171042,0.111326,0.0,0.156273,0.159525,0.169676,0.162605,0.09729,0.0,0.153669,0.0,0.0,0.160894,0.182679,0.150927,0.160076,0.0,0.0,5.3e-05,0.0,0.120291,0.14436,0.118909,0.141538,0.0,0.0,0.0,0.156047,0.0,0.0,0.00813,0.171778,0.0,0.147517,0.161548,0.145103,0.0,0.254722,0.0,0.0,0.019974,0.087858,0.0,0.297225,3e-06,0.0,0.318084,0.0,0.0,0.0,0.0,0.117826,0.0,0.124398,0.149031,0.538498,0.0,0.0,0.148457,0.09014,2e-06,0.156032,0.122168,0.285973,0.412891,0.0,0.0,0.180417,0.116699,0.0,0.0,0.0,0.604957,0.110616,0.0,0.0,0.0,3e-06,0.0,0.117299,0.1296,0.220234,0.0,0.0,0.0,0.0,0.135534,0.163319,0.0,0.19688,0.0,0.0,0.0,0.0,0.0,0.0,0.271846,0.0,0.173661,0.0,0.621193,0.0,0.0,0.181445,0.0,0.147196,0.0,0.24523,4e-06,0.0,0.0,0.0,0.200112,0.116784,0.0,0.092355,0.132837,0.147643,8.1e-05,0.0,0.464279,0.0,0.205955,0.135653,0.0,0.0,0.0,0.154712,0.150333,0.0,0.0,0.178181,0.0,0.157029,0.181211,0.271773,0.021158,0.0,0.129204,0.0,0.0,0.993032,0.293026,0.075795,0.137175,0.178624,0.13039,0.39794,0.179838,0.369267,0.259608,0.125857,0.171501,0.0,4.6e-05,0.0,0.0,0.0,0.206422,0.179985,0.056368,1e-06,0.0,0.0,0.17369,0.793752,0.0,0.381018,0.0,0.259017,0.0,0.131244,0.0,0.857727,0.0,0.0,0.0,0.0,0.0,2.6e-05,0.184459,0.0,0.0,0.172692,0.0,1e-06,0.0,0.0,0.486399,0.065935,0.0,0.0,0.080381,0.0,0.213706,0.165889,0.725747,0.144648,0.0,1.104522,0.147708,0.0,0.0,0.0,0.503721,0.183086,0.0,0.0,0.182948,0.0,0.270859,0.108704,0.0,0.159757,0.111659,0.0,0.0,0.0,1e-05,0.0,2e-06,0.154618,0.0,0.0,0.0,0.24929,0.0,0.161259,0.162084,0.132192,0.0,0.0,0.079691,0.153696,0.19498,0.214348,0.0,0.139387,0.0,0.0,0.152471,0.098791,0.198032,0.0
TCGA-50-5045,0.198457,0.0,0.0,0.0,0.0,0.140619,0.132633,0.17885,0.17765,0.164304,0.136398,3.4e-05,1e-06,0.0,0.0,0.182553,0.0,0.232558,0.0,0.0,0.137046,0.0,0.0,0.0,0.0,0.0,0.0,0.0,0.0,0.139847,0.0,0.0,0.145561,0.937504,0.118446,0.165387,0.13394,1.9e-05,0.0,0.0,0.0,0.174077,0.0,0.150936,0.0,0.211907,0.08962,0.0,0.0,0.156208,0.0,0.232391,1e-06,0.932574,0.0,0.292008,0.135762,0.0,1e-06,0.147105,1.5e-05,4e-06,0.0,0.065154,0.182668,0.180918,0.130283,4e-06,0.5798,0.0,0.0,0.0,0.3063,0.138902,0.0,0.0,0.0,0.0,0.0,0.0,0.0,0.860505,0.116817,0.0,0.0,0.098885,0.0,0.0,0.127639,0.138876,0.131829,0.0,0.001489,0.0,0.578318,0.0,0.0,0.0,0.0,0.134144,0.0,0.0,0.17949,0.164096,0.0,0.0,0.0,0.407649,0.135523,0.136492,0.116029,0.0,0.147352,0.0,0.202135,0.0,0.0,0.639206,0.198009,0.21566,0.343281,0.0,2.6e-05,0.0,0.0,0.0,0.183489,0.393029,0.184384,0.0,7e-06,0.129576,0.0,0.165758,0.25229,0.0,0.287486,0.06364,0.065237,0.0,0.185328,0.083682,0.155658,0.202448,0.201349,0.0,0.0,0.30681,0.0,0.0,5e-06,0.16952,0.264468,0.111349,0.000384,0.10457,0.0,0.075697,0.107595,0.0,0.577386,0.0,5.2e-05,2e-06,0.0,0.013178,0.0,0.0,0.0,0.588664,0.0,1e-06,0.126337,0.0,0.0,0.0,0.0,0.0,0.0,0.854124,0.094084,0.0,0.0,0.0,0.0,0.128922,0.223024,0.137783,0.0,0.0,0.0,0.0,0.179297,1.5e-05,0.0,0.189068,0.112644,0.247714,0.144452,0.0,2.1e-05,0.0,2.399506,0.112031,0.0,0.0,0.191182,1.525032,0.0,0.063943,0.0,0.0,0.0,0.0,0.000821,0.075885,0.0,1.003031,0.0,0.0,0.0,0.0,1e-06,0.137243,0.130321,0.0,0.253049,0.318132,0.0,0.0,0.156261,0.0,0.181305,0.000435,0.0,0.067811,0.150028,0.137398,0.123881,0.0,0.127879,0.0,0.0,0.0,0.0,0.272044,0.234403,0.0,0.118667,0.115637,0.447903,0.0,0.135797,0.010382,1.185321,0.119787,0.0,0.120533,0.235082,0.0,0.0,0.165109,0.0,0.0,0.000395,0.0,0.0,0.000357,0.164725,0.116012,0.0,0.160597,0.156987,0.169174,0.155054,0.087654,0.0,0.13674,0.0,0.0,0.15864,0.169188,0.153011,0.156219,0.0,0.0,1e-06,0.0,0.120371,0.155599,0.125834,0.140847,0.0,0.0,0.0,0.156116,0.0,0.0,0.022073,0.16239,0.0,0.143345,0.151972,0.149458,0.0,0.24258,0.0,0.0,0.014014,0.091384,0.0,0.302779,1e-06,0.0,0.301455,0.0,0.0,0.0,0.0,0.119496,0.0,0.125068,0.149029,0.553853,0.0,0.0,0.138563,0.09444,0.0,0.142788,0.108091,0.287014,0.393703,0.0,0.0,0.174551,0.121747,0.0,0.0,0.0,0.60906,0.121555,2e-06,0.0,0.0,0.0,0.0,0.125708,0.126827,0.212415,0.0,0.0,0.0,0.0,0.139959,0.157575,0.0,0.199745,0.0,0.0,0.0,2e-06,0.0,0.0,0.264555,0.0,0.170829,0.0,0.617873,0.0,0.0,0.179902,0.0,0.148203,0.0,0.246411,1.3e-05,0.0,0.0,0.0,0.181257,0.126938,0.0,0.102576,0.137187,0.124541,0.000496,0.0,0.453218,0.0,0.193048,0.132135,7e-06,0.0,0.0,0.147467,0.149393,5e-06,0.0,0.186396,0.0,0.144736,0.191581,0.266601,0.026913,0.0,0.142693,0.0,1e-06,0.978583,0.290768,0.055132,0.141095,0.1819,0.131698,0.405752,0.171442,0.374906,0.283957,0.140066,0.15856,0.0,1e-06,0.0,0.0,0.0,0.19072,0.182335,0.03614,0.0,0.0,0.0,0.164697,0.795672,0.0,0.380246,0.0,0.255492,0.0,0.133704,0.0,0.856658,0.0,0.0,0.0,0.0,0.0,7e-06,0.175422,0.0,0.0,0.162352,0.0,0.0,0.0,0.0,0.490433,0.070678,0.0,0.0,0.080176,0.0,0.213022,0.156512,0.710456,0.140512,0.0,1.093548,0.139574,0.0,0.0,0.0,0.51553,0.170487,0.0,0.0,0.193169,0.0,0.256378,0.122639,0.0,0.164523,0.110165,0.0,0.0,0.0,4.2e-05,0.0,1e-06,0.141764,0.0,2e-06,0.0,0.257531,0.0,0.138427,0.15826,0.137618,0.0,0.0,0.064614,0.146467,0.201292,0.213136,0.0,0.135317,0.0,0.0,0.140841,0.093983,0.195993,0.0
TCGA-50-5066,0.324852,0.0,0.0,0.0,0.0,0.20348,0.059759,0.27988,0.105192,0.261145,0.206517,0.0,1e-06,0.0,0.0,0.284538,0.0,0.213998,0.0,0.0,0.072719,0.0,0.0,0.0,0.0,0.0,0.0,0.0,0.0,0.211916,0.0,0.0,0.227497,0.784787,0.132801,0.085666,0.064485,1e-06,0.0,0.0,0.0,0.092652,0.0,0.237428,0.0,0.105972,0.082844,0.0,0.0,0.076055,0.0,0.233033,0.0,0.86278,0.0,0.152676,0.198475,0.0,0.0,0.193452,0.0,9e-06,0.0,0.119507,0.20305,0.092324,0.197724,0.0,0.455993,0.0,0.0,0.0,0.21125,0.208067,0.0,0.0,0.0,0.0,0.0,0.0,0.0,0.721619,0.168956,0.0,0.0,0.135326,0.0,0.0,0.17279,0.184735,0.187704,0.0,0.000184,0.0,0.449205,0.0,0.0,0.0,0.0,0.180676,0.0,0.0,0.283702,0.271319,0.0,0.0,0.0,0.363805,0.224071,0.075409,0.154033,0.0,0.076106,0.0,0.098009,0.0,0.0,0.511216,0.294046,0.130237,0.225412,0.0,0.0,0.0,0.0,0.0,0.122657,0.331205,0.292567,0.0,1e-06,0.208055,0.0,0.076241,0.127183,0.0,0.187705,0.060735,0.085424,0.0,0.099398,0.092885,0.111013,0.102371,0.102603,0.0,0.0,0.211463,0.0,0.0,1.3e-05,0.094916,0.144289,0.05654,0.000161,0.163597,0.0,0.118645,0.176598,0.0,0.452786,0.0,1.2e-05,0.0,0.0,0.002634,0.0,0.0,0.0,0.444427,0.0,0.0,0.161967,0.0,9e-06,0.0,0.0,0.0,0.0,0.709654,0.126318,0.0,0.0,0.0,0.0,0.19127,0.108043,0.200624,0.0,0.0,0.0,0.0,0.098678,0.0,0.0,0.100605,0.161754,0.245254,0.080545,0.0,1.5e-05,0.0,2.205641,0.149188,0.0,0.0,0.13268,1.377293,0.0,0.02036,0.0,0.0,0.0,0.0,0.000325,0.037098,0.0,0.838185,0.0,0.0,0.0,0.0,0.0,0.214245,0.192349,0.0,0.125504,0.171026,0.0,0.0,0.07483,0.0,0.278786,0.000923,0.0,0.086832,0.219939,0.208032,0.18537,0.0,0.059644,0.0,0.0,0.0,0.0,0.202218,0.144912,0.0,0.174933,0.172836,0.31603,2e-06,0.203056,0.026806,1.02961,0.064427,0.0,0.184478,0.129082,0.0,0.0,0.231605,0.0,0.0,0.000497,1e-06,0.0,0.000124,0.251587,0.163824,0.0,0.2376,0.250939,0.088896,0.080629,0.069034,0.0,0.224169,0.0,0.0,0.079342,0.091392,0.203151,0.22746,0.0,4e-06,2.5e-05,0.0,0.190868,0.201125,0.178858,0.178163,0.0,0.0,0.0,0.240919,0.0,0.0,0.029521,0.08697,0.0,0.067344,0.080835,0.141633,0.0,0.19309,0.0,0.0,0.004816,0.119135,0.0,0.237797,0.0,0.0,0.215924,0.0,0.0,0.0,0.0,0.167441,0.0,0.192686,0.217271,0.433739,0.0,0.0,0.21039,0.124604,0.0,0.084757,0.04236,0.315837,0.304655,0.0,0.0,0.278105,0.182831,0.0,0.0,0.0,0.498119,0.168462,1e-06,0.0,0.0,0.0,0.0,0.190393,0.196315,0.118877,0.0,0.0,0.0,0.0,0.205929,0.225132,0.0,0.105213,0.0,0.0,0.0,0.0,0.0,0.0,0.143007,0.0,0.261364,0.0,0.537287,0.0,0.0,0.08721,0.0,0.222527,0.0,0.124079,1.6e-05,0.0,0.0,0.0,0.277665,0.194419,0.0,0.143363,0.200746,0.076142,0.000257,0.0,0.343027,0.0,0.104085,0.216854,0.0,0.0,0.0,0.068935,0.077477,0.0,0.0,0.239077,0.0,0.217071,0.107358,0.138935,0.010109,0.0,0.212728,0.0,0.0,0.836807,0.307998,0.030867,0.201357,0.094592,0.212393,0.286469,0.080087,0.285482,0.281543,0.205874,0.087078,0.0,1e-06,0.0,0.0,0.0,0.3005,0.232172,0.013217,0.0,0.0,0.0,0.227149,0.642334,0.0,0.240009,0.0,0.267453,0.0,0.210108,0.0,0.716714,0.0,0.0,0.0,0.0,0.0,5.8e-05,0.124481,0.0,0.0,0.211091,0.0,0.0,0.0,0.0,0.421993,0.026345,0.0,0.0,0.033984,0.0,0.115822,0.085908,0.606677,0.207652,0.0,0.933759,0.201847,0.0,0.0,0.0,0.329801,0.092692,0.0,0.0,0.18077,0.0,0.189094,0.168123,0.0,0.085876,0.173313,0.0,0.0,0.0,8e-06,0.0,0.0,0.228515,0.0,0.0,0.0,0.149801,0.0,0.221127,0.08383,0.216013,0.0,0.0,0.107201,0.077394,0.243379,0.113049,0.0,0.191456,0.0,0.0,0.220497,0.046776,0.103974,0.0
TCGA-50-5939,0.214032,0.0,0.0,0.0,0.0,0.150062,0.1332,0.197266,0.156072,0.173957,0.150361,0.0,0.0,0.0,0.0,0.189958,0.0,0.211126,0.0,0.0,0.146861,0.0,0.0,0.0,0.0,0.0,0.0,0.0,0.0,0.13082,0.0,0.0,0.153475,0.907693,0.113371,0.150306,0.115743,1.4e-05,0.0,0.0,0.0,0.161069,0.0,0.161962,0.0,0.188162,0.086607,0.0,0.0,0.150124,0.0,0.23149,0.0,0.919626,0.0,0.260354,0.143359,0.0,0.0,0.133801,0.0,0.0,0.0,0.067236,0.178798,0.157885,0.136975,0.0,0.55437,0.0,0.0,0.0,0.279668,0.149052,0.0,0.0,0.0,0.0,0.0,0.0,0.0,0.838829,0.109398,0.0,0.0,0.096067,0.0,0.0,0.123626,0.13412,0.136037,0.0,0.000398,0.0,0.530824,0.0,0.0,0.0,0.0,0.150171,0.0,0.0,0.183666,0.178507,0.0,0.0,0.0,0.39114,0.150006,0.132617,0.102409,0.0,0.145869,0.0,0.170952,0.0,0.0,0.60239,0.203404,0.203951,0.330795,0.0,2e-06,0.0,0.0,2e-06,0.177318,0.370554,0.193054,0.0,0.0,0.142508,0.0,0.147115,0.225523,0.0,0.258444,0.065497,0.064172,0.0,0.162538,0.064901,0.159509,0.186605,0.182243,0.0,0.0,0.279113,0.0,0.0,0.000161,0.165749,0.244342,0.102905,0.000191,0.112158,0.0,0.08146,0.112588,0.0,0.551635,0.0,0.0,0.0,0.0,0.005909,0.0,0.0,0.0,0.543804,0.0,0.0,0.124825,0.0,0.0,0.0,0.0,0.0,0.0,0.819063,0.098565,0.0,0.0,0.0,0.0,0.141543,0.195153,0.141526,1e-06,0.0,0.0,0.0,0.178864,0.0,0.0,0.18408,0.110135,0.241985,0.132294,0.0,3.1e-05,0.0,2.345491,0.096737,0.0,0.0,0.17296,1.480269,0.0,0.061459,0.0,0.0,0.0,0.0,0.000387,0.047873,0.0,0.951049,0.0,0.0,0.0,0.0,0.0,0.156875,0.133632,0.0,0.228595,0.296901,0.0,0.0,0.132563,0.0,0.199434,0.000156,0.0,0.061183,0.161461,0.151037,0.134259,0.0,0.110333,0.0,0.0,0.0,0.0,0.246445,0.205529,0.0,0.131648,0.126711,0.407676,0.0,0.145743,0.010756,1.151415,0.109389,0.0,0.130309,0.217793,0.0,0.0,0.181606,0.0,0.0,0.000238,0.0,0.0,0.000162,0.162281,0.107047,0.0,0.173026,0.152202,0.152288,0.141027,0.070946,0.0,0.147803,0.0,0.0,0.147966,0.158029,0.148301,0.16971,0.0,0.0,6e-06,0.0,0.133501,0.148077,0.126419,0.12418,0.0,0.0,0.0,0.171717,0.0,0.0,0.028081,0.154194,0.0,0.143414,0.134309,0.129949,0.0,0.211493,0.0,0.0,0.009434,0.097163,0.0,0.275504,0.000182,0.0,0.290146,0.0,0.0,0.0,0.0,0.130432,0.0,0.13209,0.157009,0.525187,0.0,0.0,0.15087,0.098907,0.0,0.135745,0.083548,0.283347,0.385879,0.0,0.0,0.188793,0.126637,0.0,0.0,0.0,0.574209,0.131721,0.0,0.0,0.0,0.0,0.0,0.134387,0.135381,0.208513,0.0,0.0,0.0,0.0,0.137294,0.158663,0.0,0.188042,0.0,0.0,0.0,0.0,0.0,0.0,0.235735,0.0,0.177698,0.0,0.584152,0.0,0.0,0.161348,0.0,0.157275,0.0,0.20375,3.1e-05,0.0,0.0,0.0,0.178675,0.133193,0.0,0.099367,0.13993,0.136768,0.000263,0.0,0.437684,0.0,0.160814,0.141311,0.0,0.0,0.0,0.128913,0.138395,0.0,0.0,0.194231,0.0,0.152817,0.182726,0.245336,0.021729,0.0,0.161003,0.0,0.0,0.943028,0.287948,0.069147,0.142839,0.165867,0.145313,0.378395,0.160595,0.35384,0.281962,0.15264,0.148244,0.0,0.0,0.0,0.0,0.0,0.206722,0.169972,0.024511,0.0,0.0,0.0,0.177423,0.764997,0.0,0.34696,0.0,0.250958,0.0,0.14341,0.0,0.823299,0.0,0.0,0.0,0.0,0.0,0.000235,0.177699,0.0,0.0,0.159285,0.0,0.0,0.0,0.0,0.45825,0.064821,0.0,0.0,0.069215,0.0,0.199742,0.134057,0.688762,0.137766,0.0,1.050386,0.141924,0.0,0.0,0.0,0.468271,0.160641,0.0,0.0,0.177224,0.0,0.243241,0.115078,0.0,0.154178,0.114608,0.0,0.0,0.0,0.0,0.0,0.0,0.147277,0.0,0.0,0.0,0.248555,0.0,0.152027,0.138565,0.155354,0.0,0.0,0.086512,0.1366,0.213433,0.186152,0.0,0.134686,0.0,0.0,0.141919,0.085967,0.183761,0.0
TCGA-50-8459,0.273599,0.0,0.0,0.0,0.0,0.176567,0.1016,0.242241,0.14136,0.220523,0.17194,0.00012,0.0,0.0,0.0,0.227202,0.0,0.224007,0.0,0.0,0.110305,0.0,0.0,0.0,0.0,0.0,0.0,0.0,0.0,0.181446,1e-06,0.0,0.189248,0.878503,0.113485,0.129789,0.097604,5e-06,0.0,0.0,0.0,0.134245,0.0,0.201638,0.0,0.172713,0.089606,0.0,0.0,0.11613,0.0,0.233672,0.0,0.914656,0.0,0.225232,0.176426,0.0,1e-06,0.166153,4.6e-05,2e-06,1e-06,0.106306,0.20268,0.130923,0.172659,1.6e-05,0.535123,0.0,0.0,0.0,0.258527,0.180574,0.0,0.0,0.0,0.0,0.0,0.0,0.0,0.807346,0.149157,0.0,0.0,0.118681,0.0,0.0,0.148627,0.160914,0.172309,0.0,0.001066,0.0,0.517163,0.0,0.0,0.0,0.0,0.175841,0.0,0.0,0.237493,0.222442,0.0,0.0,0.0,0.391194,0.179227,0.110625,0.135341,0.0,0.119995,0.0,0.160643,0.0,0.0,0.585717,0.246668,0.177436,0.286063,0.0,4e-06,0.0,0.0,1e-06,0.152294,0.372208,0.243068,3e-06,3e-06,0.173025,0.0,0.121569,0.191111,0.0,0.240306,0.055449,0.086089,0.0,0.15316,0.088352,0.133201,0.158885,0.156174,0.0,0.0,0.262673,0.0,0.0,1.7e-05,0.137768,0.213133,0.078745,3.6e-05,0.142622,0.0,0.097337,0.148373,0.0,0.512644,0.0,4.1e-05,5e-06,0.0,0.01103,0.0,0.0,0.0,0.527415,0.0,1e-06,0.147016,0.0,1e-06,0.0,0.0,0.0,0.0,0.792076,0.119911,1e-06,0.0,0.0,0.0,0.163996,0.172807,0.174874,0.0,0.0,0.0,0.0,0.144559,2e-06,0.0,0.146778,0.138516,0.254462,0.121878,0.0,0.000261,0.0,2.346411,0.131827,0.0,0.0,0.153585,1.466497,0.0,0.049186,0.0,0.0,0.0,0.0,0.000195,0.056438,0.0,0.928066,0.0,0.0,0.0,0.0,1e-06,0.186198,0.153718,0.0,0.197068,0.258491,0.0,0.0,0.119575,0.0,0.227728,0.000915,0.0,0.088185,0.192419,0.178647,0.165171,0.0,0.091438,0.0,0.0,0.0,0.0,0.236652,0.200449,0.0,0.154435,0.148931,0.387136,0.0,0.170385,0.017233,1.129736,0.093962,0.0,0.158087,0.185038,0.0,0.0,0.210474,0.0,0.0,0.00078,0.0,0.0,4.2e-05,0.207068,0.13703,1e-06,0.204012,0.198355,0.132381,0.116814,0.078247,0.0,0.1778,0.0,0.0,0.124917,0.133677,0.181303,0.188,0.0,0.0,0.0,0.0,0.160274,0.183602,0.157067,0.149773,0.0,0.0,0.0,0.204483,0.0,0.0,0.031455,0.134142,0.0,0.110818,0.120854,0.138047,0.0,0.202961,0.0,0.0,0.0059,0.105858,0.0,0.268821,3.3e-05,0.0,0.257337,0.0,9e-06,0.0,0.0,0.148738,0.0,0.155793,0.187189,0.510851,0.0,0.0,0.185346,0.114646,0.0,0.116472,0.075873,0.312262,0.3558,3e-06,0.0,0.234324,0.160163,0.0,0.0,0.0,0.563636,0.147388,1e-06,0.0,0.0,0.0,0.0,0.162822,0.168377,0.172341,0.0,0.0,0.0,0.0,0.177122,0.196926,0.0,0.157277,0.0,0.0,0.0,0.0,0.0,0.0,0.209921,0.0,0.21687,1e-06,0.58009,0.0,0.0,0.146565,0.0,0.193078,0.0,0.192168,4.7e-05,0.0,0.0,0.0,0.234241,0.165376,0.0,0.133103,0.169719,0.111661,5e-05,0.0,0.407044,0.0,0.140504,0.183977,1e-06,0.0,0.0,0.106737,0.115236,3e-06,0.0,0.22238,0.0,0.19147,0.149833,0.216685,0.02047,0.0,0.186048,0.0,0.0,0.921505,0.299599,0.044461,0.169465,0.134227,0.165292,0.342208,0.138869,0.332333,0.292351,0.181067,0.130756,0.0,5e-06,0.0,0.0,0.0,0.248183,0.205024,0.026622,2e-06,0.0,0.0,0.19509,0.725659,0.0,0.32516,0.0,0.272901,0.0,0.181009,0.0,0.807331,0.0,0.0,0.0,0.0,0.0,4.8e-05,0.152483,0.0,0.0,0.182415,0.0,0.0,1e-06,0.0,0.463849,0.053327,0.0,0.0,0.063809,0.0,0.168591,0.115736,0.662245,0.17522,0.0,1.029389,0.17499,0.0,0.0,0.0,0.431144,0.136173,0.0,0.0,0.191709,0.0,0.218361,0.152402,0.0,0.126001,0.152735,0.0,0.0,0.0,1.5e-05,0.0,1e-06,0.188776,0.0,1e-06,0.0,0.213032,0.0,0.179892,0.121842,0.177004,0.0,0.0,0.088745,0.115593,0.232442,0.164276,0.0,0.165646,0.0,3e-06,0.174254,0.075218,0.154418,0.0
TCGA-52-7622,0.286812,0.0,0.0,0.0,0.0,0.20488,0.073579,0.268567,0.092938,0.235118,0.200294,0.0,0.0,0.0,0.0,0.244818,0.0,0.218888,0.0,0.0,0.092211,0.0,0.0,0.0,0.0,0.0,0.0,0.0,0.0,0.194545,5e-06,0.0,0.2066,0.812214,0.115347,0.089867,0.058787,0.0,0.0,0.0,0.0,0.094795,0.0,0.212246,0.0,0.13563,0.08652,0.0,0.0,0.088163,0.0,0.246185,0.0,0.854843,0.0,0.172359,0.198229,0.0,0.0,0.176661,0.0,2e-05,0.0,0.12298,0.232271,0.097249,0.193041,0.0,0.496101,0.0,0.0,0.0,0.214813,0.20262,0.0,0.0,0.0,0.0,0.0,0.0,0.0,0.748518,0.161822,0.0,0.0,0.145356,5e-06,0.0,0.185448,0.180068,0.183827,0.0,0.000245,0.0,0.463071,0.0,0.0,0.0,0.0,0.213449,0.0,0.0,0.238038,0.234508,0.0,0.0,0.0,0.380526,0.208531,0.078392,0.146997,0.0,0.083488,0.0,0.113458,0.0,0.0,0.556976,0.267576,0.143324,0.259707,0.0,6e-06,0.0,0.0,0.0,0.122729,0.338164,0.260235,1e-06,0.0,0.201689,0.0,0.085729,0.144918,0.0,0.195917,0.035851,0.103787,0.0,0.102284,0.105226,0.101528,0.125734,0.108827,0.0,0.0,0.219623,0.0,0.0,8.8e-05,0.10224,0.170798,0.0624,2.9e-05,0.155162,0.0,0.113737,0.16467,0.0,0.46586,0.0,2e-06,0.0,0.0,0.002664,0.0,0.0,0.0,0.485207,0.0,1e-06,0.159426,0.0,0.0,0.0,0.0,0.0,0.0,0.731147,0.151501,0.0,0.0,0.0,0.0,0.184505,0.138618,0.200189,1e-06,0.0,0.0,0.0,0.114967,0.0,0.0,0.116247,0.15842,0.246272,0.085162,0.0,0.000655,0.0,2.236102,0.149523,0.0,0.0,0.115164,1.378124,0.0,0.02981,0.0,0.0,0.0,0.0,4.4e-05,0.052857,0.0,0.87072,0.0,0.0,0.0,0.0,0.0,0.199782,0.185848,0.0,0.162559,0.214077,0.0,0.0,0.093683,0.0,0.249042,0.000984,0.0,0.113262,0.223427,0.218448,0.194006,0.0,0.061389,0.0,0.0,0.0,0.0,0.190627,0.163902,0.0,0.175383,0.17172,0.336818,0.0,0.192654,0.030705,1.055709,0.063749,0.0,0.168216,0.140802,0.0,0.0,0.231099,0.0,0.0,2e-06,0.0,0.0,6e-06,0.22097,0.155947,0.0,0.227479,0.218493,0.089558,0.07766,0.07752,0.0,0.196224,0.0,0.0,0.086297,0.090726,0.205171,0.212929,0.0,0.0,3e-06,0.0,0.190763,0.209842,0.181115,0.162064,0.0,0.0,0.0,0.22745,0.0,0.0,0.063905,0.096239,0.0,0.08451,0.078707,0.13998,0.0,0.180071,0.0,0.0,0.003537,0.12489,0.0,0.250612,4.1e-05,0.0,0.22194,6e-06,3e-06,0.0,0.0,0.17552,0.0,0.174842,0.210611,0.474396,0.0,1e-06,0.210386,0.142404,0.0,0.079708,0.041719,0.316752,0.308068,0.0,0.0,0.248576,0.179187,0.0,0.0,0.0,0.513995,0.170582,0.0,0.0,0.0,0.0,0.0,0.191982,0.18534,0.136109,0.0,0.0,0.0,0.0,0.194674,0.209257,0.0,0.12259,0.0,0.0,0.0,0.0,0.0,0.0,0.164907,0.0,0.227449,1e-06,0.543011,0.0,0.0,0.104647,0.0,0.223527,1e-06,0.137932,3.7e-05,0.0,0.0,0.0,0.246369,0.196174,0.0,0.1584,0.194893,0.093594,3.3e-05,0.0,0.358973,0.0,0.093033,0.203532,0.0,0.0,0.0,0.078188,0.078239,0.0,0.0,0.253745,0.0,0.205889,0.108247,0.171872,0.024477,0.0,0.2135,0.0,0.0,0.853431,0.297814,0.025968,0.194573,0.107398,0.200456,0.294482,0.101836,0.295482,0.313611,0.213887,0.091854,0.0,0.0,0.0,0.0,0.0,0.267075,0.227713,0.009675,0.0,0.0,0.0,0.220452,0.673668,0.0,0.277762,0.0,0.281819,0.0,0.195003,0.0,0.742932,0.0,0.0,0.0,0.0,0.0,0.000264,0.129632,0.0,0.0,0.202094,0.0,0.0,0.0,0.0,0.440497,0.029274,0.0,0.0,0.03677,0.0,0.122252,0.076522,0.598966,0.195038,0.0,0.952291,0.189689,0.0,0.0,0.0,0.373143,0.098165,0.0,0.0,0.205082,0.0,0.18599,0.169793,0.0,0.088369,0.163462,0.0,0.0,1e-06,7e-06,0.0,0.0,0.201003,0.0,0.0,0.0,0.180918,0.0,0.200916,0.080739,0.207126,0.0,0.0,0.105529,0.083735,0.248589,0.119691,0.0,0.177755,0.0,0.0,0.191004,0.050613,0.116356,0.0
TCGA-52-7812,0.299054,0.0,0.0,0.0,0.0,0.20687,0.058836,0.268382,0.08164,0.247217,0.209651,0.0,0.0,0.0,0.0,0.25789,0.0,0.205017,0.0,0.0,0.074056,0.0,0.0,0.0,0.0,0.0,0.0,0.0,0.0,0.194396,2e-06,0.0,0.213445,0.761263,0.130797,0.079855,0.053183,0.0,0.0,0.0,0.0,0.08245,0.0,0.223722,0.0,0.10976,0.084803,0.0,0.0,0.061516,0.0,0.237822,0.0,0.820889,0.0,0.14387,0.196559,0.0,0.0,0.181653,0.0,1e-06,0.0,0.111705,0.222557,0.087501,0.18977,0.0,0.445369,0.0,0.0,0.0,0.19798,0.201329,0.0,0.0,0.0,0.0,0.0,0.0,0.0,0.700194,0.167934,0.0,0.0,0.139655,0.0,0.0,0.175166,0.171879,0.184038,0.0,9.6e-05,0.0,0.435466,0.0,0.0,0.0,0.0,0.202764,0.0,0.0,0.258524,0.242254,0.0,0.0,0.0,0.351214,0.207103,0.070915,0.139913,0.0,0.072315,0.0,0.095323,0.0,0.0,0.517324,0.278696,0.119342,0.229336,0.0,2.3e-05,0.0,0.0,1e-06,0.121871,0.315067,0.271358,0.0,6e-06,0.203801,0.0,0.069589,0.111921,0.0,0.16983,0.04559,0.09197,0.0,0.084365,0.092654,0.097895,0.103457,0.088435,0.0,0.0,0.202713,1e-06,0.0,5.9e-05,0.084489,0.146311,0.054821,6e-06,0.161359,0.0,0.1063,0.171407,0.0,0.434683,0.0,0.0,0.0,0.0,0.00101,0.0,0.0,0.0,0.437432,0.0,0.0,0.147187,0.0,0.0,0.0,0.0,0.0,0.0,0.687918,0.144261,0.0,0.0,0.0,0.0,0.190995,0.102877,0.200055,0.0,0.0,0.0,0.0,0.097602,0.0,0.0,0.091635,0.159559,0.235312,0.071983,0.0,0.000253,0.0,2.151775,0.146259,0.0,0.0,0.111294,1.328149,0.0,0.019384,0.0,0.0,0.0,0.0,5.4e-05,0.038395,0.0,0.81591,0.0,0.0,0.0,0.0,0.0,0.200047,0.180863,0.0,0.133679,0.166791,0.0,0.0,0.066707,0.0,0.25849,0.000948,0.0,0.108344,0.222833,0.216496,0.190196,0.0,0.046422,0.0,0.0,0.0,0.0,0.17877,0.139798,0.0,0.17594,0.162681,0.310949,0.0,0.191356,0.020849,1.011248,0.048187,0.0,0.171309,0.125524,0.0,0.0,0.226898,0.0,0.0,0.000129,0.0,0.0,1.7e-05,0.220154,0.15416,0.0,0.227457,0.220731,0.077119,0.057678,0.07118,0.0,0.207787,0.0,0.0,0.067154,0.070945,0.197145,0.219148,0.0,0.0,2.8e-05,0.0,0.187131,0.204644,0.179816,0.163009,0.0,0.0,0.0,0.230253,0.0,0.0,0.061423,0.085444,0.0,0.067777,0.071212,0.132906,0.0,0.170176,0.0,0.0,0.002994,0.116469,0.0,0.23085,2e-06,0.0,0.203289,2e-06,2e-06,0.0,0.0,0.172554,0.0,0.175649,0.209757,0.431918,0.0,0.0,0.218377,0.13494,0.0,0.078367,0.036235,0.30586,0.287314,0.0,0.0,0.252785,0.17986,0.0,0.0,0.0,0.475177,0.163553,0.0,0.0,0.0,0.0,0.0,0.191779,0.18747,0.115134,0.0,0.0,0.0,0.0,0.198182,0.216705,0.0,0.106206,0.0,0.0,0.0,0.0,0.0,0.0,0.142215,0.0,0.238423,0.0,0.505356,0.0,0.0,0.080182,0.0,0.223855,0.0,0.10093,2e-06,0.0,0.0,0.0,0.253939,0.19646,0.0,0.16293,0.187373,0.088839,7e-06,0.0,0.336235,0.0,0.084878,0.213763,0.0,0.0,0.0,0.067107,0.070552,0.0,0.0,0.24283,0.0,0.21238,0.093967,0.140495,0.010069,0.0,0.210389,0.0,0.0,0.819562,0.297679,0.0283,0.188236,0.094082,0.1952,0.273075,0.083293,0.269043,0.289657,0.206324,0.085055,0.0,0.0,0.0,0.0,0.0,0.281838,0.219933,0.004099,0.0,0.0,0.0,0.222351,0.631852,0.0,0.253804,0.0,0.27176,0.0,0.191514,0.0,0.698615,0.0,0.0,0.0,0.0,0.0,0.000236,0.121624,0.0,0.0,0.20548,0.0,0.0,0.0,0.0,0.41705,0.02198,0.0,0.0,0.024976,0.0,0.104128,0.061221,0.578346,0.201445,0.0,0.900471,0.198641,0.0,0.0,0.0,0.326212,0.079455,0.0,0.0,0.194518,0.0,0.181247,0.16609,0.0,0.075469,0.184754,0.0,0.0,0.0,2e-06,0.0,0.0,0.215291,0.0,0.0,0.0,0.148439,0.0,0.21747,0.072134,0.200902,0.0,0.0,0.110451,0.072641,0.237969,0.10414,0.0,0.179744,0.0,0.0,0.202415,0.046493,0.100587,0.0
TCGA-53-7624,0.259177,0.0,0.0,0.0,0.0,0.190132,0.085904,0.228599,0.130888,0.208562,0.17217,0.0,0.0,0.0,0.0,0.223337,0.0,0.2121,0.0,0.0,0.106333,0.0,0.0,0.0,0.0,0.0,0.0,0.0,0.0,0.175024,5e-06,0.0,0.192319,0.841783,0.114645,0.111988,0.087599,0.0,0.0,0.0,0.0,0.120269,0.0,0.184746,0.0,0.160138,0.074465,0.0,0.0,0.104319,0.0,0.223904,0.0,0.869297,0.0,0.211236,0.170808,0.0,0.0,0.161121,0.0,5e-06,0.0,0.095871,0.215225,0.117285,0.168338,0.0,0.505247,0.0,0.0,0.0,0.249013,0.169918,0.0,0.0,0.0,0.0,0.0,0.0,0.0,0.779048,0.14406,0.0,0.0,0.121041,0.0,0.0,0.156394,0.159598,0.157294,0.0,0.000221,0.0,0.49754,0.0,0.0,0.0,0.0,0.170469,0.0,0.0,0.210974,0.213035,0.0,0.0,0.0,0.38589,0.188531,0.101934,0.125218,0.0,0.109031,0.0,0.137937,0.0,0.0,0.586792,0.234004,0.170101,0.282252,0.0,3.3e-05,0.0,0.0,0.0,0.156766,0.349269,0.227534,0.0,3e-06,0.17815,0.0,0.104673,0.164608,0.0,0.219734,0.04454,0.088593,0.0,0.130491,0.085374,0.124237,0.143997,0.134543,0.0,0.0,0.25735,0.0,0.0,7e-06,0.126389,0.203117,0.087232,1.1e-05,0.137529,0.0,0.088663,0.147694,0.0,0.497062,0.0,2e-06,0.0,0.0,0.002401,0.0,0.0,0.0,0.505018,0.0,3e-06,0.132518,0.0,0.0,0.0,0.0,0.0,0.0,0.758621,0.125661,0.0,0.0,0.0,0.0,0.162795,0.148535,0.177852,0.0,0.0,0.0,0.0,0.137756,0.0,0.0,0.137505,0.147579,0.23522,0.107761,0.0,8.2e-05,0.0,2.270217,0.134561,0.0,0.0,0.143873,1.419935,0.0,0.03501,0.0,0.0,0.0,0.0,1.7e-05,0.036234,0.0,0.892649,0.0,0.0,0.0,0.0,0.0,0.173993,0.157205,0.0,0.184538,0.235911,0.0,0.0,0.094575,0.0,0.219982,0.001331,0.0,0.094586,0.191875,0.17626,0.159934,0.0,0.080852,0.0,0.0,0.0,0.0,0.216489,0.181684,0.0,0.15407,0.14667,0.368753,0.0,0.166854,0.016341,1.09023,0.076755,0.0,0.146882,0.171436,0.0,0.0,0.203162,0.0,0.0,9.2e-05,0.0,0.0,1e-06,0.198554,0.140634,0.0,0.199743,0.198168,0.12003,0.092372,0.064749,0.0,0.171026,0.0,0.0,0.110836,0.11494,0.178837,0.188972,0.0,0.0,5e-06,0.0,0.156896,0.178505,0.146313,0.143998,0.0,0.0,0.0,0.198597,0.0,0.0,0.042891,0.120585,0.0,0.096888,0.105205,0.134172,0.0,0.189565,0.0,0.0,0.010158,0.09898,0.0,0.250915,3.6e-05,0.0,0.241521,0.0,0.0,0.0,0.0,0.14906,0.0,0.155185,0.176831,0.487719,0.0,0.0,0.176163,0.113658,0.0,0.1078,0.055923,0.313866,0.325859,0.0,0.0,0.220102,0.154438,0.0,0.0,0.0,0.541522,0.145926,0.0,0.0,0.0,0.0,0.0,0.154594,0.157546,0.153872,0.0,0.0,0.0,0.0,0.1735,0.193565,0.0,0.153526,0.0,0.0,0.0,0.0,0.0,0.0,0.199352,0.0,0.199107,8e-06,0.555424,0.0,0.0,0.124341,0.0,0.186536,0.0,0.156553,1.1e-05,0.0,0.0,0.0,0.219394,0.169523,0.0,0.141733,0.167218,0.104683,3.5e-05,0.0,0.38167,0.0,0.126528,0.184977,0.0,0.0,0.0,0.093353,0.108469,0.0,0.0,0.224443,0.0,0.18381,0.139222,0.194489,0.008021,0.0,0.182468,0.0,0.0,0.887809,0.30055,0.036949,0.170903,0.133012,0.169377,0.330353,0.120101,0.328903,0.295765,0.177452,0.118852,0.0,1e-06,0.0,0.0,0.0,0.236275,0.201858,0.009278,0.0,0.0,0.0,0.190552,0.71433,0.0,0.308519,0.0,0.262756,0.0,0.163182,0.0,0.765842,0.0,0.0,0.0,0.0,0.0,5.7e-05,0.149397,0.0,0.0,0.172619,0.0,0.0,0.0,0.0,0.439688,0.038098,0.0,0.0,0.046015,0.0,0.151902,0.10348,0.644366,0.17473,0.0,0.98778,0.165819,0.0,0.0,0.0,0.404351,0.11698,0.0,0.0,0.19053,0.0,0.21874,0.13819,0.0,0.115215,0.143005,0.0,0.0,0.0,5.1e-05,0.0,2e-06,0.185664,0.0,0.0,0.0,0.200916,0.0,0.170736,0.117248,0.173453,0.0,0.0,0.083183,0.10677,0.22708,0.159408,0.0,0.155896,0.0,0.0,0.172823,0.063873,0.144132,0.0
TCGA-55-6980,0.243489,0.0,0.0,0.0,0.0,0.158849,0.115201,0.214439,0.155585,0.194171,0.157526,0.0,0.0,0.0,0.0,0.200749,0.0,0.23807,0.0,0.0,0.132314,0.0,0.0,0.0,0.0,0.0,0.0,0.0,0.0,0.161027,0.0,0.0,0.1775,0.945,0.115793,0.144621,0.10836,0.0,0.0,0.0,0.0,0.155315,0.0,0.180575,0.0,0.197243,0.09669,0.0,0.0,0.12988,0.0,0.238128,0.0,0.957875,0.0,0.26016,0.163425,0.0,0.0,0.155478,0.0,2e-06,0.0,0.089594,0.197775,0.159745,0.160423,0.0,0.586847,0.0,0.0,0.0,0.291161,0.151292,0.0,0.0,0.0,0.0,0.0,0.0,0.0,0.866324,0.133794,0.0,0.0,0.102696,0.0,0.0,0.144914,0.150442,0.147046,0.0,0.000767,0.0,0.570012,0.0,0.0,0.0,0.0,0.160761,0.0,0.0,0.200108,0.193281,0.0,0.0,0.0,0.425566,0.156084,0.129659,0.121325,0.0,0.136853,0.0,0.176639,0.0,0.0,0.640845,0.212586,0.208599,0.331901,0.0,1e-06,0.0,0.0,0.0,0.183354,0.409228,0.210347,0.0,0.0,0.152812,0.0,0.140084,0.222551,0.0,0.263713,0.059842,0.079526,0.0,0.175657,0.090437,0.154125,0.178458,0.184086,0.0,0.0,0.299004,0.0,0.0,7.3e-05,0.156589,0.24434,0.101248,1e-06,0.125291,0.0,0.084862,0.131928,0.0,0.570499,0.0,0.0,0.0,0.0,0.006547,0.0,0.0,0.0,0.587745,0.0,0.0,0.134369,0.0,0.0,0.0,0.0,0.0,0.0,0.851853,0.113987,0.0,0.0,0.0,0.0,0.148952,0.207596,0.158096,0.0,0.0,0.0,0.0,0.172259,0.0,0.0,0.172177,0.124003,0.266809,0.137099,0.0,1.2e-05,0.0,2.454868,0.124809,0.0,1e-06,0.176552,1.55056,0.0,0.04904,0.0,0.0,0.0,0.0,1e-06,0.062224,0.0,0.996041,0.0,0.0,0.0,0.0,0.0,0.151086,0.145661,0.0,0.223937,0.295919,0.0,0.0,0.139509,0.0,0.197325,0.000527,0.0,0.077516,0.176855,0.161818,0.14841,0.0,0.101467,0.0,0.0,0.0,0.0,0.264573,0.227675,0.0,0.135029,0.135387,0.431709,3e-06,0.158975,0.016738,1.20032,0.121668,0.0,0.140201,0.213664,0.0,0.0,0.196866,0.0,0.0,0.000285,0.0,0.0,0.0,0.185259,0.134235,0.0,0.18261,0.176345,0.147288,0.139367,0.080985,0.0,0.161524,0.0,0.0,0.142309,0.152818,0.167565,0.167658,0.0,0.0,1e-06,0.0,0.142168,0.164835,0.137966,0.13901,0.0,0.0,0.0,0.172262,0.0,0.0,0.027959,0.15473,0.0,0.123327,0.139445,0.147541,0.0,0.235196,0.0,0.0,0.00847,0.107914,0.0,0.307357,2e-06,0.0,0.291723,0.0,0.0,0.0,0.0,0.140528,0.0,0.140066,0.170102,0.568714,0.0,0.0,0.160011,0.108,0.0,0.135158,0.080005,0.323634,0.389412,0.0,0.0,0.208735,0.137146,0.0,0.0,0.0,0.622206,0.134672,0.0,0.0,0.0,0.0,0.0,0.147318,0.151548,0.200212,0.0,0.0,0.0,0.0,0.164372,0.172937,0.0,0.184056,0.0,0.0,0.0,0.0,0.0,0.0,0.241604,0.0,0.192509,0.0,0.630747,0.0,0.0,0.167812,0.0,0.173548,0.0,0.21917,8e-06,0.0,0.0,0.0,0.208684,0.144975,0.0,0.11743,0.151017,0.130237,1.7e-05,0.0,0.442712,0.0,0.172663,0.165585,0.0,0.0,0.0,0.121521,0.133984,0.0,0.0,0.21834,0.0,0.166536,0.172268,0.257009,0.018536,0.0,0.161052,0.0,0.0,0.993431,0.305147,0.053829,0.155733,0.164071,0.153592,0.383095,0.154168,0.356441,0.298035,0.170748,0.155191,0.0,0.0,0.0,0.0,0.0,0.216792,0.188988,0.028175,0.0,0.0,0.0,0.187787,0.789567,0.0,0.368424,0.0,0.275498,0.0,0.15989,0.0,0.858249,0.0,0.0,0.0,0.0,0.0,1.2e-05,0.17676,0.0,0.0,0.167901,0.0,0.0,0.0,0.0,0.502257,0.053434,0.0,0.0,0.077832,0.0,0.197469,0.137204,0.71796,0.154931,0.0,1.100465,0.163181,0.0,0.0,0.0,0.491953,0.155011,0.0,0.0,0.21067,0.0,0.241308,0.129529,0.0,0.14045,0.134374,0.0,0.0,0.0,1e-05,0.0,0.0,0.167223,0.0,1e-06,0.0,0.237784,0.0,0.144365,0.146442,0.151726,0.0,0.0,0.075172,0.129459,0.226991,0.189652,0.0,0.148907,0.0,0.0,0.15805,0.082972,0.183408,0.0
TCGA-55-7727,0.112492,0.0,0.0,0.0,0.0,0.073839,0.216263,0.102598,0.264317,0.087518,0.073135,0.0,0.0,0.0,0.0,0.094017,0.0,0.243326,0.0,0.0,0.238035,0.0,0.0,0.0,0.0,0.0,0.0,0.0,0.0,0.077468,0.0,0.0,0.080584,1.141085,0.074802,0.255879,0.199146,0.0,0.0,0.0,0.0,0.259552,0.0,0.089469,0.0,0.302258,0.090364,0.0,0.0,0.242117,0.0,0.230768,0.0,1.05189,0.0,0.435705,0.085033,0.0,0.0,0.075437,0.0,2e-06,0.0,0.059805,0.168256,0.256034,0.075602,0.0,0.737259,0.0,0.0,0.0,0.412526,0.081647,0.0,0.0,0.0,0.0,0.0,0.0,0.0,1.021957,0.063515,0.0,0.0,0.051263,0.0,0.0,0.069885,0.099177,0.091587,0.0,0.004905,0.0,0.717617,0.0,0.0,0.0,0.0,0.081918,0.0,0.0,0.08825,0.09302,0.0,0.0,0.0,0.46505,0.074259,0.212638,0.09395,0.0,0.240655,0.0,0.297478,0.0,0.0,0.78047,0.096629,0.299473,0.475683,0.0,3e-06,0.0,0.0,0.0,0.263742,0.471055,0.095377,0.0,0.0,0.072824,0.0,0.270842,0.377644,0.0,0.389456,0.077547,0.064041,0.0,0.288427,0.052761,0.228317,0.308384,0.323317,0.0,0.0,0.409951,0.0,0.0,2.1e-05,0.264371,0.381696,0.166614,8.9e-05,0.064753,0.0,0.054329,0.066878,0.0,0.731255,0.0,0.0,0.0,0.0,0.040059,0.0,0.0,0.0,0.74983,0.0,0.0,0.082,0.0,0.0,0.0,0.0,1e-06,0.0,1.008761,0.051818,0.0,0.0,0.0,0.0,0.06852,0.323116,0.080774,0.0,0.0,0.0,0.0,0.288748,0.0,0.0,0.298532,0.060994,0.265646,0.239455,0.0,1e-06,0.0,2.666564,0.083115,0.0,0.0,0.251818,1.686241,0.0,0.130517,0.0,0.0,0.0,0.0,0.000118,0.071593,0.0,1.184508,0.0,0.0,0.0,0.0,0.0,0.07904,0.084669,0.0,0.350214,0.484016,0.0,0.0,0.217016,0.0,0.09555,0.000171,0.0,0.055368,0.076525,0.080674,0.084048,0.0,0.21457,0.0,0.0,0.0,0.0,0.361371,0.297056,0.0,0.063355,0.070661,0.581941,0.0,0.092838,0.004866,1.398368,0.212001,0.0,0.069834,0.355687,0.0,0.0,0.139057,0.0,0.0,0.000599,0.0,0.0,1.7e-05,0.092825,0.064299,0.0,0.08932,0.085801,0.243967,0.250371,0.082052,0.0,0.06919,0.0,0.0,0.247938,0.268478,0.109673,0.085262,0.0,0.0,1e-06,0.0,0.077378,0.073647,0.068384,0.066388,0.0,0.0,0.0,0.079432,0.0,0.0,0.023098,0.260416,0.0,0.222662,0.225024,0.140666,0.0,0.26243,0.0,0.0,0.030476,0.073869,0.0,0.337849,3e-06,0.0,0.406289,0.0,1e-06,0.0,0.0,0.080166,0.0,0.068189,0.09028,0.691774,0.0,0.0,0.084409,0.074314,0.0,0.209996,0.180566,0.326287,0.511572,0.0,0.0,0.098422,0.069641,0.0,0.0,0.0,0.760574,0.077942,0.0,0.0,0.0,0.0,0.0,0.070285,0.072946,0.336884,0.0,0.0,0.0,0.0,0.071404,0.078754,0.0,0.293168,0.0,0.0,0.0,0.0,0.0,0.0,0.37623,0.0,0.088973,0.0,0.709083,0.0,0.0,0.280464,0.0,0.084011,0.0,0.36545,1.3e-05,0.0,0.0,0.0,0.100776,0.063024,0.0,0.05137,0.070573,0.230226,0.000178,0.0,0.584632,0.0,0.274397,0.074227,0.0,0.0,0.0,0.218331,0.219585,0.0,0.0,0.16135,0.0,0.083529,0.277241,0.423807,0.042964,0.0,0.077952,0.0,0.0,1.129487,0.276939,0.09266,0.087471,0.263175,0.07624,0.524997,0.287401,0.467574,0.313595,0.088493,0.258676,0.0,0.0,0.0,0.0,0.0,0.100615,0.127299,0.091926,0.0,0.0,0.0,0.108294,0.977954,0.0,0.528447,0.0,0.255262,0.0,0.079162,0.0,1.037647,0.0,0.0,0.0,0.0,0.0,6.5e-05,0.254185,0.0,0.0,0.106253,0.0,0.0,0.0,0.0,0.541161,0.135617,0.0,0.0,0.142573,0.0,0.311725,0.232959,0.821385,0.076557,0.0,1.291812,0.074946,0.0,0.0,0.0,0.705028,0.270202,0.0,0.0,0.220314,0.0,0.330226,0.063611,0.0,0.23982,0.05962,0.0,0.0,0.0,1.3e-05,0.0,0.0,0.077924,0.0,0.0,0.0,0.376906,0.0,0.073833,0.24008,0.077217,0.0,0.0,0.057032,0.221427,0.188615,0.301384,0.0,0.072721,0.0,0.0,0.070311,0.156837,0.305772,0.0
TCGA-55-8302,0.123687,0.0,0.0,0.0,0.0,0.099685,0.183208,0.118058,0.225108,0.105798,0.089086,0.0,0.0,0.0,0.0,0.10035,0.0,0.231771,0.0,0.0,0.209381,0.0,0.0,0.0,0.0,0.0,0.0,0.0,0.0,0.087692,0.0,0.0,0.097369,1.069286,0.07943,0.213802,0.17773,3.8e-05,0.0,0.0,0.0,0.227979,0.0,0.101698,0.0,0.27693,0.079486,0.0,0.0,0.208645,0.0,0.237192,0.0,0.972731,1e-06,0.38623,0.096038,0.0,0.0,0.091272,0.0,9e-06,0.0,0.064099,0.173556,0.225643,0.097768,0.0,0.697525,0.0,0.0,0.0,0.375028,0.094481,0.0,0.0,0.0,0.0,0.0,0.0,0.0,0.96086,0.0849,0.0,0.0,0.078023,8e-06,0.0,0.092119,0.111092,0.107885,0.0,0.000277,0.0,0.673947,0.0,0.0,0.0,0.0,0.11298,0.0,0.0,0.103588,0.102421,0.0,0.0,0.0,0.456534,0.094286,0.180058,0.097965,0.0,0.207179,0.0,0.265504,0.0,0.0,0.746263,0.115174,0.272321,0.442308,0.0,4e-06,0.0,0.0,0.0,0.218455,0.449696,0.101833,0.0,0.0,0.093901,0.0,0.21875,0.346982,0.0,0.34989,0.059528,0.069577,0.0,0.252741,0.084061,0.195324,0.26692,0.269118,0.0,0.0,0.38316,0.0,0.0,8.6e-05,0.231583,0.347381,0.143048,0.000502,0.067859,0.0,0.056193,0.074614,0.0,0.665825,0.0,0.0,0.0,0.0,0.011465,0.0,0.0,0.0,0.68884,0.0,0.0,0.09079,0.0,0.0,0.0,0.0,0.0,0.0,0.955978,0.077476,0.0,0.0,0.0,0.0,0.086395,0.301583,0.089077,0.0,0.0,0.0,0.0,0.244357,0.0,0.0,0.252531,0.088672,0.250021,0.19879,0.0,7e-06,0.0,2.560654,0.107041,0.0,0.0,0.218975,1.617648,0.0,0.099582,0.0,0.0,0.0,0.0,0.001786,0.088817,0.0,1.108272,0.0,0.0,0.0,0.0,0.0,0.086531,0.089219,0.0,0.334688,0.443568,0.0,0.0,0.217995,0.0,0.101493,1e-06,0.0,0.067347,0.101406,0.106565,0.094241,0.0,0.167707,0.0,0.0,0.0,0.0,0.318082,0.29277,0.0,0.087524,0.089458,0.549966,0.0,0.100334,0.006414,1.30954,0.175902,0.0,0.087823,0.311341,0.0,0.0,0.149531,0.0,0.0,0.0,0.0,0.0,0.000635,0.099166,0.075096,0.0,0.103751,0.089141,0.216849,0.212578,0.073363,0.0,0.082886,0.0,0.0,0.213157,0.233356,0.114901,0.093009,0.0,0.0,3e-06,0.0,0.081866,0.103367,0.087982,0.088542,0.0,0.0,0.0,0.100561,0.0,0.0,0.0371,0.22349,0.0,0.200836,0.201604,0.136365,0.0,0.252819,0.0,0.0,0.016712,0.081913,0.0,0.326249,2e-06,0.0,0.369826,1.3e-05,0.0,0.0,0.0,0.095437,0.0,0.079912,0.102781,0.657072,0.0,0.0,0.096708,0.082464,0.0,0.195645,0.133675,0.314924,0.464724,0.0,0.0,0.113673,0.080894,0.0,0.0,0.0,0.723207,0.083404,0.0,0.0,0.0,0.0,0.0,0.096332,0.0934,0.298457,0.0,0.0,0.0,0.0,0.098542,0.10021,0.0,0.268906,0.0,0.0,0.0,0.0,0.0,0.0,0.340743,0.0,0.108606,0.0,0.682976,0.0,0.0,0.246864,0.0,0.108764,0.0,0.331911,0.000332,0.0,0.0,0.0,0.110769,0.088902,0.0,0.083678,0.089725,0.189065,0.000977,0.0,0.53163,0.0,0.243939,0.090633,0.0,0.0,0.0,0.19571,0.204284,0.0,0.0,0.176654,0.0,0.098202,0.259111,0.376391,0.041113,0.0,0.098224,0.0,0.0,1.072311,0.276272,0.066053,0.093234,0.231342,0.092075,0.478558,0.233789,0.43242,0.317805,0.103809,0.21434,0.0,0.0,0.0,0.0,0.0,0.10572,0.137959,0.052055,0.0,0.0,0.0,0.10638,0.926345,0.0,0.489221,0.0,0.249924,0.0,0.08918,0.0,0.986725,0.0,0.0,0.0,0.0,0.0,1e-06,0.222742,0.0,1e-06,0.114414,0.0,0.0,0.0,0.0,0.529436,0.112186,0.0,0.0,0.129844,0.0,0.277835,0.196003,0.763734,0.08402,0.0,1.229783,0.092352,0.0,0.0,0.0,0.654062,0.227385,0.0,0.0,0.221422,0.0,0.294335,0.088748,0.0,0.216775,0.084358,0.0,0.0,0.0,7e-06,0.0,0.0,0.084607,0.0,0.0,0.0,0.342882,0.0,0.077806,0.207353,0.10086,0.0,0.0,0.050786,0.196967,0.191025,0.270795,0.0,0.085905,0.0,0.0,0.085251,0.12444,0.262245,0.0
TCGA-55-8514,0.212027,0.0,0.0,0.0,0.0,0.163568,0.116044,0.203357,0.153676,0.177064,0.146412,0.0,0.0,0.0,0.0,0.165343,0.0,0.230525,0.0,0.0,0.135239,0.0,0.0,0.0,0.0,0.0,0.0,0.0,0.0,0.151605,9e-06,0.0,0.16858,0.946197,0.0997,0.142584,0.107081,0.0,0.0,0.0,0.0,0.151242,0.0,0.163462,0.0,0.226128,0.084188,0.0,0.0,0.134979,0.0,0.240016,0.0,0.917644,0.0,0.273868,0.162562,0.0,0.0,0.141602,0.0,4e-06,0.0,0.108292,0.220255,0.155199,0.166905,5.1e-05,0.599156,0.0,0.0,0.0,0.294544,0.156584,0.0,0.0,0.0,0.0,0.0,0.0,0.0,0.856423,0.130983,0.0,0.0,0.125192,0.0,0.0,0.154289,0.155083,0.159143,0.0,0.000599,0.0,0.569636,0.0,0.0,0.0,0.0,0.169292,1.2e-05,0.0,0.176952,0.172242,0.0,0.0,0.0,0.428161,0.157391,0.11752,0.127242,0.0,0.137284,0.0,0.173958,0.0,0.0,0.663066,0.198377,0.207445,0.346758,0.0,3.5e-05,0.0,0.0,0.0,0.167793,0.400318,0.17844,6e-06,1.5e-05,0.161711,0.0,0.14748,0.235715,0.0,0.271349,0.037767,0.096378,0.0,0.180931,0.120543,0.139837,0.195922,0.181723,0.0,0.0,0.310688,0.0,0.0,0.000175,0.159943,0.258229,0.100973,2.5e-05,0.11753,0.0,0.090321,0.122319,0.0,0.561754,0.0,0.0,0.0,0.0,0.004452,0.0,0.0,0.0,0.600167,0.0,0.0,0.128743,0.0,0.0,0.0,0.0,0.0,0.0,0.838089,0.130244,0.0,0.0,0.0,0.0,0.134875,0.226085,0.158131,0.0,0.0,0.0,0.0,0.174991,0.0,0.0,0.175548,0.131721,0.262847,0.134385,0.0,0.001326,0.0,2.432133,0.139212,0.0,0.0,0.156945,1.512843,0.0,0.050319,0.0,1e-06,0.0,0.0,3.6e-05,0.082111,0.0,1.000415,0.0,0.0,0.0,0.0,0.0,0.139879,0.138331,0.0,0.245889,0.325272,0.0,0.0,0.153442,0.0,0.175627,0.001126,0.0,0.109426,0.179118,0.171184,0.153328,0.0,0.104521,0.0,0.0,0.0,0.0,0.249537,0.239287,0.0,0.136266,0.139482,0.441006,0.0,0.149347,0.020116,1.186883,0.11585,0.0,0.136214,0.216803,0.0,0.0,0.200467,0.0,0.0,0.000101,0.0,0.0,7e-06,0.167105,0.126607,0.0,0.173796,0.16633,0.149428,0.137771,0.073348,0.0,0.139157,0.0,0.0,0.148554,0.156009,0.183873,0.150563,0.0,0.0,0.0,0.0,0.143534,0.168306,0.139328,0.132426,0.0,0.0,0.0,0.169429,0.0,0.0,0.067637,0.155055,0.0,0.13183,0.142646,0.142666,0.0,0.20671,0.0,0.0,0.008233,0.111399,0.0,0.298659,7e-06,0.0,0.288703,0.0,1.3e-05,0.0,0.0,0.139824,0.0,0.133116,0.163659,0.574077,0.0,0.0,0.161322,0.128652,0.0,0.127087,0.080313,0.318205,0.376917,0.0,0.0,0.188646,0.146019,0.0,0.0,0.0,0.623802,0.133421,0.0,0.0,0.0,0.0,0.0,0.149321,0.150306,0.206187,0.0,0.0,0.0,0.0,0.152935,0.167203,0.0,0.184976,0.0,0.0,0.0,0.0,0.0,2.2e-05,0.26049,0.0,0.170771,0.0,0.626766,0.0,0.0,0.178453,0.0,0.175611,0.0,0.238754,9e-06,0.0,0.0,0.0,0.197024,0.147918,0.0,0.132238,0.151396,0.120955,3.8e-05,0.0,0.433166,0.0,0.1663,0.158843,0.0,0.0,0.0,0.129431,0.137653,0.0,0.0,0.233646,0.0,0.169653,0.170497,0.270398,0.039782,0.0,0.16105,0.0,0.0,0.981756,0.284661,0.032836,0.152033,0.163149,0.153032,0.379195,0.165271,0.358009,0.327338,0.180513,0.149744,0.0,1.6e-05,0.0,0.0,0.0,0.182926,0.20495,0.025419,2.3e-05,0.0,0.0,0.169323,0.807488,0.0,0.390009,0.0,0.283478,0.0,0.148139,0.0,0.867851,0.0,0.0,0.0,0.0,0.0,0.000189,0.168374,0.0,0.0,0.16137,0.0,0.0,0.0,0.0,0.500346,0.057211,0.0,0.0,0.079012,0.0,0.190501,0.134251,0.681702,0.150494,0.0,1.102338,0.145262,0.0,0.0,0.0,0.513984,0.15858,0.0,0.0,0.22243,0.0,0.233871,0.136942,0.0,0.140122,0.128247,0.0,0.0,0.0,0.000104,0.0,0.0,0.144422,0.0,0.0,0.0,0.25427,0.0,0.128212,0.13942,0.157113,0.0,0.0,0.083249,0.135366,0.228634,0.198958,0.0,0.144106,0.0,0.0,0.139856,0.081596,0.188016,0.0
TCGA-55-A490,0.306442,0.0,0.0,0.0,0.0,0.220951,0.055816,0.2908,0.087306,0.256471,0.20154,0.0,0.0,0.0,0.0,0.26055,0.0,0.214305,0.0,0.0,0.071946,0.0,0.0,0.0,0.0,0.0,0.0,0.0,0.0,0.221712,1e-06,0.0,0.228003,0.776825,0.111528,0.075375,0.05251,0.0,0.0,0.0,0.0,0.079353,0.0,0.215919,0.0,0.132415,0.075331,0.0,0.0,0.070192,0.0,0.239422,0.0,0.826284,0.0,0.158293,0.212647,0.0,0.0,0.182589,0.0,2e-06,0.0,0.144996,0.255287,0.081476,0.215632,0.0,0.474228,0.0,0.0,0.0,0.205978,0.21534,0.0,0.0,0.0,0.0,0.0,0.0,0.0,0.724734,0.18514,0.0,0.0,0.160278,0.0,0.0,0.198266,0.188166,0.205081,0.0,0.000184,0.0,0.44492,0.0,0.0,0.0,0.0,0.219598,0.0,0.0,0.259227,0.253502,0.0,0.0,0.0,0.377273,0.234631,0.066708,0.158154,0.0,0.074605,0.0,0.094705,1e-06,0.0,0.552602,0.284364,0.133433,0.239495,0.0,1.4e-05,0.0,0.0,0.0,0.107968,0.322108,0.275492,1e-06,0.0,0.222735,0.0,0.073223,0.123696,0.0,0.182907,0.026336,0.123082,0.0,0.09855,0.122606,0.093462,0.11195,0.092649,0.0,0.0,0.216307,0.0,0.0,1.1e-05,0.088971,0.155754,0.05562,1e-06,0.161008,0.0,0.116144,0.184868,0.0,0.437056,0.0,0.0,0.0,0.0,0.00159,0.0,0.0,0.0,0.464393,0.0,0.0,0.160661,0.0,0.0,0.0,0.0,0.0,0.0,0.695476,0.16563,0.0,0.0,0.0,0.0,0.190765,0.119424,0.217232,0.0,0.0,0.0,0.0,0.100704,0.0,0.0,0.096087,0.18268,0.246121,0.077557,0.0,7e-05,0.0,2.209302,0.166313,0.0,0.0,0.100936,1.351812,0.0,0.019164,0.0,0.0,0.0,0.0,2e-06,0.043019,0.0,0.84441,0.0,0.0,0.0,0.0,0.0,0.209337,0.188454,0.0,0.149606,0.19049,0.0,0.0,0.071492,0.0,0.251183,0.001509,0.0,0.135879,0.242387,0.234421,0.206513,0.0,0.04895,0.0,0.0,0.0,0.0,0.174937,0.158259,0.0,0.188745,0.186513,0.317385,0.0,0.196965,0.036611,1.025075,0.052557,0.0,0.171097,0.123294,0.0,0.0,0.244829,0.0,0.0,1.7e-05,0.0,0.0,0.0,0.238275,0.169195,0.0,0.246391,0.239824,0.081979,0.066744,0.065037,0.0,0.202675,0.0,0.0,0.079972,0.082233,0.225061,0.219565,0.0,0.0,0.0,0.0,0.198666,0.220175,0.186415,0.166194,0.0,0.0,0.0,0.243132,0.0,0.0,0.071385,0.083143,0.0,0.067476,0.073787,0.131506,0.0,0.153542,0.0,0.0,0.006262,0.117972,0.0,0.23035,1e-06,0.0,0.198529,0.0,2e-06,0.0,0.0,0.178049,0.0,0.180557,0.217678,0.449908,0.0,0.0,0.224314,0.151354,0.0,0.076294,0.034335,0.341574,0.277543,0.0,0.0,0.260338,0.199528,0.0,0.0,0.0,0.503655,0.172759,0.0,0.0,0.0,0.0,0.0,0.201344,0.19829,0.112789,0.0,0.0,0.0,0.0,0.210289,0.226938,0.0,0.110956,0.0,0.0,0.0,0.0,0.0,0.0,0.160026,0.0,0.236412,0.0,0.528822,0.0,0.0,0.09476,0.0,0.234295,0.0,0.123116,1e-05,0.0,0.0,0.0,0.272093,0.212214,0.0,0.174624,0.20696,0.074984,6e-06,0.0,0.335704,0.0,0.085004,0.23144,0.0,0.0,0.0,0.06918,0.073473,0.0,0.0,0.268171,0.0,0.227789,0.094752,0.151157,0.018614,0.0,0.228552,0.0,0.0,0.827501,0.295687,0.013962,0.212063,0.088795,0.205701,0.270507,0.087098,0.289336,0.318321,0.2304,0.080559,0.0,0.0,0.0,0.0,0.0,0.277839,0.244024,0.006305,0.0,0.0,0.0,0.219129,0.65401,0.0,0.262014,0.0,0.283928,0.0,0.204176,0.0,0.720633,0.0,0.0,0.0,0.0,0.0,2e-05,0.11602,0.0,0.0,0.199578,0.0,0.0,0.0,0.0,0.428308,0.025538,0.0,0.0,0.034225,0.0,0.104114,0.070308,0.576683,0.212567,0.0,0.923697,0.196985,0.0,0.0,0.0,0.342473,0.084108,0.0,0.0,0.209878,0.0,0.178232,0.183738,0.0,0.072289,0.183382,0.0,0.0,0.0,7.7e-05,0.0,0.0,0.219394,0.0,0.0,0.0,0.163434,0.0,0.202814,0.07948,0.211031,0.0,0.0,0.101838,0.075411,0.258051,0.116671,0.0,0.182621,0.0,0.0,0.205377,0.042461,0.10434,0.0
TCGA-55-A492,0.05437,0.0,0.0,0.0,0.0,0.045322,0.249424,0.05767,0.292942,0.0444,0.041461,0.0,0.0,0.0,0.0,0.042109,0.0,0.240252,0.0,0.0,0.271167,0.0,0.0,0.0,0.0,0.0,0.0,0.0,0.0,0.043071,4e-06,0.0,0.047286,1.207124,0.05885,0.285807,0.226715,0.0,0.0,0.0,0.0,0.295768,0.0,0.04994,0.0,0.347829,0.080623,0.0,0.0,0.277749,0.0,0.225611,0.0,1.063344,0.0,0.490279,0.058199,0.0,0.0,0.046338,0.0,1.4e-05,0.0,0.049353,0.159553,0.288786,0.048009,0.0,0.795008,0.0,0.0,0.0,0.45497,0.053236,0.0,0.0,0.0,0.0,0.0,0.0,0.0,1.073279,0.035919,0.0,0.0,0.039744,0.0,0.0,0.04945,0.081611,0.068243,0.0,0.003148,0.0,0.766884,0.0,0.0,0.0,0.0,0.059529,0.0,0.0,0.041939,0.047625,0.0,0.0,0.0,0.487983,0.043272,0.23305,0.076734,0.0,0.274375,0.0,0.336378,0.0,0.0,0.832723,0.050077,0.334194,0.529274,0.0,9e-06,0.0,0.0,0.0,0.280792,0.493297,0.043796,0.0,0.0,0.046284,0.0,0.309123,0.436275,0.0,0.428695,0.074939,0.053386,0.0,0.329522,0.051762,0.250334,0.349738,0.364492,0.0,0.0,0.450099,0.0,0.0,5.2e-05,0.300915,0.429615,0.19029,1.6e-05,0.039575,0.0,0.038505,0.033805,0.0,0.779076,0.0,0.0,0.0,0.0,0.038479,0.0,0.0,0.0,0.80426,0.0,0.0,0.057977,0.0,0.0,0.0,0.0,0.0,0.0,1.061184,0.036409,0.0,0.0,0.0,0.0,0.040315,0.372837,0.046172,0.0,0.0,0.0,0.0,0.327508,0.0,0.0,0.33975,0.041015,0.263336,0.268466,0.0,1.3e-05,0.0,2.72855,0.070214,0.0,0.0,0.265787,1.729554,0.0,0.150542,0.0,0.0,0.0,0.0,3.1e-05,0.082443,0.0,1.243863,0.0,0.0,0.0,0.0,0.0,0.042567,0.057062,0.0,0.40027,0.552384,0.0,0.0,0.250399,0.0,0.049156,3.3e-05,0.0,0.049348,0.047758,0.054657,0.057186,0.0,0.241082,0.0,0.0,0.0,0.0,0.387977,0.334896,0.0,0.040551,0.052203,0.63829,0.0,0.059046,0.002459,1.451826,0.2387,0.0,0.043001,0.399834,0.0,0.0,0.115296,0.0,0.0,0.0,0.0,0.0,2e-06,0.050744,0.037674,0.0,0.051073,0.044266,0.277811,0.286486,0.078287,0.0,0.03378,0.0,0.0,0.284188,0.303672,0.086511,0.045396,0.0,0.0,0.0,0.0,0.049219,0.047554,0.043896,0.046229,0.0,0.0,0.0,0.047205,0.0,0.0,0.028719,0.295256,0.0,0.258006,0.254502,0.133441,0.0,0.267934,0.0,0.0,0.032957,0.064212,0.0,0.3568,1.6e-05,0.0,0.443439,0.0,7e-06,0.0,0.0,0.058623,0.0,0.040286,0.06248,0.738575,0.0,0.0,0.055892,0.062373,0.0,0.239278,0.203492,0.324591,0.545335,0.0,0.0,0.05636,0.043352,0.0,0.0,0.0,0.810516,0.051249,0.0,0.0,0.0,0.0,0.0,0.044318,0.048855,0.383695,0.0,0.0,0.0,0.0,0.043952,0.044982,0.0,0.331363,0.0,0.0,0.0,0.0,0.0,0.0,0.42443,0.0,0.049169,0.0,0.736905,0.0,0.0,0.323829,0.0,0.054991,0.0,0.417931,3.6e-05,0.0,0.0,0.0,0.053648,0.035505,0.0,0.034023,0.042998,0.256875,7e-05,0.0,0.625744,0.0,0.312987,0.043124,0.0,0.0,0.0,0.247588,0.252701,0.0,0.0,0.145045,0.0,0.048967,0.316955,0.479448,0.053534,0.0,0.051261,0.0,0.0,1.178595,0.263954,0.099427,0.058212,0.294948,0.047246,0.572665,0.32587,0.500995,0.325355,0.065231,0.28823,0.0,0.0,0.0,0.0,0.0,0.046238,0.104989,0.10302,0.0,0.0,0.0,0.073658,1.049829,0.0,0.586302,0.0,0.242484,0.0,0.046855,0.0,1.096858,0.0,0.0,0.0,0.0,0.0,9.3e-05,0.273678,0.0,0.0,0.078832,0.0,0.0,0.0,0.0,0.563276,0.158141,0.0,0.0,0.168633,0.0,0.349777,0.261038,0.8445,0.044152,0.0,1.356312,0.046773,0.0,0.0,0.0,0.780213,0.303651,0.0,0.0,0.228512,0.0,0.351599,0.042912,0.0,0.269839,0.034334,0.0,0.0,0.0,2.2e-05,0.0,0.0,0.037724,0.0,0.0,0.0,0.4227,0.0,0.036437,0.269142,0.051391,0.0,0.0,0.04503,0.249191,0.17123,0.344111,0.0,0.047703,0.0,0.0,0.037233,0.176268,0.340478,0.0
TCGA-55-A494,0.197913,0.0,0.0,0.0,0.0,0.169864,0.109966,0.19623,0.152201,0.167811,0.14534,0.0,0.0,0.0,0.0,0.165898,0.0,0.220298,0.0,0.0,0.133037,0.0,0.0,0.0,0.0,0.0,0.0,0.0,0.0,0.150438,2e-06,0.0,0.163101,0.923414,0.095875,0.139193,0.102087,0.0,0.0,0.0,0.0,0.141468,0.0,0.148537,0.0,0.214637,0.073918,0.0,0.0,0.135225,0.0,0.236377,0.0,0.888343,0.0,0.267268,0.159029,0.0,3e-06,0.132359,0.0,2e-06,0.0,0.108532,0.228804,0.144583,0.163308,9e-06,0.581165,0.0,0.0,0.0,0.288536,0.153316,0.0,0.0,0.0,0.0,0.0,0.0,0.0,0.845503,0.130208,0.0,0.0,0.130854,0.0,0.0,0.156475,0.149913,0.154698,0.0,0.000214,0.0,0.550833,0.0,0.0,0.0,0.0,0.169562,3e-06,0.0,0.166301,0.16637,0.0,0.0,0.0,0.419383,0.162036,0.111918,0.124267,0.0,0.131747,0.0,0.166664,0.0,0.0,0.65933,0.195896,0.200402,0.344577,0.0,8.6e-05,0.0,0.0,5e-06,0.161462,0.378288,0.177182,1e-05,0.0,0.161088,0.0,0.141611,0.219688,0.0,0.265039,0.031186,0.102864,0.0,0.170402,0.121314,0.137564,0.187448,0.166919,0.0,0.0,0.300698,0.0,0.0,7.1e-05,0.152292,0.247099,0.100091,4e-06,0.110691,0.0,0.086608,0.125974,0.0,0.541038,0.0,1e-06,0.0,0.0,0.003057,0.0,0.0,0.0,0.584469,0.0,5e-06,0.124959,0.0,0.0,1e-06,0.0,0.0,0.0,0.822015,0.133318,0.0,0.0,0.0,0.0,0.134378,0.205411,0.152933,0.0,0.0,0.0,0.0,0.164163,0.0,0.0,0.17014,0.134827,0.239445,0.129835,0.0,0.000408,0.0,2.380611,0.136948,0.0,0.0,0.149137,1.469959,0.0,0.054238,0.0,0.0,0.0,0.0,6e-06,0.066559,0.0,0.97611,0.0,0.0,0.0,0.0,0.0,0.14127,0.134715,0.0,0.242638,0.315083,0.0,0.0,0.132099,0.0,0.167242,0.000932,0.0,0.11853,0.178926,0.171736,0.147123,0.0,0.102861,0.0,0.0,0.0,0.0,0.234744,0.226822,0.0,0.133431,0.139643,0.429988,0.0,0.147677,0.0203,1.16147,0.094355,0.0,0.127121,0.207719,0.0,0.0,0.192943,0.0,0.0,0.0,0.0,0.0,0.0,0.160036,0.12396,0.0,0.172727,0.161676,0.14742,0.124647,0.066407,0.0,0.126953,0.0,0.0,0.138269,0.145302,0.182839,0.152215,0.0,0.0,0.0,0.0,0.14581,0.166985,0.140282,0.131967,0.0,0.0,0.0,0.175443,0.0,0.0,0.075058,0.144898,0.0,0.127732,0.125747,0.132808,0.0,0.182059,0.0,0.0,0.011538,0.098793,0.0,0.277239,4.6e-05,0.0,0.278985,0.0,0.0,0.0,0.0,0.14009,0.0,0.129215,0.162626,0.547284,0.0,0.0,0.157194,0.124925,0.0,0.121837,0.073194,0.319827,0.362988,2e-06,0.0,0.17364,0.146116,0.0,0.0,0.0,0.603971,0.130974,0.0,0.0,0.0,0.0,0.0,0.146952,0.142571,0.197113,0.0,0.0,0.0,0.0,0.147331,0.166146,0.0,0.182188,0.0,0.0,0.0,0.0,0.0,0.0,0.255799,0.0,0.160868,3e-06,0.602896,0.0,0.0,0.167755,0.0,0.17202,4e-06,0.213867,2.6e-05,0.0,0.0,0.0,0.183321,0.152282,0.0,0.135535,0.14951,0.121263,2.3e-05,0.0,0.423244,0.0,0.152585,0.157278,0.0,0.0,0.0,0.126759,0.129796,0.0,0.0,0.231337,0.0,0.16511,0.161782,0.257087,0.030881,0.0,0.161548,0.0,0.0,0.948841,0.282166,0.031229,0.152114,0.155706,0.150951,0.367499,0.161555,0.364096,0.329636,0.17468,0.139023,0.0,0.0,0.0,0.0,0.0,0.174316,0.203405,0.020508,0.0,0.0,0.0,0.160165,0.792613,0.0,0.382125,0.0,0.273639,0.0,0.141648,0.0,0.84335,0.0,0.0,0.0,0.0,0.0,0.000455,0.161525,0.0,0.0,0.156231,0.0,0.0,0.0,0.0,0.473071,0.059152,0.0,0.0,0.063364,0.0,0.181001,0.120558,0.658535,0.150095,0.0,1.073462,0.130402,0.0,0.0,0.0,0.496062,0.149368,0.0,0.0,0.216286,0.0,0.233658,0.138318,0.0,0.134855,0.122577,0.0,0.0,0.0,0.00016,0.0,0.0,0.14279,0.0,0.0,0.0,0.251116,0.0,0.130808,0.131364,0.155984,0.0,0.0,0.077791,0.133054,0.223096,0.193166,0.0,0.141192,0.0,0.0,0.132281,0.077266,0.174355,0.0
TCGA-56-7223,0.330739,0.0,0.0,0.0,0.0,0.240461,0.031181,0.314646,0.049445,0.280744,0.227739,0.0,0.0,0.0,0.0,0.276732,0.0,0.198308,0.0,0.0,0.04554,0.0,0.0,0.0,0.0,0.0,0.0,0.0,0.0,0.236658,1e-06,0.0,0.245942,0.695749,0.108356,0.043399,0.026142,0.0,0.0,0.0,0.0,0.044827,0.0,0.242125,0.0,0.085716,0.066681,0.0,0.0,0.040029,0.0,0.239918,0.0,0.748783,0.0,0.097326,0.232011,0.0,0.0,0.19498,0.0,0.0,0.0,0.168211,0.267574,0.046489,0.238248,0.0,0.42039,0.0,0.0,1e-06,0.158425,0.240462,0.0,0.0,0.0,0.0,0.0,0.0,0.0,0.638414,0.19947,0.0,0.0,0.178784,0.0,0.0,0.222463,0.201469,0.22189,0.0,0.0002,0.0,0.381464,0.0,0.0,0.0,0.0,0.243735,0.0,0.0,0.277704,0.274708,0.0,0.0,0.0,0.347544,0.257814,0.034314,0.173407,0.0,0.039343,0.0,0.051222,0.0,0.0,0.497161,0.30595,0.091003,0.191761,0.0,2.3e-05,0.0,0.0,0.0,0.074665,0.287227,0.298782,0.0,0.0,0.251487,0.0,0.038935,0.070655,0.0,0.13713,0.014769,0.134554,0.0,0.052964,0.133045,0.06149,0.070497,0.048567,0.0,0.0,0.172708,0.0,0.0,7.9e-05,0.054332,0.100602,0.03008,1e-06,0.178519,0.0,0.136278,0.199605,0.0,0.37489,0.0,0.0,0.0,0.0,0.00171,0.0,0.0,0.0,0.402484,0.0,0.0,0.163809,0.0,0.0,0.0,0.0,0.0,0.0,0.618191,0.187753,0.0,0.0,0.0,0.0,0.209332,0.07316,0.239145,0.0,0.0,0.0,0.0,0.05943,0.0,0.0,0.056451,0.199503,0.225725,0.042543,0.0,0.000368,0.0,2.047041,0.185176,0.0,0.0,0.069566,1.229409,0.0,0.008663,0.0,0.0,0.0,0.0,2e-06,0.037315,0.0,0.76653,0.0,0.0,0.0,0.0,0.0,0.22397,0.216988,0.0,0.097077,0.122336,0.0,0.0,0.04146,0.0,0.277765,0.004483,0.0,0.155216,0.266147,0.263837,0.2296,0.0,0.025514,0.0,0.0,0.0,0.0,0.133781,0.116283,0.0,0.206413,0.195952,0.265071,0.0,0.221183,0.0501,0.931128,0.024425,0.0,0.192905,0.079552,0.0,0.0,0.262026,0.0,0.0,4e-06,0.0,0.0,0.0,0.25536,0.186046,0.0,0.265148,0.268676,0.046911,0.033354,0.055947,0.0,0.228973,0.0,0.0,0.039788,0.044001,0.240313,0.236194,0.0,0.0,0.0,0.0,0.225058,0.241567,0.212477,0.177297,0.0,0.0,0.0,0.268523,0.0,0.0,0.106948,0.049137,0.0,0.038811,0.040919,0.125845,0.0,0.125779,0.0,0.0,0.001843,0.132841,0.0,0.202901,1e-06,0.0,0.156492,0.0,0.0,0.0,0.0,0.194355,0.0,0.20371,0.23951,0.395976,0.0,0.0,0.248805,0.168794,0.0,0.042914,0.014793,0.341809,0.232924,0.0,0.0,0.285446,0.213626,0.0,0.0,0.0,0.448191,0.188724,0.0,0.0,0.0,0.0,0.0,0.230302,0.216098,0.074244,0.0,0.0,0.0,0.0,0.231147,0.242243,0.0,0.065456,0.0,0.0,0.0,0.0,0.0,0.0,0.103754,0.0,0.268101,0.0,0.468331,0.0,0.0,0.052193,0.0,0.263395,0.0,0.069827,1e-06,0.0,0.0,0.0,0.289721,0.238587,0.0,0.196494,0.224633,0.055181,7e-06,0.0,0.274342,0.0,0.045071,0.251922,0.0,0.0,0.0,0.038659,0.038621,0.0,0.0,0.291344,0.0,0.243302,0.056173,0.095516,0.019749,0.0,0.243462,0.0,0.0,0.737715,0.290348,0.003607,0.229413,0.056577,0.238982,0.218913,0.049096,0.244216,0.33079,0.256975,0.046545,0.0,0.0,0.0,0.0,0.0,0.303778,0.264972,0.002933,0.0,0.0,0.0,0.235937,0.58462,0.0,0.207486,0.0,0.287724,0.0,0.227228,0.0,0.647103,0.0,0.0,0.0,0.0,0.0,0.002992,0.083489,0.0,0.0,0.216155,0.0,0.0,0.0,0.0,0.394938,0.010567,0.0,0.0,0.013277,0.0,0.060104,0.035716,0.492033,0.225991,0.0,0.829518,0.212097,0.0,0.0,0.0,0.267134,0.048409,0.0,0.0,0.213949,0.0,0.142202,0.205895,0.0,0.041906,0.203939,0.0,0.0,0.0,1.4e-05,0.0,0.0,0.237533,0.0,0.0,0.0,0.120062,0.0,0.231663,0.037964,0.243293,0.0,0.0,0.12538,0.04321,0.262993,0.066851,0.0,0.205453,0.0,0.0,0.22264,0.022658,0.062915,0.0
TCGA-56-7730,0.233072,0.0,0.0,0.0,0.0,0.181904,0.0957,0.231138,0.129039,0.204323,0.163861,0.0,0.0,0.0,0.0,0.196061,0.0,0.215936,0.0,0.0,0.11545,0.0,0.0,0.0,0.0,0.0,0.0,0.0,0.0,0.176077,0.0,0.0,0.188505,0.883268,0.092778,0.113395,0.08624,0.0,0.0,0.0,0.0,0.120447,0.0,0.174949,0.0,0.186164,0.068851,0.0,0.0,0.113464,0.0,0.237243,0.0,0.874373,0.0,0.229044,0.180121,0.0,0.0,0.148019,1e-06,8e-06,0.0,0.129939,0.239919,0.126981,0.188822,6e-06,0.559022,0.0,0.0,0.0,0.263045,0.177721,0.0,0.0,0.0,0.0,0.0,0.0,0.0,0.803322,0.150666,0.0,0.0,0.136155,1e-06,0.0,0.169915,0.167158,0.177885,0.0,0.000385,0.0,0.516599,0.0,0.0,0.0,0.0,0.189669,2e-06,0.0,0.193705,0.197228,0.0,0.0,0.0,0.409518,0.190472,0.097283,0.139257,0.0,0.113445,0.0,0.140606,0.0,0.0,0.628953,0.220654,0.184308,0.308458,0.0,1.5e-05,0.0,0.0,2e-06,0.144213,0.362225,0.209153,0.0,0.0,0.187814,0.0,0.119045,0.189738,0.0,0.238187,0.03022,0.112745,0.0,0.147963,0.117707,0.122404,0.160606,0.147137,0.0,0.0,0.275502,0.0,0.0,7e-05,0.135749,0.216239,0.083127,2.5e-05,0.132026,0.0,0.099935,0.141743,0.0,0.518078,0.0,2.2e-05,0.0,0.0,0.003584,0.0,0.0,0.0,0.551186,0.0,8e-06,0.131422,0.0,0.0,0.0,0.0,0.0,0.0,0.777566,0.145061,0.0,0.0,0.0,0.0,0.150932,0.177767,0.177042,0.0,0.0,0.0,0.0,0.146653,0.0,0.0,0.147045,0.154349,0.245995,0.112938,0.0,0.000111,0.0,2.327857,0.147606,0.0,0.0,0.135993,1.436733,0.0,0.038549,0.0,0.0,0.0,0.0,3.4e-05,0.056126,0.0,0.943244,0.0,0.0,0.0,0.0,1e-06,0.162688,0.155801,0.0,0.207196,0.274436,0.0,0.0,0.11243,0.0,0.193716,0.00119,0.0,0.124519,0.200562,0.197588,0.172446,0.0,0.081996,0.0,0.0,0.0,0.0,0.218041,0.207559,0.0,0.155538,0.154531,0.394633,0.0,0.163847,0.032108,1.129158,0.090286,0.0,0.144285,0.180484,0.0,0.0,0.215806,0.0,0.0,0.0,0.0,0.0,4e-06,0.191328,0.139904,0.0,0.203395,0.195374,0.125061,0.111555,0.061495,0.0,0.157048,0.0,0.0,0.120944,0.129243,0.19671,0.173929,0.0,0.0,1e-06,0.0,0.163805,0.182569,0.152968,0.136057,0.0,0.0,0.0,0.198939,0.0,0.0,0.08374,0.124544,0.0,0.108444,0.111681,0.129804,0.0,0.172415,0.0,0.0,0.007083,0.107576,0.0,0.265194,1.8e-05,0.0,0.251135,0.0,0.0,0.0,0.0,0.14964,0.0,0.15067,0.183836,0.520272,0.0,0.0,0.18405,0.138098,0.0,0.109796,0.058974,0.34218,0.337722,0.0,0.0,0.211631,0.163673,0.0,0.0,0.0,0.583351,0.147534,0.0,0.0,0.0,0.0,0.0,0.168366,0.162066,0.171894,0.0,0.0,0.0,0.0,0.173951,0.18152,0.0,0.154925,0.0,0.0,0.0,0.0,0.0,0.0,0.21827,0.0,0.19356,0.0,0.57742,0.0,0.0,0.144334,0.0,0.191814,0.0,0.181812,6e-05,0.0,0.0,0.0,0.212124,0.171813,0.0,0.143076,0.172056,0.107445,4.5e-05,0.0,0.393604,0.0,0.134613,0.187128,0.0,0.0,0.0,0.104017,0.111686,0.0,0.0,0.254399,0.0,0.183208,0.142009,0.218373,0.03104,0.0,0.186352,0.0,0.0,0.910383,0.288902,0.024369,0.179873,0.13454,0.178011,0.343859,0.132484,0.341189,0.334959,0.202721,0.12421,1e-06,4e-06,0.0,0.0,0.0,0.211551,0.219409,0.015041,0.0,0.0,0.0,0.187779,0.755917,0.0,0.33717,1e-06,0.280366,0.0,0.167278,0.0,0.813116,0.0,0.0,0.0,0.0,0.0,0.002891,0.146051,0.0,0.0,0.167809,0.0,0.0,0.0,1e-06,0.464061,0.044715,0.0,0.0,0.06,0.0,0.15751,0.109097,0.629616,0.168495,0.0,1.028744,0.1552,0.0,0.0,0.0,0.446644,0.129799,0.0,0.0,0.221769,0.0,0.214151,0.15526,0.0,0.114549,0.145209,0.0,0.0,0.0,0.000101,0.0,0.0,0.165032,0.0,0.0,0.0,0.22112,0.0,0.147542,0.113679,0.180225,0.0,0.0,0.093145,0.113273,0.246095,0.166866,0.0,0.157513,0.0,0.0,0.15788,0.066965,0.153347,0.0
TCGA-56-8307,0.288277,0.0,0.0,0.0,0.0,0.207699,0.057183,0.268587,0.069167,0.245493,0.206595,0.0,0.0,0.0,0.0,0.246232,0.0,0.191563,0.0,0.0,0.060155,0.0,0.0,0.0,0.0,0.0,0.0,0.0,0.0,0.194456,0.0,0.0,0.201608,0.715418,0.10331,0.062645,0.049326,0.0,0.0,0.0,0.0,0.064865,0.0,0.221508,0.0,0.091398,0.059216,0.0,0.0,0.054575,0.0,0.226582,0.0,0.74391,0.0,0.119372,0.189328,0.0,1.2e-05,0.172684,0.0,4e-06,0.0,0.12411,0.226446,0.072641,0.200725,0.0,0.421373,0.0,0.0,0.0,0.166663,0.204675,0.0,0.0,0.0,0.0,0.0,0.0,0.0,0.645017,0.174431,0.0,0.0,0.152247,0.0,0.0,0.185823,0.172716,0.195913,0.0,0.0,0.0,0.400371,0.0,0.0,0.0,0.0,0.20622,0.0,0.0,0.247901,0.245923,0.0,0.0,0.0,0.331083,0.211616,0.047406,0.138954,0.0,0.056605,0.0,0.070683,0.0,0.0,0.493984,0.276035,0.096274,0.207673,0.0,5e-06,0.0,0.0,1e-06,0.09141,0.297773,0.264203,0.0,0.0,0.215992,0.0,0.057766,0.097185,0.0,0.151915,0.029704,0.096354,0.0,0.068037,0.109469,0.079024,0.087071,0.065589,0.0,0.0,0.195768,0.0,0.0,0.000685,0.069973,0.119971,0.038326,0.0,0.148311,0.0,0.117087,0.165353,0.0,0.385294,0.0,3e-06,0.0,0.0,0.000276,0.0,0.0,0.0,0.394798,0.0,2e-06,0.137929,0.0,0.0,0.0,0.0,0.0,0.0,0.64585,0.152034,0.0,0.0,0.0,0.0,0.190017,0.083351,0.195476,0.0,0.0,0.0,0.0,0.073221,0.0,0.0,0.076501,0.168719,0.201975,0.050691,0.0,9e-06,0.0,2.019414,0.155764,0.0,0.0,0.097431,1.23707,0.0,0.020369,0.0,0.0,0.0,0.0,1e-06,0.043325,0.0,0.766694,0.0,0.0,0.0,0.0,0.0,0.200903,0.179442,0.0,0.120859,0.141708,0.0,0.0,0.051995,0.0,0.253508,0.004179,0.0,0.125355,0.233172,0.22246,0.198946,0.0,0.040726,0.0,0.0,0.0,0.0,0.155255,0.128991,0.0,0.175673,0.159228,0.29675,0.0,0.190605,0.038158,0.931227,0.026343,0.0,0.17305,0.099666,0.0,0.0,0.231531,0.0,0.0,0.0,0.0,0.0,0.0,0.224358,0.147475,0.0,0.227957,0.217504,0.069191,0.044519,0.05181,0.0,0.201049,0.0,0.0,0.056523,0.065395,0.209072,0.21075,0.0,0.0,1.5e-05,0.0,0.188598,0.210904,0.187238,0.162534,0.0,0.0,0.0,0.235121,0.0,0.0,0.081834,0.062864,0.0,0.054423,0.064292,0.116947,0.0,0.13337,0.0,0.0,0.000602,0.114812,0.0,0.203978,0.0,0.0,0.17888,0.0,1e-06,0.0,0.0,0.165351,0.0,0.171518,0.206643,0.392464,0.0,0.0,0.219736,0.139995,0.0,0.074528,0.033537,0.291552,0.268008,0.0,0.0,0.249227,0.169408,0.0,0.0,0.0,0.45235,0.163861,0.0,0.0,0.0,0.0,0.0,0.201634,0.180976,0.099448,0.0,0.0,0.0,0.0,0.195191,0.212613,0.0,0.079387,0.0,4e-06,0.0,0.0,0.0,0.0,0.118208,0.0,0.240955,1e-06,0.459469,0.0,0.0,0.059646,0.0,0.226596,0.0,0.07964,7e-06,0.0,0.0,0.0,0.245457,0.202726,0.0,0.174445,0.197095,0.068674,1.1e-05,0.0,0.297877,0.0,0.067528,0.210968,0.0,0.0,0.0,0.059394,0.05748,0.0,0.0,0.246683,0.0,0.212576,0.084593,0.120962,0.010064,0.0,0.208687,0.0,0.0,0.744421,0.281965,0.008218,0.185843,0.078928,0.198194,0.244578,0.069271,0.25884,0.295059,0.213628,0.062751,1e-06,0.0,0.0,0.0,0.0,0.266935,0.227194,0.004573,0.0,0.0,0.0,0.196455,0.597846,0.0,0.235972,0.0,0.264616,0.0,0.188206,0.0,0.660541,0.0,0.0,0.0,0.0,0.0,0.001951,0.099216,0.0,0.0,0.191623,0.0,0.0,0.0,0.0,0.391142,0.016507,0.0,0.0,0.016547,0.0,0.085482,0.045713,0.510773,0.186974,0.0,0.841214,0.18938,0.0,0.0,0.0,0.287757,0.066281,0.0,0.0,0.190468,0.0,0.158685,0.181967,0.0,0.072378,0.185783,0.0,0.0,0.0,1e-06,1.5e-05,0.0,0.210122,0.0,0.0,0.0,0.139485,0.0,0.209788,0.047585,0.214092,0.0,0.0,0.108164,0.062445,0.224314,0.086781,0.0,0.182239,0.0,0.0,0.1977,0.02679,0.082058,0.0
TCGA-56-8309,0.366877,0.0,0.0,0.0,0.0,0.221437,0.034074,0.318067,0.058957,0.288442,0.236973,0.0,0.0,0.0,0.0,0.311734,0.0,0.21316,0.0,0.0,0.050159,0.0,0.0,0.0,0.0,0.0,0.0,0.0,0.0,0.222356,0.0,0.0,0.246367,0.721673,0.145164,0.055905,0.040412,0.0,0.0,0.0,0.0,0.062095,0.0,0.273664,0.0,0.075366,0.093269,0.0,0.0,0.04024,0.0,0.251992,0.0,0.831724,0.0,0.099739,0.220345,0.0,6e-06,0.209249,0.0,0.0,0.0,0.128778,0.209523,0.059142,0.214484,0.0,0.410911,0.0,0.0,0.0,0.164957,0.2408,0.0,0.0,0.0,0.0,0.0,0.0,0.0,0.665714,0.195253,0.0,0.0,0.14851,0.0,0.0,0.188374,0.194015,0.207798,0.0,1.2e-05,0.0,0.409396,0.0,0.0,0.0,0.0,0.218102,0.0,0.0,0.323949,0.296032,0.0,0.0,0.0,0.33211,0.231664,0.05614,0.164364,0.0,0.045657,0.0,0.068367,0.0,0.0,0.472037,0.325685,0.096903,0.186562,0.0,0.0,0.0,0.0,0.0,0.097298,0.309298,0.325271,0.0,0.0,0.23301,0.0,0.049037,0.084786,0.0,0.139948,0.059366,0.086351,0.0,0.061693,0.097123,0.088722,0.066414,0.065376,0.0,0.0,0.17066,0.0,0.0,7.7e-05,0.062469,0.101442,0.038751,2e-05,0.191241,0.0,0.125721,0.200907,0.0,0.395468,0.0,0.0,0.0,0.0,0.000696,0.0,0.0,0.0,0.405535,0.0,0.0,0.175333,0.0,0.0,0.0,0.0,0.0,0.0,0.649446,0.137374,0.0,0.0,0.0,0.0,0.216843,0.077847,0.218968,0.0,0.0,0.0,0.0,0.073538,0.0,0.0,0.063129,0.178008,0.257262,0.054149,0.0,4.9e-05,0.0,2.13346,0.162155,0.0,1e-06,0.099864,1.321588,0.0,0.012372,0.0,0.0,0.0,0.0,8.8e-05,0.039114,0.0,0.782352,0.0,0.0,0.0,0.0,0.0,0.235715,0.206616,0.0,0.091749,0.118871,0.0,0.0,0.05345,0.0,0.308787,0.000531,0.0,0.098376,0.249508,0.249921,0.215213,0.0,0.031293,0.0,0.0,0.0,0.0,0.17375,0.114263,0.0,0.202203,0.189272,0.270176,0.0,0.216115,0.030141,0.97761,0.038522,0.0,0.200451,0.091816,0.0,0.0,0.252914,0.0,0.0,0.000157,0.0,0.0,2.8e-05,0.264564,0.172732,0.0,0.268276,0.271542,0.054878,0.049328,0.070597,0.0,0.251103,0.0,0.0,0.048215,0.059722,0.212287,0.253269,0.0,0.0,4e-06,0.0,0.21147,0.225975,0.203169,0.185109,0.0,0.0,0.0,0.262433,0.0,0.0,0.041098,0.058924,0.0,0.045067,0.054569,0.139152,0.0,0.168353,0.0,0.0,0.000685,0.131117,0.0,0.22374,0.0,0.0,0.187139,0.0,0.0,0.0,0.0,0.18711,0.0,0.214055,0.242624,0.403108,0.0,0.0,0.236358,0.144143,0.0,0.059268,0.028108,0.301201,0.273823,0.0,0.0,0.307347,0.209818,0.0,0.0,0.0,0.446155,0.182103,0.0,0.0,0.0,0.0,0.0,0.218523,0.222285,0.08258,0.0,0.0,0.0,0.0,0.230232,0.249018,0.0,0.069077,0.0,0.0,0.0,0.0,0.0,0.0,0.092493,0.0,0.293343,0.0,0.50009,0.0,0.0,0.050974,0.0,0.245802,0.0,0.086031,2e-06,0.0,0.0,0.0,0.301023,0.215862,0.0,0.171558,0.221337,0.061232,3.8e-05,0.0,0.306259,0.0,0.062142,0.248177,0.0,0.0,0.0,0.046542,0.05427,0.0,0.0,0.255154,0.0,0.244646,0.071394,0.099984,0.006225,0.0,0.234134,0.0,0.0,0.791867,0.299559,0.021889,0.219639,0.067438,0.228618,0.242757,0.054708,0.244505,0.27675,0.226098,0.067513,0.0,0.0,0.0,0.0,0.0,0.33382,0.248827,0.004566,0.0,0.0,0.0,0.25214,0.581595,0.0,0.197832,0.0,0.284414,0.0,0.237562,0.0,0.667689,0.0,0.0,0.0,0.0,0.0,0.0,0.107082,0.0,0.0,0.236415,0.0,0.0,0.0,0.0,0.406037,0.016789,0.0,0.0,0.01975,0.0,0.084183,0.05082,0.5712,0.2366,0.0,0.868187,0.225197,0.0,0.0,0.0,0.267821,0.063457,0.0,0.0,0.190045,0.0,0.158059,0.191363,0.0,0.051517,0.201192,0.0,0.0,0.0,0.0,0.0,0.0,0.262128,0.0,0.0,0.0,0.104969,0.0,0.255791,0.053462,0.239833,0.0,0.0,0.133496,0.049294,0.256547,0.079127,0.0,0.210188,0.0,0.0,0.235833,0.030035,0.080104,0.0
TCGA-56-8622,0.28611,0.0,0.0,0.0,0.0,0.202805,0.070252,0.268866,0.100177,0.235276,0.18876,0.0,0.0,0.0,0.0,0.236721,0.0,0.231629,0.0,0.0,0.087267,0.0,0.0,0.0,0.0,0.0,0.0,0.0,0.0,0.197239,1e-06,0.0,0.2124,0.841653,0.113858,0.091756,0.069005,0.0,0.0,0.0,0.0,0.101138,0.0,0.2093,0.0,0.168238,0.095582,0.0,0.0,0.090568,0.0,0.252274,0.0,0.870025,0.0,0.195674,0.202246,0.0,0.0,0.185355,0.0,6e-06,0.0,0.127654,0.242696,0.107718,0.199944,0.0,0.516545,0.0,0.0,0.0,0.232488,0.194589,0.0,0.0,0.0,0.0,0.0,0.0,0.0,0.774623,0.165921,0.0,0.0,0.14592,1e-06,0.0,0.187917,0.17728,0.188466,0.0,0.00015,0.0,0.489618,0.0,0.0,0.0,0.0,0.214925,0.0,0.0,0.229775,0.228664,0.0,0.0,0.0,0.39439,0.207617,0.084159,0.152177,0.0,0.085472,0.0,0.126809,0.0,0.0,0.5856,0.262384,0.16404,0.277228,0.0,0.00015,0.0,0.0,3.5e-05,0.132259,0.364562,0.247011,0.0,0.0,0.196496,0.0,0.091199,0.154489,0.0,0.210045,0.034826,0.106319,0.0,0.117813,0.116252,0.103109,0.135844,0.120074,0.0,0.0,0.243676,0.0,0.0,7.6e-05,0.110751,0.187295,0.073087,2e-06,0.150235,0.0,0.108179,0.170153,1e-06,0.487107,0.0,7e-06,0.0,0.0,0.00142,0.0,0.0,0.0,0.524792,0.0,1e-06,0.169414,0.0,0.0,0.0,0.0,0.0,0.0,0.754014,0.157066,0.0,0.0,0.0,0.0,0.176355,0.167137,0.204288,0.0,0.0,0.0,0.0,0.122859,0.0,0.0,0.120454,0.167206,0.260938,0.086663,0.0,0.000155,0.0,2.301722,0.160664,0.0,0.0,0.127653,1.425643,0.0,0.025963,0.0,0.0,0.0,0.0,2e-06,0.077499,0.0,0.902136,0.0,0.0,0.0,0.0,0.0,0.194152,0.18063,0.0,0.18493,0.231097,0.0,0.0,0.115076,0.0,0.238668,0.000719,0.0,0.119825,0.227401,0.218639,0.194502,0.0,0.062757,0.0,0.0,0.0,0.0,0.200831,0.190565,0.0,0.178275,0.172126,0.361962,0.0,0.190803,0.03242,1.08387,0.073892,0.0,0.172502,0.153891,0.0,0.0,0.224703,0.0,0.0,0.000657,0.0,0.0,0.0,0.223129,0.169222,0.0,0.226925,0.219938,0.099815,0.088816,0.081603,0.0,0.190042,0.0,0.0,0.095258,0.097108,0.210132,0.207838,0.0,0.0,0.0,0.0,0.175989,0.22085,0.178831,0.162398,0.0,0.0,0.0,0.212604,0.0,0.0,0.062082,0.106547,0.0,0.08606,0.096729,0.152511,0.0,0.194891,0.0,0.0,0.003087,0.128052,0.0,0.272343,7e-06,0.0,0.229085,3e-06,0.0,0.0,0.0,0.169974,0.0,0.172685,0.202887,0.503919,0.0,0.0,0.199594,0.148335,0.0,0.083827,0.04327,0.318759,0.311868,6e-06,0.0,0.244173,0.184152,0.0,0.0,0.0,0.547055,0.173947,0.0,0.0,0.0,0.0,0.0,0.18917,0.188246,0.137566,0.0,0.0,0.0,0.0,0.20524,0.214746,0.0,0.133746,0.0,0.0,0.0,0.0,0.0,0.0,0.192888,0.0,0.21906,0.0,0.58279,0.0,0.0,0.11929,0.0,0.215633,0.0,0.171506,1.6e-05,0.0,0.0,0.0,0.254033,0.195588,0.0,0.168447,0.195937,0.074953,5e-06,0.0,0.362811,0.0,0.105844,0.214023,0.0,0.0,0.0,0.082513,0.0919,0.0,0.0,0.254376,0.0,0.202601,0.127671,0.191302,0.029335,0.0,0.206316,0.0,0.0,0.889113,0.304482,0.01618,0.198308,0.116065,0.19706,0.307272,0.108064,0.305401,0.319043,0.215516,0.100797,1e-06,4.3e-05,0.0,0.0,0.0,0.250974,0.233047,0.007374,0.0,0.0,0.0,0.213841,0.701413,0.0,0.300039,1e-06,0.290044,0.0,0.191172,0.0,0.770644,0.0,0.0,0.0,0.0,0.0,0.000164,0.133097,0.0,0.0,0.200694,0.0,0.0,0.0,0.0,0.462643,0.026928,0.0,0.0,0.048893,0.0,0.13554,0.092984,0.629867,0.198859,0.0,0.996287,0.187528,0.0,0.0,0.0,0.413595,0.102382,0.0,0.0,0.219812,0.0,0.193239,0.169648,0.0,0.090762,0.167028,0.0,0.0,0.0,5.6e-05,0.0,0.0,0.199446,0.0,0.0,0.0,0.190741,0.0,0.177234,0.097482,0.195157,0.0,0.0,0.091285,0.088806,0.25199,0.139132,0.0,0.180724,0.0,0.0,0.186485,0.053912,0.133241,0.0
TCGA-56-A4BY,0.306265,0.0,0.0,0.0,0.0,0.22,0.049226,0.29131,0.078303,0.261601,0.209088,0.0,0.0,0.0,0.0,0.262572,0.0,0.209238,0.0,0.0,0.068025,0.0,0.0,0.0,0.0,0.0,0.0,0.0,0.0,0.221305,0.0,0.0,0.229869,0.758365,0.102493,0.068413,0.046977,0.0,0.0,0.0,0.0,0.070439,0.0,0.222825,0.0,0.118487,0.065635,0.0,0.0,0.064264,0.0,0.239867,0.0,0.806276,0.0,0.143582,0.216552,0.0,0.0,0.186786,0.0,3e-06,0.0,0.153662,0.254017,0.075778,0.222089,0.0,0.472946,0.0,0.0,0.0,0.200823,0.214403,0.0,0.0,0.0,0.0,0.0,0.0,0.0,0.698492,0.186063,0.0,0.0,0.164376,1e-06,0.0,0.198827,0.193457,0.204588,0.0,0.000156,0.0,0.432154,0.0,0.0,0.0,0.0,0.214169,0.0,0.0,0.257964,0.259876,0.0,0.0,0.0,0.376729,0.242551,0.06018,0.164043,0.0,0.067793,0.0,0.082757,0.0,0.0,0.546793,0.284437,0.122302,0.228944,0.0,8e-06,0.0,0.0,0.0,0.099182,0.322875,0.279048,0.0,0.0,0.229496,0.0,0.065924,0.114272,0.0,0.175884,0.022534,0.124028,0.0,0.088771,0.125245,0.085169,0.102564,0.085762,0.0,0.0,0.209004,0.0,0.0,2.1e-05,0.082406,0.143131,0.04795,1e-06,0.16753,0.0,0.128946,0.183606,0.0,0.433081,0.0,1e-06,2e-06,0.0,0.002275,0.0,0.0,0.0,0.454646,0.0,0.0,0.158161,0.0,0.0,0.0,0.0,0.0,0.0,0.67621,0.166292,0.0,0.0,0.0,0.0,0.192669,0.10989,0.222101,0.0,0.0,0.0,0.0,0.090476,0.0,0.0,0.089599,0.184611,0.241494,0.07095,0.0,0.000208,0.0,2.161108,0.176838,0.0,0.0,0.096741,1.317104,0.0,0.017241,0.0,0.0,0.0,0.0,2e-06,0.041687,0.0,0.828562,0.0,0.0,0.0,0.0,0.0,0.207328,0.198048,0.0,0.132274,0.175719,0.0,0.0,0.067163,0.0,0.249596,0.002998,0.0,0.136463,0.244598,0.237593,0.210994,0.0,0.047796,0.0,0.0,0.0,0.0,0.1712,0.148496,0.0,0.188185,0.187261,0.308461,0.0,0.206852,0.044684,1.003657,0.052113,0.0,0.179215,0.112934,0.0,0.0,0.248561,0.0,0.0,4e-06,0.0,0.0,0.0,0.248406,0.173078,0.0,0.244401,0.247464,0.073803,0.064613,0.063642,0.0,0.212236,0.0,0.0,0.069573,0.07545,0.226526,0.218258,0.0,0.0,0.0,0.0,0.205051,0.223683,0.193947,0.169808,0.0,0.0,0.0,0.244309,0.0,0.0,0.082591,0.076316,0.0,0.060007,0.06798,0.130642,0.0,0.152418,0.0,0.0,0.005661,0.127771,0.0,0.223284,0.0,0.0,0.190586,0.0,0.0,0.0,0.0,0.179868,0.0,0.188129,0.224007,0.442516,0.0,0.0,0.228318,0.156535,0.0,0.067834,0.032153,0.349941,0.273533,0.0,0.0,0.270151,0.196682,0.0,0.0,0.0,0.504639,0.174137,0.0,0.0,0.0,0.0,0.0,0.213116,0.197343,0.112182,0.0,0.0,0.0,0.0,0.21525,0.224976,0.0,0.097655,0.0,0.0,0.0,0.0,0.0,0.0,0.145686,0.0,0.250471,0.0,0.51442,0.0,0.0,0.085408,0.0,0.238925,0.0,0.113523,5e-06,0.0,0.0,0.0,0.273759,0.215698,0.0,0.172598,0.212013,0.071575,9e-06,0.0,0.319708,0.0,0.08025,0.230389,0.0,0.0,0.0,0.062804,0.066813,0.0,0.0,0.271093,0.0,0.227562,0.086582,0.137586,0.02136,0.0,0.22673,0.0,0.0,0.8042,0.296459,0.01085,0.215379,0.081223,0.219466,0.263976,0.078232,0.280537,0.328328,0.237824,0.074315,0.0,0.0,0.0,0.0,0.0,0.281568,0.251241,0.00757,0.0,0.0,0.0,0.220447,0.643287,0.0,0.249182,0.0,0.282564,0.0,0.212016,0.0,0.70846,0.0,0.0,0.0,0.0,0.0,0.001763,0.107043,0.0,0.0,0.19565,0.0,0.0,0.0,0.0,0.425634,0.021793,0.0,0.0,0.031094,0.0,0.093996,0.065184,0.552052,0.208799,0.0,0.906708,0.198668,0.0,0.0,0.0,0.332053,0.08012,0.0,0.0,0.215649,0.0,0.171158,0.186941,0.0,0.067167,0.185091,0.0,0.0,0.0,5.3e-05,0.0,0.0,0.217477,0.0,0.0,0.0,0.154994,0.0,0.203037,0.068928,0.22063,0.0,0.0,0.105546,0.072704,0.259224,0.101447,0.0,0.187459,0.0,0.0,0.212666,0.039932,0.094877,0.0
TCGA-60-2698,0.360354,0.0,0.0,0.0,0.0,0.233286,0.03724,0.352763,0.042989,0.296993,0.242762,0.0,0.0,0.0,0.0,0.319733,0.0,0.220106,0.0,0.0,0.039875,0.0,0.0,0.0,0.0,0.0,0.0,0.0,0.0,0.246763,1e-06,0.0,0.251367,0.719123,0.115226,0.040085,0.024307,1e-06,0.0,0.0,0.0,0.047019,0.0,0.26531,0.0,0.080847,0.095603,0.0,0.0,0.045561,0.0,0.258185,0.0,0.811949,1e-06,0.088057,0.258719,0.0,0.0,0.209212,0.0,4e-06,0.0,0.176963,0.266446,0.057003,0.249998,2e-06,0.441801,0.0,0.0,0.0,0.142112,0.263623,0.0,0.0,0.0,0.0,0.0,0.0,0.0,0.666171,0.207576,0.0,0.0,0.181003,0.0,0.0,0.225298,0.218007,0.259074,0.0,5.1e-05,0.0,0.384319,0.0,0.0,0.0,4e-06,0.274202,0.0,0.0,0.304677,0.299465,0.0,0.0,0.0,0.356196,0.263723,0.039467,0.198206,0.0,0.037558,0.0,0.062434,0.0,0.0,0.499915,0.352418,0.086202,0.187228,0.0,1e-06,0.0,0.0,0.0,0.06379,0.309654,0.341863,9e-06,0.0,0.265199,0.0,0.044168,0.077588,0.0,0.132366,0.031214,0.133249,0.0,0.058913,0.127942,0.061069,0.067752,0.058984,0.0,0.0,0.144195,0.0,0.0,7.7e-05,0.048595,0.088219,0.023439,9.1e-05,0.197054,0.0,0.155692,0.211372,2e-06,0.380403,0.0,0.000191,1e-06,0.0,0.001884,0.0,0.0,0.0,0.423728,0.0,0.0,0.192199,0.0,0.0,0.0,0.0,0.0,0.0,0.637423,0.182677,0.0,0.0,0.0,0.0,0.226538,0.081236,0.251839,3e-06,0.0,0.0,0.0,0.062054,0.0,0.0,0.058882,0.19891,0.249741,0.036856,0.0,0.001325,0.0,2.115974,0.190825,0.0,1e-06,0.068697,1.288417,0.0,0.012885,0.0,0.0,0.0,0.0,0.000373,0.054884,0.0,0.799342,0.0,1.5e-05,0.0,0.0,1e-06,0.266846,0.240164,0.0,0.094501,0.124257,0.0,0.0,0.056597,0.0,0.313249,0.00716,0.0,0.148504,0.294887,0.295677,0.259522,0.0,0.025417,0.0,0.0,0.0,0.0,0.140236,0.123823,0.0,0.227075,0.214298,0.261986,2e-06,0.240514,0.080503,0.968223,0.035787,0.0,0.208454,0.077506,0.0,0.0,0.271634,0.0,0.0,0.0,0.0,0.0,8.5e-05,0.28839,0.196739,0.0,0.298751,0.287824,0.044466,0.044061,0.093187,0.0,0.252374,0.0,0.0,0.04374,0.044236,0.25701,0.262302,0.0,0.0,0.0,0.0,0.238085,0.269888,0.239476,0.191007,0.0,0.0,0.0,0.29138,0.0,0.0,0.086182,0.045848,0.0,0.04952,0.037041,0.143094,0.0,0.143026,0.0,0.0,0.000639,0.150764,0.0,0.2213,7e-06,0.0,0.155586,1e-06,1e-06,0.0,0.0,0.208865,0.0,0.221477,0.274655,0.415351,0.0,0.0,0.279804,0.177797,0.0,0.037612,0.01873,0.333242,0.244494,0.0,0.0,0.317645,0.232354,0.0,0.0,0.0,0.456636,0.215543,0.0,0.0,0.0,0.0,0.0,0.256319,0.241985,0.075975,0.0,0.0,0.0,0.0,0.25342,0.252137,0.0,0.056588,0.0,0.0,0.0,0.0,0.0,0.0,0.090576,0.0,0.29144,1e-06,0.493064,0.0,0.0,0.054283,0.0,0.276717,0.0,0.077001,1.7e-05,0.0,0.0,0.0,0.320374,0.253647,0.0,0.194316,0.260945,0.048067,0.000104,0.0,0.291038,0.0,0.045681,0.274698,0.0,0.0,0.0,0.036914,0.034296,0.0,0.0,0.302151,0.0,0.250996,0.054773,0.094133,0.027766,0.0,0.273291,0.0,2.1e-05,0.763023,0.308122,0.013564,0.250522,0.048311,0.256132,0.22485,0.051069,0.229826,0.33142,0.281282,0.044576,0.0,0.0,0.0,0.0,0.0,0.340359,0.276962,0.005493,0.0,0.0,0.0,0.280567,0.581936,0.0,0.178481,0.0,0.306861,0.0,0.255905,0.0,0.667648,0.0,0.0,0.0,0.0,0.0,0.002534,0.079296,0.0,0.0,0.242021,0.0,0.0,0.0,3e-06,0.409754,0.013059,0.0,0.0,0.017675,0.0,0.068392,0.037075,0.520897,0.251392,0.0,0.854136,0.242256,0.0,0.0,0.0,0.271616,0.049411,0.0,0.0,0.228541,0.0,0.125419,0.228308,0.0,0.040884,0.214808,0.0,0.0,0.0,2.1e-05,0.0,0.0,0.260723,0.0,0.0,0.0,0.106496,0.0,0.253228,0.035262,0.257228,0.0,0.0,0.143446,0.036655,0.28785,0.059426,0.0,0.217567,0.0,0.0,0.234934,0.023523,0.062539,0.0
TCGA-60-2709,0.338511,0.0,0.0,0.0,0.0,0.235367,0.038918,0.317196,0.057023,0.281861,0.229645,0.0,0.0,0.0,0.0,0.282511,0.0,0.212511,0.0,0.0,0.053954,0.0,0.0,0.0,0.0,0.0,0.0,0.0,0.0,0.232149,1e-06,0.0,0.245517,0.733188,0.112663,0.054167,0.035591,0.0,0.0,0.0,0.0,0.060934,0.0,0.249249,0.0,0.09624,0.082904,0.0,0.0,0.049385,0.0,0.254243,0.0,0.801131,0.0,0.113911,0.231398,0.0,0.0,0.202663,0.0,1.2e-05,0.0,0.15755,0.256056,0.064506,0.229291,3e-06,0.445062,0.0,0.0,2e-06,0.168189,0.236592,0.0,0.0,0.0,0.0,0.0,0.0,0.0,0.672908,0.191059,0.0,0.0,0.171209,0.0,0.0,0.214759,0.204194,0.215967,0.0,0.000102,0.0,0.412583,0.0,0.0,0.0,0.0,0.244794,0.0,0.0,0.280286,0.278175,0.0,0.0,0.0,0.356932,0.246014,0.05216,0.17511,0.0,0.050459,0.0,0.074378,0.0,0.0,0.512799,0.314674,0.100654,0.206931,0.0,1e-05,0.0,0.0,0.0,0.09005,0.314188,0.304768,1e-06,0.0,0.243984,0.0,0.053566,0.086139,0.0,0.148329,0.025559,0.120903,0.0,0.064162,0.119991,0.070601,0.084123,0.06892,0.0,0.0,0.183898,0.0,0.0,0.0002,0.0657,0.117226,0.041052,2.3e-05,0.184875,0.0,0.136927,0.200797,0.0,0.403938,0.0,1e-06,1e-06,0.0,0.000937,0.0,0.0,0.0,0.436038,0.0,0.0,0.173657,0.0,0.0,0.0,0.0,0.0,0.0,0.655064,0.176146,0.0,0.0,0.0,0.0,0.207432,0.09305,0.238201,0.0,0.0,0.0,0.0,0.073568,0.0,0.0,0.071211,0.191124,0.244309,0.051332,0.0,0.001111,0.0,2.12983,0.182837,0.0,0.0,0.086665,1.295048,0.0,0.014368,0.0,0.0,0.0,0.0,3e-05,0.051599,0.0,0.80468,0.0,0.0,0.0,0.0,0.0,0.230455,0.220532,0.0,0.110489,0.142666,0.0,0.0,0.06369,0.0,0.288448,0.00527,0.0,0.140566,0.26583,0.261103,0.229356,0.0,0.033656,0.0,0.0,0.0,0.0,0.155105,0.12445,0.0,0.20804,0.192311,0.287704,0.0,0.223819,0.050632,0.975995,0.041245,0.0,0.204818,0.093589,0.0,0.0,0.259168,0.0,0.0,8.9e-05,0.0,0.0,9e-06,0.262759,0.18422,0.0,0.266085,0.267231,0.059067,0.046606,0.072146,0.0,0.237097,0.0,0.0,0.053315,0.053142,0.233808,0.242129,0.0,0.0,1e-06,0.0,0.220061,0.244625,0.215889,0.178945,0.0,0.0,0.0,0.260262,0.0,0.0,0.08819,0.063066,0.0,0.048317,0.052758,0.143688,0.0,0.154256,0.0,0.0,0.001654,0.142834,0.0,0.22461,1e-06,0.0,0.174438,2.1e-05,1.9e-05,0.0,0.0,0.196025,0.0,0.205693,0.24277,0.429125,0.0,0.0,0.24625,0.167772,0.0,0.048996,0.024907,0.329147,0.256387,0.0,0.0,0.290476,0.213,0.0,0.0,0.0,0.476392,0.195913,0.0,0.0,0.0,0.0,0.0,0.230549,0.215751,0.086398,0.0,0.0,0.0,0.0,0.2334,0.241039,0.0,0.078857,0.0,0.0,0.0,0.0,0.0,0.0,0.112084,0.0,0.268447,0.0,0.504977,0.0,0.0,0.06724,0.0,0.259212,0.0,0.090614,9e-06,0.0,0.0,0.0,0.296419,0.232054,0.0,0.193094,0.227932,0.058469,2.4e-05,0.0,0.298451,0.0,0.058134,0.251715,0.0,0.0,0.0,0.046808,0.046591,0.0,0.0,0.286791,0.0,0.241752,0.069884,0.115245,0.020219,0.0,0.239617,0.0,0.0,0.78268,0.300534,0.011585,0.227879,0.069167,0.235553,0.244533,0.065351,0.246902,0.326156,0.251743,0.05997,0.0,4e-06,0.0,0.0,0.0,0.312619,0.262398,0.003568,0.0,0.0,0.0,0.245414,0.611558,0.0,0.216678,0.0,0.298449,0.0,0.227479,0.0,0.682256,0.0,0.0,0.0,0.0,0.0,0.00278,0.096243,0.0,0.0,0.221293,0.0,0.0,0.0,0.0,0.423914,0.013525,0.0,0.0,0.01913,0.0,0.078278,0.049736,0.537052,0.228703,0.0,0.879278,0.220632,0.0,0.0,0.0,0.299196,0.060278,0.0,0.0,0.217267,0.0,0.151002,0.197171,0.0,0.055137,0.201008,0.0,0.0,0.0,1e-06,0.0,0.0,0.237821,0.0,0.0,0.0,0.127612,0.0,0.226968,0.050549,0.242666,0.0,0.0,0.116477,0.050958,0.264397,0.07677,0.0,0.208059,0.0,0.0,0.223446,0.032681,0.080705,0.0
TCGA-60-2714,0.428793,0.0,0.0,0.0,0.0,0.251406,0.016647,0.394575,0.021839,0.3516,0.292524,0.0,0.0,0.0,0.0,0.388617,0.0,0.209624,0.0,0.0,0.017615,0.0,0.0,0.0,0.0,0.0,0.0,0.0,0.0,0.273345,0.0,0.0,0.280689,0.596721,0.157372,0.020288,0.012381,0.0,0.0,0.0,0.0,0.023901,0.0,0.311768,0.0,0.037817,0.08795,0.0,0.0,0.018436,0.0,0.252459,0.0,0.766312,0.0,0.042563,0.273481,0.0,2e-06,0.245969,0.0,1e-06,0.0,0.153395,0.23003,0.031641,0.249563,5e-06,0.337955,0.0,0.0,0.0,0.09001,0.278117,0.0,0.0,0.0,0.0,0.0,0.0,0.0,0.573162,0.22432,0.0,0.0,0.183985,0.0,0.0,0.238991,0.232827,0.256512,0.0,1e-06,0.0,0.312429,0.0,0.0,0.0,1e-06,0.257687,0.0,0.0,0.382831,0.364885,0.0,0.0,0.0,0.310387,0.280836,0.02104,0.192047,0.0,0.018106,0.0,0.028621,0.0,0.0,0.400899,0.423284,0.042633,0.110425,0.0,6e-06,0.0,0.0,1e-06,0.046095,0.284975,0.416641,0.0,0.0,0.286816,0.0,0.019694,0.038786,0.0,0.078389,0.056834,0.117218,0.0,0.026575,0.111565,0.0468,0.029958,0.026469,0.0,0.0,0.089521,0.0,0.0,0.000303,0.022407,0.040045,0.01118,7e-06,0.225151,0.0,0.160727,0.226516,0.0,0.30467,0.0,6.1e-05,0.0,0.0,0.000261,0.0,0.0,0.0,0.305868,0.0,0.0,0.201964,0.0,0.0,0.0,0.0,0.0,0.0,0.563572,0.168425,0.0,0.0,0.0,0.0,0.27001,0.036987,0.264456,0.0,0.0,0.0,0.0,0.02841,0.0,0.0,0.028677,0.194785,0.229879,0.01891,0.0,0.000762,0.0,1.955297,0.177664,0.0,0.0,0.063354,1.20586,0.0,0.004274,0.0,0.0,0.0,0.0,2.3e-05,0.022757,0.0,0.682255,0.0,0.0,0.0,0.0,0.0,0.299922,0.249194,0.0,0.043839,0.053834,0.0,0.0,0.023698,0.0,0.374651,0.010339,0.0,0.121773,0.323459,0.302003,0.273034,0.0,0.013483,0.0,0.0,0.0,0.0,0.120964,0.075354,0.0,0.227781,0.230903,0.1864,0.0,0.260146,0.06883,0.857934,0.014294,0.0,0.231539,0.034417,0.0,0.0,0.279337,0.0,0.0,0.0,0.0,0.0,6e-06,0.338523,0.204858,0.0,0.332664,0.320259,0.020114,0.019903,0.10192,0.0,0.308,0.0,0.0,0.018317,0.018529,0.265753,0.302644,0.0,0.0,0.0,0.0,0.257848,0.280608,0.256304,0.233777,0.0,0.0,0.0,0.32914,0.0,0.0,0.043958,0.019483,0.0,0.018171,0.019478,0.134862,0.0,0.143632,0.0,0.0,0.000367,0.14926,0.0,0.177932,7e-06,0.0,0.11566,4e-06,0.0,0.0,0.0,0.221002,0.0,0.247362,0.295233,0.320603,0.0,0.0,0.308852,0.15281,0.0,0.024439,0.009185,0.322596,0.208053,0.0,0.0,0.361448,0.24063,0.0,0.0,0.0,0.36148,0.215493,0.0,0.0,0.0,0.0,0.0,0.274772,0.258325,0.034373,0.0,0.0,0.0,0.0,0.26856,0.292003,0.0,0.02825,0.0,0.0,0.0,0.0,0.0,0.0,0.045713,0.0,0.348954,0.0,0.417968,0.0,0.0,0.026494,0.0,0.300152,1e-06,0.034937,8e-06,0.0,0.0,0.0,0.370855,0.272191,0.0,0.197076,0.287125,0.030288,2.3e-05,0.0,0.228702,0.0,0.028975,0.291631,0.0,0.0,0.0,0.018487,0.017516,0.0,0.0,0.289173,0.0,0.288699,0.02747,0.040237,0.00597,0.0,0.284054,0.0,0.0,0.683764,0.326944,0.011457,0.252018,0.024569,0.292367,0.151993,0.021941,0.178729,0.278433,0.279326,0.019282,0.0,0.0,0.0,0.0,0.0,0.416145,0.290861,0.001827,0.0,0.0,0.0,0.294757,0.459731,0.0,0.099549,0.0,0.29057,0.0,0.286471,0.0,0.557567,0.0,0.0,0.0,0.0,0.0,3e-06,0.051548,0.0,0.0,0.259642,0.0,0.0,0.0,0.0,0.372649,0.004695,0.0,0.0,0.00789,0.0,0.035599,0.017353,0.476757,0.276298,0.0,0.738604,0.280948,0.0,0.0,0.0,0.15176,0.022882,0.0,0.0,0.194412,0.0,0.113582,0.226761,0.0,0.019413,0.233905,0.0,0.0,0.0,2e-06,0.0,0.0,0.311673,0.0,0.0,0.0,0.053175,0.0,0.315974,0.018414,0.27406,0.0,0.0,0.147794,0.016642,0.271479,0.028087,0.0,0.244275,0.0,0.0,0.293331,0.011047,0.029082,0.0
TCGA-60-2715,0.384156,0.0,0.0,0.0,0.0,0.236673,0.036239,0.361624,0.042318,0.317325,0.261938,0.0,0.0,0.0,0.0,0.334898,0.0,0.225406,0.0,0.0,0.034843,0.0,0.0,0.0,0.0,0.0,0.0,0.0,0.0,0.255407,0.0,0.0,0.2552,0.682695,0.133248,0.040886,0.030556,0.0,0.0,0.0,0.0,0.047595,0.0,0.28217,0.0,0.066956,0.091598,0.0,0.0,0.040977,0.0,0.260895,0.0,0.804234,0.0,0.084197,0.258275,0.0,0.0,0.231129,0.0,6e-06,0.0,0.154346,0.245477,0.058036,0.239016,2e-06,0.416362,0.0,0.0,0.0,0.130919,0.261904,0.0,0.0,0.0,0.0,0.0,0.0,0.0,0.644435,0.213199,0.0,0.0,0.179342,0.0,0.0,0.228461,0.222682,0.247638,0.0,7e-06,0.0,0.37641,0.0,0.0,0.0,1e-06,0.252465,0.0,0.0,0.329188,0.319314,0.0,0.0,0.0,0.347975,0.259808,0.038317,0.190458,0.0,0.040283,0.0,0.05633,0.0,0.0,0.474094,0.372566,0.070949,0.164316,0.0,4e-06,0.0,0.0,7e-06,0.061355,0.323552,0.364287,0.0,0.0,0.264726,0.0,0.045144,0.078692,0.0,0.11813,0.03881,0.113474,0.0,0.05498,0.125597,0.057884,0.061453,0.058444,0.0,0.0,0.137544,0.0,0.0,0.000164,0.044909,0.078384,0.025253,0.000108,0.201698,0.0,0.157229,0.211748,0.0,0.364444,0.0,2e-05,0.0,0.0,0.002372,0.0,0.0,0.0,0.395037,0.0,0.0,0.200665,0.0,0.0,0.0,0.0,0.0,0.0,0.627277,0.174106,0.0,0.0,0.0,0.0,0.243747,0.076382,0.255667,0.0,0.0,0.0,0.0,0.05434,0.0,0.0,0.054837,0.190847,0.251375,0.03721,0.0,0.000445,0.0,2.079022,0.191602,0.0,0.0,0.078148,1.278462,0.0,0.01594,0.0,0.0,0.0,0.0,0.000393,0.048424,0.0,0.771316,0.0,0.0,0.0,0.0,0.0,0.269392,0.240087,0.0,0.081564,0.103652,0.0,0.0,0.053888,0.0,0.326556,0.009317,0.0,0.130208,0.302627,0.283346,0.262412,0.0,0.030207,0.0,0.0,0.0,0.0,0.145868,0.11163,0.0,0.21634,0.217395,0.246901,0.0,0.252193,0.070599,0.938423,0.038743,0.0,0.221337,0.069861,0.0,0.0,0.269441,0.0,0.0,0.0,0.0,0.0,9.4e-05,0.305383,0.193685,0.0,0.302351,0.29376,0.044685,0.044975,0.101255,0.0,0.273382,0.0,0.0,0.041754,0.044708,0.258034,0.271353,0.0,1e-06,0.0,0.0,0.240751,0.278996,0.243664,0.220274,0.0,0.0,0.0,0.292953,0.0,0.0,0.065705,0.043239,0.0,0.041047,0.041889,0.152629,0.0,0.167239,0.0,0.0,0.001093,0.159934,0.0,0.225219,1e-06,0.0,0.146603,0.0,0.0,0.0,0.0,0.209737,0.0,0.224548,0.278667,0.39728,0.0,0.0,0.280422,0.169086,0.0,0.038606,0.026635,0.314304,0.236897,0.0,0.0,0.33335,0.224408,0.0,0.0,0.0,0.441937,0.211458,0.0,0.0,0.0,0.0,0.0,0.261368,0.238493,0.067472,0.0,0.0,0.0,0.0,0.257732,0.265148,0.0,0.055396,0.0,0.0,0.0,0.0,0.0,0.0,0.080339,0.0,0.313707,0.0,0.477701,0.0,0.0,0.054661,0.0,0.281011,0.0,0.075615,1.7e-05,0.0,0.0,0.0,0.339039,0.254126,0.0,0.192375,0.26493,0.043465,0.000195,0.0,0.272391,0.0,0.055845,0.266144,0.0,0.0,0.0,0.037596,0.037338,0.0,0.0,0.286031,0.0,0.261501,0.052789,0.082838,0.017858,0.0,0.26639,0.0,0.0,0.754956,0.315984,0.015456,0.243434,0.0484,0.265896,0.210217,0.045953,0.218032,0.309082,0.277119,0.041994,0.0,0.0,0.0,0.0,0.0,0.360538,0.27605,0.008099,0.0,0.0,0.0,0.282976,0.553927,0.0,0.161761,0.0,0.303741,0.0,0.26555,0.0,0.637058,0.0,0.0,0.0,0.0,0.0,0.001541,0.069608,0.0,0.0,0.242907,0.0,0.0,0.0,0.0,0.421288,0.01669,0.0,0.0,0.022457,0.0,0.064294,0.040747,0.521992,0.253478,0.0,0.828307,0.256833,0.0,0.0,0.0,0.244979,0.047376,0.0,0.0,0.223807,0.0,0.126896,0.215794,0.0,0.044698,0.221104,0.0,0.0,0.0,7e-06,0.0,0.0,0.275724,0.0,0.0,0.0,0.088764,0.0,0.264592,0.038447,0.260209,0.0,0.0,0.131388,0.037702,0.273542,0.054215,0.0,0.233197,0.0,0.0,0.260302,0.023086,0.061208,0.0
TCGA-60-2723,0.456795,0.0,0.0,0.0,0.0,0.261894,0.0235,0.428915,0.030402,0.367869,0.301605,0.0,0.0,0.0,0.0,0.415266,0.0,0.226728,0.0,0.0,0.021039,0.0,0.0,0.0,0.0,0.0,0.0,0.0,0.0,0.301693,0.0,0.0,0.291686,0.629369,0.14821,0.026057,0.018583,1e-06,0.0,0.0,0.0,0.030288,0.0,0.327365,0.0,0.037621,0.096505,0.0,0.0,0.025125,0.0,0.267347,0.0,0.814911,0.0,0.049495,0.292136,0.0,0.0,0.260615,0.0,2e-06,0.0,0.182502,0.246451,0.037721,0.27189,0.0,0.371295,0.0,0.0,0.0,0.087287,0.300226,0.0,0.0,0.0,0.0,0.0,0.0,0.0,0.612756,0.252975,0.0,0.0,0.191569,0.0,0.0,0.243071,0.251188,0.279466,0.0,3e-05,0.0,0.320266,0.0,0.0,0.0,0.0,0.27456,0.0,0.0,0.395075,0.390958,0.0,0.0,0.0,0.33666,0.303708,0.026239,0.215919,0.0,0.024501,0.0,0.035062,0.0,0.0,0.421448,0.447114,0.043633,0.108977,0.0,0.0,0.0,0.0,3e-06,0.039825,0.307653,0.455598,0.0,1e-06,0.30688,0.0,0.029162,0.048945,0.0,0.084622,0.055382,0.133664,0.0,0.036254,0.117085,0.052483,0.035342,0.0376,0.0,0.0,0.0865,0.0,0.0,2.9e-05,0.026972,0.043168,0.013606,0.000264,0.239527,0.0,0.177207,0.254651,0.0,0.327926,0.0,4.4e-05,0.0,0.0,0.00395,0.0,0.0,0.0,0.337089,0.0,1e-06,0.229064,0.0,0.0,0.0,0.0,0.0,1e-06,0.592432,0.181961,0.0,0.0,0.0,0.0,0.268586,0.044062,0.283812,0.0,0.0,0.0,0.0,0.032548,0.0,0.0,0.033403,0.214093,0.250894,0.023865,0.0,6.1e-05,0.0,2.050407,0.205534,0.0,0.0,0.065519,1.259259,0.0,0.010922,0.0,0.0,0.0,0.0,0.000886,0.027026,0.0,0.717902,0.0,0.0,0.0,0.0,0.0,0.327164,0.277522,0.0,0.045691,0.062737,0.0,0.0,0.03147,0.0,0.389227,0.009633,0.0,0.125764,0.344249,0.325936,0.298969,0.0,0.020668,0.0,0.0,0.0,0.0,0.129196,0.081776,0.0,0.24468,0.255304,0.185298,0.0,0.283922,0.091897,0.894707,0.025078,0.0,0.247042,0.043092,0.0,0.0,0.294292,0.0,0.0,0.0,0.0,0.0,0.000212,0.369443,0.223174,0.0,0.35588,0.354056,0.029115,0.031045,0.118802,0.0,0.316448,0.0,0.0,0.025502,0.029705,0.279196,0.318469,0.0,5e-06,0.0,0.0,0.279429,0.308935,0.270909,0.243116,0.0,6e-06,0.0,0.343597,0.0,0.0,0.036244,0.025811,0.0,0.024546,0.025375,0.144745,0.0,0.154688,1.5e-05,0.0,0.001075,0.162629,0.0,0.19116,0.0,0.0,0.113458,0.0,0.0,0.0,0.0,0.233062,0.0,0.260898,0.321119,0.347294,0.0,0.0,0.327258,0.169118,0.0,0.023553,0.019749,0.3483,0.205966,0.0,0.0,0.390689,0.267596,0.0,0.0,0.0,0.390396,0.240142,0.0,0.0,0.0,0.0,0.0,0.302753,0.276997,0.042968,0.0,0.0,0.0,0.0,0.291095,0.30774,0.0,0.032906,0.0,0.0,0.0,0.0,0.0,0.0,0.046486,0.0,0.374567,0.0,0.454335,0.0,0.0,0.033154,0.0,0.315183,0.0,0.044901,6e-06,0.0,0.0,0.0,0.400194,0.291864,0.0,0.200678,0.316294,0.029789,0.000316,2e-06,0.242782,0.0,0.040311,0.325071,0.0,0.0,0.0,0.022506,0.023692,1.5e-05,0.0,0.3019,0.0,0.301845,0.031862,0.048223,0.007926,0.0,0.313197,0.0,0.0,0.712136,0.346402,0.011263,0.277865,0.026975,0.309028,0.164698,0.027416,0.191919,0.30554,0.304768,0.025036,0.0,1.3e-05,0.0,0.0,0.0,0.437777,0.307613,0.007418,1.1e-05,0.0,0.0,0.316996,0.479387,0.0,0.097747,0.0,0.306953,0.0,0.307786,0.0,0.587555,0.0,0.0,0.0,0.0,0.0,6.9e-05,0.046641,0.0,0.0,0.2672,0.0,0.0,0.0,0.0,0.392324,0.011648,0.0,0.0,0.012596,0.0,0.042172,0.025572,0.496982,0.301262,0.0,0.782542,0.299514,0.0,0.0,0.0,0.161616,0.029586,0.0,0.0,0.208954,0.0,0.117266,0.250237,0.0,0.027778,0.25311,0.0,0.0,0.0,0.0,0.0,0.0,0.326723,0.0,1e-06,0.0,0.052395,0.0,0.324475,0.024086,0.296815,0.0,0.0,0.150905,0.024149,0.295654,0.032603,0.0,0.257596,0.0,0.0,0.302179,0.013616,0.035997,0.0
TCGA-60-2725,0.323573,0.0,0.0,0.0,0.0,0.217657,0.05463,0.303205,0.072038,0.260108,0.217565,0.0,0.0,0.0,0.0,0.285393,0.0,0.216888,0.0,0.0,0.07963,0.0,0.0,0.0,0.0,0.0,0.0,0.0,0.0,0.207399,2e-06,0.0,0.232923,0.782832,0.115092,0.070041,0.044966,0.0,0.0,0.0,0.0,0.073958,0.0,0.241138,0.0,0.107338,0.096592,0.0,0.0,0.06937,0.0,0.252451,0.0,0.857119,0.0,0.133263,0.21816,0.0,1e-06,0.191291,0.0,3e-06,0.0,0.139745,0.244644,0.079758,0.215265,0.0,0.468047,0.0,0.0,0.0,0.18991,0.222333,0.0,0.0,0.0,0.0,0.0,0.0,0.0,0.721088,0.177523,0.0,0.0,0.14896,0.0,0.0,0.192609,0.184503,0.201825,0.0,0.000145,0.0,0.432738,0.0,0.0,0.0,0.0,0.23846,0.0,0.0,0.260547,0.262444,0.0,0.0,0.0,0.365741,0.232124,0.069346,0.159709,0.0,0.061546,0.0,0.089914,0.0,0.0,0.529012,0.300747,0.127765,0.231619,0.0,2e-06,0.0,0.0,0.0,0.115903,0.315591,0.295188,0.0,0.0,0.222405,0.0,0.064384,0.102424,0.0,0.167044,0.039022,0.11,0.0,0.07553,0.094431,0.091308,0.103169,0.089379,0.0,0.0,0.192315,0.0,0.0,4.9e-05,0.08311,0.141438,0.053612,1.1e-05,0.179081,0.0,0.123047,0.19388,0.0,0.450082,0.0,0.0,0.0,0.0,0.001301,0.0,0.0,0.0,0.462957,0.0,0.0,0.172696,0.0,0.0,0.0,0.0,0.0,0.0,0.697794,0.161484,0.0,0.0,0.0,0.0,0.193568,0.107501,0.228029,1e-06,0.0,0.0,0.0,0.101796,0.0,0.0,0.096011,0.178341,0.252729,0.065527,0.0,0.000215,0.0,2.212131,0.159662,0.0,0.0,0.106554,1.356973,0.0,0.018653,0.0,0.0,0.0,0.0,1.4e-05,0.04006,0.0,0.844132,0.0,0.0,0.0,0.0,0.0,0.226092,0.210538,0.0,0.124891,0.1741,0.0,0.0,0.070534,0.0,0.282235,0.000741,0.0,0.119961,0.244032,0.247522,0.212226,0.0,0.041601,0.0,0.0,0.0,0.0,0.174032,0.1322,0.0,0.203547,0.180984,0.296984,0.0,0.214249,0.044806,1.032852,0.053077,0.0,0.182863,0.116895,0.0,0.0,0.244591,0.0,0.0,2.1e-05,0.0,0.0,2e-06,0.24872,0.173946,0.0,0.254189,0.251416,0.067209,0.05654,0.079731,0.0,0.222364,0.0,0.0,0.067952,0.071561,0.214659,0.242237,0.0,0.0,1e-06,0.0,0.207539,0.228165,0.196391,0.158891,0.0,0.0,0.0,0.241934,0.0,0.0,0.059747,0.081607,0.0,0.063963,0.058446,0.143859,0.0,0.16866,0.0,0.0,0.002079,0.134004,0.0,0.234843,8.8e-05,0.0,0.20271,3e-06,3e-06,0.0,0.0,0.191558,0.0,0.189479,0.233624,0.455225,0.0,0.0,0.231649,0.158764,0.0,0.059963,0.027076,0.323344,0.291643,0.0,0.0,0.276254,0.203132,0.0,0.0,0.0,0.484971,0.194748,0.0,0.0,0.0,0.0,0.0,0.210714,0.199946,0.113146,0.0,0.0,0.0,0.0,0.215074,0.22891,0.0,0.098761,0.0,0.0,0.0,0.0,0.0,0.0,0.129216,0.0,0.249571,0.0,0.537023,0.0,0.0,0.073731,0.0,0.239,1e-06,0.09749,7e-06,0.0,0.0,0.0,0.277201,0.21547,0.0,0.171183,0.21658,0.0797,1.1e-05,0.0,0.34178,0.0,0.063013,0.241059,0.0,0.0,0.0,0.060415,0.058119,0.0,0.0,0.268961,0.0,0.222227,0.086939,0.13764,0.019891,0.0,0.237809,0.0,0.0,0.824274,0.310313,0.024963,0.221204,0.089863,0.215662,0.273576,0.081842,0.269149,0.320214,0.232964,0.07977,0.0,0.0,0.0,0.0,0.0,0.307208,0.239664,0.004858,0.0,0.0,0.0,0.252933,0.642727,0.0,0.232024,0.0,0.294158,0.0,0.20816,0.0,0.71156,0.0,0.0,0.0,0.0,0.0,0.000653,0.12231,0.0,0.0,0.221072,0.0,1e-06,0.0,0.0,0.423273,0.017583,0.0,0.0,0.022376,0.0,0.102575,0.061802,0.590875,0.221154,0.0,0.920677,0.207859,0.0,0.0,0.0,0.32927,0.079454,0.0,0.0,0.202696,0.0,0.172403,0.184176,0.0,0.068087,0.184887,0.0,0.0,0.0,0.0,0.0,0.0,0.228539,0.0,0.0,0.0,0.153713,0.0,0.225182,0.062564,0.227285,0.0,0.0,0.116531,0.065059,0.26277,0.090818,0.0,0.186149,0.0,0.0,0.209594,0.042401,0.097041,0.0
TCGA-60-2726,0.461393,0.0,0.0,0.0,0.0,0.269449,0.012779,0.429758,0.014808,0.371757,0.312501,0.0,0.0,0.0,0.0,0.409566,0.0,0.226582,0.0,0.0,0.011483,0.0,0.0,0.0,0.0,0.0,0.0,0.0,0.0,0.291767,0.0,0.0,0.293389,0.604118,0.15591,0.018188,0.009057,0.0,0.0,0.0,0.0,0.020348,0.0,0.333162,0.0,0.034954,0.109824,0.0,0.0,0.016144,0.0,0.274992,0.0,0.803513,0.0,0.035238,0.294989,0.0,0.0,0.26802,0.0,2.5e-05,0.0,0.168179,0.232899,0.034294,0.272586,6e-06,0.352004,0.0,0.0,0.0,0.072767,0.30313,0.0,0.0,0.0,0.0,0.0,0.0,0.0,0.590373,0.250126,0.0,0.0,0.195088,0.0,0.0,0.248876,0.25427,0.282077,0.0,0.0,0.0,0.315276,0.0,0.0,0.0,0.0,0.284365,6e-06,0.0,0.407883,0.389502,0.0,0.0,0.0,0.320804,0.292894,0.022005,0.207944,0.0,0.013781,3e-06,0.027063,0.0,0.0,0.40366,0.452601,0.034766,0.105213,0.0,0.0,0.0,0.0,3e-06,0.033357,0.299848,0.461631,4e-06,1e-06,0.30392,0.0,0.016803,0.037414,0.0,0.076847,0.057689,0.122521,0.0,0.022973,0.121429,0.04109,0.026179,0.023919,0.0,0.0,0.081733,0.0,0.0,3.7e-05,0.016419,0.032693,0.008289,1e-06,0.242027,0.0,0.171949,0.246276,0.0,0.30401,0.0,0.000152,2e-06,0.0,0.000146,0.0,0.0,0.0,0.325506,0.0,2e-06,0.242329,0.0,0.0,0.0,0.0,0.0,1e-06,0.572972,0.180223,0.0,0.0,0.0,0.0,0.278853,0.042262,0.285768,0.0,0.0,0.0,0.0,0.023316,0.0,0.0,0.025582,0.20266,0.260354,0.014979,0.0,0.000732,0.0,2.012833,0.198381,0.0,0.0,0.05822,1.24398,0.0,0.003509,0.0,0.0,0.0,0.0,6e-06,0.038224,0.0,0.703395,0.0,0.0,0.0,0.0,0.0,0.335923,0.267132,0.0,0.037451,0.052471,0.0,0.0,0.032384,0.0,0.400599,0.01397,0.0,0.124606,0.351499,0.337375,0.299171,0.0,0.009352,0.0,0.0,0.0,0.0,0.123278,0.079173,0.0,0.246223,0.251956,0.179272,0.0,0.282606,0.084439,0.874074,0.014287,0.0,0.25888,0.028751,0.0,0.0,0.291788,0.0,0.0,7e-06,0.0,0.0,1e-06,0.366135,0.219636,0.0,0.35861,0.347936,0.018159,0.018516,0.115757,0.0,0.317653,0.0,0.0,0.014121,0.016089,0.285268,0.327319,0.0,0.0,0.0,0.0,0.280228,0.312671,0.275352,0.249146,0.0,5e-06,0.0,0.343604,0.0,0.0,0.041698,0.014816,0.0,0.015901,0.018618,0.156187,0.0,0.149413,0.0,0.0,7.1e-05,0.168403,0.0,0.201475,0.0,0.0,0.106082,0.0,0.0,0.0,0.0,0.238524,0.0,0.261604,0.326429,0.338264,0.0,0.0,0.334518,0.177156,0.0,0.015401,0.01069,0.305472,0.20271,0.0,0.0,0.399878,0.264426,0.0,0.0,0.0,0.372338,0.241694,0.0,0.0,0.0,0.0,1e-06,0.305279,0.285238,0.026861,0.0,0.0,0.0,0.0,0.29104,0.312655,0.0,0.023374,0.0,0.0,0.0,0.0,0.0,0.0,0.036201,0.0,0.375895,1e-06,0.441029,0.0,0.0,0.024341,0.0,0.321826,0.0,0.038903,1e-06,0.0,0.0,0.0,0.403314,0.289483,0.0,0.211291,0.317626,0.017348,2e-05,1e-06,0.229135,0.0,0.025833,0.309833,0.0,0.0,0.0,0.015542,0.012969,0.0,0.0,0.300446,0.0,0.314872,0.020644,0.034344,0.011621,0.0,0.313905,0.0,0.0,0.703994,0.332961,0.016118,0.277314,0.021213,0.306631,0.154832,0.017027,0.170934,0.286902,0.302311,0.01318,0.0,0.0,0.0,0.0,0.0,0.43938,0.317173,0.00171,1.5e-05,0.0,0.0,0.320312,0.454717,0.0,0.093806,0.0,0.313974,0.0,0.312232,0.0,0.570897,0.0,0.0,0.0,0.0,0.0,0.00025,0.048374,0.0,0.0,0.281897,0.0,0.0,0.0,2e-06,0.396473,0.002378,0.0,0.0,0.005601,0.0,0.033012,0.013855,0.491509,0.305572,0.0,0.759284,0.299759,0.0,0.0,0.0,0.153568,0.019549,0.0,0.0,0.201952,0.0,0.104925,0.250627,0.0,0.016786,0.246919,0.0,0.0,0.0,1e-06,1e-06,0.0,0.326727,0.0,0.0,0.0,0.045634,0.0,0.326775,0.013278,0.301412,0.0,0.0,0.148796,0.01481,0.285259,0.021115,0.0,0.268044,0.0,0.0,0.307301,0.006764,0.025295,0.0
TCGA-63-5128,0.424065,0.0,0.0,0.0,0.0,0.270598,0.010366,0.40339,0.018812,0.334077,0.268296,0.0,0.0,0.0,0.0,0.374755,0.0,0.218222,0.0,0.0,0.010223,0.0,0.0,0.0,0.0,0.0,0.0,0.0,0.0,0.289791,0.0,0.0,0.278639,0.619804,0.136438,0.012784,0.007382,0.0,0.0,0.0,0.0,0.015487,0.0,0.30298,0.0,0.036828,0.078651,0.0,0.0,0.01629,0.0,0.246777,0.0,0.752355,0.0,0.035555,0.286876,0.0,0.0,0.244401,0.0,0.0,0.0,0.186597,0.26776,0.02439,0.279783,0.0,0.364257,0.0,0.0,0.0,0.089777,0.300265,0.0,0.0,0.0,0.0,0.0,0.0,0.0,0.59414,0.240309,0.0,0.0,0.200607,0.0,0.0,0.26969,0.246853,0.272503,0.0,0.0,0.0,0.315922,0.0,0.0,0.0,0.0,0.284101,1e-06,0.0,0.356459,0.350586,0.0,0.0,0.0,0.32549,0.298358,0.013237,0.20929,0.0,0.012762,0.0,0.020112,0.0,0.0,0.439473,0.397556,0.044211,0.120539,0.0,7e-06,0.0,0.0,1.4e-05,0.034789,0.280124,0.4022,0.0,0.0,0.300381,0.0,0.014844,0.028241,0.0,0.083213,0.032477,0.142835,0.0,0.024749,0.146243,0.047524,0.025927,0.018446,0.0,0.0,0.100369,0.0,0.0,7e-06,0.01637,0.034777,0.006759,3e-06,0.214338,0.0,0.172266,0.245107,0.0,0.302816,0.0,9.1e-05,0.0,0.0,0.000196,0.0,0.0,0.0,0.342023,0.0,2.3e-05,0.211868,0.0,0.0,1.8e-05,0.0,0.0,0.0,0.570447,0.204067,0.0,0.0,0.0,0.0,0.262754,0.028847,0.28898,0.0,0.0,0.0,0.0,0.022626,0.0,0.0,0.022083,0.226123,0.229386,0.012216,0.0,4.5e-05,0.0,1.991327,0.209117,0.0,0.0,0.053178,1.206939,0.0,0.002414,0.0,0.0,0.0,0.0,1e-05,0.030459,0.0,0.702674,0.0,0.0,0.0,0.0,2.3e-05,0.307596,0.268401,0.0,0.0445,0.052984,0.0,0.0,0.016546,0.0,0.363315,0.007345,0.0,0.160454,0.327247,0.322825,0.284391,0.0,0.006386,0.0,0.0,0.0,0.0,0.103245,0.078693,0.0,0.243572,0.237655,0.18858,0.0,0.27981,0.092729,0.861663,0.009775,0.0,0.234583,0.031128,0.0,0.0,0.294611,0.0,0.0,0.0,0.0,0.0,2e-06,0.327164,0.228788,0.0,0.340826,0.332729,0.019452,0.017182,0.086151,0.0,0.290865,0.0,0.0,0.012309,0.014921,0.286803,0.308722,0.0,0.0,0.0,0.0,0.276371,0.298966,0.268857,0.2231,0.0,2e-06,0.0,0.330027,0.0,0.0,0.080543,0.015524,0.0,0.015143,0.012812,0.140317,0.0,0.12871,0.0,0.0,0.000212,0.160288,0.0,0.186792,3.4e-05,0.0,0.113338,0.0,0.0,0.0,0.0,0.233715,0.0,0.247618,0.30391,0.346055,0.0,0.0,0.303827,0.173997,0.0,0.01845,0.004451,0.339813,0.188593,0.0,0.0,0.354784,0.261397,0.0,0.0,0.0,0.392018,0.22694,0.0,0.0,0.0,0.0,0.0,0.287799,0.269799,0.031071,0.0,0.0,0.0,0.0,0.284674,0.290234,0.0,0.020875,0.0,0.0,0.0,0.0,0.0,0.0,0.044536,0.0,0.338326,0.0,0.451796,0.0,0.0,0.020656,0.0,0.313821,0.0,0.027683,1.8e-05,0.0,0.0,0.0,0.373496,0.288411,0.0,0.211698,0.291344,0.015573,2.1e-05,0.0,0.216306,0.0,0.021335,0.305013,0.0,0.0,0.0,0.012124,0.010518,0.0,0.0,0.320952,0.0,0.289102,0.023108,0.03676,0.00917,0.0,0.298062,0.0,0.0,0.679007,0.315526,0.002858,0.275583,0.017982,0.293463,0.16211,0.014168,0.18958,0.326539,0.312721,0.013298,0.0,4e-06,0.0,0.0,0.0,0.397809,0.305999,0.000629,0.0,0.0,0.0,0.293051,0.497146,0.0,0.110129,0.0,0.308929,0.0,0.282518,0.0,0.568467,0.0,0.0,0.0,0.0,0.0,0.000878,0.039096,0.0,0.0,0.259101,0.0,0.0,0.0,0.0,0.376231,0.002424,0.0,0.0,0.003425,0.0,0.029902,0.012919,0.464441,0.284727,0.0,0.76236,0.267041,0.0,0.0,0.0,0.171647,0.014976,0.0,0.0,0.205197,0.0,0.101934,0.250037,0.0,0.01522,0.237237,0.0,0.0,0.0,1e-06,0.0,0.0,0.309725,0.0,0.0,0.0,0.051189,0.0,0.29583,0.01197,0.287491,0.0,0.0,0.13762,0.011333,0.290744,0.023944,0.0,0.250416,0.0,0.0,0.271491,0.006554,0.025034,0.0
TCGA-64-1680,0.111861,0.0,0.0,0.0,0.0,0.084058,0.19765,0.098795,0.250422,0.085043,0.077884,0.0,1e-06,0.0,0.0,0.091903,0.0,0.257521,0.0,0.0,0.230389,0.0,0.0,0.0,0.0,0.0,0.0,0.0,0.0,0.078704,3e-06,0.0,0.084354,1.192857,0.094464,0.239989,0.20136,0.0,0.0,0.0,0.0,0.263338,0.0,0.099824,0.0,0.323479,0.107051,0.0,0.0,0.236779,0.0,0.248719,0.0,1.104703,0.0,0.446255,0.089812,0.0,0.0,0.088477,0.0,0.0,0.0,0.040759,0.161482,0.269782,0.081886,0.0,0.763855,0.0,0.0,0.0,0.423946,0.087129,0.0,0.0,0.0,0.0,0.0,0.0,0.0,1.071774,0.064657,0.0,0.0,0.060534,0.0,0.0,0.075105,0.111428,0.095151,0.0,0.000139,0.0,0.744774,0.0,0.0,0.0,0.0,0.094493,0.0,0.0,0.089883,0.093413,0.0,0.0,0.0,0.502592,0.067267,0.210091,0.089362,0.0,0.2387,0.0,0.306487,0.0,0.0,0.807717,0.101009,0.315903,0.48989,0.0,0.0,0.0,0.0,0.0,0.258724,0.50007,0.093627,0.0,0.0,0.070759,0.0,0.257349,0.396411,0.0,0.392783,0.084356,0.060081,1e-06,0.295521,0.065825,0.229553,0.305841,0.318699,0.0,0.0,0.423884,0.0,0.0,4.2e-05,0.26376,0.396516,0.177749,3.2e-05,0.06796,0.0,0.05195,0.059998,1e-06,0.747661,0.0,2e-06,0.0,0.0,0.003155,0.0,0.0,0.0,0.78401,0.0,0.0,0.098194,0.0,0.0,0.0,0.0,0.0,0.0,1.052169,0.058856,0.0,0.0,0.0,0.0,0.078899,0.3492,0.081433,0.0,0.0,0.0,0.0,0.290284,0.0,0.0,0.292456,0.056627,0.277173,0.225968,0.0,7e-06,0.0,2.796804,0.088744,0.0,0.0,0.258622,1.784949,0.0,0.102313,0.0,0.0,0.0,0.0,6.7e-05,0.094363,0.0,1.227527,0.0,0.0,0.0,0.0,0.0,0.083667,0.090451,0.0,0.368138,0.502855,0.0,0.0,0.243324,0.0,0.103347,1.2e-05,0.0,0.050768,0.081801,0.078327,0.077238,0.0,0.186529,0.0,0.0,0.0,0.0,0.370842,0.332038,0.0,0.070073,0.080836,0.608596,0.0,0.101373,0.005928,1.457411,0.208716,0.0,0.08736,0.352341,0.0,0.0,0.136034,0.0,0.0,5.5e-05,0.0,0.0,1.6e-05,0.088292,0.076308,0.0,0.097461,0.084996,0.253632,0.252092,0.092358,0.0,0.063678,0.0,0.0,0.236587,0.257774,0.109154,0.094832,0.0,0.0,0.0,0.0,0.077476,0.088365,0.077807,0.084232,0.0,0.0,0.0,0.085328,0.0,0.0,0.017473,0.259536,0.0,0.227322,0.229269,0.165003,0.0,0.294139,0.0,0.0,0.013614,0.082664,0.0,0.372214,2e-06,0.0,0.414576,0.0,0.0,0.0,0.0,0.092697,0.0,0.074981,0.096167,0.739399,0.0,0.0,0.087007,0.076568,0.0,0.210703,0.148315,0.310963,0.516996,0.0,0.0,0.106109,0.074057,0.0,0.0,0.0,0.785062,0.096284,0.0,0.0,0.0,0.0,0.0,0.070155,0.082584,0.333111,0.0,0.0,0.0,0.0,0.080076,0.086498,0.0,0.298576,0.0,0.0,0.0,0.0,0.0,0.0,0.384851,0.0,0.097107,0.0,0.753733,0.0,0.0,0.294664,0.0,0.096088,0.0,0.386796,1.2e-05,0.0,0.0,0.0,0.102371,0.068205,0.0,0.063706,0.084435,0.217776,0.000362,0.0,0.593674,0.0,0.286351,0.071991,0.0,0.0,0.0,0.208628,0.220162,0.0,0.0,0.178071,0.0,0.084708,0.288415,0.431554,0.042734,0.0,0.078606,0.0,0.0,1.208509,0.295624,0.095866,0.095013,0.2661,0.081297,0.54865,0.274368,0.469684,0.317157,0.103277,0.251738,0.0,0.0,0.0,0.0,0.0,0.094476,0.128372,0.051728,0.0,0.0,0.0,0.120877,1.015783,0.0,0.538938,0.0,0.272945,0.0,0.090384,0.0,1.080616,0.0,0.0,0.0,0.0,0.0,5e-06,0.257332,0.0,0.0,0.120981,0.0,0.0,0.0,0.0,0.588034,0.11015,0.0,0.0,0.147896,0.0,0.322753,0.228246,0.875328,0.090152,0.0,1.363178,0.082728,0.0,0.0,0.0,0.743283,0.262768,0.0,0.0,0.226705,0.0,0.329903,0.074122,0.0,0.25554,0.060124,0.0,0.0,0.0,2.8e-05,0.0,0.0,0.073017,0.0,0.0,0.0,0.380953,0.0,0.055354,0.24521,0.097355,0.0,0.0,0.051377,0.223457,0.197725,0.311048,0.0,0.094783,0.0,0.0,0.06893,0.150456,0.301546,0.0
TCGA-69-7760,0.206119,0.0,0.0,0.0,0.0,0.140595,0.132083,0.176243,0.188786,0.16207,0.132647,0.0,0.0,0.0,0.0,0.177842,0.0,0.238601,0.0,0.0,0.159387,0.0,0.0,0.0,0.0,0.0,0.0,0.0,0.0,0.138943,0.0,0.0,0.154628,1.010255,0.113267,0.172909,0.138233,0.0,0.0,0.0,0.0,0.187308,0.0,0.154783,0.0,0.229758,0.08727,0.0,0.0,0.156676,0.0,0.233395,0.0,1.003253,0.0,0.315395,0.137555,0.0,0.0,0.135733,1e-06,1e-06,0.0,0.072297,0.190282,0.190171,0.132707,0.0,0.627716,0.0,0.0,0.0,0.335078,0.129966,0.0,0.0,0.0,0.0,0.0,0.0,0.0,0.92676,0.113653,0.0,0.0,0.087841,0.0,0.0,0.12225,0.135766,0.123742,0.0,0.000563,0.0,0.624027,0.0,0.0,0.0,0.0,0.132257,0.0,0.0,0.175551,0.166785,0.0,0.0,0.0,0.447376,0.135787,0.158317,0.107387,0.0,0.167793,0.0,0.216175,0.0,0.0,0.692406,0.183961,0.237551,0.376234,0.0,1e-06,0.0,0.0,1.3e-05,0.212285,0.427465,0.178047,0.0,2e-06,0.130397,0.0,0.170846,0.265745,0.0,0.302197,0.067792,0.073942,0.0,0.207213,0.076105,0.180298,0.214211,0.223171,0.0,0.0,0.338391,0.0,0.0,1e-06,0.185813,0.289482,0.127847,1.6e-05,0.110967,0.0,0.068323,0.113694,0.0,0.625431,0.0,0.0,0.0,0.0,0.004973,0.0,0.0,0.0,0.633299,0.0,0.0,0.118108,0.0,0.0,0.0,0.0,0.0,0.0,0.911862,0.093066,0.0,0.0,0.0,0.0,0.125365,0.237045,0.13859,0.0,0.0,0.0,0.0,0.206761,0.0,0.0,0.20738,0.108387,0.268537,0.168076,0.0,5e-06,0.0,2.564093,0.11333,0.0,0.0,0.202338,1.624062,0.0,0.059378,0.0,0.0,0.0,0.0,3.9e-05,0.055379,0.0,1.060373,0.0,0.0,0.0,0.0,1e-06,0.129287,0.127179,0.0,0.260877,0.349712,0.0,0.0,0.161452,0.0,0.166781,0.000115,0.0,0.069124,0.142786,0.134965,0.124462,0.0,0.12895,0.0,0.0,0.0,0.0,0.299613,0.251276,0.0,0.116362,0.11922,0.481418,0.0,0.13681,0.009003,1.275042,0.145816,0.0,0.118021,0.253852,0.0,0.0,0.179135,0.0,0.0,0.000103,0.0,0.0,9e-06,0.161179,0.115242,0.0,0.155079,0.15083,0.180445,0.168569,0.083053,0.0,0.133536,0.0,0.0,0.17118,0.183991,0.145732,0.148972,0.0,0.0,5e-06,0.0,0.120721,0.136399,0.117848,0.119155,0.0,0.0,0.0,0.146545,0.0,0.0,0.016117,0.183613,0.0,0.149908,0.165491,0.151832,0.0,0.25675,0.0,0.0,0.014551,0.090894,0.0,0.3169,0.0,0.0,0.330419,0.0,0.0,0.0,0.0,0.124968,0.0,0.118447,0.142444,0.613403,0.0,0.0,0.136033,0.092677,0.0,0.163224,0.098655,0.33355,0.423328,0.0,0.0,0.177488,0.118459,0.0,0.0,0.0,0.668892,0.116973,0.0,0.0,0.0,0.0,0.0,0.120423,0.126597,0.236078,0.0,0.0,0.0,0.0,0.139492,0.151296,0.0,0.22094,0.0,0.0,0.0,0.0,0.0,0.0,0.287635,0.0,0.162677,0.0,0.66893,0.0,0.0,0.198917,0.0,0.14605,0.0,0.258769,2e-05,0.0,0.0,0.0,0.181116,0.121904,0.0,0.102987,0.127701,0.160898,3.1e-05,0.0,0.490348,0.0,0.207465,0.139176,1e-06,0.0,0.0,0.150292,0.160858,0.0,0.0,0.199878,0.0,0.147324,0.204131,0.301117,0.014819,0.0,0.138065,0.0,0.0,1.055977,0.309561,0.06818,0.138965,0.192873,0.130896,0.429983,0.185112,0.399519,0.299001,0.141926,0.183578,0.0,0.0,0.0,0.0,0.0,0.187507,0.172588,0.030465,0.0,0.0,0.0,0.16449,0.854993,0.0,0.416783,0.0,0.26891,0.0,0.131426,0.0,0.922617,0.0,0.0,0.0,0.0,0.0,4.7e-05,0.202272,0.0,0.0,0.150797,0.0,0.0,0.0,0.0,0.519101,0.066534,0.0,0.0,0.093706,0.0,0.231728,0.168204,0.767847,0.138504,0.0,1.176292,0.139993,0.0,0.0,0.0,0.558179,0.186188,0.0,0.0,0.20531,0.0,0.280116,0.107472,0.0,0.17013,0.114143,0.0,0.0,0.0,2e-06,0.0,0.0,0.141878,0.0,0.0,0.0,0.276377,0.0,0.12207,0.183035,0.131441,0.0,0.0,0.059469,0.159949,0.217484,0.229505,0.0,0.125914,0.0,0.0,0.134792,0.104834,0.218036,0.0
TCGA-69-8453,0.244974,0.0,0.0,0.0,0.0,0.17439,0.104626,0.229718,0.143244,0.201803,0.159803,0.0,0.0,0.0,0.0,0.197098,0.0,0.235191,0.0,0.0,0.118337,0.0,0.0,0.0,0.0,0.0,0.0,0.0,0.0,0.167804,0.0,0.0,0.183839,0.915593,0.100207,0.125603,0.09691,2e-06,0.0,0.0,0.0,0.131276,0.0,0.184121,0.0,0.199417,0.09131,0.0,0.0,0.123852,0.0,0.237831,0.0,0.9162,0.0,0.241854,0.173359,0.0,0.0,0.160542,0.0,3e-06,0.0,0.108913,0.217904,0.140586,0.178151,0.0,0.570246,0.0,0.0,0.0,0.27,0.169463,0.0,0.0,0.0,0.0,0.0,0.0,0.0,0.844019,0.142888,0.0,0.0,0.124643,0.0,0.0,0.157549,0.161767,0.165412,0.0,6.9e-05,0.0,0.538599,0.0,0.0,0.0,0.0,0.186271,0.0,0.0,0.194055,0.198706,0.0,0.0,0.0,0.418091,0.178237,0.112846,0.132245,0.0,0.118049,0.0,0.158096,0.0,0.0,0.625742,0.222166,0.203278,0.316119,0.0,2e-06,0.0,0.0,1e-06,0.158889,0.394573,0.208077,0.0,0.0,0.167215,0.0,0.119402,0.204469,0.0,0.251356,0.046312,0.086239,0.0,0.155516,0.104946,0.133408,0.169003,0.158107,0.0,0.0,0.280012,0.0,0.0,5.5e-05,0.14698,0.229509,0.08914,3.7e-05,0.125128,0.0,0.09208,0.137735,1e-06,0.543429,0.0,1e-06,0.0,0.0,0.001015,0.0,0.0,0.0,0.569064,0.0,7e-06,0.150303,0.0,0.0,0.0,0.0,0.0,0.0,0.818352,0.135842,0.0,0.0,0.0,0.0,0.152387,0.202486,0.168771,0.0,0.0,0.0,0.0,0.157754,0.0,0.0,0.157766,0.145735,0.262652,0.115022,0.0,0.00026,0.0,2.408206,0.138968,0.0,0.0,0.159806,1.510774,0.0,0.035112,0.0,0.0,0.0,0.0,6.9e-05,0.080391,0.0,0.967866,0.0,0.0,0.0,0.0,2e-06,0.167788,0.156303,0.0,0.21873,0.284251,0.0,0.0,0.138676,0.0,0.206991,8e-05,0.0,0.094889,0.196122,0.181192,0.166329,0.0,0.081494,0.0,0.0,0.0,0.0,0.232799,0.222761,0.0,0.151418,0.148563,0.410786,0.0,0.161517,0.023343,1.153995,0.096922,0.0,0.151897,0.191404,0.0,0.0,0.207233,0.0,0.0,0.000495,0.0,0.0,2.9e-05,0.19204,0.141386,0.0,0.199871,0.183589,0.133271,0.12118,0.069068,0.0,0.159916,0.0,0.0,0.127959,0.135578,0.183757,0.171632,0.0,0.0,2e-06,0.0,0.143089,0.184622,0.150431,0.141211,0.0,0.0,0.0,0.184819,0.0,0.0,0.042,0.134333,0.0,0.118421,0.125915,0.146779,0.0,0.215777,0.0,0.0,0.003654,0.1166,0.0,0.295407,0.000134,0.0,0.27089,0.0,0.0,0.0,0.0,0.144786,0.0,0.150183,0.179361,0.547639,0.0,0.0,0.165809,0.123854,0.0,0.120758,0.059256,0.313967,0.358687,0.0,0.0,0.220468,0.15496,0.0,0.0,0.0,0.600695,0.151719,0.0,0.0,0.0,0.0,0.0,0.158816,0.166129,0.179607,0.0,0.0,0.0,0.0,0.176817,0.1816,0.0,0.171007,0.0,0.0,0.0,0.0,0.0,0.0,0.231501,0.0,0.187846,0.0,0.624087,0.0,0.0,0.153618,0.0,0.186797,0.0,0.211415,5.1e-05,0.0,0.0,0.0,0.215189,0.163543,0.0,0.133895,0.170092,0.093302,5.4e-05,0.0,0.416226,0.0,0.145454,0.180206,0.0,0.0,0.0,0.104342,0.123466,0.0,0.0,0.234053,0.0,0.167493,0.171891,0.235525,0.030607,0.0,0.182087,0.0,0.0,0.95116,0.300247,0.031866,0.168993,0.14613,0.167668,0.359897,0.135893,0.344974,0.308529,0.191475,0.128814,0.0,1e-06,0.0,0.0,0.0,0.211256,0.204797,0.010497,1e-06,0.0,0.0,0.186964,0.767749,0.0,0.342971,0.0,0.277301,0.0,0.167625,0.0,0.833151,0.0,0.0,0.0,0.0,0.0,3.6e-05,0.159974,0.0,0.0,0.172026,0.0,0.0,0.0,0.0,0.487437,0.042242,0.0,0.0,0.06464,0.0,0.179969,0.124071,0.687225,0.158944,0.0,1.070541,0.160964,0.0,0.0,0.0,0.474045,0.138898,0.0,0.0,0.209549,0.0,0.214942,0.146396,0.0,0.12925,0.140964,0.0,0.0,0.0,9e-05,0.0,0.0,0.166169,0.0,0.0,0.0,0.229212,0.0,0.142224,0.122945,0.168828,0.0,0.0,0.077902,0.114938,0.237031,0.178372,0.0,0.156057,0.0,0.0,0.16045,0.068568,0.163263,0.0
TCGA-69-A59K,0.178121,0.0,0.0,0.0,0.0,0.142925,0.134167,0.175385,0.182041,0.152691,0.123587,0.0,0.0,0.0,0.0,0.148572,0.0,0.228261,0.0,0.0,0.155026,0.0,0.0,0.0,0.0,0.0,0.0,0.0,0.0,0.132859,0.0,0.0,0.144707,0.979243,0.08049,0.158699,0.128357,5.5e-05,0.0,0.0,0.0,0.168014,0.0,0.133696,0.0,0.228072,0.082502,0.0,0.0,0.160943,0.0,0.231875,0.0,0.9257,0.0,0.29925,0.143352,0.0,1e-06,0.119195,0.0,2e-06,0.0,0.099136,0.211738,0.166529,0.144151,0.0,0.62242,0.0,0.0,0.0,0.313235,0.135131,0.0,0.0,0.0,0.0,0.0,0.0,0.0,0.886337,0.116671,0.0,0.0,0.106087,0.0,0.0,0.130706,0.138398,0.144543,0.0,0.00136,0.0,0.589196,0.0,0.0,0.0,0.0,0.15115,0.0,0.0,0.136232,0.152062,0.0,0.0,0.0,0.432242,0.1495,0.141527,0.123451,0.0,0.157416,0.0,0.197967,0.0,0.0,0.68753,0.162203,0.233654,0.372519,0.0,3e-06,0.0,0.0,0.0,0.184077,0.407708,0.149676,0.0,1.8e-05,0.143668,0.0,0.162796,0.251092,0.0,0.293919,0.041924,0.096445,0.0,0.192088,0.099275,0.157276,0.209601,0.200548,0.0,0.0,0.326253,0.0,0.0,3.3e-05,0.183981,0.276829,0.116444,0.001232,0.10232,0.0,0.077815,0.111836,0.0,0.592083,0.0,1e-06,0.0,0.0,0.01242,0.0,0.0,0.0,0.626286,0.0,2e-06,0.118275,0.0,0.0,0.0,0.0,0.0,0.0,0.867808,0.107755,0.0,0.0,0.0,0.0,0.115505,0.230817,0.135902,0.0,0.0,0.0,0.0,0.192282,0.0,0.0,0.198653,0.128909,0.244679,0.15076,0.0,3.2e-05,0.0,2.434854,0.132422,0.0,0.0,0.180763,1.525492,0.0,0.066897,0.0,0.0,0.0,0.0,0.002088,0.07453,0.0,1.026364,0.0,0.0,0.0,0.0,0.0,0.135296,0.126456,0.0,0.262012,0.351832,0.0,0.0,0.157697,0.0,0.151217,8.9e-05,0.0,0.092438,0.150422,0.148442,0.137473,0.0,0.119695,0.0,0.0,0.0,0.0,0.261511,0.24592,0.0,0.126817,0.121599,0.469884,0.0,0.141192,0.02221,1.220001,0.126173,0.0,0.121978,0.252179,0.0,0.0,0.182535,0.0,0.0,3e-06,0.0,0.0,0.001214,0.147234,0.114759,0.0,0.158438,0.14976,0.169261,0.15728,0.066682,0.0,0.115242,0.0,0.0,0.161171,0.176266,0.152896,0.138472,0.0,0.0,0.0,0.0,0.118855,0.150135,0.120715,0.10892,0.0,0.0,0.0,0.150578,0.0,0.0,0.057717,0.17226,0.0,0.153011,0.151228,0.142933,0.0,0.21422,0.0,0.0,0.013068,0.095121,0.0,0.294051,5e-06,0.0,0.303806,0.0,0.0,0.0,0.0,0.12511,0.0,0.117808,0.139071,0.583243,0.0,0.0,0.136055,0.110504,0.0,0.147338,0.092678,0.327844,0.391414,0.0,0.0,0.16089,0.122544,0.0,0.0,0.0,0.653535,0.131166,9e-06,0.0,0.0,0.0,0.0,0.125816,0.128112,0.228297,0.0,0.0,0.0,0.0,0.143014,0.135489,0.0,0.208103,0.0,0.0,0.0,0.0,0.0,0.0,0.274724,0.0,0.146922,0.0,0.63066,0.0,0.0,0.188843,0.0,0.14838,0.0,0.249561,0.000154,0.0,0.0,0.0,0.162951,0.131769,0.0,0.117232,0.130029,0.132599,0.001038,0.0,0.458316,0.0,0.182505,0.143027,5e-06,0.0,0.0,0.137603,0.151755,0.0,0.0,0.21449,0.0,0.135589,0.203766,0.286172,0.030489,0.0,0.143178,0.0,0.0,0.982309,0.287393,0.038229,0.145498,0.177797,0.137163,0.418087,0.175072,0.390616,0.326607,0.153552,0.159698,0.0,3e-06,0.0,0.0,0.0,0.154037,0.179419,0.027766,0.0,0.0,0.0,0.148333,0.842159,0.0,0.403203,0.0,0.262999,0.0,0.130969,0.0,0.892195,0.0,0.0,0.0,0.0,0.0,3.5e-05,0.179752,0.0,0.0,0.139975,0.0,0.0,0.0,0.0,0.490695,0.072047,0.0,0.0,0.081795,0.0,0.214879,0.147049,0.704676,0.126886,0.0,1.127484,0.119734,0.0,0.0,0.0,0.552743,0.171984,0.0,0.0,0.221156,0.0,0.253696,0.115195,0.0,0.165399,0.110223,0.0,0.0,0.0,6.2e-05,0.0,0.0,0.127205,0.0,0.0,0.0,0.277658,0.0,0.100757,0.159578,0.148645,0.0,0.0,0.064195,0.15331,0.224328,0.213532,0.0,0.124815,0.0,0.0,0.119621,0.093847,0.206498,0.0
TCGA-70-6722,0.264616,0.0,0.0,0.0,0.0,0.210946,0.061154,0.257008,0.087017,0.233696,0.202895,0.0,0.0,0.0,0.0,0.213501,0.0,0.226953,0.0,0.0,0.076196,0.0,0.0,0.0,0.0,0.0,0.0,0.0,0.0,0.199709,5e-06,0.0,0.204034,0.833979,0.121914,0.087422,0.054504,0.0,0.0,0.0,0.0,0.091829,0.0,0.206939,0.0,0.159914,0.086759,0.0,0.0,0.07856,0.0,0.250212,0.0,0.837815,0.0,0.180821,0.197752,0.0,0.0,0.179671,0.0,7e-06,0.0,0.125722,0.245592,0.108033,0.200825,0.0,0.510762,0.0,0.0,0.0,0.227129,0.196176,0.0,0.0,0.0,0.0,0.0,0.0,0.0,0.762838,0.167979,0.0,0.0,0.166833,0.0,0.0,0.19305,0.185606,0.188204,0.0,4.1e-05,0.0,0.481921,0.0,0.0,0.0,0.0,0.215665,1.1e-05,0.0,0.237705,0.218022,0.0,0.0,0.0,0.40344,0.203609,0.070901,0.147365,0.0,0.079259,0.0,0.109773,0.0,0.0,0.580579,0.268269,0.136221,0.269609,0.0,4.8e-05,0.0,0.0,0.0,0.109863,0.360818,0.239474,1e-06,0.0,0.197678,0.0,0.082932,0.152637,0.0,0.206824,0.02564,0.112546,0.0,0.106526,0.143565,0.085682,0.129699,0.101918,0.0,0.0,0.239732,0.0,0.0,2.8e-05,0.09334,0.173979,0.05875,0.0,0.151739,0.0,0.116904,0.151733,0.0,0.468267,0.0,1e-06,0.0,0.0,0.000834,0.0,0.0,0.0,0.510569,0.0,0.0,0.161255,0.0,0.0,0.0,0.0,0.0,0.0,0.746625,0.170976,0.0,0.0,0.0,0.0,0.184853,0.154589,0.192039,0.0,0.0,0.0,0.0,0.101674,0.0,0.0,0.104524,0.158741,0.256872,0.078703,0.0,0.001482,0.0,2.273976,0.162757,0.0,0.0,0.107861,1.397786,0.0,0.018945,0.0,0.0,0.0,0.0,1e-06,0.086633,0.0,0.89147,0.0,0.0,0.0,0.0,0.0,0.178612,0.174885,0.0,0.179065,0.223991,0.0,0.0,0.108079,0.0,0.227984,0.001549,0.0,0.137631,0.231437,0.21573,0.184208,0.0,0.061569,0.0,0.0,0.0,0.0,0.190322,0.196749,0.0,0.171624,0.172385,0.362375,0.0,0.181976,0.025223,1.065973,0.054813,0.0,0.172899,0.14004,0.0,0.0,0.229156,0.0,0.0,0.0,0.0,0.0,0.0,0.211253,0.160604,0.0,0.216434,0.209142,0.09249,0.074914,0.080781,0.0,0.187342,0.0,0.0,0.076933,0.07962,0.214309,0.197595,0.0,0.0,1e-06,0.0,0.187056,0.226289,0.186437,0.18057,0.0,0.0,0.0,0.228176,0.0,0.0,0.083031,0.089733,0.0,0.080077,0.08487,0.150842,0.0,0.193032,0.0,0.0,0.003154,0.131443,0.0,0.278796,0.0,0.0,0.218119,0.0,0.0,0.0,0.0,0.179973,0.0,0.164485,0.206438,0.496254,0.0,0.0,0.206268,0.157951,0.0,0.075905,0.037855,0.306414,0.303443,0.0,0.0,0.234099,0.180978,0.0,0.0,0.0,0.529832,0.172182,0.0,0.0,0.0,0.0,0.0,0.19504,0.181489,0.128726,0.0,0.0,0.0,0.0,0.202749,0.210825,0.0,0.121177,0.0,0.0,0.0,0.0,0.0,0.0,0.184812,0.0,0.219377,4e-06,0.560273,0.0,0.0,0.115551,0.0,0.233339,0.0,0.162184,2e-06,0.0,0.0,0.0,0.246908,0.198115,0.0,0.179068,0.189114,0.074063,2e-06,0.0,0.357326,0.0,0.101298,0.194872,0.0,0.0,0.0,0.079348,0.081158,0.0,0.0,0.252459,0.0,0.209664,0.10191,0.171718,0.031066,0.0,0.204966,0.0,0.0,0.881315,0.289769,0.01324,0.187154,0.104549,0.192821,0.304115,0.099964,0.305776,0.322563,0.216621,0.082556,0.0,0.0,0.0,0.0,0.0,0.237296,0.241119,0.005872,0.0,0.0,0.0,0.208659,0.699195,0.0,0.310475,0.0,0.295504,0.0,0.190318,0.0,0.774234,0.0,0.0,0.0,0.0,0.0,5.4e-05,0.120179,0.0,0.0,0.203189,0.0,0.0,0.0,0.0,0.473084,0.022383,0.0,0.0,0.037783,0.0,0.116406,0.066874,0.596736,0.192443,0.0,0.985085,0.192251,0.0,0.0,0.0,0.406225,0.095429,0.0,0.0,0.227675,0.0,0.180652,0.182302,0.0,0.080088,0.167484,0.0,0.0,0.0,8.2e-05,0.0,0.0,0.183528,0.0,0.0,0.0,0.186734,0.0,0.180831,0.081422,0.207732,0.0,0.0,0.099002,0.082955,0.244539,0.120693,0.0,0.188371,0.0,0.0,0.187636,0.042613,0.113803,0.0
TCGA-70-6723,0.375221,0.0,0.0,0.0,0.0,0.256148,0.014869,0.331358,0.049489,0.310774,0.250367,0.0,0.0,0.0,0.0,0.331338,0.0,0.194408,0.0,0.0,0.02568,0.0,0.0,0.0,0.0,0.0,0.0,0.0,0.0,0.259833,0.0,0.0,0.270951,0.649013,0.132466,0.033159,0.02121,0.0,0.0,0.0,0.0,0.040805,0.0,0.267254,0.0,0.044828,0.063265,0.0,0.0,0.027158,0.0,0.229126,0.0,0.751381,0.0,0.064502,0.234877,0.0,0.0,0.214665,0.0,0.0,0.0,0.151036,0.25035,0.029466,0.228538,0.0,0.358956,0.0,0.0,0.0,0.149629,0.245083,0.0,0.0,0.0,0.0,0.0,0.0,0.0,0.608517,0.204811,0.0,0.0,0.17396,0.0,0.0,0.223458,0.200442,0.212608,0.0,7.5e-05,0.0,0.356082,0.0,0.0,0.0,0.0,0.221855,0.0,0.0,0.337605,0.320216,0.0,0.0,0.0,0.327485,0.276005,0.025702,0.17134,0.0,0.02569,0.0,0.035109,0.0,0.0,0.437679,0.34856,0.067244,0.146342,0.0,1e-06,0.0,0.0,0.0,0.074576,0.266092,0.342347,0.0,0.0,0.258596,0.0,0.026585,0.041993,0.0,0.119031,0.028103,0.123213,0.0,0.039367,0.104141,0.063807,0.049151,0.030817,0.0,0.0,0.149265,0.0,0.0,5e-06,0.03431,0.073253,0.022665,0.0,0.190877,0.0,0.138628,0.211861,0.0,0.343142,0.0,7e-06,0.0,0.0,0.000797,0.0,0.0,0.0,0.342124,0.0,0.0,0.171113,0.0,0.0,0.0,0.0,0.0,0.0,0.586441,0.180592,0.0,0.0,0.0,0.0,0.232923,0.031163,0.251441,0.0,0.0,0.0,0.0,0.035923,0.0,0.0,0.033579,0.196227,0.21744,0.034072,0.0,7.6e-05,0.0,1.991298,0.177498,0.0,4e-06,0.072913,1.205044,0.0,0.003671,0.0,0.0,0.0,0.0,0.0,0.014129,0.0,0.714714,0.0,0.0,0.0,0.0,0.0,0.240927,0.230155,0.0,0.057185,0.065798,0.0,0.0,0.018397,0.0,0.319723,0.002561,0.0,0.137037,0.269594,0.24981,0.222509,0.0,0.023525,0.0,0.0,0.0,0.0,0.136449,0.086203,0.0,0.208911,0.207237,0.230434,0.0,0.233501,0.034825,0.879446,0.013067,0.0,0.201924,0.055428,0.0,0.0,0.257775,0.0,0.0,0.000111,0.0,0.0,0.0,0.281384,0.195569,0.0,0.268049,0.296426,0.03264,0.019008,0.063672,0.0,0.26734,0.0,0.0,0.026803,0.025536,0.242538,0.25838,0.0,0.0,0.0,0.0,0.236429,0.242101,0.218797,0.199881,0.0,0.0,0.0,0.29869,0.0,0.0,0.054814,0.031509,0.0,0.017614,0.027464,0.1274,0.0,0.140554,0.0,0.0,0.007479,0.125129,0.0,0.17853,0.0,0.0,0.140175,0.0,0.0,0.0,0.0,0.195308,0.0,0.216878,0.242325,0.34352,0.0,0.0,0.257699,0.146302,0.0,0.037442,0.011519,0.340531,0.21853,0.0,0.0,0.311342,0.214376,0.0,0.0,0.0,0.40272,0.189822,0.0,0.0,0.0,0.0,0.0,0.234233,0.225649,0.049047,0.0,0.0,0.0,0.0,0.240386,0.265609,0.0,0.04649,0.0,0.0,0.0,0.0,0.0,0.0,0.077521,0.0,0.297048,0.0,0.444896,0.0,0.0,0.02909,0.0,0.271129,0.0,0.037367,1e-06,0.0,0.0,0.0,0.328507,0.246253,0.0,0.196108,0.233252,0.051568,2e-06,0.0,0.256887,0.0,0.035126,0.262906,0.0,0.0,0.0,0.025825,0.020875,0.0,0.0,0.275733,0.0,0.256567,0.031538,0.054237,0.003891,0.0,0.247606,0.0,0.0,0.711162,0.301131,0.007725,0.231507,0.039289,0.243863,0.18891,0.027813,0.230767,0.286959,0.24841,0.035048,0.0,0.0,0.0,0.0,0.0,0.353254,0.26443,0.001731,0.0,0.0,0.0,0.248143,0.526455,0.0,0.163425,0.0,0.272471,0.0,0.23233,0.0,0.59734,0.0,0.0,0.0,0.0,0.0,2.2e-05,0.081624,0.0,0.0,0.231248,0.0,0.0,0.0,0.0,0.367147,0.004334,0.0,0.0,0.005174,0.0,0.039202,0.030283,0.486379,0.247777,0.0,0.782692,0.23915,0.0,0.0,0.0,0.192781,0.038236,0.0,0.0,0.178767,0.0,0.143136,0.203539,0.0,0.032911,0.211933,0.0,0.0,0.0,2e-06,0.0,6e-06,0.270297,0.0,0.0,0.0,0.091731,0.0,0.275815,0.029508,0.247291,0.0,0.0,0.122989,0.030287,0.25742,0.045802,0.0,0.211427,0.0,0.0,0.259266,0.012883,0.037936,0.0
TCGA-71-8520,0.155656,0.0,0.0,0.0,0.0,0.135993,0.15351,0.160851,0.176376,0.133001,0.121439,1.2e-05,1e-06,0.0,0.0,0.128776,0.0,0.233141,0.0,0.0,0.170066,0.0,0.0,0.0,0.0,0.0,0.0,0.0,0.0,0.111179,7e-06,0.0,0.123119,1.018161,0.099171,0.172434,0.134951,0.000113,0.0,0.0,0.0,0.18571,0.0,0.1307,0.0,0.252188,0.089252,0.0,0.0,0.179622,0.0,0.238791,0.0,0.959446,0.0,0.329582,0.127939,0.0,1e-06,0.111471,2e-06,2e-06,0.0,0.074185,0.195522,0.192619,0.123648,0.0,0.642666,0.0,0.0,0.0,0.328425,0.127873,0.0,0.0,0.0,0.0,0.0,0.0,0.0,0.923328,0.100783,0.0,0.0,0.103341,0.0,0.0,0.121518,0.136255,0.130548,0.0,0.000453,0.0,0.607914,0.0,0.0,0.0,0.0,0.151781,0.0,0.0,0.127371,0.125205,0.0,0.0,0.0,0.448732,0.120396,0.145949,0.107472,0.0,0.171158,0.0,0.217271,0.0,0.0,0.702723,0.156358,0.235108,0.401145,0.0,2e-06,0.0,0.0,1e-06,0.186211,0.426519,0.134504,0.0,8e-06,0.12305,0.0,0.170834,0.286586,0.0,0.304427,0.053169,0.076971,0.0,0.204496,0.098357,0.158721,0.224367,0.218044,0.0,0.0,0.337628,0.0,0.0,4.1e-05,0.194207,0.298808,0.127406,4e-05,0.09645,0.0,0.075659,0.086263,0.0,0.615842,0.0,6.7e-05,0.0,0.0,0.005344,0.0,0.0,0.0,0.648623,0.0,0.0,0.122116,0.0,0.0,0.0,0.0,0.0,0.0,0.908526,0.098936,0.0,0.0,0.0,0.0,0.114944,0.261238,0.11527,0.0,0.0,0.0,0.0,0.207231,7.3e-05,0.0,0.220553,0.106671,0.26062,0.156181,0.0,0.000195,0.0,2.509139,0.111474,0.0,0.0,0.181084,1.576093,0.0,0.074377,0.0,0.0,0.0,0.0,8.4e-05,0.087817,0.0,1.056686,0.0,0.0,0.0,0.0,2e-06,0.122874,0.113998,0.0,0.291823,0.385331,0.0,0.0,0.187559,0.0,0.141428,0.000184,0.0,0.084414,0.1411,0.139894,0.114411,0.0,0.132342,0.0,0.0,0.0,0.0,0.271919,0.268534,0.0,0.115221,0.115508,0.48991,0.0,0.124284,0.012078,1.259023,0.130175,0.0,0.11859,0.264527,0.0,0.0,0.170785,0.0,0.0,2.6e-05,0.0,0.0,2.2e-05,0.123338,0.101187,0.0,0.142149,0.116977,0.183596,0.171034,0.083969,0.0,0.10199,0.0,0.0,0.173096,0.181977,0.141073,0.133729,0.0,0.0,1e-06,0.0,0.118505,0.148108,0.114636,0.114674,0.0,0.0,0.0,0.141059,0.0,0.0,0.054607,0.185893,0.0,0.174684,0.157907,0.149059,0.0,0.235305,0.0,0.0,0.00791,0.101633,0.0,0.316622,1.5e-05,0.0,0.330081,0.0,0.0,0.0,0.0,0.129371,0.0,0.105686,0.137068,0.610492,0.0,0.0,0.128187,0.111334,0.0,0.154178,0.097103,0.294749,0.415685,0.0,0.0,0.145967,0.112888,0.0,0.0,0.0,0.65607,0.124973,0.0,0.0,0.0,0.0,0.0,0.117018,0.120706,0.246768,0.0,0.0,0.0,0.0,0.129382,0.1317,0.0,0.224948,0.0,0.0,0.0,2e-06,0.0,0.0,0.299961,0.0,0.131147,0.0,0.65331,0.0,0.0,0.210425,0.0,0.14327,0.0,0.280092,1.9e-05,0.0,0.0,0.0,0.141547,0.117278,0.0,0.109791,0.127444,0.146894,0.000284,0.0,0.48852,0.0,0.190465,0.115978,0.0,0.0,0.0,0.155682,0.160819,0.0,0.0,0.197485,0.0,0.128293,0.214418,0.313212,0.034146,0.0,0.141923,0.0,0.0,1.034184,0.286041,0.052662,0.133756,0.192165,0.122767,0.441527,0.199118,0.400735,0.322267,0.139177,0.170917,0.0,0.0,0.0,0.0,0.0,0.136226,0.165714,0.025516,0.0,0.0,0.0,0.148619,0.872156,0.0,0.43094,0.0,0.265523,0.0,0.118688,0.0,0.926786,0.0,0.0,0.0,0.0,0.0,3.2e-05,0.19166,0.0,0.0,0.150999,0.0,0.0,0.0,0.0,0.513174,0.069666,0.0,0.0,0.096755,0.0,0.232903,0.148071,0.735057,0.121858,0.0,1.170432,0.119647,0.0,0.0,0.0,0.591289,0.183663,0.0,0.0,0.219537,0.0,0.25718,0.113956,0.0,0.178428,0.097835,0.0,0.0,0.0,7.7e-05,0.0,0.0,0.108608,0.0,3.8e-05,0.0,0.301772,0.0,0.099884,0.166565,0.145872,0.0,0.0,0.067229,0.162853,0.212476,0.227773,0.0,0.124721,0.0,0.0,0.104734,0.101038,0.215203,0.0
TCGA-73-4676,0.373284,0.0,0.0,0.0,0.0,0.227888,0.059395,0.339015,0.079513,0.284706,0.242065,0.0,0.0,0.0,0.0,0.32043,0.0,0.220735,0.0,0.0,0.067702,0.0,0.0,0.0,0.0,0.0,0.0,0.0,0.0,0.228369,6e-06,0.0,0.244998,0.747613,0.17227,0.070927,0.048037,0.0,0.0,0.0,0.0,0.079108,0.0,0.265773,0.0,0.101724,0.12176,0.0,0.0,0.064346,0.0,0.251616,0.0,0.898141,0.0,0.129402,0.231391,0.0,0.0,0.20852,0.0,2.6e-05,0.0,0.114002,0.176928,0.079919,0.212487,2.2e-05,0.429348,0.0,0.0,0.0,0.158736,0.246454,0.0,0.0,0.0,0.0,0.0,0.0,0.0,0.709989,0.173654,0.0,0.0,0.134791,0.0,0.0,0.198844,0.206111,0.214159,0.0,5.9e-05,0.0,0.421595,0.0,0.0,0.0,0.0,0.211787,0.0,0.0,0.322589,0.30125,0.0,0.0,0.0,0.348746,0.217322,0.060889,0.151262,0.0,0.067542,0.0,0.082359,0.0,0.0,0.475825,0.331294,0.10688,0.199868,0.0,1.6e-05,0.0,0.0,0.0,0.119118,0.312541,0.344846,0.0,0.0,0.240815,0.0,0.069264,0.111467,0.0,0.157411,0.077478,0.090286,0.0,0.081557,0.111388,0.112017,0.095289,0.089673,0.0,0.0,0.178431,0.0,0.0,4.9e-05,0.078469,0.120163,0.051493,0.000156,0.198315,0.0,0.126521,0.189661,0.0,0.399621,0.0,3e-06,0.0,0.0,0.003569,0.0,0.0,0.0,0.426357,0.0,0.0,0.176944,0.0,0.0,0.0,0.0,1e-06,0.0,0.684515,0.125552,0.0,0.0,0.0,0.0,0.219337,0.101131,0.217949,0.0,0.0,0.0,0.0,0.089898,0.0,0.0,0.086336,0.160277,0.268868,0.065103,0.0,0.000816,0.0,2.177312,0.135755,0.0,0.0,0.110348,1.371518,0.0,0.02656,0.0,0.0,0.0,0.0,0.000217,0.038029,0.0,0.814826,0.0,0.0,0.0,0.0,0.0,0.249677,0.213012,0.0,0.114368,0.162321,0.0,0.0,0.069158,0.0,0.330802,0.006524,0.0,0.07693,0.24197,0.236374,0.20184,0.0,0.047725,0.0,0.0,0.0,0.0,0.17985,0.123932,0.0,0.192754,0.181158,0.264163,0.0,0.233673,0.046966,1.033702,0.056156,0.0,0.203562,0.106454,0.0,0.0,0.252936,0.0,0.0,0.001018,0.0,0.0,0.000103,0.263581,0.168481,0.0,0.284282,0.282606,0.080035,0.064024,0.094041,0.0,0.240641,0.0,0.0,0.068739,0.073971,0.222672,0.274169,0.0,0.0,0.0,0.0,0.232259,0.214808,0.192215,0.193157,0.0,0.0,0.0,0.277787,0.0,0.0,0.043005,0.074916,0.0,0.066278,0.064786,0.144078,0.0,0.180288,0.0,0.0,0.002057,0.130919,0.0,0.23648,3e-05,0.0,0.197105,8e-06,1.1e-05,0.0,0.0,0.206658,0.0,0.216378,0.252884,0.416433,0.0,0.0,0.248072,0.13805,0.0,0.06487,0.034278,0.259739,0.295417,0.0,0.0,0.296147,0.214494,0.0,0.0,0.0,0.446937,0.191743,6e-06,0.0,0.0,0.0,0.0,0.203449,0.222119,0.104845,0.0,0.0,0.0,0.0,0.213812,0.24792,0.0,0.087266,0.0,1e-06,0.0,0.0,0.0,0.0,0.120651,0.0,0.300516,0.0,0.511032,0.0,0.0,0.081936,0.0,0.248385,0.0,0.103118,1.1e-05,0.0,0.0,0.0,0.304088,0.207526,0.0,0.145827,0.22204,0.069144,0.000138,0.0,0.324528,0.0,0.083651,0.231552,3e-06,0.0,0.0,0.057602,0.062237,0.0,0.0,0.269182,0.0,0.272307,0.079516,0.126135,0.012121,0.0,0.233829,0.0,0.0,0.840047,0.29564,0.053486,0.218421,0.08513,0.227596,0.273818,0.078387,0.246222,0.27917,0.219701,0.07327,0.0,3e-06,0.0,0.0,0.0,0.35419,0.250426,0.010401,2e-06,0.0,0.0,0.275426,0.606022,0.0,0.207157,0.0,0.304457,0.0,0.24693,0.0,0.675181,0.0,0.0,0.0,0.0,0.0,0.000131,0.112459,0.0,0.0,0.235209,0.0,0.0,0.0,0.0,0.423067,0.025967,0.0,0.0,0.027369,0.0,0.098939,0.059837,0.610915,0.242994,0.0,0.907245,0.217209,0.0,0.0,0.0,0.28431,0.076414,0.0,0.0,0.174979,0.0,0.180307,0.181182,0.0,0.075641,0.173465,0.0,0.0,0.0,9e-06,0.0,0.0,0.262407,0.0,0.0,0.0,0.126422,0.0,0.259422,0.061003,0.248577,0.0,0.0,0.143362,0.065051,0.247634,0.093535,0.0,0.23582,0.0,0.0,0.224841,0.038398,0.100243,0.0
TCGA-73-4677,0.31293,0.0,0.0,0.0,0.0,0.211011,0.060986,0.279171,0.084735,0.251657,0.211425,0.0,0.0,0.0,0.0,0.268101,0.0,0.222191,0.0,0.0,0.073873,0.0,0.0,0.0,0.0,0.0,0.0,0.0,0.0,0.202784,5e-06,0.0,0.218447,0.794499,0.142823,0.082706,0.060475,0.0,0.0,0.0,0.0,0.092272,0.0,0.233024,0.0,0.124887,0.096731,0.0,0.0,0.073397,0.0,0.252364,0.0,0.86699,0.0,0.160352,0.199431,0.0,0.0,0.196344,0.0,1e-06,0.0,0.103291,0.210968,0.099461,0.192893,0.0,0.470507,0.0,0.0,0.0,0.202976,0.206437,0.0,0.0,0.0,0.0,0.0,0.0,0.0,0.735599,0.164465,0.0,0.0,0.143678,0.0,0.0,0.191405,0.18603,0.180955,0.0,0.000151,0.0,0.465418,0.0,0.0,0.0,0.0,0.204982,0.0,0.0,0.267649,0.254568,0.0,0.0,0.0,0.368145,0.202532,0.07343,0.146063,0.0,0.07392,0.0,0.103478,0.0,0.0,0.535715,0.288474,0.132426,0.244704,0.0,3.8e-05,0.0,0.0,0.0,0.127758,0.343731,0.276268,0.0,0.0,0.204064,0.0,0.083188,0.129252,0.0,0.180383,0.051239,0.087406,0.0,0.091996,0.104005,0.103554,0.112863,0.102406,0.0,0.0,0.222652,0.0,0.0,5.3e-05,0.09212,0.155982,0.064265,4e-06,0.163102,0.0,0.114347,0.172594,0.0,0.450233,0.0,5e-06,0.0,0.0,0.00127,0.0,0.0,0.0,0.472032,0.0,1.1e-05,0.165353,0.0,0.0,0.0,0.0,0.0,0.0,0.72511,0.137426,0.0,0.0,0.0,0.0,0.194848,0.12757,0.206372,0.0,0.0,0.0,0.0,0.101855,0.0,0.0,0.102298,0.156805,0.253231,0.071048,0.0,9.4e-05,0.0,2.2321,0.147793,0.0,0.0,0.128293,1.394476,0.0,0.021368,0.0,0.0,0.0,0.0,7e-06,0.058652,0.0,0.861215,0.0,0.0,0.0,0.0,0.0,0.203,0.194028,0.0,0.147816,0.184752,0.0,0.0,0.087436,0.0,0.276343,0.000519,0.0,0.099205,0.227351,0.213031,0.19077,0.0,0.054705,0.0,0.0,0.0,0.0,0.195797,0.151897,0.0,0.176458,0.168557,0.329324,0.0,0.204551,0.028924,1.043979,0.062164,0.0,0.183975,0.130232,0.0,0.0,0.23022,0.0,0.0,0.000168,0.0,0.0,1e-06,0.235975,0.164099,0.0,0.238065,0.237212,0.090471,0.076203,0.082793,0.0,0.217444,0.0,0.0,0.077186,0.079698,0.207582,0.232305,0.0,0.0,0.0,0.0,0.194487,0.21523,0.183526,0.176788,0.0,0.0,0.0,0.229382,0.0,0.0,0.046856,0.087142,0.0,0.068806,0.082391,0.153503,0.0,0.202828,0.0,0.0,0.002473,0.131028,0.0,0.259012,1.4e-05,0.0,0.22386,0.0,1e-06,0.0,0.0,0.179495,0.0,0.183338,0.213942,0.463967,0.0,0.0,0.208324,0.137149,0.0,0.075392,0.040573,0.287488,0.307576,0.0,0.0,0.256986,0.183991,0.0,0.0,0.0,0.504319,0.176409,0.0,0.0,0.0,0.0,0.0,0.190774,0.187984,0.118744,0.0,0.0,0.0,0.0,0.202666,0.223616,0.0,0.109406,0.0,0.0,0.0,0.0,0.0,0.0,0.149628,0.0,0.248535,0.0,0.546568,0.0,0.0,0.093031,0.0,0.224595,0.0,0.13033,2.6e-05,0.0,0.0,0.0,0.270351,0.194896,0.0,0.158674,0.199183,0.07331,9e-06,0.0,0.343657,0.0,0.098502,0.20625,0.0,0.0,0.0,0.07367,0.074786,0.0,0.0,0.247485,0.0,0.222057,0.103153,0.153725,0.015533,0.0,0.205495,0.0,0.0,0.861197,0.301144,0.029111,0.195598,0.106096,0.206842,0.294133,0.088969,0.280829,0.292833,0.209212,0.088067,0.0,8e-06,0.0,0.0,0.0,0.292989,0.236592,0.006578,0.0,0.0,0.0,0.229435,0.658968,0.0,0.257754,1e-06,0.28903,0.0,0.20054,0.0,0.722563,0.0,0.0,0.0,0.0,0.0,4.6e-05,0.12735,0.0,0.0,0.213035,0.0,0.0,0.0,0.0,0.449292,0.021787,0.0,0.0,0.031326,0.0,0.11658,0.077192,0.614644,0.206907,0.0,0.945266,0.200776,0.0,0.0,0.0,0.355221,0.088885,0.0,0.0,0.195723,0.0,0.188447,0.168628,0.0,0.087145,0.165712,0.0,0.0,0.0,1.4e-05,0.0,0.0,0.220045,0.0,0.0,0.0,0.158453,0.0,0.210059,0.080405,0.21195,0.0,0.0,0.09984,0.073474,0.238529,0.113986,0.0,0.19866,0.0,0.0,0.206347,0.045618,0.116178,0.0
TCGA-75-7030,0.34419,0.0,0.0,0.0,0.0,0.203116,0.06101,0.339489,0.067479,0.283084,0.233466,0.0,0.0,0.0,0.0,0.31259,0.0,0.234351,0.0,0.0,0.065326,0.0,0.0,0.0,0.0,0.0,0.0,0.0,0.0,0.230846,1e-06,0.0,0.230147,0.7925,0.125613,0.065693,0.044527,0.0,0.0,0.0,0.0,0.070461,0.0,0.251054,0.0,0.107262,0.09766,0.0,0.0,0.060068,0.0,0.263154,0.0,0.904685,0.0,0.131093,0.242665,0.0,0.0,0.19824,1e-06,1e-06,0.0,0.137969,0.223143,0.092444,0.225783,0.0,0.497216,0.0,0.0,0.0,0.184052,0.237319,0.0,0.0,0.0,0.0,0.0,0.0,0.0,0.758418,0.193847,0.0,0.0,0.144405,2e-06,0.0,0.203538,0.208407,0.234334,0.0,1e-06,0.0,0.455534,0.0,0.0,0.0,0.0,0.237841,0.0,0.0,0.294738,0.290497,0.0,0.0,0.0,0.388758,0.229641,0.075794,0.168177,0.0,0.071338,0.0,0.090336,0.0,0.0,0.549955,0.328399,0.124449,0.229463,0.0,0.0,0.0,0.0,0.0,0.102651,0.36567,0.331968,0.0,6e-06,0.242842,0.0,0.069058,0.121224,0.0,0.165926,0.058057,0.109889,0.0,0.094153,0.101348,0.102322,0.095179,0.100889,0.0,0.0,0.181879,0.0,0.0,2.8e-05,0.071122,0.120741,0.037776,1.6e-05,0.182397,0.0,0.136441,0.192124,0.0,0.445793,0.0,4.5e-05,0.0,0.0,0.000532,0.0,0.0,0.0,0.474906,0.0,3e-05,0.186732,0.0,0.0,0.0,0.0,0.0,0.0,0.73211,0.137861,0.0,0.0,0.0,0.0,0.218493,0.103073,0.220859,0.0,0.0,0.0,0.0,0.098524,0.0,0.0,0.091824,0.172385,0.268688,0.068846,0.0,0.000156,0.0,2.272436,0.164504,0.0,0.0,0.116645,1.423681,0.0,0.018967,0.0,0.0,0.0,0.0,3.6e-05,0.031853,0.0,0.876837,0.0,5e-06,0.0,0.0,0.0,0.254604,0.210917,0.0,0.125146,0.175999,0.0,0.0,0.06878,0.0,0.28142,0.003249,0.0,0.103407,0.271605,0.264189,0.237108,0.0,0.040676,0.0,0.0,0.0,0.0,0.193111,0.164925,0.0,0.195736,0.199519,0.310738,0.0,0.22643,0.065137,1.076494,0.066585,0.0,0.192109,0.115112,0.0,0.0,0.260757,0.0,0.0,0.0,0.0,0.0,1e-05,0.278588,0.171449,0.0,0.28663,0.258734,0.079981,0.074955,0.102536,0.0,0.239146,0.0,0.0,0.070676,0.079083,0.225112,0.251107,0.0,0.0,0.0,0.0,0.210524,0.235549,0.208172,0.177805,0.0,4.9e-05,0.0,0.262022,0.0,0.0,0.036822,0.071906,0.0,0.069767,0.064565,0.145782,0.0,0.186666,0.0,0.0,0.000506,0.135012,0.0,0.257356,0.000334,0.0,0.205217,7e-06,0.0,0.0,0.0,0.198795,0.0,0.197863,0.257601,0.474411,0.0,0.0,0.252181,0.143344,0.0,0.073727,0.027898,0.340459,0.297156,0.0,0.0,0.306126,0.199739,0.0,0.0,0.0,0.522458,0.190518,0.0,0.0,0.0,0.0,0.0,0.233449,0.219955,0.115298,0.0,0.0,0.0,0.0,0.234,0.231044,0.0,0.090093,0.0,0.0,0.0,0.0,0.0,0.0,0.124042,0.0,0.28372,0.0,0.53978,0.0,0.0,0.087067,0.0,0.247023,0.0,0.099685,1.2e-05,0.0,0.0,0.0,0.300155,0.219993,0.0,0.156473,0.236772,0.079488,4.9e-05,0.0,0.348737,0.0,0.091262,0.244251,0.0,0.0,0.0,0.059237,0.062977,0.0,0.0,0.271468,0.0,0.239965,0.088434,0.129615,0.008388,0.0,0.246078,0.0,0.0,0.862527,0.324608,0.039593,0.224398,0.074367,0.234873,0.273676,0.075555,0.275635,0.312806,0.249325,0.075168,0.0,0.0,0.0,0.0,0.0,0.323065,0.255371,0.004726,0.0,0.0,0.0,0.264215,0.646872,0.0,0.217693,0.0,0.303684,0.0,0.24423,0.0,0.738373,0.0,0.0,0.0,0.0,0.0,0.000135,0.111289,0.0,0.0,0.206774,0.0,0.0,0.0,0.0,0.457266,0.020753,0.0,0.0,0.029756,0.0,0.111979,0.061622,0.617417,0.225224,0.0,0.95155,0.225402,0.0,0.0,0.0,0.333719,0.080241,0.0,0.0,0.220841,0.0,0.172144,0.192517,0.0,0.07204,0.183927,0.0,0.0,0.0,2e-06,0.0,0.0,0.245141,0.0,0.0,0.0,0.126351,0.0,0.222163,0.06523,0.232073,0.0,0.0,0.113166,0.064556,0.279749,0.095601,0.0,0.201926,0.0,0.0,0.222196,0.037825,0.104371,0.0
TCGA-77-7138,0.36623,0.0,0.0,0.0,0.0,0.225343,0.040808,0.317544,0.068758,0.285902,0.233947,0.0,0.0,0.0,0.0,0.323043,0.0,0.228617,0.0,0.0,0.054113,0.0,0.0,0.0,0.0,0.0,0.0,0.0,0.0,0.234332,0.0,0.0,0.245675,0.756896,0.170252,0.065092,0.048276,0.0,0.0,0.0,0.0,0.07428,0.0,0.266806,0.0,0.090675,0.112004,0.0,0.0,0.052758,0.0,0.253888,0.0,0.885254,0.0,0.120454,0.22334,0.0,0.0,0.220028,0.0,1e-06,0.0,0.115473,0.20832,0.084535,0.212398,0.0,0.426951,0.0,0.0,0.0,0.183716,0.238517,0.0,0.0,0.0,0.0,0.0,0.0,0.0,0.7108,0.182792,0.0,0.0,0.146756,0.0,0.0,0.202424,0.196407,0.194862,0.0,9.6e-05,0.0,0.435656,0.0,0.0,0.0,0.0,0.212898,0.0,0.0,0.326786,0.295012,0.0,0.0,0.0,0.352428,0.224649,0.063228,0.162036,0.0,0.059543,0.0,0.081157,0.0,0.0,0.492046,0.336854,0.107652,0.207933,0.0,1.5e-05,0.0,0.0,2e-06,0.116031,0.318949,0.328529,0.0,0.0,0.226376,0.0,0.062644,0.100863,0.0,0.158917,0.069442,0.093162,0.0,0.073428,0.100218,0.100797,0.086035,0.083442,0.0,0.0,0.189643,0.0,0.0,9e-06,0.069588,0.115774,0.051144,2e-06,0.188847,0.0,0.123354,0.194781,0.0,0.430172,0.0,1.6e-05,0.0,0.0,0.000923,0.0,0.0,0.0,0.434313,0.0,0.0,0.186843,0.0,0.0,0.0,0.0,0.0,0.0,0.696117,0.137357,0.0,0.0,0.0,0.0,0.214359,0.089661,0.226978,0.0,0.0,0.0,0.0,0.081846,0.0,0.0,0.079568,0.165912,0.265602,0.06075,0.0,5.7e-05,0.0,2.214245,0.152562,0.0,0.0,0.124316,1.385858,0.0,0.013077,0.0,0.0,0.0,0.0,3e-06,0.038972,0.0,0.829082,0.0,0.0,0.0,0.0,0.0,0.23553,0.213849,0.0,0.105588,0.142054,0.0,0.0,0.064196,0.0,0.316841,0.00134,0.0,0.095932,0.244889,0.235429,0.202352,0.0,0.042937,0.0,0.0,0.0,0.0,0.188514,0.120735,0.0,0.197121,0.187536,0.286981,0.0,0.227742,0.031275,1.026256,0.052932,0.0,0.200008,0.103322,0.0,0.0,0.245426,0.0,0.0,0.000542,0.0,0.0,0.0,0.268368,0.186691,0.0,0.271195,0.281153,0.069168,0.062534,0.094353,0.0,0.252403,0.0,0.0,0.057293,0.066341,0.220635,0.272754,0.0,0.0,0.0,0.0,0.220099,0.232574,0.201085,0.197911,0.0,0.0,0.0,0.261864,0.0,0.0,0.033696,0.068134,0.0,0.053996,0.060958,0.160901,0.0,0.206641,0.0,0.0,0.003004,0.129436,0.0,0.248851,1e-06,0.0,0.204488,0.0,0.0,0.0,0.0,0.196543,0.0,0.208042,0.241195,0.427972,0.0,0.0,0.237454,0.14289,0.0,0.061273,0.027418,0.291723,0.292737,0.0,0.0,0.296032,0.204599,0.0,0.0,0.0,0.465982,0.19039,0.0,0.0,0.0,0.0,0.0,0.205727,0.2115,0.091095,0.0,0.0,0.0,0.0,0.225466,0.248151,0.0,0.081867,0.0,0.0,0.0,0.0,0.0,0.0,0.117482,0.0,0.293834,0.0,0.531866,0.0,0.0,0.068979,0.0,0.245658,0.0,0.099204,0.0,0.0,0.0,0.0,0.314499,0.211954,0.0,0.162408,0.220153,0.061958,4e-06,0.0,0.323782,0.0,0.08164,0.233848,0.0,0.0,0.0,0.056732,0.054907,0.0,0.0,0.256629,0.0,0.252931,0.07516,0.111681,0.009705,0.0,0.226289,0.0,0.0,0.841047,0.309929,0.041142,0.226942,0.08371,0.233207,0.270838,0.064971,0.259238,0.275765,0.222551,0.069473,0.0,0.0,0.0,0.0,0.0,0.343886,0.25693,0.00639,0.0,0.0,0.0,0.267831,0.616703,0.0,0.211961,0.0,0.297308,0.0,0.231569,0.0,0.686162,0.0,0.0,0.0,0.0,0.0,0.00017,0.112179,0.0,0.0,0.242121,0.0,0.0,0.0,0.0,0.432777,0.01467,0.0,0.0,0.025088,0.0,0.095279,0.062247,0.612992,0.242009,0.0,0.911716,0.226574,0.0,0.0,0.0,0.302474,0.071245,0.0,0.0,0.186403,0.0,0.180922,0.182659,0.0,0.062634,0.184864,0.0,0.0,0.0,8e-06,0.0,0.0,0.26169,0.0,0.0,0.0,0.120892,0.0,0.251081,0.068695,0.23551,0.0,0.0,0.120546,0.056702,0.251609,0.090445,0.0,0.218179,0.0,0.0,0.241071,0.037877,0.091913,0.0
TCGA-77-7141,0.453636,0.0,0.0,0.0,0.0,0.24068,0.038138,0.389058,0.056274,0.336558,0.286229,0.0,0.0,0.0,0.0,0.402979,0.0,0.213631,0.0,0.0,0.046682,0.0,0.0,0.0,0.0,0.0,0.0,0.0,0.0,0.242191,2e-06,0.0,0.278004,0.647586,0.237616,0.054237,0.039049,0.0,0.0,0.0,0.0,0.05951,0.0,0.328477,0.0,0.068063,0.159011,0.0,0.0,0.045346,0.0,0.271077,0.0,0.903058,0.0,0.09215,0.256474,0.0,1e-06,0.250411,0.0,1e-06,0.0,0.094958,0.140168,0.065545,0.223542,0.0,0.32191,0.0,0.0,0.0,0.121465,0.275627,0.0,0.0,0.0,0.0,0.0,0.0,0.0,0.62432,0.192933,0.0,0.0,0.136663,0.0,0.0,0.20618,0.215306,0.230321,0.0,0.000142,0.0,0.351381,0.0,0.0,0.0,0.0,0.22035,1e-06,0.0,0.424604,0.358192,0.0,0.0,0.0,0.284311,0.223886,0.047534,0.164128,0.0,0.047439,0.0,0.062805,0.0,0.0,0.360284,0.417026,0.072292,0.14275,0.0,1.9e-05,0.0,0.0,1e-06,0.102423,0.273872,0.423024,0.0,1e-06,0.255505,0.0,0.053895,0.079014,0.0,0.111194,0.122391,0.067424,0.0,0.059564,0.094843,0.09946,0.064508,0.064852,0.0,0.0,0.126193,1.9e-05,0.0,6.9e-05,0.053703,0.084713,0.039165,0.0,0.239081,0.0,0.131725,0.215289,0.0,0.329361,0.0,0.0,0.0,0.0,0.00204,0.0,0.0,0.0,0.342276,0.0,3e-06,0.208302,0.0,0.0,0.0,0.0,0.0,0.0,0.608729,0.101888,0.0,0.0,0.0,0.0,0.262179,0.069639,0.234539,0.0,0.0,0.0,0.0,0.062543,0.0,0.0,0.062118,0.149664,0.279046,0.049725,0.0,9.8e-05,0.0,2.058689,0.12211,0.0,0.0,0.11526,1.327384,0.0,0.01847,0.0,0.0,0.0,0.0,0.0,0.025999,0.0,0.728055,0.0,0.0,0.0,0.0,1e-06,0.295899,0.218708,0.0,0.07893,0.104952,0.0,0.0,0.049364,0.0,0.418782,0.007516,0.0,0.045249,0.274166,0.260544,0.213747,0.0,0.036891,0.0,0.0,0.0,0.0,0.160631,0.084242,0.0,0.211231,0.202329,0.194535,0.0,0.26389,0.038984,0.963161,0.043298,0.0,0.246216,0.080083,0.0,0.0,0.252665,0.0,0.0,0.010253,0.0,0.0,0.0,0.302248,0.194224,0.0,0.336144,0.324618,0.055417,0.049475,0.122925,0.0,0.306149,0.0,0.0,0.04689,0.054227,0.229865,0.341661,0.0,0.0,4e-06,0.0,0.262014,0.234205,0.213929,0.232198,0.0,0.0,0.0,0.329073,0.0,0.0,0.01884,0.05487,0.0,0.045603,0.048111,0.154979,0.0,0.183466,0.0,0.0,0.004404,0.131411,0.0,0.218085,3e-06,0.0,0.169799,0.0,4e-06,0.0,0.0,0.225485,0.0,0.252414,0.292323,0.329582,0.0,0.0,0.289696,0.130018,0.0,0.048465,0.029381,0.220677,0.267189,0.0,0.0,0.34143,0.241467,0.0,0.0,0.0,0.351294,0.208437,0.0,0.0,0.0,0.0,0.0,0.220341,0.267963,0.073634,0.0,0.0,0.0,0.0,0.237135,0.286939,0.0,0.064247,0.0,0.0,0.0,0.0,0.0,0.0,0.084746,0.0,0.365398,0.0,0.467252,0.0,0.0,0.055997,0.0,0.279344,0.0,0.074641,7e-06,0.0,0.0,0.0,0.371122,0.221557,0.0,0.149258,0.252693,0.051922,2.2e-05,0.0,0.278552,0.0,0.067424,0.258719,0.0,0.0,0.0,0.045627,0.048373,0.0,0.0,0.260001,0.0,0.314562,0.05794,0.086782,0.007067,0.0,0.257633,0.0,0.0,0.794781,0.300135,0.083238,0.240007,0.063643,0.267728,0.216676,0.054435,0.174191,0.217068,0.220232,0.054813,0.0,6e-06,0.0,0.0,0.0,0.438125,0.274886,0.009656,0.0,0.0,0.0,0.330333,0.499272,0.0,0.145198,0.0,0.29665,0.0,0.286918,0.0,0.575548,0.0,0.0,0.0,0.0,0.0,6e-06,0.097785,0.0,0.0,0.298426,0.0,0.0,0.0,0.0,0.379092,0.019356,0.0,0.0,0.021691,0.0,0.075074,0.045757,0.591565,0.294269,0.0,0.810274,0.258352,0.0,0.0,0.0,0.19946,0.056101,0.0,0.0,0.147529,0.0,0.157245,0.188292,0.0,0.05121,0.201624,0.0,0.0,0.0,3e-06,0.0,1e-06,0.323676,0.0,0.0,0.0,0.082971,0.0,0.33697,0.050987,0.270559,0.0,0.0,0.185204,0.046236,0.244509,0.067847,0.0,0.274666,0.0,0.0,0.274244,0.02926,0.070469,0.0
TCGA-77-8139,0.259226,0.0,0.0,0.0,0.0,0.20716,0.064457,0.257944,0.085208,0.224876,0.187123,0.0,0.0,0.0,0.0,0.209723,0.0,0.213768,0.0,0.0,0.075557,0.0,0.0,0.0,0.0,0.0,0.0,0.0,0.0,0.197553,3e-06,0.0,0.20133,0.809666,0.104076,0.078723,0.052532,0.0,0.0,0.0,0.0,0.088728,0.0,0.19981,0.0,0.146539,0.085776,0.0,0.0,0.08058,0.0,0.244253,0.0,0.799923,0.0,0.174744,0.208093,0.0,2e-06,0.166116,0.0,2e-05,0.0,0.146237,0.250344,0.087565,0.204989,0.0,0.494252,0.0,0.0,0.0,0.206626,0.208927,0.0,0.0,0.0,0.0,0.0,0.0,0.0,0.726116,0.166642,0.0,0.0,0.15881,0.0,0.0,0.201455,0.183254,0.203369,0.0,0.001115,0.0,0.455812,0.0,0.0,0.0,0.0,0.222313,0.0,0.0,0.212895,0.21019,0.0,0.0,0.0,0.373611,0.203247,0.053928,0.162211,0.0,0.070312,0.0,0.103432,0.0,0.0,0.566178,0.251331,0.135677,0.267573,0.0,0.000202,0.0,0.0,5e-06,0.110309,0.331978,0.232011,1e-06,0.0,0.211396,0.0,0.084277,0.129806,0.0,0.195138,0.024208,0.12016,0.0,0.093196,0.14312,0.083057,0.117527,0.094445,0.0,0.0,0.234144,0.0,0.0,8.4e-05,0.094815,0.160006,0.054547,3.8e-05,0.146838,0.0,0.122332,0.15871,0.0,0.44523,0.0,1.1e-05,0.0,0.0,0.009969,1e-06,0.0,0.0,0.500298,0.0,1.2e-05,0.149928,0.0,0.0,2e-06,0.0,0.0,0.0,0.711281,0.166957,0.0,0.0,0.0,0.0,0.172218,0.139789,0.194545,0.0,0.0,0.0,0.0,0.099338,4e-06,0.0,0.098977,0.170532,0.23127,0.071389,0.0,0.000952,0.0,2.171136,0.169897,0.0,1e-06,0.102461,1.323752,0.0,0.031882,0.0,0.0,0.0,0.0,4.3e-05,0.081623,0.0,0.869303,0.0,0.0,0.0,0.0,4e-06,0.186985,0.189015,0.0,0.166387,0.209252,0.0,0.0,0.091353,0.0,0.23161,0.001082,0.0,0.145895,0.230285,0.228606,0.197388,0.0,0.056984,0.0,0.0,0.0,0.0,0.172141,0.174154,0.0,0.178846,0.16306,0.351962,0.0,0.193943,0.048546,1.036826,0.049067,0.0,0.174807,0.143124,0.0,0.0,0.22495,0.0,0.0,0.0,0.0,0.0,1.7e-05,0.203247,0.163938,0.0,0.228035,0.225897,0.090974,0.072363,0.066849,0.0,0.178389,0.0,0.0,0.07636,0.076882,0.220997,0.201926,0.0,0.0,0.0,0.0,0.190448,0.219615,0.183228,0.161239,0.0,0.0,0.0,0.224566,0.0,0.0,0.118617,0.087685,0.0,0.079279,0.074667,0.139703,0.0,0.156981,0.0,0.0,0.004643,0.128667,0.0,0.253272,1e-06,0.0,0.205518,0.0,1e-06,0.0,0.0,0.171846,0.0,0.172243,0.203475,0.46802,0.0,0.0,0.212823,0.155981,0.0,0.062397,0.042172,0.306659,0.282268,0.0,0.0,0.22399,0.187796,0.0,0.0,0.0,0.515788,0.179267,0.0,0.0,0.0,0.0,0.0,0.193025,0.185996,0.121623,0.0,0.0,0.0,0.0,0.202513,0.201718,0.0,0.108429,0.0,0.0,0.0,0.0,0.0,0.0,0.169178,0.0,0.213742,1e-06,0.533998,0.0,0.0,0.10188,0.0,0.22078,0.0,0.140813,6e-05,0.0,0.0,0.0,0.239662,0.200452,0.0,0.17851,0.189905,0.068214,7.2e-05,1e-06,0.33149,0.0,0.087692,0.211022,0.0,0.0,0.0,0.070948,0.067193,0.0,0.0,0.271651,0.0,0.205672,0.099286,0.167712,0.031453,0.0,0.206173,0.0,0.0,0.826165,0.277995,0.010525,0.197098,0.103235,0.202586,0.293984,0.09467,0.287146,0.335066,0.227479,0.078338,0.0,4e-06,0.0,0.0,0.0,0.235951,0.236622,0.014933,0.0,0.0,0.0,0.20843,0.682784,0.0,0.287081,0.0,0.292497,0.0,0.192825,0.0,0.735918,0.0,0.0,0.0,0.0,0.0,0.000524,0.109529,0.0,0.0,0.203066,0.0,0.0,0.0,0.0,0.436757,0.025679,0.0,0.0,0.028628,0.0,0.108171,0.067001,0.558815,0.19479,0.0,0.942307,0.17928,0.0,0.0,0.0,0.383293,0.085781,0.0,0.0,0.226605,0.0,0.171767,0.179993,0.0,0.082266,0.163299,0.0,0.0,0.0,9.6e-05,0.0,0.0,0.187141,0.0,0.0,0.0,0.178116,0.0,0.182006,0.068055,0.220982,0.0,0.0,0.113625,0.072702,0.243703,0.116588,0.0,0.194224,0.0,0.0,0.167048,0.041907,0.114794,0.0
TCGA-77-8144,0.30439,0.0,0.0,0.0,0.0,0.183079,0.097638,0.263789,0.133493,0.228105,0.187399,0.0,0.0,0.0,0.0,0.268447,0.0,0.238568,0.0,0.0,0.109642,0.0,0.0,0.0,0.0,0.0,0.0,0.0,0.0,0.175699,1e-06,0.0,0.199557,0.877117,0.176694,0.130275,0.096689,1e-06,0.0,0.0,6e-06,0.137173,0.0,0.224241,0.0,0.167562,0.132978,0.0,0.0,0.112378,0.0,0.250403,0.0,0.980163,0.0,0.220861,0.183112,0.0,5e-06,0.186414,0.0,7e-06,0.0,0.069216,0.164303,0.146628,0.15963,0.0,0.502396,0.0,0.0,0.0,0.240261,0.183614,0.0,0.0,0.0,0.0,0.0,0.0,0.0,0.820036,0.136539,0.0,0.0,0.104279,0.0,0.0,0.151861,0.160704,0.161326,0.0,0.000949,0.0,0.522548,0.0,0.0,0.0,0.0,0.168912,0.0,0.0,0.27361,0.237248,0.0,0.0,0.0,0.373975,0.158591,0.113163,0.12723,0.0,0.119265,0.0,0.154919,0.0,0.0,0.554924,0.278627,0.165284,0.287114,0.0,0.00045,0.0,0.0,0.0,0.175601,0.367081,0.273909,0.0,9e-06,0.163966,0.0,0.128018,0.185441,0.0,0.230919,0.097217,0.060805,0.0,0.142818,0.076622,0.156133,0.155795,0.158942,0.0,0.0,0.249521,0.0,0.0,4e-06,0.131232,0.199797,0.094071,8.1e-05,0.156637,0.0,0.091956,0.153053,0.0,0.510263,0.0,3.3e-05,0.0,0.0,0.010401,0.0,0.0,0.0,0.524678,0.0,1e-06,0.164959,0.0,0.0,0.0,0.0,0.0,0.0,0.80211,0.095554,0.0,0.0,0.0,0.0,0.180287,0.16975,0.177229,0.0,0.0,0.0,0.0,0.148674,1e-06,0.0,0.148035,0.120375,0.275715,0.113717,0.0,3.2e-05,0.0,2.386956,0.105968,0.0,0.0,0.172399,1.52185,0.0,0.05079,0.0,0.0,0.0,0.0,0.000123,0.052764,0.0,0.929542,0.0,0.0,0.0,0.0,2e-06,0.199605,0.161954,0.0,0.184066,0.246546,0.0,0.0,0.11993,0.0,0.276567,0.000558,0.0,0.057772,0.190121,0.17485,0.153473,0.0,0.09487,0.0,0.0,0.0,0.0,0.243711,0.175583,0.0,0.154589,0.148186,0.364958,0.0,0.186855,0.011295,1.152693,0.103902,0.0,0.169088,0.178846,0.0,0.0,0.200255,0.0,0.0,0.002488,0.0,0.0,2.8e-05,0.210662,0.147488,0.0,0.221444,0.212105,0.13044,0.119192,0.110334,0.0,0.201031,0.0,0.0,0.118786,0.126923,0.181943,0.231449,0.0,0.0,6e-06,0.0,0.177274,0.179077,0.154285,0.164483,0.0,0.0,0.0,0.207793,0.0,0.0,0.016786,0.13379,0.0,0.109462,0.117734,0.161698,0.0,0.241425,0.0,0.0,0.009991,0.113548,0.0,0.290427,4e-06,0.0,0.279441,0.0,1e-06,0.0,0.0,0.169662,0.0,0.165335,0.200871,0.505735,0.0,0.0,0.190171,0.109437,0.0,0.111747,0.074343,0.258256,0.375868,0.0,0.0,0.233512,0.170525,0.0,0.0,0.0,0.53345,0.156594,1e-06,0.0,0.0,0.0,0.0,0.150624,0.180899,0.165336,0.0,0.0,0.0,0.0,0.170934,0.210349,0.0,0.153679,0.0,0.0,0.0,0.0,0.0,0.0,0.202869,0.0,0.232238,0.0,0.604689,0.0,0.0,0.141412,0.0,0.192587,0.0,0.185643,2e-05,0.0,0.0,0.0,0.259788,0.158789,0.0,0.119261,0.174042,0.108271,0.000106,0.0,0.410754,0.0,0.148574,0.17891,0.0,0.0,0.0,0.106893,0.112502,0.0,0.0,0.210311,0.0,0.216885,0.142068,0.212072,0.018143,0.0,0.182547,0.0,0.0,0.963015,0.298778,0.085219,0.170039,0.143773,0.174547,0.354476,0.139207,0.306457,0.254658,0.163939,0.13037,0.0,3e-06,0.0,0.0,0.0,0.289671,0.207941,0.030972,0.0,0.0,0.0,0.229441,0.717953,0.0,0.301664,0.0,0.285297,0.0,0.185988,0.0,0.780528,0.0,0.0,0.0,0.0,0.0,1.7e-05,0.167986,0.0,0.0,0.218659,0.0,0.0,0.0,0.0,0.466485,0.051494,0.0,0.0,0.062772,0.0,0.173094,0.114099,0.715609,0.204911,0.0,1.043253,0.186191,0.0,0.0,0.0,0.416949,0.131795,0.0,0.0,0.171396,0.0,0.233194,0.134308,0.0,0.123688,0.143195,0.0,0.0,0.0,6.8e-05,0.0,0.0,0.215093,0.0,4e-06,0.0,0.196371,0.0,0.213106,0.125603,0.176784,0.0,0.0,0.104801,0.108765,0.215454,0.163152,0.0,0.186013,0.0,0.0,0.190186,0.077583,0.158391,0.0
TCGA-77-A5G8,0.266877,0.0,0.0,0.0,0.0,0.191664,0.067456,0.249096,0.08801,0.224952,0.192797,0.0,0.0,0.0,0.0,0.214726,0.0,0.186607,0.0,0.0,0.082357,0.0,0.0,0.0,0.0,0.0,0.0,0.0,0.0,0.174252,0.0,0.0,0.19899,0.757855,0.078485,0.082882,0.061769,0.0,0.0,0.0,0.0,0.092741,0.0,0.205692,0.0,0.121201,0.053949,0.0,0.0,0.074734,0.0,0.232587,0.0,0.765314,0.0,0.151305,0.183956,0.0,0.0,0.152012,0.0,2.3e-05,0.0,0.127678,0.223742,0.079933,0.185796,1e-06,0.469485,0.0,0.0,2e-06,0.195178,0.185856,0.0,0.0,0.0,0.0,0.0,0.0,0.0,0.67037,0.154811,0.0,0.0,0.137197,0.0,0.0,0.166186,0.16187,0.186169,0.0,8.6e-05,0.0,0.435107,0.0,0.0,0.0,0.0,0.200226,0.0,0.0,0.22134,0.220603,0.0,0.0,0.0,0.339981,0.20349,0.06783,0.14714,0.0,0.072446,0.0,0.096106,0.0,0.0,0.534243,0.241024,0.129801,0.241451,0.0,2e-06,0.0,0.0,2.4e-05,0.108818,0.325448,0.23081,0.0,0.0,0.205382,0.0,0.079831,0.114916,0.0,0.172539,0.023577,0.087723,0.0,0.087026,0.097775,0.088246,0.102633,0.09157,0.0,0.0,0.219757,0.0,0.0,0.000496,0.102377,0.15622,0.054457,9e-06,0.14811,0.0,0.111079,0.156982,0.0,0.423068,0.0,1.7e-05,0.0,0.0,0.00136,0.0,0.0,0.0,0.450007,0.0,0.0,0.127052,0.0,0.0,0.0,0.0,4e-06,0.0,0.663245,0.139275,0.0,0.0,0.0,0.0,0.173824,0.114205,0.185752,1.7e-05,0.0,0.0,0.0,0.103914,0.0,0.0,0.097843,0.161406,0.216765,0.069023,0.0,0.000155,0.0,2.067156,0.159663,0.0,0.0,0.105999,1.263102,0.0,0.03791,0.0,0.0,0.0,0.0,3.5e-05,0.055062,0.0,0.810612,0.0,0.0,0.0,0.0,0.0,0.181154,0.17231,0.0,0.139931,0.178099,0.0,0.0,0.076316,0.0,0.232565,0.002223,0.0,0.114474,0.218021,0.211992,0.189615,0.0,0.04775,0.0,0.0,0.0,0.0,0.168572,0.15503,0.0,0.174338,0.152312,0.327593,0.0,0.17253,0.04037,0.972872,0.050851,0.0,0.17399,0.134751,0.0,0.0,0.220021,0.0,0.0,0.000242,0.0,0.0,6e-06,0.200781,0.135697,0.0,0.207375,0.20566,0.090198,0.071022,0.041771,0.0,0.193789,0.0,0.0,0.078088,0.083886,0.186065,0.184898,0.0,0.0,3e-06,0.0,0.172458,0.192306,0.173011,0.137636,0.0,0.0,0.0,0.217371,0.0,0.0,0.093876,0.083753,0.0,0.075838,0.077458,0.115818,0.0,0.139597,0.0,0.0,0.001735,0.119793,0.0,0.216256,1.2e-05,0.0,0.201396,1e-06,1e-05,0.0,0.0,0.149102,0.0,0.169847,0.196437,0.434861,0.0,0.0,0.196779,0.135762,0.0,0.071135,0.050038,0.30314,0.286884,0.0,0.0,0.240715,0.162859,0.0,0.0,0.0,0.50284,0.152302,0.0,0.0,0.0,0.0,0.0,0.191309,0.183869,0.123331,0.0,0.0,0.0,0.0,0.190841,0.198032,0.0,0.103756,0.0,0.0,0.0,0.0,0.0,0.0,0.132655,0.0,0.22219,0.0,0.488542,0.0,0.0,0.08195,0.0,0.205835,0.0,0.114946,4.1e-05,0.0,0.0,0.0,0.216613,0.186103,0.0,0.16345,0.180017,0.085707,2.5e-05,0.0,0.32121,0.0,0.08103,0.2052,0.0,0.0,0.0,0.067437,0.075998,0.0,0.0,0.244977,0.0,0.178885,0.109046,0.142242,0.017176,0.0,0.196998,0.0,0.0,0.780471,0.272191,0.018175,0.176762,0.095923,0.190047,0.282872,0.089927,0.278622,0.310164,0.209481,0.094097,0.0,1e-06,0.0,0.0,0.0,0.239022,0.214343,0.008397,0.0,0.0,0.0,0.183513,0.638694,0.0,0.259206,0.0,0.26246,0.0,0.183228,0.0,0.700192,0.0,0.0,0.0,0.0,0.0,0.001329,0.11945,0.0,0.0,0.17755,0.0,0.0,0.0,0.0,0.399406,0.031444,0.0,0.0,0.028436,0.0,0.106327,0.072453,0.53148,0.17116,0.0,0.886196,0.172976,0.0,0.0,0.0,0.331171,0.086404,0.0,0.0,0.204281,0.0,0.161447,0.159992,0.0,0.088974,0.169103,0.0,0.0,0.0,0.0,0.0,0.0,0.185845,0.0,0.0,0.0,0.162298,0.0,0.184827,0.068673,0.206643,0.0,0.0,0.10542,0.079387,0.236221,0.10525,0.0,0.175695,0.0,0.0,0.174067,0.046544,0.107846,0.0
TCGA-77-A5GF,0.257744,0.0,0.0,0.0,0.0,0.171535,0.089704,0.224093,0.138573,0.2099,0.169995,0.0,0.0,0.0,0.0,0.219618,0.0,0.215685,0.0,0.0,0.098556,0.0,0.0,0.0,0.0,0.0,0.0,0.0,0.0,0.169735,1e-06,0.0,0.193444,0.853756,0.125225,0.118789,0.097231,8e-06,0.0,0.0,0.0,0.134136,0.0,0.192839,0.0,0.157571,0.079156,0.0,0.0,0.107636,0.0,0.226589,0.0,0.876856,0.0,0.214248,0.167514,0.0,1e-06,0.165928,0.0,3e-06,0.0,0.091856,0.191214,0.127305,0.159501,0.0,0.504238,0.0,0.0,0.0,0.259836,0.172469,0.0,0.0,0.0,0.0,0.0,0.0,0.0,0.77895,0.132166,0.0,0.0,0.116703,0.0,0.0,0.151392,0.158857,0.152838,0.0,0.000649,0.0,0.512522,0.0,0.0,0.0,0.0,0.155162,1e-06,0.0,0.230886,0.213392,0.0,0.0,0.0,0.37555,0.173703,0.09659,0.132961,0.0,0.105621,0.0,0.140587,0.0,0.0,0.566301,0.237594,0.169209,0.2824,0.0,2e-06,0.0,0.0,0.0,0.154297,0.360814,0.22174,0.0,1e-06,0.170014,0.0,0.1168,0.176996,0.0,0.231657,0.059047,0.064831,0.0,0.137537,0.087934,0.130569,0.144513,0.144474,0.0,0.0,0.265323,0.0,0.0,3.1e-05,0.127971,0.196612,0.085803,0.000193,0.132053,0.0,0.094635,0.133949,0.0,0.49999,0.0,0.0,0.0,0.0,0.005293,0.0,0.0,0.0,0.507635,0.0,1e-06,0.1351,0.0,0.0,1e-06,0.0,0.0,0.0,0.765011,0.107955,0.0,0.0,0.0,0.0,0.160229,0.157273,0.160752,0.0,0.0,0.0,0.0,0.1352,0.0,0.0,0.139352,0.133317,0.243842,0.105966,0.0,1.5e-05,0.0,2.272245,0.127429,0.0,0.0,0.156539,1.432201,0.0,0.035963,0.0,0.0,0.0,0.0,0.000394,0.056359,0.0,0.905395,0.0,0.0,0.0,0.0,0.0,0.161637,0.155263,0.0,0.184068,0.233878,0.0,0.0,0.11033,0.0,0.225705,0.00044,0.0,0.078155,0.185627,0.167761,0.150701,0.0,0.089704,0.0,0.0,0.0,0.0,0.232561,0.187419,0.0,0.142837,0.143613,0.382467,0.0,0.160309,0.011565,1.084736,0.085923,0.0,0.153676,0.176022,0.0,0.0,0.195329,0.0,0.0,0.000201,0.0,0.0,0.000157,0.199156,0.133186,0.0,0.192802,0.2005,0.128065,0.111793,0.067902,0.0,0.184067,0.0,0.0,0.114524,0.125757,0.178081,0.180991,0.0,0.0,2e-06,0.0,0.148315,0.170875,0.149384,0.157323,0.0,0.0,0.0,0.195158,0.0,0.0,0.031263,0.120667,0.0,0.102343,0.117183,0.139514,0.0,0.207935,0.0,0.0,0.00635,0.105771,0.0,0.267705,5e-06,0.0,0.261586,0.0,0.0,0.0,0.0,0.138167,0.0,0.162543,0.176313,0.484364,0.0,0.0,0.166151,0.106851,0.0,0.11188,0.070387,0.289277,0.343173,0.0,0.0,0.225898,0.148682,0.0,0.0,0.0,0.550419,0.137359,0.0,0.0,0.0,0.0,0.0,0.150605,0.162013,0.157625,0.0,0.0,0.0,0.0,0.174826,0.195349,0.0,0.144859,0.0,0.0,0.0,0.0,0.0,0.0,0.198355,0.0,0.20838,0.0,0.571399,0.0,0.0,0.125305,0.0,0.182092,0.0,0.180508,1.4e-05,0.0,0.0,0.0,0.223343,0.155358,0.0,0.127149,0.16246,0.097791,0.000235,0.0,0.384947,0.0,0.146885,0.175762,0.0,0.0,0.0,0.098555,0.113669,0.0,0.0,0.213464,0.0,0.177113,0.145825,0.193533,0.014566,0.0,0.167734,0.0,0.0,0.898611,0.291391,0.037049,0.161948,0.136196,0.171196,0.338807,0.121134,0.32811,0.280696,0.170472,0.123865,0.0,2e-06,1e-06,0.0,0.0,0.234238,0.206144,0.019413,0.0,0.0,0.0,0.188221,0.717264,0.0,0.309668,0.0,0.261822,0.0,0.167219,0.0,0.776691,0.0,0.0,0.0,0.0,0.0,1e-05,0.149358,0.0,0.0,0.18239,0.0,0.0,0.0,0.0,0.44826,0.041825,0.0,0.0,0.04865,0.0,0.157694,0.119691,0.646568,0.168663,0.0,1.000783,0.168147,0.0,0.0,0.0,0.408233,0.127408,0.0,0.0,0.184489,0.0,0.216279,0.1371,0.0,0.119787,0.137316,0.0,0.0,0.0,4.1e-05,0.0,0.0,0.179852,0.0,0.0,0.0,0.192001,0.0,0.176764,0.116401,0.175214,0.0,0.0,0.091739,0.104359,0.219604,0.163157,0.0,0.168599,0.0,0.0,0.177475,0.064767,0.147341,0.0
TCGA-78-7535,0.169044,0.0,0.0,0.0,0.0,0.134943,0.142982,0.145497,0.197336,0.137538,0.124409,0.0,0.0,0.0,0.0,0.144758,0.0,0.22251,0.0,0.0,0.176336,0.0,0.0,0.0,0.0,0.0,0.0,0.0,0.0,0.114498,5e-06,0.0,0.138878,1.004868,0.112193,0.185033,0.143612,0.0,0.0,0.0,0.0,0.20068,0.0,0.128545,0.0,0.242487,0.071432,0.0,0.0,0.164728,0.0,0.222249,0.0,0.973759,0.0,0.334301,0.119869,0.0,0.0,0.113281,0.0,7e-06,0.0,0.056153,0.186285,0.196951,0.108414,0.0,0.619407,0.0,0.0,0.0,0.350426,0.111675,0.0,0.0,0.0,0.0,0.0,0.0,0.0,0.922736,0.089823,0.0,0.0,0.082748,1e-06,0.0,0.110429,0.124017,0.100884,0.0,0.000388,0.0,0.621751,0.0,0.0,0.0,0.0,0.11966,0.0,0.0,0.146037,0.138355,0.0,0.0,0.0,0.438944,0.120915,0.16142,0.088888,0.0,0.181053,0.0,0.221254,0.0,0.0,0.693773,0.160645,0.243003,0.392453,0.0,3.5e-05,0.0,0.0,1e-06,0.219811,0.41558,0.141494,0.0,0.0,0.116456,0.0,0.186535,0.276713,0.0,0.306073,0.059086,0.063881,0.0,0.212888,0.065468,0.181761,0.229893,0.229915,0.0,0.0,0.349042,0.0,0.0,4.6e-05,0.198449,0.307391,0.142014,1e-06,0.097784,0.0,0.055586,0.09232,0.0,0.62399,0.0,0.0,0.0,0.0,0.00315,0.0,0.0,0.0,0.623716,0.0,0.0,0.097526,0.0,0.0,0.0,0.0,0.0,0.0,0.899791,0.087466,0.0,0.0,0.0,0.0,0.114622,0.237553,0.115951,0.0,0.0,0.0,0.0,0.218153,0.0,0.0,0.222547,0.093751,0.252222,0.175645,0.0,0.000145,0.0,2.518417,0.095162,0.0,0.0,0.197987,1.591441,0.0,0.069573,0.0,0.0,0.0,0.0,2e-06,0.044294,0.0,1.043929,0.0,0.0,0.0,0.0,0.0,0.103265,0.105424,0.0,0.281738,0.367422,0.0,0.0,0.156376,0.0,0.143452,3.2e-05,0.0,0.064246,0.128772,0.114673,0.104971,0.0,0.141199,0.0,0.0,0.0,0.0,0.291262,0.254145,0.0,0.098426,0.108372,0.489896,0.0,0.113046,0.001855,1.26083,0.142289,0.0,0.106209,0.269198,0.0,0.0,0.163528,0.0,0.0,7.9e-05,0.0,0.0,0.0,0.12936,0.092546,0.0,0.133698,0.11997,0.193952,0.168974,0.069677,0.0,0.116531,0.0,0.0,0.178272,0.189116,0.130812,0.125302,0.0,0.0,2.2e-05,0.0,0.106721,0.118912,0.099398,0.111426,0.0,0.0,0.0,0.133129,0.0,0.0,0.021916,0.192204,0.0,0.164965,0.17228,0.138628,0.0,0.234755,0.0,0.0,0.018856,0.079136,0.0,0.30378,3.2e-05,0.0,0.335886,0.0,0.0,0.0,0.0,0.113865,0.0,0.106618,0.124233,0.600717,0.0,0.0,0.117223,0.087888,0.0,0.170616,0.10488,0.315817,0.421775,0.0,0.0,0.15054,0.103843,0.0,0.0,0.0,0.654732,0.100718,0.0,0.0,0.0,0.0,0.0,0.098951,0.107263,0.253523,0.0,0.0,0.0,0.0,0.115505,0.137206,0.0,0.236779,0.0,0.0,0.0,0.0,0.0,0.0,0.302987,0.0,0.132519,0.0,0.644366,0.0,0.0,0.208728,0.0,0.131193,0.0,0.261223,1.8e-05,0.0,0.0,0.0,0.145541,0.106388,0.0,0.096557,0.107271,0.175546,1.6e-05,0.0,0.49536,0.0,0.213,0.118963,0.0,0.0,0.0,0.159865,0.178126,0.0,0.0,0.18487,0.0,0.13114,0.212954,0.309751,0.011773,0.0,0.121698,0.0,0.0,1.046063,0.296519,0.075532,0.115466,0.203166,0.115778,0.436437,0.202758,0.409123,0.298675,0.118163,0.195096,0.0,0.0,0.0,0.0,0.0,0.15383,0.158767,0.029008,0.0,0.0,0.0,0.146105,0.868133,0.0,0.431358,0.0,0.25344,0.0,0.105707,0.0,0.916672,0.0,0.0,0.0,0.0,0.0,4e-06,0.206005,0.0,0.0,0.132421,0.0,0.0,0.0,0.0,0.502059,0.075534,0.0,0.0,0.087199,0.0,0.236251,0.167195,0.755364,0.118767,0.0,1.161851,0.117103,0.0,0.0,0.0,0.564536,0.198462,0.0,0.0,0.199542,0.0,0.285066,0.085335,0.0,0.181434,0.094115,0.0,0.0,0.0,4e-06,0.0,0.0,0.116776,0.0,0.0,0.0,0.292013,0.0,0.104305,0.191069,0.118076,0.0,0.0,0.058734,0.171532,0.20397,0.242748,0.0,0.110809,0.0,0.0,0.118809,0.107991,0.22622,0.0
TCGA-78-7542,0.303657,0.0,0.0,0.0,0.0,0.181931,0.08342,0.2554,0.120048,0.235388,0.198665,0.0,0.0,0.0,0.0,0.271837,0.0,0.230774,0.0,0.0,0.100955,0.0,0.0,0.0,0.0,0.0,0.0,0.0,0.0,0.177764,0.0,0.0,0.204361,0.848492,0.171984,0.118018,0.089587,0.0,0.0,0.0,0.0,0.13051,0.0,0.229725,0.0,0.139083,0.119259,0.0,0.0,0.095317,0.0,0.244645,0.0,0.944681,0.0,0.196329,0.186042,0.0,1.4e-05,0.186828,0.0,0.0,0.0,0.072228,0.168671,0.133244,0.163696,0.0,0.483832,0.0,0.0,0.0,0.241378,0.182085,0.0,0.0,0.0,0.0,0.0,0.0,0.0,0.790518,0.138497,0.0,0.0,0.106375,0.0,0.0,0.156465,0.161021,0.151479,0.0,0.000499,0.0,0.506939,0.0,0.0,0.0,0.0,0.167187,0.0,0.0,0.278194,0.242589,0.0,0.0,0.0,0.367433,0.166602,0.106876,0.128011,0.0,0.106567,0.0,0.14068,0.0,0.0,0.539705,0.277421,0.151587,0.274662,0.0,7e-06,0.0,0.0,0.0,0.166232,0.362511,0.270692,0.0,1e-06,0.171431,0.0,0.1125,0.162309,0.0,0.211941,0.090254,0.060362,0.0,0.12387,0.071198,0.142742,0.135399,0.143132,0.0,0.0,0.242641,1e-06,0.0,1e-06,0.11634,0.184772,0.086828,1e-05,0.160292,0.0,0.095542,0.152453,0.0,0.502864,0.0,0.0,0.0,0.0,0.004726,0.0,0.0,0.0,0.496391,0.0,0.0,0.158476,0.0,0.0,0.0,0.0,0.0,0.0,0.78338,0.09814,0.0,0.0,0.0,0.0,0.181952,0.145173,0.17541,0.0,0.0,0.0,0.0,0.132384,0.0,0.0,0.134078,0.120838,0.267459,0.103506,0.0,2e-06,0.0,2.331534,0.114706,0.0,0.0,0.16531,1.477292,0.0,0.037423,0.0,0.0,0.0,0.0,1.5e-05,0.044597,0.0,0.90448,0.0,0.0,0.0,0.0,0.0,0.187588,0.169776,0.0,0.160696,0.213601,0.0,0.0,0.104081,0.0,0.271435,0.0002,0.0,0.058299,0.193804,0.177227,0.153199,0.0,0.086439,0.0,0.0,0.0,0.0,0.23742,0.161976,0.0,0.154377,0.145649,0.362777,0.0,0.190435,0.008114,1.117883,0.095307,0.0,0.176122,0.171647,0.0,0.0,0.207187,0.0,0.0,0.001675,0.0,0.0,3e-06,0.216093,0.150388,0.0,0.215529,0.214534,0.116554,0.109563,0.099582,0.0,0.215883,0.0,0.0,0.10046,0.111688,0.174047,0.228012,0.0,0.0,1.6e-05,0.0,0.174806,0.181874,0.160386,0.169306,0.0,0.0,0.0,0.210113,0.0,0.0,0.01393,0.122741,0.0,0.09597,0.107528,0.157419,0.0,0.24303,0.0,0.0,0.010109,0.114859,0.0,0.27915,0.0,0.0,0.270577,0.0,0.0,0.0,0.0,0.169504,0.0,0.168672,0.19916,0.487931,0.0,0.0,0.19051,0.106703,0.0,0.106465,0.064615,0.278776,0.364901,0.0,0.0,0.24235,0.161005,0.0,0.0,0.0,0.526877,0.154048,0.0,0.0,0.0,0.0,0.0,0.160362,0.179199,0.157204,0.0,0.0,0.0,0.0,0.184353,0.209945,0.0,0.138378,0.0,0.0,0.0,0.0,0.0,0.0,0.183129,0.0,0.242969,1e-06,0.58229,0.0,0.0,0.118904,0.0,0.200039,0.0,0.158566,2e-06,0.0,0.0,0.0,0.259953,0.161825,0.0,0.123655,0.172432,0.112557,2.6e-05,0.0,0.394421,0.0,0.139629,0.18007,0.0,0.0,0.0,0.097534,0.103187,0.0,0.0,0.208874,0.0,0.211826,0.127208,0.190159,0.008819,0.0,0.180628,0.0,0.0,0.932475,0.309085,0.0739,0.173886,0.131149,0.186409,0.339429,0.118389,0.299464,0.258142,0.16579,0.12246,0.0,0.0,0.0,0.0,0.0,0.293148,0.210147,0.024101,0.0,0.0,0.0,0.23148,0.696907,0.0,0.291094,0.0,0.276635,0.0,0.187484,0.0,0.762684,0.0,0.0,0.0,0.0,0.0,9e-06,0.157787,0.0,0.0,0.215061,0.0,1e-06,0.0,0.0,0.459832,0.039387,0.0,0.0,0.049656,0.0,0.15607,0.10169,0.685638,0.195389,0.0,1.014578,0.1932,0.0,0.0,0.0,0.394481,0.121234,0.0,0.0,0.178875,0.0,0.226075,0.134308,0.0,0.112307,0.152252,0.0,0.0,0.0,4e-06,0.0,0.0,0.215254,0.0,0.0,0.0,0.180857,0.0,0.216576,0.11514,0.183517,0.0,0.0,0.102521,0.099243,0.217976,0.144926,0.0,0.182815,0.0,0.0,0.197291,0.070795,0.144594,0.0
TCGA-78-8662,0.249308,0.0,0.0,0.0,0.0,0.165037,0.10709,0.223673,0.14101,0.200277,0.166003,0.0,0.0,0.0,0.0,0.209052,0.0,0.214772,0.0,0.0,0.118798,0.0,0.0,0.0,0.0,0.0,0.0,0.0,0.0,0.155759,0.0,0.0,0.172964,0.872615,0.119206,0.131915,0.103509,7e-06,0.0,0.0,0.0,0.136792,0.0,0.192652,0.0,0.174437,0.092305,0.0,0.0,0.120478,0.0,0.237152,0.0,0.890208,0.0,0.233592,0.163263,0.0,3e-06,0.154086,0.0,5e-06,0.0,0.092081,0.187656,0.135208,0.157933,0.0,0.526329,0.0,0.0,0.0,0.253315,0.171524,0.0,0.0,0.0,0.0,0.0,0.0,0.0,0.787276,0.133838,0.0,0.0,0.114338,0.0,0.0,0.144575,0.155249,0.163415,0.0,0.002167,0.0,0.515384,0.0,0.0,0.0,0.0,0.161896,0.0,0.0,0.212758,0.204542,0.0,0.0,0.0,0.374506,0.161947,0.104709,0.131469,0.0,0.119265,0.0,0.15162,0.0,0.0,0.582442,0.229655,0.176618,0.300198,0.0,3e-06,0.0,0.0,4.9e-05,0.158332,0.363729,0.219124,0.0,0.0,0.165119,0.0,0.133523,0.196718,0.0,0.234946,0.062705,0.073637,0.0,0.14665,0.092673,0.137454,0.161427,0.157085,0.0,0.0,0.267378,0.0,0.0,0.000268,0.143558,0.213932,0.090291,0.000286,0.131573,0.0,0.095092,0.138551,0.0,0.510528,0.0,0.000127,0.0,0.0,0.012728,0.0,0.0,0.0,0.530699,0.0,0.0,0.133587,0.0,0.0,0.0,0.0,0.0,0.0,0.77789,0.105571,0.0,0.0,0.0,0.0,0.154636,0.17715,0.159757,0.0,0.0,0.0,0.0,0.152413,0.0,0.0,0.151836,0.127411,0.244085,0.114703,0.0,5.5e-05,0.0,2.290172,0.125432,0.0,0.0,0.16175,1.435002,0.0,0.058663,0.0,0.0,0.0,0.0,0.000625,0.062281,0.0,0.923936,0.0,0.0,0.0,0.0,0.0,0.172984,0.151966,0.0,0.201969,0.261682,0.0,0.0,0.116086,0.0,0.227278,0.001857,0.0,0.083778,0.181229,0.172668,0.155287,0.0,0.098093,0.0,0.0,0.0,0.0,0.231799,0.18873,0.0,0.139855,0.135145,0.387446,0.0,0.163523,0.02637,1.116316,0.095053,0.0,0.15513,0.193927,0.0,0.0,0.194821,0.0,0.0,0.00139,0.0,0.0,0.000221,0.186107,0.126858,0.0,0.196365,0.190415,0.133457,0.124656,0.071426,0.0,0.16675,0.0,0.0,0.123648,0.134408,0.175414,0.184138,0.0,0.0,0.0,0.0,0.153554,0.167189,0.146618,0.145042,0.0,0.0,0.0,0.189487,0.0,0.0,0.053269,0.134535,0.0,0.115146,0.122081,0.139351,0.0,0.195098,0.0,0.0,0.010564,0.108732,0.0,0.26262,1e-06,0.0,0.266317,0.0,0.0,0.0,0.0,0.14177,0.0,0.154938,0.177347,0.501303,0.0,0.0,0.171421,0.109295,0.0,0.1134,0.083054,0.278449,0.353851,0.0,0.0,0.210585,0.151526,0.0,0.0,0.0,0.555574,0.144789,1e-06,0.0,0.0,0.0,0.0,0.150637,0.162141,0.174871,0.0,0.0,0.0,0.0,0.159463,0.178975,0.0,0.155746,0.0,0.0,0.0,0.0,0.0,0.0,0.208684,0.0,0.2027,0.0,0.569763,0.0,0.0,0.140218,0.0,0.178526,0.0,0.193492,1e-05,0.0,0.0,0.0,0.214129,0.154423,0.0,0.124666,0.162072,0.111201,0.000328,0.0,0.397966,0.0,0.146158,0.168754,1e-06,0.0,0.0,0.109307,0.118799,0.0,0.0,0.219018,0.0,0.174733,0.158602,0.222188,0.023771,0.0,0.169052,0.0,0.0,0.908612,0.282932,0.047977,0.15764,0.14686,0.167546,0.353233,0.144054,0.323193,0.291382,0.172913,0.133736,0.0,0.0,0.0,0.0,0.0,0.228929,0.199913,0.02965,0.0,0.0,0.0,0.18627,0.729158,0.0,0.323722,0.0,0.266157,0.0,0.168464,0.0,0.790394,0.0,0.0,0.0,0.0,0.0,0.001103,0.158537,0.0,0.0,0.185705,0.0,0.0,0.0,0.0,0.445912,0.059163,0.0,0.0,0.061136,0.0,0.17073,0.118033,0.649953,0.169071,0.0,1.016874,0.156869,0.0,0.0,0.0,0.436065,0.136984,0.0,0.0,0.191814,0.0,0.220426,0.137558,0.0,0.132993,0.13554,0.0,0.0,0.0,8e-06,0.0,0.0,0.175899,0.0,0.0,0.0,0.213321,0.0,0.17446,0.121663,0.178253,0.0,0.0,0.101824,0.116267,0.215836,0.167739,0.0,0.168812,0.0,0.0,0.159429,0.07509,0.166076,0.0
TCGA-85-6561,0.375721,0.0,0.0,0.0,0.0,0.229292,0.051383,0.329357,0.08723,0.287226,0.226275,0.0,0.0,0.0,0.0,0.335271,0.0,0.240848,0.0,0.0,0.070244,0.0,0.0,0.0,0.0,0.0,0.0,0.0,0.0,0.235184,1e-06,0.0,0.239692,0.799732,0.171455,0.081109,0.05314,0.0,0.0,0.0,0.0,0.08543,0.0,0.264146,0.0,0.106785,0.130685,0.0,0.0,0.069681,0.0,0.255126,0.0,0.946113,0.0,0.141549,0.226806,0.0,0.0,0.217402,0.0,4e-06,0.0,0.115633,0.209206,0.092709,0.21023,0.0,0.448628,0.0,0.0,0.0,0.189225,0.236836,0.0,0.0,0.0,0.0,0.0,0.0,0.0,0.765321,0.190235,0.0,0.0,0.138013,1e-06,0.0,0.189503,0.193598,0.201786,0.0,0.000202,0.0,0.449051,0.0,0.0,0.0,0.0,0.219359,0.0,0.0,0.322472,0.304612,0.0,0.0,0.0,0.371037,0.230846,0.085633,0.156909,0.0,0.075539,0.0,0.10634,0.0,0.0,0.509581,0.343698,0.11839,0.225295,0.0,5e-06,0.0,0.0,0.0,0.129964,0.326198,0.352388,1e-06,0.0,0.216694,0.0,0.067386,0.113328,0.0,0.177904,0.075466,0.101622,0.0,0.09085,0.084384,0.121935,0.106778,0.097831,0.0,0.0,0.188071,0.0,0.0,3e-06,0.082205,0.13815,0.057587,7e-06,0.188678,0.0,0.117464,0.210911,0.0,0.458504,0.0,1e-06,0.0,0.0,0.002082,0.0,0.0,0.0,0.455224,0.0,0.0,0.202959,0.0,0.0,0.0,0.0,9e-06,0.0,0.741677,0.138774,0.0,0.0,0.0,0.0,0.210463,0.106554,0.231085,0.0,0.0,0.0,0.0,0.103037,0.0,0.0,0.097327,0.167456,0.275805,0.082068,0.0,0.000137,0.0,2.333002,0.142411,0.0,0.0,0.12877,1.455818,0.0,0.018849,0.0,0.0,0.0,0.0,8e-06,0.036502,0.0,0.856729,0.0,0.0,0.0,0.0,0.0,0.265194,0.21111,0.0,0.119604,0.172924,0.0,0.0,0.07609,0.0,0.327167,0.001812,0.0,0.094962,0.242309,0.236453,0.20407,0.0,0.053028,0.0,0.0,0.0,0.0,0.198348,0.126838,0.0,0.199904,0.193821,0.291711,0.0,0.232891,0.025174,1.083677,0.058913,0.0,0.195687,0.116531,0.0,0.0,0.252509,0.0,0.0,0.002004,0.0,0.0,1e-06,0.278244,0.189171,0.0,0.276172,0.267768,0.075131,0.067904,0.10981,0.0,0.237018,0.0,0.0,0.071775,0.078764,0.221894,0.282229,0.0,0.0,1.1e-05,0.0,0.225759,0.230502,0.199039,0.186543,0.0,0.0,0.0,0.256785,0.0,0.0,0.015759,0.087242,0.0,0.0661,0.068883,0.16088,0.0,0.215615,0.0,0.0,0.008684,0.126855,0.0,0.249487,2e-06,0.0,0.220966,0.0,0.0,0.0,0.0,0.208319,0.0,0.197443,0.246908,0.453886,0.0,0.0,0.244883,0.141427,0.0,0.077758,0.034427,0.304097,0.316833,0.0,0.0,0.296043,0.216684,0.0,0.0,0.0,0.476121,0.201464,0.0,0.0,0.0,0.0,0.0,0.207342,0.217234,0.10521,0.0,0.0,0.0,0.0,0.217471,0.250071,0.0,0.10745,0.0,0.0,0.0,0.0,0.0,0.0,0.14048,0.0,0.285594,0.0,0.565635,0.0,0.0,0.085348,0.0,0.24785,0.0,0.11304,1e-06,0.0,0.0,0.0,0.327594,0.217691,0.0,0.158951,0.229011,0.08133,1.7e-05,0.0,0.360625,0.0,0.084052,0.235965,0.0,0.0,0.0,0.069662,0.062756,0.0,0.0,0.248646,0.0,0.267102,0.086916,0.142436,0.011453,0.0,0.243589,0.0,0.0,0.881601,0.328768,0.056622,0.227609,0.088918,0.21753,0.281025,0.083819,0.268947,0.276948,0.211017,0.077125,0.0,0.0,0.0,0.0,0.0,0.358057,0.24379,0.008131,0.0,0.0,0.0,0.271379,0.638954,0.0,0.231317,0.0,0.29545,0.0,0.229401,0.0,0.720886,0.0,0.0,0.0,0.0,0.0,1.1e-05,0.133312,0.0,0.0,0.252163,0.0,0.0,0.0,0.0,0.44024,0.020059,0.0,0.0,0.031795,0.0,0.114681,0.066656,0.66138,0.25347,0.0,0.966578,0.22939,0.0,0.0,0.0,0.333966,0.081834,0.0,0.0,0.17386,0.0,0.1998,0.181363,0.0,0.072517,0.188193,0.0,0.0,0.0,2e-06,0.0,0.0,0.267341,0.0,0.0,0.0,0.15001,0.0,0.261049,0.083732,0.226852,0.0,0.0,0.113346,0.069596,0.254256,0.101436,0.0,0.199602,0.0,0.0,0.2399,0.050207,0.100629,0.0
TCGA-85-6798,0.289913,0.0,0.0,0.0,0.0,0.200267,0.07711,0.261463,0.105753,0.23352,0.188898,5.9e-05,0.0,0.0,0.0,0.247195,0.0,0.234639,0.0,0.0,0.086523,0.0,0.0,0.0,0.0,0.0,0.0,0.0,0.0,0.194764,2e-06,0.0,0.199127,0.832819,0.127437,0.106884,0.069168,8e-06,0.0,0.0,0.0,0.106658,0.0,0.214946,0.0,0.141769,0.105584,0.0,0.0,0.092883,0.0,0.24331,0.0,0.879194,0.0,0.179526,0.188285,0.0,1e-06,0.185256,1e-06,1e-06,0.0,0.115633,0.225432,0.114871,0.18367,0.0,0.494337,0.0,0.0,0.0,0.226493,0.19332,0.0,0.0,0.0,0.0,0.0,0.0,0.0,0.769457,0.163541,0.0,0.0,0.142432,0.0,0.0,0.175531,0.171496,0.174828,0.0,0.001805,0.0,0.482366,0.0,0.0,0.0,0.0,0.200854,0.0,0.0,0.2478,0.230554,0.0,0.0,0.0,0.378096,0.197423,0.089954,0.152758,0.0,0.087263,0.0,0.131383,0.0,0.0,0.558062,0.276998,0.139794,0.267483,0.0,1.5e-05,0.0,0.0,0.0,0.13246,0.346836,0.260162,2e-06,1e-06,0.183712,0.0,0.095066,0.150866,0.0,0.208837,0.051194,0.094557,0.0,0.110137,0.1058,0.108648,0.132625,0.121667,0.0,0.0,0.229548,0.0,0.0,1.6e-05,0.101588,0.169953,0.066419,9e-06,0.149858,0.0,0.105608,0.16461,0.0,0.486301,0.0,1.2e-05,0.0,0.0,0.023724,0.0,0.0,0.0,0.501403,0.0,0.0,0.17171,0.0,0.0,0.0,0.0,0.0,0.0,0.755488,0.139686,0.0,0.0,0.0,0.0,0.175281,0.143764,0.194377,0.0,0.0,0.0,0.0,0.116667,6e-06,0.0,0.124696,0.150571,0.259854,0.095035,0.0,0.000345,0.0,2.287166,0.146668,0.0,0.0,0.129714,1.413082,0.0,0.038929,0.0,0.0,0.0,0.0,1.5e-05,0.071229,0.0,0.892628,0.0,0.0,0.0,0.0,2e-06,0.199175,0.174543,0.0,0.163193,0.214766,0.0,0.0,0.106791,0.0,0.254149,0.002083,0.0,0.112806,0.214518,0.215904,0.179247,0.0,0.079096,0.0,0.0,0.0,0.0,0.210734,0.165343,0.0,0.167477,0.163079,0.348893,0.0,0.18696,0.021336,1.074579,0.064054,0.0,0.169256,0.147601,0.0,0.0,0.221653,0.0,0.0,8.5e-05,0.0,0.0,1e-06,0.223829,0.16458,1.9e-05,0.217419,0.215316,0.091352,0.088547,0.093232,0.0,0.192612,0.0,0.0,0.093776,0.096019,0.205674,0.212575,0.0,0.0,1.2e-05,0.0,0.185761,0.215865,0.181651,0.163791,0.0,0.0,0.0,0.209155,0.0,0.0,0.04278,0.107966,0.0,0.090138,0.089775,0.153166,0.0,0.205986,0.0,0.0,0.006926,0.126517,0.0,0.263629,1e-06,0.0,0.238751,0.0,1e-06,0.0,0.0,0.172002,0.0,0.166736,0.203478,0.483901,0.0,0.0,0.202749,0.14627,0.0,0.084535,0.065197,0.297785,0.32618,0.0,0.0,0.240669,0.181037,0.0,0.0,0.0,0.519209,0.1655,0.0,0.0,0.0,0.0,0.0,0.184716,0.180138,0.135948,0.0,0.0,0.0,0.0,0.193004,0.211539,0.0,0.126097,0.0,0.0,0.0,0.0,0.0,0.0,0.179508,0.0,0.226014,0.0,0.566147,0.0,0.0,0.110944,0.0,0.216822,0.0,0.156265,0.0,0.0,0.0,0.0,0.259452,0.186521,0.0,0.15849,0.188924,0.08616,4.5e-05,0.0,0.370776,0.0,0.104365,0.194403,0.0,0.0,0.0,0.093805,0.084882,8e-06,0.0,0.231496,0.0,0.212073,0.112219,0.17713,0.022855,0.0,0.204412,0.0,0.0,0.875726,0.296583,0.029652,0.19308,0.11721,0.188328,0.309354,0.113278,0.298199,0.300355,0.193947,0.096187,0.0,5e-06,0.0,0.0,0.0,0.262028,0.232617,0.027521,0.0,0.0,0.0,0.213206,0.688114,0.0,0.2923,0.0,0.282802,0.0,0.191806,0.0,0.76667,0.0,0.0,0.0,0.0,0.0,9.3e-05,0.135254,0.0,0.0,0.214682,0.0,0.0,3e-06,0.0,0.453355,0.040133,0.0,0.0,0.04167,0.0,0.134085,0.084379,0.628765,0.198268,0.0,0.982555,0.190947,0.0,0.0,0.0,0.403243,0.106982,0.0,0.0,0.205295,0.0,0.201284,0.167857,0.0,0.086649,0.162756,0.0,0.0,0.0,5e-06,0.0,0.0,0.203077,0.0,3.3e-05,0.0,0.186325,0.0,0.204725,0.095238,0.191976,0.0,0.0,0.100498,0.087918,0.232388,0.126681,0.0,0.174439,0.0,0.0,0.191252,0.061653,0.123886,0.0
TCGA-85-8072,0.365914,0.0,0.0,0.0,0.0,0.22038,0.055618,0.326214,0.070272,0.288743,0.23682,8.4e-05,0.0,0.0,0.0,0.32529,0.0,0.224705,0.0,0.0,0.0539,0.0,0.0,0.0,0.0,0.0,0.0,0.0,0.0,0.232363,0.0,0.0,0.241181,0.711422,0.167362,0.072923,0.050271,4e-06,0.0,0.0,0.0,0.074281,0.0,0.268344,0.0,0.088541,0.113477,0.0,0.0,0.061817,0.0,0.251425,0.0,0.841778,0.0,0.116778,0.223127,0.0,1e-06,0.221858,2e-06,0.0,0.0,0.119364,0.204783,0.081515,0.206913,0.0,0.401864,0.0,0.0,0.0,0.165555,0.235113,0.0,0.0,0.0,0.0,0.0,0.0,0.0,0.667714,0.191004,0.0,0.0,0.151128,0.0,0.0,0.201049,0.191921,0.206357,0.0,0.000866,0.0,0.403249,0.0,0.0,0.0,0.0,0.216621,0.0,0.0,0.334889,0.290219,0.0,0.0,0.0,0.326278,0.223578,0.061711,0.16884,0.0,0.05769,0.0,0.087883,0.0,0.0,0.456061,0.352165,0.08748,0.188438,0.0,9e-06,0.0,0.0,1e-06,0.09279,0.306089,0.341437,0.0,1.7e-05,0.221271,0.0,0.065092,0.10307,0.0,0.149246,0.069831,0.086278,0.0,0.074184,0.101125,0.083163,0.08199,0.08378,0.0,0.0,0.16551,0.0,0.0,7.8e-05,0.065162,0.109982,0.042142,0.000516,0.187678,0.0,0.132062,0.1878,0.0,0.398166,0.0,1.6e-05,0.0,0.0,0.014108,0.0,0.0,0.0,0.39949,0.0,1e-06,0.192354,0.0,2e-06,0.0,0.0,0.0,1e-05,0.665444,0.13296,0.0,0.0,0.0,0.0,0.219796,0.093522,0.220295,0.0,0.0,0.0,0.0,0.074504,5e-06,0.0,0.080946,0.165268,0.257992,0.061707,0.0,3.3e-05,0.0,2.112404,0.154668,0.0,8e-06,0.108194,1.323144,0.0,0.025822,0.0,0.0,0.0,0.0,0.000319,0.05211,0.0,0.784331,0.0,0.0,0.0,0.0,2e-06,0.243771,0.206099,0.0,0.103741,0.133807,0.0,0.0,0.072734,0.0,0.320311,0.004718,0.0,0.094435,0.252327,0.246763,0.203817,0.0,0.05479,0.0,0.0,0.0,0.0,0.177752,0.118608,0.0,0.197387,0.186815,0.265492,0.0,0.224551,0.032866,0.967496,0.048059,0.0,0.20865,0.101063,0.0,0.0,0.23847,0.0,0.0,0.000619,0.0,0.0,1.4e-05,0.273369,0.182839,1.7e-05,0.269165,0.268975,0.062768,0.064284,0.106852,0.0,0.254478,0.0,0.0,0.062278,0.069084,0.222838,0.266686,0.0,1e-06,2e-06,0.0,0.219481,0.242779,0.210569,0.202779,0.0,0.0,0.0,0.26373,0.0,0.0,0.028764,0.071498,0.0,0.058,0.061091,0.1481,0.0,0.195803,0.0,0.0,0.004777,0.134185,0.0,0.232975,0.0,0.0,0.186832,0.0,0.0,0.0,0.0,0.196533,0.0,0.204239,0.248712,0.393079,0.0,1e-06,0.249499,0.14694,0.0,0.059913,0.048757,0.278333,0.277473,0.0,0.0,0.296187,0.208433,0.0,0.0,0.0,0.429953,0.186385,0.0,0.0,0.0,0.0,0.0,0.221125,0.221931,0.092182,0.0,0.0,0.0,0.0,0.228596,0.251637,0.0,0.081639,0.0,0.0,0.0,0.0,0.0,0.0,0.115948,0.0,0.296082,4e-06,0.49824,0.0,0.0,0.072866,0.0,0.254552,0.0,0.10513,0.0,0.0,0.0,0.0,0.321747,0.21427,0.0,0.16385,0.224258,0.06,3.5e-05,0.0,0.306399,0.0,0.080349,0.232812,0.0,0.0,0.0,0.065902,0.056854,6e-06,0.0,0.23792,0.0,0.253513,0.075141,0.11259,0.01177,0.0,0.236965,0.0,0.0,0.792915,0.302024,0.036587,0.223541,0.076434,0.224448,0.240989,0.071058,0.23582,0.263241,0.215759,0.066258,0.0,4e-06,0.0,0.0,0.0,0.348009,0.259048,0.021007,0.0,0.0,0.0,0.266021,0.566301,0.0,0.203288,0.0,0.286543,0.0,0.235644,0.0,0.655444,0.0,0.0,0.0,0.0,0.0,3.6e-05,0.102396,0.0,0.0,0.252245,0.0,3e-06,3e-06,0.0,0.416724,0.028033,0.0,0.0,0.029485,0.0,0.090314,0.061205,0.571058,0.240132,0.0,0.862988,0.238458,0.0,0.0,0.0,0.281587,0.069876,0.0,0.0,0.183509,0.0,0.164941,0.194145,0.0,0.059013,0.193312,0.0,0.0,0.0,6e-06,0.0,0.0,0.259364,0.0,1.8e-05,0.0,0.118338,0.0,0.269115,0.062917,0.233747,0.0,0.0,0.128336,0.059404,0.240239,0.083404,0.0,0.214562,0.0,0.0,0.240794,0.042266,0.082849,0.0
TCGA-85-8276,0.24405,0.0,0.0,0.0,0.0,0.161185,0.119405,0.219644,0.143702,0.194751,0.157622,7.1e-05,0.0,0.0,0.0,0.213574,0.0,0.237221,0.0,0.0,0.115912,0.0,0.0,1e-06,0.0,0.0,0.0,0.0,0.0,0.167776,6e-06,0.0,0.164035,0.887224,0.124652,0.14682,0.100107,4e-06,0.0,0.0,0.0,0.135033,0.0,0.187066,0.0,0.17129,0.115445,0.0,0.0,0.128607,0.0,0.230693,0.0,0.902987,0.0,0.229714,0.159197,0.0,2.7e-05,0.157708,2e-06,1e-06,0.0,0.09793,0.202143,0.154507,0.156048,1e-06,0.522281,0.0,0.0,0.0,0.255164,0.167368,0.0,0.0,0.0,0.0,0.0,0.0,0.0,0.802661,0.147465,0.0,0.0,0.112634,0.0,0.0,0.141376,0.151551,0.160789,0.0,0.001718,0.0,0.514038,0.0,0.0,0.0,0.0,0.167073,0.0,0.0,0.211023,0.190423,0.0,0.0,0.0,0.374255,0.16211,0.117178,0.143983,0.0,0.117352,1e-06,0.168159,0.0,0.0,0.572584,0.246307,0.151262,0.296806,0.0,8e-06,0.0,0.0,6e-06,0.155471,0.358214,0.224839,0.0,6.2e-05,0.149733,0.0,0.137197,0.201516,0.0,0.247141,0.067188,0.079167,0.0,0.149554,0.094569,0.132948,0.159206,0.165712,0.0,0.0,0.254772,0.0,0.0,0.001498,0.129682,0.203376,0.07767,0.00428,0.125286,0.0,0.100533,0.132292,0.0,0.531988,0.0,1.7e-05,0.0,0.0,0.036947,0.0,0.0,0.0,0.538235,0.0,2e-06,0.154057,0.0,1e-06,0.0,0.0,0.0,0.0,0.798622,0.114048,0.0,0.0,0.0,0.0,0.148069,0.177324,0.159591,0.0,0.0,0.0,0.0,0.144071,1e-05,0.0,0.16021,0.120892,0.247326,0.123636,0.0,0.000213,0.0,2.3059,0.124467,0.0,1e-06,0.158298,1.435044,0.0,0.062803,0.0,0.0,0.0,0.0,0.002262,0.08083,0.0,0.938499,0.0,0.0,0.0,0.0,4e-06,0.17484,0.152619,0.0,0.192593,0.258584,0.0,0.0,0.130043,0.0,0.224003,0.001836,0.0,0.086932,0.174102,0.179667,0.144686,0.0,0.116389,0.0,0.0,0.0,0.0,0.244617,0.188603,0.0,0.139791,0.133648,0.387636,0.0,0.166802,0.017629,1.128213,0.090063,0.0,0.150953,0.190049,0.0,0.0,0.190393,0.0,0.0,5.6e-05,0.0,0.0,0.000619,0.187882,0.142434,1.2e-05,0.185152,0.188142,0.117357,0.12136,0.099752,0.0,0.158196,0.0,0.0,0.120383,0.137217,0.184796,0.184545,0.0,0.0,1e-06,0.0,0.157783,0.184731,0.156651,0.144145,0.0,0.0,0.0,0.179307,0.0,0.0,0.041717,0.140385,0.0,0.119982,0.113153,0.146356,1e-06,0.216468,0.0,0.0,0.010066,0.110428,0.0,0.271157,6e-06,0.0,0.268363,2e-06,0.0,0.0,0.0,0.143557,0.0,0.142663,0.181829,0.501939,0.0,4e-06,0.181569,0.131821,0.0,0.10728,0.101208,0.270813,0.362071,0.0,0.0,0.205422,0.15473,0.0,0.0,0.0,0.53854,0.148866,0.000185,0.0,0.0,0.0,0.0,0.161339,0.154738,0.177979,0.0,0.0,0.0,0.0,0.156421,0.175228,0.0,0.154599,0.0,1e-06,0.0,0.0,1.6e-05,0.0,0.217053,0.0,0.201969,1e-05,0.572114,0.0,0.0,0.147169,0.0,0.189327,0.0,0.199042,2e-06,0.0,0.0,0.0,0.227784,0.154003,0.0,0.125841,0.16361,0.107725,0.000206,0.0,0.410884,0.0,0.144593,0.159394,1e-06,0.0,0.0,0.126039,0.108959,5e-06,0.0,0.198018,0.0,0.176625,0.144525,0.21932,0.031022,0.0,0.171801,0.0,0.0,0.908008,0.282925,0.052489,0.169358,0.148817,0.155335,0.349619,0.148338,0.323394,0.284046,0.160739,0.122741,0.0,2.9e-05,1e-06,0.0,0.0,0.227532,0.209273,0.051777,2e-06,0.0,0.0,0.199877,0.727287,0.0,0.338032,0.0,0.274226,0.0,0.165717,0.0,0.802304,1e-06,0.0,0.0,0.0,0.0,0.000395,0.154374,0.0,1e-06,0.204896,0.0,7e-06,2e-06,0.0,0.461707,0.063821,0.0,0.0,0.062416,0.0,0.171907,0.111662,0.656878,0.173557,0.0,1.02302,0.163697,0.0,0.0,0.0,0.455479,0.141323,0.0,0.0,0.196804,0.0,0.227392,0.148593,0.0,0.11779,0.136172,0.0,0.0,0.0,4.3e-05,0.0,0.0,0.16946,0.0,2e-05,0.0,0.218061,0.0,0.181942,0.117946,0.169349,0.0,0.0,0.112193,0.115687,0.207003,0.155532,0.0,0.153639,0.0,0.0,0.158149,0.082012,0.155291,0.0
TCGA-85-8350,0.239332,0.0,0.0,0.0,0.0,0.166534,0.109321,0.228014,0.136655,0.193428,0.156979,0.0,0.0,0.0,0.0,0.202864,0.0,0.254356,0.0,0.0,0.127878,0.0,0.0,0.0,0.0,0.0,0.0,0.0,0.0,0.164943,2e-06,0.0,0.168722,0.966823,0.119368,0.135826,0.099762,0.0,0.0,0.0,0.0,0.146185,0.0,0.186314,0.0,0.206736,0.116245,0.0,0.0,0.131362,0.0,0.253396,0.0,0.970748,0.0,0.264185,0.177637,0.0,0.0,0.158867,0.0,1e-06,0.0,0.107018,0.217185,0.163277,0.170183,0.0,0.595865,0.0,0.0,0.0,0.281564,0.175763,0.0,0.0,0.0,0.0,0.0,0.0,0.0,0.884204,0.142032,0.0,0.0,0.126175,0.0,0.0,0.161218,0.161902,0.162514,0.0,0.000814,0.0,0.572166,0.0,0.0,0.0,0.0,0.190139,0.0,0.0,0.195303,0.191157,0.0,0.0,0.0,0.433976,0.161737,0.121883,0.13874,0.0,0.132191,0.0,0.179536,0.0,0.0,0.657293,0.227932,0.199388,0.345837,0.0,2.6e-05,0.0,0.0,0.0,0.169698,0.403879,0.2143,0.0,0.0,0.165604,0.0,0.138252,0.223488,0.0,0.267906,0.058653,0.096624,0.0,0.164627,0.111934,0.145261,0.18985,0.179715,0.0,0.0,0.294183,0.0,0.0,3e-06,0.149177,0.236295,0.099393,1.8e-05,0.132495,0.0,0.097243,0.140803,0.0,0.575755,0.0,8e-06,0.0,0.0,0.006731,0.0,0.0,0.0,0.612591,0.0,1e-06,0.163516,0.0,0.0,0.0,0.0,3e-06,0.0,0.864382,0.126243,0.0,0.0,0.0,0.0,0.145705,0.221193,0.170428,0.0,0.0,0.0,0.0,0.172459,0.0,0.0,0.173944,0.134462,0.282076,0.127207,0.0,0.000341,0.0,2.501574,0.141235,0.0,0.0,0.165655,1.56352,0.0,0.047382,0.0,0.0,0.0,0.0,1.9e-05,0.091047,0.0,1.022225,0.0,0.0,0.0,0.0,0.0,0.170206,0.160896,0.0,0.230627,0.316282,0.0,0.0,0.16137,0.0,0.207087,0.000981,0.0,0.10466,0.187517,0.189575,0.162845,0.0,0.100417,0.0,0.0,0.0,0.0,0.254453,0.224501,0.0,0.150401,0.143852,0.43444,0.0,0.177699,0.027153,1.222211,0.114584,0.0,0.152451,0.211625,0.0,0.0,0.209569,0.0,0.0,0.000251,0.0,0.0,1e-06,0.187613,0.14765,0.0,0.199612,0.183698,0.13879,0.136294,0.102274,0.0,0.1522,0.0,0.0,0.138693,0.146842,0.187409,0.19014,0.0,0.0,2e-06,0.0,0.159096,0.193005,0.157955,0.144729,0.0,0.0,0.0,0.175351,0.0,0.0,0.049501,0.151116,0.0,0.130128,0.130873,0.168127,0.0,0.240868,0.0,0.0,0.006309,0.124742,0.0,0.315682,8e-06,0.0,0.294293,0.0,1e-06,0.0,0.0,0.160019,0.0,0.141695,0.184656,0.585781,0.0,0.0,0.178247,0.142472,0.0,0.119321,0.076311,0.305394,0.385713,0.0,0.0,0.203566,0.158304,0.0,0.0,0.0,0.619998,0.163018,0.0,0.0,0.0,0.0,0.0,0.158823,0.157155,0.19515,0.0,0.0,0.0,0.0,0.173801,0.174634,0.0,0.178107,0.0,0.0,0.0,0.0,0.0,0.0,0.24779,0.0,0.188588,0.0,0.650185,0.0,0.0,0.167767,0.0,0.189158,0.0,0.230382,2.2e-05,0.0,0.0,0.0,0.224093,0.158359,0.0,0.136789,0.168973,0.110826,5.4e-05,0.0,0.446277,0.0,0.150945,0.169437,0.0,0.0,0.0,0.120646,0.118857,0.0,0.0,0.23587,0.0,0.186275,0.163746,0.263634,0.037354,0.0,0.180871,0.0,0.0,1.001009,0.304912,0.042276,0.181656,0.159382,0.162265,0.388958,0.155082,0.350864,0.322948,0.181147,0.139425,0.0,1e-06,0.0,0.0,0.0,0.216256,0.21134,0.02507,0.0,0.0,0.0,0.205085,0.812159,0.0,0.371113,0.0,0.296601,0.0,0.17008,0.0,0.877808,0.0,0.0,0.0,0.0,0.0,6.3e-05,0.167446,0.0,0.0,0.193697,0.0,0.0,0.0,0.0,0.519548,0.046867,0.0,0.0,0.075268,0.0,0.188246,0.124817,0.720553,0.174952,0.0,1.125064,0.163365,0.0,0.0,0.0,0.52717,0.148653,0.0,0.0,0.229191,0.0,0.236426,0.150466,0.0,0.132234,0.136765,0.0,0.0,0.0,1.4e-05,0.0,0.0,0.168405,0.0,0.0,0.0,0.248807,0.0,0.147681,0.13589,0.176968,0.0,0.0,0.082437,0.123012,0.23296,0.182145,0.0,0.158439,0.0,0.0,0.154304,0.081368,0.178165,0.0
TCGA-85-8355,0.216654,0.0,0.0,0.0,0.0,0.169571,0.110997,0.206487,0.151412,0.177133,0.145742,0.0,0.0,0.0,0.0,0.183413,0.0,0.237797,0.0,0.0,0.134855,0.0,0.0,1e-06,0.0,0.0,0.0,0.0,0.0,0.154699,1.2e-05,0.0,0.164306,0.952341,0.113438,0.141492,0.106735,0.0,0.0,0.0,0.0,0.149485,0.0,0.162853,0.0,0.222083,0.097687,0.0,0.0,0.137269,0.0,0.240262,0.0,0.94069,0.0,0.274972,0.1607,0.0,0.0,0.144022,0.0,2e-06,0.0,0.097507,0.221056,0.15678,0.16075,0.0,0.58732,0.0,0.0,0.0,0.291877,0.154761,0.0,0.0,0.0,0.0,0.0,0.0,0.0,0.875843,0.131231,0.0,0.0,0.120267,0.0,0.0,0.156488,0.150064,0.150986,0.0,0.000473,0.0,0.569005,0.0,0.0,0.0,0.0,0.176795,0.0,0.0,0.177283,0.172445,0.0,0.0,0.0,0.430747,0.159366,0.122598,0.1231,0.0,0.135387,0.0,0.182792,0.0,0.0,0.661607,0.204958,0.210639,0.349634,0.0,0.000227,0.0,0.0,0.0,0.176316,0.393677,0.188194,0.0,1e-05,0.154711,0.0,0.139884,0.226529,0.0,0.272612,0.048199,0.097246,0.0,0.170767,0.109324,0.143349,0.194082,0.177843,0.0,0.0,0.303623,0.0,0.0,3e-06,0.156267,0.253151,0.106829,2e-06,0.119352,0.0,0.081807,0.129906,0.0,0.566221,0.0,0.0,0.0,0.0,0.004927,0.0,0.0,0.0,0.601591,0.0,4e-06,0.144322,0.0,0.0,0.0,0.0,0.0,0.0,0.858143,0.127344,0.0,0.0,0.0,0.0,0.137724,0.219501,0.160866,0.0,0.0,0.0,0.0,0.173889,0.0,0.0,0.176673,0.133981,0.262048,0.136308,0.0,0.000196,0.0,2.459741,0.131886,0.0,0.0,0.163148,1.536033,0.0,0.04719,0.0,0.0,0.0,0.0,3e-06,0.076136,0.0,1.004643,0.0,0.0,0.0,0.0,7e-06,0.154621,0.139903,0.0,0.244433,0.323121,0.0,0.0,0.151763,0.0,0.183939,0.000602,0.0,0.1052,0.175611,0.168843,0.147712,0.0,0.102966,0.0,0.0,0.0,0.0,0.248697,0.234307,0.0,0.140313,0.137773,0.438786,0.0,0.157673,0.013713,1.203907,0.107427,0.0,0.134305,0.218725,0.0,0.0,0.19657,0.0,0.0,0.000297,0.0,0.0,0.0,0.169193,0.136387,0.0,0.180641,0.164863,0.147517,0.130541,0.087401,0.0,0.136394,0.0,0.0,0.143417,0.148204,0.176327,0.168805,0.0,0.0,4e-06,0.0,0.144415,0.175686,0.137968,0.132804,0.0,0.0,0.0,0.16785,0.0,0.0,0.050109,0.155318,0.0,0.131465,0.134907,0.152148,0.0,0.22441,0.0,0.0,0.010169,0.103775,0.0,0.300192,1.8e-05,0.0,0.29154,0.0,1.1e-05,0.0,0.0,0.150277,0.0,0.128581,0.162215,0.575879,0.0,0.0,0.15979,0.126529,0.0,0.12924,0.07193,0.311924,0.378212,0.0,0.0,0.181478,0.147308,0.0,0.0,0.0,0.614104,0.14441,0.0,0.0,0.0,0.0,0.0,0.142765,0.144864,0.199133,0.0,0.0,0.0,0.0,0.158149,0.169871,0.0,0.190804,0.0,0.0,0.0,0.0,0.0,0.0,0.264152,0.0,0.164964,0.0,0.634174,0.0,0.0,0.175328,0.0,0.174772,0.0,0.228464,1.4e-05,0.0,0.0,0.0,0.200121,0.15124,0.0,0.137133,0.149684,0.117877,1.7e-05,0.0,0.44159,0.0,0.156889,0.159355,0.0,0.0,0.0,0.126905,0.131212,0.0,0.0,0.22255,0.0,0.173443,0.169845,0.26723,0.029648,0.0,0.165677,0.0,0.0,0.988538,0.29812,0.039007,0.16163,0.16566,0.146681,0.38461,0.162054,0.363991,0.319098,0.165562,0.144365,0.0,4e-06,0.0,0.0,0.0,0.193101,0.199242,0.01978,0.0,0.0,0.0,0.176856,0.809288,0.0,0.3831,0.0,0.280658,0.0,0.147223,0.0,0.865685,0.0,0.0,0.0,0.0,0.0,2e-06,0.170564,0.0,0.0,0.17018,0.0,0.0,0.0,0.0,0.500403,0.050428,0.0,0.0,0.072549,0.0,0.192799,0.126063,0.70957,0.158389,0.0,1.111975,0.146827,0.0,0.0,0.0,0.519351,0.151677,0.0,0.0,0.216197,0.0,0.242967,0.135554,0.0,0.140409,0.126789,0.0,0.0,0.0,8.1e-05,0.0,0.0,0.152918,0.0,1e-06,0.0,0.257461,0.0,0.13635,0.145093,0.155518,0.0,0.0,0.07164,0.130996,0.223961,0.19534,0.0,0.141564,0.0,0.0,0.140574,0.082687,0.182364,0.0
TCGA-85-8580,0.384192,0.0,0.0,0.0,0.0,0.249118,0.03434,0.344519,0.054632,0.305178,0.241386,1e-06,0.0,0.0,0.0,0.336438,0.0,0.225685,0.0,0.0,0.051404,0.0,0.0,0.0,0.0,0.0,0.0,0.0,0.0,0.25069,1e-06,0.0,0.257871,0.727901,0.150216,0.05531,0.033233,0.0,0.0,0.0,0.0,0.059568,0.0,0.274727,0.0,0.085396,0.113497,0.0,0.0,0.048948,0.0,0.260912,0.0,0.859084,0.0,0.107195,0.242975,0.0,0.0,0.225978,0.0,1e-06,0.0,0.144759,0.24193,0.061651,0.232969,1e-06,0.420581,0.0,0.0,0.0,0.160558,0.248564,0.0,0.0,0.0,0.0,0.0,0.0,0.0,0.688823,0.2043,0.0,0.0,0.166633,0.0,0.0,0.216261,0.203977,0.21889,0.0,0.000175,0.0,0.401528,0.0,0.0,0.0,0.0,0.247705,0.0,0.0,0.327091,0.307728,0.0,0.0,0.0,0.353848,0.259099,0.054783,0.176604,0.0,0.048863,0.0,0.074676,0.0,0.0,0.482395,0.352479,0.095827,0.194181,0.0,2.1e-05,0.0,0.0,0.0,0.094718,0.299899,0.354634,1e-06,0.0,0.242534,0.0,0.0474,0.080521,0.0,0.143508,0.045872,0.120026,0.0,0.059983,0.1048,0.080065,0.079876,0.066809,0.0,0.0,0.165408,0.0,0.0,5e-06,0.06106,0.109319,0.039658,1e-05,0.196593,0.0,0.135604,0.222442,0.0,0.405549,0.0,0.0,1e-06,0.0,0.00153,0.0,0.0,0.0,0.414252,0.0,3e-06,0.204838,0.0,0.0,4e-06,0.0,0.0,0.0,0.669358,0.166985,0.0,0.0,0.0,0.0,0.221839,0.084358,0.253533,0.0,0.0,0.0,0.0,0.071107,1e-06,0.0,0.070889,0.190663,0.261195,0.053051,0.0,0.000347,0.0,2.190394,0.170252,0.0,0.0,0.091121,1.343185,0.0,0.012339,0.0,0.0,0.0,0.0,1.5e-05,0.040199,0.0,0.794685,0.0,0.0,0.0,0.0,0.0,0.266401,0.229316,0.0,0.09632,0.134179,0.0,0.0,0.058235,0.0,0.328895,0.002342,0.0,0.124515,0.270397,0.266953,0.230694,0.0,0.036182,0.0,0.0,0.0,0.0,0.159672,0.109018,0.0,0.220452,0.20842,0.259815,0.0,0.245956,0.038858,0.995236,0.037998,0.0,0.209136,0.089706,0.0,0.0,0.266225,0.0,0.0,0.000634,0.0,0.0,3e-06,0.291364,0.203748,0.0,0.284952,0.28652,0.050953,0.046405,0.09364,0.0,0.255008,0.0,0.0,0.049573,0.052172,0.240164,0.282587,0.0,4e-06,2e-06,0.0,0.243744,0.255957,0.21983,0.192839,0.0,0.0,0.0,0.271697,0.0,0.0,0.046879,0.063031,0.0,0.046277,0.048979,0.152457,0.0,0.180279,0.0,0.0,0.00389,0.140137,0.0,0.2287,2e-06,0.0,0.175512,0.0,0.0,0.0,0.0,0.217155,0.0,0.212746,0.258877,0.420828,0.0,0.0,0.262353,0.168859,0.0,0.045652,0.02228,0.321601,0.268614,0.0,0.0,0.313327,0.230005,0.0,0.0,0.0,0.446904,0.211771,0.0,0.0,0.0,0.0,0.0,0.233898,0.226204,0.078171,0.0,0.0,0.0,0.0,0.240792,0.263311,0.0,0.075586,0.0,0.0,0.0,0.0,0.0,0.0,0.108493,0.0,0.296688,0.0,0.516898,0.0,0.0,0.061076,0.0,0.271132,0.0,0.083997,1e-06,0.0,0.0,0.0,0.334738,0.241019,0.0,0.187933,0.240606,0.05975,9e-06,0.0,0.304576,0.0,0.052667,0.25951,0.0,0.0,0.0,0.050441,0.042288,3e-06,0.0,0.274141,0.0,0.274609,0.060629,0.108097,0.015724,0.0,0.262451,0.0,0.0,0.800479,0.318819,0.025072,0.244523,0.067348,0.239861,0.232479,0.061041,0.238998,0.300711,0.246279,0.055949,0.0,0.0,0.0,0.0,0.0,0.359045,0.265598,0.0061,0.0,0.0,0.0,0.275239,0.585605,0.0,0.200773,0.0,0.298254,0.0,0.246123,0.0,0.666678,0.0,0.0,0.0,0.0,0.0,0.000809,0.103636,0.0,0.0,0.253061,0.0,0.0,0.0,0.0,0.41967,0.013365,0.0,0.0,0.020547,0.0,0.076775,0.046117,0.578405,0.260839,0.0,0.88391,0.241697,0.0,0.0,0.0,0.28504,0.058709,0.0,0.0,0.195756,0.0,0.163401,0.204084,0.0,0.049,0.208106,0.0,0.0,0.0,1.2e-05,0.0,0.0,0.273622,0.0,1e-06,0.0,0.126733,0.0,0.26736,0.056868,0.247644,0.0,0.0,0.120424,0.050475,0.269925,0.07139,0.0,0.211611,0.0,0.0,0.248767,0.035361,0.073618,0.0
TCGA-85-8664,0.316078,0.0,0.0,0.0,0.0,0.197503,0.078803,0.266893,0.107162,0.247278,0.204055,0.0,0.0,0.0,0.0,0.279861,0.0,0.211699,0.0,0.0,0.090014,0.0,0.0,0.0,0.0,0.0,0.0,0.0,0.0,0.205146,0.0,0.0,0.21726,0.801172,0.141547,0.101267,0.078634,0.0,0.0,0.0,0.0,0.111281,0.0,0.234109,0.0,0.131787,0.094586,0.0,0.0,0.09281,0.0,0.240997,0.0,0.878577,0.0,0.176664,0.196036,0.0,1e-06,0.189358,0.0,2e-06,0.0,0.10682,0.202087,0.109727,0.179292,0.0,0.469466,0.0,0.0,0.0,0.231486,0.206214,0.0,0.0,0.0,0.0,0.0,0.0,0.0,0.738836,0.151551,0.0,0.0,0.134274,0.0,0.0,0.175977,0.168308,0.168161,0.0,0.000872,0.0,0.474063,0.0,0.0,0.0,0.0,0.181176,0.0,0.0,0.294702,0.250771,0.0,0.0,0.0,0.361297,0.202057,0.082204,0.148697,0.0,0.097201,0.0,0.125457,0.0,0.0,0.530593,0.287975,0.137018,0.244542,0.0,4e-06,0.0,0.0,1e-06,0.130409,0.330149,0.285005,0.0,0.0,0.201628,0.0,0.103371,0.156266,0.0,0.194337,0.060175,0.084265,0.0,0.119461,0.080183,0.105106,0.126619,0.130346,0.0,0.0,0.224802,0.0,0.0,2e-06,0.108299,0.167522,0.070304,1.1e-05,0.162177,0.0,0.115463,0.160047,0.0,0.464965,0.0,0.0,0.0,0.0,0.006524,0.0,0.0,0.0,0.469566,0.0,0.0,0.157252,0.0,0.0,0.0,0.0,0.0,0.0,0.729362,0.116869,0.0,0.0,0.0,0.0,0.187407,0.136538,0.19649,0.0,0.0,0.0,0.0,0.11288,0.0,0.0,0.121334,0.142117,0.250275,0.097502,0.0,6e-06,0.0,2.222969,0.143299,0.0,1e-06,0.134574,1.387917,0.0,0.042149,0.0,0.0,0.0,0.0,1.4e-05,0.04336,0.0,0.86328,0.0,0.0,0.0,0.0,0.0,0.196006,0.186297,0.0,0.150364,0.205177,0.0,0.0,0.098255,0.0,0.267963,0.001262,0.0,0.098803,0.208514,0.196915,0.168787,0.0,0.082495,0.0,0.0,0.0,0.0,0.211369,0.1532,0.0,0.169616,0.162789,0.336044,0.0,0.192259,0.021698,1.051853,0.079708,0.0,0.169852,0.150703,0.0,0.0,0.21628,0.0,0.0,0.0,0.0,0.0,2e-06,0.23436,0.160473,0.0,0.22245,0.240015,0.101907,0.099975,0.088433,0.0,0.227834,0.0,0.0,0.098123,0.102157,0.192407,0.2191,0.0,0.0,0.0,0.0,0.193644,0.200746,0.174854,0.17279,0.0,0.0,0.0,0.227921,0.0,0.0,0.030475,0.103712,0.0,0.090004,0.093419,0.141541,0.0,0.20079,0.0,0.0,0.007636,0.116058,0.0,0.242057,1.1e-05,0.0,0.232464,0.0,0.0,0.0,0.0,0.16847,0.0,0.181116,0.209382,0.459081,0.0,0.0,0.207386,0.124426,0.0,0.08539,0.063572,0.305702,0.329065,0.0,0.0,0.267245,0.173332,0.0,0.0,0.0,0.508672,0.15604,0.0,0.0,0.0,0.0,0.0,0.184654,0.183713,0.137604,0.0,0.0,0.0,0.0,0.196647,0.221321,0.0,0.121176,0.0,0.0,0.0,0.0,0.0,0.0,0.164552,0.0,0.256358,0.0,0.532781,0.0,0.0,0.116357,0.0,0.217285,0.0,0.155155,1.4e-05,0.0,0.0,1e-06,0.268814,0.18533,0.0,0.145775,0.190991,0.100066,3.1e-05,0.0,0.35921,0.0,0.116497,0.203149,0.0,0.0,0.0,0.087787,0.085309,0.0,0.0,0.232433,0.0,0.214188,0.109826,0.171145,0.017695,0.0,0.195037,0.0,0.0,0.859711,0.295036,0.045577,0.193467,0.113411,0.196309,0.303322,0.111677,0.296117,0.281159,0.192603,0.107662,0.0,0.0,0.0,0.0,0.0,0.293611,0.234238,0.026809,0.0,0.0,0.0,0.224867,0.656915,0.0,0.265497,0.0,0.274941,0.0,0.206373,0.0,0.731593,0.0,0.0,0.0,0.0,0.0,3.1e-05,0.133207,0.0,0.0,0.210121,0.0,0.0,0.0,0.0,0.432782,0.040839,0.0,0.0,0.05288,0.0,0.12859,0.094526,0.615019,0.206189,0.0,0.948408,0.204258,0.0,0.0,0.0,0.352972,0.109168,0.0,0.0,0.191213,0.0,0.197165,0.169067,0.0,0.099149,0.158161,0.0,0.0,0.0,7.6e-05,6e-06,0.0,0.223944,0.0,0.0,0.0,0.167976,0.0,0.235473,0.100417,0.205859,0.0,0.0,0.113494,0.092434,0.236192,0.131267,0.0,0.186341,0.0,0.0,0.20628,0.067872,0.124938,0.0
TCGA-85-A4CL,0.425081,0.0,0.0,0.0,0.0,0.243456,0.036806,0.366118,0.058255,0.328575,0.260585,3e-06,0.0,0.0,0.0,0.375469,0.0,0.228896,0.0,0.0,0.04139,0.0,0.0,0.0,0.0,0.0,0.0,0.0,0.0,0.260543,0.0,0.0,0.267745,0.688165,0.180399,0.052617,0.037479,3.2e-05,0.0,0.0,0.0,0.055809,0.0,0.308944,0.0,0.070116,0.1245,0.0,0.0,0.045894,0.0,0.253306,0.0,0.862908,0.0,0.090726,0.246971,0.0,1e-06,0.251093,1e-06,1e-06,0.0,0.130072,0.19877,0.062902,0.233338,3e-06,0.374036,0.0,0.0,0.0,0.135837,0.269124,0.0,0.0,0.0,0.0,0.0,0.0,0.0,0.657403,0.205248,0.0,0.0,0.157272,0.0,0.0,0.214779,0.212686,0.223397,0.0,0.000152,0.0,0.370527,0.0,0.0,0.0,0.0,0.230389,2e-06,0.0,0.380555,0.34102,0.0,0.0,0.0,0.324096,0.251554,0.046108,0.175857,0.0,0.043478,0.0,0.06471,0.0,0.0,0.414242,0.390186,0.083784,0.15109,0.0,0.0,0.0,0.0,0.0,0.085898,0.29242,0.3956,2e-06,1.3e-05,0.243538,0.0,0.045674,0.080804,0.0,0.13008,0.083451,0.090563,0.0,0.059596,0.098327,0.083808,0.066306,0.063181,0.0,0.0,0.139072,0.0,0.0,2.8e-05,0.054214,0.083919,0.030489,6e-06,0.208235,0.0,0.143477,0.217343,0.0,0.375243,0.0,4e-06,1e-06,0.0,0.002085,0.0,0.0,0.0,0.368323,0.0,0.0,0.214586,0.0,0.0,0.0,0.0,1.2e-05,1e-06,0.648141,0.143844,0.0,0.0,0.0,0.0,0.239956,0.075314,0.245668,0.0,0.0,0.0,0.0,0.059606,3e-06,0.0,0.059894,0.179118,0.263264,0.048029,0.0,0.000209,0.0,2.126206,0.153386,0.0,0.0,0.1088,1.332076,0.0,0.013767,0.0,0.0,0.0,0.0,2.6e-05,0.039488,0.0,0.752191,0.0,0.0,0.0,0.0,6e-06,0.283998,0.23253,0.0,0.079024,0.108453,0.0,0.0,0.05639,0.0,0.372138,0.002018,0.0,0.091948,0.277867,0.258836,0.227077,0.0,0.035667,0.0,0.0,0.0,0.0,0.164496,0.096766,0.0,0.21235,0.207463,0.227084,0.0,0.251785,0.04002,0.949277,0.03891,0.0,0.223644,0.075846,0.0,0.0,0.259275,0.0,0.0,0.000949,0.0,0.0,6e-06,0.313749,0.20179,0.0,0.30929,0.311584,0.050374,0.050036,0.105115,0.0,0.289468,0.0,0.0,0.046188,0.051295,0.244228,0.301928,0.0,0.0,2e-06,0.0,0.242259,0.257846,0.224677,0.225369,0.0,0.0,0.0,0.294598,0.0,0.0,0.014715,0.05222,0.0,0.043023,0.047976,0.154099,0.0,0.194706,0.0,0.0,0.002221,0.146717,0.0,0.224553,2e-06,0.0,0.168027,0.0,0.0,0.0,0.0,0.213352,0.0,0.233813,0.272189,0.375146,0.0,0.0,0.266736,0.140387,0.0,0.050898,0.025038,0.280817,0.263471,0.0,0.0,0.344892,0.231701,0.0,0.0,0.0,0.403258,0.209999,0.0,0.0,0.0,0.0,0.0,0.233269,0.24414,0.069225,0.0,0.0,0.0,0.0,0.248177,0.279316,0.0,0.062731,0.0,0.0,0.0,0.0,0.0,0.0,0.089368,0.0,0.334943,0.0,0.501196,0.0,0.0,0.058065,0.0,0.274113,0.0,0.082885,7e-06,0.0,0.0,0.0,0.360636,0.238679,0.0,0.166415,0.256156,0.042029,3.4e-05,0.0,0.287274,0.0,0.062299,0.261975,0.0,0.0,0.0,0.043774,0.041573,2e-06,0.0,0.259482,0.0,0.279109,0.06161,0.089578,0.013282,0.0,0.264094,0.0,0.0,0.774243,0.318643,0.036841,0.241258,0.058764,0.252253,0.217933,0.050585,0.217812,0.258317,0.240936,0.049747,0.0,5e-06,0.0,0.0,0.0,0.399585,0.269588,0.009674,0.0,0.0,0.0,0.291355,0.529352,0.0,0.156849,0.0,0.294228,0.0,0.269908,0.0,0.618836,0.0,0.0,0.0,0.0,0.0,6e-06,0.091143,0.0,0.0,0.272467,0.0,0.0,0.0,1e-06,0.403726,0.015575,0.0,0.0,0.023307,0.0,0.074685,0.049497,0.574088,0.275344,0.0,0.844728,0.260389,0.0,0.0,0.0,0.2295,0.055541,0.0,0.0,0.165576,0.0,0.150324,0.212721,0.0,0.050912,0.206925,0.0,0.0,0.0,3e-06,0.0,0.0,0.300088,0.0,1e-05,0.0,0.095959,0.0,0.305773,0.048638,0.259645,0.0,0.0,0.135191,0.043647,0.256311,0.064728,0.0,0.240823,0.0,0.0,0.272506,0.030082,0.063077,0.0
TCGA-85-A4PA,0.44398,0.0,0.0,0.0,0.0,0.243783,0.034593,0.375993,0.051443,0.336344,0.278392,2.1e-05,0.0,0.0,0.0,0.398634,0.0,0.207242,0.0,0.0,0.036905,0.0,0.0,0.0,0.0,0.0,0.0,0.0,0.0,0.24939,1e-06,0.0,0.27351,0.622667,0.206269,0.051053,0.036102,0.00011,0.0,0.0,0.0,0.052664,0.0,0.326813,0.0,0.063911,0.138558,0.0,0.0,0.042508,0.0,0.255425,0.0,0.843311,0.0,0.082097,0.249163,0.0,4e-06,0.254018,7e-06,0.0,0.0,0.113611,0.165131,0.057748,0.232355,0.0,0.322722,0.0,0.0,0.0,0.116362,0.271535,0.0,0.0,0.0,0.0,0.0,0.0,0.0,0.593416,0.202509,0.0,0.0,0.15052,0.0,0.0,0.20429,0.207085,0.233682,0.0,0.000488,0.0,0.333952,0.0,0.0,0.0,0.0,0.220643,0.0,0.0,0.419593,0.343693,0.0,0.0,0.0,0.284882,0.238168,0.041061,0.172056,0.0,0.039404,0.0,0.060385,0.0,0.0,0.358775,0.40793,0.069908,0.128254,0.0,1e-06,0.0,0.0,0.0,0.074973,0.258005,0.418426,1e-06,3.1e-05,0.252046,0.0,0.042856,0.072873,0.0,0.107612,0.099125,0.081121,0.0,0.052762,0.095971,0.072001,0.058737,0.058297,0.0,0.0,0.121407,0.0,0.0,1.7e-05,0.04901,0.077661,0.029519,3.3e-05,0.228426,0.0,0.143876,0.210051,0.0,0.322754,0.0,7e-06,0.0,0.0,0.0038,0.0,0.0,0.0,0.32109,0.0,0.0,0.206528,0.0,0.0,0.0,0.0,1.1e-05,2e-06,0.594726,0.117779,0.0,0.0,0.0,0.0,0.251229,0.068464,0.2441,0.0,0.0,0.0,0.0,0.051728,8e-06,0.0,0.053605,0.163576,0.260638,0.042846,0.0,2.9e-05,0.0,1.999719,0.137231,0.0,1e-06,0.105474,1.266366,0.0,0.014062,0.0,0.0,0.0,0.0,9.6e-05,0.036377,0.0,0.693287,0.0,0.0,0.0,0.0,9e-06,0.289189,0.218744,0.0,0.072392,0.094282,0.0,0.0,0.053063,0.0,0.394824,0.010412,0.0,0.069978,0.276178,0.258438,0.215861,0.0,0.035553,0.0,0.0,0.0,0.0,0.151268,0.08739,0.0,0.215603,0.200515,0.192156,0.0,0.251834,0.041684,0.902897,0.031517,0.0,0.233446,0.070014,0.0,0.0,0.248488,0.0,0.0,0.003547,0.0,0.0,2.2e-05,0.314712,0.197731,0.0,0.314599,0.313078,0.046662,0.045047,0.115882,0.0,0.299294,0.0,0.0,0.042383,0.047147,0.239063,0.310388,0.0,0.0,0.0,0.0,0.24996,0.25418,0.222358,0.235831,0.0,0.0,0.0,0.308624,0.0,0.0,0.018119,0.048338,0.0,0.040874,0.045997,0.143835,0.0,0.177879,0.0,0.0,0.002255,0.137406,0.0,0.205098,0.0,0.0,0.146159,0.0,0.0,0.0,0.0,0.213051,0.0,0.239277,0.285057,0.326516,0.0,0.0,0.284421,0.134436,0.0,0.042606,0.029531,0.239247,0.253936,0.0,0.0,0.353115,0.234421,0.0,0.0,0.0,0.347778,0.200903,0.0,0.0,0.0,0.0,0.0,0.230716,0.256588,0.063177,0.0,0.0,0.0,0.0,0.24131,0.291016,0.0,0.055954,0.0,0.0,0.0,2e-06,0.0,0.0,0.079761,0.0,0.360367,0.0,0.441938,0.0,0.0,0.051393,0.0,0.280696,0.0,0.07697,2e-06,0.0,0.0,0.0,0.365719,0.230965,0.0,0.162883,0.260109,0.041129,6.8e-05,0.0,0.264352,0.0,0.055226,0.259137,0.0,0.0,0.0,0.042498,0.039649,7e-06,0.0,0.249178,0.0,0.298223,0.052956,0.07913,0.011671,0.0,0.263764,0.0,0.0,0.738886,0.303094,0.05309,0.241986,0.053828,0.243803,0.196704,0.047244,0.185952,0.227666,0.224356,0.048611,0.0,5e-06,0.0,0.0,0.0,0.424476,0.277683,0.011524,0.0,0.0,0.0,0.302616,0.471198,0.0,0.139799,0.0,0.285648,0.0,0.284501,0.0,0.565559,0.0,0.0,0.0,0.0,0.0,8e-06,0.082111,0.0,0.0,0.289764,0.0,5e-06,0.0,0.0,0.371053,0.016024,0.0,0.0,0.021351,0.0,0.064104,0.044023,0.544431,0.289841,0.0,0.77424,0.270211,0.0,0.0,0.0,0.194267,0.050524,0.0,0.0,0.150314,0.0,0.140807,0.213624,0.0,0.046285,0.209949,0.0,0.0,0.0,7e-06,1e-06,0.0,0.313611,0.0,2.4e-05,0.0,0.085299,0.0,0.338553,0.045377,0.264589,0.0,0.0,0.160694,0.042956,0.238042,0.059275,0.0,0.25702,0.0,0.0,0.277634,0.028526,0.057096,0.0
TCGA-85-A4QQ,0.314867,0.0,0.0,0.0,0.0,0.206432,0.061235,0.276295,0.101259,0.2552,0.201886,5e-05,0.0,0.0,0.0,0.273081,0.0,0.220899,0.0,0.0,0.064797,0.0,0.0,0.0,0.0,0.0,0.0,0.0,0.0,0.21399,0.0,0.0,0.222429,0.777099,0.125226,0.087282,0.069646,0.000187,0.0,0.0,0.0,0.093102,0.0,0.231583,0.0,0.129166,0.08923,0.0,0.0,0.08289,0.0,0.234592,0.0,0.8361,0.0,0.157522,0.195124,0.0,2e-06,0.204538,2.5e-05,1e-06,0.0,0.12715,0.220734,0.097599,0.203037,2e-06,0.460375,0.0,0.0,0.0,0.207026,0.211235,0.0,0.0,0.0,0.0,0.0,0.0,0.0,0.716297,0.176216,0.0,0.0,0.152591,0.0,0.0,0.183257,0.179262,0.190497,0.0,0.000536,0.0,0.45204,0.0,0.0,0.0,0.0,0.195674,1e-06,0.0,0.282506,0.257507,0.0,0.0,0.0,0.365916,0.220188,0.071255,0.160793,0.0,0.069465,4e-06,0.108923,0.0,0.0,0.517284,0.298987,0.13141,0.218999,0.0,0.0,0.0,0.0,0.0,0.10777,0.331859,0.282557,2e-06,8.9e-05,0.20288,0.0,0.078901,0.137407,0.0,0.192549,0.048241,0.093553,0.0,0.104613,0.111585,0.089817,0.113788,0.103687,0.0,0.0,0.214468,0.0,0.0,1e-05,0.090983,0.147066,0.055033,2.8e-05,0.158873,0.0,0.122036,0.169429,1e-06,0.446277,0.0,4.2e-05,0.0,0.0,0.005477,0.0,0.0,0.0,0.460337,0.0,0.0,0.172805,0.0,0.0,0.0,0.0,0.0,1e-06,0.70733,0.14569,2e-06,0.0,0.0,0.0,0.18564,0.132761,0.206677,0.0,0.0,0.0,0.0,0.091804,2.4e-05,0.0,0.097423,0.164474,0.247231,0.078487,0.0,0.000109,0.0,2.189938,0.158438,0.0,2e-06,0.123845,1.362148,0.0,0.021822,0.0,0.0,0.0,0.0,8.2e-05,0.068562,0.0,0.842399,0.0,0.0,0.0,0.0,2e-05,0.202842,0.189453,0.0,0.140001,0.177316,0.0,0.0,0.098073,0.0,0.266458,0.001562,0.0,0.107492,0.227654,0.211255,0.189128,0.0,0.065434,0.0,0.0,0.0,0.0,0.197569,0.160346,0.0,0.178313,0.173068,0.321207,0.0,0.195415,0.032688,1.009315,0.056857,0.0,0.177174,0.123071,0.0,0.0,0.222942,0.0,0.0,1e-06,0.0,0.0,1.4e-05,0.246177,0.171118,0.0,0.232874,0.248263,0.085774,0.079674,0.083779,0.0,0.221357,0.0,0.0,0.082837,0.088176,0.212891,0.215137,0.0,0.0,1e-06,0.0,0.182239,0.225832,0.189809,0.185801,0.0,0.0,0.0,0.233884,0.0,0.0,0.034528,0.085274,0.0,0.071554,0.085181,0.147478,0.0,0.201255,0.0,0.0,0.006867,0.126705,0.0,0.249955,1e-06,0.0,0.206868,0.0,0.0,0.0,0.0,0.166053,0.0,0.187222,0.213954,0.44799,0.0,0.0,0.207655,0.135844,0.0,0.075265,0.048612,0.298644,0.292956,0.0,0.0,0.273431,0.184431,0.0,0.0,0.0,0.495957,0.171313,0.0,0.0,0.0,0.0,0.0,0.197391,0.19353,0.113648,0.0,0.0,0.0,0.0,0.211107,0.230466,0.0,0.107811,0.0,0.0,0.0,2e-06,0.0,0.0,0.156813,0.0,0.257121,0.0,0.540249,0.0,0.0,0.098985,0.0,0.228091,0.0,0.148918,3e-06,0.0,0.0,0.0,0.279697,0.199643,0.0,0.160787,0.205147,0.057686,7e-05,0.0,0.336867,0.0,0.1033,0.214033,0.0,0.0,0.0,0.076758,0.076701,3.7e-05,0.0,0.236867,0.0,0.212238,0.104161,0.143559,0.024743,0.0,0.208189,0.0,0.0,0.829013,0.297975,0.01862,0.200059,0.095338,0.20042,0.280848,0.084738,0.285995,0.285696,0.213669,0.082195,0.0,1.5e-05,0.0,0.0,0.0,0.28693,0.243416,0.01784,0.0,0.0,0.0,0.219531,0.635041,0.0,0.248075,0.0,0.278608,0.0,0.20891,0.0,0.716503,0.0,0.0,0.0,0.0,0.0,0.0,0.112982,0.0,0.0,0.214294,0.0,2e-06,0.0,0.0,0.438563,0.028365,0.0,0.0,0.040515,0.0,0.114634,0.090288,0.589621,0.208622,0.0,0.928603,0.207157,0.0,0.0,0.0,0.340049,0.093926,0.0,0.0,0.191827,0.0,0.178502,0.187568,0.0,0.083379,0.174785,0.0,0.0,0.0,2.6e-05,0.0,0.0,0.219399,0.0,3e-05,0.0,0.15516,0.0,0.218781,0.083626,0.211578,0.0,0.0,0.101247,0.078332,0.235947,0.114659,0.0,0.191367,0.0,0.0,0.213602,0.045377,0.103189,0.0
TCGA-85-A510,0.389853,0.0,0.0,0.0,0.0,0.254949,0.039958,0.358097,0.050278,0.322603,0.251939,1e-06,0.0,0.0,0.0,0.329523,0.0,0.196133,0.0,0.0,0.046416,0.0,0.0,0.0,0.0,0.0,0.0,0.0,0.0,0.252398,1e-06,0.0,0.264394,0.697839,0.142353,0.050105,0.034143,9.7e-05,0.0,0.0,0.0,0.052128,0.0,0.305817,0.0,0.067723,0.114239,0.0,0.0,0.046604,0.0,0.266616,0.0,0.818425,0.0,0.087592,0.255272,0.0,1e-06,0.213313,2e-06,0.0,0.0,0.182559,0.250004,0.055627,0.263253,0.0,0.395408,0.0,0.0,0.0,0.122578,0.289293,0.0,0.0,0.0,0.0,0.0,0.0,0.0,0.613858,0.221128,0.0,0.0,0.187125,0.0,0.0,0.214574,0.224818,0.269042,0.0,0.000702,0.0,0.351047,0.0,0.0,0.0,0.0,0.27168,0.0,0.0,0.338293,0.310955,0.0,0.0,0.0,0.32359,0.271173,0.042527,0.201416,0.0,0.043427,0.0,0.064145,0.0,0.0,0.439428,0.368627,0.071112,0.160688,0.0,0.0,0.0,0.0,0.0,0.065398,0.25462,0.363352,0.0,1e-06,0.28223,0.0,0.044704,0.074409,0.0,0.118052,0.046441,0.143918,0.0,0.053299,0.136156,0.057664,0.064161,0.059679,0.0,0.0,0.137368,0.0,0.0,9.5e-05,0.053382,0.082885,0.033545,0.000107,0.222087,0.0,0.161409,0.2247,0.0,0.354637,0.0,0.000142,0.0,0.0,0.004244,0.0,0.0,0.0,0.388159,0.0,0.0,0.185893,0.0,0.0,0.0,0.0,0.0,0.0,0.593392,0.172718,0.0,0.0,0.0,0.0,0.214688,0.070442,0.26068,0.0,0.0,0.0,0.0,0.060172,1e-06,0.0,0.058723,0.200252,0.247519,0.041775,0.0,0.003459,0.0,2.080195,0.190177,0.0,1e-06,0.066958,1.243338,0.0,0.017721,0.0,0.0,0.0,0.0,0.000281,0.039486,0.0,0.768354,0.0,0.0,0.0,0.0,0.0,0.288925,0.243548,0.0,0.077782,0.109231,0.0,0.0,0.051602,0.0,0.359039,0.024853,0.0,0.156773,0.279791,0.315126,0.235159,0.0,0.032352,0.0,0.0,0.0,0.0,0.127876,0.084477,0.0,0.235762,0.203034,0.222073,0.0,0.256665,0.07378,0.975962,0.032794,0.0,0.238296,0.077555,0.0,0.0,0.27182,0.0,0.0,6.4e-05,0.0,0.0,0.000123,0.284953,0.210345,0.0,0.319437,0.3195,0.045832,0.044321,0.08093,0.0,0.256468,0.0,0.0,0.045451,0.050832,0.253673,0.295171,0.0,0.0,0.0,0.0,0.277617,0.257836,0.242052,0.189327,0.0,0.0,0.0,0.314047,0.0,0.0,0.132889,0.055177,0.0,0.04993,0.042131,0.132543,0.0,0.110308,0.0,0.0,0.002507,0.149555,0.0,0.193909,0.0,0.0,0.14123,0.0,0.0,0.0,0.0,0.221192,0.0,0.251972,0.287517,0.369435,0.0,0.0,0.308367,0.19236,0.0,0.040811,0.025459,0.302377,0.239099,0.0,0.0,0.326269,0.256878,0.0,0.0,0.0,0.401613,0.225045,0.0,0.0,0.0,0.0,0.0,0.259299,0.253485,0.067872,0.0,0.0,0.0,0.0,0.240532,0.267739,0.0,0.060869,0.0,0.0,0.0,0.0,0.0,0.0,0.081087,0.0,0.338068,0.0,0.454396,0.0,0.0,0.05028,0.0,0.291103,0.0,0.072552,1e-06,0.0,0.0,0.0,0.337414,0.256485,0.0,0.194674,0.257181,0.053585,0.00022,0.0,0.265904,0.0,0.046514,0.281159,0.0,0.0,0.0,0.041599,0.039202,0.0,0.0,0.318402,0.0,0.288817,0.056964,0.08767,0.022829,0.0,0.279002,0.0,2e-06,0.740745,0.288325,0.01954,0.269866,0.056802,0.2666,0.21496,0.053253,0.202482,0.322199,0.274953,0.047477,0.0,0.0,0.0,0.0,0.0,0.368052,0.301653,0.00859,0.0,0.0,0.0,0.305748,0.559953,0.0,0.160909,0.0,0.308613,0.0,0.286631,0.0,0.651706,0.0,0.0,0.0,0.0,0.0,0.033357,0.077248,0.0,0.0,0.286516,0.0,0.0,0.0,0.0,0.380956,0.017397,0.0,0.0,0.020679,0.0,0.067485,0.039945,0.504124,0.282367,0.0,0.826078,0.23602,0.0,0.0,0.0,0.242386,0.05071,0.0,0.0,0.209353,0.0,0.131628,0.250542,0.0,0.048659,0.22687,0.0,0.0,0.0,4e-06,0.0,0.0,0.27296,0.0,1.7e-05,0.0,0.097687,0.0,0.303459,0.044276,0.300389,0.0,0.0,0.198149,0.043838,0.28252,0.061909,0.0,0.257452,0.0,0.0,0.23734,0.029859,0.061407,0.0
TCGA-85-A513,0.440421,0.0,0.0,0.0,0.0,0.253458,0.019973,0.378613,0.038759,0.340975,0.269019,6e-06,0.0,0.0,0.0,0.392656,0.0,0.220158,0.0,0.0,0.024755,0.0,0.0,0.0,0.0,0.0,0.0,0.0,0.0,0.278854,0.0,0.0,0.279136,0.654108,0.16883,0.035059,0.023496,3.5e-05,0.0,0.0,0.0,0.038363,0.0,0.312328,0.0,0.046267,0.112557,0.0,0.0,0.029007,0.0,0.25535,0.0,0.837182,0.0,0.061509,0.250481,0.0,1e-06,0.255635,2e-06,0.0,0.0,0.141535,0.214507,0.045902,0.248565,0.0,0.355813,0.0,0.0,0.0,0.11659,0.280941,0.0,0.0,0.0,0.0,0.0,0.0,0.0,0.626067,0.223471,0.0,0.0,0.167487,0.0,0.0,0.220578,0.222216,0.234134,0.0,0.000116,0.0,0.348701,0.0,0.0,0.0,0.0,0.240352,0.0,0.0,0.391069,0.358521,0.0,0.0,0.0,0.318018,0.274719,0.034684,0.186907,0.0,0.026589,0.0,0.044791,0.0,0.0,0.40088,0.40352,0.066834,0.130065,0.0,0.0,0.0,0.0,0.0,0.068953,0.274798,0.413619,0.0,0.0,0.257821,0.0,0.026255,0.052455,0.0,0.108524,0.068066,0.103067,0.0,0.036731,0.101836,0.067841,0.044306,0.040568,0.0,0.0,0.123584,0.0,0.0,0.0,0.037604,0.058924,0.020745,3e-06,0.214061,0.0,0.150457,0.231421,0.0,0.356325,0.0,5e-06,0.0,0.0,0.000862,0.0,0.0,0.0,0.344062,0.0,0.0,0.221586,0.0,0.0,0.0,0.0,0.0,1e-06,0.614044,0.152659,0.0,0.0,0.0,0.0,0.243959,0.047123,0.258244,0.0,0.0,0.0,0.0,0.041396,0.0,0.0,0.041255,0.190762,0.255881,0.032239,0.0,1e-05,0.0,2.080906,0.16434,0.0,6e-06,0.09538,1.29252,0.0,0.005187,0.0,0.0,0.0,0.0,1.2e-05,0.030108,0.0,0.727681,0.0,0.0,0.0,0.0,0.0,0.294177,0.24315,0.0,0.054144,0.073257,0.0,0.0,0.034337,0.0,0.381426,0.002356,0.0,0.098045,0.291408,0.278406,0.242401,0.0,0.020515,0.0,0.0,0.0,0.0,0.148502,0.079072,0.0,0.229515,0.220135,0.20592,0.0,0.258044,0.051067,0.918071,0.019981,0.0,0.231507,0.05075,0.0,0.0,0.270661,0.0,0.0,0.000144,0.0,0.0,2e-06,0.331955,0.213771,0.0,0.322929,0.331503,0.034105,0.030551,0.093535,0.0,0.296287,0.0,0.0,0.02805,0.034416,0.249189,0.311631,0.0,0.0,0.0,0.0,0.255171,0.274583,0.234187,0.226179,0.0,0.0,0.0,0.308584,0.0,0.0,0.017036,0.032491,0.0,0.025138,0.030516,0.151902,0.0,0.176958,0.0,0.0,0.001025,0.14232,0.0,0.209552,0.0,0.0,0.144255,0.0,0.0,0.0,0.0,0.214269,0.0,0.243988,0.284746,0.351916,0.0,0.0,0.279544,0.155738,0.0,0.033317,0.012872,0.291548,0.238626,0.0,0.0,0.362199,0.24283,0.0,0.0,0.0,0.386725,0.221222,0.0,0.0,0.0,0.0,0.0,0.247708,0.248101,0.042737,0.0,0.0,0.0,0.0,0.261303,0.289242,0.0,0.041344,0.0,0.0,0.0,0.0,0.0,0.0,0.060987,0.0,0.35135,0.0,0.474891,0.0,0.0,0.03301,0.0,0.286523,0.0,0.053262,0.0,0.0,0.0,0.0,0.371456,0.252555,0.0,0.179844,0.273974,0.02851,1.7e-05,0.0,0.268559,0.0,0.037605,0.27746,0.0,0.0,0.0,0.03082,0.024508,4e-06,0.0,0.270075,0.0,0.289329,0.042107,0.054076,0.006708,0.0,0.280143,0.0,0.0,0.739516,0.321739,0.023312,0.26529,0.041426,0.265457,0.199401,0.028718,0.213567,0.265647,0.255464,0.030445,0.0,2e-06,0.0,0.0,0.0,0.414059,0.286511,0.00264,0.0,0.0,0.0,0.297168,0.499917,0.0,0.125717,0.0,0.290903,0.0,0.281141,0.0,0.598635,0.0,0.0,0.0,0.0,0.0,2e-06,0.078568,0.0,0.0,0.277399,0.0,1e-06,0.0,0.0,0.391226,0.006164,0.0,0.0,0.010894,0.0,0.05244,0.034584,0.546647,0.286896,0.0,0.80193,0.267824,0.0,0.0,0.0,0.199014,0.037076,0.0,0.0,0.165236,0.0,0.141947,0.228418,0.0,0.031967,0.21563,0.0,0.0,0.0,0.0,0.0,0.0,0.30974,0.0,6e-06,0.0,0.076465,0.0,0.308807,0.035287,0.279405,0.0,0.0,0.135477,0.029111,0.268172,0.044453,0.0,0.247994,0.0,0.0,0.287043,0.018414,0.044549,0.0
TCGA-86-8055,0.180519,0.0,0.0,0.0,0.0,0.140133,0.143136,0.172308,0.173172,0.155089,0.128425,0.000131,0.0,0.0,0.0,0.152247,0.0,0.235567,0.0,0.0,0.147905,0.0,0.0,0.0,0.0,0.0,0.0,0.0,0.0,0.133546,1e-05,0.0,0.139268,0.950991,0.106567,0.171894,0.125133,2.6e-05,0.0,0.0,0.0,0.169278,0.0,0.144048,0.0,0.225708,0.098678,0.0,0.0,0.160427,0.0,0.22952,0.0,0.911881,0.0,0.292435,0.132694,0.0,2.6e-05,0.130656,3e-06,1e-06,0.0,0.084568,0.204975,0.177406,0.132875,1e-06,0.587673,0.0,0.0,0.0,0.30548,0.130698,0.0,0.0,0.0,0.0,0.0,0.0,0.0,0.857856,0.118027,0.0,0.0,0.104131,0.0,0.0,0.130429,0.136594,0.139006,0.0,0.002074,0.0,0.574556,0.0,0.0,0.0,0.0,0.143921,1e-06,0.0,0.156686,0.140729,0.0,0.0,0.0,0.406407,0.136093,0.13845,0.126642,0.0,0.145275,1e-06,0.200479,0.0,0.0,0.642945,0.189242,0.196329,0.35115,0.0,6.4e-05,0.0,0.0,2e-06,0.178802,0.39351,0.159239,0.0,1.9e-05,0.126393,0.0,0.16945,0.252748,0.0,0.287541,0.055123,0.080173,0.0,0.186886,0.100245,0.144771,0.202802,0.202804,0.0,0.0,0.302837,0.0,0.0,0.000611,0.167299,0.264669,0.101155,0.00192,0.098467,0.0,0.082361,0.101719,0.0,0.583526,0.0,2e-05,0.0,0.0,0.036147,0.0,0.0,0.0,0.60357,0.0,0.0,0.12721,0.0,7e-06,0.0,0.0,0.0,0.0,0.861502,0.108451,0.0,0.0,0.0,0.0,0.117649,0.233699,0.130546,0.0,0.0,0.0,0.0,0.175862,3.8e-05,0.0,0.195454,0.105064,0.248842,0.147996,0.0,0.000166,0.0,2.387339,0.11669,0.0,7e-06,0.175007,1.490317,0.0,0.071295,0.0,0.0,0.0,0.0,0.000939,0.092577,0.0,1.00313,0.0,0.0,0.0,0.0,1.5e-05,0.128249,0.121649,0.0,0.25307,0.325824,0.0,0.0,0.165774,0.0,0.165585,0.000155,0.0,0.087304,0.146053,0.147745,0.123178,0.0,0.138051,0.0,0.0,0.0,0.0,0.27137,0.239097,0.0,0.112468,0.11235,0.450106,0.0,0.132241,0.010193,1.187933,0.115894,0.0,0.123846,0.236998,0.0,0.0,0.174146,0.0,0.0,4.1e-05,0.0,0.0,0.000116,0.150854,0.120057,9e-06,0.144048,0.142818,0.15134,0.154702,0.089372,0.0,0.120766,0.0,0.0,0.153225,0.16667,0.165729,0.137041,0.0,6e-06,2e-06,0.0,0.123126,0.157509,0.131348,0.123988,0.0,0.0,0.0,0.142014,0.0,0.0,0.048271,0.174279,0.0,0.147505,0.147121,0.143265,1e-06,0.231034,0.0,0.0,0.013328,0.100564,0.0,0.298313,0.0,0.0,0.301422,2e-06,0.0,0.0,0.0,0.123662,0.0,0.115586,0.146764,0.560818,0.0,7e-06,0.13993,0.115898,0.0,0.128627,0.116106,0.284558,0.38939,0.0,0.0,0.158244,0.128847,0.0,0.0,0.0,0.605767,0.11967,3.6e-05,0.0,0.0,0.0,0.0,0.134286,0.125374,0.22417,0.0,0.0,0.0,0.0,0.131653,0.145379,0.0,0.196146,0.0,0.0,0.0,0.0,3e-06,0.0,0.272456,0.0,0.152959,5e-06,0.609967,0.0,0.0,0.191823,0.0,0.160554,0.0,0.253563,1.4e-05,0.0,0.0,0.0,0.175933,0.126459,0.0,0.11309,0.129134,0.130984,0.000137,0.0,0.449494,0.0,0.188273,0.12675,1e-06,0.0,0.0,0.156093,0.145579,9e-06,0.0,0.190142,0.0,0.139082,0.186391,0.278254,0.040209,0.0,0.140729,0.0,0.0,0.96824,0.277311,0.045933,0.133532,0.179884,0.129521,0.390756,0.18345,0.36852,0.304601,0.142345,0.153154,0.0,7.4e-05,0.0,0.0,0.0,0.164509,0.191702,0.050398,1e-06,0.0,0.0,0.15565,0.801793,0.0,0.402073,0.0,0.266023,0.0,0.131337,0.0,0.870199,1e-06,0.0,0.0,0.0,0.0,6.3e-05,0.172743,0.0,0.0,0.1641,0.0,1.9e-05,1e-06,0.0,0.492224,0.078316,0.0,0.0,0.082282,0.0,0.206832,0.144975,0.685171,0.130421,0.0,1.098801,0.132095,0.0,0.0,0.0,0.536585,0.173357,0.0,0.0,0.213532,0.0,0.250439,0.122305,0.0,0.149396,0.109487,0.0,0.0,0.0,7.4e-05,0.0,0.0,0.121445,0.0,8.4e-05,0.0,0.26743,0.0,0.127451,0.148893,0.135857,0.0,0.0,0.084337,0.147675,0.200892,0.199503,0.0,0.127645,0.0,0.0,0.119927,0.101058,0.195486,0.0
TCGA-86-8074,0.127766,0.0,0.0,0.0,0.0,0.110216,0.181549,0.125828,0.213104,0.111437,0.094556,5.3e-05,0.0,0.0,0.0,0.112902,0.0,0.231651,0.0,0.0,0.193612,0.0,0.0,0.0,0.0,0.0,0.0,0.0,0.0,0.09703,1.4e-05,0.0,0.103285,1.028278,0.090005,0.210982,0.15884,7e-06,0.0,0.0,0.0,0.208766,0.0,0.106705,0.0,0.265528,0.087568,0.0,0.0,0.201909,0.0,0.22264,0.0,0.95686,0.0,0.360239,0.101728,0.0,1e-05,0.097462,0.0,1e-06,0.0,0.066744,0.192371,0.215617,0.101805,0.0,0.646827,0.0,0.0,0.0,0.356779,0.098739,0.0,0.0,0.0,0.0,0.0,0.0,0.0,0.927209,0.091761,0.0,0.0,0.08135,0.0,0.0,0.098669,0.11362,0.110625,0.0,0.001601,0.0,0.629612,0.0,0.0,0.0,0.0,0.115006,0.0,0.0,0.109052,0.102308,0.0,0.0,0.0,0.428997,0.10569,0.170047,0.104773,0.0,0.186264,1e-06,0.244901,0.0,0.0,0.706104,0.137846,0.24208,0.409918,0.0,3e-05,0.0,0.0,1e-06,0.214744,0.413027,0.114564,1e-06,4.1e-05,0.093465,0.0,0.211814,0.311595,0.0,0.333447,0.059367,0.07135,0.0,0.231945,0.080069,0.178186,0.249996,0.252876,0.0,0.0,0.350013,0.0,0.0,0.00043,0.210016,0.324715,0.131934,0.002553,0.07452,0.0,0.061968,0.076048,0.0,0.646289,0.0,4e-06,0.0,0.0,0.038326,0.0,0.0,0.0,0.657235,0.0,0.0,0.102558,0.0,0.0,1e-06,0.0,0.0,0.0,0.922042,0.084358,0.0,0.0,0.0,0.0,0.088678,0.27135,0.100569,0.0,0.0,0.0,0.0,0.224889,1e-05,0.0,0.245803,0.083869,0.244963,0.189995,0.0,6e-05,0.0,2.491482,0.093686,0.0,0.0,0.203153,1.561193,0.0,0.094589,0.0,0.0,0.0,0.0,0.000995,0.08135,0.0,1.07104,0.0,0.0,0.0,0.0,4e-06,0.098934,0.09387,0.0,0.306138,0.401611,0.0,0.0,0.187515,0.0,0.117761,1.7e-05,0.0,0.073657,0.107711,0.115843,0.09497,0.0,0.172841,0.0,0.0,0.0,0.0,0.303593,0.269742,0.0,0.087879,0.090101,0.507744,0.0,0.102338,0.004252,1.27229,0.148227,0.0,0.090719,0.290261,0.0,0.0,0.150877,0.0,0.0,0.0,0.0,0.0,5.8e-05,0.112147,0.089765,9e-06,0.109703,0.1022,0.191391,0.18979,0.080905,0.0,0.081785,0.0,0.0,0.198461,0.210524,0.134627,0.10681,0.0,0.0,1.9e-05,0.0,0.094301,0.117577,0.096235,0.092575,0.0,0.0,0.0,0.106408,0.0,0.0,0.038774,0.21527,0.0,0.185633,0.180505,0.133891,0.0,0.234811,0.0,0.0,0.021322,0.079862,0.0,0.305897,7e-06,0.0,0.347106,1e-06,0.0,0.0,0.0,0.099288,0.0,0.083279,0.114032,0.609107,0.0,4e-06,0.108131,0.097616,0.0,0.16831,0.143121,0.300985,0.437916,0.0,0.0,0.117404,0.097168,0.0,0.0,0.0,0.660452,0.094662,1.1e-05,0.0,0.0,0.0,0.0,0.097891,0.092994,0.279597,0.0,0.0,0.0,0.0,0.097539,0.108474,0.0,0.244796,0.0,0.0,0.0,0.0,1e-06,0.0,0.327738,0.0,0.111244,1.1e-05,0.643943,0.0,0.0,0.232941,0.0,0.121796,0.0,0.298466,3e-06,0.0,0.0,0.0,0.127018,0.093228,0.0,0.086414,0.096413,0.175064,0.000163,0.0,0.509947,0.0,0.222435,0.093955,0.0,0.0,0.0,0.192281,0.182254,1e-06,0.0,0.16972,0.0,0.107501,0.230023,0.340932,0.039842,0.0,0.111945,0.0,0.0,1.032806,0.278443,0.064951,0.107437,0.220341,0.097153,0.447054,0.230315,0.416479,0.309225,0.109923,0.198139,0.0,3.4e-05,0.0,0.0,0.0,0.118892,0.156698,0.064047,0.0,0.0,0.0,0.125644,0.879881,0.0,0.462152,0.0,0.250451,0.0,0.096249,0.0,0.937789,0.0,0.0,0.0,0.0,0.0,4.3e-05,0.208089,0.0,0.0,0.135023,0.0,1e-06,1e-06,0.0,0.50527,0.104854,0.0,0.0,0.108698,0.0,0.254502,0.180946,0.736808,0.099197,0.0,1.174717,0.096826,0.0,0.0,0.0,0.612273,0.215823,0.0,0.0,0.210942,0.0,0.287773,0.093576,0.0,0.188088,0.080148,0.0,0.0,0.0,2.2e-05,0.0,0.0,0.088069,0.0,3.3e-05,0.0,0.323381,0.0,0.093698,0.189678,0.103155,0.0,0.0,0.068477,0.184754,0.192126,0.247897,0.0,0.092104,0.0,0.0,0.087299,0.123479,0.239192,0.0
TCGA-86-8076,0.288404,0.0,0.0,0.0,0.0,0.184933,0.092779,0.250326,0.121943,0.230692,0.186521,2.3e-05,0.0,0.0,0.0,0.265963,0.0,0.230041,0.0,0.0,0.087722,0.0,0.0,0.0,0.0,0.0,0.0,0.0,0.0,0.193019,0.0,0.0,0.197589,0.825996,0.157875,0.117789,0.080623,6e-06,0.0,0.0,0.0,0.118717,0.0,0.211381,0.0,0.125921,0.109899,0.0,0.0,0.100473,0.0,0.228446,0.0,0.903478,0.0,0.180983,0.176516,0.0,6e-06,0.181431,1e-06,0.0,0.0,0.083346,0.184575,0.130185,0.165107,0.0,0.473034,0.0,0.0,0.0,0.22903,0.184518,0.0,0.0,0.0,0.0,0.0,0.0,0.0,0.766789,0.14881,0.0,0.0,0.114732,0.0,0.0,0.159956,0.16577,0.162847,0.0,0.000505,0.0,0.484543,0.0,0.0,0.0,0.0,0.162881,0.0,0.0,0.263129,0.23321,0.0,0.0,1e-06,0.360662,0.185418,0.098939,0.139043,0.0,0.094912,0.0,0.134631,0.0,0.0,0.524332,0.284626,0.129325,0.252449,0.0,5e-06,0.0,0.0,0.0,0.147396,0.336851,0.269159,0.0,1.5e-05,0.171011,0.0,0.105709,0.158477,0.0,0.218326,0.074512,0.072113,0.0,0.1146,0.083241,0.126549,0.127838,0.133533,0.0,0.0,0.22473,0.0,0.0,0.000647,0.103723,0.167507,0.064954,0.002643,0.147441,0.0,0.106227,0.148163,0.0,0.494637,0.0,1.1e-05,0.0,0.0,0.01968,0.0,0.0,0.0,0.474941,0.0,0.0,0.156466,0.0,1e-06,0.0,0.0,0.0,0.0,0.764193,0.113917,0.0,0.0,0.0,0.0,0.17764,0.130508,0.178778,0.0,0.0,0.0,0.0,0.114462,2e-06,0.0,0.126184,0.130137,0.244783,0.096142,0.0,2e-06,0.0,2.257022,0.117014,0.0,6e-06,0.151959,1.419806,0.0,0.036903,0.0,0.0,0.0,0.0,0.001015,0.05071,0.0,0.883238,0.0,0.0,0.0,0.0,1e-06,0.191424,0.174941,0.0,0.144534,0.194819,0.0,0.0,0.094178,0.0,0.266201,0.000238,0.0,0.069059,0.189492,0.177394,0.152299,0.0,0.09083,0.0,0.0,0.0,0.0,0.230746,0.154531,0.0,0.154652,0.146707,0.34536,1e-06,0.186251,0.008715,1.082382,0.076464,0.0,0.164028,0.152128,0.0,0.0,0.205258,0.0,0.0,9e-06,0.0,0.0,0.000108,0.22246,0.151759,8e-06,0.208152,0.219006,0.100946,0.099743,0.097688,0.0,0.198126,0.0,0.0,0.092515,0.108926,0.191477,0.217904,0.0,2e-06,1e-06,0.0,0.174853,0.191878,0.16605,0.173306,0.0,0.0,0.0,0.212582,0.0,0.0,0.015116,0.111333,0.0,0.089437,0.092534,0.148822,1e-06,0.231639,0.0,0.0,0.007701,0.10873,0.0,0.263909,0.0,0.0,0.248646,0.0,0.0,0.0,0.0,0.160847,0.0,0.166465,0.198972,0.458675,0.0,9e-06,0.196062,0.119361,0.0,0.098182,0.070296,0.272014,0.343055,0.0,0.0,0.236494,0.163586,0.0,0.0,0.0,0.499445,0.15673,3.2e-05,0.0,0.0,0.0,0.0,0.163124,0.166943,0.140389,0.0,0.0,0.0,1e-06,0.17513,0.203282,0.0,0.124463,0.0,0.0,0.0,0.0,5e-06,0.0,0.173428,0.0,0.236275,3e-06,0.548732,0.0,0.0,0.113955,0.0,0.207023,0.0,0.147915,0.0,0.0,0.0,0.0,0.258501,0.168795,0.0,0.121857,0.175605,0.093732,0.000126,0.0,0.382165,0.0,0.133357,0.173736,0.0,0.0,0.0,0.100676,0.082853,4e-06,0.0,0.205494,0.0,0.204877,0.112004,0.165773,0.014638,0.0,0.1862,0.0,0.0,0.882039,0.298241,0.061465,0.183057,0.120567,0.176586,0.322173,0.108256,0.308397,0.258725,0.170081,0.100055,0.0,9e-06,0.0,0.0,0.0,0.289021,0.219296,0.031327,0.0,0.0,0.0,0.22723,0.674439,0.0,0.27842,0.0,0.271493,0.0,0.181794,0.0,0.741558,4e-06,0.0,0.0,0.0,0.0,2.8e-05,0.141587,0.0,0.0,0.215767,0.0,2.2e-05,1e-06,0.0,0.449516,0.040773,0.0,0.0,0.042018,0.0,0.143525,0.094976,0.647288,0.19048,0.0,0.973718,0.191015,0.0,0.0,0.0,0.379281,0.111751,0.0,0.0,0.172291,0.0,0.218944,0.149748,0.0,0.106603,0.148711,0.0,0.0,0.0,7e-06,0.0,0.0,0.203433,0.0,1.2e-05,0.0,0.17621,0.0,0.212549,0.097687,0.186742,0.0,0.0,0.105058,0.093112,0.213725,0.127917,0.0,0.174481,0.0,0.0,0.197339,0.069728,0.126042,0.0
TCGA-86-A456,0.35939,0.0,0.0,0.0,0.0,0.222937,0.055284,0.321478,0.083846,0.284925,0.226324,4e-06,1e-06,0.0,0.0,0.318982,0.0,0.241073,0.0,0.0,0.061668,0.0,0.0,0.0,0.0,0.0,0.0,0.0,0.0,0.229733,1e-06,0.0,0.23285,0.788816,0.160766,0.080627,0.057494,1.7e-05,0.0,0.0,0.0,0.082839,0.0,0.265649,0.0,0.117445,0.130928,0.0,0.0,0.078338,0.0,0.260954,0.0,0.905938,0.0,0.150478,0.226211,0.0,0.0,0.224563,3e-06,2e-06,0.0,0.125739,0.203908,0.10559,0.223363,0.0,0.455041,0.0,0.0,0.0,0.182761,0.247364,0.0,0.0,0.0,0.0,0.0,0.0,0.0,0.740189,0.20057,0.0,0.0,0.156372,0.0,0.0,0.198333,0.206275,0.218628,0.0,4.5e-05,0.0,0.441338,0.0,0.0,0.0,0.0,0.227289,0.0,0.0,0.312843,0.296792,0.0,0.0,0.0,0.368195,0.22848,0.077204,0.171492,0.0,0.063043,0.0,0.106905,0.0,0.0,0.504176,0.342898,0.12506,0.221122,0.0,0.0,0.0,0.0,0.0,0.102888,0.338013,0.337236,0.0,2e-06,0.22202,0.0,0.069418,0.129635,0.0,0.178291,0.072538,0.098026,0.0,0.092772,0.11983,0.102425,0.10317,0.096544,0.0,0.0,0.200028,0.0,0.0,0.0,0.081892,0.13435,0.052058,1.4e-05,0.180396,0.0,0.131062,0.196231,1e-06,0.445329,0.0,5e-05,0.0,0.0,0.000745,0.0,0.0,0.0,0.464967,0.0,0.0,0.211927,0.0,0.0,0.0,0.0,0.0,0.0,0.725002,0.146103,0.0,0.0,0.0,0.0,0.20452,0.133691,0.225892,0.0,0.0,0.0,0.0,0.093767,2e-06,0.0,0.097118,0.172828,0.275014,0.068666,0.0,3.8e-05,0.0,2.273585,0.159035,0.0,0.0,0.131722,1.431682,0.0,0.012957,0.0,0.0,0.0,0.0,2.1e-05,0.076558,0.0,0.863185,0.0,0.0,0.0,0.0,1e-06,0.255115,0.211063,0.0,0.134614,0.177066,0.0,0.0,0.103978,0.0,0.32188,0.003882,0.0,0.092786,0.253976,0.251838,0.210982,0.0,0.049385,0.0,0.0,0.0,0.0,0.190189,0.150136,0.0,0.200687,0.191746,0.3079,0.0,0.232997,0.04987,1.054631,0.059429,0.0,0.209644,0.121984,0.0,0.0,0.243304,0.0,0.0,0.000627,0.0,0.0,8e-06,0.274798,0.19068,0.0,0.283278,0.275916,0.084518,0.076507,0.10775,0.0,0.233731,0.0,0.0,0.072658,0.082398,0.22669,0.27722,0.0,0.0,0.0,0.0,0.212714,0.252967,0.206473,0.208441,0.0,0.0,0.0,0.269037,0.0,0.0,0.029974,0.080396,0.0,0.072423,0.076578,0.172487,0.0,0.219165,0.0,0.0,0.001289,0.140226,0.0,0.27175,0.0,0.0,0.204652,0.0,0.0,0.0,0.0,0.197405,0.0,0.206798,0.252448,0.450244,0.0,0.0,0.244137,0.151984,0.0,0.072719,0.034622,0.28062,0.291216,0.0,0.0,0.295661,0.211328,0.0,0.0,0.0,0.485247,0.210649,0.0,0.0,0.0,0.0,0.0,0.218207,0.223653,0.106405,0.0,0.0,0.0,0.0,0.230834,0.243305,0.0,0.106719,0.0,0.0,0.0,0.0,0.0,0.0,0.141403,0.0,0.293606,0.0,0.56854,0.0,0.0,0.088784,0.0,0.252852,0.0,0.139476,3.5e-05,0.0,0.0,0.0,0.321699,0.216831,0.0,0.160074,0.238439,0.047805,4.4e-05,0.0,0.345939,0.0,0.096579,0.232907,0.0,0.0,0.0,0.065588,0.066292,5e-06,0.0,0.255313,0.0,0.249798,0.099778,0.137735,0.022232,0.0,0.24656,0.0,0.0,0.861834,0.312734,0.031563,0.235996,0.089819,0.227998,0.282654,0.071304,0.260894,0.282072,0.229805,0.067068,0.0,0.0,0.0,0.0,0.0,0.336168,0.260814,0.005809,0.0,0.0,0.0,0.271382,0.633228,0.0,0.232269,0.0,0.297264,0.0,0.239383,0.0,0.717246,0.0,0.0,0.0,0.0,0.0,5.5e-05,0.112558,0.0,0.0,0.257739,0.0,0.0,0.0,0.0,0.458361,0.015563,0.0,0.0,0.033917,0.0,0.118834,0.073385,0.632197,0.247413,0.0,0.949876,0.226778,0.0,0.0,0.0,0.349073,0.083365,0.0,0.0,0.190207,0.0,0.177833,0.20067,0.0,0.078777,0.187105,0.0,0.0,0.0,4e-06,0.0,0.0,0.253008,0.0,6e-06,0.0,0.149791,0.0,0.242153,0.077072,0.24764,0.0,0.0,0.109951,0.070167,0.253741,0.105288,0.0,0.225598,0.0,0.0,0.233346,0.037035,0.101121,0.0
TCGA-86-A4P7,0.185692,0.0,0.0,0.0,0.0,0.114872,0.166476,0.164318,0.20485,0.137296,0.111737,7.9e-05,0.0,0.0,0.0,0.160204,0.0,0.2393,0.0,0.0,0.178185,0.0,0.0,0.0,0.0,0.0,0.0,0.0,0.0,0.118545,0.0,0.0,0.117487,1.019006,0.099209,0.200382,0.153388,0.000604,0.0,0.0,0.0,0.199658,0.0,0.143987,0.0,0.231131,0.113145,0.0,0.0,0.194364,0.0,0.239342,0.0,0.994639,0.0,0.330909,0.124148,0.0,5e-06,0.118188,3.9e-05,1e-06,0.0,0.076524,0.172306,0.20436,0.119615,0.0,0.640082,0.0,0.0,0.0,0.331345,0.135513,0.0,0.0,0.0,0.0,0.0,0.0,0.0,0.914948,0.104191,0.0,0.0,0.088554,0.0,0.0,0.104214,0.128195,0.132197,0.0,0.002934,0.0,0.616467,0.0,0.0,0.0,0.0,0.12864,0.0,0.0,0.160181,0.147777,0.0,0.0,0.0,0.419404,0.112734,0.155738,0.123229,0.0,0.184489,0.0,0.232728,0.0,0.0,0.679765,0.16942,0.240613,0.392286,0.0,0.0,0.0,0.0,0.0,0.20304,0.411302,0.169159,0.0,1e-06,0.109906,0.0,0.203686,0.299234,0.0,0.319398,0.080087,0.074126,0.0,0.218853,0.074446,0.185783,0.236335,0.245294,0.0,0.0,0.335683,0.0,0.0,0.000397,0.207726,0.29224,0.120743,0.000308,0.099958,0.0,0.076972,0.101543,1e-06,0.631772,0.0,0.000117,0.0,0.0,0.029389,0.0,0.0,0.0,0.647009,0.0,0.0,0.122442,0.0,0.0,0.0,0.0,2e-06,0.0,0.902771,0.07388,0.0,0.0,0.0,0.0,0.110281,0.25184,0.122192,0.0,0.0,0.0,0.0,0.223097,3.9e-05,0.0,0.229989,0.089413,0.2585,0.179945,0.0,4.3e-05,0.0,2.498076,0.100806,0.0,0.0,0.212042,1.574653,0.0,0.102093,0.0,0.0,0.0,0.0,0.000844,0.077998,0.0,1.065644,0.0,0.0,0.0,0.0,1.1e-05,0.135297,0.120754,0.0,0.275739,0.382337,0.0,0.0,0.177942,0.0,0.165394,0.001065,0.0,0.06772,0.12378,0.131605,0.117773,0.0,0.159536,0.0,0.0,0.0,0.0,0.303583,0.239434,0.0,0.109016,0.106554,0.483552,0.0,0.133362,0.021769,1.270292,0.153827,0.0,0.108502,0.275678,0.0,0.0,0.164334,0.0,0.0,0.00018,0.0,0.0,0.000184,0.141106,0.102226,0.0,0.144344,0.136335,0.184488,0.195048,0.093428,0.0,0.112143,0.0,0.0,0.187616,0.206288,0.141665,0.142172,0.0,0.0,0.0,0.0,0.124835,0.131083,0.113902,0.104818,0.0,0.0,0.0,0.133477,0.0,0.0,0.027556,0.199888,0.0,0.179438,0.168658,0.148553,0.0,0.239605,0.0,0.0,0.017368,0.094049,0.0,0.304997,0.0,0.0,0.342406,0.0,0.0,0.0,0.0,0.113791,0.0,0.105085,0.137499,0.607415,0.0,0.0,0.137383,0.100608,0.0,0.16447,0.138442,0.289835,0.44596,0.0,0.0,0.158335,0.115333,0.0,0.0,0.0,0.652752,0.116019,0.0,0.0,0.0,0.0,0.0,0.109729,0.118522,0.258291,0.0,0.0,0.0,0.0,0.114705,0.125142,0.0,0.220374,0.0,2e-06,0.0,0.0,0.0,0.0,0.287698,0.0,0.150157,0.0,0.647536,0.0,0.0,0.211358,0.0,0.132875,0.0,0.285228,1.4e-05,0.0,0.0,0.0,0.16025,0.108178,0.0,0.083574,0.12658,0.170496,0.000524,0.0,0.506637,0.0,0.202305,0.114082,0.0,0.0,0.0,0.169131,0.161505,3.6e-05,0.0,0.189519,0.0,0.134777,0.216708,0.32591,0.046836,0.0,0.13077,0.0,0.0,1.017723,0.277245,0.074905,0.135519,0.209311,0.115189,0.452667,0.218352,0.396663,0.298203,0.131464,0.193171,0.0,0.0,0.0,0.0,0.0,0.169069,0.162859,0.070139,0.0,0.0,0.0,0.151012,0.857807,0.0,0.425046,0.0,0.266314,0.0,0.130504,0.0,0.926332,0.0,0.0,0.0,0.0,0.0,3e-06,0.204827,0.0,0.0,0.16058,0.0,0.0,0.0,0.0,0.497574,0.102749,0.0,0.0,0.105758,0.0,0.245687,0.171621,0.742842,0.1337,0.0,1.160699,0.121267,0.0,0.0,0.0,0.584142,0.206812,0.0,0.0,0.206399,0.0,0.276742,0.116145,0.0,0.187996,0.096498,0.0,0.0,0.0,1.3e-05,5e-06,0.0,0.129902,0.0,0.000129,0.0,0.302701,0.0,0.12539,0.179915,0.13383,0.0,0.0,0.085931,0.171831,0.19681,0.229961,0.0,0.117573,0.0,0.0,0.113311,0.120359,0.235306,0.0
TCGA-86-A4P8,0.29948,0.0,0.0,0.0,0.0,0.190957,0.078371,0.256954,0.109972,0.237677,0.188849,0.000201,0.0,0.0,0.0,0.266613,0.0,0.221858,0.0,0.0,0.075897,0.0,0.0,0.0,0.0,0.0,0.0,0.0,0.0,0.199402,0.0,0.0,0.202348,0.787602,0.125215,0.101938,0.076928,0.00066,0.0,0.0,0.0,0.102801,0.0,0.224438,0.0,0.123137,0.093646,0.0,0.0,0.090417,0.0,0.226446,0.0,0.845045,0.0,0.16213,0.17903,0.0,1.8e-05,0.192829,4.1e-05,1e-06,0.0,0.108444,0.208742,0.107276,0.184007,3e-06,0.462181,0.0,0.0,0.0,0.215194,0.194777,0.0,0.0,0.0,0.0,0.0,0.0,0.0,0.723127,0.170484,0.0,0.0,0.132713,0.0,0.0,0.167273,0.165676,0.175017,0.0,0.004557,0.0,0.452682,0.0,0.0,0.0,0.0,0.184724,1e-06,0.0,0.267732,0.24077,0.0,0.0,0.0,0.355613,0.197188,0.077367,0.151196,0.0,0.075398,1e-06,0.117033,0.0,0.0,0.512985,0.28553,0.134244,0.232189,0.0,0.0,0.0,0.0,1e-06,0.120381,0.32634,0.275527,0.0,0.0,0.181563,0.0,0.08358,0.143343,0.0,0.198106,0.05999,0.083481,0.0,0.106286,0.094027,0.102143,0.114998,0.113609,0.0,0.0,0.215753,0.0,0.0,0.000138,0.098594,0.151832,0.051501,0.000849,0.149785,0.0,0.107817,0.158991,0.0,0.46644,0.0,5.8e-05,0.0,0.0,0.021278,0.0,0.0,0.0,0.459854,0.0,0.0,0.164184,0.0,0.0,0.0,0.0,0.0,0.0,0.724383,0.128143,6e-06,0.0,0.0,0.0,0.176098,0.127267,0.189402,0.0,0.0,0.0,0.0,0.10174,2.7e-05,0.0,0.111408,0.1468,0.241609,0.087154,0.0,3.8e-05,0.0,2.184746,0.139662,0.0,0.0,0.136168,1.364979,0.0,0.035348,0.0,0.0,0.0,0.0,0.000541,0.05547,0.0,0.850111,0.0,0.0,0.0,0.0,6e-06,0.19649,0.175752,0.0,0.1428,0.178714,0.0,0.0,0.086751,0.0,0.262928,0.000926,0.0,0.091825,0.212733,0.201755,0.174848,0.0,0.076864,0.0,0.0,0.0,0.0,0.211117,0.1579,0.0,0.167325,0.15959,0.327736,0.0,0.179953,0.026569,1.022416,0.05329,0.0,0.164297,0.133544,0.0,0.0,0.207461,0.0,0.0,0.000201,0.0,0.0,0.00032,0.233697,0.161628,0.0,0.221196,0.224493,0.089286,0.084571,0.084685,0.0,0.203722,0.0,0.0,0.090824,0.097821,0.197149,0.208431,0.0,0.0,0.0,0.0,0.175557,0.212913,0.176575,0.168309,0.0,0.0,0.0,0.215663,0.0,0.0,0.026902,0.096741,0.0,0.082333,0.084994,0.141874,0.0,0.201039,0.0,0.0,0.008314,0.114657,0.0,0.247031,0.0,0.0,0.220939,0.0,0.0,0.0,0.0,0.157326,0.0,0.170201,0.201133,0.447562,0.0,0.0,0.199613,0.125679,0.0,0.088561,0.064143,0.286173,0.31077,0.0,0.0,0.259373,0.17606,0.0,0.0,0.0,0.488532,0.159824,0.0,0.0,0.0,0.0,0.0,0.185926,0.177653,0.124645,0.0,0.0,0.0,0.0,0.197447,0.218126,0.0,0.110005,0.0,0.0,0.0,1e-06,0.0,0.0,0.16191,0.0,0.245046,0.0,0.528791,0.0,0.0,0.098543,0.0,0.210688,0.0,0.139026,2e-06,0.0,0.0,0.0,0.261656,0.185051,0.0,0.144178,0.197534,0.079986,0.000255,0.0,0.348412,0.0,0.106501,0.197088,0.0,0.0,0.0,0.087059,0.080367,3.9e-05,0.0,0.21427,0.0,0.201172,0.109408,0.151883,0.01738,0.0,0.201044,0.0,0.0,0.831113,0.298179,0.029089,0.190953,0.109454,0.185448,0.293702,0.095809,0.292644,0.277049,0.192247,0.091306,0.0,1.3e-05,0.0,0.0,0.0,0.278421,0.226716,0.028623,0.0,0.0,0.0,0.214395,0.641856,0.0,0.261083,0.0,0.265966,0.0,0.192349,0.0,0.72168,0.0,0.0,0.0,0.0,0.0,4.9e-05,0.122195,0.0,0.0,0.21178,0.0,2e-06,0.0,0.0,0.427374,0.039243,0.0,0.0,0.038701,0.0,0.126724,0.08981,0.599923,0.19954,0.0,0.930894,0.199731,0.0,0.0,0.0,0.352785,0.101868,0.0,0.0,0.179766,0.0,0.195728,0.176538,0.0,0.086608,0.166885,0.0,0.0,0.0,2e-06,0.0,0.0,0.209115,0.0,7.6e-05,1e-06,0.170826,0.0,0.21736,0.088965,0.193951,0.0,0.0,0.108412,0.085451,0.218938,0.120639,0.0,0.176617,0.0,0.0,0.197035,0.05559,0.115361,0.0
TCGA-92-8063,0.337368,0.0,0.0,0.0,0.0,0.216616,0.052545,0.293241,0.09883,0.267534,0.20849,0.0,0.0,0.0,0.0,0.294383,0.0,0.228439,0.0,0.0,0.058434,0.0,0.0,0.0,0.0,0.0,0.0,0.0,0.0,0.229093,0.0,0.0,0.240271,0.792393,0.146131,0.080834,0.066242,0.0,0.0,0.0,0.0,0.093777,0.0,0.239973,0.0,0.119968,0.096669,0.0,0.0,0.069414,0.0,0.235754,0.0,0.879999,0.0,0.150567,0.211216,0.0,1e-06,0.208188,0.0,1e-06,0.0,0.128883,0.221021,0.091214,0.204373,2e-06,0.458477,0.0,0.0,0.0,0.216313,0.217123,0.0,0.0,0.0,0.0,0.0,0.0,5e-06,0.744147,0.176043,0.0,0.0,0.140518,0.0,0.0,0.18589,0.179147,0.185705,0.0,0.000432,0.0,0.467522,0.0,0.0,0.0,0.0,0.194268,0.0,0.0,0.302592,0.270384,0.0,0.0,0.0,0.372216,0.224224,0.077302,0.157552,0.0,0.073748,0.0,0.110109,0.0,0.0,0.524604,0.308869,0.12969,0.223915,0.0,9e-06,0.0,0.0,0.0,0.124486,0.332748,0.299659,1e-06,0.0,0.20998,0.0,0.070892,0.121623,0.0,0.194167,0.056388,0.095639,0.0,0.100492,0.097841,0.106866,0.109513,0.102716,0.0,0.0,0.219047,0.0,0.0,0.0,0.084796,0.147285,0.060249,0.0,0.16793,0.0,0.11541,0.181189,1.4e-05,0.45727,0.0,0.0,0.0,0.0,0.002166,0.0,0.0,0.0,0.462778,0.0,0.0,0.175135,0.0,0.0,0.0,0.0,0.0,0.0,0.728095,0.142383,0.0,0.0,0.0,0.0,0.190225,0.11638,0.216607,0.0,0.0,0.0,0.0,0.093404,0.0,0.0,0.09243,0.173026,0.261055,0.080734,0.0,0.000209,0.0,2.263573,0.159636,0.0,0.0,0.129733,1.407905,0.0,0.015567,0.0,0.0,0.0,0.0,0.0,0.051502,0.0,0.857431,0.0,0.0,0.0,0.0,0.0,0.213258,0.194787,0.0,0.127444,0.168251,0.0,0.0,0.08916,0.0,0.27778,0.000396,0.0,0.105007,0.225995,0.210697,0.183908,0.0,0.059377,0.0,0.0,0.0,0.0,0.203371,0.148417,0.0,0.186568,0.174648,0.321774,0.0,0.205727,0.016259,1.041294,0.061057,0.0,0.183255,0.122896,0.0,0.0,0.232744,0.0,0.0,1.7e-05,0.0,0.0,0.0,0.259163,0.181107,0.0,0.240544,0.258193,0.087198,0.076887,0.088528,0.0,0.230869,0.0,0.0,0.078671,0.087201,0.212058,0.231781,0.0,0.0,0.0,0.0,0.192324,0.221504,0.186784,0.184997,0.0,0.0,0.0,0.239686,0.0,0.0,0.020312,0.087682,0.0,0.065738,0.08422,0.151339,0.0,0.215705,0.0,0.0,0.006768,0.119792,0.0,0.255696,1e-06,0.0,0.218222,0.0,1e-06,0.0,0.0,0.180134,0.0,0.190845,0.221487,0.45161,0.0,0.0,0.217311,0.132676,0.0,0.07857,0.041676,0.319046,0.309335,2e-06,0.0,0.278788,0.190956,0.0,0.0,0.0,0.507904,0.171222,0.0,0.0,0.0,0.0,0.0,0.192097,0.200489,0.105653,0.0,0.0,0.0,0.0,0.220022,0.242613,0.0,0.108399,0.0,0.0,0.0,0.0,0.0,0.0,0.156661,0.0,0.262338,0.0,0.561594,0.0,0.0,0.089898,0.0,0.231749,0.0,0.132322,3e-06,0.0,0.0,0.0,0.299572,0.201637,0.0,0.162497,0.202389,0.070995,4e-06,0.0,0.34666,0.0,0.103619,0.224602,0.0,0.0,0.0,0.06966,0.071455,0.0,0.0,0.243631,0.0,0.233176,0.093402,0.141696,0.014888,0.0,0.212369,0.0,0.0,0.86277,0.314108,0.028838,0.209318,0.091552,0.202584,0.286125,0.079829,0.290812,0.28169,0.205132,0.085512,0.0,1.1e-05,0.0,0.0,0.0,0.311391,0.243473,0.011805,0.0,0.0,0.0,0.230745,0.650741,0.0,0.250884,0.0,0.28365,0.0,0.209615,0.0,0.728202,0.0,0.0,0.0,0.0,0.0,9e-06,0.124158,0.0,0.0,0.218297,0.0,0.0,0.0,0.0,0.44474,0.021167,0.0,0.0,0.037009,0.0,0.113677,0.085236,0.62488,0.219755,0.0,0.95709,0.215164,0.0,0.0,0.0,0.340714,0.086245,0.0,0.0,0.183501,0.0,0.194619,0.174645,0.0,0.076685,0.17982,0.0,0.0,0.0,0.000102,0.0,0.0,0.240743,0.0,0.0,0.0,0.147853,0.0,0.230174,0.0873,0.208088,0.0,0.0,0.095081,0.073964,0.241974,0.11647,0.0,0.190949,0.0,0.0,0.225902,0.047642,0.100784,0.0
TCGA-93-A4JO,0.331367,0.0,0.0,0.0,0.0,0.209773,0.055768,0.290147,0.092866,0.261657,0.208827,0.0,0.0,0.0,0.0,0.287656,0.0,0.21926,0.0,0.0,0.066461,0.0,0.0,0.0,0.0,0.0,0.0,0.0,0.0,0.215907,0.0,0.0,0.227062,0.77591,0.13932,0.079843,0.06361,2e-06,0.0,0.0,0.0,0.086094,0.0,0.240547,0.0,0.117005,0.088836,0.0,0.0,0.075367,0.0,0.240991,0.0,0.853976,0.0,0.154928,0.20295,0.0,2e-06,0.201469,0.0,1e-06,0.0,0.119198,0.203762,0.092308,0.204522,0.0,0.451038,0.0,0.0,0.0,0.19768,0.221499,0.0,0.0,0.0,0.0,0.0,0.0,0.0,0.714024,0.175708,0.0,0.0,0.149456,0.0,0.0,0.184529,0.192597,0.19436,0.0,0.000183,0.0,0.444437,0.0,0.0,0.0,0.0,0.194563,0.0,0.0,0.287173,0.27391,0.0,0.0,0.0,0.3603,0.222141,0.067613,0.160192,0.0,0.069632,0.0,0.093687,0.0,0.0,0.511611,0.304659,0.130282,0.223299,0.0,0.0,0.0,0.0,0.0,0.114853,0.330289,0.293145,0.0,1e-06,0.211922,0.0,0.079256,0.128657,0.0,0.178322,0.06061,0.086137,0.0,0.094147,0.109205,0.105189,0.103006,0.096642,0.0,0.0,0.210335,0.0,0.0,1.9e-05,0.091754,0.140774,0.057048,7.7e-05,0.166844,0.0,0.124831,0.182401,0.0,0.441752,0.0,0.0,0.0,0.0,0.002304,0.0,0.0,0.0,0.451755,0.0,0.0,0.173679,0.0,0.0,0.0,0.0,0.0,0.0,0.697425,0.131185,0.0,0.0,0.0,0.0,0.199249,0.119254,0.208698,0.0,0.0,0.0,0.0,0.097001,0.0,0.0,0.09671,0.164759,0.250213,0.071975,0.0,1.4e-05,0.0,2.197638,0.150883,0.0,7e-06,0.130708,1.373936,0.0,0.020359,0.0,0.0,0.0,0.0,0.000174,0.052945,0.0,0.836874,0.0,0.0,0.0,0.0,0.0,0.220363,0.199387,0.0,0.134386,0.173208,0.0,0.0,0.078437,0.0,0.287644,0.000404,0.0,0.093573,0.230582,0.220001,0.196301,0.0,0.057745,0.0,0.0,0.0,0.0,0.191866,0.14575,0.0,0.178963,0.179947,0.308364,0.0,0.208445,0.039197,1.020032,0.058315,0.0,0.187323,0.122079,0.0,0.0,0.23288,0.0,0.0,0.000524,0.0,0.0,5.6e-05,0.250882,0.168733,0.0,0.250559,0.261666,0.085975,0.078846,0.071796,0.0,0.225959,0.0,0.0,0.075819,0.085382,0.213928,0.239221,0.0,0.0,0.0,0.0,0.197568,0.215133,0.187533,0.187978,0.0,0.0,0.0,0.245759,0.0,0.0,0.041166,0.078496,0.0,0.065416,0.079065,0.149672,0.0,0.191479,0.0,0.0,0.003924,0.126924,0.0,0.240966,1e-06,0.0,0.21279,0.0,0.0,0.0,0.0,0.171714,0.0,0.198331,0.222556,0.435905,0.0,0.0,0.211241,0.134156,0.0,0.074514,0.040413,0.291536,0.289977,0.0,0.0,0.28001,0.194117,0.0,0.0,0.0,0.489108,0.178935,0.0,0.0,0.0,0.0,0.0,0.194195,0.201563,0.111198,0.0,0.0,0.0,0.0,0.209083,0.229383,0.0,0.101247,0.0,0.0,0.0,0.0,0.0,0.0,0.1412,0.0,0.266019,0.0,0.539135,0.0,0.0,0.088781,0.0,0.227423,0.0,0.135316,5e-06,0.0,0.0,0.0,0.28533,0.201318,0.0,0.152626,0.212266,0.057529,0.00011,0.0,0.332378,0.0,0.097958,0.22109,0.0,0.0,0.0,0.068924,0.073427,0.0,0.0,0.246429,0.0,0.222647,0.108303,0.135887,0.017563,0.0,0.217961,0.0,0.0,0.830054,0.297776,0.026598,0.207954,0.096327,0.221005,0.28359,0.078827,0.281291,0.285435,0.218335,0.081897,0.0,0.0,0.0,0.0,0.0,0.302094,0.245628,0.009953,0.0,0.0,0.0,0.232042,0.634728,0.0,0.23318,0.0,0.278372,0.0,0.219443,0.0,0.702664,1e-06,0.0,0.0,0.0,0.0,0.0,0.116824,0.0,0.0,0.221553,0.0,2.5e-05,0.0,0.0,0.423545,0.026061,0.0,0.0,0.035865,0.0,0.111327,0.082732,0.60197,0.220441,0.0,0.921209,0.201226,0.0,0.0,0.0,0.329086,0.089906,0.0,0.0,0.188111,0.0,0.179915,0.177168,0.0,0.082351,0.170853,0.0,0.0,0.0,2.1e-05,0.0,0.0,0.233112,0.0,0.0,0.0,0.147094,0.0,0.221038,0.080991,0.228783,0.0,0.0,0.109572,0.073111,0.246168,0.11325,0.0,0.20494,0.0,0.0,0.221891,0.042292,0.106298,0.0
TCGA-93-A4JP,0.17236,0.0,0.0,0.0,0.0,0.126647,0.140481,0.151281,0.205516,0.145982,0.120675,0.0,0.0,0.0,0.0,0.151187,0.0,0.219581,0.0,0.0,0.150938,0.0,0.0,0.0,0.0,0.0,0.0,0.0,0.0,0.133971,0.0,0.0,0.142674,0.972389,0.091732,0.177338,0.152746,8e-06,0.0,0.0,0.0,0.186119,0.0,0.13304,0.0,0.230633,0.064938,0.0,0.0,0.166478,0.0,0.220705,0.0,0.922067,0.0,0.31982,0.125881,0.0,4.1e-05,0.126484,0.0,4e-06,0.0,0.084426,0.184484,0.188609,0.127843,0.0,0.615512,0.0,0.0,0.0,0.336816,0.12658,0.0,0.0,0.0,0.0,0.0,0.0,0.0,0.871886,0.107258,0.0,0.0,0.096461,0.0,0.0,0.115845,0.127291,0.123919,0.0,0.001016,0.0,0.608783,0.0,0.0,0.0,0.0,0.108909,1e-06,0.0,0.153428,0.153575,0.0,0.0,0.0,0.426939,0.137393,0.138875,0.117981,0.0,0.160842,0.0,0.205412,0.0,0.0,0.675992,0.167479,0.230295,0.359808,0.0,2e-06,0.0,0.0,0.0,0.191758,0.410284,0.151854,0.0,1e-06,0.128425,0.0,0.18113,0.276069,0.0,0.311326,0.052245,0.066188,0.0,0.211639,0.087457,0.161353,0.217497,0.223394,0.0,0.0,0.342057,0.0,0.0,2.1e-05,0.189266,0.284381,0.119453,0.000226,0.094837,0.0,0.07785,0.097727,0.0,0.60065,0.0,1e-06,0.0,0.0,0.011053,0.0,0.0,0.0,0.615438,0.0,0.0,0.104921,0.0,9.2e-05,0.0,0.0,0.0,0.0,0.865432,0.087768,0.0,0.0,0.0,0.0,0.107879,0.241134,0.125033,0.0,0.0,0.0,0.0,0.191665,0.0,0.0,0.203458,0.108071,0.238049,0.165159,0.0,0.0,0.0,2.41456,0.117754,0.0,6e-06,0.196477,1.520275,0.0,0.065332,0.0,0.0,0.0,0.0,0.000574,0.071885,0.0,1.021755,0.0,0.0,0.0,0.0,0.0,0.109483,0.123749,0.0,0.259643,0.343558,0.0,0.0,0.164355,0.0,0.142313,6.5e-05,0.0,0.075583,0.131945,0.117728,0.113282,0.0,0.146424,0.0,0.0,0.0,0.0,0.292008,0.250877,0.0,0.094157,0.107671,0.477551,0.0,0.126169,0.013636,1.211252,0.134594,0.0,0.109853,0.247764,0.0,0.0,0.15881,0.0,0.0,0.0,7.8e-05,0.0,0.000146,0.151373,0.108277,0.0,0.13256,0.150929,0.185261,0.174457,0.065075,0.0,0.124347,0.0,0.0,0.171856,0.190717,0.150883,0.121515,0.0,0.0,0.0,0.0,0.105535,0.13312,0.11421,0.129677,0.0,0.0,0.0,0.138507,0.0,0.0,0.039814,0.177879,0.0,0.149729,0.174747,0.136651,0.0,0.232153,0.0,0.0,0.015292,0.085928,0.0,0.291342,0.0,0.0,0.314304,0.0,0.0,0.0,0.0,0.096895,0.0,0.121708,0.127263,0.573559,0.0,0.0,0.123972,0.091513,0.0,0.153357,0.120853,0.304842,0.40538,0.0,0.0,0.173206,0.105274,0.0,0.0,0.0,0.653045,0.103694,0.0,0.0,0.0,0.0,0.0,0.118956,0.113638,0.236424,0.0,0.0,0.0,0.0,0.123431,0.145512,0.0,0.206652,0.0,0.0,0.0,0.0,0.0,0.0,0.289079,0.0,0.15869,0.0,0.626561,0.0,0.0,0.19955,0.0,0.134,0.0,0.274627,3e-06,0.0,0.0,0.0,0.163051,0.115566,0.0,0.095149,0.12439,0.14062,0.000532,0.0,0.467062,0.0,0.218371,0.127688,0.0,0.0,0.0,0.153975,0.16522,0.0,0.0,0.189271,0.0,0.127066,0.20128,0.287551,0.031772,0.0,0.115044,0.0,0.0,0.984491,0.281949,0.049909,0.124353,0.1874,0.126533,0.420236,0.186526,0.399988,0.302917,0.136346,0.179458,0.0,2.5e-05,0.0,0.0,0.0,0.155462,0.177274,0.050528,0.0,0.0,0.0,0.135528,0.830726,0.0,0.411375,0.0,0.254193,0.0,0.128338,0.0,0.887075,0.0,0.0,0.0,0.0,0.0,8e-06,0.180217,0.0,0.0,0.136757,0.0,6e-06,0.0,0.0,0.492494,0.071842,0.0,0.0,0.088777,0.0,0.222877,0.180654,0.707705,0.120815,0.0,1.124708,0.116097,0.0,0.0,0.0,0.541795,0.199138,0.0,0.0,0.202644,0.0,0.268986,0.111193,0.0,0.182456,0.096043,0.0,0.0,0.0,3e-05,0.0,0.0,0.118054,0.0,1.2e-05,0.0,0.2719,0.0,0.113168,0.169171,0.133344,0.0,0.0,0.062568,0.169389,0.198079,0.232876,0.0,0.128876,0.0,0.0,0.126558,0.101073,0.211398,0.0
TCGA-95-7039,0.181829,0.0,0.0,0.0,0.0,0.128272,0.151474,0.165165,0.188422,0.153039,0.125694,0.0,0.0,0.0,0.0,0.155814,0.0,0.246579,0.0,0.0,0.173083,0.0,0.0,0.0,0.0,0.0,0.0,0.0,0.0,0.123688,1e-06,0.0,0.134633,1.031085,0.105757,0.178867,0.139804,1.1e-05,0.0,0.0,0.0,0.182515,0.0,0.152959,0.0,0.242528,0.099361,0.0,0.0,0.169075,0.0,0.244783,0.0,1.010617,0.0,0.325206,0.126916,0.0,0.0,0.128717,0.0,0.0,0.0,0.070739,0.182252,0.209322,0.135673,0.0,0.640074,0.0,0.0,0.0,0.335716,0.131502,0.0,0.0,0.0,0.0,0.0,0.0,0.0,0.941987,0.110532,0.0,0.0,0.097807,0.0,0.0,0.121201,0.140697,0.130204,0.0,0.000215,0.0,0.62357,0.0,0.0,0.0,0.0,0.134807,0.0,0.0,0.158942,0.153763,0.0,0.0,0.0,0.447763,0.128261,0.1589,0.104922,0.0,0.171149,0.0,0.214656,0.0,0.0,0.695287,0.184727,0.246416,0.388699,0.0,0.0,0.0,0.0,0.0,0.204071,0.430795,0.169502,0.0,1e-06,0.124631,0.0,0.181003,0.295788,0.0,0.309049,0.073003,0.066923,0.0,0.215339,0.095198,0.181771,0.228477,0.232618,0.0,0.0,0.34197,0.0,0.0,0.000175,0.192191,0.28754,0.123543,0.000147,0.099606,0.0,0.070268,0.100597,0.0,0.638659,0.0,0.0,0.0,0.0,0.003666,0.0,0.0,0.0,0.649798,0.0,0.0,0.12628,0.0,0.0,0.0,0.0,0.0,0.0,0.919376,0.088858,0.0,0.0,0.0,0.0,0.113688,0.265447,0.123458,0.0,0.0,0.0,0.0,0.218172,0.0,0.0,0.222991,0.102635,0.279028,0.164816,0.0,1.8e-05,0.0,2.579586,0.111078,0.0,0.0,0.209954,1.648052,0.0,0.058219,0.0,0.0,0.0,0.0,0.000373,0.083062,0.0,1.088368,0.0,0.0,0.0,0.0,0.0,0.129586,0.113863,0.0,0.282273,0.381111,0.0,0.0,0.189399,0.0,0.164995,0.001387,0.0,0.068924,0.145557,0.146759,0.124651,0.0,0.131791,0.0,0.0,0.0,0.0,0.301794,0.26735,0.0,0.107166,0.121584,0.483769,0.0,0.130857,0.018077,1.284841,0.148996,0.0,0.11928,0.258383,0.0,0.0,0.17712,0.0,0.0,4.2e-05,0.0,0.0,0.000122,0.152408,0.100652,0.0,0.161335,0.141421,0.177032,0.180719,0.087404,0.0,0.113679,0.0,0.0,0.184854,0.206152,0.14791,0.147306,0.0,0.0,1.8e-05,0.0,0.109633,0.139909,0.117217,0.122681,0.0,0.0,0.0,0.137246,0.0,0.0,0.026554,0.180796,0.0,0.166037,0.173452,0.159515,0.0,0.25569,0.0,0.0,0.009701,0.098467,0.0,0.328847,7.8e-05,0.0,0.336019,0.0,1e-06,0.0,0.0,0.116762,0.0,0.117459,0.147146,0.616487,0.0,0.0,0.13754,0.109033,0.0,0.171796,0.105778,0.300459,0.433055,0.0,0.0,0.165692,0.116865,0.0,0.0,0.0,0.670928,0.123166,0.0,0.0,0.0,0.0,0.0,0.11842,0.12106,0.248934,0.0,0.0,0.0,0.0,0.125063,0.135484,0.0,0.226316,0.0,0.0,0.0,0.0,0.0,0.0,0.299816,0.0,0.156723,0.0,0.677396,0.0,0.0,0.207819,0.0,0.142518,0.0,0.282097,1e-05,0.0,0.0,0.0,0.170481,0.111041,0.0,0.092985,0.130597,0.139401,0.000184,0.0,0.501023,0.0,0.212954,0.125071,0.0,0.0,0.0,0.163682,0.17401,0.0,0.0,0.20226,0.0,0.143451,0.219446,0.313089,0.034033,0.0,0.139788,0.0,0.0,1.0707,0.296247,0.066004,0.144119,0.199025,0.13075,0.440391,0.195345,0.397211,0.297375,0.14448,0.175866,0.0,0.0,0.0,0.0,0.0,0.164683,0.179687,0.029728,0.0,0.0,0.0,0.172631,0.87506,0.0,0.422764,0.0,0.273281,0.0,0.12997,0.0,0.945092,0.0,0.0,0.0,0.0,0.0,1e-05,0.204648,0.0,0.0,0.158312,0.0,0.0,0.0,0.0,0.537001,0.068524,0.0,0.0,0.101846,0.0,0.243024,0.17584,0.779977,0.130299,0.0,1.196452,0.127392,0.0,0.0,0.0,0.582705,0.20072,0.0,0.0,0.213948,0.0,0.275746,0.112931,0.0,0.176312,0.104012,0.0,0.0,0.0,0.0,0.0,0.0,0.125055,0.0,0.0,0.0,0.286437,0.0,0.106984,0.176608,0.136826,0.0,0.0,0.074782,0.164952,0.216921,0.23893,0.0,0.128534,0.0,0.0,0.129092,0.100221,0.2262,0.0
TCGA-95-7567,0.195112,0.0,0.0,0.0,0.0,0.129057,0.152997,0.164355,0.195113,0.151,0.131056,0.0,0.0,0.0,0.0,0.178836,0.0,0.240901,0.0,0.0,0.176418,0.0,0.0,0.0,0.0,0.0,0.0,0.0,0.0,0.10866,3e-06,0.0,0.1283,1.018136,0.152634,0.192205,0.147569,1.4e-05,0.0,0.0,0.0,0.196883,0.0,0.158792,0.0,0.227823,0.121644,0.0,0.0,0.167887,0.0,0.244303,0.0,1.042376,0.0,0.320256,0.117957,0.0,6e-06,0.135161,0.0,0.0,0.0,0.033604,0.143565,0.224163,0.107641,0.0,0.60189,0.0,0.0,0.0,0.325743,0.128261,0.0,0.0,0.0,0.0,0.0,0.0,0.0,0.945073,0.094776,0.0,0.0,0.07324,0.0,0.0,0.102989,0.128403,0.110476,0.0,0.000275,0.0,0.623324,0.0,0.0,0.0,0.0,0.118804,1e-06,0.0,0.189028,0.159701,0.0,0.0,0.0,0.422372,0.102455,0.17174,0.081126,0.0,0.176668,0.0,0.224731,0.0,0.0,0.65518,0.195694,0.232614,0.381786,0.0,2.9e-05,0.0,0.0,3e-06,0.22734,0.408447,0.185775,0.0,4e-06,0.10702,0.0,0.190016,0.290845,0.0,0.305204,0.099752,0.043831,0.0,0.210434,0.062808,0.204596,0.230232,0.238182,0.0,0.0,0.331586,0.0,0.0,2.8e-05,0.188779,0.284274,0.138134,0.000165,0.105522,0.0,0.056875,0.098892,0.0,0.625427,0.0,0.0,0.0,0.0,0.003699,0.0,0.0,0.0,0.617354,0.0,1e-06,0.122328,0.0,0.0,0.0,0.0,4e-06,0.0,0.927855,0.064564,0.0,0.0,0.0,0.0,0.120996,0.241418,0.113424,0.0,0.0,0.0,0.0,0.221105,0.0,0.0,0.223605,0.081429,0.268391,0.168995,0.0,3.7e-05,0.0,2.576822,0.07344,0.0,1e-06,0.22249,1.659809,0.0,0.067544,0.0,0.0,0.0,0.0,0.000419,0.062135,0.0,1.064155,0.0,0.0,0.0,0.0,0.0,0.134593,0.106188,0.0,0.269459,0.363295,0.0,0.0,0.177627,0.0,0.194683,0.000107,0.0,0.038203,0.125952,0.119494,0.097932,0.0,0.139512,0.0,0.0,0.0,0.0,0.313417,0.241787,0.0,0.103447,0.103624,0.47578,0.0,0.131235,0.002137,1.292346,0.149919,0.0,0.117144,0.260621,0.0,0.0,0.162133,0.0,0.0,0.000447,0.0,0.0,0.000139,0.14318,0.089267,0.0,0.155744,0.130607,0.187342,0.178162,0.102706,0.0,0.128849,0.0,0.0,0.176902,0.203037,0.128008,0.164517,0.0,0.0,8.3e-05,0.0,0.111579,0.122492,0.105523,0.123701,0.0,0.0,0.0,0.141417,0.0,0.0,0.006224,0.192632,0.0,0.169564,0.177281,0.158659,0.0,0.272667,0.0,0.0,0.016029,0.086417,0.0,0.327258,1.8e-05,0.0,0.353921,0.0,2e-06,0.0,0.0,0.122943,0.0,0.109594,0.141011,0.597256,0.0,0.0,0.133249,0.087369,0.0,0.18267,0.108547,0.262978,0.455823,0.0,0.0,0.155873,0.109949,0.0,0.0,0.0,0.62797,0.115762,0.0,0.0,0.0,1e-06,0.0,0.098469,0.113183,0.252252,0.0,0.0,0.0,0.0,0.109008,0.137475,0.0,0.228832,0.0,0.0,0.0,0.0,0.0,0.0,0.291223,0.0,0.163344,0.0,0.664766,0.0,0.0,0.203457,0.0,0.136649,0.0,0.26302,7e-06,0.0,0.0,0.0,0.172501,0.099756,0.0,0.076899,0.117624,0.163791,0.000206,0.0,0.511803,0.0,0.22325,0.107792,0.0,0.0,0.0,0.170116,0.175053,0.0,0.0,0.171332,0.0,0.156431,0.215178,0.308084,0.021524,0.0,0.124363,0.0,0.0,1.083506,0.296245,0.103512,0.121577,0.208053,0.112181,0.448271,0.202742,0.384051,0.258741,0.106525,0.183921,0.0,0.0,0.0,0.0,0.0,0.195019,0.159138,0.035482,0.0,0.0,0.0,0.179062,0.858973,0.0,0.419717,0.0,0.265389,0.0,0.120655,0.0,0.921897,0.0,0.0,0.0,0.0,0.0,1e-06,0.218698,0.0,0.0,0.172812,0.0,0.0,0.0,0.0,0.522113,0.07119,0.0,0.0,0.092554,0.0,0.255089,0.168847,0.805993,0.138225,0.0,1.192007,0.130597,0.0,0.0,0.0,0.563624,0.204839,0.0,0.0,0.172788,0.0,0.295503,0.095362,0.0,0.189752,0.097725,0.0,0.0,0.0,2e-06,0.0,0.0,0.140816,0.0,0.0,0.0,0.278507,0.0,0.141837,0.183564,0.128478,0.0,0.0,0.079619,0.167989,0.189369,0.239541,0.0,0.12861,0.0,0.0,0.133639,0.104971,0.227638,0.0
TCGA-96-8169,0.32273,0.0,0.0,0.0,0.0,0.186887,0.094151,0.277425,0.121038,0.251208,0.201911,0.0,1e-06,0.0,0.0,0.278665,0.0,0.241173,0.0,0.0,0.102213,0.0,0.0,0.0,0.0,0.0,0.0,0.0,0.0,0.193192,0.0,0.0,0.201592,0.843556,0.153973,0.12183,0.087817,4e-06,0.0,0.0,0.0,0.116463,0.0,0.244376,0.0,0.140371,0.125658,0.0,0.0,0.099036,0.0,0.250972,0.0,0.933884,0.0,0.19512,0.185441,0.0,0.0,0.19387,0.0,0.0,0.0,0.101544,0.184114,0.127465,0.183078,0.0,0.491138,0.0,0.0,0.0,0.23223,0.197679,0.0,0.0,0.0,0.0,0.0,0.0,0.0,0.781161,0.171684,0.0,0.0,0.120376,0.0,0.0,0.155701,0.16994,0.182095,0.0,0.000857,0.0,0.489335,0.0,0.0,0.0,0.0,0.185517,0.0,0.0,0.290319,0.255959,0.0,0.0,0.0,0.370751,0.188521,0.106501,0.145137,0.0,0.107989,0.0,0.138408,0.0,0.0,0.53463,0.29035,0.150043,0.264765,0.0,0.0,0.0,0.0,1e-06,0.144225,0.35698,0.295814,0.0,4e-06,0.17358,0.0,0.106948,0.176158,0.0,0.213173,0.083873,0.080204,0.0,0.129606,0.081053,0.136328,0.138334,0.144897,0.0,0.0,0.229773,0.0,0.0,4.1e-05,0.116143,0.176407,0.071464,0.001618,0.160152,0.0,0.109239,0.169387,0.0,0.500744,0.0,0.0,0.0,0.0,0.013979,0.0,0.0,0.0,0.492271,0.0,0.0,0.175902,0.0,0.0,0.0,0.0,0.0,0.0,0.773866,0.10774,0.0,0.0,0.0,0.0,0.186598,0.15245,0.183206,0.0,0.0,0.0,0.0,0.133365,0.0,0.0,0.132577,0.139856,0.274841,0.110397,0.0,2.7e-05,0.0,2.322618,0.122453,0.0,0.0,0.157721,1.458686,0.0,0.045161,0.0,0.0,0.0,0.0,0.002771,0.051828,0.0,0.893082,0.0,0.0,0.0,0.0,0.0,0.210955,0.168653,0.0,0.161445,0.223087,0.0,0.0,0.107702,0.0,0.274024,0.001621,0.0,0.076031,0.207153,0.200422,0.177774,0.0,0.087822,0.0,0.0,0.0,0.0,0.236482,0.164221,0.0,0.165174,0.163979,0.347084,0.0,0.191054,0.016979,1.107278,0.089185,0.0,0.175007,0.165454,0.0,0.0,0.218036,0.0,0.0,0.000957,0.0,0.0,0.001291,0.232877,0.153593,0.0,0.232497,0.222778,0.108625,0.111221,0.102983,0.0,0.210544,0.0,0.0,0.105032,0.120315,0.185707,0.224081,0.0,0.0,1.2e-05,0.0,0.182168,0.196404,0.17177,0.164444,0.0,0.0,0.0,0.212916,0.0,0.0,0.011539,0.121578,0.0,0.098687,0.104537,0.155269,0.0,0.224271,0.0,0.0,0.007931,0.121219,0.0,0.267976,1e-06,0.0,0.250574,0.0,0.0,0.0,0.0,0.174594,0.0,0.162982,0.208347,0.484604,0.0,0.0,0.207827,0.129045,0.0,0.107927,0.070604,0.293541,0.354793,0.0,0.0,0.262827,0.176289,0.0,0.0,0.0,0.518167,0.166039,1e-05,0.0,0.0,0.0,0.0,0.181238,0.185194,0.154311,0.0,0.0,0.0,0.0,0.191052,0.210795,0.0,0.136986,0.0,0.0,0.0,0.0,0.0,0.0,0.180089,0.0,0.251341,0.0,0.569418,0.0,0.0,0.124745,0.0,0.215643,0.0,0.171664,1e-06,0.0,0.0,0.0,0.276069,0.177195,0.0,0.134523,0.189406,0.108689,0.001377,0.0,0.394735,0.0,0.126318,0.192867,3e-06,0.0,0.0,0.098894,0.098979,0.0,0.0,0.213176,0.0,0.220737,0.130668,0.192423,0.019738,0.0,0.199799,0.0,0.0,0.90696,0.30344,0.056432,0.186408,0.122203,0.1839,0.321063,0.122688,0.301019,0.263955,0.179012,0.118541,0.0,0.0,0.0,0.0,0.0,0.296431,0.2151,0.03454,0.0,0.0,0.0,0.230541,0.678861,0.0,0.28804,0.0,0.279163,0.0,0.204636,0.0,0.778303,0.0,0.0,0.0,0.0,0.0,5e-06,0.15641,0.0,0.0,0.2216,0.0,0.0,0.0,0.0,0.456507,0.051389,0.0,0.0,0.062718,0.0,0.151578,0.098473,0.667822,0.207733,0.0,1.001032,0.20117,0.0,0.0,0.0,0.398816,0.122172,0.0,0.0,0.184174,0.0,0.214834,0.164771,0.0,0.107339,0.173013,0.0,0.0,0.0,0.0,0.0,0.0,0.225632,0.0,0.0,0.0,0.187515,0.0,0.224657,0.113403,0.195278,0.0,0.0,0.112581,0.098553,0.226897,0.135701,0.0,0.177286,0.0,0.0,0.206814,0.068601,0.140339,0.0
TCGA-96-A4JK,0.407582,0.0,0.0,0.0,0.0,0.23845,0.038581,0.34657,0.073854,0.317076,0.249251,0.0,0.0,0.0,0.0,0.352564,0.0,0.223558,0.0,0.0,0.050175,0.0,0.0,0.0,0.0,0.0,0.0,0.0,0.0,0.249465,0.0,0.0,0.263235,0.729853,0.157823,0.063716,0.045913,1e-06,0.0,0.0,0.0,0.065186,0.0,0.293702,0.0,0.076736,0.11129,0.0,0.0,0.051078,0.0,0.249795,0.0,0.880863,0.0,0.106381,0.232652,0.0,0.0,0.230953,0.0,2e-06,0.0,0.131611,0.19681,0.065441,0.228618,0.0,0.396387,0.0,0.0,0.0,0.164359,0.251057,0.0,0.0,0.0,0.0,0.0,0.0,0.0,0.687447,0.200221,0.0,0.0,0.14243,0.0,0.0,0.192126,0.204152,0.214398,0.0,0.000107,0.0,0.401416,0.0,0.0,0.0,0.0,0.215502,1e-06,0.0,0.357481,0.330713,0.0,0.0,0.0,0.33867,0.257636,0.064868,0.163719,0.0,0.052779,0.0,0.073099,0.0,0.0,0.445925,0.354447,0.101767,0.175645,0.0,0.0,0.0,7e-06,0.0,0.108441,0.309389,0.370305,0.0,0.0,0.231604,0.0,0.048262,0.085366,0.0,0.14549,0.076196,0.086352,0.0,0.069212,0.078818,0.103253,0.074213,0.073569,0.0,0.0,0.166282,0.0,0.0,5e-06,0.065316,0.101115,0.042622,1.5e-05,0.195719,0.0,0.131874,0.216812,1e-06,0.407457,0.0,0.0,0.0,0.0,0.001349,0.0,0.0,0.0,0.395343,0.0,0.0,0.202263,0.0,0.0,0.0,0.0,4e-06,0.0,0.669393,0.134609,0.0,0.0,0.0,0.0,0.223287,0.076597,0.235965,0.0,0.0,0.0,0.0,0.076126,0.0,0.0,0.070601,0.178026,0.268028,0.063701,0.0,7.9e-05,0.0,2.182685,0.151721,0.0,0.0,0.120683,1.361921,0.0,0.012596,0.0,0.0,0.0,0.0,5.3e-05,0.028744,0.0,0.778644,0.0,0.0,0.0,0.0,0.0,0.267254,0.220805,0.0,0.085096,0.12122,0.0,0.0,0.057889,0.0,0.344407,0.000517,0.0,0.0853,0.25396,0.242811,0.214539,0.0,0.03977,0.0,0.0,0.0,0.0,0.176262,0.107064,0.0,0.202753,0.199829,0.25496,0.0,0.237054,0.026071,0.987011,0.046529,0.0,0.212179,0.087716,0.0,0.0,0.258224,0.0,0.0,0.001387,0.0,0.0,1.2e-05,0.296837,0.190932,0.0,0.287195,0.296584,0.061309,0.056011,0.083606,0.0,0.268836,0.0,0.0,0.054085,0.060398,0.222425,0.281518,0.0,0.0,3.1e-05,0.0,0.226977,0.230965,0.199236,0.195583,0.0,0.0,0.0,0.275217,0.0,0.0,0.009529,0.063125,0.0,0.046756,0.059998,0.148652,0.0,0.196133,0.0,0.0,0.004715,0.130582,0.0,0.223883,1e-06,0.0,0.186065,0.0,0.0,0.0,0.0,0.20429,0.0,0.217333,0.253425,0.396838,0.0,0.0,0.24908,0.136638,0.0,0.065945,0.026945,0.307171,0.282407,0.0,0.0,0.336092,0.219238,0.0,0.0,0.0,0.442195,0.200732,0.0,0.0,0.0,0.0,0.0,0.219472,0.235051,0.081097,0.0,0.0,0.0,0.0,0.239421,0.2648,0.0,0.079554,0.0,0.0,0.0,0.0,0.0,0.0,0.100312,0.0,0.312954,0.0,0.521693,0.0,0.0,0.060582,0.0,0.25788,0.0,0.088202,3e-06,0.0,0.0,0.0,0.341746,0.224626,0.0,0.163117,0.235881,0.058106,3.8e-05,0.0,0.313231,0.0,0.070512,0.257202,0.0,0.0,0.0,0.04667,0.05167,0.0,0.0,0.249995,0.0,0.263941,0.075128,0.100092,0.008036,0.0,0.249014,0.0,0.0,0.803873,0.321816,0.039798,0.229681,0.066021,0.236958,0.237163,0.05702,0.24656,0.25829,0.224915,0.066076,0.0,0.0,0.0,0.0,0.0,0.372327,0.249392,0.007874,0.0,0.0,0.0,0.269073,0.569301,0.0,0.179815,0.0,0.283744,0.0,0.250255,0.0,0.663938,0.0,0.0,0.0,0.0,0.0,5e-06,0.118489,0.0,0.0,0.246694,0.0,0.0,0.0,0.0,0.402881,0.015342,0.0,0.0,0.024825,0.0,0.087396,0.058604,0.606796,0.254404,0.0,0.88902,0.239733,0.0,0.0,0.0,0.256291,0.065937,0.0,0.0,0.163693,0.0,0.168555,0.189257,0.0,0.061775,0.203179,0.0,0.0,0.0,1e-05,0.0,0.0,0.283525,0.0,0.0,0.0,0.110066,0.0,0.277921,0.061858,0.24885,0.0,0.0,0.122604,0.055382,0.260026,0.075347,0.0,0.219726,0.0,0.0,0.259323,0.034207,0.075944,0.0
TCGA-97-7553,0.368627,0.0,0.0,0.0,0.0,0.210369,0.069332,0.314032,0.103179,0.284496,0.228733,0.0,0.0,0.0,0.0,0.322959,0.0,0.253394,0.0,0.0,0.077235,0.0,0.0,0.0,0.0,0.0,0.0,0.0,0.0,0.228183,0.0,0.0,0.236243,0.824115,0.176208,0.100665,0.074668,0.0,0.0,0.0,0.0,0.105257,0.0,0.270418,0.0,0.120946,0.135771,0.0,0.0,0.083351,0.0,0.260539,0.0,0.960686,0.0,0.165437,0.217185,0.0,0.0,0.22597,0.0,0.0,0.0,0.107232,0.187007,0.117328,0.198393,0.0,0.47297,0.0,0.0,0.0,0.207571,0.220822,0.0,0.0,0.0,0.0,0.0,0.0,0.0,0.777946,0.183829,0.0,0.0,0.127808,0.0,0.0,0.182713,0.186306,0.187232,0.0,0.001264,0.0,0.479016,0.0,0.0,0.0,0.0,0.195675,0.0,0.0,0.328802,0.294877,0.0,0.0,0.0,0.378392,0.206703,0.096693,0.152621,0.0,0.089763,0.0,0.121529,0.0,0.0,0.513897,0.329916,0.134601,0.240318,0.0,0.0,0.0,0.0,0.0,0.139714,0.359877,0.338946,0.0,0.0,0.19629,0.0,0.089064,0.145714,0.0,0.19591,0.089918,0.077217,0.0,0.112334,0.085801,0.129886,0.11859,0.12572,0.0,0.0,0.215629,0.0,0.0,1e-06,0.095229,0.15175,0.068172,7e-06,0.181152,0.0,0.121615,0.191928,0.0,0.484166,0.0,0.0,1e-06,0.0,0.008495,0.0,0.0,0.0,0.479566,0.0,0.0,0.199111,0.0,0.0,0.0,0.0,1e-06,0.0,0.769437,0.120403,0.0,0.0,0.0,0.0,0.203522,0.135691,0.211535,0.0,0.0,0.0,0.0,0.111224,0.0,0.0,0.113555,0.148833,0.285413,0.091542,0.0,0.0,0.0,2.349162,0.13588,0.0,0.0,0.15201,1.484477,0.0,0.029266,0.0,0.0,0.0,0.0,9e-06,0.05462,0.0,0.884197,0.0,0.0,0.0,0.0,0.0,0.23563,0.20373,0.0,0.133982,0.188243,0.0,0.0,0.102697,0.0,0.311469,0.001367,0.0,0.074484,0.23054,0.212257,0.188549,0.0,0.071547,0.0,0.0,0.0,0.0,0.229231,0.144041,0.0,0.179597,0.18026,0.324253,0.0,0.224906,0.022285,1.097719,0.085591,0.0,0.197377,0.135243,0.0,0.0,0.234776,0.0,0.0,0.001501,0.0,0.0,1e-06,0.273907,0.181519,0.0,0.259005,0.262258,0.095555,0.096336,0.116749,0.0,0.246567,0.0,0.0,0.086193,0.098752,0.208964,0.264696,0.0,0.0,0.0,0.0,0.206776,0.224691,0.193079,0.200007,0.0,0.0,0.0,0.23748,0.0,0.0,0.006068,0.102888,0.0,0.075586,0.092814,0.16911,0.0,0.252856,0.0,0.0,0.006535,0.137662,0.0,0.28193,0.0,0.0,0.237454,0.0,0.0,0.0,0.0,0.195097,0.0,0.190275,0.236352,0.474829,0.0,0.0,0.226141,0.12892,0.0,0.092,0.057453,0.294328,0.343426,0.0,0.0,0.29696,0.193463,0.0,0.0,0.0,0.514672,0.187231,0.0,0.0,0.0,0.0,0.0,0.198576,0.205122,0.122255,0.0,0.0,0.0,0.0,0.21851,0.240786,0.0,0.117866,0.0,0.0,0.0,0.0,0.0,0.0,0.157043,0.0,0.291524,0.0,0.589302,0.0,0.0,0.108895,0.0,0.237448,0.0,0.151086,0.0,0.0,0.0,0.0,0.324098,0.196632,0.0,0.141891,0.216879,0.084786,8e-06,0.0,0.372515,0.0,0.121057,0.218599,0.0,0.0,0.0,0.081771,0.080193,0.0,0.0,0.231675,0.0,0.247579,0.105637,0.164406,0.014438,0.0,0.217926,0.0,0.0,0.910076,0.327909,0.059358,0.209957,0.104864,0.21027,0.304132,0.097006,0.281542,0.261242,0.201716,0.100492,0.0,0.0,0.0,0.0,0.0,0.347018,0.237977,0.026336,0.0,0.0,0.0,0.262921,0.652842,0.0,0.252699,0.0,0.298484,0.0,0.23011,0.0,0.74308,0.0,0.0,0.0,0.0,0.0,1.5e-05,0.141461,0.0,0.0,0.246518,0.0,0.0,0.0,0.0,0.471436,0.031866,0.0,0.0,0.050339,0.0,0.134182,0.091926,0.678185,0.233652,0.0,0.993485,0.233429,0.0,0.0,0.0,0.367329,0.102242,0.0,0.0,0.179141,0.0,0.206753,0.173027,0.0,0.089732,0.180992,0.0,0.0,0.0,0.0,0.0,0.0,0.257935,0.0,0.0,0.0,0.160112,0.0,0.247965,0.100175,0.215494,0.0,0.0,0.101548,0.082545,0.240913,0.117169,0.0,0.20759,0.0,0.0,0.239312,0.058665,0.116355,0.0
TCGA-97-8177,0.2574,0.0,0.0,0.0,0.0,0.170167,0.101324,0.218191,0.152851,0.210876,0.164994,0.0,0.0,0.0,0.0,0.217028,0.0,0.219598,0.0,0.0,0.124745,0.0,0.0,0.0,0.0,0.0,0.0,0.0,0.0,0.169831,0.0,0.0,0.181961,0.898207,0.10794,0.138607,0.108811,1e-06,0.0,0.0,0.0,0.142182,0.0,0.193348,0.0,0.179633,0.08251,0.0,0.0,0.118653,0.0,0.22665,0.0,0.909911,0.0,0.242094,0.158247,0.0,0.0,0.157154,0.0,0.0,0.0,0.097952,0.19802,0.142915,0.164714,0.0,0.541205,0.0,0.0,0.0,0.273984,0.160076,0.0,0.0,0.0,0.0,0.0,0.0,0.0,0.820791,0.145685,0.0,0.0,0.10896,0.0,0.0,0.136539,0.152935,0.154184,0.0,0.00029,0.0,0.534896,0.0,0.0,0.0,0.0,0.161966,0.0,0.0,0.221318,0.211583,0.0,0.0,0.0,0.403685,0.180282,0.121645,0.122086,0.0,0.126349,0.0,0.162145,0.0,0.0,0.597752,0.22441,0.192355,0.302513,0.0,0.0,0.0,0.0,0.0,0.164346,0.376506,0.223563,0.0,1e-06,0.156221,0.0,0.118962,0.203808,0.0,0.244495,0.054415,0.081922,0.0,0.157275,0.07867,0.141238,0.166808,0.165016,0.0,0.0,0.284511,0.0,0.0,3.5e-05,0.148542,0.225998,0.095379,4.8e-05,0.130762,0.0,0.088074,0.139965,0.0,0.539077,0.0,0.0,0.0,0.0,0.003682,0.0,0.0,0.0,0.534797,0.0,0.0,0.138016,0.0,0.0,0.0,0.0,0.0,0.0,0.807944,0.114694,0.0,0.0,0.0,0.0,0.152687,0.181151,0.163053,0.0,0.0,0.0,0.0,0.158418,0.0,0.0,0.155789,0.131603,0.250822,0.129876,0.0,2.1e-05,0.0,2.37281,0.123472,0.0,0.0,0.165075,1.480426,0.0,0.041013,0.0,0.0,0.0,0.0,0.000227,0.049244,0.0,0.93607,0.0,0.0,0.0,0.0,0.0,0.163716,0.147459,0.0,0.20372,0.266504,0.0,0.0,0.123492,0.0,0.207724,0.000447,0.0,0.080237,0.17586,0.162311,0.151219,0.0,0.098713,0.0,0.0,0.0,0.0,0.245336,0.208687,0.0,0.139657,0.141209,0.404313,0.0,0.154769,0.010026,1.137496,0.096495,0.0,0.14576,0.191751,0.0,0.0,0.201436,0.0,0.0,0.000427,0.0,0.0,4.4e-05,0.19648,0.13075,0.0,0.184141,0.183519,0.139044,0.120353,0.066283,0.0,0.167984,0.0,0.0,0.130385,0.140343,0.1638,0.169936,0.0,0.0,1.3e-05,0.0,0.141707,0.170152,0.137708,0.138876,0.0,0.0,0.0,0.182801,0.0,0.0,0.024172,0.143535,0.0,0.11322,0.135685,0.137341,0.0,0.215127,0.0,0.0,0.006614,0.101919,0.0,0.269449,0.0,0.0,0.267124,0.0,0.0,0.0,0.0,0.140045,0.0,0.140168,0.165803,0.527642,0.0,0.0,0.164716,0.111348,0.0,0.133521,0.073343,0.322698,0.364499,0.0,0.0,0.22658,0.142538,0.0,0.0,0.0,0.579022,0.140816,0.0,0.0,0.0,0.0,0.0,0.152615,0.154146,0.18256,0.0,0.0,0.0,0.0,0.168698,0.180952,0.0,0.173507,0.0,0.0,0.0,0.0,0.0,0.0,0.223582,0.0,0.200306,0.0,0.5903,0.0,0.0,0.147748,0.0,0.181229,0.0,0.201812,2e-06,0.0,0.0,0.0,0.220473,0.156446,0.0,0.133162,0.160994,0.122105,6.5e-05,0.0,0.422012,0.0,0.151039,0.17245,0.0,0.0,0.0,0.112017,0.125243,0.0,0.0,0.205578,0.0,0.17499,0.166212,0.22781,0.016935,0.0,0.169247,0.0,0.0,0.93389,0.304812,0.044697,0.156005,0.141344,0.151511,0.351872,0.141499,0.35026,0.289755,0.163676,0.142802,0.0,0.0,0.0,0.0,0.0,0.228417,0.189691,0.021469,0.0,0.0,0.0,0.176537,0.745265,0.0,0.338303,0.0,0.259895,0.0,0.16448,0.0,0.825899,0.0,0.0,0.0,0.0,0.0,0.0,0.16908,0.0,0.0,0.170785,0.0,0.0,0.0,0.0,0.468113,0.048523,0.0,0.0,0.069463,0.0,0.175957,0.124566,0.678574,0.164876,0.0,1.052618,0.164956,0.0,0.0,0.0,0.449705,0.146822,0.0,0.0,0.189165,0.0,0.233089,0.138056,0.0,0.135873,0.148491,0.0,0.0,0.0,3e-06,0.0,0.0,0.169877,0.0,0.0,0.0,0.230783,0.0,0.161078,0.138634,0.168465,0.0,0.0,0.07811,0.128654,0.221314,0.174342,0.0,0.14762,0.0,0.0,0.169587,0.076126,0.16291,0.0
TCGA-97-A4M0,0.110386,0.0,0.0,0.0,0.0,0.072982,0.222574,0.095655,0.27614,0.0892,0.074712,0.0,0.0,0.0,0.0,0.089033,0.0,0.234935,0.0,0.0,0.232727,0.0,0.0,0.0,0.0,0.0,0.0,0.0,0.0,0.071953,0.0,0.0,0.082761,1.123159,0.074581,0.262805,0.211494,1e-05,0.0,0.0,0.0,0.265702,0.0,0.085964,0.0,0.308019,0.08717,0.0,0.0,0.24409,0.0,0.216939,0.0,1.019025,0.0,0.437764,0.075037,0.0,0.0,0.076185,0.0,1e-06,0.0,0.045024,0.143352,0.259489,0.072877,0.0,0.721502,0.0,0.0,0.0,0.414263,0.073129,0.0,0.0,0.0,0.0,0.0,0.0,0.0,0.999845,0.060795,0.0,0.0,0.050176,0.0,0.0,0.063534,0.090247,0.080949,0.0,0.003686,0.0,0.71356,0.0,0.0,0.0,0.0,0.071211,0.0,0.0,0.095337,0.091926,0.0,0.0,0.0,0.453976,0.071755,0.210176,0.081858,0.0,0.243028,0.0,0.295524,0.0,0.0,0.759257,0.096507,0.311658,0.47248,0.0,0.0,0.0,0.0,0.0,0.263656,0.468954,0.091078,0.0,2e-06,0.067387,0.0,0.271963,0.389565,0.0,0.392008,0.081127,0.041832,0.0,0.295391,0.047987,0.231901,0.302617,0.321959,0.0,0.0,0.414795,4e-06,0.0,2.7e-05,0.268694,0.383891,0.172137,0.000978,0.055471,0.0,0.046369,0.055621,0.0,0.718365,0.0,0.0,0.0,0.0,0.036996,0.0,0.0,0.0,0.731736,0.0,0.0,0.073578,0.0,0.0,0.0,0.0,0.0,0.0,0.98652,0.044682,0.0,0.0,0.0,0.0,0.070483,0.325293,0.068351,0.0,0.0,0.0,0.0,0.287454,0.0,0.0,0.297128,0.057863,0.254789,0.23884,0.0,1e-06,0.0,2.600414,0.065474,0.0,0.0,0.259656,1.661116,0.0,0.13278,0.0,0.0,0.0,0.0,0.001907,0.073096,0.0,1.158563,0.0,0.0,0.0,0.0,0.0,0.06907,0.070268,0.0,0.353355,0.479936,0.0,0.0,0.217191,0.0,0.094671,0.000131,0.0,0.035578,0.078988,0.067172,0.070836,0.0,0.214734,0.0,0.0,0.0,0.0,0.361591,0.305406,0.0,0.05763,0.065267,0.584209,0.0,0.072551,0.004773,1.362356,0.207035,0.0,0.070242,0.354904,0.0,0.0,0.1177,0.0,0.0,0.000905,0.0,0.0,0.000829,0.08217,0.057193,0.0,0.084761,0.080256,0.255569,0.257432,0.068077,0.0,0.074073,0.0,0.0,0.252257,0.272728,0.094322,0.076462,0.0,0.0,1e-06,0.0,0.062989,0.071741,0.059303,0.073416,0.0,0.0,0.0,0.081238,0.0,0.0,0.01689,0.25815,0.0,0.226464,0.233346,0.135484,0.0,0.258734,0.0,0.0,0.028692,0.065383,0.0,0.335204,5e-06,0.0,0.405656,0.0,1e-06,0.0,0.0,0.065605,0.0,0.068943,0.081761,0.676923,0.0,0.0,0.072696,0.05763,0.0,0.220797,0.185207,0.296789,0.508483,0.0,0.0,0.104894,0.061882,0.0,0.0,0.0,0.749962,0.067012,2e-06,0.0,0.0,0.0,0.0,0.062228,0.07638,0.337045,0.0,0.0,0.0,0.0,0.072996,0.081414,0.0,0.296685,0.0,0.0,0.0,0.0,0.0,0.0,0.376859,0.0,0.090558,0.0,0.694236,0.0,0.0,0.284429,0.0,0.078222,0.0,0.371147,4e-06,0.0,0.0,0.0,0.094813,0.061782,0.0,0.050232,0.070308,0.217698,0.001517,0.0,0.576656,0.0,0.29023,0.071833,0.0,0.0,0.0,0.210767,0.233214,0.0,0.0,0.145258,0.0,0.074602,0.294065,0.413503,0.041945,0.0,0.07172,0.0,0.0,1.111975,0.261644,0.097811,0.070483,0.269127,0.070843,0.531379,0.284796,0.468803,0.289535,0.079328,0.261881,0.0,0.0,0.0,0.0,0.0,0.095242,0.113446,0.093658,0.0,0.0,0.0,0.088247,0.963531,0.0,0.524959,0.0,0.233332,0.0,0.078472,0.0,1.018397,0.0,0.0,0.0,0.0,0.0,1e-06,0.258374,0.0,0.0,0.091712,0.0,0.0,0.0,0.0,0.526117,0.141313,0.0,0.0,0.143528,0.0,0.317177,0.23577,0.812114,0.071093,0.0,1.26924,0.073336,0.0,0.0,0.0,0.691755,0.27664,0.0,0.0,0.204308,0.0,0.325896,0.059229,0.0,0.254729,0.056759,0.0,0.0,0.0,6.9e-05,0.0,0.0,0.072623,0.0,0.0,0.0,0.369782,0.0,0.068727,0.242581,0.074303,0.0,0.0,0.054658,0.228378,0.167547,0.311701,0.0,0.077577,0.0,0.0,0.072354,0.151805,0.309684,0.0
TCGA-97-A4M2,0.36281,0.0,0.0,0.0,0.0,0.187372,0.094562,0.311057,0.123147,0.27513,0.223724,0.0,0.0,0.0,0.0,0.306752,0.0,0.233571,0.0,0.0,0.102107,0.0,0.0,0.0,0.0,0.0,0.0,0.0,0.0,0.197672,0.0,0.0,0.224705,0.817313,0.171857,0.121429,0.093574,1.3e-05,0.0,0.0,0.0,0.122083,0.0,0.27043,0.0,0.135143,0.13852,0.0,0.0,0.104141,0.0,0.257358,0.0,0.95104,0.0,0.194047,0.202881,0.0,0.0,0.206775,0.0,0.0,0.0,0.096763,0.142386,0.125153,0.190168,0.0,0.461896,0.0,0.0,0.0,0.213454,0.216962,0.0,0.0,0.0,0.0,0.0,0.0,0.0,0.753605,0.168989,0.0,0.0,0.114654,0.0,0.0,0.159549,0.179116,0.195609,0.0,0.001464,0.0,0.473076,0.0,0.0,0.0,0.0,0.183121,0.0,0.0,0.335967,0.284143,0.0,0.0,0.0,0.341743,0.188912,0.103692,0.148131,0.0,0.108618,0.0,0.13688,0.0,0.0,0.487017,0.316868,0.147967,0.242518,0.0,0.0,0.0,0.0,0.0,0.145075,0.349297,0.329338,0.0,0.0,0.194248,0.0,0.11778,0.176053,0.0,0.203877,0.10964,0.057095,0.0,0.134506,0.074177,0.137335,0.13356,0.148053,0.0,0.0,0.215438,0.0,0.0,3.4e-05,0.118417,0.168004,0.076301,0.000278,0.180228,0.0,0.117732,0.172874,3e-06,0.462782,0.0,0.0,0.0,0.0,0.014156,0.0,0.0,0.0,0.471668,0.0,0.0,0.181182,0.0,0.0,0.0,0.0,0.0,0.0,0.734291,0.087482,0.0,0.0,0.0,0.0,0.202473,0.145905,0.185003,0.0,0.0,0.0,0.0,0.131442,0.0,0.0,0.132245,0.133967,0.285926,0.111115,0.0,3e-06,0.0,2.265865,0.116143,0.0,0.0,0.162733,1.447892,0.0,0.053084,0.0,0.0,0.0,0.0,0.000652,0.04113,0.0,0.867288,0.0,0.0,0.0,0.0,0.0,0.231298,0.175999,0.0,0.154125,0.216374,0.0,0.0,0.105226,0.0,0.31083,0.002465,0.0,0.045042,0.221086,0.207994,0.176428,0.0,0.09268,0.0,0.0,0.0,0.0,0.232054,0.150004,0.0,0.172287,0.166736,0.32263,0.0,0.204818,0.025114,1.09134,0.101271,0.0,0.200499,0.161892,0.0,0.0,0.215898,0.0,0.0,0.001794,0.0,0.0,0.000203,0.241323,0.156839,0.0,0.260331,0.254526,0.114432,0.119091,0.105427,0.0,0.24401,0.0,0.0,0.112458,0.123944,0.187364,0.255243,0.0,0.0,0.0,0.0,0.199493,0.190889,0.170811,0.182779,0.0,0.0,0.0,0.247891,0.0,0.0,0.007488,0.117636,0.0,0.101067,0.105365,0.153912,0.0,0.217798,0.0,0.0,0.01039,0.12034,0.0,0.266765,2e-06,0.0,0.244546,0.0,0.0,0.0,0.0,0.17956,0.0,0.194007,0.232465,0.456495,0.0,0.0,0.223137,0.115415,0.0,0.106006,0.078333,0.267682,0.352332,0.0,0.0,0.291883,0.185548,0.0,0.0,0.0,0.497418,0.170013,0.0,0.0,0.0,8e-06,0.0,0.182518,0.220309,0.151217,0.0,0.0,0.0,0.0,0.202999,0.224314,0.0,0.133479,0.0,0.0,0.0,0.0,0.0,0.0,0.164842,0.0,0.288478,0.0,0.56216,0.0,0.0,0.125833,0.0,0.223083,0.0,0.16747,2e-06,0.0,0.0,0.0,0.301088,0.176246,0.0,0.126062,0.198731,0.102331,0.000372,0.0,0.37828,0.0,0.135777,0.209182,0.0,0.0,0.0,0.092646,0.100864,0.0,0.0,0.222285,0.0,0.237911,0.130861,0.186127,0.017509,0.0,0.207392,0.0,0.0,0.89546,0.292958,0.081801,0.194157,0.122726,0.201959,0.313659,0.123616,0.27189,0.23419,0.186692,0.121444,0.0,0.0,0.0,0.0,0.0,0.333904,0.218947,0.039825,0.0,0.0,0.0,0.256467,0.646153,0.0,0.258288,0.0,0.28273,0.0,0.234009,0.0,0.741422,0.0,0.0,0.0,0.0,0.0,0.0,0.157685,0.0,0.0,0.232276,0.0,0.0,0.0,0.0,0.439731,0.058257,0.0,0.0,0.063812,0.0,0.1524,0.106413,0.669932,0.227172,0.0,0.973828,0.214226,0.0,0.0,0.0,0.351674,0.124396,0.0,0.0,0.17488,0.0,0.200763,0.159573,0.0,0.113188,0.170965,0.0,0.0,0.0,5.1e-05,0.0,0.0,0.249064,0.0,0.0,0.0,0.165354,0.0,0.250677,0.111002,0.215164,0.0,0.0,0.134184,0.099829,0.228071,0.139036,0.0,0.210077,0.0,0.0,0.220134,0.068673,0.143671,0.0
TCGA-97-A4M3,0.172867,0.0,0.0,0.0,0.0,0.115125,0.165332,0.14929,0.219335,0.138842,0.11414,0.0,0.0,0.0,0.0,0.139074,0.0,0.228608,0.0,0.0,0.181596,0.0,0.0,0.0,0.0,0.0,0.0,0.0,0.0,0.114618,0.0,0.0,0.128871,1.024756,0.084681,0.20291,0.162163,2.6e-05,0.0,0.0,0.0,0.208356,0.0,0.130885,0.0,0.25062,0.083632,0.0,0.0,0.188927,0.0,0.227445,0.0,0.974199,0.0,0.350432,0.11539,0.0,0.0,0.110534,0.0,2e-06,0.0,0.070689,0.168627,0.202392,0.115,2e-06,0.649907,0.0,0.0,0.0,0.35281,0.116093,0.0,0.0,0.0,0.0,0.0,0.0,0.0,0.921427,0.095551,0.0,0.0,0.078814,0.0,0.0,0.099961,0.12177,0.116833,0.0,0.002065,0.0,0.637483,0.0,0.0,0.0,0.0,0.114028,0.0,0.0,0.143849,0.144038,0.0,0.0,0.0,0.43417,0.117893,0.166663,0.10447,0.0,0.187703,0.0,0.235253,0.0,0.0,0.694998,0.14942,0.26362,0.397085,0.0,0.0,0.0,0.0,0.0,0.21804,0.435391,0.145175,0.0,1e-06,0.11122,0.0,0.206104,0.306249,0.0,0.327942,0.065969,0.059392,0.0,0.235959,0.066518,0.189669,0.241045,0.249601,0.0,0.0,0.355703,0.0,0.0,0.000213,0.21674,0.314815,0.135026,0.000463,0.08887,0.0,0.065491,0.091936,0.0,0.633542,0.0,0.0,0.0,0.0,0.019327,0.0,0.0,0.0,0.652697,0.0,0.0,0.102693,0.0,0.0,0.0,0.0,0.0,0.0,0.904769,0.076423,0.0,0.0,0.0,0.0,0.107454,0.264728,0.109326,0.0,0.0,0.0,0.0,0.229341,0.0,0.0,0.233397,0.09205,0.255185,0.187585,0.0,0.000185,0.0,2.502378,0.097599,0.0,0.0,0.214522,1.587147,0.0,0.09181,0.0,0.0,0.0,0.0,0.001294,0.066444,0.0,1.065591,0.0,0.0,0.0,0.0,0.0,0.108486,0.106527,0.0,0.290531,0.388601,0.0,0.0,0.177584,0.0,0.141242,0.000263,0.0,0.054748,0.125374,0.112217,0.108861,0.0,0.155362,0.0,0.0,0.0,0.0,0.306921,0.26742,0.0,0.093651,0.099896,0.50469,0.0,0.11149,0.011099,1.265754,0.158742,0.0,0.105401,0.280811,0.0,0.0,0.157838,0.0,0.0,0.000288,0.0,0.0,0.00037,0.129819,0.088858,0.0,0.133169,0.128288,0.202975,0.196924,0.064991,0.0,0.11447,0.0,0.0,0.198845,0.212543,0.12748,0.117199,0.0,0.0,1e-06,0.0,0.096419,0.111953,0.095151,0.104271,0.0,0.0,0.0,0.130519,0.0,0.0,0.023313,0.200676,0.0,0.175194,0.186082,0.136299,0.0,0.235834,0.0,0.0,0.015978,0.08401,0.0,0.309028,4e-06,0.0,0.344728,0.0,1e-06,0.0,0.0,0.095969,0.0,0.107324,0.121558,0.613287,0.0,0.0,0.113813,0.079321,0.0,0.177914,0.130783,0.310746,0.439868,0.0,0.0,0.160044,0.099654,0.0,0.0,0.0,0.682503,0.098821,0.0,0.0,0.0,0.0,0.0,0.102801,0.116219,0.268254,0.0,0.0,0.0,0.0,0.115408,0.125306,0.0,0.240162,0.0,0.0,0.0,0.0,0.0,0.0,0.304249,0.0,0.139735,0.0,0.654501,0.0,0.0,0.223533,0.0,0.121994,0.0,0.296345,1.4e-05,0.0,0.0,0.0,0.144975,0.10232,0.0,0.082305,0.112134,0.170899,0.00063,0.0,0.50665,0.0,0.227976,0.119349,0.0,0.0,0.0,0.164376,0.185604,0.0,0.0,0.186331,0.0,0.11383,0.237799,0.3314,0.033111,0.0,0.114341,0.0,0.0,1.035215,0.278643,0.07043,0.1097,0.213717,0.11382,0.45139,0.217591,0.414933,0.293824,0.126057,0.207069,0.0,0.0,0.0,0.0,0.0,0.147809,0.151445,0.053531,1e-06,0.0,0.0,0.128686,0.870062,0.0,0.438983,0.0,0.250109,0.0,0.120969,0.0,0.935245,0.0,0.0,0.0,0.0,0.0,0.0,0.216018,0.0,0.0,0.123206,0.0,0.0,0.0,0.0,0.502738,0.099441,0.0,0.0,0.108349,0.0,0.254853,0.19121,0.751502,0.109801,0.0,1.175393,0.110458,0.0,0.0,0.0,0.581469,0.217276,0.0,0.0,0.204359,0.0,0.279307,0.095502,0.0,0.201491,0.092658,0.0,0.0,0.0,4.4e-05,0.0,0.0,0.114361,0.0,0.0,0.0,0.301459,0.0,0.103651,0.190208,0.118997,0.0,0.0,0.067336,0.181474,0.202167,0.252554,0.0,0.114872,0.0,0.0,0.109426,0.115795,0.245815,0.0
TCGA-97-A4M6,0.141203,0.0,0.0,0.0,0.0,0.087364,0.193655,0.121057,0.248182,0.111096,0.091065,0.0,0.0,0.0,0.0,0.114979,0.0,0.2347,0.0,0.0,0.205661,0.0,0.0,0.0,0.0,0.0,0.0,0.0,0.0,0.0929,0.0,0.0,0.103705,1.078246,0.083024,0.23518,0.188845,4e-06,0.0,0.0,0.0,0.238704,0.0,0.111616,0.0,0.273594,0.091411,0.0,0.0,0.218046,0.0,0.226233,0.0,1.000128,0.0,0.388718,0.094575,0.0,0.0,0.09628,0.0,5e-06,0.0,0.065835,0.156256,0.233731,0.094996,0.0,0.686059,0.0,0.0,0.0,0.385332,0.096646,0.0,0.0,0.0,0.0,0.0,0.0,0.0,0.95784,0.081968,0.0,0.0,0.064198,0.0,0.0,0.078264,0.106854,0.102312,0.0,0.002898,0.0,0.676942,0.0,0.0,0.0,1e-06,0.094842,0.0,0.0,0.123037,0.115481,0.0,0.0,0.0,0.439532,0.090106,0.189946,0.101098,0.0,0.212556,0.0,0.273573,0.0,0.0,0.724064,0.121658,0.281877,0.433936,0.0,0.0,0.0,0.0,0.0,0.2353,0.451357,0.118507,0.0,0.0,0.085444,0.0,0.23773,0.3489,0.0,0.363056,0.08132,0.0519,0.0,0.267989,0.058088,0.212572,0.267708,0.286714,0.0,0.0,0.382595,0.0,0.0,9.5e-05,0.239367,0.342061,0.14962,0.000385,0.073859,0.0,0.057829,0.074275,0.0,0.680406,0.0,0.0,0.0,0.0,0.033266,0.0,0.0,0.0,0.694399,0.0,0.0,0.09218,0.0,0.0,0.0,0.0,0.0,0.0,0.951483,0.057386,0.0,0.0,0.0,0.0,0.086126,0.296571,0.084669,0.0,0.0,0.0,0.0,0.254854,0.0,0.0,0.264846,0.074125,0.257361,0.216582,0.0,4.2e-05,0.0,2.5551,0.087308,0.0,0.0,0.238542,1.624756,0.0,0.113874,0.0,0.0,0.0,0.0,0.00135,0.077303,0.0,1.117655,0.0,0.0,0.0,0.0,0.0,0.090128,0.089886,0.0,0.315516,0.433402,0.0,0.0,0.204832,0.0,0.118082,0.000381,0.0,0.044342,0.097569,0.093853,0.089679,0.0,0.187791,0.0,0.0,0.0,0.0,0.342135,0.284908,0.0,0.076355,0.082869,0.545291,0.0,0.094892,0.007792,1.31747,0.186634,0.0,0.087976,0.321017,0.0,0.0,0.137884,0.0,0.0,0.000281,0.0,0.0,0.00025,0.106794,0.076776,0.0,0.106196,0.104692,0.224637,0.229359,0.074225,0.0,0.093932,0.0,0.0,0.224993,0.245582,0.10958,0.097493,0.0,0.0,1e-06,0.0,0.082129,0.090082,0.079384,0.086503,0.0,0.0,0.0,0.102126,0.0,0.0,0.019994,0.234352,0.0,0.200536,0.207792,0.137585,0.0,0.253774,0.0,0.0,0.022843,0.076771,0.0,0.328161,2e-06,0.0,0.378715,0.0,0.0,0.0,0.0,0.082271,0.0,0.085381,0.105743,0.644546,0.0,0.0,0.096523,0.071295,0.0,0.1992,0.160677,0.3125,0.481243,0.0,0.0,0.13213,0.080262,0.0,0.0,0.0,0.718071,0.080618,0.0,0.0,0.0,4e-06,0.0,0.087548,0.101149,0.303761,0.0,0.0,0.0,0.0,0.097065,0.100064,0.0,0.266508,0.0,0.0,0.0,0.0,0.0,0.0,0.336791,0.0,0.120332,0.0,0.678869,0.0,0.0,0.252529,0.0,0.102267,0.0,0.336752,3.9e-05,0.0,0.0,0.0,0.123638,0.079543,0.0,0.062907,0.088032,0.198124,0.000945,0.0,0.544264,0.0,0.259876,0.094566,0.0,0.0,0.0,0.191267,0.207442,0.0,0.0,0.163116,0.0,0.092283,0.262155,0.373224,0.038162,0.0,0.089673,0.0,0.0,1.072468,0.27134,0.084216,0.091314,0.239575,0.092444,0.492825,0.251116,0.434293,0.291755,0.101116,0.234986,0.0,0.0,0.0,0.0,0.0,0.12015,0.135404,0.082169,0.0,0.0,0.0,0.112367,0.915563,0.0,0.485056,0.0,0.242851,0.0,0.100027,0.0,0.981436,0.0,0.0,0.0,0.0,0.0,1.3e-05,0.236444,0.0,0.0,0.117969,0.0,0.0,0.0,0.0,0.516544,0.123641,0.0,0.0,0.130935,0.0,0.289107,0.211801,0.77832,0.092056,0.0,1.228519,0.095517,0.0,0.0,0.0,0.643337,0.244705,0.0,0.0,0.206207,0.0,0.302586,0.082753,0.0,0.221159,0.076294,0.0,0.0,0.0,9e-06,0.0,0.0,0.093195,0.0,0.0,0.0,0.331997,0.0,0.09008,0.215297,0.096005,0.0,0.0,0.065436,0.200426,0.182772,0.278604,0.0,0.093475,0.0,0.0,0.090351,0.136663,0.272043,0.0
TCGA-98-A53H,0.243028,0.0,0.0,0.0,0.0,0.172461,0.091825,0.213356,0.130898,0.202303,0.168629,0.0,0.0,0.0,0.0,0.207763,0.0,0.211547,0.0,0.0,0.104212,0.0,0.0,0.0,0.0,0.0,0.0,0.0,0.0,0.161502,0.0,0.0,0.176775,0.842788,0.111434,0.120084,0.096302,0.0,0.0,0.0,0.0,0.127065,0.0,0.186418,0.0,0.164142,0.065493,0.0,0.0,0.106637,0.0,0.224872,0.0,0.848481,0.0,0.218058,0.158651,0.0,0.0,0.161126,0.0,0.0,0.0,0.08739,0.197508,0.128994,0.158083,0.0,0.510654,0.0,0.0,0.0,0.250947,0.166924,0.0,0.0,0.0,0.0,0.0,0.0,0.0,0.767743,0.141072,0.0,0.0,0.122168,0.0,0.0,0.148449,0.15171,0.149928,0.0,4.1e-05,0.0,0.503489,0.0,0.0,0.0,0.0,0.160243,0.0,0.0,0.214419,0.203479,0.0,0.0,0.0,0.379755,0.171818,0.096093,0.118954,0.0,0.109712,0.0,0.142728,0.0,0.0,0.57748,0.228282,0.167446,0.279934,0.0,4e-06,0.0,0.0,0.0,0.145683,0.356865,0.215786,0.0,0.0,0.165368,0.0,0.111872,0.181823,0.0,0.22674,0.046282,0.072365,0.0,0.136659,0.089425,0.122833,0.152074,0.138215,0.0,0.0,0.259083,0.0,0.0,2.7e-05,0.130448,0.20373,0.080551,0.0,0.127594,0.0,0.093267,0.132992,0.0,0.4959,0.0,0.0,0.0,0.0,0.001506,0.0,0.0,0.0,0.49882,0.0,0.0,0.130292,0.0,0.0,0.0,0.0,0.0,0.0,0.762542,0.119793,0.0,0.0,0.0,0.0,0.157899,0.163297,0.162856,0.0,0.0,0.0,0.0,0.132412,0.0,0.0,0.137094,0.137409,0.231458,0.106008,0.0,1.1e-05,0.0,2.249988,0.130538,0.0,0.0,0.151055,1.401925,0.0,0.038885,0.0,0.0,0.0,0.0,1e-06,0.058264,0.0,0.886809,0.0,0.0,0.0,0.0,0.0,0.159023,0.148095,0.0,0.193051,0.240135,0.0,0.0,0.112129,0.0,0.20808,0.000269,0.0,0.086951,0.182968,0.162575,0.153375,0.0,0.08658,0.0,0.0,0.0,0.0,0.222118,0.191146,0.0,0.139263,0.133617,0.379793,0.0,0.15923,0.011346,1.07044,0.078523,0.0,0.147635,0.173562,0.0,0.0,0.196292,0.0,0.0,2.1e-05,0.0,0.0,0.0,0.187864,0.127751,0.0,0.183799,0.179099,0.125935,0.103672,0.066933,0.0,0.170391,0.0,0.0,0.110699,0.11795,0.171602,0.17416,0.0,0.0,2.3e-05,0.0,0.145343,0.176568,0.149811,0.1554,0.0,0.0,0.0,0.188259,0.0,0.0,0.039231,0.119466,0.0,0.099403,0.116416,0.13152,0.0,0.20039,0.0,0.0,0.005341,0.106408,0.0,0.258131,0.0,0.0,0.25049,0.0,1e-06,0.0,0.0,0.138242,0.0,0.147202,0.171563,0.487618,0.0,0.0,0.164797,0.106489,0.0,0.113864,0.067999,0.290545,0.340262,0.0,0.0,0.215356,0.142614,0.0,0.0,0.0,0.539134,0.133976,0.0,0.0,0.0,0.0,0.0,0.155397,0.149501,0.162898,0.0,0.0,0.0,0.0,0.163851,0.187621,0.0,0.150925,0.0,0.0,0.0,0.0,0.0,0.0,0.201146,0.0,0.20202,0.0,0.554286,0.0,0.0,0.129257,0.0,0.18318,0.0,0.17975,5e-06,0.0,0.0,0.0,0.208161,0.159789,0.0,0.133454,0.160801,0.100171,6.2e-05,0.0,0.386595,0.0,0.137762,0.163232,0.0,0.0,0.0,0.104182,0.115388,0.0,0.0,0.208573,0.0,0.170795,0.148282,0.203898,0.017399,0.0,0.16974,0.0,0.0,0.880297,0.292048,0.029751,0.152762,0.134629,0.158607,0.331788,0.124903,0.327733,0.289615,0.167635,0.120634,0.0,0.0,0.0,0.0,0.0,0.225937,0.19626,0.012126,0.0,0.0,0.0,0.174015,0.708829,0.0,0.314964,0.0,0.259499,0.0,0.160121,0.0,0.773018,0.0,0.0,0.0,0.0,0.0,0.0,0.145762,0.0,0.0,0.17035,0.0,0.0,0.0,0.0,0.445993,0.041859,0.0,0.0,0.05221,0.0,0.155538,0.111214,0.626269,0.158068,0.0,0.986786,0.160475,0.0,0.0,0.0,0.412298,0.124537,0.0,0.0,0.183917,0.0,0.213222,0.143904,0.0,0.127314,0.143074,0.0,0.0,0.0,1.5e-05,0.0,0.0,0.169402,0.0,0.0,0.0,0.206307,0.0,0.170287,0.10879,0.168986,0.0,0.0,0.076084,0.109198,0.209824,0.160449,0.0,0.157474,0.0,0.0,0.168513,0.064972,0.140673,0.0
TCGA-L9-A50W,0.20384,0.0,0.0,0.0,0.0,0.143459,0.138148,0.178125,0.186398,0.167448,0.140836,0.0,1e-06,0.0,0.0,0.175776,0.0,0.22247,0.0,0.0,0.156899,0.0,0.0,0.0,0.0,0.0,0.0,0.0,0.0,0.130978,0.0,0.0,0.148971,0.958569,0.110908,0.171554,0.131789,1e-06,0.0,0.0,0.0,0.177306,0.0,0.155024,0.0,0.206667,0.079714,0.0,0.0,0.152031,0.0,0.221444,0.0,0.953191,0.0,0.292485,0.131798,0.0,0.0,0.12858,0.0,1e-06,0.0,0.065028,0.174263,0.173165,0.12531,0.0,0.581003,0.0,0.0,0.0,0.313627,0.136438,0.0,0.0,0.0,0.0,0.0,0.0,0.0,0.879243,0.105759,0.0,0.0,0.086691,0.0,0.0,0.114286,0.129545,0.124672,0.0,0.000467,0.0,0.579499,0.0,0.0,0.0,0.0,0.129982,0.0,0.0,0.181373,0.17178,0.0,0.0,0.0,0.41318,0.139046,0.143878,0.096791,0.0,0.159354,0.0,0.19578,0.0,0.0,0.638027,0.189152,0.224552,0.347659,0.0,1e-06,0.0,0.0,0.0,0.200814,0.39569,0.18303,0.0,1e-06,0.131916,0.0,0.162726,0.246547,0.0,0.287657,0.066709,0.058395,0.0,0.192146,0.05913,0.174516,0.20415,0.204034,0.0,0.0,0.310142,0.0,0.0,1.4e-05,0.179482,0.267768,0.112894,0.000263,0.106954,0.0,0.066948,0.105588,0.0,0.581153,0.0,0.0,0.0,0.0,0.00569,0.0,0.0,0.0,0.579202,0.0,2e-06,0.112166,0.0,0.0,0.0,0.0,0.0,0.0,0.860009,0.093145,0.0,0.0,0.0,0.0,0.13099,0.206621,0.128453,0.0,0.0,0.0,0.0,0.192147,0.0,0.0,0.195378,0.106933,0.24349,0.15602,0.0,3.5e-05,0.0,2.43932,0.092266,0.0,0.0,0.192164,1.541463,0.0,0.063859,0.0,0.0,0.0,0.0,0.000392,0.039362,0.0,0.991154,0.0,0.0,0.0,0.0,0.0,0.137334,0.118004,0.0,0.247603,0.318433,0.0,0.0,0.133373,0.0,0.179843,6.8e-05,0.0,0.062134,0.149771,0.127235,0.121912,0.0,0.121283,0.0,0.0,0.0,0.0,0.275502,0.228139,0.0,0.109924,0.112529,0.449697,0.0,0.128579,0.003517,1.203952,0.119918,0.0,0.121054,0.236907,0.0,0.0,0.172291,0.0,0.0,0.000404,0.0,0.0,0.000215,0.152733,0.097795,0.0,0.158061,0.143028,0.177382,0.155818,0.062694,0.0,0.138495,0.0,0.0,0.161239,0.171413,0.141212,0.143345,0.0,0.0,5.9e-05,0.0,0.116106,0.133167,0.114315,0.124076,0.0,0.0,0.0,0.159828,0.0,0.0,0.013094,0.170982,0.0,0.149831,0.155005,0.129749,0.0,0.220683,0.0,0.0,0.011264,0.084762,0.0,0.288792,4.1e-05,0.0,0.309856,2e-06,0.0,0.0,0.0,0.116858,0.0,0.12243,0.143415,0.557604,0.0,0.0,0.133855,0.082262,0.0,0.161158,0.093123,0.298807,0.407536,0.0,0.0,0.184572,0.117289,0.0,0.0,0.0,0.614016,0.114811,4e-06,0.0,0.0,0.0,0.0,0.114072,0.127065,0.224899,0.0,0.0,0.0,0.0,0.12851,0.152998,0.0,0.204227,0.0,0.0,0.0,0.0,0.0,0.0,0.26186,0.0,0.160851,0.0,0.613256,0.0,0.0,0.182152,0.0,0.14427,0.0,0.224893,8e-06,0.0,0.0,0.0,0.171669,0.123193,0.0,0.095883,0.12571,0.153536,0.000442,0.0,0.469867,0.0,0.192947,0.136576,2e-06,0.0,0.0,0.133465,0.156001,0.0,0.0,0.190724,0.0,0.14366,0.198961,0.274357,0.012192,0.0,0.139392,0.0,1e-06,0.993012,0.296203,0.069751,0.123918,0.17948,0.128869,0.400959,0.180851,0.382921,0.282283,0.136399,0.174571,0.0,0.0,0.0,0.0,0.0,0.190491,0.160033,0.025345,0.0,0.0,0.0,0.156401,0.808994,0.0,0.38451,0.0,0.249836,0.0,0.129516,0.0,0.870932,0.0,0.0,0.0,0.0,0.0,1e-06,0.192944,0.0,0.0,0.142553,0.0,0.0,0.0,0.0,0.478316,0.070039,0.0,0.0,0.072934,0.0,0.221004,0.15108,0.725247,0.129999,0.0,1.110002,0.130196,0.0,0.0,0.0,0.503352,0.179263,0.0,0.0,0.179728,0.0,0.262231,0.106621,0.0,0.176565,0.113862,0.0,0.0,0.0,1e-05,0.0,0.0,0.141662,0.0,0.0,0.0,0.259372,0.0,0.136983,0.156648,0.131809,0.0,0.0,0.069055,0.150971,0.205619,0.212728,0.0,0.127523,0.0,0.0,0.133128,0.096386,0.199716,0.0
TCGA-L9-A7SV,0.283746,0.0,0.0,0.0,0.0,0.178011,0.094239,0.253306,0.127954,0.231393,0.184858,0.0,0.0,0.0,0.0,0.236691,0.0,0.234147,0.0,0.0,0.10055,0.0,0.0,0.0,0.0,0.0,0.0,0.0,0.0,0.184368,0.0,0.0,0.196967,0.866191,0.13094,0.117799,0.089234,0.0,0.0,0.0,0.0,0.127636,0.0,0.213576,0.0,0.163889,0.103439,0.0,0.0,0.10648,0.0,0.243641,0.0,0.924442,0.0,0.21198,0.184227,0.0,0.0,0.178212,0.0,3e-06,0.0,0.096227,0.196592,0.130786,0.176793,1e-06,0.518705,0.0,0.0,0.0,0.250523,0.189779,0.0,0.0,0.0,0.0,0.0,0.0,0.0,0.809915,0.147834,0.0,0.0,0.1156,0.0,0.0,0.159313,0.164794,0.168126,0.0,6.6e-05,0.0,0.510799,0.0,0.0,0.0,0.0,0.178306,2e-06,0.0,0.249606,0.2325,0.0,0.0,0.0,0.389178,0.181505,0.105394,0.130316,0.0,0.109922,0.0,0.140553,0.0,0.0,0.568335,0.260357,0.171979,0.280145,0.0,1e-06,0.0,0.0,1e-06,0.15169,0.378047,0.252988,6e-06,5e-06,0.175548,0.0,0.110379,0.183617,0.0,0.22725,0.063645,0.071319,0.0,0.141761,0.090774,0.135019,0.149432,0.148315,0.0,0.0,0.252234,1e-06,0.0,4.6e-05,0.126573,0.195349,0.079784,3e-05,0.141997,0.0,0.096881,0.143787,0.0,0.511449,0.0,0.0,0.0,0.0,0.001027,0.0,0.0,0.0,0.519635,0.0,0.0,0.162812,0.0,0.0,0.0,0.0,2e-06,0.0,0.787792,0.116597,0.0,0.0,0.0,0.0,0.169777,0.167548,0.17322,0.0,0.0,0.0,0.0,0.141688,0.0,0.0,0.140664,0.13377,0.271797,0.107664,0.0,0.000273,0.0,2.35169,0.127012,0.0,0.0,0.158669,1.487188,0.0,0.032108,0.0,0.0,0.0,0.0,4e-05,0.059771,0.0,0.926131,0.0,0.0,0.0,0.0,1e-06,0.186967,0.159143,0.0,0.187242,0.239542,0.0,0.0,0.119636,0.0,0.241166,0.000667,0.0,0.077271,0.206414,0.187132,0.170005,0.0,0.080361,0.0,0.0,0.0,0.0,0.234537,0.19576,0.0,0.151121,0.157354,0.373695,0.0,0.175802,0.017304,1.119969,0.091001,0.0,0.165445,0.168885,0.0,0.0,0.214133,0.0,0.0,0.001271,0.0,0.0,1.6e-05,0.216603,0.141799,0.0,0.218399,0.205288,0.123304,0.113697,0.082965,0.0,0.189487,0.0,0.0,0.11746,0.126747,0.187718,0.19876,0.0,0.0,6e-06,0.0,0.155748,0.190406,0.156524,0.165256,0.0,0.0,0.0,0.205025,0.0,0.0,0.021562,0.120086,0.0,0.106372,0.115907,0.148342,0.0,0.218662,0.0,0.0,0.004602,0.114266,0.0,0.284516,1.9e-05,0.0,0.255964,0.0,1e-06,0.0,0.0,0.152462,0.0,0.165361,0.197829,0.504214,0.0,0.0,0.186551,0.118391,0.0,0.114214,0.064844,0.288628,0.352365,0.0,0.0,0.246984,0.162126,0.0,0.0,0.0,0.558967,0.155256,0.0,0.0,0.0,0.0,0.0,0.166393,0.177201,0.160799,0.0,0.0,0.0,0.0,0.183354,0.20478,0.0,0.149398,0.0,0.0,0.0,0.0,0.0,0.0,0.2019,0.0,0.228096,0.0,0.588841,0.0,0.0,0.133816,0.0,0.196104,0.0,0.182102,2e-05,0.0,0.0,0.0,0.24753,0.164246,0.0,0.127365,0.180805,0.095657,7e-05,0.0,0.398935,0.0,0.14043,0.186655,0.0,0.0,0.0,0.099549,0.113562,0.0,0.0,0.221851,0.0,0.195808,0.144776,0.199632,0.018334,0.0,0.188108,0.0,0.0,0.932058,0.303853,0.048695,0.176687,0.129946,0.179817,0.332636,0.121989,0.320531,0.277514,0.185874,0.117865,0.0,0.0,0.0,0.0,0.0,0.257357,0.21161,0.016394,3e-06,0.0,0.0,0.214577,0.716676,0.0,0.304939,2e-06,0.279368,0.0,0.190311,0.0,0.79681,0.0,0.0,0.0,0.0,0.0,9e-06,0.150416,0.0,0.0,0.192585,0.0,0.0,0.0,0.0,0.474315,0.037307,0.0,0.0,0.054804,0.0,0.162435,0.114412,0.681294,0.180426,0.0,1.02541,0.180334,0.0,0.0,0.0,0.415642,0.129538,0.0,0.0,0.191134,0.0,0.216154,0.148595,0.0,0.114525,0.14927,0.0,0.0,0.0,6e-06,0.0,1e-06,0.196301,0.0,0.0,0.0,0.197024,0.0,0.180971,0.113256,0.181859,0.0,0.0,0.09627,0.106314,0.233698,0.156693,0.0,0.174922,0.0,0.0,0.18768,0.063823,0.150309,0.0
TCGA-LA-A7SW,0.425572,0.0,0.0,0.0,0.0,0.238519,0.043687,0.3787,0.058818,0.32318,0.26699,0.0,0.0,0.0,0.0,0.373963,0.0,0.230076,0.0,0.0,0.047488,0.0,0.0,0.0,0.0,0.0,0.0,0.0,0.0,0.248243,0.0,0.0,0.262005,0.691353,0.187662,0.053584,0.041944,0.0,0.0,0.0,0.0,0.060197,0.0,0.303513,0.0,0.07492,0.130914,0.0,0.0,0.04869,0.0,0.250051,0.0,0.885607,0.0,0.099189,0.247812,0.0,0.0,0.238002,0.0,3e-06,0.0,0.113438,0.18162,0.069574,0.230577,0.0,0.366469,0.0,0.0,0.0,0.122942,0.27752,0.0,0.0,0.0,0.0,0.0,0.0,0.0,0.670321,0.203299,0.0,0.0,0.141808,0.0,0.0,0.205225,0.213726,0.224231,0.0,1.6e-05,0.0,0.376889,0.0,0.0,0.0,0.0,0.229851,0.0,0.0,0.365984,0.346319,0.0,0.0,0.0,0.31773,0.238377,0.055307,0.161466,0.0,0.054795,0.0,0.066336,0.0,0.0,0.423006,0.383874,0.08202,0.157983,0.0,7e-06,0.0,0.0,1e-06,0.099129,0.299158,0.400408,0.0,0.0,0.257777,0.0,0.052367,0.086565,0.0,0.120176,0.093004,0.085641,0.0,0.063041,0.089782,0.103825,0.071504,0.068719,0.0,0.0,0.135892,0.0,0.0,8e-06,0.059276,0.090674,0.040867,1.1e-05,0.21809,0.0,0.133906,0.220058,0.0,0.359501,0.0,0.0,0.0,0.0,0.000313,0.0,0.0,0.0,0.366979,0.0,1e-06,0.204336,0.0,0.0,0.0,0.0,3e-06,0.0,0.64766,0.130636,0.0,0.0,0.0,0.0,0.243826,0.07648,0.241375,0.0,0.0,0.0,0.0,0.071898,0.0,0.0,0.068336,0.17499,0.259022,0.046704,0.0,6.6e-05,0.0,2.136028,0.146773,0.0,0.0,0.10726,1.348528,0.0,0.015679,0.0,0.0,0.0,0.0,1.7e-05,0.03017,0.0,0.760738,0.0,0.0,0.0,0.0,0.0,0.301136,0.233297,0.0,0.086591,0.115571,0.0,0.0,0.055568,0.0,0.382408,0.011524,0.0,0.074494,0.275639,0.261823,0.229223,0.0,0.034597,0.0,0.0,0.0,0.0,0.158114,0.093215,0.0,0.216942,0.194801,0.2174,0.0,0.262009,0.051574,0.97435,0.042282,0.0,0.230444,0.082396,0.0,0.0,0.266562,0.0,0.0,0.001481,0.0,0.0,6e-06,0.296247,0.190279,0.0,0.321168,0.309288,0.059096,0.051991,0.104425,0.0,0.277243,0.0,0.0,0.051271,0.059003,0.23339,0.3261,0.0,0.0,1e-06,0.0,0.245084,0.248985,0.224126,0.212872,0.0,0.0,0.0,0.304828,0.0,0.0,0.025184,0.056402,0.0,0.049964,0.051774,0.160312,0.0,0.18664,0.0,0.0,0.001327,0.141427,0.0,0.222272,4e-06,0.0,0.173446,0.0,2e-06,0.0,0.0,0.217991,0.0,0.233028,0.283578,0.372132,0.0,0.0,0.280115,0.13893,0.0,0.055655,0.026736,0.253891,0.27048,0.0,0.0,0.33548,0.225146,0.0,0.0,0.0,0.392717,0.215803,0.0,0.0,0.0,0.0,0.0,0.23021,0.243679,0.078217,0.0,0.0,0.0,0.0,0.238847,0.270102,0.0,0.069833,0.0,0.0,0.0,0.0,0.0,0.0,0.091357,0.0,0.341614,0.0,0.487502,0.0,0.0,0.059952,0.0,0.27094,0.0,0.080149,3e-06,0.0,0.0,0.0,0.349682,0.233247,0.0,0.165766,0.250193,0.04684,4e-05,0.0,0.292303,0.0,0.06622,0.263849,0.0,0.0,0.0,0.04413,0.050123,0.0,0.0,0.266899,0.0,0.289079,0.069646,0.094311,0.008187,0.0,0.261649,0.0,0.0,0.792282,0.317121,0.050657,0.241632,0.065919,0.252447,0.236877,0.055572,0.207959,0.252951,0.239368,0.054065,0.0,0.0,0.0,0.0,0.0,0.411716,0.259394,0.005642,0.0,0.0,0.0,0.300019,0.546354,0.0,0.157489,0.0,0.302147,0.0,0.267564,0.0,0.617189,0.0,0.0,0.0,0.0,0.0,2.1e-05,0.092193,0.0,0.0,0.261265,0.0,0.0,0.0,0.0,0.404557,0.016108,0.0,0.0,0.024306,0.0,0.082581,0.049595,0.598003,0.272699,0.0,0.846362,0.253235,0.0,0.0,0.0,0.224874,0.057636,0.0,0.0,0.161174,0.0,0.161283,0.196935,0.0,0.057664,0.208652,0.0,0.0,0.0,1.5e-05,0.0,0.0,0.303662,0.0,0.0,0.0,0.093342,0.0,0.298669,0.050945,0.267934,0.0,0.0,0.139708,0.049479,0.249467,0.073338,0.0,0.244273,0.0,0.0,0.268282,0.029782,0.074943,0.0
TCGA-MN-A4N4,0.213189,0.0,0.0,0.0,0.0,0.148077,0.129123,0.191282,0.179193,0.178723,0.141612,0.0,0.0,0.0,0.0,0.174021,0.0,0.23081,0.0,0.0,0.143723,0.0,0.0,0.0,0.0,0.0,0.0,0.0,0.0,0.147109,0.0,0.0,0.157221,0.963907,0.09561,0.162874,0.127524,6e-06,0.0,0.0,0.0,0.166756,0.0,0.163241,0.0,0.221656,0.084562,0.0,0.0,0.150957,0.0,0.233815,0.0,0.943031,0.0,0.294547,0.147868,0.0,0.0,0.140168,0.0,1e-06,0.0,0.093669,0.194851,0.174806,0.152973,2.2e-05,0.611102,0.0,0.0,0.0,0.31098,0.142665,0.0,0.0,0.0,0.0,0.0,0.0,0.0,0.874857,0.127146,0.0,0.0,0.107293,0.0,0.0,0.1296,0.144347,0.149453,0.0,0.000428,0.0,0.585375,0.0,0.0,0.0,0.0,0.146539,0.0,0.0,0.179339,0.177389,0.0,0.0,0.0,0.431186,0.154288,0.139321,0.120224,0.0,0.153642,0.0,0.192408,0.0,0.0,0.663443,0.192006,0.225535,0.349644,0.0,1e-06,0.0,0.0,1e-06,0.179065,0.417211,0.183223,0.0,1e-06,0.143265,0.0,0.157228,0.255148,0.0,0.287795,0.053551,0.079185,0.0,0.196016,0.09341,0.157154,0.203794,0.202267,0.0,0.0,0.320631,0.0,0.0,7.3e-05,0.178153,0.272056,0.107121,0.000318,0.110699,0.0,0.08507,0.117349,0.0,0.588624,0.0,9e-06,0.0,0.0,0.006417,0.0,0.0,0.0,0.604191,0.0,0.0,0.130415,0.0,0.0,0.0,0.0,1e-06,0.0,0.862155,0.107442,0.0,0.0,0.0,0.0,0.13188,0.234294,0.145087,0.0,0.0,0.0,0.0,0.184902,0.0,0.0,0.189193,0.122012,0.26004,0.150997,0.0,0.000233,0.0,2.457222,0.126067,0.0,0.0,0.186187,1.544241,0.0,0.056171,0.0,0.0,0.0,0.0,0.000646,0.076376,0.0,1.013113,0.0,0.0,0.0,0.0,0.0,0.142534,0.133611,0.0,0.249748,0.334031,0.0,0.0,0.160429,0.0,0.171208,0.000872,0.0,0.08017,0.159286,0.146851,0.140019,0.0,0.117026,0.0,0.0,0.0,0.0,0.271648,0.248419,0.0,0.12125,0.128312,0.457514,0.0,0.145253,0.018254,1.207847,0.130838,0.0,0.133119,0.23337,0.0,0.0,0.189585,0.0,0.0,0.001189,0.0,0.0,0.00023,0.173492,0.118459,0.0,0.164761,0.161344,0.16889,0.159441,0.068929,0.0,0.140188,0.0,0.0,0.162084,0.171965,0.162545,0.145666,0.0,0.0,1e-06,0.0,0.123666,0.154141,0.129348,0.132895,0.0,0.0,0.0,0.158059,0.0,0.0,0.037281,0.165557,0.0,0.139899,0.159999,0.14227,0.0,0.231635,0.0,0.0,0.008774,0.103013,0.0,0.301201,1e-06,0.0,0.300552,0.0,0.0,0.0,0.0,0.124298,0.0,0.126363,0.153681,0.578551,0.0,0.0,0.144734,0.106668,0.0,0.148037,0.09469,0.320575,0.399326,0.0,0.0,0.194697,0.127467,0.0,0.0,0.0,0.645599,0.127985,0.0,0.0,0.0,0.0,0.0,0.139499,0.140434,0.221474,0.0,0.0,0.0,0.0,0.147654,0.156947,0.0,0.202471,0.0,0.0,0.0,0.0,0.0,0.0,0.266925,0.0,0.176019,0.0,0.635514,0.0,0.0,0.189928,0.0,0.159862,0.0,0.258248,8e-06,0.0,0.0,0.0,0.190271,0.135054,0.0,0.110859,0.142301,0.127544,0.000368,0.0,0.458284,0.0,0.190117,0.148287,0.0,0.0,0.0,0.137351,0.150829,0.0,0.0,0.206943,0.0,0.151829,0.199096,0.280372,0.033533,0.0,0.150436,0.0,0.0,0.993527,0.294551,0.047712,0.142928,0.171057,0.141606,0.401315,0.171574,0.379278,0.304199,0.160148,0.164964,0.0,1e-06,0.0,0.0,0.0,0.185142,0.185838,0.033694,0.0,0.0,0.0,0.160159,0.812328,0.0,0.391438,0.0,0.266932,0.0,0.148837,0.0,0.884984,0.0,0.0,0.0,0.0,0.0,0.000294,0.180077,0.0,0.0,0.149427,0.0,0.0,0.0,0.0,0.504879,0.067143,0.0,0.0,0.089552,0.0,0.210612,0.15492,0.713523,0.135355,0.0,1.122645,0.141181,0.0,0.0,0.0,0.527831,0.176042,0.0,0.0,0.211037,0.0,0.247699,0.128644,0.0,0.164171,0.124681,0.0,0.0,0.0,3.5e-05,0.0,0.0,0.141867,0.0,0.0,0.0,0.265188,0.0,0.123276,0.158525,0.147441,0.0,0.0,0.065611,0.151161,0.221085,0.208133,0.0,0.137275,0.0,0.0,0.143337,0.092802,0.196663,0.0
TCGA-MP-A4T4,0.275606,0.0,0.0,0.0,0.0,0.187042,0.081128,0.248815,0.116603,0.230457,0.186434,0.0,0.0,0.0,0.0,0.231484,0.0,0.216932,0.0,0.0,0.08969,0.0,0.0,0.0,0.0,0.0,0.0,0.0,0.0,0.182742,0.0,0.0,0.201808,0.818221,0.106309,0.102348,0.080471,0.0,0.0,0.0,0.0,0.109225,0.0,0.204229,0.0,0.148204,0.071488,0.0,0.0,0.092805,0.0,0.229791,0.0,0.848687,0.0,0.190586,0.182597,0.0,0.0,0.171793,0.0,0.0,0.0,0.107669,0.215244,0.109181,0.178852,0.0,0.497417,0.0,0.0,0.0,0.232901,0.180576,0.0,0.0,0.0,0.0,0.0,0.0,0.0,0.756672,0.153402,0.0,0.0,0.128878,0.0,0.0,0.163407,0.162543,0.169333,0.0,4.9e-05,0.0,0.482651,0.0,0.0,0.0,0.0,0.182978,0.0,0.0,0.231657,0.228828,0.0,0.0,0.0,0.377212,0.19558,0.091953,0.132643,0.0,0.097519,0.0,0.125181,0.0,0.0,0.562531,0.250229,0.161415,0.261902,0.0,1e-06,0.0,0.0,0.0,0.135931,0.360371,0.242446,0.0,0.0,0.185704,0.0,0.094256,0.151193,0.0,0.209977,0.044189,0.080734,0.0,0.122037,0.08955,0.113566,0.131773,0.121399,0.0,0.0,0.240343,0.0,0.0,3.2e-05,0.113809,0.182902,0.071263,2.6e-05,0.14169,0.0,0.100749,0.149781,0.0,0.477874,0.0,0.0,0.0,0.0,0.00109,0.0,0.0,0.0,0.485338,0.0,0.0,0.146454,0.0,0.0,0.0,0.0,0.0,0.0,0.742472,0.134459,0.0,0.0,0.0,0.0,0.172173,0.143586,0.179453,0.0,0.0,0.0,0.0,0.120677,0.0,0.0,0.122522,0.1544,0.239852,0.093176,0.0,3.1e-05,0.0,2.242297,0.141271,0.0,0.0,0.140643,1.397972,0.0,0.029558,0.0,0.0,1e-06,0.0,5.3e-05,0.052478,0.0,0.869084,0.0,0.0,0.0,0.0,0.0,0.181814,0.164926,0.0,0.170681,0.213696,0.0,0.0,0.098471,0.0,0.227374,0.000892,0.0,0.093463,0.210564,0.188434,0.179057,0.0,0.066205,0.0,0.0,0.0,0.0,0.206191,0.17992,0.0,0.159868,0.152893,0.358703,0.0,0.175146,0.019506,1.050283,0.072496,0.0,0.164158,0.154476,0.0,0.0,0.214788,0.0,0.0,0.000298,0.0,0.0,2.1e-05,0.213736,0.1427,0.0,0.207987,0.201028,0.109879,0.089057,0.061526,0.0,0.191463,0.0,0.0,0.10016,0.10337,0.186447,0.188095,0.0,0.0,1.8e-05,0.0,0.155326,0.192629,0.163799,0.157014,0.0,0.0,0.0,0.2065,0.0,0.0,0.033494,0.107324,0.0,0.08587,0.103031,0.130964,0.0,0.192925,0.0,0.0,0.004535,0.116407,0.0,0.254833,1.9e-05,0.0,0.23369,0.0,0.0,0.0,0.0,0.150282,0.0,0.162007,0.191414,0.476539,0.0,0.0,0.181469,0.117254,0.0,0.104523,0.053165,0.314843,0.320003,0.0,0.0,0.243764,0.157976,0.0,0.0,0.0,0.537919,0.15044,0.0,0.0,0.0,0.0,0.0,0.175722,0.175455,0.144027,0.0,0.0,0.0,0.0,0.189569,0.202417,0.0,0.136981,0.0,0.0,0.0,0.0,0.0,0.0,0.181281,0.0,0.215853,0.0,0.554972,0.0,0.0,0.115915,0.0,0.200928,1e-06,0.153668,3e-06,0.0,0.0,0.0,0.236404,0.178112,0.0,0.145736,0.178288,0.086048,7.3e-05,0.0,0.370103,0.0,0.119004,0.196271,0.0,0.0,0.0,0.082904,0.100695,0.0,0.0,0.227969,0.0,0.185563,0.135815,0.1822,0.011476,0.0,0.191984,0.0,0.0,0.86295,0.302606,0.025717,0.171346,0.113052,0.178767,0.307592,0.10645,0.310335,0.2915,0.192774,0.107476,0.0,2e-06,0.0,0.0,0.0,0.248346,0.208025,0.007513,0.0,0.0,0.0,0.191498,0.68395,0.0,0.287454,0.0,0.266725,0.0,0.177733,0.0,0.753379,0.0,0.0,0.0,0.0,0.0,1e-06,0.136281,0.0,0.0,0.174828,0.0,0.0,0.0,0.0,0.445389,0.033597,0.0,0.0,0.043502,0.0,0.140728,0.097671,0.618479,0.17031,0.0,0.968676,0.179227,0.0,0.0,0.0,0.382299,0.10796,0.0,0.0,0.194122,0.0,0.19542,0.151462,0.0,0.10808,0.162419,0.0,0.0,0.0,7e-06,0.0,0.0,0.190617,0.0,0.0,0.0,0.184197,0.0,0.177233,0.096004,0.180594,0.0,0.0,0.076769,0.092629,0.231172,0.140418,0.0,0.163676,0.0,0.0,0.184982,0.05669,0.12646,0.0
TCGA-MP-A4T8,0.258048,0.0,0.0,0.0,0.0,0.167749,0.094836,0.232357,0.136139,0.211494,0.168897,0.0,0.0,0.0,0.0,0.217815,0.0,0.22323,0.0,0.0,0.110388,0.0,0.0,0.0,0.0,0.0,0.0,0.0,0.0,0.170406,0.0,0.0,0.185274,0.881746,0.10994,0.124761,0.097652,0.0,0.0,0.0,0.0,0.131477,0.0,0.194708,0.0,0.168549,0.080649,0.0,0.0,0.108328,0.0,0.234049,0.0,0.908104,0.0,0.225032,0.16944,0.0,0.0,0.160067,0.0,0.0,0.0,0.101793,0.201454,0.131361,0.167016,0.0,0.541514,0.0,0.0,0.0,0.269026,0.17506,0.0,0.0,0.0,0.0,0.0,0.0,0.0,0.813658,0.146613,0.0,0.0,0.115528,0.0,0.0,0.144798,0.156089,0.163531,0.0,0.000112,0.0,0.527653,0.0,0.0,0.0,0.0,0.170252,0.0,0.0,0.222553,0.213988,0.0,0.0,0.0,0.398026,0.17663,0.115423,0.128429,0.0,0.119813,0.0,0.151774,0.0,0.0,0.60411,0.231587,0.186242,0.297008,0.0,0.0,0.0,0.0,1e-06,0.155543,0.380403,0.228737,0.0,0.0,0.170221,0.0,0.114083,0.189766,0.0,0.237421,0.056241,0.076832,0.0,0.151299,0.084214,0.13823,0.155155,0.153995,0.0,0.0,0.269695,0.0,0.0,2.5e-05,0.138051,0.211618,0.084158,3.8e-05,0.133826,0.0,0.092059,0.14071,0.0,0.528015,0.0,0.0,0.0,0.0,0.001629,0.0,0.0,0.0,0.532687,0.0,0.0,0.142218,0.0,0.0,0.0,0.0,4e-06,0.0,0.795488,0.116138,0.0,0.0,0.0,0.0,0.158003,0.17031,0.16493,0.0,0.0,0.0,0.0,0.149017,0.0,0.0,0.14736,0.140558,0.257028,0.119876,0.0,1.2e-05,0.0,2.357214,0.132781,0.0,0.0,0.162204,1.478475,0.0,0.037266,0.0,0.0,0.0,0.0,7e-05,0.051189,0.0,0.93267,0.0,0.0,0.0,0.0,0.0,0.170637,0.151939,0.0,0.195796,0.255828,0.0,0.0,0.119088,0.0,0.207354,0.000399,0.0,0.085062,0.189746,0.178075,0.163298,0.0,0.082975,0.0,0.0,0.0,0.0,0.239156,0.202989,0.0,0.149359,0.14383,0.396262,0.0,0.163192,0.016805,1.12905,0.097256,0.0,0.149811,0.185918,0.0,0.0,0.20643,0.0,0.0,0.000451,0.0,0.0,2.8e-05,0.198015,0.130538,0.0,0.197013,0.189107,0.131909,0.117365,0.068512,0.0,0.17388,0.0,0.0,0.125457,0.131638,0.170146,0.178238,0.0,0.0,2e-06,0.0,0.145691,0.174004,0.145395,0.143952,0.0,0.0,0.0,0.192906,0.0,0.0,0.02722,0.130886,0.0,0.107835,0.121043,0.137149,0.0,0.209885,0.0,0.0,0.004883,0.106668,0.0,0.273273,1e-05,0.0,0.26459,0.0,0.0,0.0,0.0,0.142428,0.0,0.14977,0.180428,0.518869,0.0,0.0,0.172556,0.111726,0.0,0.124382,0.065774,0.322058,0.354762,0.0,0.0,0.229286,0.149387,0.0,0.0,0.0,0.580904,0.140422,0.0,0.0,0.0,0.0,0.0,0.16123,0.166495,0.173453,0.0,0.0,0.0,0.0,0.177125,0.18475,0.0,0.160728,0.0,0.0,0.0,0.0,0.0,0.0,0.206544,0.0,0.205003,0.0,0.58976,0.0,0.0,0.137247,0.0,0.182283,0.0,0.186081,5e-06,0.0,0.0,0.0,0.222184,0.158949,0.0,0.127358,0.165331,0.110435,1e-04,0.0,0.41527,0.0,0.14454,0.18284,0.0,0.0,0.0,0.10306,0.118658,0.0,0.0,0.218261,0.0,0.176292,0.158244,0.216969,0.013099,0.0,0.178739,0.0,0.0,0.92808,0.302431,0.039623,0.165093,0.134679,0.163598,0.348012,0.130784,0.337536,0.292098,0.179231,0.134619,0.0,0.0,0.0,0.0,0.0,0.23157,0.194847,0.013734,0.0,0.0,0.0,0.187636,0.738462,0.0,0.323695,0.0,0.267399,0.0,0.170739,0.0,0.815217,0.0,0.0,0.0,0.0,0.0,4e-06,0.15738,0.0,0.0,0.167809,0.0,0.0,0.0,0.0,0.468952,0.044523,0.0,0.0,0.061142,0.0,0.170193,0.119928,0.672259,0.164812,0.0,1.041071,0.169747,0.0,0.0,0.0,0.436803,0.133395,0.0,0.0,0.199414,0.0,0.222211,0.142725,0.0,0.124498,0.150865,0.0,0.0,0.0,9e-06,0.0,0.0,0.179357,0.0,0.0,0.0,0.209196,0.0,0.161027,0.120291,0.170434,0.0,0.0,0.078495,0.115254,0.23202,0.167598,0.0,0.153004,0.0,0.0,0.168979,0.07136,0.157086,0.0
TCGA-MP-A4TC,0.289267,0.0,0.0,0.0,0.0,0.184264,0.083271,0.262855,0.109974,0.237801,0.19096,0.0,0.0,0.0,0.0,0.23398,0.0,0.219116,0.0,0.0,0.090317,0.0,0.0,0.0,0.0,0.0,0.0,0.0,0.0,0.181119,0.0,0.0,0.205771,0.823162,0.112637,0.103535,0.079607,1e-06,0.0,0.0,0.0,0.111894,0.0,0.218208,0.0,0.153857,0.088273,0.0,0.0,0.089277,0.0,0.243203,0.0,0.861437,0.0,0.191773,0.188345,0.0,1.1e-05,0.176024,0.0,3e-06,0.0,0.113693,0.205235,0.110585,0.187109,0.0,0.500734,0.0,0.0,0.0,0.228094,0.190622,0.0,0.0,0.0,0.0,0.0,0.0,0.0,0.751651,0.161559,0.0,0.0,0.130453,0.0,0.0,0.164857,0.165905,0.185006,0.0,9.7e-05,0.0,0.483309,0.0,0.0,0.0,0.0,0.193924,0.0,0.0,0.247366,0.234305,0.0,0.0,0.0,0.372062,0.188708,0.090483,0.142375,0.0,0.093558,0.0,0.126245,0.0,0.0,0.553502,0.258266,0.160553,0.264808,0.0,1e-06,0.0,0.0,0.0,0.130744,0.365991,0.249339,0.0,1e-06,0.191148,0.0,0.098119,0.161314,0.0,0.205004,0.052196,0.077477,0.0,0.12787,0.099967,0.114537,0.131302,0.124323,0.0,0.0,0.241515,1e-06,0.0,0.000192,0.117137,0.182981,0.070975,5.2e-05,0.145798,0.0,0.106005,0.157861,0.0,0.472227,0.0,0.0,1e-06,0.0,0.001721,0.0,0.0,0.0,0.492691,0.0,0.0,0.154525,0.0,0.0,0.0,0.0,1e-06,0.0,0.737499,0.12935,0.0,0.0,0.0,0.0,0.177547,0.157811,0.180157,0.0,0.0,0.0,0.0,0.123966,0.0,0.0,0.121575,0.152878,0.257325,0.091807,0.0,3.7e-05,0.0,2.248314,0.14707,0.0,0.0,0.137219,1.407968,0.0,0.031604,0.0,0.0,0.0,0.0,9.9e-05,0.069391,0.0,0.875976,0.0,0.0,0.0,0.0,0.0,0.190254,0.16583,0.0,0.175521,0.220977,0.0,0.0,0.112946,0.0,0.239376,0.001493,0.0,0.090647,0.219734,0.205376,0.186657,0.0,0.06567,0.0,0.0,0.0,0.0,0.207865,0.186545,0.0,0.166646,0.159579,0.359674,0.0,0.178923,0.027899,1.058475,0.079875,0.0,0.176604,0.15927,0.0,0.0,0.218103,0.0,0.0,0.001661,0.0,0.0,4e-05,0.214104,0.144494,0.0,0.218668,0.209356,0.107901,0.096685,0.06905,0.0,0.198279,0.0,0.0,0.105858,0.109942,0.188495,0.196851,0.0,0.0,2e-06,0.0,0.163554,0.19506,0.16721,0.157186,0.0,0.0,0.0,0.213235,0.0,0.0,0.046292,0.110922,0.0,0.090854,0.106572,0.137785,0.0,0.191402,0.0,0.0,0.00249,0.124053,0.0,0.264492,2e-06,0.0,0.234511,0.0,1e-06,0.0,0.0,0.153732,0.0,0.168064,0.200994,0.481184,0.0,0.0,0.192496,0.126165,0.0,0.100826,0.057316,0.303003,0.323107,0.0,0.0,0.250646,0.167007,0.0,0.0,0.0,0.538175,0.156846,0.0,0.0,0.0,0.0,0.0,0.185031,0.192521,0.14713,0.0,0.0,0.0,0.0,0.198006,0.203491,0.0,0.135051,0.0,0.0,0.0,0.0,0.0,0.0,0.179222,0.0,0.232563,0.0,0.561801,0.0,0.0,0.118791,0.0,0.205766,0.0,0.169415,7e-06,0.0,0.0,0.0,0.246246,0.178236,0.0,0.147106,0.182833,0.082199,0.000102,0.0,0.365284,0.0,0.119828,0.206234,0.0,0.0,0.0,0.085817,0.102052,0.0,0.0,0.233085,0.0,0.191271,0.139014,0.188249,0.019029,0.0,0.196893,0.0,0.0,0.875991,0.293379,0.028155,0.176314,0.115779,0.184953,0.306088,0.108705,0.293307,0.286759,0.202113,0.112636,0.0,0.0,0.0,0.0,0.0,0.251352,0.213023,0.012315,0.0,0.0,0.0,0.202586,0.678672,0.0,0.291832,0.0,0.274675,0.0,0.193068,0.0,0.759278,0.0,0.0,0.0,0.0,0.0,4e-06,0.13823,0.0,0.0,0.189795,0.0,0.0,0.0,0.0,0.449494,0.036394,0.0,0.0,0.052236,0.0,0.143019,0.101007,0.622373,0.182318,0.0,0.974994,0.18892,0.0,0.0,0.0,0.389221,0.11167,0.0,0.0,0.20248,0.0,0.187525,0.158104,0.0,0.10411,0.170867,0.0,0.0,0.0,1e-05,1e-06,0.0,0.19775,0.0,0.0,0.0,0.180549,0.0,0.183987,0.095612,0.191538,0.0,0.0,0.095767,0.094613,0.23884,0.142894,0.0,0.17821,0.0,0.0,0.187656,0.055978,0.135868,0.0
TCGA-MP-A4TJ,0.30376,0.0,0.0,0.0,0.0,0.200419,0.062021,0.257787,0.101994,0.241683,0.202019,0.0,0.0,0.0,0.0,0.264104,0.0,0.20889,0.0,0.0,0.083802,0.0,0.0,0.0,0.0,0.0,0.0,0.0,0.0,0.186219,0.0,0.0,0.210383,0.784903,0.136946,0.09253,0.069778,0.0,0.0,0.0,0.0,0.099674,0.0,0.226553,0.0,0.112112,0.080671,0.0,0.0,0.079865,0.0,0.231043,0.0,0.855817,0.0,0.161409,0.181796,0.0,0.0,0.181848,0.0,5e-06,0.0,0.08952,0.18806,0.096065,0.177509,0.0,0.450595,0.0,0.0,0.0,0.205712,0.189798,0.0,0.0,0.0,0.0,0.0,0.0,0.0,0.72606,0.148822,0.0,0.0,0.129881,0.0,0.0,0.165714,0.171749,0.162768,0.0,0.0,0.0,0.457348,0.0,0.0,0.0,0.0,0.180157,0.0,0.0,0.258306,0.252394,0.0,0.0,0.0,0.352958,0.201478,0.086247,0.1261,0.0,0.082943,0.0,0.104565,0.0,0.0,0.523612,0.271879,0.137648,0.240538,0.0,2e-06,0.0,0.0,8e-06,0.139911,0.335507,0.268362,0.0,0.0,0.191928,0.0,0.083648,0.12142,0.0,0.180209,0.05973,0.065561,0.0,0.09369,0.078005,0.117578,0.111868,0.099534,0.0,0.0,0.219091,0.0,0.0,3.3e-05,0.104383,0.161222,0.068594,1.2e-05,0.153426,0.0,0.101973,0.166495,0.0,0.449079,0.0,0.0,0.0,0.0,0.000444,0.0,0.0,0.0,0.445641,0.0,0.0,0.148054,0.0,0.0,0.0,0.0,0.0,0.0,0.714265,0.124089,0.0,0.0,0.0,0.0,0.187928,0.108079,0.189691,0.0,0.0,0.0,0.0,0.107929,0.0,0.0,0.109258,0.150877,0.232766,0.076627,0.0,3e-05,0.0,2.20376,0.133518,0.0,0.0,0.140699,1.375182,0.0,0.025059,0.0,0.0,0.0,0.0,5.5e-05,0.03482,0.0,0.830784,0.0,0.0,0.0,0.0,0.0,0.196625,0.179569,0.0,0.134262,0.175745,0.0,0.0,0.073482,0.0,0.264952,0.000229,0.0,0.077203,0.206226,0.183975,0.17257,0.0,0.058056,0.0,0.0,0.0,0.0,0.191413,0.137236,0.0,0.164306,0.15091,0.325846,0.0,0.196173,0.013334,1.021487,0.060536,0.0,0.174524,0.133721,0.0,0.0,0.224245,0.0,0.0,0.000497,0.0,0.0,1.1e-05,0.222415,0.14562,0.0,0.217114,0.216898,0.09634,0.07268,0.064213,0.0,0.214469,0.0,0.0,0.0789,0.084877,0.183487,0.222144,0.0,0.0,3.6e-05,0.0,0.178226,0.187075,0.164578,0.16695,0.0,0.0,0.0,0.222867,0.0,0.0,0.02673,0.090815,0.0,0.068412,0.085483,0.136311,0.0,0.203327,0.0,0.0,0.007329,0.117263,0.0,0.237562,0.0,0.0,0.234585,0.0,0.0,0.0,0.0,0.166481,0.0,0.177199,0.198395,0.442406,0.0,0.0,0.189582,0.1097,0.0,0.091331,0.039409,0.285452,0.314228,0.0,0.0,0.249386,0.166025,0.0,0.0,0.0,0.491791,0.157623,0.0,0.0,0.0,0.0,0.0,0.175049,0.181153,0.126963,0.0,0.0,0.0,0.0,0.184721,0.212616,0.0,0.12104,0.0,0.0,0.0,0.0,0.0,0.0,0.146716,0.0,0.23633,0.0,0.532682,0.0,0.0,0.085923,0.0,0.208784,0.0,0.113232,5e-06,0.0,0.0,0.0,0.249141,0.18254,0.0,0.142349,0.182643,0.083376,5.2e-05,0.0,0.353325,0.0,0.102428,0.191762,0.0,0.0,0.0,0.07463,0.082517,0.0,0.0,0.225117,0.0,0.207484,0.120555,0.15132,0.00612,0.0,0.195471,0.0,0.0,0.841268,0.299086,0.035246,0.17434,0.107518,0.195378,0.298503,0.093969,0.288068,0.271405,0.187894,0.094062,0.0,4e-06,0.0,0.0,0.0,0.287098,0.210735,0.003137,0.0,0.0,0.0,0.201388,0.649924,0.0,0.252616,0.0,0.26317,0.0,0.188382,0.0,0.706711,0.0,0.0,0.0,0.0,0.0,6.6e-05,0.141665,0.0,0.0,0.191306,0.0,0.0,0.0,0.0,0.419916,0.023981,0.0,0.0,0.025269,0.0,0.122448,0.082329,0.618068,0.186383,0.0,0.93488,0.185758,0.0,0.0,0.0,0.334441,0.097159,0.0,0.0,0.168425,0.0,0.1923,0.146926,0.0,0.10516,0.158549,0.0,0.0,0.0,4e-06,0.0,0.0,0.210896,0.0,0.0,0.0,0.163503,0.0,0.208535,0.082565,0.199663,0.0,0.0,0.088152,0.081473,0.222442,0.119646,0.0,0.176907,0.0,0.0,0.20351,0.050397,0.110703,0.0
TCGA-NC-A5HQ,0.27552,0.0,0.0,0.0,0.0,0.16814,0.106348,0.245929,0.15224,0.219522,0.171118,0.0,3e-06,0.0,0.0,0.242382,0.0,0.228612,0.0,0.0,0.11546,0.0,0.0,0.0,0.0,0.0,0.0,0.0,0.0,0.180926,0.0,0.0,0.186879,0.870531,0.133181,0.128975,0.105474,4e-06,0.0,0.0,0.0,0.135945,0.0,0.200647,0.0,0.165242,0.097123,0.0,0.0,0.119604,0.0,0.230271,0.0,0.928013,0.0,0.227386,0.172322,0.0,1e-06,0.165996,0.0,1e-06,0.0,0.099422,0.189544,0.139553,0.165318,0.0,0.517844,0.0,0.0,0.0,0.257954,0.193818,0.0,0.0,0.0,0.0,0.0,0.0,0.0,0.816454,0.143653,0.0,0.0,0.111766,0.0,0.0,0.154,0.163219,0.164238,0.0,0.000487,0.0,0.520534,0.0,0.0,0.0,0.0,0.164647,1e-06,0.0,0.254277,0.228895,0.0,0.0,0.0,0.384737,0.176765,0.114133,0.128941,0.0,0.122072,0.0,0.155373,0.0,0.0,0.571505,0.256712,0.178752,0.284965,0.0,0.0,0.0,0.0,0.0,0.159939,0.355167,0.258699,0.0,1e-06,0.173225,0.0,0.129452,0.202936,0.0,0.242458,0.072823,0.075512,0.0,0.157941,0.082743,0.149507,0.163185,0.162611,0.0,0.0,0.257054,0.0,0.0,2.3e-05,0.136609,0.202871,0.088456,0.001171,0.138601,0.0,0.090404,0.14465,0.0,0.507556,0.0,1e-06,0.0,0.0,0.008453,0.0,0.0,0.0,0.513242,0.0,0.0,0.147603,0.0,0.0,0.0,0.0,0.0,0.0,0.7897,0.10206,0.0,0.0,0.0,0.0,0.163433,0.165032,0.161903,0.0,0.0,0.0,0.0,0.151756,0.0,0.0,0.152518,0.133861,0.254742,0.123266,0.0,0.000106,0.0,2.342935,0.118455,0.0,1e-06,0.161281,1.484216,0.0,0.046977,0.0,0.0,0.0,0.0,0.001815,0.044062,0.0,0.932838,0.0,0.0,0.0,0.0,0.0,0.190317,0.150375,0.0,0.196823,0.259136,0.0,0.0,0.113135,0.0,0.237197,0.00136,0.0,0.077295,0.191538,0.180068,0.159598,0.0,0.098074,0.0,0.0,0.0,0.0,0.245774,0.187971,0.0,0.150483,0.149583,0.381064,0.0,0.165754,0.020309,1.131484,0.095811,0.0,0.14834,0.183725,0.0,0.0,0.208145,0.0,0.0,0.000414,0.0,0.0,0.000974,0.211474,0.130065,0.0,0.218724,0.207152,0.133388,0.125278,0.078288,0.0,0.181743,0.0,0.0,0.130721,0.144456,0.177618,0.201571,0.0,0.0,4e-06,0.0,0.153933,0.171315,0.148325,0.155889,0.0,0.0,0.0,0.209696,0.0,0.0,0.014253,0.129549,0.0,0.118116,0.120861,0.138725,0.0,0.202644,0.0,0.0,0.012462,0.096119,0.0,0.265224,1.3e-05,0.0,0.26719,0.0,0.0,0.0,0.0,0.146872,0.0,0.16025,0.189914,0.491886,0.0,0.0,0.184571,0.106051,0.0,0.128987,0.078446,0.297509,0.359112,0.0,0.0,0.232017,0.156349,0.0,0.0,0.0,0.550996,0.142677,2.2e-05,0.0,0.0,0.0,0.0,0.150574,0.169699,0.174549,0.0,0.0,0.0,0.0,0.17157,0.191779,0.0,0.157673,0.0,0.0,0.0,0.0,0.0,0.0,0.210065,0.0,0.221642,0.0,0.576601,0.0,0.0,0.144419,0.0,0.187258,0.0,0.186111,1.2e-05,0.0,0.0,0.0,0.236096,0.159171,0.0,0.115578,0.169088,0.113576,0.001188,0.0,0.413104,0.0,0.154062,0.181366,9e-06,0.0,0.0,0.111925,0.121744,0.0,0.0,0.218568,0.0,0.194874,0.153213,0.210651,0.016861,0.0,0.180451,0.0,0.0,0.92227,0.293932,0.058398,0.175742,0.137362,0.166411,0.345905,0.134784,0.333728,0.273237,0.170051,0.1272,0.0,0.0,0.0,0.0,0.0,0.25824,0.205498,0.026206,0.0,0.0,0.0,0.202223,0.727948,0.0,0.312531,0.0,0.267915,0.0,0.184399,0.0,0.801696,0.0,0.0,0.0,0.0,0.0,1.5e-05,0.155743,0.0,0.0,0.185848,0.0,1e-06,0.0,0.0,0.459041,0.05874,0.0,0.0,0.063403,0.0,0.174014,0.123707,0.678069,0.183434,0.0,1.025788,0.17019,0.0,0.0,0.0,0.418325,0.142783,0.0,0.0,0.178522,0.0,0.230132,0.147207,0.0,0.123672,0.139652,0.0,0.0,0.0,2e-06,0.0,4e-06,0.200266,0.0,0.0,0.0,0.201424,0.0,0.189726,0.126405,0.176121,0.0,0.0,0.09777,0.115728,0.225742,0.17213,0.0,0.164655,0.0,0.0,0.185613,0.070197,0.159719,0.0
TCGA-NJ-A55O,0.141091,0.0,0.0,0.0,0.0,0.09377,0.191386,0.120215,0.246488,0.112554,0.093193,3e-06,1e-06,0.0,0.0,0.122628,0.0,0.244096,0.0,0.0,0.207755,0.0,0.0,0.0,0.0,0.0,0.0,0.0,0.0,0.091889,0.0,0.0,0.100151,1.103851,0.095742,0.239261,0.194682,3.3e-05,0.0,0.0,0.0,0.238513,0.0,0.116858,0.0,0.291032,0.095307,0.0,0.0,0.214192,0.0,0.226923,0.0,1.038864,0.0,0.402303,0.097357,0.0,1e-06,0.100038,0.0,0.0,0.0,0.052594,0.155247,0.249904,0.096297,0.0,0.696797,0.0,0.0,0.0,0.386081,0.08841,0.0,0.0,0.0,0.0,0.0,0.0,0.0,0.996956,0.083041,0.0,0.0,0.060894,0.0,0.0,0.078913,0.099694,0.099448,0.0,0.000727,0.0,0.690997,0.0,0.0,0.0,0.0,0.097916,0.0,0.0,0.125761,0.115113,0.0,0.0,0.0,0.45646,0.085212,0.200779,0.085586,0.0,0.226698,0.0,0.280319,0.0,0.0,0.748294,0.128924,0.28653,0.442753,0.0,6.1e-05,0.0,0.0,1e-06,0.248307,0.471718,0.117845,0.0,1.6e-05,0.078058,0.0,0.233767,0.348895,0.0,0.366063,0.084079,0.050979,0.0,0.271008,0.056998,0.217829,0.278213,0.295484,0.0,0.0,0.396776,0.0,0.0,4.8e-05,0.244069,0.357803,0.157855,0.000255,0.074294,0.0,0.052276,0.072463,0.0,0.698315,0.0,0.000159,0.0,0.0,0.014111,0.0,0.0,0.0,0.71065,0.0,1e-06,0.100798,0.0,0.0,0.0,0.0,1e-06,0.0,0.99535,0.062303,0.0,0.0,0.0,0.0,0.087069,0.309073,0.092814,0.0,0.0,0.0,0.0,0.255922,0.000112,0.0,0.266654,0.075267,0.259885,0.216066,0.0,3.4e-05,0.0,2.64414,0.076703,0.0,0.0,0.248852,1.678784,0.0,0.105949,0.0,0.0,0.0,0.0,0.000429,0.082383,0.0,1.136162,0.0,0.0,0.0,0.0,2e-06,0.094015,0.085135,0.0,0.328012,0.441712,0.0,0.0,0.217247,0.0,0.113602,8.4e-05,0.0,0.050305,0.094649,0.085357,0.083031,0.0,0.184788,0.0,0.0,0.0,0.0,0.346932,0.30021,0.0,0.073962,0.077423,0.559943,0.0,0.102928,0.003314,1.354902,0.189279,0.0,0.091055,0.323827,0.0,0.0,0.137401,0.0,0.0,0.000245,0.0,0.0,0.000133,0.111702,0.081889,0.0,0.104279,0.094302,0.241686,0.229587,0.088994,0.0,0.090882,0.0,0.0,0.220496,0.243634,0.107355,0.102065,0.0,0.0,6e-06,0.0,0.077051,0.1036,0.086992,0.089802,0.0,0.0,0.0,0.093707,0.0,0.0,0.010065,0.241676,0.0,0.203151,0.222051,0.146115,0.0,0.280847,0.0,0.0,0.018478,0.073816,0.0,0.3396,0.0,0.0,0.38755,1e-06,7e-06,0.0,0.0,0.091052,0.0,0.075161,0.099162,0.673437,0.0,0.0,0.092768,0.070618,0.0,0.208422,0.151985,0.303558,0.497476,0.0,0.0,0.126461,0.077877,0.0,0.0,0.0,0.731173,0.08775,0.0,0.0,0.0,8e-06,0.0,0.08482,0.087604,0.308394,0.0,0.0,0.0,0.0,0.093214,0.107575,0.0,0.275378,0.0,1e-06,0.0,0.0,0.0,0.0,0.359547,0.0,0.115003,0.0,0.702468,0.0,0.0,0.264126,0.0,0.102253,0.0,0.347726,5e-06,0.0,0.0,0.0,0.126753,0.079238,0.0,0.073106,0.089075,0.195223,0.00047,0.0,0.559519,0.0,0.267012,0.08672,0.0,0.0,0.0,0.200407,0.210225,0.0,0.0,0.152465,0.0,0.103009,0.26818,0.389289,0.036983,0.0,0.089508,0.0,0.0,1.117148,0.290462,0.090243,0.089514,0.239191,0.083007,0.502931,0.256939,0.450436,0.2894,0.09293,0.237773,0.0,6e-06,0.0,0.0,0.0,0.124909,0.132445,0.072256,0.0,0.0,0.0,0.11124,0.932612,0.0,0.501181,0.0,0.2576,0.0,0.09462,0.0,1.006602,0.0,0.0,0.0,0.0,0.0,2.6e-05,0.237132,0.0,0.0,0.113374,0.0,0.0,0.0,0.0,0.544728,0.101828,0.0,0.0,0.130039,0.0,0.29555,0.21079,0.823154,0.089818,0.0,1.267671,0.096043,0.0,0.0,0.0,0.666402,0.247492,0.0,0.0,0.201016,0.0,0.319354,0.08453,0.0,0.234766,0.080829,0.0,0.0,0.0,3.2e-05,0.0,0.0,0.094305,0.0,0.0,0.0,0.349353,0.0,0.082575,0.224965,0.090421,0.0,0.0,0.043501,0.210839,0.179249,0.284992,0.0,0.095921,0.0,0.0,0.089268,0.141431,0.277873,0.0
TCGA-NJ-A55R,0.304562,0.0,0.0,0.0,0.0,0.191242,0.073018,0.27114,0.108607,0.246441,0.193512,0.0,1e-06,0.0,0.0,0.242315,0.0,0.231358,0.0,0.0,0.088047,0.0,0.0,0.0,0.0,0.0,0.0,0.0,0.0,0.194327,0.0,0.0,0.214819,0.870549,0.124012,0.100249,0.074646,0.0,0.0,0.0,0.0,0.110686,0.0,0.229321,0.0,0.144057,0.102679,0.0,0.0,0.078814,0.0,0.249823,0.0,0.916846,0.0,0.182493,0.195284,0.0,0.0,0.179541,0.0,1e-06,0.0,0.123994,0.204131,0.110303,0.198955,0.0,0.525896,0.0,0.0,0.0,0.233195,0.20487,0.0,0.0,0.0,0.0,0.0,0.0,0.0,0.793759,0.170315,0.0,0.0,0.13148,0.0,0.0,0.16519,0.177444,0.190564,0.0,3.1e-05,0.0,0.5121,0.0,0.0,0.0,0.0,0.204952,0.0,0.0,0.260847,0.246171,0.0,0.0,0.0,0.397687,0.197828,0.103672,0.147251,0.0,0.094432,0.0,0.130191,0.0,0.0,0.576588,0.262365,0.157314,0.273032,0.0,7e-06,0.0,0.0,0.0,0.135851,0.383635,0.259594,0.0,0.0,0.19752,0.0,0.086229,0.154548,0.0,0.211167,0.056455,0.089301,0.0,0.124684,0.102993,0.124512,0.128234,0.123727,0.0,0.0,0.248508,0.0,0.0,2.6e-05,0.111883,0.173941,0.067933,4e-05,0.15552,0.0,0.10831,0.169432,0.0,0.493758,0.0,4e-06,0.0,0.0,0.001073,0.0,0.0,0.0,0.519033,0.0,0.0,0.162089,0.0,0.0,0.0,0.0,0.0,0.0,0.780988,0.131298,0.0,0.0,0.0,0.0,0.179274,0.147809,0.188559,0.0,0.0,0.0,0.0,0.119929,0.0,0.0,0.113087,0.15806,0.270915,0.093178,0.0,1e-04,0.0,2.365977,0.154428,0.0,0.0,0.140158,1.473946,0.0,0.024607,0.0,0.0,0.0,0.0,6.9e-05,0.062027,0.0,0.918133,0.0,0.0,0.0,0.0,0.0,0.200865,0.17808,0.0,0.161402,0.217315,0.0,0.0,0.115486,0.0,0.249487,0.00135,0.0,0.093665,0.212479,0.209008,0.18338,0.0,0.05899,0.0,0.0,0.0,0.0,0.224593,0.184978,0.0,0.17407,0.15937,0.375443,0.0,0.194532,0.021598,1.124888,0.085823,0.0,0.18522,0.158884,0.0,0.0,0.236185,0.0,0.0,0.000203,0.0,0.0,2.6e-05,0.22056,0.154165,0.0,0.226886,0.222684,0.108607,0.099288,0.076976,0.0,0.203027,0.0,0.0,0.095417,0.105989,0.187893,0.20984,0.0,0.0,2e-06,0.0,0.175127,0.198104,0.175153,0.157846,0.0,0.0,0.0,0.222183,0.0,0.0,0.042642,0.111081,0.0,0.087088,0.102014,0.153241,0.0,0.216429,0.0,0.0,0.001464,0.124517,0.0,0.285562,1e-06,0.0,0.247243,0.0,0.0,0.0,0.0,0.173619,0.0,0.17573,0.208036,0.514546,0.0,0.0,0.198241,0.133294,0.0,0.100772,0.042578,0.320773,0.347668,0.0,0.0,0.26038,0.170306,0.0,0.0,0.0,0.567907,0.168619,1e-06,0.0,0.0,1e-06,0.0,0.187799,0.196342,0.143883,0.0,0.0,0.0,0.0,0.207615,0.206719,0.0,0.131161,0.0,0.0,0.0,0.0,0.0,0.0,0.166958,0.0,0.246591,0.0,0.5929,0.0,0.0,0.114165,0.0,0.219192,0.0,0.161468,2e-06,0.0,0.0,0.0,0.256493,0.183271,0.0,0.154094,0.177007,0.093025,0.000125,0.0,0.386649,0.0,0.11987,0.206849,0.0,0.0,0.0,0.078162,0.091725,0.0,0.0,0.246243,0.0,0.206251,0.130287,0.183159,0.014481,0.0,0.197955,0.0,0.0,0.921661,0.306959,0.03367,0.18702,0.110145,0.190709,0.325968,0.10153,0.306533,0.298792,0.202797,0.109309,0.0,0.0,0.0,0.0,0.0,0.267102,0.21786,0.008849,3e-06,0.0,0.0,0.215903,0.712381,0.0,0.301882,0.0,0.293033,0.0,0.207451,0.0,0.807169,0.0,0.0,0.0,0.0,0.0,0.000416,0.146333,0.0,0.0,0.197235,0.0,0.0,0.0,0.0,0.478886,0.028442,0.0,0.0,0.04745,0.0,0.146673,0.089052,0.663104,0.186041,0.0,1.030456,0.196611,0.0,0.0,0.0,0.412793,0.106357,0.0,0.0,0.209833,0.0,0.200721,0.166535,0.0,0.10296,0.174898,0.0,0.0,0.0,6e-06,0.0,0.0,0.21104,0.0,0.0,0.0,0.17806,0.0,0.187168,0.099599,0.205945,0.0,0.0,0.094236,0.090749,0.251078,0.130953,0.0,0.18534,0.0,0.0,0.194987,0.056487,0.133728,0.0
TCGA-S2-AA1A,0.150123,0.0,0.0,0.0,0.0,0.119744,0.159615,0.148034,0.200383,0.125787,0.103702,0.0,1e-06,0.0,0.0,0.129584,0.0,0.234468,0.0,0.0,0.188055,0.0,0.0,0.0,0.0,0.0,0.0,0.0,0.0,0.101469,9e-06,0.0,0.116597,1.047814,0.085211,0.189115,0.152259,0.0,0.0,0.0,0.0,0.200913,0.0,0.126715,0.0,0.256049,0.079681,0.0,0.0,0.193083,0.0,0.24106,0.0,0.99401,0.0,0.348188,0.118841,0.0,1e-06,0.102785,1e-06,1.6e-05,0.0,0.072905,0.192326,0.201696,0.115098,0.0,0.667715,0.0,0.0,0.0,0.346223,0.119204,0.0,0.0,0.0,0.0,0.0,0.0,0.0,0.944989,0.092646,0.0,0.0,0.092758,3e-06,0.0,0.108329,0.1258,0.127718,0.0,0.000252,0.0,0.636529,0.0,0.0,0.0,3e-06,0.13425,0.0,0.0,0.118024,0.124563,0.0,0.0,0.0,0.44908,0.119543,0.165449,0.104154,0.0,0.18497,0.0,0.230941,0.0,0.0,0.729658,0.142234,0.258629,0.411672,0.0,3e-06,0.0,0.0,0.0,0.209001,0.429973,0.128941,0.0,0.0,0.120735,0.0,0.194845,0.295884,0.0,0.323792,0.056436,0.077597,1e-06,0.219746,0.084544,0.182425,0.248239,0.243013,0.0,0.0,0.355704,0.0,0.0,3.9e-05,0.21825,0.325431,0.13165,0.00019,0.094329,0.0,0.070122,0.092141,0.0,0.648098,0.0,4.8e-05,0.0,0.0,0.00397,0.0,0.0,0.0,0.675215,0.0,1.7e-05,0.1089,0.0,0.0,0.0,0.0,0.0,0.0,0.92895,0.086662,0.0,0.0,0.0,0.0,0.096526,0.272272,0.121045,0.0,0.0,0.0,0.0,0.23092,0.0,0.0,0.232798,0.108091,0.260416,0.16945,0.0,4e-06,0.0,2.561172,0.117328,0.0,0.0,0.206176,1.612915,0.0,0.080988,0.0,0.0,0.0,0.0,0.000381,0.078495,0.0,1.094164,0.0,1e-06,0.0,0.0,1.5e-05,0.116518,0.116792,0.0,0.301245,0.402093,0.0,0.0,0.19489,0.0,0.13429,3.3e-05,0.0,0.076179,0.11916,0.123643,0.112049,0.0,0.136008,0.0,0.0,0.0,0.0,0.294918,0.269709,0.0,0.108373,0.101414,0.50536,0.0,0.13031,0.014513,1.293899,0.159386,0.0,0.109394,0.284867,0.0,0.0,0.168402,0.0,0.0,5.8e-05,0.0,0.0,0.000196,0.124782,0.089541,0.0,0.136037,0.119142,0.199699,0.1933,0.079759,0.0,0.095115,0.0,0.0,0.192912,0.208118,0.133044,0.12847,0.0,0.0,1e-06,0.0,0.106511,0.123634,0.106752,0.098722,0.0,0.0,8e-06,0.125421,0.0,0.0,0.041169,0.201847,0.0,0.181719,0.176993,0.148802,0.0,0.24445,0.0,0.0,0.010786,0.092725,0.0,0.317119,0.000229,0.0,0.346322,0.0,3e-06,0.0,0.0,0.11402,0.0,0.101748,0.127548,0.630787,0.0,0.0,0.116774,0.09842,0.0,0.166307,0.108012,0.306997,0.440433,0.0,0.0,0.133001,0.108476,0.0,0.0,0.0,0.69198,0.114791,4e-06,0.0,0.0,0.0,0.0,0.111363,0.107008,0.27019,0.0,0.0,0.0,0.0,0.111261,0.117341,0.0,0.241445,0.0,0.0,0.0,0.0,0.0,0.0,0.31055,0.0,0.126954,0.0,0.673656,0.0,0.0,0.218459,0.0,0.125552,0.0,0.292777,0.000565,0.0,0.0,0.0,0.135825,0.104114,0.0,0.090327,0.113585,0.162889,0.000252,0.0,0.509951,0.0,0.211481,0.107507,6e-06,0.0,0.0,0.174402,0.177463,0.0,0.0,0.199343,0.0,0.116038,0.23703,0.338396,0.038394,0.0,0.129494,0.0,0.0,1.063746,0.289796,0.0592,0.126541,0.207641,0.113299,0.459123,0.215941,0.415509,0.323987,0.134584,0.194933,0.0,5e-06,0.0,0.0,0.0,0.137865,0.159825,0.027067,0.0,0.0,0.0,0.145821,0.89912,0.0,0.438073,0.0,0.263663,0.0,0.1098,0.0,0.953347,0.0,0.0,0.0,0.0,0.0,0.000155,0.206607,0.0,0.0,0.134501,0.0,0.0,0.0,0.0,0.520425,0.083563,0.0,0.0,0.100121,0.0,0.250595,0.184461,0.766902,0.104533,0.0,1.201776,0.10224,0.0,0.0,0.0,0.612821,0.204007,0.0,0.0,0.211898,0.0,0.276033,0.102484,0.0,0.200468,0.092305,0.0,0.0,0.0,5e-06,2e-06,0.0,0.103704,0.0,0.0,0.0,0.317963,0.0,0.088952,0.182506,0.128148,0.0,0.0,0.056322,0.177427,0.214382,0.242661,0.0,0.10659,0.0,0.0,0.097908,0.118426,0.236634,0.0
