slide_id,0,1,2,3,4,5,6,7,8,9,10,11,12,13,14,15,16,17,18,19,20,21,22,23,24,25,26,27,28,29,30,31,32,33,34,35,36,37,38,39,40,41,42,43,44,45,46,47,48,49,50,51,52,53,54,55,56,57,58,59,60,61,62,63,64,65,66,67,68,69,70,71,72,73,74,75,76,77,78,79,80,81,82,83,84,85,86,87,88,89,90,91,92,93,94,95,96,97,98,99,100,101,102,103,104,105,106,107,108,109,110,111,112,113,114,115,116,117,118,119,120,121,122,123,124,125,126,127,128,129,130,131,132,133,134,135,136,137,138,139,140,141,142,143,144,145,146,147,148,149,150,151,152,153,154,155,156,157,158,159,160,161,162,163,164,165,166,167,168,169,170,171,172,173,174,175,176,177,178,179,180,181,182,183,184,185,186,187,188,189,190,191,192,193,194,195,196,197,198,199,200,201,202,203,204,205,206,207,208,209,210,211,212,213,214,215,216,217,218,219,220,221,222,223,224,225,226,227,228,229,230,231,232,233,234,235,236,237,238,239,240,241,242,243,244,245,246,247,248,249,250,251,252,253,254,255,256,257,258,259,260,261,262,263,264,265,266,267,268,269,270,271,272,273,274,275,276,277,278,279,280,281,282,283,284,285,286,287,288,289,290,291,292,293,294,295,296,297,298,299,300,301,302,303,304,305,306,307,308,309,310,311,312,313,314,315,316,317,318,319,320,321,322,323,324,325,326,327,328,329,330,331,332,333,334,335,336,337,338,339,340,341,342,343,344,345,346,347,348,349,350,351,352,353,354,355,356,357,358,359,360,361,362,363,364,365,366,367,368,369,370,371,372,373,374,375,376,377,378,379,380,381,382,383,384,385,386,387,388,389,390,391,392,393,394,395,396,397,398,399,400,401,402,403,404,405,406,407,408,409,410,411,412,413,414,415,416,417,418,419,420,421,422,423,424,425,426,427,428,429,430,431,432,433,434,435,436,437,438,439,440,441,442,443,444,445,446,447,448,449,450,451,452,453,454,455,456,457,458,459,460,461,462,463,464,465,466,467,468,469,470,471,472,473,474,475,476,477,478,479,480,481,482,483,484,485,486,487,488,489,490,491,492,493,494,495,496,497,498,499,500,501,502,503,504,505,506,507,508,509,510,511
TCGA-73-4676-01Z-00-DX1.4d781bbc-a45e-4f9d-b6b6-2265282dff99,0.211191,0.0,0.0,0.0,0.0,0.074626,0.49978,0.183044,0.391106,0.061411,0.066164,0.247372,0.0,0.0,0.0,0.158652,0.0,0.066456,0.0,0.125658,0.305285,0.067107,0.0,0.0,0.0,0.0,0.065441,0.0,0.074519,0.162331,0.0,0.0,0.060955,0.937941,0.0,0.394103,0.390783,0.0,0.0,0.363804,0.0,0.4134,0.0,0.068454,0.0,0.066808,0.0,0.0,0.0,0.420124,0.0,0.059635,0.0,0.458312,0.0,0.173332,0.065582,0.442609,0.030908,0.04107,0.0,0.448357,0.396234,0.120007,0.027773,0.245245,0.056192,0.0,0.065575,0.0,0.0,0.0,0.133535,0.026377,0.0,0.370762,0.0,0.042101,0.122251,0.0,0.0,0.499794,0.05588,0.0,0.0,0.015862,0.380594,0.0,0.088124,0.044888,0.027659,0.0,0.401972,0.0,0.313303,0.110521,0.0,0.0,0.0,0.075197,0.0,0.0,0.244479,0.140157,0.119141,0.0,0.465941,0.076641,0.054817,0.0,0.148943,0.0,0.316861,0.0,0.0,0.0,0.0,0.050613,0.078507,0.035781,0.117366,0.0,0.037601,0.0,0.281182,0.349653,0.387377,0.053368,0.203805,0.0,0.050048,0.0,0.426363,0.449589,0.051578,0.076259,0.0,0.087972,0.06748,0.0,0.235005,0.084462,0.409908,0.14439,0.0,0.122503,0.0,0.047618,0.070967,0.0,0.046286,0.388308,0.043041,0.322629,0.0,0.035467,0.14077,0.107919,0.102128,0.0,0.258817,0.0,0.37878,0.159949,0.0,0.41205,0.0,0.0,0.0,0.102424,0.0,0.420954,0.0,0.0,0.0,0.0,0.0,0.0,0.054199,0.680214,0.07249,0.316989,0.0,0.07484,0.0,0.062877,0.0,0.071617,0.0,0.0,0.0,0.0,0.439416,0.401832,0.374383,0.399205,0.027322,0.054345,0.155346,0.0,0.072559,0.0,0.991102,0.013673,0.0,0.0,0.29947,0.845574,0.0,0.0,0.0,0.0,0.362527,0.0,0.0,0.006877,0.0,0.685557,0.0,0.0,0.0,0.103242,0.0,0.156715,0.129596,0.0,0.0,0.111978,0.0,0.0,0.0,0.041094,0.363711,0.12203,0.0,0.012187,0.088703,0.118753,0.143062,0.0,0.478724,0.0,0.401978,0.0,0.230445,0.179948,0.064625,0.0,0.03267,0.036636,0.186769,0.0,0.052574,0.0,1.144455,0.0,0.0,0.037604,0.0,0.041954,0.0,0.092149,0.0,0.455031,0.0,0.182282,0.081469,0.0,0.124281,0.047971,0.344025,0.075514,0.0,2e-06,0.185853,0.031179,0.0,0.045804,0.0,0.0,0.481628,0.380521,0.044545,0.0363,0.0,0.0,0.0,0.0,0.046649,0.047548,0.050269,0.039952,0.0,0.0,0.0,0.166893,0.0,0.0,0.046025,0.40862,0.0,0.393076,0.0,0.04763,0.436129,0.077195,0.0,0.0,0.0,0.029101,0.0,0.044459,0.344818,0.0,0.282093,0.470041,0.0,0.0,0.0,0.043279,0.333323,0.037897,0.044566,0.079583,0.0,0.0,0.204624,0.017601,0.0,0.374966,0.441441,0.0,0.152059,0.377776,0.290721,0.11519,0.021227,0.0,0.0,0.0,0.084512,0.037803,0.0,0.0,0.0,0.0,0.0,0.049689,0.032202,0.244599,0.0,0.168115,0.0,0.0,0.0568,0.092417,0.0,0.151373,0.0,0.345833,0.0,0.059041,0.0,0.0,0.124422,0.249442,0.07408,0.0,0.068482,0.0,0.0,0.0,0.0,0.068222,0.118081,0.037244,0.24301,0.0,0.009839,0.0,0.072204,0.0,0.476153,0.050275,0.0723,0.197711,0.0,0.0,0.0,0.0,0.0,0.070537,0.0,0.0,0.0,0.389625,0.0,0.377096,0.0,0.094127,0.0,0.077076,0.080216,0.03414,0.0,0.396529,0.059222,0.0,0.205595,0.737194,0.0,0.0,0.048137,0.344818,0.051802,0.174371,0.43581,0.04001,0.104158,0.047564,0.331895,0.0,0.0,0.0,0.470414,0.0,0.20615,0.061928,0.415126,0.0,0.0,0.264811,0.420935,0.279281,0.0,0.196188,0.237283,0.05476,0.0,0.03666,0.441576,0.356138,0.0,0.0,0.0,0.0,0.0,0.0,0.313633,0.0,0.251738,0.174081,0.0,0.0,0.0,0.0,0.095314,0.335439,0.0,0.0,0.065297,0.0,0.0,0.423668,0.364469,0.036095,0.25464,0.627557,0.050058,0.0,0.0,0.0,0.359705,0.0,0.410009,0.0,0.032526,0.0,0.337524,0.040548,0.076209,0.419415,0.050529,0.087191,0.473485,0.0,0.002663,0.490985,0.0,0.114378,0.0,0.0,0.0,0.0,0.0,0.441942,0.0,0.058433,0.0,0.0,0.338563,0.347337,0.057744,0.128569,0.0,0.040036,9e-06,0.0,0.061494,0.343349,0.353856,0.0
TCGA-05-4402-01Z-00-DX1.c653ddc2-88c1-45ac-88e7-4e512b8e8d53,0.220556,0.0,0.0,0.0,0.0,0.204081,0.296327,0.196134,0.262386,0.107791,0.146768,0.206813,0.0,0.0,0.0,0.197948,0.0,0.147478,0.0,0.107579,0.206078,0.189698,0.0,0.0,0.0,0.0,0.178096,0.0,0.201754,0.219369,0.0,0.0,0.15322,1.086127,0.0,0.216388,0.255084,2.2e-05,0.0,0.218965,0.0,0.257545,0.0,0.151685,0.0,0.258934,0.0,0.0,0.0,0.2536,0.0,0.072436,0.0,0.578899,0.0,0.371477,0.112569,0.335573,0.079793,0.071713,0.0,0.2841,0.252814,0.170075,0.126161,0.214377,0.123944,0.0,0.240399,0.0,0.0,0.0,0.1778,0.045007,0.0,0.161421,0.0,0.104137,0.166633,0.0,0.0,0.62546,0.149679,0.0,0.0,0.056801,0.255363,0.0,0.237697,0.10527,0.036037,0.0,0.260855,0.0,0.448767,0.096935,0.0,0.0,0.0,0.167086,0.0,0.0,0.150473,0.192228,0.042217,0.0,0.239966,0.269693,0.178961,0.0,0.142498,0.0,0.232913,0.0,0.0,0.0,0.0,0.234236,0.133973,0.168807,0.205248,0.0,0.126364,0.0,0.17018,0.185825,0.242965,0.152038,0.208069,0.0,0.088466,0.0,0.292396,0.254297,0.12704,0.174283,0.0,0.041599,0.18688,0.0,0.237637,0.163377,0.274184,0.193445,0.0,0.143256,0.0,0.193648,0.1541,0.0,0.098357,0.246501,0.185784,0.274698,0.0,0.068578,0.274488,0.060264,0.192088,0.0,0.371775,0.0,0.260242,0.20794,0.0,0.241101,0.0,0.0,0.0,0.250601,0.0,0.300687,0.0,0.0,0.0,0.0,0.0,0.0,0.13622,0.808567,0.195118,0.205981,0.0,0.173461,0.0,0.12902,0.0,0.158797,0.0,0.0,0.0,0.0,0.30335,0.161531,0.262166,0.268056,0.096877,0.116054,0.171302,0.0,0.143844,0.0,1.215503,0.041891,0.0,0.0,0.218004,1.0632,0.0,0.0,0.0,0.0,0.211977,0.0,0.0,0.004261,0.0,0.824718,0.0,0.0,0.0,0.159533,1e-06,0.141634,0.170731,0.0,0.0,0.353814,0.0,0.0,0.0,0.10552,0.236477,0.118032,0.0,0.043013,0.197369,0.156351,0.207235,0.0,0.23377,0.0,0.224001,0.0,0.166738,0.159375,0.221349,0.0,0.087243,0.070942,0.279718,0.0,0.133047,0.0,1.32432,0.0,0.0,0.031189,0.0,0.029972,0.0,0.213793,0.0,0.263991,0.0,0.142656,0.184557,0.0,0.229471,0.111333,0.164848,0.144115,0.0,0.0,0.218046,0.047805,0.0,0.110977,0.0,0.0,0.288006,0.301537,0.101981,0.076103,0.0,0.0,0.0,0.0,0.094407,0.11072,0.107882,0.066453,0.0,0.0,0.0,0.16517,0.0,0.0,0.135623,0.25977,0.0,0.23509,0.0,0.106078,0.211563,0.153458,0.0,0.0,0.0,0.08703,0.0,0.089511,0.255876,0.0,0.285577,0.314266,0.0,0.0,0.0,0.083625,0.251146,0.065024,0.079201,0.257653,0.0,0.0,0.193586,0.064712,0.0,0.254954,0.239029,0.0,0.204694,0.18891,0.176333,0.203551,0.037289,0.0,0.0,0.0,0.314458,0.067352,0.0,0.0,0.0,0.0,0.0,0.128907,0.053257,0.261207,0.0,0.12562,0.0,0.0,0.138718,0.174499,0.0,0.248474,0.0,0.225088,0.0,0.238789,0.0,0.0,0.217862,0.21091,0.107099,0.0,0.209903,0.0,0.0,0.0,0.0,0.141571,0.234744,0.082314,0.275334,0.0,0.058832,0.0,0.137749,0.0,0.264897,0.149332,0.146893,0.094524,0.0,0.0,0.0,0.0,0.0,0.165343,0.0,0.0,0.0,0.243865,0.0,0.236649,0.0,0.223251,0.0,0.147238,0.22033,0.155447,0.0,0.280195,0.136978,0.0,0.260625,0.941705,0.0,0.0,0.137636,0.261088,0.119942,0.219892,0.248499,0.171117,0.320801,0.121403,0.206412,0.0,0.0,0.0,0.267254,0.0,0.204023,0.15108,0.230964,0.0,0.0,0.157901,0.216398,0.431926,0.0,0.300636,0.226595,0.110427,0.0,0.06988,0.310712,0.487071,0.0,0.0,0.0,0.0,0.0,0.0,0.201927,0.0,0.122964,0.095104,0.0,0.0,0.0,0.0,0.256311,0.175335,0.0,0.0,0.157551,0.0,0.0,0.273178,0.47973,0.067038,0.111166,0.823996,0.091432,0.0,0.0,0.0,0.528278,0.0,0.216371,0.0,0.10029,0.0,0.283606,0.102116,0.188813,0.32358,0.138161,0.238536,0.27879,0.0,3e-05,0.331041,0.0,0.122755,0.0,0.0,0.0,0.0,0.0,0.25898,0.0,0.166313,0.0,0.0,0.206875,0.264258,0.175539,0.219191,0.0,0.031137,0.0,0.0,0.152624,0.211587,0.281897,0.0
TCGA-78-8662-01Z-00-DX1.754A4C57-B5FA-4077-99E4-F6EFA6459410,0.200603,0.0,0.0,0.0,0.0,0.114773,0.445075,0.160165,0.376772,0.085406,0.100022,0.120482,0.0,0.0,0.0,0.151689,0.0,0.083712,0.0,0.108935,0.256247,0.116128,0.0,0.0,0.0,0.0,0.113988,0.0,0.108662,0.15709,0.0,0.0,0.098117,0.970128,0.0,0.347687,0.362922,0.0,0.0,0.287283,0.0,0.375732,0.0,0.109248,0.0,0.115229,0.0,0.0,0.0,0.369013,0.0,0.075569,0.0,0.507776,0.0,0.244519,0.095536,0.437478,0.053786,0.072206,0.0,0.4403,0.354653,0.102415,0.050472,0.279364,0.103878,0.0,0.121344,0.0,0.0,2e-06,0.173288,0.038962,0.0,0.300013,0.0,0.072548,0.095058,0.0,0.0,0.529001,0.093621,0.0,0.0,0.03651,0.386432,0.0,0.133341,0.078217,0.062595,0.0,0.306637,0.0,0.370637,0.088501,0.0,0.0,0.0,0.102203,0.0,0.0,0.155611,0.150159,0.123989,0.0,0.398644,0.128717,0.094928,0.0,0.111158,0.0,0.315726,0.0,0.0,0.0,0.0,0.101818,0.09551,0.085281,0.197871,0.0,0.08015,0.0,0.260709,0.326297,0.359085,0.093433,0.189316,0.0,0.090588,0.0,0.416749,0.381935,0.058548,0.117387,0.0,0.091523,0.079467,0.0,0.256462,0.117777,0.365402,0.182962,0.0,0.121877,0.0,0.063695,0.104886,0.0,0.083949,0.343932,0.082171,0.360348,0.0,0.056256,0.143958,0.063062,0.129738,0.0,0.32671,0.0,0.312871,0.140292,0.0,0.366028,0.0,0.0,0.0,0.142893,0.0,0.41491,0.0,0.0,0.0,0.0,0.0,0.0,0.079224,0.702161,0.107718,0.219515,1.1e-05,0.096185,0.0,0.092229,0.0,0.101414,0.0,0.0,0.0,0.0,0.434303,0.309291,0.334476,0.376801,0.050033,0.078813,0.152034,0.0,0.101677,0.0,1.021557,0.036583,0.0,0.0,0.322744,0.898184,0.0,0.0,0.0,0.0,0.269756,0.0,0.0,0.024125,0.0,0.731097,0.0,0.0,0.0,0.112414,0.0,0.128057,0.124549,0.0,0.0,0.138191,0.0,0.0,0.0,0.073575,0.316507,0.110022,0.0,0.027057,0.124268,0.113934,0.150068,0.0,0.40644,0.0,0.328235,0.0,0.168689,0.216781,0.112474,0.0,0.053497,0.06387,0.243165,0.0,0.088569,0.0,1.165245,0.0,0.0,0.078219,0.0,0.076952,0.0,0.112691,0.0,0.38758,0.0,0.174022,0.118067,0.0,0.132856,0.079713,0.316919,0.105285,0.0,0.0,0.244081,0.059,0.0,0.075361,0.0,0.0,0.434983,0.398573,0.076084,0.062136,0.0,0.0,0.0,0.0,0.063212,0.092579,0.075668,0.084754,0.0,0.0,0.0,0.139806,0.0,0.0,0.095679,0.374886,0.0,0.352777,0.0,0.083414,0.363252,0.098084,0.0,0.0,0.0,0.058609,0.0,0.067526,0.35327,0.0,0.32218,0.388046,0.0,0.0,0.0,0.074129,0.344517,0.068284,0.071743,0.118445,0.0,0.0,0.165418,0.032047,0.0,0.358454,0.380156,0.0,0.204497,0.328901,0.224453,0.13354,0.034338,0.0,0.0,0.0,0.154224,0.074856,0.0,0.0,0.0,0.0,0.0,0.088915,0.05275,0.259846,0.0,0.223207,0.0,0.0,0.098448,0.111512,0.0,0.210152,0.0,0.329848,0.0,0.09836,0.0,0.0,0.166776,0.248957,0.08339,0.0,0.119853,0.0,0.0,0.0,0.0,0.100722,0.13598,0.050902,0.267457,0.0,0.024963,0.0,0.099064,0.0,0.430626,0.096122,0.102048,0.111853,0.0,0.0,0.0,0.0,0.0,0.106642,0.0,0.0,0.0,0.352653,0.0,0.35467,0.0,0.120895,0.0,0.101997,0.151758,0.066936,0.0,0.380789,0.085276,0.0,0.148425,0.791943,0.0,0.0,0.080243,0.367361,0.095783,0.231249,0.37534,0.089623,0.138884,0.088735,0.294068,0.0,0.0,0.0,0.392336,0.0,0.195834,0.104331,0.371193,0.0,0.0,0.229845,0.349612,0.336299,0.0,0.248489,0.21048,0.094297,0.0,0.061883,0.41955,0.394624,0.0,0.0,0.0,0.0,0.0,0.0,0.299231,0.0,0.166905,0.100016,0.0,0.0,0.0,0.0,0.145548,0.297146,0.0,0.0,0.069511,0.0,0.0,0.41234,0.403839,0.05763,0.300955,0.677508,0.078765,0.0,0.0,0.0,0.411711,0.0,0.359408,0.0,0.071376,0.0,0.317458,0.070172,0.108344,0.433892,0.092035,0.123083,0.367233,0.0,0.011587,0.420411,0.0,0.111892,0.0,0.0,0.0,0.0,0.0,0.342252,0.0,0.107516,0.0,0.0,0.248279,0.359968,0.099126,0.183907,0.0,0.082936,1e-06,0.0,0.092643,0.309399,0.374639,0.0
TCGA-64-1680-01Z-00-DX1.9CB14F20-E7B0-49A1-A327-404B3160FD65,0.140613,0.0,0.0,0.0,0.0,0.096464,0.409708,0.102871,0.358475,0.044837,0.069827,0.140735,4e-06,0.0,0.0,0.10389,0.0,0.205219,0.0,0.040805,0.28552,0.365112,0.0,0.0,0.0,0.0,0.07083,0.0,0.263999,0.135703,0.0,0.0,0.07214,1.338343,0.0,0.31716,0.350684,0.0,0.0,0.169805,0.0,0.391086,0.0,0.080347,0.0,0.335691,0.0,0.0,0.0,0.350156,0.0,0.166166,0.0,0.790048,0.0,0.534278,0.064658,0.51347,0.023206,0.033803,0.0,0.400134,0.356128,0.097532,0.024327,0.390901,0.064686,0.0,0.385277,0.0,0.0,0.0,0.32657,0.010776,0.0,0.206205,0.0,0.031192,0.071159,0.0,0.0,0.829076,0.067351,0.0,0.0,0.005397,0.401895,0.0,0.137785,0.072966,0.021088,0.0,0.238116,0.0,0.633707,0.02967,0.0,0.0,0.0,0.076541,0.0,0.0,0.06856,0.108854,0.079496,0.0,0.323547,0.351751,0.056528,0.0,0.089054,0.0,0.363844,0.0,0.0,0.0,0.0,0.344092,0.055772,0.290934,0.380606,0.0,0.104169,0.0,0.282819,0.270866,0.359937,0.28074,0.127381,0.0,0.055953,0.0,0.453003,0.368204,0.243195,0.101169,0.0,0.069247,0.133853,0.0,0.404333,0.172541,0.382119,0.340271,0.0,0.05807,0.0,0.256821,0.083242,0.0,0.046711,0.359264,0.329692,0.404154,0.0,0.030954,0.165531,0.019127,0.103104,0.0,0.572128,0.0,0.308856,0.110366,0.0,0.363338,0.0,0.0,0.0,0.414034,0.0,0.437328,0.0,0.0,0.0,0.0,0.0,0.0,0.053059,1.038826,0.095379,0.216891,0.0,0.073538,0.0,0.074748,0.0,0.080084,0.0,0.0,0.0,0.0,0.461581,0.187162,0.36036,0.419387,0.017284,0.208925,0.316508,0.0,0.076633,0.0,1.479533,0.005205,0.0,0.0,0.373744,1.283916,0.0,0.0,0.0,0.0,0.259,0.0,0.0,0.024847,0.0,1.073955,0.0,0.0,0.0,0.075912,0.0,0.078327,0.110784,0.0,0.0,0.483777,0.0,0.0,0.0,0.028462,0.184267,0.046881,0.0,0.002004,0.095586,0.066573,0.116037,0.0,0.328854,0.0,0.306386,0.0,0.094131,0.34763,0.271502,0.0,0.026098,0.043324,0.459274,0.0,0.07017,0.0,1.613177,0.0,0.0,0.038743,0.0,0.042042,0.0,0.13794,0.0,0.346119,0.0,0.195002,0.104141,0.0,0.132185,0.057327,0.197858,0.075251,0.0,0.0,0.406546,0.095946,0.0,0.042259,0.0,0.0,0.42237,0.437301,0.047242,0.033072,0.0,0.0,0.0,0.0,0.034587,0.051445,0.040347,0.072559,0.0,0.0,0.0,0.073729,0.0,0.0,0.043082,0.399855,0.0,0.355901,0.0,0.176239,0.313207,0.267102,0.0,0.0,0.0,0.029365,0.0,0.23048,0.39193,0.0,0.453928,0.363252,0.0,0.0,0.0,0.060635,0.407517,0.028497,0.037239,0.412374,0.0,0.0,0.107845,0.007158,0.0,0.3691,0.337187,0.0,0.373074,0.299656,0.217524,0.115041,0.008884,0.0,0.0,0.0,0.450108,0.063535,0.0,0.0,0.0,0.0,0.0,0.056683,0.021175,0.40772,0.0,0.226493,0.0,0.0,0.067231,0.09514,0.0,0.365664,0.0,0.346734,0.0,0.348813,0.0,0.0,0.352902,0.356388,0.041733,0.0,0.350265,0.0,0.0,0.0,0.0,0.06754,0.127442,0.207051,0.410021,0.0,0.003166,1e-06,0.06777,0.0,0.393301,0.056542,0.072325,0.040817,0.0,0.0,0.0,0.0,0.0,0.06445,0.0,0.0,0.0,0.344365,0.0,0.352346,0.0,0.155513,0.0,0.075146,0.34069,0.191065,0.0,0.432568,0.053283,0.0,0.206565,1.168681,0.0,0.0,0.060115,0.402354,0.053557,0.405639,0.365119,0.271107,0.26754,0.056309,0.328461,0.0,0.0,0.0,0.212476,0.0,0.123459,0.09451,0.342187,0.0,0.0,0.167228,0.22419,0.592981,0.0,0.470057,0.119679,0.170239,0.0,0.031431,0.468477,0.695725,0.0,0.0,0.0,0.0,0.0,0.0,0.314875,0.0,0.063185,0.027559,0.0,0.0,0.0,0.0,0.384024,0.239782,0.0,0.0,0.192805,0.0,0.0,0.416752,0.673193,0.033686,0.23023,1.033725,0.052288,0.0,0.0,0.0,0.760465,0.0,0.308659,0.0,0.140412,0.0,0.407547,0.03847,0.07722,0.471514,0.056469,0.392672,0.225189,0.0,0.002508,0.392227,0.0,0.056969,0.0,0.0,0.0,0.0,0.0,0.218147,0.0,0.069189,0.0,0.0,0.175093,0.386726,0.163032,0.335478,0.0,0.068622,0.0,0.0,0.061315,0.336464,0.448596,0.0
TCGA-44-5643-01Z-00-DX1.83fb7631-0ecb-4473-bfb2-c8daa2f87d35,0.463487,0.0,0.0,0.0,0.0,0.388973,0.028223,0.385628,0.006344,0.310244,0.32964,0.20887,0.0,0.0,0.0,0.432566,0.0,0.118843,0.0,0.285381,0.002128,0.018253,0.0,0.0,0.0,0.0,0.370559,0.0,0.132047,0.421507,0.0,0.0,0.340998,0.894624,0.0,0.005846,0.007295,0.0,0.0,0.337545,0.0,0.007949,0.0,0.362344,0.0,0.149695,0.0,0.0,0.0,0.006053,0.0,0.052117,0.0,0.46132,0.0,0.200689,0.290421,0.0538,0.221734,0.229831,0.0,0.009154,0.00656,0.284219,0.239379,0.03455,0.255832,0.0,0.113825,0.0,0.0,0.0,0.008141,0.151004,0.0,0.172161,0.0,0.294833,0.223665,0.0,0.0,0.435894,0.316211,0.0,0.0,0.146412,0.011253,0.0,0.398176,0.206893,0.127685,0.0,0.236548,0.0,0.285287,0.219875,0.0,0.0,0.0,0.349047,0.0,0.0,0.280057,0.409506,0.074205,0.0,0.004691,0.221094,0.352589,0.0,0.274853,0.0,0.008068,0.0,0.0,0.0,0.0,0.103847,0.340825,0.009214,0.041698,0.0,0.147802,0.0,0.016516,0.001878,0.01022,0.095857,0.432066,0.0,0.260426,0.0,0.013195,0.004757,0.008995,0.355473,0.0,0.030084,0.261064,0.0,0.024306,0.179735,0.049628,0.03267,0.0,0.318682,0.0,0.018662,0.368915,0.0,0.254537,0.007861,0.061977,0.031994,0.0,0.213619,0.44819,0.16133,0.37038,0.0,0.211886,0.0,0.107672,0.38256,0.0,0.009865,0.0,0.0,0.0,0.112737,0.0,0.04218,0.0,0.0,0.0,0.0,0.0,0.0,0.303769,0.654493,0.354655,0.122097,0.0,0.376656,0.0,0.338752,0.0,0.363532,0.0,0.0,0.0,0.0,0.016637,0.176912,0.006509,0.008896,0.214288,0.093123,0.022373,0.0,0.324595,0.0,1.071713,0.132779,0.0,0.0,0.033254,0.8759,0.0,0.0,0.0,0.0,0.062066,0.0,0.0,0.000197,0.0,0.644959,0.0,0.0,0.0,0.345379,0.0,0.32611,0.34865,0.0,0.0,0.1736,0.0,0.0,0.0,0.24897,0.344301,0.258183,0.0,0.139744,0.401126,0.328723,0.384028,0.0,0.007313,0.0,0.00486,0.0,0.362838,0.019345,0.164507,0.0,0.236582,0.19225,0.108754,0.0,0.316324,0.0,1.149617,0.0,0.0,0.164376,0.0,0.195043,0.0,0.35636,0.0,0.056117,0.0,0.012528,0.401772,0.0,0.432404,0.269086,0.184822,0.313301,0.0,0.0,0.057544,0.110604,0.0,0.303961,0.0,0.0,0.01243,0.011582,0.225595,0.23763,0.0,0.0,0.0,0.0,0.260536,0.28865,0.2733,0.140272,0.0,0.0,0.0,0.326715,0.0,0.0,0.283801,0.020261,0.0,0.003231,0.0,0.106352,0.004998,0.111166,0.0,0.0,0.0,0.189515,0.0,0.017433,0.006985,0.0,0.095617,0.175298,0.0,0.0,0.0,0.210263,0.012241,0.216929,0.242034,0.155349,0.0,0.0,0.385996,0.164085,0.0,0.012452,0.016084,0.0,0.043614,0.002782,0.052057,0.430081,0.157393,0.0,0.0,0.0,0.181886,0.153499,0.0,0.0,0.0,0.0,0.0,0.316781,0.211443,0.061031,0.0,0.030421,0.0,0.0,0.32368,0.376004,0.0,0.045974,0.0,0.004671,0.0,0.077983,0.0,0.0,0.052219,0.010289,0.257243,0.0,0.11265,0.0,0.0,0.0,0.0,0.336742,0.430283,0.00781,0.021137,0.0,0.099402,0.0,0.347896,0.0,0.00669,0.3135,0.315327,0.219162,0.0,0.0,0.0,0.0,0.0,0.354867,0.0,0.0,0.0,0.009325,0.0,0.004811,0.0,0.316875,0.0,0.336554,0.042356,0.10752,0.0,0.012384,0.306558,0.0,0.283529,0.813031,0.0,0.0,0.288267,0.011009,0.289764,0.027756,0.014086,0.008451,0.351713,0.267644,0.005413,0.0,0.0,0.0,0.39759,0.0,0.455621,0.286229,0.006857,0.0,0.0,0.051588,0.299362,0.217398,0.0,0.150432,0.404666,0.12758,0.0,0.207138,0.031372,0.334582,0.0,0.0,0.0,0.0,0.0,0.0,0.00474,0.0,0.166239,0.223271,0.0,0.0,0.0,0.0,0.201139,0.000885,0.0,0.0,0.13142,0.0,0.0,0.00533,0.30502,0.223904,0.079405,0.645129,0.299615,0.0,0.0,0.0,0.397421,0.0,0.003075,0.0,0.078881,0.0,0.103299,0.244074,0.410571,0.037644,0.337282,0.176649,0.386127,0.0,0.000243,0.179291,0.0,0.286526,0.0,0.0,0.0,0.0,0.0,0.311868,0.0,0.329595,0.0,0.0,0.255655,0.009869,0.240706,0.016123,0.0,0.087118,0.0,0.0,0.355424,0.004572,0.017499,0.0
TCGA-MP-A4T4-01Z-00-DX1.5F72FF0B-59C0-4E95-A8C1-BF22A948F7AC,0.379662,0.0,0.0,0.0,0.0,0.311212,0.099625,0.316717,0.052299,0.246328,0.273772,0.123783,0.0,0.0,0.0,0.318739,0.0,0.168128,0.0,0.193129,0.034025,0.125565,0.0,0.0,0.0,0.0,0.312395,0.0,0.210371,0.352218,0.0,0.0,0.283619,1.017416,0.0,0.034555,0.054618,0.0,0.0,0.205353,0.0,0.060925,0.0,0.29067,0.0,0.231748,0.0,0.0,0.0,0.047027,0.0,0.117045,0.0,0.555542,0.0,0.307713,0.249591,0.153916,0.153786,0.180745,0.0,0.069201,0.057647,0.22402,0.155985,0.131048,0.253196,0.0,0.21588,0.0,0.0,0.0,0.071656,0.103018,0.0,0.209038,0.0,0.216121,0.135834,0.0,0.0,0.558741,0.252462,0.0,0.0,0.087824,0.066928,0.0,0.346823,0.188955,0.112382,0.0,0.183777,0.0,0.402324,0.139919,0.0,0.0,0.0,0.278701,0.0,0.0,0.172331,0.338203,0.118911,0.0,0.034376,0.286212,0.285826,0.0,0.18371,0.0,0.05805,0.0,0.0,0.0,0.0,0.184273,0.257426,0.098325,0.153872,0.0,0.16008,0.0,0.088609,0.025092,0.060587,0.182904,0.342292,0.0,0.229204,0.0,0.100734,0.051573,0.07514,0.312831,0.0,0.058419,0.198893,0.0,0.129473,0.232391,0.123449,0.127304,0.0,0.242451,0.0,0.081678,0.305856,0.0,0.21653,0.0588,0.146851,0.116245,0.0,0.162178,0.383781,0.072527,0.290672,0.0,0.324839,0.0,0.140774,0.315637,0.0,0.06439,0.0,0.0,0.0,0.219332,0.0,0.135419,0.0,0.0,0.0,0.0,0.0,0.0,0.239204,0.755467,0.292063,0.121705,0.0,0.276947,0.0,0.261047,0.0,0.277309,0.0,0.0,0.0,0.0,0.091303,0.181183,0.057506,0.069258,0.155236,0.166245,0.12892,0.0,0.278451,0.0,1.17335,0.084701,0.0,0.0,0.127172,0.995651,0.0,0.0,0.0,0.0,0.105504,0.0,0.0,0.008933,0.0,0.76686,0.0,0.0,0.0,0.291617,0.0,0.24335,0.278602,0.0,0.0,0.267942,0.0,0.0,0.0,0.199337,0.270153,0.165561,0.0,0.057803,0.347398,0.257279,0.322009,0.0,0.043244,0.0,0.03796,0.0,0.286966,0.127017,0.233758,0.0,0.163313,0.162876,0.233516,0.0,0.241134,0.0,1.255756,0.0,0.0,0.16589,0.0,0.176708,0.0,0.306744,0.0,0.104897,0.0,0.098694,0.335278,0.0,0.368708,0.211248,0.217805,0.27543,0.0,0.0,0.190341,0.106291,0.0,0.234795,0.0,0.0,0.077474,0.08392,0.187411,0.159834,0.0,0.0,0.0,0.0,0.172609,0.237848,0.204926,0.170913,0.0,0.0,0.0,0.248437,0.0,0.0,0.228046,0.073093,0.0,0.039968,0.0,0.153738,0.0392,0.163861,0.0,0.0,0.0,0.144139,0.0,0.098097,0.068391,0.0,0.19117,0.171952,0.0,0.0,0.0,0.173277,0.08198,0.177758,0.192015,0.231241,0.0,0.0,0.288675,0.085025,0.0,0.071478,0.066268,0.0,0.142427,0.039132,0.091759,0.38239,0.091958,0.0,0.0,0.0,0.290147,0.154832,0.0,0.0,0.0,0.0,0.0,0.244385,0.150966,0.157507,0.0,0.163107,0.0,0.0,0.278417,0.309829,0.0,0.14644,0.0,0.051436,0.0,0.180287,0.0,0.0,0.150273,0.059875,0.206551,0.0,0.213012,0.0,0.0,0.0,0.0,0.26905,0.363951,0.080965,0.118742,0.0,0.050846,0.0,0.273152,0.0,0.053385,0.246033,0.277952,0.096564,0.0,0.0,0.0,0.0,0.0,0.300843,0.0,0.0,0.0,0.041797,0.0,0.053406,0.0,0.285896,0.0,0.264022,0.161704,0.121916,0.0,0.087307,0.246166,0.0,0.198956,0.902619,0.0,0.0,0.229311,0.072372,0.2472,0.1407,0.057152,0.08279,0.324646,0.226083,0.041745,0.0,0.0,0.0,0.31087,0.0,0.361641,0.252111,0.047996,0.0,0.0,0.107056,0.250426,0.341381,0.0,0.246081,0.327658,0.18489,0.0,0.169598,0.114073,0.44743,0.0,0.0,0.0,0.0,0.0,0.0,0.048542,0.0,0.09541,0.104297,0.0,0.0,0.0,0.0,0.292293,0.024396,0.0,0.0,0.091018,0.0,0.0,0.064628,0.398362,0.154394,0.182689,0.756156,0.229741,0.0,0.0,0.0,0.489473,0.0,0.034017,0.0,0.125478,0.0,0.177578,0.184862,0.322302,0.134275,0.261932,0.263493,0.30124,0.0,0.013341,0.190912,0.0,0.205229,0.0,0.0,0.0,0.0,0.0,0.22094,0.0,0.271558,0.0,0.0,0.190137,0.064262,0.237116,0.101397,0.0,0.13667,0.0,0.0,0.279393,0.040999,0.100421,0.0
TCGA-50-5066-02Z-00-DX1.A2CA045A-7956-4E04-9EC9-5856FC789110,0.427475,0.0,0.0,0.0,0.0,0.344828,0.063413,0.341966,0.04212,0.274873,0.296721,0.130519,0.0,0.0,0.0,0.382849,0.0,0.162418,0.0,0.223302,0.023568,0.105328,0.0,0.0,0.0,0.0,0.340775,0.0,0.20324,0.398872,0.0,0.0,0.315548,1.035614,0.0,0.024671,0.037579,0.0,0.0,0.246375,0.0,0.045497,0.0,0.327083,0.0,0.21532,0.0,0.0,0.0,0.033378,0.0,0.096561,0.0,0.571078,0.0,0.31003,0.265709,0.135109,0.174599,0.193012,0.0,0.039268,0.037721,0.250978,0.175243,0.113653,0.27539,0.0,0.209567,0.0,0.0,0.0,0.053859,0.112515,0.0,0.215281,0.0,0.248985,0.143762,0.0,0.0,0.566194,0.283329,0.0,0.0,0.085919,0.044758,0.0,0.375323,0.208577,0.112051,0.0,0.203079,0.0,0.394552,0.16108,0.0,0.0,0.0,0.298562,0.0,0.0,0.188766,0.380372,0.109893,0.0,0.022874,0.300846,0.330288,0.0,0.211849,0.0,0.03699,0.0,0.0,0.0,0.0,0.169749,0.288449,0.08208,0.139282,0.0,0.140895,0.0,0.085722,0.015394,0.043372,0.171016,0.388712,0.0,0.250269,0.0,0.073187,0.031918,0.051084,0.337214,0.0,0.054826,0.225921,0.0,0.104555,0.233708,0.110919,0.120317,0.0,0.271918,0.0,0.057552,0.350812,0.0,0.24054,0.042397,0.143092,0.091686,0.0,0.181028,0.414329,0.082914,0.337858,0.0,0.330109,0.0,0.119885,0.34632,0.0,0.045642,0.0,0.0,0.0,0.210067,0.0,0.113742,0.0,0.0,0.0,0.0,0.0,0.0,0.269306,0.771646,0.319234,0.115366,0.0,0.324154,0.0,0.288015,0.0,0.313601,0.0,0.0,0.0,0.0,0.065009,0.175138,0.037082,0.049114,0.17449,0.156098,0.111161,0.0,0.303492,0.0,1.199699,0.094486,0.0,0.0,0.116204,1.001383,0.0,0.0,0.0,0.0,0.102074,0.0,0.0,0.001502,0.0,0.777748,0.0,0.0,0.0,0.323236,0.0,0.276534,0.31647,0.0,0.0,0.256202,0.0,0.0,0.0,0.212223,0.295226,0.180096,0.0,0.065506,0.368709,0.280329,0.342412,0.0,0.027173,0.0,0.026048,0.0,0.313996,0.120047,0.222023,0.0,0.186675,0.173969,0.216948,0.0,0.273648,0.0,1.284162,0.0,0.0,0.165902,0.0,0.193796,0.0,0.334971,0.0,0.072936,0.0,0.085867,0.374828,0.0,0.420631,0.240905,0.195614,0.303091,0.0,2e-06,0.186358,0.104631,0.0,0.265908,0.0,0.0,0.051122,0.063416,0.201601,0.193394,0.0,0.0,0.0,0.0,0.202483,0.25096,0.217599,0.163176,0.0,0.0,0.0,0.274776,0.0,0.0,0.237277,0.054272,0.0,0.026745,0.0,0.148924,0.023616,0.167465,0.0,0.0,0.0,0.149013,0.0,0.077956,0.050063,0.0,0.180777,0.158482,0.0,0.0,0.0,0.185851,0.059076,0.196047,0.204006,0.230237,0.0,0.0,0.311927,0.092361,0.0,0.049009,0.038228,0.0,0.132111,0.020265,0.074207,0.416254,0.110952,0.0,0.0,0.0,0.282087,0.161393,0.0,0.0,0.0,0.0,0.0,0.266087,0.16887,0.138358,0.0,0.149394,0.0,0.0,0.303583,0.343184,0.0,0.118784,0.0,0.032003,0.0,0.173946,0.0,0.0,0.137475,0.045189,0.226781,0.0,0.21338,0.0,0.0,0.0,0.0,0.291843,0.402226,0.063151,0.087834,0.0,0.04878,0.0,0.309369,0.0,0.034203,0.263206,0.302883,0.116996,0.0,0.0,0.0,0.0,0.0,0.330957,0.0,0.0,0.0,0.031035,0.0,0.034848,0.0,0.300999,0.0,0.291003,0.138832,0.104136,0.0,0.072002,0.275739,0.0,0.219879,0.919244,0.0,0.0,0.263951,0.050722,0.27797,0.12885,0.035451,0.065934,0.347942,0.242445,0.02975,0.0,0.0,0.0,0.335147,0.0,0.416023,0.272461,0.035056,0.0,0.0,0.073971,0.249918,0.331562,0.0,0.234043,0.361213,0.170002,0.0,0.185093,0.087924,0.446932,0.0,0.0,0.0,0.0,0.0,0.0,0.033044,0.0,0.107331,0.119889,0.0,0.0,0.0,0.0,0.281389,0.015017,0.0,0.0,0.105076,0.0,0.0,0.04692,0.4081,0.183819,0.197496,0.771846,0.255943,0.0,0.0,0.0,0.498811,0.0,0.022758,0.0,0.103339,0.0,0.175577,0.205137,0.362625,0.104761,0.289115,0.272747,0.331401,0.0,0.004914,0.175265,0.0,0.238263,0.0,0.0,0.0,0.0,0.0,0.232768,0.0,0.306955,0.0,0.0,0.198661,0.044881,0.248268,0.07605,0.0,0.123107,0.0,0.0,0.320064,0.027448,0.076097,0.0
TCGA-97-7553-01Z-00-DX1.e31eec5e-0053-407a-b057-9b87555b122d,0.357424,0.0,0.0,0.0,0.0,0.260157,0.210684,0.277741,0.168196,0.207061,0.234291,0.10705,0.0,0.0,0.0,0.318499,0.0,0.166011,0.0,0.178117,0.118519,0.145209,0.0,0.0,0.0,0.0,0.242697,0.0,0.189178,0.315741,0.0,0.0,0.243022,1.086414,0.0,0.154444,0.163272,0.0,0.0,0.279587,0.0,0.178847,0.0,0.257892,0.0,0.199127,0.0,0.0,0.0,0.167086,0.0,0.134355,0.0,0.626196,0.0,0.321611,0.219705,0.263683,0.130289,0.158348,0.0,0.190329,0.164514,0.18771,0.101716,0.223405,0.228987,0.0,0.209344,0.0,0.0,0.0,0.105163,0.084499,0.0,0.302943,0.0,0.180668,0.088879,0.0,0.0,0.61727,0.216521,0.0,0.0,0.047018,0.177452,0.0,0.280807,0.159083,0.09695,0.0,0.24292,0.0,0.440226,0.125422,0.0,0.0,0.0,0.225078,0.0,0.0,0.177531,0.304406,0.141505,0.0,0.176911,0.269286,0.224258,0.0,0.168004,0.0,0.149108,0.0,0.0,0.0,0.0,0.164108,0.230466,0.098962,0.207239,0.0,0.118235,0.0,0.172444,0.139141,0.167721,0.172346,0.333171,0.0,0.222357,0.0,0.205293,0.168551,0.080844,0.264567,0.0,0.078512,0.166364,0.0,0.191638,0.205904,0.225204,0.185102,0.0,0.211853,0.0,0.068296,0.280991,0.0,0.183765,0.155446,0.154355,0.200739,0.0,0.149683,0.305098,0.063668,0.262811,0.0,0.382629,0.0,0.172446,0.286934,0.0,0.170395,0.0,0.0,0.0,0.227528,0.0,0.24011,0.0,0.0,0.0,0.0,0.0,0.0,0.207432,0.819687,0.227336,0.149526,0.0,0.247839,0.0,0.222955,0.0,0.236097,0.0,0.0,0.0,0.0,0.210087,0.267459,0.154902,0.186398,0.113405,0.178804,0.172455,0.0,0.225515,0.0,1.236065,0.052865,0.0,0.0,0.215372,1.036359,0.0,0.0,0.0,0.0,0.16736,0.0,0.0,0.006667,0.0,0.832034,0.0,0.0,0.0,0.247821,0.0,0.226492,0.243841,0.0,0.0,0.246392,0.0,0.0,0.0,0.148073,0.302286,0.155557,0.0,0.03425,0.278766,0.216518,0.264347,0.0,0.178325,0.0,0.147115,0.0,0.272331,0.206259,0.18851,0.0,0.134891,0.145454,0.262548,0.0,0.215426,0.0,1.327728,0.0,0.0,0.153859,0.0,0.193658,0.0,0.252238,0.0,0.190346,0.0,0.121397,0.28385,0.0,0.330856,0.190303,0.261173,0.240701,0.0,2e-06,0.268912,0.128988,0.0,0.203176,0.0,0.0,0.201525,0.195616,0.15569,0.162453,0.0,0.0,0.0,0.0,0.153331,0.199277,0.164937,0.152931,0.0,0.0,0.0,0.209014,0.0,0.0,0.160435,0.185588,0.0,0.161366,0.0,0.15692,0.158788,0.188712,0.0,0.0,0.0,0.1049,0.0,0.121455,0.172225,0.0,0.271743,0.22937,0.0,0.0,0.0,0.170611,0.175468,0.143339,0.168658,0.234606,0.0,0.0,0.256975,0.057405,0.0,0.170559,0.175245,0.0,0.215225,0.141459,0.126413,0.322692,0.079048,0.0,0.0,0.0,0.267233,0.153525,0.0,0.0,0.0,0.0,0.0,0.194829,0.125753,0.203896,0.0,0.203041,0.0,0.0,0.231568,0.269015,0.0,0.170981,0.0,0.152475,0.0,0.163284,0.0,0.0,0.18291,0.139053,0.185692,0.0,0.219863,0.0,0.0,0.0,0.0,0.222191,0.306335,0.096089,0.164267,0.0,0.01497,0.0,0.251951,0.0,0.200329,0.182979,0.23364,0.106414,0.0,0.0,0.0,0.0,0.0,0.236591,0.0,0.0,0.0,0.163614,0.0,0.155383,0.0,0.220047,0.0,0.247302,0.15709,0.09091,0.0,0.197282,0.202734,0.0,0.166076,0.947839,0.0,0.0,0.198974,0.17469,0.200185,0.204639,0.170405,0.084239,0.245515,0.173463,0.139145,0.0,0.0,0.0,0.35787,0.0,0.353288,0.223392,0.169715,0.0,0.0,0.131923,0.320198,0.36195,0.0,0.285937,0.30953,0.180987,0.0,0.148192,0.222536,0.485412,0.0,0.0,0.0,0.0,0.0,0.0,0.141372,0.0,0.100473,0.097319,0.0,0.0,0.0,0.0,0.281031,0.126027,0.0,0.0,0.095463,0.0,0.0,0.197136,0.473464,0.156692,0.295453,0.795674,0.212137,0.0,0.0,0.0,0.542203,0.0,0.159228,0.0,0.09338,0.0,0.258981,0.152328,0.267308,0.224089,0.212152,0.270045,0.344527,0.0,0.014904,0.255952,0.0,0.200446,0.0,0.0,0.0,0.0,0.0,0.276128,0.0,0.223014,0.0,0.0,0.209697,0.168759,0.198115,0.125306,0.0,0.134687,0.0,0.0,0.242964,0.143152,0.194265,0.0
TCGA-05-4398-01Z-00-DX1.269bc75f-492e-48b1-87ee-85924aa80e74,0.224197,0.0,0.0,0.0,0.0,0.181278,0.346626,0.18889,0.3032,0.114457,0.143059,0.163803,0.0,0.0,0.0,0.195602,0.0,0.117039,0.0,0.103683,0.221935,0.156403,0.0,0.0,0.0,0.0,0.163789,0.0,0.152675,0.203207,0.0,0.0,0.147103,1.039239,0.0,0.266802,0.294675,4.2e-05,0.0,0.260134,0.0,0.305915,0.0,0.157971,0.0,0.187651,0.0,1e-06,0.0,0.295099,0.0,0.073247,0.0,0.567645,0.0,0.323219,0.114175,0.384733,0.080905,0.079509,0.0,0.328546,0.28828,0.140493,0.092893,0.251431,0.123186,0.0,0.178697,0.0,0.0,0.0,0.158445,0.052331,0.0,0.236228,0.0,0.106889,0.110289,0.0,0.0,0.598245,0.140604,0.0,0.0,0.043896,0.294888,0.0,0.20058,0.103235,0.042311,0.0,0.303439,0.0,0.435547,0.083906,0.0,0.0,0.0,0.152429,0.0,0.0,0.17012,0.18447,0.078825,0.0,0.297799,0.216276,0.158208,0.0,0.127506,0.0,0.263042,0.0,0.0,0.0,0.0,0.166768,0.137482,0.12805,0.207097,0.0,0.090301,0.0,0.223561,0.235141,0.289218,0.120556,0.204269,0.0,0.108391,0.0,0.329953,0.300011,0.084683,0.161642,0.0,0.069829,0.145415,0.0,0.246476,0.136308,0.321122,0.192944,0.0,0.132059,0.0,0.119845,0.163329,0.0,0.102693,0.274609,0.140678,0.306279,0.0,0.084084,0.222553,0.049007,0.176908,0.0,0.346367,0.0,0.273085,0.198346,0.0,0.284237,0.0,0.0,0.0,0.192587,0.0,0.346699,0.0,0.0,0.0,0.0,0.0,0.0,0.133105,0.773591,0.162591,0.214847,0.0,0.162244,0.0,0.131562,0.0,0.15137,0.0,0.0,0.0,0.0,0.356348,0.231581,0.291122,0.302916,0.085826,0.107347,0.178505,0.0,0.137926,0.0,1.158597,0.036391,0.0,0.0,0.270109,1.006918,0.0,0.0,0.0,0.0,0.237158,0.0,0.0,0.001156,0.0,0.792875,0.0,0.0,0.0,0.149932,0.0,0.136041,0.153801,0.0,0.0,0.260355,0.0,0.0,0.0,0.099631,0.273253,0.110909,0.0,0.030304,0.177068,0.142011,0.180161,0.0,0.296006,0.0,0.272492,0.0,0.170591,0.192378,0.165422,0.0,0.08539,0.075351,0.267052,0.0,0.129816,0.0,1.267058,0.0,0.0,0.054977,0.0,0.064589,0.0,0.189614,0.0,0.315394,0.0,0.150421,0.17606,0.0,0.207731,0.105599,0.219455,0.142598,0.0,0.0,0.242748,0.057055,0.0,0.11931,0.0,0.0,0.342726,0.340275,0.090739,0.090821,0.0,0.0,0.0,0.0,0.094266,0.1086,0.098184,0.067766,0.0,0.0,0.0,0.153736,0.0,0.0,0.116776,0.300305,0.0,0.275022,0.0,0.094694,0.266035,0.136761,0.0,0.0,0.0,0.077492,0.0,0.074992,0.292744,0.0,0.317689,0.343466,0.0,0.0,0.0,0.08995,0.276779,0.075848,0.090642,0.206888,0.0,0.0,0.180585,0.056857,0.0,0.29167,0.282979,0.0,0.217401,0.236192,0.198532,0.1958,0.045274,0.0,0.0,0.0,0.245616,0.073934,0.0,0.0,0.0,0.0,0.0,0.120945,0.06579,0.270211,0.0,0.165809,0.0,0.0,0.13234,0.164525,0.0,0.228745,0.0,0.259633,0.0,0.169117,0.0,0.0,0.189599,0.222757,0.113452,0.0,0.170361,0.0,0.0,0.0,0.0,0.137051,0.205498,0.062915,0.260747,0.0,0.028854,0.0,0.137754,0.0,0.32657,0.129294,0.135356,0.109514,0.0,0.0,0.0,0.0,0.0,0.153267,0.0,0.0,0.0,0.280416,0.0,0.272614,0.0,0.179238,0.0,0.151383,0.182761,0.097206,0.0,0.325783,0.127882,0.0,0.211212,0.889016,0.0,0.0,0.127231,0.305802,0.114711,0.230005,0.284934,0.123868,0.234896,0.107946,0.236699,0.0,0.0,0.0,0.327168,0.0,0.208171,0.140662,0.277276,0.0,0.0,0.18732,0.286801,0.391463,0.0,0.282472,0.240151,0.102948,0.0,0.083149,0.348209,0.464527,0.0,0.0,0.0,0.0,0.0,0.0,0.240595,0.0,0.158588,0.094415,0.0,0.0,0.0,0.0,0.212851,0.227713,0.0,0.0,0.120545,0.0,0.0,0.327297,0.466862,0.087051,0.217749,0.775687,0.110067,0.0,0.0,0.0,0.484034,0.0,0.268477,0.0,0.073202,0.0,0.311201,0.097227,0.176495,0.364127,0.133688,0.207203,0.333182,0.0,3.8e-05,0.373496,0.0,0.129812,0.0,0.0,0.0,0.0,0.0,0.312124,0.0,0.155899,0.0,0.0,0.240831,0.300389,0.147503,0.184872,0.0,0.046531,0.0,0.0,0.151054,0.245284,0.321819,0.0
TCGA-95-7567-01Z-00-DX1.982FF122-A440-4949-926C-B58AF8381090,0.263807,0.0,0.0,0.0,0.0,0.207781,0.287583,0.200344,0.231137,0.143468,0.177136,0.143457,0.0,0.0,0.0,0.238153,0.0,0.143832,0.0,0.127115,0.167491,0.182425,0.0,0.0,0.0,0.0,0.181235,0.0,0.180459,0.231176,0.0,0.0,0.173487,1.093083,0.0,0.210072,0.224363,0.0,0.0,0.278546,1e-06,0.241717,0.0,0.194972,0.0,0.223188,0.0,5e-06,0.0,0.223412,0.0,0.111163,0.0,0.620322,0.0,0.359265,0.145978,0.342255,0.100358,0.109019,0.0,0.261984,0.232217,0.14655,0.088145,0.263973,0.153318,0.0,0.217657,0.0,0.0,0.0,0.16742,0.05404,0.0,0.260676,0.0,0.120484,0.092585,0.0,0.0,0.633342,0.161917,0.0,0.0,0.036889,0.248633,0.0,0.221537,0.116509,0.061865,0.0,0.247192,0.0,0.453788,0.091354,0.0,0.0,0.0,0.169632,0.0,0.0,0.161056,0.225848,0.095434,0.0,0.230314,0.251775,0.156753,0.0,0.139904,0.0,0.21549,0.0,0.0,0.0,0.0,0.200981,0.180199,0.131431,0.226754,0.0,0.100012,0.0,0.188233,0.171359,0.23734,0.16312,0.247796,0.0,0.156525,0.0,0.285614,0.234339,0.104143,0.192019,0.0,0.066496,0.149873,0.0,0.240061,0.163218,0.273735,0.201737,0.0,0.152312,0.0,0.127365,0.206004,0.0,0.128925,0.211842,0.184789,0.265334,0.0,0.105126,0.248552,0.059594,0.196894,0.0,0.398176,0.0,0.219266,0.209457,0.0,0.229776,0.0,0.0,0.0,0.230094,0.0,0.299538,0.0,0.0,0.0,0.0,0.0,0.0,0.156094,0.837142,0.172072,0.170744,1e-05,0.185229,0.0,0.176226,0.0,0.173129,0.0,0.0,0.0,0.0,0.295479,0.236389,0.222487,0.257978,0.074171,0.149444,0.18492,0.0,0.160976,0.0,1.233052,0.023463,0.0,0.0,0.255141,1.062507,0.0,0.0,0.0,0.0,0.185527,0.0,0.0,0.008759,0.0,0.837915,0.0,0.0,0.0,0.172258,0.0,0.165336,0.176741,0.0,0.0,0.2963,0.0,0.0,0.0,0.096927,0.258048,0.125181,0.0,0.029605,0.212345,0.160155,0.19898,0.0,0.229852,0.0,0.207721,0.0,0.208115,0.221494,0.198084,0.0,0.095583,0.105479,0.291191,0.0,0.151046,0.0,1.338373,0.0,0.0,0.098564,0.0,0.108405,0.0,0.204972,0.0,0.251212,0.0,0.116801,0.213542,0.0,0.250672,0.130709,0.241547,0.176686,0.0,0.0,0.263732,0.105989,0.0,0.140458,0.0,0.0,0.273751,0.288005,0.113317,0.11437,0.0,0.0,0.0,0.0,0.108686,0.138971,0.123038,0.103293,0.0,0.0,0.0,0.167029,0.0,0.0,0.116249,0.255598,0.0,0.2244,0.0,0.133184,0.207572,0.173145,0.0,0.0,0.0,0.071373,0.0,0.110404,0.24581,0.0,0.3119,0.294328,0.0,0.0,0.0,0.117192,0.244109,0.090886,0.118678,0.24514,0.0,0.0,0.208932,0.050257,0.0,0.247378,0.234714,0.0,0.236645,0.185328,0.146918,0.234485,0.050668,0.0,0.0,0.0,0.284075,0.103046,0.0,0.0,0.0,0.0,0.0,0.140486,0.080155,0.264449,0.0,0.170398,0.0,0.0,0.156951,0.207143,0.0,0.221145,0.0,0.218517,0.0,0.194005,0.0,0.0,0.225683,0.208258,0.139564,0.0,0.208805,0.0,0.0,0.0,0.0,0.166632,0.236252,0.092301,0.233422,0.0,0.019315,0.0,0.183723,0.0,0.271198,0.140596,0.170386,0.10041,0.0,0.0,0.0,0.0,0.0,0.166894,0.0,0.0,0.0,0.232286,0.0,0.213767,0.0,0.18181,0.0,0.194103,0.193619,0.105889,0.0,0.266048,0.144939,0.0,0.187345,0.959817,0.0,0.0,0.147003,0.253865,0.140339,0.242368,0.235226,0.13536,0.232438,0.112509,0.193961,0.0,0.0,0.0,0.305327,0.0,0.256743,0.177551,0.231294,0.0,0.0,0.148422,0.305602,0.410151,0.0,0.326157,0.24375,0.148734,0.0,0.091305,0.30336,0.509854,0.0,0.0,0.0,0.0,0.0,0.0,0.197003,0.0,0.103258,0.089674,0.0,0.0,0.0,0.0,0.266658,0.156142,0.0,0.0,0.102042,0.0,0.0,0.259406,0.49907,0.112135,0.241931,0.816588,0.153854,0.0,0.0,0.0,0.564756,0.0,0.206914,0.0,0.088233,0.0,0.301222,0.115326,0.197091,0.306464,0.161289,0.259316,0.300584,0.0,0.003739,0.315439,0.0,0.15067,0.0,0.0,0.0,0.0,0.0,0.280357,0.0,0.166867,7e-06,0.0,0.221898,0.251166,0.165595,0.190995,0.0,0.089931,0.0,0.0,0.176142,0.198138,0.277176,0.0
TCGA-55-A492-01Z-00-DX1.31B23842-7F8B-4311-88DF-C51CB4F54AED,0.101774,0.0,0.0,0.0,0.0,0.015766,0.580801,0.080967,0.498388,0.008361,0.011517,0.142006,0.0,0.0,0.0,0.079207,0.0,0.07836,0.0,0.056713,0.358848,0.173817,0.0,0.0,0.0,0.0,0.013664,0.0,0.084496,0.065527,0.0,0.0,0.011971,1.026719,0.0,0.462512,0.486086,0.0,0.0,0.287806,0.0,0.51633,0.0,0.012252,0.0,0.087582,0.0,0.0,0.0,0.506963,0.0,0.071377,0.0,0.538368,0.0,0.27739,0.01066,0.5669,0.004642,0.006407,0.0,0.579135,0.488392,0.06668,0.008136,0.364037,0.009997,0.0,0.134424,0.0,0.0,0.0,0.253139,0.002963,0.0,0.319803,0.0,0.006677,0.091932,0.0,0.0,0.591514,0.010957,0.0,0.0,0.003454,0.523463,0.0,0.025236,0.010117,0.003407,0.0,0.353441,0.0,0.412721,0.051489,0.0,0.0,0.0,0.014143,0.0,0.0,0.121755,0.066127,0.108906,0.0,0.546899,0.100236,0.010751,0.0,0.07819,0.0,0.438898,0.0,0.0,0.0,0.0,0.115945,0.010649,0.121743,0.249443,0.0,0.024228,0.0,0.33453,0.43517,0.47304,0.09511,0.113375,0.0,0.007453,0.0,0.541056,0.515234,0.102014,0.015892,0.0,0.094026,0.037672,0.0,0.344132,0.067635,0.464685,0.238846,0.0,0.059465,0.0,0.106898,0.011774,0.0,0.008,0.464933,0.104919,0.464198,0.0,0.005308,0.069135,0.051088,0.049863,0.0,0.382952,0.0,0.371957,0.079806,0.0,0.497562,0.0,0.0,0.0,0.168944,0.0,0.524132,0.0,0.0,0.0,0.0,0.0,0.0,0.009787,0.761904,0.015989,0.271677,0.0,0.012017,0.0,0.011206,0.0,0.013113,0.0,0.0,0.0,0.0,0.577668,0.344572,0.461391,0.530676,0.004276,0.059088,0.204173,0.0,0.013272,0.0,1.062672,0.002169,0.0,0.0,0.391045,0.933015,0.0,0.0,0.0,0.0,0.343014,0.0,0.0,0.004665,0.0,0.784287,0.0,0.0,0.0,0.035625,0.0,0.070037,0.065344,0.0,0.0,0.165466,0.0,0.0,0.0,0.006459,0.287496,0.062258,0.0,0.002363,0.017855,0.051748,0.078273,0.0,0.542829,0.0,0.456402,0.0,0.105458,0.279095,0.076936,0.0,0.004981,0.007314,0.292639,0.0,0.010236,0.0,1.20486,0.0,0.0,0.004777,0.0,0.004314,0.0,0.028682,0.0,0.494708,0.0,0.201651,0.015827,0.0,0.044325,0.009071,0.333799,0.011273,0.0,0.0,0.303022,0.014748,0.0,0.007671,0.0,0.0,0.580365,0.541713,0.009029,0.004459,0.0,0.0,0.0,0.0,0.007174,0.009494,0.008256,0.009515,0.0,0.0,0.0,0.076546,0.0,0.0,0.009422,0.50599,0.0,0.48451,0.0,0.046636,0.49638,0.121453,0.0,0.0,0.0,0.006752,0.0,0.089296,0.482295,0.0,0.397286,0.461428,0.0,0.0,0.0,0.008187,0.476013,0.004887,0.00703,0.116548,0.0,0.0,0.086469,0.003554,0.0,0.48274,0.502125,0.0,0.27148,0.434526,0.269534,0.018283,0.003129,0.0,0.0,0.0,0.171015,0.006719,0.0,0.0,0.0,0.0,0.0,0.011159,0.004987,0.338218,0.0,0.243284,0.0,0.0,0.011,0.014997,0.0,0.277401,0.0,0.45244,0.0,0.113689,0.0,0.0,0.224485,0.351683,0.007197,0.0,0.134651,0.0,0.0,0.0,0.0,0.012325,0.046907,0.07643,0.370651,0.0,0.003302,0.0,0.011776,0.0,0.588183,0.011018,0.012649,0.097138,0.0,0.0,0.0,0.0,0.0,0.012425,0.0,0.0,0.0,0.487544,0.0,0.472239,0.0,0.031039,0.0,0.012079,0.210394,0.045759,0.0,0.517455,0.010039,0.0,0.138676,0.811208,0.0,0.0,0.009387,0.479905,0.009669,0.2933,0.496794,0.140831,0.091322,0.010354,0.408385,0.0,0.0,0.0,0.373805,0.0,0.090487,0.016047,0.50072,0.0,0.0,0.272079,0.340697,0.395876,0.0,0.291434,0.139829,0.032973,0.0,0.005334,0.564333,0.443944,0.0,0.0,0.0,0.0,0.0,0.0,0.400583,0.0,0.157723,0.073718,0.0,0.0,0.0,0.0,0.13103,0.397673,0.0,0.0,0.101626,0.0,0.0,0.577134,0.454269,0.004993,0.306044,0.706822,0.008753,0.0,0.0,0.0,0.460679,0.0,0.484964,0.0,0.028926,0.0,0.384615,0.007484,0.013031,0.549494,0.010528,0.121508,0.380538,0.0,0.000494,0.487926,0.0,0.059071,0.0,0.0,0.0,0.0,0.0,0.371086,0.0,0.010281,0.0,0.0,0.239955,0.474864,0.028996,0.262973,0.0,0.009603,0.0,0.0,0.010281,0.42879,0.489556,0.0
TCGA-44-4112-01Z-00-DX1.5380b3b4-0e24-4c6c-aa8c-298c5fbe068f,0.387445,0.0,0.0,0.0,0.0,0.32326,0.107311,0.324961,0.080133,0.23957,0.261887,0.22014,0.0,0.0,0.0,0.336134,0.0,0.164708,0.0,0.207866,0.052122,0.137412,0.0,0.0,0.0,0.0,0.304194,0.0,0.200089,0.372122,0.0,0.0,0.281384,1.088766,0.0,0.059008,0.065928,0.0,0.0,0.281842,0.0,0.088512,0.0,0.281515,0.0,0.256877,0.0,0.0,0.0,0.06475,0.0,0.082203,0.0,0.603471,0.0,0.347382,0.230939,0.185613,0.158475,0.163062,0.0,0.074095,0.07282,0.252699,0.200364,0.123723,0.208477,0.0,0.245338,0.0,0.0,0.0,0.104392,0.093741,0.0,0.171734,0.0,0.215583,0.197563,0.0,0.0,0.608564,0.2543,0.0,0.0,0.088135,0.082384,0.0,0.351745,0.172665,0.072079,0.0,0.230988,0.0,0.423421,0.157918,0.0,0.0,0.0,0.279396,0.0,0.0,0.21773,0.335918,0.047653,0.0,0.048905,0.309406,0.294237,0.0,0.234953,0.0,0.078177,0.0,0.0,0.0,0.0,0.213216,0.259537,0.105918,0.146574,0.0,0.13989,0.0,0.08407,0.031975,0.083677,0.174214,0.355346,0.0,0.190187,0.0,0.121911,0.064393,0.088193,0.301123,0.0,0.028817,0.251177,0.0,0.144562,0.198227,0.130423,0.12536,0.0,0.245581,0.0,0.110647,0.298689,0.0,0.197787,0.083791,0.177805,0.128679,0.0,0.158205,0.41194,0.111206,0.309434,0.0,0.358568,0.0,0.162447,0.329414,0.0,0.089215,0.0,0.0,0.0,0.252149,0.0,0.144468,0.0,0.0,0.0,0.0,0.0,0.0,0.245015,0.820917,0.305348,0.155742,0.0,0.278922,0.0,0.257279,0.0,0.289509,0.0,0.0,0.0,0.0,0.114969,0.151524,0.072287,0.09527,0.153993,0.156733,0.12275,0.0,0.270865,0.0,1.277565,0.083819,0.0,0.0,0.119582,1.08235,0.0,0.0,0.0,0.0,0.12374,0.0,0.0,0.006874,0.0,0.827134,0.0,0.0,0.0,0.283324,0.0,0.251388,0.290435,0.0,0.0,0.338819,0.0,0.0,0.0,0.180463,0.284349,0.177279,0.0,0.081948,0.336624,0.258254,0.322491,0.0,0.058482,0.0,0.055848,0.0,0.303564,0.110132,0.23609,0.0,0.165434,0.154049,0.2344,0.0,0.231213,0.0,1.364201,0.0,0.0,0.102186,0.0,0.115889,0.0,0.313014,0.0,0.120209,0.0,0.081674,0.333862,0.0,0.379534,0.214787,0.150696,0.253661,0.0,0.0,0.162716,0.090928,0.0,0.2261,0.0,0.0,0.100394,0.107736,0.183677,0.14894,0.0,0.0,0.0,0.0,0.188218,0.217906,0.204823,0.118617,0.0,0.0,0.0,0.255403,0.0,0.0,0.21126,0.107594,0.0,0.062833,0.0,0.13162,0.049736,0.164352,0.0,0.0,0.0,0.134814,0.0,0.090073,0.09273,0.0,0.197891,0.217372,0.0,0.0,0.0,0.152606,0.105062,0.156634,0.176721,0.275401,0.0,0.0,0.305791,0.103339,0.0,0.08745,0.08274,0.0,0.132944,0.049076,0.098887,0.372255,0.102182,0.0,0.0,0.0,0.326852,0.109249,0.0,0.0,0.0,0.0,0.0,0.244942,0.145485,0.163334,0.0,0.078731,0.0,0.0,0.261426,0.314269,0.0,0.159263,0.0,0.060174,0.0,0.208467,0.0,0.0,0.174992,0.09204,0.182367,0.0,0.234036,0.0,0.0,0.0,0.0,0.268832,0.364833,0.08216,0.133258,0.0,0.070098,0.0,0.277694,0.0,0.079297,0.246485,0.265862,0.155135,0.0,0.0,0.0,0.0,0.0,0.294135,0.0,0.0,0.0,0.067486,0.0,0.06576,0.0,0.292,0.0,0.255479,0.143747,0.148619,0.0,0.112315,0.244515,0.0,0.296218,0.990475,0.0,0.0,0.240485,0.092985,0.230306,0.13352,0.089516,0.0995,0.378398,0.219729,0.067709,0.0,0.0,0.0,0.32365,0.0,0.359371,0.243895,0.076985,0.0,0.0,0.072409,0.258624,0.366141,0.0,0.273385,0.338806,0.143981,0.0,0.155258,0.146272,0.482738,0.0,0.0,0.0,0.0,0.0,0.0,0.067514,0.0,0.117113,0.157013,0.0,0.0,0.0,0.0,0.294594,0.027201,0.0,0.0,0.163424,0.0,0.0,0.084982,0.441504,0.159179,0.085081,0.825532,0.226742,0.0,0.0,0.0,0.552589,0.0,0.051041,0.0,0.104416,0.0,0.197324,0.184119,0.32338,0.144283,0.260673,0.28825,0.31859,0.0,0.004451,0.225746,0.0,0.217219,0.0,0.0,0.0,0.0,0.0,0.263196,0.0,0.25292,0.0,0.0,0.233925,0.088715,0.23644,0.116641,0.0,0.071953,0.0,0.0,0.276426,0.062734,0.123041,0.0
TCGA-55-8302-01Z-00-DX1.E0C2B152-BBA9-4AA7-9E6B-BD57B68163CB,0.245702,0.0,0.0,0.0,0.0,0.19177,0.30422,0.212082,0.247216,0.139023,0.154667,0.148555,0.0,0.0,0.0,0.196652,0.0,0.130578,0.0,0.119382,0.178016,0.161588,0.0,0.0,0.0,0.0,0.187652,0.0,0.165263,0.220708,0.0,0.0,0.159414,1.033557,0.0,0.216408,0.246167,0.0,0.0,0.227321,0.0,0.261367,0.0,0.174193,0.0,0.199776,0.0,0.0,0.0,0.239836,2e-06,0.087138,0.0,0.559965,0.0,0.324864,0.135152,0.345909,0.083973,0.104657,0.0,0.291006,0.240265,0.153268,0.104748,0.233392,0.135099,0.0,0.206473,0.0,0.0,0.0,0.163027,0.054227,0.0,0.218137,0.0,0.12067,0.120178,0.0,0.0,0.591457,0.160067,0.0,0.0,0.056973,0.269406,0.0,0.222379,0.11492,0.059137,0.0,0.252028,0.0,0.436583,0.086619,0.0,0.0,0.0,0.180551,0.0,0.0,0.15461,0.202992,0.076227,0.0,0.239932,0.221077,0.163966,0.0,0.142645,0.0,0.22841,0.0,0.0,0.0,0.0,0.176551,0.150211,0.129706,0.207508,0.0,0.115106,0.0,0.190139,0.193914,0.244977,0.148382,0.221204,0.0,0.121564,0.0,0.296407,0.242343,0.101002,0.184222,0.0,0.064056,0.149917,0.0,0.234217,0.159772,0.267116,0.176414,0.0,0.150308,0.0,0.11781,0.169265,0.0,0.120135,0.233929,0.152707,0.277085,0.0,0.084912,0.249363,0.06181,0.190049,0.0,0.358065,0.0,0.247151,0.204052,0.0,0.243884,0.0,0.0,0.0,0.208967,0.0,0.304007,0.0,0.0,0.0,0.0,0.0,0.0,0.140877,0.786835,0.184221,0.183747,0.0,0.166161,0.0,0.154843,0.0,0.167642,0.0,0.0,0.0,0.0,0.311185,0.20333,0.232155,0.262747,0.093188,0.121901,0.158473,0.0,0.163556,0.0,1.163428,0.051437,0.0,0.0,0.242675,1.017996,0.0,0.0,0.0,0.0,0.204215,0.0,0.0,0.010009,0.0,0.785412,0.0,0.0,0.0,0.16856,0.0,0.155621,0.178664,0.0,0.0,0.271518,0.0,0.0,0.0,0.114787,0.252762,0.11246,0.0,0.040094,0.204968,0.16711,0.207937,0.0,0.245561,0.0,0.222616,0.0,0.190437,0.186107,0.189694,0.0,0.099432,0.091917,0.27735,0.0,0.140923,0.0,1.260904,0.0,0.0,0.076491,0.0,0.083703,0.0,0.200041,0.0,0.272597,0.0,0.142528,0.196661,0.0,0.218758,0.124054,0.22004,0.157118,0.0,0.0,0.230974,0.068783,0.0,0.128537,0.0,0.0,0.300719,0.303378,0.112183,0.086782,0.0,0.0,0.0,0.0,0.104646,0.139424,0.127266,0.093317,0.0,0.0,0.0,0.163185,0.0,0.0,0.139852,0.266332,0.0,0.235972,0.0,0.109474,0.224442,0.153073,0.0,0.0,0.0,0.095276,0.0,0.098427,0.257072,0.0,0.290398,0.308712,0.0,0.0,0.0,0.103043,0.255151,0.090275,0.104669,0.223181,0.0,0.0,0.192368,0.059984,0.0,0.262581,0.241067,0.0,0.201218,0.205123,0.168492,0.219701,0.053792,0.0,0.0,0.0,0.272652,0.081392,0.0,0.0,0.0,0.0,0.0,0.153569,0.085481,0.248838,0.0,0.172136,0.0,0.0,0.165562,0.184874,0.0,0.226901,0.0,0.226263,0.0,0.171324,0.0,0.0,0.202054,0.199229,0.116215,0.0,0.200917,0.0,0.0,0.0,0.0,0.164641,0.222136,0.084037,0.24616,0.0,0.03978,0.0,0.160444,0.0,0.269269,0.153136,0.160512,0.090207,0.0,0.0,0.0,0.0,0.0,0.172824,0.0,0.0,0.0,0.240395,0.0,0.229007,0.0,0.188663,0.0,0.157256,0.197035,0.122719,0.0,0.281118,0.146617,0.0,0.195799,0.896981,0.0,0.0,0.136257,0.27212,0.137584,0.214116,0.236954,0.133387,0.251585,0.132913,0.202097,0.0,0.0,0.0,0.304895,0.0,0.21739,0.152263,0.249574,0.0,0.0,0.175132,0.276469,0.3869,0.0,0.286658,0.230215,0.11766,0.0,0.095947,0.313054,0.464195,0.0,0.0,0.0,0.0,0.0,0.0,0.207405,0.0,0.120114,0.097229,0.0,0.0,0.0,0.0,0.238656,0.187726,0.0,0.0,0.117327,0.0,0.0,0.285727,0.449583,0.086171,0.192844,0.773253,0.137083,0.0,0.0,0.0,0.508182,0.0,0.220807,0.0,0.093976,0.0,0.269539,0.116843,0.187557,0.33267,0.162659,0.224011,0.293694,0.0,0.001036,0.335116,0.0,0.133438,0.0,0.0,0.0,0.0,0.0,0.281699,0.0,0.158613,0.0,0.0,0.21789,0.258582,0.156325,0.185091,0.0,0.065393,0.0,0.0,0.160954,0.208646,0.291449,0.0
TCGA-NJ-A55O-01Z-00-DX1.8E23C821-B8BB-4D89-9E38-E97424A685CE,0.220509,0.0,0.0,0.0,0.0,0.156126,0.364073,0.171018,0.306629,0.105018,0.129413,0.165378,1e-06,0.0,0.0,0.177805,0.0,0.144652,0.0,0.095944,0.222452,0.219946,0.0,0.0,0.0,0.0,0.137099,0.0,0.175481,0.192289,0.0,0.0,0.132321,1.14476,0.0,0.279076,0.298611,0.0,0.0,0.259122,1e-06,0.319519,0.0,0.14595,0.0,0.222218,0.0,0.0,0.0,0.293368,0.0,0.110561,0.0,0.64534,0.0,0.384631,0.117753,0.419274,0.062113,0.07647,0.0,0.339906,0.296525,0.133316,0.0621,0.300419,0.117721,0.0,0.244303,0.0,0.0,0.0,0.213996,0.036358,0.0,0.258339,0.0,0.08492,0.096016,0.0,0.0,0.669114,0.122384,0.0,0.0,0.024892,0.326503,0.0,0.177637,0.090721,0.048839,0.0,0.274219,0.0,0.491126,0.069932,0.0,0.0,0.0,0.137726,0.0,0.0,0.143757,0.173875,0.07701,0.0,0.300557,0.244005,0.118669,0.0,0.128148,0.0,0.28558,0.0,0.0,0.0,0.0,0.215048,0.121893,0.167559,0.257385,0.0,0.099912,0.0,0.234342,0.235751,0.303271,0.184427,0.197879,0.0,0.111707,0.0,0.358754,0.302262,0.130805,0.151892,0.0,0.071921,0.130365,0.0,0.295984,0.148788,0.326576,0.234524,0.0,0.117138,0.0,0.151492,0.149679,0.0,0.090015,0.294232,0.205582,0.325093,0.0,0.070957,0.201822,0.052084,0.155005,0.0,0.434386,0.0,0.276604,0.172927,0.0,0.307021,0.0,0.0,0.0,0.269072,0.0,0.36204,0.0,0.0,0.0,0.0,0.0,0.0,0.109716,0.876953,0.140708,0.208221,0.0,0.134895,0.0,0.126472,0.0,0.134906,0.0,0.0,0.0,0.0,0.369832,0.252516,0.292353,0.329712,0.05453,0.145292,0.214778,0.0,0.12916,0.0,1.271752,0.020542,0.0,0.0,0.30405,1.090024,0.0,0.0,0.0,0.0,0.241587,0.0,0.0,0.017108,0.0,0.884448,0.0,0.0,0.0,0.130453,1.3e-05,0.135891,0.150217,0.0,0.0,0.317217,0.0,0.0,0.0,0.070324,0.251031,0.094715,0.0,0.017609,0.161625,0.120704,0.168101,0.0,0.302198,0.0,0.266661,0.0,0.171758,0.249406,0.195886,0.0,0.064254,0.070934,0.328793,0.0,0.116854,0.0,1.386543,0.0,0.0,0.071453,0.0,0.08073,0.0,0.166659,0.0,0.319894,0.0,0.151063,0.164615,0.0,0.190366,0.103096,0.235935,0.127833,0.0,0.0,0.29607,0.083324,0.0,0.100322,0.0,0.0,0.359605,0.35444,0.084545,0.072024,0.0,0.0,0.0,0.0,0.076623,0.104282,0.092216,0.083158,0.0,0.0,0.0,0.129582,0.0,0.0,0.090075,0.334466,0.0,0.293187,0.0,0.125342,0.277518,0.18541,0.0,0.0,0.0,0.059375,0.0,0.133395,0.316502,0.0,0.354879,0.347129,0.0,0.0,0.0,0.08954,0.319588,0.063934,0.084197,0.26929,0.0,0.0,0.169189,0.029033,0.0,0.311029,0.301679,0.0,0.269794,0.256631,0.201611,0.185869,0.031457,0.0,0.0,0.0,0.310296,0.075894,0.0,0.0,0.0,0.0,0.0,0.113164,0.060458,0.309102,0.0,0.183085,0.0,0.0,0.124556,0.158177,0.0,0.261637,0.0,0.279508,0.0,0.214364,0.0,0.0,0.246988,0.265101,0.092817,0.0,0.234714,0.0,0.0,0.0,0.0,0.127288,0.183137,0.11904,0.290678,0.0,0.015205,0.0,0.133764,0.0,0.348893,0.113592,0.128104,0.086822,0.0,0.0,0.0,0.0,0.0,0.132263,0.0,0.0,0.0,0.293512,0.0,0.284058,0.0,0.154053,0.0,0.134866,0.231228,0.122958,0.0,0.351165,0.106489,0.0,0.208746,0.988899,0.0,0.0,0.103132,0.31489,0.10181,0.28295,0.311056,0.16295,0.221153,0.093234,0.264094,0.0,0.0,0.0,0.304628,0.0,0.202522,0.131033,0.302181,0.0,0.0,0.181947,0.293795,0.438437,0.0,0.351827,0.203322,0.132974,0.0,0.070016,0.381542,0.541818,0.0,0.0,0.0,0.0,0.0,0.0,0.252629,0.0,0.108258,0.073516,0.0,0.0,0.0,0.0,0.272327,0.212642,0.0,0.0,0.125878,0.0,0.0,0.342655,0.530649,0.070089,0.231939,0.856891,0.107612,0.0,0.0,0.0,0.591758,0.0,0.273926,0.0,0.090924,0.0,0.335859,0.086129,0.153158,0.389219,0.121898,0.266209,0.308521,0.0,0.003924,0.374858,0.0,0.11208,0.0,0.0,0.0,0.0,0.0,0.292718,0.0,0.119274,0.0,0.0,0.222362,0.316477,0.140736,0.226255,0.0,0.073017,1e-06,0.0,0.125743,0.269227,0.350925,0.0
TCGA-50-8459-01Z-00-DX1.24D876E7-5265-4C5D-A215-0BAE5450EEF3,0.296741,0.0,0.0,0.0,0.0,0.195199,0.321269,0.236296,0.252642,0.150746,0.16215,0.198752,0.0,0.0,0.0,0.238843,0.0,0.095516,0.0,0.159925,0.178847,0.087814,0.0,0.0,0.0,0.0,0.185891,0.0,0.115481,0.253147,0.0,0.0,0.172239,0.982271,0.0,0.244783,0.243079,0.0,0.0,0.319924,0.0,0.261431,0.0,0.180392,0.0,0.13156,0.0,0.0,0.0,0.25522,0.0,0.063539,0.0,0.521871,0.0,0.243475,0.150309,0.32834,0.092798,0.10909,2e-06,0.286664,0.249676,0.161383,0.092693,0.200687,0.146604,1e-06,0.132319,0.0,0.0,0.0,0.124945,0.072203,0.0,0.294448,0.0,0.135065,0.121603,0.0,0.0,0.534544,0.155812,0.0,0.0,0.04791,0.255244,0.0,0.208506,0.111678,0.062907,0.0,0.311386,0.0,0.365868,0.118261,0.0,0.0,0.0,0.178873,0.0,0.0,0.20924,0.238656,0.102884,0.0,0.275264,0.165038,0.172564,0.0,0.173174,0.0,0.216221,0.0,0.0,0.0,0.0,0.098295,0.168461,0.059271,0.141934,0.0,0.075374,0.0,0.19616,0.214189,0.243343,0.099168,0.271567,0.0,0.137646,0.0,0.284423,0.260566,0.043802,0.194026,0.0,0.073382,0.131326,0.0,0.199982,0.12866,0.275152,0.143458,0.0,0.177366,0.0,0.0444,0.188294,0.0,0.126924,0.24152,0.084757,0.236093,0.0,0.099398,0.25121,0.091548,0.198601,0.0,0.305745,0.0,0.267778,0.23651,0.0,0.265633,0.0,0.0,0.0,0.143839,0.0,0.30108,0.0,0.0,0.0,0.0,0.0,0.0,0.145529,0.718529,0.178158,0.223288,0.0,0.174665,0.0,0.163609,0.0,0.174536,0.0,0.0,0.0,0.0,0.290347,0.300298,0.23051,0.255372,0.088895,0.099477,0.138651,0.0,0.178449,0.0,1.083599,0.040004,0.0,0.0,0.229938,0.925494,0.0,0.0,0.0,0.0,0.233796,0.0,0.0,0.006381,0.0,0.724961,0.0,0.0,0.0,0.185474,6e-06,0.199445,0.187397,0.0,0.0,0.174259,0.0,0.0,0.0,0.11906,0.326694,0.148708,0.0,0.035496,0.213873,0.177888,0.222772,0.0,0.289433,0.0,0.240063,0.0,0.255099,0.164952,0.133668,0.0,0.10137,0.098233,0.205619,0.0,0.143817,0.0,1.201045,0.0,0.0,0.087664,0.0,0.103316,0.0,0.191975,0.0,0.298127,0.0,0.133711,0.210563,0.0,0.240168,0.128268,0.265429,0.17295,0.0,2e-06,0.19258,0.06104,0.0,0.14073,0.0,0.0,0.308338,0.267473,0.11574,0.10123,0.0,0.0,0.0,0.0,0.116375,0.134349,0.128422,0.084622,0.0,0.0,0.0,0.198673,0.0,0.0,0.127189,0.266307,0.0,0.244867,0.0,0.087014,0.252091,0.099099,0.0,0.0,0.0,0.077365,0.0,0.059337,0.240712,0.0,0.254877,0.342431,0.0,0.0,0.0,0.099851,0.235312,0.107114,0.121962,0.14873,0.0,0.0,0.236455,0.048746,0.0,0.246195,0.270448,0.0,0.152519,0.228288,0.209754,0.241708,0.06512,0.0,0.0,0.0,0.175677,0.082686,0.0,0.0,0.0,0.0,0.0,0.146145,0.095977,0.210936,0.0,0.157071,0.0,0.0,0.164168,0.200343,0.0,0.151306,0.0,0.222265,0.0,0.102382,0.0,0.0,0.132157,0.172138,0.128671,0.0,0.131428,0.0,0.0,0.0,1e-06,0.169273,0.228715,0.042043,0.179469,0.0,0.026876,0.0,0.176218,0.0,0.294215,0.144549,0.169665,0.156117,0.0,0.0,0.0,0.0,0.0,0.184357,0.0,0.0,0.0,0.242751,0.0,0.230262,0.0,0.174769,0.0,0.172078,0.111815,0.060761,0.0,0.265679,0.156631,0.0,0.21641,0.8341,0.0,0.0,0.143764,0.242413,0.143877,0.167161,0.266521,0.056863,0.197845,0.13686,0.203429,0.0,0.0,0.0,0.403891,0.0,0.291921,0.156612,0.264953,0.0,0.0,0.185002,0.360853,0.307882,0.0,0.225118,0.287087,0.102886,0.0,0.108727,0.297988,0.408708,0.0,0.0,0.0,0.0,0.0,0.0,0.198162,0.0,0.180667,0.14274,0.0,0.0,0.0,0.0,0.176042,0.204414,0.0,0.0,0.086195,0.0,0.0,0.27653,0.386982,0.104036,0.231198,0.693116,0.144187,0.0,0.0,0.0,0.427257,0.0,0.245046,0.0,0.052422,0.0,0.26485,0.119344,0.203613,0.304687,0.158422,0.171948,0.396665,0.0,0.00266,0.364431,0.0,0.163705,0.0,0.0,0.0,0.0,0.0,0.350656,0.0,0.16261,0.000156,0.0,0.282785,0.240774,0.141715,0.119577,0.0,0.073617,1e-06,0.0,0.170719,0.213051,0.255614,0.0
TCGA-49-4512-01Z-00-DX1.ced0bda8-f2d6-4bcb-b2d6-b122846a3079,0.110008,0.0,0.0,0.0,0.0,0.026698,0.587967,0.084695,0.514956,0.018367,0.021916,0.125429,0.0,0.0,0.0,0.087611,0.0,0.048755,0.0,0.05983,0.36321,0.13897,0.0,0.0,0.0,0.0,0.023812,0.0,0.042888,0.065661,0.0,0.0,0.024212,0.96751,0.0,0.473035,0.488912,0.0,0.0,0.314186,1e-06,0.518628,0.0,0.024367,0.0,0.046503,0.0,0.0,0.0,0.512668,0.0,0.040855,0.0,0.5037,0.0,0.243924,0.019618,0.566762,0.01285,0.013539,0.0,0.593058,0.48973,0.046701,0.013152,0.36174,0.018016,0.0,0.090988,0.0,0.0,0.0,0.229194,0.007089,0.0,0.344357,0.0,0.015624,0.073137,0.0,0.0,0.552612,0.020113,0.0,0.0,0.004187,0.524851,0.0,0.031667,0.014926,0.005696,0.0,0.364211,0.0,0.376666,0.047987,0.0,0.0,0.0,0.022715,0.0,0.0,0.131541,0.071118,0.1114,0.0,0.56217,0.059872,0.021185,0.0,0.070814,0.0,0.431199,0.0,0.0,0.0,0.0,0.075808,0.022702,0.092614,0.230362,0.0,0.014767,0.0,0.3454,0.438363,0.494492,0.056604,0.121295,0.0,0.017889,0.0,0.555939,0.51548,0.057889,0.026382,0.0,0.09531,0.025446,0.0,0.328506,0.043641,0.469753,0.209885,0.0,0.062594,0.0,0.067065,0.025714,0.0,0.015437,0.461405,0.076045,0.475659,0.0,0.012702,0.053556,0.053654,0.050477,0.0,0.342347,0.0,0.367723,0.080184,0.0,0.498819,0.0,0.0,0.0,0.116788,0.0,0.528273,0.0,0.0,0.0,0.0,0.0,0.0,0.021236,0.7062,0.023685,0.263842,0.0,0.023569,0.0,0.022183,0.0,0.023062,0.0,0.0,0.0,0.0,0.581312,0.366117,0.463635,0.525288,0.00971,0.030356,0.183313,0.0,0.022285,0.0,0.993564,0.003218,0.0,0.0,0.397992,0.885854,0.0,0.0,0.0,0.0,0.345732,0.0,0.0,0.001246,0.0,0.729881,0.0,0.0,0.0,0.040372,0.0,0.067001,0.053672,0.0,0.0,0.113324,0.0,0.0,0.0,0.011809,0.309568,0.065589,0.0,0.003455,0.027993,0.049249,0.07234,0.0,0.558444,0.0,0.462241,0.0,0.112671,0.265213,0.041044,0.0,0.011786,0.01281,0.268768,0.0,0.01869,0.0,1.138186,0.0,0.0,0.00973,0.0,0.010605,0.0,0.02861,0.0,0.508575,0.0,0.199915,0.028091,0.0,0.040347,0.017753,0.346922,0.022467,0.0,0.0,0.285821,0.012411,0.0,0.018903,0.0,0.0,0.586049,0.547135,0.015088,0.013075,0.0,0.0,0.0,0.0,0.014257,0.016983,0.015536,0.012979,0.0,0.0,0.0,0.084139,0.0,0.0,0.014719,0.506909,0.0,0.492805,0.0,0.025993,0.504611,0.085157,0.0,0.0,0.0,0.008822,0.0,0.052245,0.488699,0.0,0.394825,0.466473,0.0,0.0,0.0,0.013297,0.470918,0.012562,0.014896,0.065872,0.0,0.0,0.079421,0.005251,0.0,0.494359,0.515264,0.0,0.254117,0.432574,0.265385,0.032045,0.006296,0.0,0.0,0.0,0.125426,0.010172,0.0,0.0,0.0,0.0,0.0,0.018405,0.011169,0.317646,0.0,0.256388,0.0,0.0,0.021173,0.028286,0.0,0.263103,0.0,0.455597,0.0,0.06512,0.0,0.0,0.205453,0.34101,0.016727,0.0,0.09496,0.0,0.0,0.0,0.0,0.022302,0.043146,0.037722,0.352241,0.0,0.001282,0.0,0.024162,0.0,0.601758,0.018719,0.021641,0.10285,0.0,0.0,0.0,0.0,0.0,0.023056,0.0,0.0,0.0,0.493993,0.0,0.479165,0.0,0.02746,0.0,0.02388,0.182578,0.020386,0.0,0.523614,0.018247,0.0,0.113865,0.75859,0.0,0.0,0.019325,0.494331,0.018376,0.270853,0.496451,0.121043,0.049501,0.016113,0.406339,0.0,0.0,0.0,0.402795,0.0,0.097702,0.023763,0.513628,0.0,0.0,0.274186,0.372592,0.351652,0.0,0.259972,0.156184,0.022414,0.0,0.012003,0.561001,0.403779,0.0,0.0,0.0,0.0,0.0,0.0,0.411636,0.0,0.166282,0.080274,0.0,0.0,0.0,0.0,0.091017,0.407098,0.0,0.0,0.061776,0.0,0.0,0.58928,0.434048,0.013869,0.333727,0.648878,0.019713,0.0,0.0,0.0,0.409675,0.0,0.502426,0.0,0.015111,0.0,0.3812,0.014488,0.026154,0.557442,0.01983,0.083141,0.392058,0.0,0.000791,0.493303,0.0,0.068756,0.0,0.0,0.0,0.0,0.0,0.396696,0.0,0.020751,0.0,0.0,0.258343,0.487343,0.0254,0.244642,0.0,0.010804,0.0,0.0,0.023147,0.422252,0.494911,0.0
TCGA-50-5045-01Z-00-DX2.0FCA12EA-572E-4A7D-900D-6E200892170E,0.26431,0.0,0.0,0.0,0.0,0.19573,0.293025,0.212853,0.23937,0.140372,0.158354,0.18787,0.0,0.0,0.0,0.230453,0.0,0.116926,0.0,0.144188,0.163933,0.131479,0.0,0.0,0.0,0.0,0.177641,0.0,0.143037,0.24147,0.0,0.0,0.164054,0.992307,0.0,0.225385,0.235893,0.0,0.0,0.306749,0.0,0.250317,0.0,0.170859,0.0,0.168403,0.0,0.0,0.0,0.239397,0.0,0.070062,0.0,0.533635,0.0,0.291334,0.131893,0.329827,0.101303,0.110178,6e-06,0.268397,0.220904,0.156343,0.111621,0.211258,0.135845,1e-06,0.173076,0.0,0.0,0.0,0.160048,0.060475,0.0,0.266289,0.0,0.127607,0.126251,0.0,0.0,0.550044,0.156477,0.0,0.0,0.056358,0.24608,0.0,0.216904,0.110611,0.053829,0.0,0.279264,0.0,0.395933,0.105893,0.0,0.0,0.0,0.166135,0.0,0.0,0.179274,0.215412,0.065681,0.0,0.239081,0.194686,0.173201,0.0,0.173269,0.0,0.200956,0.0,0.0,0.0,0.0,0.149982,0.172485,0.099866,0.167809,0.0,0.094565,0.0,0.173893,0.17725,0.23198,0.122498,0.244897,0.0,0.125517,0.0,0.283071,0.238341,0.082054,0.191999,0.0,0.056875,0.143555,0.0,0.211296,0.135699,0.248187,0.157222,0.0,0.162378,0.0,0.096979,0.177744,0.0,0.117852,0.226818,0.134343,0.249887,0.0,0.088635,0.24247,0.087081,0.18509,0.0,0.350104,0.0,0.244378,0.218717,0.0,0.24583,0.0,0.0,1e-06,0.188682,0.0,0.288128,0.0,0.0,0.0,0.0,0.0,0.0,0.148938,0.754032,0.181453,0.195141,0.0,0.170593,0.0,0.156064,0.0,0.17062,0.0,0.0,0.0,0.0,0.275712,0.258779,0.221983,0.244489,0.093244,0.098562,0.136673,0.0,0.162201,5e-06,1.110484,0.04744,0.0,0.0,0.232198,0.966509,0.0,0.0,0.0,1e-06,0.203429,0.0,0.0,0.007146,0.0,0.758496,0.0,0.0,0.0,0.174466,3.3e-05,0.173148,0.182302,0.0,0.0,0.229242,0.0,0.0,0.0,0.107593,0.287677,0.127683,0.0,0.043817,0.205349,0.16537,0.205213,0.0,0.253836,0.0,0.210042,0.0,0.217267,0.179062,0.163544,0.0,0.098711,0.09141,0.240406,0.0,0.135467,0.0,1.221831,0.0,0.0,0.072229,0.0,0.077104,0.0,0.183431,0.0,0.274157,0.0,0.125075,0.20156,0.0,0.233968,0.132681,0.239665,0.159679,0.0,1e-06,0.20862,0.065189,0.0,0.135266,0.0,0.0,0.289654,0.26988,0.11375,0.093563,0.0,0.0,3e-06,0.0,0.108582,0.142599,0.125631,0.093028,0.0,0.0,0.0,0.182569,0.0,0.0,0.131176,0.262631,0.0,0.221543,0.0,0.097584,0.21799,0.133069,0.0,0.0,0.0,0.082504,0.0,0.074907,0.238425,0.0,0.265963,0.304217,0.0,0.0,0.0,0.091637,0.2446,0.098735,0.109691,0.18289,0.0,0.0,0.212977,0.054771,0.0,0.230103,0.2496,0.0,0.164562,0.20361,0.181523,0.226908,0.060527,0.0,0.0,0.0,0.2254,0.076968,0.0,0.0,0.0,0.0,0.0,0.149722,0.08626,0.225144,0.0,0.138462,0.0,0.0,0.159876,0.198749,0.0,0.195078,0.0,0.202594,0.0,0.145857,0.0,0.0,0.172944,0.178692,0.120793,0.0,0.159813,0.0,0.0,0.0,0.0,0.164824,0.224776,0.06559,0.210236,0.0,0.039951,0.0,0.16889,0.0,0.278404,0.145447,0.169713,0.12561,0.0,0.0,0.0,0.0,0.0,0.170652,0.0,0.0,0.0,0.243152,0.0,0.224444,0.0,0.169815,0.0,0.154883,0.163996,0.090823,0.0,0.265395,0.149464,0.0,0.230622,0.865937,0.0,8e-06,0.143963,0.247919,0.142226,0.187172,0.246093,0.108116,0.226927,0.128691,0.189637,0.0,0.0,0.0,0.342952,0.0,0.259833,0.164393,0.237775,0.0,0.0,0.157937,0.321928,0.342253,0.0,0.257219,0.262113,0.098198,0.0,0.090484,0.301184,0.434644,0.0,0.0,0.0,0.0,0.0,0.0,0.19047,0.0,0.1551,0.126735,0.0,0.0,0.0,0.0,0.212063,0.174811,0.0,0.0,0.099803,0.0,0.0,0.270275,0.419361,0.095229,0.179839,0.734131,0.141136,0.0,0.0,0.0,0.474237,0.0,0.217153,0.0,0.066693,0.0,0.272469,0.120475,0.196031,0.306674,0.153445,0.196522,0.337741,0.0,0.003938,0.338762,0.0,0.146393,0.0,0.0,6e-06,0.0,0.0,0.307459,0.0,0.159487,1e-05,0.0,0.244661,0.244284,0.141494,0.164621,0.0,0.062155,2e-06,0.0,0.167634,0.205311,0.262634,0.0
TCGA-69-8453-01Z-00-DX1.C472096B-95BA-42CD-ADEB-326C38F9DC95,0.34187,0.0,0.0,0.0,0.0,0.277539,0.176131,0.292635,0.123821,0.193584,0.218845,0.171044,0.0,0.0,0.0,0.262498,0.0,0.190501,0.0,0.156561,0.098329,0.188293,0.0,0.0,0.0,0.0,0.264673,0.0,0.239587,0.318228,0.0,0.0,0.237671,1.138406,0.0,0.100402,0.117167,0.0,0.0,0.198664,0.0,0.132436,0.0,0.241429,0.0,0.286826,0.0,2e-06,0.0,0.122703,0.0,0.124978,0.0,0.641282,0.0,0.375053,0.205616,0.238091,0.116072,0.143992,0.0,0.142364,0.136053,0.211704,0.13487,0.185875,0.206185,0.0,0.283632,0.0,0.0,0.0,0.13507,0.085492,0.0,0.192676,0.0,0.169989,0.14718,0.0,0.0,0.663192,0.212185,0.0,0.0,0.066819,0.134402,0.0,0.315331,0.166927,0.076659,0.0,0.212757,0.0,0.469593,0.119428,0.0,0.0,0.0,0.25847,0.0,0.0,0.154342,0.289551,0.094332,0.0,0.101816,0.31913,0.23896,0.0,0.178282,0.0,0.129205,0.0,0.0,0.0,0.0,0.228319,0.218357,0.154611,0.208115,0.0,0.150041,0.0,0.135716,0.078511,0.130698,0.210381,0.302138,0.0,0.173716,0.0,0.189323,0.123424,0.133197,0.27738,0.0,0.041397,0.198259,0.0,0.196563,0.226416,0.184193,0.18052,0.0,0.203883,0.0,0.137672,0.249118,0.0,0.171535,0.135266,0.197076,0.17784,0.0,0.120842,0.358004,0.06475,0.256769,0.0,0.396791,0.0,0.191274,0.285753,0.0,0.142164,0.0,0.0,0.0,0.299411,0.0,0.212085,0.0,0.0,0.0,0.0,0.0,0.0,0.190975,0.857892,0.266356,0.162182,0.0,0.22622,0.0,0.219326,0.0,0.237785,0.0,0.0,0.0,0.0,0.181642,0.17225,0.136207,0.154389,0.120233,0.192257,0.17888,0.0,0.259491,0.0,1.310836,0.052688,0.0,0.0,0.175282,1.124185,0.0,0.0,0.0,0.0,0.149983,0.0,0.0,0.027585,0.0,0.873303,0.0,0.0,0.0,0.253774,4e-06,0.218548,0.249321,0.0,0.0,0.364808,0.0,0.0,0.0,0.164901,0.270441,0.13133,0.0,0.042335,0.304807,0.2306,0.291539,0.0,0.110099,0.0,0.096939,0.0,0.25799,0.162859,0.26125,0.0,0.128799,0.137713,0.284855,0.0,0.193101,0.0,1.39242,0.0,0.0,0.113912,0.0,0.133652,0.0,0.280714,0.0,0.171975,0.0,0.128037,0.291295,0.0,0.321811,0.180398,0.195214,0.238894,0.0,0.0,0.233761,0.096819,0.0,0.182612,0.0,0.0,0.160818,0.164639,0.165291,0.117776,0.0,0.0,0.0,0.0,0.146756,0.188199,0.171401,0.130961,0.0,0.0,0.0,0.213062,0.0,0.0,0.18028,0.152466,0.0,0.122008,0.0,0.164168,0.10202,0.191966,0.0,0.0,0.0,0.116995,0.0,0.146437,0.148541,0.0,0.254812,0.234156,0.0,0.0,0.0,0.146569,0.15263,0.137688,0.155515,0.306722,0.0,0.0,0.260222,0.067597,0.0,0.140636,0.127628,0.0,0.188094,0.115583,0.141889,0.334635,0.079768,0.0,0.0,0.0,0.348079,0.123808,0.0,0.0,0.0,0.0,0.0,0.202218,0.120862,0.208104,0.0,0.168514,0.0,0.0,0.228899,0.267266,0.0,0.208938,0.0,0.116841,0.0,0.237948,0.0,0.0,0.207723,0.132738,0.149142,0.0,0.28102,0.0,0.0,0.0,2.8e-05,0.231424,0.32313,0.117667,0.193268,0.0,0.049179,0.0,0.231941,0.0,0.127601,0.20222,0.238466,0.088151,0.0,0.0,0.0,0.0,0.0,0.254777,0.0,0.0,0.0,0.111396,0.0,0.118349,0.0,0.276703,0.0,0.220857,0.209159,0.15935,0.0,0.173654,0.213977,0.0,0.23707,1.01396,0.0,0.0,0.194725,0.155205,0.199835,0.196179,0.14004,0.132265,0.33951,0.200854,0.102768,0.0,0.0,0.0,0.29058,0.0,0.306393,0.22134,0.121195,0.0,0.0,0.126775,0.249847,0.412337,0.0,0.307601,0.288735,0.184032,0.0,0.135951,0.19714,0.525234,0.0,0.0,0.0,0.0,0.0,0.0,0.113469,0.0,0.0902,0.096348,0.0,0.0,0.0,0.0,0.328346,0.076698,0.0,0.0,0.131895,0.0,0.0,0.144514,0.493417,0.124675,0.167245,0.863714,0.184126,0.0,0.0,0.0,0.579599,0.0,0.102427,0.0,0.12224,0.0,0.222953,0.155676,0.268275,0.209891,0.209531,0.319187,0.287211,0.0,0.005125,0.243706,0.0,0.176871,0.0,0.0,0.0,0.0,0.0,0.227733,0.0,0.221226,1e-06,0.0,0.207721,0.131923,0.230182,0.164246,0.0,0.10992,0.0,0.0,0.223616,0.111091,0.186301,0.0
TCGA-49-6745-01Z-00-DX3.40cd3c60-889c-4eaa-be55-36ab5d8b2400,0.40581,0.0,0.0,0.0,0.0,0.325528,0.115723,0.339782,0.085968,0.260312,0.279526,0.217361,0.0,0.0,0.0,0.372734,0.0,0.128482,0.0,0.239324,0.048362,0.081547,0.0,0.0,0.0,0.0,0.31029,0.0,0.14712,0.388204,0.0,0.0,0.297324,0.986063,0.0,0.066678,0.081752,0.0,0.0,0.349012,0.0,0.095136,0.0,0.301495,0.0,0.177465,0.0,0.0,0.0,0.078361,0.0,0.059166,0.0,0.518722,0.0,0.263854,0.247823,0.169481,0.196205,0.180837,0.0,0.085003,0.077368,0.258519,0.20753,0.110253,0.218943,0.0,0.151551,0.0,0.0,0.0,0.077114,0.117817,0.0,0.235895,0.0,0.237225,0.192768,0.0,0.0,0.525746,0.251995,0.0,0.0,0.097323,0.089528,0.0,0.348489,0.169195,0.088025,0.0,0.261265,0.0,0.352705,0.185407,0.0,0.0,0.0,0.284396,0.0,0.0,0.27043,0.354293,0.051806,0.0,0.073768,0.231054,0.300629,0.0,0.247827,0.0,0.072142,0.0,0.0,0.0,0.0,0.131197,0.291989,0.054404,0.093882,0.0,0.110865,0.0,0.070897,0.045863,0.085035,0.111929,0.380089,0.0,0.218502,0.0,0.110764,0.07197,0.050108,0.30798,0.0,0.038792,0.2316,0.0,0.108006,0.163291,0.120792,0.091144,0.0,0.267699,0.0,0.079676,0.314231,0.0,0.208655,0.076976,0.107812,0.120923,0.0,0.175291,0.396775,0.132048,0.303795,0.0,0.27997,0.0,0.14623,0.347682,0.0,0.086807,0.0,0.0,0.0,0.152784,0.0,0.13129,0.0,0.0,0.0,0.0,0.0,0.0,0.274538,0.736615,0.290414,0.153437,0.0,0.295624,0.0,0.27158,0.0,0.288111,0.0,0.0,0.0,0.0,0.107763,0.217913,0.075863,0.091086,0.156531,0.10936,0.085269,0.0,0.265093,0.0,1.148704,0.083855,0.0,0.0,0.1047,0.961773,0.0,0.0,0.0,0.0,0.118285,0.0,0.0,0.001154,0.0,0.733866,0.0,0.0,0.0,0.29467,0.0,0.263028,0.302957,0.0,0.0,0.233804,0.0,0.0,0.0,0.184863,0.320765,0.210814,0.0,0.097556,0.341111,0.268733,0.317285,0.0,0.07893,0.0,0.073765,0.0,0.33131,0.087544,0.180635,0.0,0.180485,0.162455,0.177606,0.0,0.241607,0.0,1.238083,0.0,0.0,0.126211,0.0,0.136382,0.0,0.307201,0.0,0.122017,0.0,0.059302,0.336972,0.0,0.388309,0.224857,0.205153,0.269073,0.0,0.0,0.129214,0.09157,0.0,0.257273,0.0,0.0,0.101741,0.106215,0.19042,0.178947,0.0,0.0,1e-06,0.0,0.196082,0.232932,0.219171,0.121632,0.0,0.0,0.0,0.280607,0.0,0.0,0.207798,0.10486,0.0,0.071178,0.0,0.100829,0.060928,0.124202,0.0,0.0,0.0,0.138917,0.0,0.039593,0.086003,0.0,0.175182,0.218536,0.0,0.0,0.0,0.158058,0.098845,0.175215,0.198539,0.171481,0.0,0.0,0.328376,0.114197,0.0,0.09552,0.100041,0.0,0.106572,0.051743,0.086727,0.382309,0.115175,0.0,0.0,0.0,0.23784,0.113643,0.0,0.0,0.0,0.0,0.0,0.24685,0.16866,0.133394,0.0,0.058227,0.0,0.0,0.271567,0.328591,0.0,0.109314,0.0,0.066806,0.0,0.132019,0.0,0.0,0.130414,0.075074,0.212546,0.0,0.152095,0.0,0.0,0.0,0.0,0.285184,0.373294,0.04878,0.100883,0.0,0.067473,0.0,0.302275,0.0,0.099505,0.250061,0.278093,0.204497,0.0,0.0,0.0,0.0,0.0,0.299716,0.0,0.0,0.0,0.083323,0.0,0.065793,0.0,0.275814,0.0,0.279547,0.097877,0.098504,0.0,0.100078,0.242907,0.0,0.265302,0.87157,0.0,0.0,0.249227,0.083792,0.242315,0.091877,0.086129,0.059872,0.315984,0.213248,0.064303,0.0,0.0,0.0,0.390279,0.0,0.390796,0.25821,0.079377,0.0,0.0,0.088022,0.321836,0.295085,0.0,0.21303,0.381463,0.123593,0.0,0.168382,0.137408,0.406173,0.0,0.0,0.0,0.0,0.0,0.0,0.061237,0.0,0.162914,0.194342,0.0,0.0,0.0,0.0,0.226121,0.039469,0.0,0.0,0.119608,0.0,0.0,0.092331,0.365463,0.17964,0.093945,0.723542,0.250124,0.0,0.0,0.0,0.463322,0.0,0.059422,0.0,0.072175,0.0,0.182741,0.200065,0.335531,0.127332,0.268708,0.199301,0.372469,0.0,0.003697,0.232262,0.0,0.240352,0.0,0.0,0.0,0.0,0.0,0.319714,0.0,0.271674,0.0,0.0,0.270164,0.089906,0.217331,0.084456,0.0,0.075199,0.0,0.0,0.30033,0.06239,0.10239,0.0
TCGA-86-8076-01Z-00-DX1.e7378b2f-e20e-4d2f-a86c-3a8ead08a385,0.229645,0.0,0.0,0.0,0.0,0.164045,0.374643,0.177778,0.287744,0.118689,0.140171,0.11476,0.0,0.0,0.0,0.196253,0.0,0.121244,0.0,0.1134,0.216019,0.15351,0.0,0.0,0.0,0.0,0.144342,0.0,0.156254,0.204465,0.0,0.0,0.145976,1.01822,0.0,0.273454,0.30058,0.0,0.0,0.307001,0.0,0.301267,0.0,0.146684,0.0,0.154219,0.0,0.0,0.0,0.298767,0.0,0.086637,0.0,0.560924,0.0,0.304648,0.125456,0.406743,0.080138,0.093481,0.0,0.332558,0.281574,0.107982,0.067047,0.284262,0.132056,0.0,0.161607,0.0,0.0,0.0,0.169201,0.046039,0.0,0.328312,0.0,0.103509,0.056438,0.0,0.0,0.574752,0.127327,0.0,0.0,0.032269,0.303527,0.0,0.178617,0.100333,0.058012,0.0,0.279056,0.0,0.416646,0.073573,0.0,0.0,0.0,0.131813,0.0,0.0,0.164989,0.179138,0.111934,0.0,0.315537,0.182857,0.138248,0.0,0.115771,0.0,0.253378,0.0,0.0,0.0,0.0,0.133321,0.145198,0.084154,0.19975,0.0,0.083966,0.0,0.231441,0.235209,0.295363,0.139239,0.219105,0.0,0.124477,0.0,0.350707,0.306019,0.102796,0.162922,0.0,0.082458,0.110118,0.0,0.252836,0.147707,0.318421,0.194372,0.0,0.130944,0.0,0.090216,0.164932,0.0,0.106864,0.274064,0.145115,0.308314,0.0,0.085042,0.189833,0.056437,0.150046,0.0,0.365342,1e-06,0.263822,0.174602,0.0,0.288493,0.0,0.0,0.0,0.169766,0.0,0.349276,0.0,0.0,0.0,0.0,0.0,0.0,0.121801,0.769422,0.145361,0.194446,0.0,0.147722,0.0,0.140182,0.0,0.144483,0.0,0.0,0.0,0.0,0.339908,0.295601,0.291275,0.306908,0.066632,0.107804,0.191426,0.0,0.132027,1e-06,1.12141,0.028194,0.0,0.0,0.297757,0.953494,0.0,0.0,6e-06,0.0,0.239112,0.0,0.0,0.008165,0.0,0.767408,0.0,0.0,0.0,0.14601,3e-06,0.147063,0.150373,0.0,0.0,0.196607,0.0,0.0,0.0,0.085845,0.289573,0.112145,0.0,0.018923,0.16652,0.124265,0.154199,0.0,0.319544,0.0,0.276427,0.0,0.208226,0.22838,0.151232,0.0,0.079788,0.085517,0.268982,0.0,0.128787,0.0,1.240279,0.0,0.0,0.088902,0.0,0.102704,0.0,0.155496,0.0,0.323298,0.0,0.158968,0.172068,0.0,0.197285,0.115794,0.29706,0.138199,0.0,0.0,0.263296,0.082449,0.0,0.116864,0.0,0.0,0.343427,0.331403,0.099392,0.093283,0.0,0.0,0.0,0.0,0.093165,0.121228,0.102503,0.101981,0.0,0.0,0.0,0.145792,0.0,0.0,0.098728,0.320631,0.0,0.277622,0.0,0.110214,0.294537,0.154267,0.0,0.0,0.0,0.062762,0.0,0.082664,0.293306,0.0,0.31298,0.340787,0.0,0.0,0.0,0.099848,0.297192,0.087783,0.098822,0.167422,0.0,0.0,0.186032,0.037123,0.0,0.293746,0.30732,0.0,0.216147,0.236486,0.185149,0.188086,0.044579,0.0,0.0,0.0,0.201663,0.091976,0.0,0.0,0.0,0.0,0.0,0.115187,0.069119,0.261684,0.0,0.229064,0.0,0.0,0.132299,0.164699,0.0,0.219897,0.0,0.266169,0.0,0.140875,0.0,0.0,0.203872,0.215699,0.110576,0.0,0.153039,0.0,0.0,0.0,0.0,0.138983,0.181186,0.091449,0.238043,0.0,0.010482,0.0,0.148356,0.0,0.351579,0.111027,0.138994,0.08944,0.0,0.0,0.0,0.0,0.0,0.136139,0.0,0.0,0.0,0.306438,0.0,0.277043,0.0,0.14019,0.0,0.148434,0.174959,0.070197,0.0,0.312588,0.122198,0.0,0.159158,0.861843,0.0,0.0,0.121816,0.313623,0.119782,0.227476,0.28968,0.11292,0.164292,0.102976,0.234434,0.0,0.0,0.0,0.358699,0.0,0.237478,0.142913,0.289716,0.0,3e-06,0.176334,0.359842,0.362323,0.0,0.286783,0.235502,0.117393,0.0,0.080118,0.366207,0.443145,0.0,0.0,0.0,0.0,0.0,0.0,0.244368,0.0,0.136251,0.09381,0.0,0.0,0.0,0.0,0.214733,0.234613,0.0,0.0,0.064391,0.0,0.0,0.33786,0.453171,0.088396,0.280114,0.727961,0.12634,0.0,0.0,0.0,0.479954,0.0,0.270891,0.0,0.068407,0.0,0.32743,0.093235,0.157461,0.367697,0.126684,0.18666,0.339214,0.0,0.010405,0.362375,0.0,0.126601,0.0,0.0,0.0,0.0,0.0,0.317197,0.0,0.13556,0.0,0.0,0.23539,0.30339,0.125679,0.186652,0.0,0.090097,0.0,0.0,0.145788,0.257573,0.317813,0.0
TCGA-44-6776-01Z-00-DX1.551e200f-5f40-4b95-8b2f-7c6000a21be0,0.12562,0.0,0.0,0.0,0.0,0.010448,0.603012,0.094624,0.519492,0.006027,0.00826,0.156672,0.0,0.0,0.0,0.093626,0.0,0.039252,0.0,0.083264,0.358867,0.105249,0.0,0.0,0.0,0.0,0.008593,0.0,0.049857,0.064466,0.0,0.0,0.007998,0.946383,0.0,0.492286,0.504371,0.0,0.0,0.361444,0.0,0.526851,0.0,0.008771,0.0,0.034521,0.0,0.0,0.0,0.531948,0.0,0.045369,0.0,0.483745,0.0,0.215189,0.007328,0.558152,0.004074,0.005259,0.0,0.603758,0.499986,0.05881,0.004149,0.335446,0.007215,0.0,0.056671,0.0,0.0,0.0,0.228016,0.002036,0.0,0.352925,0.0,0.005083,0.09881,0.0,0.0,0.512888,0.008075,0.0,0.0,0.001805,0.533423,0.0,0.014886,0.00638,0.003088,0.0,0.389847,0.0,0.351686,0.075025,0.0,0.0,0.0,0.008326,0.0,0.0,0.163942,0.074954,0.112678,0.0,0.573669,0.040407,0.007325,0.0,0.089957,0.0,0.427038,0.0,0.0,0.0,0.0,0.052257,0.009724,0.076374,0.207453,0.0,0.017266,0.0,0.337194,0.46054,0.48463,0.044877,0.139738,0.0,0.006571,0.0,0.540208,0.530509,0.05736,0.010125,0.0,0.10049,0.027685,0.0,0.314726,0.035956,0.464774,0.2061,0.0,0.077494,0.0,0.064093,0.009279,0.0,0.005949,0.47042,0.040172,0.459635,0.0,0.004603,0.05981,0.07693,0.054586,0.0,0.334234,0.0,0.385476,0.08336,0.0,0.519828,0.0,0.0,0.0,0.106242,0.0,0.527712,0.0,0.0,0.0,0.0,0.0,0.0,0.006666,0.680924,0.009428,0.285188,0.0,0.009759,0.0,0.008543,0.0,0.00947,0.0,0.0,0.0,0.0,0.581545,0.404705,0.452144,0.542747,0.003293,0.024273,0.168004,0.0,0.00843,0.0,0.961182,0.001217,0.0,0.0,0.38191,0.847583,0.0,0.0,0.0,0.0,0.360429,0.0,0.0,0.000846,0.0,0.706577,0.0,0.0,0.0,0.037594,6e-06,0.082659,0.066682,0.0,0.0,0.070621,0.0,0.0,0.0,0.00444,0.325005,0.086733,0.0,0.001006,0.013375,0.063168,0.078011,0.0,0.585062,0.0,0.471284,0.0,0.139675,0.255809,0.036292,0.0,0.003994,0.004783,0.243287,0.0,0.00745,0.0,1.109944,0.0,0.0,0.004576,0.0,0.005077,0.0,0.017103,0.0,0.513989,0.0,0.198783,0.010735,0.0,0.038853,0.006396,0.369127,0.008267,0.0,0.0,0.254513,0.007669,0.0,0.00579,0.0,0.0,0.608921,0.54035,0.006336,0.005023,0.0,0.0,0.0,0.0,0.005491,0.006964,0.005489,0.006985,0.0,0.0,0.0,0.101084,0.0,0.0,0.006438,0.517783,0.0,0.50336,0.0,0.032971,0.523586,0.084679,0.0,0.0,0.0,0.003929,0.0,0.058796,0.483954,0.0,0.366771,0.487533,0.0,0.0,0.0,0.006079,0.47212,0.004132,0.005188,0.057174,0.0,0.0,0.102408,0.001743,0.0,0.489765,0.538061,0.0,0.232937,0.456021,0.288258,0.011503,0.001916,0.0,0.0,0.0,0.086085,0.006087,0.0,0.0,0.0,0.0,0.0,0.006908,0.003179,0.304689,0.0,0.231305,0.0,0.0,0.007585,0.010335,0.0,0.227725,0.0,0.463642,0.0,0.053603,0.0,0.0,0.180517,0.330605,0.007235,0.0,0.073376,0.0,0.0,0.0,0.0,0.008226,0.027541,0.03413,0.329725,0.0,0.001193,0.0,0.010126,0.0,0.607328,0.007512,0.00912,0.124398,0.0,0.0,0.0,0.0,0.0,0.007792,0.0,0.0,0.0,0.498934,0.0,0.472716,0.0,0.015563,0.0,0.011392,0.162124,0.014719,0.0,0.501737,0.007514,0.0,0.138808,0.73993,0.0,0.0,0.006466,0.480247,0.006511,0.254026,0.524065,0.08918,0.051984,0.006224,0.424258,0.0,0.0,0.0,0.436347,0.0,0.117537,0.012799,0.5312,0.0,0.0,0.285294,0.391313,0.330597,0.0,0.239025,0.171596,0.01013,0.0,0.003969,0.563369,0.374501,0.0,0.0,0.0,0.0,0.0,0.0,0.409251,0.0,0.192907,0.111505,0.0,0.0,0.0,0.0,0.06338,0.426341,0.0,0.0,0.077956,0.0,0.0,0.581066,0.393338,0.004629,0.316051,0.636812,0.007464,0.0,0.0,0.0,0.385512,0.0,0.508066,0.0,0.00806,0.0,0.367163,0.005235,0.009502,0.550884,0.007223,0.053569,0.428419,0.0,0.000281,0.510401,0.0,0.079503,0.0,0.0,0.0,0.0,0.0,0.423191,0.0,0.007508,0.0,0.0,0.271965,0.486223,0.011425,0.225397,0.0,0.005575,0.0,0.0,0.007485,0.432015,0.483455,0.0
TCGA-S2-AA1A-01Z-00-DX1.4B5D5FAE-8305-4D2D-B245-584589352886,0.192795,0.0,0.0,0.0,0.0,0.094349,0.450181,0.132559,0.37381,0.05858,0.073988,0.177581,1e-06,0.0,0.0,0.140749,0.0,0.092353,0.0,0.089337,0.277577,0.140014,0.0,0.0,0.0,0.0,0.084853,0.0,0.105448,0.137562,0.0,0.0,0.074877,1.001164,0.0,0.364611,0.364856,0.0,0.0,0.335737,0.0,0.382057,0.0,0.080593,0.0,0.12486,0.0,0.0,0.0,0.37664,0.0,0.066362,0.0,0.547754,0.0,0.25825,0.063681,0.458548,0.034832,0.042486,0.0,0.407186,0.377439,0.084788,0.044836,0.288146,0.064983,0.0,0.134327,0.0,0.0,0.0,0.19179,0.020986,0.0,0.311625,0.0,0.051552,0.07919,0.0,0.0,0.547262,0.072134,0.0,0.0,0.019822,0.386243,0.0,0.110063,0.057698,0.026473,0.0,0.335661,0.0,0.400794,0.06299,0.0,0.0,0.0,0.082479,0.0,0.0,0.164835,0.122171,0.099065,0.0,0.401954,0.142187,0.078419,0.0,0.117407,0.0,0.310148,0.0,0.0,0.0,0.0,0.120377,0.073593,0.087869,0.215522,0.0,0.061359,0.0,0.270163,0.313923,0.359203,0.09965,0.168199,0.0,0.052595,0.0,0.40658,0.390559,0.073436,0.09076,0.0,0.09343,0.084381,0.0,0.277551,0.089709,0.368402,0.189638,0.0,0.099575,0.0,0.07744,0.0808,0.0,0.055501,0.360621,0.110077,0.349721,0.0,0.040115,0.139917,0.057737,0.108401,0.0,0.358222,0.0,0.342456,0.133763,0.0,0.39155,0.0,0.0,0.0,0.16356,0.0,0.402011,0.0,0.0,0.0,0.0,0.0,0.0,0.060698,0.742571,0.091935,0.255509,6e-06,0.08419,0.0,0.073706,1e-06,0.08428,0.0,0.0,0.0,0.0,0.415372,0.343442,0.350137,0.37905,0.038919,0.076168,0.162272,0.0,0.078351,0.0,1.066935,0.016898,0.0,0.0,0.31926,0.937654,0.0,0.0,0.0,0.0,0.288147,0.0,0.0,0.004864,0.0,0.742564,0.0,0.0,0.0,0.08392,5.2e-05,0.126749,0.101247,0.0,0.0,0.171662,0.0,0.0,0.0,0.047564,0.302845,0.092694,0.0,0.011584,0.09871,0.097446,0.121048,0.0,0.411637,0.0,0.335131,0.0,0.151685,0.230912,0.113645,0.0,0.042449,0.041549,0.24417,0.0,0.069819,0.0,1.215494,0.0,0.0,0.037014,0.0,0.04058,0.0,0.101542,0.0,0.410269,0.0,0.163435,0.098704,0.0,0.126456,0.056279,0.293402,0.076617,0.0,0.0,0.264508,0.041301,0.0,0.055932,0.0,0.0,0.443989,0.396524,0.050756,0.042466,0.0,0.0,0.0,0.0,0.048284,0.059932,0.054138,0.045778,0.0,0.0,0.0,0.12468,0.0,0.0,0.058695,0.39999,0.0,0.362646,0.0,0.070377,0.374291,0.108228,0.0,0.0,0.0,0.039826,0.0,0.068322,0.36124,0.0,0.335864,0.411048,0.0,0.0,0.0,0.050384,0.348175,0.040105,0.04653,0.147282,0.0,0.0,0.150001,0.020844,0.0,0.345535,0.377939,0.0,0.211176,0.338464,0.296839,0.105664,0.02078,0.0,0.0,0.0,0.171657,0.044885,0.0,0.0,0.0,0.0,0.0,0.06779,0.032105,0.288921,0.0,0.186474,0.0,0.0,0.070586,0.091845,0.0,0.22291,0.0,0.321157,0.0,0.122335,0.0,0.0,0.162286,0.253773,0.062347,0.0,0.121555,0.0,0.0,0.0,1e-06,0.072254,0.119526,0.054913,0.267438,0.0,0.016887,0.0,0.077379,0.0,0.432211,0.067638,0.074884,0.118732,0.0,0.0,0.0,0.0,0.0,0.078574,0.0,0.0,0.0,0.375164,0.0,0.34545,0.0,0.102539,0.0,0.074365,0.180062,0.072996,0.0,0.392087,0.070165,0.0,0.21922,0.847002,0.0,0.0,0.065302,0.361592,0.06309,0.226774,0.392984,0.10434,0.146415,0.063846,0.310535,0.0,0.0,0.0,0.373086,0.0,0.18216,0.077085,0.377843,0.0,0.0,0.2268,0.375108,0.349202,0.0,0.271909,0.207939,0.070806,0.0,0.038549,0.427997,0.427452,0.0,0.0,0.0,0.0,0.0,0.0,0.296312,0.0,0.184824,0.104054,0.0,0.0,0.0,0.0,0.158446,0.306579,0.0,0.0,0.090672,0.0,0.0,0.405263,0.439556,0.036821,0.252522,0.71722,0.056841,0.0,0.0,0.0,0.452485,0.0,0.349273,0.0,0.05394,0.0,0.355547,0.049301,0.09031,0.434899,0.070082,0.160414,0.362828,0.0,0.000249,0.449596,0.0,0.105115,0.0,0.0,0.0,0.0,0.0,0.356853,0.0,0.07606,0.0,0.0,0.28919,0.373392,0.090042,0.180996,0.0,0.036373,9e-06,0.0,0.071019,0.332401,0.3823,0.0
TCGA-71-8520-01Z-00-DX1.EAE99132-A397-4B4D-8B09-CBB774A7B62F,0.220487,0.0,0.0,0.0,0.0,0.178852,0.322009,0.197023,0.244522,0.107654,0.141032,0.171442,0.0,0.0,0.0,0.167225,0.0,0.172413,0.0,0.0962,0.20025,0.235253,0.0,0.0,0.0,0.0,0.163947,0.0,0.227317,0.202634,0.0,0.0,0.136282,1.168795,0.0,0.22602,0.245553,0.0,0.0,0.20341,0.0,0.269787,0.0,0.147286,0.0,0.275702,0.0,1e-06,0.0,0.256403,0.0,0.12565,0.0,0.652751,0.0,0.407233,0.124991,0.365241,0.064998,0.080394,0.0,0.300237,0.258919,0.142963,0.080774,0.271665,0.118888,0.0,0.288299,0.0,0.0,0.0,0.208978,0.043525,0.0,0.192642,0.0,0.087988,0.127306,0.0,0.0,0.692322,0.129955,0.0,0.0,0.03891,0.286446,0.0,0.215656,0.114213,0.053743,0.0,0.232088,0.0,0.496226,0.07815,0.0,0.0,0.0,0.166923,0.0,0.0,0.126705,0.176852,0.082439,0.0,0.244786,0.292307,0.132623,0.0,0.130363,0.0,0.248166,0.0,0.0,0.0,0.0,0.253605,0.130965,0.183784,0.267301,0.0,0.127483,0.0,0.203516,0.19472,0.250829,0.2163,0.201521,0.0,0.106381,0.0,0.325292,0.257525,0.166007,0.172464,0.0,0.054771,0.157173,0.0,0.272278,0.184269,0.276544,0.226135,0.0,0.128806,0.0,0.180884,0.146673,0.0,0.101137,0.254967,0.219532,0.294385,0.0,0.071798,0.251477,0.05128,0.159166,0.0,0.438126,0.0,0.263949,0.189502,0.0,0.266918,0.0,0.0,3e-06,0.314612,0.0,0.325953,0.0,0.0,0.0,0.0,0.0,0.0,0.110407,0.893679,0.169293,0.194069,0.0,0.137343,0.0,0.140567,0.0,0.144298,0.0,0.0,0.0,0.0,0.324483,0.201922,0.249505,0.29462,0.060487,0.172428,0.211103,0.0,0.162744,0.0,1.303602,0.023245,0.0,0.0,0.255089,1.136237,0.0,0.0,0.0,0.0,0.204057,0.0,0.0,0.027988,0.0,0.906188,0.0,0.0,0.0,0.148843,0.000469,0.147328,0.16462,0.0,0.0,0.377778,0.0,0.0,0.0,0.088664,0.238399,0.100023,0.0,0.023668,0.192505,0.152121,0.189846,0.0,0.255109,0.0,0.217909,0.0,0.173794,0.21927,0.247428,0.0,0.073317,0.087296,0.334629,0.0,0.119904,0.0,1.421171,0.0,0.0,0.074483,0.0,0.082576,0.0,0.191647,0.0,0.282335,0.0,0.153367,0.185974,0.0,0.199171,0.108943,0.217618,0.146335,0.0,0.0,0.282119,0.09303,0.0,0.097179,0.0,0.0,0.308037,0.300068,0.099008,0.073831,0.0,0.0,0.0,0.0,0.093494,0.123355,0.102939,0.101722,0.0,0.0,0.0,0.155001,0.0,0.0,0.116316,0.282664,0.0,0.258353,0.0,0.152418,0.235372,0.201163,0.0,0.0,0.0,0.077253,0.0,0.161244,0.275242,0.0,0.332597,0.319575,0.0,0.0,0.0,0.106983,0.277488,0.071155,0.091533,0.307271,0.0,0.0,0.185155,0.042391,0.0,0.263899,0.253468,0.0,0.246202,0.228654,0.182751,0.199814,0.038994,0.0,0.0,0.0,0.340209,0.093217,0.0,0.0,0.0,0.0,0.0,0.124222,0.064974,0.286669,0.0,0.177751,0.0,0.0,0.142278,0.170181,0.0,0.269881,0.0,0.242296,0.0,0.255695,0.0,0.0,0.251547,0.235548,0.088636,0.0,0.265853,0.0,0.0,0.0,0.0,0.144721,0.206354,0.130717,0.289989,0.0,0.038388,0.0,0.134415,0.0,0.284569,0.132061,0.150247,0.065232,0.0,0.0,0.0,0.0,0.0,0.144391,0.0,0.0,0.0,0.24648,0.0,0.245902,0.0,0.195448,0.0,0.140849,0.244182,0.159142,0.0,0.300153,0.135011,0.0,0.227137,1.021862,0.0,0.0,0.123768,0.278434,0.118605,0.277498,0.268298,0.185865,0.284647,0.119048,0.214292,0.0,0.0,0.0,0.25892,0.0,0.1998,0.148651,0.254574,0.0,0.0,0.15388,0.253028,0.46418,0.0,0.34854,0.194574,0.15358,0.0,0.075449,0.332497,0.555066,0.0,0.0,0.0,0.0,0.0,0.0,0.216349,0.0,0.083753,0.07967,0.0,0.0,0.0,0.0,0.309341,0.172934,0.0,0.0,0.150898,0.0,0.0,0.281805,0.53315,0.075093,0.181546,0.8848,0.110882,0.0,0.0,0.0,0.610317,0.0,0.22777,0.0,0.12665,0.0,0.298475,0.096438,0.157828,0.34423,0.124338,0.304627,0.264336,0.0,0.003159,0.331361,0.0,0.108753,0.0,0.0,1e-06,0.0,0.0,0.248918,0.0,0.147528,0.0,0.0,0.201326,0.270843,0.179209,0.229372,0.0,0.088711,0.0,0.0,0.123962,0.230638,0.313999,0.0
TCGA-93-A4JO-01Z-00-DX1.314C53B6-603C-402B-8CF7-E3CE851A0A0F,0.34136,0.0,0.0,0.0,0.0,0.280168,0.136338,0.271674,0.103729,0.204689,0.240229,0.085996,0.0,0.0,0.0,0.301908,0.0,0.185807,0.0,0.160765,0.067583,0.179209,0.0,0.0,0.0,0.0,0.268351,0.0,0.244206,0.320555,0.0,0.0,0.251696,1.088131,0.0,0.080027,0.104315,0.0,0.0,0.208168,0.0,0.113996,0.0,0.258667,0.0,0.263045,0.0,0.0,0.0,0.097726,0.0,0.139616,4e-06,0.617577,0.0,0.368914,0.217572,0.222889,0.128045,0.161619,0.0,0.120106,0.097206,0.191979,0.11431,0.19509,0.244782,0.0,0.256596,0.0,0.0,0.0,0.113251,0.082005,0.0,0.244078,0.0,0.18078,0.095275,0.0,0.0,0.620173,0.226843,0.0,0.0,0.064595,0.114491,0.0,0.315112,0.184079,0.108144,0.0,0.1826,0.0,0.460854,0.114811,0.0,0.0,0.0,0.23301,0.0,0.0,0.140196,0.302903,0.12617,0.0,0.082908,0.318447,0.248773,0.0,0.159056,0.0,0.099751,0.0,0.0,0.0,0.0,0.228751,0.235643,0.140838,0.214393,0.0,0.159053,0.0,0.131001,0.05923,0.110407,0.21072,0.30396,0.0,0.218242,0.0,0.166592,0.103062,0.112637,0.290748,0.0,0.067927,0.183087,0.0,0.179544,0.254844,0.17703,0.185433,0.0,0.207696,0.0,0.118852,0.280447,0.0,0.193131,0.105049,0.1901,0.176541,0.0,0.14137,0.324911,0.047881,0.26512,0.0,0.393789,0.0,0.15158,0.277169,0.0,0.106776,0.0,0.0,0.0,0.272919,0.0,0.191462,0.0,0.0,0.0,0.0,0.0,0.0,0.209122,0.81853,0.25412,0.113834,2e-06,0.251663,0.0,0.235259,0.0,0.252374,0.0,0.0,0.0,0.0,0.152323,0.193458,0.103367,0.127179,0.124213,0.194082,0.173525,0.0,0.244354,0.0,1.243432,0.060657,0.0,0.0,0.18742,1.057802,0.0,0.0,0.0,0.0,0.125633,0.0,0.0,0.011992,0.0,0.841061,0.0,0.0,0.0,0.253474,0.0,0.214,0.25158,0.0,0.0,0.307563,0.0,0.0,0.0,0.161323,0.251579,0.13308,0.0,0.033788,0.297942,0.220944,0.276269,0.0,0.090869,0.0,0.080369,0.0,0.243713,0.189841,0.253945,0.0,0.130689,0.152151,0.285032,0.0,0.219702,0.0,1.330963,0.0,0.0,0.157039,0.0,0.170012,0.0,0.275267,0.0,0.136913,0.0,0.130981,0.300137,0.0,0.335466,0.19471,0.229729,0.248722,0.0,0.0,0.263084,0.126628,0.0,0.200949,0.0,0.0,0.129181,0.144513,0.172178,0.151231,0.0,0.0,0.0,0.0,0.152539,0.212513,0.173827,0.1825,0.0,0.0,0.0,0.215866,0.0,0.0,0.197579,0.121526,0.0,0.087418,0.0,0.184975,0.075816,0.203418,0.0,1.6e-05,0.0,0.11787,0.0,0.131444,0.121205,0.0,0.254364,0.172075,0.0,0.0,0.0,0.166646,0.136361,0.156108,0.16456,0.273424,0.0,0.0,0.244862,0.060003,0.0,0.113252,0.101651,0.0,0.196678,0.073423,0.098625,0.338303,0.076488,0.0,0.0,0.0,0.32255,0.15928,0.0,0.0,0.0,0.0,0.0,0.207163,0.121043,0.20318,0.0,0.209717,0.0,0.0,0.240597,0.282864,0.0,0.187392,0.0,0.09399,0.0,0.224278,0.0,0.0,0.202456,0.103189,0.186871,0.0,0.253918,0.0,0.0,0.0,0.0,0.232245,0.326481,0.124164,0.167856,0.0,0.025764,0.0,0.247865,0.0,0.113399,0.205986,0.252308,0.053017,0.0,0.0,0.0,0.0,0.0,0.2549,0.0,0.0,0.0,0.099034,0.0,0.102369,0.0,0.256804,0.0,0.244585,0.204332,0.120604,0.0,0.149965,0.213428,0.0,0.164242,0.964366,0.0,0.0,0.207042,0.134633,0.223019,0.213478,0.102382,0.130576,0.306638,0.195587,0.083732,0.0,0.0,0.0,0.284162,0.0,0.330886,0.248889,0.098345,0.0,0.0,0.105073,0.248725,0.400096,0.0,0.295627,0.282742,0.203841,0.0,0.146871,0.173543,0.498887,0.0,0.0,0.0,0.0,0.0,0.0,0.089808,0.0,0.071619,0.071419,0.0,0.0,0.0,0.0,0.318573,0.054809,0.0,0.0,0.090673,0.0,0.0,0.127184,0.471722,0.148881,0.242027,0.816957,0.199296,0.0,0.0,0.0,0.55443,0.0,0.077261,0.0,0.133253,0.0,0.232293,0.162021,0.278576,0.193072,0.218225,0.30788,0.277382,0.0,0.019264,0.205473,0.0,0.179372,0.0,0.0,0.0,0.0,0.0,0.200455,0.0,0.248483,0.0,0.0,0.16526,0.119609,0.229715,0.149721,0.0,0.158986,0.0,0.0,0.250156,0.085192,0.164624,0.0
TCGA-86-A4P8-01Z-00-DX1.D65E8855-F7A1-4584-A501-BBFBC61C2DEB,0.321183,0.0,0.0,0.0,0.0,0.255278,0.221553,0.259812,0.171462,0.189828,0.208388,0.175064,0.0,0.0,0.0,0.287296,0.0,0.139692,0.0,0.180744,0.113583,0.120027,0.0,0.0,0.0,0.0,0.238556,0.0,0.176055,0.30207,0.0,0.0,0.217071,1.009483,0.0,0.144947,0.171784,2e-06,0.0,0.285129,0.0,0.177595,0.0,0.232661,0.0,0.201007,0.0,0.0,0.0,0.170666,0.0,0.065196,0.0,0.537818,0.0,0.294811,0.175975,0.269515,0.143119,0.147852,0.0,0.190566,0.157838,0.199198,0.151084,0.178898,0.193071,0.0,0.188535,0.0,0.0,0.0,0.120531,0.084074,0.0,0.238745,0.0,0.178627,0.147236,0.0,0.0,0.555924,0.214052,0.0,0.0,0.076428,0.177276,0.0,0.282396,0.145608,0.076563,0.0,0.244925,0.0,0.383497,0.135331,0.0,0.0,0.0,0.223419,0.0,0.0,0.191423,0.273213,0.069044,0.0,0.155929,0.242198,0.237286,0.0,0.188053,0.0,0.140203,0.0,0.0,0.0,0.0,0.157974,0.225115,0.098744,0.143015,0.0,0.119179,0.0,0.13033,0.114781,0.162703,0.135697,0.305732,0.0,0.171298,0.0,0.220463,0.1581,0.083801,0.250231,0.0,0.04984,0.190416,0.0,0.178826,0.175282,0.195382,0.139462,0.0,0.208146,0.0,0.090241,0.242786,0.0,0.1651,0.166267,0.131259,0.188719,0.0,0.127894,0.323486,0.097273,0.241295,0.0,0.341612,0.0,0.196087,0.266293,0.0,0.166946,0.0,0.0,0.0,0.194309,0.0,0.231039,0.0,0.0,0.0,0.0,0.0,0.0,0.19424,0.759801,0.24161,0.161242,0.0,0.227788,0.0,0.204167,0.0,0.228294,0.0,0.0,0.0,0.0,0.207216,0.214407,0.150267,0.183891,0.126525,0.124222,0.130483,0.0,0.210011,0.0,1.143282,0.070154,0.0,0.0,0.186712,0.982456,0.0,0.0,0.0,0.0,0.165755,0.0,0.0,0.003807,0.0,0.768482,0.0,0.0,0.0,0.234925,6e-06,0.209277,0.233849,0.0,0.0,0.2418,0.0,0.0,0.0,0.149062,0.289406,0.159786,0.0,0.064409,0.27564,0.212606,0.260396,0.0,0.172055,0.0,0.154481,0.0,0.264974,0.147359,0.197199,0.0,0.135565,0.129269,0.22874,0.0,0.180852,0.0,1.241944,0.0,0.0,0.097764,0.0,0.109306,0.0,0.238961,0.0,0.203875,0.0,0.113522,0.264079,0.0,0.307932,0.182747,0.20913,0.214295,0.0,0.0,0.188223,0.088328,0.0,0.181459,0.0,0.0,0.213897,0.204053,0.153748,0.123249,0.0,0.0,0.0,0.0,0.149372,0.196456,0.16892,0.115161,0.0,0.0,0.0,0.214999,0.0,0.0,0.178938,0.187168,0.0,0.155086,0.0,0.120388,0.141816,0.144844,0.0,0.0,0.0,0.109181,0.0,0.067749,0.177533,0.0,0.225793,0.251297,0.0,0.0,0.0,0.124877,0.181227,0.131617,0.145537,0.204941,0.0,0.0,0.25428,0.080922,0.0,0.18042,0.178616,0.0,0.145101,0.129882,0.135265,0.307692,0.086854,0.0,0.0,0.0,0.241431,0.108331,0.0,0.0,0.0,0.0,0.0,0.198955,0.11159,0.189059,0.0,0.130358,0.0,0.0,0.217622,0.258361,0.0,0.160286,0.0,0.146089,0.0,0.155517,0.0,0.0,0.171239,0.126235,0.162505,0.0,0.173964,0.0,0.0,0.0,0.0,0.215787,0.292203,0.070888,0.174794,0.0,0.061847,0.0,0.226722,0.0,0.200524,0.195749,0.231835,0.130497,0.0,0.0,0.0,0.0,0.0,0.234987,0.0,0.0,0.0,0.168169,0.0,0.152225,0.0,0.223175,0.0,0.207694,0.148713,0.108375,0.0,0.193751,0.203973,0.0,0.226909,0.873949,0.0,0.0,0.201258,0.185971,0.190578,0.163268,0.168462,0.100055,0.29086,0.181178,0.128608,0.0,0.0,0.0,0.341844,0.0,0.31501,0.207666,0.169174,0.0,0.0,0.120643,0.287032,0.337925,0.0,0.247641,0.296674,0.124559,0.0,0.128655,0.235132,0.433621,0.0,0.0,0.0,0.0,0.0,0.0,0.127211,0.0,0.144082,0.132653,0.0,0.0,0.0,0.0,0.234802,0.114332,0.0,0.0,0.12147,0.0,0.0,0.196605,0.406351,0.133842,0.169669,0.74224,0.187666,0.0,0.0,0.0,0.47917,0.0,0.143462,0.0,0.087927,0.0,0.235649,0.167039,0.264111,0.232784,0.212506,0.209076,0.335804,0.0,0.005596,0.28265,0.0,0.179653,0.0,0.0,0.0,0.0,0.0,0.281421,0.0,0.21301,0.0,0.0,0.236283,0.181886,0.182758,0.140257,0.0,0.078829,0.0,0.0,0.220574,0.140842,0.19932,0.0
TCGA-50-5939-01Z-00-DX1.745D7503-0744-46B1-BC89-EBB8FCE2D55C,0.260363,0.0,0.0,0.0,0.0,0.204691,0.285024,0.212853,0.209155,0.13916,0.177627,0.124703,0.0,0.0,0.0,0.219091,0.0,0.143841,0.0,0.121332,0.15914,0.169177,0.0,0.0,0.0,0.0,0.197653,0.0,0.19253,0.230229,0.0,0.0,0.176693,1.054111,0.0,0.184095,0.200871,0.0,0.0,0.212686,0.0,0.22138,0.0,0.182504,0.0,0.204138,0.0,0.0,0.0,0.220147,0.0,0.107805,0.0,0.590294,0.0,0.326413,0.157767,0.31635,0.081235,0.105205,0.0,0.248591,0.221004,0.143967,0.0857,0.235247,0.162594,0.0,0.219034,0.0,0.0,0.0,0.141474,0.055381,0.0,0.222369,0.0,0.122235,0.099631,0.0,0.0,0.607448,0.152779,0.0,0.0,0.040532,0.231386,0.0,0.229279,0.125328,0.07068,0.0,0.230592,0.0,0.420897,0.090317,0.0,0.0,0.0,0.182489,0.0,0.0,0.127516,0.222847,0.122158,0.0,0.212591,0.253998,0.177621,0.0,0.123228,0.0,0.195505,0.0,0.0,0.0,0.0,0.182235,0.159724,0.134956,0.219791,0.0,0.104627,0.0,0.192547,0.161572,0.209644,0.168731,0.235159,0.0,0.137386,0.0,0.265762,0.218284,0.093449,0.199015,0.0,0.064255,0.143511,0.0,0.215956,0.178379,0.258853,0.194508,0.0,0.156311,0.0,0.091038,0.191635,0.0,0.138644,0.20763,0.163395,0.246808,0.0,0.096965,0.262962,0.047791,0.191024,0.0,0.379695,0.0,0.237407,0.216666,0.0,0.217128,0.0,0.0,0.0,0.22421,0.0,0.287574,0.0,0.0,0.0,0.0,0.0,0.0,0.138246,0.788282,0.196996,0.175336,9.7e-05,0.1864,0.0,0.17328,0.0,0.178809,0.0,0.0,0.0,0.0,0.278234,0.212407,0.203595,0.236392,0.080608,0.145845,0.17086,0.0,0.18617,0.0,1.174214,0.029969,0.0,0.0,0.233946,1.012223,0.0,0.0,0.0,0.0,0.194968,0.0,0.0,0.006063,0.0,0.805744,0.0,0.0,0.0,0.185067,0.0,0.169433,0.189489,0.0,0.0,0.265139,0.0,0.0,0.0,0.119734,0.265138,0.112295,0.0,0.018575,0.223991,0.172178,0.213966,0.0,0.214063,0.0,0.184151,0.0,0.195071,0.192944,0.199627,0.0,0.098652,0.105369,0.268395,0.0,0.155092,0.0,1.285802,0.0,0.0,0.103503,0.0,0.120962,0.0,0.212378,0.0,0.246421,0.0,0.14427,0.224964,0.0,0.241684,0.129227,0.234142,0.180696,0.0,0.0,0.255866,0.088709,0.0,0.138097,0.0,0.0,0.259023,0.254744,0.116864,0.109017,0.0,0.0,0.0,0.0,0.108661,0.140846,0.122409,0.115236,0.0,0.0,0.0,0.175644,0.0,0.0,0.132011,0.227107,0.0,0.207323,0.0,0.131946,0.203589,0.162511,0.0,0.0,0.0,0.088565,0.0,0.116227,0.227147,0.0,0.286798,0.288081,0.0,0.0,0.0,0.121805,0.216203,0.10824,0.117291,0.230778,0.0,0.0,0.206768,0.046377,0.0,0.213833,0.207897,0.0,0.212882,0.179379,0.168355,0.245712,0.04587,0.0,0.0,0.0,0.265055,0.115929,0.0,0.0,0.0,0.0,0.0,0.149455,0.082452,0.246383,0.0,0.210173,0.0,0.0,0.166554,0.202805,0.0,0.213978,0.0,0.195747,0.0,0.185862,0.0,0.0,0.193786,0.172359,0.132867,0.0,0.200036,0.0,0.0,0.0,1e-06,0.163868,0.237028,0.077167,0.226613,0.0,0.028139,0.0,0.158285,0.0,0.226626,0.142986,0.17311,0.079834,0.0,0.0,0.0,0.0,0.0,0.179469,0.0,0.0,0.0,0.193616,0.0,0.203903,0.0,0.203068,0.0,0.170042,0.190142,0.104671,0.0,0.256609,0.162133,0.0,0.185124,0.915183,0.0,0.0,0.147297,0.229855,0.155761,0.228551,0.211916,0.123551,0.255042,0.14796,0.170955,0.0,0.0,0.0,0.303728,0.0,0.257008,0.16475,0.207613,0.0,0.0,0.148033,0.271304,0.389526,0.0,0.283303,0.235585,0.147342,0.0,0.099711,0.276995,0.476075,0.0,0.0,0.0,0.0,0.0,0.0,0.176237,0.0,0.10049,0.067643,0.0,0.0,0.0,0.0,0.256316,0.152533,0.0,0.0,0.096096,0.0,0.0,0.240579,0.463359,0.088276,0.253753,0.775226,0.140833,0.0,0.0,0.0,0.50649,0.0,0.188585,0.0,0.0967,0.0,0.27139,0.109502,0.203384,0.300609,0.154805,0.25075,0.309597,0.0,0.000941,0.302429,0.0,0.128196,0.0,0.0,0.0,0.0,0.0,0.255991,0.0,0.180594,0.0,0.0,0.209558,0.218674,0.182696,0.166566,0.0,0.097598,0.0,0.0,0.167599,0.178021,0.259643,0.0
TCGA-93-A4JP-01Z-00-DX1.994E229B-5251-4F61-8C41-863047F3A136,0.273763,0.0,0.0,0.0,0.0,0.214166,0.263865,0.224251,0.238406,0.152777,0.172256,0.165052,0.0,0.0,0.0,0.23076,0.0,0.13528,0.0,0.143166,0.154388,0.165894,0.0,0.0,0.0,0.0,0.205262,0.0,0.173717,0.262486,0.0,0.0,0.18905,1.064782,0.0,0.202195,0.223594,0.0,0.0,0.267463,0.0,0.236737,0.0,0.186728,0.0,0.214296,0.0,0.0,0.0,0.215113,0.0,0.084722,0.0,0.578506,0.0,0.340958,0.154117,0.332926,0.097851,0.108373,0.0,0.262714,0.214594,0.186223,0.116246,0.215244,0.158183,0.0,0.217355,0.0,0.0,0.0,0.173986,0.065622,0.0,0.240088,0.0,0.136614,0.140571,0.0,0.0,0.600464,0.172717,0.0,0.0,0.059767,0.238801,0.0,0.239565,0.123506,0.061474,0.0,0.257272,0.0,0.437947,0.11325,0.0,0.0,0.0,0.177918,0.0,0.0,0.174206,0.231177,0.06781,0.0,0.215394,0.242811,0.196817,0.0,0.171044,0.0,0.207772,0.0,0.0,0.0,0.0,0.191737,0.170803,0.132512,0.189335,0.0,0.115181,0.0,0.171889,0.167212,0.223121,0.152468,0.25577,0.0,0.136552,0.0,0.282941,0.223525,0.105874,0.210025,0.0,0.065174,0.167771,0.0,0.226868,0.172305,0.246102,0.175374,0.0,0.169353,0.0,0.133542,0.197441,0.0,0.126536,0.219981,0.162219,0.254829,0.0,0.097699,0.267664,0.081796,0.208965,0.0,0.372525,0.0,0.230397,0.234527,0.0,0.227929,0.0,0.0,0.0,0.228347,0.0,0.277907,0.0,0.0,0.0,0.0,0.0,0.0,0.161364,0.790048,0.198906,0.174898,1e-06,0.181608,0.0,0.163642,0.0,0.186905,0.0,0.0,0.0,0.0,0.278577,0.214724,0.21386,0.243548,0.100325,0.129827,0.16815,0.0,0.175665,0.0,1.190624,0.058573,0.0,0.0,0.229732,1.026445,0.0,0.0,0.0,0.0,0.191706,0.0,0.0,0.01463,0.0,0.815455,0.0,0.0,0.0,0.186611,0.0,0.173094,0.200896,0.0,0.0,0.286004,0.0,0.0,0.0,0.120906,0.259462,0.12985,0.0,0.044625,0.219714,0.169665,0.222478,0.0,0.223335,0.0,0.194862,0.0,0.218261,0.183953,0.200467,0.0,0.095666,0.103452,0.269524,0.0,0.154933,0.0,1.301115,0.0,0.0,0.083978,0.0,0.073396,0.0,0.209492,0.0,0.247529,0.0,0.14441,0.219327,0.0,0.250368,0.14499,0.215054,0.170109,0.0,0.0,0.231449,0.0687,0.0,0.146139,0.0,0.0,0.273312,0.271016,0.127716,0.091316,0.0,0.0,0.0,0.0,0.114456,0.146736,0.128773,0.107346,0.0,0.0,0.0,0.185562,0.0,0.0,0.14928,0.245071,0.0,0.207548,0.0,0.117364,0.193076,0.1476,0.0,0.0,0.0,0.092611,0.0,0.092084,0.237916,0.0,0.276239,0.277036,0.0,0.0,0.0,0.100332,0.246533,0.110411,0.115364,0.222125,0.0,0.0,0.211981,0.063581,0.0,0.228431,0.228485,0.0,0.188599,0.174962,0.158569,0.255802,0.060964,0.0,0.0,0.0,0.286879,0.085517,0.0,0.0,0.0,0.0,0.0,0.161318,0.090871,0.235656,0.0,0.15417,0.0,0.0,0.173198,0.212257,0.0,0.210751,0.0,0.200233,0.0,0.192619,0.0,0.0,0.20048,0.187846,0.134272,0.0,0.20812,0.0,0.0,0.0,0.0,0.17702,0.25048,0.097143,0.22508,0.0,0.037053,1e-06,0.183257,0.0,0.259694,0.163115,0.179508,0.108702,3e-06,0.0,0.0,0.0,0.0,0.196343,0.0,0.0,0.0,0.217456,0.0,0.220324,0.0,0.20663,0.0,0.171064,0.183656,0.112987,0.0,0.261698,0.153639,0.0,0.220143,0.922473,0.0,0.0,0.154593,0.240749,0.155209,0.20847,0.228224,0.136964,0.274857,0.145087,0.188099,0.0,0.0,0.0,0.326025,0.0,0.254792,0.179317,0.224601,0.0,0.0,0.153308,0.283386,0.389066,0.0,0.285858,0.26268,0.12246,0.0,0.10867,0.295751,0.476969,0.0,0.0,0.0,0.0,0.0,0.0,0.184574,0.0,0.133336,0.11335,0.0,0.0,0.0,0.0,0.247888,0.154463,0.0,0.0,0.126427,0.0,0.0,0.268209,0.45088,0.102515,0.173182,0.790397,0.142571,0.0,0.0,0.0,0.520157,0.0,0.197964,0.0,0.095413,0.0,0.269342,0.125115,0.21552,0.30069,0.163147,0.233227,0.313468,0.0,0.010012,0.310076,0.0,0.147658,0.0,0.0,0.0,0.0,0.0,0.276546,0.0,0.179923,0.0,0.0,0.221102,0.239629,0.171188,0.183935,0.0,0.079203,0.0,0.0,0.183251,0.193036,0.258422,0.0
TCGA-55-6980-01Z-00-DX1.2f1d1858-42b9-4e3b-966d-2f3f429570a6,0.299916,0.0,0.0,0.0,0.0,0.224663,0.255959,0.242288,0.208197,0.158046,0.179834,0.17368,0.0,0.0,0.0,0.248814,0.0,0.155928,0.0,0.145309,0.155469,0.177864,0.0,0.0,0.0,0.0,0.210312,0.0,0.188997,0.270132,0.0,0.0,0.197775,1.115804,0.0,0.183569,0.196464,0.0,0.0,0.25532,0.0,0.222555,0.0,0.198686,0.0,0.226609,0.0,0.0,0.0,0.202267,0.0,0.102499,0.0,0.629267,0.0,0.357534,0.16664,0.310518,0.097387,0.109973,0.0,0.231873,0.204163,0.183854,0.120566,0.221392,0.157608,0.0,0.242806,0.0,0.0,0.0,0.157426,0.057531,0.0,0.215084,0.0,0.140254,0.140527,0.0,0.0,0.640035,0.176342,0.0,0.0,0.04572,0.22382,0.0,0.251346,0.123989,0.052558,0.0,0.259369,0.0,0.453638,0.110642,0.0,0.0,0.0,0.200483,0.0,0.0,0.162279,0.24544,0.086534,0.0,0.200356,0.2733,0.193895,0.0,0.171606,0.0,0.193053,0.0,0.0,0.0,0.0,0.204049,0.168832,0.139655,0.21155,0.0,0.108622,0.0,0.179102,0.159618,0.210229,0.179606,0.27378,0.0,0.140103,0.0,0.258512,0.206944,0.110036,0.212517,0.0,0.054865,0.181157,0.0,0.226089,0.176042,0.242891,0.183129,0.0,0.17826,0.0,0.120782,0.211852,0.0,0.143229,0.204763,0.184294,0.238855,0.0,0.105978,0.299523,0.072243,0.228077,0.0,0.396624,0.0,0.228251,0.243335,0.0,0.215991,0.0,0.0,0.0,0.260224,0.0,0.272468,0.0,0.0,0.0,0.0,0.0,0.0,0.160072,0.841507,0.213377,0.189396,0.0,0.193711,0.0,0.180593,0.0,0.200648,0.0,0.0,0.0,0.0,0.265416,0.207025,0.194751,0.23483,0.097007,0.151779,0.175074,0.0,0.192408,0.0,1.262323,0.049412,0.0,0.0,0.21901,1.082565,0.0,0.0,0.0,0.0,0.194934,0.0,0.0,0.006227,0.0,0.855882,0.0,0.0,0.0,0.205574,0.0,0.186028,0.215525,0.0,0.0,0.312887,0.0,0.0,0.0,0.122494,0.276095,0.131026,0.0,0.041495,0.23774,0.192323,0.242291,0.0,0.204085,0.0,0.177327,0.0,0.23082,0.188991,0.207773,0.0,0.109864,0.1063,0.282039,0.0,0.166566,0.0,1.369392,0.0,0.0,0.07795,0.0,0.10044,0.0,0.227582,0.0,0.239343,0.0,0.127922,0.238206,0.0,0.274256,0.152723,0.205857,0.182823,0.0,0.0,0.242496,0.078175,0.0,0.156473,0.0,0.0,0.249815,0.247832,0.12239,0.102318,0.0,0.0,0.0,0.0,0.124952,0.147272,0.13351,0.092262,0.0,0.0,0.0,0.187371,0.0,0.0,0.139773,0.234628,0.0,0.196309,0.0,0.124776,0.188267,0.1771,0.0,0.0,0.0,0.091859,0.0,0.125912,0.220092,0.0,0.28384,0.291709,0.0,0.0,0.0,0.115884,0.224791,0.10676,0.121389,0.265392,0.0,0.0,0.225765,0.058751,0.0,0.212069,0.207428,0.0,0.210912,0.17294,0.160322,0.264747,0.060044,0.0,0.0,0.0,0.30593,0.092919,0.0,0.0,0.0,0.0,0.0,0.167731,0.098491,0.238796,0.0,0.162529,0.0,0.0,0.184644,0.217612,0.0,0.216141,0.0,0.192323,0.0,0.201949,0.0,0.0,0.20831,0.180657,0.12872,0.0,0.233493,0.0,0.0,0.0,0.0,0.182788,0.264401,0.098633,0.219668,0.0,0.038794,0.0,0.188748,0.0,0.233523,0.162455,0.182919,0.11449,0.0,0.0,0.0,0.0,0.0,0.202,0.0,0.0,0.0,0.196501,0.0,0.196461,0.0,0.218156,0.0,0.180055,0.19074,0.130733,0.0,0.246462,0.165439,0.0,0.234211,0.981304,0.0,0.0,0.16439,0.225797,0.160749,0.212386,0.211862,0.125752,0.2891,0.154607,0.181267,0.0,0.0,0.0,0.323093,0.0,0.273118,0.171404,0.209935,0.0,0.0,0.133364,0.275026,0.399696,0.0,0.30854,0.267492,0.134003,0.0,0.110162,0.278492,0.50228,0.0,0.0,0.0,0.0,0.0,0.0,0.176273,0.0,0.108299,0.105681,0.0,0.0,0.0,0.0,0.275537,0.143353,0.0,0.0,0.148223,0.0,0.0,0.240803,0.490466,0.106776,0.188447,0.827031,0.156458,0.0,0.0,0.0,0.560152,0.0,0.184955,0.0,0.100426,0.0,0.267157,0.122228,0.218812,0.275673,0.173956,0.276674,0.318325,0.0,0.002868,0.30324,0.0,0.165244,0.0,0.0,0.0,0.0,0.0,0.277064,0.0,0.175098,0.0,0.0,0.222285,0.213327,0.187073,0.177314,0.0,0.066208,0.0,0.0,0.186698,0.177987,0.253324,0.0
TCGA-86-8055-01Z-00-DX1.546dc42e-3742-4da5-8f9b-80732180ce76,0.178426,0.0,0.0,0.0,0.0,0.112481,0.457083,0.143039,0.363412,0.07435,0.091252,0.136243,0.0,0.0,0.0,0.132189,0.0,0.110993,0.0,0.087409,0.278761,0.158058,0.0,0.0,0.0,0.0,0.102501,0.0,0.146803,0.149096,0.0,0.0,0.092121,1.009818,0.0,0.348384,0.379194,0.0,0.0,0.307168,0.0,0.376471,0.0,0.095579,0.0,0.142347,0.0,0.0,0.0,0.376762,0.0,0.08049,0.0,0.543676,0.0,0.290238,0.080258,0.473912,0.048986,0.063628,0.0,0.425158,0.359283,0.088228,0.05641,0.309854,0.086012,0.0,0.148851,0.0,0.0,0.0,0.208826,0.030253,0.0,0.328698,0.0,0.064056,0.069328,0.0,0.0,0.569448,0.088416,0.0,0.0,0.029348,0.386877,0.0,0.129067,0.069575,0.042944,0.0,0.305547,0.0,0.410321,0.059463,0.0,0.0,0.0,0.095018,0.0,0.0,0.16132,0.121044,0.100742,0.0,0.401303,0.148046,0.089068,0.0,0.103488,0.0,0.321831,0.0,0.0,0.0,0.0,0.122188,0.098753,0.087437,0.205708,0.0,0.078895,0.0,0.268965,0.304139,0.371179,0.128439,0.171856,0.0,0.079285,0.0,0.42692,0.387114,0.119458,0.112416,0.0,0.08674,0.092415,0.0,0.289876,0.123152,0.369486,0.196877,0.0,0.099406,0.0,0.105821,0.102332,0.0,0.067597,0.350139,0.129463,0.366413,0.0,0.049357,0.144905,0.06034,0.104591,0.0,0.362503,7e-06,0.311257,0.13477,0.0,0.370921,0.0,0.0,0.0,0.168694,0.0,0.413972,0.0,0.0,0.0,0.0,0.0,0.0,0.076711,0.759861,0.1036,0.220508,0.0,0.090501,0.0,0.08794,0.0,0.095336,0.0,0.0,0.0,0.0,0.424342,0.306844,0.366156,0.387016,0.041788,0.093908,0.202574,0.0,0.091763,4e-06,1.093954,0.024369,0.0,0.0,0.336662,0.942566,0.0,0.0,7e-06,0.0,0.279515,0.0,0.0,0.022013,0.0,0.756677,0.0,0.0,0.0,0.098679,1.3e-05,0.116709,0.105175,0.0,0.0,0.189969,0.0,0.0,0.0,0.057556,0.290106,0.089987,0.0,0.019866,0.115366,0.097851,0.116123,0.0,0.407813,0.0,0.349302,0.0,0.177867,0.240557,0.140096,0.0,0.049516,0.058935,0.273415,0.0,0.080987,0.0,1.220046,0.0,0.0,0.057081,0.0,0.061707,0.0,0.110685,0.0,0.399418,0.0,0.178673,0.111417,0.0,0.131479,0.079716,0.312213,0.088277,0.0,0.0,0.265162,0.06564,0.0,0.069582,0.0,0.0,0.433372,0.408456,0.072038,0.050347,0.0,0.0,0.0,0.0,0.060716,0.086343,0.07145,0.07222,0.0,0.0,0.0,0.112879,0.0,0.0,0.072911,0.399938,0.0,0.357204,0.0,0.094368,0.37828,0.139003,0.0,0.0,0.0,0.049615,0.0,0.080372,0.369118,0.0,0.337605,0.398564,0.0,0.0,0.0,0.066607,0.365017,0.052726,0.064441,0.149823,0.0,0.0,0.153184,0.033994,0.0,0.367103,0.387188,0.0,0.21871,0.31405,0.227098,0.124123,0.033203,0.0,0.0,0.0,0.183423,0.061214,0.0,0.0,0.0,0.0,0.0,0.084296,0.044868,0.291371,0.0,0.229286,0.0,0.0,0.087361,0.109321,0.0,0.247393,0.0,0.339983,0.0,0.131661,0.0,0.0,0.210173,0.268122,0.067492,0.0,0.144246,0.0,0.0,0.0,0.0,0.096316,0.129117,0.096765,0.283813,0.0,0.022097,0.0,0.100229,0.0,0.444021,0.081871,0.095249,0.091885,3e-06,0.0,0.0,0.0,0.0,0.09175,0.0,0.0,0.0,0.38869,0.0,0.352363,0.0,0.108204,0.0,0.096508,0.192859,0.083954,0.0,0.386606,0.081448,0.0,0.165521,0.840803,0.0,0.0,0.077888,0.389064,0.078361,0.231636,0.370973,0.120229,0.145096,0.073265,0.298024,0.0,0.0,0.0,0.368525,0.0,0.168571,0.101975,0.368532,0.0,1.2e-05,0.219898,0.367293,0.366065,0.0,0.287242,0.19914,0.094089,0.0,0.050686,0.444487,0.441026,0.0,0.0,0.0,0.0,0.0,0.0,0.308834,0.0,0.155166,0.099237,0.0,0.0,0.0,0.0,0.187717,0.299546,0.0,0.0,0.082493,0.0,0.0,0.427917,0.451368,0.054343,0.267556,0.719448,0.079321,0.0,0.0,0.0,0.46431,0.0,0.34969,0.0,0.070949,0.0,0.353886,0.064869,0.099918,0.435824,0.083551,0.162281,0.339848,0.0,0.013618,0.415863,0.0,0.095374,0.0,0.0,0.0,0.0,0.0,0.336902,0.0,0.087118,0.0,0.0,0.251106,0.380655,0.100609,0.215474,0.0,0.067121,0.0,0.0,0.085483,0.328968,0.386943,0.0
TCGA-86-8074-01Z-00-DX1.0c34b434-8701-4060-a4ea-08a72371ee1e,0.141283,0.0,0.0,0.0,0.0,0.072408,0.523848,0.114809,0.420778,0.04341,0.054754,0.144573,0.0,0.0,0.0,0.101397,0.0,0.094165,0.0,0.072702,0.324062,0.154812,0.0,0.0,0.0,0.0,0.063453,0.0,0.121346,0.113118,0.0,0.0,0.054918,1.000314,0.0,0.405926,0.431615,0.0,0.0,0.317802,0.0,0.435549,0.0,0.057499,0.0,0.114074,0.0,0.0,0.0,0.438001,0.0,0.067725,0.0,0.533741,0.0,0.278352,0.046522,0.524881,0.028052,0.035506,0.0,0.498635,0.417571,0.070313,0.039632,0.338879,0.047705,0.0,0.129031,0.0,0.0,0.0,0.227774,0.018612,0.0,0.33828,0.0,0.038189,0.068722,0.0,0.0,0.567091,0.055612,0.0,0.0,0.01882,0.447601,0.0,0.083715,0.042523,0.021148,0.0,0.325368,0.0,0.400549,0.048004,0.0,0.0,0.0,0.062257,0.0,0.0,0.153617,0.091027,0.099752,0.0,0.468005,0.114033,0.055221,0.0,0.088106,0.0,0.370651,0.0,0.0,0.0,0.0,0.106626,0.060525,0.088239,0.214069,0.0,0.057964,0.0,0.301578,0.358129,0.427341,0.109058,0.146997,0.0,0.043829,0.0,0.486357,0.447359,0.115708,0.069583,0.0,0.089292,0.066937,0.0,0.314666,0.098933,0.415432,0.204371,0.0,0.078511,0.0,0.102553,0.062681,0.0,0.039128,0.402022,0.115802,0.412329,0.0,0.028384,0.109667,0.059392,0.075226,0.0,0.361526,1e-06,0.344178,0.109105,0.0,0.427316,0.0,0.0,0.0,0.150272,0.0,0.461804,0.0,0.0,0.0,0.0,0.0,0.0,0.047419,0.745103,0.066472,0.239455,0.0,0.055673,0.0,0.053956,0.0,0.059511,0.0,0.0,0.0,0.0,0.489325,0.323594,0.419871,0.448331,0.02536,0.070132,0.207239,0.0,0.058496,0.0,1.068634,0.013413,0.0,0.0,0.368978,0.92742,0.0,0.0,1e-06,0.0,0.314677,0.0,0.0,0.013024,0.0,0.746715,0.0,0.0,0.0,0.066823,4e-06,0.095602,0.076379,0.0,0.0,0.171263,0.0,0.0,0.0,0.034356,0.295095,0.078368,0.0,0.01296,0.072679,0.076371,0.089465,0.0,0.478641,0.0,0.41014,0.0,0.160599,0.252636,0.113447,0.0,0.030432,0.035272,0.276514,0.0,0.04765,0.0,1.201803,0.0,0.0,0.027939,0.0,0.030585,0.0,0.073674,0.0,0.454266,0.0,0.192836,0.070726,0.0,0.087535,0.0476,0.324293,0.054263,0.0,0.0,0.267587,0.039575,0.0,0.040259,0.0,0.0,0.501957,0.46849,0.043464,0.029306,0.0,0.0,0.0,0.0,0.0386,0.050296,0.043455,0.042417,0.0,0.0,0.0,0.094406,0.0,0.0,0.043473,0.452814,0.0,0.413662,0.0,0.069268,0.444286,0.124156,0.0,0.0,0.0,0.030089,0.0,0.066248,0.425374,0.0,0.362252,0.442466,0.0,0.0,0.0,0.038504,0.416446,0.028903,0.037569,0.123719,0.0,0.0,0.12603,0.022754,0.0,0.423825,0.448318,0.0,0.227345,0.361142,0.25195,0.078231,0.02051,0.0,0.0,0.0,0.159209,0.032654,0.0,0.0,0.0,0.0,0.0,0.051399,0.026908,0.310693,0.0,0.243244,0.0,0.0,0.052591,0.06865,0.0,0.257861,0.0,0.395557,0.0,0.112969,0.0,0.0,0.217336,0.301333,0.040016,0.0,0.128477,0.0,0.0,0.0,0.0,0.059682,0.090897,0.088467,0.313555,0.0,0.016725,0.0,0.060612,0.0,0.514528,0.051205,0.057617,0.096737,0.0,0.0,0.0,0.0,0.0,0.056119,0.0,0.0,0.0,0.445588,0.0,0.407536,0.0,0.07419,0.0,0.05996,0.195659,0.06453,0.0,0.439392,0.051366,0.0,0.156956,0.822395,0.0,0.0,0.049336,0.441116,0.047349,0.248987,0.42971,0.122752,0.111147,0.045891,0.350222,0.0,0.0,0.0,0.383522,0.0,0.135374,0.062768,0.435194,0.0,5e-06,0.24485,0.377512,0.365144,0.0,0.287048,0.17783,0.063569,0.0,0.02996,0.501457,0.431963,0.0,0.0,0.0,0.0,0.0,0.0,0.357578,0.0,0.164912,0.099274,0.0,0.0,0.0,0.0,0.158586,0.352646,0.0,0.0,0.082685,0.0,0.0,0.497928,0.450999,0.031492,0.283479,0.703521,0.045947,0.0,0.0,0.0,0.447815,0.0,0.415046,0.0,0.048802,0.0,0.373222,0.040373,0.062709,0.488516,0.050344,0.134577,0.356607,0.0,0.00652,0.457002,0.0,0.077569,0.0,0.0,0.0,0.0,0.0,0.364835,0.0,0.052459,0.0,0.0,0.260672,0.431137,0.070888,0.2333,0.0,0.039976,0.0,0.0,0.051249,0.375381,0.436015,0.0
TCGA-53-7624-01Z-00-DX1.51b4de19-3531-4bcb-b822-fa966480f2ad,0.362287,0.0,0.0,0.0,0.0,0.314756,0.120128,0.303674,0.086946,0.219707,0.24552,0.187045,0.0,0.0,0.0,0.310291,0.0,0.164025,0.0,0.191923,0.060546,0.134328,0.0,0.0,0.0,0.0,0.289601,0.0,0.207786,0.344205,0.0,0.0,0.262319,1.049024,0.0,0.061022,0.077028,0.0,0.0,0.240244,0.0,0.089229,0.0,0.260452,0.0,0.255291,0.0,0.0,0.0,0.073722,0.0,0.07966,0.0,0.572443,0.0,0.337153,0.216087,0.182825,0.152423,0.156352,0.0,0.091522,0.080899,0.233706,0.189442,0.125647,0.207871,0.0,0.235498,0.0,0.0,0.0,0.095391,0.088131,0.0,0.153893,0.0,0.202842,0.186058,0.0,0.0,0.584214,0.240417,0.0,0.0,0.091617,0.088875,0.0,0.339413,0.171608,0.080641,0.0,0.210587,0.0,0.404788,0.15018,0.0,0.0,0.0,0.264775,0.0,0.0,0.179419,0.314706,0.066273,0.0,0.055198,0.30382,0.281768,0.0,0.207136,0.0,0.083983,0.0,0.0,0.0,0.0,0.21747,0.239438,0.106481,0.149563,0.0,0.153972,0.0,0.086376,0.039197,0.093188,0.171393,0.32951,0.0,0.177011,0.0,0.13394,0.076318,0.085447,0.289019,0.0,0.033974,0.236833,0.0,0.140437,0.207403,0.135824,0.126738,0.0,0.234683,0.0,0.109932,0.279489,0.0,0.191483,0.091992,0.1679,0.138536,0.0,0.147632,0.387575,0.092715,0.292666,0.0,0.341685,0.0,0.168472,0.297807,0.0,0.089593,0.0,0.0,0.0,0.247525,0.0,0.155294,0.0,0.0,0.0,0.0,0.0,0.0,0.219737,0.782747,0.296527,0.146758,0.0,0.264637,0.0,0.24434,0.0,0.279145,0.0,0.0,0.0,0.0,0.126168,0.138822,0.080504,0.101302,0.154607,0.142798,0.119162,0.0,0.258365,0.0,1.212029,0.08614,0.0,0.0,0.121611,1.039464,0.0,0.0,0.0,0.0,0.121992,0.0,0.0,0.012159,0.0,0.794615,0.0,0.0,0.0,0.273699,0.0,0.239518,0.274782,0.0,0.0,0.317851,0.0,0.0,0.0,0.182699,0.276011,0.16856,0.0,0.080636,0.325052,0.24718,0.307451,0.0,0.068239,0.0,0.054778,0.0,0.271226,0.105225,0.233821,0.0,0.158295,0.144136,0.232884,0.0,0.221186,0.0,1.314834,0.0,0.0,0.103474,0.0,0.115672,0.0,0.294643,0.0,0.129416,0.0,0.089599,0.316009,0.0,0.352541,0.20423,0.157419,0.246356,0.0,0.0,0.161038,0.086624,0.0,0.206665,0.0,0.0,0.107745,0.113451,0.178476,0.144807,0.0,0.0,0.0,0.0,0.176711,0.211105,0.190457,0.125196,0.0,0.0,0.0,0.244912,0.0,0.0,0.217526,0.107476,0.0,0.067033,0.0,0.136392,0.057285,0.15753,0.0,0.0,0.0,0.132929,0.0,0.086016,0.094445,0.0,0.188799,0.211672,0.0,0.0,0.0,0.147685,0.114416,0.15251,0.161935,0.259993,0.0,0.0,0.287225,0.099197,0.0,0.094372,0.087189,0.0,0.12734,0.055533,0.103642,0.347248,0.094495,0.0,0.0,0.0,0.303391,0.116634,0.0,0.0,0.0,0.0,0.0,0.22783,0.129737,0.161689,0.0,0.107142,0.0,0.0,0.246715,0.29542,0.0,0.16456,0.0,0.07199,0.0,0.209221,0.0,0.0,0.169674,0.086294,0.173769,0.0,0.215778,0.0,0.0,0.0,0.0,0.250271,0.347563,0.071654,0.145557,0.0,0.075465,0.0,0.252845,0.0,0.083454,0.241417,0.254097,0.121894,0.0,0.0,0.0,0.0,0.0,0.28317,0.0,0.0,0.0,0.069756,0.0,0.077278,0.0,0.290153,0.0,0.242568,0.155475,0.147955,0.0,0.114966,0.237002,0.0,0.267438,0.94494,0.0,0.0,0.227821,0.106286,0.222048,0.144212,0.091088,0.104385,0.371451,0.214541,0.068581,0.0,0.0,0.0,0.302722,0.0,0.337093,0.231248,0.080441,0.0,0.0,0.074951,0.229628,0.366811,0.0,0.261247,0.311958,0.148772,0.0,0.144467,0.147661,0.452044,0.0,0.0,0.0,0.0,0.0,0.0,0.068811,0.0,0.107104,0.130539,0.0,0.0,0.0,0.0,0.282745,0.03444,0.0,0.0,0.150312,0.0,0.0,0.09239,0.43001,0.14955,0.102317,0.787803,0.204215,0.0,0.0,0.0,0.513818,0.0,0.058653,0.0,0.11843,0.0,0.196661,0.172272,0.308418,0.157716,0.242866,0.269743,0.296181,0.0,0.008304,0.217606,0.0,0.205421,0.0,0.0,0.0,0.0,0.0,0.235801,0.0,0.247364,0.0,0.0,0.209749,0.094864,0.227903,0.128497,0.0,0.080303,0.0,0.0,0.256717,0.065418,0.133718,0.0
TCGA-L9-A7SV-01Z-00-DX1.153B8E2D-54CE-4747-A22E-7A6ADCA03DB5,0.392836,0.0,0.0,0.0,0.0,0.32314,0.112852,0.323147,0.074002,0.237711,0.257186,0.216314,0.0,0.0,0.0,0.3512,0.0,0.161609,0.0,0.213912,0.052192,0.128634,0.0,0.0,0.0,0.0,0.306701,0.0,0.201196,0.378557,0.0,0.0,0.272692,1.085724,0.0,0.054624,0.0603,0.0,0.0,0.268603,0.0,0.080499,0.0,0.286826,0.0,0.237816,0.0,1e-06,0.0,0.064742,0.0,0.072159,0.0,0.603147,0.0,0.340452,0.225883,0.182,0.152733,0.149044,0.0,0.066891,0.079272,0.261723,0.196578,0.12218,0.219836,0.0,0.233816,0.0,0.0,0.0,0.09146,0.104241,0.0,0.170251,0.0,0.222,0.195542,0.0,0.0,0.60916,0.253853,0.0,0.0,0.077424,0.074494,0.0,0.343468,0.174989,0.067722,0.0,0.243542,0.0,0.403732,0.169771,0.0,0.0,0.0,0.280599,0.0,0.0,0.203872,0.346316,0.060116,0.0,0.053387,0.311271,0.316387,0.0,0.237177,0.0,0.072309,0.0,0.0,0.0,0.0,0.197544,0.262389,0.098127,0.140546,0.0,0.118129,0.0,0.098317,0.028394,0.070825,0.165501,0.365297,0.0,0.185622,0.0,0.119394,0.061896,0.073909,0.301607,0.0,0.027395,0.254538,0.0,0.137217,0.194657,0.140536,0.126565,0.0,0.252876,0.0,0.084988,0.303267,0.0,0.202371,0.082925,0.162433,0.110355,0.0,0.157971,0.421232,0.109781,0.31631,0.0,0.364436,0.0,0.163603,0.340851,0.0,0.083779,0.0,0.0,0.0,0.240273,0.0,0.144656,0.0,0.0,0.0,0.0,0.0,0.0,0.245415,0.814272,0.301848,0.157608,0.0,0.300618,0.0,0.250436,0.0,0.291685,0.0,0.0,0.0,0.0,0.117645,0.136069,0.070652,0.093222,0.153732,0.156463,0.130514,0.0,0.265426,0.0,1.269696,0.076643,0.0,0.0,0.122883,1.067198,0.0,0.0,0.0,0.0,0.128306,0.0,0.0,0.006916,0.0,0.826753,0.0,0.0,0.0,0.287075,0.0,0.263264,0.296252,0.0,0.0,0.320266,0.0,0.0,0.0,0.187668,0.294342,0.182844,0.0,0.077207,0.342411,0.270793,0.331804,0.0,0.05381,0.0,0.055028,0.0,0.307318,0.106826,0.223327,0.0,0.163262,0.153609,0.219603,0.0,0.235844,0.0,1.362233,0.0,0.0,0.096133,0.0,0.111105,0.0,0.324487,0.0,0.120895,0.0,0.080175,0.341937,0.0,0.398468,0.213022,0.135714,0.267388,0.0,1e-06,0.176565,0.083262,0.0,0.222142,0.0,0.0,0.100112,0.113966,0.179763,0.155318,0.0,0.0,0.0,0.0,0.187147,0.208923,0.195095,0.100407,0.0,0.0,0.0,0.252821,0.0,0.0,0.202861,0.097622,0.0,0.064142,0.0,0.128038,0.04541,0.157718,0.0,0.0,0.0,0.127655,0.0,0.076995,0.091498,0.0,0.19412,0.219037,0.0,0.0,0.0,0.145104,0.092588,0.155901,0.175973,0.265336,0.0,0.0,0.309121,0.10383,0.0,0.084888,0.073793,0.0,0.134008,0.040316,0.113555,0.387852,0.102369,0.0,0.0,0.0,0.313809,0.115734,0.0,0.0,0.0,0.0,0.0,0.240761,0.139004,0.16788,0.0,0.083029,0.0,0.0,0.258478,0.315237,0.0,0.138154,0.0,0.062655,0.0,0.202075,0.0,0.0,0.163746,0.08888,0.192217,0.0,0.214029,0.0,0.0,0.0,0.0,0.26046,0.378519,0.071243,0.126482,0.0,0.074383,0.0,0.280367,0.0,0.06777,0.23309,0.273858,0.157587,0.0,0.0,0.0,0.0,0.0,0.297274,0.0,0.0,0.0,0.059219,0.0,0.063877,0.0,0.298781,0.0,0.264396,0.135974,0.126764,0.0,0.119503,0.256464,0.0,0.299677,0.972649,0.0,0.0,0.25751,0.082611,0.237482,0.13124,0.080956,0.092528,0.389572,0.222615,0.060792,0.0,0.0,0.0,0.33247,0.0,0.373578,0.243547,0.068859,0.0,0.0,0.065911,0.246624,0.364415,0.0,0.255835,0.353107,0.135346,0.0,0.161189,0.140137,0.48861,0.0,0.0,0.0,0.0,0.0,0.0,0.056671,0.0,0.134199,0.146288,0.0,0.0,0.0,0.0,0.282795,0.025021,0.0,0.0,0.174243,0.0,0.0,0.080501,0.446568,0.158271,0.115847,0.821792,0.214588,0.0,0.0,0.0,0.541707,0.0,0.047553,0.0,0.100035,0.0,0.207332,0.183645,0.336591,0.136732,0.259043,0.285187,0.342175,0.0,0.003867,0.221971,0.0,0.222714,0.0,0.0,0.0,0.0,0.0,0.250861,0.0,0.275149,1e-06,0.0,0.250191,0.083402,0.242155,0.106629,0.0,0.061409,0.0,0.0,0.278052,0.057258,0.126012,0.0
TCGA-69-A59K-01Z-00-DX1.01EAF520-9AC1-4ECC-8EF3-B9122924A1E3,0.1496,0.0,0.0,0.0,0.0,0.09829,0.477542,0.129072,0.428249,0.057752,0.070363,0.144168,0.0,0.0,0.0,0.111059,0.0,0.091486,0.0,0.071076,0.294286,0.168028,0.0,0.0,0.0,0.0,0.08988,0.0,0.114419,0.127804,0.0,0.0,0.079176,1.033925,0.0,0.377704,0.399923,0.0,0.0,0.256118,0.0,0.421797,0.0,0.07386,0.0,0.14677,0.0,0.0,0.0,0.401145,0.0,0.059844,0.0,0.557447,0.0,0.302454,0.065931,0.495335,0.032464,0.039526,0.0,0.479019,0.399386,0.095711,0.056901,0.314161,0.065687,0.0,0.171776,0.0,0.0,0.0,0.222972,0.017295,0.0,0.258913,0.0,0.049565,0.094319,0.0,0.0,0.599749,0.075207,0.0,0.0,0.02031,0.429273,0.0,0.118528,0.057355,0.024064,0.0,0.307662,0.0,0.42496,0.057492,0.0,0.0,0.0,0.086007,0.0,0.0,0.117624,0.116932,0.084906,0.0,0.425796,0.15982,0.084784,0.0,0.100273,0.0,0.367329,0.0,0.0,0.0,0.0,0.148413,0.061233,0.139972,0.240594,0.0,0.069308,0.0,0.294456,0.339052,0.405196,0.112927,0.14272,0.0,0.049,0.0,0.469717,0.414097,0.081226,0.092995,0.0,0.077141,0.094218,0.0,0.311091,0.097773,0.396547,0.21364,0.0,0.084633,0.0,0.093808,0.079692,0.0,0.050807,0.384022,0.133165,0.406152,0.0,0.035348,0.138721,0.048096,0.10208,0.0,0.378438,0.0,0.335349,0.113968,0.0,0.406064,0.0,0.0,0.0,0.194922,0.0,0.460882,0.0,0.0,0.0,0.0,0.0,0.0,0.061867,0.767811,0.097516,0.237945,2e-06,0.077238,0.0,0.069018,1.9e-05,0.083752,0.0,0.0,0.0,0.0,0.486559,0.25993,0.373071,0.429155,0.043681,0.080448,0.183842,0.0,0.082748,0.0,1.09811,0.023348,0.0,0.0,0.352986,0.978001,0.0,0.0,0.0,0.0,0.292215,0.0,0.0,0.00782,0.0,0.790401,0.0,0.0,0.0,0.083009,0.0,0.095876,0.09652,0.0,0.0,0.211788,0.0,0.0,0.0,0.052881,0.275179,0.073227,0.0,0.015099,0.102212,0.08407,0.121908,0.0,0.426043,0.0,0.358104,0.0,0.125016,0.244061,0.126785,0.0,0.04357,0.041726,0.291051,0.0,0.068894,0.0,1.242991,0.0,0.0,0.029604,0.0,0.030549,0.0,0.105029,0.0,0.405362,0.0,0.192712,0.097015,1e-06,0.112795,0.06152,0.249272,0.076677,0.0,0.0,0.278281,0.036846,0.0,0.052097,0.0,0.0,0.48563,0.461284,0.052687,0.032305,0.0,0.0,0.0,0.0,0.044573,0.064133,0.052805,0.043766,0.0,0.0,0.0,0.103796,0.0,0.0,0.065032,0.421867,0.0,0.396862,0.0,0.073514,0.395379,0.115213,0.0,0.0,0.0,0.040746,0.0,0.081623,0.410966,0.0,0.36101,0.410639,0.0,0.0,0.0,0.048657,0.399085,0.036604,0.040929,0.164349,0.0,0.0,0.118848,0.025184,0.0,0.40646,0.407288,0.0,0.242024,0.347734,0.246048,0.106058,0.018614,0.0,0.0,0.0,0.215436,0.044381,0.0,0.0,0.0,0.0,0.0,0.068068,0.031167,0.309398,0.0,0.217293,0.0,0.0,0.07886,0.087125,0.0,0.264643,0.0,0.369614,0.0,0.14451,0.0,0.0,0.216116,0.3091,0.043683,0.0,0.155624,0.0,0.0,0.0,7e-06,0.074331,0.117525,0.065248,0.329089,0.0,0.025554,0.0,0.071777,0.0,0.468234,0.075021,0.075988,0.085392,1e-06,0.0,0.0,0.0,0.0,0.086898,0.0,0.0,0.0,0.387667,0.0,0.395634,0.0,0.111107,0.0,0.069498,0.199535,0.08797,0.0,0.440275,0.068244,0.0,0.171205,0.859778,0.0,0.0,0.070811,0.413799,0.066344,0.279097,0.400229,0.147913,0.165145,0.065733,0.334451,0.0,0.0,0.0,0.343847,0.0,0.137349,0.077476,0.415402,0.0,0.0,0.225584,0.301577,0.398961,0.0,0.293027,0.166493,0.073022,0.0,0.038064,0.47621,0.453825,0.0,0.0,0.0,0.0,0.0,0.0,0.335364,0.0,0.150671,0.072839,0.0,0.0,0.0,0.0,0.166155,0.326356,0.0,0.0,0.101397,0.0,0.0,0.469221,0.472028,0.033842,0.268528,0.744068,0.050796,0.0,0.0,0.0,0.482577,0.0,0.390613,0.0,0.067663,0.0,0.357843,0.047714,0.088806,0.484691,0.069775,0.171435,0.331823,0.0,0.000774,0.436398,0.0,0.082401,0.0,0.0,0.0,0.0,0.0,0.316872,0.0,0.078514,0.0,0.0,0.236371,0.414167,0.096551,0.236304,0.0,0.032478,4e-06,0.0,0.070281,0.347242,0.43444,0.0
TCGA-NJ-A55R-01Z-00-DX1.2E2B3642-4E1C-47DB-AF7B-988D586C0986,0.421315,0.0,0.0,0.0,0.0,0.328514,0.095776,0.3436,0.050834,0.251201,0.27063,0.194058,0.0,0.0,0.0,0.344799,0.0,0.181921,0.0,0.207381,0.037731,0.140861,0.0,0.0,0.0,0.0,0.315209,0.0,0.215247,0.380424,0.0,0.0,0.298804,1.149726,0.0,0.038205,0.046437,0.0,0.0,0.249064,0.0,0.059727,0.0,0.316636,0.0,0.257117,1e-06,8e-06,0.0,0.037241,0.0,0.122714,0.0,0.652993,0.0,0.352125,0.253612,0.169337,0.136651,0.16791,0.0,0.046463,0.060039,0.2668,0.144141,0.138908,0.252625,0.0,0.257928,0.0,0.0,0.0,0.068052,0.117678,0.0,0.197675,0.0,0.221021,0.159554,0.0,0.0,0.629993,0.277294,0.0,0.0,0.071018,0.052981,0.0,0.347809,0.193912,0.109282,0.0,0.251815,0.0,0.454741,0.15865,0.0,0.0,0.0,0.306294,0.0,0.0,0.220528,0.360693,0.104422,0.0,0.03737,0.324961,0.294089,0.0,0.229387,0.0,0.054708,0.0,0.0,0.0,0.0,0.200958,0.257748,0.097879,0.168727,0.0,0.135695,0.0,0.099147,0.023453,0.052558,0.199334,0.374285,0.0,0.230556,0.0,0.08992,0.044123,0.081405,0.31115,0.0,0.067669,0.242399,0.0,0.147644,0.236241,0.157126,0.142201,0.0,0.253771,0.0,0.087299,0.324614,0.0,0.213923,0.059718,0.171204,0.107976,0.0,0.172378,0.398131,0.08768,0.334215,0.0,0.357773,0.0,0.165912,0.342321,0.0,0.06685,0.0,0.0,0.0,0.268091,0.0,0.124639,0.0,0.0,0.0,0.0,0.0,0.0,0.242907,0.857232,0.295536,0.152784,0.0,0.317615,0.0,0.268754,0.0,0.293778,0.0,0.0,0.0,0.0,0.092546,0.176787,0.05478,0.061071,0.155558,0.195903,0.158666,0.0,0.286982,0.0,1.336839,0.08248,0.0,0.0,0.128683,1.107697,0.0,0.0,0.0,0.0,0.136197,0.0,0.0,0.011231,0.0,0.864978,0.0,0.0,0.0,0.296302,0.0,0.274923,0.30012,0.0,0.0,0.336249,0.0,0.0,0.0,0.201765,0.302684,0.197534,0.0,0.060285,0.338483,0.28134,0.333675,0.0,0.036779,0.0,0.036122,0.0,0.320289,0.144379,0.243433,0.0,0.178305,0.157362,0.247655,0.0,0.265074,0.0,1.43625,0.0,0.0,0.149969,0.0,0.178503,0.0,0.348203,0.0,0.125043,0.0,0.080629,0.355714,0.0,0.393122,0.22224,0.178595,0.289615,0.0,1e-06,0.219577,0.113415,0.0,0.237279,0.0,0.0,0.066413,0.089094,0.177628,0.177274,0.0,0.0,0.0,0.0,0.199553,0.21289,0.210658,0.132536,0.0,0.0,0.0,0.263319,0.0,0.0,0.221198,0.086271,0.0,0.041918,0.0,0.170936,0.038904,0.192156,0.0,0.0,0.0,0.13749,0.0,0.132106,0.065857,0.0,0.220195,0.221115,0.0,0.0,0.0,0.19022,0.067387,0.174051,0.199755,0.301391,0.0,0.0,0.319796,0.096927,0.0,0.065365,0.053512,0.0,0.182343,0.037512,0.116937,0.399154,0.096088,0.0,0.0,0.0,0.338194,0.153577,0.0,0.0,0.0,0.0,0.0,0.251717,0.163587,0.174503,0.0,0.117876,0.0,0.0,0.286074,0.318971,0.0,0.146968,0.0,0.052326,0.0,0.20922,0.0,0.0,0.143044,0.091245,0.2287,0.0,0.253358,0.0,0.0,0.0,0.0,0.289418,0.383009,0.100609,0.112044,0.0,0.042429,0.0,0.293357,0.0,0.04172,0.247182,0.262934,0.143824,0.0,0.0,0.0,0.0,0.0,0.307485,0.0,0.0,0.0,0.036738,0.0,0.047641,0.0,0.31437,0.0,0.292763,0.148403,0.133988,0.0,0.103232,0.247872,0.0,0.269209,1.02856,0.0,0.0,0.248425,0.063804,0.243308,0.161816,0.060903,0.075602,0.364593,0.223988,0.048678,0.0,0.0,0.0,0.343738,0.0,0.387321,0.256581,0.050041,0.0,0.0,0.103996,0.282837,0.373731,0.0,0.291232,0.348791,0.194048,0.0,0.192749,0.112987,0.531769,0.0,0.0,0.0,0.0,0.0,0.0,0.052048,0.0,0.116833,0.140792,0.0,0.0,0.0,0.0,0.33023,0.019725,0.0,0.0,0.162396,0.0,0.0,0.049189,0.481143,0.169439,0.169841,0.872979,0.240861,0.0,0.0,0.0,0.586131,0.0,0.030623,0.0,0.127639,0.0,0.206811,0.193153,0.33843,0.131333,0.274393,0.32896,0.335577,0.0,0.003019,0.229724,0.0,0.23694,0.0,0.0,0.0,0.0,0.0,0.263664,0.0,0.294537,1.7e-05,0.0,0.243189,0.061257,0.257604,0.082509,0.0,0.11886,0.0,0.0,0.290455,0.041082,0.113372,0.0
TCGA-69-7760-01Z-00-DX1.7fc295e3-5bfc-4017-801c-491489d0eb34,0.312096,0.0,0.0,0.0,0.0,0.252467,0.200913,0.255145,0.165977,0.173567,0.195513,0.19888,0.0,0.0,0.0,0.269389,0.0,0.162376,0.0,0.155132,0.120963,0.191179,0.0,0.0,0.0,0.0,0.233758,0.0,0.202848,0.299135,0.0,0.0,0.218318,1.140794,0.0,0.13607,0.151749,0.0,0.0,0.255785,0.0,0.182006,0.0,0.216533,0.0,0.261806,0.0,0.0,0.0,0.149511,0.0,0.086938,0.0,0.639523,0.0,0.391318,0.173403,0.280092,0.114225,0.114964,0.0,0.1702,0.158946,0.208227,0.151449,0.196657,0.157339,0.0,0.267028,0.0,0.0,0.0,0.1614,0.059182,0.0,0.179002,0.0,0.155357,0.164125,0.0,0.0,0.654309,0.194025,0.0,0.0,0.052273,0.178628,0.0,0.283315,0.136995,0.04443,0.0,0.246767,0.0,0.469635,0.118474,0.0,0.0,0.0,0.214688,0.0,0.0,0.173159,0.265004,0.053097,0.0,0.13638,0.307971,0.224424,0.0,0.190368,0.0,0.158673,0.0,0.0,0.0,0.0,0.238719,0.189835,0.149813,0.202163,0.0,0.119225,0.0,0.142579,0.103149,0.168289,0.186495,0.287638,0.0,0.138695,0.0,0.219228,0.152966,0.115279,0.233509,0.0,0.043801,0.211809,0.0,0.211357,0.181871,0.204539,0.175641,0.0,0.190275,0.0,0.144702,0.233231,0.0,0.148612,0.165174,0.209627,0.208185,0.0,0.115431,0.338754,0.078201,0.247411,0.0,0.405874,0.0,0.209784,0.261837,0.0,0.174305,0.0,0.0,0.0,0.276532,0.0,0.231099,0.0,0.0,0.0,0.0,0.0,0.0,0.185175,0.865368,0.24,0.182835,0.0,0.219046,0.0,0.198338,0.0,0.223766,0.0,0.0,0.0,0.0,0.218381,0.167969,0.154704,0.191176,0.111695,0.153895,0.168189,0.0,0.208351,0.0,1.305225,0.056009,0.0,0.0,0.1877,1.118978,0.0,0.0,0.0,0.0,0.168437,0.0,0.0,0.004652,0.0,0.879127,0.0,0.0,0.0,0.223107,1.2e-05,0.195809,0.236609,0.0,0.0,0.360114,0.0,0.0,0.0,0.125652,0.255992,0.138478,0.0,0.049942,0.260858,0.204965,0.258564,0.0,0.142399,0.0,0.132536,0.0,0.237206,0.171865,0.234007,0.0,0.119246,0.112383,0.289993,0.0,0.175719,0.0,1.411038,0.0,0.0,0.070451,0.0,0.077075,0.0,0.255112,0.0,0.193794,0.0,0.111526,0.261403,0.0,0.304112,0.162868,0.168464,0.196599,0.0,0.0,0.223721,0.074699,0.0,0.167827,0.0,0.0,0.201483,0.208293,0.133339,0.106979,0.0,0.0,0.0,0.0,0.137532,0.156056,0.147888,0.090921,0.0,0.0,0.0,0.204831,0.0,0.0,0.15637,0.194992,0.0,0.148356,0.0,0.129505,0.129284,0.182538,0.0,0.0,0.0,0.099068,0.0,0.1164,0.182448,0.0,0.266441,0.268834,0.0,0.0,0.0,0.111562,0.198203,0.113462,0.125067,0.297034,0.0,0.0,0.242757,0.067814,0.0,0.174028,0.161541,0.0,0.194936,0.120174,0.137451,0.291238,0.065051,0.0,0.0,0.0,0.348507,0.083037,2e-05,0.0,0.0,0.0,0.0,0.184205,0.101969,0.23029,0.0,0.114769,0.0,0.0,0.200992,0.243361,0.0,0.213714,0.0,0.146568,0.0,0.238363,0.0,0.0,0.220154,0.164558,0.137215,0.0,0.251105,0.0,0.0,0.0,0.0,0.199101,0.293783,0.102098,0.212965,0.0,0.04474,0.0,0.206761,0.0,0.174236,0.185973,0.199986,0.119527,0.0,1e-06,0.0,0.0,0.0,0.226394,0.0,0.0,0.0,0.1483,0.0,0.152894,0.0,0.247096,0.0,0.193616,0.196822,0.147099,0.0,0.207135,0.186473,0.0,0.269519,1.018549,0.0,0.0,0.186796,0.184128,0.174064,0.203689,0.166158,0.141125,0.340491,0.167314,0.144896,0.0,0.0,0.0,0.297481,0.0,0.28786,0.189112,0.159499,0.0,1e-05,0.101157,0.247868,0.422574,0.0,0.317585,0.280718,0.13125,0.0,0.112824,0.242819,0.526086,0.0,0.0,0.0,0.0,0.0,3.1e-05,0.138319,0.0,0.104379,0.114143,0.0,0.0,0.0,0.0,0.299098,0.090478,0.0,0.0,0.166129,0.0,0.0,0.188201,0.494692,0.116641,0.119319,0.862275,0.17096,0.0,0.0,0.0,0.588304,0.0,0.129775,0.0,0.106028,0.0,0.259074,0.134897,0.249905,0.237811,0.197943,0.298509,0.298259,0.0,0.002312,0.275907,0.0,0.169924,0.0,0.0,0.0,0.0,0.0,0.256815,0.0,0.195137,0.0,0.0,0.217708,0.174348,0.207653,0.178841,0.0,0.053393,1.1e-05,0.0,0.207971,0.13995,0.21961,0.0
TCGA-86-A456-01Z-00-DX1.5C7CBF9B-0AE3-4776-9434-296AA0C605CC,0.407542,0.0,0.0,0.0,0.0,0.340619,0.086471,0.335734,0.064621,0.245399,0.263689,0.17255,0.0,0.0,0.0,0.373618,0.0,0.198098,0.0,0.220559,0.042141,0.140975,0.0,0.0,0.0,0.0,0.31819,0.0,0.252751,0.396201,0.0,0.0,0.279839,1.115788,0.0,0.043843,0.053365,0.0,0.0,0.225366,0.0,0.061689,0.0,0.297715,0.0,0.278525,0.0,0.0,0.0,0.059404,0.0,0.107968,0.0,0.627781,0.0,0.363248,0.237228,0.161224,0.158576,0.173942,0.0,0.055747,0.060896,0.270588,0.191312,0.147672,0.273703,0.0,0.271332,0.0,0.0,0.0,0.08208,0.115736,0.0,0.180948,0.0,0.234787,0.180857,0.0,0.0,0.633688,0.29162,0.0,0.0,0.097523,0.058474,0.0,0.374902,0.210508,0.112452,0.0,0.204641,0.0,0.433728,0.180101,0.0,0.0,0.0,0.301382,0.0,0.0,0.170481,0.364494,0.102935,0.0,0.034496,0.352222,0.32857,0.0,0.228939,0.0,0.059519,0.0,0.0,0.0,0.0,0.22323,0.288542,0.123204,0.166821,0.0,0.166432,0.0,0.09454,0.018588,0.054951,0.197208,0.384839,0.0,0.235021,0.0,0.111854,0.051002,0.100978,0.336848,0.0,0.041277,0.272874,0.0,0.136728,0.264055,0.131462,0.152096,0.0,0.264984,0.0,0.10756,0.326328,0.0,0.211705,0.072412,0.170244,0.104435,0.0,0.162655,0.42399,0.092548,0.339043,0.0,0.388252,0.0,0.139662,0.346955,0.0,0.065673,0.0,0.0,0.0,0.284963,0.0,0.149577,0.0,0.0,0.0,0.0,0.0,0.0,0.253195,0.837401,0.32767,0.115445,0.0,0.312501,0.0,0.255083,0.0,0.313328,0.0,0.0,0.0,0.0,0.10262,0.142738,0.065673,0.081461,0.170387,0.189974,0.147784,0.0,0.28492,0.0,1.30068,0.094799,0.0,0.0,0.138321,1.092323,0.0,0.0,0.0,0.0,0.111041,0.0,0.0,0.007774,0.0,0.868273,0.0,0.0,0.0,0.314766,2e-06,0.281382,0.306806,0.0,0.0,0.338869,0.0,0.0,0.0,0.209036,0.287888,0.18716,0.0,0.078764,0.362365,0.296059,0.346349,0.0,0.043335,0.0,0.041735,0.0,0.308028,0.127724,0.265696,0.0,0.176977,0.173732,0.248979,0.0,0.259037,0.0,1.393066,0.0,0.0,0.132648,0.0,0.167052,0.0,0.333419,0.0,0.099981,0.0,0.110834,0.355643,0.0,0.416687,0.241668,0.148506,0.299856,0.0,2e-06,0.20925,0.128691,0.0,0.221964,0.0,0.0,0.083114,0.097641,0.206943,0.182601,0.0,0.0,0.0,0.0,0.203562,0.252836,0.210398,0.150802,0.0,0.0,0.0,0.265853,0.0,0.0,0.235319,0.076307,0.0,0.054503,0.0,0.180779,0.029313,0.194494,0.0,0.0,0.0,0.139415,0.0,0.112476,0.077598,0.0,0.191201,0.165455,0.0,0.0,0.0,0.181533,0.082565,0.168549,0.186589,0.299302,0.0,0.0,0.312143,0.107551,0.0,0.071377,0.054775,0.0,0.141001,0.030502,0.091902,0.395347,0.114461,0.0,0.0,0.0,0.325863,0.172377,0.0,0.0,0.0,0.0,0.0,0.259852,0.149465,0.152831,0.0,0.130274,0.0,0.0,0.282967,0.325158,0.0,0.149343,0.0,0.052118,0.0,0.224356,0.0,0.0,0.170207,0.085135,0.207195,0.0,0.264947,0.0,0.0,0.0,0.000128,0.278634,0.400104,0.102572,0.133161,0.0,0.083306,0.0,0.301449,0.0,0.056693,0.24979,0.301515,0.102235,0.0,0.0,0.0,0.0,0.0,0.311995,0.0,0.0,0.0,0.05322,0.0,0.060392,0.0,0.3176,0.0,0.283205,0.163781,0.148395,0.0,0.107437,0.279626,0.0,0.254169,0.98889,0.0,0.0,0.279959,0.074535,0.252678,0.163841,0.060088,0.106792,0.397463,0.245103,0.042788,0.0,0.0,0.0,0.316473,0.0,0.392034,0.28013,0.05858,0.0,0.0,0.078423,0.217691,0.379179,0.0,0.267373,0.342444,0.185079,0.0,0.176043,0.123426,0.505426,0.0,0.0,0.0,0.0,0.0,0.0,0.046862,0.0,0.103743,0.122964,0.0,0.0,0.0,1e-06,0.32899,0.018318,0.0,0.0,0.180063,0.0,0.0,0.074469,0.469339,0.184548,0.181604,0.844125,0.228467,0.0,0.0,0.0,0.570433,0.0,0.042083,0.0,0.13446,0.0,0.199137,0.212538,0.350746,0.130527,0.268756,0.315168,0.313205,0.0,0.014589,0.183415,0.0,0.222094,0.0,0.0,0.0,0.0,0.0,0.199026,0.0,0.301675,0.0,0.0,0.192842,0.075291,0.262007,0.112795,0.0,0.116045,0.0,0.0,0.290441,0.049028,0.11174,0.0
TCGA-49-4512-01Z-00-DX2.341d7ff7-15e1-44f1-8818-b117fe98ca99,0.233973,0.0,0.0,0.0,0.0,0.137969,0.383417,0.183579,0.322004,0.104996,0.124596,0.128628,0.0,0.0,0.0,0.201618,0.0,0.111864,0.0,0.121869,0.223689,0.147285,0.0,0.0,0.0,0.0,0.126544,0.0,0.129383,0.192419,0.0,0.0,0.127588,1.029855,0.0,0.298241,0.31584,0.0,0.0,0.30835,2.8e-05,0.333894,0.0,0.133146,0.0,0.141255,0.0,0.0,0.0,0.32444,0.0,0.100226,0.0,0.561489,0.0,0.289776,0.112597,0.405964,0.075458,0.086595,0.0,0.37376,0.312804,0.120828,0.059289,0.285797,0.114261,0.0,0.154353,0.0,0.0,0.0,0.179075,0.044546,0.0,0.330002,0.0,0.089276,0.090923,0.0,0.0,0.583931,0.107779,0.0,0.0,0.027913,0.337794,0.0,0.157119,0.079914,0.052351,0.0,0.300336,0.0,0.409285,0.093892,0.0,0.0,0.0,0.117137,0.0,0.0,0.17002,0.18562,0.119602,0.0,0.348657,0.165166,0.109558,0.0,0.126555,0.0,0.27584,0.0,0.0,0.0,0.0,0.13094,0.130539,0.100096,0.207071,0.0,0.076045,0.0,0.236879,0.274386,0.314331,0.121883,0.221359,0.0,0.116581,0.0,0.371624,0.328195,0.090087,0.14513,0.0,0.08798,0.097042,0.0,0.257377,0.137211,0.32984,0.193966,0.0,0.139923,0.0,0.099662,0.142396,0.0,0.094023,0.294611,0.120756,0.331495,0.0,0.074458,0.183352,0.061379,0.147414,0.0,0.356384,0.0,0.267169,0.183601,0.0,0.322204,0.0,0.0,0.0,0.180617,0.0,0.37355,0.0,0.0,0.0,0.0,0.0,0.0,0.113312,0.768105,0.116528,0.203244,0.0,0.1258,0.0,0.121546,0.0,0.121715,0.0,0.0,0.0,0.0,0.379352,0.320598,0.296478,0.343466,0.052016,0.109641,0.177271,0.0,0.117661,0.0,1.120387,0.021612,0.0,0.0,0.294022,0.969857,0.0,0.0,0.0,0.0,0.243924,0.0,0.0,0.011933,0.0,0.789512,0.0,0.0,0.0,0.140932,0.0,0.149624,0.148536,0.0,0.0,0.197247,0.0,0.0,0.0,0.070165,0.297972,0.114758,0.0,0.020825,0.151044,0.138239,0.164927,0.0,0.352408,0.0,0.290372,0.0,0.194502,0.231136,0.140896,0.0,0.06634,0.077199,0.269391,0.0,0.104763,0.0,1.237818,0.0,0.0,0.080037,0.0,0.086964,0.0,0.134859,0.0,0.344773,0.0,0.150377,0.146268,0.0,0.186887,0.099367,0.323996,0.125123,0.0,0.0,0.265766,0.07538,0.0,0.105013,0.0,0.0,0.381082,0.35886,0.086008,0.081767,0.0,0.0,0.0,0.0,0.07733,0.106853,0.087807,0.089755,0.0,0.0,0.0,0.157336,0.0,0.0,0.085786,0.334828,0.0,0.313518,0.0,0.103576,0.308552,0.141093,0.0,0.0,0.0,0.051191,0.0,0.091748,0.318121,0.0,0.3275,0.344368,0.0,0.0,0.0,0.083329,0.320341,0.076185,0.08869,0.152624,0.0,0.0,0.178956,0.029095,0.0,0.317766,0.33631,0.0,0.228815,0.277513,0.189395,0.168937,0.038367,0.0,0.0,0.0,0.201842,0.073749,0.0,0.0,0.0,0.0,0.0,0.099065,0.066093,0.260906,0.0,0.210597,0.0,0.0,0.115687,0.150547,0.0,0.216772,0.0,0.293649,0.0,0.128549,0.0,0.0,0.203463,0.235848,0.10241,0.0,0.160043,0.0,0.0,0.0,0.0,0.118439,0.177378,0.080486,0.26115,0.0,0.007685,0.0,0.137072,0.0,0.392888,0.099246,0.123985,0.105589,0.0,0.0,0.0,0.0,0.0,0.121421,0.0,0.0,0.0,0.324057,0.0,0.299334,0.0,0.1245,0.0,0.136235,0.176935,0.061757,0.0,0.34184,0.101455,0.0,0.146104,0.862592,0.0,0.0,0.103043,0.325118,0.104335,0.232825,0.324993,0.106047,0.15598,0.087244,0.258314,0.0,0.0,0.0,0.371439,0.0,0.221805,0.131259,0.322825,0.0,0.0,0.203728,0.35642,0.365072,0.0,0.281428,0.237307,0.109367,0.0,0.072196,0.383805,0.447977,0.0,0.0,0.0,0.0,0.0,0.0,0.260299,0.0,0.13207,0.100907,0.0,0.0,0.0,0.0,0.196339,0.244943,0.0,0.0,0.074211,0.0,0.0,0.370713,0.447627,0.08184,0.285185,0.732526,0.112601,0.0,0.0,0.0,0.482443,0.0,0.309016,0.0,0.06131,0.0,0.315785,0.082024,0.138014,0.376707,0.10706,0.178091,0.357442,0.0,0.012954,0.370946,0.0,0.135295,0.0,0.0,0.0,0.0,0.0,0.338403,0.0,0.113612,0.0,0.0,0.234193,0.319806,0.113299,0.195751,0.0,0.085974,0.0,0.0,0.1252,0.273861,0.329793,0.0
TCGA-05-4417-01Z-00-DX1.6E534856-996F-4BD9-8AFC-7B1BF627E505,0.285609,0.0,0.0,0.0,0.0,0.238731,0.248944,0.237767,0.212376,0.149462,0.184924,0.174817,0.0,0.0,0.0,0.24709,0.0,0.146511,0.0,0.132315,0.157529,0.163744,0.0,0.0,0.0,0.0,0.213568,0.0,0.191983,0.268828,0.0,0.0,0.19625,1.091426,0.0,0.174159,0.200399,2.6e-05,0.0,0.24338,0.0,0.206551,0.0,0.201506,0.0,0.230292,0.0,9e-06,0.0,0.197833,0.0,0.084979,0.0,0.603709,0.0,0.357607,0.149728,0.300046,0.098865,0.100864,0.0,0.218867,0.20474,0.180109,0.120982,0.212184,0.156123,0.0,0.222971,0.0,0.0,0.0,0.132261,0.069192,0.0,0.199624,0.0,0.141167,0.13336,0.0,0.0,0.629149,0.179673,0.0,0.0,0.048874,0.200721,0.0,0.260305,0.133609,0.046176,0.0,0.265761,0.0,0.446576,0.105271,0.0,0.0,0.0,0.199117,0.0,0.0,0.160415,0.247164,0.077919,0.0,0.190182,0.273697,0.210259,0.0,0.149562,0.0,0.18781,0.0,0.0,0.0,0.0,0.199551,0.176005,0.13672,0.197745,0.0,0.104559,0.0,0.174126,0.148945,0.204506,0.150889,0.260706,0.0,0.135971,0.0,0.242575,0.204086,0.089659,0.212459,0.0,0.05129,0.176873,0.0,0.209412,0.166937,0.259259,0.188608,0.0,0.170012,0.0,0.127232,0.213917,0.0,0.133182,0.192406,0.167606,0.238633,0.0,0.106367,0.290312,0.051903,0.229262,0.0,0.362974,0.0,0.227197,0.243885,0.0,0.198962,0.0,0.0,0.0,0.235488,0.0,0.275428,0.0,0.0,0.0,0.0,0.0,0.0,0.166269,0.810226,0.219276,0.194373,0.0,0.211723,0.0,0.176454,0.0,0.198623,0.0,0.0,0.0,0.0,0.262335,0.191343,0.212131,0.215462,0.111858,0.131282,0.17337,0.0,0.188086,0.0,1.237915,0.039163,0.0,0.0,0.214163,1.060126,0.0,0.0,0.0,0.0,0.192839,0.0,0.0,0.003497,0.0,0.828007,0.0,0.0,0.0,0.20274,0.0,0.182106,0.206811,0.0,0.0,0.314022,0.0,0.0,0.0,0.127228,0.273639,0.126885,0.0,0.031862,0.235909,0.183058,0.232958,0.0,0.185758,0.0,0.178745,0.0,0.208179,0.172211,0.20057,0.0,0.110615,0.095222,0.262079,0.0,0.169604,0.0,1.331869,0.0,0.0,0.071133,0.0,0.094766,0.0,0.245855,0.0,0.231051,0.0,0.123628,0.235854,0.0,0.275692,0.133811,0.187183,0.195554,0.0,0.0,0.22902,0.06436,0.0,0.154047,0.0,0.0,0.234522,0.245547,0.118083,0.120251,0.0,0.0,3e-06,0.0,0.122822,0.13316,0.128106,0.081393,0.0,0.0,0.0,0.188255,0.0,0.0,0.143893,0.212631,0.0,0.181646,0.0,0.115734,0.172263,0.156333,0.0,0.0,0.0,0.09445,0.0,0.089996,0.207281,0.0,0.28071,0.288492,0.0,0.0,0.0,0.111684,0.200601,0.104309,0.117804,0.252728,0.0,0.0,0.224063,0.063866,0.0,0.208618,0.193816,0.0,0.201141,0.155776,0.159434,0.261025,0.057828,0.0,0.0,0.0,0.292564,0.095818,0.0,0.0,0.0,0.0,0.0,0.152505,0.087085,0.237126,0.0,0.157128,0.0,0.0,0.171227,0.218799,0.0,0.212538,0.0,0.180862,0.0,0.207158,0.0,0.0,0.187806,0.17639,0.135377,0.0,0.209789,0.0,0.0,0.0,0.0,0.177546,0.273415,0.066568,0.224522,0.0,0.029612,0.0,0.181785,0.0,0.211186,0.165394,0.179841,0.10647,0.0,0.0,0.0,0.0,0.0,0.207887,0.0,0.0,0.0,0.183141,0.0,0.186843,0.0,0.234239,0.0,0.192818,0.189431,0.113271,0.0,0.241656,0.169429,0.0,0.235671,0.947647,0.0,0.0,0.163604,0.214538,0.151665,0.212935,0.202049,0.121661,0.295806,0.144309,0.164071,0.0,0.0,0.0,0.30404,0.0,0.274135,0.175091,0.179657,0.0,0.0,0.143813,0.252071,0.406937,0.0,0.290083,0.266848,0.131113,0.0,0.0996,0.259871,0.494115,0.0,0.0,0.0,0.0,0.0,0.0,0.169111,0.0,0.129198,0.094251,0.0,0.0,0.0,0.0,0.26386,0.141584,0.0,0.0,0.127115,0.0,0.0,0.219139,0.486975,0.108082,0.19255,0.823076,0.142177,0.0,0.0,0.0,0.529063,0.0,0.174755,0.0,0.076286,0.0,0.274675,0.122661,0.236602,0.28055,0.170279,0.260155,0.31488,0.0,8.1e-05,0.309134,0.0,0.158282,0.0,0.0,0.0,0.0,0.0,0.267095,0.0,0.202893,0.0,0.0,0.219443,0.207746,0.184522,0.169103,0.0,0.057538,0.0,0.0,0.198967,0.167078,0.242241,0.0
TCGA-50-5045-01Z-00-DX1.ec50bbfc-1721-4e94-ac11-9ebd843e11ba,0.237565,0.0,0.0,0.0,0.0,0.168861,0.339738,0.19415,0.285037,0.116811,0.139516,0.146905,0.0,0.0,0.0,0.205012,0.0,0.129999,0.0,0.117343,0.199132,0.172595,0.0,0.0,0.0,0.0,0.147899,0.0,0.157982,0.212313,0.0,0.0,0.145092,1.067194,0.0,0.254776,0.27583,0.0,0.0,0.276038,0.0,0.297865,0.0,0.147121,0.0,0.189993,0.0,0.0,0.0,0.280956,0.0,0.099336,0.0,0.588315,0.0,0.336379,0.126684,0.373041,0.078744,0.092859,0.0,0.32646,0.273029,0.130047,0.079584,0.265813,0.124651,0.0,0.204151,0.0,0.0,0.0,0.17991,0.046553,0.0,0.270688,0.0,0.102155,0.106661,0.0,0.0,0.6131,0.131622,0.0,0.0,0.031599,0.294752,0.0,0.194115,0.100406,0.04778,0.0,0.279912,0.0,0.443952,0.08899,0.0,0.0,0.0,0.144912,0.0,0.0,0.153037,0.193624,0.094667,0.0,0.286615,0.214722,0.139654,0.0,0.134709,0.0,0.250766,0.0,0.0,0.0,0.0,0.1801,0.138704,0.131949,0.222588,0.0,0.095014,0.0,0.216977,0.221746,0.281333,0.146974,0.229128,0.0,0.116545,0.0,0.338869,0.287959,0.105823,0.170894,0.0,0.066078,0.126027,0.0,0.251805,0.144983,0.300329,0.204713,0.0,0.141259,0.0,0.120613,0.158978,0.0,0.100938,0.264613,0.158723,0.302221,0.0,0.079398,0.214565,0.057567,0.167866,0.0,0.383309,0.0,0.258279,0.193654,0.0,0.284231,0.0,0.0,0.0,0.228528,0.0,0.346217,0.0,0.0,0.0,0.0,0.0,0.0,0.126296,0.804451,0.154728,0.203229,0.0,0.147724,0.0,0.139144,0.0,0.150414,0.0,0.0,0.0,0.0,0.340558,0.271212,0.263409,0.308127,0.071197,0.124968,0.181387,0.0,0.143289,0.0,1.1826,0.030204,0.0,0.0,0.273332,1.028174,0.0,0.0,0.0,0.0,0.229472,0.0,0.0,0.008509,0.0,0.827844,0.0,0.0,0.0,0.159347,2e-06,0.149923,0.167697,0.0,0.0,0.259778,0.0,0.0,0.0,0.084566,0.27979,0.109979,0.0,0.021326,0.178562,0.14405,0.18694,0.0,0.293821,0.0,0.244946,0.0,0.187729,0.218501,0.172612,0.0,0.079271,0.080747,0.289026,0.0,0.123737,0.0,1.29651,0.0,0.0,0.071912,0.0,0.083566,0.0,0.164219,0.0,0.302577,0.0,0.150882,0.176614,0.0,0.209286,0.114368,0.263768,0.144351,0.0,3e-06,0.26358,0.073934,0.0,0.113602,0.0,0.0,0.33723,0.318958,0.099295,0.085514,0.0,0.0,0.0,0.0,0.089096,0.120483,0.102782,0.094314,0.0,0.0,0.0,0.159007,0.0,0.0,0.104244,0.300642,0.0,0.268752,0.0,0.113416,0.261393,0.157808,0.0,0.0,0.0,0.060511,0.0,0.114765,0.285411,0.0,0.314925,0.321746,0.0,0.0,0.0,0.090533,0.294547,0.083717,0.096029,0.214002,0.0,0.0,0.183824,0.032217,0.0,0.28055,0.29358,0.0,0.225948,0.241219,0.182637,0.19771,0.04203,0.0,0.0,0.0,0.257563,0.077792,0.0,0.0,0.0,0.0,0.0,0.120944,0.069179,0.254346,0.0,0.191865,0.0,0.0,0.138742,0.172759,0.0,0.229786,0.0,0.253615,0.0,0.173249,0.0,0.0,0.213367,0.219274,0.102947,0.0,0.196896,0.0,0.0,0.0,0.0,0.135446,0.195496,0.08671,0.261845,0.0,0.014657,0.0,0.143186,0.0,0.328253,0.11985,0.142512,0.090986,0.0,0.0,0.0,0.0,0.0,0.146845,0.0,0.0,0.0,0.272173,0.0,0.265272,0.0,0.158706,0.0,0.142201,0.19663,0.092868,0.0,0.308587,0.12515,0.0,0.182694,0.918117,0.0,0.0,0.123476,0.295995,0.118526,0.242192,0.285254,0.132612,0.210157,0.109517,0.232461,0.0,0.0,0.0,0.334659,0.0,0.229606,0.144778,0.280343,0.0,0.0,0.174051,0.307207,0.39284,0.0,0.298802,0.236471,0.117705,0.0,0.079697,0.348899,0.477841,0.0,0.0,0.0,0.0,0.0,0.0,0.231777,0.0,0.119235,0.09064,0.0,0.0,0.0,0.0,0.236498,0.204766,0.0,0.0,0.09649,0.0,0.0,0.326665,0.474108,0.085966,0.234004,0.77647,0.120182,0.0,0.0,0.0,0.523181,0.0,0.263864,0.0,0.074613,0.0,0.303168,0.097725,0.167635,0.351364,0.126154,0.218549,0.328226,0.0,0.005206,0.346534,0.0,0.132826,0.0,0.0,0.0,0.0,0.0,0.302763,0.0,0.132137,0.0,0.0,0.216191,0.28291,0.138031,0.202326,0.0,0.07419,0.0,0.0,0.143925,0.240569,0.310244,0.0
TCGA-49-4505-01Z-00-DX2.48df81e7-5a8e-4c5b-993a-6a54481a35e9,0.257633,0.0,0.0,0.0,0.0,0.158775,0.358111,0.199108,0.308087,0.12587,0.141637,0.116418,0.0,0.0,0.0,0.219552,0.0,0.099758,0.0,0.128533,0.222214,0.13494,0.0,0.0,0.0,0.0,0.147537,0.0,0.117041,0.207267,0.0,0.0,0.154289,1.018645,0.0,0.286318,0.297617,0.0,0.0,0.310631,0.0,0.316492,0.0,0.161763,0.0,0.126589,0.0,0.0,0.0,0.309104,0.0,0.096143,0.0,0.567004,0.0,0.284971,0.132516,0.375326,0.08729,0.100728,0.0,0.356531,0.297128,0.118713,0.054291,0.274429,0.132102,0.0,0.141292,0.0,0.0,0.0,0.162169,0.061313,0.0,0.326866,0.0,0.111896,0.076253,0.0,0.0,0.57233,0.12144,0.0,0.0,0.02658,0.322606,0.0,0.171328,0.094007,0.059531,0.0,0.30646,0.0,0.404947,0.094426,0.0,0.0,0.0,0.138819,0.0,0.0,0.177828,0.203943,0.132619,0.0,0.332932,0.163999,0.130635,0.0,0.125739,0.0,0.267291,0.0,0.0,0.0,0.0,0.119297,0.148321,0.087174,0.207931,0.0,0.063849,0.0,0.231506,0.262476,0.298394,0.111295,0.241162,0.0,0.139914,0.0,0.344095,0.314861,0.064688,0.164657,0.0,0.089267,0.090304,0.0,0.237624,0.131554,0.320239,0.184944,0.0,0.148509,0.0,0.075427,0.170888,0.0,0.119211,0.283541,0.110889,0.305998,0.0,0.095909,0.188319,0.055065,0.163636,0.0,0.341646,0.0,0.256007,0.196942,0.0,0.304916,0.0,0.0,0.0,0.170811,0.0,0.35127,0.0,0.0,0.0,0.0,0.0,0.0,0.128338,0.753619,0.130585,0.203722,0.0,0.15389,0.0,0.149894,0.0,0.142889,0.0,0.0,0.0,0.0,0.358083,0.325935,0.284504,0.326053,0.064019,0.109389,0.172777,0.0,0.147752,0.0,1.118128,0.023546,0.0,0.0,0.282913,0.960863,0.0,0.0,0.0,0.0,0.234664,0.0,0.0,0.002704,0.0,0.780898,0.0,0.0,0.0,0.162316,0.0,0.158262,0.161681,0.0,0.0,0.179812,0.0,0.0,0.0,0.089971,0.312529,0.122905,0.0,0.015698,0.171152,0.144586,0.18001,0.0,0.331415,0.0,0.278307,0.0,0.206211,0.221168,0.124151,0.0,0.08677,0.092876,0.252092,0.0,0.126928,0.0,1.2335,0.0,0.0,0.095472,0.0,0.117107,0.0,0.15322,0.0,0.329782,0.0,0.139581,0.175419,0.0,0.198386,0.111998,0.317396,0.156241,0.0,1e-06,0.264355,0.076122,0.0,0.130527,0.0,0.0,0.357662,0.337924,0.095692,0.110394,0.0,0.0,0.0,0.0,0.100014,0.111364,0.098866,0.086031,0.0,0.0,0.0,0.167951,0.0,0.0,0.098323,0.314682,0.0,0.299218,0.0,0.099905,0.29733,0.129247,0.0,0.0,0.0,0.051853,0.0,0.086426,0.300686,0.0,0.322549,0.338016,0.0,0.0,0.0,0.101165,0.295618,0.100867,0.108774,0.154984,0.0,0.0,0.1902,0.029697,0.0,0.300937,0.311342,0.0,0.220878,0.262523,0.187146,0.197438,0.053595,0.0,0.0,0.0,0.193852,0.083441,0.0,0.0,0.0,0.0,0.0,0.110514,0.090557,0.24251,0.0,0.216815,0.0,0.0,0.13432,0.174375,0.0,0.198764,0.0,0.279611,0.0,0.113376,0.0,0.0,0.180592,0.21994,0.123174,0.0,0.152142,0.0,0.0,0.0,0.0,0.135743,0.191767,0.059132,0.235619,0.0,0.001927,0.0,0.152118,0.0,0.361509,0.111404,0.138276,0.11304,0.0,0.0,0.0,0.0,0.0,0.1457,0.0,0.0,0.0,0.30025,0.0,0.289939,0.0,0.139867,0.0,0.162191,0.151452,0.036778,0.0,0.322352,0.123772,0.0,0.136808,0.862694,0.0,0.0,0.118361,0.304449,0.122317,0.227484,0.30613,0.095381,0.144796,0.106189,0.251769,0.0,0.0,0.0,0.380396,0.0,0.245279,0.142177,0.307858,0.0,0.0,0.185558,0.365693,0.353144,0.0,0.268685,0.249868,0.1145,0.0,0.092678,0.352019,0.439234,0.0,0.0,0.0,0.0,0.0,0.0,0.249896,0.0,0.135472,0.096434,0.0,0.0,0.0,0.0,0.190832,0.237476,0.0,0.0,0.06344,0.0,0.0,0.355767,0.447305,0.10689,0.309547,0.720082,0.133552,0.0,0.0,0.0,0.464962,0.0,0.298801,0.0,0.049086,0.0,0.304379,0.091405,0.16584,0.349238,0.127373,0.183642,0.377797,0.0,0.00571,0.360077,0.0,0.150998,0.0,0.0,0.0,0.0,0.0,0.340125,0.0,0.138838,0.0,0.0,0.246777,0.297648,0.118961,0.172824,0.0,0.09151,0.0,0.0,0.147989,0.262248,0.313448,0.0
TCGA-97-A4M3-01Z-00-DX1.16330A66-2501-48D2-AF6A-713698BF6918,0.155679,0.0,0.0,0.0,0.0,0.082893,0.504421,0.116437,0.448345,0.05996,0.070023,0.120105,0.0,0.0,0.0,0.116329,0.0,0.06287,0.0,0.07692,0.299962,0.141859,0.0,0.0,0.0,0.0,0.079011,0.0,0.07876,0.119477,0.0,0.0,0.07497,0.981926,0.0,0.404848,0.41999,0.0,0.0,0.296999,0.0,0.444816,0.0,0.076607,0.0,0.092749,0.0,0.0,0.0,0.432314,0.0,0.054424,0.0,0.533574,0.0,0.26701,0.06379,0.513073,0.034458,0.043754,0.0,0.509411,0.415989,0.073334,0.031067,0.322258,0.067517,0.0,0.121354,0.0,0.0,0.0,0.212818,0.023665,0.0,0.314941,0.0,0.050517,0.064509,0.0,0.0,0.562323,0.06495,0.0,0.0,0.014798,0.452598,0.0,0.091723,0.050976,0.027625,0.0,0.317821,0.0,0.402881,0.054051,0.0,0.0,0.0,0.071076,0.0,0.0,0.132974,0.112394,0.101966,0.0,0.45641,0.113248,0.070949,0.0,0.085306,0.0,0.377875,0.0,0.0,0.0,0.0,0.103155,0.063838,0.115164,0.230662,0.0,0.043063,0.0,0.307998,0.367856,0.418592,0.083902,0.14977,0.0,0.061589,0.0,0.478039,0.438194,0.050341,0.083531,0.0,0.092247,0.055705,0.0,0.306319,0.075014,0.411676,0.212719,0.0,0.082365,0.0,0.05453,0.081352,0.0,0.055609,0.401452,0.103959,0.414107,0.0,0.039723,0.102659,0.053762,0.09158,0.0,0.361075,0.0,0.333956,0.109404,0.0,0.426402,0.0,0.0,0.0,0.140224,0.0,0.473216,0.0,0.0,0.0,0.0,0.0,0.0,0.05912,0.726268,0.0749,0.237104,6e-06,0.071356,0.0,0.068718,0.0,0.071291,0.0,0.0,0.0,0.0,0.507549,0.310801,0.386302,0.445544,0.032982,0.066175,0.177429,0.0,0.073824,0.0,1.035372,0.013347,0.0,0.0,0.370757,0.914768,0.0,0.0,0.0,0.0,0.29927,0.0,0.0,0.003993,0.0,0.747001,0.0,0.0,0.0,0.074707,0.0,0.089514,0.088201,0.0,0.0,0.139035,0.0,0.0,0.0,0.045624,0.286156,0.073336,0.0,0.007818,0.088932,0.067845,0.10572,0.0,0.461849,0.0,0.39494,0.0,0.133249,0.253293,0.086364,0.0,0.036434,0.041668,0.268842,0.0,0.060763,0.0,1.171588,0.0,0.0,0.042367,0.0,0.047044,0.0,0.084184,0.0,0.430173,0.0,0.190399,0.089622,0.0,0.098443,0.053392,0.292875,0.072624,0.0,0.0,0.278708,0.033977,0.0,0.056857,0.0,0.0,0.509845,0.479662,0.046307,0.041045,0.0,0.0,0.0,0.0,0.041899,0.054831,0.046211,0.046344,0.0,0.0,0.0,0.102724,0.0,0.0,0.052572,0.434071,0.0,0.416976,0.0,0.05537,0.417179,0.098387,0.0,0.0,0.0,0.031926,0.0,0.0649,0.42457,0.0,0.365521,0.422017,0.0,0.0,0.0,0.045802,0.409904,0.044624,0.047029,0.116676,0.0,0.0,0.11553,0.015042,0.0,0.425116,0.428412,0.0,0.243259,0.369858,0.246066,0.102835,0.020427,0.0,0.0,0.0,0.166847,0.041779,0.0,0.0,0.0,0.0,0.0,0.058819,0.037229,0.306906,0.0,0.241013,0.0,0.0,0.069684,0.083199,0.0,0.244168,0.0,0.385277,0.0,0.094508,0.0,0.0,0.199219,0.29917,0.053237,0.0,0.123807,0.0,0.0,0.0,0.0,0.066432,0.0975,0.044151,0.308914,0.0,0.007384,0.0,0.069,0.0,0.499889,0.058766,0.07128,0.100893,0.0,0.0,0.0,0.0,0.0,0.075011,0.0,0.0,0.0,0.41162,0.0,0.406364,0.0,0.080738,0.0,0.070586,0.173277,0.042603,0.0,0.448356,0.061672,0.0,0.134833,0.800687,0.0,0.0,0.057042,0.430058,0.061395,0.274416,0.423847,0.123047,0.101473,0.055445,0.353442,0.0,0.0,0.0,0.37592,0.0,0.152222,0.068141,0.440133,0.0,0.0,0.241709,0.350465,0.364355,0.0,0.274903,0.178469,0.061578,0.0,0.042897,0.48995,0.418167,0.0,0.0,0.0,0.0,0.0,0.0,0.352139,0.0,0.163245,0.069519,0.0,0.0,0.0,0.0,0.12804,0.349543,0.0,0.0,0.063516,0.0,0.0,0.494362,0.439645,0.040085,0.328731,0.690452,0.05718,0.0,0.0,0.0,0.434583,0.0,0.417499,0.0,0.03919,0.0,0.355983,0.045073,0.083333,0.500186,0.063321,0.128835,0.364854,0.0,0.003209,0.459201,0.0,0.085613,0.0,0.0,0.0,0.0,0.0,0.355049,0.0,0.069807,0.0,0.0,0.249648,0.426594,0.071616,0.216886,0.0,0.042892,0.0,0.0,0.069502,0.36594,0.444114,0.0
TCGA-MP-A4T8-01Z-00-DX1.3ECB340F-66C7-4F64-8E00-463BF82AAD83,0.377739,0.0,0.0,0.0,0.0,0.306898,0.107228,0.315548,0.067006,0.235492,0.256963,0.178519,0.0,0.0,0.0,0.333596,0.0,0.158995,0.0,0.198715,0.045869,0.131427,0.0,0.0,0.0,0.0,0.306455,0.0,0.198263,0.360265,0.0,0.0,0.270476,1.061153,0.0,0.047303,0.060079,0.0,0.0,0.232274,0.0,0.071562,0.0,0.283624,0.0,0.23688,0.0,0.0,0.0,0.055258,0.0,0.080995,0.0,0.583421,0.0,0.331317,0.228115,0.174237,0.149358,0.156805,0.0,0.068216,0.071108,0.244552,0.173271,0.128031,0.224135,0.0,0.229499,0.0,0.0,0.0,0.089431,0.100718,0.0,0.174126,0.0,0.214556,0.17015,0.0,0.0,0.590789,0.255392,0.0,0.0,0.079144,0.078107,0.0,0.338462,0.175889,0.086609,0.0,0.218394,0.0,0.411648,0.150178,0.0,0.0,0.0,0.276002,0.0,0.0,0.187802,0.332962,0.082305,0.0,0.047179,0.300955,0.295281,0.0,0.209766,0.0,0.069717,0.0,0.0,0.0,0.0,0.202724,0.247558,0.105724,0.149116,0.0,0.135479,0.0,0.097241,0.031063,0.066969,0.168925,0.349676,0.0,0.199584,0.0,0.113514,0.056297,0.073328,0.295749,0.0,0.045847,0.226578,0.0,0.139511,0.211924,0.134886,0.129085,0.0,0.241953,0.0,0.083415,0.299371,0.0,0.198758,0.075938,0.161681,0.114561,0.0,0.154916,0.401211,0.089937,0.302013,0.0,0.347324,0.0,0.159513,0.324757,0.0,0.08151,0.0,0.0,0.0,0.231705,0.0,0.1432,0.0,0.0,0.0,0.0,0.0,0.0,0.231708,0.790605,0.292334,0.145245,0.0,0.287122,0.0,0.251987,0.0,0.277715,0.0,0.0,0.0,0.0,0.10861,0.149828,0.065513,0.085371,0.156996,0.156229,0.132702,0.0,0.265329,0.0,1.233352,0.080043,0.0,0.0,0.127694,1.043454,0.0,0.0,0.0,0.0,0.121462,0.0,0.0,0.002349,0.0,0.802402,0.0,0.0,0.0,0.283262,0.0,0.246441,0.279118,0.0,0.0,0.303901,0.0,0.0,0.0,0.187981,0.26721,0.172495,0.0,0.068584,0.336696,0.26138,0.320784,0.0,0.050099,0.0,0.050618,0.0,0.292005,0.120764,0.23275,0.0,0.161536,0.145679,0.233303,0.0,0.23145,0.0,1.323223,0.0,0.0,0.117699,0.0,0.127342,0.0,0.311469,0.0,0.116969,0.0,0.090966,0.331621,0.0,0.375252,0.20147,0.171181,0.263636,0.0,0.0,0.185929,0.083436,0.0,0.223158,0.0,0.0,0.095996,0.106862,0.172187,0.148591,0.0,0.0,0.0,0.0,0.174522,0.217506,0.189989,0.125165,0.0,0.0,0.0,0.250673,0.0,0.0,0.214446,0.089176,0.0,0.054354,0.0,0.130367,0.045533,0.156834,0.0,0.0,0.0,0.132654,0.0,0.081724,0.083771,0.0,0.195419,0.200681,0.0,0.0,0.0,0.148823,0.090928,0.157516,0.175673,0.248882,0.0,0.0,0.293638,0.09357,0.0,0.084615,0.072333,0.0,0.140845,0.039419,0.108593,0.376913,0.092935,0.0,0.0,0.0,0.308296,0.121186,0.0,0.0,0.0,0.0,0.0,0.24151,0.141108,0.171841,0.0,0.111707,0.0,0.0,0.267309,0.302556,0.0,0.146101,0.0,0.060761,0.0,0.195775,0.0,0.0,0.159388,0.083876,0.18994,0.0,0.214297,0.0,0.0,0.0,2.6e-05,0.253949,0.365782,0.072693,0.12698,0.0,0.058419,0.0,0.266256,0.0,0.060998,0.234831,0.267665,0.122919,0.0,0.0,0.0,0.0,0.0,0.299896,0.0,0.0,0.0,0.052152,0.0,0.062671,0.0,0.284735,0.0,0.252423,0.158687,0.125614,0.0,0.109021,0.248747,0.0,0.257702,0.945743,0.0,0.0,0.238943,0.078673,0.23194,0.144426,0.071533,0.094343,0.362147,0.218021,0.0597,0.0,0.0,0.0,0.313743,0.0,0.357911,0.2357,0.064777,0.0,0.0,0.090097,0.238052,0.361238,0.0,0.253479,0.329902,0.146802,0.0,0.162086,0.133142,0.476766,0.0,0.0,0.0,0.0,0.0,0.0,0.053541,0.0,0.112719,0.120318,0.0,0.0,0.0,0.0,0.285138,0.029012,0.0,0.0,0.144562,0.0,0.0,0.076392,0.428226,0.151117,0.138721,0.799458,0.217042,0.0,0.0,0.0,0.523023,0.0,0.044381,0.0,0.112948,0.0,0.195217,0.183309,0.327273,0.139226,0.260662,0.276673,0.319047,0.0,0.002533,0.21279,0.0,0.208928,0.0,0.0,0.0,0.0,0.0,0.235163,0.0,0.267184,0.0,0.0,0.219356,0.079577,0.236247,0.109572,0.0,0.081617,1e-06,0.0,0.27166,0.052171,0.117449,0.0
TCGA-MP-A4TJ-01Z-00-DX1.14EDBE5C-5D0C-4002-BE95-AF5C9D9F3D43,0.368579,0.0,0.0,0.0,0.0,0.310165,0.102132,0.288387,0.063536,0.225398,0.267131,0.101449,0.0,0.0,0.0,0.31771,0.0,0.180159,0.0,0.171772,0.046803,0.167734,0.0,0.0,0.0,0.0,0.289475,0.0,0.23302,0.335338,0.0,0.0,0.275253,1.089771,0.0,0.042949,0.061301,0.0,0.0,0.21858,0.0,0.076013,0.0,0.288067,0.0,0.26023,0.0,0.0,0.0,0.058565,0.0,0.129394,0.0,0.621672,0.0,0.370343,0.234354,0.184114,0.140522,0.167313,0.0,0.071557,0.063724,0.200544,0.123467,0.16124,0.237,0.0,0.255733,0.0,0.0,0.0,0.083228,0.082195,0.0,0.208031,0.0,0.1951,0.111459,0.0,0.0,0.617359,0.232869,0.0,0.0,0.069401,0.076604,0.0,0.335678,0.188835,0.093649,0.0,0.179461,0.0,0.452752,0.115489,0.0,0.0,0.0,0.261084,0.0,0.0,0.152742,0.325473,0.107119,0.0,0.036201,0.323176,0.263838,0.0,0.164443,0.0,0.066551,0.0,0.0,0.0,0.0,0.229803,0.242948,0.12554,0.200322,0.0,0.158582,0.0,0.100866,0.028025,0.080986,0.213152,0.321733,0.0,0.217299,0.0,0.113004,0.063326,0.091101,0.301849,0.0,0.054827,0.18896,0.0,0.150352,0.239341,0.146821,0.167813,0.0,0.221731,0.0,0.106492,0.301832,0.0,0.209472,0.074793,0.201075,0.146732,0.0,0.159149,0.353712,0.049838,0.289432,0.0,0.37191,0.0,0.136844,0.290438,0.0,0.07288,0.0,0.0,0.0,0.264333,0.0,0.14942,0.0,0.0,0.0,0.0,0.0,0.0,0.218282,0.820885,0.28226,0.121446,5e-06,0.276882,0.0,0.262389,0.0,0.27078,0.0,0.0,0.0,0.0,0.110658,0.175564,0.070584,0.088068,0.137146,0.183236,0.148804,0.0,0.265261,0.0,1.266569,0.066532,0.0,0.0,0.152415,1.065997,0.0,0.0,0.0,0.0,0.100259,0.0,0.0,0.004589,0.0,0.8273,0.0,0.0,0.0,0.271867,0.0,0.226993,0.271688,0.0,0.0,0.320645,0.0,0.0,0.0,0.174002,0.258915,0.153594,0.0,0.035506,0.317016,0.22494,0.293102,0.0,0.04399,0.0,0.040063,0.0,0.254313,0.150358,0.242831,0.0,0.14986,0.150962,0.271879,0.0,0.245635,0.0,1.336862,0.0,0.0,0.160823,0.0,0.180274,0.0,0.306834,0.0,0.106613,0.0,0.096918,0.326916,0.0,0.352268,0.200701,0.212789,0.255753,0.0,0.0,0.227733,0.117648,0.0,0.226463,0.0,0.0,0.081352,0.093724,0.172358,0.169133,0.0,0.0,0.0,0.0,0.171126,0.211428,0.184916,0.173808,0.0,0.0,0.0,0.235009,0.0,0.0,0.207297,0.088379,0.0,0.045394,0.0,0.173127,0.042786,0.207372,0.0,0.0,0.0,0.134261,0.0,0.126663,0.080193,0.0,0.2414,0.181425,0.0,0.0,0.0,0.184201,0.096062,0.170986,0.177449,0.288457,0.0,0.0,0.267193,0.066707,0.0,0.077468,0.062628,0.0,0.189034,0.041507,0.076371,0.353774,0.082079,0.0,0.0,0.0,0.324969,0.157008,0.0,0.0,0.0,0.0,0.0,0.221221,0.13789,0.18816,0.0,0.18462,0.0,0.0,0.252156,0.305941,0.0,0.184441,0.0,0.06086,0.0,0.222337,0.0,0.0,0.182551,0.081953,0.195608,0.0,0.250196,0.0,0.0,0.0,0.0,0.253289,0.346849,0.094405,0.139907,0.0,0.026298,0.0,0.253329,0.0,0.056373,0.227152,0.256908,0.072062,0.0,0.0,0.0,0.0,0.0,0.267392,0.0,0.0,0.0,0.051941,0.0,0.059203,0.0,0.275482,0.0,0.268156,0.192798,0.131373,0.0,0.118046,0.227969,0.0,0.195362,0.982402,0.0,0.0,0.212015,0.09761,0.233772,0.193849,0.075997,0.107447,0.324894,0.201317,0.053129,0.0,0.0,0.0,0.273698,0.0,0.358283,0.244277,0.054066,0.0,0.0,0.082478,0.240526,0.392849,0.0,0.293944,0.29504,0.196778,0.0,0.153206,0.129292,0.489837,0.0,0.0,0.0,0.0,0.0,0.0,0.06716,0.0,0.06687,0.077869,0.0,0.0,0.0,0.0,0.323393,0.020356,0.0,0.0,0.085499,0.0,0.0,0.071745,0.475312,0.15261,0.204994,0.829608,0.218572,0.0,0.0,0.0,0.549584,0.0,0.035562,0.0,0.119933,0.0,0.205931,0.162824,0.308115,0.168693,0.238991,0.310144,0.280973,0.0,0.002495,0.196965,0.0,0.194833,0.0,0.0,1e-06,0.0,0.0,0.215412,0.0,0.261878,2e-06,0.0,0.167244,0.077067,0.228229,0.127935,0.0,0.141661,0.0,0.0,0.27114,0.051319,0.126196,0.0
TCGA-MP-A4TC-01Z-00-DX1.C7DB4A7F-F6B8-4FA0-84C1-9B87D41C7749,0.371725,0.0,0.0,0.0,0.0,0.298667,0.11231,0.310445,0.059773,0.238621,0.263896,0.133874,0.0,0.0,0.0,0.303191,0.0,0.150636,0.0,0.193326,0.043016,0.108915,0.0,0.0,0.0,0.0,0.305337,0.0,0.200856,0.331867,0.0,0.0,0.272441,0.983928,0.0,0.050465,0.070517,0.0,0.0,0.221116,0.0,0.076374,0.0,0.287434,0.0,0.214902,0.0,0.0,0.0,0.058634,0.0,0.113165,0.0,0.525048,0.0,0.281033,0.235498,0.155097,0.149064,0.176883,0.0,0.089073,0.068666,0.221273,0.155888,0.122123,0.236243,0.0,0.187066,0.0,0.0,0.0,0.074986,0.105127,0.0,0.204694,0.0,0.209742,0.151014,0.0,0.0,0.521956,0.245027,0.0,0.0,0.095025,0.083934,0.0,0.332338,0.177607,0.116622,0.0,0.201703,0.0,0.381382,0.144116,0.0,0.0,0.0,0.276572,0.0,0.0,0.196144,0.318658,0.107784,0.0,0.054978,0.248089,0.268238,0.0,0.194241,0.0,0.066063,0.0,0.0,0.0,0.0,0.166341,0.251494,0.083641,0.136865,0.0,0.158845,0.0,0.080333,0.044059,0.073509,0.162102,0.327478,0.0,0.22083,0.0,0.104382,0.066132,0.071988,0.298299,0.0,0.058698,0.18921,0.0,0.122552,0.217162,0.126422,0.10552,0.0,0.238951,0.0,0.089712,0.286907,0.0,0.215153,0.073492,0.125153,0.124973,0.0,0.15506,0.367838,0.085595,0.283739,0.0,0.297281,0.0,0.151669,0.309838,0.0,0.078304,0.0,0.0,0.0,0.199819,0.0,0.129437,0.0,0.0,0.0,0.0,0.0,0.0,0.231009,0.720437,0.27614,0.12328,1e-06,0.269488,0.0,0.256506,0.0,0.266788,0.0,0.0,0.0,0.0,0.105149,0.188209,0.067273,0.079122,0.149057,0.153908,0.115099,0.0,0.26835,0.0,1.133821,0.089507,0.0,0.0,0.120436,0.965298,0.0,0.0,0.0,0.0,0.111229,0.0,0.0,0.014006,0.0,0.733364,0.0,0.0,0.0,0.275439,0.0,0.236092,0.265001,0.0,0.0,0.248205,0.0,0.0,0.0,0.19241,0.278141,0.170346,0.0,0.067459,0.334571,0.260793,0.313676,0.0,0.06355,0.0,0.056098,0.0,0.283438,0.111849,0.225285,0.0,0.161655,0.162169,0.214944,0.0,0.230133,0.0,1.213322,0.0,0.0,0.163975,0.0,0.161298,0.0,0.294992,0.0,0.133346,0.0,0.085794,0.318322,0.0,0.343957,0.201764,0.232255,0.259395,0.0,1e-06,0.16706,0.100704,0.0,0.228112,0.0,0.0,0.09319,0.095937,0.176543,0.155968,0.0,0.0,0.0,0.0,0.174587,0.229591,0.202789,0.156486,0.0,0.0,0.0,0.247258,0.0,0.0,0.234144,0.088852,0.0,0.054043,0.0,0.146835,0.056907,0.143265,0.0,0.0,0.0,0.147142,0.0,0.083379,0.078382,0.0,0.186,0.189936,0.0,0.0,0.0,0.163727,0.088956,0.171311,0.188005,0.208162,0.0,0.0,0.289998,0.096676,0.0,0.082689,0.086485,0.0,0.127743,0.054552,0.097088,0.365104,0.097501,0.0,0.0,0.0,0.266453,0.141575,0.0,0.0,0.0,0.0,0.0,0.246529,0.157388,0.151333,0.0,0.134747,0.0,0.0,0.270069,0.297781,0.0,0.140699,0.0,0.067351,0.0,0.156593,0.0,0.0,0.132624,0.065655,0.209466,0.0,0.19052,0.0,0.0,0.0,0.0,0.262302,0.353316,0.076449,0.11602,0.0,0.056551,0.0,0.262784,0.0,0.070732,0.247831,0.264031,0.112671,0.0,0.0,0.0,0.0,0.0,0.29219,0.0,0.0,0.0,0.062892,0.0,0.069499,0.0,0.274068,0.0,0.253125,0.15389,0.118842,0.0,0.094032,0.23576,0.0,0.203856,0.876457,0.0,0.0,0.218369,0.085722,0.236682,0.122911,0.073984,0.072495,0.311981,0.218912,0.056356,0.0,0.0,0.0,0.324325,0.0,0.337215,0.244622,0.065586,0.0,0.0,0.119959,0.268867,0.318767,0.0,0.230478,0.325082,0.170213,0.0,0.167514,0.121497,0.424765,0.0,0.0,0.0,0.0,0.0,0.0,0.0619,0.0,0.111191,0.130588,0.0,0.0,0.0,0.0,0.263275,0.037807,0.0,0.0,0.098052,0.0,0.0,0.079259,0.374802,0.15513,0.153057,0.726114,0.226401,0.0,0.0,0.0,0.460972,0.0,0.047843,0.0,0.122235,0.0,0.167449,0.183636,0.30823,0.136411,0.259197,0.242242,0.307669,0.0,0.010848,0.205481,0.0,0.201687,0.0,0.0,0.0,0.0,0.0,0.24438,0.0,0.264934,4e-06,0.0,0.209893,0.077598,0.230795,0.096693,0.0,0.131814,0.0,0.0,0.266424,0.053934,0.112342,0.0
TCGA-95-7039-01Z-00-DX1.C191A46D-A667-4BF6-8E6B-3E5CBF9DF43F,0.184468,0.0,0.0,0.0,0.0,0.132972,0.395859,0.140828,0.340679,0.083249,0.108323,0.123391,0.0,0.0,0.0,0.149509,0.0,0.143162,0.0,0.075956,0.24764,0.224763,0.0,0.0,0.0,0.0,0.123102,0.0,0.181871,0.166927,0.0,0.0,0.11177,1.125621,0.0,0.301237,0.320605,0.0,0.0,0.231209,0.0,0.346762,0.0,0.120925,0.0,0.22141,0.0,0.0,0.0,0.324685,0.0,0.11092,0.0,0.644412,0.0,0.380819,0.094973,0.450574,0.047422,0.063898,0.0,0.387131,0.333811,0.106971,0.047169,0.325337,0.112362,0.0,0.240062,0.0,0.0,0.0,0.231494,0.026957,0.0,0.267512,0.0,0.067157,0.068242,0.0,0.0,0.670798,0.103341,0.0,0.0,0.018841,0.357835,0.0,0.160647,0.090039,0.041143,0.0,0.25754,0.0,0.491445,0.055125,0.0,0.0,0.0,0.107327,0.0,0.0,0.108605,0.152803,0.112925,0.0,0.334752,0.244889,0.105545,0.0,0.09608,0.0,0.312827,0.0,0.0,0.0,0.0,0.215157,0.106074,0.178371,0.27964,0.0,0.0865,0.0,0.262751,0.264778,0.333946,0.177676,0.179022,0.0,0.096648,0.0,0.409133,0.339445,0.13507,0.137283,0.0,0.083965,0.116251,0.0,0.3182,0.159149,0.354985,0.251279,0.0,0.097703,0.0,0.140167,0.129694,0.0,0.081947,0.312164,0.194672,0.353861,0.0,0.056955,0.181493,0.034786,0.132628,0.0,0.442716,0.0,0.286141,0.14415,0.0,0.333358,0.0,0.0,0.0,0.255949,0.0,0.408214,0.0,0.0,0.0,0.0,0.0,0.0,0.094614,0.851747,0.122908,0.201481,1e-06,0.113882,0.0,0.102402,0.0,0.110895,0.0,0.0,0.0,0.0,0.418231,0.237523,0.318911,0.368138,0.040474,0.150132,0.229277,0.0,0.111803,0.0,1.235729,0.015124,0.0,0.0,0.333127,1.083948,0.0,0.0,0.0,0.0,0.245868,0.0,0.0,0.015559,0.0,0.880101,0.0,0.0,0.0,0.116119,0.0,0.111142,0.119178,0.0,0.0,0.305413,0.0,0.0,0.0,0.062498,0.23695,0.076597,0.0,0.009602,0.144409,0.109128,0.145901,0.0,0.330849,0.0,0.297536,0.0,0.147822,0.273806,0.194115,0.0,0.045561,0.069035,0.333722,0.0,0.095928,0.0,1.359216,0.0,0.0,0.064749,0.0,0.064382,0.0,0.149377,0.0,0.336703,0.0,0.183039,0.142,0.0,0.170227,0.083064,0.250799,0.118806,0.0,0.0,0.321128,0.081193,0.0,0.074577,0.0,0.0,0.402206,0.406168,0.075007,0.061593,0.0,0.0,2e-06,0.0,0.060418,0.085074,0.071539,0.086365,0.0,0.0,0.0,0.113156,0.0,0.0,0.076446,0.349918,0.0,0.323476,0.0,0.128397,0.305955,0.174854,0.0,0.0,0.0,0.047602,0.0,0.131558,0.35815,0.0,0.370327,0.348867,0.0,0.0,0.0,0.077797,0.347027,0.060688,0.072338,0.249645,0.0,0.0,0.142868,0.020835,0.0,0.349128,0.326707,0.0,0.276034,0.276104,0.206386,0.160393,0.024402,0.0,0.0,0.0,0.295958,0.076099,0.0,0.0,0.0,0.0,0.0,0.089904,0.04296,0.323274,0.0,0.235365,0.0,0.0,0.10036,0.132079,0.0,0.279086,0.0,0.308288,0.0,0.210986,0.0,0.0,0.264438,0.281866,0.083376,0.0,0.227048,0.0,0.0,0.0,1e-06,0.102991,0.164682,0.115906,0.317611,0.0,0.012021,0.0,0.109363,0.0,0.382761,0.084129,0.11193,0.068037,0.0,0.0,0.0,0.0,0.0,0.108925,0.0,0.0,0.0,0.323334,0.0,0.32031,0.0,0.150312,0.0,0.121889,0.237013,0.112547,0.0,0.381818,0.093405,0.0,0.158605,0.970681,0.0,0.0,0.098118,0.358065,0.094064,0.305158,0.327522,0.176454,0.20461,0.085076,0.27657,0.0,0.0,0.0,0.297229,0.0,0.176488,0.126731,0.331118,0.0,0.0,0.197396,0.295333,0.455238,0.0,0.348905,0.181002,0.13285,0.0,0.058141,0.417172,0.53598,0.0,0.0,0.0,0.0,0.0,0.0,0.279976,0.0,0.104898,0.050144,0.0,0.0,0.0,1e-06,0.264732,0.249109,0.0,0.0,0.110301,0.0,0.0,0.390887,0.536252,0.060199,0.289585,0.839407,0.084998,0.0,0.0,0.0,0.574175,0.0,0.305553,0.0,0.097902,0.0,0.353968,0.068439,0.121664,0.418869,0.094088,0.260177,0.289254,0.0,0.011139,0.376684,0.0,0.089499,0.0,0.0,0.0,0.0,0.0,0.267398,0.0,0.108368,0.0,0.0,0.211628,0.35056,0.140691,0.25041,0.0,0.078378,0.0,0.0,0.107855,0.289418,0.384978,0.0
TCGA-49-6743-01Z-00-DX2.f6b71e89-19ff-4d9b-a3f1-3a52949f1dc7,0.335445,0.0,0.0,0.0,0.0,0.280085,0.141791,0.286008,0.100959,0.215776,0.24437,0.148751,0.0,0.0,0.0,0.297737,0.0,0.158896,0.0,0.187358,0.065229,0.121049,0.0,0.0,0.0,0.0,0.267581,0.0,0.194021,0.322144,0.0,0.0,0.246012,0.98295,0.0,0.081096,0.113663,0.0,0.0,0.2453,0.0,0.114146,0.0,0.255907,0.0,0.226682,0.0,1e-06,0.0,0.095026,0.0,0.112906,0.0,0.521986,0.0,0.298351,0.218358,0.193351,0.155408,0.176088,0.0,0.129665,0.102179,0.208607,0.164228,0.153585,0.226056,0.0,0.188577,0.0,0.0,0.0,0.100315,0.092768,0.0,0.220137,0.0,0.192949,0.147329,0.0,0.0,0.527813,0.229325,0.0,0.0,0.09291,0.118601,0.0,0.321319,0.170969,0.110678,0.0,0.212913,0.0,0.390763,0.147836,0.0,0.0,0.0,0.242968,0.0,0.0,0.196615,0.296563,0.109584,0.0,0.091631,0.254099,0.246015,0.0,0.181276,0.0,0.104189,0.0,0.0,0.0,0.0,0.187899,0.24444,0.086124,0.143654,0.0,0.168206,0.0,0.083203,0.071312,0.111435,0.156028,0.315452,0.0,0.201722,0.0,0.153232,0.11138,0.094129,0.282385,0.0,0.066072,0.20573,0.0,0.147499,0.216317,0.156016,0.131592,0.0,0.224841,0.0,0.121942,0.263605,0.0,0.183059,0.097606,0.134864,0.157098,0.0,0.143257,0.335156,0.081035,0.260659,0.0,0.304982,0.0,0.167607,0.28453,0.0,0.098844,0.0,0.0,0.0,0.198598,0.0,0.175023,0.0,0.0,0.0,0.0,0.0,0.0,0.229473,0.740415,0.26216,0.137291,0.0,0.254114,0.0,0.230556,0.0,0.255141,0.0,0.0,0.0,0.0,0.14137,0.202076,0.109663,0.1151,0.135311,0.137257,0.121675,0.0,0.22861,0.0,1.12764,0.086659,0.0,0.0,0.14385,0.966345,0.0,0.0,0.0,0.0,0.127233,0.0,0.0,0.026446,0.0,0.756394,0.0,0.0,0.0,0.257831,0.0,0.221035,0.252105,0.0,0.0,0.256487,0.0,0.0,0.0,0.162603,0.270646,0.181053,0.0,0.076788,0.30866,0.23791,0.28531,0.0,0.099679,0.0,0.089102,0.0,0.261408,0.127086,0.220508,0.0,0.145636,0.147654,0.230888,0.0,0.21799,0.0,1.235072,0.0,0.0,0.142874,0.0,0.134808,0.0,0.272282,0.0,0.150158,0.0,0.09939,0.285977,0.0,0.329568,0.201735,0.230581,0.245943,0.0,0.0,0.180274,0.119337,0.0,0.202007,0.0,0.0,0.132585,0.135346,0.181801,0.160821,0.0,0.0,0.0,0.0,0.160812,0.222679,0.19099,0.162893,0.0,0.0,0.0,0.232308,0.0,0.0,0.216056,0.123169,0.0,0.092626,0.0,0.152943,0.083019,0.15249,0.0,0.0,0.0,0.123846,0.0,0.080833,0.114086,0.0,0.194969,0.20443,0.0,0.0,0.0,0.155927,0.13876,0.150465,0.168498,0.208315,0.0,0.0,0.288106,0.08591,0.0,0.117668,0.127722,0.0,0.134644,0.086198,0.108976,0.326072,0.083454,0.0,0.0,0.0,0.265981,0.131184,0.0,0.0,0.0,0.0,0.0,0.224425,0.126099,0.163747,0.0,0.132657,0.0,0.0,0.236921,0.279344,0.0,0.156278,0.0,0.091878,0.0,0.177314,0.0,0.0,0.168852,0.093349,0.205418,0.0,0.171825,0.0,0.0,0.0,0.0,0.249408,0.324934,0.079108,0.155372,0.0,0.055084,0.0,0.251636,0.0,0.123057,0.229438,0.238722,0.116418,0.0,0.0,0.0,0.0,0.0,0.263666,0.0,0.0,0.0,0.111498,0.0,0.102185,0.0,0.269324,0.0,0.247248,0.146042,0.130896,0.0,0.114555,0.211577,0.0,0.200389,0.882316,0.0,0.0,0.21097,0.122803,0.214067,0.143444,0.105668,0.084059,0.311016,0.200113,0.078113,0.0,0.0,0.0,0.325991,0.0,0.327132,0.24739,0.091858,0.0,0.0,0.122379,0.271969,0.342477,0.0,0.251014,0.312914,0.168902,0.0,0.145344,0.164921,0.423233,0.0,0.0,0.0,0.0,0.0,0.0,0.077548,0.0,0.109243,0.12769,0.0,0.0,0.0,0.0,0.277259,0.057274,0.0,0.0,0.110417,0.0,0.0,0.123272,0.384362,0.150141,0.147661,0.730592,0.212666,0.0,0.0,0.0,0.469976,0.0,0.080847,0.0,0.127198,0.0,0.210271,0.173096,0.29,0.162672,0.238613,0.213225,0.296012,0.0,0.01844,0.224362,0.0,0.190361,0.0,0.0,0.0,0.0,0.0,0.252131,0.0,0.233772,0.0,0.0,0.201838,0.119658,0.217012,0.12309,0.0,0.130591,0.0,0.0,0.254145,0.086112,0.138147,0.0
TCGA-55-A494-01Z-00-DX1.8C7C4BE0-791A-47CA-B0A8-1935366350E0,0.377525,0.0,0.0,0.0,0.0,0.315772,0.145772,0.343082,0.093862,0.215128,0.237932,0.22544,0.0,0.0,0.0,0.281433,0.0,0.163493,0.0,0.205608,0.071125,0.10373,0.0,0.0,0.0,0.0,0.294545,0.0,0.191341,0.348378,0.0,0.0,0.254439,1.009279,0.0,0.075475,0.097405,0.0,0.0,0.250428,0.0,0.097179,0.0,0.254551,0.0,0.238741,0.0,0.0,0.0,0.104818,0.0,0.094429,0.0,0.528496,0.0,0.282369,0.223613,0.179675,0.15808,0.173858,0.0,0.122222,0.100933,0.242936,0.193293,0.11512,0.21237,0.0,0.210933,0.0,0.0,0.0,0.086123,0.122818,0.0,0.184684,0.0,0.207482,0.213127,0.0,0.0,0.561995,0.233076,0.0,0.0,0.125088,0.102009,0.0,0.353648,0.177683,0.090638,0.0,0.23544,0.0,0.379335,0.17081,0.0,0.0,0.0,0.292254,0.0,0.0,0.22967,0.308986,0.069646,0.0,0.082619,0.253107,0.262388,0.0,0.225588,0.0,0.100043,0.0,0.0,0.0,0.0,0.178024,0.265815,0.077333,0.122676,0.0,0.164686,0.0,0.079067,0.059421,0.10391,0.149399,0.338624,0.0,0.183739,0.0,0.154045,0.109222,0.095963,0.303594,0.0,0.028918,0.224542,0.0,0.13539,0.218159,0.151884,0.105411,0.0,0.243473,0.0,0.110467,0.253771,0.0,0.186832,0.104243,0.11237,0.134388,0.0,0.138969,0.382919,0.119329,0.276322,0.0,0.283503,0.0,0.182674,0.317199,0.0,0.113541,0.0,0.0,0.0,0.23686,0.0,0.174362,0.0,0.0,0.0,0.0,0.0,0.0,0.222561,0.747013,0.301685,0.162655,0.0,0.238388,0.0,0.241249,0.0,0.272622,0.0,0.0,0.0,0.0,0.139423,0.177787,0.112543,0.114298,0.147108,0.135496,0.111388,0.0,0.285857,0.0,1.18689,0.083374,0.0,0.0,0.116885,1.012513,0.0,0.0,0.0,0.0,0.132895,0.0,0.0,0.040735,0.0,0.757432,0.0,0.0,0.0,0.279022,0.0,0.248182,0.273907,0.0,0.0,0.300066,0.0,0.0,0.0,0.190385,0.319649,0.176478,0.0,0.092267,0.339879,0.266774,0.324306,0.0,0.103615,0.0,0.075506,0.0,0.301037,0.078186,0.223499,0.0,0.152007,0.158287,0.196571,0.0,0.209868,0.0,1.251376,0.0,0.0,0.111849,0.0,0.12441,0.0,0.292166,0.0,0.167747,0.0,0.110251,0.311454,0.0,0.334132,0.200027,0.205705,0.256551,0.0,0.0,0.129864,0.092028,0.0,0.202297,0.0,0.0,0.131962,0.115876,0.209214,0.141949,0.0,0.0,0.0,0.0,0.19038,0.218739,0.21763,0.132994,0.0,0.0,0.0,0.261437,0.0,0.0,0.221581,0.120106,0.0,0.092965,0.0,0.13419,0.087764,0.118979,0.0,0.0,0.0,0.148094,0.0,0.086716,0.098565,0.0,0.184443,0.239868,0.0,0.0,0.0,0.152088,0.106425,0.155531,0.185981,0.22964,0.0,0.0,0.313267,0.10832,0.0,0.108743,0.118517,0.0,0.096042,0.110193,0.132724,0.346746,0.120744,0.0,0.0,0.0,0.265888,0.103646,0.0,0.0,0.0,0.0,0.0,0.240835,0.157363,0.141183,0.0,0.099339,0.0,0.0,0.239289,0.296902,0.0,0.158541,0.0,0.08848,0.0,0.173782,0.0,0.0,0.146338,0.088391,0.167975,0.0,0.215895,0.0,0.0,0.0,0.0,0.274096,0.347295,0.071232,0.135499,0.0,0.087382,0.0,0.259683,0.0,0.109427,0.24893,0.266424,0.157646,0.0,0.0,0.0,0.0,0.0,0.283509,0.0,0.0,0.0,0.095419,0.0,0.090215,0.0,0.303674,0.0,0.248861,0.12248,0.157955,0.0,0.121279,0.238091,0.0,0.26751,0.908972,0.0,0.0,0.210893,0.118203,0.225575,0.099977,0.130571,0.074871,0.347662,0.231452,0.067664,0.0,0.0,0.0,0.343211,0.0,0.331967,0.248538,0.1008,0.0,0.0,0.134576,0.280674,0.326516,0.0,0.235564,0.324866,0.163689,0.0,0.151556,0.158309,0.418847,0.0,0.0,0.0,0.0,0.0,0.0,0.084259,0.0,0.138262,0.169423,0.0,0.0,0.0,0.0,0.267806,0.061948,0.0,0.0,0.127926,0.0,0.0,0.107625,0.37941,0.151329,0.074767,0.754341,0.201731,0.0,0.0,0.0,0.463547,0.0,0.096665,0.0,0.101553,0.0,0.172241,0.191037,0.300569,0.163746,0.236175,0.222105,0.331667,0.0,0.006415,0.243263,0.0,0.207889,0.0,0.0,0.0,0.0,0.0,0.279581,0.0,0.234214,0.0,0.0,0.247913,0.098955,0.208559,0.107289,0.0,0.098919,0.0,0.0,0.246396,0.082596,0.126759,0.0
TCGA-49-4488-01Z-00-DX1.c9beef33-2d53-4fcb-8293-f083d9fedddc,0.31757,0.0,0.0,0.0,0.0,0.228035,0.245837,0.247403,0.206589,0.181723,0.208286,0.134225,0.0,0.0,0.0,0.297274,0.0,0.139706,0.0,0.162342,0.142674,0.147916,0.0,0.0,0.0,0.0,0.21399,0.0,0.160176,0.283705,0.0,0.0,0.217606,1.064351,0.0,0.185362,0.198123,0.0,0.0,0.304435,2e-06,0.216317,0.0,0.227187,0.0,0.187719,0.0,4e-06,0.0,0.201679,0.0,0.10914,0.0,0.602203,0.0,0.326697,0.192547,0.299417,0.128151,0.135216,0.0,0.227656,0.196558,0.168931,0.102792,0.233242,0.190327,0.0,0.191974,0.0,0.0,0.0,0.13704,0.074118,0.0,0.300495,0.0,0.157911,0.101153,0.0,0.0,0.605177,0.182998,0.0,0.0,0.038344,0.215376,0.0,0.255489,0.131245,0.079444,0.0,0.257584,0.0,0.429488,0.117933,0.0,0.0,0.0,0.192965,0.0,0.0,0.185633,0.270077,0.117141,0.0,0.208459,0.238876,0.196604,0.0,0.160667,0.0,0.180944,0.0,0.0,0.0,0.0,0.164587,0.210161,0.102089,0.198383,0.0,0.095755,0.0,0.177649,0.158996,0.202211,0.150995,0.301822,0.0,0.195336,0.0,0.243185,0.202821,0.075683,0.231353,0.0,0.075545,0.152172,0.0,0.201076,0.176328,0.238661,0.182324,0.0,0.191235,0.0,0.092998,0.245575,0.0,0.160519,0.19003,0.154498,0.229556,0.0,0.130181,0.274366,0.065938,0.225911,0.0,0.376381,0.0,0.194396,0.256641,0.0,0.206047,0.0,0.0,0.0,0.203648,0.0,0.266257,0.0,0.0,0.0,0.0,0.0,0.0,0.189404,0.809752,0.197404,0.166548,0.0,0.215476,0.0,0.200886,0.0,0.203406,0.0,0.0,0.0,0.0,0.247796,0.274538,0.18985,0.223546,0.095357,0.146161,0.163727,0.0,0.195611,0.0,1.201644,0.037085,0.0,0.0,0.230686,1.019825,0.0,0.0,0.0,0.0,0.179593,0.0,0.0,0.002456,0.0,0.818477,0.0,0.0,0.0,0.219255,0.0,0.19712,0.217502,0.0,0.0,0.24465,0.0,0.0,0.0,0.120336,0.288042,0.144114,0.0,0.032395,0.246133,0.191137,0.230889,0.0,0.209679,0.0,0.18205,0.0,0.248338,0.202545,0.181776,0.0,0.117246,0.121572,0.263394,0.0,0.180353,0.0,1.305088,0.0,0.0,0.125648,0.0,0.149259,0.0,0.22073,0.0,0.220813,0.0,0.118251,0.250039,0.0,0.295752,0.164302,0.270512,0.212355,0.0,0.0,0.254253,0.106988,0.0,0.182216,0.0,0.0,0.241627,0.239382,0.136952,0.142982,0.0,0.0,0.0,0.0,0.127643,0.169048,0.138748,0.127075,0.0,0.0,0.0,0.201975,0.0,0.0,0.131242,0.222302,0.0,0.196271,0.0,0.124483,0.185059,0.167362,0.0,0.0,0.0,0.080086,0.0,0.099241,0.20732,0.0,0.28462,0.259601,0.0,0.0,0.0,0.136545,0.213833,0.126377,0.145727,0.206725,0.0,0.0,0.238253,0.046781,0.0,0.207327,0.209407,0.0,0.211224,0.163227,0.133955,0.280037,0.065907,0.0,0.0,0.0,0.258458,0.116425,0.0,0.0,0.0,0.0,0.0,0.163787,0.114858,0.22036,0.0,0.179424,0.0,0.0,0.196514,0.245516,0.0,0.180383,0.0,0.182611,0.0,0.163321,0.0,0.0,0.198138,0.164457,0.163407,0.0,0.197083,0.0,0.0,0.0,0.0,0.192602,0.271748,0.079826,0.189134,0.0,0.017655,0.0,0.222705,0.0,0.239739,0.158432,0.204353,0.115317,0.0,0.0,0.0,0.0,0.0,0.207956,0.0,0.0,0.0,0.201399,0.0,0.187936,0.0,0.196852,0.0,0.217981,0.161831,0.079314,0.0,0.226217,0.172831,0.0,0.177355,0.927657,0.0,0.0,0.175873,0.20813,0.175755,0.204899,0.203759,0.100348,0.223701,0.142148,0.169573,0.0,0.0,0.0,0.351107,0.0,0.317433,0.202113,0.203556,0.0,0.0,0.139597,0.326794,0.367118,0.0,0.28413,0.296664,0.148548,0.0,0.120004,0.26288,0.47004,0.0,0.0,0.0,0.0,0.0,0.0,0.165937,0.0,0.109237,0.104665,0.0,0.0,0.0,0.0,0.251692,0.142202,0.0,0.0,0.090514,0.0,0.0,0.237527,0.4625,0.138649,0.264312,0.780634,0.187061,0.0,0.0,0.0,0.526583,0.0,0.187514,0.0,0.074416,0.0,0.27445,0.133693,0.235286,0.254701,0.183589,0.234149,0.342862,0.0,0.015356,0.284156,0.0,0.183035,0.0,0.0,0.0,0.0,0.0,0.296878,0.0,0.193751,0.0,0.0,0.217223,0.206839,0.174829,0.152344,0.0,0.107873,0.0,0.0,0.215079,0.173202,0.226608,0.0
TCGA-97-A4M0-01Z-00-DX1.BDDFB04C-2475-485A-9A85-C4B9EB15155E,0.082852,0.0,0.0,0.0,0.0,0.013293,0.615848,0.061666,0.546805,0.008074,0.010868,0.127535,0.0,0.0,0.0,0.059226,0.0,0.040312,0.0,0.047773,0.37269,0.157186,0.0,0.0,0.0,0.0,0.011771,0.0,0.041336,0.05011,0.0,0.0,0.011589,0.983992,0.0,0.500697,0.520598,0.0,0.0,0.307921,0.0,0.547293,0.0,0.011758,0.0,0.048202,0.0,0.0,0.0,0.530283,0.0,0.044012,0.0,0.521053,0.0,0.263225,0.009861,0.603475,0.003977,0.005738,0.0,0.626273,0.512188,0.040264,0.003346,0.378516,0.010737,0.0,0.110255,0.0,0.0,0.0,0.260201,0.001741,0.0,0.322302,0.0,0.0057,0.06318,0.0,0.0,0.563297,0.010096,0.0,0.0,0.000839,0.559031,0.0,0.016745,0.00852,0.003643,0.0,0.352946,0.0,0.402672,0.038674,0.0,0.0,0.0,0.010533,0.0,0.0,0.11703,0.050392,0.090529,0.0,0.568942,0.06647,0.009797,0.0,0.066064,0.0,0.467203,0.0,0.0,0.0,0.0,0.096177,0.008437,0.130243,0.253719,0.0,0.011644,0.0,0.358429,0.460488,0.513941,0.063058,0.093279,0.0,0.009445,0.0,0.582115,0.540008,0.059394,0.01357,0.0,0.095716,0.02015,0.0,0.354811,0.024496,0.485556,0.23506,0.0,0.041937,0.0,0.066419,0.012801,0.0,0.00768,0.489613,0.101288,0.495966,0.0,0.005034,0.033139,0.054262,0.037759,0.0,0.381322,0.0,0.384981,0.05128,0.0,0.51968,0.0,0.0,0.0,0.137802,0.0,0.560675,0.0,0.0,0.0,0.0,0.0,0.0,0.008172,0.725947,0.012172,0.269976,0.0,0.010356,0.0,0.010761,0.0,0.010968,0.0,0.0,0.0,0.0,0.615949,0.342291,0.473717,0.549565,0.003729,0.028292,0.188258,0.0,0.011073,0.0,1.007144,0.000819,0.0,0.0,0.428992,0.90038,0.0,0.0,0.0,0.0,0.348674,0.0,0.0,0.001072,0.0,0.753766,0.0,0.0,0.0,0.01348,0.0,0.048119,0.043484,0.0,0.0,0.122378,0.0,0.0,0.0,0.005331,0.287017,0.057559,0.0,0.000254,0.013899,0.022744,0.056198,0.0,0.572461,0.0,0.480036,0.0,0.086645,0.287709,0.036225,0.0,0.004068,0.00604,0.286034,0.0,0.009209,0.0,1.160092,0.0,0.0,0.006332,0.0,0.006905,0.0,0.016444,0.0,0.51145,0.0,0.210344,0.014402,0.0,0.0182,0.007783,0.311712,0.01083,0.0,0.0,0.298136,0.008919,0.0,0.007679,0.0,0.0,0.624057,0.584748,0.00673,0.004864,0.0,0.0,0.0,0.0,0.00483,0.00804,0.00577,0.009617,0.0,0.0,0.0,0.059098,0.0,0.0,0.007369,0.537075,0.0,0.514157,0.0,0.023839,0.523378,0.091357,0.0,0.0,0.0,0.004292,0.0,0.066995,0.521492,0.0,0.412782,0.487723,0.0,0.0,0.0,0.007536,0.50239,0.005154,0.00618,0.094353,0.0,0.0,0.069677,0.000975,0.0,0.516556,0.53668,0.0,0.273871,0.45451,0.286654,0.016759,0.00128,0.0,0.0,0.0,0.146193,0.007345,0.0,0.0,0.0,0.0,0.0,0.008296,0.00406,0.349288,0.0,0.244572,0.0,0.0,0.010631,0.013499,0.0,0.276757,0.0,0.477058,0.0,0.081146,0.0,0.0,0.217482,0.371902,0.007098,0.0,0.103203,0.0,0.0,0.0,0.0,0.009668,0.017763,0.030834,0.373111,0.0,0.000328,0.0,0.010134,0.0,0.622023,0.008369,0.010745,0.09682,1e-06,0.0,0.0,0.0,0.0,0.010627,0.0,0.0,0.0,0.511264,0.0,0.506638,0.0,0.017202,0.0,0.010764,0.190143,0.021055,0.0,0.543409,0.008341,0.0,0.134002,0.782662,0.0,0.0,0.008114,0.522529,0.008378,0.312159,0.526182,0.143447,0.047089,0.007714,0.437409,0.0,0.0,0.0,0.381234,0.0,0.089465,0.011564,0.542505,0.0,0.0,0.274999,0.355413,0.378199,0.0,0.289163,0.130947,0.018319,0.0,0.005197,0.593427,0.415162,0.0,0.0,0.0,0.0,0.0,0.0,0.433829,0.0,0.177571,0.066352,0.0,0.0,0.0,0.0,0.094926,0.435644,0.0,0.0,0.075918,0.0,0.0,0.606396,0.448505,0.004902,0.33453,0.678573,0.008259,0.0,0.0,0.0,0.436055,0.0,0.521539,0.0,0.014612,0.0,0.401788,0.005582,0.012037,0.597078,0.009217,0.092175,0.37787,0.0,0.000582,0.521913,0.0,0.052172,0.0,0.0,0.0,0.0,0.0,0.378705,0.0,0.00984,0.0,0.0,0.252391,0.528795,0.017366,0.262899,0.0,0.008665,2e-06,0.0,0.010314,0.453477,0.535706,0.0
TCGA-55-A490-01Z-00-DX1.07D77502-7216-4C23-9BB8-8DE99AECC920,0.433905,0.0,0.0,0.0,0.0,0.363982,0.056173,0.383953,0.03254,0.275096,0.285205,0.209985,0.0,0.0,0.0,0.378322,0.0,0.153794,0.0,0.25313,0.02048,0.061261,0.0,0.0,0.0,0.0,0.361175,0.0,0.181747,0.421144,0.0,0.0,0.310502,0.979298,0.0,0.019479,0.02253,0.0,0.0,0.250133,0.0,0.027571,0.0,0.304054,0.0,0.21273,0.0,1e-06,0.0,0.024356,0.0,0.065845,0.0,0.522963,0.0,0.263171,0.263113,0.096727,0.186033,0.188399,0.0,0.033296,0.031388,0.29245,0.241383,0.064516,0.256338,0.0,0.193232,0.0,0.0,0.0,0.038879,0.138007,0.0,0.137662,0.0,0.267048,0.229065,0.0,0.0,0.524571,0.300008,0.0,0.0,0.130322,0.031182,0.0,0.398818,0.2079,0.110671,0.0,0.223166,0.0,0.341675,0.211134,0.0,0.0,0.0,0.332681,0.0,0.0,0.231346,0.380073,0.091478,0.0,0.017034,0.284051,0.355804,0.0,0.256776,0.0,0.032339,0.0,0.0,0.0,0.0,0.165696,0.296659,0.05026,0.088066,0.0,0.15741,0.0,0.057653,0.01001,0.029451,0.125539,0.406387,0.0,0.215371,0.0,0.066458,0.027232,0.042064,0.341718,0.0,0.03513,0.282472,0.0,0.071604,0.223212,0.093081,0.073251,0.0,0.294415,0.0,0.049427,0.330657,0.0,0.227871,0.036876,0.098852,0.062139,0.0,0.180771,0.459683,0.126935,0.356286,0.0,0.266333,0.0,0.145663,0.370331,0.0,0.038541,0.0,0.0,0.0,0.202616,0.0,0.097235,0.0,0.0,0.0,0.0,0.0,0.0,0.277183,0.706845,0.352918,0.1408,9e-06,0.323988,0.0,0.286849,0.0,0.335683,0.0,0.0,0.0,0.0,0.059063,0.12418,0.030185,0.039687,0.204987,0.131383,0.07705,0.0,0.316983,0.0,1.159026,0.122261,0.0,0.0,0.059804,0.973812,0.0,0.0,0.0,0.0,0.098055,0.0,0.0,0.002995,0.0,0.737629,0.0,0.0,0.0,0.339107,0.0,0.296271,0.324147,0.0,0.0,0.261947,0.0,0.0,0.0,0.248469,0.318397,0.216897,0.0,0.121467,0.392751,0.323933,0.377637,0.0,0.022065,0.0,0.017534,0.0,0.339553,0.054479,0.21055,0.0,0.204322,0.182327,0.158083,0.0,0.26592,0.0,1.253896,0.0,0.0,0.117298,0.0,0.138067,0.0,0.351098,0.0,0.090242,0.0,0.086638,0.375334,0.0,0.418169,0.243397,0.148683,0.309653,0.0,0.0,0.10922,0.083977,0.0,0.25226,0.0,0.0,0.046766,0.051655,0.228893,0.184441,0.0,0.0,0.0,0.0,0.232365,0.255774,0.241611,0.126777,0.0,0.0,0.0,0.302898,0.0,0.0,0.268628,0.042539,0.0,0.02383,0.0,0.120853,0.01726,0.105836,0.0,0.0,0.0,0.164284,0.0,0.04938,0.033084,0.0,0.126205,0.187697,0.0,0.0,0.0,0.176628,0.038482,0.190949,0.209161,0.211007,0.0,0.0,0.355388,0.145506,0.0,0.038819,0.034533,0.0,0.060615,0.01844,0.10204,0.415608,0.145648,0.0,0.0,0.0,0.250873,0.133388,0.0,0.0,0.0,0.0,0.0,0.285076,0.180605,0.095566,0.0,0.079781,0.0,0.0,0.298469,0.342338,0.0,0.090251,0.0,0.024229,0.0,0.158094,0.0,0.0,0.104013,0.041019,0.213045,0.0,0.179727,0.0,0.0,0.0,0.0,0.308549,0.41624,0.03422,0.069981,0.0,0.10752,0.0,0.31123,0.0,0.024415,0.285585,0.310344,0.175211,0.0,0.0,0.0,0.0,0.0,0.354212,0.0,0.0,0.0,0.022756,0.0,0.031812,0.0,0.345973,0.0,0.297516,0.075544,0.127509,0.0,0.047464,0.301808,0.0,0.288095,0.885055,0.0,0.0,0.291498,0.035408,0.271459,0.071912,0.039816,0.047822,0.405278,0.278088,0.022293,0.0,0.0,0.0,0.361082,0.0,0.40889,0.277885,0.033896,0.0,0.0,0.069315,0.236147,0.295014,0.0,0.193499,0.378754,0.142001,0.0,0.197625,0.076019,0.399121,0.0,0.0,0.0,0.0,0.0,0.0,0.025738,0.0,0.146879,0.177901,0.0,0.0,0.0,0.0,0.253345,0.01158,0.0,0.0,0.173315,0.0,0.0,0.031988,0.352924,0.193648,0.098248,0.721982,0.242926,0.0,0.0,0.0,0.442992,0.0,0.024628,0.0,0.11174,0.0,0.142792,0.226923,0.375221,0.073499,0.296373,0.231241,0.352918,0.0,0.004788,0.183966,0.0,0.251914,0.0,0.0,0.0,0.0,0.0,0.244385,0.0,0.308533,0.0,0.0,0.243971,0.035789,0.258136,0.058868,0.0,0.082307,0.0,0.0,0.311899,0.020554,0.062566,0.0
TCGA-49-4494-01Z-00-DX3.e80b4534-4d6e-4d79-962e-017ffee24d67,0.403295,0.0,0.0,0.0,0.0,0.331886,0.083819,0.331932,0.054445,0.258469,0.283023,0.189426,0.0,0.0,0.0,0.375622,0.0,0.15348,0.0,0.232741,0.032514,0.097397,0.0,0.0,0.0,0.0,0.312047,0.0,0.178654,0.382274,0.0,0.0,0.299241,1.012401,0.0,0.04521,0.057821,0.0,0.0,0.315613,1e-06,0.068079,0.0,0.306362,0.0,0.219016,0.0,0.0,0.0,0.049664,0.0,0.08472,0.0,0.549856,0.0,0.297319,0.247414,0.152453,0.190857,0.18765,0.0,0.06021,0.05305,0.257931,0.206,0.11461,0.236012,0.0,0.183992,0.0,0.0,0.0,0.069429,0.115192,0.0,0.211855,0.0,0.238556,0.181022,0.0,0.0,0.541963,0.266848,0.0,2e-06,0.100123,0.061809,0.0,0.358416,0.180326,0.096257,0.0,0.235475,0.0,0.379024,0.181176,0.0,0.0,0.0,0.286372,0.0,0.0,0.239556,0.351596,0.071508,0.0,0.045318,0.277121,0.305335,0.0,0.242886,0.0,0.053696,0.0,0.0,0.0,0.0,0.173171,0.296217,0.067789,0.116998,0.0,0.139511,0.0,0.063376,0.028004,0.063004,0.138874,0.375483,0.0,0.22721,0.0,0.091202,0.052234,0.05729,0.316997,0.0,0.046028,0.245229,0.0,0.104058,0.191481,0.112054,0.099199,0.0,0.267127,0.0,0.086174,0.324924,0.0,0.216503,0.052726,0.135929,0.111565,0.0,0.186224,0.400827,0.11742,0.318149,0.0,0.313833,0.0,0.131707,0.347255,0.0,0.059491,0.0,0.0,0.0,0.195838,0.0,0.115982,0.0,0.0,0.0,0.0,0.0,0.0,0.275568,0.759291,0.297598,0.134235,0.0,0.314076,0.0,0.273455,0.0,0.303423,0.0,0.0,0.0,0.0,0.087484,0.18579,0.053231,0.069358,0.168978,0.140859,0.099136,0.0,0.272237,0.0,1.184653,0.095974,0.0,0.0,0.101432,0.999783,0.0,0.0,0.0,0.0,0.103363,0.0,0.0,0.007755,0.0,0.769446,0.0,0.0,0.0,0.298847,0.0,0.265109,0.305104,0.0,0.0,0.268063,0.0,0.0,0.0,0.193001,0.300054,0.210432,0.0,0.093562,0.347477,0.280923,0.321715,0.0,0.050367,0.0,0.04761,0.0,0.314523,0.097337,0.209789,0.0,0.189537,0.170199,0.197012,0.0,0.252695,0.0,1.281179,0.0,0.0,0.13554,0.0,0.146596,0.0,0.317587,0.0,0.103169,0.0,0.057249,0.342695,0.0,0.396362,0.238778,0.185966,0.27915,0.0,0.0,0.150315,0.11359,0.0,0.253981,0.0,0.0,0.075568,0.087499,0.193847,0.191624,0.0,0.0,0.0,0.0,0.20434,0.245757,0.220619,0.136863,0.0,0.0,0.0,0.273332,0.0,0.0,0.228527,0.079273,0.0,0.050892,0.0,0.135608,0.038883,0.154443,0.0,0.0,0.0,0.14161,0.0,0.063291,0.065446,0.0,0.178792,0.191834,0.0,0.0,0.0,0.172263,0.081843,0.177159,0.201347,0.219353,0.0,0.0,0.325874,0.118856,0.0,0.064469,0.07361,0.0,0.116868,0.034795,0.081611,0.387506,0.117025,0.0,0.0,0.0,0.268621,0.135124,0.0,0.0,0.0,0.0,0.0,0.256533,0.16638,0.137287,0.0,0.074319,0.0,0.0,0.278553,0.332497,0.0,0.118888,0.0,0.048344,0.0,0.162226,0.0,0.0,0.142912,0.063144,0.227622,0.0,0.181332,0.0,0.0,0.0,0.0,0.285125,0.380183,0.062757,0.098832,0.0,0.066616,0.0,0.306306,0.0,0.069962,0.258959,0.279134,0.168272,0.0,0.0,0.0,0.0,0.0,0.308962,0.0,0.0,0.0,0.059345,0.0,0.050617,0.0,0.290829,0.0,0.286904,0.107732,0.116249,0.0,0.076087,0.254749,0.0,0.258977,0.912138,0.0,0.0,0.263737,0.069791,0.252443,0.112329,0.059946,0.0654,0.347116,0.220966,0.047314,0.0,0.0,0.0,0.354982,0.0,0.391566,0.273354,0.055418,0.0,0.0,0.07113,0.2913,0.324637,0.0,0.235324,0.374096,0.146368,0.0,0.174653,0.115482,0.43197,0.0,0.0,0.0,0.0,0.0,0.0,0.044693,0.0,0.138632,0.172816,0.0,0.0,0.0,0.0,0.264246,0.023228,0.0,0.0,0.143805,0.0,0.0,0.065908,0.398759,0.192377,0.111559,0.75304,0.255886,0.0,0.0,0.0,0.499123,0.0,0.03958,0.0,0.103583,0.0,0.187857,0.200203,0.343096,0.104003,0.277739,0.240336,0.334599,0.0,0.012624,0.200194,0.0,0.243141,0.0,0.0,0.0,0.0,0.0,0.275693,0.0,0.281742,0.0,0.0,0.240639,0.06942,0.239517,0.086263,0.0,0.095961,0.0,0.0,0.303449,0.046374,0.091421,0.0
TCGA-MN-A4N4-01Z-00-DX2.9550732D-8FB1-43D9-B094-7C0CD310E9C0,0.293286,0.0,0.0,0.0,0.0,0.23468,0.230261,0.244397,0.184676,0.177193,0.198458,0.146274,0.0,0.0,0.0,0.23991,0.0,0.15717,0.0,0.144691,0.131,0.173608,0.0,0.0,0.0,0.0,0.233644,0.0,0.203591,0.273196,0.0,0.0,0.205676,1.077717,0.0,0.15637,0.175263,0.0,0.0,0.213413,0.0,0.19258,0.0,0.214472,0.0,0.232035,0.0,1e-06,0.0,0.171718,0.0,0.115222,0.0,0.597676,0.0,0.340628,0.180953,0.286145,0.101917,0.127323,0.0,0.213534,0.182234,0.183234,0.112395,0.21449,0.195036,0.0,0.235667,0.0,0.0,0.0,0.152452,0.067547,0.0,0.223212,0.0,0.148948,0.127601,0.0,0.0,0.607381,0.192865,0.0,0.0,0.061866,0.200471,0.0,0.262133,0.145059,0.092441,0.0,0.224364,0.0,0.442365,0.111966,0.0,0.0,0.0,0.209971,0.0,0.0,0.153579,0.252933,0.108475,0.0,0.169365,0.267634,0.209497,0.0,0.154508,0.0,0.175271,0.0,0.0,0.0,0.0,0.200788,0.188418,0.137076,0.203837,0.0,0.131004,0.0,0.160077,0.134317,0.177752,0.180828,0.269813,0.0,0.168265,0.0,0.23658,0.18024,0.111954,0.234845,0.0,0.069729,0.176399,0.0,0.214662,0.204877,0.222152,0.180701,0.0,0.181679,0.0,0.121629,0.222759,0.0,0.155952,0.18472,0.173411,0.220076,0.0,0.111052,0.300649,0.063195,0.224208,0.0,0.378172,0.0,0.217686,0.246918,0.0,0.188319,0.0,0.0,0.0,0.245823,0.0,0.246374,0.0,0.0,0.0,0.0,0.0,0.0,0.169292,0.801391,0.223528,0.157416,1e-06,0.205643,0.0,0.188056,0.0,0.208024,0.0,0.0,0.0,0.0,0.233062,0.201022,0.177391,0.201381,0.102189,0.15796,0.17181,0.0,0.205906,0.0,1.213673,0.057245,0.0,0.0,0.210412,1.039838,0.0,0.0,0.0,0.0,0.172916,0.0,0.0,0.020381,0.0,0.82443,0.0,0.0,0.0,0.213377,0.0,0.18934,0.211542,0.0,0.0,0.295389,0.0,0.0,0.0,0.144491,0.25881,0.133462,0.0,0.042846,0.254973,0.194499,0.243991,0.0,0.17291,0.0,0.152463,0.0,0.231155,0.182868,0.223399,0.0,0.111762,0.119572,0.276629,0.0,0.176152,0.0,1.322202,0.0,0.0,0.119765,0.0,0.122652,0.0,0.241586,0.0,0.213724,0.0,0.138553,0.249833,0.0,0.281557,0.156136,0.227914,0.202147,0.0,0.0,0.243897,0.089211,0.0,0.160152,0.0,0.0,0.223229,0.225682,0.141792,0.108726,0.0,0.0,0.0,0.0,0.127646,0.170387,0.145162,0.131102,0.0,0.0,0.0,0.193793,0.0,0.0,0.167891,0.202779,0.0,0.168942,0.0,0.140542,0.163405,0.166898,0.0,0.0,0.0,0.105837,0.0,0.118912,0.198687,0.0,0.263357,0.257995,0.0,0.0,0.0,0.130013,0.20089,0.120296,0.13911,0.243362,0.0,0.0,0.232211,0.066224,0.0,0.190859,0.181565,0.0,0.201089,0.149002,0.148699,0.284941,0.06392,0.0,0.0,0.0,0.299438,0.120157,0.0,0.0,0.0,0.0,0.0,0.182392,0.104407,0.227939,0.0,0.180534,0.0,0.0,0.1993,0.229486,0.0,0.206834,0.0,0.165015,0.0,0.20107,0.0,0.0,0.194621,0.164108,0.155255,0.0,0.221271,0.0,0.0,0.0,1e-06,0.199142,0.274276,0.10181,0.20628,0.0,0.043734,0.0,0.200363,0.0,0.199143,0.179236,0.203997,0.084431,0.0,0.0,0.0,0.0,0.0,0.216437,0.0,0.0,0.0,0.171852,0.0,0.176971,0.0,0.232986,0.0,0.201548,0.195266,0.127838,0.0,0.217171,0.179712,0.0,0.206233,0.944828,0.0,0.0,0.170363,0.195615,0.17813,0.210519,0.185337,0.129429,0.286785,0.168591,0.150634,0.0,0.0,0.0,0.30893,0.0,0.274445,0.197803,0.181218,0.0,0.0,0.151147,0.268154,0.392993,0.0,0.292611,0.260515,0.158623,0.0,0.122816,0.248851,0.493636,0.0,0.0,0.0,0.0,0.0,0.0,0.152794,0.0,0.10184,0.089424,0.0,0.0,0.0,0.0,0.282507,0.128308,0.0,0.0,0.123965,0.0,0.0,0.209724,0.455264,0.106671,0.203864,0.805181,0.160118,0.0,0.0,0.0,0.530698,0.0,0.156165,0.0,0.120086,0.0,0.25101,0.141081,0.234281,0.261466,0.193071,0.264676,0.299304,7e-06,0.010277,0.278476,0.0,0.150618,0.0,0.0,0.0,0.0,0.0,0.244077,0.0,0.201598,0.0,0.0,0.207222,0.196376,0.201627,0.165903,0.0,0.109498,0.0,0.0,0.200295,0.156352,0.224644,0.0
TCGA-75-7030-01Z-00-DX1.5DDF24B5-00D1-4418-A067-A9B609E15314,0.351378,0.0,0.0,0.0,0.0,0.273115,0.146379,0.312996,0.065076,0.205783,0.24793,0.101388,0.0,0.0,0.0,0.303881,0.0,0.213589,0.0,0.163381,0.061159,0.191459,0.0,0.0,0.0,0.0,0.293248,0.0,0.264618,0.328939,0.0,0.0,0.246755,1.138207,0.0,0.061597,0.069333,0.0,0.0,0.151486,0.0,0.083233,0.0,0.256837,0.0,0.287073,0.0,0.0,0.0,0.079807,0.0,0.185171,0.0,0.664809,0.000668,0.366276,0.250532,0.194182,0.118344,0.159408,0.0,0.090178,0.095942,0.202582,0.111148,0.209914,0.253248,0.0,0.298673,0.0,0.0,0.0,0.097158,0.091827,0.0,0.211488,0.0,0.183512,0.098,0.0,0.0,0.672136,0.231718,0.0,0.0,0.056726,0.100332,0.0,0.335324,0.191773,0.133057,0.0,0.159469,0.0,0.487912,0.127419,0.0,0.0,0.0,0.27837,0.0,0.0,0.122062,0.307168,0.194849,0.0,0.065584,0.350831,0.240786,0.0,0.155988,0.0,0.086493,0.0,0.0,0.0,0.0,0.244592,0.24266,0.151792,0.244726,0.0,0.172423,0.0,0.160266,0.052624,0.081332,0.250592,0.329834,0.0,0.225778,0.0,0.145327,0.08922,0.124774,0.294058,0.0,0.065383,0.194496,0.0,0.192132,0.271432,0.175673,0.201068,0.0,0.214887,0.0,0.076922,0.27551,0.0,0.195012,0.077413,0.198206,0.13717,0.0,0.139658,0.370209,0.038466,0.270786,0.0,0.407162,0.0,0.17897,0.298198,0.0,0.099948,0.0,0.0,0.0,0.309357,0.0,0.209702,0.0,0.0,0.0,0.0,0.0,0.0,0.20952,0.867182,0.261136,0.13115,0.0,0.250007,0.0,0.241878,0.0,0.254739,0.0,0.0,0.0,0.0,0.14757,0.174595,0.086637,0.113504,0.116249,0.23358,0.195656,0.0,0.27437,0.0,1.305749,0.061129,0.0,0.0,0.1803,1.103024,0.0,0.0,0.0,0.0,0.129262,0.0,0.0,0.026236,0.0,0.899646,0.0,0.0,0.0,0.265309,0.0,0.234276,0.253716,0.0,0.0,0.341159,0.0,0.0,0.0,0.17931,0.253851,0.134818,0.0,0.033789,0.331828,0.265315,0.311772,0.0,0.073179,0.0,0.064592,0.0,0.27036,0.199329,0.284866,0.0,0.132237,0.162539,0.301157,0.0,0.2227,0.0,1.413391,0.0,0.0,0.161548,0.0,0.198133,0.0,0.296008,0.0,0.138249,0.0,0.146757,0.321309,0.0,0.355117,0.189692,0.235243,0.27523,0.0,0.0,0.284764,0.166443,0.0,0.19716,0.0,0.0,0.113897,0.121245,0.17668,0.145946,0.0,0.0,0.0,0.0,0.153056,0.223387,0.18051,0.177127,0.0,1.5e-05,0.0,0.217038,0.0,0.0,0.189678,0.103847,0.0,0.083664,0.0,0.20336,0.078608,0.218076,0.0,0.0,0.0,0.119163,0.0,0.178239,0.109831,0.0,0.25697,0.197808,0.0,0.0,0.0,0.194719,0.103859,0.14642,0.185971,0.314803,0.0,0.0,0.280298,0.055851,0.0,0.094188,0.085684,0.0,0.208454,0.089103,0.144001,0.359807,0.075985,0.0,0.0,0.0,0.344422,0.171935,0.0,0.0,0.0,0.0,0.0,0.232078,0.131706,0.222364,0.0,0.23091,0.0,0.0,0.259626,0.280731,0.0,0.192433,0.0,0.081604,0.0,0.236991,0.0,0.0,0.205544,0.106177,0.176629,1e-06,0.282192,0.0,0.0,0.0,0.0,0.243101,0.341733,0.120214,0.174616,0.0,0.034683,0.0,0.246618,0.0,0.086276,0.203593,0.264442,0.069499,0.0,0.0,0.0,0.0,0.0,0.27178,0.0,0.0,0.0,0.073606,0.0,0.079449,0.0,0.281848,0.0,0.248719,0.202723,0.150384,0.0,0.127868,0.230533,0.0,0.173611,1.021348,0.0,0.0,0.206669,0.099856,0.230001,0.209869,0.095765,0.108835,0.330745,0.214137,0.07189,0.0,0.0,0.0,0.29145,0.0,0.342772,0.253373,0.073637,0.0,0.0,0.136537,0.241978,0.406899,0.0,0.308323,0.290483,0.237963,0.0,0.156102,0.159231,0.537843,0.0,0.0,0.0,0.0,0.0,0.0,0.075701,0.0,0.058888,0.059931,0.0,0.0,0.0,0.0,0.359581,0.05014,0.0,0.0,0.121139,0.0,0.0,0.093925,0.494885,0.141927,0.278717,0.855405,0.203386,0.0,0.0,0.0,0.588284,0.0,0.068701,0.0,0.163577,0.0,0.224848,0.164443,0.280222,0.162961,0.217579,0.34063,0.271499,0.0,0.015055,0.204771,0.0,0.177886,0.0,0.0,0.0,0.0,0.0,0.18396,0.0,0.239172,0.0,0.0,0.178135,0.095608,0.263174,0.130377,0.0,0.158915,1e-06,0.0,0.234511,0.06588,0.157217,0.0
TCGA-78-7542-01Z-00-DX1.2ee042a6-11ee-4668-b254-44144fca4234,0.350726,0.0,0.0,0.0,0.0,0.280567,0.164535,0.275494,0.110813,0.209394,0.253149,0.135785,0.0,0.0,0.0,0.30705,0.0,0.172203,0.0,0.175508,0.08263,0.162368,0.0,0.0,0.0,0.0,0.257458,0.0,0.210938,0.309801,0.0,0.0,0.253047,1.079709,0.0,0.102422,0.113969,0.0,0.0,0.281753,4e-06,0.1351,0.0,0.267184,0.0,0.241003,0.0,0.0,0.0,0.113172,0.0,0.13523,0.0,0.613038,0.0,0.341715,0.222105,0.235237,0.145227,0.164223,0.0,0.13069,0.111779,0.188178,0.124008,0.18995,0.215971,0.0,0.22515,0.0,0.0,0.0,0.116402,0.081339,0.0,0.25881,0.0,0.177543,0.11477,0.0,0.0,0.604487,0.211205,0.0,0.0,0.065757,0.129591,0.0,0.299374,0.159807,0.092189,0.0,0.221339,0.0,0.441666,0.125666,0.0,0.0,0.0,0.238498,0.0,0.0,0.194367,0.295004,0.102433,0.0,0.105246,0.281117,0.218953,0.0,0.180777,0.0,0.111768,0.0,0.0,0.0,0.0,0.200689,0.241149,0.112601,0.191553,0.0,0.139111,0.0,0.116984,0.074948,0.130446,0.186954,0.31217,0.0,0.210851,0.0,0.164574,0.118984,0.102063,0.275262,0.0,0.061777,0.183236,0.0,0.173578,0.205763,0.177333,0.162517,0.0,0.211836,0.0,0.12132,0.279263,0.0,0.190174,0.11359,0.18685,0.180952,0.0,0.157731,0.325778,0.076803,0.255276,0.0,0.373322,0.0,0.161227,0.281818,0.0,0.122054,0.0,0.0,0.0,0.246396,0.0,0.190148,0.0,0.0,0.0,0.0,0.0,0.0,0.212807,0.818847,0.244331,0.139861,0.0,0.245157,0.0,0.242583,0.0,0.245514,0.0,0.0,0.0,0.0,0.162132,0.235465,0.112003,0.13969,0.107933,0.180134,0.155071,0.0,0.237133,0.0,1.243614,0.051935,0.0,0.0,0.171251,1.053653,0.0,0.0,0.0,0.0,0.130191,0.0,0.0,0.017286,0.0,0.825677,0.0,0.0,0.0,0.247425,0.0,0.213944,0.252069,0.0,0.0,0.297304,0.0,0.0,0.0,0.146156,0.281097,0.162408,0.0,0.048015,0.293229,0.216076,0.264739,0.0,0.114761,0.0,0.098223,0.0,0.265844,0.169436,0.22283,0.0,0.139287,0.149594,0.265467,0.0,0.214833,0.0,1.331463,0.0,0.0,0.152099,0.0,0.165596,0.0,0.267172,0.0,0.162508,0.0,0.090018,0.292243,0.0,0.322014,0.196065,0.244014,0.233727,0.0,0.0,0.226601,0.128426,0.0,0.213032,0.0,0.0,0.143034,0.146409,0.16047,0.156359,0.0,0.0,0.0,0.0,0.163469,0.205957,0.181141,0.159704,0.0,0.0,0.0,0.222899,0.0,0.0,0.178863,0.152264,0.0,0.107606,0.0,0.165526,0.098965,0.191328,0.0,0.0,0.0,0.120032,0.0,0.126116,0.131205,0.0,0.254908,0.224249,0.0,0.0,0.0,0.170784,0.145382,0.150798,0.174606,0.265472,0.0,0.0,0.268569,0.068749,0.0,0.122243,0.129723,0.0,0.196792,0.092158,0.101685,0.3288,0.082584,0.0,0.0,0.0,0.295224,0.145025,0.0,0.0,0.0,0.0,0.0,0.204719,0.131237,0.201368,0.0,0.14715,0.0,0.0,0.234242,0.29103,0.0,0.1799,0.0,0.108796,0.0,0.195167,0.0,0.0,0.19012,0.115028,0.194326,0.0,0.226131,0.0,0.0,0.0,0.0,0.241342,0.311826,0.106314,0.156157,0.0,0.029015,0.0,0.251321,0.0,0.145032,0.204092,0.238181,0.113844,0.0,0.0,0.0,0.0,0.0,0.239206,0.0,0.0,0.0,0.115239,0.0,0.103233,0.0,0.241901,0.0,0.252396,0.16401,0.123771,0.0,0.151111,0.20454,0.0,0.205438,0.970762,0.0,0.0,0.19748,0.14716,0.20787,0.189696,0.131943,0.103041,0.283767,0.179076,0.101583,0.0,0.0,0.0,0.320267,0.0,0.337037,0.240607,0.119106,0.0,0.0,0.103144,0.314965,0.374818,0.0,0.297532,0.305782,0.188298,0.0,0.144718,0.186827,0.482966,0.0,0.0,0.0,0.0,0.0,0.0,0.105368,0.0,0.094373,0.118512,0.0,0.0,0.0,0.0,0.3012,0.062405,0.0,0.0,0.100829,0.0,0.0,0.129208,0.461441,0.155419,0.191279,0.805517,0.219872,0.0,0.0,0.0,0.551682,0.0,0.095025,0.0,0.11603,0.0,0.230186,0.160204,0.269649,0.193387,0.220577,0.285556,0.309434,0.0,0.011184,0.241663,0.0,0.196893,0.0,0.0,0.0,0.0,0.0,0.273668,0.0,0.225203,0.0,0.0,0.215785,0.130469,0.214626,0.13914,0.0,0.136067,0.0,0.0,0.243332,0.103359,0.165658,0.0
TCGA-49-4514-01Z-00-DX2.f1565a36-257d-432e-a84d-47c1d7a0185f,0.364095,0.0,0.0,0.0,0.0,0.264194,0.198451,0.290375,0.15496,0.205058,0.234314,0.165606,0.0,0.0,0.0,0.312041,0.0,0.133045,0.0,0.18708,0.10629,0.11406,0.0,0.0,0.0,0.0,0.237697,0.0,0.153698,0.316414,0.0,0.0,0.25134,1.031742,0.0,0.14473,0.154788,0.0,0.0,0.356109,6e-06,0.167682,0.0,0.257912,0.0,0.188856,0.0,0.0,0.0,0.158688,0.0,0.110314,0.0,0.574138,0.0,0.291578,0.217561,0.24936,0.14665,0.163861,0.0,0.171914,0.147007,0.184159,0.110355,0.192357,0.207305,0.0,0.158081,0.0,0.0,0.0,0.103981,0.098714,0.0,0.332706,0.0,0.179459,0.114049,0.0,0.0,0.567233,0.194366,0.0,0.0,0.057073,0.148932,0.0,0.282442,0.14477,0.092038,0.0,0.281545,0.0,0.406045,0.139445,0.0,0.0,0.0,0.228541,0.0,0.0,0.250231,0.291885,0.099307,0.0,0.162667,0.208226,0.207174,0.0,0.197726,0.0,0.135129,0.0,4e-06,0.0,0.0,0.13594,0.255987,0.063052,0.15217,0.0,0.101829,0.0,0.131216,0.113287,0.158157,0.133915,0.323668,0.0,0.216612,0.0,0.193104,0.159167,0.064654,0.270358,0.0,0.06994,0.152669,0.0,0.168102,0.180677,0.204171,0.140757,0.0,0.215177,0.0,0.092653,0.262677,0.0,0.178352,0.143025,0.120679,0.188774,0.0,0.150737,0.289259,0.089231,0.243291,0.0,0.322344,0.0,0.181349,0.294825,0.0,0.163702,0.0,0.0,0.0,0.189626,0.0,0.214216,0.0,0.0,0.0,0.0,0.0,0.0,0.217084,0.776316,0.216984,0.166055,0.0,0.238393,0.0,0.231068,0.0,0.226689,0.0,0.0,0.0,0.0,0.187879,0.306366,0.15381,0.16509,0.097472,0.149107,0.146665,0.0,0.234502,0.0,1.181085,0.032622,0.0,0.0,0.189471,0.996955,0.0,0.0,0.0,0.0,0.163752,0.0,0.0,0.018918,0.0,0.78327,0.0,0.0,0.0,0.244808,0.0,0.222838,0.241054,0.0,0.0,0.237398,0.0,0.0,0.0,0.137074,0.328828,0.166996,0.0,0.042066,0.280397,0.214764,0.246629,0.0,0.172623,0.0,0.142313,0.0,0.292571,0.157246,0.187368,0.0,0.131425,0.140248,0.218118,0.0,0.194296,0.0,1.271385,0.0,0.0,0.146968,0.0,0.163747,0.0,0.244982,0.0,0.203729,0.0,0.088447,0.280081,0.0,0.317273,0.190113,0.295485,0.236213,0.0,0.0,0.208604,0.12347,0.0,0.206821,0.0,0.0,0.191027,0.178554,0.164818,0.164901,0.0,0.0,0.0,0.0,0.159376,0.183388,0.169696,0.136184,0.0,0.0,0.0,0.232217,0.0,0.0,0.145714,0.17937,0.0,0.152427,0.0,0.134948,0.143684,0.149756,0.0,0.0,0.0,0.09276,0.0,0.089792,0.156489,0.0,0.259658,0.256806,0.0,0.0,0.0,0.153991,0.164738,0.153357,0.182362,0.188175,0.0,0.0,0.28772,0.052382,0.0,0.155828,0.175072,0.0,0.171737,0.140455,0.128195,0.322647,0.08645,0.0,0.0,0.0,0.236946,0.117032,0.0,0.0,0.0,0.0,0.0,0.187723,0.143242,0.17891,0.0,0.132838,0.0,0.0,0.209051,0.289506,0.0,0.15329,0.0,0.129703,0.0,0.137996,0.0,0.0,0.159818,0.121656,0.19879,0.0,0.184108,0.0,0.0,0.0,0.0,0.237797,0.299355,0.074733,0.14338,0.0,0.011515,0.0,0.260718,0.0,0.190788,0.188769,0.231925,0.155854,0.0,0.0,0.0,0.0,0.0,0.235784,0.0,0.0,0.0,0.160704,0.0,0.133182,0.0,0.217596,0.0,0.262312,0.115491,0.070238,0.0,0.173655,0.19104,0.0,0.194103,0.916307,0.0,0.0,0.187153,0.163392,0.196983,0.155211,0.173387,0.060617,0.219762,0.162509,0.121292,0.0,0.0,0.0,0.386233,0.0,0.344561,0.24111,0.153042,0.0,0.0,0.144932,0.398526,0.329175,0.0,0.261491,0.34162,0.164924,0.0,0.1395,0.207949,0.440997,0.0,0.0,0.0,0.0,0.0,0.0,0.126604,0.0,0.13653,0.152491,0.0,0.0,0.0,0.0,0.243005,0.10368,0.0,0.0,0.062377,0.0,0.0,0.174714,0.429235,0.160766,0.218756,0.759822,0.216706,0.0,0.0,0.0,0.492854,0.0,0.144636,0.0,0.063432,0.0,0.241778,0.159787,0.263586,0.203762,0.202154,0.221099,0.368848,0.0,0.012252,0.27715,0.0,0.208251,0.0,0.0,0.0,0.0,0.0,0.344841,0.0,0.213667,0.0,0.0,0.264559,0.154476,0.179813,0.115704,0.0,0.134483,0.0,0.0,0.242025,0.13401,0.168409,0.0
TCGA-49-6742-01Z-00-DX1.23e8883f-0ecc-4359-a8b5-75d49f43a08b,0.225876,0.0,0.0,0.0,0.0,0.152493,0.359542,0.178081,0.291096,0.109282,0.1394,0.137361,0.0,0.0,0.0,0.194424,0.0,0.124944,0.0,0.112756,0.206971,0.172906,0.0,0.0,0.0,0.0,0.134227,0.0,0.155678,0.18794,0.0,0.0,0.133748,1.047126,0.0,0.273721,0.294237,0.0,0.0,0.303212,5.4e-05,0.313677,0.0,0.140176,0.0,0.182841,0.0,0.0,0.0,0.295499,0.0,0.110344,0.0,0.570107,0.0,0.319466,0.115544,0.394591,0.080343,0.091393,0.0,0.346227,0.286852,0.114356,0.059305,0.283412,0.114383,0.0,0.173863,0.0,0.0,0.0,0.199028,0.038959,0.0,0.31952,0.0,0.083768,0.088512,0.0,0.0,0.591768,0.107796,0.0,0.0,0.029809,0.318007,0.0,0.168763,0.080479,0.056016,0.0,0.278101,0.0,0.430745,0.082167,0.0,0.0,0.0,0.117495,0.0,0.0,0.167972,0.180185,0.100562,0.0,0.313155,0.189129,0.103921,0.0,0.123404,0.0,0.263194,0.0,0.0,0.0,0.0,0.16394,0.141876,0.114248,0.214333,0.0,0.097105,0.0,0.213182,0.233366,0.300296,0.144939,0.207014,0.0,0.124544,0.0,0.352792,0.304884,0.114411,0.155763,0.0,0.082106,0.103127,0.0,0.264269,0.143999,0.308717,0.200028,0.0,0.132474,0.0,0.140714,0.149086,0.0,0.096518,0.271483,0.153031,0.323963,0.0,0.074069,0.190728,0.06159,0.141152,0.0,0.372753,0.0,0.255982,0.18254,0.0,0.299071,0.0,0.0,0.0,0.203139,0.0,0.348876,0.0,0.0,0.0,0.0,0.0,0.0,0.115315,0.788977,0.122571,0.193185,0.0,0.123193,0.0,0.133064,0.0,0.125771,0.0,0.0,0.0,0.0,0.351124,0.313592,0.280897,0.324562,0.044558,0.12795,0.187315,0.0,0.123268,0.0,1.145814,0.015311,0.0,0.0,0.279079,0.99644,0.0,0.0,0.0,0.0,0.222987,0.0,0.0,0.018826,0.0,0.799233,0.0,0.0,0.0,0.135375,1e-05,0.136396,0.147336,0.0,0.0,0.238465,0.0,0.0,0.0,0.064156,0.274143,0.108069,0.0,0.019872,0.15987,0.129012,0.158779,0.0,0.320756,0.0,0.266936,0.0,0.189311,0.228316,0.171638,0.0,0.06132,0.081525,0.285494,0.0,0.102377,0.0,1.258283,0.0,0.0,0.08771,0.0,0.086931,0.0,0.141263,0.0,0.320441,0.0,0.138239,0.155526,0.0,0.186148,0.10056,0.317582,0.12192,0.0,0.0,0.260566,0.090904,0.0,0.10563,0.0,0.0,0.355505,0.334295,0.092647,0.076652,0.0,0.0,0.0,0.0,0.075183,0.11453,0.095041,0.107257,0.0,0.0,0.0,0.152604,0.0,0.0,0.088963,0.323051,0.0,0.285872,0.0,0.120434,0.279341,0.156951,0.0,0.0,0.0,0.054855,0.0,0.103363,0.304872,0.0,0.328935,0.331374,0.0,0.0,0.0,0.088618,0.313879,0.074749,0.092841,0.182101,0.0,0.0,0.17644,0.025408,0.0,0.295795,0.314514,0.0,0.231045,0.253012,0.179651,0.177946,0.035473,0.0,0.0,0.0,0.233367,0.075829,0.0,0.0,0.0,0.0,0.0,0.101976,0.063843,0.270412,0.0,0.191759,0.0,0.0,0.118777,0.166371,0.0,0.23128,0.0,0.27097,0.0,0.16258,0.0,0.0,0.222466,0.227007,0.106016,0.0,0.176243,0.0,0.0,0.0,0.0,0.127346,0.176029,0.101613,0.263959,0.0,0.00455,0.0,0.144985,0.0,0.370782,0.105326,0.132477,0.098439,0.0,0.0,0.0,0.0,0.0,0.12312,0.0,0.0,0.0,0.303808,0.0,0.273402,0.0,0.131943,0.0,0.144074,0.19554,0.085485,0.0,0.316524,0.098909,0.0,0.159232,0.897783,0.0,0.0,0.095181,0.311121,0.105194,0.233889,0.30748,0.128923,0.171502,0.083955,0.245734,0.0,0.0,0.0,0.337426,0.0,0.210769,0.145361,0.297031,0.0,0.0,0.189625,0.351198,0.38238,0.0,0.300244,0.226677,0.13141,0.0,0.063487,0.366806,0.466461,0.0,0.0,0.0,0.0,0.0,0.0,0.245592,0.0,0.114299,0.097498,0.0,0.0,0.0,0.0,0.221427,0.208253,0.0,0.0,0.072693,0.0,0.0,0.341648,0.453785,0.07863,0.239723,0.758132,0.120215,0.0,0.0,0.0,0.506942,0.0,0.275327,0.0,0.077608,0.0,0.310282,0.081297,0.139693,0.361409,0.11202,0.201071,0.329008,0.0,0.019152,0.357425,0.0,0.127729,0.0,0.0,0.0,0.0,0.0,0.324155,0.0,0.109179,0.0,0.0,0.226224,0.306318,0.128838,0.210556,0.0,0.102998,0.0,0.0,0.12582,0.255591,0.316784,0.0
TCGA-49-6742-01Z-00-DX2.2c6b4df0-867d-40c5-8bee-14e2d219224b,0.349536,0.0,0.0,0.0,0.0,0.279487,0.144712,0.280862,0.094631,0.212802,0.249346,0.133778,0.0,0.0,0.0,0.306745,0.0,0.170757,0.0,0.166967,0.067964,0.171815,0.0,0.0,0.0,0.0,0.257311,0.0,0.211822,0.320331,0.0,0.0,0.258336,1.093744,0.0,0.081305,0.102,0.0,0.0,0.26856,0.0,0.116654,0.0,0.268341,0.0,0.264428,0.0,2e-06,0.0,0.09166,0.0,0.142483,0.0,0.626739,0.0,0.367544,0.225778,0.215306,0.147767,0.166092,0.0,0.11495,0.098748,0.186035,0.12078,0.197558,0.218117,0.0,0.235699,0.0,0.0,0.0,0.1168,0.086896,0.0,0.262609,0.0,0.177738,0.102523,0.0,0.0,0.618997,0.21179,0.0,0.0,0.053122,0.112621,0.0,0.311209,0.163731,0.098026,0.0,0.213769,0.0,0.464844,0.118038,0.0,0.0,0.0,0.240529,0.0,0.0,0.191554,0.299362,0.11212,0.0,0.084763,0.294718,0.219972,0.0,0.169658,0.0,0.102349,0.0,0.0,0.0,0.0,0.217795,0.248934,0.120032,0.197539,0.0,0.149797,0.0,0.11052,0.059184,0.114901,0.193519,0.314025,0.0,0.223555,0.0,0.151573,0.104734,0.104154,0.28289,0.0,0.06615,0.17505,0.0,0.177143,0.218341,0.168147,0.17687,0.0,0.207275,0.0,0.13471,0.28238,0.0,0.187139,0.095973,0.194454,0.170828,0.0,0.151647,0.323661,0.057167,0.25334,0.0,0.370536,0.0,0.160156,0.284847,0.0,0.103748,0.0,0.0,0.0,0.256099,0.0,0.190022,0.0,0.0,0.0,0.0,0.0,0.0,0.221938,0.83488,0.242437,0.141386,0.0,0.24911,0.0,0.245063,0.0,0.247646,0.0,0.0,0.0,0.0,0.144792,0.237732,0.105861,0.122692,0.106943,0.18905,0.167246,0.0,0.241583,0.0,1.267006,0.042807,0.0,0.0,0.171523,1.080705,0.0,0.0,0.0,0.0,0.124734,0.0,0.0,0.014578,0.0,0.848773,0.0,0.0,0.0,0.253765,0.0,0.215241,0.244851,0.0,0.0,0.315657,0.0,0.0,0.0,0.141935,0.26799,0.154683,0.0,0.039367,0.30246,0.21584,0.267433,0.0,0.090434,0.0,0.084027,0.0,0.264259,0.176172,0.244031,0.0,0.136534,0.14805,0.278958,0.0,0.211974,0.0,1.355322,0.0,0.0,0.152815,0.0,0.167583,0.0,0.268864,0.0,0.148024,0.0,0.093988,0.294964,0.0,0.333824,0.189997,0.252038,0.251059,0.0,0.0,0.239565,0.136312,0.0,0.20941,0.0,0.0,0.131614,0.132042,0.16662,0.164131,0.0,0.0,0.0,0.0,0.154297,0.205188,0.174336,0.165989,0.0,0.0,0.0,0.225519,0.0,0.0,0.176671,0.129911,0.0,0.093797,0.0,0.172444,0.076608,0.192721,0.0,0.0,0.0,0.102488,0.0,0.132691,0.118103,0.0,0.253868,0.210747,0.0,0.0,0.0,0.16772,0.13981,0.152116,0.174135,0.274479,0.0,0.0,0.27758,0.054283,0.0,0.112788,0.116825,0.0,0.196232,0.084219,0.102978,0.334595,0.073197,0.0,0.0,0.0,0.317742,0.139645,0.0,0.0,0.0,0.0,0.0,0.200904,0.132702,0.197153,0.0,0.156188,0.0,0.0,0.234451,0.299295,0.0,0.184317,0.0,0.09606,0.0,0.211749,0.0,0.0,0.203224,0.111496,0.195806,0.0,0.235736,0.0,0.0,0.0,0.0,0.235566,0.319892,0.1033,0.16097,0.0,0.015947,0.0,0.256442,0.0,0.123824,0.204939,0.237651,0.099789,0.0,0.0,0.0,0.0,0.0,0.249992,0.0,0.0,0.0,0.099965,0.0,0.094492,0.0,0.250777,0.0,0.261324,0.17406,0.117046,0.0,0.127834,0.203675,0.0,0.188549,0.995598,0.0,0.0,0.196844,0.128488,0.201712,0.196902,0.11005,0.105612,0.275094,0.178854,0.090347,0.0,0.0,0.0,0.30458,0.0,0.338985,0.246714,0.09417,0.0,0.0,0.11114,0.310745,0.395199,0.0,0.307832,0.307066,0.201047,0.0,0.141053,0.169899,0.500559,0.0,0.0,0.0,0.0,0.0,0.0,0.089118,0.0,0.078891,0.102155,0.0,0.0,0.0,0.0,0.321273,0.047793,0.0,0.0,0.080748,0.0,0.0,0.115578,0.475607,0.160831,0.20508,0.825233,0.223334,0.0,0.0,0.0,0.562536,0.0,0.078019,0.0,0.113093,0.0,0.235687,0.15653,0.280647,0.172341,0.223186,0.291679,0.291896,0.0,0.015253,0.226541,0.0,0.194659,0.0,0.0,0.0,0.0,0.0,0.259289,0.0,0.223385,0.0,0.0,0.200668,0.11534,0.217974,0.143518,0.0,0.149363,0.0,0.0,0.248724,0.088248,0.149874,0.0
TCGA-05-4427-01Z-00-DX1.36CF4E93-3FBB-4346-A26B-85F0D9D0575D,0.257128,0.0,0.0,0.0,0.0,0.219646,0.261192,0.205855,0.224543,0.129915,0.176112,0.14744,0.0,0.0,0.0,0.227044,0.0,0.164003,0.0,0.110546,0.173455,0.194661,0.0,0.0,0.0,0.0,0.200832,0.0,0.220467,0.239537,0.0,0.0,0.183787,1.118905,0.0,0.184735,0.213978,2e-06,0.0,0.213044,0.0,0.216424,0.0,0.1877,0.0,0.259359,0.0,9e-06,0.0,0.215492,0.0,0.103825,0.0,0.626571,0.0,0.379952,0.141785,0.316716,0.085372,0.094515,0.0,0.234999,0.217746,0.163032,0.099531,0.23673,0.161423,0.0,0.249373,0.0,0.0,0.0,0.153698,0.049803,0.0,0.202488,0.0,0.120445,0.117855,0.0,0.0,0.645498,0.16762,0.0,0.0,0.039793,0.216056,0.0,0.249967,0.12839,0.053573,0.0,0.237708,0.0,0.466195,0.090175,0.0,0.0,0.0,0.177586,0.0,0.0,0.130994,0.226846,0.097679,0.0,0.204425,0.297689,0.192033,0.0,0.127143,0.0,0.197882,0.0,0.0,0.0,0.0,0.227274,0.158011,0.165755,0.222703,0.0,0.122095,0.0,0.1842,0.154589,0.216522,0.179718,0.236318,0.0,0.135666,0.0,0.260922,0.219945,0.115341,0.205563,0.0,0.058752,0.164953,0.0,0.233211,0.194793,0.265671,0.207064,0.0,0.15203,0.0,0.152404,0.197532,0.0,0.126863,0.205687,0.190828,0.25981,0.0,0.096721,0.275488,0.032978,0.208639,0.0,0.394266,0.0,0.233228,0.222861,0.0,0.211497,0.0,0.0,0.0,0.267089,0.0,0.293345,0.0,0.0,0.0,0.0,0.0,0.0,0.147747,0.828181,0.206211,0.18059,0.0,0.193095,0.0,0.160587,0.0,0.179668,0.0,0.0,0.0,0.0,0.2778,0.188376,0.227013,0.234436,0.095074,0.155138,0.198328,0.0,0.175766,0.0,1.251371,0.032207,0.0,0.0,0.233749,1.084001,0.0,0.0,0.0,0.0,0.193044,0.0,0.0,0.001869,0.0,0.855524,0.0,0.0,0.0,0.188844,1e-06,0.161676,0.18544,0.0,0.0,0.340626,0.0,0.0,0.0,0.115805,0.248247,0.112617,0.0,0.017383,0.226937,0.171139,0.215927,0.0,0.194691,0.0,0.186843,0.0,0.184766,0.194082,0.231041,0.0,0.093285,0.093227,0.288589,0.0,0.153952,0.0,1.35463,0.0,0.0,0.08103,0.0,0.094548,0.0,0.229838,0.0,0.237845,0.0,0.142335,0.218681,0.0,0.257367,0.128379,0.1981,0.183719,0.0,0.0,0.258734,0.079861,0.0,0.132813,0.0,0.0,0.249255,0.263754,0.109824,0.106451,0.0,0.0,0.0,0.0,0.102255,0.1303,0.111898,0.10101,0.0,0.0,0.0,0.172934,0.0,0.0,0.136486,0.223093,0.0,0.194945,0.0,0.137167,0.186686,0.175789,0.0,0.0,0.0,0.086803,0.0,0.111765,0.227687,0.0,0.298775,0.278798,0.0,0.0,0.0,0.10988,0.221244,0.096331,0.103782,0.273084,0.0,0.0,0.203143,0.045782,0.0,0.222648,0.208805,0.0,0.22206,0.160558,0.162242,0.247516,0.042041,0.0,0.0,0.0,0.314214,0.109598,0.0,0.0,0.0,0.0,0.0,0.142279,0.07263,0.260228,0.0,0.185032,0.0,0.0,0.160708,0.203325,0.0,0.238206,0.0,0.198385,0.0,0.232844,0.0,0.0,0.211981,0.188009,0.130375,0.0,0.234335,0.0,0.0,0.0,0.0,0.157882,0.261209,0.092712,0.251554,0.0,0.03049,0.0,0.162057,0.0,0.22688,0.151529,0.169238,0.068908,0.0,0.0,0.0,0.0,0.0,0.189324,0.0,0.0,0.0,0.194083,0.0,0.206294,0.0,0.226406,0.0,0.175997,0.223656,0.129866,0.0,0.260118,0.153003,0.0,0.213887,0.971252,0.0,0.0,0.149128,0.231927,0.143204,0.240195,0.210119,0.14691,0.295767,0.13445,0.175862,0.0,0.0,0.0,0.274886,0.0,0.243698,0.174815,0.191207,0.0,0.0,0.153476,0.235181,0.432906,0.0,0.310871,0.243628,0.150729,0.0,0.087691,0.276861,0.515046,0.0,0.0,0.0,0.0,0.0,0.0,0.177654,0.0,0.106481,0.067338,0.0,0.0,0.0,0.0,0.284647,0.144587,0.0,0.0,0.124006,0.0,0.0,0.23708,0.509285,0.093985,0.214297,0.845778,0.122754,0.0,0.0,0.0,0.54893,0.0,0.183492,0.0,0.096175,0.0,0.285298,0.109915,0.21447,0.299957,0.150873,0.283237,0.28795,0.0,0.002822,0.299924,0.0,0.129926,0.0,0.0,6e-06,0.0,0.0,0.238873,0.0,0.194686,0.0,0.0,0.193561,0.227321,0.191921,0.197722,0.0,0.080575,9e-06,0.0,0.175231,0.177427,0.258084,0.0
TCGA-97-8177-01Z-00-DX1.4c2ddf48-40d3-4fa0-8b5f-0485e8270ac7,0.391124,0.0,0.0,0.0,0.0,0.320073,0.113491,0.312309,0.090956,0.239329,0.258952,0.19488,0.0,0.0,0.0,0.345863,0.0,0.162101,0.0,0.203771,0.060296,0.139567,0.0,0.0,0.0,0.0,0.299145,0.0,0.207052,0.370429,0.0,0.0,0.276669,1.102311,0.0,0.064299,0.075936,0.0,0.0,0.26151,0.0,0.09068,0.0,0.289597,0.0,0.244301,0.0,0.0,0.0,0.07033,0.0,0.076042,0.0,0.607707,0.0,0.352169,0.223071,0.192592,0.153545,0.156877,0.0,0.077369,0.083111,0.250393,0.173972,0.141161,0.225177,0.0,0.237704,0.0,0.0,0.0,0.092003,0.094705,0.0,0.185636,0.0,0.215802,0.171752,0.0,0.0,0.612261,0.26044,0.0,0.0,0.074729,0.086678,0.0,0.337431,0.181002,0.077821,0.0,0.231516,0.0,0.426661,0.153045,0.0,0.0,0.0,0.274953,0.0,0.0,0.1957,0.34447,0.064618,0.0,0.060853,0.313236,0.301682,0.0,0.219513,0.0,0.081801,0.0,0.0,0.0,0.0,0.201792,0.251685,0.109279,0.153515,0.0,0.125732,0.0,0.097911,0.041351,0.0838,0.171517,0.357665,0.0,0.20132,0.0,0.125787,0.068191,0.078418,0.295876,0.0,0.041059,0.240814,0.0,0.147817,0.205426,0.149189,0.13951,0.0,0.243693,0.0,0.098349,0.309285,0.0,0.19799,0.092245,0.172957,0.132359,0.0,0.162595,0.398385,0.095242,0.31509,0.0,0.365151,0.0,0.157783,0.322202,0.0,0.087631,0.0,0.0,0.0,0.244314,0.0,0.14889,0.0,0.0,0.0,0.0,0.0,0.0,0.237727,0.821696,0.29587,0.149187,3e-06,0.290573,0.0,0.254796,0.0,0.286214,0.0,0.0,0.0,0.0,0.126406,0.154226,0.078146,0.098181,0.155714,0.155518,0.136901,0.0,0.262154,0.0,1.272824,0.07429,0.0,0.0,0.134262,1.06877,0.0,0.0,0.0,0.0,0.126109,0.0,0.0,0.002858,0.0,0.826321,0.0,0.0,0.0,0.2815,0.0,0.253274,0.288701,0.0,0.0,0.317074,0.0,0.0,0.0,0.183573,0.283966,0.175579,0.0,0.066572,0.328994,0.251,0.317327,0.0,0.063894,0.0,0.06292,0.0,0.300252,0.125634,0.227922,0.0,0.162703,0.148727,0.237761,0.0,0.234384,0.0,1.362523,0.0,0.0,0.111291,0.0,0.132675,0.0,0.315613,0.0,0.124706,0.0,0.087606,0.335984,0.0,0.383308,0.209682,0.153997,0.260934,0.0,0.0,0.187533,0.087319,0.0,0.223855,0.0,0.0,0.104078,0.121442,0.173018,0.155445,0.0,0.0,0.0,0.0,0.182749,0.210659,0.191153,0.117509,0.0,0.0,0.0,0.248231,0.0,0.0,0.211317,0.106801,0.0,0.067263,0.0,0.137105,0.055174,0.168583,0.0,0.0,0.0,0.130099,0.0,0.08311,0.096955,0.0,0.205222,0.210003,0.0,0.0,0.0,0.153399,0.103889,0.155989,0.169156,0.272579,0.0,0.0,0.294469,0.095352,0.0,0.098746,0.080513,0.0,0.150454,0.048862,0.097796,0.377582,0.093862,0.0,0.0,0.0,0.312453,0.127308,0.0,0.0,0.0,0.0,0.0,0.23446,0.138666,0.174041,0.0,0.10601,0.0,0.0,0.260658,0.30654,0.0,0.153099,0.0,0.073434,0.0,0.209511,0.0,0.0,0.166279,0.097479,0.19171,0.0,0.223345,0.0,0.0,0.0,0.0,0.261398,0.36691,0.07939,0.133747,0.0,0.057485,0.0,0.275252,0.0,0.080937,0.241764,0.269481,0.134862,0.0,0.0,0.0,0.0,0.0,0.293555,0.0,0.0,0.0,0.065644,0.0,0.072236,0.0,0.285583,0.0,0.262751,0.154124,0.12534,0.0,0.126913,0.244758,0.0,0.271036,0.973632,0.0,0.0,0.240295,0.093003,0.225148,0.155934,0.086745,0.101705,0.367001,0.211161,0.073252,0.0,0.0,0.0,0.321786,0.0,0.371148,0.235018,0.080749,0.0,0.0,0.073786,0.243272,0.373249,0.0,0.270615,0.333265,0.14674,0.0,0.159607,0.14499,0.493064,0.0,0.0,0.0,0.0,0.0,0.0,0.070418,0.0,0.115805,0.129991,0.0,0.0,0.0,0.0,0.289144,0.036776,0.0,0.0,0.156535,0.0,0.0,0.090569,0.456185,0.163768,0.141386,0.829602,0.221679,0.0,0.0,0.0,0.546675,0.0,0.055927,0.0,0.100245,0.0,0.211333,0.180284,0.331511,0.158837,0.261577,0.289481,0.327787,0.0,0.002721,0.223365,0.0,0.212933,0.0,0.0,0.0,0.0,0.0,0.249994,0.0,0.273272,0.0,0.0,0.228866,0.096974,0.228413,0.114876,0.0,0.076909,0.0,0.0,0.280218,0.06505,0.131751,0.0
TCGA-97-A4M6-01Z-00-DX1.01D83621-3D8E-4339-9F9B-CBD3083D5AE0,0.142972,0.0,0.0,0.0,0.0,0.067659,0.5148,0.107482,0.453464,0.053035,0.06089,0.118281,0.0,0.0,0.0,0.112509,0.0,0.066467,0.0,0.074075,0.308049,0.155283,0.0,0.0,0.0,0.0,0.067399,0.0,0.076493,0.110419,0.0,0.0,0.064583,1.001664,0.0,0.411427,0.432373,0.0,0.0,0.2902,0.0,0.455758,0.0,0.069179,0.0,0.085501,0.0,0.0,0.0,0.44241,0.0,0.065879,0.0,0.540844,0.0,0.273979,0.056506,0.525689,0.030509,0.040514,0.0,0.519193,0.427646,0.077415,0.021939,0.338642,0.063316,0.0,0.131329,0.0,0.0,0.0,0.225516,0.021788,0.0,0.318906,0.0,0.044911,0.066892,0.0,0.0,0.569626,0.057612,0.0,0.0,0.012711,0.466007,0.0,0.076806,0.045154,0.02888,0.0,0.320725,0.0,0.413757,0.056078,0.0,0.0,0.0,0.061364,0.0,0.0,0.127591,0.104508,0.107762,0.0,0.466228,0.111862,0.058608,0.0,0.087198,0.0,0.389827,0.0,0.0,0.0,0.0,0.115034,0.057676,0.124915,0.240836,0.0,0.034166,0.0,0.309842,0.375885,0.424473,0.091454,0.143851,0.0,0.059149,0.0,0.487602,0.446803,0.065426,0.072435,0.0,0.098747,0.050391,0.0,0.31987,0.072058,0.42282,0.221306,0.0,0.078945,0.0,0.067956,0.071513,0.0,0.04939,0.409753,0.108042,0.42411,0.0,0.035773,0.093211,0.051051,0.084474,0.0,0.377634,0.0,0.336537,0.10706,0.0,0.434606,0.0,0.0,0.0,0.155176,0.0,0.481668,0.0,0.0,0.0,0.0,0.0,0.0,0.05172,0.74003,0.061756,0.238398,1e-06,0.062929,0.0,0.059374,0.0,0.059073,0.0,0.0,0.0,0.0,0.517598,0.31862,0.398116,0.460425,0.027416,0.064014,0.188944,0.0,0.064386,0.0,1.049654,0.01302,0.0,0.0,0.3798,0.926822,0.0,0.0,0.0,0.0,0.303553,0.0,0.0,0.002782,0.0,0.766409,0.0,0.0,0.0,0.06732,0.0,0.086638,0.087002,0.0,0.0,0.151584,0.0,0.0,0.0,0.039422,0.284439,0.076975,0.0,0.005003,0.075878,0.066713,0.102282,0.0,0.471021,0.0,0.401522,0.0,0.127744,0.269776,0.079054,0.0,0.031646,0.037935,0.279318,0.0,0.05248,0.0,1.190294,0.0,0.0,0.042175,0.0,0.046156,0.0,0.070845,0.0,0.437099,0.0,0.194047,0.076773,0.0,0.088296,0.049178,0.304168,0.065779,0.0,0.0,0.293013,0.033941,0.0,0.050088,0.0,0.0,0.522021,0.49325,0.040313,0.037519,0.0,0.0,0.0,0.0,0.03773,0.047832,0.041414,0.04298,0.0,0.0,0.0,0.094056,0.0,0.0,0.045653,0.447067,0.0,0.426505,0.0,0.052686,0.429932,0.113428,0.0,0.0,0.0,0.02676,0.0,0.08143,0.437363,0.0,0.3773,0.423785,0.0,0.0,0.0,0.041088,0.424586,0.040412,0.045164,0.122337,0.0,0.0,0.112987,0.011466,0.0,0.432161,0.439998,0.0,0.256829,0.374588,0.249757,0.090461,0.018574,0.0,0.0,0.0,0.177652,0.037578,0.0,0.0,0.0,0.0,0.0,0.052733,0.035087,0.318708,0.0,0.240601,0.0,0.0,0.061279,0.072351,0.0,0.252882,0.0,0.394952,0.0,0.100773,0.0,0.0,0.207638,0.311852,0.052512,0.0,0.133652,0.0,0.0,0.0,0.0,0.058339,0.085992,0.047926,0.325312,0.0,0.002855,0.0,0.06334,0.0,0.514583,0.046676,0.063071,0.094583,0.0,0.0,0.0,0.0,0.0,0.065282,0.0,0.0,0.0,0.424639,0.0,0.419738,0.0,0.06825,0.0,0.062937,0.185661,0.036674,0.0,0.460156,0.05198,0.0,0.134973,0.812586,0.0,0.0,0.050154,0.438756,0.053923,0.287772,0.435512,0.130398,0.093505,0.048435,0.362633,0.0,0.0,0.0,0.372051,0.0,0.144979,0.062201,0.447409,0.0,0.0,0.251461,0.349694,0.376567,0.0,0.285612,0.173398,0.056376,0.0,0.039289,0.504435,0.431821,0.0,0.0,0.0,0.0,0.0,0.0,0.359166,0.0,0.162334,0.067688,0.0,0.0,0.0,0.0,0.137316,0.355055,0.0,0.0,0.079372,0.0,0.0,0.509236,0.447918,0.037743,0.331095,0.70288,0.052922,0.0,0.0,0.0,0.451214,0.0,0.426204,0.0,0.03493,0.0,0.362806,0.042089,0.07128,0.507209,0.05358,0.133176,0.365704,0.0,0.006416,0.4599,0.0,0.079596,0.0,0.0,0.0,0.0,0.0,0.349844,0.0,0.059833,0.0,0.0,0.242245,0.437553,0.061407,0.23181,0.0,0.041766,0.0,0.0,0.061239,0.37743,0.45012,0.0
TCGA-44-2656-01Z-00-DX1.5f247f31-4bb5-460d-a1f7-7dcdba33c835,0.48663,0.0,0.0,0.0,0.0,0.409382,0.017556,0.407792,0.015402,0.308438,0.309779,0.278344,0.0,0.0,0.0,0.461854,0.0,0.137843,0.0,0.301308,0.004168,0.03917,0.0,0.0,0.0,0.0,0.377962,0.0,0.15333,0.475695,0.0,0.0,0.351784,0.994117,0.0,0.007699,0.007837,0.0,0.0,0.372562,0.0,0.015412,0.0,0.3511,0.0,0.191242,0.0,0.0,0.0,0.009535,0.0,0.023335,0.0,0.531209,0.0,0.261168,0.277831,0.087824,0.217922,0.203495,0.0,0.005161,0.008881,0.345447,0.290171,0.030054,0.253481,0.0,0.173154,0.0,0.0,0.0,0.025169,0.147432,0.0,0.149037,0.0,0.308191,0.275252,0.0,0.0,0.51435,0.333305,0.0,0.0,0.141748,0.008523,0.0,0.430018,0.200568,0.085222,0.0,0.286427,0.0,0.326921,0.243312,0.0,0.0,0.0,0.351976,0.0,0.0,0.298839,0.420944,0.01274,0.0,0.003373,0.280756,0.406883,0.0,0.339599,0.0,0.011679,0.0,0.0,0.0,0.0,0.144876,0.343298,0.028207,0.04669,0.0,0.12761,0.0,0.025254,0.001677,0.010842,0.104049,0.454283,0.0,0.22625,0.0,0.024758,0.004745,0.020235,0.367214,0.0,0.010123,0.333249,0.0,0.043434,0.178832,0.053143,0.039829,0.0,0.333796,0.0,0.040923,0.374886,0.0,0.244537,0.014309,0.106,0.036773,0.0,0.208303,0.494539,0.182088,0.403703,0.0,0.279325,0.0,0.11547,0.432974,0.0,0.015913,0.0,0.0,0.0,0.173915,0.0,0.040511,0.0,0.0,0.0,0.0,0.0,0.0,0.325017,0.740348,0.376062,0.143995,0.0,0.390946,0.0,0.312845,0.0,0.381257,0.0,0.0,0.0,0.0,0.022002,0.128825,0.008849,0.015276,0.239644,0.110653,0.043519,0.0,0.324382,0.0,1.200269,0.153888,0.0,0.0,0.0364,0.993944,0.0,0.0,0.0,0.0,0.092483,0.0,0.0,0.000213,0.0,0.741538,0.0,0.0,0.0,0.365566,0.0,0.341021,0.383363,0.0,0.0,0.269846,0.0,0.0,0.0,0.254416,0.349433,0.260784,0.0,0.148776,0.403535,0.344883,0.397631,0.0,0.005456,0.0,0.005589,0.0,0.377251,0.024159,0.187084,0.0,0.250154,0.18507,0.12484,0.0,0.308512,0.0,1.285263,0.0,0.0,0.095912,0.0,0.130703,0.0,0.386763,0.0,0.052879,0.0,0.029009,0.417498,0.0,0.491364,0.297614,0.08444,0.320639,0.0,0.0,0.07516,0.080851,0.0,0.301826,0.0,0.0,0.018057,0.028843,0.234028,0.21873,0.0,0.0,0.0,0.0,0.270788,0.277672,0.271131,0.089103,0.0,0.0,0.0,0.329186,0.0,0.0,0.274203,0.026383,0.0,0.007803,0.0,0.091909,0.002766,0.132874,0.0,0.0,0.0,0.17804,0.0,0.022,0.013695,0.0,0.110208,0.185261,0.0,0.0,0.0,0.185114,0.02385,0.208837,0.227676,0.212018,0.0,0.0,0.386485,0.177215,0.0,0.012081,0.011607,0.0,0.051812,0.002461,0.066803,0.458608,0.164786,0.0,0.0,0.0,0.261186,0.120514,0.0,0.0,0.0,0.0,0.0,0.319728,0.203501,0.066586,0.0,0.009736,0.0,0.0,0.334751,0.387296,0.0,0.061611,0.0,0.004682,0.0,0.130853,0.0,0.0,0.089747,0.023931,0.246704,0.0,0.172857,0.0,0.0,0.0,0.0,0.344568,0.458178,0.031232,0.036332,0.0,0.121273,0.0,0.370354,0.0,0.008242,0.315011,0.325177,0.239346,0.0,0.0,0.0,0.0,0.0,0.374624,0.0,0.0,0.0,0.010763,0.0,0.007201,0.0,0.344627,0.0,0.326327,0.047538,0.121702,0.0,0.034179,0.321832,0.0,0.367238,0.9022,0.0,0.0,0.339063,0.01493,0.303669,0.039716,0.012347,0.028925,0.439556,0.281996,0.009619,0.0,0.0,0.0,0.403524,0.0,0.464335,0.301077,0.013054,0.0,0.0,0.017798,0.267719,0.265433,0.0,0.181719,0.450958,0.092825,0.0,0.215811,0.0529,0.397834,0.0,0.0,0.0,0.0,0.0,0.0,0.008389,0.0,0.201705,0.249816,0.0,0.0,0.0,0.0,0.231304,0.001462,0.0,0.0,0.219903,0.0,0.0,0.015285,0.362665,0.217402,0.024378,0.743914,0.288345,0.0,0.0,0.0,0.480879,0.0,0.004331,0.0,0.076723,0.0,0.133701,0.254898,0.423381,0.043772,0.332454,0.226714,0.397615,0.0,0.00073,0.192744,0.0,0.305802,0.0,0.0,0.0,0.0,0.0,0.308763,0.0,0.34349,0.0,0.0,0.287135,0.017416,0.264291,0.033523,0.0,0.023678,0.0,0.0,0.364738,0.007827,0.030628,0.0
TCGA-78-7535-01Z-00-DX1.c4ca06f3-22d1-4e39-85c8-98d1fa2b0e60,0.295761,0.0,0.0,0.0,0.0,0.245938,0.213422,0.245493,0.170827,0.154567,0.192065,0.189421,0.0,0.0,0.0,0.232568,0.0,0.176641,0.0,0.133767,0.137091,0.214942,0.0,0.0,0.0,0.0,0.21727,0.0,0.225439,0.274144,0.0,0.0,0.206098,1.16244,0.0,0.145085,0.161238,0.0,0.0,0.241469,0.0,0.191305,0.0,0.197946,0.0,0.294369,0.0,1e-06,0.0,0.161443,0.0,0.113864,0.0,0.656983,0.0,0.416047,0.165126,0.292792,0.097775,0.108481,0.0,0.192973,0.171573,0.187602,0.131182,0.213972,0.139562,0.0,0.291703,0.0,0.0,0.0,0.180495,0.061224,0.0,0.185048,0.0,0.133114,0.153842,0.0,0.0,0.681129,0.166494,0.0,0.0,0.052737,0.190631,0.0,0.278252,0.135623,0.041162,0.0,0.225918,0.0,0.494425,0.101743,0.0,0.0,0.0,0.208203,0.0,0.0,0.162534,0.240554,0.054993,0.0,0.141347,0.317119,0.1938,0.0,0.175767,0.0,0.176352,0.0,0.0,0.0,0.0,0.265276,0.181476,0.16622,0.22851,0.0,0.131256,0.0,0.144418,0.106606,0.187846,0.209776,0.258153,0.0,0.129049,0.0,0.239301,0.176847,0.144454,0.227569,0.0,0.038804,0.190103,0.0,0.226891,0.19319,0.215244,0.194239,0.0,0.171207,0.0,0.179906,0.208749,0.0,0.144292,0.179072,0.225883,0.230438,0.0,0.10723,0.316241,0.065508,0.225817,0.0,0.423149,0.0,0.211778,0.245211,0.0,0.189832,0.0,0.0,0.0,0.311495,0.0,0.242274,0.0,0.0,0.0,0.0,0.0,0.0,0.166591,0.884066,0.22571,0.182079,0.0,0.189795,0.0,0.193787,0.0,0.203534,0.0,0.0,0.0,0.0,0.237837,0.166924,0.174341,0.211551,0.089747,0.178581,0.186426,0.0,0.21258,0.0,1.336839,0.038938,0.0,0.0,0.196778,1.15489,0.0,0.0,0.0,0.0,0.163428,0.0,0.0,0.018663,0.0,0.897091,0.0,0.0,0.0,0.201072,0.0,0.177064,0.217052,0.0,0.0,0.401933,0.0,0.0,0.0,0.114532,0.251118,0.121023,0.0,0.036308,0.250444,0.191571,0.245969,0.0,0.156104,0.0,0.138344,0.0,0.22318,0.1783,0.254271,0.0,0.099321,0.114863,0.307241,0.0,0.161353,0.0,1.434163,0.0,0.0,0.078222,0.0,0.075705,0.0,0.244761,0.0,0.206971,0.0,0.11826,0.248802,0.0,0.270871,0.145141,0.189251,0.187185,0.0,0.0,0.234039,0.087218,0.0,0.151454,0.0,0.0,0.208141,0.212279,0.131622,0.096824,0.0,0.0,0.0,0.0,0.129312,0.143642,0.140979,0.106459,0.0,0.0,0.0,0.192568,0.0,0.0,0.148482,0.206882,0.0,0.163984,0.0,0.153657,0.141494,0.1906,0.0,0.0,0.0,0.094413,0.0,0.142561,0.194699,0.0,0.289825,0.274282,0.0,0.0,0.0,0.119734,0.206641,0.110256,0.122654,0.319528,0.0,0.0,0.233718,0.061732,0.0,0.185105,0.175173,0.0,0.204955,0.141167,0.140563,0.272268,0.062409,0.0,0.0,0.0,0.366494,0.081694,0.0,0.0,0.0,0.0,0.0,0.165462,0.094139,0.245107,0.0,0.131517,0.0,0.0,0.179661,0.234715,0.0,0.245387,0.0,0.163143,0.0,0.263534,0.0,0.0,0.235758,0.177602,0.121341,0.0,0.275752,0.0,0.0,0.0,0.0,0.192384,0.279177,0.121573,0.232134,0.0,0.034649,0.0,0.187166,0.0,0.188063,0.174637,0.186887,0.100734,0.0,0.0,0.0,0.0,0.0,0.20566,0.0,0.0,0.0,0.162548,0.0,0.163385,0.0,0.241635,0.0,0.188776,0.217062,0.158925,0.0,0.219215,0.167747,0.0,0.254547,1.0508,0.0,0.0,0.16172,0.205432,0.166935,0.223781,0.1933,0.162526,0.333737,0.151769,0.157818,0.0,0.0,0.0,0.272731,0.0,0.257672,0.191102,0.17074,0.0,0.0,0.113496,0.258405,0.449997,0.0,0.338739,0.253767,0.159817,0.0,0.100223,0.255589,0.541925,0.0,0.0,0.0,0.0,0.0,0.0,0.152491,0.0,0.085672,0.103339,0.0,0.0,0.0,0.0,0.321887,0.093284,0.0,0.0,0.145113,0.0,0.0,0.193498,0.520039,0.10751,0.112527,0.888972,0.15258,0.0,0.0,0.0,0.610216,0.0,0.139647,0.0,0.119302,0.0,0.264999,0.115057,0.223891,0.250722,0.171576,0.323572,0.269412,0.0,0.003212,0.275516,0.0,0.154484,0.0,0.0,0.0,0.0,0.0,0.247011,0.0,0.17892,0.0,0.0,0.211454,0.186732,0.204113,0.201072,0.0,0.07618,0.0,0.0,0.190571,0.154503,0.238674,0.0
TCGA-55-8514-01Z-00-DX1.499CF563-B404-4061-9D1A-57954BBE2CE7,0.383871,0.0,0.0,0.0,0.0,0.318163,0.139386,0.345611,0.098302,0.227237,0.24075,0.237591,0.0,0.0,0.0,0.295771,0.0,0.146533,0.0,0.218262,0.079464,0.087303,0.0,0.0,0.0,0.0,0.300156,0.0,0.178109,0.347721,0.0,0.0,0.262693,0.973486,0.0,0.088777,0.098262,0.0,0.0,0.276759,1e-06,0.107603,0.0,0.260272,0.0,0.213464,0.0,1e-06,0.0,0.10704,0.0,0.083779,0.0,0.509144,0.0,0.256133,0.223464,0.17577,0.150177,0.168138,0.0,0.12435,0.100929,0.257113,0.207566,0.099262,0.209252,0.0,0.183793,0.0,0.0,0.0,0.087619,0.118433,0.0,0.176215,0.0,0.216072,0.231487,0.0,0.0,0.525405,0.235762,0.0,0.0,0.127638,0.103505,0.0,0.349952,0.172516,0.089945,0.0,0.258692,0.0,0.352013,0.186789,0.0,0.0,0.0,0.291638,0.0,0.0,0.248876,0.311483,0.055791,0.0,0.091879,0.234399,0.282449,0.0,0.245636,0.0,0.098494,0.0,0.0,0.0,0.0,0.153598,0.257961,0.065624,0.102889,0.0,0.146838,0.0,0.076608,0.067644,0.109996,0.125372,0.341259,0.0,0.171448,0.0,0.146534,0.111003,0.083407,0.299743,0.0,0.027112,0.244471,0.0,0.120773,0.198738,0.14083,0.090684,0.0,0.252196,0.0,0.096954,0.256394,0.0,0.196027,0.111569,0.102825,0.130016,0.0,0.146827,0.391386,0.134387,0.2924,0.0,0.27492,0.0,0.184014,0.330283,0.0,0.117835,0.0,0.0,0.0,0.20697,0.0,0.152112,0.0,0.0,0.0,0.0,0.0,0.0,0.233975,0.713757,0.300999,0.163202,0.0,0.255359,0.0,0.237495,0.0,0.28244,0.0,0.0,0.0,0.0,0.141522,0.159352,0.106557,0.117536,0.1564,0.126324,0.092977,0.0,0.278768,0.0,1.147084,0.098047,0.0,0.0,0.104327,0.974318,0.0,0.0,0.0,1e-06,0.140635,0.0,0.0,0.045049,0.0,0.734561,0.0,0.0,0.0,0.276493,0.0,0.255037,0.277855,0.0,0.0,0.275063,0.0,0.0,0.0,0.204801,0.329984,0.184098,0.0,0.109059,0.337944,0.275641,0.324787,0.0,0.111847,0.0,0.087966,0.0,0.31164,0.072773,0.208561,0.0,0.163116,0.158557,0.16875,0.0,0.21753,0.0,1.221932,0.0,0.0,0.10688,0.0,0.105294,0.0,0.297098,0.0,0.171207,0.0,0.096184,0.31193,0.0,0.345448,0.208982,0.182258,0.242811,0.0,0.0,0.111814,0.081776,0.0,0.209646,0.0,0.0,0.138882,0.120123,0.204343,0.141436,0.0,0.0,0.0,0.0,0.197902,0.216668,0.212775,0.111466,0.0,0.0,0.0,0.266374,0.0,0.0,0.225732,0.130632,0.0,0.101299,0.0,0.120549,0.092247,0.110051,0.0,0.0,0.0,0.154258,0.0,0.071782,0.108267,0.0,0.168315,0.245348,0.0,0.0,0.0,0.152874,0.107363,0.15731,0.18103,0.20798,0.0,0.0,0.318587,0.129431,0.0,0.10428,0.118099,0.0,0.088148,0.102237,0.133899,0.351086,0.127927,0.0,0.0,0.0,0.24914,0.098142,0.0,0.0,0.0,0.0,0.0,0.244405,0.160286,0.128838,0.0,0.075437,0.0,0.0,0.239187,0.294871,0.0,0.137519,0.0,0.086863,0.0,0.160727,0.0,0.0,0.122226,0.086373,0.179377,0.0,0.186173,0.0,0.0,0.0,0.0,0.272728,0.355273,0.065743,0.119615,0.0,0.105946,0.0,0.268047,0.0,0.114702,0.252534,0.263824,0.176787,0.0,0.0,0.0,0.0,0.0,0.285827,0.0,0.0,0.0,0.106753,0.0,0.094805,0.0,0.297091,0.0,0.254717,0.103846,0.144726,0.0,0.124578,0.242057,0.0,0.291063,0.884727,0.0,0.0,0.225804,0.113474,0.232073,0.086525,0.131216,0.056853,0.364466,0.229034,0.079748,0.0,0.0,0.0,0.361701,0.0,0.332641,0.247629,0.112168,0.0,0.0,0.122977,0.284602,0.30425,0.0,0.210633,0.340698,0.133872,0.0,0.160888,0.156012,0.398116,0.0,0.0,0.0,0.0,0.0,0.0,0.090353,0.0,0.155687,0.193032,0.0,0.0,0.0,0.0,0.236043,0.066616,0.0,0.0,0.153922,0.0,0.0,0.118889,0.360073,0.151952,0.067034,0.729596,0.199478,0.0,0.0,0.0,0.440481,0.0,0.097405,0.0,0.096501,0.0,0.165247,0.190144,0.304045,0.150844,0.240465,0.216721,0.352189,0.0,0.009525,0.245936,0.0,0.212671,0.0,0.0,0.0,0.0,0.0,0.294469,0.0,0.244221,0.0,0.0,0.26706,0.104855,0.214945,0.094076,0.0,0.078636,0.0,0.0,0.251122,0.089984,0.129112,0.0
TCGA-55-7727-01Z-00-DX1.0c7a4953-16dc-41e0-845b-b89167ec17d7,0.251114,0.0,0.0,0.0,0.0,0.171944,0.367461,0.204167,0.314662,0.126414,0.132349,0.192364,0.0,0.0,0.0,0.217167,0.0,0.093797,0.0,0.143798,0.223151,0.116247,0.0,0.0,0.0,0.0,0.156409,0.0,0.105014,0.21653,0.0,0.0,0.1473,1.015386,0.0,0.286094,0.294595,0.0,0.0,0.307983,0.0,0.321015,0.0,0.142157,0.0,0.12083,0.0,0.0,0.0,0.307307,0.0,0.043239,0.0,0.539125,0.0,0.274486,0.116918,0.382414,0.082638,0.073579,0.0,0.353756,0.302665,0.160796,0.115385,0.234165,0.101829,0.0,0.144628,0.0,0.0,0.0,0.15564,0.049617,0.0,0.24345,0.0,0.118364,0.153703,0.0,0.0,0.56287,0.129037,0.0,0.0,0.045734,0.320566,0.0,0.176556,0.085744,0.031637,0.0,0.324815,0.0,0.376068,0.118053,0.0,0.0,0.0,0.145594,0.0,0.0,0.179613,0.205182,0.079607,0.0,0.332501,0.171227,0.164806,0.0,0.165945,0.0,0.268622,0.0,0.0,0.0,0.0,0.125123,0.130021,0.080679,0.173276,0.0,0.059789,0.0,0.22737,0.260252,0.301504,0.095192,0.242683,0.0,0.086144,0.0,0.347069,0.311542,0.05543,0.145275,0.0,0.062057,0.149165,0.0,0.228163,0.099219,0.312967,0.161054,0.0,0.160784,0.0,0.065738,0.153893,0.0,0.102748,0.289966,0.105379,0.302169,0.0,0.084794,0.234772,0.094657,0.187684,0.0,0.338394,0.0,0.282518,0.202298,0.0,0.310808,0.0,0.0,0.0,0.165299,0.0,0.34257,0.0,0.0,0.0,0.0,0.0,0.0,0.123688,0.744658,0.16248,0.228546,0.0,0.156396,0.0,0.13003,0.0,0.158847,0.0,0.0,0.0,0.0,0.364483,0.253854,0.281992,0.326713,0.089423,0.069951,0.140924,0.0,0.134541,0.0,1.110012,0.051501,0.0,0.0,0.256042,0.956052,0.0,0.0,0.0,0.0,0.250688,0.0,0.0,0.00099,0.0,0.760691,0.0,0.0,0.0,0.159549,0.0,0.171882,0.178612,0.0,0.0,0.199023,0.0,0.0,0.0,0.103135,0.318512,0.133898,0.0,0.05321,0.17362,0.157713,0.201748,0.0,0.333021,0.0,0.276686,0.0,0.209118,0.176647,0.109847,0.0,0.09569,0.072644,0.230803,0.0,0.125805,0.0,1.240298,0.0,0.0,0.039199,0.0,0.050454,0.0,0.168113,0.0,0.330424,0.0,0.134484,0.174396,0.0,0.214366,0.110954,0.235768,0.129407,0.0,0.0,0.210256,0.030625,0.0,0.119955,0.0,0.0,0.361741,0.342048,0.091164,0.080665,0.0,0.0,0.0,0.0,0.102144,0.102614,0.104923,0.035818,0.0,0.0,0.0,0.170904,0.0,0.0,0.108216,0.322637,0.0,0.296235,0.0,0.060187,0.301741,0.111861,0.0,0.0,0.0,0.069258,0.0,0.054261,0.300461,0.0,0.285394,0.367728,0.0,0.0,0.0,0.073446,0.295268,0.080244,0.087357,0.151927,0.0,0.0,0.195485,0.064594,0.0,0.302313,0.314593,0.0,0.185948,0.259499,0.197808,0.188935,0.055658,0.0,0.0,0.0,0.199641,0.052227,0.0,0.0,0.0,0.0,0.0,0.124594,0.074473,0.238468,0.0,0.157692,0.0,0.0,0.131556,0.157514,0.0,0.194353,0.0,0.275512,0.0,0.120653,0.0,0.0,0.168404,0.222731,0.094309,0.0,0.13696,0.0,0.0,0.0,0.0,0.135741,0.200825,0.041717,0.236809,0.0,0.046811,0.0,0.143996,0.0,0.36035,0.129088,0.133214,0.15096,0.0,0.0,0.0,0.0,0.0,0.156739,0.0,0.0,0.0,0.296317,0.0,0.289241,0.0,0.157699,0.0,0.134156,0.142092,0.07396,0.0,0.330686,0.129944,0.0,0.2257,0.850748,0.0,0.0,0.133087,0.298958,0.117908,0.192565,0.311359,0.091932,0.222611,0.113093,0.25501,0.0,0.0,0.0,0.385649,0.0,0.235254,0.115116,0.31224,0.0,0.0,0.168754,0.309221,0.346837,0.0,0.247711,0.252165,0.057647,0.0,0.080038,0.365637,0.425364,0.0,0.0,0.0,0.0,0.0,0.0,0.249546,0.0,0.164541,0.129394,0.0,0.0,0.0,0.0,0.163648,0.239302,0.0,0.0,0.134521,0.0,0.0,0.354563,0.426436,0.083944,0.206622,0.720485,0.11146,0.0,0.0,0.0,0.456633,0.0,0.297865,0.0,0.048501,0.0,0.295259,0.089969,0.17269,0.361543,0.13702,0.165463,0.385648,0.0,0.000291,0.375395,0.0,0.153253,0.0,0.0,0.0,0.0,0.0,0.344502,0.0,0.136644,0.0,0.0,0.262389,0.298764,0.122184,0.166653,0.0,0.013359,0.0,0.0,0.145592,0.25984,0.318525,0.0
TCGA-49-6745-01Z-00-DX6.3174fffa-c17c-44d1-8d21-1921a9ec1bee,0.399952,0.0,0.0,0.0,0.0,0.317607,0.118885,0.331661,0.071303,0.255736,0.284556,0.186481,0.0,0.0,0.0,0.355479,0.0,0.136437,0.0,0.226388,0.042201,0.085079,0.0,0.0,0.0,0.0,0.304582,0.0,0.157732,0.369997,0.0,0.0,0.295114,0.975171,0.0,0.062039,0.077742,0.0,0.0,0.345067,2e-06,0.088437,0.0,0.305417,0.0,0.187497,0.0,1e-06,0.0,0.070726,0.0,0.086417,0.0,0.515407,0.0,0.26604,0.253434,0.170573,0.193321,0.192805,0.0,0.08265,0.067664,0.232889,0.185753,0.117988,0.225719,0.0,0.152615,0.0,0.0,0.0,0.078523,0.116987,0.0,0.263981,0.0,0.227942,0.167325,0.0,0.0,0.518909,0.238676,0.0,0.0,0.096827,0.082805,0.0,0.345612,0.169489,0.09913,0.0,0.242669,0.0,0.364349,0.171839,0.0,0.0,0.0,0.281653,0.0,0.0,0.264641,0.336269,0.067158,0.0,0.067392,0.223823,0.275847,0.0,0.23127,0.0,0.066782,0.0,0.0,0.0,0.0,0.131785,0.295241,0.051593,0.101149,0.0,0.126203,0.0,0.067913,0.036485,0.084089,0.12218,0.361873,0.0,0.233493,0.0,0.105176,0.071394,0.055124,0.311476,0.0,0.047641,0.200976,0.0,0.10833,0.175964,0.115572,0.090832,0.0,0.257273,0.0,0.091866,0.307417,0.0,0.215353,0.068214,0.106453,0.126627,0.0,0.174462,0.374738,0.119594,0.28379,0.0,0.284581,0.0,0.135614,0.335957,0.0,0.08161,0.0,0.0,0.0,0.158956,0.0,0.133491,0.0,0.0,0.0,0.0,0.0,0.0,0.267209,0.733229,0.276283,0.140393,0.0,0.277976,0.0,0.273564,0.0,0.275962,0.0,0.0,0.0,0.0,0.104978,0.244443,0.075189,0.086541,0.141186,0.131754,0.095108,0.0,0.270873,0.0,1.13876,0.074605,0.0,0.0,0.113009,0.959844,0.0,0.0,0.0,0.0,0.107922,0.0,0.0,0.009085,0.0,0.729818,0.0,0.0,0.0,0.289608,0.0,0.245887,0.290646,0.0,0.0,0.235166,0.0,0.0,0.0,0.174888,0.312431,0.197788,0.0,0.085893,0.339096,0.260477,0.300401,0.0,0.078909,0.0,0.067884,0.0,0.321145,0.096464,0.192703,0.0,0.16996,0.167529,0.186674,0.0,0.235804,0.0,1.214387,0.0,0.0,0.15012,0.0,0.160222,0.0,0.294604,0.0,0.12349,0.0,0.05968,0.3298,0.0,0.369733,0.222022,0.242395,0.269531,0.0,0.0,0.136764,0.113487,0.0,0.257724,0.0,0.0,0.099836,0.095388,0.193493,0.181212,0.0,0.0,5e-06,0.0,0.191261,0.236018,0.21556,0.14758,0.0,0.0,0.0,0.268111,0.0,0.0,0.206201,0.101797,0.0,0.068092,0.0,0.118811,0.056004,0.132044,0.0,0.0,0.0,0.141079,0.0,0.054767,0.08221,0.0,0.189746,0.204027,0.0,0.0,0.0,0.170765,0.094584,0.18023,0.207188,0.175971,0.0,0.0,0.319739,0.100601,0.0,0.08889,0.099624,0.0,0.110652,0.052673,0.079509,0.37876,0.113086,0.0,0.0,0.0,0.239435,0.127177,0.0,0.0,0.0,0.0,0.0,0.244498,0.173607,0.135066,0.0,0.070933,0.0,0.0,0.27128,0.330209,0.0,0.120849,0.0,0.059862,0.0,0.130058,0.0,0.0,0.136603,0.066581,0.215686,0.0,0.165754,0.0,0.0,0.0,0.0,0.28619,0.361731,0.057879,0.096631,0.0,0.050321,0.0,0.30201,0.0,0.099486,0.241907,0.277903,0.186624,0.0,0.0,0.0,0.0,0.0,0.289399,0.0,0.0,0.0,0.083735,0.0,0.058663,0.0,0.265091,0.0,0.280172,0.098519,0.101603,0.0,0.089473,0.237472,0.0,0.233625,0.870742,0.0,0.0,0.234369,0.088577,0.240643,0.090196,0.084194,0.053329,0.286849,0.205938,0.05812,0.0,0.0,0.0,0.375478,0.0,0.377982,0.267112,0.073243,0.0,0.0,0.101739,0.346537,0.29668,0.0,0.219492,0.371732,0.151565,0.0,0.165042,0.133738,0.403736,0.0,0.0,0.0,0.0,0.0,0.0,0.064461,0.0,0.146045,0.186759,0.0,0.0,0.0,0.0,0.238602,0.030266,0.0,0.0,0.088233,0.0,0.0,0.087114,0.364953,0.182365,0.113558,0.717084,0.259377,0.0,0.0,0.0,0.461718,0.0,0.053217,0.0,0.079244,0.0,0.176958,0.19848,0.319121,0.126231,0.25938,0.205462,0.350468,0.0,0.008973,0.221978,0.0,0.234143,0.0,0.0,0.0,0.0,0.0,0.317057,0.0,0.262582,0.0,0.0,0.25565,0.083598,0.213363,0.086046,0.0,0.112461,0.0,0.0,0.294346,0.059612,0.096463,0.0
TCGA-38-4630-01Z-00-DX1.d08d0193-c5ed-4db8-b236-1a4c3c3177b8,0.383411,0.0,0.0,0.0,0.0,0.339816,0.100337,0.340374,0.059858,0.246194,0.264145,0.259903,0.0,0.0,0.0,0.347924,0.0,0.131767,0.0,0.238608,0.043204,0.054536,0.0,0.0,0.0,0.0,0.325626,0.0,0.155158,0.375565,0.0,0.0,0.271429,0.937114,0.0,0.045047,0.051505,0.0,0.0,0.272693,0.0,0.052726,0.0,0.272781,0.0,0.19857,0.0,0.0,0.0,0.057167,0.0,0.028459,0.0,0.475161,0.0,0.253946,0.220465,0.124279,0.182719,0.163763,0.0,0.067371,0.061314,0.267163,0.252138,0.057599,0.210453,0.0,0.167939,0.0,0.0,0.0,0.054423,0.108838,0.0,0.108173,0.0,0.241089,0.255765,0.0,0.0,0.490625,0.27137,0.0,0.0,0.133751,0.061437,0.0,0.367248,0.165626,0.083018,0.0,0.233626,0.0,0.306506,0.201003,0.0,0.0,0.0,0.299476,0.0,0.0,0.227295,0.346933,0.044049,0.0,0.05168,0.255377,0.330552,0.0,0.24347,0.0,0.050559,0.0,0.0,0.0,0.0,0.160348,0.267261,0.047104,0.066135,0.0,0.148388,0.0,0.045884,0.023254,0.054298,0.103485,0.368217,0.0,0.170479,0.0,0.092865,0.055563,0.04264,0.307494,0.0,0.014904,0.276868,0.0,0.080097,0.175738,0.099704,0.058405,0.0,0.271788,0.0,0.06328,0.291614,0.0,0.201836,0.059565,0.095151,0.078303,0.0,0.156185,0.443699,0.142358,0.317938,0.0,0.251456,0.0,0.17348,0.328417,0.0,0.05888,0.0,0.0,0.0,0.176734,0.0,0.114229,0.0,0.0,0.0,0.0,0.0,0.0,0.250081,0.682537,0.341386,0.156345,0.0,0.302036,0.0,0.263391,0.0,0.306225,0.0,0.0,0.0,0.0,0.084762,0.112403,0.052283,0.065428,0.189965,0.079468,0.053292,0.0,0.268233,0.0,1.08977,0.113747,0.0,0.0,0.060542,0.927093,0.0,0.0,0.0,0.0,0.120536,0.0,0.0,0.001047,0.0,0.697957,0.0,0.0,0.0,0.296163,0.0,0.27169,0.293704,0.0,0.0,0.251916,0.0,0.0,0.0,0.214622,0.299874,0.213116,0.0,0.125001,0.364432,0.286448,0.343624,0.0,0.050897,0.0,0.046191,0.0,0.315088,0.028013,0.201795,0.0,0.187421,0.154292,0.153351,0.0,0.24127,0.0,1.201937,0.0,0.0,0.082315,0.0,0.085787,0.0,0.311017,0.0,0.118533,0.0,0.070422,0.34242,0.0,0.371902,0.220932,0.116909,0.259993,0.0,0.0,0.067103,0.058358,0.0,0.223021,0.0,0.0,0.085149,0.077694,0.202927,0.164037,0.0,0.0,0.0,0.0,0.210696,0.232575,0.220591,0.098769,0.0,0.0,0.0,0.29002,0.0,0.0,0.241472,0.071277,0.0,0.045166,0.0,0.088532,0.041334,0.088441,0.0,0.0,0.0,0.14626,0.0,0.021768,0.062361,0.0,0.11192,0.220227,0.0,0.0,0.0,0.13909,0.066825,0.157456,0.175417,0.183339,0.0,0.0,0.337208,0.144204,0.0,0.071798,0.069345,0.0,0.048231,0.031925,0.105367,0.365673,0.121002,0.0,0.0,0.0,0.234175,0.104847,0.0,0.0,0.0,0.0,0.0,0.264261,0.14749,0.105138,0.0,0.035124,0.0,0.0,0.25969,0.312906,0.0,0.102302,0.0,0.046395,0.0,0.150383,0.0,0.0,0.111185,0.051142,0.190924,0.0,0.139242,0.0,0.0,0.0,0.0,0.274212,0.373736,0.016079,0.09249,0.0,0.128902,0.0,0.277692,0.0,0.059553,0.276583,0.27156,0.191576,0.0,0.0,0.0,0.0,0.0,0.315572,0.0,0.0,0.0,0.05457,0.0,0.053585,0.0,0.3153,0.0,0.252567,0.07545,0.141152,0.0,0.065685,0.276123,0.0,0.324202,0.845462,0.0,0.0,0.263899,0.06312,0.237246,0.056558,0.06916,0.054106,0.401382,0.245262,0.038488,0.0,0.0,0.0,0.33716,0.0,0.366349,0.23667,0.057421,0.0,0.0,0.063531,0.223033,0.28543,0.0,0.181972,0.348372,0.092384,0.0,0.157444,0.107792,0.362925,0.0,0.0,0.0,0.0,0.0,0.0,0.038811,0.0,0.148867,0.192251,0.0,0.0,0.0,0.0,0.214851,0.025157,0.0,0.0,0.173396,0.0,0.0,0.052616,0.328463,0.160805,0.025662,0.6848,0.211209,0.0,0.0,0.0,0.409182,0.0,0.044871,0.0,0.098002,0.0,0.150847,0.207211,0.352557,0.107568,0.27589,0.187234,0.339622,0.0,0.000206,0.214369,0.0,0.22873,0.0,0.0,0.0,0.0,0.0,0.265867,0.0,0.268266,0.0,0.0,0.241534,0.062395,0.230995,0.069583,0.0,0.03062,0.0,0.0,0.282218,0.037813,0.080141,0.0
TCGA-44-7670-01Z-00-DX1.2a981dd6-0063-438e-b20e-b180b16e2b23,0.145558,0.0,0.0,0.0,0.0,0.022372,0.578935,0.107738,0.491297,0.013506,0.017687,0.157477,0.0,0.0,0.0,0.113801,0.0,0.05518,0.0,0.092398,0.34781,0.102232,0.0,0.0,0.0,0.0,0.017629,0.0,0.059907,0.081535,0.0,0.0,0.017363,0.951927,0.0,0.47139,0.478323,0.0,0.0,0.358771,0.0,0.503533,0.0,0.018678,0.0,0.03849,0.0,0.0,0.0,0.507017,0.0,0.047683,0.0,0.487096,0.0,0.218161,0.015155,0.54083,0.009297,0.011377,0.0,0.575577,0.482351,0.069424,0.008808,0.329296,0.015143,0.0,0.064164,0.0,0.0,0.0,0.219532,0.004207,0.0,0.363606,0.0,0.011408,0.099114,0.0,0.0,0.517378,0.016408,0.0,0.0,0.003827,0.514059,0.0,0.026286,0.012112,0.005776,0.0,0.382454,0.0,0.351657,0.075934,0.0,0.0,0.0,0.016327,0.0,0.0,0.163498,0.090358,0.119282,0.0,0.557123,0.050205,0.01567,0.0,0.097728,0.0,0.408282,0.0,0.0,0.0,0.0,0.053727,0.023761,0.064977,0.197943,0.0,0.026652,0.0,0.327864,0.434265,0.476153,0.05179,0.15475,0.0,0.014474,0.0,0.528161,0.50833,0.063391,0.020864,0.0,0.104905,0.037711,0.0,0.308195,0.057313,0.450969,0.197614,0.0,0.089878,0.0,0.064189,0.023046,0.0,0.01239,0.448308,0.045399,0.445985,0.0,0.009686,0.080443,0.076907,0.066059,0.0,0.327071,0.0,0.369846,0.099718,0.0,0.496546,0.0,0.0,0.0,0.099497,0.0,0.504844,0.0,0.0,0.0,0.0,0.0,0.0,0.014829,0.681747,0.018661,0.272082,0.0,0.019371,0.0,0.017289,0.0,0.018755,0.0,0.0,0.0,0.0,0.554165,0.405282,0.43712,0.519107,0.007928,0.034485,0.170616,0.0,0.016706,0.0,0.970767,0.003588,0.0,0.0,0.371539,0.858793,0.0,0.0,0.0,0.0,0.344667,0.0,0.0,0.000936,0.0,0.705746,0.0,0.0,0.0,0.052408,0.0,0.1004,0.072759,0.0,0.0,0.083731,0.0,0.0,0.0,0.008968,0.328735,0.098551,0.0,0.002685,0.026259,0.078721,0.09075,0.0,0.56766,0.0,0.455509,0.0,0.154617,0.253286,0.048172,0.0,0.008729,0.009478,0.242842,0.0,0.015664,0.0,1.121565,0.0,0.0,0.010211,0.0,0.010538,0.0,0.024579,0.0,0.501713,0.0,0.193528,0.022191,0.0,0.060692,0.013974,0.374524,0.016628,0.0,0.0,0.249717,0.011044,0.0,0.013261,0.0,0.0,0.579435,0.512862,0.012023,0.01074,0.0,0.0,0.0,0.0,0.010621,0.014828,0.011796,0.013954,0.0,0.0,0.0,0.112729,0.0,0.0,0.012958,0.498319,0.0,0.480249,0.0,0.044195,0.502884,0.084689,0.0,0.0,0.0,0.0079,0.0,0.049847,0.467573,0.0,0.362638,0.473085,0.0,0.0,0.0,0.012077,0.455912,0.009136,0.010772,0.057868,0.0,0.0,0.110705,0.003631,0.0,0.472061,0.518144,0.0,0.224614,0.429398,0.277303,0.02564,0.004104,0.0,0.0,0.0,0.090354,0.010165,0.0,0.0,0.0,0.0,0.0,0.014454,0.007379,0.2976,0.0,0.238252,0.0,0.0,0.016375,0.023515,0.0,0.225436,0.0,0.447221,0.0,0.057003,0.0,0.0,0.181181,0.317287,0.017579,0.0,0.078665,0.0,0.0,0.0,0.0,0.016646,0.052093,0.044244,0.320863,0.0,0.00231,0.0,0.027214,0.0,0.590517,0.014376,0.017987,0.124546,0.0,0.0,0.0,0.0,0.0,0.016258,0.0,0.0,0.0,0.487574,0.0,0.45365,0.0,0.021066,0.0,0.026602,0.161043,0.018131,0.0,0.488956,0.01481,0.0,0.130412,0.748227,0.0,0.0,0.013838,0.469508,0.013851,0.24257,0.496427,0.083605,0.061032,0.011859,0.403605,0.0,0.0,0.0,0.43871,0.0,0.136221,0.02083,0.510634,0.0,0.0,0.278365,0.398354,0.326264,0.0,0.235603,0.181171,0.019679,0.0,0.008246,0.543183,0.38205,0.0,0.0,0.0,0.0,0.0,0.0,0.38828,0.0,0.18662,0.118727,0.0,0.0,0.0,0.0,0.0797,0.40509,0.0,0.0,0.077657,0.0,0.0,0.564578,0.396178,0.009661,0.316035,0.639447,0.0158,0.0,0.0,0.0,0.387845,0.0,0.486284,0.0,0.012473,0.0,0.360395,0.010865,0.019755,0.525608,0.015448,0.068708,0.422208,0.0,0.0009,0.491149,0.0,0.092909,0.0,0.0,0.0,0.0,0.0,0.422441,0.0,0.015437,0.0,0.0,0.270338,0.466273,0.020333,0.221531,0.0,0.015161,0.0,0.0,0.017046,0.409488,0.462112,0.0
TCGA-73-4677-01Z-00-DX1.b557785c-9ccc-42a7-bb54-7bb47638ddfc,0.394995,0.0,0.0,0.0,0.0,0.322762,0.093176,0.31787,0.051003,0.24388,0.282424,0.095552,0.0,0.0,0.0,0.335128,0.0,0.185013,0.0,0.193353,0.040158,0.144025,0.0,0.0,0.0,0.0,0.303968,0.0,0.237562,0.357289,0.0,0.0,0.289617,1.054387,0.0,0.040468,0.05453,0.0,0.0,0.223754,0.0,0.067467,0.0,0.299804,0.0,0.245343,0.0,0.0,0.0,0.050988,0.0,0.153483,0.0,0.603986,0.0,0.330459,0.254912,0.156289,0.157039,0.192864,0.0,0.069607,0.055869,0.21017,0.143471,0.153173,0.261321,0.0,0.23824,0.0,0.0,1e-06,0.073378,0.106228,0.0,0.228047,0.0,0.213989,0.112746,0.0,0.0,0.590014,0.252445,0.0,0.0,0.081493,0.067162,0.0,0.356223,0.20196,0.119177,0.0,0.181272,0.0,0.432236,0.141894,0.0,0.0,0.0,0.286285,0.0,0.0,0.174966,0.340318,0.136187,0.0,0.037609,0.308873,0.272249,0.0,0.180386,0.0,0.059978,0.0,0.0,0.0,0.0,0.202432,0.270384,0.107688,0.184965,0.0,0.166615,0.0,0.095746,0.031379,0.069824,0.198248,0.3469,0.0,0.242658,0.0,0.105176,0.060788,0.092173,0.321137,0.0,0.058636,0.203858,0.0,0.131969,0.243845,0.129094,0.154495,0.0,0.241104,0.0,0.091276,0.314891,0.0,0.228182,0.06169,0.175465,0.126975,0.0,0.173293,0.367753,0.060849,0.299005,0.0,0.350092,0.0,0.129803,0.312018,0.0,0.060927,0.0,0.0,0.0,0.253098,0.0,0.144728,0.0,0.0,0.0,0.0,0.0,0.0,0.242752,0.793634,0.291589,0.110747,0.0,0.283419,0.0,0.276003,0.0,0.291563,0.0,0.0,0.0,0.0,0.097761,0.190292,0.059689,0.077715,0.143408,0.194233,0.14401,0.0,0.284179,0.0,1.231338,0.076668,0.0,0.0,0.138817,1.035851,0.0,0.0,0.0,0.0,0.09312,0.0,0.0,0.016555,0.0,0.814069,0.0,0.0,0.0,0.29274,0.0,0.244167,0.285518,0.0,0.0,0.288445,0.0,0.0,0.0,0.192127,0.286481,0.169385,0.0,0.055236,0.343568,0.257697,0.315976,0.0,0.045808,0.0,0.038488,0.0,0.282234,0.149768,0.237001,0.0,0.166054,0.177229,0.249547,0.0,0.253313,0.0,1.308978,0.0,0.0,0.179596,0.0,0.203778,0.0,0.312055,0.0,0.105661,0.0,0.097073,0.33926,0.0,0.373105,0.221083,0.229349,0.285332,0.0,0.0,0.217231,0.139273,0.0,0.240847,0.0,0.0,0.076385,0.081041,0.197751,0.182623,0.0,0.0,0.0,0.0,0.19129,0.241249,0.205622,0.186362,0.0,0.0,0.0,0.246105,0.0,0.0,0.225147,0.077877,0.0,0.046648,0.0,0.187114,0.040436,0.188789,0.0,0.0,0.0,0.143267,0.0,0.130634,0.069831,0.0,0.214987,0.165652,0.0,0.0,0.0,0.200697,0.082328,0.183928,0.199182,0.273071,0.0,0.0,0.292513,0.086242,0.0,0.064789,0.061661,0.0,0.168191,0.046692,0.077149,0.37878,0.103459,0.0,0.0,0.0,0.29618,0.180168,0.0,0.0,0.0,0.0,0.0,0.241833,0.152867,0.162149,0.0,0.184268,0.0,0.0,0.272766,0.321295,0.0,0.155044,0.0,0.059023,0.0,0.19573,0.0,0.0,0.160093,0.069917,0.215169,0.0,0.231972,0.0,0.0,0.0,0.0,0.273056,0.362014,0.093454,0.120241,0.0,0.036965,0.0,0.27994,0.0,0.060164,0.241261,0.280011,0.09434,0.0,0.0,0.0,0.0,0.0,0.287832,0.0,0.0,0.0,0.052928,0.0,0.056088,0.0,0.292593,0.0,0.286513,0.155391,0.125737,0.0,0.088998,0.243488,0.0,0.182812,0.95443,0.0,0.0,0.233598,0.088873,0.249939,0.168089,0.065096,0.087875,0.321169,0.225052,0.049109,0.0,0.0,0.0,0.311007,0.0,0.378508,0.27311,0.052695,0.0,0.0,0.083322,0.26728,0.356858,0.0,0.272961,0.320335,0.217948,0.0,0.174589,0.114229,0.469983,0.0,0.0,0.0,0.0,0.0,0.0,0.058151,0.0,0.080057,0.100352,0.0,0.0,0.0,0.0,0.321957,0.024961,0.0,0.0,0.091705,0.0,0.0,0.06712,0.441383,0.179096,0.217806,0.784468,0.240488,0.0,0.0,0.0,0.524364,0.0,0.039771,0.0,0.132902,0.0,0.194389,0.188348,0.31679,0.133076,0.25033,0.301797,0.297042,0.0,0.010754,0.187107,0.0,0.213105,0.0,0.0,0.0,0.0,0.0,0.219842,0.0,0.273136,0.0,0.0,0.186085,0.067247,0.247597,0.104085,0.0,0.165771,0.0,0.0,0.28026,0.047656,0.116019,0.0
TCGA-38-A44F-01Z-00-DX1.B9958072-D8BB-40DD-B28E-2E83CE2B550B,0.323781,0.0,0.0,0.0,0.0,0.260532,0.185968,0.269626,0.119517,0.188941,0.219936,0.147109,0.0,0.0,0.0,0.252323,0.0,0.191212,0.0,0.143938,0.103099,0.202713,0.0,0.0,0.0,0.0,0.244122,0.0,0.244813,0.292,0.0,0.0,0.219395,1.146351,0.0,0.107362,0.123054,0.0,0.0,0.198672,0.0,0.141134,0.0,0.239912,0.0,0.285312,0.0,2e-06,0.0,0.121069,0.0,0.14726,0.0,0.652064,0.0,0.388234,0.195581,0.251876,0.106738,0.139706,0.0,0.152376,0.134291,0.183355,0.11086,0.207875,0.199976,0.0,0.288617,0.0,0.0,0.0,0.139348,0.073168,0.0,0.202942,0.0,0.15353,0.123883,0.0,0.0,0.662317,0.20406,0.0,0.0,0.055821,0.150869,0.0,0.295554,0.160047,0.089291,0.0,0.199307,0.0,0.484678,0.106099,0.0,0.0,0.0,0.241154,0.0,0.0,0.151121,0.272257,0.100406,0.0,0.106301,0.317915,0.208102,0.0,0.160196,0.0,0.133166,0.0,0.0,0.0,0.0,0.240629,0.209028,0.155657,0.228513,0.0,0.152721,0.0,0.136899,0.088684,0.135267,0.225744,0.28401,0.0,0.183563,0.0,0.193459,0.129208,0.141349,0.256615,0.0,0.049493,0.187854,0.0,0.202211,0.230751,0.190605,0.195261,0.0,0.188466,0.0,0.146847,0.241503,0.0,0.169946,0.139779,0.215528,0.188455,0.0,0.122222,0.329348,0.056346,0.24309,0.0,0.409032,0.0,0.193265,0.257327,0.0,0.141944,0.0,0.0,0.0,0.302814,0.0,0.21632,0.0,0.0,0.0,0.0,0.0,0.0,0.179334,0.875865,0.245091,0.151992,0.0,0.217477,0.0,0.217258,0.0,0.227053,0.0,0.0,0.0,0.0,0.185356,0.181478,0.133308,0.157897,0.101289,0.200069,0.183812,0.0,0.233259,0.0,1.320336,0.044113,0.0,0.0,0.191525,1.123519,0.0,0.0,0.0,0.0,0.144124,0.0,0.0,0.025764,0.0,0.884419,0.0,0.0,0.0,0.22966,0.0,0.207258,0.231203,0.0,0.0,0.364557,0.0,0.0,0.0,0.144752,0.260945,0.13296,0.0,0.036362,0.28315,0.212273,0.269052,0.0,0.115909,0.0,0.104458,0.0,0.241479,0.188078,0.263574,0.0,0.12027,0.13239,0.305681,0.0,0.192024,0.0,1.404318,0.0,0.0,0.1326,0.0,0.145599,0.0,0.267976,0.0,0.17956,0.0,0.117724,0.274796,0.0,0.304575,0.166382,0.21416,0.222909,0.0,0.0,0.254063,0.114381,0.0,0.169759,0.0,0.0,0.162403,0.169638,0.153787,0.121843,0.0,0.0,0.0,0.0,0.140852,0.187488,0.164451,0.144903,0.0,0.0,0.0,0.199267,0.0,0.0,0.172317,0.161779,0.0,0.124208,0.0,0.178835,0.108331,0.207707,0.0,0.0,0.0,0.111997,0.0,0.161546,0.152435,0.0,0.272393,0.233955,0.0,0.0,0.0,0.152986,0.159065,0.126389,0.149331,0.318632,0.0,0.0,0.246098,0.061459,0.0,0.145126,0.133306,0.0,0.216194,0.119195,0.125895,0.310171,0.068368,0.0,0.0,0.0,0.349684,0.138029,0.0,0.0,0.0,0.0,0.0,0.194883,0.110335,0.222475,0.0,0.177575,0.0,0.0,0.21437,0.260115,0.0,0.214033,0.0,0.130707,0.0,0.242536,0.0,0.0,0.212316,0.144164,0.156502,0.0,0.274653,0.0,0.0,0.0,0.0,0.220211,0.298238,0.128976,0.197792,0.0,0.03635,0.0,0.220628,0.0,0.139956,0.194576,0.225145,0.07792,0.0,0.0,0.0,0.0,0.0,0.225679,0.0,0.0,0.0,0.122614,0.0,0.124758,0.0,0.250912,0.0,0.222927,0.216115,0.159896,0.0,0.176526,0.197515,0.0,0.218986,1.025184,0.0,0.0,0.181008,0.162523,0.185982,0.2189,0.146541,0.141446,0.317324,0.178861,0.112121,0.0,0.0,0.0,0.27352,0.0,0.295626,0.216399,0.129152,0.0,0.0,0.12143,0.255781,0.421348,0.0,0.328347,0.259435,0.199036,0.0,0.128408,0.203036,0.545018,0.0,0.0,0.0,0.0,0.0,0.0,0.120793,0.0,0.070386,0.088916,0.0,0.0,0.0,0.0,0.342652,0.076073,0.0,0.0,0.121092,0.0,0.0,0.145711,0.505719,0.123541,0.189201,0.87111,0.183572,0.0,0.0,0.0,0.599134,0.0,0.103622,0.0,0.132796,0.0,0.241737,0.149925,0.246385,0.226723,0.204207,0.329336,0.271259,0.0,0.004205,0.25095,0.0,0.163088,0.0,0.0,0.0,0.0,0.0,0.228345,0.0,0.212696,8e-06,0.0,0.195187,0.14309,0.220792,0.164764,0.0,0.131192,0.0,0.0,0.211242,0.118413,0.199779,0.0
TCGA-97-A4M2-01Z-00-DX1.5C72522C-1538-4D68-B517-5FB05A9D401A,0.324473,0.0,0.0,0.0,0.0,0.221939,0.251663,0.245684,0.206576,0.192814,0.221852,0.065257,0.0,0.0,0.0,0.272835,0.0,0.130858,0.0,0.147119,0.139737,0.136088,0.0,0.0,0.0,0.0,0.226115,0.0,0.161511,0.262706,0.0,0.0,0.223843,1.043267,0.0,0.188512,0.196064,0.0,0.0,0.270542,0.0,0.208937,0.0,0.247702,0.0,0.162678,0.0,0.0,0.0,0.198023,0.0,0.13912,0.0,0.606866,0.0,0.295567,0.208132,0.292794,0.109871,0.149874,0.0,0.233729,0.195082,0.139389,0.039563,0.244993,0.231887,0.0,0.165697,0.0,0.0,0.0,0.107865,0.076873,0.0,0.344413,0.0,0.157594,0.036391,0.0,0.0,0.584266,0.19171,0.0,0.0,0.027728,0.211396,0.0,0.236613,0.147795,0.119326,0.0,0.245528,0.0,0.431867,0.09408,0.0,0.0,0.0,0.199943,0.0,0.0,0.169,0.269979,0.175371,0.0,0.213073,0.211043,0.189628,0.0,0.121972,0.0,0.176855,0.0,0.0,0.0,0.0,0.127579,0.200647,0.093285,0.218664,0.0,0.099383,0.0,0.203144,0.171402,0.197464,0.149988,0.29246,0.0,0.234075,0.0,0.22867,0.202463,0.049324,0.240218,0.0,0.109813,0.098262,0.0,0.207032,0.197404,0.257637,0.184049,0.0,0.181718,0.0,0.037177,0.261371,0.0,0.182284,0.184958,0.129107,0.231967,0.0,0.141465,0.237897,0.038932,0.217989,0.0,0.358346,0.0,0.196547,0.240932,0.0,0.200484,0.0,0.0,0.0,0.191116,0.0,0.269352,0.0,0.0,0.0,0.0,0.0,0.0,0.182022,0.765382,0.179822,0.143783,1e-06,0.216915,0.0,0.210417,0.0,0.1966,0.0,0.0,0.0,0.0,0.243728,0.310041,0.180059,0.20941,0.090801,0.175174,0.183315,0.0,0.21108,0.0,1.151636,0.031284,0.0,0.0,0.256696,0.974948,0.0,0.0,0.0,0.0,0.178549,0.0,0.0,0.001382,0.0,0.788845,0.0,0.0,0.0,0.217226,0.0,0.19408,0.192394,0.0,0.0,0.181283,0.0,0.0,0.0,0.135727,0.296942,0.127416,0.0,0.006701,0.25059,0.181168,0.224703,0.0,0.213387,0.0,0.181091,0.0,0.253033,0.233809,0.166784,0.0,0.116193,0.136125,0.260383,0.0,0.189335,0.0,1.258341,0.0,0.0,0.183101,0.0,0.215688,0.0,0.215414,0.0,0.228973,0.0,0.141004,0.261132,0.0,0.276066,0.161455,0.31712,0.232678,0.0,5e-06,0.29545,0.122145,0.0,0.187463,0.0,0.0,0.239423,0.228827,0.130752,0.15536,0.0,0.0,0.0,0.0,0.129274,0.172791,0.13482,0.159971,0.0,0.0,0.0,0.192865,0.0,0.0,0.143709,0.208747,0.0,0.19341,0.0,0.143452,0.193069,0.160144,0.0,0.0,0.0,0.082142,0.0,0.119389,0.202337,0.0,0.292755,0.249903,0.0,0.0,0.0,0.165415,0.193362,0.143258,0.16577,0.190614,0.0,0.0,0.228611,0.031469,0.0,0.200995,0.202862,0.0,0.23126,0.169973,0.147115,0.299816,0.063047,0.0,0.0,0.0,0.225807,0.155892,0.0,0.0,0.0,0.0,0.0,0.164804,0.131162,0.224362,0.0,0.252124,0.0,0.0,0.214008,0.243753,0.0,0.172321,0.0,0.182265,0.0,0.124078,0.0,0.0,0.158128,0.151883,0.188328,0.0,0.191407,0.0,0.0,0.0,0.0,0.198777,0.268618,0.077265,0.162179,0.0,0.000675,0.0,0.222463,0.0,0.234335,0.16046,0.20883,0.079424,0.0,0.0,0.0,0.0,0.0,0.210555,0.0,0.0,0.0,0.190967,0.0,0.190176,0.0,0.181401,0.0,0.237034,0.154662,0.036931,0.0,0.224622,0.178548,0.0,0.109287,0.900269,0.0,0.0,0.166671,0.203818,0.178878,0.228153,0.19871,0.074146,0.154517,0.147958,0.166716,0.0,0.0,0.0,0.36422,0.0,0.323573,0.200728,0.204367,0.0,0.0,0.173709,0.365255,0.348707,0.0,0.281655,0.283911,0.182246,0.0,0.145273,0.243263,0.468982,0.0,0.0,0.0,0.0,0.0,0.0,0.1698,0.0,0.104562,0.066036,0.0,0.0,0.0,0.0,0.247066,0.161409,0.0,0.0,0.039247,0.0,0.0,0.22925,0.461097,0.145723,0.388003,0.753731,0.193802,0.0,0.0,0.0,0.488242,0.0,0.194578,0.0,0.082811,0.0,0.268479,0.12968,0.234999,0.261982,0.189716,0.244112,0.352565,0.0,0.023701,0.283383,0.0,0.171748,0.0,0.0,0.0,0.0,0.0,0.289003,0.0,0.209764,0.0,0.0,0.219233,0.201578,0.167275,0.120828,0.0,0.167664,5e-06,0.0,0.21517,0.170033,0.226101,0.0
TCGA-05-4420-01Z-00-DX1.2df0552e-87dc-491e-9be2-be8fbce2660d,0.144541,0.0,0.0,0.0,0.0,0.108296,0.467732,0.131786,0.416243,0.063575,0.083079,0.160943,0.0,0.0,0.0,0.114255,0.0,0.086909,0.0,0.060224,0.304724,0.158793,0.0,0.0,0.0,0.0,0.100674,0.0,0.11281,0.125931,0.0,0.0,0.084963,1.001139,0.0,0.374971,0.40598,3.1e-05,0.0,0.260776,0.0,0.420693,0.0,0.087637,0.0,0.142743,0.0,0.0,0.0,0.411551,0.0,0.057196,0.0,0.532056,0.0,0.297086,0.062062,0.493814,0.047308,0.044856,0.0,0.461461,0.392617,0.091296,0.064412,0.298005,0.066184,0.0,0.147136,0.0,0.0,0.0,0.200053,0.026884,0.0,0.259253,0.0,0.060007,0.090404,0.0,0.0,0.57945,0.082239,0.0,0.0,0.031364,0.408736,0.0,0.126686,0.060636,0.019363,0.0,0.34144,0.0,0.420941,0.048778,0.0,0.0,0.0,0.089345,0.0,0.0,0.150732,0.112471,0.071787,0.0,0.42304,0.152305,0.093803,0.0,0.094815,0.0,0.358556,0.0,0.0,0.0,0.0,0.137026,0.079497,0.125338,0.224433,0.0,0.065616,0.0,0.289522,0.339995,0.396851,0.097115,0.129086,0.0,0.057142,0.0,0.445559,0.418678,0.084702,0.097036,0.0,0.077334,0.092924,0.0,0.298648,0.09127,0.40057,0.205366,0.0,0.079327,0.0,0.118319,0.090312,0.0,0.057908,0.375422,0.111576,0.393004,0.0,0.042085,0.144277,0.04039,0.104009,0.0,0.340577,0.0,0.335978,0.133951,0.0,0.395005,0.0,0.0,0.0,0.165514,0.0,0.447517,0.0,0.0,0.0,0.0,0.0,0.0,0.076719,0.739391,0.104589,0.249792,0.0,0.089012,0.0,0.075502,0.0,0.084998,0.0,0.0,0.0,0.0,0.478246,0.2711,0.395494,0.407574,0.048865,0.070749,0.193706,0.0,0.08232,0.0,1.076811,0.022147,0.0,0.0,0.338789,0.957578,0.0,0.0,0.0,0.0,0.301472,0.0,0.0,0.003325,0.0,0.761522,0.0,0.0,0.0,0.087847,0.0,0.081498,0.093985,0.0,0.0,0.212654,0.0,0.0,0.0,0.054879,0.277079,0.067038,0.0,0.020629,0.109209,0.08434,0.115437,0.0,0.423006,0.0,0.378953,0.0,0.115314,0.217764,0.124629,0.0,0.044328,0.04324,0.279674,0.0,0.069187,0.0,1.199358,0.0,0.0,0.026419,0.0,0.025712,0.0,0.112687,0.0,0.419253,0.0,0.185557,0.101311,0.0,0.119362,0.059006,0.245325,0.081787,0.0,0.0,0.25626,0.030829,0.0,0.064265,0.0,0.0,0.471818,0.450606,0.054094,0.046864,0.0,0.0,0.0,0.0,0.05392,0.061463,0.05785,0.041826,0.0,0.0,0.0,0.104507,0.0,0.0,0.070801,0.406638,0.0,0.379999,0.0,0.061271,0.379158,0.110036,0.0,0.0,0.0,0.046965,0.0,0.058356,0.398635,0.0,0.364757,0.410278,0.0,0.0,0.0,0.045139,0.375518,0.041439,0.047642,0.152608,0.0,0.0,0.123466,0.033847,0.0,0.39509,0.395737,0.0,0.233503,0.338748,0.255078,0.114567,0.025102,0.0,0.0,0.0,0.20441,0.037388,0.0,0.0,0.0,0.0,0.0,0.07207,0.036296,0.306788,0.0,0.189345,0.0,0.0,0.075373,0.094915,0.0,0.262343,0.0,0.353203,0.0,0.139745,0.0,0.0,0.196693,0.28006,0.059388,0.0,0.141272,0.0,0.0,0.0,0.0,0.078576,0.126916,0.051622,0.321334,0.0,0.02472,0.0,0.077989,0.0,0.461127,0.08077,0.080102,0.108688,0.0,0.0,0.0,0.0,0.0,0.092088,0.0,0.0,0.0,0.388443,0.0,0.376667,0.0,0.117264,0.0,0.081754,0.188138,0.081366,0.0,0.433398,0.075805,0.0,0.191559,0.832822,0.0,0.0,0.069919,0.414267,0.065923,0.253318,0.392247,0.130478,0.165385,0.066244,0.32262,0.0,0.0,0.0,0.343955,0.0,0.126749,0.082957,0.383527,0.0,0.0,0.235818,0.310249,0.386299,0.0,0.270741,0.195507,0.064449,0.0,0.040406,0.458163,0.43511,0.0,0.0,0.0,0.0,0.0,0.0,0.329393,0.0,0.185439,0.090149,0.0,0.0,0.0,0.0,0.157181,0.329456,0.0,0.0,0.104493,0.0,0.0,0.45501,0.453005,0.043239,0.235181,0.7367,0.058102,0.0,0.0,0.0,0.439815,0.0,0.382206,0.0,0.05305,0.0,0.353808,0.054811,0.104967,0.473822,0.078626,0.158008,0.348141,0.0,0.000769,0.45545,0.0,0.079376,0.0,0.0,0.0,0.0,0.0,0.349528,0.0,0.088269,0.0,0.0,0.259238,0.406048,0.094604,0.216938,0.0,0.023523,2e-06,0.0,0.086243,0.345108,0.418228,0.0
TCGA-49-4490-01Z-00-DX5.feea87ff-61c6-465e-8b36-4803f6af3d62,0.278737,0.0,0.0,0.0,0.0,0.20338,0.279325,0.226221,0.23292,0.144301,0.165569,0.173637,0.0,0.0,0.0,0.2407,0.0,0.139745,0.0,0.14255,0.166111,0.1668,0.0,0.0,0.0,0.0,0.181824,0.0,0.167444,0.252495,0.0,0.0,0.179189,1.078218,0.0,0.211096,0.228178,0.0,0.0,0.298631,4e-06,0.250623,0.0,0.178661,0.0,0.210803,0.0,0.0,0.0,0.23316,0.0,0.09574,0.0,0.59636,0.0,0.343377,0.145388,0.332382,0.103823,0.108369,0.0,0.266063,0.227009,0.16608,0.112749,0.239855,0.134625,0.0,0.20934,0.0,0.0,0.0,0.17177,0.061052,0.0,0.262957,0.0,0.126933,0.13345,0.0,0.0,0.620063,0.1506,0.0,0.0,0.046289,0.24766,0.0,0.231375,0.108851,0.048153,0.0,0.271124,0.0,0.440493,0.109243,0.0,0.0,0.0,0.173953,0.0,0.0,0.183597,0.226678,0.075236,0.0,0.232557,0.233625,0.168993,0.0,0.168332,0.0,0.211366,0.0,0.0,0.0,0.0,0.186404,0.177161,0.122935,0.198499,0.0,0.101883,0.0,0.17781,0.176298,0.237804,0.152844,0.258638,0.0,0.134307,0.0,0.287781,0.23583,0.106769,0.200568,0.0,0.056476,0.155499,0.0,0.229188,0.155884,0.255436,0.183437,0.0,0.168031,0.0,0.132263,0.188886,0.0,0.122997,0.221525,0.164291,0.265794,0.0,0.097113,0.263256,0.074517,0.199673,0.0,0.378274,0.0,0.228882,0.234025,0.0,0.240678,0.0,0.0,0.0,0.232409,0.0,0.292837,0.0,0.0,0.0,0.0,0.0,0.0,0.159404,0.815541,0.181555,0.187716,0.0,0.17531,0.0,0.165087,0.0,0.176595,0.0,0.0,0.0,0.0,0.288909,0.246768,0.224263,0.262376,0.081801,0.135765,0.168329,0.0,0.170196,0.0,1.21948,0.036097,0.0,0.0,0.23337,1.050842,0.0,0.0,0.0,0.0,0.200221,0.0,0.0,0.013668,0.0,0.83457,0.0,0.0,0.0,0.18617,0.0,0.176236,0.196651,0.0,0.0,0.289702,0.0,0.0,0.0,0.101092,0.279663,0.127478,0.0,0.039717,0.215347,0.177913,0.213955,0.0,0.241561,0.0,0.208939,0.0,0.222846,0.18939,0.194759,0.0,0.094551,0.099255,0.272917,0.0,0.141059,0.0,1.318664,0.0,0.0,0.07497,0.0,0.081594,0.0,0.198674,0.0,0.262491,0.0,0.123992,0.209616,0.0,0.250749,0.13508,0.246943,0.16829,0.0,0.0,0.233532,0.082066,0.0,0.144738,0.0,0.0,0.283872,0.273321,0.117942,0.101868,0.0,0.0,0.0,0.0,0.110696,0.136664,0.125198,0.092853,0.0,0.0,0.0,0.185973,0.0,0.0,0.119736,0.256997,0.0,0.23133,0.0,0.119686,0.208272,0.16111,0.0,0.0,0.0,0.075135,0.0,0.102345,0.243723,0.0,0.296317,0.301416,0.0,0.0,0.0,0.101974,0.252136,0.101289,0.113579,0.225856,0.0,0.0,0.219828,0.052155,0.0,0.237402,0.244904,0.0,0.20223,0.196632,0.158433,0.236589,0.059059,0.0,0.0,0.0,0.278843,0.075308,0.0,0.0,0.0,0.0,0.0,0.14538,0.09147,0.2372,0.0,0.148258,0.0,0.0,0.160948,0.209056,0.0,0.215824,0.0,0.212432,0.0,0.181929,0.0,0.0,0.213722,0.192479,0.123983,0.0,0.209038,0.0,0.0,0.0,0.0,0.165371,0.242809,0.092341,0.232689,0.0,0.02768,0.0,0.181492,0.0,0.279161,0.147705,0.168653,0.118369,0.0,0.0,0.0,0.0,0.0,0.177177,0.0,0.0,0.0,0.237945,0.0,0.216467,0.0,0.188193,0.0,0.173617,0.184269,0.105008,0.0,0.265117,0.146265,0.0,0.21071,0.942642,0.0,0.0,0.148515,0.250784,0.144042,0.207511,0.241684,0.121961,0.247068,0.129114,0.194048,0.0,0.0,0.0,0.33385,0.0,0.255375,0.173184,0.233351,0.0,0.0,0.15351,0.313071,0.391277,0.0,0.296565,0.267429,0.123945,0.0,0.094374,0.304951,0.484681,0.0,0.0,0.0,0.0,0.0,0.0,0.19408,0.0,0.121332,0.117855,0.0,0.0,0.0,0.0,0.2483,0.157522,0.0,0.0,0.112566,0.0,0.0,0.275381,0.470887,0.106761,0.185946,0.798106,0.146011,0.0,0.0,0.0,0.537297,0.0,0.212083,0.0,0.078997,0.0,0.2809,0.114017,0.201015,0.293631,0.153159,0.236961,0.3224,0.0,0.006841,0.316202,0.0,0.157683,0.0,0.0,0.0,0.0,0.0,0.303294,0.0,0.154294,0.0,0.0,0.229962,0.239972,0.163869,0.187921,0.0,0.073076,0.0,0.0,0.17291,0.204074,0.264522,0.0
TCGA-49-4490-01Z-00-DX4.4e94aeb6-f616-4bdd-82bc-2ca2f2b5a5c4,0.24714,0.0,0.0,0.0,0.0,0.177841,0.316692,0.206424,0.26344,0.117997,0.14151,0.176628,0.0,0.0,0.0,0.195718,0.0,0.146424,0.0,0.116577,0.194338,0.196817,0.0,0.0,0.0,0.0,0.156691,0.0,0.178154,0.222238,0.0,0.0,0.155363,1.108821,0.0,0.243228,0.260237,0.0,0.0,0.290684,6e-06,0.285134,0.0,0.152467,0.0,0.231735,0.0,1e-06,0.0,0.266368,0.0,0.106837,0.0,0.616481,0.0,0.369058,0.123414,0.371607,0.083038,0.094698,0.0,0.305493,0.25938,0.14639,0.090965,0.269361,0.116278,0.0,0.229375,0.0,0.0,0.0,0.202658,0.053468,0.0,0.270761,0.0,0.101069,0.123891,0.0,0.0,0.645859,0.125246,0.0,0.0,0.038701,0.281117,0.0,0.206558,0.096735,0.04048,0.0,0.275601,0.0,0.469794,0.090645,0.0,0.0,0.0,0.154657,0.0,0.0,0.175573,0.190499,0.069534,0.0,0.264718,0.233778,0.133969,0.0,0.154811,0.0,0.246312,0.0,0.0,0.0,0.0,0.205833,0.15605,0.142619,0.225139,0.0,0.103044,0.0,0.19447,0.197803,0.271929,0.16692,0.225284,0.0,0.114566,0.0,0.330234,0.274439,0.13434,0.180933,0.0,0.056947,0.134567,0.0,0.260815,0.1561,0.285923,0.205135,0.0,0.140473,0.0,0.16686,0.15893,0.0,0.102185,0.254113,0.179894,0.29822,0.0,0.079467,0.228441,0.068745,0.169006,0.0,0.400184,0.0,0.249909,0.20901,0.0,0.277935,0.0,0.0,0.0,0.26348,0.0,0.32765,0.0,0.0,0.0,0.0,0.0,0.0,0.135722,0.839842,0.15647,0.198943,0.0,0.143325,0.0,0.143414,0.0,0.148701,0.0,0.0,0.0,0.0,0.331511,0.258542,0.26273,0.300542,0.059696,0.149274,0.196411,0.0,0.154717,0.0,1.249959,0.02128,0.0,0.0,0.259865,1.08442,0.0,0.0,0.0,0.0,0.219519,0.0,0.0,0.024625,0.0,0.86473,0.0,0.0,0.0,0.15712,0.0,0.15131,0.16973,0.0,0.0,0.321522,0.0,0.0,0.0,0.080902,0.271031,0.105474,0.0,0.02879,0.190319,0.154502,0.188973,0.0,0.275037,0.0,0.239044,0.0,0.20043,0.212135,0.205385,0.0,0.072397,0.089022,0.297251,0.0,0.114702,0.0,1.3473,0.0,0.0,0.066163,0.0,0.067791,0.0,0.175896,0.0,0.296251,0.0,0.138276,0.180162,0.0,0.213434,0.114352,0.258189,0.147263,0.0,0.0,0.253704,0.082956,0.0,0.117279,0.0,0.0,0.323302,0.312704,0.106653,0.08175,0.0,0.0,0.0,0.0,0.09403,0.114757,0.108815,0.08924,0.0,0.0,0.0,0.161141,0.0,0.0,0.100162,0.295368,0.0,0.264893,0.0,0.127602,0.237456,0.168621,0.0,0.0,0.0,0.062827,0.0,0.124696,0.279949,0.0,0.329751,0.321801,0.0,0.0,0.0,0.088666,0.288259,0.086507,0.100599,0.246542,0.0,0.0,0.198345,0.040851,0.0,0.270211,0.280345,0.0,0.223707,0.23153,0.179136,0.208399,0.05004,0.0,0.0,0.0,0.298595,0.064612,0.0,0.0,0.0,0.0,0.0,0.122539,0.078387,0.260606,0.0,0.155769,0.0,0.0,0.134597,0.187508,0.0,0.247512,0.0,0.245161,0.0,0.203182,0.0,0.0,0.234117,0.224196,0.104591,0.0,0.230662,0.0,0.0,0.0,0.0,0.14672,0.21083,0.115389,0.268882,0.0,0.016453,0.0,0.157193,0.0,0.318888,0.128088,0.146526,0.106728,0.0,0.0,0.0,0.0,0.0,0.151028,0.0,0.0,0.0,0.271145,0.0,0.249012,0.0,0.172773,0.0,0.153574,0.208672,0.113781,0.0,0.303911,0.121708,0.0,0.206029,0.970542,0.0,0.0,0.122263,0.288298,0.122432,0.232275,0.282185,0.142088,0.230804,0.110942,0.223403,0.0,0.0,0.0,0.320558,0.0,0.212885,0.161999,0.2674,0.0,0.0,0.175364,0.322324,0.420054,0.0,0.321351,0.241857,0.134655,0.0,0.077778,0.34366,0.511615,0.0,0.0,0.0,0.0,0.0,0.0,0.223442,0.0,0.116756,0.110028,0.0,0.0,0.0,0.0,0.264133,0.176846,0.0,0.0,0.108961,0.0,0.0,0.313234,0.498773,0.090188,0.181196,0.827774,0.12419,0.0,0.0,0.0,0.562607,0.0,0.245368,0.0,0.084175,0.0,0.302099,0.095883,0.168887,0.329873,0.126536,0.251681,0.309234,0.0,0.009543,0.33785,0.0,0.132545,0.0,0.0,0.0,0.0,0.0,0.302146,0.0,0.128559,0.0,0.0,0.232501,0.272602,0.150459,0.219117,0.0,0.076887,0.0,0.0,0.145368,0.239451,0.304742,0.0
TCGA-86-A4P7-01Z-00-DX1.37026DCF-5A81-4098-B444-C8A40CA168D0,0.223043,0.0,0.0,0.0,0.0,0.140609,0.409226,0.174049,0.352639,0.101655,0.117497,0.136726,0.0,0.0,0.0,0.182278,0.0,0.097178,0.0,0.117803,0.241955,0.135382,0.0,0.0,0.0,0.0,0.127253,0.0,0.117113,0.181401,0.0,0.0,0.120555,1.009097,0.0,0.324756,0.334803,6e-06,0.0,0.298577,0.0,0.355058,0.0,0.131421,0.0,0.127829,0.000117,0.0,0.0,0.348768,0.0,0.078015,0.0,0.553338,0.0,0.275934,0.107361,0.427302,0.068632,0.081928,0.0,0.402185,0.332784,0.117875,0.063148,0.280867,0.112154,0.0,0.149469,0.0,0.0,0.0,0.175091,0.05104,0.0,0.295052,0.0,0.093335,0.093932,0.0,0.0,0.571925,0.114803,0.0,0.0,0.036853,0.360576,0.0,0.153446,0.085494,0.052836,0.0,0.305188,0.0,0.402103,0.091159,0.0,0.0,0.0,0.128097,0.0,0.0,0.167437,0.170367,0.103997,0.0,0.36143,0.158916,0.118919,0.0,0.129645,0.0,0.3022,0.0,0.0,0.0,0.0,0.121666,0.124892,0.105165,0.210398,0.0,0.069973,0.0,0.25275,0.290942,0.33144,0.106075,0.211794,0.0,0.103711,0.0,0.389616,0.349874,0.067299,0.138682,0.0,0.079363,0.107644,0.0,0.260368,0.1104,0.345555,0.193372,0.0,0.129036,0.0,0.067807,0.134901,0.0,0.092499,0.322904,0.111184,0.335961,0.0,0.074604,0.174975,0.070294,0.14748,0.0,0.357833,0.0,0.287851,0.172552,0.0,0.342388,0.0,0.0,0.0,0.169029,0.0,0.39232,0.0,0.0,0.0,0.0,0.0,0.0,0.107064,0.750683,0.127099,0.214499,6e-06,0.128135,0.0,0.116702,0.0,0.127895,0.0,0.0,0.0,0.0,0.408038,0.290406,0.313769,0.35999,0.060491,0.096815,0.1684,0.0,0.122749,0.0,1.1009,0.028762,0.0,0.0,0.311687,0.950812,0.0,0.0,0.0,0.0,0.254578,0.0,0.0,0.010405,0.0,0.770896,0.0,0.0,0.0,0.129231,3.4e-05,0.142296,0.141544,0.0,0.0,0.18416,0.0,0.0,0.0,0.083709,0.302647,0.114075,0.0,0.026791,0.149344,0.129404,0.163704,0.0,0.369398,0.0,0.314563,0.0,0.181411,0.222146,0.121066,0.0,0.074012,0.076407,0.256619,0.0,0.106514,0.0,1.223231,0.0,0.0,0.070139,0.0,0.080649,0.0,0.141783,0.0,0.364257,0.0,0.15763,0.145566,0.0,0.17062,0.098186,0.272804,0.123342,0.0,0.0,0.256398,0.067022,0.0,0.098345,0.0,0.0,0.409294,0.383692,0.087315,0.078381,0.0,0.0,0.0,0.0,0.086024,0.105034,0.093225,0.071426,0.0,0.0,0.0,0.144238,0.0,0.0,0.094411,0.352512,0.0,0.336687,0.0,0.090537,0.325625,0.120517,0.0,0.0,0.0,0.05999,0.0,0.079183,0.337602,0.0,0.326779,0.367849,0.0,0.0,0.0,0.082017,0.327154,0.075049,0.087159,0.164352,0.0,0.0,0.171987,0.040809,0.0,0.33976,0.346995,0.0,0.220779,0.297401,0.21282,0.171514,0.049176,0.0,0.0,0.0,0.189346,0.073435,0.0,0.0,0.0,0.0,0.0,0.105179,0.067867,0.266425,0.0,0.198317,0.0,0.0,0.116,0.142363,0.0,0.210893,0.0,0.308652,0.0,0.1162,0.0,0.0,0.180167,0.245099,0.094281,0.0,0.149882,0.0,0.0,0.0,0.0,0.120311,0.163718,0.061312,0.258829,0.0,0.020312,0.0,0.125869,0.0,0.401677,0.104104,0.126361,0.118489,1e-06,0.0,0.0,0.0,0.0,0.124277,0.0,0.0,0.0,0.333283,0.0,0.324519,0.0,0.132591,0.0,0.129774,0.155824,0.068969,0.0,0.36534,0.112669,0.0,0.167043,0.838887,0.0,0.0,0.109354,0.348229,0.102488,0.241935,0.344506,0.105892,0.166713,0.099127,0.280479,0.0,0.0,0.0,0.376347,0.0,0.216651,0.123502,0.349317,0.0,0.0,0.19987,0.337896,0.354582,0.0,0.270834,0.227528,0.097367,0.0,0.078619,0.400667,0.438078,0.0,0.0,0.0,0.0,0.0,0.0,0.279194,0.0,0.159983,0.102255,0.0,0.0,0.0,0.0,0.173203,0.271276,0.0,0.0,0.095664,0.0,0.0,0.391434,0.441572,0.083586,0.286409,0.719146,0.104843,0.0,0.0,0.0,0.464176,0.0,0.333113,0.0,0.061064,0.0,0.316872,0.09027,0.142746,0.409415,0.111905,0.16832,0.369816,0.0,0.003609,0.404235,0.0,0.125707,0.0,0.0,0.0,0.0,0.0,0.338713,0.0,0.120728,0.0,0.0,0.253121,0.343624,0.11436,0.181441,0.0,0.064428,0.0,0.0,0.117992,0.296756,0.360685,0.0
TCGA-L9-A50W-01Z-00-DX1.21FAAB58-58EF-4A6A-8F0A-16D9AB9B1056,0.300543,0.0,0.0,0.0,0.0,0.246613,0.231783,0.240493,0.18462,0.169063,0.199945,0.174097,0.0,0.0,0.0,0.261784,0.0,0.153308,0.0,0.143409,0.130948,0.174934,0.0,0.0,0.0,0.0,0.22421,0.0,0.184125,0.279426,0.0,0.0,0.204645,1.115281,0.0,0.152045,0.166648,0.0,0.0,0.243058,0.0,0.182457,0.0,0.213803,0.0,0.236131,0.0,0.0,0.0,0.166204,0.0,0.081531,0.0,0.623343,0.0,0.373622,0.170268,0.290122,0.110574,0.115537,0.0,0.192256,0.177268,0.177806,0.113155,0.210708,0.167198,0.0,0.24324,0.0,0.0,0.0,0.136787,0.06206,0.0,0.2111,0.0,0.14905,0.127615,0.0,0.0,0.642312,0.184084,0.0,0.0,0.04416,0.184684,0.0,0.265936,0.13533,0.053566,0.0,0.238674,0.0,0.449095,0.104158,0.0,0.0,0.0,0.201832,0.0,0.0,0.154342,0.263957,0.085257,0.0,0.162618,0.289195,0.214342,0.0,0.153829,0.0,0.162866,0.0,0.0,0.0,0.0,0.210276,0.186004,0.138436,0.200016,0.0,0.112679,0.0,0.162336,0.121621,0.179694,0.174669,0.282163,0.0,0.15131,0.0,0.234079,0.172776,0.087772,0.227473,0.0,0.050473,0.174279,0.0,0.209208,0.18092,0.231464,0.18939,0.0,0.179967,0.0,0.106179,0.22928,0.0,0.150857,0.173354,0.188437,0.207604,0.0,0.11586,0.309884,0.060224,0.231751,0.0,0.391974,0.0,0.22255,0.237615,0.0,0.183266,0.0,0.0,0.0,0.252238,0.0,0.259784,0.0,0.0,0.0,0.0,0.0,0.0,0.162798,0.843715,0.232382,0.184933,4e-06,0.21009,0.0,0.196996,1e-06,0.212751,0.0,0.0,0.0,0.0,0.229317,0.196174,0.167966,0.195731,0.106952,0.140531,0.169622,0.0,0.205185,0.0,1.260706,0.032964,0.0,0.0,0.209424,1.076719,0.0,0.0,0.0,0.0,0.180293,0.0,0.0,0.001323,0.0,0.843154,0.0,0.0,0.0,0.217823,0.0,0.198132,0.216301,0.0,0.0,0.312394,0.0,0.0,0.0,0.127812,0.267758,0.128444,0.0,0.03414,0.258367,0.182365,0.246355,0.0,0.161576,0.0,0.144967,0.0,0.228616,0.179469,0.214151,0.0,0.105307,0.10411,0.278165,0.0,0.173744,0.0,1.362085,0.0,0.0,0.089908,0.0,0.106763,0.0,0.238823,0.0,0.205016,0.0,0.11916,0.258174,0.0,0.287042,0.148455,0.19979,0.203386,0.0,1e-06,0.240706,0.073473,0.0,0.162619,0.0,0.0,0.213915,0.214962,0.132291,0.112406,0.0,0.0,0.0,0.0,0.124984,0.155251,0.139583,0.111138,0.0,0.0,0.0,0.196648,0.0,0.0,0.140341,0.19693,0.0,0.160412,0.0,0.122304,0.151253,0.165918,0.0,0.0,0.0,0.090271,0.0,0.105454,0.188162,0.0,0.268808,0.273014,0.0,0.0,0.0,0.117443,0.195366,0.113446,0.123525,0.265548,0.0,0.0,0.231243,0.04487,0.0,0.190625,0.174725,0.0,0.202985,0.138089,0.149616,0.286802,0.054586,0.0,0.0,0.0,0.306546,0.09936,0.0,0.0,0.0,0.0,0.0,0.164234,0.091558,0.23309,0.0,0.168002,0.0,0.0,0.1873,0.237719,0.0,0.197286,0.0,0.158577,0.0,0.214818,0.0,0.0,0.208289,0.157935,0.13676,0.0,0.221687,0.0,0.0,0.0,0.0,0.187525,0.275662,0.074734,0.208096,0.0,0.028238,0.0,0.196267,0.0,0.186828,0.169502,0.196852,0.096862,0.0,0.0,0.0,0.0,0.0,0.214507,0.0,0.0,0.0,0.148935,0.0,0.161709,0.0,0.228887,0.0,0.198151,0.188813,0.115797,0.0,0.217002,0.183095,0.0,0.241198,0.976655,0.0,0.0,0.168334,0.189446,0.166366,0.211004,0.183522,0.12677,0.29549,0.157387,0.150302,0.0,0.0,0.0,0.293325,0.0,0.294002,0.180105,0.16616,0.0,0.0,0.121147,0.254698,0.410211,0.0,0.30135,0.260748,0.138594,0.0,0.105254,0.24604,0.503057,0.0,0.0,0.0,0.0,0.0,0.0,0.142283,0.0,0.100477,0.085034,0.0,0.0,0.0,0.0,0.277924,0.111818,0.0,0.0,0.109776,0.0,0.0,0.191276,0.485643,0.109461,0.199071,0.83473,0.15893,0.0,0.0,0.0,0.552093,0.0,0.147442,0.0,0.085204,0.0,0.26653,0.126898,0.247051,0.267323,0.19074,0.269296,0.311444,0.0,0.00102,0.287168,0.0,0.16102,0.0,0.0,0.0,0.0,0.0,0.263375,0.0,0.190865,1e-06,0.0,0.206853,0.181036,0.184823,0.16445,0.0,0.074625,5e-06,0.0,0.200144,0.144739,0.219153,0.0
TCGA-60-2715-01Z-00-DX1.22710dc4-eaf5-44c2-8438-c6dcfae1d452,0.435972,0.0,0.0,0.0,0.0,0.341862,0.057625,0.374244,0.008384,0.296149,0.32043,0.098873,0.0,0.0,0.0,0.38476,0.0,0.155235,0.0,0.245533,0.006061,0.057089,0.0,0.0,0.0,0.0,0.370868,0.0,0.188648,0.39164,0.0,0.0,0.311265,0.922773,0.0,0.007486,0.012154,0.0,0.0,0.218799,0.0,0.014065,0.0,0.343235,0.0,0.17418,0.0,0.0,0.0,0.012824,0.0,0.126761,0.0,0.500222,0.0,0.218386,0.300987,0.072629,0.197118,0.23601,0.0,0.023042,0.017408,0.234491,0.170841,0.097427,0.304472,0.0,0.154654,0.0,0.0,0.0,0.017081,0.15028,0.0,0.228178,0.0,0.26864,0.133535,0.0,0.0,0.479425,0.299658,0.0,0.0,0.121309,0.021442,0.0,0.387175,0.226789,0.181848,0.0,0.169416,0.0,0.329163,0.186477,0.0,0.0,0.0,0.334128,0.0,0.0,0.209579,0.383705,0.192751,0.0,0.011973,0.250763,0.318932,0.0,0.199569,0.0,0.014214,0.0,0.0,0.0,0.0,0.129537,0.330728,0.035257,0.108036,0.0,0.169842,0.0,0.065481,0.009067,0.013804,0.145714,0.417333,0.0,0.289243,0.0,0.040203,0.017654,0.040699,0.35645,0.0,0.06709,0.211826,0.0,0.066485,0.253661,0.080997,0.084054,0.0,0.292247,0.0,0.018359,0.352356,0.0,0.268657,0.013692,0.076908,0.048178,0.0,0.200166,0.421725,0.091485,0.32475,0.0,0.243549,0.0,0.12116,0.351419,0.0,0.019472,0.0,0.0,0.0,0.158074,0.0,0.091348,0.0,0.0,0.0,0.0,0.0,0.0,0.281743,0.673978,0.327915,0.100107,0.0,0.326113,0.0,0.319858,0.0,0.332293,0.0,0.0,0.0,0.0,0.03606,0.208356,0.014249,0.020242,0.176142,0.156102,0.080432,0.0,0.335231,0.0,1.084637,0.10253,0.0,0.0,0.081738,0.897399,0.0,0.0,0.0,0.0,0.069857,0.0,0.0,0.018307,0.0,0.690202,0.0,0.0,0.0,0.345513,0.0,0.3011,0.306866,0.0,0.0,0.164549,0.0,0.0,0.0,0.251987,0.320455,0.212931,0.0,0.094539,0.408086,0.323125,0.378837,0.0,0.015034,0.0,0.009927,0.0,0.348609,0.092216,0.211126,0.0,0.198378,0.206915,0.166081,0.0,0.284888,0.0,1.170968,0.0,0.0,0.216081,0.0,0.242408,0.0,0.333201,0.0,0.073114,0.0,0.083432,0.391296,0.0,0.418897,0.242271,0.283446,0.340072,0.0,0.0,0.159426,0.153589,0.0,0.280823,0.0,0.0,0.025746,0.023646,0.235811,0.212903,0.0,0.0,0.0,0.0,0.224705,0.300148,0.256523,0.213173,0.0,0.0,0.0,0.299067,0.0,0.0,0.273552,0.021431,0.0,0.012165,0.0,0.159357,0.01539,0.127734,0.0,0.0,0.0,0.173083,0.0,0.070251,0.017388,0.0,0.131108,0.148974,0.0,0.0,0.0,0.22118,0.021307,0.215915,0.246763,0.173344,0.0,0.0,0.357537,0.110237,0.0,0.02004,0.025046,0.0,0.091002,0.021408,0.089391,0.431367,0.133725,0.0,0.0,0.0,0.199896,0.194987,0.0,0.0,0.0,0.0,0.0,0.297382,0.195181,0.102614,0.0,0.172794,0.0,0.0,0.320564,0.354938,0.0,0.07242,0.0,0.013068,0.0,0.09946,0.0,0.0,0.085219,0.014881,0.254997,0.0,0.144317,0.0,0.0,0.0,0.0,0.321379,0.405798,0.041435,0.046606,0.0,0.06126,0.0,0.327259,0.0,0.015753,0.282636,0.332863,0.13964,0.0,0.0,0.0,0.0,0.0,0.345616,0.0,0.0,0.0,0.013095,0.0,0.015079,0.0,0.317323,0.0,0.326281,0.082653,0.095898,0.0,0.025268,0.301181,0.0,0.17068,0.824604,0.0,0.0,0.265332,0.019506,0.297552,0.074854,0.019205,0.021831,0.31179,0.279249,0.007826,0.0,0.0,0.0,0.36804,0.0,0.435396,0.29727,0.011645,0.0,0.0,0.107193,0.294662,0.25391,0.0,0.180806,0.368757,0.203466,0.0,0.221089,0.050711,0.381362,0.0,0.0,0.0,0.0,0.0,0.0,0.011948,0.0,0.108603,0.13675,0.0,0.0,0.0,0.0,0.255686,0.007033,0.0,0.0,0.068845,0.0,0.0,0.017136,0.320853,0.20636,0.237164,0.656288,0.285415,0.0,0.0,0.0,0.402231,0.0,0.00991,0.0,0.128096,0.0,0.131582,0.232546,0.366767,0.059602,0.313512,0.205139,0.357048,0.0,0.017463,0.158755,0.0,0.248684,0.0,0.0,0.0,0.0,0.0,0.242107,0.0,0.309351,0.0,0.0,0.217911,0.018438,0.261394,0.029185,0.0,0.182715,2.6e-05,0.0,0.324337,0.008751,0.03815,0.0
TCGA-56-8309-01Z-00-DX1.5FC5FA81-405A-48AB-AA7D-2D38003A8942,0.398365,0.0,0.0,0.0,0.0,0.318811,0.080151,0.326915,0.041035,0.248937,0.281532,0.131512,0.0,0.0,0.0,0.338406,0.0,0.165436,0.0,0.205356,0.030792,0.11215,0.0,0.0,0.0,0.0,0.318284,0.0,0.203374,0.358804,0.0,0.0,0.291327,1.024451,0.0,0.031266,0.045119,0.0,0.0,0.236317,0.0,0.051866,0.0,0.309752,0.0,0.227617,0.0,0.0,0.0,0.036389,0.0,0.114722,0.0,0.562153,0.0,0.299269,0.250755,0.147625,0.161697,0.180956,0.0,0.053257,0.046049,0.240573,0.161961,0.113805,0.249576,0.0,0.208585,0.0,0.0,0.0,0.062736,0.118713,0.0,0.20833,0.0,0.224268,0.147934,0.0,0.0,0.55121,0.267667,0.0,0.0,0.088461,0.049817,0.0,0.346084,0.192327,0.115699,0.0,0.20316,0.0,0.39905,0.154308,0.0,0.0,0.0,0.29127,0.0,0.0,0.198402,0.343665,0.109836,0.0,0.034118,0.278507,0.292444,0.0,0.207436,0.0,0.042067,0.0,0.0,0.0,0.0,0.186094,0.270403,0.085792,0.143118,0.0,0.149119,0.0,0.082697,0.020366,0.052408,0.168855,0.354349,0.0,0.228356,0.0,0.088345,0.044738,0.068411,0.314661,0.0,0.058202,0.208688,0.0,0.11052,0.228955,0.122397,0.109144,0.0,0.253629,0.0,0.074946,0.317047,0.0,0.22188,0.052529,0.140687,0.110022,0.0,0.177277,0.389801,0.083558,0.31127,0.0,0.318282,0.0,0.134846,0.328812,0.0,0.058167,0.0,0.0,0.0,0.225544,0.0,0.112895,0.0,0.0,0.0,0.0,0.0,0.0,0.249499,0.749458,0.291598,0.121791,0.0,0.299659,0.0,0.272216,0.0,0.287107,0.0,0.0,0.0,0.0,0.087684,0.169943,0.045659,0.057049,0.163581,0.17402,0.12511,0.0,0.284413,0.0,1.192862,0.094006,0.0,0.0,0.108176,1.00461,0.0,0.0,0.0,0.0,0.100087,0.0,0.0,0.005117,0.0,0.772409,0.0,0.0,0.0,0.293753,0.0,0.252287,0.288488,0.0,0.0,0.272743,0.0,0.0,0.0,0.209764,0.283699,0.181344,0.0,0.066206,0.347069,0.281199,0.330753,0.0,0.036313,0.0,0.034845,0.0,0.297158,0.121735,0.229496,0.0,0.175089,0.17336,0.218135,0.0,0.245027,0.0,1.280061,0.0,0.0,0.158729,0.0,0.1637,0.0,0.320517,0.0,0.108917,0.0,0.079047,0.333239,0.0,0.375908,0.21735,0.216945,0.283624,0.0,0.0,0.184917,0.103503,0.0,0.240516,0.0,0.0,0.060151,0.078603,0.186632,0.169744,0.0,0.0,0.0,0.0,0.189451,0.236473,0.213691,0.156728,0.0,0.0,0.0,0.256493,0.0,0.0,0.238694,0.066421,0.0,0.034643,0.0,0.154144,0.035278,0.148812,0.0,0.0,0.0,0.147074,0.0,0.087369,0.057395,0.0,0.190003,0.177999,0.0,0.0,0.0,0.17396,0.06688,0.191531,0.202965,0.233035,0.0,0.0,0.302434,0.103091,0.0,0.057086,0.061258,0.0,0.135028,0.02797,0.089617,0.394008,0.113692,0.0,0.0,0.0,0.280511,0.14917,0.0,0.0,0.0,0.0,0.0,0.254171,0.162566,0.149237,0.0,0.133454,0.0,0.0,0.282389,0.324418,0.0,0.126543,0.0,0.048422,0.0,0.173019,0.0,0.0,0.131886,0.053378,0.223906,0.0,0.203749,0.0,0.0,0.0,0.0,0.273752,0.380625,0.082795,0.098991,0.0,0.05351,0.0,0.28201,0.0,0.04642,0.254129,0.28379,0.122305,0.0,0.0,0.0,0.0,0.0,0.315104,0.0,0.0,0.0,0.039157,0.0,0.044843,0.0,0.293607,0.0,0.276694,0.141834,0.116532,0.0,0.079472,0.25444,0.0,0.215424,0.914996,0.0,0.0,0.247067,0.065986,0.252873,0.133813,0.052778,0.078222,0.337372,0.229334,0.040956,0.0,0.0,0.0,0.334607,0.0,0.369375,0.266048,0.048218,0.0,0.0,0.095096,0.26954,0.334899,0.0,0.239155,0.347083,0.180025,0.0,0.185445,0.100027,0.448773,0.0,0.0,0.0,0.0,0.0,0.0,0.043552,0.0,0.121406,0.13308,0.0,0.0,0.0,0.0,0.281069,0.020553,0.0,0.0,0.113747,0.0,0.0,0.050591,0.409574,0.1777,0.165871,0.759793,0.234531,0.0,0.0,0.0,0.495503,0.0,0.029249,0.0,0.127908,0.0,0.173654,0.197823,0.331174,0.111487,0.268275,0.276593,0.310909,0.0,0.006237,0.192045,0.0,0.225785,0.0,0.0,0.0,0.0,0.0,0.236939,0.0,0.289716,0.0,0.0,0.225374,0.054311,0.247988,0.090366,0.0,0.129619,0.0,0.0,0.285449,0.034378,0.101637,0.0
TCGA-43-A475-01Z-00-DX1.48694B33-6070-4D6E-9CE4-BDEF072500A1,0.414571,0.0,0.0,0.0,0.0,0.350527,0.072796,0.330316,0.038865,0.265455,0.299256,0.18336,0.0,0.0,0.0,0.381278,0.0,0.151186,0.0,0.230826,0.025222,0.085319,0.0,0.0,0.0,0.0,0.328964,0.0,0.185656,0.369951,0.0,0.0,0.294528,0.99642,0.0,0.026008,0.039737,0.0,0.0,0.277476,0.0,0.040183,0.0,0.331241,0.0,0.211104,0.0,0.0,0.0,0.033009,0.0,0.070596,0.0,0.534424,0.0,0.294087,0.241444,0.125393,0.188097,0.19327,0.0,0.040572,0.037799,0.244383,0.189549,0.098254,0.243341,0.0,0.186911,0.0,0.0,0.0,0.044396,0.112738,0.0,0.169477,0.0,0.243585,0.184895,0.0,0.0,0.528973,0.290353,0.0,0.0,0.108186,0.04868,0.0,0.361117,0.193907,0.107322,0.0,0.202488,0.0,0.358008,0.17079,0.0,0.0,0.0,0.302623,0.0,0.0,0.211621,0.361541,0.073427,0.0,0.021605,0.278296,0.311299,0.0,0.22391,0.0,0.034252,0.0,0.0,0.0,0.0,0.169583,0.291017,0.064763,0.109532,0.0,0.143783,0.0,0.050819,0.011465,0.0446,0.146535,0.383439,0.0,0.236138,0.0,0.064562,0.02914,0.048083,0.318095,0.0,0.035912,0.242767,0.0,0.083203,0.210851,0.099671,0.092051,0.0,0.27189,0.0,0.069413,0.33593,0.0,0.234142,0.04608,0.133216,0.085019,0.0,0.187339,0.415826,0.114092,0.334926,0.0,0.305648,0.0,0.121962,0.322455,0.0,0.043958,0.0,0.0,0.0,0.184641,0.0,0.094535,0.0,0.0,0.0,0.0,0.0,0.0,0.253703,0.749328,0.321998,0.116917,0.0,0.323061,0.0,0.294099,0.0,0.308945,0.0,0.0,0.0,0.0,0.066117,0.151278,0.035122,0.045264,0.178272,0.125674,0.073864,0.0,0.28435,0.0,1.171194,0.092013,0.0,0.0,0.093572,0.978435,0.0,0.0,0.0,0.0,0.080521,0.0,0.0,0.000409,0.0,0.729686,0.0,0.0,0.0,0.300115,0.0,0.273926,0.30346,0.0,0.0,0.257158,0.0,0.0,0.0,0.207062,0.290719,0.207928,0.0,0.092055,0.360424,0.281513,0.340161,0.0,0.027556,0.0,0.029167,0.0,0.314627,0.078618,0.214418,0.0,0.192356,0.164933,0.185626,0.0,0.265481,0.0,1.247202,0.0,0.0,0.140405,0.0,0.170715,0.0,0.326715,0.0,0.079976,0.0,0.046077,0.362047,0.0,0.388091,0.233468,0.180161,0.281388,0.0,0.0,0.12687,0.103618,0.0,0.25717,0.0,0.0,0.045489,0.058552,0.193332,0.194862,0.0,0.0,1e-06,0.0,0.21176,0.247808,0.220207,0.13884,0.0,0.0,0.0,0.279388,0.0,0.0,0.242706,0.059218,0.0,0.02201,0.0,0.12927,0.023218,0.148328,0.0,0.0,0.0,0.159282,0.0,0.057316,0.042274,0.0,0.154543,0.178612,0.0,0.0,0.0,0.183529,0.048459,0.175474,0.199036,0.225441,0.0,0.0,0.321995,0.121135,0.0,0.056458,0.041708,0.0,0.109137,0.015976,0.050367,0.388472,0.121309,0.0,0.0,0.0,0.252218,0.15,0.0,0.0,0.0,0.0,0.0,0.27059,0.161871,0.127552,0.0,0.085329,0.0,0.0,0.281128,0.33807,0.0,0.112026,0.0,0.033813,0.0,0.153125,0.0,0.0,0.120936,0.046004,0.222623,0.0,0.173564,0.0,0.0,0.0,0.0,0.28886,0.386052,0.039413,0.08285,0.0,0.076852,0.0,0.293351,0.0,0.032671,0.270749,0.292244,0.148609,0.0,0.0,0.0,0.0,0.0,0.30719,0.0,0.0,0.0,0.03525,0.0,0.028602,0.0,0.289447,0.0,0.293507,0.122239,0.123367,0.0,0.062991,0.272755,0.0,0.265394,0.894841,0.0,0.0,0.250581,0.056017,0.255762,0.102492,0.044982,0.061717,0.353621,0.225612,0.028234,0.0,0.0,0.0,0.320145,0.0,0.402213,0.253698,0.036493,0.0,0.0,0.060166,0.251722,0.309422,0.0,0.222224,0.343287,0.146646,0.0,0.172458,0.08698,0.416514,0.0,0.0,0.0,0.0,0.0,0.0,0.028001,0.0,0.115804,0.153313,0.0,0.0,0.0,0.0,0.250659,0.007456,0.0,0.0,0.135334,0.0,0.0,0.034484,0.393176,0.187553,0.127244,0.742896,0.255275,0.0,0.0,0.0,0.473931,0.0,0.017624,0.0,0.09412,0.0,0.157123,0.208129,0.356523,0.104745,0.297674,0.235651,0.323277,0.0,0.00042,0.183873,0.0,0.242445,0.0,0.0,0.0,0.0,0.0,0.263943,0.0,0.298588,0.0,0.0,0.213176,0.045889,0.223036,0.073782,0.0,0.087424,0.0,0.0,0.308834,0.022168,0.072657,0.0
TCGA-85-8072-01Z-00-DX1.3a0ad5a6-c93e-428c-94e7-809ceaf01ef1,0.47851,0.0,0.0,0.0,0.0,0.392707,0.032083,0.411687,0.013235,0.309554,0.323124,0.23507,0.0,0.0,0.0,0.422458,0.0,0.132335,0.0,0.292732,0.009286,0.032545,0.0,0.0,0.0,0.0,0.382354,0.0,0.153375,0.445344,0.0,0.0,0.343391,0.944356,0.0,0.013378,0.012908,0.0,0.0,0.332985,0.0,0.017738,0.0,0.35339,0.0,0.167782,0.0,0.0,0.0,0.013175,0.0,0.062104,0.0,0.49693,0.0,0.212038,0.288423,0.067598,0.2112,0.218239,0.0,0.016157,0.016426,0.315152,0.253566,0.042539,0.260005,0.0,0.140525,0.0,0.0,0.0,0.018786,0.162392,0.0,0.171337,0.0,0.298286,0.244605,0.0,0.0,0.475618,0.319302,0.0,0.0,0.147726,0.017291,0.0,0.410027,0.214413,0.115822,0.0,0.259543,0.0,0.310981,0.238547,0.0,0.0,0.0,0.364448,0.0,0.0,0.303075,0.409751,0.067967,0.0,0.012295,0.24363,0.372807,0.0,0.300862,0.0,0.014438,0.0,0.0,0.0,0.0,0.116824,0.34678,0.018823,0.056084,0.0,0.133663,0.0,0.02672,0.007605,0.015215,0.096295,0.445112,0.0,0.246949,0.0,0.028771,0.013198,0.021278,0.359687,0.0,0.030649,0.286348,0.0,0.037221,0.186375,0.059027,0.038052,0.0,0.325237,0.0,0.027414,0.363192,0.0,0.256345,0.017179,0.070337,0.039,0.0,0.220061,0.4737,0.166628,0.380753,0.0,0.233564,0.0,0.116214,0.412827,0.0,0.020193,0.0,0.0,0.0,0.151288,0.0,0.047479,0.0,0.0,0.0,0.0,0.0,0.0,0.318528,0.685305,0.354471,0.132628,7e-06,0.370705,0.0,0.323737,0.0,0.360736,0.0,0.0,0.0,0.0,0.030567,0.160326,0.014124,0.020455,0.217245,0.12215,0.046707,0.0,0.337531,0.0,1.138327,0.142839,0.0,0.0,0.038551,0.939141,0.0,0.0,0.0,0.0,0.070526,0.0,0.0,0.003492,0.0,0.699063,0.0,0.0,0.0,0.352657,0.0,0.329217,0.355415,0.0,0.0,0.224826,0.0,0.0,0.0,0.26257,0.35799,0.264836,0.0,0.139442,0.408103,0.354612,0.393394,0.0,0.014958,0.0,0.011386,0.0,0.38426,0.0363,0.178006,0.0,0.241626,0.205306,0.113748,0.0,0.299233,0.0,1.218984,0.0,0.0,0.145312,0.0,0.166712,0.0,0.375715,0.0,0.073866,0.0,0.030936,0.400152,0.0,0.447913,0.272543,0.164943,0.322664,0.0,0.0,0.075328,0.101869,0.0,0.29845,0.0,0.0,0.022604,0.026368,0.233716,0.220623,0.0,0.0,0.0,0.0,0.270169,0.282346,0.274652,0.123787,0.0,0.0,0.0,0.328407,0.0,0.0,0.28782,0.027702,0.0,0.013564,0.0,0.115023,0.011892,0.101821,0.0,0.0,0.0,0.186653,0.0,0.031102,0.017456,0.0,0.108591,0.186871,0.0,0.0,0.0,0.205027,0.01934,0.218382,0.247389,0.183953,0.0,0.0,0.392081,0.178348,0.0,0.01746,0.02541,0.0,0.048158,0.010215,0.072338,0.449106,0.170934,0.0,0.0,0.0,0.211061,0.143167,0.0,0.0,0.0,0.0,0.0,0.316776,0.214395,0.068663,0.0,0.03497,0.0,0.0,0.328483,0.377227,0.0,0.054416,0.0,0.012829,0.0,0.103257,0.0,0.0,0.057502,0.021706,0.259252,0.0,0.139667,0.0,0.0,0.0,0.0,0.348271,0.444059,0.025676,0.031996,0.0,0.1078,0.0,0.355936,0.0,0.01697,0.313942,0.32518,0.234981,0.0,0.0,0.0,0.0,0.0,0.371312,0.0,0.0,0.0,0.016938,0.0,0.013961,0.0,0.337062,0.0,0.341424,0.041378,0.105323,0.0,0.025345,0.317048,0.0,0.306645,0.857642,0.0,0.0,0.312554,0.019756,0.297314,0.042596,0.023697,0.019,0.39224,0.279522,0.012022,0.0,0.0,0.0,0.415128,0.0,0.450179,0.303082,0.018984,0.0,0.0,0.052276,0.3058,0.244203,0.0,0.166387,0.431545,0.130803,0.0,0.227261,0.042926,0.377291,0.0,0.0,0.0,0.0,0.0,0.0,0.014109,0.0,0.18713,0.241529,0.0,0.0,0.0,0.0,0.226918,0.006811,0.0,0.0,0.172191,0.0,0.0,0.016265,0.327139,0.230863,0.066551,0.692153,0.294484,0.0,0.0,0.0,0.429035,0.0,0.011767,0.0,0.097759,0.0,0.119475,0.252216,0.40417,0.038957,0.330655,0.214644,0.396912,0.0,0.004419,0.185613,0.0,0.291119,0.0,0.0,0.0,0.0,0.0,0.305214,0.0,0.34387,0.0,0.0,0.291783,0.019789,0.261834,0.023557,0.0,0.075196,0.0,0.0,0.350973,0.012572,0.033408,0.0
TCGA-77-8139-01Z-00-DX1.242d68e3-5ee0-4484-8403-e2ffd1ede20b,0.328288,0.0,0.0,0.0,0.0,0.280729,0.158357,0.28869,0.101417,0.200902,0.229689,0.132048,0.0,0.0,0.0,0.264078,0.0,0.174927,0.0,0.175426,0.078413,0.133549,0.0,0.0,0.0,0.0,0.273356,0.0,0.228714,0.312759,0.0,0.0,0.237061,1.023276,0.0,0.083815,0.102906,0.0,0.0,0.202491,0.0,0.11451,0.0,0.239287,0.0,0.245496,0.0,0.0,0.0,0.104413,0.0,0.1229,0.0,0.54347,0.0,0.312671,0.215478,0.195325,0.132138,0.16021,0.0,0.142456,0.104896,0.214792,0.151669,0.149888,0.218638,0.0,0.218363,0.0,0.0,1e-06,0.093007,0.102498,0.0,0.177458,0.0,0.18127,0.162242,0.0,0.0,0.562175,0.22268,0.0,0.0,0.09618,0.117803,0.0,0.325566,0.182665,0.119009,0.0,0.20071,0.0,0.395472,0.151482,0.0,0.0,0.0,0.25648,0.0,0.0,0.168915,0.281063,0.120512,0.0,0.094242,0.275811,0.239256,0.0,0.179294,0.0,0.101524,0.0,0.0,0.0,0.0,0.195562,0.220921,0.10351,0.169895,0.0,0.174037,0.0,0.108599,0.075466,0.118527,0.175085,0.299162,0.0,0.18416,0.0,0.170576,0.118893,0.102575,0.275058,0.0,0.061808,0.208565,0.0,0.14406,0.233083,0.164907,0.13301,0.0,0.218743,0.0,0.116006,0.243323,0.0,0.183416,0.111999,0.136734,0.168311,0.0,0.135723,0.340535,0.078766,0.254988,0.0,0.317981,0.0,0.189419,0.269728,0.0,0.115462,0.0,0.0,0.0,0.249802,0.0,0.188361,0.0,0.0,0.0,0.0,0.0,0.0,0.19504,0.749057,0.269356,0.13696,0.0,0.227168,0.0,0.222318,0.0,0.246079,0.0,0.0,0.0,0.0,0.156733,0.17423,0.11258,0.125687,0.137552,0.154936,0.135474,0.0,0.248086,0.0,1.153808,0.08497,0.0,0.0,0.142524,0.992618,0.0,0.0,0.0,0.0,0.131954,0.0,0.0,0.035284,0.0,0.782599,0.0,0.0,0.0,0.255078,1.7e-05,0.216488,0.258035,0.0,0.0,0.282488,0.0,0.0,0.0,0.181839,0.282839,0.163859,0.0,0.076622,0.300842,0.246838,0.29003,0.0,0.108702,0.0,0.080305,0.0,0.246672,0.126955,0.238377,0.0,0.146071,0.145585,0.243049,0.0,0.209312,0.0,1.27242,0.0,0.0,0.141468,0.0,0.146351,0.0,0.271777,0.0,0.172541,0.0,0.122972,0.280571,0.0,0.30373,0.192173,0.223756,0.240717,0.0,0.0,0.186331,0.109974,0.0,0.182274,0.0,0.0,0.133343,0.132602,0.183457,0.140319,0.0,0.0,0.0,0.0,0.169325,0.211498,0.183513,0.158734,0.0,0.0,0.0,0.237798,0.0,0.0,0.223889,0.12503,0.0,0.098094,0.0,0.168306,0.093299,0.158908,0.0,0.0,0.0,0.135943,0.0,0.116682,0.111396,0.0,0.204949,0.216569,0.0,0.0,0.0,0.164314,0.127131,0.155596,0.162859,0.239773,0.0,0.0,0.276871,0.098102,0.0,0.111957,0.118125,0.0,0.134241,0.100648,0.120247,0.309189,0.099285,0.0,0.0,0.0,0.268168,0.150522,0.0,0.0,0.0,0.0,0.0,0.212141,0.129821,0.167033,0.0,0.160808,0.0,0.0,0.236782,0.263166,0.0,0.170408,0.0,0.107513,0.0,0.200668,0.0,0.0,0.157237,0.097185,0.17256,0.0,0.208425,0.0,0.0,0.0,0.0,0.239825,0.314065,0.089141,0.156991,0.0,0.075215,0.0,0.231217,0.0,0.115752,0.229455,0.238614,0.093398,0.0,2e-06,0.0,0.0,0.0,0.260789,0.0,0.0,0.0,0.099465,0.0,0.115419,0.0,0.289329,0.0,0.236451,0.156393,0.149666,0.0,0.131973,0.213305,0.0,0.208384,0.902864,0.0,0.0,0.206494,0.136859,0.215876,0.162457,0.118566,0.098643,0.335867,0.217348,0.081255,0.0,0.0,0.0,0.312702,0.0,0.308456,0.233654,0.104264,0.0,0.0,0.110787,0.248886,0.358902,0.0,0.25193,0.281602,0.187596,0.0,0.149203,0.166879,0.43742,0.0,0.0,0.0,0.0,0.0,0.0,0.093091,0.0,0.106695,0.121796,0.0,0.0,0.0,0.0,0.286159,0.063285,0.0,0.0,0.129101,0.0,0.0,0.120002,0.405861,0.145269,0.154616,0.756653,0.18811,0.0,0.0,0.0,0.479336,0.0,0.089468,0.0,0.148667,0.0,0.198876,0.171437,0.265756,0.18692,0.214899,0.251961,0.293779,0.0,0.012063,0.229338,0.0,0.180276,0.0,0.0,0.0,0.0,0.0,0.226855,0.0,0.250456,0.0,0.0,0.203611,0.11433,0.225947,0.129854,0.0,0.14427,1e-06,0.0,0.216358,0.08671,0.163294,0.0
TCGA-34-7107-01Z-00-DX1.c72202e6-740d-4891-945c-f360f7c56bc9,0.42379,0.0,0.0,0.0,0.0,0.345686,0.073215,0.365053,0.039949,0.265943,0.27702,0.227468,0.0,0.0,0.0,0.342469,0.0,0.110559,0.0,0.243291,0.014337,0.052553,0.0,0.0,0.0,0.0,0.3295,0.0,0.15368,0.392679,0.0,0.0,0.307218,0.93935,0.0,0.032889,0.04011,0.0,0.0,0.317158,0.0,0.04618,0.0,0.305639,0.0,0.179605,0.0,0.0,0.0,0.037331,0.0,0.051505,0.0,0.472242,0.0,0.239337,0.24561,0.119965,0.184152,0.199151,0.0,0.051382,0.034711,0.259898,0.203367,0.064924,0.220473,0.0,0.130157,0.0,0.0,0.0,0.044849,0.143578,0.0,0.212462,0.0,0.250156,0.218008,0.0,0.0,0.481105,0.259712,0.0,0.0,0.12852,0.03632,0.0,0.362588,0.188574,0.100014,0.0,0.268176,0.0,0.332576,0.19318,0.0,0.0,0.0,0.314707,0.0,0.0,0.290206,0.361567,0.0482,0.0,0.034544,0.204307,0.316803,0.0,0.264788,0.0,0.031068,0.0,0.0,0.0,0.0,0.116173,0.305284,0.032791,0.064035,0.0,0.135632,0.0,0.039069,0.01186,0.038398,0.089782,0.378445,0.0,0.217691,0.0,0.072046,0.035911,0.029762,0.330903,0.0,0.028424,0.221179,0.0,0.070627,0.174565,0.092378,0.057788,0.0,0.277235,0.0,0.069884,0.30376,0.0,0.214477,0.048847,0.072652,0.087432,0.0,0.171102,0.406363,0.141435,0.310593,0.0,0.221902,0.0,0.155623,0.360693,0.0,0.055206,0.0,0.0,0.0,0.153751,0.0,0.096011,0.0,0.0,0.0,0.0,0.0,0.0,0.267221,0.668027,0.314664,0.149674,0.0,0.29645,0.0,0.280039,0.0,0.304994,0.0,0.0,0.0,0.0,0.05856,0.218487,0.050978,0.040573,0.175536,0.102443,0.063612,0.0,0.31144,0.0,1.107134,0.091658,0.0,0.0,0.074282,0.934974,0.0,0.0,0.0,0.0,0.105814,0.0,0.0,0.005077,0.0,0.685162,0.0,0.0,0.0,0.319439,0.0,0.28412,0.309397,0.0,0.0,0.221862,0.0,0.0,0.0,0.225157,0.34444,0.205186,0.0,0.103524,0.369102,0.289101,0.345018,0.0,0.054784,0.0,0.028532,0.0,0.341024,0.043028,0.184988,0.0,0.188471,0.168989,0.143386,0.0,0.239139,0.0,1.169488,0.0,0.0,0.135852,0.0,0.133868,0.0,0.313118,0.0,0.125147,0.0,0.060025,0.353998,0.0,0.382918,0.223639,0.219355,0.279524,0.0,0.0,0.079706,0.063953,0.0,0.261999,0.0,0.0,0.067797,0.045494,0.212828,0.173636,0.0,0.0,0.0,0.0,0.214954,0.233922,0.240148,0.131724,0.0,0.0,0.0,0.302227,0.0,0.0,0.248229,0.058156,0.0,0.030832,0.0,0.106269,0.022134,0.081,0.0,0.0,0.0,0.153636,0.0,0.031613,0.037522,0.0,0.129485,0.207571,0.0,0.0,0.0,0.15329,0.055835,0.208063,0.209544,0.163177,0.0,0.0,0.334774,0.120501,0.0,0.040767,0.071149,0.0,0.053346,0.03377,0.094553,0.399265,0.134545,0.0,0.0,0.0,0.220386,0.119971,0.0,0.0,0.0,0.0,0.0,0.265559,0.182758,0.081261,0.0,0.046239,0.0,0.0,0.284886,0.342379,0.0,0.088136,0.0,0.024709,0.0,0.113166,0.0,0.0,0.08161,0.032364,0.218406,0.0,0.144714,0.0,0.0,0.0,0.0,0.300856,0.390057,0.034149,0.070213,0.0,0.068864,0.0,0.305437,0.0,0.036964,0.280007,0.297805,0.18784,0.0,0.0,0.0,0.0,0.0,0.328072,0.0,0.0,0.0,0.029393,0.0,0.037879,0.0,0.29885,0.0,0.289248,0.078371,0.083949,0.0,0.05486,0.270254,0.0,0.274386,0.836861,0.0,0.0,0.247085,0.048983,0.248628,0.061652,0.061392,0.038779,0.331676,0.243028,0.023777,0.0,0.0,0.0,0.391983,0.0,0.384693,0.266331,0.037561,0.0,0.0,0.097684,0.326332,0.267127,0.0,0.174412,0.388291,0.131447,0.0,0.184507,0.08287,0.376239,0.0,0.0,0.0,0.0,0.0,0.0,0.034115,0.0,0.186007,0.212152,0.0,0.0,0.0,0.0,0.210015,0.008203,0.0,0.0,0.083763,0.0,0.0,0.045655,0.320686,0.192761,0.058313,0.684858,0.25421,0.0,0.0,0.0,0.406783,0.0,0.035399,0.0,0.060912,0.0,0.135885,0.219725,0.359343,0.102078,0.27614,0.182679,0.380942,0.0,0.001917,0.217685,0.0,0.237752,0.0,0.0,0.0,0.0,0.0,0.320041,0.0,0.288734,0.0,0.0,0.283048,0.038275,0.217265,0.058206,0.0,0.103028,0.0,0.0,0.29855,0.028215,0.059897,0.0
TCGA-22-4595-01Z-00-DX1.42F28D1E-7AC2-4113-B4EC-F1E7850EA14D,0.34156,0.0,0.0,0.0,0.0,0.300046,0.129725,0.289394,0.091074,0.210607,0.239014,0.167197,0.0,0.0,0.0,0.283404,0.0,0.163933,0.0,0.175621,0.063979,0.144806,0.0,0.0,0.0,0.0,0.279572,0.0,0.215894,0.325278,0.0,0.0,0.24907,1.049888,0.0,0.064692,0.088265,0.0,0.0,0.213523,0.0,0.095534,0.0,0.255623,0.0,0.259263,0.0,0.0,0.0,0.084927,0.0,0.095195,0.0,0.565825,0.0,0.340219,0.209037,0.189769,0.13464,0.155649,0.0,0.111773,0.091203,0.217348,0.159692,0.136907,0.21011,0.0,0.239513,0.0,0.0,0.0,0.097708,0.084826,0.0,0.16393,0.0,0.188946,0.172787,0.0,0.0,0.581613,0.230281,0.0,0.0,0.096097,0.099576,0.0,0.331538,0.173528,0.088103,0.0,0.201977,0.0,0.4169,0.136724,0.0,0.0,0.0,0.257595,0.0,0.0,0.173606,0.298553,0.074692,0.0,0.066363,0.296841,0.264869,0.0,0.185191,0.0,0.090539,0.0,0.0,0.0,0.0,0.217847,0.229223,0.115183,0.159101,0.0,0.166236,0.0,0.085797,0.049737,0.094842,0.181136,0.306726,0.0,0.182403,0.0,0.145389,0.087473,0.097191,0.285088,0.0,0.042685,0.214647,0.0,0.148802,0.223225,0.145228,0.137507,0.0,0.220205,0.0,0.128386,0.258391,0.0,0.184029,0.101735,0.170521,0.148236,0.0,0.137982,0.362776,0.080749,0.273903,0.0,0.332446,0.0,0.176087,0.287834,0.0,0.097575,0.0,0.0,0.0,0.246512,0.0,0.162056,0.0,0.0,0.0,0.0,0.0,0.0,0.205337,0.77912,0.284374,0.139923,0.0,0.254224,0.0,0.23422,0.0,0.262804,0.0,0.0,0.0,0.0,0.128535,0.153023,0.096978,0.108124,0.14915,0.145044,0.127665,0.0,0.250813,0.0,1.20661,0.086356,0.0,0.0,0.135565,1.033631,0.0,0.0,0.0,0.0,0.121034,0.0,0.0,0.019139,0.0,0.79412,0.0,0.0,0.0,0.258816,0.0,0.223716,0.25831,0.0,0.0,0.319457,0.0,0.0,0.0,0.181391,0.263284,0.164523,0.0,0.067827,0.309465,0.231279,0.292467,0.0,0.074881,0.0,0.063203,0.0,0.252138,0.109314,0.246747,0.0,0.147945,0.136024,0.243366,0.0,0.218546,0.0,1.29375,0.0,0.0,0.123294,0.0,0.125717,0.0,0.288938,0.0,0.138397,0.0,0.10591,0.302913,0.0,0.327765,0.190885,0.186837,0.234143,0.0,0.0,0.17797,0.090373,0.0,0.196181,0.0,0.0,0.115086,0.121875,0.172444,0.137663,0.0,0.0,0.0,0.0,0.170106,0.206347,0.186961,0.147574,0.0,0.0,0.0,0.239859,0.0,0.0,0.218326,0.109642,0.0,0.071557,0.0,0.145156,0.065558,0.165678,0.0,0.0,0.0,0.136708,0.0,0.099558,0.101326,0.0,0.206872,0.208377,0.0,0.0,0.0,0.152772,0.119328,0.152271,0.159693,0.25737,0.0,0.0,0.271574,0.088114,0.0,0.102204,0.095605,0.0,0.143211,0.070962,0.103293,0.328887,0.083827,0.0,0.0,0.0,0.308056,0.125348,0.0,0.0,0.0,0.0,0.0,0.222391,0.126618,0.172446,0.0,0.1305,0.0,0.0,0.237375,0.2811,0.0,0.180203,0.0,0.079479,0.0,0.214647,0.0,0.0,0.165059,0.091884,0.178966,0.0,0.221965,0.0,0.0,0.0,0.0,0.243887,0.330449,0.081891,0.159977,0.0,0.06398,0.0,0.235943,0.0,0.084185,0.234593,0.243391,0.093489,0.0,0.0,0.0,0.0,0.0,0.26476,0.0,0.0,0.0,0.078448,0.0,0.091266,0.0,0.285553,0.0,0.240544,0.175428,0.148357,0.0,0.126393,0.222771,0.0,0.244429,0.936387,0.0,0.0,0.208032,0.115558,0.215328,0.16009,0.099027,0.114014,0.356066,0.204154,0.06803,0.0,0.0,0.0,0.280171,0.0,0.319067,0.233283,0.080492,0.0,0.0,0.103066,0.225619,0.375894,0.0,0.262561,0.290797,0.159961,0.0,0.141019,0.15003,0.45963,0.0,0.0,0.0,0.0,0.0,0.0,0.078415,0.0,0.097201,0.116055,0.0,0.0,0.0,0.0,0.288165,0.041962,0.0,0.0,0.119758,0.0,0.0,0.100851,0.4248,0.131181,0.11282,0.791038,0.19074,0.0,0.0,0.0,0.507545,0.0,0.062105,0.0,0.120155,0.0,0.190155,0.169809,0.29583,0.183674,0.229342,0.262367,0.28524,0.0,0.004783,0.223657,0.0,0.181478,0.0,0.0,0.0,0.0,0.0,0.231726,0.0,0.251247,1e-06,0.0,0.189412,0.103296,0.222093,0.135659,0.0,0.109398,0.0,0.0,0.244237,0.071077,0.134453,0.0
TCGA-85-8355-01Z-00-DX1.146ECC8D-858B-4DDA-B7FE-DBC22CC8C24D,0.371249,0.0,0.0,0.0,0.0,0.32545,0.118103,0.331964,0.086421,0.21818,0.232289,0.259579,0.0,0.0,0.0,0.314546,0.0,0.170959,0.0,0.208035,0.066145,0.126254,0.0,0.0,0.0,0.0,0.297747,0.0,0.206171,0.3607,0.0,0.0,0.25811,1.078697,0.0,0.062694,0.076282,0.0,0.0,0.253545,0.0,0.089013,0.0,0.252113,0.0,0.275947,0.0,0.0,0.0,0.078404,0.0,0.061777,0.0,0.581807,0.0,0.345527,0.204579,0.175088,0.155126,0.145879,0.0,0.091416,0.084447,0.27171,0.230051,0.10812,0.186825,0.0,0.252881,0.0,0.0,0.0,0.096049,0.096056,0.0,0.099684,0.0,0.210954,0.246827,0.0,0.0,0.604703,0.24874,0.0,0.0,0.10921,0.090188,0.0,0.361255,0.172191,0.061388,0.0,0.242,0.0,0.407136,0.17724,0.0,0.0,0.0,0.291161,0.0,0.0,0.211494,0.318579,0.02772,0.0,0.054906,0.318886,0.29774,0.0,0.250523,0.0,0.085077,0.0,0.0,0.0,0.0,0.225488,0.242995,0.106848,0.134879,0.0,0.163284,0.0,0.075591,0.037696,0.089275,0.162522,0.341295,0.0,0.151723,0.0,0.134853,0.075559,0.093219,0.288361,0.0,0.014389,0.282722,0.0,0.13188,0.19392,0.131139,0.113275,0.0,0.246632,0.0,0.123241,0.268106,0.0,0.17549,0.094337,0.162705,0.129614,0.0,0.142661,0.420031,0.125952,0.310532,0.0,0.334273,0.0,0.183831,0.314528,0.0,0.094562,0.0,0.0,0.0,0.271971,0.0,0.156838,0.0,0.0,0.0,0.0,0.0,0.0,0.227567,0.812252,0.317481,0.171886,0.0,0.267451,0.0,0.237487,0.0,0.29007,0.0,0.0,0.0,0.0,0.128043,0.103104,0.084657,0.107443,0.171948,0.135536,0.108428,0.0,0.264101,0.0,1.264643,0.098831,0.0,0.0,0.101331,1.084483,0.0,0.0,0.0,0.0,0.133551,0.0,0.0,0.006509,0.0,0.820821,0.0,0.0,0.0,0.279805,2e-06,0.259389,0.29071,0.0,0.0,0.365088,0.0,0.0,0.0,0.192322,0.291551,0.188436,0.0,0.105846,0.33525,0.273678,0.331275,0.0,0.069171,0.0,0.057431,0.0,0.284524,0.077183,0.240971,0.0,0.174383,0.14233,0.226412,0.0,0.224452,0.0,1.364214,0.0,0.0,0.067142,0.0,0.087143,0.0,0.31345,0.0,0.13811,0.0,0.08199,0.317106,0.0,0.359681,0.212804,0.096387,0.247201,0.0,0.0,0.130694,0.074486,0.0,0.201493,0.0,0.0,0.113299,0.113111,0.185641,0.141234,0.0,0.0,0.0,0.0,0.193804,0.209749,0.202906,0.090171,0.0,0.0,0.0,0.255491,0.0,0.0,0.22274,0.112885,0.0,0.075989,0.0,0.130287,0.053917,0.154675,0.0,0.0,0.0,0.140199,0.0,0.084716,0.095366,0.0,0.181199,0.23866,0.0,0.0,0.0,0.146513,0.106094,0.138381,0.157144,0.295327,0.0,0.0,0.306158,0.129704,0.0,0.098329,0.087973,0.0,0.106764,0.061754,0.119904,0.342816,0.111483,0.0,0.0,0.0,0.32282,0.103755,0.0,0.0,0.0,0.0,0.0,0.239006,0.137283,0.149611,0.0,0.050888,0.0,0.0,0.250818,0.291947,0.0,0.158805,0.0,0.079221,0.0,0.222623,0.0,0.0,0.167056,0.10132,0.153069,0.0,0.238108,0.0,0.0,0.0,0.0,0.261556,0.360873,0.070194,0.152232,0.0,0.111977,0.0,0.262446,0.0,0.080808,0.256403,0.252879,0.156159,0.0,0.0,0.0,0.0,0.0,0.292612,0.0,0.0,0.0,0.071248,0.0,0.080162,0.0,0.314164,0.0,0.241594,0.138829,0.181387,0.0,0.118191,0.245276,0.0,0.334087,0.97769,0.0,0.0,0.247568,0.103813,0.213213,0.125294,0.098192,0.100808,0.423599,0.224757,0.070669,0.0,0.0,0.0,0.305405,0.0,0.337783,0.231514,0.085197,0.0,0.0,0.064967,0.210454,0.37403,0.0,0.259788,0.320886,0.128079,0.0,0.144302,0.150436,0.467552,0.0,0.0,0.0,0.0,0.0,0.0,0.07132,0.0,0.130129,0.169485,0.0,0.0,0.0,0.0,0.291072,0.03222,0.0,0.0,0.211061,0.0,0.0,0.088731,0.438811,0.152638,0.035692,0.825486,0.198745,0.0,0.0,0.0,0.541041,0.0,0.06645,0.0,0.117826,0.0,0.189121,0.18211,0.317068,0.154054,0.250519,0.278421,0.305706,0.0,0.000588,0.231859,0.0,0.214619,0.0,0.0,0.0,0.0,0.0,0.248607,0.0,0.248929,0.0,0.0,0.233841,0.091386,0.233469,0.12275,0.0,0.038325,0.0,0.0,0.252177,0.071453,0.137464,0.0
TCGA-43-3394-01Z-00-DX1.4c2f49b9-9dac-41d8-a62b-64c8928caa3c,0.484005,0.0,0.0,0.0,0.0,0.41121,0.025412,0.41894,0.015842,0.309692,0.312547,0.321838,0.0,0.0,0.0,0.446638,0.0,0.108612,0.0,0.319569,0.007474,0.01602,0.0,0.0,0.0,0.0,0.39144,0.0,0.119205,0.457474,0.0,0.0,0.344721,0.912958,0.0,0.011894,0.008606,0.0,0.0,0.366249,0.0,0.014372,0.0,0.349415,0.0,0.149503,0.0,0.0,0.0,0.011769,0.0,0.011693,0.0,0.456912,0.0,0.186137,0.278577,0.061263,0.224729,0.199792,0.0,0.010952,0.013717,0.36295,0.317982,0.012098,0.236637,0.0,0.122232,0.0,0.0,0.0,0.015958,0.163825,0.0,0.095897,0.0,0.31525,0.330654,0.0,0.0,0.439399,0.332953,0.0,0.0,0.167924,0.012758,0.0,0.423273,0.199263,0.093042,0.0,0.292907,0.0,0.254845,0.270481,0.0,0.0,0.0,0.367794,0.0,0.0,0.328386,0.420596,0.010856,0.0,0.007982,0.23648,0.41184,0.0,0.355207,0.0,0.013275,0.0,0.0,0.0,0.0,0.107746,0.337481,0.012034,0.01834,0.0,0.124544,0.0,0.0112,0.003411,0.011978,0.067728,0.456843,0.0,0.205451,0.0,0.023506,0.008024,0.010944,0.351518,0.0,0.006094,0.35062,0.0,0.023702,0.148995,0.044998,0.013167,0.0,0.346759,0.0,0.023388,0.353935,0.0,0.250549,0.020278,0.059917,0.02619,0.0,0.214315,0.515594,0.219064,0.408516,0.0,0.208552,0.0,0.133379,0.430475,0.0,0.019672,0.0,0.0,0.0,0.124173,0.0,0.030461,0.0,0.0,0.0,0.0,0.0,0.0,0.322642,0.65779,0.385541,0.154703,1.3e-05,0.389637,0.0,0.315758,0.0,0.384873,0.0,0.0,0.0,0.0,0.025242,0.086791,0.010457,0.016157,0.252366,0.067312,0.01646,0.0,0.329383,0.0,1.10381,0.172556,0.0,0.0,0.016617,0.90763,0.0,0.0,0.0,0.0,0.08491,0.0,0.0,0.001329,0.0,0.659399,0.0,0.0,0.0,0.358124,0.0,0.348515,0.376129,0.0,0.0,0.226987,0.0,0.0,0.0,0.28005,0.372269,0.28705,0.0,0.188968,0.41064,0.365134,0.417297,0.0,0.011951,0.0,0.009232,0.0,0.393261,0.007371,0.160467,0.0,0.259148,0.190952,0.070294,0.0,0.305543,0.0,1.196223,0.0,0.0,0.08129,0.0,0.102634,0.0,0.389366,0.0,0.071636,0.0,0.01511,0.40947,0.0,0.472657,0.286957,0.074757,0.305375,0.0,0.0,0.02238,0.063467,1e-06,0.299801,0.0,0.0,0.018527,0.026163,0.238044,0.205057,0.0,0.0,0.0,0.0,0.283535,0.279351,0.282062,0.063531,0.0,0.0,0.0,0.344096,0.0,0.0,0.301398,0.030112,0.0,0.011262,0.0,0.06204,0.008655,0.07482,0.0,0.0,0.0,0.200747,0.0,0.009088,0.013171,0.0,0.066571,0.216013,0.0,0.0,0.0,0.181241,0.0162,0.205592,0.233503,0.157797,0.0,0.0,0.406451,0.209622,0.0,0.013138,0.020057,0.0,0.017131,0.005939,0.077126,0.448911,0.184033,0.0,0.0,0.0,0.198,0.101992,0.0,0.0,0.0,0.0,0.0,0.335218,0.21771,0.051166,0.0,0.005363,0.0,0.0,0.328072,0.379928,0.0,0.036168,0.0,0.007805,0.0,0.093218,0.0,0.0,0.03842,0.017363,0.245943,0.0,0.105916,0.0,0.0,0.0,0.0,0.351347,0.458299,0.00885,0.024459,0.0,0.168751,0.0,0.356983,0.0,0.010097,0.330134,0.324843,0.293821,0.0,0.0,0.0,0.0,0.0,0.384069,0.0,0.0,0.0,0.012881,0.0,0.011062,0.0,0.353013,0.0,0.324652,0.022891,0.131609,0.0,0.025023,0.325424,0.0,0.403931,0.831951,0.0,0.0,0.33608,0.013925,0.302443,0.015418,0.021864,0.012922,0.463453,0.28722,0.01136,0.0,0.0,0.0,0.428718,0.0,0.448475,0.288864,0.020257,0.0,0.0,0.025534,0.262092,0.212835,0.0,0.131497,0.448866,0.058093,0.0,0.219637,0.044194,0.334944,0.0,0.0,0.0,0.0,0.0,0.0,0.009505,0.0,0.230711,0.291577,0.0,0.0,0.0,0.0,0.173493,0.002377,0.0,0.0,0.246568,0.0,0.0,0.012295,0.288655,0.217125,0.007021,0.670229,0.279541,0.0,0.0,0.0,0.400028,0.0,0.009127,0.0,0.077789,0.0,0.096672,0.259282,0.421753,0.035,0.340251,0.173179,0.431009,0.0,0.000298,0.209175,0.0,0.311479,0.0,0.0,0.0,0.0,0.0,0.334541,0.0,0.347897,0.0,0.0,0.320609,0.01962,0.263588,0.017206,0.0,0.012246,0.0,0.0,0.354208,0.009006,0.026836,0.0
TCGA-85-A4CL-01Z-00-DX1.05BC31FF-3B88-489F-9BD2-5B2B31C72EDB,0.468927,0.0,0.0,0.0,0.0,0.385218,0.029553,0.381475,0.012816,0.312326,0.327485,0.184319,0.0,0.0,0.0,0.437072,0.0,0.137777,0.0,0.276253,0.003919,0.042167,0.0,0.0,0.0,0.0,0.371337,0.0,0.166261,0.44411,0.0,0.0,0.341788,0.941432,0.0,0.004517,0.011814,0.0,0.0,0.302129,0.0,0.013121,0.0,0.358238,0.0,0.169357,0.0,0.0,0.0,0.009077,0.0,0.053946,0.0,0.488574,0.0,0.237811,0.284613,0.078827,0.225103,0.227248,0.0,0.009276,0.007521,0.286443,0.228103,0.057562,0.284072,0.0,0.147078,0.0,0.0,0.0,0.016624,0.148741,0.0,0.2107,0.0,0.294469,0.19677,0.0,0.0,0.489369,0.315568,0.0,0.0,0.128215,0.010118,0.0,0.409865,0.217281,0.119792,0.0,0.223146,0.0,0.318459,0.210337,0.0,0.0,0.0,0.340136,0.0,0.0,0.250115,0.4155,0.08271,0.0,0.003909,0.25799,0.372461,0.0,0.259629,0.0,0.007036,0.0,1e-06,0.0,0.0,0.112395,0.34316,0.033678,0.057981,0.0,0.134954,0.0,0.034169,0.001547,0.01056,0.106112,0.43926,0.0,0.265704,0.0,0.030323,0.006639,0.021025,0.368795,0.0,0.034455,0.260622,0.0,0.046734,0.204506,0.059541,0.06433,0.0,0.314787,0.0,0.026632,0.373782,0.0,0.258671,0.011963,0.083063,0.041618,0.0,0.209378,0.457955,0.135545,0.364734,0.0,0.254723,0.0,0.101952,0.391804,0.0,0.011753,0.0,0.0,0.0,0.144093,0.0,0.063202,0.0,0.0,0.0,0.0,0.0,0.0,0.307142,0.694288,0.360914,0.117368,0.0,0.359235,0.0,0.318303,0.0,0.354128,0.0,0.0,0.0,0.0,0.02074,0.182796,0.009158,0.012177,0.212447,0.111746,0.052146,0.0,0.328833,0.0,1.110113,0.11972,0.0,0.0,0.0602,0.917449,0.0,0.0,0.0,0.0,0.074612,0.0,0.0,0.001164,0.0,0.6925,0.0,0.0,0.0,0.361582,0.0,0.315634,0.351876,0.0,0.0,0.195389,0.0,0.0,0.0,0.248674,0.335753,0.230389,0.0,0.113284,0.410178,0.318955,0.381285,0.0,0.008084,0.0,0.008068,0.0,0.363855,0.052114,0.190167,0.0,0.221846,0.191156,0.144202,0.0,0.29513,0.0,1.179681,0.0,0.0,0.160958,0.0,0.187777,0.0,0.352867,0.0,0.054175,0.0,0.053234,0.405872,0.0,0.456127,0.27136,0.182258,0.331844,0.0,0.0,0.105215,0.101968,0.0,0.304216,0.0,0.0,0.019016,0.017561,0.233802,0.218891,0.0,0.0,0.0,0.0,0.241307,0.289664,0.261882,0.158503,0.0,0.0,0.0,0.31741,0.0,0.0,0.270694,0.017689,0.0,0.005371,0.0,0.118565,0.00301,0.119727,0.0,0.0,0.0,0.177243,0.0,0.028842,0.012512,0.0,0.110128,0.148416,0.0,0.0,0.0,0.195144,0.020148,0.223144,0.230236,0.177361,0.0,0.0,0.359348,0.13118,0.0,0.017176,0.016723,0.0,0.05883,0.003348,0.058415,0.455682,0.145317,0.0,0.0,0.0,0.212628,0.159089,0.0,0.0,0.0,0.0,0.0,0.302559,0.196755,0.081279,0.0,0.07935,0.0,0.0,0.328188,0.379883,0.0,0.060861,0.0,0.005435,0.0,0.11472,0.0,0.0,0.086692,0.009946,0.257343,0.0,0.146585,0.0,0.0,0.0,0.0,0.330228,0.434068,0.027185,0.037482,0.0,0.087336,0.0,0.348761,0.0,0.01002,0.303864,0.337554,0.183078,0.0,0.0,0.0,0.0,0.0,0.367002,0.0,0.0,0.0,0.008127,0.0,0.007344,0.0,0.322506,0.0,0.320544,0.068663,0.092984,0.0,0.023221,0.314685,0.0,0.259226,0.826374,0.0,0.0,0.298302,0.014896,0.295508,0.056189,0.010536,0.024755,0.364967,0.274738,0.005542,0.0,0.0,0.0,0.380356,0.0,0.463627,0.296845,0.007251,0.0,0.0,0.052908,0.273819,0.253183,0.0,0.166806,0.412555,0.138584,0.0,0.2139,0.043914,0.370264,0.0,0.0,0.0,0.0,0.0,0.0,0.006215,0.0,0.160439,0.181777,0.0,0.0,0.0,0.0,0.229826,0.001489,0.0,0.0,0.115088,0.0,0.0,0.013303,0.323351,0.221141,0.128662,0.683233,0.293643,0.0,0.0,0.0,0.41534,0.0,0.003647,0.0,0.07812,0.0,0.127641,0.249759,0.41406,0.057629,0.325471,0.199419,0.381477,0.0,0.004197,0.168658,0.0,0.272051,0.0,0.0,0.0,0.0,0.0,0.280736,0.0,0.335479,0.0,0.0,0.240014,0.012653,0.247925,0.030157,0.0,0.100569,0.0,0.0,0.355787,0.005694,0.025082,0.0
TCGA-77-8144-01Z-00-DX1.5194d537-c942-45f3-967b-eb213646ff24,0.404115,0.0,0.0,0.0,0.0,0.322595,0.123056,0.329243,0.091774,0.241993,0.264069,0.158139,0.0,0.0,0.0,0.353252,0.0,0.145567,0.0,0.214555,0.065196,0.100632,0.0,0.0,0.0,0.0,0.291472,0.0,0.166626,0.361658,0.0,0.0,0.285659,1.024892,0.0,0.083237,0.087772,0.0,0.0,0.311923,5e-06,0.099214,0.0,0.292021,0.0,0.202715,0.0,4e-06,0.0,0.089881,0.0,0.097873,0.0,0.577993,0.0,0.299066,0.243401,0.17655,0.167754,0.181915,0.0,0.10327,0.088169,0.219278,0.156744,0.14316,0.220821,0.0,0.187828,0.0,0.0,0.0,0.067562,0.110405,0.0,0.248532,0.0,0.221948,0.14757,0.0,0.0,0.562954,0.239721,0.0,0.0,0.083279,0.095596,0.0,0.337916,0.174151,0.092464,0.0,0.243029,0.0,0.399665,0.157848,0.0,0.0,0.0,0.278623,0.0,0.0,0.227882,0.340632,0.089968,0.0,0.089008,0.256084,0.273923,0.0,0.218372,0.0,0.083981,0.0,0.0,0.0,0.0,0.157429,0.27975,0.065684,0.143236,0.0,0.131624,0.0,0.101557,0.068605,0.096961,0.142849,0.363765,0.0,0.224416,0.0,0.120883,0.093737,0.051432,0.307319,0.0,0.047245,0.198797,0.0,0.119562,0.190553,0.148816,0.124674,0.0,0.249035,0.0,0.060965,0.310846,0.0,0.211731,0.088149,0.129546,0.133376,0.0,0.172412,0.360653,0.098642,0.300124,0.0,0.317225,0.0,0.150045,0.325041,0.0,0.096608,0.0,0.0,0.0,0.20356,0.0,0.158372,0.0,0.0,0.0,0.0,0.0,0.0,0.24541,0.764795,0.280739,0.148787,0.0,0.291692,0.0,0.275132,0.0,0.290873,0.0,0.0,0.0,0.0,0.121598,0.231454,0.088391,0.104005,0.149165,0.149474,0.113999,0.0,0.27931,0.0,1.203552,0.072623,0.0,0.0,0.137663,1.010236,0.0,0.0,0.0,0.0,0.120104,0.0,0.0,0.005103,0.0,0.775901,0.0,0.0,0.0,0.291155,2e-06,0.264063,0.287888,0.0,0.0,0.251116,0.0,0.0,0.0,0.181577,0.326355,0.183624,0.0,0.066526,0.33205,0.258793,0.310049,0.0,0.094634,0.0,0.077952,0.0,0.304296,0.120471,0.189509,0.0,0.173534,0.162604,0.207565,0.0,0.242674,0.0,1.276585,0.0,0.0,0.145644,0.0,0.176881,0.0,0.291626,0.0,0.13825,0.0,0.07121,0.333312,0.0,0.366775,0.218939,0.222195,0.270359,0.0,1e-06,0.175118,0.111725,0.0,0.240309,0.0,0.0,0.112838,0.106295,0.19035,0.191182,0.0,0.0,0.0,0.0,0.198419,0.221467,0.207144,0.138113,0.0,0.0,0.0,0.25755,0.0,0.0,0.201862,0.110502,0.0,0.086663,0.0,0.140027,0.082452,0.152093,0.0,0.0,0.0,0.129814,0.0,0.085047,0.094883,0.0,0.209917,0.215005,0.0,0.0,0.0,0.177418,0.101782,0.177458,0.195484,0.226339,0.0,0.0,0.306204,0.090164,0.0,0.093461,0.100096,0.0,0.138238,0.07788,0.099237,0.368678,0.112783,0.0,0.0,0.0,0.253966,0.134357,0.0,0.0,0.0,0.0,0.0,0.23054,0.165872,0.141954,0.0,0.123752,0.0,0.0,0.259552,0.323144,0.0,0.131882,0.0,0.082463,0.0,0.146628,0.0,0.0,0.142795,0.082226,0.202447,0.0,0.202707,0.0,0.0,0.0,0.0,0.266372,0.356291,0.0583,0.106534,0.0,0.038714,0.0,0.287573,0.0,0.1074,0.234716,0.264102,0.150516,0.0,0.0,0.0,0.0,0.0,0.286738,0.0,0.0,0.0,0.088387,0.0,0.084844,0.0,0.265368,0.0,0.28577,0.108581,0.091595,0.0,0.11246,0.247004,0.0,0.227183,0.923369,0.0,0.0,0.230985,0.104003,0.232124,0.13409,0.102507,0.054946,0.2921,0.213163,0.077414,0.0,0.0,0.0,0.360435,0.0,0.386226,0.254542,0.092668,0.0,0.0,0.0882,0.322569,0.324239,0.0,0.24254,0.348011,0.166233,0.0,0.165017,0.136064,0.433473,0.0,0.0,0.0,0.0,0.0,0.0,0.079693,0.0,0.128904,0.15015,0.0,0.0,0.0,0.0,0.260954,0.062372,0.0,0.0,0.093798,0.0,0.0,0.104942,0.421544,0.187566,0.183402,0.760415,0.242777,0.0,0.0,0.0,0.498159,0.0,0.084059,0.0,0.074268,0.0,0.196291,0.180836,0.329169,0.14776,0.253557,0.246682,0.354845,0.0,0.006057,0.225167,0.0,0.234681,0.0,0.0,0.0,0.0,0.0,0.291093,0.0,0.255655,0.0,0.0,0.23338,0.093712,0.210085,0.088422,0.0,0.115315,1e-06,0.0,0.283119,0.080051,0.11907,0.0
TCGA-56-7730-01Z-00-DX1.6f127663-c517-4b5d-99a6-a3cd314304b1,0.413185,0.0,0.0,0.0,0.0,0.341638,0.076804,0.373871,0.033692,0.278305,0.287752,0.186824,0.0,0.0,0.0,0.355526,0.0,0.152149,0.0,0.254984,0.025571,0.044725,0.0,0.0,0.0,0.0,0.361362,0.0,0.178051,0.394225,0.0,0.0,0.307308,0.923449,0.0,0.02433,0.027918,0.0,0.0,0.220621,0.0,0.030474,0.0,0.306998,0.0,0.191794,0.0,0.0,0.0,0.026836,0.0,0.081848,0.0,0.47625,0.0,0.208167,0.262168,0.106724,0.179755,0.201575,0.0,0.049449,0.036028,0.294228,0.222374,0.062803,0.276876,0.0,0.157056,0.0,0.0,0.0,0.035049,0.139371,0.0,0.163287,0.0,0.260703,0.230226,0.0,0.0,0.457615,0.291329,0.0,0.0,0.139124,0.039214,0.0,0.375802,0.213092,0.139906,0.0,0.208377,0.0,0.300478,0.224945,0.0,0.0,0.0,0.327958,0.0,0.0,0.237234,0.362175,0.132684,0.0,0.02779,0.254671,0.338659,0.0,0.248082,0.0,0.0333,0.0,0.0,0.0,0.0,0.125215,0.283586,0.038848,0.070028,0.0,0.153439,0.0,0.054223,0.017052,0.032045,0.110452,0.392309,0.0,0.222037,0.0,0.075532,0.042708,0.034763,0.332144,0.0,0.070056,0.268813,0.0,0.073591,0.231874,0.106567,0.049,0.0,0.293215,0.0,0.036333,0.315313,0.0,0.240731,0.044952,0.060839,0.063893,0.0,0.18611,0.452433,0.130259,0.333768,0.0,0.232845,0.0,0.158068,0.371943,0.0,0.049078,0.0,0.0,0.0,0.171099,0.0,0.109477,0.0,0.0,0.0,0.0,0.0,0.0,0.262718,0.63315,0.342642,0.125781,0.0,0.312375,0.0,0.267913,0.0,0.317421,0.0,0.0,0.0,0.0,0.068844,0.138338,0.034985,0.039116,0.197913,0.12176,0.071165,0.0,0.323642,0.0,1.056426,0.128703,0.0,0.0,0.059809,0.891027,0.0,0.0,0.0,0.0,0.114138,0.0,0.0,0.011525,0.0,0.68764,0.0,0.0,0.0,0.328911,0.0,0.276688,0.311667,0.0,0.0,0.204663,0.0,0.0,0.0,0.265383,0.324743,0.225712,0.0,0.12649,0.382894,0.329971,0.358951,0.0,0.033974,0.0,0.021967,0.0,0.337128,0.044549,0.196889,0.0,0.199253,0.183032,0.129126,0.0,0.256888,0.0,1.192368,0.0,0.0,0.158309,0.0,0.144254,0.0,0.33566,0.0,0.117648,0.0,0.100356,0.360778,0.0,0.394641,0.241093,0.201159,0.307525,0.0,0.0,0.09638,0.090648,0.0,0.249743,0.0,0.0,0.053056,0.065175,0.223127,0.176552,0.0,0.0,0.0,0.0,0.235939,0.255839,0.243634,0.145495,0.0,0.0,0.0,0.314251,0.0,0.0,0.282649,0.049655,0.0,0.030319,0.0,0.126565,0.03304,0.079671,0.0,0.0,0.0,0.182134,0.0,0.040685,0.038147,0.0,0.117569,0.196642,0.0,0.0,0.0,0.182163,0.035031,0.207106,0.224651,0.154323,0.0,0.0,0.360547,0.163235,0.0,0.040312,0.046686,0.0,0.053368,0.028631,0.119861,0.40811,0.150923,0.0,0.0,0.0,0.207088,0.150498,0.0,0.0,0.0,0.0,0.0,0.292133,0.18109,0.09974,0.0,0.085839,0.0,0.0,0.290925,0.324421,0.0,0.074442,0.0,0.028844,0.0,0.139127,0.0,0.0,0.071105,0.029571,0.247184,0.0,0.135886,0.0,0.0,0.0,0.0,0.303935,0.405049,0.029308,0.066278,0.0,0.120159,0.0,0.292196,0.0,0.028026,0.278963,0.310851,0.179479,0.0,0.0,0.0,0.0,0.0,0.34778,0.0,0.0,0.0,0.025735,0.0,0.043482,0.0,0.354957,0.0,0.288984,0.064052,0.12235,0.0,0.041632,0.284324,0.0,0.27095,0.820219,0.0,0.0,0.280482,0.034063,0.287948,0.063146,0.058338,0.032658,0.399244,0.280288,0.025783,0.0,0.0,0.0,0.392709,0.0,0.386202,0.286909,0.042994,0.0,0.0,0.111274,0.264244,0.274696,0.0,0.158574,0.371201,0.149838,0.0,0.205414,0.087223,0.362131,0.0,0.0,0.0,0.0,0.0,0.0,0.02722,0.0,0.173198,0.184922,0.0,0.0,0.0,0.0,0.227129,0.020213,0.0,0.0,0.172188,0.0,0.0,0.038186,0.289249,0.184317,0.098762,0.668047,0.22521,0.0,0.0,0.0,0.383381,0.0,0.030257,0.0,0.138248,0.0,0.135729,0.2285,0.352607,0.075118,0.291128,0.189348,0.365357,0.0,0.006855,0.191029,0.0,0.229579,0.0,0.0,0.0,0.0,0.0,0.234112,0.0,0.314144,0.0,0.0,0.264155,0.041,0.265798,0.043286,0.0,0.117557,0.0,0.0,0.293089,0.024816,0.055622,0.0
TCGA-85-8276-01Z-00-DX1.6306624d-e197-4744-a872-0a20413bd9fa,0.338339,0.0,0.0,0.0,0.0,0.264983,0.245913,0.277872,0.19276,0.194494,0.204408,0.204725,0.0,0.0,0.0,0.296454,0.0,0.112344,0.0,0.201701,0.143995,0.079099,0.0,0.0,0.0,0.0,0.239624,0.0,0.137776,0.308617,0.0,0.0,0.217997,0.979078,0.0,0.183012,0.195941,0.0,0.0,0.336158,0.0,0.196056,0.0,0.222082,0.0,0.1451,0.0,0.0,0.0,0.197947,0.0,0.042321,0.0,0.51783,0.0,0.252951,0.175681,0.274148,0.137127,0.129159,0.0,0.219079,0.189476,0.212411,0.170383,0.168871,0.170278,0.0,0.134435,0.0,0.0,0.0,0.100835,0.091647,0.0,0.233293,0.0,0.188678,0.174667,0.0,0.0,0.524123,0.210897,0.0,0.0,0.090006,0.200702,0.0,0.270625,0.138349,0.065572,0.0,0.293667,0.0,0.34154,0.160304,0.0,0.0,0.0,0.229537,0.0,0.0,0.228649,0.280683,0.07187,0.0,0.211404,0.203441,0.251874,0.0,0.214281,0.0,0.1663,0.0,0.0,0.0,0.0,0.113749,0.226964,0.039484,0.11796,0.0,0.098086,0.0,0.149093,0.159487,0.193417,0.097243,0.319405,0.0,0.152793,0.0,0.228863,0.200914,0.048233,0.235649,0.0,0.049481,0.20948,0.0,0.158031,0.139223,0.222023,0.109488,0.0,0.221045,0.0,0.048013,0.240344,0.0,0.162264,0.184617,0.090179,0.199888,0.0,0.135221,0.326552,0.122852,0.258901,0.0,0.296282,1e-06,0.220445,0.278269,0.0,0.195214,0.0,0.0,0.0,0.150163,0.0,0.230329,0.0,0.0,0.0,1e-06,0.0,0.0,0.196329,0.717225,0.243304,0.181338,0.0,0.242613,0.0,0.203565,0.0,0.23919,0.0,0.0,0.0,0.0,0.229673,0.218402,0.188373,0.205008,0.139607,0.087584,0.113357,0.0,0.209342,2e-06,1.113697,0.081876,0.0,0.0,0.185746,0.932765,0.0,0.0,1.1e-05,0.0,0.187298,0.0,0.0,0.007459,0.0,0.722895,0.0,0.0,0.0,0.230643,1e-06,0.237692,0.240894,0.0,0.0,0.198894,0.0,0.0,0.0,0.162483,0.340103,0.18479,0.0,0.090508,0.267706,0.227734,0.260603,0.0,0.216499,0.0,0.184261,0.0,0.289923,0.122901,0.143203,0.0,0.14888,0.129026,0.180573,0.0,0.194579,0.0,1.223299,0.0,0.0,0.081345,0.0,0.101021,0.0,0.246511,0.0,0.240433,0.0,0.10144,0.263821,0.0,0.30399,0.181354,0.203571,0.206614,0.0,0.0,0.153551,0.069564,0.0,0.181395,0.0,0.0,0.22936,0.220099,0.15446,0.14175,0.0,0.0,0.0,0.0,0.172863,0.178938,0.173412,0.07528,0.0,0.0,0.0,0.2267,0.0,0.0,0.181247,0.211433,0.0,0.186948,0.0,0.08996,0.198121,0.108067,0.0,0.0,0.0,0.11159,0.0,0.034035,0.189538,0.0,0.211988,0.302488,0.0,0.0,0.0,0.125291,0.188219,0.13045,0.146266,0.16034,0.0,0.0,0.276064,0.111098,0.0,0.194446,0.20737,0.0,0.1223,0.159304,0.147229,0.289661,0.102577,0.0,0.0,0.0,0.186213,0.100469,0.0,3e-06,0.0,0.0,0.0,0.198928,0.120886,0.169107,0.0,0.118175,0.0,0.0,0.203176,0.245656,0.0,0.137346,0.0,0.177153,0.0,0.112234,0.0,0.0,0.127087,0.141932,0.158737,0.0,0.1287,0.0,0.0,0.0,0.0,0.217782,0.293328,0.041638,0.150376,0.0,0.078466,0.0,0.234045,0.0,0.231604,0.20491,0.217569,0.175976,0.0,0.0,0.0,0.0,0.0,0.238024,0.0,0.0,0.0,0.201003,0.0,0.182271,0.0,0.228253,0.0,0.219613,0.0987,0.090133,0.0,0.209151,0.209813,0.0,0.25822,0.84126,0.0,0.0,0.210759,0.203648,0.187374,0.130207,0.199,0.059347,0.286867,0.179353,0.155311,0.0,0.0,0.0,0.400091,0.0,0.324392,0.194943,0.197349,0.0,1e-06,0.117138,0.320414,0.301962,0.0,0.215263,0.322943,0.090786,0.0,0.132042,0.244998,0.399725,0.0,0.0,0.0,0.0,0.0,0.0,0.160333,0.0,0.181834,0.175482,0.0,0.0,0.0,0.0,0.18445,0.155482,0.0,0.0,0.145535,0.0,0.0,0.22191,0.391117,0.145511,0.163259,0.701106,0.180708,0.0,0.0,0.0,0.436208,0.0,0.184918,0.0,0.071304,0.0,0.242886,0.158069,0.268726,0.241736,0.210317,0.176071,0.383664,0.0,0.005748,0.308224,0.0,0.204092,0.0,0.0,0.0,0.0,0.0,0.326428,0.0,0.221266,0.0,0.0,0.278623,0.198016,0.174176,0.111661,0.0,0.043769,0.0,0.0,0.223632,0.169585,0.20998,0.0
TCGA-77-7138-01Z-00-DX1.8c912762-0829-4692-92a2-545fea2b3e48,0.433586,0.0,0.0,0.0,0.0,0.355019,0.055126,0.356157,0.03141,0.273934,0.302759,0.162067,0.0,0.0,0.0,0.378153,0.0,0.175385,0.0,0.234064,0.020814,0.107009,0.0,0.0,0.0,0.0,0.335517,0.0,0.211147,0.405069,0.0,0.0,0.321395,1.039789,0.0,0.02184,0.030499,0.0,0.0,0.279024,0.0,0.042013,0.0,0.325988,0.0,0.237897,0.0,0.0,0.0,0.025178,0.0,0.111343,0.0,0.578574,0.0,0.306994,0.272322,0.134224,0.185744,0.201446,0.0,0.034898,0.029744,0.264864,0.199718,0.107097,0.265756,0.0,0.214979,0.0,0.0,0.0,0.059691,0.128154,0.0,0.212269,0.0,0.248738,0.172096,0.0,0.0,0.564463,0.28022,0.0,0.0,0.102903,0.037143,0.0,0.388681,0.205228,0.110448,0.0,0.21384,0.0,0.398219,0.182175,0.0,0.0,0.0,0.314187,0.0,0.0,0.231834,0.371597,0.091877,0.0,0.016687,0.302057,0.318518,0.0,0.241007,0.0,0.03368,0.0,0.0,0.0,0.0,0.182869,0.300707,0.081489,0.133973,0.0,0.154795,0.0,0.063,0.01105,0.041953,0.167821,0.385287,0.0,0.245125,0.0,0.073751,0.031923,0.070645,0.344938,0.0,0.048252,0.250946,0.0,0.102712,0.226159,0.102612,0.109474,0.0,0.2757,0.0,0.082311,0.341653,0.0,0.242086,0.038945,0.149459,0.096413,0.0,0.190529,0.419187,0.105675,0.334907,0.0,0.32792,0.0,0.118832,0.358076,0.0,0.039076,0.0,0.0,0.0,0.231029,0.0,0.103966,0.0,0.0,0.0,0.0,0.0,0.0,0.276625,0.772209,0.326752,0.117703,0.0,0.318738,0.0,0.291142,0.0,0.321094,0.0,0.0,0.0,0.0,0.062574,0.170539,0.032319,0.046057,0.172775,0.171831,0.10901,0.0,0.306903,0.0,1.222458,0.102725,0.0,0.0,0.100491,1.02463,0.0,0.0,0.0,0.0,0.092461,0.0,0.0,0.010719,0.0,0.794893,0.0,0.0,0.0,0.320562,0.0,0.272139,0.321559,0.0,0.0,0.286689,0.0,0.0,0.0,0.215727,0.306646,0.203707,0.0,0.090139,0.370293,0.292195,0.34439,0.0,0.023511,0.0,0.019983,0.0,0.326191,0.103746,0.229064,0.0,0.19298,0.189048,0.206175,0.0,0.272883,0.0,1.309964,0.0,0.0,0.159664,0.0,0.177251,0.0,0.338497,0.0,0.087718,0.0,0.075392,0.370537,0.0,0.411716,0.254203,0.186752,0.301218,0.0,0.0,0.166575,0.120623,0.0,0.271224,0.0,0.0,0.042919,0.056384,0.212602,0.193562,0.0,0.0,0.0,0.0,0.221608,0.258312,0.233408,0.164576,0.0,0.0,0.0,0.283704,0.0,0.0,0.247289,0.057463,0.0,0.026299,0.0,0.163396,0.018248,0.163504,0.0,0.0,0.0,0.158899,0.0,0.092815,0.044012,0.0,0.178232,0.167545,0.0,0.0,0.0,0.196565,0.053079,0.200749,0.215179,0.249421,0.0,0.0,0.329428,0.121656,0.0,0.037611,0.040027,0.0,0.122632,0.020458,0.073526,0.416066,0.127942,0.0,0.0,0.0,0.289071,0.162526,0.0,0.0,0.0,0.0,0.0,0.271416,0.175591,0.132235,0.0,0.108094,0.0,0.0,0.298154,0.351416,0.0,0.120786,0.0,0.029858,0.0,0.18348,0.0,0.0,0.138485,0.046146,0.238098,0.0,0.212542,0.0,0.0,0.0,0.0,0.303997,0.402859,0.080434,0.085105,0.0,0.068204,0.0,0.317536,0.0,0.03385,0.269941,0.302546,0.153005,0.0,0.0,0.0,0.0,0.0,0.327414,0.0,0.0,0.0,0.028766,0.0,0.031964,0.0,0.318534,0.0,0.301697,0.116808,0.125453,0.0,0.060611,0.266672,0.0,0.246073,0.946283,0.0,0.0,0.27323,0.054396,0.278853,0.119569,0.043176,0.069082,0.36697,0.248536,0.028571,0.0,0.0,0.0,0.350348,0.0,0.406393,0.292708,0.03419,0.0,0.0,0.064598,0.283436,0.330907,0.0,0.24118,0.367437,0.184627,0.0,0.195855,0.091296,0.444657,0.0,0.0,0.0,0.0,0.0,0.0,0.031752,0.0,0.12259,0.160306,0.0,0.0,0.0,0.0,0.291879,0.007916,0.0,0.0,0.135246,0.0,0.0,0.038699,0.410865,0.19894,0.135274,0.774625,0.260147,0.0,0.0,0.0,0.511554,0.0,0.017952,0.0,0.122626,0.0,0.171339,0.213824,0.352886,0.09021,0.281272,0.27909,0.330745,0.0,0.012031,0.185047,0.0,0.246997,0.0,0.0,0.0,0.0,0.0,0.249814,0.0,0.303822,0.0,0.0,0.230613,0.040976,0.261769,0.077866,0.0,0.130401,0.0,0.0,0.314406,0.025092,0.079651,0.0
TCGA-21-A5DI-01Z-00-DX1.E9123261-ADE7-468C-9E9A-334E131FFF97,0.449441,0.0,0.0,0.0,0.0,0.351264,0.09268,0.387329,0.054736,0.26331,0.269702,0.260742,0.0,0.0,0.0,0.337463,0.0,0.136503,0.0,0.247975,0.033374,0.063404,0.0,0.0,0.0,0.0,0.329267,0.0,0.167963,0.413857,0.0,0.0,0.306769,1.018129,0.0,0.044474,0.042457,0.0,0.0,0.330013,0.0,0.053797,0.0,0.305614,0.0,0.187282,0.0,1e-06,0.0,0.058312,0.0,0.069449,0.0,0.528927,0.0,0.248501,0.245061,0.140799,0.171268,0.189042,0.0,0.056755,0.054449,0.287236,0.208775,0.079173,0.215228,0.0,0.177079,0.0,0.0,0.0,0.049089,0.156659,0.0,0.214578,0.0,0.248039,0.232856,0.0,0.0,0.541879,0.25506,0.0,0.0,0.11473,0.04442,0.0,0.374811,0.185972,0.068084,0.0,0.287844,0.0,0.360563,0.201962,0.0,0.0,0.0,0.335952,0.0,0.0,0.29483,0.366988,0.044713,0.0,0.041124,0.231101,0.311078,0.0,0.294127,0.0,0.044106,0.0,0.0,0.0,0.0,0.123118,0.307485,0.045489,0.080015,0.0,0.10093,0.0,0.059109,0.024379,0.053509,0.118804,0.393878,0.0,0.207775,0.0,0.091641,0.052019,0.048505,0.330621,0.0,0.018215,0.230846,0.0,0.082602,0.179515,0.114908,0.069061,0.0,0.280934,0.0,0.063056,0.30321,0.0,0.217854,0.061342,0.078418,0.086543,0.0,0.167452,0.416187,0.149052,0.325776,0.0,0.269523,0.0,0.158921,0.375203,0.0,0.079237,0.0,0.0,0.0,0.202613,0.0,0.112257,0.0,0.0,0.0,0.0,0.0,0.0,0.27001,0.738608,0.318063,0.167498,0.0,0.292215,0.0,0.281744,0.0,0.29475,0.0,0.0,0.0,0.0,0.081806,0.202391,0.05746,0.058349,0.163408,0.12904,0.09208,0.0,0.323752,0.0,1.199977,0.091615,0.0,0.0,0.0911,1.009279,0.0,0.0,0.0,0.0,0.122959,0.0,0.0,0.023983,0.0,0.751548,0.0,0.0,0.0,0.319811,0.0,0.297578,0.326208,0.0,0.0,0.275176,0.0,0.0,0.0,0.213985,0.376426,0.20802,0.0,0.093525,0.370897,0.313362,0.367045,0.0,0.065634,0.0,0.03722,0.0,0.369391,0.061829,0.18602,0.0,0.184232,0.181277,0.154034,0.0,0.240643,0.0,1.254503,0.0,0.0,0.122783,0.0,0.137098,0.0,0.325953,0.0,0.14191,0.0,0.068746,0.361133,0.0,0.396597,0.225987,0.190523,0.291475,0.0,0.0,0.097622,0.069259,0.0,0.249971,0.0,0.0,0.072636,0.063427,0.211454,0.171957,0.0,0.0,0.0,0.0,0.226764,0.217113,0.248117,0.105703,0.0,0.0,0.0,0.297701,0.0,0.0,0.232061,0.079434,0.0,0.04951,0.0,0.12024,0.043185,0.102408,0.0,0.0,0.0,0.148141,0.0,0.064537,0.052663,0.0,0.165693,0.236127,0.0,0.0,0.0,0.153119,0.052564,0.201936,0.215388,0.201712,0.0,0.0,0.357872,0.123538,0.0,0.053045,0.083958,0.0,0.06883,0.06031,0.111193,0.412373,0.144767,0.0,0.0,0.0,0.25202,0.104963,0.0,0.0,0.0,0.0,0.0,0.263122,0.198397,0.097606,0.0,0.043647,0.0,0.0,0.279239,0.339239,0.0,0.10637,0.0,0.042261,0.0,0.122401,0.0,0.0,0.083714,0.048433,0.205545,0.0,0.197716,0.0,0.0,0.0,0.0,0.311584,0.400929,0.048911,0.071678,0.0,0.074211,0.0,0.31422,0.0,0.055265,0.270099,0.294414,0.219264,0.0,0.0,0.0,0.0,0.0,0.324127,0.0,0.0,0.0,0.043012,0.0,0.04465,0.0,0.304686,0.0,0.280287,0.078653,0.098982,0.0,0.091793,0.265528,0.0,0.304522,0.898549,0.0,0.0,0.259131,0.068566,0.264882,0.067863,0.083974,0.038325,0.342264,0.248302,0.033541,0.0,0.0,0.0,0.41554,0.0,0.388672,0.273113,0.057676,0.0,0.0,0.109272,0.339945,0.281743,0.0,0.202806,0.40785,0.137428,0.0,0.196001,0.104103,0.42524,0.0,0.0,0.0,0.0,0.0,0.0,0.053314,0.0,0.191386,0.228453,0.0,0.0,0.0,0.0,0.24087,0.020663,0.0,0.0,0.119014,0.0,0.0,0.053702,0.374922,0.188724,0.060014,0.749016,0.243554,0.0,0.0,0.0,0.468906,0.0,0.049344,0.0,0.061519,0.0,0.149862,0.213618,0.350254,0.11112,0.264258,0.233387,0.393802,0.0,0.002041,0.240167,0.0,0.249135,0.0,0.0,0.0,0.0,0.0,0.326009,0.0,0.289561,0.0,0.0,0.311554,0.046169,0.216276,0.055261,0.0,0.081422,0.0,0.0,0.300468,0.044337,0.082335,0.0
TCGA-43-5668-01Z-00-DX1.0d024872-fbcc-4e91-948b-acc96a00d5eb,0.406242,0.0,0.0,0.0,0.0,0.347965,0.080581,0.32794,0.042096,0.253962,0.291595,0.168688,0.0,0.0,0.0,0.381806,0.0,0.180657,0.0,0.219826,0.035559,0.123026,0.0,0.0,0.0,0.0,0.314436,0.0,0.207688,0.370933,0.0,0.0,0.292989,1.063407,0.0,0.036721,0.039476,0.0,0.0,0.277401,0.0,0.052433,0.0,0.315212,0.0,0.241355,0.0,2e-06,0.0,0.039933,0.0,0.111515,0.0,0.60998,0.0,0.333814,0.258389,0.145381,0.169399,0.186544,0.0,0.045916,0.046778,0.236119,0.172758,0.133161,0.249181,0.0,0.233182,0.0,0.0,0.0,0.058785,0.104672,0.0,0.187454,0.0,0.230813,0.159778,0.0,0.0,0.594436,0.27073,0.0,0.0,0.090819,0.05282,0.0,0.365589,0.194551,0.100865,0.0,0.203831,0.0,0.412737,0.165351,0.0,0.0,0.0,0.297233,0.0,0.0,0.203767,0.357431,0.101387,0.0,0.028967,0.323482,0.295291,0.0,0.216156,0.0,0.0499,0.0,0.0,0.0,0.0,0.206915,0.288468,0.085338,0.158218,0.0,0.149929,0.0,0.0797,0.018403,0.053436,0.181016,0.380133,0.0,0.233741,0.0,0.078046,0.04006,0.073158,0.323428,0.0,0.040184,0.249543,0.0,0.107521,0.225034,0.119366,0.135483,0.0,0.261599,0.0,0.074911,0.332464,0.0,0.227208,0.051129,0.176896,0.090476,0.0,0.18587,0.403771,0.100236,0.328007,0.0,0.355205,0.0,0.1316,0.327314,0.0,0.050635,0.0,0.0,0.0,0.236682,0.0,0.117716,0.0,0.0,0.0,0.0,0.0,0.0,0.252978,0.817931,0.315059,0.128445,0.0,0.320265,0.0,0.291205,0.0,0.314619,0.0,0.0,0.0,0.0,0.077274,0.161004,0.044154,0.062294,0.160813,0.171219,0.111598,0.0,0.282983,0.0,1.262887,0.08167,0.0,0.0,0.113382,1.049773,0.0,0.0,0.0,0.0,0.093203,0.0,0.0,0.005333,0.0,0.809108,0.0,0.0,0.0,0.298346,0.0,0.278198,0.302499,0.0,0.0,0.305683,0.0,0.0,0.0,0.196924,0.295081,0.20451,0.0,0.077285,0.352434,0.271864,0.332684,0.0,0.035707,0.0,0.033045,0.0,0.303713,0.116613,0.226265,0.0,0.180716,0.170297,0.224243,0.0,0.274041,0.0,1.348374,0.0,0.0,0.152937,0.0,0.189669,0.0,0.329389,0.0,0.082237,0.0,0.0586,0.360587,0.0,0.399481,0.235078,0.176157,0.282599,0.0,0.0,0.182843,0.136706,0.0,0.246696,0.0,0.0,0.057878,0.068245,0.198509,0.20094,0.0,0.0,0.0,0.0,0.210514,0.244111,0.218416,0.157692,0.0,0.0,0.0,0.262702,0.0,0.0,0.218417,0.072917,0.0,0.039123,0.0,0.156118,0.031362,0.193485,0.0,0.0,0.0,0.151739,0.0,0.10715,0.057864,0.0,0.19226,0.186487,0.0,0.0,0.0,0.201387,0.064725,0.168962,0.201661,0.280602,0.0,0.0,0.322328,0.107231,0.0,0.054127,0.045288,0.0,0.155013,0.028325,0.07243,0.385442,0.110382,0.0,0.0,0.0,0.293684,0.159452,0.0,0.0,0.0,0.0,0.0,0.258402,0.155609,0.153934,0.0,0.120749,0.0,0.0,0.273249,0.335871,0.0,0.133849,0.0,0.041151,0.0,0.192588,0.0,0.0,0.157409,0.066029,0.223386,0.0,0.219949,0.0,0.0,0.0,0.0,0.286533,0.37716,0.067011,0.09633,0.0,0.061788,0.0,0.29718,0.0,0.045539,0.246882,0.277546,0.136769,0.0,0.0,0.0,0.0,0.0,0.288455,0.0,0.0,0.0,0.047207,0.0,0.035553,0.0,0.294984,0.0,0.30626,0.128459,0.144797,0.0,0.076658,0.264694,0.0,0.265077,0.977267,0.0,0.0,0.252863,0.065523,0.250237,0.137409,0.057217,0.070645,0.35814,0.221778,0.041582,0.0,0.0,0.0,0.316165,0.0,0.410184,0.267844,0.044421,0.0,0.0,0.05446,0.264948,0.347382,0.0,0.269062,0.337314,0.176968,0.0,0.171818,0.102551,0.465088,0.0,0.0,0.0,0.0,0.0,0.0,0.040341,0.0,0.093411,0.137096,0.0,0.0,0.0,0.0,0.307024,0.01412,0.0,0.0,0.143425,0.0,0.0,0.047639,0.452682,0.187427,0.174149,0.805823,0.253437,0.0,0.0,0.0,0.545537,0.0,0.029267,0.0,0.111793,0.0,0.193222,0.19338,0.340306,0.11286,0.279953,0.287406,0.316122,0.0,0.003756,0.188715,0.0,0.237951,0.0,0.0,0.0,0.0,0.0,0.254195,0.0,0.27787,0.0,0.0,0.205489,0.056179,0.244458,0.083166,0.0,0.1126,0.0,0.0,0.30114,0.040578,0.088519,0.0
TCGA-63-5128-01Z-00-DX1.7D6C6ABF-D035-4F48-811B-629A0B4AD597,0.477194,0.0,0.0,0.0,0.0,0.378034,0.029488,0.413264,0.006145,0.296337,0.323039,0.107077,0.0,0.0,0.0,0.425012,0.0,0.17006,0.0,0.270067,0.003465,0.039156,0.0,0.0,0.0,0.0,0.396192,0.0,0.195731,0.436486,0.0,0.0,0.329853,0.922808,0.0,0.00361,0.007136,0.0,0.0,0.198288,0.0,0.007082,0.0,0.353868,0.0,0.183545,0.0,0.0,0.0,0.009071,0.0,0.103006,0.0,0.487493,0.0,0.211589,0.32048,0.049143,0.217419,0.239299,0.0,0.010159,0.009016,0.272176,0.205834,0.071405,0.3356,0.0,0.164384,0.0,0.0,0.0,0.008708,0.163633,0.0,0.196316,0.0,0.29998,0.164052,0.0,0.0,0.491454,0.327595,0.0,0.0,0.136191,0.009956,0.0,0.442094,0.250536,0.177576,0.0,0.171528,0.0,0.314506,0.209711,0.0,0.0,0.0,0.360954,0.0,0.0,0.197053,0.419554,0.187901,0.0,0.004867,0.271879,0.364364,0.0,0.227517,0.0,0.007547,0.0,0.0,0.0,0.0,0.131466,0.340934,0.028923,0.094796,0.0,0.197557,0.0,0.063886,0.004531,0.007642,0.154076,0.45141,0.0,0.295724,0.0,0.029341,0.009184,0.02583,0.385602,0.0,0.055273,0.251924,0.0,0.052067,0.279116,0.080678,0.074337,0.0,0.320464,0.0,0.010671,0.365564,0.0,0.276233,0.006914,0.056363,0.032475,0.0,0.200008,0.457309,0.102675,0.371296,0.0,0.229999,0.0,0.108743,0.38261,0.0,0.010463,0.0,0.0,0.0,0.172625,0.0,0.086389,0.0,0.0,0.0,0.0,0.0,0.0,0.302913,0.67408,0.373349,0.101291,0.0,0.360043,0.0,0.331213,0.0,0.368705,0.0,0.0,0.0,0.0,0.020501,0.173975,0.008815,0.011843,0.212532,0.141351,0.065703,0.0,0.357201,0.0,1.085146,0.133063,0.0,0.0,0.070261,0.891242,0.0,0.0,0.0,0.0,0.072734,0.0,0.0,0.007072,0.0,0.690023,0.0,0.0,0.0,0.385112,0.0,0.330258,0.350962,0.0,0.0,0.163444,0.0,0.0,0.0,0.268823,0.337745,0.222567,0.0,0.113837,0.43682,0.355599,0.410524,0.0,0.007264,0.0,0.004509,0.0,0.356902,0.068974,0.215153,0.0,0.217199,0.216691,0.150889,0.0,0.313448,0.0,1.158223,0.0,0.0,0.200508,0.0,0.24988,0.0,0.358478,0.0,0.049173,0.0,0.101697,0.422903,0.0,0.452006,0.281642,0.228797,0.364447,0.0,0.0,0.153711,0.149266,0.0,0.29502,0.0,0.0,0.01198,0.013043,0.262432,0.229007,0.0,0.0,0.0,0.0,0.250483,0.321005,0.276375,0.201734,0.0,0.0,0.0,0.315398,0.0,0.0,0.291926,0.010491,0.0,0.00601,0.0,0.158067,0.005995,0.133063,0.0,0.0,0.0,0.18581,0.0,0.055059,0.00897,0.0,0.116996,0.130759,0.0,0.0,0.0,0.23812,0.011878,0.226912,0.253157,0.180892,0.0,0.0,0.366545,0.117597,0.0,0.011926,0.009702,0.0,0.060378,0.011791,0.097465,0.458821,0.15491,0.0,0.0,0.0,0.196611,0.199058,0.0,0.0,0.0,0.0,0.0,0.325571,0.212581,0.08522,0.0,0.178001,0.0,0.0,0.350969,0.3772,0.0,0.051377,0.0,0.006857,0.0,0.105487,0.0,0.0,0.082278,0.008907,0.249023,0.0,0.174522,0.0,0.0,0.0,9.2e-05,0.342984,0.449746,0.033596,0.03671,0.0,0.089367,0.0,0.353234,0.0,0.006695,0.306583,0.364818,0.143903,0.0,0.0,0.0,0.0,0.0,0.386402,0.0,0.0,0.0,0.006641,0.0,0.008579,0.0,0.35055,0.0,0.331719,0.072447,0.113718,0.0,0.017295,0.32745,0.0,0.186053,0.818896,0.0,0.0,0.299016,0.01088,0.324763,0.0617,0.008676,0.014938,0.363803,0.314923,0.003917,0.0,0.0,0.0,0.375486,0.0,0.472015,0.317916,0.005614,0.0,0.0,0.08971,0.23839,0.243249,0.0,0.162485,0.378243,0.199369,0.0,0.22309,0.032283,0.35564,0.0,0.0,0.0,0.0,0.0,0.0,0.00486,0.0,0.118793,0.1353,0.0,0.0,0.0,0.0,0.249833,0.004035,0.0,0.0,0.099176,0.0,0.0,0.009339,0.311231,0.222761,0.229557,0.6612,0.286889,0.0,0.0,0.0,0.396178,0.0,0.00553,0.0,0.122359,0.0,0.114757,0.256277,0.406415,0.039366,0.324801,0.199225,0.372403,0.0,0.011432,0.143833,0.0,0.275941,0.0,0.0,0.0,0.0,0.0,0.2213,0.0,0.336474,0.0,0.0,0.203135,0.008864,0.272038,0.021094,0.0,0.163941,0.0,0.0,0.339139,0.004631,0.023112,0.0
TCGA-60-2698-01Z-00-DX1.738ae69e-5170-46d6-b691-9f761f9a794b,0.450766,0.0,0.0,0.0,0.0,0.35298,0.067971,0.405096,0.014833,0.291346,0.30779,0.155318,0.0,0.0,0.0,0.400469,0.0,0.157777,0.0,0.272177,0.012645,0.037461,0.0,0.0,0.0,0.0,0.382445,0.0,0.189856,0.414325,0.0,0.0,0.315654,0.919686,0.0,0.013312,0.016918,0.0,0.0,0.220809,0.0,0.019043,0.0,0.330759,0.0,0.176341,0.0,0.0,0.0,0.025293,0.0,0.099655,0.0,0.475106,0.0,0.189938,0.299121,0.067453,0.206382,0.226569,0.0,0.027893,0.026278,0.285924,0.227693,0.067051,0.305576,0.0,0.154369,0.0,0.0,0.0,0.015634,0.159831,0.0,0.179044,0.0,0.285466,0.20303,0.0,0.0,0.476179,0.305617,0.0,0.0,0.144934,0.02464,0.0,0.407977,0.226207,0.170262,0.0,0.194167,0.0,0.298074,0.226785,0.0,0.0,0.0,0.36972,0.0,0.0,0.21862,0.395198,0.167447,0.0,0.024018,0.248603,0.353975,0.0,0.245886,0.0,0.016325,0.0,0.0,0.0,0.0,0.111567,0.335695,0.033138,0.078645,0.0,0.181513,0.0,0.067613,0.01559,0.018202,0.126814,0.43102,0.0,0.260077,0.0,0.046356,0.025895,0.030624,0.361247,0.0,0.042403,0.259923,0.0,0.060905,0.233234,0.083369,0.060697,0.0,0.313916,0.0,0.013021,0.338833,0.0,0.258868,0.021908,0.052568,0.045043,0.0,0.19289,0.465787,0.126477,0.355586,0.0,0.225748,0.0,0.13985,0.383663,0.0,0.031888,0.0,0.0,0.0,0.171525,0.0,0.097642,0.0,0.0,0.0,0.0,0.0,0.0,0.287997,0.654189,0.360086,0.118252,0.0,0.336844,0.0,0.303628,0.0,0.348232,0.0,0.0,0.0,0.0,0.045673,0.166652,0.023277,0.026943,0.202808,0.132156,0.057665,0.0,0.34321,0.0,1.069358,0.127381,0.0,0.0,0.061331,0.886434,0.0,0.0,0.0,0.0,0.091727,0.0,0.0,0.018345,0.0,0.686017,0.0,0.0,0.0,0.365227,0.0,0.314729,0.338616,0.0,0.0,0.163359,0.0,0.0,0.0,0.275629,0.346823,0.222278,0.0,0.124308,0.423606,0.357004,0.404749,0.0,0.027505,0.0,0.018181,0.0,0.362086,0.05144,0.204295,0.0,0.221631,0.212177,0.141165,0.0,0.285368,0.0,1.159418,0.0,0.0,0.175516,0.0,0.207152,0.0,0.346637,0.0,0.09192,0.0,0.097975,0.393052,0.0,0.429752,0.263436,0.217513,0.338788,0.0,0.0,0.121036,0.137056,0.0,0.282148,0.0,0.0,0.035831,0.027277,0.250167,0.200381,0.0,0.0,0.0,0.0,0.236829,0.30858,0.27121,0.169063,0.0,0.0,0.0,0.316724,0.0,0.0,0.28582,0.026348,0.0,0.023647,0.0,0.143156,0.024569,0.107542,0.0,0.0,0.0,0.188219,0.0,0.049192,0.023585,0.0,0.107082,0.169944,0.0,0.0,0.0,0.215075,0.022507,0.216888,0.246023,0.172293,0.0,0.0,0.373898,0.141664,0.0,0.023956,0.030056,0.0,0.051362,0.034647,0.11691,0.441393,0.158952,0.0,0.0,0.0,0.188013,0.188445,0.0,0.0,0.0,0.0,0.0,0.317238,0.206442,0.087861,0.0,0.127664,0.0,0.0,0.330809,0.35252,0.0,0.05817,0.0,0.019283,0.0,0.098094,0.0,0.0,0.070875,0.018194,0.233837,0.0,0.152741,0.0,0.0,0.0,0.0,0.328937,0.429855,0.028651,0.048917,0.0,0.117662,0.0,0.331991,0.0,0.022565,0.300032,0.346864,0.179106,0.0,0.0,0.0,0.0,0.0,0.374613,0.0,0.0,0.0,0.016478,0.0,0.023736,0.0,0.348476,0.0,0.301698,0.062885,0.128407,0.0,0.030862,0.32204,0.0,0.224167,0.805804,0.0,0.0,0.291772,0.021479,0.3055,0.050979,0.031403,0.016724,0.375409,0.308863,0.012925,0.0,0.0,0.0,0.395444,0.0,0.445024,0.300681,0.020757,0.0,0.0,0.102686,0.25981,0.233962,0.0,0.146622,0.385436,0.176306,0.0,0.219486,0.057899,0.355912,0.0,0.0,0.0,0.0,0.0,0.0,0.016931,0.0,0.15012,0.170514,0.0,0.0,0.0,0.0,0.225618,0.015761,0.0,0.0,0.138608,0.0,0.0,0.022904,0.289716,0.209272,0.172807,0.646397,0.273906,0.0,0.0,0.0,0.380461,0.0,0.024192,0.0,0.130669,0.0,0.108911,0.256137,0.382563,0.060033,0.316758,0.190037,0.385865,0.0,0.005393,0.17233,0.0,0.259839,0.0,0.0,0.0,0.0,0.0,0.241384,0.0,0.315935,1e-06,0.0,0.245304,0.020427,0.279483,0.025008,0.0,0.133428,0.0,0.0,0.315388,0.014775,0.041221,0.0
TCGA-85-8664-01Z-00-DX1.d83b183e-4cc6-4608-93fb-46e69d36a2fa,0.502645,0.0,0.0,0.0,0.0,0.39851,0.010205,0.398024,0.003259,0.333475,0.352778,0.146149,0.0,0.0,0.0,0.464273,0.0,0.121307,0.0,0.292391,0.001482,0.025534,0.0,0.0,0.0,0.0,0.382955,0.0,0.149321,0.460021,0.0,0.0,0.378698,0.90637,0.0,0.001944,0.003701,0.0,0.0,0.352372,0.0,0.00516,0.0,0.393001,0.0,0.139978,0.0,0.0,0.0,0.002571,0.0,0.080685,0.0,0.489163,0.0,0.197818,0.327151,0.056509,0.239153,0.249917,0.0,0.003884,0.002267,0.279515,0.210689,0.041891,0.315128,0.0,0.105262,0.0,0.0,0.0,0.008579,0.166938,0.0,0.27171,0.0,0.309865,0.165427,0.0,0.0,0.448307,0.313551,0.0,0.0,0.127206,0.003818,0.0,0.413162,0.224766,0.142677,0.0,0.242849,0.0,0.306298,0.223691,0.0,0.0,0.0,0.352244,0.0,0.0,0.301582,0.425541,0.105597,0.0,0.001947,0.228383,0.374846,0.0,0.265991,0.0,0.003196,0.0,0.0,0.0,0.0,0.084113,0.363351,0.013509,0.050197,0.0,0.122237,0.0,0.024106,0.001277,0.004214,0.08781,0.455153,0.0,0.306754,0.0,0.010921,0.002876,0.008156,0.395843,0.0,0.060155,0.242145,0.0,0.030198,0.200141,0.038011,0.041317,0.0,0.327669,0.0,0.012071,0.401597,0.0,0.293132,0.003881,0.07252,0.023291,0.0,0.237811,0.440604,0.134788,0.369331,0.0,0.226719,0.0,0.078825,0.419561,0.0,0.003202,0.0,0.0,0.0,0.115895,0.0,0.030331,0.0,0.0,0.0,0.0,0.0,0.0,0.328673,0.656113,0.3462,0.102619,0.0,0.381058,0.0,0.348876,0.0,0.369905,0.0,0.0,0.0,0.0,0.005799,0.230049,0.002961,0.004716,0.20807,0.12946,0.050264,0.0,0.350261,0.0,1.074683,0.12305,0.0,0.0,0.046533,0.880128,0.0,0.0,0.0,0.0,0.051127,0.0,0.0,0.001264,0.0,0.669854,0.0,0.0,0.0,0.375892,0.0,0.317768,0.362408,0.0,0.0,0.154063,0.0,0.0,0.0,0.257471,0.356661,0.252184,0.0,0.113601,0.414918,0.321806,0.368576,0.0,0.002797,0.0,0.002127,0.0,0.384765,0.046789,0.17192,0.0,0.237428,0.215118,0.113088,0.0,0.317266,0.0,1.153571,0.0,0.0,0.20136,0.0,0.228368,0.0,0.364503,0.0,0.04694,0.0,0.036295,0.42616,0.0,0.468833,0.296605,0.23142,0.350655,0.0,0.0,0.108506,0.125301,0.0,0.338062,0.0,0.0,0.006279,0.006131,0.242379,0.248299,0.0,0.0,0.0,0.0,0.267786,0.298111,0.271328,0.177975,0.0,0.0,0.0,0.331485,0.0,0.0,0.279864,0.007537,0.0,0.002295,0.0,0.12941,0.001681,0.103597,0.0,0.0,0.0,0.176328,0.0,0.02374,0.004452,0.0,0.111476,0.131971,0.0,0.0,0.0,0.223053,0.008994,0.256287,0.270255,0.148042,0.0,0.0,0.379641,0.136536,0.0,0.003481,0.00603,0.0,0.066412,0.001721,0.036824,0.488645,0.161344,0.0,0.0,0.0,0.186377,0.176297,0.0,0.0,0.0,0.0,0.0,0.311314,0.22418,0.061127,0.0,0.070651,0.0,0.0,0.345916,0.413162,0.0,0.036252,0.0,0.002235,0.0,0.084556,0.0,0.0,0.05684,0.003774,0.307904,0.0,0.116146,0.0,0.0,0.0,0.0,0.350191,0.440949,0.023051,0.011597,0.0,0.055673,0.0,0.373842,0.0,0.00496,0.304244,0.351436,0.205029,0.0,0.0,0.0,0.0,0.0,0.378947,0.0,0.0,0.0,0.003283,0.0,0.002721,0.0,0.330447,0.0,0.363181,0.026254,0.051588,0.0,0.007302,0.320215,0.0,0.229142,0.816862,0.0,0.0,0.316763,0.006764,0.316396,0.04713,0.005081,0.009214,0.325763,0.281815,0.002861,0.0,0.0,0.0,0.424689,0.0,0.488363,0.335557,0.002892,0.0,0.0,0.037089,0.353322,0.220761,0.0,0.153362,0.449193,0.159559,0.0,0.251682,0.018495,0.343814,0.0,0.0,0.0,0.0,0.0,0.0,0.003006,0.0,0.175615,0.203702,0.0,0.0,0.0,0.0,0.215355,0.001055,0.0,0.0,0.08907,0.0,0.0,0.004418,0.310516,0.25208,0.158106,0.64325,0.329529,0.0,0.0,0.0,0.384494,0.0,0.001619,0.0,0.083868,0.0,0.113673,0.265935,0.419646,0.023795,0.327025,0.195253,0.411168,0.0,0.010675,0.162315,0.0,0.301046,0.0,0.0,0.0,0.0,0.0,0.313065,0.0,0.356972,0.0,0.0,0.271778,0.004902,0.263188,0.013371,0.0,0.145746,0.0,0.0,0.372649,0.002574,0.010643,0.0
TCGA-70-6722-01Z-00-DX1.2f8498bb-bbd9-4eae-bb9e-6fe939ca0551,0.360195,0.0,0.0,0.0,0.0,0.309268,0.132014,0.32655,0.071535,0.228869,0.262821,0.204927,0.0,0.0,0.0,0.266924,0.0,0.18578,0.0,0.192619,0.064063,0.140462,0.0,0.0,0.0,0.0,0.295517,0.0,0.24115,0.34078,0.0,0.0,0.255766,1.068688,0.0,0.067485,0.07971,0.0,0.0,0.242585,0.0,0.094089,0.0,0.265772,0.0,0.280716,0.0,0.0,0.0,0.07909,0.0,0.126666,0.0,0.565269,0.0,0.32951,0.227931,0.186002,0.150721,0.182966,0.0,0.115555,0.090589,0.229386,0.177566,0.142161,0.220797,0.0,0.239948,0.0,0.0,0.0,0.108865,0.112122,0.0,0.186919,0.0,0.196365,0.194983,0.0,0.0,0.591419,0.233842,0.0,0.0,0.121033,0.098824,0.0,0.347826,0.18791,0.109485,0.0,0.211962,0.0,0.414705,0.158684,0.0,0.0,0.0,0.289702,0.0,0.0,0.229048,0.299726,0.079652,0.0,0.062776,0.291385,0.25515,0.0,0.21093,0.0,0.089966,0.0,0.0,0.0,0.0,0.206093,0.269204,0.097528,0.151066,0.0,0.179862,0.0,0.07662,0.046342,0.095058,0.185144,0.327778,0.0,0.202058,0.0,0.148151,0.093332,0.13604,0.305187,0.0,0.041697,0.232318,0.0,0.148494,0.236736,0.13782,0.125641,0.0,0.233895,0.0,0.148248,0.262248,0.0,0.193782,0.094253,0.149071,0.148011,0.0,0.150904,0.380984,0.108066,0.266272,0.0,0.326192,0.0,0.179569,0.306418,0.0,0.105792,0.0,0.0,0.0,0.270448,0.0,0.155135,0.0,0.0,0.0,0.0,0.0,0.0,0.222141,0.793285,0.298105,0.13647,2e-06,0.230306,0.0,0.25072,0.0,0.261647,0.0,0.0,0.0,0.0,0.131772,0.182938,0.094891,0.10555,0.132471,0.180597,0.133483,0.0,0.286199,0.0,1.243958,0.080926,0.0,0.0,0.118507,1.070094,0.0,0.0,0.0,0.0,0.113738,0.0,0.0,0.060599,0.0,0.804934,0.0,0.0,0.0,0.265145,0.0,0.233869,0.265906,0.0,0.0,0.346398,0.0,0.0,0.0,0.194468,0.293471,0.176,0.0,0.096707,0.337784,0.259955,0.305685,0.0,0.091076,0.0,0.061614,0.0,0.301889,0.102893,0.269202,0.0,0.150024,0.168973,0.234623,0.0,0.208646,0.0,1.320813,0.0,0.0,0.138765,0.0,0.1424,0.0,0.296384,0.0,0.151574,0.0,0.10587,0.315467,0.0,0.328607,0.204239,0.22179,0.253466,0.0,0.0,0.160945,0.117961,0.0,0.205766,0.0,0.0,0.112594,0.104803,0.202104,0.14228,0.0,0.0,0.0,0.0,0.189225,0.231713,0.214321,0.170189,0.0,0.0,0.0,0.262887,0.0,0.0,0.225124,0.113889,0.0,0.084829,0.0,0.171817,0.077277,0.164131,0.0,0.0,0.0,0.15111,0.0,0.126074,0.098394,0.0,0.198568,0.222608,0.0,0.0,0.0,0.177967,0.10057,0.15635,0.189361,0.272841,0.0,0.0,0.304877,0.116068,0.0,0.100925,0.105438,0.0,0.121947,0.092066,0.111593,0.345219,0.115386,0.0,0.0,0.0,0.298586,0.141313,0.0,0.0,0.0,0.0,0.0,0.237402,0.147241,0.157875,0.0,0.101658,0.0,0.0,0.250268,0.296658,0.0,0.180776,0.0,0.080736,0.0,0.207495,0.0,0.0,0.169356,0.09471,0.18317,1e-06,0.232409,0.0,0.0,0.0,0.0,0.279497,0.33973,0.11186,0.150472,0.0,0.082241,0.0,0.267382,0.0,0.104834,0.252261,0.265561,0.127623,0.0,0.0,0.0,0.0,0.0,0.272402,0.0,0.0,0.0,0.087231,0.0,0.082854,0.0,0.298888,0.0,0.258021,0.152326,0.170791,0.0,0.112702,0.231877,0.0,0.259267,0.967807,0.0,0.0,0.212513,0.119441,0.226977,0.133888,0.115974,0.105652,0.357069,0.225885,0.059856,0.0,0.0,0.0,0.312257,0.0,0.313892,0.25945,0.092001,0.0,0.0,0.118096,0.293236,0.364496,0.0,0.27218,0.310238,0.193636,0.0,0.160961,0.153337,0.473058,0.0,0.0,0.0,0.0,0.0,0.0,0.083596,0.0,0.10978,0.165491,0.0,0.0,0.0,0.0,0.311603,0.038347,0.0,0.0,0.136565,0.0,0.0,0.087634,0.415703,0.160934,0.070115,0.811292,0.216964,0.0,0.0,0.0,0.520222,0.0,0.068078,0.0,0.147231,0.0,0.18184,0.194842,0.281861,0.155004,0.238821,0.27882,0.293173,0.0,0.016892,0.228809,0.0,0.189708,0.0,0.0,0.0,0.0,0.0,0.258579,0.0,0.249397,1e-06,0.0,0.240747,0.100024,0.240484,0.12149,0.0,0.140994,0.0,0.0,0.247781,0.072374,0.136565,0.0
TCGA-56-8622-01Z-00-DX1.62B552C4-5CBE-4469-8DBB-E27497FF95F4,0.407478,0.0,0.0,0.0,0.0,0.331265,0.093695,0.347694,0.054567,0.246385,0.271566,0.158434,0.0,0.0,0.0,0.338522,0.0,0.185637,0.0,0.212572,0.044508,0.121993,0.0,0.0,0.0,0.0,0.318199,0.0,0.228863,0.379708,0.0,0.0,0.290988,1.06401,0.0,0.045273,0.053789,0.0,0.0,0.234362,0.0,0.065066,0.0,0.288983,0.0,0.253833,0.0,0.0,0.0,0.056133,0.0,0.119374,0.0,0.592111,0.0,0.322964,0.25128,0.146544,0.158596,0.18415,0.0,0.071843,0.061772,0.253351,0.192474,0.125296,0.246769,0.0,0.240769,0.0,0.0,0.0,0.075879,0.113433,0.0,0.17815,0.0,0.228026,0.17769,0.0,0.0,0.592574,0.262722,0.0,0.0,0.096721,0.066413,0.0,0.370053,0.197439,0.106703,0.0,0.203802,0.0,0.412358,0.169249,0.0,0.0,0.0,0.308474,0.0,0.0,0.188596,0.34665,0.103294,0.0,0.04191,0.312072,0.304893,0.0,0.22252,0.0,0.061348,0.0,0.0,0.0,0.0,0.199181,0.274024,0.100381,0.156765,0.0,0.16637,0.0,0.088413,0.032141,0.069612,0.183106,0.365417,0.0,0.217016,0.0,0.104103,0.058911,0.086952,0.323203,0.0,0.036993,0.243712,0.0,0.121686,0.228426,0.122179,0.128675,0.0,0.258044,0.0,0.086365,0.311665,0.0,0.21905,0.06778,0.15213,0.113196,0.0,0.169084,0.41241,0.090928,0.323374,0.0,0.345089,0.0,0.146812,0.335316,0.0,0.071418,0.0,0.0,0.0,0.265758,0.0,0.141698,0.0,0.0,0.0,0.0,0.0,0.0,0.247479,0.785739,0.317961,0.130355,0.0,0.289929,0.0,0.267847,0.0,0.304876,0.0,0.0,0.0,0.0,0.10214,0.150355,0.060999,0.080749,0.165663,0.178364,0.123909,0.0,0.29898,0.0,1.240227,0.09365,0.0,0.0,0.114664,1.05123,0.0,0.0,0.0,0.0,0.112451,0.0,0.0,0.020581,0.0,0.811633,0.0,0.0,0.0,0.308773,0.0,0.266854,0.300587,0.0,0.0,0.308372,0.0,0.0,0.0,0.212094,0.301344,0.176206,0.0,0.081877,0.362387,0.292741,0.342942,0.0,0.052747,0.0,0.042184,0.0,0.305199,0.112098,0.24209,0.0,0.179483,0.176145,0.226798,0.0,0.249383,0.0,1.329422,0.0,0.0,0.141644,0.0,0.166934,0.0,0.323221,0.0,0.11288,0.0,0.094409,0.345592,0.0,0.385407,0.231882,0.173847,0.286029,0.0,0.0,0.174511,0.116065,0.0,0.23321,0.0,0.0,0.082217,0.082084,0.205629,0.171863,0.0,0.0,0.0,0.0,0.198795,0.24703,0.218873,0.148655,0.0,0.0,0.0,0.259283,0.0,0.0,0.237176,0.081693,0.0,0.057224,0.0,0.168837,0.044011,0.166349,0.0,0.0,0.0,0.149584,0.0,0.108408,0.074515,0.0,0.186923,0.186346,0.0,0.0,0.0,0.180876,0.080806,0.180784,0.194885,0.271524,0.0,0.0,0.314166,0.113796,0.0,0.06597,0.066004,0.0,0.125318,0.053802,0.10373,0.391572,0.119869,0.0,0.0,0.0,0.299155,0.157542,0.0,0.0,0.0,0.0,0.0,0.256694,0.160863,0.140916,0.0,0.130973,0.0,0.0,0.282474,0.324118,0.0,0.144091,0.0,0.057478,0.0,0.19744,0.0,0.0,0.152548,0.069365,0.193264,0.0,0.238848,0.0,0.0,0.0,1.7e-05,0.277919,0.385825,0.083553,0.118444,0.0,0.074136,0.0,0.287859,0.0,0.061944,0.259754,0.288415,0.121721,0.0,0.0,0.0,0.0,0.0,0.318103,0.0,0.0,0.0,0.052203,0.0,0.059423,0.0,0.316321,0.0,0.272754,0.143177,0.147949,0.0,0.090296,0.265091,0.0,0.245036,0.957764,0.0,0.0,0.258337,0.082029,0.254588,0.134025,0.071837,0.080624,0.377047,0.247795,0.049873,0.0,0.0,0.0,0.332658,0.0,0.373678,0.266868,0.063133,0.0,0.0,0.079373,0.246152,0.350144,0.0,0.252517,0.341447,0.186264,0.0,0.177209,0.114367,0.463823,0.0,0.0,0.0,0.0,0.0,0.0,0.057507,0.0,0.109038,0.136535,0.0,0.0,0.0,0.0,0.303156,0.026848,0.0,0.0,0.151435,0.0,0.0,0.070973,0.432884,0.182575,0.150302,0.796111,0.232108,0.0,0.0,0.0,0.524138,0.0,0.046818,0.0,0.134105,0.0,0.181528,0.19812,0.335408,0.119848,0.262711,0.296587,0.310367,0.0,0.006293,0.191363,0.0,0.225913,0.0,0.0,0.0,0.0,0.0,0.220249,0.0,0.277931,0.0,0.0,0.214485,0.068369,0.259643,0.098372,0.0,0.117528,0.0,0.0,0.280179,0.053674,0.113246,0.0
TCGA-46-3766-01Z-00-DX1.5870b2ed-78f0-4f68-b01e-2ef6d5353b57,0.413138,0.0,0.0,0.0,0.0,0.340443,0.081339,0.346401,0.044014,0.251802,0.275638,0.204326,0.0,0.0,0.0,0.350965,0.0,0.156284,0.0,0.223276,0.029359,0.104717,0.0,0.0,0.0,0.0,0.315081,0.0,0.190789,0.386347,0.0,0.0,0.296384,1.036634,0.0,0.038601,0.040663,0.0,0.0,0.290019,0.0,0.057187,0.0,0.301487,0.0,0.229925,0.0,0.0,0.0,0.042788,0.0,0.095194,0.0,0.572316,0.0,0.308202,0.250955,0.141257,0.172408,0.188659,0.0,0.047857,0.042211,0.252017,0.196555,0.101413,0.221147,0.0,0.213681,0.0,0.0,0.0,0.062861,0.118257,0.0,0.188545,0.0,0.232539,0.190432,0.0,0.0,0.566382,0.25906,0.0,0.0,0.101298,0.04997,0.0,0.369376,0.187281,0.088017,0.0,0.236615,0.0,0.399847,0.171505,0.0,0.0,0.0,0.31043,0.0,0.0,0.245061,0.346556,0.063645,0.0,0.029191,0.280848,0.294136,0.0,0.243657,0.0,0.047088,0.0,0.0,0.0,0.0,0.179277,0.279745,0.077501,0.124208,0.0,0.147217,0.0,0.065502,0.018379,0.053609,0.153502,0.371818,0.0,0.210208,0.0,0.08489,0.042851,0.065334,0.321494,0.0,0.030785,0.241875,0.0,0.107661,0.196736,0.110673,0.103219,0.0,0.261398,0.0,0.083219,0.308206,0.0,0.211816,0.053853,0.151096,0.098359,0.0,0.173042,0.406153,0.114911,0.315281,0.0,0.308699,0.0,0.149027,0.34569,0.0,0.057323,0.0,0.0,0.0,0.224205,0.0,0.119013,0.0,0.0,0.0,0.0,0.0,0.0,0.261074,0.778579,0.313967,0.150216,0.0,0.297534,0.0,0.281098,0.0,0.307276,0.0,0.0,0.0,0.0,0.077595,0.175428,0.04548,0.058774,0.16635,0.149779,0.101837,0.0,0.294594,0.0,1.228929,0.089058,0.0,0.0,0.094732,1.034832,0.0,0.0,0.0,0.0,0.104444,0.0,0.0,0.009577,0.0,0.786467,0.0,0.0,0.0,0.304404,0.0,0.268503,0.305468,0.0,0.0,0.297971,0.0,0.0,0.0,0.200658,0.311633,0.198938,0.0,0.086357,0.353743,0.27683,0.337826,0.0,0.040419,0.0,0.033776,0.0,0.312785,0.086508,0.220726,0.0,0.187517,0.167133,0.206104,0.0,0.251275,0.0,1.303239,0.0,0.0,0.126854,0.0,0.148088,0.0,0.324491,0.0,0.115115,0.0,0.06753,0.350664,0.0,0.384813,0.230949,0.17398,0.27542,0.0,0.0,0.143766,0.100914,0.0,0.252934,0.0,0.0,0.067335,0.062363,0.198469,0.177798,0.0,0.0,0.0,0.0,0.210194,0.235156,0.228771,0.136252,0.0,0.0,0.0,0.276985,0.0,0.0,0.231541,0.075638,0.0,0.041789,0.0,0.13697,0.029708,0.152951,0.0,0.0,0.0,0.15012,0.0,0.089085,0.052466,0.0,0.180796,0.208751,0.0,0.0,0.0,0.175902,0.068022,0.182394,0.199631,0.257234,0.0,0.0,0.322992,0.109504,0.0,0.049372,0.061058,0.0,0.114812,0.038495,0.09354,0.389308,0.117841,0.0,0.0,0.0,0.288832,0.126025,0.0,0.0,0.0,0.0,0.0,0.25814,0.167667,0.13318,0.0,0.082076,0.0,0.0,0.277683,0.334469,0.0,0.130407,0.0,0.037138,0.0,0.177968,0.0,0.0,0.136814,0.057655,0.21061,0.0,0.208441,0.0,0.0,0.0,0.0,0.290096,0.374989,0.065047,0.098479,0.0,0.0666,0.0,0.288626,0.0,0.046023,0.260789,0.277017,0.167404,0.0,0.0,0.0,0.0,0.0,0.305808,0.0,0.0,0.0,0.04106,0.0,0.040488,0.0,0.303539,0.0,0.281772,0.114505,0.131435,0.0,0.073375,0.259363,0.0,0.275605,0.946524,0.0,0.0,0.248539,0.06924,0.24495,0.11114,0.064113,0.060663,0.359591,0.23702,0.040935,0.0,0.0,0.0,0.345535,0.0,0.386181,0.263345,0.046874,0.0,0.0,0.072537,0.285193,0.325867,0.0,0.245463,0.357907,0.156681,0.0,0.182046,0.105425,0.444572,0.0,0.0,0.0,0.0,0.0,0.0,0.044653,0.0,0.1334,0.171942,0.0,0.0,0.0,0.0,0.283757,0.0143,0.0,0.0,0.133575,0.0,0.0,0.051967,0.407345,0.183027,0.096613,0.774422,0.247438,0.0,0.0,0.0,0.507598,0.0,0.031834,0.0,0.099546,0.0,0.168043,0.205509,0.341469,0.113975,0.266002,0.264539,0.338345,0.0,0.003117,0.217215,0.0,0.235066,0.0,0.0,0.0,0.0,0.0,0.282515,0.0,0.271991,0.0,0.0,0.241636,0.051794,0.244428,0.081917,0.0,0.096355,0.0,0.0,0.290813,0.039395,0.091239,0.0
TCGA-39-5034-01Z-00-DX1.fb4191aa-07dc-4615-ac71-b9e4c67ed28b,0.491882,0.0,0.0,0.0,0.0,0.380194,0.030527,0.411048,0.003397,0.309927,0.353153,0.071136,0.0,0.0,0.0,0.437697,0.0,0.187613,0.0,0.260554,0.00229,0.064726,0.0,0.0,0.0,0.0,0.402744,0.0,0.223307,0.449188,0.0,0.0,0.354261,0.975588,0.0,0.001964,0.005298,0.0,0.0,0.185139,0.0,0.005279,0.0,0.371134,0.0,0.203535,0.0,0.0,0.0,0.005604,0.0,0.144983,0.0,0.543687,0.0,0.243715,0.351087,0.055086,0.222029,0.251396,0.0,0.007455,0.010786,0.268625,0.162634,0.105669,0.371784,0.0,0.177881,0.0,0.0,0.0,0.006944,0.155293,0.0,0.254247,0.0,0.30078,0.107266,0.0,0.0,0.542692,0.325779,0.0,0.0,0.110038,0.008313,0.0,0.437386,0.268581,0.183629,0.0,0.139399,0.0,0.365474,0.188955,0.0,0.0,0.0,0.363098,0.0,0.0,0.181709,0.442189,0.222147,0.0,0.003517,0.311578,0.363519,0.0,0.198041,0.0,0.005499,0.0,0.0,0.0,0.0,0.128417,0.339885,0.043597,0.137023,0.0,0.190328,0.0,0.087503,0.00285,0.007344,0.188264,0.463023,0.0,0.344184,0.0,0.020751,0.005496,0.02828,0.397409,0.0,0.076695,0.233878,0.0,0.073838,0.288369,0.089731,0.111046,0.0,0.316424,0.0,0.006087,0.403823,0.0,0.295562,0.003881,0.077367,0.035506,0.0,0.219422,0.460855,0.069582,0.372947,0.0,0.27788,0.0,0.085909,0.39936,0.0,0.009853,0.0,0.0,0.0,0.187354,0.0,0.087633,0.0,0.0,0.0,0.0,0.0,0.0,0.32012,0.7258,0.352973,0.077622,0.0,0.358004,0.0,0.33262,0.0,0.361891,0.0,0.0,0.0,0.0,0.02431,0.199418,0.007983,0.011466,0.199885,0.188205,0.107567,0.0,0.372265,0.0,1.131307,0.123665,0.0,0.0,0.085398,0.917176,0.0,0.0,0.0,0.0,0.064153,0.0,0.0,0.006445,0.0,0.724681,0.0,0.0,0.0,0.384188,0.0,0.325425,0.349071,0.0,0.0,0.181591,0.0,0.0,0.0,0.263707,0.323701,0.20126,0.0,0.071983,0.440641,0.343046,0.405107,0.0,0.007876,0.0,0.00325,0.0,0.371313,0.116357,0.232753,0.0,0.208482,0.233501,0.186706,0.0,0.318896,0.0,1.212081,0.0,0.0,0.24135,0.0,0.306823,0.0,0.36737,0.0,0.036049,0.0,0.116601,0.444275,0.0,0.474374,0.28341,0.246152,0.380777,0.0,0.0,0.203474,0.183293,0.0,0.312685,0.0,0.0,0.014371,0.011786,0.254919,0.240409,0.0,0.0,0.0,0.0,0.231585,0.321884,0.257767,0.225666,0.0,0.0,0.0,0.297047,0.0,0.0,0.276916,0.00833,0.0,0.003902,0.0,0.180392,0.006666,0.16883,0.0,0.0,0.0,0.180401,0.0,0.080057,0.007852,0.0,0.148159,0.109013,0.0,0.0,0.0,0.267021,0.008326,0.235198,0.258701,0.215275,0.0,0.0,0.362086,0.089552,0.0,0.013042,0.01303,0.0,0.100934,0.010869,0.086984,0.497973,0.138748,0.0,0.0,0.0,0.222524,0.222333,0.0,0.0,0.0,0.0,0.0,0.32724,0.21558,0.116992,0.0,0.227265,0.0,0.0,0.372684,0.387486,0.0,0.066399,0.0,0.006238,0.0,0.133331,0.0,0.0,0.104097,0.007793,0.27584,0.0,0.200751,0.0,0.0,0.0,0.000274,0.344764,0.464196,0.052652,0.039205,0.0,0.051137,0.0,0.360783,0.0,0.005313,0.305937,0.377406,0.123241,0.0,0.0,0.0,0.0,0.0,0.396965,0.0,0.0,0.0,0.002689,0.0,0.004466,0.0,0.340503,0.0,0.347065,0.104812,0.102994,0.0,0.017633,0.324863,0.0,0.146614,0.860909,0.0,0.0,0.291392,0.007849,0.326124,0.084695,0.008974,0.014374,0.340239,0.303117,0.003186,0.0,0.0,0.0,0.375973,0.0,0.482302,0.325374,0.00367,0.0,0.0,0.107822,0.239678,0.265657,0.0,0.200455,0.392893,0.235002,0.0,0.240775,0.029688,0.404243,0.0,0.0,0.0,0.0,0.0,0.0,0.0062,0.0,0.103891,0.077821,0.0,0.0,0.0,0.0,0.287642,0.003245,0.0,0.0,0.082793,0.0,0.0,0.007241,0.36118,0.231911,0.31443,0.711592,0.310978,0.0,0.0,0.0,0.434874,0.0,0.003134,0.0,0.129898,0.0,0.145182,0.241199,0.417571,0.040317,0.321525,0.242179,0.352698,0.0,0.030099,0.118687,0.0,0.266515,0.0,0.0,0.0,0.0,0.0,0.206963,0.0,0.345046,7e-06,0.0,0.192147,0.008574,0.285069,0.021409,0.0,0.190534,1e-06,0.0,0.355556,0.002126,0.026191,0.0
TCGA-22-5489-01Z-00-DX1.0518AF53-5642-40FB-A631-4C50D7707C8F,0.454187,0.0,0.0,0.0,0.0,0.361064,0.039206,0.372167,0.00843,0.302388,0.325832,0.165349,0.0,0.0,0.0,0.398118,0.0,0.126612,0.0,0.260024,0.005716,0.036751,0.0,0.0,0.0,0.0,0.363641,0.0,0.159944,0.399163,0.0,0.0,0.330183,0.918031,0.0,0.008575,0.012051,0.0,0.0,0.295802,0.0,0.015872,0.0,0.363181,0.0,0.155113,0.0,0.0,0.0,0.009006,0.0,0.085403,0.0,0.479474,0.0,0.212994,0.281709,0.071755,0.206249,0.224365,0.0,0.01595,0.011499,0.263153,0.193768,0.055788,0.269928,0.0,0.124211,0.0,0.0,0.0,0.014763,0.151048,0.0,0.210818,0.0,0.274699,0.18091,0.0,0.0,0.455618,0.298412,0.0,0.0,0.123939,0.018484,0.0,0.382892,0.210625,0.135246,0.0,0.227287,0.0,0.315798,0.196448,0.0,0.0,0.0,0.338717,0.0,0.0,0.270635,0.382027,0.103493,0.0,0.009105,0.219691,0.32614,0.0,0.248088,0.0,0.010032,0.0,0.0,0.0,0.0,0.102083,0.321532,0.023744,0.067425,0.0,0.139203,0.0,0.032881,0.005874,0.013433,0.108799,0.410326,0.0,0.270672,0.0,0.023529,0.010856,0.016555,0.347826,0.0,0.053593,0.222766,0.0,0.039642,0.199485,0.063653,0.045573,0.0,0.30108,0.0,0.027494,0.353943,0.0,0.263443,0.015438,0.072959,0.047786,0.0,0.206599,0.423265,0.128792,0.341817,0.0,0.227595,0.0,0.108531,0.369261,0.0,0.018388,0.0,0.0,0.0,0.12911,0.0,0.05523,0.0,0.0,0.0,0.0,0.0,0.0,0.288962,0.666154,0.325795,0.113137,0.0,0.344159,0.0,0.322212,0.0,0.328722,0.0,0.0,0.0,0.0,0.025674,0.199464,0.011141,0.013092,0.191392,0.125529,0.053443,0.0,0.324666,0.0,1.085262,0.112728,0.0,0.0,0.060651,0.894415,0.0,0.0,0.0,0.0,0.067508,0.0,0.0,0.002093,0.0,0.668706,0.0,0.0,0.0,0.335487,0.0,0.2982,0.321535,0.0,0.0,0.179235,0.0,0.0,0.0,0.240844,0.330908,0.232675,0.0,0.105936,0.388521,0.316251,0.365863,0.0,0.01352,0.0,0.010639,0.0,0.351611,0.05224,0.187032,0.0,0.217082,0.195375,0.134925,0.0,0.288764,0.0,1.154765,0.0,0.0,0.186891,0.0,0.206214,0.0,0.345864,0.0,0.078644,0.0,0.033007,0.386058,0.0,0.409576,0.25002,0.233788,0.315971,0.0,0.0,0.101609,0.108415,0.0,0.2991,0.0,0.0,0.018176,0.018752,0.210936,0.220032,0.0,0.0,0.0,0.0,0.242289,0.273694,0.254355,0.162553,0.0,0.0,0.0,0.311239,0.0,0.0,0.273872,0.02557,0.0,0.007847,0.0,0.124831,0.010958,0.114872,0.0,0.0,0.0,0.181348,0.0,0.043727,0.014092,0.0,0.126351,0.167733,0.0,0.0,0.0,0.204536,0.015994,0.219717,0.24033,0.165105,0.0,0.0,0.354507,0.134207,0.0,0.015974,0.023737,0.0,0.072143,0.009455,0.056685,0.431724,0.143065,0.0,0.0,0.0,0.197511,0.163174,0.0,0.0,0.0,0.0,0.0,0.301888,0.209276,0.088096,0.0,0.075203,0.0,0.0,0.323481,0.361582,0.0,0.061003,0.0,0.012364,0.0,0.091228,0.0,0.0,0.058264,0.012427,0.268771,0.0,0.132853,0.0,0.0,0.0,0.0,0.326605,0.412066,0.02559,0.031219,0.0,0.071969,0.0,0.326241,0.0,0.010366,0.294911,0.309151,0.186051,0.0,0.0,0.0,0.0,0.0,0.343793,0.0,0.0,0.0,0.011353,0.0,0.011764,0.0,0.303324,0.0,0.319561,0.067878,0.08648,0.0,0.02352,0.29415,0.0,0.235489,0.821903,0.0,0.0,0.271257,0.01848,0.284106,0.054282,0.01726,0.015252,0.32233,0.256546,0.00927,0.0,0.0,0.0,0.383949,0.0,0.430745,0.285764,0.012324,0.0,0.0,0.079342,0.314722,0.240685,0.0,0.167034,0.393053,0.149685,0.0,0.216305,0.041354,0.366496,0.0,0.0,0.0,0.0,0.0,0.0,0.012098,0.0,0.153716,0.194217,0.0,0.0,0.0,0.0,0.222151,0.002958,0.0,0.0,0.097303,0.0,0.0,0.010667,0.315452,0.21376,0.134806,0.6619,0.294441,0.0,0.0,0.0,0.401348,0.0,0.005751,0.0,0.094072,0.0,0.112295,0.236538,0.378701,0.053505,0.317494,0.201167,0.371609,0.0,0.001607,0.176567,0.0,0.263248,0.0,0.0,0.0,0.0,0.0,0.3026,0.0,0.326937,0.0,0.0,0.251083,0.012758,0.245856,0.023374,0.0,0.127819,2.3e-05,0.0,0.334038,0.00692,0.031544,0.0
TCGA-18-3411-01Z-00-DX1.D9228674-5B13-44CB-A7AE-C64FD97A3BBB,0.486467,0.0,0.0,0.0,0.0,0.409786,0.03669,0.406895,0.016606,0.312555,0.317224,0.245175,0.0,0.0,0.0,0.423832,0.0,0.15141,0.0,0.296437,0.011143,0.026783,0.0,0.0,0.0,0.0,0.389626,0.0,0.185712,0.45744,0.0,0.0,0.344322,0.958509,0.0,0.01117,0.012024,0.0,0.0,0.292048,0.0,0.011944,0.0,0.347998,0.0,0.187223,2e-06,0.0,0.0,0.012807,0.0,0.04652,0.0,0.489735,0.0,0.21906,0.275617,0.066166,0.220158,0.21092,0.0,0.013255,0.014937,0.336492,0.279702,0.032859,0.284438,0.0,0.159153,0.0,0.0,1e-06,0.014056,0.153811,0.0,0.136696,0.0,0.30446,0.275327,0.0,0.0,0.481355,0.336512,0.0,0.0,0.157223,0.011415,0.0,0.425747,0.224292,0.119572,0.0,0.240015,0.0,0.295835,0.250683,0.0,0.0,0.0,0.373945,0.0,0.0,0.25903,0.423933,0.061662,0.0,0.008889,0.272812,0.406621,0.0,0.306481,0.0,0.010302,0.0,0.0,0.0,0.0,0.107844,0.336815,0.026026,0.04248,0.0,0.151523,0.0,0.029995,0.004909,0.015528,0.103004,0.448235,0.0,0.241537,0.0,0.032608,0.011395,0.026408,0.367442,0.0,0.019648,0.316371,0.0,0.038091,0.198605,0.060447,0.037427,0.0,0.333227,0.0,0.028688,0.370658,0.0,0.265422,0.022142,0.059762,0.04041,0.0,0.20576,0.501997,0.171546,0.40384,0.0,0.243875,0.0,0.123823,0.405923,0.0,0.020225,0.0,0.0,0.0,0.17262,0.0,0.058717,0.0,0.0,0.0,0.0,0.0,0.0,0.310107,0.67686,0.396392,0.120869,0.0,0.355188,0.0,0.305211,0.0,0.373282,0.0,0.0,0.0,0.0,0.033857,0.114686,0.013614,0.01896,0.231553,0.110821,0.045971,0.0,0.337117,0.0,1.117505,0.153842,0.0,0.0,0.035082,0.925969,0.0,0.0,0.0,0.0,0.089469,0.0,0.0,0.010886,0.0,0.698018,0.0,0.0,0.0,0.366876,0.0,0.334338,0.365829,0.0,0.0,0.228585,0.0,0.0,0.0,0.279988,0.363464,0.247829,0.0,0.15085,0.424889,0.358532,0.408531,0.0,0.014167,0.0,0.009009,0.0,0.385895,0.023178,0.194487,0.0,0.239795,0.204874,0.120475,0.0,0.295199,0.0,1.21265,0.0,0.0,0.131532,0.0,0.165187,0.0,0.376906,0.0,0.07915,0.0,0.057958,0.40959,0.0,0.45788,0.283608,0.108954,0.326839,0.0,0.0,0.055545,0.084855,0.0,0.289985,0.0,0.0,0.023344,0.023516,0.24035,0.206732,0.0,0.0,0.0,0.0,0.262256,0.288804,0.267734,0.11165,0.0,0.0,0.0,0.328999,0.0,0.0,0.301246,0.024957,0.0,0.011458,0.0,0.121183,0.008638,0.098408,0.0,0.0,0.0,0.197758,0.0,0.026025,0.015497,0.0,0.083098,0.17919,0.0,0.0,0.0,0.192891,0.014829,0.214432,0.224124,0.194795,0.0,0.0,0.384252,0.184004,0.0,0.017607,0.021023,0.0,0.030152,0.009017,0.073946,0.463238,0.169111,0.0,0.0,0.0,0.212402,0.162421,0.0,0.0,0.0,0.0,0.0,0.321918,0.205753,0.062103,0.0,0.037436,0.0,0.0,0.331393,0.369149,0.0,0.056703,0.0,0.012555,0.0,0.122909,0.0,0.0,0.052978,0.016583,0.239621,0.0,0.157822,0.0,0.0,0.0,2e-06,0.34264,0.4583,0.025249,0.037625,0.0,0.15115,0.0,0.350542,0.0,0.013244,0.33191,0.344865,0.223924,0.0,0.0,0.0,0.0,0.0,0.39011,0.0,0.0,0.0,0.01018,0.0,0.013066,0.0,0.36315,0.0,0.31451,0.047168,0.133569,0.0,0.03022,0.325631,0.0,0.326736,0.837923,0.0,0.0,0.326991,0.019531,0.299265,0.030771,0.021755,0.018826,0.435169,0.29911,0.008513,0.0,0.0,0.0,0.403916,0.0,0.446324,0.291998,0.01744,0.0,0.0,0.049396,0.235348,0.241211,0.0,0.150237,0.421599,0.124267,0.0,0.221613,0.04521,0.36599,0.0,0.0,0.0,0.0,0.0,0.0,0.014704,0.0,0.192918,0.22659,0.0,0.0,0.0,1e-06,0.221827,0.003395,0.0,0.0,0.20861,0.0,0.0,0.015397,0.321121,0.222298,0.060714,0.696156,0.272897,0.0,0.0,0.0,0.407039,0.0,0.010388,0.0,0.101125,0.0,0.111717,0.259971,0.418678,0.054235,0.328367,0.216172,0.386704,0.0,0.004777,0.177945,0.0,0.279431,0.0,0.0,0.0,0.0,0.0,0.273965,0.0,0.35415,0.0,0.0,0.270089,0.01779,0.274367,0.022017,0.0,0.067523,0.0,0.0,0.343171,0.009583,0.037247,0.0
TCGA-33-AASI-01Z-00-DX1.71BC119D-9916-4214-9294-26301F2E430F,0.480787,0.0,0.0,0.0,0.0,0.390798,0.028608,0.387977,0.014541,0.314566,0.326639,0.207366,0.0,0.0,0.0,0.447951,0.0,0.128624,0.0,0.279073,0.006628,0.043235,0.0,0.0,0.0,0.0,0.373703,0.0,0.146282,0.442875,0.0,0.0,0.353662,0.968112,0.0,0.009693,0.013303,0.0,0.0,0.350645,0.0,0.016825,0.0,0.374138,0.0,0.16452,0.0,0.0,0.0,0.010916,0.0,0.061042,0.0,0.518834,0.0,0.244821,0.295183,0.077655,0.218526,0.220383,0.0,0.010732,0.012081,0.292707,0.220904,0.056692,0.274703,0.0,0.140195,0.0,0.0,0.0,0.021515,0.154434,0.0,0.220474,0.0,0.293091,0.198375,0.0,0.0,0.496848,0.311725,0.0,0.0,0.115969,0.012987,0.0,0.406352,0.210967,0.114791,0.0,0.261644,0.0,0.3344,0.216758,0.0,0.0,0.0,0.344839,0.0,0.0,0.289469,0.411711,0.07198,0.0,0.007979,0.246209,0.364412,0.0,0.280605,0.0,0.011531,0.0,0.0,0.0,0.0,0.109719,0.344342,0.029593,0.063424,0.0,0.110573,0.0,0.041328,0.004147,0.014295,0.098573,0.447172,0.0,0.271713,0.0,0.025665,0.009769,0.017428,0.361047,0.0,0.041732,0.25901,0.0,0.045739,0.190759,0.059857,0.056867,0.0,0.31734,0.0,0.032397,0.379578,0.0,0.261051,0.013445,0.088661,0.038266,0.0,0.21241,0.447761,0.140243,0.370727,0.0,0.257729,0.0,0.101437,0.404617,0.0,0.01822,0.0,0.0,0.0,0.136149,0.0,0.053475,0.0,0.0,0.0,0.0,0.0,0.0,0.316385,0.717177,0.34226,0.128891,0.0,0.372444,0.0,0.323441,0.0,0.348364,0.0,0.0,0.0,0.0,0.02356,0.196766,0.01359,0.015773,0.205351,0.121202,0.057162,0.0,0.328785,0.0,1.152936,0.111029,0.0,0.0,0.058523,0.946744,0.0,0.0,0.0,0.0,0.0794,0.0,0.0,0.000749,0.0,0.709691,0.0,0.0,0.0,0.357867,0.0,0.322182,0.35433,0.0,0.0,0.218751,0.0,0.0,0.0,0.242597,0.342546,0.241089,0.0,0.105329,0.40217,0.327669,0.372862,0.0,0.010236,0.0,0.010551,0.0,0.372082,0.055873,0.185849,0.0,0.231708,0.185955,0.140692,0.0,0.300252,0.0,1.229434,0.0,0.0,0.156951,0.0,0.191664,0.0,0.367103,0.0,0.055863,0.0,0.029342,0.408813,0.0,0.462137,0.270933,0.187992,0.335464,0.0,0.0,0.109135,0.100243,0.0,0.312298,0.0,0.0,0.019677,0.022676,0.223255,0.235923,0.0,0.0,0.0,0.0,0.245032,0.268331,0.253976,0.133524,0.0,0.0,0.0,0.322911,0.0,0.0,0.252723,0.024357,0.0,0.011028,0.0,0.109041,0.007185,0.1231,0.0,0.0,0.0,0.168189,0.0,0.037472,0.01551,0.0,0.131056,0.171316,0.0,0.0,0.0,0.198104,0.021413,0.222358,0.24127,0.182322,0.0,0.0,0.375151,0.136661,0.0,0.017588,0.017721,0.0,0.079651,0.006673,0.055637,0.455249,0.147072,0.0,0.0,0.0,0.228302,0.147643,0.0,0.0,0.0,0.0,0.0,0.297465,0.21039,0.081804,0.0,0.051229,0.0,0.0,0.327936,0.384173,0.0,0.058507,0.0,0.009522,0.0,0.110296,0.0,0.0,0.081844,0.018796,0.270442,0.0,0.154116,0.0,0.0,0.0,0.0,0.33484,0.438074,0.025861,0.032243,0.0,0.071195,0.0,0.358772,0.0,0.011592,0.293242,0.319802,0.207693,0.0,0.0,0.0,0.0,0.0,0.361239,0.0,0.0,0.0,0.011771,0.0,0.009791,0.0,0.32175,0.0,0.342606,0.057146,0.081197,0.0,0.025666,0.308879,0.0,0.2838,0.866061,0.0,0.0,0.302582,0.018131,0.296363,0.055404,0.014747,0.020415,0.35065,0.261982,0.010806,0.0,0.0,0.0,0.399022,0.0,0.469075,0.30127,0.011776,0.0,0.0,0.053166,0.32252,0.2594,0.0,0.179828,0.440321,0.131837,0.0,0.219651,0.041316,0.38701,0.0,0.0,0.0,0.0,0.0,0.0,0.011353,0.0,0.173356,0.210559,0.0,0.0,0.0,0.0,0.234202,0.003567,0.0,0.0,0.123818,0.0,0.0,0.014457,0.352875,0.230208,0.124399,0.713619,0.300345,0.0,0.0,0.0,0.445864,0.0,0.006876,0.0,0.068613,0.0,0.133868,0.246762,0.405386,0.045362,0.326102,0.213758,0.389545,0.0,0.002909,0.177088,0.0,0.293625,0.0,0.0,0.0,0.0,0.0,0.313808,0.0,0.342209,0.0,0.0,0.265207,0.014606,0.254229,0.030324,0.0,0.089968,0.0,0.0,0.360313,0.009114,0.02947,0.0
TCGA-85-6561-01Z-00-DX1.7bb9f936-00e1-4014-a6ae-8dc1c64d7f42,0.505845,0.0,0.0,0.0,0.0,0.434113,0.01632,0.4372,0.010209,0.329161,0.31823,0.32197,0.0,0.0,0.0,0.469237,0.0,0.118418,0.0,0.329296,0.004427,0.012163,0.0,0.0,0.0,0.0,0.408142,0.0,0.13043,0.489401,0.0,0.0,0.357154,0.94082,0.0,0.004187,0.003301,0.0,0.0,0.359636,0.0,0.007116,0.0,0.347857,0.0,0.154583,1e-05,0.0,0.0,0.005681,0.0,0.007547,0.0,0.47717,0.0,0.20233,0.279944,0.043133,0.232445,0.199524,0.0,0.003383,0.007497,0.368782,0.328987,0.008339,0.247701,0.0,0.135478,0.0,0.0,0.0,0.00836,0.163254,0.0,0.092513,0.0,0.331307,0.327693,0.0,0.0,0.46982,0.347521,0.0,0.0,0.166678,0.004207,0.0,0.442695,0.210545,0.083632,0.0,0.29294,0.0,0.268611,0.278567,0.0,0.0,0.0,0.383598,0.0,0.0,0.309966,0.448921,0.017782,0.0,0.002376,0.259711,0.44479,0.0,0.358002,0.0,0.005331,0.0,0.0,0.0,0.0,0.106497,0.362015,0.009842,0.016659,0.0,0.116927,0.0,0.015354,0.000679,0.005433,0.065854,0.482193,0.0,0.214247,0.0,0.015678,0.003649,0.006515,0.369785,0.0,0.001175,0.362666,0.0,0.019346,0.153163,0.035332,0.016569,0.0,0.358875,0.0,0.013688,0.376091,0.0,0.257071,0.010447,0.056861,0.016882,0.0,0.211574,0.542073,0.208087,0.433945,0.0,0.2172,0.0,0.130417,0.445995,0.0,0.012498,0.0,0.0,0.0,0.140914,0.0,0.030345,0.0,0.0,0.0,0.0,0.0,0.0,0.338713,0.679645,0.410797,0.158456,6e-06,0.402761,0.0,0.316916,0.0,0.398629,0.0,0.0,0.0,0.0,0.015522,0.089314,0.005595,0.009041,0.262923,0.069873,0.017684,0.0,0.347393,0.0,1.135657,0.16501,0.0,0.0,0.011896,0.930717,0.0,0.0,0.0,0.0,0.087474,0.0,0.0,0.000262,0.0,0.683442,0.0,0.0,0.0,0.384253,0.0,0.374154,0.395177,0.0,0.0,0.228872,0.0,0.0,0.0,0.290165,0.385958,0.280628,0.0,0.17713,0.43853,0.383247,0.438413,0.0,0.004656,0.0,0.004235,0.0,0.40596,0.004388,0.157809,0.0,0.26485,0.197909,0.079806,0.0,0.314505,0.0,1.225576,0.0,0.0,0.080733,0.0,0.11618,0.0,0.403601,0.0,0.055038,0.0,0.020927,0.434399,0.0,0.502092,0.291725,0.054065,0.331959,0.0,0.0,0.023031,0.056679,4e-06,0.309,0.0,0.0,0.012984,0.014307,0.247971,0.221851,0.0,0.0,0.0,0.0,0.291873,0.281009,0.292449,0.063611,0.0,0.0,0.0,0.357564,0.0,0.0,0.293982,0.013944,0.0,0.005495,0.0,0.070492,0.002379,0.079998,0.0,0.0,0.0,0.189958,0.0,0.00521,0.006738,0.0,0.060226,0.207528,0.0,0.0,0.0,0.179872,0.007742,0.217366,0.230958,0.179542,0.0,0.0,0.411356,0.203037,0.0,0.007975,0.011234,0.0,0.011186,0.001777,0.078291,0.468132,0.184785,0.0,0.0,0.0,0.210652,0.11819,0.0,0.0,0.0,0.0,0.0,0.341804,0.220725,0.039303,0.0,0.002231,0.0,0.0,0.334968,0.386344,0.0,0.031235,0.0,0.002965,0.0,0.10097,0.0,0.0,0.040818,0.011467,0.244412,0.0,0.13105,0.0,0.0,0.0,0.0,0.357185,0.481071,0.004931,0.019781,0.0,0.163116,0.0,0.376756,0.0,0.003478,0.340749,0.343844,0.28481,0.0,0.0,0.0,0.0,0.0,0.403588,0.0,0.0,0.0,0.004804,0.0,0.005187,0.0,0.37782,0.0,0.336878,0.016586,0.122188,0.0,0.016881,0.353861,0.0,0.403909,0.839425,0.0,0.0,0.355814,0.005525,0.310922,0.01075,0.010944,0.009072,0.472579,0.309592,0.004268,0.0,0.0,0.0,0.430685,0.0,0.483852,0.297266,0.006415,0.0,0.0,0.015021,0.244091,0.219306,0.0,0.12668,0.46815,0.058906,0.0,0.225627,0.031296,0.351318,0.0,0.0,0.0,0.0,0.0,0.0,0.0052,0.0,0.22651,0.276359,0.0,0.0,0.0,0.0,0.186445,0.000624,0.0,0.0,0.240028,0.0,0.0,0.005579,0.301857,0.229944,0.009255,0.685586,0.286664,0.0,0.0,0.0,0.409981,0.0,0.004797,0.0,0.065023,0.0,0.101152,0.261009,0.450091,0.029686,0.353021,0.188191,0.429698,0.0,2.1e-05,0.190479,0.0,0.317246,0.0,0.0,0.0,0.0,0.0,0.314863,0.0,0.36282,0.0,0.0,0.307438,0.009064,0.273174,0.011062,0.0,0.007396,0.0,0.0,0.370702,0.004034,0.019937,0.0
TCGA-43-A56U-01Z-00-DX1.B60C921A-4EE4-4CAE-9E55-311C7D2DA9E4,0.446677,0.0,0.0,0.0,0.0,0.36803,0.033747,0.354155,0.011707,0.290702,0.319387,0.138101,0.0,0.0,0.0,0.415219,0.0,0.144816,0.0,0.250137,0.00672,0.058958,0.0,0.0,0.0,0.0,0.350282,0.0,0.173876,0.401512,0.0,0.0,0.323003,0.95949,0.0,0.009888,0.012201,0.0,0.0,0.286806,0.0,0.015225,0.0,0.353285,0.0,0.180425,0.0,0.0,0.0,0.010103,0.0,0.077809,0.0,0.523589,0.0,0.267253,0.276851,0.084203,0.19155,0.215007,0.0,0.013212,0.012209,0.248636,0.177126,0.0837,0.275735,0.0,0.160848,0.0,0.0,0.0,0.018974,0.132627,0.0,0.207422,0.0,0.270467,0.160438,0.0,0.0,0.503403,0.301432,0.0,0.0,0.116305,0.016319,0.0,0.38073,0.214136,0.124106,0.0,0.205519,0.0,0.345861,0.185182,0.0,0.0,0.0,0.322124,0.0,0.0,0.226403,0.387669,0.102861,0.0,0.007198,0.265772,0.33968,0.0,0.228987,0.0,0.013791,0.0,0.0,0.0,0.0,0.143962,0.319674,0.037992,0.098588,0.0,0.145801,0.0,0.04597,0.003842,0.015668,0.129846,0.408031,0.0,0.265723,0.0,0.029456,0.010404,0.023133,0.352326,0.0,0.047414,0.23186,0.0,0.050527,0.224107,0.081541,0.085543,0.0,0.290972,0.0,0.031741,0.363858,0.0,0.255427,0.016615,0.106491,0.053846,0.0,0.209525,0.413162,0.112277,0.355025,0.0,0.27708,0.0,0.100547,0.358088,0.0,0.016429,0.0,0.0,0.0,0.160955,0.0,0.066136,0.0,0.0,0.0,0.0,0.0,0.0,0.278408,0.707644,0.33226,0.104979,0.0,0.358865,0.0,0.321293,0.0,0.34007,0.0,0.0,0.0,0.0,0.028471,0.181271,0.013708,0.01789,0.198609,0.135723,0.066461,0.0,0.310083,0.0,1.141413,0.10465,0.0,0.0,0.079232,0.936007,0.0,0.0,0.0,0.0,0.062839,0.0,0.0,0.000276,0.0,0.705536,0.0,0.0,0.0,0.333033,0.0,0.298239,0.323911,0.0,0.0,0.21228,0.0,0.0,0.0,0.235802,0.310314,0.222233,0.0,0.090386,0.379061,0.299112,0.355552,0.0,0.008624,0.0,0.008155,0.0,0.329491,0.069174,0.19689,0.0,0.208216,0.183643,0.160862,0.0,0.298984,0.0,1.202771,0.0,0.0,0.180504,0.0,0.210804,0.0,0.346017,0.0,0.055494,0.0,0.046488,0.389837,0.0,0.416596,0.251411,0.210267,0.310478,0.0,0.0,0.137132,0.118995,0.0,0.282427,0.0,0.0,0.019892,0.023332,0.214438,0.229414,0.0,0.0,0.0,0.0,0.233483,0.272131,0.240717,0.173768,0.0,0.0,0.0,0.298154,0.0,0.0,0.259633,0.022961,0.0,0.008297,0.0,0.136382,0.006191,0.143081,0.0,0.0,0.0,0.173646,0.0,0.047223,0.016555,0.0,0.142271,0.146623,0.0,0.0,0.0,0.208582,0.022361,0.211351,0.228732,0.201269,0.0,0.0,0.340143,0.123214,0.0,0.018313,0.015496,0.0,0.10005,0.005722,0.046906,0.423494,0.136352,0.0,0.0,0.0,0.221625,0.170648,0.0,0.0,0.0,0.0,0.0,0.283917,0.185995,0.101247,0.0,0.108875,0.0,0.0,0.304897,0.364387,0.0,0.079264,0.0,0.010286,0.0,0.125853,0.0,0.0,0.093321,0.020788,0.255767,0.0,0.159226,0.0,0.0,0.0,0.0,0.311068,0.410492,0.031353,0.041901,0.0,0.053985,0.0,0.322697,0.0,0.010129,0.281187,0.30949,0.137951,0.0,0.0,0.0,0.0,0.0,0.333115,0.0,0.0,0.0,0.011749,0.0,0.012168,0.0,0.302446,0.0,0.329219,0.090656,0.090158,0.0,0.032806,0.299721,0.0,0.231934,0.858949,0.0,0.0,0.27551,0.022895,0.27741,0.087431,0.016722,0.031445,0.336472,0.248999,0.011013,0.0,0.0,0.0,0.344243,0.0,0.446434,0.284927,0.013097,0.0,0.0,0.053059,0.278255,0.280981,0.0,0.196207,0.372317,0.160337,0.0,0.204859,0.044027,0.392957,0.0,0.0,0.0,0.0,0.0,0.0,0.0115,0.0,0.122353,0.152724,0.0,0.0,0.0,0.0,0.250311,0.002797,0.0,0.0,0.099289,0.0,0.0,0.014339,0.368559,0.211986,0.17756,0.705926,0.279803,0.0,0.0,0.0,0.44279,0.0,0.006255,0.0,0.089621,0.0,0.139316,0.224555,0.390147,0.069269,0.3148,0.225028,0.351145,0.0,0.00032,0.155987,0.0,0.257278,0.0,0.0,0.0,0.0,0.0,0.266174,0.0,0.327397,0.0,0.0,0.209414,0.017264,0.234999,0.038568,0.0,0.125745,0.0,0.0,0.338844,0.00985,0.034485,0.0
TCGA-37-4135-01Z-00-DX1.3f193ee1-530c-4f37-a669-56af75bba8db,0.478238,0.0,0.0,0.0,0.0,0.381024,0.01914,0.383038,0.003759,0.319894,0.344284,0.13003,0.0,0.0,0.0,0.444742,0.0,0.140179,0.0,0.268528,0.001099,0.053552,0.0,0.0,0.0,0.0,0.382901,0.0,0.155271,0.439796,0.0,0.0,0.372558,0.974784,0.0,0.002033,0.00288,0.0,0.0,0.331123,0.0,0.009338,0.0,0.378676,0.0,0.157841,0.0,0.0,0.0,0.001824,0.0,0.097959,0.0,0.551269,0.0,0.238209,0.323258,0.087508,0.204752,0.221069,0.0,0.003199,0.004749,0.27393,0.181819,0.074418,0.309943,0.0,0.13783,0.0,0.0,0.0,0.022481,0.140003,0.0,0.273988,0.0,0.289028,0.138955,0.0,0.0,0.500923,0.298647,0.0,0.0,0.090514,0.005339,0.0,0.392718,0.216175,0.128982,0.0,0.239773,0.0,0.336111,0.205638,0.0,0.0,0.0,0.325888,0.0,0.0,0.269126,0.416707,0.128223,0.0,0.002281,0.255803,0.370346,0.0,0.247209,0.0,0.005489,0.0,0.0,0.0,0.0,0.10583,0.33831,0.026089,0.096079,0.0,0.093645,0.0,0.064724,0.000405,0.004957,0.115223,0.436782,0.0,0.298473,0.0,0.018405,0.0024,0.015076,0.379232,0.0,0.07509,0.230671,0.0,0.059284,0.214898,0.07112,0.067405,0.0,0.30936,0.0,0.014771,0.406513,0.0,0.291245,0.005267,0.098528,0.0354,0.0,0.224569,0.437469,0.113092,0.355624,0.0,0.284252,0.0,0.088534,0.40891,0.0,0.006561,0.0,0.0,0.0,0.146869,0.0,0.053249,0.0,0.0,0.0,0.0,0.0,0.0,0.314419,0.700995,0.326062,0.101607,0.0,0.376327,0.0,0.328073,0.0,0.342885,0.0,0.0,0.0,0.0,0.011546,0.213707,0.003318,0.007098,0.189741,0.159021,0.09214,0.0,0.33712,0.0,1.12421,0.099547,0.0,0.0,0.067516,0.927594,0.0,0.0,0.0,0.0,0.076292,0.0,0.0,0.001075,0.0,0.716432,0.0,0.0,0.0,0.354033,0.0,0.296812,0.342897,0.0,0.0,0.188537,0.0,0.0,0.0,0.244698,0.334209,0.227179,0.0,0.075361,0.400924,0.31128,0.345699,0.0,0.001351,0.0,0.001305,0.0,0.3756,0.081238,0.177545,0.0,0.213017,0.202405,0.138176,0.0,0.314576,0.0,1.231488,0.0,0.0,0.213944,0.0,0.224197,0.0,0.359232,0.0,0.045656,0.0,0.057173,0.420808,0.0,0.461566,0.278071,0.230828,0.341525,0.0,0.0,0.164302,0.114603,0.0,0.318404,0.0,0.0,0.009606,0.019676,0.218059,0.230864,0.0,0.0,0.0,0.0,0.246967,0.274417,0.242895,0.173816,0.0,0.0,0.0,0.320045,0.0,0.0,0.242382,0.014776,0.0,0.002329,0.0,0.135182,0.00129,0.120979,0.0,0.0,0.0,0.156333,0.0,0.045258,0.009263,0.0,0.145126,0.144438,0.0,0.0,0.0,0.215603,0.012641,0.245781,0.266298,0.161183,0.0,0.0,0.360699,0.129172,0.0,0.005387,0.005573,0.0,0.115565,0.000866,0.05723,0.472682,0.143491,0.0,0.0,0.0,0.225093,0.18059,0.0,0.0,0.0,0.0,0.0,0.287523,0.207344,0.096849,0.0,0.096741,0.0,0.0,0.332068,0.394232,0.0,0.056084,0.0,0.00203,0.0,0.126131,0.0,0.0,0.084521,0.010766,0.294811,0.0,0.148732,0.0,0.0,0.0,0.0,0.324846,0.440735,0.036752,0.019164,0.0,0.038371,0.0,0.363081,0.0,0.003598,0.268946,0.335361,0.174565,0.0,0.0,0.0,0.0,0.0,0.362859,0.0,0.0,0.0,0.003127,0.0,0.003151,0.0,0.327279,0.0,0.360811,0.045115,0.048856,0.0,0.0188,0.303396,0.0,0.228792,0.877242,0.0,0.0,0.311634,0.007459,0.316113,0.07703,0.006585,0.019278,0.3243,0.254098,0.004172,0.0,0.0,0.0,0.40918,0.0,0.473211,0.319663,0.004193,0.0,0.0,0.044834,0.361439,0.271823,0.0,0.178969,0.42876,0.163737,0.0,0.231678,0.034811,0.392405,0.0,0.0,0.0,0.0,0.0,0.0,0.003952,0.0,0.145855,0.176192,0.0,0.0,0.0,0.0,0.241614,0.000349,0.0,0.0,0.093846,0.0,0.0,0.005241,0.35938,0.224949,0.200775,0.710054,0.301119,0.0,0.0,0.0,0.439847,0.0,0.000796,0.0,0.098175,0.0,0.152513,0.233357,0.393161,0.030445,0.314832,0.242179,0.395168,0.0,0.011242,0.159908,0.0,0.28409,0.0,0.0,0.0,0.0,0.0,0.270727,0.0,0.351969,0.0,0.0,0.268423,0.008708,0.267059,0.01936,0.0,0.142246,0.0,0.0,0.358859,0.00199,0.020884,0.0
TCGA-70-6723-01Z-00-DX1.1e6468e8-0d39-48a9-af32-9968f9207810,0.44143,0.0,0.0,0.0,0.0,0.379855,0.032858,0.376208,0.018832,0.302596,0.31771,0.192757,0.0,0.0,0.0,0.398582,0.0,0.131474,0.0,0.268456,0.003955,0.033884,0.0,0.0,0.0,0.0,0.367323,0.0,0.161658,0.428088,0.0,0.0,0.33735,0.903177,0.0,0.003891,0.014455,0.0,0.0,0.288033,0.0,0.017766,0.0,0.330583,0.0,0.174503,0.0,0.0,0.0,0.010946,0.0,0.042778,0.0,0.455008,0.0,0.224053,0.276072,0.088356,0.220709,0.212218,0.0,0.01569,0.007265,0.286815,0.250372,0.034045,0.266887,0.0,0.138205,0.0,0.0,0.0,0.025471,0.135062,0.0,0.174393,0.0,0.283587,0.219981,0.0,0.0,0.45943,0.305065,0.0,0.0,0.147744,0.014439,0.0,0.411498,0.207816,0.114335,0.0,0.221487,0.0,0.299226,0.210173,0.0,0.0,0.0,0.321067,0.0,0.0,0.253348,0.401572,0.070383,0.0,0.003918,0.251171,0.369984,0.0,0.255278,0.0,0.010522,0.0,0.0,0.0,0.0,0.126446,0.318856,0.027109,0.046508,0.0,0.154149,0.0,0.022888,0.000988,0.017717,0.103951,0.408307,0.0,0.23364,0.0,0.049164,0.01205,0.025126,0.359674,0.0,0.03602,0.275839,0.0,0.054106,0.202871,0.067953,0.047499,0.0,0.304434,0.0,0.040314,0.347896,0.0,0.251354,0.015131,0.075186,0.057022,0.0,0.194426,0.459343,0.139744,0.352136,0.0,0.222684,0.0,0.120303,0.370554,0.0,0.012275,0.0,0.0,0.0,0.139736,0.0,0.060477,0.0,0.0,0.0,0.0,0.0,0.0,0.300946,0.647226,0.368174,0.114356,0.0,0.332002,0.0,0.308901,0.0,0.350312,0.0,0.0,0.0,0.0,0.025051,0.150434,0.011729,0.012334,0.213852,0.091264,0.041218,0.0,0.313942,0.0,1.053285,0.137672,0.0,0.0,0.044225,0.881391,0.0,0.0,0.0,0.0,0.084024,0.0,0.0,0.00063,0.0,0.664395,0.0,0.0,0.0,0.341937,0.0,0.288757,0.34295,0.0,0.0,0.19248,0.0,0.0,0.0,0.248221,0.321701,0.223124,0.0,0.136042,0.398542,0.303669,0.368239,0.0,0.010522,0.0,0.007605,0.0,0.350099,0.032536,0.189112,0.0,0.210566,0.192823,0.132522,0.0,0.287279,0.0,1.142867,0.0,0.0,0.144618,0.0,0.144253,0.0,0.34095,0.0,0.064396,0.0,0.072781,0.393157,0.0,0.420634,0.264292,0.167132,0.299485,0.0,0.0,0.077518,0.084028,0.0,0.287681,0.0,0.0,0.025223,0.023645,0.238798,0.192387,0.0,0.0,0.0,0.0,0.238891,0.277197,0.259967,0.155175,0.0,0.0,0.0,0.326557,0.0,0.0,0.280444,0.021757,0.0,0.003166,0.0,0.111187,0.002714,0.096899,0.0,0.0,0.0,0.179716,0.0,0.014118,0.012912,0.0,0.096814,0.156397,0.0,0.0,0.0,0.17909,0.025049,0.214322,0.215376,0.152282,0.0,0.0,0.351964,0.144653,0.0,0.020003,0.021578,0.0,0.033496,0.003436,0.06073,0.425181,0.140855,0.0,0.0,0.0,0.21383,0.13964,0.0,0.0,0.0,0.0,0.0,0.299464,0.189882,0.079272,0.0,0.06192,0.0,0.0,0.313426,0.360948,0.0,0.070179,0.0,0.004922,0.0,0.127269,0.0,0.0,0.086582,0.008426,0.241774,0.0,0.130585,0.0,0.0,0.0,0.0,0.32451,0.417108,0.021214,0.043051,0.0,0.10979,0.0,0.334413,0.0,0.013503,0.30874,0.323206,0.189086,0.0,0.0,0.0,0.0,0.0,0.359882,0.0,0.0,0.0,0.010052,0.0,0.011541,0.0,0.337131,0.0,0.297552,0.054307,0.106399,0.0,0.023313,0.294325,0.0,0.26754,0.811613,0.0,0.0,0.288196,0.020751,0.292099,0.036285,0.014674,0.028786,0.378333,0.278075,0.006114,0.0,0.0,0.0,0.373792,0.0,0.426027,0.286824,0.010077,0.0,0.0,0.051321,0.252727,0.250758,0.0,0.158968,0.385664,0.125296,0.0,0.1985,0.05807,0.339602,0.0,0.0,0.0,0.0,0.0,0.0,0.008566,0.0,0.154608,0.190114,0.0,0.0,0.0,0.0,0.211891,0.000831,0.0,0.0,0.125628,0.0,0.0,0.017388,0.287195,0.201179,0.058888,0.649168,0.272964,0.0,0.0,0.0,0.375823,0.0,0.003516,0.0,0.094305,0.0,0.12373,0.236825,0.391152,0.066346,0.312233,0.179072,0.368675,0.0,0.003864,0.177251,0.0,0.260543,0.0,0.0,0.0,0.0,0.0,0.270424,0.0,0.317695,0.0,0.0,0.240107,0.017263,0.244724,0.035364,0.0,0.090495,0.0,0.0,0.342019,0.003215,0.029298,0.0
TCGA-77-7141-01Z-00-DX1.3263490a-cfba-43a8-8198-5139dbf00bf9,0.428199,0.0,0.0,0.0,0.0,0.347558,0.066277,0.356035,0.038719,0.266265,0.295455,0.187543,0.0,0.0,0.0,0.356253,0.0,0.138698,0.0,0.229952,0.025601,0.080135,0.0,0.0,0.0,0.0,0.332899,0.0,0.17583,0.386819,0.0,0.0,0.318885,0.98859,0.0,0.030667,0.035118,0.0,0.0,0.300203,0.0,0.047599,0.0,0.314866,0.0,0.199705,0.0,0.0,0.0,0.033021,0.0,0.095544,0.0,0.537639,0.0,0.27229,0.264944,0.125623,0.18484,0.195627,0.0,0.04352,0.035311,0.249703,0.189457,0.088317,0.235911,0.0,0.171378,0.0,0.0,0.0,0.050318,0.131236,0.0,0.217359,0.0,0.242911,0.182717,0.0,0.0,0.5233,0.258386,0.0,0.0,0.102455,0.040368,0.0,0.370792,0.1952,0.099747,0.0,0.237603,0.0,0.367158,0.175108,0.0,0.0,0.0,0.307967,0.0,0.0,0.25352,0.36133,0.087838,0.0,0.026972,0.251181,0.301155,0.0,0.237841,0.0,0.035726,0.0,0.0,0.0,0.0,0.147495,0.293179,0.056608,0.107543,0.0,0.131794,0.0,0.06077,0.017201,0.049928,0.135874,0.379204,0.0,0.234738,0.0,0.068689,0.041723,0.043746,0.332325,0.0,0.046248,0.218675,0.0,0.087659,0.198554,0.104603,0.081559,0.0,0.271515,0.0,0.064732,0.326068,0.0,0.237352,0.0429,0.113849,0.091335,0.0,0.183384,0.404186,0.112325,0.317683,0.0,0.275309,0.0,0.133824,0.34642,0.0,0.052451,0.0,0.0,0.0,0.190523,0.0,0.10207,0.0,0.0,0.0,0.0,0.0,0.0,0.267991,0.721633,0.313155,0.137002,0.0,0.299225,0.0,0.294739,0.0,0.301726,0.0,0.0,0.0,0.0,0.066982,0.198034,0.040437,0.045346,0.161225,0.143399,0.093545,0.0,0.313111,0.0,1.159694,0.088313,0.0,0.0,0.088434,0.976305,0.0,0.0,0.0,0.0,0.092943,0.0,0.0,0.005925,0.0,0.737608,0.0,0.0,0.0,0.3128,0.0,0.267147,0.308093,0.0,0.0,0.24991,0.0,0.0,0.0,0.207443,0.327228,0.195924,0.0,0.084847,0.363481,0.283568,0.338443,0.0,0.035212,0.0,0.028718,0.0,0.326809,0.082281,0.205893,0.0,0.18549,0.181514,0.178124,0.0,0.255028,0.0,1.241501,0.0,0.0,0.154975,0.0,0.1679,0.0,0.322211,0.0,0.109591,0.0,0.061357,0.361531,0.0,0.387508,0.232644,0.216387,0.292838,0.0,2e-06,0.131253,0.094524,0.0,0.26838,0.0,0.0,0.050165,0.050227,0.202282,0.18797,0.0,0.0,0.0,0.0,0.216346,0.231771,0.227362,0.146777,0.0,0.0,0.0,0.294478,0.0,0.0,0.234909,0.059015,0.0,0.030461,0.0,0.130065,0.030426,0.125785,0.0,0.0,0.0,0.15009,0.0,0.070296,0.043617,0.0,0.169814,0.199714,0.0,0.0,0.0,0.180685,0.050344,0.207116,0.213639,0.205784,0.0,0.0,0.331299,0.111728,0.0,0.043165,0.053878,0.0,0.096163,0.031576,0.079582,0.403721,0.130812,0.0,0.0,0.0,0.252304,0.137021,0.0,0.0,0.0,0.0,0.0,0.256183,0.191286,0.1175,0.0,0.09238,0.0,0.0,0.284658,0.345068,0.0,0.110308,0.0,0.034878,0.0,0.148222,0.0,0.0,0.106829,0.038285,0.229114,0.0,0.179262,0.0,0.0,0.0,0.0,0.298656,0.393405,0.049294,0.072098,0.0,0.062899,0.0,0.29931,0.0,0.040985,0.264569,0.290239,0.179118,0.0,0.0,0.0,0.0,0.0,0.321695,0.0,0.0,0.0,0.032987,0.0,0.03685,0.0,0.305705,0.0,0.292872,0.09475,0.096934,0.0,0.058093,0.260101,0.0,0.249433,0.899479,0.0,0.0,0.249369,0.055693,0.265496,0.091423,0.054176,0.04544,0.327807,0.237839,0.033088,0.0,0.0,0.0,0.368689,0.0,0.393844,0.273088,0.038535,0.0,0.0,0.083477,0.316903,0.296367,0.0,0.215561,0.376994,0.16174,0.0,0.186934,0.086643,0.40745,0.0,0.0,0.0,0.0,0.0,0.0,0.037416,0.0,0.147605,0.179114,0.0,0.0,0.0,0.0,0.251201,0.014286,0.0,0.0,0.099247,0.0,0.0,0.040638,0.373856,0.196217,0.11895,0.72782,0.256939,0.0,0.0,0.0,0.454517,0.0,0.026718,0.0,0.091612,0.0,0.154357,0.202043,0.34493,0.091654,0.271981,0.240698,0.351488,0.0,0.007614,0.20452,0.0,0.245073,0.0,0.0,0.0,0.0,0.0,0.289772,0.0,0.288892,4.6e-05,0.0,0.253526,0.040566,0.238161,0.063394,0.0,0.120565,0.0,0.0,0.30331,0.028786,0.074514,0.0
TCGA-60-2709-01Z-00-DX1.ded10e7c-c1ca-4402-be0e-f3978994d4af,0.437687,0.0,0.0,0.0,0.0,0.368623,0.044947,0.383103,0.016922,0.291758,0.305042,0.177965,0.0,0.0,0.0,0.379209,0.0,0.15312,0.0,0.264875,0.012099,0.04227,0.0,0.0,0.0,0.0,0.365436,0.0,0.187084,0.411093,0.0,0.0,0.322243,0.921601,0.0,0.011,0.017696,0.0,0.0,0.247037,0.0,0.019607,0.0,0.32743,0.0,0.188985,0.0,0.0,0.0,0.014793,0.0,0.084352,0.0,0.476639,0.0,0.216945,0.275818,0.07836,0.198741,0.215493,0.0,0.030946,0.018938,0.29544,0.237595,0.053793,0.281019,0.0,0.154782,0.0,0.0,3e-06,0.022897,0.14388,0.0,0.159294,0.0,0.277125,0.224178,0.0,0.0,0.465686,0.302015,0.0,0.0,0.148683,0.021984,0.0,0.399921,0.222171,0.137571,0.0,0.211063,0.0,0.310326,0.222267,0.0,0.0,0.0,0.341263,0.0,0.0,0.23846,0.384959,0.11049,0.0,0.013102,0.257177,0.355817,0.0,0.255741,0.0,0.018473,0.0,0.0,0.0,0.0,0.130373,0.314124,0.031229,0.07089,0.0,0.169528,0.0,0.038362,0.008345,0.022196,0.119335,0.408225,0.0,0.239754,0.0,0.050427,0.023801,0.034186,0.350289,0.0,0.047613,0.277901,0.0,0.053148,0.220663,0.073846,0.050699,0.0,0.304793,0.0,0.035279,0.338083,0.0,0.251441,0.024392,0.073991,0.058118,0.0,0.198344,0.45271,0.134754,0.355512,0.0,0.238202,0.0,0.130979,0.375872,0.0,0.02512,0.0,0.0,0.0,0.171436,0.0,0.080174,0.0,0.0,0.0,0.0,0.0,0.0,0.289783,0.657829,0.356444,0.115604,0.0,0.331933,0.0,0.290422,0.0,0.344638,0.0,0.0,0.0,0.0,0.041919,0.141564,0.020461,0.024118,0.210733,0.12216,0.058276,0.0,0.325891,0.0,1.079383,0.143899,0.0,0.0,0.056476,0.899969,0.0,0.0,0.0,0.0,0.085804,0.0,0.0,0.020422,0.0,0.689161,0.0,0.0,0.0,0.344161,0.0,0.299385,0.336168,0.0,0.0,0.203854,0.0,0.0,0.0,0.25966,0.333577,0.23266,0.0,0.132802,0.398818,0.332973,0.379196,0.0,0.018797,0.0,0.011053,0.0,0.34084,0.045034,0.19516,0.0,0.219048,0.19634,0.141832,0.0,0.283233,0.0,1.18071,0.0,0.0,0.165754,0.0,0.168346,0.0,0.349496,0.0,0.086057,0.0,0.073682,0.380151,0.0,0.420162,0.259103,0.181767,0.314164,0.0,0.0,0.094616,0.108569,0.0,0.273343,0.0,0.0,0.029995,0.032226,0.232881,0.196307,0.0,0.0,0.0,0.0,0.24085,0.281802,0.262242,0.154215,0.0,0.0,0.0,0.310676,0.0,0.0,0.292804,0.031443,0.0,0.013593,0.0,0.140835,0.014522,0.108735,0.0,0.0,0.0,0.189071,0.0,0.041331,0.021217,0.0,0.107667,0.16942,0.0,0.0,0.0,0.198845,0.027055,0.214704,0.227505,0.180945,0.0,0.0,0.360752,0.160305,0.0,0.022321,0.032967,0.0,0.050455,0.017898,0.08557,0.423071,0.154082,0.0,0.0,0.0,0.214751,0.164131,0.0,0.0,0.0,0.0,0.0,0.306661,0.192284,0.085902,0.0,0.0855,0.0,0.0,0.312613,0.344441,0.0,0.073267,0.0,0.016231,0.0,0.128428,0.0,0.0,0.072689,0.021707,0.243512,0.0,0.149496,0.0,0.0,0.0,0.0,0.323139,0.420062,0.03459,0.054013,0.0,0.120217,0.0,0.322555,0.0,0.017048,0.306258,0.320969,0.179539,0.0,0.0,0.0,0.0,0.0,0.360147,0.0,0.0,0.0,0.014989,0.0,0.024713,0.0,0.350472,0.0,0.305993,0.069528,0.132493,0.0,0.029656,0.296576,0.0,0.26154,0.825897,0.0,0.0,0.293005,0.025437,0.295406,0.056364,0.032005,0.024069,0.396264,0.287342,0.012423,0.0,0.0,0.0,0.382313,0.0,0.415426,0.295876,0.018187,0.0,0.0,0.078426,0.251537,0.263418,0.0,0.164703,0.383152,0.154219,0.0,0.20935,0.061113,0.364098,0.0,0.0,0.0,0.0,0.0,0.0,0.016755,0.0,0.159184,0.186699,0.0,0.0,0.0,0.0,0.238167,0.00631,0.0,0.0,0.156629,0.0,0.0,0.022715,0.305925,0.203073,0.101101,0.670259,0.262424,0.0,0.0,0.0,0.399359,0.0,0.013897,0.0,0.129376,0.0,0.123949,0.235194,0.376741,0.064334,0.312278,0.201411,0.361824,0.0,0.012666,0.174478,0.0,0.252662,0.0,0.0,0.0,0.0,0.0,0.246623,0.0,0.324287,6e-06,0.0,0.242435,0.023355,0.265802,0.033549,0.0,0.114181,0.0,0.0,0.318475,0.014199,0.046244,0.0
TCGA-77-A5G8-01Z-00-DX1.4F66CA44-C238-4293-882C-5357ABD7115F,0.334412,0.0,0.0,0.0,0.0,0.282224,0.150032,0.290618,0.082045,0.213251,0.247977,0.117921,0.0,0.0,0.0,0.257817,0.0,0.149632,0.0,0.176895,0.064636,0.099546,0.0,0.0,0.0,0.0,0.281833,0.0,0.20546,0.299151,0.0,0.0,0.244048,0.938692,0.0,0.069311,0.09481,0.0,0.0,0.18392,0.0,0.093696,0.0,0.258133,0.0,0.209332,0.0,0.0,0.0,0.085593,0.0,0.11991,0.0,0.483264,0.0,0.252504,0.220736,0.163929,0.140253,0.162416,0.0,0.128951,0.093971,0.20778,0.146439,0.117693,0.224991,0.0,0.173356,0.0,0.0,1.3e-05,0.065965,0.095569,0.0,0.180638,0.0,0.186774,0.159686,0.0,0.0,0.483564,0.224645,0.0,0.0,0.098612,0.099725,0.0,0.311307,0.171034,0.131402,0.0,0.189322,0.0,0.349102,0.144272,0.0,0.0,0.0,0.260727,0.0,0.0,0.174745,0.286473,0.122681,0.0,0.086252,0.226599,0.249396,0.0,0.171475,0.0,0.079982,0.0,0.0,0.0,0.0,0.155334,0.222232,0.07697,0.135453,0.0,0.17548,0.0,0.082888,0.074902,0.095156,0.15599,0.29442,0.0,0.192185,0.0,0.133034,0.098015,0.07128,0.269637,0.0,0.060716,0.178588,0.0,0.11422,0.218907,0.143331,0.095422,0.0,0.223812,0.0,0.09125,0.245763,0.0,0.202065,0.101027,0.105993,0.14663,0.0,0.141262,0.340225,0.074829,0.25837,0.0,0.268954,0.0,0.182644,0.279476,0.0,0.097681,0.0,0.0,0.0,0.18931,0.0,0.149967,0.0,0.0,0.0,0.0,0.0,0.0,0.20087,0.669549,0.265084,0.12334,2e-06,0.237345,0.0,0.227396,0.0,0.246711,1e-06,0.0,0.0,0.0,0.137454,0.177453,0.091122,0.097315,0.140705,0.136858,0.10485,0.0,0.251119,0.0,1.053915,0.094591,0.0,0.0,0.12417,0.901169,0.0,0.0,0.0,0.0,0.118312,0.0,0.0,0.03533,0.0,0.695373,0.0,0.0,0.0,0.255723,0.0,0.217347,0.246709,0.0,0.0,0.223233,0.0,0.0,0.0,0.189889,0.287574,0.166269,0.0,0.071434,0.309457,0.244834,0.292385,0.0,0.090587,0.0,0.072311,0.0,0.249939,0.096583,0.218245,0.0,0.15328,0.151224,0.201824,0.0,0.203601,0.0,1.155391,0.0,0.0,0.164117,0.0,0.154492,0.0,0.272179,0.0,0.165233,0.0,0.10164,0.28269,0.0,0.302139,0.180496,0.242239,0.239042,0.0,0.0,0.155551,0.094781,0.0,0.196418,0.0,0.0,0.111342,0.111732,0.170532,0.137735,0.0,0.0,0.0,0.0,0.163754,0.214695,0.18995,0.154336,0.0,0.0,0.0,0.237559,0.0,0.0,0.239305,0.101269,0.0,0.072445,0.0,0.14585,0.090442,0.12759,0.0,0.0,0.0,0.147926,0.0,0.078665,0.094082,0.0,0.178651,0.208088,0.0,0.0,0.0,0.159096,0.102485,0.16509,0.174717,0.181568,0.0,0.0,0.275526,0.100842,0.0,0.094007,0.114949,0.0,0.117445,0.092562,0.107001,0.328172,0.08975,0.0,0.0,0.0,0.236864,0.145816,0.0,0.0,0.0,0.0,0.0,0.227269,0.141951,0.14697,0.0,0.159488,0.0,0.0,0.24373,0.269898,0.0,0.147433,0.0,0.092179,0.0,0.151668,0.0,0.0,0.113254,0.062888,0.193504,0.0,0.162244,0.0,0.0,0.0,0.0,0.244278,0.322077,0.063802,0.131984,0.0,0.076707,0.0,0.223241,0.0,0.092492,0.243309,0.246805,0.106378,0.0,0.0,0.0,0.0,0.0,0.270434,0.0,0.0,0.0,0.07773,0.0,0.099757,0.0,0.277299,0.0,0.228073,0.148076,0.126704,0.0,0.108866,0.216099,0.0,0.192766,0.821195,0.0,0.0,0.196535,0.108827,0.22381,0.128305,0.103794,0.07436,0.313697,0.214068,0.066227,0.0,0.0,0.0,0.319409,0.0,0.303666,0.228992,0.082111,0.0,0.0,0.132274,0.248318,0.309597,0.0,0.207461,0.299793,0.17226,0.0,0.147976,0.134369,0.38478,0.0,0.0,0.0,0.0,0.0,0.0,0.082974,0.0,0.117576,0.124412,0.0,0.0,0.0,0.0,0.238752,0.060585,0.0,0.0,0.093519,0.0,0.0,0.097108,0.342423,0.131532,0.152509,0.682976,0.190007,0.0,0.0,0.0,0.404699,0.0,0.067261,0.0,0.135801,0.0,0.16046,0.168467,0.280375,0.172779,0.230894,0.208765,0.299417,0.0,0.009078,0.22148,0.0,0.178009,0.0,0.0,0.0,0.0,0.0,0.235579,0.0,0.255662,4e-06,0.0,0.202268,0.097032,0.222941,0.099014,0.0,0.149498,0.0,0.0,0.224811,0.069548,0.130319,0.0
TCGA-21-5784-01Z-00-DX1.E50E7F4B-BE37-4171-94A7-E824CFF4B3BB,0.379095,0.0,0.0,0.0,0.0,0.322784,0.124238,0.317814,0.095202,0.216566,0.232835,0.235804,0.0,0.0,0.0,0.313711,0.0,0.170541,0.0,0.198315,0.070752,0.143566,0.0,0.0,0.0,0.0,0.283228,0.0,0.22416,0.352245,0.0,0.0,0.26369,1.127188,0.0,0.069224,0.079206,0.0,0.0,0.242806,0.0,0.099697,0.0,0.258486,0.0,0.274907,0.0,0.0,0.0,0.085198,0.0,0.074275,0.0,0.618224,0.0,0.366449,0.204114,0.197673,0.141333,0.131278,0.0,0.090128,0.092686,0.264957,0.211196,0.122976,0.192831,0.0,0.267638,0.0,0.0,0.0,0.101989,0.089256,0.0,0.108987,0.0,0.203775,0.228521,0.0,0.0,0.629838,0.241808,0.0,0.0,0.093196,0.097004,0.0,0.341263,0.169226,0.069979,0.0,0.245515,0.0,0.428329,0.164913,0.0,0.0,0.0,0.275959,0.0,0.0,0.190343,0.325618,0.036376,0.0,0.06213,0.332729,0.30213,0.0,0.249656,0.0,0.095341,0.0,0.0,0.0,0.0,0.237913,0.234638,0.119902,0.161851,0.0,0.152263,0.0,0.097973,0.045112,0.096225,0.190512,0.329143,0.0,0.156436,0.0,0.143595,0.082654,0.088931,0.27883,0.0,0.018907,0.279968,0.0,0.149838,0.191906,0.149309,0.135097,0.0,0.240243,0.0,0.125016,0.269692,0.0,0.18606,0.110416,0.181308,0.152936,0.0,0.143366,0.414154,0.120916,0.317059,0.0,0.371669,0.0,0.189367,0.308059,0.0,0.104741,0.0,0.0,0.0,0.290334,0.0,0.158366,0.0,0.0,0.0,0.0,0.0,0.0,0.217951,0.835497,0.308094,0.159754,0.0,0.276857,0.0,0.233902,0.0,0.291368,0.0,0.0,0.0,0.0,0.146217,0.099749,0.093651,0.1132,0.163669,0.152448,0.125649,0.0,0.256154,0.0,1.306563,0.097632,0.0,0.0,0.130906,1.113012,0.0,0.0,0.0,0.0,0.145561,0.0,0.0,0.004249,0.0,0.844264,0.0,0.0,0.0,0.265891,0.0,0.25868,0.291069,0.0,0.0,0.373263,0.0,0.0,0.0,0.196084,0.296369,0.171924,0.0,0.104093,0.324142,0.263411,0.323832,0.0,0.075986,0.0,0.058981,0.0,0.280168,0.099635,0.241629,0.0,0.174892,0.14036,0.244119,0.0,0.233832,0.0,1.40917,0.0,0.0,0.078217,0.0,0.102764,0.0,0.318969,0.0,0.140779,0.0,0.082005,0.320125,0.0,0.370624,0.213126,0.093542,0.240914,0.0,0.0,0.164001,0.072185,0.0,0.202481,0.0,0.0,0.110022,0.125671,0.178041,0.139629,0.0,0.0,0.0,0.0,0.186092,0.197385,0.194161,0.084067,0.0,0.0,0.0,0.242172,0.0,0.0,0.215359,0.125537,0.0,0.081116,0.0,0.14387,0.067583,0.174101,0.0,0.0,0.0,0.138914,0.0,0.094527,0.102193,0.0,0.205791,0.237969,0.0,0.0,0.0,0.147066,0.110359,0.141387,0.149864,0.307975,0.0,0.0,0.283996,0.12557,0.0,0.097118,0.088102,0.0,0.140799,0.060813,0.115196,0.339306,0.10009,0.0,0.0,0.0,0.34134,0.124977,0.0,0.0,0.0,0.0,0.0,0.228846,0.134011,0.169805,0.0,0.068338,0.0,0.0,0.248907,0.289672,0.0,0.168939,0.0,0.084332,0.0,0.232857,0.0,0.0,0.16522,0.108439,0.150338,0.0,0.252031,0.0,0.0,0.0,0.0,0.251873,0.362605,0.084092,0.153056,0.0,0.109522,1e-06,0.262958,0.0,0.079346,0.251783,0.255248,0.147306,0.0,0.0,0.0,0.0,0.0,0.286116,0.0,0.0,0.0,0.071042,0.0,0.082332,0.0,0.306359,0.0,0.241422,0.156436,0.174665,0.0,0.142744,0.23613,0.0,0.326079,1.010244,0.0,0.0,0.249041,0.113424,0.218999,0.154194,0.097365,0.114796,0.421199,0.215974,0.082809,0.0,0.0,0.0,0.306791,0.0,0.332142,0.224745,0.094324,0.0,0.0,0.053695,0.206276,0.393782,0.0,0.2764,0.314805,0.143827,0.0,0.143204,0.160128,0.50159,0.0,0.0,0.0,0.0,0.0,0.0,0.086012,0.0,0.122477,0.157865,0.0,0.0,0.0,0.0,0.295604,0.036097,0.0,0.0,0.216878,0.0,0.0,0.095902,0.47981,0.152132,0.064075,0.862414,0.19087,0.0,0.0,0.0,0.578721,0.0,0.06715,0.0,0.127554,0.0,0.209149,0.167786,0.310998,0.176654,0.241091,0.314815,0.306704,0.0,0.000386,0.236507,0.0,0.219834,0.0,0.0,0.0,0.0,0.0,0.236936,0.0,0.264326,0.0,0.0,0.234596,0.103537,0.242553,0.126256,0.0,0.047403,0.0,0.0,0.255557,0.076918,0.165186,0.0
TCGA-85-A4PA-01Z-00-DX1.00AF818F-39BA-4EA7-8873-9B6C4F2D2141,0.429425,0.0,0.0,0.0,0.0,0.342906,0.062303,0.341438,0.028548,0.28449,0.315096,0.154188,0.0,0.0,0.0,0.39172,0.0,0.130982,0.0,0.242785,0.013638,0.067148,0.0,0.0,0.0,0.0,0.334066,0.0,0.173143,0.385654,0.0,0.0,0.318168,0.947501,0.0,0.022042,0.032238,0.0,0.0,0.311992,0.0,0.037776,0.0,0.34329,0.0,0.17732,0.0,0.0,0.0,0.027053,0.0,0.090348,0.0,0.502039,0.0,0.244346,0.272543,0.118535,0.204851,0.221453,0.0,0.033302,0.024587,0.240468,0.170994,0.093994,0.279592,0.0,0.1389,0.0,0.0,0.0,0.03737,0.133932,0.0,0.262888,0.0,0.254832,0.153227,0.0,0.0,0.484838,0.277958,0.0,0.0,0.105216,0.030202,0.0,0.358551,0.199971,0.138846,0.0,0.223893,0.0,0.34249,0.182806,0.0,0.0,0.0,0.302904,0.0,0.0,0.259195,0.366415,0.102817,0.0,0.023966,0.232941,0.311014,0.0,0.226916,0.0,0.021583,0.0,0.0,0.0,0.0,0.117578,0.315415,0.039775,0.086367,0.0,0.131457,0.0,0.046167,0.008198,0.02887,0.108117,0.393963,0.0,0.271639,0.0,0.057638,0.023074,0.034378,0.341245,0.0,0.058463,0.212413,0.0,0.075889,0.207513,0.082485,0.076045,0.0,0.280236,0.0,0.053136,0.341686,0.0,0.248222,0.032731,0.097641,0.078761,0.0,0.202516,0.393492,0.115305,0.313512,0.0,0.264134,0.0,0.111203,0.356109,0.0,0.032756,0.0,0.0,0.0,0.14804,0.0,0.082601,0.0,0.0,0.0,0.0,0.0,0.0,0.283764,0.69591,0.300417,0.110834,0.0,0.316047,0.0,0.300482,0.0,0.310863,0.0,0.0,0.0,0.0,0.04849,0.228308,0.027241,0.032213,0.166382,0.138698,0.082708,0.0,0.295783,0.0,1.100381,0.087989,0.0,0.0,0.092736,0.9196,0.0,0.0,0.0,0.0,0.078686,0.0,0.0,0.003868,0.0,0.697804,0.0,0.0,0.0,0.319591,1e-06,0.274463,0.301393,0.0,0.0,0.197012,0.0,0.0,0.0,0.217643,0.318558,0.213883,0.0,0.083931,0.369411,0.281437,0.329228,0.0,0.031804,0.0,0.027469,0.0,0.341858,0.08814,0.20253,0.0,0.195161,0.185583,0.166728,0.0,0.260525,0.0,1.18216,0.0,0.0,0.184845,0.0,0.192971,0.0,0.316791,0.0,0.096093,0.0,0.059262,0.363729,0.0,0.406555,0.245275,0.249543,0.305088,0.0,0.0,0.14123,0.123032,0.0,0.274435,0.0,0.0,0.044944,0.044018,0.211466,0.19984,0.0,0.0,0.0,0.0,0.211791,0.264416,0.232175,0.177699,0.0,0.0,0.0,0.288915,0.0,0.0,0.248045,0.047102,0.0,0.023702,0.0,0.134536,0.015604,0.122223,0.0,0.0,0.0,0.153214,0.0,0.049128,0.033853,0.0,0.146369,0.159956,0.0,0.0,0.0,0.190963,0.04543,0.209143,0.230025,0.171527,0.0,0.0,0.336323,0.10758,0.0,0.035825,0.050838,0.0,0.099087,0.014798,0.056703,0.423337,0.126905,0.0,0.0,0.0,0.214214,0.161932,0.0,0.0,0.0,0.0,0.0,0.268593,0.184752,0.112363,0.0,0.09902,0.0,0.0,0.29967,0.359793,0.0,0.084957,0.0,0.02023,0.0,0.115764,0.0,0.0,0.101058,0.025622,0.262774,0.0,0.138138,0.0,0.0,0.0,0.0,0.306869,0.385568,0.048854,0.055332,0.0,0.059557,0.0,0.319031,0.0,0.039435,0.272301,0.313912,0.161382,0.0,0.0,0.0,0.0,0.0,0.323996,0.0,0.0,0.0,0.028974,0.0,0.024791,0.0,0.284345,0.0,0.312937,0.084868,0.079132,0.0,0.043165,0.274899,0.0,0.214258,0.839441,0.0,0.0,0.262179,0.040019,0.261224,0.08754,0.035365,0.037122,0.303261,0.232297,0.020885,0.0,0.0,0.0,0.372209,0.0,0.42062,0.291254,0.030374,0.0,0.0,0.080834,0.330822,0.272265,0.0,0.195392,0.389562,0.159487,0.0,0.20257,0.072648,0.38735,0.0,0.0,0.0,0.0,0.0,0.0,0.024417,0.0,0.146289,0.173603,0.0,0.0,0.0,0.0,0.237093,0.006981,0.0,0.0,0.088219,0.0,0.0,0.033702,0.340424,0.211709,0.167948,0.684248,0.285487,0.0,0.0,0.0,0.425807,0.0,0.016964,0.0,0.089343,0.0,0.150234,0.22747,0.357496,0.085087,0.293289,0.203736,0.362765,0.0,0.01533,0.18408,0.0,0.245307,0.0,0.0,0.0,0.0,0.0,0.298054,0.0,0.306391,0.0,0.0,0.249823,0.036357,0.231397,0.050108,0.0,0.142357,0.0,0.0,0.320926,0.020982,0.051573,0.0
TCGA-33-A5GW-01Z-00-DX1.6F0833B7-EDAB-4DF4-83D9-393D8ADBFCF3,0.515643,0.0,0.0,0.0,0.0,0.415344,0.015816,0.42668,0.01127,0.3305,0.3376,0.250457,0.0,0.0,0.0,0.480971,0.0,0.121298,0.0,0.319595,0.003672,0.01666,0.0,0.0,0.0,0.0,0.399674,0.0,0.134186,0.491367,0.0,0.0,0.368626,0.92,0.0,0.005635,0.008494,0.0,0.0,0.37698,0.0,0.009077,0.0,0.384038,0.0,0.143519,0.0,0.0,0.0,0.007812,0.0,0.026647,0.0,0.470998,0.0,0.201213,0.295087,0.057774,0.24942,0.231253,0.0,0.00553,0.006494,0.345385,0.282072,0.02357,0.282013,0.0,0.114587,0.0,0.0,0.0,0.013349,0.183734,0.0,0.199315,0.0,0.32939,0.258232,0.0,0.0,0.46243,0.343241,0.0,0.0,0.14974,0.00676,0.0,0.439862,0.219653,0.107983,0.0,0.275366,0.0,0.283228,0.258223,0.0,0.0,0.0,0.375831,0.0,0.0,0.31786,0.441967,0.043263,0.0,0.004403,0.233741,0.414042,0.0,0.326836,0.0,0.006174,0.0,0.0,0.0,0.0,0.08386,0.378263,0.013847,0.022792,0.0,0.112771,0.0,0.017541,0.001609,0.008343,0.071205,0.486904,0.0,0.268814,0.0,0.017917,0.005586,0.009959,0.388874,0.0,0.020315,0.304331,0.0,0.025143,0.174499,0.040892,0.028662,0.0,0.351005,0.0,0.020025,0.393287,0.0,0.272776,0.00994,0.049398,0.022257,0.0,0.219011,0.494712,0.181906,0.404176,0.0,0.224153,0.0,0.091225,0.444172,0.0,0.012528,0.0,0.0,0.0,0.11509,0.0,0.036203,0.0,0.0,0.0,0.0,0.0,0.0,0.348215,0.673529,0.381989,0.12458,0.0,0.395528,0.0,0.330841,0.0,0.377855,0.0,0.0,0.0,0.0,0.015405,0.162092,0.008368,0.009885,0.238848,0.091217,0.031195,0.0,0.345875,0.0,1.110625,0.145344,0.0,0.0,0.034433,0.903626,0.0,0.0,0.0,0.0,0.074195,0.0,0.0,0.000347,0.0,0.674651,0.0,0.0,0.0,0.383348,0.0,0.345713,0.386399,0.0,0.0,0.191469,0.0,0.0,0.0,0.267415,0.366618,0.26507,0.0,0.14663,0.430982,0.364904,0.409729,0.0,0.007848,0.0,0.008758,0.0,0.406848,0.018745,0.17055,0.0,0.24919,0.204002,0.093429,0.0,0.317118,0.0,1.176205,0.0,0.0,0.135848,0.0,0.164066,0.0,0.388234,0.0,0.048319,0.0,0.026025,0.434689,0.0,0.495212,0.299638,0.142356,0.354671,0.0,0.0,0.058145,0.086825,0.0,0.333122,0.0,0.0,0.013678,0.016331,0.24922,0.239518,0.0,0.0,3e-06,0.0,0.270992,0.293185,0.280809,0.112558,0.0,0.0,0.0,0.347468,0.0,0.0,0.279211,0.014674,0.0,0.007139,0.0,0.089216,0.003337,0.089205,0.0,0.0,0.0,0.189403,0.0,0.008073,0.009258,0.0,0.089626,0.16108,0.0,0.0,0.0,0.192121,0.01107,0.237644,0.253881,0.143289,0.0,0.0,0.403739,0.171583,0.0,0.010921,0.01464,0.0,0.026328,0.00287,0.054789,0.490007,0.178764,0.0,0.0,0.0,0.201239,0.136256,0.0,0.0,0.0,0.0,0.0,0.332472,0.226957,0.051643,0.0,0.016025,0.0,0.0,0.346702,0.406041,0.0,0.031163,0.0,0.004729,0.0,0.082489,0.0,0.0,0.056946,0.009381,0.274574,0.0,0.126245,0.0,0.0,0.0,0.0,0.360762,0.478381,0.013425,0.019521,0.0,0.115512,0.0,0.387059,0.0,0.008073,0.322976,0.354267,0.259218,0.0,0.0,0.0,0.0,0.0,0.39379,0.0,0.0,0.0,0.008888,0.0,0.00559,0.0,0.35136,0.0,0.345843,0.030414,0.085461,0.0,0.018037,0.332746,0.0,0.320131,0.814348,0.0,0.0,0.339998,0.010257,0.326422,0.017106,0.010986,0.011861,0.397748,0.295137,0.005334,0.0,0.0,0.0,0.436846,0.0,0.490841,0.3209,0.00725,0.0,0.0,0.045311,0.302321,0.214666,0.0,0.130836,0.47652,0.099988,0.0,0.238225,0.033189,0.348577,0.0,0.0,0.0,0.0,0.0,0.0,0.005861,0.0,0.22178,0.250109,0.0,0.0,0.0,1e-06,0.196596,0.00148,0.0,0.0,0.165634,0.0,0.0,0.012014,0.30146,0.244519,0.062075,0.667844,0.306586,0.0,0.0,0.0,0.404164,0.0,0.004984,0.0,0.054879,0.0,0.108005,0.27722,0.446831,0.026578,0.341306,0.174996,0.425214,0.0,0.00079,0.17357,0.0,0.314744,0.0,0.0,0.0,0.0,0.0,0.322248,0.0,0.366748,0.0,0.0,0.294287,0.00925,0.262606,0.015195,0.0,0.055919,0.0,0.0,0.384954,0.004749,0.015652,0.0
TCGA-18-3415-01Z-00-DX1.8C62F2CD-4A2F-4D1E-A662-D7D5AFE557AB,0.489779,0.0,0.0,0.0,0.0,0.399509,0.036815,0.414631,0.010095,0.314231,0.326927,0.175704,0.0,0.0,0.0,0.41861,0.0,0.168054,0.0,0.290521,0.009143,0.028479,0.0,0.0,0.0,0.0,0.388015,0.0,0.201452,0.449989,0.0,0.0,0.344092,0.936854,0.0,0.007861,0.013006,0.0,0.0,0.260576,0.0,0.01098,0.0,0.360665,0.0,0.183823,3e-06,0.0,0.0,0.013459,0.0,0.088159,0.0,0.487687,0.0,0.210745,0.298377,0.059114,0.2215,0.238298,0.0,0.015557,0.013223,0.316767,0.245397,0.051101,0.317956,0.0,0.159204,0.0,0.0,0.0,0.011512,0.166703,0.0,0.17967,0.0,0.303498,0.22849,0.0,0.0,0.476086,0.336631,0.0,0.0,0.158084,0.01209,0.0,0.426646,0.240559,0.151869,0.0,0.215222,0.0,0.302738,0.242711,0.0,0.0,0.0,0.381016,0.0,0.0,0.245507,0.42375,0.112095,0.0,0.007658,0.267722,0.387199,0.0,0.279135,0.0,0.010077,0.0,0.0,0.0,0.0,0.09888,0.343516,0.026043,0.059931,0.0,0.178616,0.0,0.036939,0.004718,0.014932,0.119992,0.447014,0.0,0.272214,0.0,0.030054,0.011059,0.033404,0.376573,0.0,0.038731,0.286733,0.0,0.036639,0.227664,0.062177,0.053825,0.0,0.330912,0.0,0.027657,0.377625,0.0,0.274356,0.017659,0.052117,0.041626,0.0,0.215618,0.474941,0.149872,0.389708,0.0,0.238819,0.0,0.104319,0.403333,0.0,0.015727,0.0,0.0,0.0,0.176465,0.0,0.061644,0.0,0.0,0.0,0.0,0.0,0.0,0.305244,0.662241,0.384011,0.099534,4e-06,0.352677,0.0,0.315361,0.0,0.373195,0.0,0.0,0.0,0.0,0.030513,0.151457,0.012644,0.019124,0.222227,0.139996,0.057547,0.0,0.346188,0.0,1.100053,0.149196,0.0,0.0,0.044745,0.902746,0.0,0.0,0.0,0.0,0.07425,0.0,0.0,0.011996,0.0,0.69086,0.0,0.0,0.0,0.375244,0.0,0.332175,0.362297,0.0,0.0,0.199829,0.0,0.0,0.0,0.286482,0.36477,0.248974,0.0,0.140845,0.430944,0.362438,0.408227,0.0,0.01458,0.0,0.00809,0.0,0.37759,0.040831,0.197111,0.0,0.241686,0.220246,0.130446,0.0,0.306037,0.0,1.183123,0.0,0.0,0.180441,0.0,0.221973,0.0,0.371537,0.0,0.076925,0.0,0.067375,0.403413,0.0,0.450522,0.290849,0.162715,0.348221,0.0,0.0,0.089816,0.121829,0.0,0.29342,0.0,0.0,0.02134,0.018609,0.253328,0.223957,0.0,0.0,0.0,0.0,0.262735,0.31064,0.273347,0.155758,0.0,0.0,0.0,0.316118,0.0,0.0,0.313369,0.022011,0.0,0.009611,0.0,0.154912,0.00706,0.110491,0.0,0.0,0.0,0.207159,0.0,0.042721,0.013008,0.0,0.094234,0.149313,0.0,0.0,0.0,0.223051,0.013279,0.22811,0.245442,0.195925,0.0,0.0,0.385038,0.178163,0.0,0.016277,0.020972,0.0,0.044317,0.010934,0.069166,0.47249,0.172092,0.0,0.0,0.0,0.193993,0.196896,0.0,0.0,0.0,0.0,0.0,0.319088,0.211237,0.05688,0.0,0.089949,0.0,0.0,0.342359,0.377363,0.0,0.05517,0.0,0.015521,0.0,0.10994,0.0,0.0,0.050664,0.012859,0.251679,0.0,0.163395,0.0,0.0,0.0,6e-06,0.35036,0.454207,0.036609,0.033434,0.0,0.131081,0.0,0.355721,0.0,0.013982,0.329789,0.356297,0.195997,0.0,0.0,0.0,0.0,0.0,0.388126,0.0,0.0,0.0,0.010191,0.0,0.011483,0.0,0.360188,0.0,0.332673,0.052157,0.131461,0.0,0.026037,0.327766,0.0,0.25657,0.819914,0.0,0.0,0.323075,0.021531,0.304271,0.043417,0.01911,0.016214,0.400601,0.308126,0.007388,0.0,0.0,0.0,0.40502,0.0,0.456394,0.310884,0.017122,0.0,0.0,0.064549,0.250475,0.234094,0.0,0.152504,0.413398,0.177762,0.0,0.235764,0.03785,0.361099,0.0,0.0,0.0,0.0,0.0,0.0,0.013392,0.0,0.174113,0.199498,0.0,0.0,0.0,0.0,0.242335,0.003539,0.0,0.0,0.176145,0.0,0.0,0.015041,0.31981,0.237617,0.134092,0.675742,0.284076,0.0,0.0,0.0,0.396209,0.0,0.009835,0.0,0.124218,0.0,0.110318,0.27197,0.415362,0.049966,0.324424,0.217017,0.380688,0.0,0.011456,0.160287,0.0,0.281408,0.0,0.0,0.0,0.0,0.0,0.253696,0.0,0.357878,0.0,0.0,0.249293,0.014651,0.277634,0.021349,0.0,0.128355,0.0,0.0,0.341801,0.009357,0.035019,0.0
TCGA-52-7812-01Z-00-DX1.dd6fa49a-f9fe-40a1-80b2-0824b128f3b2,0.412609,0.0,0.0,0.0,0.0,0.351427,0.079867,0.347421,0.033706,0.267208,0.29359,0.203832,0.0,0.0,0.0,0.370069,0.0,0.14868,0.0,0.24466,0.023329,0.062285,0.0,0.0,0.0,0.0,0.341109,0.0,0.173129,0.383172,0.0,0.0,0.294596,0.960454,0.0,0.025632,0.033805,0.0,0.0,0.266688,0.0,0.035461,0.0,0.314571,0.0,0.197716,0.0,0.0,0.0,0.028735,0.0,0.06345,0.0,0.497655,0.0,0.254838,0.252004,0.107433,0.196785,0.196949,0.0,0.045233,0.037972,0.265646,0.224837,0.077736,0.242892,0.0,0.171559,0.0,0.0,0.0,0.037495,0.127642,0.0,0.146631,0.0,0.253156,0.217968,0.0,0.0,0.498644,0.286842,0.0,0.0,0.128004,0.041574,0.0,0.372888,0.195032,0.110746,0.0,0.209561,0.0,0.324263,0.197901,0.0,0.0,0.0,0.315476,0.0,0.0,0.223214,0.361068,0.08593,0.0,0.026086,0.267842,0.325563,0.0,0.237689,0.0,0.033547,0.0,0.0,0.0,0.0,0.151501,0.29581,0.046717,0.078982,0.0,0.150693,0.0,0.046217,0.018985,0.041236,0.124154,0.389392,0.0,0.217617,0.0,0.064231,0.033323,0.041483,0.320955,0.0,0.035476,0.260992,0.0,0.072671,0.19913,0.089985,0.069112,0.0,0.283694,0.0,0.048921,0.321307,0.0,0.23169,0.040186,0.102742,0.070784,0.0,0.185407,0.433275,0.126888,0.334709,0.0,0.270467,0.0,0.141179,0.337953,0.0,0.043634,0.0,0.0,0.0,0.175877,0.0,0.096466,0.0,0.0,0.0,0.0,0.0,0.0,0.258975,0.705418,0.337876,0.133449,0.0,0.315972,0.0,0.284403,0.0,0.318383,0.0,0.0,0.0,0.0,0.065404,0.138787,0.035397,0.041836,0.187457,0.113292,0.064237,0.0,0.295468,0.0,1.120739,0.112934,0.0,0.0,0.067959,0.943516,0.0,0.0,0.0,0.0,0.08941,0.0,0.0,0.012815,0.0,0.706945,0.0,0.0,0.0,0.320095,0.0,0.283277,0.314568,0.0,0.0,0.241046,0.0,0.0,0.0,0.229467,0.311335,0.222564,0.0,0.117195,0.372698,0.302793,0.355166,0.0,0.030736,0.0,0.024883,0.0,0.324061,0.052074,0.202092,0.0,0.19898,0.169141,0.160235,0.0,0.260273,0.0,1.222924,0.0,0.0,0.127752,0.0,0.151888,0.0,0.329159,0.0,0.092785,0.0,0.052076,0.358196,0.0,0.39354,0.237306,0.170469,0.29061,0.0,0.0,0.096785,0.097422,0.0,0.252403,0.0,0.0,0.048634,0.051067,0.208601,0.18897,0.0,0.0,0.0,0.0,0.218897,0.25443,0.236328,0.132412,0.0,0.0,0.0,0.289009,0.0,0.0,0.25788,0.053887,0.0,0.028429,0.0,0.118151,0.031485,0.121028,0.0,0.0,0.0,0.166526,0.0,0.044556,0.038683,0.0,0.126656,0.195797,0.0,0.0,0.0,0.17573,0.045705,0.185159,0.206207,0.201274,0.0,0.0,0.349617,0.137646,0.0,0.048825,0.048602,0.0,0.068485,0.028101,0.082971,0.396934,0.134926,0.0,0.0,0.0,0.229007,0.13767,0.0,0.0,0.0,0.0,0.0,0.277433,0.17102,0.108645,0.0,0.067804,0.0,0.0,0.286499,0.333336,0.0,0.096465,0.0,0.032979,0.0,0.140618,0.0,0.0,0.105826,0.034957,0.220438,0.0,0.153869,0.0,0.0,0.0,0.0,0.300651,0.392391,0.029221,0.069998,0.0,0.106481,0.0,0.296716,0.0,0.035554,0.282253,0.29341,0.179294,0.0,0.0,0.0,0.0,0.0,0.331794,0.0,0.0,0.0,0.031729,0.0,0.032048,0.0,0.322922,0.0,0.284616,0.090619,0.136176,0.0,0.047811,0.281426,0.0,0.282593,0.858539,0.0,0.0,0.265154,0.048155,0.261387,0.071858,0.045878,0.038532,0.380105,0.255061,0.025502,0.0,0.0,0.0,0.349876,0.0,0.3983,0.259154,0.032928,0.0,0.0,0.070296,0.251805,0.286246,0.0,0.197019,0.36266,0.135751,0.0,0.180551,0.083253,0.383205,0.0,0.0,0.0,0.0,0.0,0.0,0.028768,0.0,0.141771,0.176858,0.0,0.0,0.0,0.0,0.240139,0.015073,0.0,0.0,0.156969,0.0,0.0,0.031977,0.348434,0.186123,0.088649,0.701068,0.251826,0.0,0.0,0.0,0.433119,0.0,0.023228,0.0,0.110692,0.0,0.143785,0.219694,0.358966,0.0885,0.303147,0.208882,0.338798,0.0,0.003625,0.19355,0.0,0.245181,0.0,0.0,0.0,0.0,0.0,0.262983,0.0,0.291716,2e-06,0.0,0.238728,0.041242,0.244258,0.057684,0.0,0.079159,0.0,0.0,0.303823,0.026222,0.064382,0.0
TCGA-33-6738-01Z-00-DX5.4af96952-d323-4d2e-9871-e590b7c5f59d,0.287854,0.0,0.0,0.0,0.0,0.209407,0.276333,0.235703,0.230328,0.160581,0.177503,0.169105,0.0,0.0,0.0,0.252573,0.0,0.118587,0.0,0.159422,0.154641,0.123555,0.0,0.0,0.0,0.0,0.193438,0.0,0.135994,0.258147,0.0,0.0,0.191681,1.014978,0.0,0.209406,0.22698,0.0,0.0,0.323004,0.0,0.24375,0.0,0.191293,0.0,0.168962,0.0,0.0,0.0,0.223399,0.0,0.081212,0.0,0.541589,0.0,0.294351,0.160685,0.317572,0.113571,0.120774,0.0,0.262853,0.221818,0.173862,0.120827,0.21006,0.150241,0.0,0.160198,0.0,0.0,0.0,0.145825,0.071683,0.0,0.273644,0.0,0.143812,0.139531,0.0,0.0,0.552851,0.165305,0.0,0.0,0.057595,0.236049,0.0,0.229051,0.114095,0.06474,0.0,0.288566,0.0,0.396115,0.126794,0.0,0.0,0.0,0.178706,0.0,0.0,0.204813,0.238843,0.082373,0.0,0.238738,0.196001,0.184508,0.0,0.180703,0.0,0.200097,0.0,0.0,0.0,0.0,0.147944,0.186841,0.082107,0.165934,0.0,0.098284,0.0,0.169891,0.178794,0.229165,0.119332,0.269607,0.0,0.144381,0.0,0.272394,0.233131,0.074952,0.205819,0.0,0.068906,0.152983,0.0,0.197742,0.146689,0.253341,0.149998,0.0,0.181667,0.0,0.105991,0.200834,0.0,0.134116,0.210248,0.118063,0.252417,0.0,0.110055,0.254129,0.090867,0.209585,0.0,0.333418,0.0,0.229904,0.23935,0.0,0.232458,0.0,0.0,0.0,0.181941,0.0,0.276475,0.0,0.0,0.0,0.0,0.0,0.0,0.171811,0.750718,0.1848,0.186877,0.0,0.192411,0.0,0.173569,0.0,0.1856,0.0,0.0,0.0,0.0,0.278181,0.267624,0.215807,0.242645,0.098763,0.109608,0.143227,0.0,0.172037,0.0,1.131756,0.053007,0.0,0.0,0.219727,0.972301,0.0,0.0,0.0,0.0,0.200665,0.0,0.0,0.010924,0.0,0.770838,0.0,0.0,0.0,0.193694,0.0,0.183466,0.204949,0.0,0.0,0.226532,0.0,0.0,0.0,0.115851,0.300884,0.147187,0.0,0.052708,0.220003,0.18594,0.219011,0.0,0.244023,0.0,0.203224,0.0,0.232358,0.168942,0.160112,0.0,0.109955,0.107557,0.234432,0.0,0.156315,0.0,1.248123,0.0,0.0,0.091655,0.0,0.091647,0.0,0.199457,0.0,0.262616,0.0,0.117186,0.213799,0.0,0.251964,0.150061,0.261863,0.177834,0.0,0.0,0.208719,0.078447,0.0,0.154889,0.0,0.0,0.272572,0.264914,0.128537,0.11728,0.0,0.0,0.0,0.0,0.123384,0.149571,0.136895,0.098307,0.0,0.0,0.0,0.197185,0.0,0.0,0.141133,0.250279,0.0,0.218937,0.0,0.105605,0.210782,0.130294,0.0,0.0,0.0,0.083177,0.0,0.07104,0.228237,0.0,0.269299,0.296694,0.0,0.0,0.0,0.107425,0.240109,0.116629,0.126849,0.170487,0.0,0.0,0.233216,0.065052,0.0,0.227061,0.24828,0.0,0.172754,0.191725,0.157586,0.245182,0.069524,0.0,0.0,0.0,0.230017,0.08475,0.0,0.0,0.0,0.0,0.0,0.15763,0.1033,0.207923,0.0,0.137604,0.0,0.0,0.173059,0.215906,0.0,0.183636,0.0,0.201164,0.0,0.142173,0.0,0.0,0.174056,0.171738,0.145592,0.0,0.162582,0.0,0.0,0.0,0.0,0.180541,0.248625,0.067549,0.202401,0.0,0.030131,0.0,0.195256,0.0,0.272147,0.160003,0.175158,0.139878,0.0,0.0,0.0,0.0,0.0,0.195197,0.0,0.0,0.0,0.227686,0.0,0.215378,0.0,0.190688,0.0,0.184693,0.145136,0.08418,0.0,0.245551,0.152989,0.0,0.206713,0.877785,0.0,0.0,0.159114,0.235385,0.157887,0.17683,0.232561,0.094049,0.232071,0.136182,0.185075,0.0,0.0,0.0,0.371958,0.0,0.271526,0.18114,0.228795,0.0,0.0,0.157844,0.336034,0.348192,0.0,0.256575,0.288957,0.112191,0.0,0.107688,0.289021,0.431993,0.0,0.0,0.0,0.0,0.0,0.0,0.182772,0.0,0.148173,0.14203,0.0,0.0,0.0,0.0,0.212767,0.15982,0.0,0.0,0.107242,0.0,0.0,0.266818,0.420676,0.119896,0.18446,0.735846,0.160455,0.0,0.0,0.0,0.479337,0.0,0.212432,0.0,0.072974,0.0,0.267844,0.124525,0.212625,0.280292,0.167831,0.187753,0.349043,0.0,0.009358,0.314615,0.0,0.17008,0.0,0.0,0.0,0.0,0.0,0.322771,0.0,0.175688,0.0,0.0,0.247536,0.230508,0.157323,0.156966,0.0,0.077535,0.0,0.0,0.190127,0.192107,0.247095,0.0
TCGA-22-0940-01Z-00-DX1.775CB101-6A55-40DD-B19F-7BFCA7820F5F,0.456075,0.0,0.0,0.0,0.0,0.377655,0.042058,0.391586,0.026776,0.285062,0.294938,0.235426,0.0,0.0,0.0,0.408312,0.0,0.146865,0.0,0.268818,0.012228,0.054166,0.0,0.0,0.0,0.0,0.365291,0.0,0.168464,0.431968,0.0,0.0,0.319532,0.984666,0.0,0.014358,0.016604,0.0,0.0,0.279353,0.0,0.021191,0.0,0.333771,0.0,0.194414,0.0,0.0,0.0,0.019517,0.0,0.041716,0.0,0.518855,0.0,0.257532,0.262108,0.09692,0.196097,0.186773,0.0,0.017025,0.023642,0.319699,0.251601,0.049116,0.256526,0.0,0.187036,0.0,0.0,0.0,0.032292,0.140743,0.0,0.136239,0.0,0.283565,0.24791,0.0,0.0,0.521552,0.315806,0.0,0.0,0.130146,0.021248,0.0,0.400021,0.204269,0.092282,0.0,0.246119,0.0,0.331185,0.215715,0.0,0.0,0.0,0.342732,0.0,0.0,0.233631,0.397921,0.049245,0.0,0.009823,0.286597,0.38,0.0,0.286045,0.0,0.022514,0.0,0.0,0.0,0.0,0.151313,0.311164,0.045659,0.070927,0.0,0.1392,0.0,0.052209,0.004003,0.0202,0.133302,0.424918,0.0,0.217486,0.0,0.044724,0.013888,0.028522,0.346648,0.0,0.018825,0.292189,0.0,0.062103,0.198641,0.082246,0.057932,0.0,0.309331,0.0,0.033691,0.346638,0.0,0.237478,0.030616,0.100766,0.049142,0.0,0.191292,0.474969,0.150261,0.375088,0.0,0.288066,0.0,0.123121,0.393691,0.0,0.035562,0.0,0.0,0.0,0.188212,0.0,0.07457,0.0,0.0,0.0,0.0,0.0,0.0,0.285254,0.728933,0.357228,0.140327,0.0,0.356697,0.0,0.289827,0.0,0.348878,0.0,0.0,0.0,0.0,0.044888,0.10673,0.020639,0.030714,0.220966,0.125057,0.070636,0.0,0.317181,0.0,1.172289,0.138,0.0,0.0,0.065293,0.977013,0.0,0.0,0.0,0.0,0.094191,0.0,0.0,0.002195,0.0,0.730149,0.0,0.0,0.0,0.342284,0.0,0.315256,0.352393,0.0,0.0,0.263577,0.0,0.0,0.0,0.2476,0.327699,0.225318,0.0,0.12376,0.392241,0.328706,0.39176,0.0,0.013707,0.0,0.012241,0.0,0.35259,0.041017,0.196612,0.0,0.220393,0.178464,0.142945,0.0,0.289626,0.0,1.244401,0.0,0.0,0.108697,0.0,0.144784,0.0,0.364738,0.0,0.06735,0.0,0.053522,0.392532,0.0,0.45157,0.264229,0.103407,0.310163,0.0,0.0,0.101842,0.078935,0.0,0.272496,0.0,0.0,0.033182,0.042598,0.217908,0.188852,0.0,0.0,0.0,0.0,0.239561,0.263021,0.246429,0.098511,0.0,0.0,0.0,0.2967,0.0,0.0,0.264865,0.037668,0.0,0.013724,0.0,0.104759,0.010939,0.132829,0.0,0.0,0.0,0.176575,0.0,0.035651,0.030797,0.0,0.124586,0.182693,0.0,0.0,0.0,0.176401,0.029662,0.189418,0.215042,0.209771,0.0,0.0,0.354994,0.151272,0.0,0.02865,0.023325,0.0,0.060972,0.008998,0.08824,0.440172,0.151359,0.0,0.0,0.0,0.255112,0.126776,0.0,0.0,0.0,0.0,0.0,0.305874,0.193795,0.096555,0.0,0.045816,0.0,0.0,0.317422,0.355646,0.0,0.080548,0.0,0.014641,0.0,0.141651,0.0,0.0,0.092983,0.029185,0.217451,0.0,0.185565,0.0,0.0,0.0,0.0,0.320509,0.437367,0.036095,0.058077,0.0,0.118092,0.0,0.332642,0.0,0.014746,0.291457,0.324235,0.196099,0.0,0.0,0.0,0.0,0.0,0.361224,0.0,0.0,0.0,0.013909,0.0,0.016427,0.0,0.330563,0.0,0.293652,0.085709,0.130402,0.0,0.054572,0.310011,0.0,0.323622,0.879472,0.0,0.0,0.305411,0.025005,0.289484,0.056046,0.025317,0.035554,0.423336,0.268249,0.015783,0.0,0.0,0.0,0.365196,0.0,0.426463,0.275372,0.02214,0.0,0.0,0.056803,0.230293,0.280724,0.0,0.180173,0.399538,0.114827,0.0,0.19618,0.065849,0.404902,0.0,0.0,0.0,0.0,0.0,0.0,0.016834,0.0,0.17002,0.193778,0.0,0.0,0.0,0.0,0.23507,0.004452,0.0,0.0,0.193631,0.0,0.0,0.024277,0.362048,0.190081,0.069355,0.736676,0.254931,0.0,0.0,0.0,0.464187,0.0,0.013992,0.0,0.090077,0.0,0.131619,0.2313,0.396502,0.067455,0.3163,0.236559,0.375911,0.0,0.002478,0.184656,0.0,0.27055,0.0,0.0,0.0,0.0,0.0,0.265671,0.0,0.324829,1e-06,0.0,0.255306,0.025133,0.2475,0.041095,0.0,0.045307,0.0,0.0,0.33246,0.014333,0.047294,0.0
TCGA-33-4538-01Z-00-DX3.27b62beb-d3c4-493b-8663-73f128c0ad77,0.480067,0.0,0.0,0.0,0.0,0.387849,0.041592,0.400907,0.019372,0.31404,0.324389,0.268059,0.0,0.0,0.0,0.43646,0.0,0.120513,0.0,0.294287,0.006703,0.029748,0.0,0.0,0.0,0.0,0.371207,0.0,0.128742,0.456635,0.0,0.0,0.351259,0.955813,0.0,0.016084,0.015666,0.0,0.0,0.405305,0.0,0.024793,0.0,0.353286,0.0,0.161184,0.0,0.0,0.0,0.014115,0.0,0.040776,0.0,0.492369,0.0,0.221015,0.288898,0.090524,0.231671,0.218571,0.0,0.014289,0.015206,0.312997,0.263835,0.040688,0.240956,0.0,0.12441,0.0,0.0,0.0,0.029377,0.162175,0.0,0.220764,0.0,0.293333,0.24931,0.0,0.0,0.480923,0.299216,0.0,0.0,0.13044,0.014907,0.0,0.405483,0.194689,0.097976,0.0,0.281693,0.0,0.311479,0.236279,0.0,0.0,0.0,0.348711,0.0,0.0,0.337434,0.407502,0.032191,0.0,0.011689,0.220709,0.362881,0.0,0.314877,0.0,0.012874,0.0,0.0,0.0,0.0,0.092425,0.35631,0.01616,0.035246,0.0,0.100644,0.0,0.023363,0.002666,0.022114,0.075122,0.448245,0.0,0.24771,0.0,0.035737,0.013332,0.016295,0.358412,0.0,0.019458,0.27179,0.0,0.041966,0.151568,0.056178,0.035459,0.0,0.320949,0.0,0.039124,0.362154,0.0,0.249218,0.016535,0.069109,0.048139,0.0,0.208477,0.463967,0.176431,0.366978,0.0,0.238388,0.0,0.120043,0.416425,0.0,0.032206,0.0,0.0,0.0,0.127409,0.0,0.056243,0.0,0.0,0.0,0.0,0.0,0.0,0.329915,0.696717,0.344966,0.14867,0.0,0.351275,0.0,0.318889,0.0,0.344615,0.0,0.0,0.0,0.0,0.033146,0.203555,0.017818,0.022105,0.196357,0.105683,0.041986,0.0,0.328787,0.0,1.141566,0.110892,0.0,0.0,0.04173,0.942936,0.0,0.0,0.0,0.0,0.08614,0.0,0.0,0.00273,0.0,0.69954,0.0,0.0,0.0,0.35463,0.0,0.318711,0.354552,0.0,0.0,0.224279,0.0,0.0,0.0,0.235189,0.364881,0.248875,0.0,0.131405,0.401232,0.336267,0.370735,0.0,0.021668,0.0,0.018939,0.0,0.393906,0.030047,0.170971,0.0,0.224743,0.194366,0.114899,0.0,0.275325,0.0,1.219904,0.0,0.0,0.133552,0.0,0.14491,0.0,0.360339,0.0,0.077811,0.0,0.020997,0.397288,0.0,0.455402,0.26765,0.18173,0.319536,0.0,0.0,0.060661,0.091084,0.0,0.310412,0.0,0.0,0.029188,0.029306,0.230452,0.213309,0.0,0.0,0.0,0.0,0.249366,0.267445,0.267233,0.115091,0.0,0.0,0.0,0.332274,0.0,0.0,0.24803,0.039086,0.0,0.020668,0.0,0.090475,0.010239,0.088703,0.0,0.0,0.0,0.169532,0.0,0.016294,0.020978,0.0,0.121367,0.200028,0.0,0.0,0.0,0.177707,0.026019,0.222384,0.244894,0.157603,0.0,0.0,0.393968,0.155173,0.0,0.02137,0.040751,0.0,0.044917,0.00866,0.065745,0.456164,0.159282,0.0,0.0,0.0,0.218494,0.119714,0.0,0.0,0.0,0.0,0.0,0.299372,0.217242,0.07013,0.0,0.009507,0.0,0.0,0.320001,0.3862,0.0,0.055939,0.0,0.00896,0.0,0.097744,0.0,0.0,0.075747,0.02117,0.253738,0.0,0.136224,0.0,0.0,0.0,0.0,0.343622,0.439403,0.019311,0.03158,0.0,0.088687,0.0,0.359905,0.0,0.023658,0.297977,0.324263,0.271273,0.0,0.0,0.0,0.0,0.0,0.361564,0.0,0.0,0.0,0.023389,0.0,0.011244,0.0,0.324794,0.0,0.329871,0.034506,0.089312,0.0,0.02725,0.300212,0.0,0.327344,0.856441,0.0,0.0,0.304436,0.020736,0.293432,0.026296,0.030725,0.016702,0.364881,0.25947,0.012525,0.0,0.0,0.0,0.436545,0.0,0.4514,0.305562,0.019424,0.0,0.0,0.060709,0.35296,0.239544,0.0,0.164353,0.459851,0.109543,0.0,0.215264,0.058153,0.371194,0.0,0.0,0.0,0.0,0.0,0.0,0.018104,0.0,0.21127,0.270529,0.0,0.0,0.0,0.0,0.206853,0.002148,0.0,0.0,0.140601,0.0,0.0,0.019016,0.318558,0.227183,0.036299,0.696506,0.298894,0.0,0.0,0.0,0.436988,0.0,0.010171,0.0,0.054027,0.0,0.128714,0.251712,0.399437,0.044805,0.315917,0.190265,0.408957,0.0,0.001117,0.202672,0.0,0.290274,0.0,0.0,0.0,0.0,0.0,0.351872,0.0,0.32552,0.0,0.0,0.312555,0.022098,0.254963,0.026756,0.0,0.063869,0.0,0.0,0.352023,0.013787,0.03074,0.0
TCGA-60-2726-01Z-00-DX1.3c30934b-c93a-4dad-9c44-b417eae17137,0.476363,0.0,0.0,0.0,0.0,0.375861,0.040652,0.401452,0.004848,0.315674,0.356441,0.072304,0.0,0.0,0.0,0.432284,0.0,0.179434,0.0,0.268045,0.004285,0.049954,0.0,0.0,0.0,0.0,0.390862,0.0,0.216231,0.42885,0.0,0.0,0.339439,0.934664,0.0,0.005271,0.009309,0.0,0.0,0.210729,0.0,0.009053,0.0,0.370333,0.0,0.180878,0.0,8e-06,0.0,0.010436,0.0,0.159428,0.0,0.518755,0.0,0.210773,0.339103,0.053851,0.216733,0.262912,0.0,0.016889,0.013291,0.247692,0.163204,0.106188,0.359364,0.0,0.163932,0.0,0.0,0.0,0.010101,0.159976,0.0,0.263438,0.0,0.29678,0.11296,0.0,0.0,0.496955,0.331991,0.0,0.0,0.125795,0.013215,0.0,0.418479,0.256414,0.206185,0.0,0.147799,0.0,0.336537,0.19964,0.0,0.0,0.0,0.359395,0.0,0.0,0.198338,0.425376,0.228627,0.0,0.00792,0.275628,0.350647,0.0,0.203272,0.0,0.00995,0.0,0.0,0.0,0.0,0.121106,0.368796,0.029153,0.119143,0.0,0.187775,0.0,0.072841,0.006146,0.007989,0.169613,0.463101,0.0,0.34222,0.0,0.032248,0.012493,0.039177,0.396716,0.0,0.070592,0.228689,0.0,0.053226,0.285496,0.071749,0.090729,0.0,0.318629,0.0,0.012987,0.393233,0.0,0.294172,0.008182,0.068694,0.036318,0.0,0.227637,0.451959,0.08126,0.357812,0.0,0.26398,0.0,0.091689,0.394465,0.0,0.011959,0.0,0.0,0.0,0.165611,0.0,0.080558,0.0,0.0,0.0,0.0,0.0,0.0,0.313044,0.692181,0.349369,0.075129,0.0,0.362002,0.0,0.337807,0.0,0.360888,0.0,0.0,0.0,0.0,0.024733,0.225663,0.012414,0.014448,0.191529,0.185877,0.089573,0.0,0.363962,0.0,1.101857,0.122411,0.0,0.0,0.084137,0.900586,0.0,0.0,7e-06,0.0,0.055065,0.0,0.0,0.023979,0.0,0.707153,0.0,0.0,0.0,0.376187,0.0,0.335616,0.335941,0.0,0.0,0.161818,0.0,0.0,0.0,0.272699,0.34218,0.225804,0.0,0.087182,0.444567,0.355892,0.407083,0.0,0.012737,0.0,0.006669,0.0,0.379823,0.105287,0.223376,0.0,0.218705,0.243397,0.16845,0.0,0.312525,0.0,1.178099,0.0,0.0,0.256153,0.0,0.306983,0.0,0.352388,0.0,0.046356,0.0,0.093149,0.428563,0.0,0.468733,0.280759,0.284931,0.378234,0.0,0.0,0.186289,0.19285,0.0,0.299105,0.0,0.0,0.016617,0.01441,0.265097,0.246576,0.0,0.0,0.0,0.0,0.246364,0.339385,0.274205,0.240382,0.0,0.0,0.0,0.302654,0.0,0.0,0.286456,0.012203,0.0,0.008011,0.0,0.190307,0.01253,0.151281,0.0,0.0,0.0,0.181069,0.0,0.079884,0.012047,0.0,0.126946,0.115639,0.0,0.0,0.0,0.263828,0.014908,0.235215,0.271446,0.185835,0.0,0.0,0.384657,0.112984,0.0,0.013736,0.02314,0.0,0.094553,0.016046,0.07785,0.481662,0.149513,0.0,0.0,0.0,0.190447,0.239494,0.0,0.0,0.0,0.0,0.0,0.326149,0.211847,0.089843,0.0,0.205625,0.0,0.0,0.352483,0.390409,0.0,0.058343,0.0,0.008227,0.0,0.097625,0.0,0.0,0.079725,0.010326,0.281058,0.0,0.165389,0.0,0.0,0.0,0.0,0.346054,0.44458,0.046384,0.03731,0.0,0.058232,0.0,0.364058,0.0,0.012485,0.30544,0.373487,0.132013,0.0,0.0,0.0,0.0,0.0,0.37863,0.0,0.0,0.0,0.009805,0.0,0.009849,0.0,0.328582,0.0,0.363317,0.072737,0.096215,0.0,0.017381,0.33336,0.0,0.150267,0.832167,0.0,0.0,0.294792,0.013218,0.330621,0.078657,0.01405,0.015706,0.318822,0.301485,0.003321,0.0,0.0,0.0,0.389237,0.0,0.485331,0.340208,0.007699,0.0,0.0,0.100995,0.291355,0.236101,0.0,0.181739,0.404159,0.23595,0.0,0.23985,0.034022,0.383113,0.0,0.0,0.0,0.0,0.0,0.0,0.007932,0.0,0.10716,0.119142,0.0,0.0,0.0,0.0,0.277658,0.00504,0.0,1e-06,0.068256,0.0,0.0,0.010573,0.331885,0.238834,0.302502,0.671574,0.316169,0.0,0.0,0.0,0.412836,0.0,0.006776,0.0,0.137401,0.0,0.133271,0.254412,0.407897,0.044159,0.331965,0.220073,0.360678,0.0,0.03348,0.129058,0.0,0.265449,0.0,0.0,0.0,0.0,0.0,0.223563,0.0,0.342276,0.0,0.0,0.204322,0.014475,0.280119,0.018675,0.0,0.210617,0.0,0.0,0.354948,0.005912,0.025977,0.0
TCGA-56-8307-01Z-00-DX1.20EE4B4C-403F-44AA-8B0E-711003E60B8F,0.347028,0.0,0.0,0.0,0.0,0.296331,0.136757,0.300366,0.069329,0.223992,0.255986,0.138926,0.0,0.0,0.0,0.28609,0.0,0.167292,0.0,0.184738,0.055687,0.116185,0.0,0.0,0.0,0.0,0.291536,0.0,0.213515,0.321034,0.0,0.0,0.246636,0.991244,0.0,0.05251,0.084158,0.0,0.0,0.190008,0.0,0.077038,0.0,0.269106,0.0,0.232443,0.0,0.0,0.0,0.070909,0.0,0.114308,0.0,0.519627,0.0,0.290393,0.22313,0.164931,0.151483,0.173431,0.0,0.10999,0.088777,0.213566,0.15487,0.134117,0.23945,0.0,0.206173,0.0,0.0,0.0,0.071279,0.101256,0.0,0.177091,0.0,0.196988,0.157141,0.0,0.0,0.531835,0.245483,0.0,0.0,0.102519,0.098723,0.0,0.333088,0.180487,0.129622,0.0,0.181584,0.0,0.378253,0.147551,0.0,0.0,0.0,0.269316,0.0,0.0,0.172213,0.307692,0.118189,0.0,0.066825,0.267856,0.257347,0.0,0.170117,0.0,0.076132,0.0,0.0,0.0,0.0,0.183734,0.242168,0.085926,0.146076,0.0,0.179988,0.0,0.07978,0.054646,0.08086,0.168377,0.316516,0.0,0.207975,0.0,0.129653,0.079015,0.093278,0.281583,0.0,0.058842,0.20636,0.0,0.125991,0.237792,0.13911,0.121656,0.0,0.231425,0.0,0.10818,0.269132,0.0,0.202262,0.083173,0.130259,0.135258,0.0,0.140635,0.362796,0.07853,0.271738,0.0,0.296014,0.0,0.167737,0.28171,0.0,0.082926,0.0,0.0,0.0,0.205565,0.0,0.150054,0.0,0.0,0.0,0.0,0.0,0.0,0.213278,0.733067,0.28118,0.122814,0.0,0.253614,0.0,0.241782,0.0,0.261792,0.0,0.0,0.0,0.0,0.117497,0.169246,0.087196,0.089931,0.146446,0.144071,0.111679,0.0,0.254433,0.0,1.1293,0.089982,0.0,0.0,0.123988,0.965473,0.0,0.0,0.0,0.0,0.110075,0.0,0.0,0.023153,0.0,0.740815,0.0,0.0,0.0,0.264639,0.0,0.230325,0.258595,0.0,0.0,0.268711,0.0,0.0,0.0,0.195505,0.270426,0.179619,0.0,0.079406,0.320918,0.252264,0.303579,0.0,0.075866,0.0,0.058877,0.0,0.267822,0.110594,0.23363,0.0,0.152549,0.150721,0.226378,0.0,0.223333,0.0,1.229661,0.0,0.0,0.150749,0.0,0.158213,0.0,0.291256,0.0,0.1338,0.0,0.101234,0.305367,0.0,0.330572,0.194962,0.228007,0.253825,0.0,0.0,0.169134,0.108399,0.0,0.199593,0.0,0.0,0.09902,0.108382,0.187514,0.151836,0.0,0.0,0.0,0.0,0.172397,0.227168,0.198503,0.165939,0.0,0.0,0.0,0.243364,0.0,0.0,0.235341,0.094483,0.0,0.064867,0.0,0.155326,0.072758,0.14695,0.0,0.0,0.0,0.143822,0.0,0.089423,0.082074,0.0,0.183114,0.19765,0.0,0.0,0.0,0.172106,0.09155,0.156269,0.176458,0.218917,0.0,0.0,0.290153,0.101532,0.0,0.101536,0.093405,0.0,0.133541,0.074558,0.09754,0.337518,0.087558,0.0,0.0,0.0,0.265219,0.15177,0.0,0.0,0.0,0.0,0.0,0.233898,0.132335,0.157491,0.0,0.153708,0.0,0.0,0.24967,0.282157,0.0,0.150945,0.0,0.083081,0.0,0.178907,0.0,0.0,0.144947,0.073816,0.198579,0.0,0.184854,0.0,0.0,0.0,0.0,0.260829,0.334198,0.071366,0.137086,0.0,0.072439,0.0,0.246193,0.0,0.081566,0.247292,0.258151,0.098306,0.0,0.0,0.0,0.0,0.0,0.275824,0.0,0.0,0.0,0.076221,0.0,0.078537,0.0,0.286265,0.0,0.254505,0.156494,0.146013,0.0,0.09907,0.227461,0.0,0.205018,0.874286,0.0,0.0,0.210825,0.102201,0.226561,0.135401,0.088157,0.08938,0.329613,0.216855,0.053318,0.0,0.0,0.0,0.300437,0.0,0.327333,0.240603,0.071679,0.0,0.0,0.119164,0.239645,0.33688,0.0,0.242249,0.295896,0.180352,0.0,0.152576,0.131556,0.425114,0.0,0.0,0.0,0.0,0.0,0.0,0.067761,0.0,0.092659,0.114668,0.0,0.0,0.0,0.0,0.276459,0.045249,0.0,0.0,0.108437,0.0,0.0,0.077784,0.379399,0.138973,0.150611,0.731048,0.205219,0.0,0.0,0.0,0.46216,0.0,0.05713,0.0,0.139249,0.0,0.177879,0.187524,0.292838,0.160978,0.250004,0.225573,0.28192,0.0,0.007037,0.213435,0.0,0.192321,0.0,0.0,0.0,0.0,0.0,0.227625,0.0,0.259954,2.7e-05,0.0,0.196839,0.091479,0.224456,0.109071,0.0,0.138111,0.0,0.0,0.249286,0.056263,0.122626,0.0
TCGA-85-6798-01Z-00-DX1.c8ca3a56-b337-4345-b55a-83b0ae9a75f0,0.481775,0.0,0.0,0.0,0.0,0.402947,0.039564,0.412982,0.0205,0.303165,0.308424,0.27794,0.0,0.0,0.0,0.424195,0.0,0.132157,0.0,0.297545,0.014563,0.032155,0.0,0.0,0.0,0.0,0.378655,0.0,0.152365,0.456589,0.0,0.0,0.339339,0.968767,0.0,0.016384,0.014246,0.0,0.0,0.342172,0.0,0.022645,0.0,0.33924,0.0,0.17725,0.0,0.0,0.0,0.01783,0.0,0.031071,0.0,0.503355,0.0,0.227152,0.272474,0.079438,0.213953,0.203835,0.0,0.019313,0.022119,0.330052,0.280417,0.032338,0.239387,0.0,0.157038,0.0,0.0,0.0,0.022989,0.154577,0.0,0.139201,0.0,0.300128,0.283078,0.0,0.0,0.49891,0.315395,0.0,0.0,0.149609,0.019543,0.0,0.418554,0.204115,0.085462,0.0,0.27618,0.0,0.303975,0.245386,0.0,0.0,0.0,0.366121,0.0,0.0,0.30001,0.415622,0.03188,0.0,0.012979,0.258747,0.391597,0.0,0.322569,0.0,0.017687,0.0,0.0,0.0,0.0,0.119212,0.339296,0.022054,0.047229,0.0,0.12311,0.0,0.027997,0.008073,0.020536,0.090553,0.448707,0.0,0.217151,0.0,0.040042,0.016261,0.022149,0.354541,0.0,0.008759,0.311975,0.0,0.03968,0.167636,0.06011,0.036404,0.0,0.329129,0.0,0.031171,0.354811,0.0,0.249299,0.024405,0.072878,0.042,0.0,0.203639,0.499963,0.183106,0.389991,0.0,0.24493,0.0,0.131179,0.414624,0.0,0.029183,0.0,0.0,0.0,0.162279,0.0,0.055902,0.0,0.0,0.0,0.0,0.0,0.0,0.31343,0.705618,0.374583,0.150661,2.5e-05,0.36288,0.0,0.311733,0.0,0.36419,0.0,0.0,0.0,0.0,0.037678,0.134221,0.017998,0.027161,0.222324,0.102809,0.040495,0.0,0.336949,0.0,1.163852,0.139555,0.0,0.0,0.033214,0.964767,0.0,0.0,0.0,0.0,0.090692,0.0,0.0,0.004654,0.0,0.711766,0.0,0.0,0.0,0.358994,0.0,0.338035,0.365437,0.0,0.0,0.250328,0.0,0.0,0.0,0.262734,0.374121,0.255997,0.0,0.150989,0.413077,0.355673,0.406888,0.0,0.019191,0.0,0.013593,0.0,0.386677,0.021062,0.175332,0.0,0.23825,0.198535,0.112315,0.0,0.28888,0.0,1.240506,0.0,0.0,0.106225,0.0,0.13653,0.0,0.37485,0.0,0.079946,0.0,0.032168,0.405047,0.0,0.45856,0.273349,0.113615,0.315371,0.0,0.0,0.055408,0.071802,0.0,0.291826,0.0,0.0,0.031275,0.029614,0.236368,0.206683,0.0,0.0,0.0,0.0,0.272057,0.268838,0.274088,0.088771,0.0,0.0,0.0,0.326673,0.0,0.0,0.278507,0.034804,0.0,0.019506,0.0,0.097397,0.013614,0.095079,0.0,0.0,0.0,0.182109,0.0,0.022988,0.022031,0.0,0.101179,0.209384,0.0,0.0,0.0,0.181798,0.022281,0.211439,0.226563,0.201243,0.0,0.0,0.388985,0.182406,0.0,0.022651,0.030379,0.0,0.036334,0.013853,0.078681,0.451559,0.170684,0.0,0.0,0.0,0.227495,0.123566,0.0,0.0,0.0,0.0,0.0,0.312897,0.205063,0.063712,0.0,0.015948,0.0,0.0,0.32037,0.374822,0.0,0.057625,0.0,0.015294,0.0,0.113548,0.0,0.0,0.064686,0.026175,0.233624,0.0,0.153392,0.0,0.0,0.0,0.0,0.338962,0.44893,0.019571,0.039894,0.0,0.131184,0.0,0.351719,0.0,0.018994,0.317383,0.32604,0.251496,0.0,0.0,0.0,0.0,0.0,0.372501,0.0,0.0,0.0,0.017504,0.0,0.016137,0.0,0.347738,0.0,0.32286,0.037471,0.11868,0.0,0.037667,0.323799,0.0,0.356411,0.870166,0.0,0.0,0.321588,0.025485,0.294663,0.032637,0.031468,0.021988,0.428045,0.28719,0.015076,0.0,0.0,0.0,0.41365,0.0,0.447139,0.289994,0.024416,0.0,0.0,0.034127,0.276865,0.24766,0.0,0.160976,0.434823,0.0993,0.0,0.216072,0.053971,0.37904,0.0,0.0,0.0,0.0,0.0,0.0,0.018568,0.0,0.199379,0.2533,0.0,0.0,0.0,0.0,0.21729,0.006897,0.0,0.0,0.200028,0.0,0.0,0.019912,0.333488,0.219074,0.030692,0.713476,0.278084,0.0,0.0,0.0,0.440227,0.0,0.015617,0.0,0.076618,0.0,0.121989,0.248881,0.414038,0.053123,0.323471,0.211871,0.402481,0.0,0.001234,0.201239,0.0,0.290454,0.0,0.0,0.0,0.0,0.0,0.310988,0.0,0.334905,0.0,0.0,0.301327,0.022706,0.257133,0.028539,0.0,0.036248,0.0,0.0,0.344426,0.016732,0.04187,0.0
TCGA-56-7223-01Z-00-DX1.dd01c478-6dfa-4757-85fd-d956d70ec372,0.415828,0.0,0.0,0.0,0.0,0.353733,0.057394,0.369915,0.027158,0.273714,0.290332,0.19493,0.0,0.0,0.0,0.35905,0.0,0.141964,0.0,0.25314,0.017212,0.044427,0.0,0.0,0.0,0.0,0.356724,0.0,0.171534,0.39824,0.0,0.0,0.306082,0.909527,0.0,0.014894,0.020945,0.0,0.0,0.238293,0.0,0.023624,0.0,0.307221,0.0,0.190217,0.0,0.0,0.0,0.020314,0.0,0.058512,0.0,0.462106,0.0,0.22277,0.259082,0.090853,0.192016,0.195791,0.0,0.037002,0.02615,0.288037,0.240499,0.047075,0.256616,0.0,0.157539,0.0,0.0,1e-06,0.031191,0.139851,0.0,0.13507,0.0,0.263318,0.234275,0.0,0.0,0.464887,0.291842,0.0,0.0,0.146222,0.031454,0.0,0.392473,0.205946,0.120684,0.0,0.210869,0.0,0.302055,0.214016,0.0,0.0,0.0,0.32562,0.0,0.0,0.235205,0.366253,0.091863,0.0,0.01405,0.255473,0.346481,0.0,0.247517,0.0,0.025895,0.0,0.0,0.0,0.0,0.142165,0.287153,0.039354,0.06676,0.0,0.162102,0.0,0.038467,0.009174,0.026392,0.111603,0.389466,0.0,0.211395,0.0,0.065229,0.025544,0.03638,0.33411,0.0,0.042552,0.275817,0.0,0.058765,0.21563,0.085202,0.047862,0.0,0.292403,0.0,0.0425,0.313633,0.0,0.235521,0.034401,0.072853,0.063657,0.0,0.181812,0.446245,0.135173,0.338503,0.0,0.229883,0.0,0.140572,0.355134,0.0,0.032588,0.0,0.0,0.0,0.165319,0.0,0.084785,0.0,0.0,0.0,0.0,0.0,0.0,0.27197,0.64721,0.348821,0.125165,0.0,0.314495,0.0,0.281416,0.0,0.328166,0.0,0.0,0.0,0.0,0.052259,0.117546,0.025072,0.031289,0.207196,0.106165,0.053661,0.0,0.307064,0.0,1.063393,0.135434,0.0,0.0,0.049572,0.896935,0.0,0.0,0.0,0.0,0.089582,0.0,0.0,0.007509,0.0,0.678304,0.0,0.0,0.0,0.325527,0.0,0.278704,0.320148,0.0,0.0,0.217399,0.0,0.0,0.0,0.255109,0.312177,0.22528,0.0,0.134375,0.381388,0.316124,0.365087,0.0,0.020991,0.0,0.014583,0.0,0.328612,0.034465,0.197396,0.0,0.203137,0.181032,0.135365,0.0,0.266541,0.0,1.166576,0.0,0.0,0.133266,0.0,0.132653,0.0,0.339783,0.0,0.093505,0.0,0.079647,0.364337,0.0,0.393969,0.242806,0.164828,0.293861,0.0,0.0,0.081694,0.082076,0.0,0.254605,0.0,0.0,0.038795,0.047498,0.223094,0.177288,0.0,0.0,0.0,0.0,0.230866,0.261133,0.244307,0.138248,0.0,0.0,0.0,0.306941,0.0,0.0,0.28322,0.037318,0.0,0.017424,0.0,0.117127,0.016383,0.093035,0.0,0.0,0.0,0.181059,0.0,0.035453,0.027851,0.0,0.108248,0.179901,0.0,0.0,0.0,0.177286,0.03063,0.1979,0.210839,0.171146,0.0,0.0,0.346524,0.157655,0.0,0.033876,0.03328,0.0,0.044128,0.017499,0.089676,0.401224,0.143662,0.0,0.0,0.0,0.216898,0.136257,0.0,0.0,0.0,0.0,0.0,0.288585,0.180658,0.091471,0.0,0.068808,0.0,0.0,0.295258,0.331187,0.0,0.080832,0.0,0.022869,0.0,0.137728,0.0,0.0,0.081271,0.024286,0.227953,0.0,0.138344,0.0,0.0,0.0,0.0,0.308545,0.402476,0.027457,0.0628,0.0,0.126962,0.0,0.299225,0.0,0.020062,0.292482,0.304657,0.178606,0.0,0.0,0.0,0.0,0.0,0.345321,0.0,0.0,0.0,0.019511,0.0,0.029823,0.0,0.341031,0.0,0.284864,0.070073,0.128546,0.0,0.03808,0.286729,0.0,0.275579,0.818955,0.0,0.0,0.281516,0.032955,0.279564,0.052911,0.033554,0.036657,0.399956,0.275647,0.016041,0.0,0.0,0.0,0.361336,0.0,0.390157,0.275172,0.02936,0.0,0.0,0.076113,0.235277,0.268974,0.0,0.164629,0.360975,0.132776,0.0,0.198918,0.072818,0.352492,0.0,0.0,0.0,0.0,0.0,0.0,0.019738,0.0,0.155337,0.185866,0.0,0.0,0.0,0.0,0.224339,0.009514,0.0,0.0,0.161557,0.0,0.0,0.026596,0.298071,0.184016,0.066109,0.659986,0.238379,0.0,0.0,0.0,0.386871,0.0,0.016885,0.0,0.123294,0.0,0.125132,0.228457,0.360057,0.073074,0.295167,0.189645,0.350718,0.0,0.003957,0.184187,0.0,0.243386,0.0,0.0,0.0,0.0,0.0,0.246017,0.0,0.310103,0.0,0.0,0.24563,0.031746,0.250768,0.0476,0.0,0.089886,0.0,0.0,0.303916,0.013297,0.054735,0.0
TCGA-18-4083-01Z-00-DX1.337D4583-326F-4108-9441-DC74FAED6AE2,0.484267,0.0,0.0,0.0,0.0,0.407048,0.024846,0.411804,0.005944,0.316771,0.32271,0.19885,0.0,0.0,0.0,0.421241,0.0,0.154368,0.0,0.297033,0.00405,0.024013,0.0,0.0,0.0,0.0,0.391464,0.0,0.192468,0.452526,0.0,0.0,0.345956,0.914075,0.0,0.003475,0.008799,0.0,0.0,0.269649,0.0,0.006415,0.0,0.355579,0.0,0.182503,1.4e-05,0.0,0.0,0.006557,0.0,0.06134,0.0,0.46309,0.0,0.203264,0.288863,0.051315,0.228446,0.230526,0.0,0.009781,0.007053,0.329941,0.269203,0.035111,0.305549,0.0,0.144676,0.0,0.0,0.0,0.008489,0.162304,0.0,0.146557,0.0,0.308719,0.254625,0.0,0.0,0.455206,0.342242,0.0,0.0,0.17145,0.00791,0.0,0.428761,0.237177,0.147048,0.0,0.226116,0.0,0.285657,0.249042,0.0,0.0,0.0,0.376885,0.0,0.0,0.255059,0.424856,0.083449,0.0,0.003491,0.262107,0.402521,0.0,0.294721,0.0,0.006452,0.0,0.0,0.0,0.0,0.102135,0.343905,0.021697,0.04436,0.0,0.182756,0.0,0.022408,0.002252,0.009128,0.10493,0.443864,0.0,0.257675,0.0,0.023999,0.006299,0.029388,0.371995,0.0,0.032276,0.308257,0.0,0.030974,0.21276,0.052936,0.03736,0.0,0.334869,0.0,0.029128,0.374867,0.0,0.268893,0.011778,0.047371,0.039559,0.0,0.213912,0.484355,0.164769,0.397386,0.0,0.218483,0.0,0.106383,0.404549,0.0,0.008371,0.0,0.0,0.0,0.163702,0.0,0.04715,0.0,0.0,0.0,0.0,0.0,0.0,0.31009,0.641817,0.391059,0.101613,0.0,0.359864,0.0,0.311959,0.0,0.381842,0.0,0.0,0.0,0.0,0.02229,0.129312,0.006937,0.012345,0.237714,0.116692,0.039713,0.0,0.336897,0.0,1.07652,0.163607,0.0,0.0,0.031853,0.884923,0.0,0.0,0.0,0.0,0.074083,0.0,0.0,0.012115,0.0,0.667278,0.0,0.0,0.0,0.369959,0.0,0.334368,0.368125,0.0,0.0,0.19631,0.0,0.0,0.0,0.2917,0.358994,0.25824,0.0,0.161608,0.428611,0.360172,0.408966,0.0,0.007477,0.0,0.003661,0.0,0.374156,0.025788,0.189887,0.0,0.249977,0.213016,0.119094,0.0,0.309059,0.0,1.163631,0.0,0.0,0.159825,0.0,0.193018,0.0,0.376633,0.0,0.071898,0.0,0.057559,0.402776,0.0,0.450382,0.291807,0.133684,0.335371,1e-06,0.0,0.064376,0.106041,0.0,0.296392,0.0,0.0,0.01549,0.015119,0.251484,0.22135,0.0,0.0,0.0,0.0,0.265637,0.309738,0.275014,0.141139,0.0,0.0,0.0,0.32602,0.0,0.0,0.323992,0.015207,0.0,0.004401,0.0,0.141578,0.00271,0.102705,0.0,0.0,0.0,0.211361,0.0,0.028507,0.008167,0.0,0.077288,0.152092,0.0,0.0,0.0,0.21334,0.010182,0.220462,0.235535,0.185301,0.0,0.0,0.386282,0.195145,0.0,0.010876,0.014164,0.0,0.029801,0.004414,0.065402,0.461537,0.172785,0.0,0.0,0.0,0.191991,0.183221,0.0,0.0,0.0,0.0,0.0,0.325227,0.209086,0.050736,0.0,0.055684,0.0,0.0,0.343447,0.370838,0.0,0.048515,0.0,0.009696,0.0,0.109697,0.0,0.0,0.046175,0.010166,0.248087,0.0,0.144495,0.0,0.0,0.0,0.0,0.351125,0.455281,0.031505,0.030981,0.0,0.150863,0.0,0.358757,0.0,0.007935,0.344826,0.352351,0.205783,0.0,0.0,0.0,0.0,0.0,0.394242,0.0,0.0,0.0,0.00572,0.0,0.008636,0.0,0.364878,0.0,0.330915,0.047421,0.136802,0.0,0.017856,0.326542,0.0,0.283263,0.802339,0.0,0.0,0.328129,0.014423,0.302594,0.033932,0.010753,0.015224,0.41998,0.31137,0.00405,0.0,0.0,0.0,0.40156,0.0,0.448788,0.304924,0.010335,0.0,0.0,0.049228,0.232182,0.231972,0.0,0.141725,0.412866,0.152052,0.0,0.229861,0.032695,0.342435,0.0,0.0,0.0,0.0,0.0,0.0,0.007568,0.0,0.18403,0.213693,0.0,0.0,0.0,0.0,0.222981,0.001296,0.0,0.0,0.196694,0.0,0.0,0.010021,0.300717,0.235133,0.082236,0.66263,0.281772,0.0,0.0,0.0,0.382532,0.0,0.004104,0.0,0.123245,0.0,0.102848,0.271391,0.423372,0.046124,0.336454,0.198758,0.381666,0.0,0.008769,0.161427,0.0,0.285446,0.0,0.0,0.0,0.0,0.0,0.258205,0.0,0.35996,0.0,0.0,0.251977,0.011552,0.274166,0.019395,0.0,0.101536,0.0,0.0,0.346906,0.004804,0.030029,0.0
TCGA-85-A513-01Z-00-DX1.9C4C6BA2-BBEB-4EC6-9A70-65B1F6198E1F,0.445533,0.0,0.0,0.0,0.0,0.355206,0.04538,0.351082,0.019498,0.281658,0.311662,0.102434,0.0,0.0,0.0,0.41536,0.0,0.187757,0.0,0.236344,0.011078,0.11484,0.0,0.0,0.0,0.0,0.340317,0.0,0.235563,0.420216,0.0,0.0,0.32252,1.045625,0.0,0.012593,0.019716,0.0,0.0,0.247085,0.0,0.026846,0.0,0.340208,0.0,0.230067,0.0,0.0,0.0,0.018718,0.0,0.135876,0.0,0.596128,0.0,0.315181,0.280393,0.120616,0.185829,0.219275,0.0,0.018602,0.019613,0.250707,0.167452,0.136218,0.318328,0.0,0.225183,0.0,0.0,0.0,0.03835,0.129758,0.0,0.2616,0.0,0.261052,0.118576,0.0,0.0,0.5814,0.305296,0.0,0.0,0.089155,0.02094,0.0,0.386414,0.225897,0.140248,0.0,0.187272,0.0,0.409131,0.174654,0.0,0.0,0.0,0.311994,0.0,0.0,0.188743,0.397533,0.142183,0.0,0.009397,0.321734,0.336402,0.0,0.214971,0.0,0.020067,0.0,0.0,0.0,0.0,0.175624,0.32321,0.089733,0.152385,0.0,0.153594,0.0,0.080145,0.00558,0.021306,0.182232,0.41576,0.0,0.291675,0.0,0.05924,0.016806,0.071524,0.36685,0.0,0.058083,0.237009,0.0,0.105963,0.264545,0.101312,0.140333,0.0,0.282802,0.0,0.052091,0.373423,0.0,0.250429,0.024438,0.148426,0.072162,0.0,0.194863,0.414914,0.076536,0.345798,0.0,0.355686,0.0,0.093035,0.370374,0.0,0.021005,0.0,0.0,0.0,0.228812,0.0,0.109386,0.0,0.0,0.0,0.0,0.0,0.0,0.290908,0.789611,0.324433,0.088232,0.0,0.341984,0.0,0.296609,0.0,0.328318,0.0,0.0,0.0,0.0,0.044402,0.19807,0.019527,0.032836,0.173957,0.19258,0.133424,0.0,0.309718,0.0,1.226438,0.091689,0.0,0.0,0.123689,1.011003,0.0,0.0,0.0,0.0,0.080228,0.0,0.0,0.004239,0.0,0.806637,0.0,0.0,0.0,0.340498,0.0,0.289808,0.322613,0.0,0.0,0.256532,0.0,0.0,0.0,0.221276,0.301551,0.196539,0.0,0.061261,0.390414,0.298626,0.355456,0.0,0.012772,0.0,0.013785,0.0,0.331622,0.142491,0.237907,0.0,0.193434,0.200409,0.225907,0.0,0.288359,0.0,1.303272,0.0,0.0,0.195369,0.0,0.229479,0.0,0.342111,0.0,0.061134,0.0,0.09508,0.389274,0.0,0.449916,0.264568,0.21398,0.333917,0.0,1e-06,0.218602,0.152553,0.0,0.273881,0.0,0.0,0.032675,0.044967,0.222411,0.214549,0.0,0.0,0.0,0.0,0.216647,0.284467,0.233743,0.200253,0.0,0.0,0.0,0.275796,0.0,0.0,0.246174,0.031848,0.0,0.01451,0.0,0.185965,0.007745,0.188025,0.0,0.0,0.0,0.148406,0.0,0.103037,0.031313,0.0,0.178023,0.116631,0.0,0.0,0.0,0.210519,0.041222,0.211113,0.226804,0.250769,0.0,0.0,0.325184,0.095899,0.0,0.025475,0.022587,0.0,0.145636,0.009285,0.061467,0.445346,0.121675,0.0,0.0,0.0,0.280631,0.200977,0.0,0.0,0.0,0.0,0.0,0.278121,0.171157,0.129474,0.0,0.171326,0.0,0.0,0.314776,0.365116,0.0,0.10644,0.0,0.016873,0.0,0.175943,0.0,0.0,0.143757,0.032892,0.259698,0.0,0.220377,0.0,0.0,0.0,3e-06,0.305641,0.414608,0.091205,0.077568,0.0,0.043733,0.0,0.332812,0.0,0.022086,0.261531,0.333622,0.104816,0.0,0.0,0.0,0.0,0.0,0.335006,0.0,0.0,0.0,0.020748,0.0,0.018322,0.0,0.309225,0.0,0.322978,0.134813,0.101367,0.0,0.051592,0.294226,0.0,0.183269,0.928434,0.0,0.0,0.291661,0.035426,0.288556,0.146926,0.020386,0.068861,0.343372,0.255727,0.013633,0.0,0.0,0.0,0.347062,0.0,0.445731,0.312475,0.018095,0.0,0.0,0.069296,0.264375,0.323824,0.0,0.243099,0.380355,0.209688,0.0,0.210346,0.071728,0.464359,0.0,0.0,0.0,0.0,0.0,0.0,0.017136,0.0,0.102861,0.111186,0.0,0.0,0.0,0.0,0.312693,0.00535,0.0,0.0,0.10804,0.0,0.0,0.029829,0.424338,0.214406,0.256292,0.770889,0.278334,0.0,0.0,0.0,0.520229,0.0,0.010289,0.0,0.121139,0.0,0.184009,0.232844,0.377787,0.083821,0.288889,0.290497,0.334757,0.0,0.022278,0.153238,0.0,0.246371,0.0,0.0,0.0,0.0,0.0,0.214957,0.0,0.32523,0.0,0.0,0.192251,0.030406,0.26853,0.068014,0.0,0.168338,0.0,0.0,0.333596,0.015271,0.061707,0.0
TCGA-34-5241-01Z-00-DX1.7abc4737-9a9c-4270-8297-58ea167cea63,0.476875,0.0,0.0,0.0,0.0,0.4116,0.024614,0.407511,0.018163,0.299798,0.308118,0.256109,0.0,0.0,0.0,0.430594,0.0,0.145258,0.0,0.289597,0.007336,0.03681,0.0,0.0,0.0,0.0,0.387977,0.0,0.153326,0.45202,0.0,0.0,0.341809,0.957764,0.0,0.006626,0.010964,0.0,0.0,0.299198,0.0,0.012097,0.0,0.34544,0.0,0.182907,0.0,0.0,0.0,0.012115,0.0,0.02995,0.0,0.499629,0.0,0.237731,0.272536,0.066821,0.224822,0.201905,0.0,0.01083,0.010843,0.330917,0.288585,0.031425,0.262869,0.0,0.172004,0.0,0.0,0.0,0.018628,0.145267,0.0,0.113253,0.0,0.303668,0.272051,0.0,0.0,0.496334,0.327666,0.0,0.0,0.15102,0.01132,0.0,0.436398,0.214257,0.086532,0.0,0.2408,0.0,0.311309,0.236673,0.0,0.0,0.0,0.357887,0.0,0.0,0.247114,0.41644,0.044947,0.0,0.004344,0.287628,0.400302,0.0,0.298592,0.0,0.010562,0.0,0.0,0.0,0.0,0.141461,0.331693,0.034715,0.049197,0.0,0.141885,0.0,0.029777,0.003009,0.013541,0.116438,0.446168,0.0,0.225176,0.0,0.029585,0.008181,0.020204,0.368255,0.0,0.014863,0.322227,0.0,0.043941,0.192412,0.057771,0.041999,0.0,0.327536,0.0,0.024297,0.358082,0.0,0.257957,0.015486,0.089191,0.032298,0.0,0.195907,0.499275,0.160856,0.395534,0.0,0.256123,0.0,0.118805,0.399935,0.0,0.018647,0.0,0.0,0.0,0.175972,0.0,0.064372,0.0,0.0,0.0,0.0,0.0,0.0,0.308881,0.713665,0.397551,0.142663,0.0,0.369254,0.0,0.306326,0.0,0.373644,0.0,0.0,0.0,0.0,0.024338,0.090695,0.010124,0.016755,0.243074,0.089517,0.043564,0.0,0.333841,0.0,1.13538,0.156721,0.0,0.0,0.045658,0.946178,0.0,0.0,0.0,0.0,0.088612,0.0,0.0,0.000925,0.0,0.710198,0.0,0.0,0.0,0.368144,0.0,0.331669,0.377743,0.0,0.0,0.246017,0.0,0.0,0.0,0.253818,0.339276,0.23859,0.0,0.141295,0.414232,0.348478,0.404985,0.0,0.006604,0.0,0.006159,0.0,0.359816,0.028415,0.191012,0.0,0.233964,0.185443,0.129621,0.0,0.3011,0.0,1.224515,0.0,0.0,0.103182,0.0,0.145739,0.0,0.376279,0.0,0.047462,0.0,0.04486,0.418511,0.0,0.465176,0.279786,0.083485,0.322101,0.0,0.0,0.069414,0.076696,0.0,0.289963,0.0,0.0,0.016408,0.024024,0.234732,0.209578,0.0,0.0,3e-06,0.0,0.263707,0.273244,0.267729,0.099753,0.0,0.0,0.0,0.326457,0.0,0.0,0.274377,0.020353,0.0,0.007367,0.0,0.100126,0.005773,0.124013,0.0,0.0,0.0,0.183964,0.0,0.025986,0.016486,0.0,0.096556,0.182998,0.0,0.0,0.0,0.184871,0.02075,0.208518,0.218645,0.204679,0.0,0.0,0.374239,0.152565,0.0,0.018737,0.012367,0.0,0.036251,0.00526,0.073818,0.445426,0.163482,0.0,0.0,0.0,0.246188,0.12389,0.0,0.0,0.0,0.0,0.0,0.324789,0.20696,0.071938,0.0,0.034374,0.0,0.0,0.325947,0.371131,0.0,0.064653,0.0,0.007225,0.0,0.137111,0.0,0.0,0.085562,0.014344,0.234969,0.0,0.179908,0.0,0.0,0.0,0.0,0.337279,0.452618,0.019475,0.048207,0.0,0.13962,0.0,0.34814,0.0,0.008494,0.314082,0.328842,0.223791,0.0,0.0,0.0,0.0,0.0,0.377848,0.0,0.0,0.0,0.008704,0.0,0.009716,0.0,0.360573,0.0,0.301181,0.062153,0.139459,0.0,0.029307,0.322169,0.0,0.341346,0.857134,0.0,0.0,0.321896,0.015804,0.307642,0.036469,0.012078,0.021491,0.441415,0.290754,0.006879,0.0,0.0,0.0,0.372098,0.0,0.451411,0.285554,0.00902,0.0,0.0,0.041872,0.219909,0.259404,0.0,0.164417,0.412474,0.096289,0.0,0.199694,0.050302,0.371236,0.0,0.0,0.0,0.0,0.0,0.0,0.008885,0.0,0.177117,0.208424,0.0,0.0,0.0,0.0,0.22375,0.00282,0.0,0.0,0.196856,0.0,0.0,0.014284,0.331448,0.206258,0.046795,0.70595,0.273853,0.0,0.0,0.0,0.429912,0.0,0.006252,0.0,0.078902,0.0,0.115219,0.243084,0.414017,0.053119,0.334267,0.21024,0.377742,0.0,0.001517,0.176047,0.0,0.288674,0.0,0.0,0.0,0.0,0.0,0.273724,0.0,0.333168,0.0,0.0,0.245492,0.013115,0.259616,0.028779,0.0,0.034051,0.0,0.0,0.34802,0.00651,0.030257,0.0
TCGA-60-2725-01Z-00-DX1.b9d038d6-c2fb-4e46-a4ef-80fdbfb56d0a,0.421501,0.0,0.0,0.0,0.0,0.356946,0.085954,0.377154,0.038388,0.263391,0.283616,0.234277,0.0,0.0,0.0,0.370538,0.0,0.155257,0.0,0.259809,0.042349,0.052636,0.0,0.0,0.0,0.0,0.353068,0.0,0.19306,0.388331,0.0,0.0,0.305896,0.966763,0.0,0.029596,0.033654,0.0,0.0,0.254823,0.0,0.04176,0.0,0.306012,0.0,0.205764,0.0,0.0,0.0,0.048246,0.0,0.061479,0.0,0.498536,0.0,0.235347,0.250829,0.102367,0.188043,0.185353,0.0,0.049214,0.049063,0.309266,0.269025,0.049945,0.247161,0.0,0.184521,0.0,0.0,0.0,0.039772,0.131622,0.0,0.099202,0.0,0.261428,0.271931,0.0,0.0,0.502675,0.285116,0.0,0.0,0.14507,0.044705,0.0,0.390129,0.195308,0.106242,0.0,0.228637,0.0,0.311355,0.228263,0.0,0.0,0.0,0.348737,0.0,0.0,0.225547,0.368699,0.068603,0.0,0.031294,0.276175,0.350341,0.0,0.271901,0.0,0.031852,0.0,0.0,0.0,0.0,0.147314,0.290704,0.057272,0.07476,0.0,0.165689,0.0,0.053449,0.018857,0.041773,0.124348,0.391396,0.0,0.190124,0.0,0.067335,0.041677,0.044038,0.319981,0.0,0.014109,0.301053,0.0,0.065728,0.185284,0.088395,0.05361,0.0,0.297534,0.0,0.046797,0.311081,0.0,0.232823,0.053665,0.093598,0.078797,0.0,0.181029,0.474988,0.155819,0.356269,0.0,0.264734,0.0,0.156353,0.365377,0.0,0.054113,0.0,0.0,0.0,0.201007,0.0,0.098911,0.0,0.0,0.0,0.0,0.0,0.0,0.265594,0.694873,0.363883,0.147916,0.0,0.321793,0.0,0.272331,0.0,0.335844,0.0,0.0,0.0,0.0,0.080946,0.094195,0.037111,0.057572,0.205782,0.110343,0.050738,0.0,0.305145,0.0,1.121143,0.136995,0.0,0.0,0.05343,0.943432,0.0,0.0,0.0,0.0,0.112277,0.0,0.0,0.004607,0.0,0.719552,0.0,0.0,0.0,0.327012,0.0,0.294004,0.336488,0.0,0.0,0.253435,0.0,0.0,0.0,0.253686,0.333962,0.224029,0.0,0.137363,0.384231,0.330389,0.38016,0.0,0.039785,0.0,0.033743,0.0,0.328335,0.031322,0.202249,0.0,0.221378,0.185379,0.143641,0.0,0.266542,0.0,1.228686,0.0,0.0,0.105319,0.0,0.132571,0.0,0.342426,0.0,0.113315,0.0,0.067824,0.363605,0.0,0.408359,0.247606,0.112086,0.280203,0.0,0.0,0.071038,0.089175,0.0,0.253708,0.0,0.0,0.058629,0.058153,0.213003,0.175731,0.0,0.0,0.0,0.0,0.22962,0.260356,0.246275,0.104049,0.0,0.0,0.0,0.299458,0.0,0.0,0.272721,0.060985,0.0,0.032692,0.0,0.122557,0.032665,0.116481,0.0,0.0,0.0,0.186502,0.0,0.043328,0.052922,0.0,0.114224,0.212497,0.0,0.0,0.0,0.180136,0.041519,0.184024,0.202491,0.215576,0.0,0.0,0.351288,0.172522,0.0,0.041317,0.050072,0.0,0.052037,0.031859,0.103627,0.399713,0.148241,0.0,0.0,0.0,0.232942,0.145554,0.0,0.0,0.0,0.0,0.0,0.292876,0.176361,0.102886,0.0,0.046461,0.0,0.0,0.293159,0.327962,0.0,0.090522,0.0,0.041337,0.0,0.151748,0.0,0.0,0.082013,0.040108,0.201525,0.0,0.173203,0.0,0.0,0.0,6e-06,0.303134,0.412877,0.027712,0.083848,0.0,0.160286,0.0,0.299235,0.0,0.041709,0.298421,0.300607,0.210974,0.0,0.0,0.0,0.0,0.0,0.349922,0.0,0.0,0.0,0.031959,0.0,0.040281,0.0,0.348405,0.0,0.26497,0.082283,0.169828,0.0,0.063345,0.293199,0.0,0.317692,0.859182,0.0,0.0,0.287289,0.0489,0.270806,0.054739,0.05821,0.039612,0.439581,0.279422,0.034276,0.0,0.0,0.0,0.367612,0.0,0.397589,0.258858,0.044417,0.0,0.0,0.061399,0.216411,0.275914,0.0,0.173356,0.36534,0.12523,0.0,0.181296,0.094186,0.37645,0.0,0.0,0.0,0.0,0.0,0.0,0.037422,0.0,0.163575,0.201444,0.0,0.0,0.0,0.0,0.224844,0.015496,0.0,0.0,0.215573,0.0,0.0,0.040884,0.33321,0.18341,0.047032,0.702758,0.237442,0.0,0.0,0.0,0.423784,0.0,0.036358,0.0,0.126267,0.0,0.128878,0.225964,0.360158,0.08937,0.295923,0.221351,0.360612,0.0,0.000503,0.201142,0.0,0.247754,0.0,0.0,0.0,0.0,0.0,0.25639,0.0,0.302204,1.1e-05,0.0,0.254592,0.044411,0.271391,0.049218,0.0,0.050311,0.0,0.0,0.293431,0.030787,0.080524,0.0
TCGA-92-8063-01Z-00-DX1.692a8000-846e-4ed7-b790-b3281acb9dec,0.51822,0.0,0.0,0.0,0.0,0.426583,0.012818,0.430596,0.007698,0.335486,0.337659,0.252503,0.0,0.0,0.0,0.484988,0.0,0.122191,0.0,0.318251,0.002247,0.020923,0.0,0.0,0.0,0.0,0.398042,0.0,0.125232,0.498453,0.0,0.0,0.376377,0.949444,0.0,0.003382,0.004962,0.0,0.0,0.364731,0.0,0.007374,0.0,0.375467,0.0,0.150161,0.0,0.0,0.0,0.003823,0.0,0.022458,0.0,0.49588,0.0,0.216686,0.307268,0.056813,0.2345,0.218757,0.0,0.003381,0.005176,0.346735,0.267528,0.023551,0.283325,0.0,0.125939,0.0,0.0,0.0,0.00984,0.174887,0.0,0.190482,0.0,0.329574,0.247789,0.0,0.0,0.478645,0.340847,0.0,0.0,0.138528,0.004009,0.0,0.433373,0.220109,0.106405,0.0,0.286977,0.0,0.300948,0.254748,0.0,0.0,0.0,0.363108,0.0,0.0,0.310732,0.453917,0.052715,0.0,0.002955,0.253411,0.418443,0.0,0.323107,0.0,0.006054,0.0,0.0,0.0,0.0,0.099038,0.37131,0.012639,0.02955,0.0,0.117237,0.0,0.021744,0.001085,0.005682,0.077563,0.48351,0.0,0.262017,0.0,0.015896,0.003311,0.007381,0.388779,0.0,0.030079,0.31316,0.0,0.028166,0.180856,0.053546,0.03353,0.0,0.350427,0.0,0.016359,0.405021,0.0,0.261148,0.007129,0.064201,0.020766,0.0,0.230244,0.495035,0.17697,0.414563,0.0,0.226057,0.0,0.103901,0.449408,0.0,0.008069,0.0,0.0,0.0,0.130453,0.0,0.03088,0.0,0.0,0.0,0.0,0.0,0.0,0.341115,0.692331,0.383368,0.14356,0.0,0.414561,0.0,0.337571,0.0,0.391739,0.0,0.0,0.0,0.0,0.011362,0.159871,0.006053,0.006681,0.249454,0.097801,0.03923,0.0,0.35032,0.0,1.139535,0.145378,0.0,0.0,0.029942,0.920825,0.0,0.0,0.0,0.0,0.08195,0.0,0.0,0.000308,0.0,0.696405,0.0,0.0,0.0,0.38415,0.0,0.359828,0.389191,0.0,0.0,0.198944,0.0,0.0,0.0,0.272314,0.376604,0.278262,0.0,0.142337,0.425705,0.352016,0.410005,0.0,0.004073,0.0,0.003583,0.0,0.401091,0.021744,0.158445,0.0,0.254239,0.196963,0.098956,0.0,0.330646,0.0,1.225007,0.0,0.0,0.145172,0.0,0.164786,0.0,0.3977,0.0,0.043194,0.0,0.024155,0.439062,0.0,0.506505,0.30074,0.129439,0.352504,0.0,0.0,0.074963,0.085616,0.0,0.327614,0.0,0.0,0.008692,0.014531,0.24385,0.242122,0.0,0.0,0.0,0.0,0.282503,0.289653,0.285503,0.118874,0.0,0.0,0.0,0.350393,0.0,0.0,0.286454,0.013639,0.0,0.003432,0.0,0.098417,0.001996,0.100531,0.0,0.0,0.0,0.185396,0.0,0.012127,0.006569,0.0,0.091933,0.16988,0.0,0.0,0.0,0.202377,0.010615,0.237771,0.255558,0.160118,0.0,0.0,0.40544,0.166578,0.0,0.007177,0.008675,0.0,0.037009,0.001825,0.069608,0.485028,0.173573,0.0,0.0,0.0,0.208225,0.139224,0.0,0.0,0.0,0.0,0.0,0.324315,0.217233,0.05271,0.0,0.015972,0.0,0.0,0.349044,0.410827,0.0,0.031183,0.0,0.003256,0.0,0.101721,0.0,0.0,0.055465,0.010935,0.280596,0.0,0.128466,0.0,0.0,0.0,0.0,0.360755,0.474466,0.014693,0.018602,0.0,0.10047,0.0,0.390973,0.0,0.004482,0.324409,0.352283,0.255229,0.0,0.0,0.0,0.0,0.0,0.402203,0.0,0.0,0.0,0.003841,0.0,0.004395,0.0,0.357867,0.0,0.361678,0.023056,0.078753,0.0,0.014268,0.338905,0.0,0.323836,0.844493,0.0,0.0,0.343686,0.006099,0.316287,0.032208,0.007869,0.011845,0.412237,0.288029,0.004748,0.0,0.0,0.0,0.433721,0.0,0.508578,0.318466,0.005327,0.0,0.0,0.028949,0.296996,0.233631,0.0,0.144022,0.46785,0.109641,0.0,0.239539,0.027295,0.367,0.0,0.0,0.0,0.0,0.0,0.0,0.004013,0.0,0.211126,0.241159,0.0,0.0,0.0,0.0,0.207171,0.000973,0.0,0.0,0.171741,0.0,0.0,0.005938,0.315562,0.244893,0.06841,0.69321,0.306837,0.0,0.0,0.0,0.423802,0.0,0.002924,0.0,0.059975,0.0,0.121749,0.260355,0.455632,0.028068,0.348406,0.194778,0.437534,0.0,0.000629,0.181739,0.0,0.325848,0.0,0.0,0.0,0.0,0.0,0.323409,0.0,0.373831,0.0,0.0,0.29571,0.00739,0.262159,0.013995,0.0,0.06002,0.0,0.0,0.387481,0.003662,0.015408,0.0
TCGA-52-7622-01Z-00-DX1.cb3bb056-27dd-4c15-9004-b06cc8923663,0.417936,0.0,0.0,0.0,0.0,0.349035,0.091143,0.3683,0.046584,0.255744,0.281104,0.242861,0.0,0.0,0.0,0.345266,0.0,0.140297,0.0,0.246411,0.038227,0.053215,0.0,0.0,0.0,0.0,0.341558,0.0,0.169773,0.388045,0.0,0.0,0.294746,0.953977,0.0,0.037866,0.035916,0.0,0.0,0.27039,0.0,0.04604,0.0,0.292311,0.0,0.188132,0.0,0.0,0.0,0.047029,0.0,0.060718,0.0,0.487909,0.0,0.232597,0.244563,0.107977,0.182056,0.187065,0.0,0.057856,0.050277,0.280398,0.241944,0.05414,0.221387,0.0,0.170317,0.0,0.0,0.0,0.039717,0.136391,0.0,0.131564,0.0,0.248942,0.253508,0.0,0.0,0.494701,0.273559,0.0,0.0,0.13427,0.049478,0.0,0.379738,0.193187,0.096377,0.0,0.234873,0.0,0.317828,0.205036,0.0,0.0,0.0,0.331956,0.0,0.0,0.249687,0.355219,0.066927,0.0,0.032783,0.245834,0.322711,0.0,0.262349,0.0,0.041207,0.0,0.0,0.0,0.0,0.13545,0.277663,0.046967,0.07135,0.0,0.141462,0.0,0.049522,0.02368,0.049432,0.111809,0.385257,0.0,0.194728,0.0,0.07808,0.048253,0.043416,0.319072,0.0,0.01796,0.267028,0.0,0.070556,0.181491,0.09886,0.053975,0.0,0.283055,0.0,0.049907,0.297064,0.0,0.222495,0.058999,0.086334,0.07974,0.0,0.167028,0.443026,0.145888,0.331718,0.0,0.242426,0.0,0.162828,0.351734,0.0,0.064491,0.0,0.0,0.0,0.181646,0.0,0.109891,0.0,0.0,0.0,0.0,0.0,0.0,0.265093,0.687673,0.343197,0.153078,0.0,0.292124,0.0,0.277708,0.0,0.311155,0.0,0.0,0.0,0.0,0.079825,0.130241,0.045956,0.055819,0.184215,0.105515,0.059049,0.0,0.310193,0.0,1.113853,0.111036,0.0,0.0,0.060038,0.940278,0.0,0.0,0.0,0.0,0.105978,0.0,0.0,0.008112,0.0,0.698537,0.0,0.0,0.0,0.313157,0.0,0.28183,0.310005,0.0,0.0,0.24712,0.0,0.0,0.0,0.234115,0.336088,0.210254,0.0,0.119998,0.372112,0.30891,0.36512,0.0,0.048381,0.0,0.036442,0.0,0.332367,0.03807,0.19903,0.0,0.198371,0.174205,0.142095,0.0,0.24542,0.0,1.203982,0.0,0.0,0.109543,0.0,0.127128,0.0,0.330598,0.0,0.124676,0.0,0.06717,0.357137,0.0,0.38214,0.227485,0.156536,0.278037,0.0,0.0,0.071791,0.072144,0.0,0.248223,0.0,0.0,0.063117,0.059906,0.208224,0.166515,0.0,0.0,0.0,0.0,0.223846,0.241274,0.239156,0.11445,0.0,0.0,0.0,0.303341,0.0,0.0,0.259042,0.066515,0.0,0.040225,0.0,0.106417,0.043214,0.095341,0.0,0.0,0.0,0.172884,0.0,0.045973,0.047798,0.0,0.124425,0.221257,0.0,0.0,0.0,0.163607,0.045254,0.186754,0.202855,0.193674,0.0,0.0,0.345577,0.144983,0.0,0.048843,0.064389,0.0,0.053144,0.048756,0.101585,0.393497,0.137336,0.0,0.0,0.0,0.228317,0.120436,0.0,0.0,0.0,0.0,0.0,0.278656,0.180376,0.0993,0.0,0.053015,0.0,0.0,0.281339,0.321659,0.0,0.097447,0.0,0.042756,0.0,0.139829,0.0,0.0,0.078756,0.037611,0.201848,0.0,0.15446,0.0,0.0,0.0,0.0,0.301868,0.392158,0.025326,0.078391,0.0,0.12447,0.0,0.280468,0.0,0.039608,0.282719,0.293375,0.212031,0.0,0.0,0.0,0.0,0.0,0.328409,0.0,0.0,0.0,0.036502,0.0,0.045439,0.0,0.331365,0.0,0.263165,0.079221,0.140802,0.0,0.061741,0.277258,0.0,0.30991,0.852036,0.0,0.0,0.258841,0.054674,0.262483,0.053493,0.067126,0.037663,0.391326,0.260661,0.032319,0.0,0.0,0.0,0.370323,0.0,0.379956,0.253734,0.049398,0.0,0.0,0.087401,0.254275,0.266836,0.0,0.180741,0.370313,0.118183,0.0,0.18591,0.093576,0.372671,0.0,0.0,0.0,0.0,0.0,0.0,0.043207,0.0,0.169133,0.209465,0.0,0.0,0.0,0.0,0.220768,0.023661,0.0,0.0,0.161963,0.0,0.0,0.043797,0.321167,0.175053,0.050184,0.688186,0.234622,0.0,0.0,0.0,0.412893,0.0,0.040253,0.0,0.095929,0.0,0.126058,0.216264,0.348239,0.0958,0.276476,0.20324,0.361181,0.0,0.0008,0.219343,0.0,0.235618,0.0,0.0,0.0,0.0,0.0,0.282829,0.0,0.287794,0.0,0.0,0.264621,0.048238,0.250045,0.052751,0.0,0.067504,0.0,0.0,0.288507,0.031722,0.076108,0.0
TCGA-NC-A5HQ-01Z-00-DX1.E7FA7F88-2B81-4EBD-8A48-883BD6953428,0.350526,0.0,0.0,0.0,0.0,0.286897,0.161293,0.294291,0.134112,0.21236,0.223527,0.202844,1e-06,0.0,0.0,0.314228,0.0,0.144414,0.0,0.187836,0.084437,0.122639,0.0,0.0,0.0,0.0,0.274698,0.0,0.174238,0.341147,0.0,0.0,0.242765,1.053788,0.0,0.093496,0.113804,0.0,0.0,0.254921,0.0,0.118504,0.0,0.249141,0.0,0.223919,0.0,1e-06,0.0,0.111549,0.0,0.058741,0.0,0.5706,0.0,0.323018,0.197649,0.212658,0.146903,0.137674,0.0,0.125685,0.121492,0.233104,0.170045,0.149548,0.201564,0.0,0.214461,0.0,0.0,0.0,0.099253,0.095751,0.0,0.193524,0.0,0.196906,0.168447,0.0,0.0,0.596336,0.232201,0.0,0.0,0.069545,0.118674,0.0,0.321717,0.159385,0.067977,0.0,0.248509,0.0,0.407635,0.148386,0.0,0.0,0.0,0.250026,0.0,0.0,0.189324,0.312841,0.074041,0.0,0.106089,0.279961,0.278134,0.0,0.199777,0.0,0.10414,0.0,0.0,0.0,0.0,0.1829,0.23354,0.100765,0.144233,0.0,0.11146,0.0,0.119727,0.069498,0.11202,0.142916,0.335104,0.0,0.176434,0.0,0.16724,0.110734,0.064946,0.271301,0.0,0.041119,0.216077,0.0,0.161542,0.191514,0.175869,0.141359,0.0,0.22711,0.0,0.083202,0.271547,0.0,0.170846,0.116378,0.142595,0.149269,0.0,0.132814,0.36992,0.087328,0.282527,0.0,0.334426,0.0,0.189162,0.296034,0.0,0.12614,0.0,0.0,0.0,0.217927,0.0,0.195149,0.0,0.0,0.0,0.0,0.0,0.0,0.219529,0.788916,0.267756,0.171593,1e-06,0.258596,0.0,0.224098,0.0,0.250216,0.0,0.0,0.0,0.0,0.158252,0.173251,0.111933,0.131343,0.142498,0.128735,0.132789,0.0,0.239528,0.0,1.209336,0.066786,0.0,0.0,0.149633,1.035369,0.0,0.0,0.0,0.0,0.155914,0.0,0.0,0.001571,0.0,0.805121,0.0,0.0,0.0,0.265671,0.0,0.236973,0.256605,0.0,0.0,0.29073,0.0,0.0,0.0,0.171302,0.27985,0.163972,0.0,0.062009,0.310196,0.239563,0.296973,0.0,0.108447,0.0,0.101109,0.0,0.279576,0.130158,0.20969,0.0,0.14786,0.131049,0.233914,0.0,0.204307,0.0,1.311867,0.0,0.0,0.086739,0.0,0.101194,0.0,0.285199,0.0,0.151823,0.0,0.105268,0.302535,0.0,0.356004,0.184756,0.170123,0.249596,0.0,0.0,0.188516,0.069916,0.0,0.195519,0.0,0.0,0.149542,0.158333,0.161802,0.139536,0.0,0.0,0.0,0.0,0.155662,0.189355,0.173315,0.104167,0.0,0.0,0.0,0.242479,0.0,0.0,0.183451,0.130009,0.0,0.108198,0.0,0.112148,0.093049,0.138978,0.0,0.0,0.0,0.105894,0.0,0.068276,0.125888,0.0,0.211625,0.237125,0.0,0.0,0.0,0.127605,0.127638,0.13935,0.152766,0.225521,0.0,0.0,0.276254,0.073734,0.0,0.135632,0.120636,0.0,0.140135,0.079993,0.133014,0.338015,0.082471,0.0,0.0,0.0,0.286619,0.102059,0.0,0.0,0.0,0.0,0.0,0.206594,0.123814,0.18026,0.0,0.115245,0.0,0.0,0.236336,0.278401,0.0,0.150098,0.0,0.103797,0.0,0.183263,0.0,0.0,0.167645,0.111905,0.171983,0.0,0.200779,0.0,0.0,0.0,0.0,0.233267,0.340035,0.055232,0.155884,0.0,0.061323,0.0,0.245448,0.0,0.119889,0.210918,0.242703,0.131766,0.0,0.0,0.0,0.0,0.0,0.271866,0.0,0.0,0.0,0.102492,0.0,0.109237,0.0,0.262852,0.0,0.233574,0.149972,0.102621,0.0,0.151821,0.225305,0.0,0.253203,0.924843,0.0,0.0,0.225908,0.120831,0.206077,0.150544,0.114011,0.097482,0.332055,0.194179,0.088402,0.0,0.0,0.0,0.324109,0.0,0.339438,0.217739,0.110951,0.0,0.0,0.112981,0.249621,0.365471,0.0,0.252337,0.320232,0.124218,0.0,0.145381,0.17885,0.466693,0.0,0.0,0.0,0.0,0.0,0.0,0.089345,0.0,0.129523,0.122763,0.0,0.0,0.0,0.0,0.260295,0.071841,0.0,0.0,0.129812,0.0,0.0,0.131241,0.43046,0.139605,0.1525,0.786559,0.190105,0.0,0.0,0.0,0.512165,0.0,0.096353,0.0,0.081833,0.0,0.220209,0.168086,0.299854,0.179161,0.23166,0.250192,0.328073,0.0,0.004501,0.24429,0.0,0.20202,0.0,0.0,0.0,0.0,0.0,0.260203,0.0,0.240898,0.0,0.0,0.23132,0.121561,0.206804,0.125755,0.0,0.064568,1.3e-05,0.0,0.254587,0.088738,0.155058,0.0
TCGA-33-4533-01Z-00-DX4.b7cd127e-4d9c-45dc-bd5e-e95343819e4c,0.436304,0.0,0.0,0.0,0.0,0.359641,0.071547,0.359475,0.045449,0.275946,0.291765,0.244839,0.0,0.0,0.0,0.401302,0.0,0.123632,0.0,0.255216,0.024499,0.059618,0.0,0.0,0.0,0.0,0.333065,0.0,0.136732,0.406756,0.0,0.0,0.318308,0.99473,0.0,0.035411,0.039204,0.0,0.0,0.360248,2e-06,0.050487,0.0,0.322155,0.0,0.188471,0.0,0.0,0.0,0.037849,0.0,0.043522,0.0,0.532144,0.0,0.272755,0.256111,0.127425,0.204203,0.189009,0.0,0.039717,0.041685,0.276654,0.224545,0.078143,0.217755,0.0,0.154687,0.0,0.0,0.0,0.044209,0.127418,0.0,0.197049,0.0,0.258193,0.21522,0.0,0.0,0.5228,0.272817,0.0,0.0,0.103866,0.042098,0.0,0.369353,0.174621,0.079459,0.0,0.275438,0.0,0.345203,0.198819,0.0,0.0,0.0,0.306541,0.0,0.0,0.282714,0.376042,0.041223,0.0,0.035332,0.251574,0.328621,0.0,0.272394,0.0,0.037739,0.0,0.0,0.0,0.0,0.138998,0.312675,0.036296,0.075721,0.0,0.111244,0.0,0.045538,0.02099,0.045184,0.099562,0.404403,0.0,0.218643,0.0,0.06738,0.035361,0.024292,0.31925,0.0,0.029344,0.25547,0.0,0.072189,0.158662,0.096829,0.068909,0.0,0.287182,0.0,0.057704,0.3359,0.0,0.220913,0.040965,0.109768,0.07945,0.0,0.191763,0.427308,0.142919,0.338878,0.0,0.274411,0.0,0.137915,0.368755,0.0,0.048975,0.0,0.0,0.0,0.157438,0.0,0.090471,0.0,0.0,0.0,0.0,0.0,0.0,0.281905,0.739367,0.318592,0.158712,0.0,0.334681,0.0,0.295912,0.0,0.320738,0.0,0.0,0.0,0.0,0.063206,0.191115,0.038808,0.048947,0.185563,0.106861,0.06529,0.0,0.290446,0.0,1.175343,0.091839,0.0,0.0,0.070728,0.986129,0.0,0.0,0.0,0.0,0.102852,0.0,0.0,0.001573,0.0,0.734391,0.0,0.0,0.0,0.319001,0.0,0.292965,0.324092,0.0,0.0,0.256086,0.0,0.0,0.0,0.210142,0.335104,0.232097,0.0,0.107585,0.364609,0.292019,0.33973,0.0,0.039667,0.0,0.033899,0.0,0.342588,0.056266,0.180836,0.0,0.208169,0.164836,0.153558,0.0,0.260516,0.0,1.263889,0.0,0.0,0.113631,0.0,0.136521,0.0,0.33356,0.0,0.097775,0.0,0.029249,0.362365,0.0,0.418652,0.240946,0.169931,0.28794,0.0,0.0,0.102997,0.081623,0.0,0.272019,0.0,0.0,0.056026,0.061677,0.202488,0.200583,0.0,0.0,1e-06,0.0,0.227577,0.236222,0.23219,0.103368,0.0,0.0,0.0,0.29827,0.0,0.0,0.226718,0.066372,0.0,0.038445,0.0,0.096279,0.030497,0.118299,0.0,0.0,0.0,0.144015,0.0,0.034916,0.044324,0.0,0.155708,0.21775,0.0,0.0,0.0,0.166986,0.055415,0.186941,0.21183,0.197522,0.0,0.0,0.3546,0.132494,0.0,0.048403,0.05559,0.0,0.087226,0.026266,0.078045,0.404474,0.129486,0.0,0.0,0.0,0.244163,0.110886,0.0,0.0,0.0,0.0,0.0,0.25975,0.181441,0.107123,0.0,0.034305,0.0,0.0,0.286008,0.355526,0.0,0.088477,0.0,0.032542,0.0,0.134166,0.0,0.0,0.110319,0.047718,0.229028,0.0,0.155817,0.0,0.0,0.0,0.0,0.299794,0.395428,0.025724,0.065655,0.0,0.070558,0.0,0.322374,0.0,0.04746,0.269921,0.28275,0.214675,0.0,0.0,0.0,0.0,0.0,0.325062,0.0,0.0,0.0,0.040943,0.0,0.032523,0.0,0.300448,0.0,0.307118,0.065374,0.095646,0.0,0.058169,0.275076,0.0,0.309557,0.896977,0.0,0.0,0.272874,0.049632,0.252909,0.072594,0.05008,0.036009,0.353033,0.228428,0.035008,0.0,0.0,0.0,0.3824,0.0,0.417623,0.267105,0.044145,0.0,0.0,0.051816,0.316776,0.295496,0.0,0.207325,0.401788,0.112856,0.0,0.177814,0.088976,0.403438,0.0,0.0,0.0,0.0,0.0,0.0,0.033294,0.0,0.165536,0.212536,0.0,0.0,0.0,0.0,0.227416,0.017681,0.0,0.0,0.138799,0.0,0.0,0.041258,0.377852,0.203728,0.071881,0.739244,0.266839,0.0,0.0,0.0,0.471804,0.0,0.030644,0.0,0.063779,0.0,0.166687,0.209195,0.371306,0.088902,0.293582,0.212624,0.376379,0.0,0.002066,0.216702,0.0,0.272326,0.0,0.0,0.0,0.0,0.0,0.32309,0.0,0.292925,0.0,0.0,0.276358,0.046855,0.226031,0.057838,0.0,0.056611,0.0,0.0,0.322092,0.032605,0.062372,0.0
TCGA-60-2714-01Z-00-DX1.13f280a8-c8d3-48bb-8a38-49ce9ad9e1a2,0.481267,0.0,0.0,0.0,0.0,0.395405,0.025065,0.412701,0.004098,0.318529,0.350405,0.149928,0.0,0.0,0.0,0.453718,0.0,0.177464,0.0,0.286907,0.00283,0.056849,0.0,0.0,0.0,0.0,0.4021,0.0,0.21115,0.456939,0.0,0.0,0.350462,0.976325,0.0,0.002194,0.004811,0.0,0.0,0.258097,0.0,0.007032,0.0,0.375844,0.0,0.201172,0.0,0.0,0.0,0.005153,0.0,0.105708,0.0,0.53208,0.0,0.246431,0.309111,0.062187,0.236882,0.248412,0.0,0.006715,0.006573,0.286256,0.220368,0.081712,0.327306,0.0,0.182321,0.0,0.0,0.0,0.011989,0.151061,0.0,0.210693,0.0,0.310757,0.176443,0.0,0.0,0.531777,0.343264,0.0,0.0,0.141037,0.009814,0.0,0.434073,0.255759,0.154019,0.0,0.169879,0.0,0.332727,0.212899,0.0,0.0,0.0,0.370141,0.0,0.0,0.210127,0.437984,0.149247,0.0,0.002256,0.3058,0.382538,0.0,0.241473,0.0,0.005823,0.0,0.0,0.0,0.0,0.140549,0.379769,0.043339,0.098124,0.0,0.170395,0.0,0.049785,0.001368,0.00668,0.171632,0.471003,0.0,0.31076,0.0,0.0257,0.006189,0.041468,0.403613,0.0,0.036176,0.283683,0.0,0.055181,0.261673,0.061327,0.080384,0.0,0.330193,0.0,0.014314,0.401095,0.0,0.290622,0.005821,0.085288,0.030812,0.0,0.224513,0.493337,0.113533,0.382834,0.0,0.283266,0.0,0.085072,0.403799,0.0,0.009356,0.0,0.0,0.0,0.176296,0.0,0.075303,0.0,0.0,0.0,0.0,0.0,0.0,0.319548,0.736446,0.384964,0.092721,0.0,0.376228,0.0,0.337509,0.0,0.373921,0.0,0.0,0.0,0.0,0.020572,0.170991,0.007087,0.011474,0.213113,0.148765,0.06884,0.0,0.36576,0.0,1.163125,0.131415,0.0,0.0,0.06558,0.945006,0.0,0.0,0.0,0.0,0.049875,0.0,0.0,0.004118,0.0,0.738655,0.0,0.0,0.0,0.383818,0.0,0.336076,0.372274,0.0,0.0,0.199808,0.0,0.0,0.0,0.266254,0.337935,0.23354,0.0,0.109733,0.445094,0.351285,0.417631,0.0,0.00454,0.0,0.004323,0.0,0.382265,0.075105,0.222614,0.0,0.227981,0.236113,0.16522,0.0,0.320247,0.0,1.231111,0.0,0.0,0.196609,0.0,0.25487,0.0,0.368784,0.0,0.026186,0.0,0.075318,0.446455,0.0,0.477937,0.297302,0.20857,0.363659,0.0,0.0,0.150906,0.169988,0.0,0.310252,0.0,0.0,0.011373,0.011928,0.25524,0.240447,0.0,0.0,0.0,0.0,0.259313,0.326916,0.281962,0.199056,0.0,0.0,0.0,0.32621,0.0,0.0,0.277388,0.009572,0.0,0.003495,0.0,0.161864,0.004433,0.167054,0.0,0.0,0.0,0.1903,0.0,0.052889,0.010874,0.0,0.122931,0.129061,0.0,0.0,0.0,0.24369,0.012142,0.23899,0.255565,0.215635,0.0,0.0,0.37936,0.131285,0.0,0.011362,0.008625,0.0,0.077841,0.005656,0.063796,0.472364,0.163805,0.0,0.0,0.0,0.214506,0.202919,0.0,0.0,0.0,0.0,0.0,0.337812,0.213168,0.093146,0.0,0.138391,0.0,0.0,0.349846,0.397765,0.0,0.061887,0.0,0.004353,0.0,0.127843,0.0,0.0,0.101729,0.009207,0.2667,0.0,0.185348,0.0,0.0,0.0,0.0,0.35565,0.466979,0.041274,0.042757,0.0,0.093302,0.0,0.36927,0.0,0.007422,0.313823,0.374527,0.169575,0.0,0.0,0.0,0.0,0.0,0.385338,0.0,0.0,0.0,0.005298,0.0,0.003973,0.0,0.351863,0.0,0.342625,0.079451,0.122994,0.0,0.019418,0.338434,0.0,0.225731,0.873588,0.0,0.0,0.309832,0.009611,0.343479,0.066134,0.007394,0.022812,0.381637,0.310621,0.002823,0.0,0.0,0.0,0.379416,0.0,0.49405,0.326653,0.003756,0.0,0.0,0.063419,0.258319,0.257728,0.0,0.187102,0.407473,0.186687,0.0,0.227223,0.039699,0.398912,0.0,0.0,0.0,0.0,0.0,0.0,0.004442,0.0,0.132134,0.142873,0.0,0.0,0.0,0.0,0.268643,0.00135,0.0,0.0,0.127897,0.0,0.0,0.006687,0.348452,0.23179,0.200935,0.715372,0.322594,0.0,0.0,0.0,0.445948,0.0,0.002675,0.0,0.120521,0.0,0.133972,0.26059,0.42439,0.039772,0.346376,0.227677,0.368578,0.0,0.012629,0.138143,0.0,0.279242,0.0,0.0,0.0,0.0,0.0,0.237295,0.0,0.344549,1e-06,0.0,0.224814,0.009223,0.278716,0.025562,0.0,0.13788,0.0,0.0,0.369496,0.003016,0.021788,0.0
TCGA-98-A53H-01Z-00-DX1.B05E6339-440C-4F2E-95B5-F2C96413D488,0.370755,0.0,0.0,0.0,0.0,0.311314,0.101061,0.303656,0.064866,0.238349,0.267418,0.150632,0.0,0.0,0.0,0.324287,0.0,0.159823,0.0,0.1929,0.043763,0.129242,0.0,0.0,0.0,0.0,0.295463,0.0,0.203785,0.344704,0.0,0.0,0.271828,1.032571,0.0,0.046329,0.066322,0.0,0.0,0.239174,0.0,0.074214,0.0,0.289072,0.0,0.237076,0.0,0.0,0.0,0.057088,0.0,0.098009,0.0,0.557969,0.0,0.325118,0.231688,0.165446,0.156018,0.177523,0.0,0.078682,0.063971,0.218113,0.152213,0.134371,0.232794,0.0,0.217643,0.0,0.0,0.0,0.083342,0.102402,0.0,0.205525,0.0,0.209126,0.146306,0.0,0.0,0.565338,0.251197,0.0,0.0,0.086816,0.076037,0.0,0.340356,0.185154,0.102511,0.0,0.202101,0.0,0.408738,0.14181,0.0,0.0,0.0,0.268863,0.0,0.0,0.193934,0.327315,0.090009,0.0,0.045263,0.285754,0.276265,0.0,0.188653,0.0,0.066272,0.0,0.0,0.0,0.0,0.196085,0.25809,0.096063,0.14607,0.0,0.145795,0.0,0.077639,0.029067,0.069486,0.167191,0.340301,0.0,0.216189,0.0,0.110864,0.059682,0.083511,0.300803,0.0,0.049049,0.206335,0.0,0.130127,0.222428,0.126051,0.130288,0.0,0.237313,0.0,0.104332,0.296243,0.0,0.20592,0.073793,0.157184,0.121041,0.0,0.159008,0.371428,0.084167,0.28711,0.0,0.32733,0.0,0.146303,0.302456,0.0,0.071619,0.0,0.0,0.0,0.218222,0.0,0.135085,0.0,0.0,0.0,0.0,0.0,0.0,0.230863,0.772075,0.286602,0.128236,0.0,0.27635,0.0,0.261448,0.0,0.277412,0.0,0.0,0.0,0.0,0.097875,0.177419,0.067797,0.078765,0.150585,0.154472,0.121004,0.0,0.265709,0.0,1.195995,0.073681,0.0,0.0,0.125247,1.011098,0.0,0.0,0.0,0.0,0.103993,0.0,0.0,0.008524,0.0,0.774515,0.0,0.0,0.0,0.279373,0.0,0.242467,0.271648,0.0,0.0,0.288351,0.0,0.0,0.0,0.190065,0.271032,0.174845,0.0,0.061595,0.32996,0.24369,0.307439,0.0,0.053722,0.0,0.050759,0.0,0.283658,0.120084,0.237007,0.0,0.157707,0.152329,0.232503,0.0,0.232144,0.0,1.277311,0.0,0.0,0.145995,0.0,0.15227,0.0,0.30057,0.0,0.111679,0.0,0.084471,0.327838,0.0,0.36093,0.204693,0.212012,0.263253,0.0,0.0,0.182036,0.103315,0.0,0.2251,0.0,0.0,0.085219,0.09375,0.182302,0.16127,0.0,0.0,0.0,0.0,0.177531,0.22616,0.198871,0.163596,0.0,0.0,0.0,0.252975,0.0,0.0,0.219867,0.08479,0.0,0.050867,0.0,0.146078,0.043276,0.160517,0.0,0.0,0.0,0.135941,0.0,0.090014,0.077597,0.0,0.192414,0.183044,0.0,0.0,0.0,0.164969,0.092837,0.168561,0.183837,0.240244,0.0,0.0,0.286726,0.083512,0.0,0.080574,0.072797,0.0,0.145178,0.044578,0.082519,0.365485,0.092477,0.0,0.0,0.0,0.286905,0.138018,0.0,0.0,0.0,0.0,0.0,0.233692,0.139728,0.158299,0.0,0.133812,0.0,0.0,0.259783,0.311135,0.0,0.147819,0.0,0.060149,0.0,0.187957,0.0,0.0,0.153886,0.06996,0.20705,0.0,0.202613,0.0,0.0,0.0,0.0,0.263661,0.352874,0.076689,0.122295,0.0,0.048048,0.0,0.265227,0.0,0.067081,0.239348,0.267569,0.105823,0.0,0.0,0.0,0.0,0.0,0.281963,0.0,0.0,0.0,0.059573,0.0,0.061929,0.0,0.275377,0.0,0.265324,0.15667,0.118146,0.0,0.095343,0.241546,0.0,0.222871,0.919653,0.0,0.0,0.223994,0.087785,0.230351,0.144827,0.069954,0.096008,0.330113,0.208464,0.05084,0.0,0.0,0.0,0.301168,0.0,0.359577,0.249458,0.060451,0.0,0.0,0.091163,0.262025,0.351716,0.0,0.254344,0.319987,0.167095,0.0,0.161358,0.120542,0.45503,0.0,0.0,0.0,0.0,0.0,0.0,0.05518,0.0,0.098906,0.12131,0.0,0.0,0.0,0.0,0.285015,0.02543,0.0,0.0,0.097133,0.0,0.0,0.074416,0.411222,0.159021,0.151525,0.770076,0.225916,0.0,0.0,0.0,0.500767,0.0,0.041461,0.0,0.108068,0.0,0.185888,0.186753,0.315769,0.14441,0.256221,0.256741,0.303269,0.0,0.00543,0.201621,0.0,0.204251,0.0,0.0,0.0,0.0,0.0,0.246526,0.0,0.264111,0.0,0.0,0.201252,0.077122,0.223294,0.111291,0.0,0.124372,0.0,0.0,0.276038,0.050887,0.106051,0.0
TCGA-85-A4QQ-01Z-00-DX1.321B5149-FC07-434D-9819-3F8821D77849,0.447391,0.0,0.0,0.0,0.0,0.366195,0.04908,0.374244,0.033082,0.292994,0.303941,0.198822,0.0,0.0,0.0,0.398772,0.0,0.142534,0.0,0.263662,0.011977,0.060229,0.0,0.0,0.0,0.0,0.351972,0.0,0.18369,0.424764,0.0,0.0,0.331321,0.955953,0.0,0.016445,0.030364,0.0,0.0,0.312047,0.0,0.035067,0.0,0.338186,0.0,0.191473,0.0,0.0,0.0,0.031236,0.0,0.065557,0.0,0.494186,0.0,0.24097,0.267741,0.110435,0.212983,0.225368,0.0,0.026365,0.018756,0.287515,0.221541,0.069361,0.27692,0.0,0.159651,0.0,0.0,0.0,0.041575,0.148939,0.0,0.230984,0.0,0.276063,0.201058,0.0,0.0,0.497938,0.299712,0.0,0.0,0.134374,0.023572,0.0,0.391299,0.210797,0.118743,0.0,0.237528,0.0,0.33531,0.204309,0.0,0.0,0.0,0.328835,0.0,0.0,0.264441,0.391704,0.065816,0.0,0.014582,0.252239,0.352831,0.0,0.265179,0.0,0.020735,0.0,0.0,0.0,0.0,0.121072,0.335625,0.046646,0.065646,0.0,0.140666,0.0,0.03578,0.005681,0.024033,0.117847,0.41231,0.0,0.254625,0.0,0.055763,0.019524,0.049002,0.362183,0.0,0.035137,0.255247,0.0,0.076341,0.204362,0.070079,0.069108,0.0,0.298817,0.0,0.058764,0.344786,0.0,0.241437,0.031933,0.088109,0.067388,0.0,0.19451,0.434355,0.14483,0.335579,0.0,0.263724,0.0,0.11293,0.385689,0.0,0.031592,0.0,0.0,0.0,0.165387,0.0,0.07798,0.0,0.0,0.0,0.0,0.0,0.0,0.299717,0.703989,0.342154,0.120017,0.0,0.329818,0.0,0.296999,0.0,0.33378,0.0,0.0,0.0,0.0,0.041707,0.197553,0.025942,0.032196,0.196506,0.125583,0.075023,0.0,0.312402,0.0,1.121505,0.119226,0.0,0.0,0.071716,0.937114,0.0,0.0,0.0,0.0,0.087365,0.0,0.0,0.006929,0.0,0.711647,0.0,0.0,0.0,0.340736,3e-06,0.29485,0.337173,0.0,0.0,0.219272,0.0,0.0,0.0,0.23885,0.327594,0.22132,0.0,0.109176,0.388635,0.302092,0.362417,0.0,0.025502,0.0,0.02393,0.0,0.358511,0.064096,0.204687,0.0,0.211919,0.19236,0.155989,0.0,0.273049,0.0,1.190255,0.0,0.0,0.155511,0.0,0.172143,0.0,0.338677,0.0,0.082874,0.0,0.068019,0.384622,0.0,0.429403,0.264075,0.187894,0.312241,0.0,0.0,0.113358,0.109087,0.0,0.287979,0.0,0.0,0.045129,0.043338,0.228248,0.192009,0.0,0.0,0.0,0.0,0.228578,0.279439,0.258222,0.158962,0.0,0.0,0.0,0.306745,0.0,0.0,0.261808,0.042049,0.0,0.019833,0.0,0.131785,0.010051,0.127393,0.0,0.0,0.0,0.171087,0.0,0.043392,0.033222,0.0,0.129103,0.158786,0.0,0.0,0.0,0.18577,0.04283,0.219269,0.226164,0.184979,0.0,0.0,0.346199,0.131578,0.0,0.032083,0.038955,0.0,0.066134,0.012968,0.070032,0.441559,0.141601,0.0,0.0,0.0,0.23044,0.15227,0.0,0.0,0.0,0.0,0.0,0.293463,0.192167,0.093258,0.0,0.071511,0.0,0.0,0.316271,0.367594,0.0,0.082082,0.0,0.016051,0.0,0.123416,0.0,0.0,0.098284,0.022734,0.250622,0.0,0.164401,0.0,0.0,0.0,0.0,0.326752,0.415115,0.056792,0.062121,0.0,0.090613,0.0,0.340597,0.0,0.036306,0.292532,0.327409,0.18505,0.0,0.0,0.0,0.0,0.0,0.343968,0.0,0.0,0.0,0.027105,0.0,0.021819,0.0,0.313556,0.0,0.305209,0.082137,0.101863,0.0,0.048818,0.291244,0.0,0.253743,0.840883,0.0,0.0,0.286217,0.036856,0.282975,0.067455,0.031141,0.042682,0.35567,0.26798,0.015555,0.0,0.0,0.0,0.382211,0.0,0.430216,0.297948,0.024226,0.0,0.0,0.074112,0.300235,0.264952,0.0,0.181436,0.403984,0.146561,0.0,0.210582,0.074756,0.389978,0.0,0.0,0.0,0.0,0.0,0.0,0.020711,0.0,0.172629,0.193858,0.0,0.0,0.0,0.0,0.240274,0.006048,0.0,0.0,0.122957,0.0,0.0,0.039974,0.329355,0.205465,0.101481,0.697346,0.283818,0.0,0.0,0.0,0.431918,0.0,0.0149,0.0,0.088305,0.0,0.135566,0.246925,0.384452,0.083097,0.303657,0.209518,0.376235,0.0,0.011102,0.187834,0.0,0.255062,0.0,0.0,0.0,0.0,0.0,0.290766,0.0,0.320684,0.0,0.0,0.25995,0.032063,0.243656,0.049697,0.0,0.110346,0.0,0.0,0.33442,0.018705,0.04574,0.0
TCGA-33-4538-01Z-00-DX5.19d6ae2f-feaa-4c38-9335-6bb549631f94,0.499222,0.0,0.0,0.0,0.0,0.402986,0.026352,0.415982,0.012152,0.326774,0.33389,0.261812,0.0,0.0,0.0,0.456622,0.0,0.118486,0.0,0.305215,0.002874,0.022628,0.0,0.0,0.0,0.0,0.388601,0.0,0.1267,0.474603,0.0,0.0,0.368035,0.950238,0.0,0.008434,0.008209,0.0,0.0,0.407818,0.0,0.014804,0.0,0.37087,0.0,0.154147,0.0,0.0,0.0,0.007278,0.0,0.037981,0.0,0.492954,0.0,0.215331,0.300583,0.074715,0.242174,0.226264,0.0,0.006321,0.007542,0.32341,0.272814,0.030203,0.253195,0.0,0.117354,0.0,0.0,0.0,0.021493,0.168416,0.0,0.217531,0.0,0.308766,0.24982,0.0,0.0,0.474849,0.314593,0.0,0.0,0.135764,0.008187,0.0,0.41822,0.203403,0.099454,0.0,0.283307,0.0,0.304875,0.24292,0.0,0.0,0.0,0.360319,0.0,0.0,0.339436,0.427232,0.033913,0.0,0.005283,0.223998,0.381985,0.0,0.322418,0.0,0.007632,0.0,0.0,0.0,0.0,0.087955,0.36902,0.01215,0.029691,0.0,0.100373,0.0,0.020535,0.000814,0.012014,0.073061,0.465662,0.0,0.260352,0.0,0.023323,0.006278,0.010369,0.37213,0.0,0.021434,0.280033,0.0,0.031339,0.153153,0.045318,0.026831,0.0,0.333554,0.0,0.031106,0.382645,0.0,0.261555,0.009187,0.063923,0.03585,0.0,0.217791,0.477171,0.178527,0.381924,0.0,0.231543,0.0,0.105469,0.432498,0.0,0.020475,0.0,0.0,0.0,0.121241,0.0,0.042449,0.0,0.0,0.0,0.0,0.0,0.0,0.341619,0.689945,0.357274,0.141061,0.0,0.36996,0.0,0.332202,0.0,0.358571,0.0,0.0,0.0,0.0,0.02077,0.199969,0.010039,0.012482,0.209667,0.103031,0.036811,0.0,0.34192,0.0,1.139035,0.117063,0.0,0.0,0.032346,0.938108,0.0,0.0,0.0,0.0,0.077151,0.0,0.0,0.00048,0.0,0.691116,0.0,0.0,0.0,0.368917,0.0,0.329498,0.370711,0.0,0.0,0.21287,0.0,0.0,0.0,0.245509,0.369944,0.254782,0.0,0.134714,0.416014,0.345936,0.384313,0.0,0.010462,0.0,0.011109,0.0,0.402713,0.023304,0.167681,0.0,0.239334,0.20222,0.106289,0.0,0.289211,0.0,1.213022,0.0,0.0,0.136913,0.0,0.157607,0.0,0.372852,0.0,0.061535,0.0,0.017158,0.415163,0.0,0.473079,0.280981,0.174601,0.334965,0.0,0.0,0.055363,0.088733,0.0,0.326124,0.0,0.0,0.01746,0.019978,0.236143,0.227871,0.0,0.0,0.0,0.0,0.261261,0.276111,0.274519,0.113235,0.0,0.0,0.0,0.343802,0.0,0.0,0.25818,0.02613,0.0,0.009951,0.0,0.087187,0.004414,0.088482,0.0,0.0,0.0,0.175814,0.0,0.012692,0.011423,0.0,0.114174,0.188661,0.0,0.0,0.0,0.184835,0.016886,0.232111,0.253343,0.152217,0.0,0.0,0.40298,0.162893,0.0,0.012312,0.026034,0.0,0.03824,0.004392,0.055484,0.474464,0.167127,0.0,0.0,0.0,0.215823,0.125161,0.0,0.0,0.0,0.0,0.0,0.309033,0.227234,0.058625,0.0,0.006702,0.0,0.0,0.335533,0.399381,0.0,0.044339,0.0,0.004357,0.0,0.09318,0.0,0.0,0.068043,0.014592,0.263276,0.0,0.135465,0.0,0.0,0.0,0.0,0.35499,0.456192,0.015287,0.022222,0.0,0.089164,0.0,0.377868,0.0,0.012422,0.308671,0.337544,0.275799,0.0,0.0,0.0,0.0,0.0,0.378764,0.0,0.0,0.0,0.010867,0.0,0.005917,0.0,0.337356,0.0,0.344453,0.026784,0.083682,0.0,0.016983,0.313167,0.0,0.327649,0.851915,0.0,0.0,0.317461,0.012185,0.307759,0.018855,0.018738,0.011993,0.369158,0.275232,0.007127,0.0,0.0,0.0,0.444397,0.0,0.471553,0.31358,0.010682,0.0,0.0,0.049099,0.350066,0.23209,0.0,0.155804,0.476091,0.108946,0.0,0.223603,0.043414,0.363202,0.0,0.0,0.0,0.0,0.0,0.0,0.010676,0.0,0.214094,0.270275,0.0,0.0,0.0,0.0,0.203799,0.000544,0.0,0.0,0.143454,0.0,0.0,0.010117,0.315277,0.238969,0.040902,0.691817,0.313078,0.0,0.0,0.0,0.430146,0.0,0.005435,0.0,0.050356,0.0,0.11987,0.258895,0.418853,0.031735,0.32878,0.187476,0.418539,0.0,0.000721,0.192298,0.0,0.304581,0.0,0.0,0.0,0.0,0.0,0.346932,0.0,0.343112,0.0,0.0,0.312279,0.013107,0.261071,0.019422,0.0,0.063277,0.0,0.0,0.36872,0.007071,0.020527,0.0
TCGA-37-3792-01Z-00-DX1.d95a9f5f-5bad-48fc-9f90-ed2580328b80,0.482288,0.0,0.0,0.0,0.0,0.402674,0.02263,0.386528,0.008335,0.314975,0.341512,0.171319,0.0,0.0,0.0,0.448835,0.0,0.163673,0.0,0.274179,0.003321,0.061167,0.0,0.0,0.0,0.0,0.375032,0.0,0.181748,0.45042,0.0,0.0,0.35483,0.995526,0.0,0.00259,0.005512,0.0,0.0,0.298659,0.0,0.010413,0.0,0.368747,0.0,0.196648,0.0,0.0,0.0,0.003696,0.0,0.069895,0.0,0.54815,0.0,0.273437,0.298266,0.085201,0.22004,0.216454,0.0,0.004288,0.005984,0.289348,0.231355,0.070866,0.297804,0.0,0.180639,0.0,0.0,0.0,0.02105,0.133029,0.0,0.199443,0.0,0.294954,0.184887,0.0,0.0,0.53106,0.317019,0.0,0.0,0.115585,0.007195,0.0,0.420447,0.21708,0.112548,0.0,0.212661,0.0,0.34837,0.210289,0.0,0.0,0.0,0.340102,0.0,0.0,0.23456,0.426196,0.09251,0.0,0.001214,0.301511,0.382649,0.0,0.257816,0.0,0.007196,0.0,0.0,0.0,0.0,0.149965,0.346053,0.044887,0.091984,0.0,0.140147,0.0,0.04886,0.000451,0.010643,0.139595,0.442942,0.0,0.271521,0.0,0.029767,0.004076,0.027393,0.376171,0.0,0.036456,0.281351,0.0,0.054424,0.218907,0.068654,0.083449,0.0,0.316235,0.0,0.028416,0.393791,0.0,0.274974,0.008702,0.117744,0.038863,0.0,0.220736,0.472682,0.123255,0.381643,0.0,0.309657,0.0,0.091878,0.389406,0.0,0.008438,0.0,0.0,0.0,0.178135,0.0,0.063238,0.0,0.0,0.0,0.0,0.0,0.0,0.306834,0.74462,0.370784,0.107906,0.0,0.375057,0.0,0.325603,0.0,0.366815,0.0,0.0,0.0,0.0,0.020506,0.153753,0.005235,0.011239,0.211457,0.142706,0.070805,0.0,0.328016,0.0,1.179672,0.120505,0.0,0.0,0.067789,0.971884,0.0,0.0,0.0,0.0,0.073938,0.0,0.0,9.4e-05,0.0,0.74542,0.0,0.0,0.0,0.361518,0.0,0.316188,0.364687,0.0,0.0,0.236648,0.0,0.0,0.0,0.244568,0.331931,0.230692,0.0,0.110436,0.417464,0.322502,0.381136,0.0,0.00208,0.0,0.00227,0.0,0.365028,0.068004,0.197938,0.0,0.223364,0.200447,0.162061,0.0,0.312867,0.0,1.261032,0.0,0.0,0.16772,0.0,0.202556,0.0,0.365839,0.0,0.03263,0.0,0.050006,0.423144,0.0,0.472924,0.283959,0.158836,0.335994,0.0,0.0,0.132222,0.112886,0.0,0.307622,0.0,0.0,0.01171,0.017927,0.234682,0.228365,0.0,0.0,0.0,0.0,0.249507,0.28955,0.259558,0.155138,0.0,0.0,0.0,0.309396,0.0,0.0,0.259352,0.017288,0.0,0.002983,0.0,0.137543,0.001287,0.150615,0.0,0.0,0.0,0.17096,0.0,0.046965,0.012906,0.0,0.126192,0.140829,0.0,0.0,0.0,0.209895,0.017272,0.216597,0.235956,0.212565,0.0,0.0,0.362232,0.136757,0.0,0.013205,0.006967,0.0,0.090369,0.001121,0.047167,0.461803,0.144265,0.0,0.0,0.0,0.249479,0.173802,0.0,0.0,0.0,0.0,0.0,0.304592,0.192481,0.093607,0.0,0.085586,0.0,0.0,0.330765,0.389487,0.0,0.071939,0.0,0.003784,0.0,0.148221,0.0,0.0,0.11436,0.015477,0.258734,0.0,0.180061,0.0,0.0,0.0,0.0,0.331235,0.443604,0.036706,0.03922,0.0,0.081808,0.0,0.366229,0.0,0.005428,0.295856,0.340376,0.173445,0.0,0.0,0.0,0.0,0.0,0.367989,0.0,0.0,0.0,0.004178,0.0,0.004181,0.0,0.33369,0.0,0.336348,0.071699,0.106983,0.0,0.022076,0.318475,0.0,0.27259,0.900877,0.0,0.0,0.318155,0.013946,0.309064,0.075403,0.007821,0.03604,0.384929,0.271827,0.005621,0.0,0.0,0.0,0.36581,0.0,0.474587,0.306935,0.005626,0.0,0.0,0.025927,0.268355,0.287608,0.0,0.196871,0.403077,0.157668,0.0,0.203959,0.04397,0.400661,0.0,0.0,0.0,0.0,0.0,0.0,0.005679,0.0,0.127346,0.166557,0.0,0.0,0.0,0.0,0.260383,0.000341,0.0,0.0,0.136889,0.0,0.0,0.007511,0.375601,0.222741,0.141628,0.737312,0.295932,0.0,0.0,0.0,0.471738,0.0,0.001471,0.0,0.095847,0.0,0.152043,0.237178,0.409168,0.048786,0.331154,0.248805,0.361755,0.0,0.00247,0.151826,0.0,0.283867,0.0,0.0,0.0,0.0,0.0,0.253443,0.0,0.338711,0.0,0.0,0.229018,0.010119,0.258422,0.037677,0.0,0.096317,0.0,0.0,0.362562,0.002992,0.02942,0.0
TCGA-60-2723-01Z-00-DX1.1c12de5a-5d31-468e-9169-feb23d24e7d6,0.526778,0.0,0.0,0.0,0.0,0.420794,0.011438,0.456941,0.005102,0.352492,0.390172,0.142309,0.0,0.0,0.0,0.514996,0.0,0.170675,0.0,0.328592,0.003448,0.026826,0.0,0.0,0.0,0.0,0.447694,0.0,0.202773,0.509526,0.0,0.0,0.380461,0.969188,0.0,0.004449,0.005086,0.0,0.0,0.255972,0.0,0.005791,0.0,0.413773,0.0,0.178325,0.0,0.0,0.0,0.005298,0.0,0.100751,0.0,0.51846,0.0,0.202429,0.347274,0.032402,0.269769,0.270979,0.0,0.006152,0.005672,0.322224,0.243596,0.061241,0.374252,0.0,0.157283,0.0,0.0,0.0,0.004266,0.178254,0.0,0.223366,0.0,0.356811,0.185955,0.0,0.0,0.516867,0.386609,0.0,0.0,0.14967,0.00613,0.0,0.459907,0.284189,0.177688,0.0,0.161558,0.0,0.287534,0.241648,0.0,0.0,0.0,0.405479,0.0,0.0,0.207316,0.49653,0.190409,0.0,0.005263,0.308111,0.429749,0.0,0.259349,0.0,0.004793,0.0,0.0,0.0,0.0,0.101883,0.422953,0.019263,0.068511,0.0,0.169513,0.0,0.052229,0.004104,0.005156,0.166581,0.534844,0.0,0.356991,0.0,0.011166,0.005398,0.015253,0.434608,0.0,0.037867,0.306246,0.0,0.03317,0.267411,0.051256,0.05309,0.0,0.372822,0.0,0.001916,0.446655,0.0,0.320147,0.004838,0.048545,0.010286,0.0,0.259968,0.551137,0.122779,0.428739,0.0,0.267611,0.0,0.066894,0.459344,0.0,0.005957,0.0,0.0,0.0,0.145842,0.0,0.060936,0.0,0.0,0.0,0.0,0.0,0.0,0.351189,0.713038,0.427962,0.08181,0.0,0.431654,0.0,0.356542,0.0,0.410538,0.0,0.0,0.0,0.0,0.010182,0.175999,0.004888,0.007097,0.244441,0.146163,0.055163,0.0,0.404364,0.0,1.137238,0.155456,0.0,0.0,0.04826,0.903471,0.0,0.0,0.0,0.0,0.03932,0.0,0.0,0.001337,0.0,0.718554,0.0,0.0,0.0,0.435449,0.0,0.379297,0.416624,0.0,0.0,0.147745,0.0,0.0,0.0,0.30551,0.373752,0.259696,0.0,0.115613,0.497067,0.393567,0.473224,0.0,0.00553,0.0,0.004971,0.0,0.432488,0.0585,0.213232,0.0,0.259935,0.268241,0.128552,0.0,0.351187,0.0,1.205567,0.0,0.0,0.221738,0.0,0.288472,0.0,0.395376,0.0,0.011188,0.0,0.079459,0.4905,0.0,0.541349,0.32999,0.214234,0.408412,0.0,0.0,0.147706,0.189891,0.0,0.342078,0.0,0.0,0.007244,0.007374,0.278024,0.267556,0.0,0.0,0.0,0.0,0.291623,0.370105,0.305266,0.203237,0.0,0.0,0.0,0.359491,0.0,0.0,0.305301,0.005815,0.0,0.004909,0.0,0.151769,0.005037,0.153611,4.6e-05,0.0,0.0,0.197897,0.0,0.029338,0.007314,0.0,0.096411,0.117048,0.0,0.0,0.0,0.263113,0.006567,0.272102,0.28839,0.178532,0.0,0.0,0.418885,0.141545,0.0,0.005962,0.005884,0.0,0.048432,0.004628,0.073249,0.530659,0.195113,0.0,0.0,0.0,0.168718,0.234982,0.0,0.0,0.0,0.0,0.0,0.381086,0.242877,0.072255,0.0,0.145709,0.0,0.0,0.392068,0.439903,0.0,0.022479,0.0,0.004745,0.0,0.092296,0.0,0.0,0.06285,0.004685,0.296217,0.0,0.166123,0.0,0.0,0.0,2.4e-05,0.387027,0.520287,0.022482,0.01634,0.0,0.104513,0.0,0.410115,0.0,0.006697,0.340862,0.425964,0.19626,0.0,0.0,0.0,0.0,0.0,0.452384,0.0,0.0,0.0,0.005243,0.0,0.004849,0.0,0.376166,0.0,0.371354,0.04683,0.109563,0.0,0.008807,0.390832,0.0,0.22959,0.84671,0.0,0.0,0.351183,0.005722,0.386329,0.042236,0.005483,0.008179,0.4119,0.349223,0.004033,0.0,0.0,0.0,0.430157,0.0,0.556583,0.357968,0.005035,0.0,0.0,0.06476,0.254806,0.213661,0.0,0.154695,0.458677,0.187133,0.0,0.249782,0.017634,0.370465,0.0,0.0,0.0,0.0,0.0,0.0,0.004248,0.0,0.159151,0.141616,0.0,0.0,0.0,0.0,0.24679,0.004011,0.0,1e-06,0.130255,0.0,0.0,0.006408,0.305276,0.268743,0.251027,0.693351,0.357552,0.0,0.0,0.0,0.41093,0.0,0.004717,0.0,0.117325,0.0,0.121932,0.292817,0.482336,0.015829,0.390456,0.20336,0.422618,0.0,0.010403,0.11717,0.0,0.304793,0.0,0.0,0.0,0.0,0.0,0.23799,0.0,0.383296,0.0,0.0,0.245572,0.006096,0.30237,0.007793,0.0,0.145936,0.0,0.0,0.400165,0.004328,0.009217,0.0
TCGA-77-A5GF-01Z-00-DX1.8E70F660-4492-4BEB-A688-217DE27C1E6D,0.356072,0.0,0.0,0.0,0.0,0.288529,0.136761,0.296994,0.101116,0.223498,0.245145,0.181079,0.0,0.0,0.0,0.295904,0.0,0.1232,0.0,0.188039,0.059178,0.105861,0.0,0.0,0.0,0.0,0.281761,0.0,0.166518,0.327064,0.0,0.0,0.265,0.994432,0.0,0.081592,0.096997,0.0,0.0,0.283278,0.0,0.111387,0.0,0.264222,0.0,0.205418,0.0,0.0,0.0,0.08875,0.0,0.074493,0.0,0.519952,0.0,0.292546,0.218072,0.194948,0.149351,0.158596,0.0,0.115966,0.092334,0.2166,0.155003,0.121835,0.194055,0.0,0.172004,0.0,0.0,0.0,0.095416,0.100162,0.0,0.221133,0.0,0.196126,0.165137,0.0,0.0,0.529405,0.216308,0.0,0.0,0.080906,0.102683,0.0,0.31608,0.160589,0.084056,0.0,0.247082,0.0,0.38285,0.142601,0.0,0.0,0.0,0.251674,0.0,0.0,0.228327,0.301486,0.062894,0.0,0.086569,0.228955,0.25583,0.0,0.209278,0.0,0.082337,0.0,0.0,0.0,0.0,0.156839,0.241117,0.076294,0.12334,0.0,0.122792,0.0,0.089882,0.053332,0.103914,0.129604,0.315798,0.0,0.188674,0.0,0.141461,0.09413,0.054062,0.276799,0.0,0.04837,0.182232,0.0,0.131346,0.178783,0.146652,0.101126,0.0,0.226936,0.0,0.103842,0.263264,0.0,0.189999,0.10104,0.123917,0.149615,0.0,0.141317,0.349459,0.098804,0.262582,0.0,0.294017,0.0,0.173793,0.29802,0.0,0.114884,0.0,0.0,0.0,0.185726,0.0,0.152237,0.0,0.0,0.0,0.0,0.0,0.0,0.221968,0.726918,0.259748,0.153612,4e-06,0.246632,0.0,0.240447,0.0,0.246649,0.0,0.0,0.0,0.0,0.131398,0.207634,0.096892,0.105551,0.135269,0.12595,0.10889,0.0,0.256062,0.0,1.135218,0.067284,0.0,0.0,0.131277,0.977001,0.0,0.0,0.0,0.0,0.133246,0.0,0.0,0.003043,0.0,0.737621,0.0,0.0,0.0,0.259044,0.0,0.221667,0.25755,0.0,0.0,0.261688,0.0,0.0,0.0,0.172837,0.291388,0.159972,0.0,0.06179,0.306553,0.233164,0.283901,0.0,0.100596,0.0,0.082082,0.0,0.277697,0.105732,0.21114,0.0,0.147128,0.141503,0.20832,0.0,0.202144,0.0,1.223306,0.0,0.0,0.122466,0.0,0.117214,0.0,0.271523,0.0,0.158889,0.0,0.087356,0.29856,0.0,0.330723,0.18662,0.227342,0.237363,0.0,0.0,0.152952,0.070728,0.0,0.219038,0.0,0.0,0.124402,0.123918,0.168567,0.139285,0.0,0.0,0.0,0.0,0.166301,0.194488,0.18519,0.129986,0.0,0.0,0.0,0.250119,0.0,0.0,0.202524,0.12113,0.0,0.083874,0.0,0.112453,0.080225,0.120097,0.0,0.0,0.0,0.12397,0.0,0.06555,0.103738,0.0,0.201102,0.226608,0.0,0.0,0.0,0.135318,0.118557,0.16381,0.171444,0.190055,0.0,0.0,0.277474,0.082696,0.0,0.103159,0.117481,0.0,0.119458,0.072922,0.105124,0.343096,0.095268,0.0,0.0,0.0,0.263669,0.104212,0.0,0.0,0.0,0.0,0.0,0.215534,0.143844,0.155487,0.0,0.096793,0.0,0.0,0.245271,0.293879,0.0,0.144465,0.0,0.081033,0.0,0.159349,0.0,0.0,0.137802,0.079108,0.188806,0.0,0.17661,0.0,0.0,0.0,0.0,0.245873,0.333358,0.060922,0.129209,0.0,0.042759,0.0,0.248521,0.0,0.103762,0.225516,0.243017,0.142926,0.0,0.0,0.0,0.0,0.0,0.273264,0.0,0.0,0.0,0.085814,0.0,0.093808,0.0,0.254341,0.0,0.23709,0.136422,0.092799,0.0,0.12132,0.215632,0.0,0.238418,0.883496,0.0,0.0,0.203036,0.115069,0.216236,0.122195,0.106885,0.079905,0.303405,0.189631,0.078113,0.0,0.0,0.0,0.337088,0.0,0.326126,0.229496,0.097959,0.0,0.0,0.112333,0.306493,0.328361,0.0,0.229382,0.329875,0.132018,0.0,0.146746,0.153633,0.419148,0.0,0.0,0.0,0.0,0.0,0.0,0.083915,0.0,0.139869,0.15933,0.0,0.0,0.0,0.0,0.235298,0.046134,0.0,0.0,0.08277,0.0,0.0,0.109994,0.379158,0.149113,0.109553,0.736147,0.212468,0.0,0.0,0.0,0.461398,0.0,0.076082,0.0,0.081429,0.0,0.186384,0.169404,0.288045,0.164652,0.231354,0.218988,0.328571,0.0,0.003625,0.238846,0.0,0.196504,0.0,0.0,0.0,0.0,0.0,0.292026,0.0,0.242934,0.0,0.0,0.242656,0.097439,0.206243,0.10944,0.0,0.101885,0.0,0.0,0.256052,0.07424,0.13113,0.0
TCGA-46-3767-01Z-00-DX1.1f1899f9-7d6e-438c-b7ac-701ea088734d,0.428327,0.0,0.0,0.0,0.0,0.35778,0.066225,0.362912,0.042506,0.263925,0.27886,0.24858,0.0,0.0,0.0,0.376568,0.0,0.130824,0.0,0.250107,0.023908,0.064091,0.0,0.0,0.0,0.0,0.324772,0.0,0.153959,0.4042,0.0,0.0,0.30811,0.984931,0.0,0.033245,0.037129,0.0,0.0,0.333266,0.0,0.047946,0.0,0.310266,0.0,0.201318,0.0,0.0,0.0,0.038242,0.0,0.050729,0.0,0.52172,0.0,0.271731,0.253225,0.123452,0.191801,0.191959,0.0,0.041754,0.03473,0.278195,0.229932,0.063517,0.215548,0.0,0.173405,0.0,0.0,0.0,0.048474,0.131685,0.0,0.174186,0.0,0.253815,0.2321,0.0,0.0,0.515899,0.273456,0.0,0.0,0.120472,0.040408,0.0,0.381823,0.181067,0.082319,0.0,0.265682,0.0,0.351396,0.198618,0.0,0.0,0.0,0.319734,0.0,0.0,0.281156,0.360856,0.032207,0.0,0.026598,0.250973,0.322454,0.0,0.277602,0.0,0.03849,0.0,0.0,0.0,0.0,0.15181,0.295471,0.047099,0.074939,0.0,0.137825,0.0,0.039772,0.015861,0.043708,0.111983,0.390072,0.0,0.201472,0.0,0.069552,0.033533,0.038802,0.327943,0.0,0.022424,0.264166,0.0,0.077573,0.17239,0.092737,0.064686,0.0,0.282475,0.0,0.07028,0.312821,0.0,0.213481,0.046352,0.11575,0.077622,0.0,0.179315,0.425771,0.147329,0.331847,0.0,0.266114,0.0,0.149774,0.366016,0.0,0.046706,0.0,0.0,0.0,0.180586,0.0,0.090287,0.0,0.0,0.0,0.0,0.0,0.0,0.276639,0.731885,0.329887,0.158419,0.0,0.321265,0.0,0.287912,0.0,0.324622,0.0,0.0,0.0,0.0,0.059021,0.16815,0.03818,0.046112,0.191459,0.109137,0.063607,0.0,0.296437,0.0,1.170205,0.11028,0.0,0.0,0.066529,0.984221,0.0,0.0,0.0,0.0,0.105032,0.0,0.0,0.00503,0.0,0.73698,0.0,0.0,0.0,0.317548,0.0,0.287282,0.325662,0.0,0.0,0.270347,0.0,0.0,0.0,0.216958,0.329955,0.225723,0.0,0.115,0.362442,0.293186,0.349528,0.0,0.036568,0.0,0.028994,0.0,0.331533,0.046754,0.197461,0.0,0.205734,0.163671,0.158224,0.0,0.261024,0.0,1.25084,0.0,0.0,0.105304,0.0,0.122232,0.0,0.331949,0.0,0.109157,0.0,0.047318,0.359147,0.0,0.400572,0.24624,0.150101,0.276914,0.0,0.0,0.093458,0.081319,0.0,0.263131,0.0,0.0,0.057223,0.054334,0.209389,0.186676,0.0,0.0,0.0,0.0,0.229198,0.239606,0.241808,0.110822,0.0,0.0,0.0,0.296773,0.0,0.0,0.24441,0.065256,0.0,0.035176,0.0,0.106389,0.024787,0.120854,0.0,0.0,0.0,0.155627,0.0,0.047146,0.041609,0.0,0.146689,0.214932,0.0,0.0,0.0,0.167943,0.059292,0.18891,0.204764,0.215397,0.0,0.0,0.345375,0.131645,0.0,0.040986,0.053906,0.0,0.073697,0.028537,0.088073,0.398954,0.13447,0.0,0.0,0.0,0.257106,0.106531,0.0,0.0,0.0,0.0,0.0,0.27243,0.17975,0.100573,0.0,0.034136,0.0,0.0,0.284913,0.349702,0.0,0.098777,0.0,0.028737,0.0,0.145947,0.0,0.0,0.105554,0.04301,0.221427,0.0,0.169014,0.0,0.0,0.0,0.0,0.302011,0.389694,0.036956,0.074022,0.0,0.08728,0.0,0.305504,0.0,0.040105,0.278885,0.281642,0.207217,0.0,0.0,0.0,0.0,0.0,0.323628,0.0,0.0,0.0,0.038235,0.0,0.033472,0.0,0.3106,0.0,0.289281,0.076002,0.120311,0.0,0.058225,0.272104,0.0,0.314869,0.898173,0.0,0.0,0.2688,0.055586,0.252325,0.070844,0.053927,0.045967,0.376252,0.244037,0.033589,0.0,0.0,0.0,0.373949,0.0,0.400525,0.268874,0.041885,0.0,0.0,0.059004,0.294977,0.288329,0.0,0.206761,0.385374,0.117492,0.0,0.186734,0.090292,0.397494,0.0,0.0,0.0,0.0,0.0,0.0,0.031967,0.0,0.170353,0.213767,0.0,0.0,0.0,0.0,0.238784,0.012705,0.0,0.0,0.149925,0.0,0.0,0.045077,0.364634,0.192097,0.045194,0.730227,0.255117,0.0,0.0,0.0,0.460901,0.0,0.026714,0.0,0.07914,0.0,0.148435,0.220149,0.363919,0.095538,0.281783,0.216074,0.368272,0.0,0.001327,0.223511,0.0,0.255998,0.0,0.0,0.0,0.0,0.0,0.315309,0.0,0.285348,0.0,0.0,0.268888,0.044555,0.234724,0.062989,0.0,0.062687,0.0,0.0,0.307715,0.032106,0.06641,0.0
TCGA-85-8350-01Z-00-DX1.F9A32453-2E24-4874-A1FA-67B4173ABF03,0.427229,0.0,0.0,0.0,0.0,0.349084,0.097902,0.372302,0.059388,0.251835,0.259103,0.268605,0.0,0.0,0.0,0.368398,0.0,0.149982,0.0,0.251314,0.048184,0.073438,0.0,0.0,0.0,0.0,0.326481,0.0,0.173428,0.400519,0.0,0.0,0.28681,1.046047,0.0,0.049372,0.050166,0.0,0.0,0.295276,0.0,0.066044,0.0,0.291821,0.0,0.210287,0.0,0.0,0.0,0.055847,0.0,0.040949,0.0,0.554088,0.0,0.280403,0.238348,0.138302,0.16955,0.162744,0.0,0.060787,0.071361,0.304007,0.238577,0.077291,0.209116,0.0,0.199512,0.0,0.0,0.0,0.056406,0.12932,0.0,0.121773,0.0,0.250771,0.261261,0.0,0.0,0.562404,0.274648,0.0,0.0,0.114321,0.063903,0.0,0.373097,0.182192,0.071108,0.0,0.278839,0.0,0.358596,0.215243,0.0,0.0,0.0,0.328488,0.0,0.0,0.257468,0.369165,0.044602,0.0,0.052853,0.285263,0.342728,0.0,0.290931,0.0,0.059658,0.0,0.0,0.0,0.0,0.163019,0.278313,0.052289,0.093204,0.0,0.126765,0.0,0.073372,0.033734,0.061342,0.120471,0.39452,0.0,0.174783,0.0,0.09375,0.05433,0.047845,0.305939,0.0,0.016015,0.293426,0.0,0.088998,0.167811,0.117386,0.078044,0.0,0.285938,0.0,0.059517,0.306882,0.0,0.206255,0.066502,0.106343,0.089635,0.0,0.173205,0.455189,0.154167,0.352115,0.0,0.29241,0.0,0.172486,0.369973,0.0,0.074721,0.0,0.0,0.0,0.216186,0.0,0.111573,0.0,0.0,0.0,0.0,0.0,0.0,0.262613,0.765176,0.321583,0.173348,0.0,0.319911,0.0,0.266542,0.0,0.316718,0.0,0.0,0.0,0.0,0.099031,0.125304,0.059898,0.078918,0.189452,0.130982,0.08497,0.0,0.296328,0.0,1.231862,0.111305,0.0,0.0,0.069122,1.038147,0.0,0.0,0.0,0.0,0.128059,0.0,0.0,0.006624,0.0,0.776675,0.0,0.0,0.0,0.312986,0.0,0.301673,0.32625,0.0,0.0,0.305177,0.0,0.0,0.0,0.233669,0.344094,0.225464,0.0,0.126757,0.364877,0.325475,0.369168,0.0,0.059018,0.0,0.045034,0.0,0.339034,0.055063,0.194281,0.0,0.206241,0.166469,0.165386,0.0,0.25634,0.0,1.327504,0.0,0.0,0.082639,0.0,0.107684,0.0,0.350163,0.0,0.126125,0.0,0.056563,0.351469,0.0,0.41088,0.236478,0.109796,0.283281,0.0,0.0,0.107939,0.070331,0.0,0.240359,0.0,0.0,0.082954,0.08546,0.201186,0.169655,0.0,0.0,0.0,0.0,0.227818,0.224794,0.233179,0.071444,0.0,0.0,0.0,0.282614,0.0,0.0,0.244386,0.083889,0.0,0.063292,0.0,0.113506,0.049648,0.120475,0.0,0.0,0.0,0.154713,0.0,0.050883,0.064655,0.0,0.154361,0.24294,0.0,0.0,0.0,0.16213,0.065811,0.16971,0.191827,0.24372,0.0,0.0,0.347951,0.158466,0.0,0.066321,0.067672,0.0,0.081175,0.043749,0.119967,0.39709,0.135928,0.0,0.0,0.0,0.266234,0.117037,0.0,0.0,0.0,0.0,0.0,0.26291,0.168211,0.116604,0.0,0.034513,0.0,0.0,0.283757,0.324258,0.0,0.09835,0.0,0.055521,0.0,0.158813,0.0,0.0,0.104669,0.072073,0.18946,0.0,0.190263,0.0,0.0,0.0,0.0,0.292503,0.404294,0.040792,0.0901,0.0,0.116339,0.0,0.304388,0.0,0.05755,0.27457,0.284058,0.21399,0.0,0.0,0.0,0.0,0.0,0.331048,0.0,0.0,0.0,0.052192,0.0,0.054473,0.0,0.327085,0.0,0.285381,0.076809,0.138033,0.0,0.088465,0.281366,0.0,0.345003,0.935047,0.0,0.0,0.288106,0.067244,0.247896,0.080747,0.073586,0.05452,0.425982,0.247317,0.05411,0.0,0.0,0.0,0.374388,0.0,0.390527,0.251093,0.068927,0.0,0.0,0.054492,0.253044,0.316989,0.0,0.208612,0.385031,0.112205,0.0,0.185053,0.107036,0.437312,0.0,0.0,0.0,0.0,0.0,0.0,0.053391,0.0,0.175533,0.213757,0.0,0.0,0.0,0.0,0.246441,0.028626,0.0,0.0,0.22099,0.0,0.0,0.061867,0.404329,0.18689,0.050087,0.779602,0.231296,0.0,0.0,0.0,0.50254,0.0,0.052964,0.0,0.100884,0.0,0.167571,0.209141,0.354371,0.105277,0.273496,0.252422,0.371146,0.0,0.000948,0.230317,0.0,0.261184,0.0,0.0,0.0,0.0,0.0,0.281447,0.0,0.298744,0.0,0.0,0.292966,0.065121,0.248971,0.06908,0.0,0.029848,0.0,0.0,0.289799,0.052657,0.101625,0.0
TCGA-85-A510-01Z-00-DX1.F51CBC2D-EAD4-48B8-9444-C864012562F4,0.447079,0.0,0.0,0.0,0.0,0.363538,0.075414,0.38326,0.016884,0.304767,0.310627,0.148028,0.0,0.0,0.0,0.384163,0.0,0.16712,0.0,0.27982,0.012545,0.031666,0.0,0.0,0.0,0.0,0.380176,0.0,0.192021,0.402817,0.0,0.0,0.321575,0.958584,0.0,0.017763,0.013121,0.0,0.0,0.247695,0.0,0.013834,0.0,0.363683,0.0,0.18513,0.0,1e-06,0.0,0.01607,0.0,0.126268,0.0,0.49288,0.0,0.194583,0.293639,0.089703,0.197456,0.235234,0.0,0.022941,0.0205,0.295559,0.19737,0.077674,0.332276,0.0,0.139804,0.0,0.0,0.0,0.010388,0.175426,0.0,0.213023,0.0,0.276168,0.217587,0.0,0.0,0.445551,0.316314,0.0,0.0,0.154184,0.017949,0.0,0.382825,0.247413,0.213894,0.0,0.216542,0.0,0.295389,0.265692,0.0,0.0,0.0,0.358046,0.0,0.0,0.254367,0.383924,0.192118,0.0,0.032019,0.256805,0.343406,0.0,0.247412,0.0,0.010998,0.0,0.0,0.0,0.0,0.0975,0.328752,0.018343,0.072319,0.0,0.151869,0.0,0.05574,0.009165,0.015175,0.116509,0.419341,0.0,0.28065,0.0,0.051647,0.025289,0.028419,0.349928,0.0,0.104371,0.276501,0.0,0.05066,0.278809,0.094032,0.043523,0.0,0.319675,0.0,0.023287,0.338571,0.0,0.277182,0.028327,0.031003,0.055467,0.0,0.217749,0.435183,0.132952,0.3535,0.0,0.228212,0.0,0.16349,0.379628,0.0,0.031582,0.0,0.0,0.0,0.168272,0.0,0.095555,0.0,0.0,0.0,0.0,0.0,0.0,0.264175,0.636975,0.344958,0.100635,0.0,0.349348,0.0,0.272203,0.0,0.341044,0.0,0.0,0.0,0.0,0.036261,0.195515,0.021794,0.015688,0.195801,0.14673,0.062683,0.0,0.343963,0.0,1.072792,0.144152,0.0,0.0,0.071169,0.872682,0.0,0.0,0.0,0.0,0.092546,0.0,0.0,0.041625,0.0,0.710445,0.0,0.0,0.0,0.361265,0.0,0.320577,0.338382,0.0,0.0,0.167895,0.0,0.0,0.0,0.295149,0.377237,0.279414,0.0,0.143254,0.392569,0.369526,0.362129,0.0,0.029289,0.0,0.011169,0.0,0.361452,0.056141,0.202447,0.0,0.217345,0.198694,0.122623,0.0,0.29371,0.0,1.237036,0.0,0.0,0.227189,0.0,0.231831,0.0,0.344099,0.0,0.126558,0.0,0.082222,0.373718,0.0,0.41344,0.279417,0.272519,0.354332,0.0,0.0,0.120497,0.150325,0.0,0.259053,0.0,0.0,0.030706,0.034975,0.245182,0.231331,0.0,0.0,0.0,0.0,0.268042,0.278486,0.268532,0.183961,0.0,0.0,0.0,0.336839,0.0,0.0,0.314348,0.037185,0.0,0.0282,0.0,0.168048,0.027806,0.092818,0.0,0.0,0.0,0.203576,0.0,0.06446,0.017695,0.0,0.111186,0.193886,0.0,0.0,0.0,0.230328,0.018441,0.251652,0.257816,0.158402,0.0,0.0,0.402048,0.170507,0.0,0.016508,0.029009,0.0,0.062206,0.020345,0.097946,0.427682,0.176225,0.0,0.0,0.0,0.162972,0.212402,0.0,0.0,0.0,0.0,0.0,0.309293,0.208037,0.07661,0.0,0.110693,0.0,0.0,0.301602,0.356517,0.0,0.049931,0.0,0.017831,0.0,0.115596,0.0,0.0,0.039222,0.016727,0.309986,0.0,0.128607,0.0,0.0,0.0,0.0,0.331429,0.416388,0.041721,0.033735,0.0,0.111292,0.0,0.33032,0.0,0.016603,0.293357,0.331122,0.179599,0.0,0.0,0.0,0.0,0.0,0.362389,0.0,0.0,0.0,0.013794,0.0,0.028958,0.0,0.38431,0.0,0.345478,0.041357,0.123257,0.0,0.027577,0.304543,0.0,0.246794,0.822108,0.0,0.0,0.306854,0.019712,0.308138,0.069874,0.047266,0.011854,0.379754,0.302227,0.009606,0.0,0.0,0.0,0.441596,0.0,0.433528,0.338218,0.025929,0.0,0.0,0.122039,0.332773,0.263686,0.0,0.147441,0.395945,0.20532,0.0,0.252894,0.055059,0.380535,0.0,0.0,0.0,0.0,0.0,0.0,0.014203,0.0,0.192494,0.202973,0.0,0.0,0.0,0.0,0.23765,0.005232,0.0,0.0,0.178165,0.0,0.0,0.016168,0.311776,0.227179,0.205409,0.674755,0.253937,0.0,0.0,0.0,0.383166,0.0,0.02241,0.0,0.171623,0.0,0.134997,0.276393,0.365519,0.070009,0.309912,0.186915,0.389022,0.0,0.021827,0.184865,0.0,0.250226,0.0,0.0,0.0,0.0,0.0,0.26776,0.0,0.366968,0.0,0.0,0.283643,0.019149,0.284405,0.019572,0.0,0.203547,0.0,0.0,0.293515,0.013939,0.033069,0.0
TCGA-56-A4BY-01Z-00-DX1.DCA0D153-7DB7-44FB-A87A-20931D36856A,0.439532,0.0,0.0,0.0,0.0,0.377124,0.046989,0.395363,0.032305,0.281704,0.286266,0.266124,0.0,0.0,0.0,0.385341,0.0,0.137348,0.0,0.274808,0.021239,0.042355,0.0,0.0,0.0,0.0,0.372411,0.0,0.161016,0.429164,0.0,0.0,0.316437,0.945484,0.0,0.018988,0.019102,0.0,0.0,0.281185,0.0,0.025379,0.0,0.304787,0.0,0.194191,0.0,0.0,0.0,0.024368,0.0,0.035237,0.0,0.489058,0.0,0.235524,0.258411,0.090321,0.196314,0.183986,0.0,0.028684,0.028359,0.325512,0.282631,0.035105,0.235909,0.0,0.17534,0.0,0.0,0.0,0.035787,0.140182,0.0,0.096554,0.0,0.280659,0.287305,0.0,0.0,0.493151,0.306269,0.0,0.0,0.1532,0.029563,0.0,0.407528,0.201706,0.090493,0.0,0.243726,0.0,0.307346,0.233757,0.0,0.0,0.0,0.343061,0.0,0.0,0.261236,0.386363,0.045195,0.0,0.013704,0.270163,0.380566,0.0,0.297913,0.0,0.029155,0.0,0.0,0.0,0.0,0.151929,0.297502,0.03702,0.055164,0.0,0.147536,0.0,0.037842,0.007357,0.025574,0.106145,0.415344,0.0,0.192595,0.0,0.056847,0.021894,0.032852,0.338543,0.0,0.019012,0.319052,0.0,0.054306,0.193268,0.073329,0.042326,0.0,0.309629,0.0,0.043983,0.325401,0.0,0.229779,0.037985,0.082756,0.053614,0.0,0.183658,0.48734,0.169421,0.369663,0.0,0.242824,0.0,0.146667,0.389927,0.0,0.038546,0.0,0.0,0.0,0.178261,0.0,0.072961,0.0,0.0,0.0,0.0,0.0,0.0,0.290362,0.682073,0.369183,0.15028,9.2e-05,0.334841,0.0,0.287309,0.0,0.34822,0.0,0.0,0.0,0.0,0.054411,0.085789,0.024886,0.036677,0.224617,0.098943,0.048504,0.0,0.317032,0.0,1.129337,0.150694,0.0,0.0,0.039495,0.946519,0.0,0.0,0.0,0.0,0.094962,0.0,0.0,0.00256,0.0,0.70427,0.0,0.0,0.0,0.337456,0.0,0.307941,0.340153,0.0,0.0,0.25983,0.0,0.0,0.0,0.258874,0.327283,0.239092,0.0,0.149579,0.395353,0.335409,0.392482,0.0,0.021976,0.0,0.017448,0.0,0.354313,0.027584,0.19602,0.0,0.219466,0.182308,0.126446,0.0,0.273523,0.0,1.223136,0.0,0.0,0.091105,0.0,0.103296,0.0,0.361947,0.0,0.087433,0.0,0.066112,0.38257,0.0,0.426498,0.252764,0.097031,0.293491,0.0,0.0,0.063993,0.062345,0.0,0.261924,0.0,0.0,0.042204,0.047438,0.228259,0.178258,0.0,0.0,0.0,0.0,0.246536,0.259112,0.251545,0.094993,0.0,0.0,0.0,0.316734,0.0,0.0,0.280969,0.042976,0.0,0.021994,0.0,0.092059,0.01698,0.089962,0.0,0.0,0.0,0.18377,0.0,0.026442,0.030596,0.0,0.100019,0.204686,0.0,0.0,0.0,0.168311,0.031391,0.189761,0.207183,0.195935,0.0,0.0,0.366124,0.177077,0.0,0.0348,0.033127,0.0,0.036554,0.014445,0.097691,0.417538,0.155616,0.0,0.0,0.0,0.242945,0.108999,0.0,0.0,0.0,0.0,0.0,0.30299,0.190289,0.083112,0.0,0.038601,0.0,0.0,0.302068,0.340572,0.0,0.07765,0.0,0.019124,0.0,0.144816,0.0,0.0,0.082164,0.033808,0.211187,0.0,0.159219,0.0,0.0,0.0,0.0,0.319756,0.428575,0.024174,0.059142,0.0,0.147726,0.0,0.316713,0.0,0.020476,0.305328,0.310176,0.220079,0.0,0.0,0.0,0.0,0.0,0.358549,0.0,0.0,0.0,0.021227,0.0,0.028259,0.0,0.351941,0.0,0.288909,0.058469,0.145077,0.0,0.047432,0.306584,0.0,0.346051,0.856923,0.0,0.0,0.303093,0.029596,0.28158,0.041451,0.039133,0.036829,0.4458,0.282452,0.019305,0.0,0.0,0.0,0.374247,0.0,0.407266,0.271155,0.032947,0.0,0.0,0.052687,0.222834,0.26884,0.0,0.165497,0.39491,0.098059,0.0,0.200332,0.074694,0.372587,0.0,0.0,0.0,0.0,0.0,0.0,0.023134,0.0,0.17957,0.220356,0.0,0.0,0.0,0.0,0.220246,0.008163,0.0,0.0,0.216164,0.0,0.0,0.029511,0.319717,0.187554,0.044011,0.702505,0.241581,0.0,0.0,0.0,0.422578,0.0,0.021346,0.0,0.103656,0.0,0.122295,0.231472,0.385954,0.068111,0.305386,0.20716,0.371967,0.0,0.003147,0.195607,0.0,0.262863,0.0,0.0,0.0,0.0,0.0,0.267646,0.0,0.317782,0.0,0.0,0.268133,0.035786,0.258307,0.044719,0.0,0.039631,0.0,0.0,0.320134,0.017728,0.055149,0.0
TCGA-22-5474-01Z-00-DX1.8736FB24-7E65-4ACB-9325-382D7F864F62,0.469514,0.0,0.0,0.0,0.0,0.376821,0.034456,0.393489,0.013228,0.308843,0.315948,0.202072,0.0,0.0,0.0,0.412768,0.0,0.122862,0.0,0.276868,0.004589,0.02993,0.0,0.0,0.0,0.0,0.384764,0.0,0.149526,0.43086,0.0,0.0,0.341668,0.930508,0.0,0.010147,0.010772,0.0,0.0,0.306133,0.0,0.01405,0.0,0.354406,0.0,0.159006,0.0,0.0,0.0,0.01075,0.0,0.055704,0.0,0.480675,0.0,0.210179,0.286953,0.068321,0.205297,0.214054,0.0,0.012767,0.013298,0.30412,0.239033,0.039235,0.26293,0.0,0.131846,0.0,0.0,0.0,0.020187,0.160491,0.0,0.18224,0.0,0.293073,0.226323,0.0,0.0,0.465576,0.316548,0.0,0.0,0.138682,0.012757,0.0,0.395093,0.209608,0.122597,0.0,0.244734,0.0,0.304078,0.216431,0.0,0.0,0.0,0.351688,0.0,0.0,0.267732,0.403394,0.076958,0.0,0.008548,0.227322,0.37098,0.0,0.282279,0.0,0.010598,0.0,0.0,0.0,0.0,0.105729,0.334886,0.022851,0.048482,0.0,0.130794,0.0,0.04292,0.003429,0.013472,0.102094,0.431107,0.0,0.251134,0.0,0.025078,0.009128,0.014141,0.357783,0.0,0.035392,0.253032,0.0,0.042108,0.186559,0.05958,0.036433,0.0,0.316239,0.0,0.01987,0.361968,0.0,0.256875,0.015476,0.063824,0.039772,0.0,0.205045,0.460124,0.152014,0.372115,0.0,0.233944,0.0,0.113553,0.40468,0.0,0.025968,0.0,0.0,0.0,0.142493,0.0,0.051269,0.0,0.0,0.0,0.0,0.0,0.0,0.300223,0.656664,0.35229,0.126324,0.0,0.360055,0.0,0.312618,0.0,0.345697,0.0,0.0,0.0,0.0,0.026472,0.167063,0.012733,0.015252,0.215613,0.11652,0.05062,0.0,0.332715,0.0,1.100834,0.132344,0.0,0.0,0.048137,0.912777,0.0,0.0,0.0,0.0,0.080659,0.0,0.0,0.000672,0.0,0.671384,0.0,0.0,0.0,0.354534,0.0,0.315296,0.340778,0.0,0.0,0.196926,0.0,0.0,0.0,0.260054,0.335735,0.229481,0.0,0.117933,0.407229,0.33978,0.391354,0.0,0.011344,0.0,0.010495,0.0,0.370693,0.035651,0.184873,0.0,0.229145,0.192695,0.123743,0.0,0.29154,0.0,1.170327,0.0,0.0,0.153213,0.0,0.170731,0.0,0.362685,0.0,0.071973,0.0,0.040898,0.397523,0.0,0.441618,0.259673,0.178669,0.3236,0.0,0.0,0.083147,0.085424,0.0,0.300657,0.0,0.0,0.025003,0.023394,0.219534,0.205003,0.0,0.0,0.0,0.0,0.23761,0.278322,0.257272,0.127702,0.0,0.0,0.0,0.322444,0.0,0.0,0.276545,0.023884,0.0,0.008364,0.0,0.100807,0.008857,0.095724,0.0,0.0,0.0,0.187707,0.0,0.0213,0.015977,0.0,0.110512,0.171085,0.0,0.0,0.0,0.18124,0.018573,0.219978,0.238255,0.154894,0.0,0.0,0.369999,0.154673,0.0,0.017554,0.024048,0.0,0.046132,0.005541,0.077575,0.456751,0.159109,0.0,0.0,0.0,0.211408,0.142959,0.0,0.0,0.0,0.0,0.0,0.310951,0.213398,0.075625,0.0,0.045393,0.0,0.0,0.334489,0.366746,0.0,0.058208,0.0,0.008606,0.0,0.090386,0.0,0.0,0.058507,0.01525,0.245737,0.0,0.145482,0.0,0.0,0.0,0.0,0.328965,0.445055,0.023017,0.030918,0.0,0.097814,0.0,0.342511,0.0,0.009995,0.304952,0.328339,0.205832,0.0,0.0,0.0,0.0,0.0,0.377342,0.0,0.0,0.0,0.008429,0.0,0.012185,0.0,0.327325,0.0,0.31403,0.062048,0.094454,0.0,0.028213,0.312946,0.0,0.281114,0.820391,0.0,0.0,0.294958,0.014816,0.300677,0.036412,0.017827,0.01668,0.367147,0.279363,0.009417,0.0,0.0,0.0,0.402145,0.0,0.43932,0.286424,0.013294,0.0,0.0,0.079528,0.291568,0.235315,0.0,0.150846,0.428851,0.126222,0.0,0.22377,0.04256,0.369887,0.0,0.0,0.0,0.0,0.0,0.0,0.012094,0.0,0.185744,0.213446,0.0,0.0,0.0,0.0,0.209423,0.00386,0.0,0.0,0.142889,0.0,0.0,0.015048,0.308508,0.212795,0.093765,0.674926,0.279223,0.0,0.0,0.0,0.40672,0.0,0.00899,0.0,0.085096,0.0,0.10402,0.246689,0.408175,0.045052,0.331179,0.205135,0.39106,0.0,0.001502,0.176652,0.0,0.274713,0.0,0.0,0.0,0.0,0.0,0.289423,0.0,0.339525,0.0,0.0,0.267973,0.014768,0.259692,0.024221,0.0,0.083588,0.0,0.0,0.345472,0.00814,0.029142,0.0
TCGA-22-4613-01Z-00-DX1.4BC3B7B8-99E7-4744-8F5A-089ECCDE144E,0.481145,0.0,0.0,0.0,0.0,0.38938,0.024742,0.41183,0.009057,0.321635,0.324744,0.216883,0.0,0.0,0.0,0.43963,0.0,0.11347,0.0,0.300496,0.002978,0.01793,0.0,0.0,0.0,0.0,0.404933,0.0,0.1421,0.452122,0.0,0.0,0.34357,0.890197,0.0,0.00549,0.007111,0.0,0.0,0.299002,0.0,0.00865,0.0,0.363372,0.0,0.138278,0.0,0.0,0.0,0.008064,0.0,0.035265,0.0,0.448632,0.0,0.183436,0.284425,0.046693,0.221559,0.216427,0.0,0.008671,0.009214,0.323723,0.267724,0.023295,0.274261,0.0,0.113049,0.0,0.0,0.0,0.012712,0.16638,0.0,0.150216,0.0,0.315198,0.253366,0.0,0.0,0.438581,0.337771,0.0,0.0,0.154829,0.010526,0.0,0.407178,0.218755,0.129539,0.0,0.245226,0.0,0.26708,0.239754,0.0,0.0,0.0,0.36269,0.0,0.0,0.271709,0.423756,0.076949,0.0,0.006029,0.224472,0.403964,0.0,0.296676,0.0,0.00766,0.0,0.0,0.0,0.0,0.094019,0.351034,0.013507,0.029761,0.0,0.133314,0.0,0.032039,0.002248,0.006663,0.083322,0.457324,0.0,0.251433,0.0,0.018287,0.005659,0.008815,0.364128,0.0,0.029508,0.285711,0.0,0.027729,0.184906,0.04387,0.023424,0.0,0.336564,0.0,0.01015,0.374488,0.0,0.263052,0.011506,0.044835,0.023633,0.0,0.212677,0.491632,0.170108,0.394718,0.0,0.206243,0.0,0.10964,0.424296,0.0,0.015979,0.0,0.0,0.0,0.1172,0.0,0.038986,0.0,0.0,0.0,0.0,0.0,0.0,0.318337,0.626165,0.372239,0.12239,0.0,0.38462,0.0,0.320029,0.0,0.365566,0.0,0.0,0.0,0.0,0.0185,0.138417,0.007863,0.011204,0.236001,0.095225,0.03085,0.0,0.340046,0.0,1.062982,0.154867,0.0,0.0,0.029683,0.872543,0.0,0.0,0.0,0.0,0.072825,0.0,0.0,0.000148,0.0,0.64067,0.0,0.0,0.0,0.3698,0.0,0.334455,0.358272,0.0,0.0,0.167515,0.0,0.0,0.0,0.276591,0.344702,0.254922,0.0,0.14354,0.426009,0.361796,0.413489,0.0,0.007133,0.0,0.007847,0.0,0.385908,0.018686,0.170201,0.0,0.246363,0.19982,0.094681,0.0,0.306414,0.0,1.139566,0.0,0.0,0.144871,0.0,0.159259,0.0,0.377456,0.0,0.055789,0.0,0.037257,0.416307,0.0,0.466617,0.271705,0.155327,0.334236,0.0,0.0,0.057751,0.08256,0.0,0.306101,0.0,0.0,0.018035,0.017836,0.230929,0.211837,0.0,0.0,0.0,0.0,0.255805,0.294066,0.270307,0.115211,0.0,0.0,0.0,0.33901,0.0,0.0,0.297064,0.014628,0.0,0.004407,0.0,0.088661,0.004787,0.080531,0.0,0.0,0.0,0.196611,0.0,0.009488,0.010177,0.0,0.077753,0.167953,0.0,0.0,0.0,0.18365,0.011662,0.222303,0.244907,0.132853,0.0,0.0,0.390309,0.175993,0.0,0.012947,0.015215,0.0,0.024314,0.002489,0.077693,0.466544,0.173004,0.0,0.0,0.0,0.182846,0.141444,0.0,0.0,0.0,0.0,0.0,0.333968,0.218696,0.059529,0.0,0.02957,0.0,0.0,0.342893,0.374346,0.0,0.035951,0.0,0.005321,0.0,0.074407,0.0,0.0,0.043743,0.0106,0.247985,0.0,0.11457,0.0,0.0,0.0,0.0,0.342558,0.461719,0.011042,0.021895,0.0,0.126507,0.0,0.355925,0.0,0.005725,0.322234,0.348051,0.223706,0.0,0.0,0.0,0.0,0.0,0.397483,0.0,0.0,0.0,0.006054,0.0,0.009028,0.0,0.343473,0.0,0.325716,0.041758,0.096241,0.0,0.019114,0.336822,0.0,0.297001,0.787061,0.0,0.0,0.31911,0.00757,0.314032,0.022366,0.010774,0.011411,0.399312,0.297225,0.00519,0.0,0.0,0.0,0.412184,0.0,0.459338,0.294179,0.008856,0.0,0.0,0.062957,0.261957,0.213311,0.0,0.12105,0.439806,0.103291,0.0,0.229101,0.032404,0.344713,0.0,0.0,0.0,0.0,0.0,0.0,0.005989,0.0,0.198654,0.220999,0.0,0.0,0.0,0.0,0.186566,0.002754,0.0,0.0,0.172754,0.0,0.0,0.009492,0.273329,0.2201,0.078275,0.643776,0.28583,0.0,0.0,0.0,0.374045,0.0,0.006376,0.0,0.086,0.0,0.094868,0.263722,0.432279,0.030669,0.353014,0.176795,0.413201,0.0,0.00103,0.169295,0.0,0.288709,0.0,0.0,0.0,0.0,0.0,0.283932,0.0,0.358399,0.0,0.0,0.276599,0.011929,0.265022,0.015019,0.0,0.059967,0.0,0.0,0.3603,0.005005,0.021365,0.0
TCGA-96-A4JK-01Z-00-DX1.DD4071B6-75CA-475D-B742-925EA6BE9F0A,0.519868,0.0,0.0,0.0,0.0,0.436952,0.009255,0.424774,0.007526,0.341185,0.341603,0.257886,0.0,0.0,0.0,0.49211,0.0,0.124013,0.0,0.321226,0.00221,0.014239,0.0,0.0,0.0,0.0,0.411385,0.0,0.142067,0.492872,0.0,0.0,0.372995,0.958194,0.0,0.002673,0.002742,0.0,0.0,0.345661,0.0,0.004421,0.0,0.393316,0.0,0.147199,0.0,0.0,0.0,0.00309,0.0,0.019163,0.0,0.490722,0.0,0.211812,0.297605,0.041982,0.23686,0.215307,0.0,0.001779,0.003888,0.357988,0.280163,0.014992,0.289943,0.0,0.129009,0.0,0.0,0.0,0.005956,0.16665,0.0,0.152073,0.0,0.336474,0.267264,0.0,0.0,0.475059,0.359027,0.0,0.0,0.141645,0.002664,0.0,0.441628,0.230149,0.101724,0.0,0.273542,0.0,0.285323,0.256675,0.0,0.0,0.0,0.37918,0.0,0.0,0.283786,0.463424,0.044161,0.0,0.001513,0.266373,0.44316,0.0,0.325347,0.0,0.00276,0.0,0.0,0.0,0.0,0.091931,0.365002,0.011743,0.025513,0.0,0.111992,0.0,0.028434,0.000575,0.003646,0.089508,0.493856,0.0,0.267184,0.0,0.007719,0.0017,0.004315,0.384456,0.0,0.017031,0.324993,0.0,0.018636,0.177572,0.04325,0.027286,0.0,0.357967,0.0,0.008408,0.404261,0.0,0.280081,0.005974,0.057993,0.014411,0.0,0.226392,0.516176,0.181139,0.437044,0.0,0.240164,0.0,0.097203,0.447332,0.0,0.007076,0.0,0.0,0.0,0.131972,0.0,0.024905,0.0,0.0,0.0,0.0,0.0,0.0,0.342094,0.696386,0.398036,0.130149,0.0,0.419186,0.0,0.33087,0.0,0.399005,0.0,0.0,0.0,0.0,0.009232,0.124636,0.003498,0.00433,0.259818,0.092642,0.031381,0.0,0.351132,0.0,1.131406,0.15666,0.0,0.0,0.027025,0.917571,0.0,0.0,0.0,0.0,0.080519,0.0,0.0,8.9e-05,0.0,0.680037,0.0,0.0,0.0,0.389229,0.0,0.371132,0.40314,0.0,0.0,0.201558,0.0,0.0,0.0,0.278177,0.3749,0.260571,0.0,0.147124,0.432512,0.368064,0.427151,0.0,0.002365,0.0,0.002512,0.0,0.406459,0.014455,0.164728,0.0,0.261002,0.198428,0.095339,0.0,0.335721,0.0,1.206311,0.0,0.0,0.128584,0.0,0.182189,0.0,0.403495,0.0,0.02928,0.0,0.02076,0.453082,0.0,0.519071,0.300979,0.090754,0.350989,0.0,0.0,0.062373,0.077001,0.0,0.326822,0.0,0.0,0.005509,0.008933,0.240165,0.242397,0.0,0.0,0.0,0.0,0.28094,0.290147,0.278827,0.094179,0.0,0.0,0.0,0.344593,0.0,0.0,0.28867,0.008453,0.0,0.002154,0.0,0.08737,0.001619,0.115308,0.0,0.0,0.0,0.191343,0.0,0.00827,0.005134,0.0,0.077826,0.169499,0.0,0.0,0.0,0.202204,0.005106,0.230649,0.239342,0.174036,0.0,0.0,0.397081,0.170509,0.0,0.006144,0.004556,0.0,0.028595,0.000908,0.05676,0.49354,0.175406,0.0,0.0,0.0,0.206896,0.149714,0.0,0.0,0.0,0.0,0.0,0.344338,0.227297,0.049466,0.0,0.01949,0.0,0.0,0.358456,0.402941,0.0,0.026591,0.0,0.001915,0.0,0.096546,0.0,0.0,0.041404,0.007419,0.269441,0.0,0.143328,0.0,0.0,0.0,0.0,0.358239,0.49381,0.008521,0.013484,0.0,0.128134,0.0,0.389728,0.0,0.002063,0.332053,0.355362,0.249302,0.0,0.0,0.0,0.0,0.0,0.411636,0.0,0.0,0.0,0.001909,0.0,0.002566,0.0,0.354253,0.0,0.344418,0.02946,0.097308,0.0,0.016042,0.349024,0.0,0.352097,0.83375,0.0,0.0,0.347227,0.003352,0.32471,0.017133,0.004089,0.007485,0.430446,0.297912,0.003058,0.0,0.0,0.0,0.420824,0.0,0.505716,0.302829,0.003155,0.0,0.0,0.025283,0.255357,0.221354,0.0,0.129874,0.466855,0.087758,0.0,0.230118,0.019217,0.366909,0.0,0.0,0.0,0.0,0.0,0.0,0.003189,0.0,0.21413,0.234883,0.0,0.0,0.0,0.0,0.196088,0.000532,0.0,0.0,0.195509,0.0,0.0,0.003889,0.322428,0.239181,0.078325,0.701468,0.30802,0.0,0.0,0.0,0.417942,0.0,0.001679,0.0,0.055925,0.0,0.105918,0.260461,0.464147,0.027587,0.364779,0.202116,0.429276,0.0,0.000319,0.168386,0.0,0.318356,0.0,0.0,0.0,0.0,0.0,0.307697,0.0,0.385946,0.0,0.0,0.278647,0.005347,0.266695,0.007196,0.0,0.03662,0.0,0.0,0.390682,0.002058,0.011804,0.0
TCGA-22-1016-01Z-00-DX1.807510FD-222D-4E65-B261-3EB0815F8A50,0.447433,0.0,0.0,0.0,0.0,0.369166,0.055607,0.377136,0.034793,0.281168,0.293997,0.238278,0.0,0.0,0.0,0.392364,0.0,0.128095,0.0,0.261761,0.02078,0.05861,0.0,0.0,0.0,0.0,0.355137,0.0,0.156704,0.417717,0.0,0.0,0.320021,0.975408,0.0,0.028249,0.029104,0.0,0.0,0.311345,0.0,0.039588,0.0,0.330448,0.0,0.185666,0.0,0.0,0.0,0.029557,0.0,0.043248,0.0,0.513407,0.0,0.254952,0.257126,0.10738,0.189757,0.185604,0.0,0.034726,0.033484,0.3021,0.235057,0.05326,0.234181,0.0,0.164102,0.0,0.0,0.0,0.045271,0.138951,0.0,0.157729,0.0,0.271313,0.239235,0.0,0.0,0.509358,0.295022,0.0,0.0,0.124288,0.036488,0.0,0.383166,0.194048,0.089813,0.0,0.261903,0.0,0.332882,0.20794,0.0,0.0,0.0,0.331211,0.0,0.0,0.269702,0.381845,0.037167,0.0,0.025052,0.254197,0.358274,0.0,0.286646,0.0,0.033514,0.0,0.0,0.0,0.0,0.141597,0.306278,0.044635,0.071674,0.0,0.122517,0.0,0.046974,0.012116,0.033272,0.114007,0.41071,0.0,0.215603,0.0,0.058772,0.026955,0.032635,0.336083,0.0,0.021625,0.273295,0.0,0.064786,0.180433,0.080893,0.054226,0.0,0.298093,0.0,0.053392,0.336054,0.0,0.233531,0.044576,0.096748,0.067232,0.0,0.188353,0.45263,0.153836,0.356536,0.0,0.269996,0.0,0.130819,0.386287,0.0,0.045483,0.0,0.0,0.0,0.171562,0.0,0.070283,0.0,0.0,0.0,0.0,0.0,0.0,0.284738,0.713043,0.335753,0.142332,0.0,0.343515,0.0,0.292696,0.0,0.331818,0.0,0.0,0.0,0.0,0.056235,0.139702,0.033169,0.041564,0.204747,0.11845,0.06315,0.0,0.310844,0.0,1.162528,0.120023,0.0,0.0,0.062224,0.967917,0.0,0.0,0.0,0.0,0.092581,0.0,0.0,0.003466,0.0,0.71667,0.0,0.0,0.0,0.324481,0.0,0.300729,0.336406,0.0,0.0,0.253732,0.0,0.0,0.0,0.236174,0.330999,0.223949,0.0,0.116775,0.380332,0.316062,0.369751,0.0,0.0299,0.0,0.025337,0.0,0.350744,0.040209,0.194418,0.0,0.213199,0.175017,0.143073,0.0,0.272497,0.0,1.231891,0.0,0.0,0.115126,0.0,0.131788,0.0,0.35236,0.0,0.08825,0.0,0.043699,0.380027,0.0,0.426062,0.248668,0.138457,0.294395,0.0,0.0,0.093321,0.070228,0.0,0.273512,0.0,0.0,0.049527,0.052938,0.205055,0.185549,0.0,0.0,0.0,0.0,0.233656,0.249416,0.242591,0.101953,0.0,0.0,0.0,0.302571,0.0,0.0,0.25763,0.051781,0.0,0.027801,0.0,0.10118,0.02252,0.114196,0.0,0.0,0.0,0.168957,0.0,0.033916,0.039949,0.0,0.129668,0.19638,0.0,0.0,0.0,0.167667,0.044618,0.196012,0.213891,0.19783,0.0,0.0,0.347844,0.150687,0.0,0.038804,0.041411,0.0,0.066878,0.02039,0.080351,0.42622,0.144226,0.0,0.0,0.0,0.245478,0.118235,0.0,0.0,0.0,0.0,0.0,0.2901,0.190281,0.096944,0.0,0.031657,0.0,0.0,0.305166,0.353129,0.0,0.083513,0.0,0.025509,0.0,0.13384,0.0,0.0,0.088903,0.039456,0.224723,0.0,0.164064,0.0,0.0,0.0,0.0,0.309452,0.419413,0.036672,0.063267,0.0,0.099602,0.0,0.322558,0.0,0.030306,0.287604,0.306929,0.202999,0.0,0.0,0.0,0.0,0.0,0.346562,0.0,0.0,0.0,0.028108,0.0,0.030798,0.0,0.317181,0.0,0.296112,0.07947,0.109682,0.0,0.059511,0.293937,0.0,0.31897,0.876231,0.0,0.0,0.288505,0.040315,0.276288,0.061922,0.042824,0.044458,0.393056,0.256272,0.028876,0.0,0.0,0.0,0.376102,0.0,0.412761,0.269308,0.03923,0.0,0.0,0.053903,0.273588,0.277352,0.0,0.180001,0.402376,0.108937,0.0,0.196871,0.075246,0.398257,0.0,0.0,0.0,0.0,0.0,0.0,0.028482,0.0,0.1762,0.210893,0.0,0.0,0.0,0.0,0.223438,0.011222,0.0,0.0,0.168642,0.0,0.0,0.036989,0.356072,0.195036,0.055158,0.725551,0.258889,0.0,0.0,0.0,0.452149,0.0,0.02328,0.0,0.083086,0.0,0.134844,0.225473,0.38423,0.078334,0.303356,0.224131,0.380586,0.0,0.001068,0.200229,0.0,0.266785,0.0,0.0,0.0,0.0,0.0,0.29214,0.0,0.317871,0.0,0.0,0.274468,0.039534,0.241526,0.052518,0.0,0.052246,0.0,0.0,0.323158,0.025823,0.061246,0.0
TCGA-LA-A7SW-01Z-00-DX1.A65863F5-EA8F-46F5-A4D1-52FAD3D93E26,0.409777,0.0,0.0,0.0,0.0,0.319514,0.084897,0.3185,0.034637,0.246518,0.301704,0.034158,0.0,0.0,0.0,0.364401,0.0,0.216026,0.0,0.180431,0.025568,0.162666,0.0,0.0,0.0,0.0,0.300238,0.0,0.254991,0.359242,0.0,0.0,0.298117,1.105564,0.0,0.027073,0.036786,0.0,0.0,0.192588,0.0,0.040616,0.0,0.31897,0.0,0.257475,0.0,0.0,0.0,0.036245,0.0,0.191563,0.0,0.669577,0.0,0.355321,0.284701,0.153725,0.150586,0.202461,0.0,0.043085,0.047106,0.186155,0.071749,0.205017,0.319718,0.0,0.250533,0.0,0.0,0.0,0.045988,0.109688,0.0,0.297022,0.0,0.213397,0.03617,0.0,0.0,0.645423,0.265786,0.0,0.0,0.03825,0.043494,0.0,0.347322,0.215961,0.153002,0.0,0.159398,0.0,0.473615,0.119569,0.0,0.0,0.0,0.273534,0.0,0.0,0.130649,0.367033,0.226263,0.0,0.02976,0.345771,0.265565,0.0,0.135763,0.0,0.040518,0.0,0.0,0.0,0.0,0.209382,0.277408,0.108732,0.235907,0.0,0.167819,0.0,0.128471,0.018897,0.044481,0.239395,0.371671,0.0,0.301663,0.0,0.086405,0.039306,0.08528,0.336957,0.0,0.094812,0.175345,0.0,0.153345,0.298894,0.166804,0.206874,0.0,0.238008,0.0,0.054378,0.352694,0.0,0.234212,0.037393,0.177018,0.112625,0.0,0.193541,0.345604,0.01644,0.307305,0.0,0.384698,0.0,0.115657,0.316728,0.0,0.039261,0.0,0.0,0.0,0.268089,0.0,0.16649,0.0,0.0,0.0,0.0,0.0,0.0,0.238195,0.842599,0.274356,0.097761,0.0,0.316642,0.0,0.284258,0.0,0.290263,0.0,0.0,0.0,0.0,0.077497,0.239505,0.043365,0.053582,0.128359,0.240237,0.185494,0.0,0.293178,0.0,1.282194,0.051433,0.0,0.0,0.175491,1.057708,0.0,0.0,0.0,0.0,0.101928,0.0,0.0,0.011042,0.0,0.86431,0.0,0.0,0.0,0.30883,0.0,0.269639,0.278427,0.0,0.0,0.27556,0.0,0.0,0.0,0.196151,0.287499,0.172014,0.0,0.013072,0.353561,0.257417,0.310366,0.0,0.032681,0.0,0.025474,0.0,0.288511,0.211231,0.25557,0.0,0.156903,0.179627,0.275752,0.0,0.281861,0.0,1.372957,0.0,0.0,0.238512,0.0,0.280669,0.0,0.319503,0.0,0.086209,0.0,0.111893,0.357714,0.0,0.395913,0.230978,0.280748,0.326882,0.0,0.0,0.308758,0.192557,0.0,0.235997,0.0,0.0,0.052477,0.063595,0.194633,0.227729,0.0,0.0,0.0,0.0,0.176192,0.24972,0.200815,0.23304,0.0,0.0,0.0,0.242498,0.0,0.0,0.207958,0.051569,0.0,0.033953,0.0,0.235938,0.02888,0.231309,0.0,0.0,0.0,0.119771,0.0,0.164926,0.05097,0.0,0.245047,0.141334,0.0,0.0,0.0,0.237647,0.058113,0.194738,0.222918,0.286759,0.0,0.0,0.298907,0.037263,0.0,0.046483,0.043162,0.0,0.226143,0.029483,0.096045,0.401582,0.079252,0.0,0.0,0.0,0.29325,0.230065,0.0,0.0,0.0,0.0,0.0,0.235416,0.150896,0.185113,0.0,0.281864,0.0,0.0,0.283884,0.336275,0.0,0.148913,0.0,0.039739,0.0,0.210614,0.0,0.0,0.174319,0.054361,0.25294,0.0,0.252231,0.0,0.0,0.0,5e-06,0.270718,0.373095,0.109093,0.113397,0.0,0.006477,0.0,0.292759,0.0,0.039791,0.221688,0.292781,0.040791,0.0,0.0,0.0,0.0,0.0,0.297362,0.0,0.0,0.0,0.029751,0.0,0.038768,0.0,0.280302,0.0,0.326854,0.179781,0.097515,0.0,0.073489,0.25046,0.0,0.103823,0.997941,0.0,0.0,0.239713,0.05794,0.257962,0.226985,0.043261,0.07182,0.275173,0.216413,0.029555,0.0,0.0,0.0,0.315937,0.0,0.42246,0.290491,0.031958,0.0,0.0,0.110522,0.285926,0.386375,0.0,0.304889,0.318724,0.278804,0.0,0.188216,0.08576,0.511676,0.0,0.0,0.0,0.0,0.0,0.0,0.033313,0.0,0.04641,0.032602,0.0,0.0,0.0,0.0,0.359921,0.015627,0.0,0.0,0.049992,0.0,0.0,0.043529,0.507438,0.193748,0.400452,0.827859,0.252337,0.0,0.0,0.0,0.561841,0.0,0.026738,0.0,0.138976,0.0,0.233316,0.177708,0.335756,0.119292,0.256061,0.339722,0.293334,0.0,0.015368,0.164197,0.0,0.218535,0.0,0.0,0.0,0.0,0.0,0.190862,0.0,0.292567,0.0,0.0,0.155079,0.048106,0.248062,0.088797,0.0,0.230564,0.0,0.0,0.295699,0.030418,0.094789,0.0
TCGA-22-5480-01Z-00-DX1.A6E25FF1-9616-4F5F-97BD-BA1912C46008,0.428762,0.0,0.0,0.0,0.0,0.333712,0.062167,0.352892,0.017105,0.292714,0.30682,0.140289,0.0,0.0,0.0,0.367037,0.0,0.124354,0.0,0.23718,0.007894,0.053565,0.0,0.0,0.0,0.0,0.356759,0.0,0.166644,0.383208,0.0,0.0,0.321377,0.932222,0.0,0.010676,0.019233,0.0,0.0,0.268997,0.0,0.027568,0.0,0.335575,0.0,0.162213,0.0,0.0,0.0,0.012777,0.0,0.08085,0.0,0.482245,0.0,0.225851,0.274227,0.099896,0.187924,0.205958,0.0,0.028767,0.023779,0.249067,0.181054,0.0733,0.267891,0.0,0.119364,0.0,0.0,0.0,0.031698,0.136743,0.0,0.226933,0.0,0.256939,0.161203,0.0,0.0,0.465716,0.277102,0.0,0.0,0.107261,0.025631,0.0,0.353775,0.198019,0.132798,0.0,0.220217,0.0,0.323149,0.177489,0.0,0.0,0.0,0.308877,0.0,0.0,0.245038,0.374208,0.116831,0.0,0.018958,0.217444,0.320706,0.0,0.223426,0.0,0.01734,0.0,0.0,0.0,0.0,0.10567,0.298724,0.033407,0.08192,0.0,0.126006,0.0,0.057769,0.007618,0.021655,0.108305,0.381275,0.0,0.255876,0.0,0.040516,0.016892,0.017419,0.333846,0.0,0.064073,0.199764,0.0,0.069611,0.191758,0.088589,0.056969,0.0,0.281757,0.0,0.032078,0.341164,0.0,0.254922,0.025205,0.076843,0.070979,0.0,0.191729,0.414385,0.10982,0.321096,0.0,0.242816,0.0,0.125696,0.358078,0.0,0.035679,0.0,0.0,0.0,0.140985,0.0,0.069051,0.0,0.0,0.0,0.0,0.0,0.0,0.273235,0.651646,0.301781,0.112896,0.0,0.317977,0.0,0.298024,0.0,0.298917,0.0,0.0,0.0,0.0,0.043664,0.20372,0.0196,0.02364,0.172924,0.134001,0.077878,0.0,0.311882,0.0,1.068244,0.095077,0.0,0.0,0.074278,0.894799,0.0,0.0,0.0,0.0,0.090984,0.0,0.0,0.001528,0.0,0.669868,0.0,0.0,0.0,0.320417,0.0,0.269215,0.296564,0.0,0.0,0.173746,0.0,0.0,0.0,0.231185,0.313507,0.196517,0.0,0.081689,0.378288,0.294884,0.345782,0.0,0.020838,0.0,0.017556,0.0,0.338028,0.077652,0.194387,0.0,0.192455,0.186655,0.155886,0.0,0.255146,0.0,1.15765,0.0,0.0,0.184524,0.0,0.181924,0.0,0.329399,0.0,0.097648,0.0,0.063159,0.36759,0.0,0.40149,0.226236,0.253614,0.305788,0.0,0.0,0.126129,0.089359,0.0,0.283413,0.0,0.0,0.037837,0.04266,0.199464,0.185436,0.0,0.0,0.0,0.0,0.206457,0.252786,0.228672,0.15896,0.0,0.0,0.0,0.297367,0.0,0.0,0.258238,0.033131,0.0,0.012545,0.0,0.120708,0.018193,0.094626,0.0,0.0,0.0,0.161502,0.0,0.036447,0.023907,0.0,0.141502,0.171595,0.0,0.0,0.0,0.173807,0.029502,0.211911,0.230386,0.141461,0.0,0.0,0.331375,0.121215,0.0,0.027279,0.041579,0.0,0.083747,0.010055,0.075869,0.428165,0.128549,0.0,0.0,0.0,0.214271,0.155729,0.0,0.0,0.0,0.0,0.0,0.273027,0.188573,0.10941,0.0,0.103542,0.0,0.0,0.311454,0.345216,0.0,0.080208,0.0,0.016831,0.0,0.104943,0.0,0.0,0.077765,0.018905,0.25292,0.0,0.132713,0.0,0.0,0.0,0.0,0.298229,0.403961,0.033412,0.046023,0.0,0.054643,0.0,0.308145,0.0,0.018197,0.278466,0.307794,0.163625,0.0,0.0,0.0,0.0,0.0,0.344633,0.0,0.0,0.0,0.01232,0.0,0.021757,0.0,0.29634,0.0,0.296347,0.092636,0.065626,0.0,0.036179,0.275949,0.0,0.21031,0.817247,0.0,0.0,0.258534,0.02452,0.277333,0.068833,0.025621,0.030511,0.313714,0.247075,0.015064,0.0,0.0,0.0,0.381088,0.0,0.400274,0.267152,0.020554,0.0,0.0,0.099609,0.313979,0.265095,0.0,0.174703,0.386294,0.147733,0.0,0.209307,0.063243,0.380921,0.0,0.0,0.0,0.0,0.0,0.0,0.020188,0.0,0.151025,0.16583,0.0,0.0,0.0,0.0,0.212819,0.0065,0.0,0.0,0.082656,0.0,0.0,0.022106,0.313773,0.193539,0.155437,0.665925,0.267746,0.0,0.0,0.0,0.392187,0.0,0.011149,0.0,0.099323,0.0,0.134635,0.217286,0.353919,0.069604,0.304568,0.202491,0.362233,0.0,0.00446,0.181314,0.0,0.24295,0.0,0.0,0.0,0.0,0.0,0.273028,0.0,0.315812,1.2e-05,0.0,0.256762,0.023146,0.248762,0.039634,0.0,0.13106,0.0,0.0,0.316545,0.010461,0.049634,0.0
TCGA-85-8580-01Z-00-DX1.1b942bbe-2c6e-4411-8609-1725e5cb93da,0.46951,0.0,0.0,0.0,0.0,0.395966,0.041812,0.411085,0.019234,0.298791,0.3015,0.273192,0.0,0.0,0.0,0.418405,0.0,0.132828,0.0,0.29921,0.014461,0.029382,0.0,0.0,0.0,0.0,0.379392,0.0,0.156765,0.442203,0.0,0.0,0.332031,0.935382,0.0,0.01528,0.012187,0.0,0.0,0.320513,0.0,0.021696,0.0,0.32917,0.0,0.174347,2e-06,0.0,0.0,0.019426,0.0,0.037394,0.0,0.480404,0.0,0.215212,0.272903,0.072207,0.208005,0.198333,0.0,0.020411,0.021033,0.336174,0.295989,0.027858,0.245942,0.0,0.151168,0.0,0.0,0.0,0.020662,0.154303,0.0,0.106779,0.0,0.298582,0.300048,0.0,0.0,0.475356,0.314147,0.0,0.0,0.162947,0.018885,0.0,0.419066,0.205429,0.100224,0.0,0.269701,0.0,0.286199,0.256217,0.0,0.0,0.0,0.366834,0.0,0.0,0.288418,0.40547,0.039574,0.0,0.010942,0.253719,0.393532,0.0,0.325106,0.0,0.01725,0.0,0.0,0.0,0.0,0.122978,0.324201,0.023533,0.043915,0.0,0.146566,0.0,0.027163,0.004487,0.019346,0.088538,0.436922,0.0,0.202542,0.0,0.037615,0.015412,0.022546,0.349049,0.0,0.00949,0.331516,0.0,0.035144,0.170934,0.056786,0.033583,0.0,0.330894,0.0,0.031835,0.344329,0.0,0.244011,0.028527,0.070249,0.041853,0.0,0.198376,0.501483,0.187523,0.393985,0.0,0.228428,0.0,0.139444,0.409921,0.0,0.025604,0.0,0.0,0.0,0.161006,0.0,0.054413,0.0,0.0,0.0,0.0,0.0,0.0,0.30684,0.674147,0.379615,0.149865,0.0,0.363115,0.0,0.300452,0.0,0.371715,0.0,0.0,0.0,0.0,0.039,0.104217,0.016168,0.027742,0.23244,0.091915,0.031255,0.0,0.326071,0.0,1.124979,0.156115,0.0,0.0,0.026771,0.930976,0.0,0.0,0.0,0.0,0.093716,0.0,0.0,0.004303,0.0,0.689803,0.0,0.0,0.0,0.355061,0.0,0.336194,0.366473,0.0,0.0,0.238729,0.0,0.0,0.0,0.274546,0.366193,0.265031,0.0,0.16513,0.411791,0.358269,0.408504,0.0,0.019792,0.0,0.013051,0.0,0.368618,0.01994,0.173177,0.0,0.245747,0.193468,0.106032,0.0,0.298655,0.0,1.217698,0.0,0.0,0.101739,0.0,0.123504,0.0,0.375459,0.0,0.08857,0.0,0.041176,0.39524,0.0,0.454927,0.276347,0.095141,0.303548,0.0,0.0,0.047932,0.073501,0.0,0.283784,0.0,0.0,0.032486,0.030633,0.23943,0.204889,0.0,0.0,0.0,0.0,0.270904,0.273697,0.271747,0.089805,0.0,0.0,0.0,0.327101,0.0,0.0,0.29402,0.036245,0.0,0.017273,0.0,0.098634,0.009849,0.091745,0.0,0.0,0.0,0.193405,0.0,0.025991,0.019423,0.0,0.087369,0.209048,0.0,0.0,0.0,0.18441,0.021769,0.203598,0.224333,0.192771,0.0,0.0,0.387973,0.199607,0.0,0.018093,0.027713,0.0,0.032235,0.009946,0.087824,0.436489,0.173122,0.0,0.0,0.0,0.216372,0.128529,0.0,0.0,0.0,0.0,0.0,0.318212,0.202296,0.05857,0.0,0.025148,0.0,0.0,0.316224,0.363096,0.0,0.054944,0.0,0.013871,0.0,0.119404,0.0,0.0,0.056432,0.0235,0.229604,0.0,0.139911,0.0,0.0,0.0,4e-06,0.337998,0.443935,0.018613,0.04071,0.0,0.158091,0.0,0.34342,0.0,0.014889,0.322832,0.3238,0.250366,0.0,0.0,0.0,0.0,0.0,0.370664,0.0,0.0,0.0,0.01785,0.0,0.016966,0.0,0.36197,0.0,0.315659,0.036718,0.144204,0.0,0.034013,0.323857,0.0,0.360281,0.84784,0.0,0.0,0.324907,0.022313,0.293307,0.030618,0.032587,0.019414,0.451039,0.293405,0.014047,0.0,0.0,0.0,0.411562,0.0,0.437036,0.287821,0.026797,0.0,0.0,0.03371,0.2451,0.240146,0.0,0.150432,0.423909,0.097285,0.0,0.216817,0.056857,0.351993,0.0,0.0,0.0,0.0,0.0,0.0,0.017831,0.0,0.200799,0.252866,0.0,0.0,0.0,0.0,0.207522,0.003469,0.0,0.0,0.226278,0.0,0.0,0.019021,0.312321,0.21439,0.036141,0.686202,0.264576,0.0,0.0,0.0,0.414181,0.0,0.015913,0.0,0.10114,0.0,0.114028,0.249835,0.406622,0.052048,0.319428,0.196118,0.398518,0.0,0.000834,0.200958,0.0,0.291145,0.0,0.0,0.0,0.0,0.0,0.29582,0.0,0.331943,0.0,0.0,0.288958,0.025215,0.26816,0.026293,0.0,0.036429,0.0,0.0,0.334522,0.015007,0.044234,0.0
TCGA-22-1012-01Z-00-DX1.053F81FA-F91A-42B0-8F12-CD2495FA9E99,0.414748,0.0,0.0,0.0,0.0,0.330667,0.077666,0.339701,0.036582,0.265333,0.2924,0.113139,0.0,0.0,0.0,0.353238,0.0,0.171717,0.0,0.206293,0.023165,0.113021,0.0,0.0,0.0,0.0,0.332841,0.0,0.212903,0.38027,0.0,0.0,0.303047,1.03309,0.0,0.024642,0.033646,0.0,0.0,0.213289,0.0,0.04015,0.0,0.313036,0.0,0.224052,0.0,0.0,0.0,0.031825,0.0,0.122748,0.0,0.581437,0.0,0.306557,0.266238,0.13268,0.16133,0.192497,0.0,0.041851,0.041116,0.228906,0.153424,0.127433,0.276344,0.0,0.213994,0.0,0.0,0.0,0.050523,0.11562,0.0,0.221976,0.0,0.23483,0.1237,0.0,0.0,0.571188,0.274502,0.0,0.0,0.081085,0.042125,0.0,0.360404,0.203289,0.123563,0.0,0.188001,0.0,0.401022,0.148028,0.0,0.0,0.0,0.295345,0.0,0.0,0.174731,0.36822,0.145163,0.0,0.024509,0.297321,0.30817,0.0,0.187087,0.0,0.038793,0.0,0.0,0.0,0.0,0.173612,0.278306,0.08598,0.155055,0.0,0.151667,0.0,0.095806,0.016617,0.041822,0.180106,0.373848,0.0,0.253026,0.0,0.075472,0.034688,0.056686,0.331499,0.0,0.061668,0.202947,0.0,0.114845,0.242334,0.121474,0.13224,0.0,0.258598,0.0,0.053294,0.336443,0.0,0.235302,0.041373,0.144276,0.091145,0.0,0.17716,0.400105,0.066517,0.318462,0.0,0.330444,0.0,0.13194,0.334287,0.0,0.045693,0.0,0.0,0.0,0.223139,0.0,0.126597,0.0,0.0,0.0,0.0,0.0,0.0,0.251837,0.760566,0.309264,0.11515,0.0,0.304345,0.0,0.283998,0.0,0.300027,0.0,0.0,0.0,0.0,0.071299,0.186673,0.038895,0.049106,0.163204,0.179824,0.131592,0.0,0.305261,0.0,1.196697,0.078113,0.0,0.0,0.123456,1.004407,0.0,0.0,0.0,0.0,0.102769,0.0,0.0,0.004284,0.0,0.779132,0.0,0.0,0.0,0.315781,0.0,0.267125,0.292009,0.0,0.0,0.254002,0.0,0.0,0.0,0.215592,0.290683,0.16937,0.0,0.054044,0.370647,0.276015,0.340331,0.0,0.027481,0.0,0.024718,0.0,0.309474,0.132406,0.229666,0.0,0.176296,0.174654,0.222414,0.0,0.25772,0.0,1.280022,0.0,0.0,0.176336,0.0,0.205149,0.0,0.325237,0.0,0.08994,0.0,0.097581,0.36262,0.0,0.399372,0.223268,0.222821,0.306835,0.0,1e-06,0.203373,0.112982,0.0,0.252075,0.0,0.0,0.055097,0.061608,0.199601,0.182371,0.0,0.0,0.0,0.0,0.191055,0.247619,0.210487,0.172972,0.0,0.0,0.0,0.264562,0.0,0.0,0.230797,0.051483,0.0,0.027947,0.0,0.160259,0.025776,0.162551,0.0,0.0,0.0,0.141972,0.0,0.099685,0.04767,0.0,0.187688,0.161702,0.0,0.0,0.0,0.188977,0.054488,0.190913,0.207587,0.234564,0.0,0.0,0.307473,0.08513,0.0,0.047628,0.043342,0.0,0.140994,0.02646,0.090448,0.412099,0.104587,0.0,0.0,0.0,0.281241,0.17316,0.0,0.0,0.0,0.0,0.0,0.252542,0.163613,0.144013,0.0,0.182927,0.0,0.0,0.293619,0.331683,0.0,0.126775,0.0,0.034045,0.0,0.173604,0.0,0.0,0.136399,0.045254,0.219965,0.0,0.2153,0.0,0.0,0.0,5.9e-05,0.282563,0.388868,0.067349,0.089545,0.0,0.04227,0.0,0.294379,0.0,0.033111,0.251283,0.298767,0.098631,0.0,0.0,0.0,0.0,0.0,0.32275,0.0,0.0,0.0,0.026601,0.0,0.036629,0.0,0.299335,0.0,0.290747,0.143851,0.100759,0.0,0.066918,0.271451,0.0,0.193232,0.920232,0.0,0.0,0.249103,0.05226,0.261517,0.139763,0.041526,0.065075,0.323214,0.242924,0.029728,0.0,0.0,0.0,0.32716,0.0,0.400532,0.26684,0.034075,0.0,0.0,0.096153,0.258807,0.33419,0.0,0.242221,0.346726,0.196021,0.0,0.184186,0.086408,0.454398,0.0,0.0,0.0,0.0,0.0,0.0,0.035009,0.0,0.09379,0.09734,0.0,0.0,0.0,0.0,0.293793,0.016658,0.0,0.0,0.08722,0.0,0.0,0.042443,0.413662,0.176544,0.232921,0.763968,0.245755,0.0,0.0,0.0,0.490199,0.0,0.024898,0.0,0.114192,0.0,0.17698,0.196769,0.347241,0.108641,0.277208,0.279426,0.322231,0.0,0.009389,0.177888,0.0,0.226158,0.0,0.0,0.0,0.0,0.0,0.217383,0.0,0.293604,4e-06,0.0,0.195094,0.043378,0.249303,0.077291,0.0,0.148359,0.0,0.0,0.299674,0.027268,0.081601,0.0
TCGA-33-AAS8-01Z-00-DX1.774A64E2-17E4-468C-BFE9-85F0D4F52D0E,0.301434,0.0,0.0,0.0,0.0,0.243093,0.21859,0.246824,0.19124,0.175518,0.197047,0.172097,0.0,0.0,0.0,0.255823,0.0,0.137037,0.0,0.154775,0.130944,0.1431,0.0,0.0,0.0,0.0,0.230966,0.0,0.172635,0.276343,0.0,0.0,0.215223,1.058809,0.0,0.154709,0.172101,0.0,0.0,0.244639,0.0,0.184278,0.0,0.214804,0.0,0.209571,0.0,0.0,0.0,0.171113,0.0,0.076863,0.0,0.576177,0.0,0.323625,0.168694,0.277149,0.110209,0.113249,0.0,0.199893,0.177249,0.201914,0.132953,0.180037,0.169231,0.0,0.211193,0.0,0.0,0.0,0.128535,0.072687,0.0,0.196779,0.0,0.157847,0.150468,0.0,0.0,0.583564,0.196348,0.0,0.0,0.059041,0.185211,0.0,0.262385,0.13524,0.067531,0.0,0.251046,0.0,0.417565,0.120004,0.0,0.0,0.0,0.20624,0.0,0.0,0.165783,0.26339,0.075694,0.0,0.171896,0.253321,0.225901,0.0,0.175384,0.0,0.16197,0.0,0.0,0.0,0.0,0.188442,0.183029,0.119059,0.174923,0.0,0.114407,0.0,0.150529,0.132715,0.179507,0.155168,0.273244,0.0,0.147619,0.0,0.22383,0.175279,0.074632,0.220993,0.0,0.05818,0.183192,0.0,0.189277,0.171402,0.223524,0.156127,0.0,0.189131,0.0,0.103721,0.227447,0.0,0.150814,0.18047,0.156836,0.219998,0.0,0.119115,0.304201,0.077238,0.242086,0.0,0.350284,0.0,0.219258,0.246568,0.0,0.184245,0.0,0.0,0.0,0.225745,0.0,0.240178,0.0,0.0,0.0,0.0,0.0,0.0,0.175791,0.777354,0.228012,0.176727,0.0,0.220345,0.0,0.190216,1e-06,0.212896,0.0,0.0,0.0,0.0,0.231102,0.177397,0.169299,0.192513,0.124876,0.120476,0.149589,0.0,0.196258,0.0,1.184251,0.066693,0.0,0.0,0.194085,1.012498,0.0,0.0,0.0,0.0,0.177879,0.0,0.0,0.003287,0.0,0.799605,0.0,0.0,0.0,0.211123,0.0,0.198928,0.218969,0.0,0.0,0.278852,0.0,0.0,0.0,0.146872,0.269436,0.146129,0.0,0.050592,0.250972,0.19604,0.251121,0.0,0.169119,0.0,0.151252,0.0,0.226125,0.157147,0.192798,0.0,0.127122,0.109706,0.250216,0.0,0.181353,0.0,1.298476,0.0,0.0,0.092807,0.0,0.094035,0.0,0.24624,0.0,0.215946,0.0,0.113559,0.245119,0.0,0.283883,0.15521,0.190094,0.195275,0.0,0.0,0.211153,0.059594,0.0,0.168015,0.0,0.0,0.20868,0.223756,0.125939,0.11359,0.0,0.0,0.0,0.0,0.13396,0.160293,0.14462,0.095009,0.0,0.0,0.0,0.206472,0.0,0.0,0.170372,0.198173,0.0,0.157508,0.0,0.113399,0.158087,0.143928,0.0,0.0,0.0,0.103559,0.0,0.079826,0.185357,0.0,0.251762,0.271888,0.0,0.0,0.0,0.115165,0.189791,0.124965,0.127859,0.222432,0.0,0.0,0.232056,0.075412,0.0,0.186307,0.181318,0.0,0.177322,0.134324,0.146981,0.276935,0.067985,0.0,0.0,0.0,0.277285,0.10039,0.0,0.0,0.0,0.0,0.0,0.178439,0.106185,0.216006,0.0,0.143044,0.0,0.0,0.195738,0.231652,0.0,0.181332,0.0,0.164253,0.0,0.185,0.0,0.0,0.165053,0.15382,0.149957,0.0,0.190871,0.0,0.0,0.0,0.0,0.191849,0.285278,0.06996,0.195492,0.0,0.053244,0.0,0.199278,0.0,0.190175,0.188749,0.196151,0.117693,0.0,0.0,0.0,0.0,0.0,0.226802,0.0,0.0,0.0,0.15837,0.0,0.173403,0.0,0.231774,0.0,0.194045,0.175977,0.112752,0.0,0.217833,0.176259,0.0,0.232246,0.912792,0.0,0.0,0.176738,0.187318,0.174629,0.193399,0.178937,0.115868,0.301099,0.161758,0.151429,0.0,0.0,0.0,0.322187,0.0,0.282312,0.182819,0.175606,0.0,0.0,0.130091,0.248119,0.38041,0.0,0.269962,0.274316,0.122334,0.0,0.117834,0.240978,0.466767,0.0,0.0,0.0,0.0,0.0,0.0,0.145057,0.0,0.129791,0.109897,0.0,0.0,0.0,0.0,0.243896,0.117037,0.0,0.0,0.131058,0.0,0.0,0.197696,0.445907,0.114549,0.170039,0.784916,0.151718,0.0,0.0,0.0,0.509505,0.0,0.154059,0.0,0.097654,0.0,0.248431,0.13061,0.248113,0.25645,0.193555,0.24625,0.318935,0.0,0.003823,0.290142,0.0,0.170342,0.0,0.0,0.0,0.0,0.0,0.263578,0.0,0.215057,0.0,0.0,0.221466,0.187938,0.191355,0.152336,0.0,0.068858,0.0,0.0,0.207605,0.145466,0.224388,0.0
TCGA-96-8169-01Z-00-DX1.d2e29d5e-abd4-4f36-958c-d9d22b836a34,0.464539,0.0,0.0,0.0,0.0,0.375709,0.057343,0.381783,0.031224,0.299229,0.31272,0.230829,0.0,0.0,0.0,0.425293,0.0,0.143846,0.0,0.273509,0.019331,0.054428,0.0,0.0,0.0,0.0,0.361785,0.0,0.165368,0.42802,0.0,0.0,0.320814,1.001424,0.0,0.023619,0.025248,0.0,0.0,0.314121,0.0,0.031848,0.0,0.354906,0.0,0.181089,0.0,0.0,0.0,0.023501,0.0,0.048179,0.0,0.530528,0.0,0.258123,0.264552,0.105848,0.200068,0.200725,0.0,0.025775,0.031961,0.301962,0.227195,0.068373,0.262898,0.0,0.166455,0.0,0.0,0.0,0.031955,0.140944,0.0,0.176596,0.0,0.281404,0.221697,0.0,0.0,0.521754,0.317041,0.0,0.0,0.120419,0.03014,0.0,0.38685,0.207568,0.104485,0.0,0.252549,0.0,0.333134,0.217001,0.0,0.0,0.0,0.33657,0.0,0.0,0.260527,0.406179,0.066322,0.0,0.022274,0.27253,0.366051,0.0,0.282453,0.0,0.028283,0.0,0.0,0.0,0.0,0.133841,0.327649,0.036612,0.074742,0.0,0.119076,0.0,0.053696,0.014196,0.028388,0.116346,0.437756,0.0,0.240299,0.0,0.052213,0.022772,0.029793,0.342023,0.0,0.029707,0.2842,0.0,0.063685,0.194042,0.091363,0.068241,0.0,0.309126,0.0,0.034814,0.359178,0.0,0.244529,0.033528,0.095522,0.05481,0.0,0.205142,0.463628,0.153254,0.37637,0.0,0.290979,0.0,0.122011,0.383811,0.0,0.037373,0.0,0.0,0.0,0.165717,0.0,0.069838,0.0,0.0,0.0,0.0,0.0,0.0,0.295863,0.742207,0.341166,0.134818,0.0,0.361734,0.0,0.304783,0.0,0.338886,0.0,0.0,0.0,0.0,0.052928,0.148435,0.02631,0.035611,0.204603,0.129877,0.069325,0.0,0.308905,0.0,1.188674,0.111874,0.0,0.0,0.069907,0.977137,0.0,0.0,0.0,0.0,0.090898,0.0,0.0,0.001531,0.0,0.731284,0.0,0.0,0.0,0.334831,0.0,0.315689,0.340232,0.0,0.0,0.240827,0.0,0.0,0.0,0.24217,0.343345,0.239188,0.0,0.119306,0.390499,0.325572,0.38299,0.0,0.024296,0.0,0.023179,0.0,0.370208,0.05908,0.184609,0.0,0.219307,0.185625,0.146349,0.0,0.286173,0.0,1.266993,0.0,0.0,0.132137,0.0,0.166352,0.0,0.363078,0.0,0.074758,0.0,0.042253,0.393107,0.0,0.451691,0.257882,0.14867,0.31829,0.0,0.0,0.113098,0.094642,0.0,0.281785,0.0,0.0,0.03815,0.051187,0.217274,0.202172,0.0,0.0,0.0,0.0,0.241476,0.260523,0.25319,0.114255,0.0,0.0,0.0,0.299162,0.0,0.0,0.260227,0.046883,0.0,0.024478,0.0,0.114757,0.020687,0.125017,0.0,0.0,0.0,0.16927,0.0,0.035695,0.033784,0.0,0.132899,0.188385,0.0,0.0,0.0,0.184745,0.031983,0.191218,0.22163,0.205626,0.0,0.0,0.363775,0.152892,0.0,0.039397,0.032837,0.0,0.077826,0.016809,0.071821,0.439434,0.147322,0.0,0.0,0.0,0.236205,0.144178,0.0,0.0,0.0,0.0,0.0,0.294007,0.184224,0.10192,0.0,0.044766,0.0,0.0,0.31203,0.361699,0.0,0.069542,0.0,0.023892,0.0,0.127969,0.0,0.0,0.089758,0.038625,0.241415,0.0,0.160497,0.0,0.0,0.0,0.0,0.326967,0.429776,0.034266,0.049629,0.0,0.094846,0.0,0.345377,0.0,0.028954,0.288826,0.321791,0.210518,0.0,0.0,0.0,0.0,0.0,0.349754,0.0,0.0,0.0,0.02626,0.0,0.022789,0.0,0.317995,0.0,0.323965,0.068632,0.105038,0.0,0.051837,0.304709,0.0,0.310535,0.889643,0.0,0.0,0.300829,0.032301,0.283728,0.065827,0.033162,0.036294,0.390408,0.256336,0.024782,0.0,0.0,0.0,0.384025,0.0,0.447853,0.281958,0.033393,0.0,0.0,0.050143,0.27936,0.278544,0.0,0.18889,0.405698,0.125149,0.0,0.205379,0.068793,0.419223,0.0,0.0,0.0,0.0,0.0,0.0,0.024835,0.0,0.167077,0.206471,0.0,0.0,0.0,0.0,0.238889,0.013537,0.0,0.0,0.179261,0.0,0.0,0.029685,0.371043,0.212245,0.099395,0.742846,0.275795,0.0,0.0,0.0,0.474275,0.0,0.021263,0.0,0.084909,0.0,0.150526,0.238248,0.388966,0.071815,0.327256,0.23293,0.387613,0.0,0.002171,0.19165,0.0,0.278524,0.0,0.0,0.0,0.0,0.0,0.291016,0.0,0.331826,0.0,0.0,0.279894,0.034243,0.243172,0.038366,0.0,0.060654,1e-06,0.0,0.343583,0.021957,0.055164,0.0
TCGA-21-5782-01Z-00-DX1.E0C856C0-9055-4437-9393-695D699E4F57,0.402755,0.0,0.0,0.0,0.0,0.314118,0.132283,0.33229,0.049559,0.237339,0.272891,0.204677,0.0,0.0,0.0,0.317822,0.0,0.119154,0.0,0.206794,0.035472,0.0741,0.0,0.0,0.0,0.0,0.301064,0.0,0.166304,0.342204,0.0,0.0,0.278038,1.018994,0.0,0.063071,0.041418,0.0,0.0,0.309665,0.0,0.058486,0.0,0.290294,0.0,0.183725,0.0,0.0,0.0,0.054643,0.0,0.098201,0.0,0.548394,0.0,0.258048,0.236325,0.144862,0.146453,0.172585,0.0,0.056708,0.069443,0.20847,0.140429,0.107825,0.199782,0.0,0.165376,0.0,0.0,0.0,0.033527,0.114734,0.0,0.20321,0.0,0.210289,0.175539,0.0,0.0,0.527579,0.239283,0.0,0.0,0.083936,0.050223,0.0,0.310326,0.169283,0.105089,0.0,0.27719,0.0,0.366215,0.158773,0.0,0.0,0.0,0.306412,0.0,0.0,0.252062,0.326977,0.092105,0.0,0.071261,0.221618,0.264838,0.0,0.230375,0.0,0.043128,0.0,0.0,0.0,0.0,0.122325,0.262233,0.035329,0.120663,0.0,0.11722,0.0,0.087764,0.042703,0.056292,0.127814,0.346502,0.0,0.208497,0.0,0.06767,0.050648,0.030546,0.286264,0.0,0.039271,0.1833,0.0,0.096597,0.165579,0.129601,0.083305,0.0,0.246747,0.0,0.04007,0.288519,0.0,0.214106,0.05901,0.102997,0.103586,0.0,0.166881,0.366046,0.107751,0.298362,0.0,0.268833,0.0,0.187955,0.321828,0.0,0.080554,0.0,0.0,0.0,0.188803,0.0,0.128055,0.0,0.0,0.0,0.0,0.0,0.0,0.222799,0.725483,0.276951,0.161862,0.0,0.286403,0.0,0.284881,0.0,0.275627,0.0,0.0,0.0,0.0,0.091696,0.233668,0.05521,0.057129,0.136077,0.143301,0.092106,0.0,0.29716,0.0,1.179325,0.058999,0.0,0.0,0.101566,0.990584,0.0,0.0,0.0,0.0,0.119176,0.0,0.0,0.005738,0.0,0.74128,0.0,0.0,0.0,0.287923,0.0,0.273463,0.276086,0.0,0.0,0.24511,0.0,0.0,0.0,0.193972,0.352071,0.185887,0.0,0.05914,0.33001,0.271572,0.309025,0.0,0.075043,0.0,0.039095,0.0,0.319306,0.083678,0.185334,0.0,0.180461,0.156557,0.172901,0.0,0.230261,0.0,1.267709,0.0,0.0,0.143993,0.0,0.179747,0.0,0.302115,0.0,0.168162,0.0,0.053224,0.330261,0.0,0.341518,0.19445,0.23005,0.264494,0.0,0.0,0.137402,0.087345,0.0,0.238918,0.0,0.0,0.077322,0.059077,0.170251,0.181275,0.0,0.0,0.0,0.0,0.206843,0.200487,0.208406,0.108688,0.0,0.0,0.0,0.280981,0.0,0.0,0.214497,0.089153,0.0,0.05867,0.0,0.125847,0.081743,0.115273,0.0,0.0,0.0,0.134623,0.0,0.088406,0.051774,0.0,0.189062,0.259303,0.0,0.0,0.0,0.176926,0.049934,0.181675,0.199555,0.215658,0.0,0.0,0.325499,0.104653,0.0,0.04965,0.083162,0.0,0.114896,0.071078,0.116975,0.368897,0.108062,0.0,0.0,0.0,0.232389,0.136739,0.0,0.0,0.0,0.0,0.0,0.235145,0.177748,0.121876,0.0,0.089043,0.0,0.0,0.264224,0.316529,0.0,0.117072,0.0,0.054223,0.0,0.116535,0.0,0.0,0.07156,0.060168,0.211162,0.0,0.170202,0.0,0.0,0.0,1e-06,0.272949,0.357261,0.028106,0.073384,0.0,0.038893,0.0,0.257036,0.0,0.049826,0.245437,0.25611,0.178025,0.0,0.0,0.0,0.0,0.0,0.288226,0.0,0.0,0.0,0.037734,0.0,0.042955,0.0,0.26737,0.0,0.270591,0.089375,0.079648,0.0,0.094222,0.247157,0.0,0.27013,0.912175,0.0,0.0,0.218308,0.073005,0.217591,0.104793,0.095758,0.030951,0.288483,0.213315,0.0419,0.0,0.0,0.0,0.380767,0.0,0.363274,0.230351,0.065569,0.0,0.0,0.106686,0.353482,0.287992,0.0,0.22078,0.354196,0.153581,0.0,0.175981,0.096056,0.43083,0.0,0.0,0.0,0.0,0.0,0.0,0.070457,0.0,0.159769,0.185109,0.0,0.0,0.0,0.0,0.231532,0.027842,0.0,0.0,0.09601,0.0,0.0,0.040293,0.406497,0.176218,0.148954,0.740812,0.236003,0.0,0.0,0.0,0.45925,0.0,0.04931,0.0,0.069887,0.0,0.156005,0.189369,0.317122,0.135264,0.254976,0.248095,0.370585,0.0,0.00012,0.255492,0.0,0.226346,0.0,0.0,0.0,0.0,0.0,0.333204,0.0,0.267742,7.4e-05,0.0,0.286323,0.045884,0.223683,0.049116,0.0,0.117788,0.0,0.0,0.259504,0.044356,0.095209,0.0
