case_id,0,1,2,3,4,5,6,7,8,9,10,11,12,13,14,15,16,17,18,19,20,21,22,23,24,25,26,27,28,29,30,31,32,33,34,35,36,37,38,39,40,41,42,43,44,45,46,47,48,49,50,51,52,53,54,55,56,57,58,59,60,61,62,63,64,65,66,67,68,69,70,71,72,73,74,75,76,77,78,79,80,81,82,83,84,85,86,87,88,89,90,91,92,93,94,95,96,97,98,99,100,101,102,103,104,105,106,107,108,109,110,111,112,113,114,115,116,117,118,119,120,121,122,123,124,125,126,127,128,129,130,131,132,133,134,135,136,137,138,139,140,141,142,143,144,145,146,147,148,149,150,151,152,153,154,155,156,157,158,159,160,161,162,163,164,165,166,167,168,169,170,171,172,173,174,175,176,177,178,179,180,181,182,183,184,185,186,187,188,189,190,191,192,193,194,195,196,197,198,199,200,201,202,203,204,205,206,207,208,209,210,211,212,213,214,215,216,217,218,219,220,221,222,223,224,225,226,227,228,229,230,231,232,233,234,235,236,237,238,239,240,241,242,243,244,245,246,247,248,249,250,251,252,253,254,255,256,257,258,259,260,261,262,263,264,265,266,267,268,269,270,271,272,273,274,275,276,277,278,279,280,281,282,283,284,285,286,287,288,289,290,291,292,293,294,295,296,297,298,299,300,301,302,303,304,305,306,307,308,309,310,311,312,313,314,315,316,317,318,319,320,321,322,323,324,325,326,327,328,329,330,331,332,333,334,335,336,337,338,339,340,341,342,343,344,345,346,347,348,349,350,351,352,353,354,355,356,357,358,359,360,361,362,363,364,365,366,367,368,369,370,371,372,373,374,375,376,377,378,379,380,381,382,383,384,385,386,387,388,389,390,391,392,393,394,395,396,397,398,399,400,401,402,403,404,405,406,407,408,409,410,411,412,413,414,415,416,417,418,419,420,421,422,423,424,425,426,427,428,429,430,431,432,433,434,435,436,437,438,439,440,441,442,443,444,445,446,447,448,449,450,451,452,453,454,455,456,457,458,459,460,461,462,463,464,465,466,467,468,469,470,471,472,473,474,475,476,477,478,479,480,481,482,483,484,485,486,487,488,489,490,491,492,493,494,495,496,497,498,499,500,501,502,503,504,505,506,507,508,509,510,511
TCGA-05-4398,0.0,0.0,0.0,0.0,0.0,0.050507,0.416501,0.06288,0.31878,0.0,0.047167,0.0,0.0,0.0,0.0,0.067043,0.0,0.094425,0.0,0.0,0.305157,0.0,0.0,0.0,0.0,0.0,0.0,0.0,0.239024,0.043079,0.0,0.0,0.045446,0.900796,0.0,0.347312,0.288095,0.0,0.0,0.0,0.0,0.403907,0.0,0.071237,0.0,0.293368,0.160334,0.0,0.0,0.427848,0.0,0.136126,0.0,1.098158,0.0,0.433518,0.047399,0.447822,0.02236,0.068983,0.000225,0.0,0.413303,0.000412,0.000192,0.394294,0.0,9.3e-05,0.427867,0.0,0.25199,0.0,0.295016,0.056418,0.0,0.0,0.0,0.0,0.165071,0.0,0.0,0.790956,0.024307,0.0,0.0,0.000824,0.276347,0.368758,0.011204,0.005485,0.025237,0.053476,0.249874,0.0,0.589152,0.0,0.0,0.0,0.0,0.048513,0.0,0.0,0.148303,0.08395,0.073989,0.0,0.334361,0.310506,0.039931,0.390071,7.2e-05,0.0,0.261466,0.0,0.0,0.533041,0.0,0.41441,0.0,0.0,0.468264,0.092218,0.0,0.0,0.0,0.0,0.401596,0.354284,0.080427,0.0,0.0,0.059326,0.0,0.348451,0.270581,0.047463,0.429926,0.069163,0.000352,0.0,0.330721,9.2e-05,0.372212,0.313446,0.0,0.0,0.0,0.305235,0.0,0.0,0.056273,0.279471,0.359092,0.378991,0.0,0.030664,0.000142,2.3e-05,0.047533,0.0,0.47082,0.0,0.0,0.063889,0.254881,0.312184,0.0,0.0,0.0,0.272804,0.0,0.400231,0.0,0.0,0.0,0.0,0.0,0.0,0.044851,0.757912,0.0,0.0,0.0,0.0,0.0,0.033808,0.304342,0.033437,0.0,0.0,0.0,0.0,0.430721,0.0,0.330645,0.330807,0.002596,0.142574,0.293644,0.0,0.050813,0.0,2.3046,4.2e-05,0.0,0.0,0.358462,1.303717,0.0,0.0,0.0,0.0,0.0,0.0,0.0,0.096198,0.0,0.877188,0.0,0.0,0.0,0.073287,0.0,0.070063,0.034794,0.0,0.0,0.0,0.0,0.0,0.490329,0.0,0.0,0.029028,0.0,0.000621,0.051573,0.037567,0.046984,0.0,0.240363,0.0,0.0,0.0,0.0,0.399114,0.11546,0.0,0.03086,0.00209,0.352617,0.0,0.054516,0.001959,1.443697,0.260481,0.0,0.058652,0.0,0.155507,0.0,0.010961,0.0,0.0,0.0,0.0,0.0,0.0,0.037856,0.020045,0.0,0.073505,0.0,0.0,0.414528,0.026985,0.0,0.068098,0.0,0.0,0.414312,0.320012,0.019666,0.092642,0.290361,0.0,0.0,0.0,0.033431,0.049696,0.037559,0.081282,0.0,0.0,0.0,0.07912,0.0,0.0,0.031279,0.430864,0.0,0.276187,0.413329,0.120259,0.197238,0.230541,0.0,0.0,0.0,4.7e-05,0.0,0.274337,0.0,0.0,0.45973,0.0,0.437012,0.0,0.0,0.064122,0.306629,0.033799,0.071922,0.288047,0.0,0.0,0.062774,0.000151,0.0,0.395012,0.381779,0.074567,0.485905,0.0,0.0,0.070042,0.025503,0.0,0.0,0.0,0.355803,0.049448,0.0,0.0,0.0,0.0,0.0,0.006279,0.058531,0.349796,0.0,0.0,0.0,0.249534,0.039343,0.050456,0.0,0.380231,0.0,0.285486,0.0,1.4e-05,0.0,0.0,0.383324,0.0,0.086798,0.0,0.357453,1e-06,0.032455,0.190069,0.0,0.051707,0.06726,0.262897,0.0,0.0,3.2e-05,0.439091,0.077834,0.0,0.4197,0.021049,0.065078,0.000111,0.0,0.0,0.0,0.0,0.0,0.066614,0.0,0.0,0.0,0.41356,0.331497,0.0,0.0,0.000156,0.0,0.073435,0.0,0.377704,0.0,0.410049,0.055095,0.0,0.0,1.55783,0.0,0.0,0.035651,0.431796,0.045355,0.574924,0.0,0.29932,0.062169,0.016703,0.286807,0.0,0.115797,0.0,0.0,0.0,0.129985,0.023792,0.323186,0.0,0.0,0.0,0.120911,0.814124,0.0,0.471911,0.0,0.08001,0.0,0.053654,0.0,0.560222,0.0,0.0,0.0,0.0,0.0,0.0,0.373781,0.0,0.065965,0.117014,0.000548,0.0,0.0,0.0,0.102955,0.0,0.0,0.0,0.131702,0.0,0.0,0.324725,0.846648,0.051037,0.260293,0.892381,0.052934,0.0,0.0,0.0,0.0,0.0,0.0,0.0,0.034537,0.0,0.415202,0.029922,0.057228,0.41009,0.047414,0.776398,0.157862,0.0,0.0,1e-06,0.0,0.066515,0.0,0.0,0.000126,0.318534,0.0,0.0,0.28673,0.061367,0.0,0.0,0.155023,0.309429,0.000379,0.352426,0.0,0.092245,0.0,0.0,0.062722,0.309886,0.0,0.0
TCGA-05-4402,0.0,0.0,0.0,0.0,0.0,0.069038,0.378105,0.081654,0.276666,0.0,0.06138,0.0,0.0,0.0,0.0,0.080473,0.0,0.096917,0.0,0.0,0.265081,0.0,0.0,0.0,0.0,0.0,0.0,0.0,0.198012,0.053534,0.0,0.0,0.059732,0.821162,0.0,0.305954,0.251996,0.0,0.0,0.0,0.0,0.362453,0.0,0.083348,0.0,0.238316,0.161096,0.0,0.0,0.391374,0.0,0.135569,0.0,1.015473,0.0,0.367745,0.064189,0.389468,0.027238,0.084762,0.000877,0.0,0.375708,0.0013,0.001044,0.345504,0.0,0.000484,0.363117,0.0,0.208501,0.0,0.241676,0.076632,0.0,0.0,0.0,0.0,0.134456,0.0,0.0,0.710576,0.029719,0.0,0.0,0.002269,0.235402,0.315477,0.017278,0.004524,0.038933,0.071278,0.241136,0.0,0.518715,0.0,0.0,0.0,0.0,0.06874,0.0,0.0,0.158185,0.09984,0.0972,0.0,0.301074,0.269911,0.055119,0.336851,0.00042,0.0,0.216669,0.0,0.0,0.471586,0.0,0.357762,0.0,0.0,0.413191,0.103596,0.0,0.0,0.0,0.0,0.355423,0.316947,0.098843,0.0,0.0,0.084358,0.0,0.303302,0.233792,0.063592,0.377808,0.06366,0.000701,0.0,0.278427,0.000563,0.330636,0.269239,0.0,0.0,0.0,0.251985,0.0,0.0,0.071086,0.240709,0.304325,0.338384,0.0,0.035851,0.00078,0.000182,0.058231,0.0,0.407032,0.0,0.0,0.082699,0.220905,0.267108,0.0,0.0,0.0,0.214641,0.0,0.365474,0.0,0.0,0.0,0.0,0.0,0.0,0.051204,0.679799,0.0,0.0,0.0,0.0,0.0,0.041774,0.251252,0.042881,0.0,0.0,0.0,0.0,0.385553,0.0,0.287735,0.285644,0.00369,0.125241,0.236679,0.0,0.069639,0.0,2.147189,0.000299,0.0,0.0,0.311799,1.200157,0.0,0.0,0.0,0.0,0.0,0.0,0.0,0.11727,0.0,0.793652,0.0,0.0,0.0,0.094713,0.0,0.084728,0.048743,0.0,0.0,0.0,0.0,0.0,0.436852,0.0,0.0,0.042437,0.0,0.002036,0.072968,0.053915,0.065581,0.0,0.20201,0.0,0.0,0.0,0.0,0.34249,0.11524,0.0,0.044622,0.002298,0.29548,0.0,0.069686,0.004994,1.323425,0.235262,0.0,0.072757,0.0,0.171875,0.0,0.011497,0.0,0.0,0.0,0.0,0.0,0.0,0.045829,0.0255,0.0,0.093462,0.0,0.0,0.359767,0.026318,0.0,0.082831,0.0,0.0,0.374169,0.272998,0.031401,0.109299,0.238909,0.0,0.0,0.0,0.046659,0.068631,0.056865,0.095025,0.0,0.0,0.0,0.103359,0.0,0.0,0.048446,0.38267,0.0,0.242754,0.367483,0.118163,0.191111,0.201103,0.0,0.0,0.0,0.000182,0.0,0.251479,0.0,0.0,0.404079,0.0,0.394648,0.0,2e-06,0.075578,0.262663,0.050007,0.092048,0.221393,0.0,0.0,0.083592,0.000452,0.0,0.347965,0.345324,0.050886,0.431274,0.0,0.0,0.087984,0.037427,0.0,0.0,0.0,0.294481,0.063492,0.0,0.0,0.0,0.0,0.0,0.008887,0.073347,0.297539,0.0,0.0,0.0,0.219854,0.051568,0.066936,0.0,0.332257,0.0,0.248347,0.0,5e-06,0.0,0.0,0.329483,0.0,0.107169,0.0,0.315603,5e-06,0.046447,0.180213,0.0,0.070018,0.083606,0.207194,0.0,0.0,0.000196,0.38984,0.092937,0.0,0.375274,0.030688,0.087027,3.9e-05,0.0,0.0,0.0,0.0,0.0,0.088913,0.0,0.0,0.0,0.36897,0.285433,0.0,0.0,0.000875,0.0,0.086528,0.0,0.307992,0.0,0.363759,0.075083,0.0,0.0,1.453027,0.0,0.0,0.048363,0.384425,0.06416,0.514218,0.0,0.249794,0.074509,0.028337,0.245952,0.0,0.120765,0.0,0.0,0.0,0.147214,0.034508,0.278359,0.0,0.0,0.0,0.142909,0.738931,0.0,0.408128,0.0,0.090593,0.0,0.068414,0.0,0.484199,0.0,0.0,0.0,0.0,0.0,0.0,0.331622,0.0,0.091399,0.131427,0.002312,0.0,0.0,0.0,0.073663,0.0,0.0,0.0,0.115948,0.0,0.0,0.284633,0.763858,0.06192,0.247802,0.807422,0.060186,0.0,0.0,0.0,0.0,0.0,0.0,0.0,0.035118,0.0,0.365347,0.043597,0.073152,0.374292,0.060004,0.708558,0.162896,0.0,0.0,0.0,0.0,0.079144,0.0,0.0,0.000395,0.270635,0.0,0.0,0.227151,0.08166,0.0,0.0,0.156382,0.271403,0.000786,0.304628,0.0,0.107714,0.0,0.0,0.07334,0.267002,0.0,0.0
TCGA-05-4417,0.0,0.0,0.0,0.0,0.0,0.058464,0.402794,0.074577,0.295886,0.0,0.05406,0.0,0.0,0.0,0.0,0.071781,0.0,0.085895,0.0,0.0,0.285014,0.0,0.0,0.0,0.0,0.0,0.0,0.0,0.219066,0.046892,0.0,0.0,0.054228,0.860331,0.0,0.32746,0.268877,0.0,0.0,0.0,0.0,0.380166,0.0,0.079591,0.0,0.266943,0.166731,0.0,0.0,0.416753,0.0,0.140584,0.0,1.076819,0.0,0.400967,0.052551,0.42928,0.023992,0.080556,0.000631,0.0,0.397165,0.001,0.000489,0.378888,0.0,0.000481,0.391624,0.0,0.232869,0.0,0.269491,0.064266,0.0,0.0,0.0,0.0,0.157038,0.0,0.0,0.758739,0.02587,0.0,0.0,0.001403,0.254808,0.339153,0.014106,0.010201,0.02586,0.05293,0.253322,0.0,0.551428,0.0,0.0,0.0,0.0,0.054585,0.0,0.0,0.162554,0.09432,0.079666,0.0,0.3212,0.27815,0.040627,0.377818,0.000194,0.0,0.24589,0.0,0.0,0.512986,0.0,0.380269,0.0,0.0,0.437903,0.104309,0.0,0.0,0.0,0.0,0.392696,0.323046,0.090034,0.0,0.0,0.064097,0.0,0.322153,0.244422,0.053439,0.40664,0.064592,0.000431,0.0,0.300525,9.1e-05,0.360299,0.289237,0.0,0.0,0.0,0.276801,0.0,0.0,0.061263,0.25738,0.32963,0.370805,0.0,0.038052,0.000366,0.000106,0.049674,0.0,0.440679,0.0,0.0,0.069327,0.242823,0.285671,0.0,0.0,0.0,0.249021,0.0,0.387902,0.0,0.0,0.0,0.0,0.0,0.0,0.044169,0.719537,0.0,0.0,0.0,0.0,0.0,0.042545,0.276367,0.039186,0.0,0.0,0.0,0.0,0.411075,0.0,0.311685,0.306732,0.004584,0.138781,0.270258,0.0,0.065287,0.0,2.238316,0.000128,0.0,0.0,0.342958,1.25656,0.0,0.0,0.0,0.0,0.0,0.0,0.0,0.097118,0.0,0.832265,0.0,0.0,0.0,0.083291,0.0,0.082329,0.042698,0.0,0.0,0.0,0.0,0.0,0.479853,0.0,0.0,0.028377,0.0,0.000983,0.056852,0.039773,0.047992,0.0,0.218131,0.0,0.0,0.0,0.0,0.37594,0.095345,0.0,0.036579,0.003938,0.316396,0.0,0.061288,0.000956,1.382377,0.26469,0.0,0.072493,0.0,0.187111,0.0,0.015618,0.0,0.0,0.0,0.0,0.0,0.0,0.039241,0.023092,0.0,0.08683,0.0,0.0,0.386738,0.028851,0.0,0.077283,0.0,0.0,0.395135,0.291138,0.023969,0.107166,0.265616,0.0,1.5e-05,0.0,0.040289,0.052065,0.044416,0.095327,0.0,0.0,0.0,0.091987,0.0,0.0,0.032564,0.4154,0.0,0.255824,0.391236,0.123097,0.173277,0.227236,0.0,0.0,0.0,0.00021,0.0,0.270159,0.0,0.0,0.436424,0.0,0.417677,0.0,0.0,0.075089,0.288797,0.042948,0.084236,0.254817,0.0,0.0,0.070705,0.000238,0.0,0.380391,0.362458,0.060548,0.457851,0.0,0.0,0.075879,0.031706,0.0,0.0,0.0,0.311241,0.058827,0.0,0.0,0.0,0.0,0.0,0.008741,0.066828,0.320061,0.0,0.0,0.0,0.23025,0.043331,0.060868,0.0,0.358104,0.0,0.265976,0.0,7e-06,0.0,0.0,0.346676,0.0,0.086004,0.0,0.339645,3.8e-05,0.034353,0.170245,0.0,0.05919,0.076246,0.234417,0.0,0.0,4.2e-05,0.4256,0.087444,0.0,0.403455,0.023187,0.071476,4.8e-05,0.0,0.0,0.0,0.0,0.0,0.073919,0.0,0.0,0.0,0.392185,0.304158,0.0,0.0,0.000744,0.0,0.082222,0.0,0.3422,0.0,0.387739,0.06146,0.0,0.0,1.518638,0.0,0.0,0.037586,0.413655,0.048411,0.553226,0.0,0.270632,0.050066,0.022399,0.267887,0.0,0.104112,0.0,0.0,0.0,0.159133,0.026042,0.293815,0.0,0.0,0.0,0.13948,0.771908,0.0,0.432874,0.0,0.082659,0.0,0.055378,0.0,0.520605,0.0,0.0,0.0,0.0,0.0,0.0,0.363777,0.0,0.073141,0.131077,0.000796,0.0,0.0,0.0,0.080571,0.0,0.0,0.0,0.108086,0.0,0.0,0.305126,0.819223,0.056483,0.294922,0.855841,0.061224,0.0,0.0,0.0,0.0,0.0,0.0,0.0,0.018278,0.0,0.396316,0.033353,0.065232,0.398566,0.050668,0.757406,0.178926,0.0,0.0,1e-06,0.0,0.075436,0.0,0.0,0.000213,0.290258,0.0,0.0,0.256934,0.065182,0.0,0.0,0.169401,0.283954,0.000723,0.324883,0.0,0.108795,0.0,0.0,0.06763,0.289721,0.0,0.0
TCGA-05-4420,0.0,0.0,0.0,0.0,0.0,0.026976,0.445152,0.034639,0.349846,0.0,0.027378,0.0,0.0,0.0,0.0,0.036158,0.0,0.128547,0.0,0.0,0.337036,0.0,0.0,0.0,0.0,0.0,0.0,0.0,0.274268,0.022116,0.0,0.0,0.024567,0.955294,0.0,0.378852,0.323991,0.0,0.0,0.0,0.0,0.439487,0.0,0.043177,0.0,0.330618,0.173593,0.0,0.0,0.457342,0.0,0.161613,0.0,1.12478,0.0,0.480597,0.026453,0.480619,0.010132,0.04721,0.000378,0.0,0.440375,0.000528,0.000308,0.428425,0.0,0.000521,0.451629,0.0,0.282358,0.0,0.336641,0.031061,0.0,0.0,0.0,0.0,0.179337,0.0,0.0,0.833187,0.010474,0.0,0.0,0.001063,0.314858,0.416468,0.004974,0.002825,0.011531,0.025976,0.26766,0.0,0.634175,0.0,0.0,0.0,0.0,0.027051,0.0,0.0,0.101787,0.050436,0.043525,0.0,0.345294,0.301855,0.01807,0.411453,0.000185,0.0,0.296059,0.0,0.0,0.56592,0.0,0.438866,0.0,0.0,0.50847,0.058469,0.0,0.0,0.0,0.0,0.432664,0.350582,0.04876,0.0,0.0,0.033497,0.0,0.393349,0.239839,0.027863,0.46872,0.070819,3e-05,0.0,0.371551,0.000533,0.397197,0.351127,0.0,0.0,0.0,0.341469,0.0,0.0,0.035292,0.315354,0.40054,0.403083,0.0,0.015708,0.000254,0.000103,0.023798,0.0,0.512324,0.0,0.0,0.035134,0.260631,0.354579,0.0,0.0,1e-06,0.319339,0.0,0.441917,0.0,0.0,0.0,0.0,0.0,0.0,0.02402,0.804281,0.0,0.0,0.0,0.0,0.0,0.017365,0.346884,0.01493,0.0,0.0,0.0,0.0,0.468632,0.0,0.366631,0.370098,0.001213,0.158168,0.31701,0.0,0.029023,0.0,2.348972,0.000156,0.0,0.0,0.392051,1.34557,0.0,0.0,0.0,0.0,0.0,0.0,0.0,0.1301,0.0,0.93132,0.0,0.0,0.0,0.04326,0.0,0.04268,0.017815,0.0,0.0,0.0,0.0,0.0,0.521295,0.0,0.0,0.013937,0.0,0.000559,0.03025,0.018858,0.026081,0.0,0.272782,0.0,0.0,0.0,0.0,0.43174,0.092758,0.0,0.013357,0.001653,0.404478,0.0,0.031771,0.000919,1.4988,0.271655,0.0,0.041639,0.0,0.131499,0.0,0.004164,0.0,0.0,0.0,0.0,0.0,0.0,0.016061,0.008215,0.0,0.044978,0.0,0.0,0.446639,0.041565,0.0,0.039618,0.0,0.0,0.444608,0.352068,0.009123,0.062753,0.325612,0.0,1e-06,0.0,0.017365,0.027015,0.021013,0.073902,0.0,0.0,0.0,0.049222,0.0,0.0,0.015663,0.464702,0.0,0.304633,0.441987,0.145173,0.238912,0.249197,0.0,0.0,0.0,6.6e-05,0.0,0.295446,0.0,0.0,0.498731,0.0,0.482965,0.0,0.0,0.039418,0.351871,0.018828,0.047306,0.332028,0.0,0.0,0.039481,0.00028,0.0,0.419258,0.417426,0.050179,0.526266,0.0,0.0,0.040916,0.011908,0.0,0.0,0.0,0.406154,0.027908,0.0,0.0,0.0,0.0,0.0,0.003203,0.035834,0.390779,0.0,0.0,0.0,0.273595,0.018065,0.027558,0.0,0.419443,0.0,0.314254,0.0,1.2e-05,0.0,0.0,0.430716,0.0,0.05771,0.0,0.394595,5e-06,0.014913,0.170673,0.0,0.02884,0.039684,0.298911,0.0,0.0,9e-06,0.476309,0.046057,0.0,0.446474,0.009834,0.039248,0.000116,0.0,0.0,0.0,0.0,0.0,0.04052,0.0,0.0,0.0,0.441423,0.367759,0.0,0.0,0.000568,0.0,0.042432,0.0,0.427737,0.0,0.440389,0.029844,0.0,0.0,1.594242,0.0,0.0,0.015142,0.464463,0.026699,0.622691,0.0,0.332403,0.044125,0.008713,0.324747,0.0,0.147782,0.0,0.0,0.0,0.090759,0.011845,0.349013,0.0,0.0,0.0,0.093327,0.870676,0.0,0.511323,0.0,0.099558,0.0,0.028074,0.0,0.607522,0.0,0.0,0.0,0.0,0.0,0.0,0.398474,0.0,0.040801,0.09581,0.000881,0.0,0.0,0.0,0.137596,0.0,0.0,0.0,0.104139,0.0,0.0,0.347425,0.883328,0.029097,0.228882,0.940086,0.028245,0.0,0.0,0.0,0.0,0.0,0.0,0.0,0.016177,0.0,0.438204,0.01402,0.032137,0.452011,0.02613,0.807771,0.172853,0.0,0.0,1e-06,0.0,0.034925,0.0,0.0,1.7e-05,0.355366,0.0,0.0,0.31878,0.036153,0.0,0.0,0.169176,0.339786,0.000183,0.394595,0.0,0.08066,0.0,0.0,0.035341,0.354937,0.0,0.0
TCGA-05-4427,0.0,0.0,0.0,0.0,0.0,0.067004,0.380889,0.076415,0.285426,0.0,0.060262,0.0,0.0,0.0,0.0,0.087663,0.0,0.064553,0.0,0.0,0.271688,0.0,0.0,0.0,0.0,0.0,0.0,0.0,0.194678,0.054946,0.0,0.0,0.060161,0.818695,0.0,0.317125,0.256092,0.0,0.0,0.0,0.0,0.362322,0.0,0.089802,0.0,0.241741,0.127486,0.0,0.0,0.39726,0.0,0.101619,0.0,1.02588,0.0,0.370925,0.057074,0.405016,0.026707,0.077361,0.001861,0.0,0.380047,0.002088,0.000951,0.353971,0.0,0.001499,0.399486,0.0,0.222123,0.0,0.249307,0.069147,0.0,0.0,0.0,0.0,0.154868,0.0,0.0,0.709083,0.032632,0.0,0.0,0.00235,0.236201,0.316311,0.01617,0.010033,0.028237,0.065062,0.227569,0.0,0.510812,0.0,0.0,0.0,0.0,0.059035,0.0,0.0,0.15853,0.111129,0.097031,0.0,0.319003,0.307449,0.061097,0.357272,0.000907,0.0,0.223397,0.0,0.0,0.470638,0.0,0.377499,0.0,0.0,0.403595,0.104847,0.0,0.0,0.0,0.0,0.371426,0.353354,0.103656,0.0,0.0,0.07716,0.0,0.3087,0.278011,0.061466,0.37995,0.061007,0.000684,0.0,0.277086,0.000649,0.334409,0.264204,0.0,0.0,0.0,0.258751,0.0,0.0,0.072905,0.25006,0.311477,0.349442,0.0,0.039901,0.000984,0.000673,0.062621,0.0,0.41877,0.0,0.0,0.08162,0.242289,0.269305,0.0,0.0,0.0,0.222067,0.0,0.366672,0.0,0.0,0.0,0.0,0.0,0.0,0.046965,0.677904,0.0,0.0,0.0,0.0,0.0,0.046137,0.248934,0.047143,0.0,0.0,0.0,0.0,0.39071,0.0,0.290508,0.287732,0.005765,0.108704,0.262426,0.0,0.068476,0.0,2.156371,0.000448,0.0,0.0,0.32495,1.197808,0.0,0.0,0.0,0.0,0.0,0.0,0.0,0.076182,0.0,0.788193,0.0,0.0,0.0,0.099036,0.0,0.095713,0.052322,0.0,0.0,0.0,0.0,0.0,0.42933,0.0,0.0,0.03645,0.0,0.001819,0.073707,0.047989,0.062953,0.0,0.20439,0.0,0.0,0.0,0.0,0.346719,0.13133,0.0,0.042467,0.005012,0.289073,0.0,0.066192,0.006282,1.323839,0.233961,0.0,0.069845,0.0,0.164236,0.0,0.015975,0.0,0.0,0.0,0.0,0.0,0.0,0.048255,0.025242,0.0,0.092706,0.0,0.0,0.361006,0.02119,0.0,0.088433,0.0,0.0,0.372472,0.274849,0.023245,0.113533,0.250513,0.0,1e-06,0.0,0.044668,0.064327,0.04922,0.080724,0.0,0.0,0.0,0.106188,0.0,0.0,0.040192,0.389959,0.0,0.236489,0.372347,0.091901,0.168812,0.194609,0.0,0.0,0.0,0.000748,0.0,0.233986,0.0,0.0,0.40432,0.0,0.394306,0.0,1.7e-05,0.06555,0.270173,0.047896,0.082124,0.22337,0.0,0.0,0.07796,0.000703,0.0,0.364557,0.351192,0.094944,0.419416,0.0,0.0,0.09349,0.033991,0.0,0.0,0.0,0.284523,0.064242,0.0,0.0,0.0,0.0,0.0,0.012809,0.066973,0.297431,0.0,0.0,0.0,0.222417,0.048356,0.064723,0.0,0.336634,0.0,0.253037,0.0,4e-06,0.0,0.0,0.317048,0.0,0.102936,0.0,0.30647,8.1e-05,0.043104,0.203165,0.0,0.06459,0.089743,0.206202,0.0,0.0,0.000202,0.399021,0.096112,0.0,0.388958,0.026887,0.083052,3.7e-05,0.0,0.0,0.0,0.0,0.0,0.091636,0.0,0.0,0.0,0.372912,0.285166,0.0,0.0,0.002183,0.0,0.078247,0.0,0.308167,0.0,0.373842,0.074191,0.0,0.0,1.458265,0.0,0.0,0.045134,0.391772,0.059055,0.516303,0.0,0.2565,0.076846,0.028074,0.252036,0.0,0.102539,0.0,0.0,0.0,0.159008,0.026624,0.277144,0.0,0.0,0.0,0.137696,0.731354,0.0,0.399304,0.0,0.062512,0.0,0.06025,0.0,0.479953,0.0,0.0,0.0,0.0,0.0,0.0,0.341409,0.0,0.092265,0.119427,0.002233,0.0,0.0,0.0,0.055162,0.0,0.0,0.0,0.134832,0.0,0.0,0.295243,0.773295,0.05722,0.261092,0.809992,0.063088,0.0,0.0,0.0,0.0,0.0,0.0,0.0,0.036864,0.0,0.370823,0.03669,0.080365,0.380679,0.060594,0.713612,0.139297,0.0,0.0,1e-06,0.0,0.076226,0.0,0.0,0.00082,0.273067,0.0,0.0,0.235921,0.083389,0.0,0.0,0.128321,0.273729,0.001558,0.303707,0.0,0.096547,0.0,0.0,0.077052,0.271955,0.0,0.0
TCGA-18-3411,0.0,0.0,0.0,0.0,0.0,0.303708,0.125982,0.355412,0.036014,0.0,0.289478,0.0,0.0,0.0,0.0,0.362957,0.0,0.116923,0.0,0.0,0.036705,0.0,0.0,0.0,0.0,0.0,0.0,0.0,0.021401,0.309867,0.0,0.0,0.294368,0.481871,0.0,0.077081,0.027533,0.0,0.0,0.0,0.0,0.092566,0.0,0.354042,0.0,0.027804,0.163122,0.0,0.0,0.130031,0.0,0.138723,0.0,0.82952,0.0,0.057724,0.295716,0.129946,0.238001,0.319158,0.15929,0.0,0.104541,0.154002,0.157326,0.117195,0.0,0.115748,0.283208,0.0,0.019457,0.0,0.025096,0.304312,0.0,0.0,0.0,0.0,0.015678,0.0,0.0,0.394519,0.257377,0.0,0.0,0.149562,0.019453,0.033842,0.21923,0.170705,0.233437,0.342151,0.119137,0.0,0.223058,0.0,0.0,0.0,0.0,0.314453,0.0,0.0,0.425216,0.397548,0.395562,0.0,0.086785,0.349454,0.315569,0.131082,0.120144,0.0,0.017329,0.0,0.0,0.200298,0.0,0.197284,0.0,0.0,0.124137,0.421221,0.0,0.0,0.0,0.0,0.134329,0.394335,0.397773,0.0,0.0,0.338562,0.0,0.044508,0.32902,0.291881,0.117496,0.035775,0.137737,0.0,0.032837,0.126687,0.107359,0.030346,0.0,0.0,0.0,0.028153,0.0,0.0,0.307749,0.026925,0.037557,0.125754,0.0,0.228068,0.153011,0.102893,0.308113,0.0,0.127933,0.0,0.0,0.341371,0.048349,0.032785,0.0,0.0,0.0,0.028135,0.0,0.093745,0.0,0.0,0.0,0.0,0.0,0.0,0.267382,0.367257,0.0,0.0,0.0,0.0,0.0,0.261643,0.031405,0.300992,0.0,0.0,0.0,0.0,0.106261,0.0,0.035368,0.036231,0.155659,0.112842,0.044327,0.0,0.31972,0.0,1.752942,0.130208,0.0,0.0,0.10039,0.826323,0.0,0.0,0.0,0.0,0.0,0.0,1e-06,0.125167,0.0,0.469401,0.0,0.0,0.0,0.37326,0.0,0.336663,0.290281,0.0,0.0,0.0,0.0,0.0,0.184097,1e-06,0.0,0.247034,0.0,0.166429,0.33831,0.305262,0.309352,0.0,0.016555,0.0,0.0,0.0,0.0,0.120994,0.303776,0.0,0.265771,0.161763,0.040197,0.0,0.290391,0.175417,0.956114,0.127462,0.0,0.295527,0.0,0.424105,0.0,0.191527,0.0,0.0,0.0,0.0,0.0,0.0,0.285849,0.244246,0.0,0.347076,0.0,0.0,0.118161,0.107846,0.0,0.347399,0.0,0.0,0.1092,0.027218,0.227748,0.378506,0.022922,0.0,0.0,0.0,0.277054,0.341063,0.283925,0.258963,0.0,0.0,0.0,0.342748,0.0,0.0,0.290559,0.143248,0.0,0.025959,0.120807,0.144691,0.018453,0.099531,0.0,0.0,0.0,0.101969,0.0,0.157385,0.0,0.0,0.134721,0.0,0.113757,0.0,0.004985,0.295416,0.027553,0.268752,0.315698,0.030319,0.0,0.0,0.321932,0.124655,0.0,0.118443,0.097784,0.176847,0.145339,0.0,0.0,0.38386,0.243965,0.0,0.0,0.0,0.037339,0.275054,0.0,0.0,0.0,0.0,0.0,0.225968,0.294356,0.03319,0.0,0.0,0.0,0.032843,0.304559,0.301824,0.0,0.055036,0.0,0.03402,0.0,0.0,0.0,0.0,0.043578,0.0,0.357768,0.0,0.150527,0.0,0.280105,0.340042,0.0,0.332141,0.340811,0.02854,0.0,0.0,0.143312,0.139501,0.389263,0.0,0.14893,0.257722,0.344944,0.0,0.0,0.0,0.0,0.0,0.0,0.362511,0.0,0.0,0.0,0.135235,0.027033,0.0,0.0,0.125285,0.0,0.330508,0.0,0.034628,0.0,0.114295,0.31883,0.0,0.0,1.143377,0.0,0.0,0.284866,0.152294,0.3013,0.213272,0.0,0.024545,0.252471,0.263597,0.027461,0.0,0.015819,0.0,0.0,0.0,0.447064,0.227689,0.061547,0.0,0.0,0.0,0.425464,0.384708,0.0,0.104251,0.0,0.174247,0.0,0.301428,0.0,0.173087,0.0,0.0,0.0,0.0,0.0,0.0,0.132838,0.0,0.358517,0.379053,0.161034,0.0,0.0,1e-06,0.015737,0.0,0.0,0.0,0.276526,0.0,0.0,0.083078,0.468384,0.288746,0.207881,0.502758,0.313695,0.0,0.0,0.0,0.0,0.0,0.0,0.0,0.215879,0.0,0.130607,0.269916,0.342315,0.102013,0.30335,0.551938,0.122882,0.0,0.0,0.0,0.0,0.312384,0.0,0.0,0.117255,0.032806,0.0,0.0,0.022846,0.318868,0.0,0.0,0.12565,0.038664,0.114598,0.034224,0.0,0.308069,0.0,0.0,0.315802,0.032684,0.0,0.0
TCGA-18-3415,0.0,0.0,0.0,0.0,0.0,0.324968,0.109998,0.38875,0.024368,0.0,0.313693,0.0,0.0,0.0,0.0,0.39071,0.0,0.136979,0.0,0.0,0.027151,0.0,0.0,0.0,0.0,0.0,0.0,0.0,0.021918,0.331148,0.0,0.0,0.31665,0.443365,0.0,0.055008,0.022686,0.0,0.0,0.0,0.0,0.07019,0.0,0.385257,0.0,0.025361,0.180749,0.0,0.0,0.110375,0.0,0.148669,0.0,0.813284,0.0,0.04699,0.320826,0.105287,0.260243,0.351911,0.175171,0.0,0.081804,0.166919,0.169818,0.101423,0.0,0.134555,0.25346,0.0,0.015359,0.0,0.01857,0.32796,0.0,0.0,0.0,0.0,0.008841,0.0,0.0,0.364761,0.277019,0.0,0.0,0.165812,0.016627,0.02866,0.24353,0.189698,0.249976,0.371282,0.132212,0.0,0.19639,0.0,0.0,0.0,0.0,0.338295,0.0,0.0,0.459284,0.427286,0.425972,0.0,0.064988,0.330102,0.333432,0.107234,0.131047,0.0,0.013199,0.0,0.0,0.178289,0.0,0.168524,0.0,0.0,0.100653,0.466596,0.0,0.0,0.0,0.0,0.114032,0.368845,0.427619,0.0,0.0,0.364476,0.0,0.034668,0.299826,0.317044,0.093081,0.031856,0.144521,0.0,0.026051,0.149656,0.092599,0.026661,0.0,0.0,0.0,0.02272,0.0,0.0,0.331517,0.019804,0.028936,0.108565,0.0,0.248514,0.166483,0.116724,0.328775,0.0,0.098147,0.0,0.0,0.3639,0.024006,0.02518,0.0,0.0,0.0,0.024859,0.0,0.077619,0.0,0.0,0.0,0.0,0.0,0.0,0.288127,0.33726,0.0,0.0,0.0,0.0,0.0,0.28789,0.031439,0.326047,0.0,0.0,0.0,0.0,0.084462,0.0,0.026779,0.029552,0.172662,0.125106,0.024081,0.0,0.347147,0.0,1.703615,0.143212,0.0,0.0,0.084374,0.78802,0.0,0.0,0.0,0.0,0.0,0.0,0.0,0.137768,0.0,0.43795,0.0,0.0,0.0,0.403075,0.0,0.358999,0.311034,0.0,0.0,0.0,0.0,0.0,0.162278,0.0,0.0,0.265852,0.0,0.18209,0.367718,0.326739,0.334151,0.0,0.01446,0.0,0.0,0.0,0.0,0.104019,0.295512,0.0,0.288426,0.178628,0.035444,0.0,0.313658,0.183884,0.905701,0.129522,0.0,0.323196,0.0,0.471039,0.0,0.209096,0.0,0.0,0.0,0.0,0.0,0.0,0.308538,0.265104,0.0,0.378719,0.0,0.0,0.104028,0.125256,0.0,0.37398,0.0,0.0,0.087805,0.021012,0.252867,0.41034,0.017572,0.0,0.0,0.0,0.298348,0.368341,0.304765,0.294649,0.0,0.0,0.0,0.363609,0.0,0.0,0.315321,0.119034,0.0,0.021489,0.100346,0.161578,0.019266,0.098512,0.0,2e-06,0.0,0.119667,0.0,0.164215,0.0,0.0,0.114474,0.0,0.094893,0.0,0.000408,0.326954,0.021871,0.288569,0.342962,0.027942,0.0,0.0,0.342586,0.139877,0.0,0.097611,0.078025,0.164872,0.124232,0.0,0.0,0.412963,0.265065,0.0,0.0,0.0,0.034741,0.297592,0.0,0.0,0.0,0.0,0.0,0.243365,0.318285,0.027314,0.0,0.0,0.0,0.023833,0.329156,0.332736,0.0,0.043943,0.0,0.030721,0.0,0.0,0.0,0.0,0.039134,0.0,0.380558,0.0,0.145366,0.0,0.299741,0.327726,0.0,0.354846,0.366566,0.027079,0.0,0.0,0.160826,0.122137,0.419665,0.0,0.128705,0.274581,0.374063,1e-06,0.0,0.0,0.0,0.0,0.0,0.386784,0.0,0.0,0.0,0.113845,0.023061,0.0,0.0,0.144297,0.0,0.361813,0.0,0.030808,0.0,0.090266,0.344098,0.0,0.0,1.108992,0.0,0.0,0.304773,0.135729,0.322263,0.189442,0.0,0.017549,0.255071,0.289166,0.021666,0.0,0.019931,0.0,0.0,0.0,0.487226,0.2493,0.050139,0.0,0.0,0.0,0.467097,0.348294,0.0,0.085108,0.0,0.208069,0.0,0.323876,0.0,0.138279,0.0,0.0,0.0,0.0,0.0,0.0,0.112477,0.0,0.382061,0.416059,0.171384,0.0,0.0,0.0,0.013779,0.0,0.0,0.0,0.266295,0.0,0.0,0.063607,0.44152,0.314397,0.210282,0.473456,0.337898,0.0,0.0,0.0,0.0,0.0,0.0,0.0,0.210339,0.0,0.107409,0.293354,0.368122,0.081762,0.321321,0.536676,0.127947,0.0,0.0,0.0,0.0,0.341837,0.0,0.0,0.125938,0.028819,0.0,0.0,0.016893,0.339145,0.0,0.0,0.12956,0.028547,0.119613,0.029335,0.0,0.345882,0.0,0.0,0.339372,0.026183,0.0,0.0
TCGA-18-4083,0.0,0.0,0.0,0.0,0.0,0.335887,0.078875,0.401352,0.013034,0.0,0.325255,0.0,0.0,0.0,0.0,0.388976,0.0,0.149061,0.0,0.0,0.013938,0.0,0.0,0.0,0.0,0.0,0.0,0.0,0.012511,0.342496,0.0,0.0,0.324551,0.421823,0.0,0.037616,0.011829,0.0,0.0,0.0,0.0,0.051518,0.0,0.395596,0.0,0.012634,0.190784,0.0,0.0,0.08494,0.0,0.160528,0.0,0.781903,0.0,0.028488,0.336672,0.078172,0.266832,0.365586,0.18834,0.0,0.058094,0.188899,0.188832,0.083116,0.0,0.142631,0.201983,0.0,0.007226,0.0,0.009891,0.344151,0.0,0.0,0.0,0.0,0.003836,0.0,0.0,0.333054,0.29082,0.0,0.0,0.189883,0.008481,0.015699,0.255509,0.200794,0.268921,0.379768,0.128555,0.0,0.175142,0.0,0.0,0.0,0.0,0.350806,0.0,0.0,0.469201,0.430507,0.445036,0.0,0.046668,0.303924,0.343966,0.082557,0.145776,0.0,0.007072,0.0,0.0,0.142701,0.0,0.134447,0.0,0.0,0.078575,0.474634,0.0,0.0,0.0,0.0,0.08658,0.347808,0.436235,0.0,0.0,0.384785,0.0,0.021563,0.268769,0.329891,0.07146,0.033222,0.158635,0.0,0.015162,0.170853,0.071957,0.014892,0.0,0.0,0.0,0.012219,0.0,0.0,0.341895,0.01028,0.015843,0.087514,0.0,0.260537,0.182296,0.13548,0.33571,0.0,0.073429,0.0,0.0,0.374025,0.016104,0.01352,0.0,0.0,0.0,0.01486,0.0,0.056036,0.0,0.0,0.0,0.0,0.0,0.0,0.297124,0.315109,0.0,0.0,0.0,0.0,0.0,0.292061,0.017216,0.338246,0.0,0.0,0.0,0.0,0.059664,0.0,0.015342,0.016471,0.187131,0.123535,0.014619,0.0,0.358417,0.0,1.656562,0.16651,0.0,0.0,0.067229,0.760173,0.0,1e-06,0.0,0.0,0.0,0.0,0.0,0.175202,0.0,0.421116,0.0,0.0,0.0,0.412886,0.0,0.36223,0.326653,0.0,0.0,0.0,0.0,0.0,0.146974,0.0,0.0,0.294025,0.0,0.200869,0.380584,0.340986,0.347353,0.0,0.007565,0.0,0.0,0.0,0.0,0.0838,0.290319,0.0,0.299232,0.18775,0.02081,0.0,0.334355,0.202961,0.876408,0.122424,0.0,0.344978,0.0,0.491659,0.0,0.222564,0.0,0.0,0.0,0.0,0.0,0.0,0.312605,0.275908,0.0,0.389225,0.0,0.0,0.085434,0.130468,0.0,0.386381,0.0,0.0,0.065534,0.010801,0.26487,0.41792,0.009566,0.0,0.0,0.0,0.313061,0.389557,0.324591,0.320456,0.0,0.0,0.0,0.379314,0.0,0.0,0.339411,0.094975,0.0,0.011858,0.085826,0.178264,0.009412,0.097961,0.0,1e-06,0.0,0.133799,0.0,0.167459,0.0,0.0,0.091447,0.0,0.070335,0.0,0.006177,0.335456,0.011961,0.302479,0.36153,0.016857,0.0,0.0,0.36092,0.160708,0.0,0.071431,0.061109,0.131282,0.100699,0.0,0.0,0.420686,0.278415,0.0,0.0,0.0,0.018756,0.309006,0.0,0.0,0.0,0.0,0.0,0.264952,0.32881,0.014324,0.0,0.0,0.0,0.014068,0.341834,0.334189,0.0,0.025455,0.0,0.015967,0.0,0.0,0.0,0.0,0.021569,0.0,0.402734,0.0,0.132314,0.0,0.30906,0.3227,0.0,0.378578,0.372433,0.017081,0.0,0.0,0.175033,0.097003,0.435295,0.0,0.104953,0.29431,0.385494,0.0,0.0,0.0,0.0,0.0,0.0,0.398817,0.0,0.0,0.0,0.092282,0.010878,0.0,0.0,0.164475,0.0,0.377579,0.0,0.016442,0.0,0.069145,0.350356,0.0,0.0,1.074479,0.0,0.0,0.317046,0.106068,0.34255,0.171723,0.0,0.008874,0.265845,0.311589,0.011833,0.0,0.012381,0.0,0.0,0.0,0.489803,0.269674,0.033767,0.0,0.0,0.0,0.486705,0.337582,0.0,0.063146,0.0,0.227635,0.0,0.342135,0.0,0.117124,0.0,0.0,0.0,0.0,0.0,0.0,0.085755,0.0,0.397,0.442509,0.195023,0.0,0.0,0.0,0.012416,0.0,0.0,0.0,0.256776,0.0,0.0,0.047566,0.407203,0.328437,0.192025,0.449603,0.350742,0.0,0.0,0.0,0.0,0.0,0.0,0.0,0.222259,0.0,0.085102,0.305056,0.371115,0.061186,0.342468,0.519014,0.140671,0.0,0.0,0.0,0.0,0.35018,0.0,1e-06,0.136194,0.014598,0.0,0.0,0.01012,0.359764,0.0,0.0,0.136236,0.017024,0.122985,0.015636,0.0,0.365477,0.0,0.0,0.348404,0.014985,0.0,0.0
TCGA-21-5782,1e-06,0.0,0.0,0.0,0.0,0.127089,0.352447,0.178122,0.185275,0.0,0.150676,0.0,1e-06,0.0,0.0,0.162433,0.0,0.19536,0.0,0.0,0.182549,0.0,0.0,0.0,0.0,0.0,0.0,0.0,0.178197,0.113865,0.0,0.0,0.141585,0.823918,0.0,0.253478,0.167492,0.0,0.0,0.0,0.0,0.304523,0.0,0.194084,0.0,0.188923,0.325391,0.0,0.0,0.344175,0.0,0.299019,0.0,1.137486,0.0,0.297658,0.155504,0.370759,0.077737,0.191735,0.012838,0.0,0.29478,0.006038,0.003735,0.33687,0.0,0.00928,0.317756,0.0,0.160778,0.0,0.191583,0.138599,0.0,0.0,0.0,0.0,0.0808,0.0,0.0,0.718709,0.085678,0.0,0.0,0.016106,0.1762,0.248264,0.049791,0.052129,0.105292,0.125636,0.297445,0.0,0.507258,0.0,0.0,0.0,3e-06,0.150525,0.0,0.0,0.311595,0.201083,0.18298,0.0,0.239132,0.216648,0.092176,0.335592,0.011123,0.0,0.158196,0.0,0.0,0.485527,0.0,0.273989,0.0,0.0,0.384994,0.272042,0.0,0.0,0.0,0.0,0.324813,0.279141,0.183429,0.0,0.0,0.147903,0.0,0.226855,0.149537,0.13691,0.345544,0.048107,0.002156,0.0,0.222406,0.006059,0.304612,0.202847,0.0,0.0,0.0,0.179391,0.0,0.0,0.162305,0.167409,0.234567,0.311002,0.0,0.124189,0.006232,0.005865,0.127639,0.0,0.382927,0.0,0.0,0.151924,0.171731,0.209754,0.0,0.0,0.0,0.222915,0.0,0.289406,0.0,0.0,0.0,0.0,0.0,0.0,0.118102,0.685639,0.0,0.0,0.0,0.0,0.0,0.144186,0.240006,0.11713,0.0,0.0,0.0,0.0,0.313275,0.0,0.206752,0.211579,0.018745,0.252807,0.17136,0.0,0.172288,0.0,2.22032,0.004944,0.0,0.0,0.295775,1.21727,0.0,0.0,0.0,0.0,0.0,0.0,0.0,0.206383,0.0,0.82027,0.0,0.0,0.0,0.181734,0.0,0.183086,0.122766,1e-06,0.0,0.0,0.0,0.0,0.486005,0.0,0.0,0.092782,0.0,0.006752,0.145027,0.12008,0.116789,0.0,0.149841,0.0,0.0,0.0,0.0,0.341088,0.073193,0.0,0.112258,0.035565,0.264756,0.0,0.158877,0.007336,1.366128,0.323511,0.0,0.208822,0.0,0.404965,0.0,0.062729,0.0,0.0,0.0,0.0,0.0,6e-06,0.105991,0.090282,0.0,0.18393,0.0,0.0,0.365784,0.144647,0.0,0.182366,0.0,0.0,0.315324,0.188145,0.089217,0.22702,0.183062,0.0,0.0,0.0,0.125355,0.146148,0.124447,0.244352,0.0,0.0,0.0,0.198054,0.0,0.0,0.104819,0.371644,0.0,0.184816,0.314426,0.283289,0.120987,0.297443,0.0,0.0,0.0,0.006731,0.0,0.364927,0.0,0.0,0.396393,2e-06,0.335799,0.0,3.1e-05,0.203356,0.206552,0.126639,0.196211,0.2297,0.0,0.0,0.163302,0.006744,0.0,0.297763,0.271076,0.014605,0.430942,0.0,0.0,0.175744,0.098063,0.0,0.0,0.0,0.254488,0.161507,0.0,0.0,0.0,0.0,0.0,0.064666,0.179644,0.22695,0.0,0.0,0.0,0.154662,0.135138,0.158903,0.0,0.265422,0.0,0.180592,0.0,0.0,0.0,0.0,0.251445,0.0,0.18965,0.0,0.371754,0.0,0.089756,0.113715,0.0,0.15342,0.167339,0.221103,0.0,0.0,0.002331,0.373962,0.206294,0.0,0.333311,0.082008,0.166751,0.000106,0.0,0.0,0.0,0.0,0.0,0.155455,0.0,0.0,0.0,0.328371,0.204499,0.0,0.0,0.005363,0.0,0.186997,0.0,0.258757,1e-06,0.318024,0.150122,0.0,0.0,1.521452,0.0,0.0,0.111591,0.366746,0.138045,0.516503,0.0,0.17083,0.047829,0.089715,0.185357,0.0,0.069134,0.0,0.0,0.0,0.309346,0.094075,0.226551,0.0,0.0,0.0,0.329723,0.697926,0.0,0.362724,0.0,0.223799,0.0,0.161064,0.0,0.481045,0.0,0.0,0.0,0.0,0.0,0.0,0.325,0.0,0.157591,0.320747,0.007142,0.0,0.0,0.0,0.125843,0.0,0.0,0.0,0.077965,0.0,0.0,0.217339,0.798188,0.150824,0.364923,0.829608,0.173016,0.0,0.0,0.0,0.0,0.0,0.0,0.0,0.036042,0.0,0.324162,0.104499,0.145481,0.319734,0.13691,0.830816,0.331982,0.0,0.0,0.0,0.0,0.179991,0.0,0.0,0.003053,0.199404,0.0,0.0,0.18985,0.146194,0.0,0.0,0.320266,0.186995,0.014869,0.220932,0.0,0.273479,0.0,0.0,0.150525,0.208853,0.0,0.0
TCGA-21-5784,0.0,0.0,0.0,0.0,0.0,0.100548,0.370303,0.135574,0.231114,0.0,0.099585,0.0,0.0,0.0,0.0,0.124073,0.0,0.172634,0.0,0.0,0.226948,0.0,0.0,0.0,0.0,0.0,0.0,0.0,0.234832,0.09426,0.0,0.0,0.098496,0.893651,0.0,0.286261,0.212014,0.0,0.0,0.0,0.0,0.345738,0.0,0.143056,0.0,0.247588,0.260578,0.0,0.0,0.380404,0.0,0.219237,0.0,1.170074,0.0,0.371204,0.118057,0.405973,0.051995,0.146519,0.008938,0.0,0.340551,0.006683,0.00793,0.371571,0.0,0.003375,0.421118,0.0,0.203277,0.0,0.239129,0.113729,0.0,0.0,0.0,0.0,0.121647,0.0,0.0,0.783759,0.058137,0.0,0.0,0.010191,0.216488,0.299263,0.036276,0.03112,0.069943,0.093478,0.257682,0.0,0.554062,0.0,0.0,0.0,0.0,0.111936,0.0,0.0,0.22819,0.1564,0.148101,0.0,0.255076,0.327886,0.07404,0.355429,0.00638,0.0,0.206865,0.0,0.0,0.525693,0.0,0.376983,0.0,0.0,0.433569,0.211794,0.0,0.0,0.0,0.0,0.357302,0.354794,0.142744,0.0,0.0,0.113182,0.0,0.281276,0.229706,0.111687,0.390052,0.052442,0.009182,0.0,0.269755,0.005645,0.326985,0.254136,0.0,0.0,0.0,0.237201,0.0,0.0,0.118944,0.21129,0.292933,0.344053,0.0,0.080544,0.007771,0.002871,0.094795,0.0,0.447566,0.0,0.0,0.11393,0.18469,0.245051,0.0,0.0,0.0,0.286261,0.0,0.340785,0.0,0.0,0.0,0.0,0.0,0.0,0.074816,0.741549,0.0,0.0,0.0,0.0,0.0,0.09507,0.293886,0.092416,0.0,0.0,0.0,0.0,0.372259,0.0,0.256086,0.262672,0.01269,0.219946,0.234783,0.0,0.132352,0.0,2.353375,0.005473,0.0,0.0,0.332136,1.314041,0.0,0.0,0.0,0.0,0.0,0.0,0.0,0.170975,0.0,0.877475,0.0,0.0,0.0,0.150456,0.0,0.145493,0.101332,1e-06,0.0,0.0,0.0,0.0,0.505374,0.0,0.0,0.062192,0.0,0.012657,0.110889,0.084483,0.091395,0.0,0.190919,0.0,0.0,0.0,0.0,0.373514,0.114116,0.0,0.079816,0.01794,0.312803,0.0,0.131649,0.014906,1.461433,0.321665,0.0,0.152868,0.0,0.310086,0.0,0.036891,0.0,0.0,0.0,0.0,0.0,0.0,0.082229,0.073694,0.0,0.148703,0.0,0.0,0.391335,0.118276,0.0,0.123589,0.0,0.0,0.351825,0.233468,0.070749,0.177358,0.234259,0.0,0.0,0.0,0.091887,0.120436,0.094,0.18296,0.0,0.0,0.0,0.141023,0.0,0.0,0.078553,0.395452,0.0,0.222342,0.357663,0.231223,0.108031,0.290073,0.0,0.0,0.0,0.003115,0.0,0.343622,0.0,0.0,0.427877,0.0,0.38625,0.0,0.0,0.154394,0.259648,0.095173,0.149549,0.284124,0.0,0.0,0.120782,0.00496,0.0,0.333126,0.311607,0.063156,0.449467,0.0,0.0,0.139273,0.069617,0.0,0.0,0.0,0.302854,0.137121,0.0,0.0,0.0,0.0,0.0,0.0314,0.127064,0.271787,0.0,0.0,0.0,0.208195,0.099589,0.112355,0.0,0.315163,0.0,0.220012,0.0,0.0,0.0,0.0,0.315365,0.0,0.143487,0.0,0.396183,0.0,0.058749,0.172847,0.0,0.122129,0.124399,0.279418,0.0,0.0,0.006169,0.410084,0.166899,0.0,0.368869,0.059387,0.135173,2.2e-05,0.0,0.0,0.0,0.0,0.0,0.121918,0.0,0.0,0.0,0.351563,0.245451,0.0,0.0,0.00329,0.0,0.14278,0.0,0.327849,0.0,0.356733,0.115192,0.0,0.0,1.605523,0.0,0.0,0.097986,0.399253,0.108979,0.562629,0.0,0.222818,0.076431,0.064994,0.223496,0.0,0.077265,0.0,0.0,0.0,0.224999,0.065682,0.271639,0.0,0.0,0.0,0.2461,0.778913,0.0,0.414282,0.0,0.183868,0.0,0.120886,0.0,0.532039,0.0,0.0,0.0,0.0,0.0,0.0,0.343382,0.0,0.124955,0.240307,0.008124,0.0,0.0,0.0,0.145615,0.0,0.0,0.0,0.122911,0.0,0.0,0.268743,0.856732,0.116524,0.278291,0.88731,0.126028,0.0,0.0,0.0,0.0,0.0,0.0,0.0,0.066977,0.0,0.366923,0.071963,0.109098,0.363739,0.095061,0.862998,0.235059,0.0,0.0,0.0,0.0,0.13354,0.0,0.0,0.006771,0.253978,0.0,0.0,0.249002,0.120632,0.0,0.0,0.246234,0.235022,0.008059,0.27743,0.0,0.204931,0.0,0.0,0.114268,0.254579,0.0,0.0
TCGA-21-A5DI,1.8e-05,0.0,0.0,0.0,0.0,0.146069,0.299797,0.191796,0.164092,0.0,0.149138,0.0,0.0,0.0,0.0,0.166518,0.0,0.180555,0.0,0.0,0.151856,0.0,0.0,0.0,0.0,0.0,0.0,0.0,0.159908,0.144975,0.0,0.0,0.152726,0.795482,0.0,0.217473,0.14527,0.0,0.0,0.0,0.0,0.27313,0.0,0.198744,0.0,0.165642,0.300182,0.0,0.0,0.304886,0.0,0.258282,0.0,1.084534,0.0,0.269365,0.164679,0.326162,0.091004,0.208513,0.020748,0.0,0.268756,0.02182,0.014388,0.303374,0.0,0.017462,0.289208,0.0,0.130287,0.0,0.166272,0.170118,0.0,0.0,0.0,0.0,0.065267,0.0,0.0,0.681759,0.101416,0.0,0.0,0.02994,0.143621,0.212773,0.079177,0.063769,0.113,0.151105,0.264064,0.0,0.476821,0.0,0.0,0.0,0.0,0.162742,0.0,0.0,0.3109,0.209452,0.207044,0.0,0.204278,0.238684,0.113581,0.282442,0.01992,0.0,0.130237,0.0,0.0,0.444862,0.0,0.263801,0.0,0.0,0.349356,0.265088,0.0,0.0,0.0,0.0,0.292334,0.290113,0.199688,0.0,0.0,0.162322,0.0,0.200016,0.173156,0.160676,0.318916,0.058482,0.008888,0.0,0.195559,0.018747,0.270287,0.179574,0.0,0.0,0.0,0.16105,0.0,0.0,0.169865,0.135969,0.198634,0.285473,0.0,0.119588,0.013261,0.009908,0.138042,0.0,0.351038,0.0,0.0,0.160816,0.123411,0.175989,0.0,0.0,0.0,0.186471,0.0,0.275103,0.0,0.0,0.0,0.0,0.0,0.0,0.131259,0.655986,0.0,0.0,0.0,0.0,0.0,0.137878,0.205195,0.126971,0.0,0.0,0.0,0.0,0.287879,0.0,0.180154,0.182941,0.031618,0.223776,0.154636,0.0,0.18267,0.0,2.198499,0.012338,0.0,0.0,0.271403,1.206519,0.0,0.0,0.0,0.0,0.0,0.0,0.0,0.205238,0.0,0.783747,0.0,0.0,0.0,0.196817,0.0,0.180411,0.138123,0.0,0.0,0.0,0.0,0.0,0.444608,0.0,0.0,0.108506,0.0,0.021465,0.162758,0.138184,0.13911,0.0,0.122922,0.0,0.0,0.0,0.0,0.314796,0.11445,0.0,0.117203,0.050401,0.233237,0.0,0.167297,0.019283,1.320841,0.293794,0.0,0.203266,0.0,0.387321,0.0,0.067848,0.0,0.0,0.0,0.0,0.0,0.0,0.127063,0.111147,0.0,0.199526,0.0,0.0,0.318374,0.11337,0.0,0.178394,0.0,0.0,0.281714,0.16364,0.113872,0.223795,0.154513,0.0,0.0,0.0,0.13494,0.171641,0.144303,0.246842,0.0,0.0,0.0,0.201938,0.0,0.0,0.128279,0.329041,0.0,0.15446,0.292378,0.259035,0.094603,0.26456,0.0,0.0,0.0,0.009466,0.0,0.336318,0.0,0.0,0.357355,0.0,0.312908,0.0,0.000145,0.196563,0.176341,0.14585,0.206383,0.18896,0.0,0.0,0.175547,0.012976,0.0,0.271585,0.255253,0.049253,0.374432,0.0,0.0,0.192848,0.119852,0.0,0.0,0.0,0.222618,0.169382,0.0,0.0,0.0,0.0,0.0,0.071817,0.184781,0.191524,0.0,0.0,0.0,0.149736,0.151454,0.170114,0.0,0.230648,0.0,0.15944,0.0,0.0,0.0,0.0,0.236529,0.0,0.206441,0.0,0.349167,0.0,0.111712,0.15141,0.0,0.177909,0.177866,0.194584,0.0,0.0,0.005867,0.331068,0.23034,0.0,0.31008,0.101952,0.183576,8.5e-05,0.0,0.0,0.0,0.0,0.0,0.179084,0.0,0.0,0.0,0.300083,0.176462,0.0,0.0,0.015585,0.0,0.199257,0.0,0.221862,1e-06,0.282324,0.154313,0.0,0.0,1.488471,0.0,0.0,0.132867,0.331885,0.160902,0.469144,0.0,0.147679,0.082403,0.108891,0.151167,0.0,0.068178,0.0,0.0,0.0,0.298247,0.12003,0.205183,1e-06,0.0,0.0,0.31135,0.679418,0.0,0.34051,0.0,0.2064,0.0,0.170577,0.0,0.445001,0.0,0.0,0.0,0.0,0.0,0.0,0.282434,0.0,0.173652,0.314747,0.020299,0.0,0.0,0.0,0.109218,0.0,0.0,0.0,0.104066,0.0,0.0,0.210435,0.74767,0.170174,0.322533,0.794837,0.181597,0.0,0.0,0.0,0.0,0.0,0.0,0.0,0.063614,0.0,0.303691,0.124246,0.153617,0.280138,0.150925,0.788748,0.276622,0.0,0.0,0.0,0.0,0.181214,0.0,0.0,0.007516,0.171154,0.0,0.0,0.1597,0.166817,0.0,0.0,0.281134,0.163825,0.015364,0.201421,0.0,0.266445,0.0,0.0,0.163176,0.17595,0.0,0.0
TCGA-22-0940,0.0,0.0,0.0,0.0,0.0,0.21353,0.209476,0.259537,0.111423,0.0,0.202571,0.0,0.0,0.0,0.0,0.270585,0.0,0.074545,0.0,0.0,0.096044,0.0,0.0,0.0,0.0,0.0,0.0,0.0,0.058087,0.218828,0.0,0.0,0.209806,0.585396,0.0,0.161506,0.08633,0.0,0.0,0.0,0.0,0.187297,0.0,0.257193,0.0,0.086996,0.129418,0.0,0.0,0.220452,0.0,0.108293,0.0,0.88927,0.0,0.155887,0.209481,0.241978,0.16067,0.226512,0.075821,0.0,0.199108,0.07826,0.079825,0.191947,0.0,0.048787,0.342077,0.0,0.078812,0.0,0.095368,0.213721,0.0,0.0,0.0,0.0,0.05685,0.0,0.0,0.506718,0.175226,0.0,0.0,0.07254,0.079241,0.109356,0.131493,0.098227,0.152503,0.23315,0.148536,0.0,0.32624,0.0,0.0,0.0,0.0,0.205675,0.0,0.0,0.327319,0.30047,0.287397,0.0,0.173684,0.349903,0.227728,0.214389,0.050375,0.0,0.076277,0.0,0.0,0.303411,0.0,0.296752,0.0,0.0,0.223597,0.306721,0.0,0.0,0.0,0.0,0.213921,0.413479,0.289993,0.0,0.0,0.252901,0.0,0.117569,0.339736,0.209948,0.2095,0.050931,0.07242,0.0,0.105498,0.055538,0.195809,0.089877,0.0,0.0,0.0,0.085827,0.0,0.0,0.218251,0.0902,0.123088,0.19648,0.0,0.156433,0.075792,0.037618,0.215725,0.0,0.242518,0.0,0.0,0.253938,0.109807,0.109331,0.0,0.0,0.0,0.080318,0.0,0.179857,0.0,0.0,0.0,0.0,0.0,0.0,0.187019,0.486195,0.0,0.0,0.0,0.0,0.0,0.184793,0.091103,0.210776,0.0,0.0,0.0,0.0,0.197587,0.0,0.105603,0.108932,0.097936,0.108487,0.122048,0.0,0.223308,0.0,1.894284,0.067221,0.0,0.0,0.191415,0.958754,0.0,0.0,0.0,0.0,0.0,0.0,0.0,0.070885,0.0,0.568929,0.0,0.0,0.0,0.268915,0.0,0.249353,0.203269,0.0,0.0,0.0,0.0,0.0,0.270621,0.0,0.0,0.155628,0.0,0.084467,0.234398,0.195583,0.222542,0.0,0.061094,0.0,0.0,0.0,0.0,0.204988,0.251808,0.0,0.179334,0.090106,0.1117,0.0,0.210525,0.097323,1.070258,0.172613,0.0,0.202237,0.0,0.308591,0.0,0.121501,0.0,0.0,0.0,0.0,0.0,0.0,0.212172,0.16361,0.0,0.247821,0.0,0.0,0.216349,0.050672,0.0,0.254117,0.0,0.0,0.196074,0.097843,0.146542,0.27642,0.081447,0.0,0.0,0.0,0.181536,0.235335,0.192486,0.179355,0.0,0.0,0.0,0.247691,0.0,0.0,0.186284,0.235556,0.0,0.080239,0.20866,0.107419,0.049783,0.14174,0.0,0.0,0.0,0.035206,0.0,0.173711,0.0,0.0,0.237554,0.0,0.21051,0.0,3e-06,0.206083,0.098766,0.183265,0.228845,0.079883,0.0,0.0,0.222501,0.04374,0.0,0.213052,0.176589,0.203767,0.243413,0.0,0.0,0.282126,0.161587,0.0,0.0,0.0,0.118268,0.1737,0.0,0.0,0.0,0.0,0.0,0.142025,0.213604,0.109485,0.0,0.0,0.0,0.103718,0.22005,0.224411,0.0,0.142637,0.0,0.090474,0.0,0.0,0.0,0.0,0.131632,0.0,0.263001,0.0,0.196512,0.0,0.192886,0.304239,0.0,0.231715,0.249475,0.08369,0.0,0.0,0.069015,0.219331,0.286422,0.0,0.229966,0.162485,0.252122,1e-05,0.0,0.0,0.0,0.0,0.0,0.264232,0.0,0.0,0.0,0.220036,0.108811,0.0,0.0,0.043192,0.0,0.235074,0.0,0.114007,0.0,0.215158,0.232406,0.0,0.0,1.252043,0.0,0.0,0.194118,0.233256,0.222275,0.315857,0.0,0.089159,0.191873,0.163669,0.089973,0.0,0.033907,0.0,0.0,0.0,0.345723,0.147386,0.138481,0.0,0.0,0.0,0.31102,0.501862,0.0,0.204353,0.0,0.099432,0.0,0.202746,0.0,0.277516,0.0,0.0,0.0,0.0,0.0,0.0,0.204966,0.0,0.249094,0.260343,0.088969,0.0,0.0,0.0,0.030281,0.0,0.0,0.0,0.23771,0.0,0.0,0.164476,0.572403,0.18454,0.232776,0.610874,0.224851,0.0,0.0,0.0,0.0,0.0,0.0,0.0,0.162783,0.0,0.220072,0.172966,0.250587,0.187819,0.22517,0.595501,0.124445,0.0,0.0,0.0,0.0,0.232338,0.0,0.0,0.071745,0.097247,0.0,0.0,0.081929,0.21421,0.0,0.0,0.117859,0.104365,0.052518,0.109563,0.0,0.204519,0.0,0.0,0.238381,0.100282,0.0,0.0
TCGA-22-1012,0.0,0.0,0.0,0.0,0.0,0.197951,0.249877,0.258518,0.10842,0.0,0.212232,0.0,0.0,0.0,0.0,0.250338,0.0,0.1403,0.0,0.0,0.096678,0.0,0.0,0.0,0.0,0.0,0.0,0.0,0.083529,0.199878,0.0,0.0,0.216571,0.629016,0.0,0.157411,0.09253,0.0,0.0,0.0,0.0,0.197966,0.0,0.26672,0.0,0.101247,0.251685,0.0,0.0,0.244102,0.0,0.210544,0.0,0.984029,0.0,0.171752,0.217029,0.27287,0.138437,0.254434,0.040908,0.0,0.203859,0.033432,0.027554,0.233376,0.0,0.031324,0.245567,0.0,0.084441,0.0,0.101748,0.202691,0.0,0.0,0.0,0.0,0.049878,0.0,0.0,0.549892,0.146709,0.0,0.0,0.038573,0.091058,0.127684,0.110042,0.088182,0.140717,0.213755,0.242753,0.0,0.366523,0.0,0.0,0.0,0.0,0.191124,0.0,0.0,0.388101,0.303908,0.279824,0.0,0.17977,0.228996,0.18145,0.240602,0.021514,0.0,0.081704,0.0,0.0,0.360678,0.0,0.229607,0.0,0.0,0.242175,0.345828,0.0,0.0,0.0,0.0,0.247646,0.277185,0.276348,0.0,0.0,0.240922,0.0,0.129852,0.189383,0.209766,0.227519,0.046423,0.016288,0.0,0.12188,0.025228,0.231419,0.106722,0.0,0.0,0.0,0.098867,0.0,0.0,0.224932,0.091391,0.131128,0.232898,0.0,0.161734,0.033171,0.017499,0.194608,0.0,0.249737,0.0,0.0,0.228438,0.104323,0.110714,0.0,0.0,0.0,0.100401,0.0,0.199965,0.0,0.0,0.0,0.0,0.0,0.0,0.185308,0.516862,0.0,0.0,0.0,0.0,0.0,0.195644,0.114677,0.186264,0.0,0.0,0.0,0.0,0.210064,0.0,0.114396,0.114521,0.062308,0.194194,0.098941,0.0,0.237837,0.0,1.944936,0.018908,0.0,0.0,0.223238,1.007825,0.0,0.0,0.0,0.0,0.0,0.0,0.0,0.127701,0.0,0.621896,0.0,0.0,0.0,0.266344,1e-06,0.238396,0.181262,0.0,0.0,0.0,0.0,0.0,0.336619,0.0,0.0,0.136108,0.0,0.032179,0.230798,0.169296,0.200037,0.0,0.07269,0.0,0.0,0.0,0.0,0.245245,0.133926,0.0,0.162169,0.070316,0.139743,0.0,0.207345,0.029527,1.116854,0.26306,0.0,0.2467,0.0,0.424553,0.0,0.107968,0.0,0.0,0.0,0.0,0.0,1e-06,0.186281,0.139829,0.0,0.26312,0.0,0.0,0.260258,0.083119,0.0,0.263137,0.0,0.0,0.215723,0.101506,0.143714,0.293953,0.093987,0.0,0.0,0.0,0.166455,0.217553,0.177786,0.276769,0.0,0.0,0.0,0.265273,0.0,0.0,0.164437,0.260981,0.0,0.091907,0.226901,0.206506,0.057655,0.215177,0.0,0.0,0.0,0.017975,0.0,0.272914,0.0,0.0,0.270579,0.0,0.225711,0.0,9e-06,0.230619,0.112542,0.186068,0.246556,0.101115,0.0,0.0,0.216845,0.015851,0.0,0.233113,0.185608,0.085022,0.285686,0.0,0.0,0.274395,0.14318,0.0,0.0,0.0,0.139659,0.193947,0.0,0.0,0.0,0.0,0.0,0.107717,0.221981,0.117042,0.0,0.0,0.0,0.114142,0.206311,0.227132,0.0,0.151525,0.0,0.09949,0.0,0.0,0.0,0.0,0.143319,0.0,0.266424,0.0,0.255149,0.0,0.15685,0.173237,0.0,0.217399,0.243159,0.108636,0.0,0.0,0.014333,0.267116,0.295499,0.0,0.25098,0.131559,0.246472,1.5e-05,0.0,0.0,0.0,0.0,0.0,0.250463,0.0,0.0,0.0,0.239297,0.114991,0.0,0.0,0.031253,0.0,0.25906,0.0,0.126548,0.0,0.223324,0.218373,0.0,0.0,1.322544,0.0,0.0,0.172737,0.26782,0.211404,0.365597,0.0,0.095212,0.102356,0.154502,0.100125,0.0,0.046775,0.0,0.0,0.0,0.400859,0.142241,0.142358,0.0,0.0,0.0,0.392424,0.530412,0.0,0.221013,0.0,0.184546,0.0,0.213471,0.0,0.29776,0.0,0.0,0.0,0.0,0.0,0.0,0.23179,0.0,0.228016,0.339238,0.035044,0.0,0.0,0.0,0.048352,0.0,0.0,0.0,0.117176,0.0,0.0,0.17207,0.62507,0.197823,0.339947,0.65808,0.234228,0.0,0.0,0.0,0.0,0.0,0.0,0.0,0.074593,0.0,0.243306,0.151542,0.227531,0.210772,0.208242,0.67637,0.249734,0.0,0.0,0.0,0.0,0.241803,0.0,0.0,0.016314,0.10225,0.0,0.0,0.091687,0.203504,0.0,0.0,0.235765,0.109443,0.028302,0.128264,0.0,0.297348,0.0,0.0,0.234841,0.107155,0.0,0.0
TCGA-22-1016,8e-06,0.0,0.0,0.0,0.0,0.164128,0.261437,0.199566,0.142909,0.0,0.16383,0.0,0.0,0.0,0.0,0.197063,0.0,0.100421,0.0,0.0,0.128116,0.0,0.0,0.0,0.0,0.0,0.0,0.0,0.094605,0.158831,0.0,0.0,0.17151,0.672352,0.0,0.201448,0.12109,0.0,0.0,0.0,0.0,0.242788,0.0,0.208836,0.0,0.124833,0.191302,0.0,0.0,0.269279,0.0,0.164644,0.0,0.967075,0.0,0.221198,0.169345,0.299703,0.104605,0.201211,0.026448,0.0,0.240049,0.027633,0.02405,0.251688,0.0,0.017631,0.275118,0.0,0.109789,0.0,0.138539,0.161581,0.0,0.0,0.0,0.0,0.06882,0.0,0.0,0.581054,0.113417,0.0,0.0,0.033849,0.118858,0.16713,0.080088,0.060152,0.111834,0.171165,0.212344,0.0,0.405498,0.0,0.0,0.0,0.0,0.150593,0.0,0.0,0.317343,0.235896,0.218504,0.0,0.214181,0.249993,0.152791,0.255686,0.020736,0.0,0.109874,0.0,0.0,0.375564,0.0,0.273281,0.0,0.0,0.290022,0.261346,0.0,0.0,0.0,0.0,0.262751,0.318577,0.217487,0.0,0.0,0.193694,0.0,0.162623,0.234726,0.168025,0.267144,0.057061,0.016647,0.0,0.15334,0.018096,0.240468,0.136124,0.0,0.0,0.0,0.127823,0.0,0.0,0.175564,0.121191,0.170115,0.251111,0.0,0.126182,0.02169,0.013461,0.151374,0.0,0.300026,0.0,0.0,0.18888,0.134456,0.144725,0.0,0.0,0.0,0.119988,0.0,0.226779,0.0,0.0,0.0,0.0,0.0,0.0,0.14644,0.559374,0.0,0.0,0.0,0.0,0.0,0.14896,0.136127,0.150456,0.0,0.0,0.0,0.0,0.247804,0.0,0.148142,0.149058,0.047165,0.152587,0.138264,0.0,0.179796,0.0,1.988741,0.019615,0.0,0.0,0.238298,1.053578,0.0,0.0,0.0,0.0,0.0,0.0,0.0,0.109437,0.0,0.65743,0.0,0.0,0.0,0.204301,0.0,0.186489,0.146261,0.0,0.0,0.0,0.0,0.0,0.356146,0.0,0.0,0.110931,0.0,0.027816,0.1768,0.132943,0.15393,0.0,0.096615,0.0,0.0,0.0,0.0,0.262404,0.157745,0.0,0.124149,0.049762,0.175256,0.0,0.166905,0.029869,1.162227,0.233573,0.0,0.190463,0.0,0.325935,0.0,0.075303,0.0,0.0,0.0,0.0,0.0,1e-06,0.144777,0.113569,0.0,0.19739,0.0,0.0,0.27736,0.052832,0.0,0.204958,0.0,0.0,0.251441,0.133228,0.108199,0.226892,0.125683,0.0,0.0,0.0,0.132352,0.177141,0.146213,0.214077,0.0,0.0,0.0,0.212158,0.0,0.0,0.132777,0.290571,0.0,0.120272,0.260603,0.161755,0.074533,0.200446,0.0,0.0,0.0,0.010265,0.0,0.24193,0.0,0.0,0.300232,0.0,0.266307,0.0,3e-06,0.178024,0.147791,0.149414,0.196409,0.12284,0.0,0.0,0.174294,0.014131,0.0,0.253501,0.224939,0.093861,0.316899,0.0,0.0,0.21926,0.114293,0.0,0.0,0.0,0.172308,0.144585,0.0,0.0,0.0,0.0,0.0,0.08336,0.175478,0.155149,0.0,0.0,0.0,0.138897,0.163943,0.185069,0.0,0.190335,0.0,0.125308,0.0,0.0,0.0,0.0,0.187438,0.0,0.218291,0.0,0.256095,0.0,0.128465,0.199212,0.0,0.177385,0.193172,0.133159,0.0,0.0,0.01322,0.285672,0.23445,0.0,0.281027,0.110004,0.195498,2.2e-05,0.0,0.0,0.0,0.0,0.0,0.201236,0.0,0.0,0.0,0.271956,0.150743,0.0,0.0,0.016435,0.0,0.203868,0.0,0.165848,0.0,0.2602,0.171615,0.0,0.0,1.339913,0.0,0.0,0.13814,0.288075,0.169919,0.396632,0.0,0.129437,0.111777,0.11082,0.133026,0.0,0.04991,0.0,0.0,0.0,0.313453,0.114656,0.181724,0.0,0.0,0.0,0.299221,0.583631,0.0,0.273234,0.0,0.128333,0.0,0.168378,0.0,0.353351,0.0,0.0,0.0,0.0,0.0,0.0,0.248542,0.0,0.184922,0.267684,0.031019,0.0,0.0,0.0,0.049417,0.0,0.0,0.0,0.141346,0.0,0.0,0.203485,0.645479,0.155516,0.304905,0.688913,0.185398,0.0,0.0,0.0,0.0,0.0,0.0,0.0,0.088036,0.0,0.27368,0.124425,0.183624,0.245671,0.168414,0.665799,0.193981,0.0,0.0,0.0,0.0,0.190548,0.0,5e-05,0.013697,0.136436,0.0,0.0,0.121708,0.164808,0.0,0.0,0.180787,0.144901,0.018219,0.162246,0.0,0.226132,0.0,0.0,0.186691,0.14,0.0,0.0
TCGA-22-4595,0.0,0.0,0.0,0.0,0.0,0.168462,0.259729,0.2018,0.137769,0.0,0.158398,0.0,0.0,0.0,0.0,0.173301,0.0,0.122536,0.0,0.0,0.124627,0.0,0.0,0.0,0.0,0.0,0.0,0.0,0.097368,0.152969,0.0,0.0,0.156856,0.668772,0.0,0.188115,0.121255,0.0,0.0,0.0,0.0,0.233465,0.0,0.19509,0.0,0.117498,0.192805,0.0,0.0,0.267232,0.0,0.165677,0.0,0.933708,0.0,0.21329,0.169299,0.268505,0.097697,0.200922,0.031624,0.0,0.244154,0.024596,0.021326,0.246908,0.0,0.021246,0.258135,0.0,0.099811,0.0,0.11942,0.162611,0.0,0.0,0.0,0.0,0.063699,0.0,0.0,0.5692,0.109926,0.0,0.0,0.045692,0.11557,0.160702,0.090052,0.062185,0.115763,0.164563,0.216759,0.0,0.390213,0.0,0.0,0.0,0.0,0.164389,0.0,0.0,0.271587,0.218871,0.220126,0.0,0.189462,0.237367,0.144649,0.232689,0.020304,0.0,0.101842,0.0,0.0,0.358318,0.0,0.254271,0.0,0.0,0.283183,0.240999,0.0,0.0,0.0,0.0,0.24905,0.300552,0.208511,0.0,0.0,0.196541,0.0,0.162679,0.18886,0.178433,0.262622,0.054576,0.010992,0.0,0.146189,0.035571,0.224646,0.135103,0.0,0.0,0.0,0.11782,0.0,0.0,0.172101,0.11729,0.167548,0.239445,0.0,0.11446,0.021786,0.015143,0.144071,0.0,0.27413,0.0,0.0,0.177212,0.107048,0.137586,0.0,0.0,0.0,0.110877,0.0,0.244944,0.0,0.0,0.0,0.0,0.0,0.0,0.127546,0.551138,0.0,0.0,0.0,0.0,0.0,0.145116,0.132417,0.149623,0.0,0.0,0.0,0.0,0.247071,0.0,0.146601,0.14638,0.044382,0.13912,0.114963,0.0,0.189908,0.0,1.962724,0.020114,0.0,0.0,0.227355,1.050952,0.0,0.0,0.0,0.0,0.0,0.0,0.0,0.149913,0.0,0.649399,0.0,0.0,0.0,0.205899,0.0,0.178834,0.146095,0.0,0.0,0.0,0.0,0.0,0.341125,0.0,0.0,0.117136,0.0,0.027222,0.185038,0.132071,0.155341,0.0,0.090912,0.0,0.0,0.0,0.0,0.238722,0.141233,0.0,0.124439,0.045447,0.168884,0.0,0.165,0.033024,1.139383,0.2241,0.0,0.188892,0.0,0.325626,0.0,0.073647,0.0,0.0,0.0,0.0,0.0,0.0,0.128556,0.108832,0.0,0.19872,0.0,0.0,0.254206,0.05901,0.0,0.187851,0.0,0.0,0.250664,0.124107,0.118155,0.215536,0.117915,0.0,0.0,0.0,0.135429,0.185986,0.154225,0.220878,0.0,0.0,0.0,0.20844,0.0,0.0,0.144221,0.269198,0.0,0.115367,0.256265,0.166548,0.090108,0.190211,0.0,0.0,0.0,0.014652,0.0,0.249679,0.0,0.0,0.289049,0.0,0.276339,0.0,0.002024,0.174445,0.142758,0.151161,0.194049,0.110111,0.0,0.0,0.173991,0.016802,0.0,0.239573,0.225485,0.048333,0.298427,0.0,0.0,0.206187,0.116007,0.0,0.0,0.0,0.165554,0.147917,0.0,0.0,0.0,0.0,0.0,0.081524,0.17182,0.146408,0.0,0.0,0.0,0.141406,0.15607,0.175981,0.0,0.195022,0.0,0.124866,0.0,1e-06,0.0,0.0,0.181313,0.0,0.209837,0.0,0.263773,1e-06,0.126513,0.184093,0.0,0.185931,0.178122,0.117445,0.0,0.0,0.011242,0.279916,0.216664,0.0,0.260787,0.114013,0.197138,9e-06,0.0,0.0,0.0,0.0,0.0,0.195075,0.0,0.0,0.0,0.251967,0.143687,0.0,0.0,0.025242,0.0,0.193628,0.0,0.15166,0.0,0.249294,0.173744,0.0,0.0,1.321445,0.0,0.0,0.132089,0.278421,0.171026,0.387803,0.0,0.120422,0.113342,0.124256,0.120723,0.0,0.080568,0.0,0.0,0.0,0.278599,0.118951,0.163807,0.0,0.0,0.0,0.277483,0.583521,0.0,0.267654,0.0,0.152625,0.0,0.165301,0.0,0.338233,0.0,0.0,0.0,0.0,0.0,0.0,0.236145,0.0,0.183765,0.247655,0.031677,0.0,0.0,0.0,0.043702,0.0,0.0,0.0,0.108827,0.0,0.0,0.190589,0.622748,0.145137,0.252788,0.673354,0.173427,0.0,0.0,0.0,0.0,0.0,0.0,0.0,0.071359,0.0,0.251977,0.128558,0.171091,0.26371,0.157322,0.650196,0.185796,0.0,0.0,0.0,0.0,0.171829,0.0,0.0,0.011017,0.134252,0.0,0.0,0.105259,0.170068,0.0,0.0,0.167732,0.141022,0.018184,0.163058,0.0,0.227359,0.0,0.0,0.17039,0.134258,0.0,0.0
TCGA-22-4613,0.0,0.0,0.0,0.0,0.0,0.243516,0.167515,0.301083,0.058216,0.0,0.248203,0.0,0.0,0.0,0.0,0.317489,0.0,0.078543,0.0,0.0,0.047654,0.0,0.0,0.0,0.0,0.0,0.0,0.0,0.03077,0.25361,0.0,0.0,0.251555,0.502733,0.0,0.108753,0.046567,0.0,0.0,0.0,0.0,0.136373,0.0,0.307343,0.0,0.042008,0.150264,0.0,0.0,0.172218,0.0,0.132184,0.0,0.847862,0.0,0.091247,0.245279,0.189601,0.192836,0.272271,0.099346,0.0,0.143127,0.093596,0.100684,0.152151,0.0,0.06786,0.248909,0.0,0.039883,0.0,0.049631,0.251087,0.0,0.0,0.0,0.0,0.022625,0.0,0.0,0.433288,0.203575,0.0,0.0,0.094329,0.043921,0.061577,0.152296,0.12261,0.188427,0.280396,0.15501,0.0,0.26505,0.0,0.0,0.0,0.0,0.237772,0.0,0.0,0.402736,0.351059,0.336781,0.0,0.144352,0.277814,0.259668,0.174925,0.068791,0.0,0.036913,0.0,0.0,0.24914,0.0,0.216574,0.0,0.0,0.159306,0.356829,0.0,0.0,0.0,0.0,0.170571,0.354428,0.339507,0.0,0.0,0.299811,0.0,0.069386,0.29822,0.242103,0.146783,0.047582,0.074778,0.0,0.060139,0.063657,0.15608,0.049308,0.0,0.0,0.0,0.042578,0.0,0.0,0.258479,0.044802,0.066454,0.161099,0.0,0.192703,0.097407,0.06062,0.252623,0.0,0.165636,0.0,0.0,0.294704,0.078833,0.060273,0.0,0.0,0.0,0.039628,0.0,0.124565,0.0,0.0,0.0,0.0,0.0,0.0,0.230703,0.402922,0.0,0.0,0.0,0.0,0.0,0.22897,0.045788,0.240991,0.0,0.0,0.0,0.0,0.138577,0.0,0.061244,0.058348,0.118286,0.113105,0.058221,0.0,0.263031,0.0,1.763092,0.082015,0.0,0.0,0.148148,0.856515,0.0,0.0,0.0,0.0,0.0,0.0,0.0,0.086194,0.0,0.492529,0.0,0.0,0.0,0.312716,0.0,0.287468,0.230735,0.0,0.0,0.0,0.0,0.0,0.227902,0.0,0.0,0.191876,0.0,0.100959,0.279012,0.235497,0.257495,0.0,0.029859,0.0,0.0,0.0,0.0,0.162958,0.244554,0.0,0.216694,0.116148,0.068943,0.0,0.245388,0.109512,0.96588,0.159515,0.0,0.254563,0.0,0.372201,0.0,0.149865,0.0,0.0,0.0,0.0,0.0,0.0,0.242781,0.18234,0.0,0.292583,0.0,0.0,0.171496,0.064926,0.0,0.308148,0.0,0.0,0.150616,0.049576,0.171154,0.327321,0.040361,0.0,0.0,0.0,0.212682,0.272125,0.226606,0.237089,0.0,0.0,0.0,0.309021,0.0,0.0,0.219652,0.189017,0.0,0.042497,0.158665,0.12488,0.03427,0.129662,0.0,0.0,0.0,0.051215,0.0,0.162307,0.0,0.0,0.184168,0.0,0.14605,0.0,1e-06,0.240316,0.054314,0.223117,0.274715,0.040305,0.0,0.0,0.26937,0.063146,0.0,0.172345,0.131915,0.177754,0.192093,0.0,0.0,0.323378,0.19272,0.0,0.0,0.0,0.065783,0.209886,0.0,0.0,0.0,0.0,0.0,0.175717,0.254682,0.060083,0.0,0.0,0.0,0.061896,0.255832,0.263634,0.0,0.084266,0.0,0.050129,0.0,0.0,0.0,0.0,0.074142,0.0,0.304398,0.0,0.154608,0.0,0.230726,0.282484,0.0,0.266733,0.295464,0.044252,0.0,0.0,0.079577,0.170923,0.336262,0.0,0.183125,0.195583,0.29379,8e-06,0.0,0.0,0.0,0.0,0.0,0.312181,0.0,0.0,0.0,0.18176,0.057106,0.0,0.0,0.066388,0.0,0.285664,0.0,0.058324,0.0,0.161232,0.272323,0.0,0.0,1.164875,0.0,0.0,0.222219,0.184134,0.257053,0.258279,0.0,0.043137,0.185925,0.203332,0.04953,0.0,0.021546,0.0,0.0,0.0,0.423263,0.175774,0.085515,0.0,0.0,0.0,0.385734,0.421534,0.0,0.138315,0.0,0.12245,0.0,0.24703,0.0,0.211601,0.0,0.0,0.0,0.0,0.0,0.0,0.167624,0.0,0.29226,0.328355,0.116269,0.0,0.0,0.0,0.017177,0.0,0.0,0.0,0.222858,0.0,0.0,0.117089,0.49479,0.231169,0.280708,0.53797,0.271055,0.0,0.0,0.0,0.0,0.0,0.0,0.0,0.15856,0.0,0.175824,0.209811,0.297537,0.131792,0.27197,0.551876,0.149024,0.0,0.0,0.0,0.0,0.277247,0.0,0.0,0.085496,0.048158,0.0,0.0,0.039881,0.255203,0.0,0.0,0.137666,0.061146,0.075909,0.061037,0.0,0.264114,0.0,0.0,0.281609,0.054986,0.0,0.0
TCGA-22-5474,0.0,0.0,0.0,0.0,0.0,0.209451,0.219663,0.2618,0.08649,0.0,0.221779,0.0,0.0,0.0,0.0,0.267424,0.0,0.115094,0.0,0.0,0.071957,0.0,0.0,0.0,0.0,0.0,0.0,0.0,0.061356,0.209116,0.0,0.0,0.233305,0.603283,0.0,0.146084,0.072291,0.0,0.0,0.0,0.0,0.183118,0.0,0.282234,0.0,0.073847,0.240648,0.0,0.0,0.219426,0.0,0.206893,0.0,0.954026,0.0,0.142775,0.22619,0.251983,0.149422,0.261726,0.051182,0.0,0.177939,0.050292,0.044748,0.20861,0.0,0.037364,0.214069,0.0,0.064037,0.0,0.082181,0.213381,0.0,0.0,0.0,0.0,0.033489,0.0,0.0,0.516534,0.158033,0.0,0.0,0.053577,0.068398,0.104407,0.114129,0.092572,0.152926,0.227819,0.226458,0.0,0.3465,0.0,0.0,0.0,0.0,0.202058,0.0,0.0,0.40771,0.310913,0.28516,0.0,0.170886,0.206335,0.196214,0.224027,0.039321,0.0,0.059699,0.0,0.0,0.333202,0.0,0.199364,0.0,0.0,0.220102,0.346156,0.0,0.0,0.0,0.0,0.22776,0.278841,0.284596,0.0,0.0,0.250326,0.0,0.104813,0.202105,0.215397,0.206516,0.052302,0.024436,0.0,0.098152,0.02472,0.208377,0.081657,0.0,0.0,0.0,0.074801,0.0,0.0,0.23465,0.068494,0.10332,0.214557,0.0,0.176289,0.043617,0.028746,0.209093,0.0,0.23307,0.0,0.0,0.2471,0.096613,0.093332,0.0,0.0,0.0,0.076134,0.0,0.165922,0.0,0.0,0.0,0.0,0.0,0.0,0.200906,0.4872,0.0,0.0,0.0,0.0,0.0,0.203163,0.088241,0.197103,0.0,0.0,0.0,0.0,0.183979,0.0,0.091988,0.089711,0.076818,0.178981,0.081572,0.0,0.235618,0.0,1.901955,0.036682,0.0,0.0,0.202113,0.974823,0.0,0.0,0.0,0.0,0.0,0.0,0.0,0.123604,0.0,0.591262,0.0,0.0,0.0,0.270637,0.0,0.24357,0.190773,0.0,0.0,0.0,0.0,0.0,0.325529,0.0,0.0,0.148646,0.0,0.044936,0.235029,0.184911,0.206615,0.0,0.054349,0.0,0.0,0.0,0.0,0.226293,0.15137,0.0,0.176075,0.083693,0.117702,0.0,0.218427,0.041714,1.076763,0.242459,0.0,0.255052,0.0,0.425219,0.0,0.11648,0.0,0.0,0.0,0.0,0.0,2e-06,0.196319,0.153983,0.0,0.263296,0.0,0.0,0.237168,0.070232,0.0,0.281332,0.0,0.0,0.195696,0.079607,0.14341,0.302222,0.071739,0.0,0.0,0.0,0.174145,0.227474,0.188725,0.27264,0.0,0.0,0.0,0.276876,0.0,0.0,0.174636,0.245871,0.0,0.070823,0.208943,0.192379,0.046009,0.203807,0.0,0.0,0.0,0.027506,0.0,0.248121,0.0,0.0,0.254301,0.0,0.197804,0.0,0.0,0.230173,0.090987,0.198796,0.256208,0.07661,0.0,0.0,0.229145,0.030402,0.0,0.211596,0.171528,0.100324,0.270351,0.0,0.0,0.286484,0.158946,0.0,0.0,0.0,0.111977,0.19651,0.0,0.0,0.0,0.0,0.0,0.12485,0.237753,0.094593,0.0,0.0,0.0,0.0915,0.221511,0.240486,0.0,0.128094,0.0,0.07708,0.0,0.0,0.0,0.0,0.115715,0.0,0.279013,0.0,0.234292,0.0,0.174268,0.183176,0.0,0.22701,0.261844,0.088959,0.0,0.0,0.02505,0.235932,0.309788,0.0,0.233515,0.148445,0.252613,2.5e-05,0.0,0.0,0.0,0.0,0.0,0.264616,0.0,0.0,0.0,0.227884,0.092896,0.0,0.0,0.032724,0.0,0.265358,0.0,0.098196,0.0,0.20736,0.225568,0.0,0.0,1.2804,0.0,0.0,0.182707,0.245282,0.225493,0.336843,0.0,0.070183,0.110216,0.158093,0.0819,0.0,0.031687,0.0,0.0,0.0,0.416652,0.153064,0.123551,0.0,0.0,0.0,0.393367,0.499214,0.0,0.201303,0.0,0.160703,0.0,0.226535,0.0,0.282141,0.0,0.0,0.0,0.0,0.0,0.0,0.219042,0.0,0.2459,0.35413,0.054814,0.0,0.0,0.0,0.040977,0.0,0.0,0.0,0.135527,0.0,0.0,0.158741,0.5926,0.212724,0.358989,0.632178,0.245354,0.0,0.0,0.0,0.0,0.0,0.0,0.0,0.090647,0.0,0.222679,0.166516,0.245169,0.180059,0.228257,0.653316,0.241336,0.0,0.0,0.0,0.0,0.254,0.0,0.0,0.031535,0.07479,0.0,0.0,0.070539,0.218324,0.0,0.0,0.22658,0.088209,0.043721,0.102036,0.0,0.292384,0.0,0.0,0.249436,0.086019,0.0,0.0
TCGA-22-5480,6e-06,0.0,0.0,0.0,0.0,0.213598,0.207095,0.275976,0.059503,0.0,0.240445,0.0,0.0,0.0,0.0,0.269157,0.0,0.126903,0.0,0.0,0.048637,0.0,0.0,0.0,0.0,0.0,0.0,0.0,0.03941,0.209903,0.0,0.0,0.247442,0.571311,0.0,0.117107,0.050024,0.0,0.0,0.0,0.0,0.165392,0.0,0.299913,0.0,0.045492,0.280978,0.0,0.0,0.196264,0.0,0.249762,0.0,0.93283,0.0,0.106828,0.238927,0.231474,0.152382,0.281149,0.035794,0.0,0.159533,0.03436,0.023432,0.192812,0.0,0.02693,0.123611,0.0,0.039172,0.0,0.050923,0.220113,0.0,0.0,0.0,0.0,0.016792,0.0,0.0,0.48068,0.154397,0.0,0.0,0.044147,0.046359,0.072348,0.110263,0.093997,0.163294,0.234726,0.248062,0.0,0.322277,0.0,0.0,0.0,0.0,0.205708,0.0,0.0,0.451216,0.323124,0.293575,0.0,0.16411,0.127956,0.191605,0.204607,0.029273,0.0,0.036582,0.0,0.0,0.310537,0.0,0.131485,0.0,0.0,0.195208,0.362805,0.0,0.0,0.0,0.0,0.212954,0.206836,0.289034,0.0,0.0,0.266047,0.0,0.077735,0.130012,0.223923,0.179522,0.05095,0.005719,0.0,0.069335,0.014314,0.198276,0.055979,0.0,0.0,0.0,0.047684,0.0,0.0,0.253717,0.045076,0.069613,0.204037,0.0,0.189649,0.029208,0.019914,0.207856,0.0,0.196113,0.0,0.0,0.245753,0.087599,0.064449,0.0,0.0,0.0,0.045214,0.0,0.141722,0.0,0.0,0.0,0.0,0.0,0.0,0.210497,0.455877,0.0,0.0,0.0,0.0,0.0,0.216899,0.056185,0.19399,0.0,0.0,0.0,0.0,0.160086,0.0,0.067563,0.060213,0.065632,0.19552,0.046385,0.0,0.251961,0.0,1.819765,0.016901,0.0,0.0,0.187344,0.924972,0.0,0.0,0.0,0.0,0.0,0.0,0.0,0.146045,0.0,0.558972,0.0,0.0,0.0,0.276408,0.0,0.244541,0.189652,0.0,0.0,0.0,0.0,0.0,0.317741,0.0,0.0,0.154533,0.0,0.026636,0.243087,0.185314,0.206633,0.0,0.032609,0.0,0.0,0.0,0.0,0.210794,0.113441,0.0,0.176493,0.08462,0.089676,0.0,0.222499,0.016663,1.023391,0.250451,0.0,0.282618,0.0,0.480482,0.0,0.121442,0.0,0.0,0.0,0.0,0.0,1e-06,0.196944,0.152019,0.0,0.27858,0.0,0.0,0.221825,0.068092,0.0,0.299918,0.0,0.0,0.175277,0.052936,0.151344,0.314151,0.044327,0.0,0.0,0.0,0.181868,0.22957,0.195367,0.318203,0.0,0.0,0.0,0.296636,0.0,0.0,0.18155,0.23066,0.0,0.049234,0.193703,0.227124,0.045238,0.207368,0.0,0.0,0.0,0.016417,0.0,0.264768,0.0,0.0,0.234417,0.0,0.172473,0.0,5.3e-05,0.243751,0.062209,0.209175,0.277063,0.045585,0.0,0.0,0.240441,0.020118,0.0,0.193589,0.153398,0.04371,0.255449,0.0,0.0,0.296715,0.163256,0.0,0.0,0.0,0.0796,0.208938,0.0,0.0,0.0,0.0,0.0,0.124522,0.25088,0.065901,0.0,0.0,0.0,0.071088,0.22715,0.253621,0.0,0.09488,0.0,0.056632,0.0,0.0,0.0,0.0,0.083506,0.0,0.29799,0.0,0.217513,0.0,0.174662,0.130127,0.0,0.237267,0.270399,0.059103,0.0,0.0,0.005478,0.22314,0.322337,0.0,0.216394,0.154267,0.263707,1.6e-05,0.0,0.0,0.0,0.0,0.0,0.273547,0.0,0.0,0.0,0.212474,0.06649,0.0,0.0,0.025576,0.0,0.284956,0.0,0.06185,0.0,0.182631,0.228017,0.0,0.0,1.23758,0.0,0.0,0.182324,0.225794,0.232524,0.314486,0.0,0.041951,0.085418,0.161358,0.057806,0.0,0.030724,0.0,0.0,0.0,0.449032,0.160418,0.097288,0.0,0.0,0.0,0.435372,0.466765,0.0,0.175055,0.0,0.183748,0.0,0.241767,0.0,0.252073,0.0,0.0,0.0,0.0,0.0,0.0,0.204923,0.0,0.248601,0.397313,0.038084,0.0,0.0,0.0,0.026754,0.0,0.0,0.0,0.091483,0.0,0.0,0.135171,0.55559,0.229401,0.411961,0.601157,0.260985,0.0,0.0,0.0,0.0,0.0,0.0,0.0,0.0644,0.0,0.20915,0.170405,0.241919,0.159762,0.238545,0.631212,0.303239,0.0,0.0,0.0,0.0,0.270265,0.0,0.0,0.009119,0.047253,0.0,0.0,0.041428,0.226832,0.0,0.0,0.280548,0.063651,0.035348,0.070511,0.0,0.33521,0.0,0.0,0.259692,0.058602,0.0,0.0
TCGA-22-5489,4e-06,0.0,0.0,0.0,0.0,0.234917,0.186279,0.299608,0.04313,0.0,0.26199,0.0,0.0,0.0,0.0,0.299735,0.0,0.125952,0.0,0.0,0.041333,0.0,0.0,0.0,0.0,0.0,0.0,0.0,0.029119,0.225045,0.0,0.0,0.257715,0.529262,0.0,0.101867,0.038263,0.0,0.0,0.0,0.0,0.13961,0.0,0.331291,0.0,0.032562,0.284156,0.0,0.0,0.179909,0.0,0.255601,0.0,0.911108,0.0,0.081628,0.252016,0.207634,0.167505,0.304231,0.052498,0.0,0.132058,0.042242,0.026583,0.176383,0.0,0.039476,0.10427,0.0,0.028551,0.0,0.034455,0.237553,0.0,0.0,0.0,0.0,0.014318,0.0,0.0,0.446552,0.172955,0.0,0.0,0.055886,0.038144,0.054794,0.136255,0.109426,0.1726,0.252077,0.240825,0.0,0.288064,0.0,0.0,0.0,0.0,0.230059,0.0,0.0,0.488793,0.342884,0.325694,0.0,0.140078,0.118611,0.199704,0.184595,0.036278,0.0,0.026885,0.0,0.0,0.27967,0.0,0.104444,0.0,0.0,0.169987,0.39251,0.0,0.0,0.0,0.0,0.192231,0.207645,0.324453,0.0,0.0,0.281515,0.0,0.062876,0.134573,0.240813,0.149948,0.047963,0.012168,0.0,0.047887,0.024217,0.182303,0.042147,0.0,0.0,0.0,0.033389,0.0,0.0,0.273109,0.033577,0.0525,0.18492,0.0,0.204485,0.035948,0.028693,0.225372,0.0,0.162484,0.0,0.0,0.260303,0.073799,0.047807,0.0,0.0,0.0,0.029028,0.0,0.125369,0.0,0.0,0.0,0.0,0.0,0.0,0.2229,0.43886,0.0,0.0,0.0,0.0,0.0,0.24229,0.041507,0.216759,0.0,0.0,0.0,0.0,0.133468,0.0,0.050388,0.045957,0.07589,0.184704,0.034973,0.0,0.27181,0.0,1.781486,0.027451,0.0,0.0,0.174246,0.884874,0.0,0.0,0.0,0.0,0.0,0.0,0.0,0.155912,0.0,0.523246,0.0,0.0,0.0,0.298836,1e-06,0.276197,0.214052,0.0,0.0,0.0,0.0,0.0,0.29542,0.0,0.0,0.180973,0.0,0.040387,0.260869,0.208725,0.227115,0.0,0.024579,0.0,0.0,0.0,0.0,0.184904,0.120171,0.0,0.19565,0.09643,0.065675,0.0,0.253138,0.027263,0.976825,0.240443,0.0,0.30201,0.0,0.521846,0.0,0.135174,0.0,0.0,0.0,0.0,0.0,0.0,0.21133,0.170088,0.0,0.299337,0.0,0.0,0.199074,0.08308,0.0,0.323277,0.0,0.0,0.140788,0.037162,0.165719,0.353063,0.033451,0.0,0.0,0.0,0.216313,0.253962,0.221398,0.338057,0.0,0.0,0.0,0.316925,0.0,0.0,0.199251,0.212388,0.0,0.03805,0.171699,0.232439,0.039494,0.212305,0.0,0.0,0.0,0.028216,0.0,0.26161,0.0,0.0,0.215566,0.0,0.150748,0.0,0.000336,0.277817,0.041227,0.222831,0.29562,0.032529,0.0,0.0,0.261296,0.026295,0.0,0.175098,0.123995,0.055395,0.234747,0.0,0.0,0.309711,0.178056,0.0,0.0,0.0,0.054402,0.226066,0.0,0.0,0.0,0.0,0.0,0.149017,0.271358,0.051307,0.0,0.0,0.0,0.056234,0.241293,0.27194,0.0,0.075281,0.0,0.045724,0.0,0.0,0.0,0.0,0.063302,0.0,0.322751,0.0,0.196746,0.0,0.194033,0.138829,0.0,0.263798,0.285846,0.041345,0.0,0.0,0.010679,0.198985,0.349531,0.0,0.193462,0.168086,0.277931,3e-06,0.0,0.0,0.0,0.0,0.0,0.278918,0.0,0.0,0.0,0.206104,0.049033,0.0,0.0,0.03393,0.0,0.313674,0.0,0.046483,0.0,0.159166,0.24911,0.0,0.0,1.205344,0.0,0.0,0.194817,0.211558,0.252092,0.285209,0.0,0.029972,0.091544,0.175826,0.042678,0.0,0.025996,0.0,0.0,0.0,0.489102,0.177482,0.077781,0.0,0.0,0.0,0.458463,0.418128,0.0,0.145529,0.0,0.189394,0.0,0.255894,0.0,0.210329,0.0,0.0,0.0,0.0,0.0,0.0,0.186795,0.0,0.263962,0.433546,0.051869,0.0,0.0,0.0,0.017365,0.0,0.0,0.0,0.096966,0.0,0.0,0.106292,0.528022,0.248326,0.419935,0.569989,0.287421,0.0,0.0,0.0,0.0,0.0,0.0,0.0,0.067451,0.0,0.186786,0.188276,0.263899,0.142616,0.252193,0.604185,0.311634,0.0,0.0,1e-06,0.0,0.29358,0.0,0.0,0.017322,0.038993,0.0,0.0,0.029326,0.246487,0.0,0.0,0.276944,0.047962,0.033094,0.050803,0.0,0.35406,0.0,0.0,0.280439,0.043828,0.0,0.0
TCGA-33-4533,1e-06,0.0,0.0,0.0,0.0,0.123681,0.335755,0.158861,0.193461,0.0,0.134845,0.0,0.0,0.0,0.0,0.168251,0.0,0.153431,0.0,0.0,0.167054,0.0,0.0,0.0,0.0,0.0,0.0,0.0,0.130621,0.119717,0.0,0.0,0.137735,0.766084,0.0,0.251537,0.17173,0.0,0.0,0.0,3.8e-05,0.302569,0.0,0.176632,0.0,0.173432,0.293523,0.0,0.0,0.327867,0.0,0.235612,0.0,1.071348,0.0,0.290089,0.134444,0.37351,0.087522,0.186122,0.005853,0.0,0.287034,0.004089,0.004819,0.333878,0.0,0.002504,0.260985,0.0,0.141027,0.0,0.186362,0.114442,0.0,0.0,0.0,0.0,0.083287,0.0,0.0,0.677908,0.069271,0.0,0.0,0.004964,0.16548,0.227367,0.046533,0.028618,0.070024,0.119625,0.276564,0.0,0.482646,0.0,0.0,0.0,0.0,0.104334,0.0,0.0,0.326929,0.197353,0.172035,0.0,0.25865,0.189369,0.086886,0.319472,0.002234,0.0,0.151135,0.0,0.0,0.466105,0.0,0.273356,0.0,0.0,0.350649,0.242233,0.0,0.0,0.0,0.0,0.335956,0.251583,0.181969,0.0,0.0,0.13195,0.0,0.226064,0.174492,0.123831,0.33439,0.070364,0.00255,0.0,0.210429,0.000807,0.306096,0.196837,0.0,0.0,0.0,0.172916,0.0,0.0,0.136173,0.147371,0.219438,0.311036,0.0,0.107297,0.003156,0.000792,0.107554,0.0,0.364164,0.0,0.0,0.139036,0.16105,0.201295,0.0,0.0,0.0,0.159451,0.0,0.290751,0.0,0.0,0.0,0.0,0.0,0.0,0.11791,0.657592,0.0,0.0,0.0,0.0,0.0,0.12429,0.188038,0.107517,0.0,0.0,0.0,0.0,0.304071,0.0,0.199414,0.208432,0.014913,0.202387,0.174945,0.0,0.135333,0.0,2.12402,0.001801,0.0,0.0,0.298363,1.155325,0.0,2e-06,0.0,0.0,0.0,0.0,0.001444,0.147789,0.0,0.766382,0.0,0.0,0.0,0.160932,0.0,0.152381,0.102452,0.0,0.0,0.0,0.0,0.0,0.437964,0.0,0.0,0.073694,0.0,0.006407,0.131236,0.087055,0.096311,0.0,0.144531,0.0,0.0,0.0,0.0,0.337252,0.083046,0.0,0.090163,0.021999,0.235501,0.0,0.130651,0.003507,1.279991,0.293355,0.0,0.170187,0.0,0.354938,0.0,0.040009,0.0,0.0,0.0,0.0,0.0,0.0,0.109548,0.081156,4e-05,0.16091,0.0,0.0,0.346103,0.077625,0.0,0.172525,0.0,0.0,0.306734,0.187152,0.080972,0.209059,0.179344,0.0,3e-06,0.0,0.101932,0.138503,0.109888,0.224192,0.0,1e-06,0.0,0.179248,0.0,0.0,0.074695,0.363718,0.0,0.174383,0.315101,0.227609,0.124039,0.272381,0.0,0.0,0.0,0.000384,0.0,0.311208,0.0,0.0,0.382179,0.0,0.323165,0.0,0.0,0.165705,0.203073,0.105144,0.17336,0.164542,0.0,0.0,0.146812,0.00102,0.0,0.312008,0.285365,0.072729,0.408902,0.0,0.0,0.165189,0.076515,0.0,0.0,0.0,0.212047,0.118238,0.0,0.0,0.0,0.0,0.0,0.037547,0.149409,0.213234,0.0,0.0,0.0,0.179037,0.117536,0.158429,0.0,0.246817,0.0,0.172998,0.0,0.0,0.0,0.0,0.266581,0.0,0.179821,0.0,0.310539,0.0,0.086043,0.143182,0.0,0.13393,0.144585,0.182979,0.0,0.0,0.000726,0.355099,0.213133,0.0,0.356025,0.067687,0.147061,0.000111,0.0,0.0,0.0,0.0,0.0,0.143844,0.0,0.0,0.0,0.344077,0.195927,0.0,0.0,0.002024,0.0,0.190362,0.0,0.229104,3e-06,0.308007,0.125378,0.0,0.0,1.446763,0.0,0.0,0.094953,0.36208,0.120257,0.483467,0.0,0.16713,0.045956,0.058248,0.181475,0.0,0.077903,0.0,0.0,0.0,0.312511,0.086366,0.238891,0.0,0.0,0.0,0.301525,0.663629,0.0,0.350313,0.0,0.15906,0.0,0.126633,0.0,0.424247,0.0,0.0,0.0,0.0,0.0,0.0,0.306007,2e-06,0.126327,0.29333,0.00559,0.0,0.0,0.0,0.083423,0.0,0.0,0.0,0.087759,0.0,0.0,0.240706,0.742146,0.14021,0.380732,0.781757,0.1645,0.0,0.0,0.0,0.0,0.0,0.0,0.0,0.03594,0.0,0.344392,0.081915,0.142002,0.295543,0.128035,0.73166,0.295314,0.0,0.0,0.0,0.0,0.174367,0.0,0.0,0.001559,0.184437,0.0,0.0,0.169597,0.109642,0.0,0.0,0.281294,0.190946,0.002297,0.221929,0.0,0.233613,0.0,0.0,0.154242,0.195436,0.0,0.0
TCGA-33-4538,1e-06,0.0,0.0,0.0,0.0,0.200652,0.242268,0.247677,0.104966,0.0,0.21397,0.0,0.0,0.0,0.0,0.268341,0.0,0.105521,0.0,0.0,0.076142,0.0,0.0,0.0,0.0,0.0,0.0,0.0,0.054605,0.208472,0.0,0.0,0.226559,0.627222,0.0,0.169185,0.087551,0.0,0.0,0.0,0.0,0.213053,0.0,0.268923,0.0,0.080548,0.271289,0.0,0.0,0.240399,0.0,0.216559,0.0,0.996257,0.0,0.165379,0.21419,0.294029,0.151471,0.262568,0.032333,0.0,0.192901,0.030062,0.033023,0.244875,0.0,0.018495,0.189105,0.0,0.061462,0.0,0.09598,0.191074,0.0,0.0,0.0,0.0,0.037891,0.0,0.0,0.55123,0.133783,0.0,0.0,0.029037,0.07519,0.116849,0.105004,0.069452,0.123818,0.208856,0.232592,0.0,0.373114,0.0,0.0,1e-06,0.0,0.173429,0.0,0.0,0.450017,0.298991,0.26349,0.0,0.201539,0.176263,0.169194,0.251536,0.02082,0.0,0.066998,0.0,0.0,0.370231,0.0,0.193046,0.0,0.0,0.24055,0.339628,0.0,0.0,0.0,0.0,0.263349,0.250881,0.280824,1e-06,0.0,0.216662,0.0,0.119621,0.211042,0.201084,0.238059,0.068447,0.016566,0.0,0.108893,0.004299,0.227726,0.09917,0.0,0.0,0.0,0.085278,0.0,0.0,0.212474,0.060673,0.117577,0.246639,0.0,0.1696,0.02317,0.009886,0.183982,0.0,0.258428,0.0,0.0,0.230278,0.111681,0.100032,0.0,0.0,0.0,0.065868,0.0,0.189502,0.0,0.0,0.0,0.0,0.0,0.0,0.201297,0.532318,0.0,0.0,0.0,0.0,0.0,0.192499,0.086741,0.180024,0.0,0.0,0.0,0.0,0.20263,0.0,0.107516,0.104255,0.048008,0.177504,0.097487,0.0,0.211766,0.0,1.968036,0.015671,0.0,0.0,0.224552,1.014898,0.0,0.0,0.0,0.0,0.0,0.0,6e-06,0.115155,0.0,0.626918,0.0,0.0,0.0,0.25209,0.0,0.227553,0.177429,0.0,0.0,0.0,0.0,0.0,0.357795,0.0,0.0,0.128283,0.0,0.032028,0.208666,0.157435,0.163375,0.0,0.059982,0.0,0.0,0.0,0.0,0.25487,0.134044,0.0,0.15691,0.064657,0.124313,0.0,0.19949,0.019273,1.121003,0.257843,0.0,0.239382,0.0,0.434575,0.0,0.089439,0.0,0.0,0.0,0.0,0.0,0.0,0.189778,0.148232,0.0,0.247505,0.0,0.0,0.262876,0.059294,0.0,0.273212,0.0,0.0,0.209783,0.09438,0.135457,0.30205,0.086178,0.0,0.0,0.0,0.166382,0.217222,0.176444,0.279036,0.0,0.0,0.0,0.267139,0.0,0.0,0.135649,0.278361,0.0,0.090843,0.228569,0.200646,0.042166,0.232404,0.0,0.0,1e-06,0.006718,0.0,0.258822,0.0,0.0,0.287773,0.0,0.216409,0.0,0.0,0.230766,0.10922,0.18139,0.246349,0.068062,0.0,0.0,0.223604,0.014445,0.0,0.238417,0.19632,0.112357,0.302905,0.0,0.0,0.26434,0.14049,0.0,0.0,0.0,0.108354,0.179879,0.0,0.0,0.0,0.0,0.0,0.092753,0.22481,0.103927,0.0,0.0,0.0,0.114264,0.202266,0.241925,0.0,0.143822,0.0,0.082869,0.0,0.0,0.0,0.0,0.149593,0.0,0.267336,0.0,0.232697,0.0,0.158295,0.177927,0.0,0.21547,0.237362,0.090292,0.0,0.0,0.007827,0.262311,0.315364,0.0,0.281516,0.127445,0.23103,1.1e-05,0.0,0.0,0.0,0.0,0.0,0.234216,0.0,0.0,0.0,0.277515,0.097701,0.0,0.0,0.01466,0.0,0.274844,0.0,0.108698,0.0,0.222859,0.196181,0.0,0.0,1.334602,0.0,0.0,0.169521,0.276449,0.203329,0.357536,0.0,0.078085,0.083619,0.117005,0.090592,0.0,0.03272,0.0,0.0,0.0,0.437952,0.152671,0.15465,0.0,0.0,0.0,0.393835,0.518104,0.0,0.23054,0.0,0.138856,0.0,0.202315,0.0,0.292907,0.0,0.0,0.0,0.0,0.0,0.0,0.241633,0.0,0.215057,0.376507,0.034371,0.0,0.0,0.0,0.033379,0.0,0.0,0.0,0.123352,0.0,0.0,0.186084,0.629829,0.213273,0.431574,0.665183,0.247705,0.0,0.0,0.0,0.0,0.0,0.0,0.0,0.067328,0.0,0.267001,0.152502,0.22578,0.190519,0.201655,0.655827,0.270407,0.0,0.0,0.0,0.0,0.254485,0.0,2e-06,0.012055,0.08103,0.0,0.0,0.081947,0.190855,0.0,0.0,0.254034,0.105544,0.024988,0.117415,0.0,0.292217,0.0,0.0,0.244892,0.097086,0.0,0.0
TCGA-33-6738,2e-06,0.0,0.0,0.0,0.0,0.0586,0.424399,0.081711,0.301999,0.0,0.068791,0.0,0.0,0.0,0.0,0.079316,0.0,0.225442,0.0,0.0,0.275856,0.0,0.0,0.0,0.0,0.0,0.0,0.0,0.263621,0.061572,0.0,0.0,0.072877,0.972581,0.0,0.348389,0.278137,0.0,0.0,0.0,0.0,0.41566,0.0,0.09132,0.0,0.311988,0.30908,0.0,0.0,0.421529,0.0,0.276591,0.0,1.197971,0.0,0.464941,0.075897,0.479303,0.03744,0.115193,0.003456,0.0,0.387798,0.002913,0.003412,0.437432,0.0,0.002053,0.392782,0.0,0.250781,0.0,0.333277,0.063029,0.0,0.0,0.0,0.0,0.134097,0.0,0.0,0.85444,0.03502,0.0,0.0,0.004387,0.279606,0.38236,0.023139,0.014923,0.037932,0.05918,0.312281,0.0,0.651383,0.0,0.0,0.0,0.0,0.053176,0.0,0.0,0.195435,0.104243,0.089349,0.0,0.317925,0.250085,0.040456,0.395762,0.002513,0.0,0.263227,0.0,0.0,0.582919,0.0,0.401941,0.0,0.0,0.502083,0.152345,0.0,0.0,0.0,0.0,0.417586,0.29836,0.089219,0.0,0.0,0.069551,0.0,0.363508,0.173726,0.07163,0.474901,0.07303,0.000558,0.0,0.351674,0.003062,0.380445,0.331305,0.0,0.0,0.0,0.310405,0.0,0.0,0.072499,0.263421,0.36682,0.387897,0.0,0.054519,0.000674,0.000937,0.053326,0.0,0.528046,0.0,0.0,0.069066,0.203187,0.332061,0.0,0.0,0.0,0.335135,0.0,0.396987,0.0,0.0,0.0,0.0,0.0,0.0,0.065939,0.826689,0.0,0.0,0.0,0.0,0.0,0.060534,0.351069,0.051996,0.0,0.0,0.0,0.0,0.431604,0.0,0.32125,0.335121,0.007186,0.256154,0.280045,0.0,0.071603,0.0,2.394968,0.001949,0.0,0.0,0.392241,1.364372,0.0,0.0,0.0,0.0,0.0,0.0,0.0,0.204476,0.0,0.980765,0.0,0.0,0.0,0.084411,0.0,0.071666,0.054457,0.0,0.0,0.0,0.0,0.0,0.542609,0.0,0.0,0.036392,0.0,0.003628,0.067512,0.043463,0.048129,0.0,0.259178,0.0,0.0,0.0,0.0,0.452521,0.062475,0.0,0.041562,0.010325,0.406338,0.0,0.074671,0.002382,1.540875,0.334377,0.0,0.109367,0.0,0.254317,0.0,0.017541,0.0,0.0,0.0,0.0,0.0,0.0,0.050996,0.042735,0.0,0.089376,0.0,0.0,0.466168,0.11033,0.0,0.088277,0.0,0.0,0.418905,0.315808,0.047277,0.113837,0.311879,0.0,0.0,0.0,0.048085,0.074023,0.056249,0.185326,0.0,0.0,0.0,0.098673,0.0,0.0,0.041916,0.46161,0.0,0.280751,0.414833,0.277734,0.205457,0.322781,0.0,0.0,1e-06,6.3e-05,0.0,0.378559,0.0,0.0,0.504121,0.0,0.451047,0.0,2e-06,0.102262,0.337218,0.060853,0.103835,0.34142,0.0,0.0,0.079283,0.000609,0.0,0.387945,0.394297,0.027491,0.538561,0.0,0.0,0.088753,0.038869,0.0,0.0,0.0,0.399428,0.073556,0.0,0.0,0.0,0.0,0.0,0.020254,0.085711,0.352313,0.0,0.0,0.0,0.262536,0.061605,0.082919,0.0,0.380732,0.0,0.276128,0.0,0.0,0.0,0.0,0.423241,0.0,0.103459,0.0,0.438625,0.0,0.033753,0.138853,0.0,0.071665,0.077254,0.341455,0.0,0.0,9.3e-05,0.46312,0.119967,0.0,0.439816,0.030851,0.079465,0.000232,0.0,0.0,0.0,0.0,0.0,0.076076,0.0,0.0,0.0,0.42703,0.323138,0.0,0.0,0.002519,0.0,0.105398,0.0,0.405975,0.0,0.41365,0.060642,0.0,0.0,1.63069,0.0,0.0,0.050245,0.461405,0.067589,0.640015,0.0,0.301391,0.034432,0.03184,0.2999,0.0,0.135045,0.0,0.0,0.0,0.177628,0.051662,0.343503,0.0,0.0,0.0,0.211473,0.873457,0.0,0.509815,0.0,0.199328,0.0,0.075415,0.0,0.61688,0.0,0.0,0.0,0.0,0.0,0.0,0.382174,0.0,0.069735,0.219671,0.004895,0.0,0.0,0.0,0.196865,0.0,0.0,0.0,0.080681,0.0,0.0,0.334916,0.895585,0.078022,0.278317,0.953077,0.089186,0.0,0.0,0.0,0.0,0.0,0.0,0.0,0.02591,0.0,0.435329,0.040886,0.06652,0.411678,0.063279,0.867328,0.298223,0.0,0.0,0.0,0.0,0.089542,0.0,0.0,6.4e-05,0.322614,0.0,0.0,0.310114,0.061798,0.0,0.0,0.292792,0.301446,0.001418,0.365771,0.0,0.190546,0.0,0.0,0.080575,0.328046,0.0,0.0
TCGA-33-A5GW,1e-06,0.0,0.0,0.0,0.0,0.208567,0.216704,0.25148,0.116828,0.0,0.203057,0.0,0.0,0.0,0.0,0.279789,0.0,0.08189,0.0,0.0,0.088492,0.0,0.0,0.0,0.0,0.0,0.0,0.0,0.067526,0.226472,0.0,0.0,0.215584,0.591853,0.0,0.16057,0.095452,0.0,0.0,0.0,0.0,0.194185,0.0,0.262058,0.0,0.089816,0.167414,0.0,0.0,0.226223,0.0,0.118534,0.0,0.910858,0.0,0.163206,0.201378,0.261967,0.166849,0.241041,0.067577,0.0,0.189797,0.073211,0.076309,0.216937,0.0,0.042557,0.271454,0.0,0.072227,0.0,0.100202,0.211763,0.0,0.0,0.0,0.0,0.047463,0.0,0.0,0.518503,0.166957,0.0,0.0,0.060807,0.081224,0.11656,0.134,0.089653,0.133687,0.234242,0.180263,0.0,0.341193,0.0,0.0,0.0,0.0,0.19238,0.0,0.0,0.37769,0.303192,0.280184,0.0,0.187539,0.285724,0.213931,0.220719,0.044466,0.0,0.073501,0.0,0.0,0.320488,0.0,0.255701,0.0,0.0,0.220422,0.312837,0.0,0.0,0.0,0.0,0.231282,0.346198,0.293273,0.0,0.0,0.239648,0.0,0.123448,0.308419,0.211839,0.219938,0.060457,0.063756,0.0,0.113084,0.035571,0.204076,0.10284,0.0,0.0,0.0,0.096475,0.0,0.0,0.212521,0.08114,0.1196,0.20939,0.0,0.153894,0.060871,0.034039,0.204123,0.0,0.244103,0.0,0.0,0.245342,0.096955,0.10396,0.0,0.0,0.0,0.077921,0.0,0.184874,0.0,0.0,0.0,0.0,0.0,0.0,0.19613,0.499908,0.0,0.0,0.0,0.0,0.0,0.18258,0.095391,0.19755,0.0,0.0,0.0,0.0,0.193584,0.0,0.108913,0.109807,0.086276,0.116048,0.107031,0.0,0.209786,0.0,1.907848,0.055577,0.0,0.0,0.208259,0.967425,0.0,0.0,0.0,0.0,0.0,0.0,0.0,0.077813,0.0,0.587474,0.0,0.0,0.0,0.26506,0.0,0.236985,0.19767,0.0,0.0,0.0,0.0,0.0,0.29017,0.0,0.0,0.147151,0.0,0.076433,0.226575,0.182187,0.200291,0.0,0.068322,0.0,0.0,0.0,0.0,0.224728,0.221381,0.0,0.168444,0.080381,0.123085,0.0,0.206663,0.079119,1.071528,0.190789,0.0,0.20724,0.0,0.333626,0.0,0.106465,0.0,0.0,0.0,0.0,0.0,2e-06,0.209339,0.161524,0.0,0.251965,0.0,0.0,0.232359,0.039432,0.0,0.266943,0.0,0.0,0.200244,0.10177,0.146163,0.288743,0.08819,0.0,4e-06,0.0,0.171366,0.230368,0.185406,0.211216,0.0,0.0,0.0,0.256021,0.0,0.0,0.166359,0.239127,0.0,0.088338,0.213441,0.126911,0.04988,0.167729,0.0,0.0,0.0,0.023877,0.0,0.193993,0.0,0.0,0.251998,0.0,0.207873,0.0,3e-06,0.204392,0.104536,0.184887,0.229278,0.079208,0.0,0.0,0.220103,0.036183,0.0,0.224889,0.185769,0.188924,0.256082,0.0,0.0,0.279205,0.15227,0.0,0.0,0.0,0.119928,0.170323,0.0,0.0,0.0,0.0,0.0,0.127234,0.209778,0.110554,0.0,0.0,0.0,0.118868,0.211663,0.232146,0.0,0.140534,0.0,0.092471,0.0,0.0,0.0,0.0,0.144688,0.0,0.272363,0.0,0.197005,0.0,0.186685,0.26592,0.0,0.223119,0.246034,0.093167,0.0,0.0,0.053538,0.236476,0.30138,0.0,0.252294,0.152,0.243986,3.4e-05,0.0,0.0,0.0,0.0,0.0,0.250955,0.0,0.0,0.0,0.245104,0.107551,0.0,0.0,0.042026,0.0,0.246742,0.0,0.112143,0.0,0.217762,0.214124,0.0,0.0,1.265528,0.0,0.0,0.188949,0.252433,0.217612,0.325475,0.0,0.092548,0.157112,0.148342,0.090192,0.0,0.039702,0.0,0.0,0.0,0.378866,0.152853,0.145018,0.0,0.0,0.0,0.337293,0.50461,0.0,0.208199,0.0,0.097184,0.0,0.203852,0.0,0.273113,0.0,0.0,0.0,0.0,0.0,0.0,0.208226,0.0,0.245098,0.294305,0.084889,0.0,0.0,2e-06,0.036488,0.0,0.0,0.0,0.203779,0.0,0.0,0.189982,0.585697,0.198933,0.29642,0.618607,0.230149,0.0,0.0,0.0,0.0,0.0,0.0,0.0,0.124784,0.0,0.240343,0.172597,0.247696,0.183922,0.212811,0.593665,0.149197,0.0,0.0,0.0,0.0,0.238857,0.0,0.0,0.051479,0.094216,0.0,0.0,0.087007,0.209186,0.0,0.0,0.144602,0.104827,0.041538,0.120551,0.0,0.230236,0.0,0.0,0.248438,0.096722,0.0,0.0
TCGA-33-AAS8,0.0,0.0,0.0,0.0,0.0,0.076346,0.398874,0.103769,0.276005,0.0,0.078726,0.0,0.0,0.0,0.0,0.096896,0.0,0.232492,0.0,0.0,0.25781,0.0,0.0,0.0,0.0,0.0,0.0,0.0,0.262338,0.078819,0.0,0.0,0.084102,0.953341,0.0,0.309776,0.244075,0.0,0.0,0.0,0.0,0.370904,0.0,0.116394,0.0,0.279747,0.298808,0.0,0.0,0.408777,0.0,0.261839,0.0,1.195384,0.0,0.412779,0.09565,0.440934,0.044213,0.12887,0.005626,0.0,0.365799,0.008411,0.004324,0.397856,0.0,0.005134,0.426657,0.0,0.228948,0.0,0.290467,0.096188,0.0,0.0,0.0,0.0,0.118325,0.0,0.0,0.826091,0.052281,0.0,0.0,0.00842,0.247502,0.346988,0.034704,0.028368,0.05912,0.082292,0.305185,0.0,0.613194,0.0,0.0,0.0,1e-06,0.081804,0.0,0.0,0.205341,0.134824,0.119132,0.0,0.281432,0.304187,0.063797,0.365586,0.0047,0.0,0.232576,0.0,0.0,0.543785,0.0,0.399954,0.0,0.0,0.469947,0.185339,0.0,0.0,0.0,0.0,0.374435,0.323645,0.114942,0.0,0.0,0.095288,0.0,0.322879,0.194326,0.094593,0.438213,0.055118,0.003063,0.0,0.319352,0.009437,0.357954,0.29555,0.0,0.0,0.0,0.274575,0.0,0.0,0.097662,0.25181,0.325636,0.351925,0.0,0.064474,0.004155,0.003455,0.075188,0.0,0.493412,0.0,0.0,0.092664,0.185426,0.299719,0.0,0.0,0.0,0.322101,0.0,0.373111,0.0,0.0,0.0,0.0,0.0,0.0,0.070273,0.793034,0.0,0.0,0.0,0.0,0.0,0.073388,0.339656,0.069292,0.0,0.0,0.0,0.0,0.402863,0.0,0.285163,0.304,0.013963,0.2612,0.258377,0.0,0.100428,0.0,2.38285,0.003763,0.0,0.0,0.358876,1.35384,0.0,0.0,0.0,0.0,0.0,0.0,0.0,0.204942,0.0,0.949854,0.0,0.0,0.0,0.119648,0.0,0.103625,0.077513,0.0,0.0,0.0,0.0,0.0,0.521134,0.0,0.0,0.058462,0.0,0.006257,0.090421,0.068572,0.077212,0.0,0.225567,0.0,0.0,0.0,0.0,0.42081,0.088182,0.0,0.058414,0.017328,0.365104,0.0,0.103624,0.009181,1.513724,0.337635,0.0,0.124998,0.0,0.267463,0.0,0.033518,0.0,0.0,0.0,0.0,0.0,1e-06,0.070115,0.052028,0.0,0.121574,0.0,0.0,0.439836,0.129848,0.0,0.103657,0.0,0.0,0.391381,0.282488,0.056735,0.137097,0.271455,0.0,0.0,0.0,0.068697,0.093776,0.074242,0.189049,0.0,0.0,0.0,0.122646,0.0,0.0,0.065538,0.4183,0.0,0.251314,0.378798,0.269218,0.179179,0.31218,0.0,0.0,0.0,0.00205,0.0,0.38101,0.0,0.0,0.468036,0.0,0.423501,0.0,1.6e-05,0.130473,0.287067,0.079966,0.130776,0.323449,0.0,0.0,0.100871,0.003013,0.0,0.362758,0.346489,0.038515,0.503286,0.0,0.0,0.117752,0.054702,0.0,0.0,0.0,0.367893,0.099517,0.0,0.0,0.0,0.0,0.0,0.031108,0.107583,0.321164,0.0,0.0,0.0,0.234816,0.079688,0.089665,0.0,0.344593,0.0,0.250812,0.0,0.0,0.0,0.0,0.366653,0.0,0.130896,0.0,0.437628,0.0,0.054401,0.15396,0.0,0.093709,0.101598,0.32406,0.0,0.0,0.002221,0.437793,0.13583,0.0,0.400052,0.041024,0.106505,0.000154,0.0,0.0,0.0,0.0,0.0,0.098741,0.0,0.0,0.0,0.382433,0.290085,0.0,0.0,0.006605,0.0,0.121897,0.0,0.374603,1e-06,0.389858,0.086526,0.0,0.0,1.620418,0.0,0.0,0.075652,0.426099,0.09341,0.612189,0.0,0.265207,0.065846,0.05738,0.260168,0.0,0.109298,0.0,0.0,0.0,0.187863,0.061435,0.302103,0.0,0.0,0.0,0.23797,0.849304,0.0,0.464374,0.0,0.215886,0.0,0.099879,0.0,0.5884,0.0,0.0,0.0,0.0,0.0,0.0,0.355887,0.0,0.104656,0.22828,0.007498,0.0,0.0,0.0,0.197856,0.0,0.0,0.0,0.100063,0.0,0.0,0.30255,0.877852,0.09012,0.245364,0.932933,0.103067,0.0,0.0,0.0,0.0,0.0,0.0,0.0,0.043218,0.0,0.394863,0.060139,0.085652,0.389972,0.079379,0.882666,0.284899,0.0,0.0,0.0,0.0,0.104362,0.0,0.0,0.001664,0.289848,0.0,0.0,0.273286,0.0983,0.0,0.0,0.285009,0.271066,0.004722,0.324496,0.0,0.199723,0.0,0.0,0.094996,0.293174,0.0,0.0
TCGA-33-AASI,4e-06,0.0,0.0,0.0,0.0,0.174129,0.277974,0.229497,0.121651,0.0,0.192797,0.0,0.0,0.0,0.0,0.225967,0.0,0.139216,0.0,0.0,0.101271,0.0,0.0,0.0,0.0,0.0,0.0,0.0,0.086926,0.167313,0.0,0.0,0.202085,0.673069,0.0,0.182949,0.108219,0.0,0.0,0.0,0.0,0.228904,0.0,0.256557,0.0,0.107476,0.322204,0.0,0.0,0.271074,0.0,0.260389,0.0,1.045993,0.0,0.197673,0.193201,0.319147,0.113482,0.250104,0.012054,0.0,0.219159,0.011925,0.008828,0.275385,0.0,0.008086,0.184024,0.0,0.089254,0.0,0.112734,0.171327,0.0,0.0,0.0,0.0,0.051496,0.0,0.0,0.594218,0.109977,0.0,0.0,0.012492,0.099637,0.145749,0.077305,0.062637,0.109579,0.177212,0.291928,0.0,0.414167,0.0,0.0,0.0,0.0,0.156531,0.0,0.0,0.429363,0.271706,0.240082,0.0,0.213576,0.148422,0.129726,0.274461,0.008003,0.0,0.089185,0.0,0.0,0.416519,0.0,0.197001,0.0,0.0,0.270164,0.332569,0.0,0.0,0.0,0.0,0.290122,0.203591,0.248692,0.0,0.0,0.202506,0.0,0.143901,0.13571,0.183499,0.257911,0.059853,0.00634,0.0,0.137282,0.003248,0.267589,0.121981,0.0,0.0,0.0,0.109944,0.0,0.0,0.202949,0.090569,0.142376,0.271635,0.0,0.152031,0.007409,0.004312,0.159178,0.0,0.278547,0.0,0.0,0.194676,0.118674,0.122403,0.0,0.0,0.0,0.097591,0.0,0.222008,0.0,0.0,0.0,0.0,0.0,0.0,0.168132,0.569378,0.0,0.0,0.0,0.0,0.0,0.174456,0.12193,0.149589,0.0,0.0,0.0,0.0,0.227923,0.0,0.131873,0.126845,0.029806,0.224862,0.107475,0.0,0.206284,0.0,2.021454,0.00594,0.0,0.0,0.261251,1.071643,0.0,0.0,0.0,0.0,0.0,0.0,0.0,0.134306,0.0,0.669616,0.0,0.0,0.0,0.23026,0.0,0.210056,0.146996,0.0,0.0,0.0,0.0,0.0,0.408941,0.0,0.0,0.105124,0.0,0.01084,0.189701,0.127785,0.149515,0.0,0.079766,0.0,0.0,0.0,0.0,0.282725,0.072941,0.0,0.130668,0.041201,0.158499,0.0,0.186661,0.008411,1.164942,0.312441,0.0,0.241227,0.0,0.466688,0.0,0.075566,0.0,0.0,0.0,0.0,0.0,1e-06,0.154029,0.118039,0.0,0.240681,0.0,0.0,0.299972,0.072693,0.0,0.248242,0.0,0.0,0.239345,0.112348,0.114275,0.288074,0.103202,0.0,1e-06,0.0,0.139143,0.181995,0.146397,0.301014,0.0,0.0,0.0,0.247693,0.0,0.0,0.11905,0.301964,0.0,0.105651,0.259218,0.246292,0.058031,0.272266,0.0,0.0,0.0,0.003265,0.0,0.316092,0.0,0.0,0.317326,0.0,0.250189,0.0,0.0,0.225573,0.131542,0.162342,0.232801,0.103733,0.0,0.0,0.192998,0.00419,0.0,0.267569,0.206297,0.060075,0.334816,0.0,0.0,0.237148,0.117438,0.0,0.0,0.0,0.144971,0.172368,0.0,0.0,0.0,0.0,0.0,0.066779,0.210978,0.130267,0.0,0.0,0.0,0.128109,0.176342,0.216643,0.0,0.171368,0.0,0.110402,0.0,0.0,0.0,0.0,0.16712,0.0,0.248379,0.0,0.284171,0.0,0.118575,0.102209,0.0,0.187052,0.215485,0.122072,0.0,0.0,0.003416,0.304714,0.285701,0.0,0.292647,0.097114,0.212037,2.5e-05,0.0,0.0,0.0,0.0,0.0,0.209426,0.0,0.0,0.0,0.28719,0.129329,0.0,0.0,0.007602,0.0,0.259273,0.0,0.140092,0.0,0.250288,0.179181,0.0,0.0,1.390307,0.0,0.0,0.138593,0.308653,0.179626,0.408518,0.0,0.099023,0.042997,0.102624,0.112351,0.0,0.048527,0.0,0.0,0.0,0.420073,0.125022,0.165781,0.0,0.0,0.0,0.398601,0.56476,0.0,0.254852,0.0,0.178051,0.0,0.191882,0.0,0.329411,0.0,0.0,0.0,0.0,0.0,0.0,0.265189,0.0,0.187941,0.371705,0.013127,0.0,0.0,0.0,0.051946,0.0,0.0,0.0,0.065553,0.0,0.0,0.19935,0.684334,0.193413,0.450208,0.714524,0.222302,0.0,0.0,0.0,0.0,0.0,0.0,0.0,0.030922,0.0,0.284185,0.121553,0.193582,0.227432,0.179895,0.714671,0.335415,0.0,0.0,0.0,0.0,0.235829,0.0,0.0,0.005583,0.10577,0.0,0.0,0.103596,0.168291,0.0,0.0,0.309541,0.119698,0.008545,0.146215,0.0,0.312533,0.0,0.0,0.217893,0.117484,0.0,0.0
TCGA-34-5241,0.0,0.0,0.0,0.0,0.0,0.238749,0.17902,0.274316,0.097026,0.0,0.213494,0.0,0.0,0.0,0.0,0.292101,0.0,0.05879,0.0,0.0,0.082873,0.0,0.0,0.0,0.0,0.0,0.0,0.0,0.045145,0.238465,0.0,0.0,0.224266,0.529313,0.0,0.14097,0.075894,0.0,0.0,0.0,0.0,0.169598,0.0,0.263555,0.0,0.06742,0.085438,0.0,0.0,0.201747,0.0,0.06787,0.0,0.828293,0.0,0.126827,0.219873,0.204577,0.187386,0.234208,0.112777,0.0,0.178155,0.097577,0.116635,0.166115,0.0,0.07427,0.34376,0.0,0.05941,0.0,0.071714,0.223973,0.0,0.0,0.0,0.0,0.048972,0.0,0.0,0.454349,0.190498,0.0,0.0,0.09638,0.058656,0.086518,0.166717,0.109052,0.157502,0.255338,0.116109,0.0,0.287807,0.0,0.0,0.0,0.0,0.222977,0.0,0.0,0.321761,0.316979,0.315097,0.0,0.146356,0.373107,0.251149,0.186504,0.06418,0.0,0.054822,0.0,0.0,0.261919,0.0,0.298151,0.0,0.0,0.189838,0.297127,0.0,0.0,0.0,0.0,0.192376,0.436875,0.313498,0.0,0.0,0.276487,0.0,0.102404,0.372319,0.229703,0.181326,0.05328,0.104311,0.0,0.085525,0.076451,0.167319,0.072064,0.0,0.0,0.0,0.068301,0.0,0.0,0.232634,0.066631,0.10014,0.17212,0.0,0.15444,0.105414,0.051174,0.234072,0.0,0.196029,0.0,0.0,0.266698,0.099115,0.087121,0.0,0.0,0.0,0.060546,0.0,0.170871,0.0,0.0,0.0,0.0,0.0,0.0,0.204304,0.445398,0.0,0.0,0.0,0.0,0.0,0.197964,0.069544,0.234933,0.0,0.0,0.0,0.0,0.17423,0.0,0.086007,0.087778,0.121618,0.064467,0.100838,0.0,0.235982,0.0,1.801519,0.09512,0.0,0.0,0.163731,0.891167,0.0,0.0,0.0,0.0,0.0,0.0,0.0,0.059573,0.0,0.518058,0.0,0.0,0.0,0.293545,0.0,0.261812,0.231103,0.0,0.0,0.0,0.0,0.0,0.216959,0.0,0.0,0.172963,0.0,0.111836,0.260294,0.22113,0.24279,0.0,0.046209,0.0,0.0,0.0,0.0,0.180958,0.289747,0.0,0.194892,0.101851,0.087695,0.0,0.221876,0.127969,1.007769,0.133642,0.0,0.195566,0.0,0.282009,0.0,0.132301,0.0,0.0,0.0,0.0,0.0,0.0,0.227073,0.178345,0.0,0.259792,0.0,0.0,0.174813,0.043445,0.0,0.268324,0.0,0.0,0.17103,0.075192,0.16123,0.289984,0.060514,0.0,1e-06,0.0,0.202758,0.252109,0.217403,0.161643,0.0,0.0,0.0,0.265812,0.0,0.0,0.204831,0.200158,0.0,0.06405,0.180258,0.074876,0.047562,0.111646,0.0,0.0,0.0,0.043644,0.0,0.142128,0.0,0.0,0.198853,0.0,0.192516,0.0,3e-05,0.207432,0.083502,0.199602,0.231301,0.060609,0.0,0.0,0.240104,0.048994,0.0,0.192099,0.162524,0.236859,0.195701,0.0,0.0,0.292822,0.171783,0.0,0.0,0.0,0.09336,0.17335,0.0,0.0,0.0,0.0,0.0,0.165921,0.219015,0.08399,0.0,0.0,0.0,0.098495,0.235268,0.233834,0.0,0.123918,0.0,0.071511,0.0,0.0,0.0,0.0,0.110828,0.0,0.283631,0.0,0.162957,0.0,0.212557,0.347462,0.0,0.252259,0.259983,0.059811,0.0,0.0,0.101727,0.187185,0.298797,0.0,0.205905,0.187615,0.260581,1.3e-05,0.0,0.0,0.0,0.0,0.0,0.285913,0.0,0.0,0.0,0.194612,0.083409,0.0,0.0,0.074258,0.0,0.236287,0.0,0.090937,0.0,0.189019,0.244712,0.0,0.0,1.18973,0.0,0.0,0.211754,0.206696,0.241802,0.269829,0.0,0.065607,0.225775,0.188388,0.067266,0.0,0.040899,0.0,0.0,0.0,0.343615,0.157952,0.113882,0.0,0.0,0.0,0.300252,0.457333,0.0,0.174132,0.0,0.076368,0.0,0.205051,0.0,0.226344,0.0,0.0,0.0,0.0,0.0,0.0,0.176954,0.0,0.267806,0.241653,0.130595,0.0,0.0,0.0,0.020392,0.0,0.0,0.0,0.263954,0.0,0.0,0.151054,0.512178,0.19449,0.184107,0.550076,0.242182,0.0,0.0,0.0,0.0,0.0,0.0,0.0,0.187316,0.0,0.197009,0.186604,0.267528,0.174082,0.243515,0.535478,0.070637,0.0,0.0,0.0,0.0,0.24223,0.0,0.0,0.100586,0.072277,0.0,0.0,0.062367,0.224223,0.0,0.0,0.067478,0.083209,0.068463,0.089008,0.0,0.18592,0.0,0.0,0.250886,0.077484,0.0,0.0
TCGA-34-7107,0.0,0.0,0.0,0.0,0.0,0.1371,0.290222,0.167734,0.176561,0.0,0.127269,0.0,0.0,0.0,0.0,0.144795,0.0,0.178723,0.0,0.0,0.151439,0.0,0.0,0.0,0.0,0.0,0.0,0.0,0.162029,0.131428,0.0,0.0,0.137496,0.787119,0.0,0.230366,0.154953,0.0,0.0,0.0,0.0,0.286142,0.0,0.169661,0.0,0.179792,0.253513,0.0,0.0,0.30091,0.0,0.22095,0.0,1.037092,0.0,0.287026,0.151611,0.322183,0.085266,0.191831,0.0195,0.0,0.269324,0.016505,0.011104,0.30448,0.0,0.01074,0.301191,0.0,0.133996,0.0,0.18389,0.151432,0.0,0.0,0.0,0.0,0.063794,0.0,0.0,0.677426,0.091221,0.0,0.0,0.034127,0.15255,0.222178,0.067757,0.053691,0.111275,0.141052,0.243623,0.0,0.481376,0.0,0.0,0.0,0.0,0.147063,0.0,0.0,0.260162,0.182874,0.184621,0.0,0.208109,0.250125,0.114093,0.272263,0.017239,0.0,0.139943,0.0,0.0,0.433261,0.0,0.294146,0.0,0.0,0.349283,0.233374,0.0,0.0,0.0,0.0,0.279777,0.30341,0.170674,1e-06,0.0,0.154105,0.0,0.211818,0.183087,0.161968,0.328438,0.064308,0.004819,0.0,0.205114,0.024519,0.250379,0.189332,0.0,0.0,0.0,0.174654,0.0,0.0,0.143794,0.154307,0.225439,0.272517,0.0,0.105038,0.010019,0.006953,0.120996,0.0,0.361002,0.0,0.0,0.156259,0.106697,0.185994,0.0,0.0,0.0,0.190299,0.0,0.277772,0.0,0.0,0.0,0.0,0.0,0.0,0.119328,0.651529,0.0,0.0,0.0,0.0,0.0,0.117501,0.207574,0.127407,0.0,0.0,0.0,0.0,0.293807,0.0,0.193826,0.191366,0.029805,0.20183,0.150979,0.0,0.164924,0.0,2.165594,0.008732,0.0,0.0,0.265455,1.194856,0.0,0.0,0.0,0.0,0.0,0.0,0.0,0.203185,0.0,0.781056,0.0,0.0,0.0,0.177298,0.0,0.155513,0.130155,0.0,0.0,0.0,0.0,0.0,0.421856,0.0,0.0,0.096254,0.0,0.018283,0.15378,0.116936,0.126899,0.0,0.130268,0.0,0.0,0.0,0.0,0.303567,0.131442,0.0,0.105151,0.038714,0.250446,0.0,0.148726,0.021442,1.302817,0.264977,0.0,0.182459,0.0,0.310128,0.0,0.056125,0.0,0.0,0.0,0.0,0.0,0.0,0.114775,0.099972,0.0,0.16896,0.0,0.0,0.315881,0.095141,0.0,0.161771,0.0,0.0,0.298129,0.170758,0.111523,0.185474,0.170975,0.0,0.0,0.0,0.109932,0.17897,0.137374,0.234255,0.0,0.0,0.0,0.18347,0.0,0.0,0.122039,0.316192,0.0,0.166222,0.296639,0.232767,0.104209,0.240679,0.0,0.0,0.0,0.005861,0.0,0.303035,0.0,0.0,0.348236,0.0,0.322313,0.0,0.0,0.167453,0.200676,0.135464,0.185323,0.195961,0.0,0.0,0.149232,0.009292,0.0,0.263316,0.269378,0.034493,0.368354,0.0,0.0,0.179917,0.108848,0.0,0.0,0.0,0.254327,0.151167,1e-06,0.0,0.0,0.0,0.0,0.065859,0.162094,0.202426,0.0,0.0,0.0,0.168068,0.144422,0.15662,0.0,0.241259,0.0,0.156837,0.0,0.0,0.0,0.0,0.258705,0.0,0.187882,0.0,0.337475,0.0,0.102307,0.174628,0.0,0.16156,0.154907,0.204657,0.0,0.0,0.002906,0.329999,0.204896,0.0,0.307617,0.094444,0.174929,2e-06,0.0,0.0,0.0,0.0,0.0,0.161797,0.0,0.0,0.0,0.29613,0.187343,0.0,0.0,0.008407,0.0,0.171188,0.0,0.223755,0.0,0.290207,0.149882,0.0,0.0,1.45017,0.0,0.0,0.125054,0.320517,0.146873,0.474005,0.0,0.165962,0.101019,0.101603,0.160651,0.0,0.089532,0.0,0.0,0.0,0.240399,0.115708,0.216984,0.0,0.0,0.0,0.271876,0.694493,0.0,0.343671,0.0,0.192522,0.0,0.157477,0.0,0.445702,0.0,0.0,0.0,0.0,0.0,0.0,0.264703,0.0,0.169408,0.261754,0.016607,0.0,0.0,0.0,0.115171,0.0,0.0,0.0,0.103792,0.0,0.0,0.233034,0.723872,0.144408,0.251424,0.775115,0.163625,0.0,0.0,0.0,0.0,0.0,0.0,0.0,0.074267,0.0,0.296379,0.119949,0.143555,0.292167,0.135318,0.753079,0.233503,0.0,0.0,0.0,0.0,0.151343,0.0,0.0,0.003304,0.192725,0.0,0.0,0.167294,0.153591,0.0,0.0,0.220227,0.183366,0.013243,0.221921,0.0,0.23625,0.0,0.0,0.145381,0.188446,0.0,0.0
TCGA-37-3792,0.0,0.0,0.0,0.0,0.0,0.248924,0.202588,0.293796,0.067582,0.0,0.253923,0.0,0.0,0.0,0.0,0.330856,0.0,0.070189,0.0,0.0,0.057342,0.0,0.0,0.0,0.0,0.0,0.0,0.0,0.023959,0.251002,0.0,0.0,0.253082,0.511734,0.0,0.13008,0.051896,0.0,0.0,0.0,0.0,0.160578,0.0,0.314032,0.0,0.03919,0.1721,0.0,0.0,0.19662,0.0,0.120536,0.0,0.898488,0.0,0.100221,0.239111,0.24193,0.18491,0.272515,0.073047,0.0,0.15383,0.056014,0.068444,0.189843,0.0,0.039312,0.243692,0.0,0.036461,0.0,0.045341,0.221348,0.0,0.0,0.0,0.0,0.037722,0.0,0.0,0.455938,0.17784,0.0,0.0,0.05379,0.04114,0.059088,0.147536,0.100044,0.14213,0.262691,0.171729,0.0,0.279264,0.0,0.0,0.0,0.0,0.209167,0.0,0.0,0.448352,0.365432,0.333239,0.0,0.164132,0.275576,0.240913,0.209066,0.031185,0.0,0.03819,0.0,0.0,0.298171,0.0,0.2272,0.0,0.0,0.173232,0.381282,0.0,0.0,0.0,0.0,0.218573,0.331896,0.345158,0.0,0.0,0.27921,0.0,0.082189,0.303277,0.235775,0.167125,0.04736,0.061362,0.0,0.056336,0.026527,0.196793,0.053164,0.0,0.0,0.0,0.044971,0.0,0.0,0.259843,0.042427,0.06383,0.191854,0.0,0.192515,0.065801,0.027353,0.239136,0.0,0.196758,0.0,0.0,0.271139,0.10309,0.058983,0.0,0.0,0.0,0.030973,0.0,0.145252,0.0,0.0,0.0,0.0,0.0,0.0,0.215305,0.435244,0.0,0.0,0.0,0.0,0.0,0.227134,0.040836,0.235487,0.0,0.0,0.0,0.0,0.153801,0.0,0.062256,0.059661,0.086553,0.117302,0.071837,0.0,0.250279,0.0,1.802854,0.04555,0.0,0.0,0.184109,0.870259,0.0,0.0,0.0,0.0,0.0,0.0,0.0,0.052218,0.0,0.510633,0.0,0.0,0.0,0.311506,0.0,0.283769,0.231756,0.0,0.0,0.0,0.0,0.0,0.244191,0.0,0.0,0.165494,0.0,0.074359,0.267207,0.200566,0.229598,0.0,0.032425,0.0,0.0,0.0,0.0,0.194396,0.208239,0.0,0.192373,0.089779,0.056705,0.0,0.241784,0.063843,0.987436,0.20155,0.0,0.252899,0.0,0.412116,0.0,0.122655,0.0,0.0,0.0,0.0,0.0,0.0,0.240986,0.179328,0.0,0.290944,0.0,0.0,0.202367,0.049821,0.0,0.316605,0.0,0.0,0.15932,0.049088,0.160716,0.348713,0.045638,0.0,0.0,0.0,0.211711,0.257393,0.213877,0.248251,0.0,0.0,0.0,0.29954,0.0,0.0,0.182984,0.221254,0.0,0.043565,0.181062,0.128112,0.015647,0.166933,0.0,0.0,0.0,0.022346,0.0,0.184338,0.0,0.0,0.205691,0.0,0.163743,0.0,0.0,0.248584,0.054568,0.206553,0.262812,0.029968,0.0,0.0,0.254335,0.027419,0.0,0.205136,0.143297,0.201817,0.219701,0.0,0.0,0.319315,0.165224,0.0,0.0,0.0,0.044848,0.204654,0.0,0.0,0.0,0.0,0.0,0.140055,0.233541,0.053483,0.0,0.0,0.0,0.089504,0.238058,0.268769,0.0,0.090013,0.0,0.049848,0.0,0.0,0.0,0.0,0.074361,0.0,0.310877,0.0,0.153691,0.0,0.204501,0.2676,0.0,0.249907,0.281566,0.040047,0.0,0.0,0.046215,0.213516,0.357203,0.0,0.22944,0.166182,0.281429,1e-06,0.0,0.0,0.0,0.0,0.0,0.289277,0.0,0.0,0.0,0.216,0.053285,0.0,0.0,0.039761,0.0,0.298525,0.0,0.055226,0.0,0.179173,0.254794,0.0,0.0,1.214616,0.0,0.0,0.214398,0.225727,0.248236,0.283399,0.0,0.04261,0.155815,0.168964,0.052225,0.0,0.011281,0.0,0.0,0.0,0.47009,0.165379,0.110419,0.0,0.0,0.0,0.415891,0.421239,0.0,0.138449,0.0,0.109196,0.0,0.223291,0.0,0.188126,0.0,0.0,0.0,0.0,0.0,0.0,0.195666,0.0,0.261847,0.351581,0.068956,0.0,0.0,0.0,0.007259,0.0,0.0,0.0,0.200325,0.0,0.0,0.144952,0.537321,0.228294,0.338608,0.562025,0.274968,0.0,0.0,0.0,0.0,0.0,0.0,0.0,0.128835,0.0,0.222826,0.17865,0.282768,0.155859,0.249762,0.567238,0.167132,0.0,0.0,0.0,0.0,0.284085,0.0,0.0,0.044358,0.047138,0.0,0.0,0.042371,0.232829,0.0,0.0,0.159704,0.062257,0.032674,0.061306,0.0,0.271152,0.0,0.0,0.285424,0.054022,0.0,0.0
TCGA-37-4135,0.0,0.0,0.0,0.0,0.0,0.249851,0.195288,0.32172,0.035182,0.0,0.281354,0.0,0.0,0.0,0.0,0.331683,0.0,0.128768,0.0,0.0,0.026566,0.0,0.0,0.0,0.0,0.0,0.0,0.0,0.0194,0.251997,0.0,0.0,0.291575,0.53055,0.0,0.098971,0.027464,0.0,0.0,0.0,0.0,0.143129,0.0,0.354272,0.0,0.022228,0.322232,0.0,0.0,0.189151,0.0,0.264775,0.0,0.983135,0.0,0.069541,0.281788,0.24729,0.170235,0.329626,0.0379,0.0,0.126788,0.046106,0.034748,0.193953,0.0,0.032341,0.113079,0.0,0.019247,0.0,0.0293,0.242285,0.0,0.0,0.0,0.0,0.012194,0.0,0.0,0.463066,0.17195,0.0,0.0,0.043864,0.024833,0.041511,0.135942,0.112385,0.166668,0.266685,0.263126,0.0,0.293726,0.0,0.0,0.0,0.0,0.218137,0.0,0.0,0.564072,0.384029,0.344279,0.0,0.162372,0.135004,0.224222,0.20749,0.03009,0.0,0.021142,0.0,0.0,0.307086,0.0,0.126129,0.0,0.0,0.168771,0.466369,0.0,0.0,0.0,0.0,0.21284,0.19189,0.353716,0.0,0.0,0.307401,0.0,0.052226,0.146756,0.258455,0.158663,0.044146,0.025312,0.0,0.045732,0.026431,0.203073,0.034367,0.0,0.0,0.0,0.02628,0.0,0.0,0.294019,0.021695,0.038109,0.196832,0.0,0.226788,0.036318,0.025919,0.23626,0.0,0.177202,0.0,0.0,0.290137,0.086143,0.036034,0.0,0.0,0.0,0.02538,0.0,0.118861,0.0,0.0,0.0,0.0,0.0,0.0,0.242637,0.434695,0.0,0.0,0.0,0.0,0.0,0.247076,0.033399,0.229812,0.0,0.0,0.0,0.0,0.123276,0.0,0.038625,0.035397,0.073389,0.217701,0.033857,0.0,0.285347,0.0,1.808648,0.029976,0.0,0.0,0.183852,0.887766,0.0,0.0,0.0,0.0,0.0,0.0,0.0,0.130121,0.0,0.535762,0.0,0.0,0.0,0.325058,0.0,0.284912,0.226873,0.0,0.0,0.0,0.0,0.0,0.312889,0.0,0.0,0.179731,0.0,0.039638,0.266452,0.203116,0.210838,0.0,0.018089,0.0,0.0,0.0,0.0,0.202986,0.106806,0.0,0.199731,0.088894,0.046007,0.0,0.279037,0.030279,1.009399,0.291285,0.0,0.337616,0.0,0.572043,0.0,0.139447,0.0,0.0,0.0,0.0,0.0,0.0,0.237679,0.188751,0.0,0.328503,0.0,0.0,0.237877,0.089238,0.0,0.35373,0.0,0.0,0.149196,0.031477,0.172532,0.390886,0.027088,0.0,0.0,0.0,0.229768,0.260456,0.218182,0.374969,0.0,0.0,0.0,0.349257,0.0,0.0,0.183985,0.227565,0.0,0.028889,0.173421,0.242698,0.015089,0.237931,0.0,0.0,0.0,0.018971,0.0,0.277537,0.0,0.0,0.224426,0.0,0.144907,0.0,0.001369,0.308653,0.036195,0.241977,0.327085,0.024477,0.0,0.0,0.27897,0.028038,0.0,0.187598,0.111122,0.06467,0.252774,0.0,0.0,0.337721,0.182098,0.0,0.0,0.0,0.038564,0.242146,0.0,0.0,0.0,0.0,0.0,0.13528,0.282754,0.035227,0.0,0.0,0.0,0.05752,0.253601,0.29524,0.0,0.062387,0.0,0.027998,0.0,0.0,0.0,0.0,0.048653,0.0,0.355301,0.0,0.199842,0.0,0.195462,0.13647,0.0,0.269165,0.304294,0.040718,0.0,0.0,0.02134,0.220409,0.395599,0.0,0.221584,0.152182,0.297374,3e-06,0.0,0.0,0.0,0.0,0.0,0.29674,0.0,0.0,0.0,0.218424,0.032136,0.0,0.0,0.043892,0.0,0.365495,0.0,0.035588,0.0,0.170674,0.255392,0.0,0.0,1.256206,0.0,0.0,0.223051,0.222612,0.276323,0.301325,0.0,0.019815,0.087492,0.173134,0.033428,0.0,0.01206,0.0,0.0,0.0,0.557904,0.198369,0.091968,0.0,0.0,0.0,0.551272,0.424794,0.0,0.128697,0.0,0.203191,0.0,0.277459,0.0,0.193535,0.0,0.0,0.0,0.0,0.0,0.0,0.197624,0.0,0.274327,0.487567,0.037134,0.0,0.0,0.0,0.014783,0.0,0.0,0.0,0.097627,0.0,0.0,0.128363,0.561772,0.265366,0.470533,0.593626,0.302168,0.0,0.0,0.0,0.0,0.0,0.0,0.0,0.077421,0.0,0.211205,0.188047,0.277864,0.128991,0.257132,0.637092,0.352313,0.0,0.0,0.0,0.0,0.323258,0.0,0.0,0.015517,0.023164,0.0,0.0,0.027262,0.258189,0.0,0.0,0.316677,0.041838,0.033257,0.03703,0.0,0.398387,0.0,0.0,0.306476,0.033026,0.0,0.0
TCGA-38-4630,0.0,0.0,0.0,0.0,0.0,0.176217,0.236101,0.196778,0.135269,0.0,0.157095,0.0,0.0,0.0,0.0,0.207071,0.0,0.05325,0.0,0.0,0.134544,0.0,0.0,0.0,0.0,0.0,0.0,0.0,0.0627,0.16852,0.0,0.0,0.149168,0.577912,0.0,0.189608,0.121173,0.0,0.0,0.0,0.0,0.218711,0.0,0.181708,0.0,0.109662,0.075316,0.0,0.0,0.242753,0.0,0.057604,0.0,0.821725,0.0,0.194866,0.157246,0.240426,0.124462,0.16971,0.065093,0.0,0.239946,0.036772,0.069074,0.212581,0.0,0.021738,0.332407,0.0,0.09699,0.0,0.115803,0.160299,0.0,0.0,0.0,0.0,0.078647,0.0,0.0,0.498462,0.130764,0.0,0.0,0.058997,0.111522,0.141473,0.105439,0.049463,0.116141,0.191787,0.12155,0.0,0.323447,0.0,0.0,0.0,0.0,0.165393,0.0,0.0,0.236836,0.231154,0.241582,0.0,0.200994,0.336283,0.18149,0.213323,0.019541,0.0,0.098873,0.0,0.0,0.312294,0.0,0.312373,0.0,0.0,0.249685,0.204335,0.0,0.0,0.0,0.0,0.225583,0.401528,0.231936,0.0,0.0,0.199959,0.0,0.162214,0.33737,0.16774,0.233019,0.061242,0.048982,0.0,0.135058,0.040941,0.197,0.126403,0.0,0.0,0.0,0.110169,0.0,0.0,0.161138,0.102239,0.154114,0.207524,0.0,0.102954,0.061973,0.016853,0.154898,0.0,0.241273,0.0,0.0,0.185907,0.143519,0.125013,0.0,0.0,0.0,0.078838,0.0,0.22802,0.0,0.0,0.0,0.0,0.0,0.0,0.13454,0.480629,0.0,0.0,0.0,0.0,0.0,0.147335,0.09874,0.166971,0.0,0.0,0.0,0.0,0.23493,0.0,0.138256,0.142761,0.059975,0.050821,0.131081,0.0,0.166568,0.0,1.81424,0.034576,0.0,0.0,0.186766,0.929258,0.0,0.0,0.0,0.0,0.0,0.0,0.0,0.057812,0.0,0.566447,0.0,0.0,0.0,0.207044,0.0,0.193112,0.148578,0.0,0.0,0.0,0.0,0.0,0.24688,0.0,0.0,0.125718,0.0,0.067698,0.204286,0.154945,0.176132,0.0,0.082731,0.0,0.0,0.0,0.0,0.205011,0.254639,0.0,0.134659,0.055021,0.135619,0.0,0.159453,0.080066,1.056648,0.132628,0.0,0.13867,0.0,0.204333,0.0,0.07261,0.0,0.0,0.0,0.0,0.0,0.0,0.144642,0.11656,0.0,0.190532,0.0,0.0,0.200281,0.031375,0.0,0.178694,0.0,0.0,0.238207,0.122062,0.119052,0.213849,0.105242,0.0,0.0,0.0,0.145111,0.193008,0.157119,0.1277,0.0,0.0,0.0,0.206612,0.0,0.0,0.149213,0.24563,0.0,0.112861,0.229087,0.06339,0.09902,0.095917,0.0,0.0,0.0,0.009748,0.0,0.139942,0.0,0.0,0.233392,0.0,0.246006,0.0,0.000502,0.140636,0.132636,0.133464,0.172659,0.071937,0.0,0.0,0.195313,0.025584,0.0,0.230769,0.222643,0.159984,0.243263,0.0,0.0,0.211195,0.114619,0.0,0.0,0.0,0.122733,0.127643,0.0,0.0,0.0,0.0,0.0,0.102368,0.144878,0.138544,0.0,0.0,0.0,0.144653,0.156196,0.173953,0.0,0.180727,0.0,0.127713,0.0,0.0,0.0,0.0,0.17854,0.0,0.207847,0.0,0.163405,0.0,0.148068,0.312517,0.0,0.185997,0.181619,0.070161,0.0,0.0,0.041006,0.234594,0.215079,0.0,0.25648,0.141438,0.190659,1e-05,0.0,0.0,0.0,0.0,0.0,0.213049,0.0,0.0,0.0,0.242289,0.134064,0.0,0.0,0.02847,0.0,0.178512,0.0,0.138906,0.0,0.22419,0.192579,0.0,0.0,1.2171,0.0,0.0,0.150189,0.248325,0.161648,0.319038,0.0,0.115848,0.182727,0.133622,0.116013,0.0,0.084848,0.0,0.0,0.0,0.249884,0.105571,0.163025,0.0,0.0,0.0,0.235426,0.516619,0.0,0.236074,0.0,0.067114,0.0,0.144121,0.0,0.281081,0.0,0.0,0.0,0.0,0.0,0.0,0.209074,0.0,0.185027,0.184229,0.072943,0.0,0.0,0.0,0.014958,0.0,0.0,0.0,0.222062,0.0,0.0,0.172678,0.542787,0.142112,0.177734,0.579405,0.166797,0.0,0.0,0.0,0.0,0.0,0.0,0.0,0.1526,0.0,0.246578,0.139475,0.201787,0.228219,0.175287,0.533808,0.058162,0.0,0.0,0.0,0.0,0.169442,0.0,0.0,0.043602,0.131373,0.0,0.0,0.090532,0.157816,0.0,0.0,0.062346,0.143051,0.030582,0.14538,0.0,0.140102,0.0,0.0,0.176208,0.127503,0.0,0.0
TCGA-38-A44F,0.0,0.0,0.0,0.0,0.0,0.113974,0.344702,0.155284,0.201913,0.0,0.121046,0.0,0.0,0.0,0.0,0.133923,0.0,0.163765,0.0,0.0,0.205374,0.0,0.0,0.0,0.0,0.0,0.0,0.0,0.199883,0.108218,0.0,0.0,0.115665,0.835762,0.0,0.262822,0.185879,0.0,0.0,0.0,0.0,0.314862,0.0,0.163982,0.0,0.224916,0.241338,0.0,0.0,0.33607,0.0,0.218125,0.0,1.09779,0.0,0.328562,0.130263,0.370591,0.068266,0.16162,0.010469,0.0,0.312698,0.005358,0.004156,0.333773,0.0,0.00571,0.37525,0.0,0.179394,0.0,0.216629,0.121657,0.0,0.0,0.0,0.0,0.100911,0.0,0.0,0.721601,0.078313,0.0,0.0,0.014258,0.198789,0.265312,0.052851,0.039399,0.089506,0.120414,0.242573,0.0,0.513939,0.0,0.0,0.0,0.0,0.130806,0.0,0.0,0.239658,0.171415,0.166149,0.0,0.239249,0.29287,0.089108,0.314926,0.00466,0.0,0.178236,0.0,0.0,0.482461,0.0,0.336712,0.0,0.0,0.396067,0.217176,0.0,0.0,0.0,0.0,0.322932,0.344533,0.159424,0.0,0.0,0.132148,0.0,0.248482,0.213537,0.12685,0.355786,0.05602,0.003072,0.0,0.239402,0.009912,0.293453,0.221701,0.0,0.0,0.0,0.210303,0.0,0.0,0.140602,0.19131,0.269079,0.305028,0.0,0.090738,0.007201,0.003008,0.107309,0.0,0.405216,0.0,0.0,0.128571,0.162582,0.22349,0.0,0.0,0.0,0.236958,0.0,0.314437,0.0,0.0,0.0,0.0,0.0,0.0,0.098291,0.703136,0.0,0.0,0.0,0.0,0.0,0.113277,0.260225,0.105009,0.0,0.0,0.0,0.0,0.335976,0.0,0.219377,0.230651,0.015638,0.207748,0.195749,0.0,0.145319,0.0,2.248284,0.002824,0.0,0.0,0.302058,1.245326,0.0,0.0,0.0,0.0,0.0,0.0,0.0,0.165231,0.0,0.821207,0.0,0.0,0.0,0.157589,0.0,0.146364,0.106763,0.0,0.0,0.0,0.0,0.0,0.451042,0.0,0.0,0.08092,0.0,0.008634,0.135727,0.101532,0.116163,0.0,0.162101,0.0,0.0,0.0,0.0,0.345775,0.12763,0.0,0.090234,0.026695,0.285205,0.0,0.128711,0.011994,1.373208,0.284574,0.0,0.164395,0.0,0.307805,0.0,0.049287,0.0,0.0,0.0,0.0,0.0,0.0,0.097091,0.078136,0.0,0.156,0.0,0.0,0.357311,0.094296,0.0,0.144127,0.0,0.0,0.326382,0.20899,0.083711,0.171817,0.21294,0.0,0.0,0.0,0.096671,0.14433,0.114441,0.196117,0.0,0.0,0.0,0.156661,0.0,0.0,0.102093,0.362174,0.0,0.192452,0.333401,0.216726,0.116076,0.257176,0.0,0.0,0.0,0.00375,0.0,0.323572,0.0,0.0,0.391448,0.0,0.361583,0.0,1.7e-05,0.155313,0.223744,0.107995,0.159551,0.24981,0.0,0.0,0.131083,0.003701,0.0,0.311376,0.289559,0.051411,0.418468,0.0,0.0,0.163045,0.084738,0.0,0.0,0.0,0.286981,0.131548,0.0,0.0,0.0,0.0,0.0,0.053232,0.13894,0.246605,0.0,0.0,0.0,0.191779,0.118461,0.135998,0.0,0.277123,0.0,0.203639,0.0,0.0,0.0,0.0,0.289523,0.0,0.164579,0.0,0.358657,0.0,0.086159,0.176196,0.0,0.139234,0.137635,0.241633,0.0,0.0,0.001975,0.373879,0.176392,0.0,0.341849,0.076184,0.155481,1.8e-05,0.0,0.0,0.0,0.0,0.0,0.140768,0.0,0.0,0.0,0.328716,0.226846,0.0,0.0,0.003926,0.0,0.153161,0.0,0.289027,0.0,0.323908,0.132022,0.0,0.0,1.522438,0.0,0.0,0.100285,0.363088,0.126569,0.509933,0.0,0.206232,0.089459,0.086213,0.204631,0.0,0.081731,0.0,0.0,0.0,0.235493,0.084621,0.249694,0.0,0.0,0.0,0.2532,0.725334,0.0,0.382961,0.0,0.18169,0.0,0.1332,0.0,0.494863,0.0,0.0,0.0,0.0,0.0,0.0,0.313233,0.0,0.133012,0.24156,0.008153,0.0,0.0,0.0,0.127351,0.0,0.0,0.0,0.117654,0.0,0.0,0.244585,0.777445,0.118554,0.269177,0.828667,0.145764,0.0,0.0,0.0,0.0,0.0,0.0,0.0,0.06666,0.0,0.333265,0.09612,0.119739,0.335464,0.122908,0.802639,0.222608,0.0,0.0,0.0,0.0,0.13832,0.0,0.0,0.003136,0.235154,0.0,0.0,0.206743,0.126754,0.0,0.0,0.226805,0.210486,0.006003,0.252278,0.0,0.214176,0.0,0.0,0.12678,0.224823,0.0,0.0
TCGA-39-5034,0.0,0.0,0.0,0.0,0.0,0.36384,0.081348,0.478586,0.006751,0.0,0.395165,0.0,0.0,0.0,0.0,0.49642,0.0,0.168566,0.0,0.0,0.006168,0.0,0.0,0.0,0.0,0.0,0.0,0.0,0.005889,0.403869,0.0,0.0,0.385704,0.333696,0.0,0.015684,0.006188,0.0,0.0,0.0,0.0,0.03168,0.0,0.464289,0.0,0.006704,0.177824,0.0,0.0,0.076985,0.0,0.152944,0.0,0.779766,0.0,0.012426,0.403181,0.088131,0.34694,0.416,0.236307,0.0,0.037927,0.204523,0.194808,0.078349,0.0,0.188951,0.238355,0.0,0.005124,0.0,0.006391,0.385795,0.0,0.0,0.0,0.0,0.002468,0.0,0.0,0.309234,0.318123,0.0,0.0,0.171325,0.005611,0.008554,0.305027,0.246329,0.280207,0.430921,0.140864,0.0,0.143072,0.0,0.0,0.0,0.0,0.378508,0.0,0.0,0.563311,0.543311,0.524119,0.0,0.038877,0.337556,0.390235,0.095733,0.131542,0.0,0.004864,0.0,0.0,0.125182,0.0,0.184702,0.0,0.0,0.042232,0.604129,0.0,0.0,0.0,0.0,0.090438,0.381348,0.538293,0.0,0.0,0.471606,0.0,0.010065,0.307501,0.38,0.036826,0.023122,0.183854,0.0,0.00917,0.180066,0.094244,0.007478,0.0,0.0,0.0,0.006024,0.0,0.0,0.401786,0.005408,0.007259,0.080744,0.0,0.301552,0.218567,0.140412,0.390566,0.0,0.032444,0.0,0.0,0.446763,0.009528,0.008214,0.0,0.0,0.0,0.008212,0.0,0.0382,0.0,0.0,0.0,0.0,0.0,0.0,0.381859,0.271492,0.0,0.0,0.0,0.0,0.0,0.360792,0.00815,0.377273,0.0,0.0,0.0,0.0,0.035462,0.0,0.007799,0.008037,0.212543,0.135617,0.00645,0.0,0.431968,0.0,1.560029,0.182321,0.0,0.0,0.059919,0.646774,0.0,0.0,0.0,0.0,0.0,0.0,0.0,0.120258,0.0,0.335928,0.0,0.0,0.0,0.492567,0.0,0.438871,0.3785,0.0,0.0,0.0,0.0,0.0,0.107871,0.0,0.0,0.303883,0.0,0.201539,0.444141,0.375628,0.409235,0.0,0.005236,0.0,0.0,0.0,0.0,0.080065,0.31984,0.0,0.325518,0.209646,0.010253,0.0,0.373876,0.218584,0.779468,0.120203,0.0,0.392741,0.0,0.532646,0.0,0.254205,0.0,0.0,0.0,0.0,0.0,0.0,0.39529,0.296462,0.0,0.461791,0.0,0.0,0.094769,0.174193,0.0,0.485508,0.0,0.0,0.040079,0.006134,0.294136,0.506557,0.005945,0.0,0.0,0.0,0.336761,0.422063,0.354645,0.374583,0.0,0.0,0.0,0.445372,0.0,0.0,0.346889,0.077114,0.0,0.006017,0.056629,0.173563,0.004556,0.101355,0.0,0.0,0.0,0.127537,0.0,0.150832,0.0,0.0,0.077471,0.0,0.04078,0.0,6e-06,0.408717,0.006651,0.344156,0.405041,0.009001,0.0,0.0,0.39625,0.116535,0.0,0.090202,0.03064,0.237408,0.070572,0.0,0.0,0.507047,0.291677,0.0,0.0,0.0,0.010137,0.320823,0.0,0.0,0.0,0.0,0.0,0.316513,0.388375,0.00781,0.0,0.0,0.0,0.007916,0.414397,0.400001,0.0,0.011206,0.0,0.00652,0.0,0.0,0.0,0.0,0.009161,0.0,0.469415,0.0,0.097113,0.0,0.363392,0.368362,0.0,0.406985,0.452628,0.007975,0.0,0.0,0.215712,0.085371,0.502723,0.0,0.098437,0.307625,0.46015,0.0,0.0,0.0,0.0,0.0,0.0,0.472807,0.0,0.0,0.0,0.073692,0.006606,0.0,0.0,0.186823,0.0,0.428054,0.0,0.008676,0.0,0.053736,0.408368,0.0,0.0,1.022605,0.0,0.0,0.338608,0.082368,0.396612,0.126986,0.0,0.005629,0.279607,0.349686,0.00635,0.0,0.00345,0.0,0.0,0.0,0.607308,0.285533,0.013596,0.0,0.0,0.0,0.581613,0.261326,0.0,0.024476,0.0,0.241389,0.0,0.384698,0.0,0.054846,0.0,0.0,0.0,0.0,0.0,0.0,0.068038,0.0,0.452923,0.461304,0.226151,0.0,0.0,0.0,0.005963,0.0,0.0,0.0,0.2654,0.0,0.0,0.036594,0.370235,0.354138,0.232317,0.403597,0.425269,0.0,0.0,0.0,0.0,0.0,0.0,0.0,0.205913,0.0,0.073468,0.318403,0.450707,0.033925,0.383009,0.468363,0.150787,0.0,0.0,0.0,0.0,0.409137,0.0,0.0,0.183693,0.006319,0.0,0.0,0.006106,0.381385,0.0,0.0,0.140008,0.006916,0.134531,0.00788,0.0,0.410134,0.0,0.0,0.424052,0.007162,0.0,0.0
TCGA-43-3394,0.0,0.0,0.0,0.0,0.0,0.215324,0.192717,0.248593,0.09164,0.0,0.203314,0.0,0.0,0.0,0.0,0.255832,0.0,0.067544,0.0,0.0,0.086994,0.0,0.0,0.0,0.0,0.0,0.0,0.0,0.049736,0.207311,0.0,0.0,0.208904,0.573498,0.0,0.154859,0.073449,0.0,0.0,0.0,0.0,0.185798,0.0,0.247878,0.0,0.077779,0.134333,0.0,0.0,0.207805,0.0,0.119322,0.0,0.881763,0.0,0.146939,0.212847,0.22506,0.147063,0.23257,0.069662,0.0,0.189872,0.066564,0.072899,0.182295,0.0,0.041808,0.278306,0.0,0.064316,0.0,0.085581,0.209425,0.0,0.0,0.0,0.0,0.046233,0.0,0.0,0.486271,0.163583,0.0,0.0,0.075087,0.07166,0.107124,0.128514,0.08923,0.15765,0.22975,0.143031,0.0,0.316976,0.0,0.0,0.0,0.0,0.204781,0.0,0.0,0.347976,0.28102,0.282337,0.0,0.163162,0.290246,0.206594,0.203191,0.051821,0.0,0.067987,0.0,0.0,0.290406,0.0,0.252167,0.0,0.0,0.224705,0.2847,0.0,0.0,0.0,0.0,0.204494,0.372736,0.27944,3e-06,0.0,0.243629,0.0,0.107929,0.299166,0.201888,0.197099,0.056642,0.060904,0.0,0.095136,0.047909,0.18316,0.086413,0.0,0.0,0.0,0.076811,0.0,0.0,0.213545,0.070857,0.121305,0.19334,0.0,0.15994,0.066723,0.037537,0.20557,0.0,0.224367,0.0,0.0,0.240999,0.117598,0.090435,0.0,0.0,0.0,0.064032,0.0,0.169227,0.0,0.0,0.0,0.0,0.0,0.0,0.183873,0.473282,0.0,0.0,0.0,0.0,0.0,0.187876,0.081529,0.208672,0.0,0.0,0.0,0.0,0.192289,0.0,0.094926,0.09704,0.08699,0.096254,0.10231,0.0,0.218233,0.0,1.871342,0.060028,0.0,0.0,0.16981,0.946746,0.0,0.0,0.0,0.0,0.0,0.0,1e-05,0.090621,0.0,0.562712,0.0,0.0,0.0,0.252655,0.0,0.237409,0.191466,0.0,0.0,0.0,0.0,0.0,0.270061,0.0,0.0,0.165267,0.0,0.082414,0.223472,0.196116,0.206337,0.0,0.053601,0.0,0.0,0.0,0.0,0.193762,0.235558,0.0,0.177457,0.089924,0.105046,0.0,0.210078,0.079787,1.065195,0.166808,0.0,0.206497,0.0,0.323763,0.0,0.114507,0.0,0.0,0.0,0.0,0.0,0.0,0.191325,0.16086,0.0,0.234401,0.0,0.0,0.198467,0.052686,0.0,0.243968,0.0,0.0,0.187748,0.084795,0.149218,0.271967,0.076568,0.0,0.0,0.0,0.194556,0.233585,0.196844,0.196452,0.0,0.0,0.0,0.254872,0.0,0.0,0.190485,0.233199,0.0,0.07789,0.203913,0.110654,0.051016,0.140681,0.0,0.0,0.0,0.032901,0.0,0.181447,0.0,0.0,0.229095,0.0,0.204449,0.0,0.002078,0.213551,0.092479,0.183739,0.235335,0.068161,0.0,0.0,0.23236,0.049766,0.0,0.190534,0.173296,0.13788,0.241119,0.0,0.0,0.260792,0.164857,0.0,0.0,0.0,0.103407,0.173221,0.0,0.0,0.0,0.0,0.0,0.136395,0.213483,0.10229,0.0,0.0,0.0,0.093509,0.205532,0.225649,0.0,0.137186,0.0,0.081032,0.0,0.0,0.0,0.0,0.129177,0.0,0.265451,0.0,0.178376,0.0,0.185228,0.275982,0.0,0.235796,0.236982,0.070563,0.0,0.0,0.049222,0.206266,0.280755,0.0,0.222791,0.167008,0.234127,1.1e-05,0.0,0.0,0.0,0.0,0.0,0.252045,0.0,0.0,0.0,0.224487,0.096312,0.0,0.0,0.041739,0.0,0.24885,0.0,0.107735,0.0,0.196608,0.219876,0.0,0.0,1.249282,0.0,0.0,0.185859,0.224954,0.215991,0.305395,0.0,0.07785,0.178358,0.157202,0.085924,0.0,0.035512,0.0,0.0,0.0,0.345957,0.154363,0.134551,0.0,0.0,0.0,0.311974,0.486936,0.0,0.214301,0.0,0.10337,0.0,0.204727,0.0,0.270409,0.0,0.0,0.0,0.0,0.0,0.0,0.197761,0.0,0.232458,0.284031,0.0841,0.0,0.0,0.0,0.019377,0.0,0.0,0.0,0.212828,0.0,0.0,0.143815,0.550723,0.198746,0.263878,0.59375,0.22731,0.0,0.0,0.0,0.0,0.0,0.0,0.0,0.157491,0.0,0.21939,0.172934,0.235628,0.18092,0.216848,0.582284,0.125685,0.0,0.0,0.0,0.0,0.233771,0.0,0.0,0.053402,0.091413,0.0,0.0,0.076434,0.209745,0.0,0.0,0.119571,0.104641,0.05616,0.103316,0.0,0.218559,0.0,0.0,0.227988,0.091359,0.0,0.0
TCGA-43-5668,0.0,0.0,0.0,0.0,0.0,0.131054,0.324728,0.160037,0.186462,0.0,0.133123,0.0,0.0,0.0,0.0,0.170042,0.0,0.100455,0.0,0.0,0.196911,0.0,0.0,0.0,0.0,0.0,0.0,0.0,0.151077,0.116862,0.0,0.0,0.123806,0.743907,0.0,0.260829,0.172218,0.0,0.0,0.0,0.0,0.29791,0.0,0.172381,0.0,0.199709,0.180887,0.0,0.0,0.319764,0.0,0.151355,0.0,1.036339,0.0,0.298996,0.136785,0.355895,0.074907,0.165458,0.014662,0.0,0.298965,0.006734,0.006408,0.314504,0.0,0.006424,0.373595,0.0,0.159326,0.0,0.189949,0.117085,0.0,0.0,0.0,0.0,0.117324,0.0,0.0,0.659503,0.081756,0.0,0.0,0.015562,0.178837,0.233641,0.05852,0.039876,0.074549,0.12733,0.199063,0.0,0.459988,0.0,0.0,0.0,0.0,0.124277,0.0,0.0,0.264704,0.194741,0.185346,0.0,0.240559,0.309965,0.102732,0.317964,0.004604,0.0,0.169772,0.0,0.0,0.449567,0.0,0.349197,0.0,0.0,0.361216,0.223563,0.0,1e-06,0.0,0.0,0.32255,0.369608,0.189394,0.0,0.0,0.141921,0.0,0.230421,0.275562,0.128394,0.327089,0.062293,0.006223,0.0,0.208551,0.009831,0.288085,0.204114,0.0,0.0,0.0,0.183368,0.0,0.0,0.1419,0.167392,0.248533,0.294158,0.0,0.097207,0.009276,0.003296,0.123433,0.0,0.368305,0.0,0.0,0.141705,0.181459,0.198081,0.0,0.0,0.0,0.182957,0.0,0.291502,0.0,0.0,0.0,0.0,0.0,0.0,0.107381,0.647705,0.0,0.0,0.0,0.0,0.0,0.124411,0.212341,0.124127,0.0,0.0,0.0,0.0,0.313388,0.0,0.202628,0.214411,0.01675,0.146412,0.195209,0.0,0.141256,0.0,2.140502,0.004129,0.0,0.0,0.283318,1.146896,0.0,0.0,0.0,0.0,0.0,0.0,2.5e-05,0.097563,0.0,0.729589,0.0,0.0,0.0,0.163545,0.0,0.163596,0.113221,0.0,0.0,0.0,0.0,0.0,0.396213,0.0,0.0,0.085473,0.0,0.012345,0.140839,0.101024,0.124749,0.0,0.149096,0.0,0.0,0.0,0.0,0.313097,0.152154,0.0,0.094106,0.027019,0.232968,0.0,0.143549,0.01206,1.285492,0.251794,0.0,0.153576,0.0,0.293299,0.0,0.053247,0.0,0.0,0.0,0.0,0.0,0.0,0.112174,0.0872,0.0,0.156057,0.0,0.0,0.323279,0.066359,0.0,0.161695,0.0,0.0,0.299475,0.187378,0.081453,0.199815,0.191085,0.0,3e-06,0.0,0.113652,0.149024,0.119058,0.174523,0.0,0.0,0.0,0.161996,0.0,0.0,0.095314,0.350198,0.0,0.170643,0.319737,0.145817,0.098224,0.227432,0.0,0.0,0.0,0.005421,0.0,0.261854,0.0,0.0,0.359956,0.0,0.334391,0.0,6.3e-05,0.161789,0.202466,0.101494,0.159073,0.197362,0.0,0.0,0.146857,0.005779,0.0,0.304027,0.272033,0.11154,0.380509,0.0,0.0,0.1697,0.083884,0.0,0.0,0.0,0.226696,0.118863,0.0,0.0,0.0,0.0,0.0,0.057035,0.131206,0.226056,0.0,0.0,0.0,0.184783,0.11831,0.145973,0.0,0.262651,0.0,0.182449,0.0,0.0,0.0,0.0,0.262487,0.0,0.175114,0.0,0.28651,0.0,0.088431,0.225404,0.0,0.147932,0.147477,0.18299,0.0,0.0,0.002729,0.343553,0.191996,0.0,0.335244,0.078227,0.151928,2e-06,0.0,0.0,0.0,0.0,0.0,0.14166,0.0,0.0,0.0,0.333796,0.209819,0.0,0.0,0.004449,0.0,0.176361,0.0,0.258298,0.0,0.307547,0.137518,0.0,0.0,1.450708,0.0,0.0,0.099694,0.347852,0.133022,0.452702,0.0,0.185353,0.105251,0.077485,0.187427,0.0,0.066111,0.0,0.0,0.0,0.276053,0.081805,0.239784,0.0,0.0,0.0,0.249824,0.64703,0.0,0.344545,0.0,0.119067,0.0,0.127119,0.0,0.414899,0.0,0.0,0.0,0.0,0.0,0.0,0.298423,0.0,0.131796,0.229484,0.007205,0.0,0.0,0.0,0.06568,0.0,0.0,0.0,0.155562,0.0,0.0,0.231834,0.726191,0.122473,0.281047,0.765483,0.154433,0.0,0.0,0.0,0.0,0.0,0.0,0.0,0.081647,0.0,0.334421,0.088059,0.140825,0.31189,0.133225,0.71154,0.165112,0.0,0.0,0.0,0.0,0.154919,0.0,0.0,0.004568,0.214163,0.0,0.0,0.182687,0.119043,0.0,1e-06,0.165278,0.200606,0.00581,0.220138,0.0,0.179838,0.0,0.0,0.148573,0.206466,0.0,0.0
TCGA-43-A475,0.0,0.0,0.0,0.0,0.0,0.165235,0.267639,0.197413,0.121106,0.0,0.178461,0.0,0.0,0.0,0.0,0.226597,0.0,0.071168,0.0,0.0,0.12013,0.0,0.0,0.0,0.0,0.0,0.0,0.0,0.055205,0.149881,0.0,0.0,0.159406,0.61225,0.0,0.195848,0.108836,0.0,0.0,0.0,0.0,0.221377,0.0,0.23298,0.0,0.081259,0.185811,0.0,0.0,0.25873,0.0,0.151879,0.0,0.927703,0.0,0.184205,0.153316,0.29539,0.108563,0.202863,0.019184,0.0,0.228021,0.007632,0.009096,0.254733,0.0,0.004678,0.231118,0.0,0.079892,0.0,0.088764,0.148643,0.0,0.0,0.0,0.0,0.068352,0.0,0.0,0.530868,0.117908,0.0,0.0,0.015401,0.103228,0.130857,0.06546,0.049571,0.097493,0.170896,0.20103,0.0,0.354948,0.0,0.0,0.0,0.0,0.143745,0.0,0.0,0.343194,0.253995,0.231658,0.0,0.218263,0.20977,0.137872,0.255965,0.003287,0.0,0.085314,0.0,0.0,0.358184,0.0,0.225624,0.0,0.0,0.253398,0.251277,0.0,0.0,0.0,0.0,0.270399,0.291911,0.24319,0.0,0.0,0.186552,0.0,0.143657,0.237476,0.154067,0.23149,0.057612,0.006209,0.0,0.11315,0.003971,0.247888,0.107885,0.0,0.0,0.0,0.090155,0.0,0.0,0.184898,0.097941,0.130421,0.24556,0.0,0.129457,0.013983,0.003777,0.157901,0.0,0.26585,0.0,0.0,0.169173,0.152344,0.120797,0.0,0.0,0.0,0.060062,0.0,0.212864,0.0,0.0,0.0,0.0,0.0,0.0,0.132761,0.526752,0.0,0.0,0.0,0.0,0.0,0.16543,0.086448,0.144333,0.0,0.0,0.0,0.0,0.229679,0.0,0.12695,0.120689,0.026669,0.117837,0.11753,0.0,0.171721,0.0,1.890322,0.004726,0.0,0.0,0.241229,0.972202,0.0,0.0,0.0,0.0,0.0,0.0,0.0,0.069495,0.0,0.58991,0.0,0.0,0.0,0.20537,0.0,0.20333,0.139541,0.0,0.0,0.0,0.0,0.0,0.319526,0.0,0.0,0.110733,0.0,0.016127,0.178491,0.126658,0.155325,0.0,0.072899,0.0,0.0,0.0,0.0,0.250315,0.139834,0.0,0.119976,0.030524,0.128826,0.0,0.166189,0.01908,1.082482,0.221702,0.0,0.183526,0.0,0.350763,0.0,0.06532,0.0,0.0,0.0,0.0,0.0,0.0,0.138188,0.101201,0.0,0.19997,0.0,0.0,0.248912,0.038997,0.0,0.218208,0.0,0.0,0.220292,0.102352,0.091994,0.253506,0.097172,0.0,5e-06,0.0,0.138622,0.171423,0.140224,0.206139,0.0,0.0,0.0,0.219343,0.0,0.0,0.123206,0.287479,0.0,0.093055,0.248685,0.143359,0.063409,0.192961,0.0,0.0,0.0,0.003061,0.0,0.222455,0.0,0.0,0.278681,0.0,0.242059,0.0,2e-06,0.177247,0.103117,0.131133,0.191208,0.066517,0.0,0.0,0.182298,0.003407,0.0,0.263939,0.210092,0.118337,0.297974,0.0,0.0,0.215115,0.10421,0.0,0.0,0.0,0.091988,0.142409,0.0,0.0,0.0,0.0,0.0,0.077207,0.163725,0.126455,0.0,0.0,0.0,0.129447,0.148594,0.188579,0.0,0.163511,0.0,0.115035,0.0,0.0,0.0,0.0,0.139213,0.0,0.219484,0.0,0.200745,0.0,0.128879,0.188648,0.0,0.174015,0.196142,0.074753,0.0,0.0,0.003747,0.27921,0.237166,0.0,0.270475,0.104832,0.200321,3e-06,0.0,0.0,0.0,0.0,0.0,0.188251,0.0,0.0,0.0,0.277233,0.119943,0.0,0.0,0.003155,0.0,0.213804,0.0,0.121909,0.0,0.239536,0.173999,0.0,0.0,1.273729,0.0,0.0,0.1193,0.289823,0.160534,0.367633,0.0,0.091316,0.086913,0.092852,0.109761,0.0,0.030954,0.0,0.0,0.0,0.362466,0.091051,0.159473,0.0,0.0,0.0,0.303818,0.513508,0.0,0.235237,0.0,0.09919,0.0,0.1555,0.0,0.297307,0.0,0.0,0.0,0.0,0.0,0.0,0.246861,0.0,0.176229,0.278073,0.023006,0.0,0.0,0.0,0.017347,0.0,0.0,0.0,0.141793,0.0,0.0,0.175329,0.608356,0.160898,0.359592,0.64332,0.195074,0.0,0.0,0.0,0.0,0.0,0.0,0.0,0.061807,0.0,0.272075,0.116716,0.193274,0.238283,0.180324,0.60381,0.199797,0.0,0.0,0.0,0.0,0.201589,0.0,0.0,0.010917,0.110248,0.0,0.0,0.081909,0.161146,0.0,0.0,0.189287,0.122292,0.002712,0.124542,0.0,0.218204,0.0,0.0,0.196834,0.11249,0.0,0.0
TCGA-43-A56U,0.0,0.0,0.0,0.0,0.0,0.157375,0.27247,0.189534,0.126679,0.0,0.163804,0.0,0.0,0.0,0.0,0.206683,0.0,0.085488,0.0,0.0,0.120371,0.0,0.0,0.0,0.0,0.0,0.0,0.0,0.074707,0.142694,0.0,0.0,0.155044,0.634721,0.0,0.203819,0.116686,0.0,0.0,0.0,0.0,0.232026,0.0,0.213368,0.0,0.105017,0.19559,0.0,0.0,0.26987,0.0,0.164919,0.0,0.949358,0.0,0.203097,0.155005,0.301731,0.087861,0.199337,0.013822,0.0,0.2332,0.006533,0.00386,0.263244,0.0,0.004836,0.229232,0.0,0.098077,0.0,0.112027,0.142656,0.0,0.0,0.0,0.0,0.072919,0.0,0.0,0.5547,0.102945,0.0,0.0,0.015714,0.114618,0.150541,0.061967,0.048893,0.089744,0.156686,0.221454,0.0,0.384377,0.0,0.0,0.0,0.0,0.137878,0.0,0.0,0.334681,0.233361,0.212668,0.0,0.219791,0.198985,0.128521,0.264831,0.00524,0.0,0.103847,0.0,0.0,0.37238,0.0,0.239098,0.0,0.0,0.272149,0.253098,0.0,0.0,0.0,0.0,0.274778,0.272083,0.2211,0.0,0.0,0.184637,0.0,0.152598,0.205972,0.155701,0.250326,0.056545,0.002592,0.0,0.130651,0.001718,0.254346,0.126008,0.0,0.0,0.0,0.109788,0.0,0.0,0.169107,0.110649,0.152598,0.257464,0.0,0.122325,0.005195,0.004727,0.146004,0.0,0.277985,0.0,0.0,0.169242,0.141365,0.127646,0.0,0.0,0.0,0.091502,0.0,0.225031,0.0,0.0,0.0,0.0,0.0,0.0,0.126319,0.541332,0.0,0.0,0.0,0.0,0.0,0.155215,0.108009,0.141,0.0,0.0,0.0,0.0,0.23769,0.0,0.140053,0.136722,0.031226,0.137739,0.122634,0.0,0.167956,0.0,1.927372,0.003975,0.0,0.0,0.249469,1.005675,0.0,0.0,0.0,0.0,0.0,0.0,0.0,0.087417,0.0,0.614672,0.0,0.0,0.0,0.194635,0.0,0.190973,0.131422,0.0,0.0,0.0,0.0,0.0,0.344797,0.0,0.0,0.101898,0.0,0.009865,0.162969,0.113075,0.139429,0.0,0.087823,0.0,0.0,0.0,0.0,0.252075,0.117764,0.0,0.113117,0.030171,0.150264,0.0,0.165466,0.006792,1.10613,0.239065,0.0,0.18755,0.0,0.35301,0.0,0.062982,0.0,0.0,0.0,0.0,0.0,0.0,0.123935,0.095685,0.0,0.192108,0.0,0.0,0.269915,0.043671,0.0,0.203311,0.0,0.0,0.239694,0.115804,0.089215,0.245715,0.113686,0.0,2e-06,0.0,0.131032,0.165267,0.132916,0.224679,0.0,0.0,0.0,0.210936,0.0,0.0,0.114568,0.29172,0.0,0.108285,0.259344,0.155792,0.066171,0.211894,0.0,0.0,0.0,0.004313,0.0,0.238238,0.0,0.0,0.296717,0.0,0.256714,0.0,0.0,0.179589,0.131221,0.130624,0.189027,0.09653,0.0,0.0,0.168977,0.003235,0.0,0.263112,0.213086,0.079363,0.312589,0.0,0.0,0.201608,0.098742,0.0,0.0,0.0,0.131926,0.137442,0.0,0.0,0.0,0.0,0.0,0.065063,0.160858,0.141281,0.0,0.0,0.0,0.134693,0.141732,0.180598,0.0,0.180499,0.0,0.11794,0.0,0.0,0.0,0.0,0.161303,0.0,0.21011,0.0,0.230762,0.0,0.110976,0.162926,0.0,0.165297,0.183783,0.098401,0.0,0.0,0.000747,0.290676,0.225405,0.0,0.277617,0.092821,0.18291,6e-06,0.0,0.0,0.0,0.0,0.0,0.178329,0.0,0.0,0.0,0.285096,0.133918,0.0,0.0,0.004702,0.0,0.20984,0.0,0.143855,0.0,0.252937,0.166867,0.0,0.0,1.300283,0.0,0.0,0.11528,0.297544,0.148161,0.38652,0.0,0.114662,0.076037,0.086754,0.122437,0.0,0.045179,0.0,0.0,0.0,0.346753,0.093296,0.168989,0.0,0.0,0.0,0.301375,0.542745,0.0,0.249664,0.0,0.11266,0.0,0.154953,0.0,0.31533,0.0,0.0,0.0,0.0,0.0,0.0,0.254378,0.0,0.167835,0.274888,0.010789,0.0,0.0,0.0,0.022956,0.0,0.0,0.0,0.111987,0.0,0.0,0.192262,0.630871,0.151012,0.352803,0.662942,0.180299,0.0,0.0,0.0,0.0,0.0,0.0,0.0,0.045073,0.0,0.277739,0.109087,0.181692,0.253505,0.163139,0.628748,0.215792,0.0,0.0,0.0,0.0,0.189204,0.0,0.0,0.003161,0.125651,0.0,0.0,0.104015,0.152691,0.0,0.0,0.186689,0.134652,0.003941,0.14557,0.0,0.228893,0.0,0.0,0.184203,0.130957,0.0,0.0
TCGA-44-2656,0.0,0.0,0.0,0.0,0.0,0.19211,0.24842,0.227538,0.138991,0.0,0.180806,0.0,0.0,0.0,0.0,0.255458,0.0,0.079609,0.0,0.0,0.114868,0.0,0.0,0.0,0.0,0.0,0.0,0.0,0.084589,0.202175,0.0,0.0,0.197005,0.663121,0.0,0.200536,0.114225,0.0,0.0,0.0,0.0,0.238551,0.0,0.235887,0.0,0.122583,0.164752,0.0,0.0,0.264007,0.0,0.125984,0.0,0.996958,0.0,0.213358,0.191351,0.309094,0.135743,0.224566,0.047539,0.0,0.223836,0.046135,0.051923,0.247449,0.0,0.025507,0.338996,0.0,0.099536,0.0,0.133467,0.18009,0.0,0.0,0.0,0.0,0.073021,0.0,0.0,0.581507,0.147304,0.0,0.0,0.044397,0.102686,0.153325,0.110655,0.070502,0.123097,0.204143,0.180413,0.0,0.396969,0.0,0.0,0.0,0.0,0.166879,0.0,0.0,0.363137,0.276282,0.249035,0.0,0.205089,0.317702,0.185737,0.269044,0.035704,0.0,0.105325,0.0,0.0,0.381705,0.0,0.313387,0.0,0.0,0.279644,0.292555,0.0,0.0,0.0,0.0,0.266743,0.380557,0.264376,0.0,0.0,0.211344,0.0,0.150672,0.325527,0.186499,0.262568,0.063034,0.047808,0.0,0.143751,0.019769,0.237633,0.12747,0.0,0.0,0.0,0.12556,0.0,0.0,0.190845,0.103756,0.167739,0.248242,0.0,0.146541,0.037498,0.017337,0.190231,0.0,0.305163,0.0,0.0,0.228729,0.136344,0.133996,0.0,0.0,0.0,0.11759,0.0,0.208461,0.0,0.0,0.0,0.0,0.0,0.0,0.174658,0.564029,0.0,0.0,0.0,0.0,0.0,0.168537,0.131065,0.189041,0.0,0.0,0.0,0.0,0.236236,0.0,0.136172,0.139848,0.070992,0.134678,0.152936,0.0,0.191174,0.0,2.051335,0.041216,0.0,0.0,0.232699,1.063459,0.0,0.0,0.0,0.0,0.0,0.0,0.0,0.073846,0.0,0.657257,0.0,0.0,0.0,0.24158,0.0,0.226687,0.1785,0.0,0.0,0.0,0.0,0.0,0.341239,0.0,0.0,0.131114,0.0,0.056665,0.194039,0.158773,0.175732,0.0,0.087706,0.0,0.0,0.0,0.0,0.265576,0.209406,0.0,0.160254,0.067059,0.154393,0.0,0.193726,0.053459,1.190911,0.221034,0.0,0.193152,0.0,0.332455,0.0,0.094361,0.0,0.0,0.0,0.0,0.0,0.0,0.190962,0.153073,0.0,0.221212,0.0,0.0,0.276314,0.054908,0.0,0.236346,0.0,0.0,0.236924,0.130176,0.126655,0.273312,0.121414,0.0,0.0,0.0,0.167549,0.20965,0.170893,0.1955,0.0,0.0,0.0,0.230513,0.0,0.0,0.149819,0.290014,0.0,0.111773,0.249456,0.12719,0.042003,0.202422,0.0,0.0,0.0,0.011386,0.0,0.22046,0.0,0.0,0.296702,0.0,0.245728,0.0,0.0,0.208562,0.144712,0.162481,0.212458,0.120586,0.0,0.0,0.202786,0.023718,0.0,0.249381,0.212162,0.177083,0.312809,0.0,0.0,0.246955,0.135948,0.0,0.0,0.0,0.158484,0.162295,0.0,0.0,0.0,0.0,0.0,0.105774,0.191329,0.137986,0.0,0.0,0.0,0.137363,0.196565,0.211752,0.0,0.182927,0.0,0.106716,0.0,0.0,0.0,0.0,0.183833,0.0,0.248224,0.0,0.240347,0.0,0.154529,0.272332,0.0,0.203615,0.219546,0.127228,0.0,0.0,0.025786,0.270581,0.281586,0.0,0.288522,0.136292,0.21254,1e-05,0.0,0.0,0.0,0.0,0.0,0.224811,0.0,0.0,0.0,0.282837,0.131588,0.0,0.0,0.018729,0.0,0.237163,0.0,0.159455,0.0,0.255764,0.19546,0.0,0.0,1.373677,0.0,0.0,0.173561,0.290303,0.191859,0.386788,0.0,0.121791,0.143828,0.1267,0.123953,0.0,0.030176,0.0,0.0,0.0,0.360312,0.135042,0.188774,0.0,0.0,0.0,0.313876,0.562865,0.0,0.267835,0.0,0.097113,0.0,0.185389,0.0,0.336506,0.0,0.0,0.0,0.0,0.0,0.0,0.250973,0.0,0.212742,0.288252,0.052515,0.0,0.0,0.0,0.048963,0.0,0.0,0.0,0.210343,0.0,0.0,0.210699,0.660548,0.179112,0.303501,0.692142,0.219993,0.0,0.0,0.0,0.0,0.0,0.0,0.0,0.126028,0.0,0.281334,0.149149,0.221271,0.223914,0.194857,0.666573,0.145716,0.0,0.0,0.0,0.0,0.228067,0.0,0.0,0.03129,0.128206,0.0,0.0,0.130872,0.182595,0.0,0.0,0.141439,0.139001,0.03508,0.153099,0.0,0.214793,0.0,0.0,0.22158,0.135669,0.0,0.0
TCGA-44-4112,0.0,0.0,0.0,0.0,0.0,0.126169,0.323325,0.15636,0.202058,0.0,0.12755,0.0,0.0,0.0,0.0,0.15607,0.0,0.096397,0.0,0.0,0.185819,0.0,0.0,0.0,0.0,0.0,0.0,0.0,0.150139,0.125097,0.0,0.0,0.133482,0.769962,0.0,0.256297,0.17528,0.0,0.0,0.0,0.0,0.305226,0.0,0.16517,0.0,0.20457,0.187977,0.0,0.0,0.322993,0.0,0.153849,0.0,1.05721,0.0,0.309354,0.134946,0.369226,0.073411,0.167911,0.010574,0.0,0.299704,0.007084,0.007653,0.318587,0.0,0.005642,0.356567,0.0,0.163265,0.0,0.206452,0.111208,0.0,0.0,0.0,0.0,0.114805,0.0,0.0,0.677763,0.079396,0.0,0.0,0.009925,0.175769,0.241256,0.051822,0.032859,0.069259,0.121953,0.216546,0.0,0.481759,0.0,0.0,0.0,0.0,0.109418,0.0,0.0,0.27214,0.19404,0.171577,0.0,0.248212,0.29518,0.101023,0.319119,0.004238,0.0,0.169109,0.0,0.0,0.469739,0.0,0.345737,0.0,0.0,0.36204,0.219513,0.0,0.0,0.0,0.0,0.33059,0.352075,0.175368,0.0,0.0,0.137655,0.0,0.226068,0.258959,0.129023,0.337028,0.06838,0.00567,0.0,0.223991,0.004786,0.293214,0.199959,0.0,0.0,0.0,0.198019,0.0,0.0,0.136272,0.167056,0.253933,0.309343,0.0,0.09288,0.007159,0.002044,0.114203,0.0,0.376917,0.0,0.0,0.141421,0.176463,0.200637,0.0,0.0,0.0,0.187164,0.0,0.2977,0.0,0.0,0.0,0.0,0.0,0.0,0.110533,0.654223,0.0,0.0,0.0,0.0,0.0,0.116542,0.211451,0.111849,0.0,0.0,0.0,0.0,0.315733,0.0,0.204753,0.211792,0.0184,0.162173,0.200708,0.0,0.141979,0.0,2.170045,0.004392,0.0,0.0,0.29205,1.183385,0.0,0.0,0.0,0.0,0.0,0.0,0.0,0.089672,0.0,0.751956,0.0,0.0,0.0,0.163392,0.0,0.146173,0.105708,0.0,0.0,0.0,0.0,0.0,0.414734,0.0,0.0,0.067583,0.0,0.009197,0.135847,0.084018,0.11308,0.0,0.145683,0.0,0.0,0.0,0.0,0.330723,0.141376,0.0,0.086401,0.024387,0.244131,0.0,0.127804,0.009301,1.301932,0.268362,0.0,0.151532,0.0,0.294323,0.0,0.042786,0.0,0.0,0.0,0.0,0.0,0.0,0.107548,0.082274,0.0,0.156113,0.0,0.0,0.333385,0.047362,0.0,0.158788,0.0,0.0,0.311017,0.192307,0.077469,0.18688,0.197596,0.0,0.0,0.0,0.0956,0.1379,0.107754,0.183971,0.0,0.0,0.0,0.164812,0.0,0.0,0.089277,0.354816,0.0,0.167759,0.322844,0.153367,0.087048,0.230453,0.0,0.0,0.0,0.002369,0.0,0.274754,0.0,0.0,0.362952,0.0,0.336208,0.0,0.0,0.150683,0.217625,0.105456,0.15515,0.193558,0.0,0.0,0.134629,0.0023,0.0,0.31317,0.281058,0.101926,0.37947,0.0,0.0,0.171945,0.074349,0.0,0.0,0.0,0.246434,0.111991,0.0,0.0,0.0,0.0,0.0,0.043377,0.13262,0.22032,0.0,0.0,0.0,0.194443,0.123339,0.148088,0.0,0.264803,0.0,0.179072,0.0,0.0,0.0,0.0,0.27275,0.0,0.171257,0.0,0.305903,0.0,0.081393,0.20521,0.0,0.137826,0.145607,0.195066,0.0,0.0,0.002649,0.352303,0.193381,0.0,0.348994,0.072839,0.151006,1.5e-05,0.0,0.0,0.0,0.0,0.0,0.156111,0.0,0.0,0.0,0.326592,0.215048,0.0,0.0,0.004032,0.0,0.16569,0.0,0.250995,0.0,0.315244,0.129579,0.0,0.0,1.478272,0.0,0.0,0.098004,0.352641,0.124549,0.469298,0.0,0.196198,0.087886,0.072616,0.191891,0.0,0.067984,0.0,0.0,0.0,0.271602,0.078181,0.247506,0.0,0.0,0.0,0.255278,0.671281,0.0,0.356044,0.0,0.116458,0.0,0.123604,0.0,0.431042,0.0,0.0,0.0,0.0,0.0,0.0,0.305318,0.0,0.125859,0.225389,0.007916,0.0,0.0,0.0,0.068608,0.0,0.0,0.0,0.136223,0.0,0.0,0.253674,0.739076,0.119084,0.303986,0.781842,0.155696,0.0,0.0,0.0,0.0,0.0,0.0,0.0,0.068377,0.0,0.337116,0.082092,0.135984,0.309248,0.128882,0.74009,0.173662,0.0,0.0,0.0,0.0,0.151073,0.0,0.0,0.004259,0.205408,0.0,0.0,0.193433,0.112367,0.0,0.0,0.174009,0.202491,0.005283,0.236595,0.0,0.193024,0.0,0.0,0.146338,0.199913,0.0,0.0
TCGA-44-5643,0.0,0.0,0.0,0.0,0.0,0.207187,0.221687,0.247887,0.075745,0.0,0.215731,0.0,0.0,0.0,0.0,0.273274,0.0,0.080141,0.0,0.0,0.072099,0.0,0.0,0.0,0.0,0.0,0.0,0.0,0.03863,0.191491,0.0,0.0,0.209809,0.547605,0.0,0.156506,0.069942,0.0,0.0,0.0,0.0,0.179436,0.0,0.27004,0.0,0.057718,0.20568,0.0,0.0,0.217159,0.0,0.17326,0.0,0.907873,0.0,0.129835,0.207762,0.249164,0.139576,0.248502,0.044896,0.0,0.177525,0.024918,0.03267,0.212786,0.0,0.017418,0.19727,0.0,0.054497,0.0,0.06137,0.188016,0.0,0.0,0.0,0.0,0.042531,0.0,0.0,0.477648,0.144632,0.0,0.0,0.041093,0.06674,0.088064,0.103663,0.074544,0.134333,0.212801,0.198399,0.0,0.315242,0.0,0.0,0.0,0.0,0.185703,0.0,0.0,0.406083,0.300652,0.284071,0.0,0.179298,0.192748,0.173627,0.229499,0.01796,0.0,0.059246,0.0,0.0,0.319592,0.0,0.197384,0.0,0.0,0.214015,0.314984,0.0,0.0,0.0,0.0,0.235301,0.280532,0.288104,0.0,0.0,0.232456,0.0,0.10123,0.224662,0.19541,0.18959,0.056324,0.016333,0.0,0.079013,0.008292,0.214202,0.07612,0.0,0.0,0.0,0.058395,0.0,0.0,0.213382,0.055316,0.093078,0.217104,0.0,0.163669,0.029656,0.017027,0.195581,0.0,0.209696,0.0,0.0,0.22184,0.120232,0.078792,0.0,0.0,0.0,0.047936,0.0,0.171418,0.0,0.0,0.0,0.0,0.0,0.0,0.178236,0.468903,0.0,0.0,0.0,0.0,0.0,0.208076,0.061529,0.199158,0.0,0.0,0.0,0.0,0.18258,0.0,0.089323,0.082374,0.057861,0.130962,0.078688,0.0,0.214103,0.0,1.820354,0.022464,0.0,0.0,0.197659,0.907009,0.0,0.0,0.0,0.0,0.0,0.0,1e-06,0.093932,0.0,0.540168,0.0,0.0,0.0,0.249594,0.0,0.248982,0.182315,0.0,0.0,0.0,0.0,0.0,0.294166,0.0,0.0,0.146305,0.0,0.043183,0.217649,0.167678,0.19255,0.0,0.04527,0.0,0.0,0.0,0.0,0.208129,0.147761,0.0,0.163567,0.060234,0.088627,0.0,0.220214,0.031989,1.023818,0.221605,0.0,0.232036,0.0,0.412322,0.0,0.098011,0.0,0.0,0.0,0.0,0.0,0.0,0.178638,0.140241,0.0,0.240491,0.0,0.0,0.215778,0.06587,0.0,0.264812,0.0,0.0,0.184959,0.063639,0.128747,0.310149,0.058601,0.0,2e-06,0.0,0.183488,0.218483,0.18493,0.249483,0.0,0.0,0.0,0.265259,0.0,0.0,0.161851,0.254057,0.0,0.06169,0.210427,0.160879,0.045357,0.198379,0.0,0.0,0.0,0.013145,0.0,0.216173,0.0,0.0,0.2418,0.0,0.196616,0.0,0.0,0.230041,0.078445,0.170931,0.238541,0.051705,0.0,0.0,0.23311,0.018742,0.0,0.217927,0.167919,0.111628,0.25823,0.0,0.0,0.252924,0.14138,0.0,0.0,0.0,0.070502,0.177648,0.0,0.0,0.0,0.0,0.0,0.115516,0.212377,0.085445,0.0,0.0,0.0,0.090248,0.194389,0.230793,0.0,0.124538,0.0,0.07182,0.0,0.0,0.0,0.0,0.102923,0.0,0.260516,0.0,0.179819,0.0,0.158617,0.198558,0.0,0.218016,0.240016,0.054166,0.0,0.0,0.009524,0.227893,0.297462,0.0,0.236196,0.142417,0.228475,7e-06,0.0,0.0,0.0,0.0,0.0,0.234596,0.0,0.0,0.0,0.247232,0.078016,0.0,0.0,0.014878,0.0,0.269547,0.0,0.087327,0.0,0.196038,0.210971,0.0,0.0,1.23363,0.0,0.0,0.158977,0.247891,0.198422,0.314552,0.0,0.054497,0.102328,0.132562,0.075894,0.0,0.02922,0.0,0.0,0.0,0.422853,0.130072,0.11899,0.0,0.0,0.0,0.367826,0.451729,0.0,0.187332,0.0,0.123651,0.0,0.193558,0.0,0.23838,0.0,0.0,0.0,0.0,0.0,0.0,0.215277,0.0,0.21316,0.339296,0.045356,0.0,0.0,0.0,0.019665,0.0,0.0,0.0,0.142021,0.0,0.0,0.137071,0.565216,0.203702,0.369152,0.590736,0.240351,0.0,0.0,0.0,0.0,0.0,0.0,0.0,0.083707,0.0,0.234363,0.148306,0.240219,0.186049,0.218364,0.584992,0.216578,0.0,0.0,0.0,0.0,0.249307,0.0,0.0,0.023831,0.06957,0.0,0.0,0.055735,0.190883,0.0,0.0,0.194755,0.085297,0.018292,0.084667,0.0,0.262359,0.0,0.0,0.241555,0.081312,0.0,0.0
TCGA-44-6776,0.0,0.0,0.0,0.0,0.0,0.044702,0.403307,0.056673,0.291634,0.0,0.039102,0.0,0.0,0.0,0.0,0.048091,0.0,0.189446,0.0,0.0,0.283269,0.0,0.0,0.0,0.0,0.0,0.0,0.0,0.263568,0.036256,0.0,0.0,0.031989,0.920695,0.0,0.331172,0.268943,0.0,0.0,0.0,0.0,0.393122,0.0,0.058466,0.0,0.302076,0.215542,0.0,0.0,0.412224,0.0,0.197757,0.0,1.101125,0.0,0.436467,0.056643,0.42216,0.019125,0.08664,0.000976,0.0,0.383243,0.000241,0.000363,0.389013,0.0,0.000216,0.424654,0.0,0.242993,0.0,0.311092,0.053501,0.0,0.0,0.0,0.0,0.139884,0.0,0.0,0.796158,0.018831,0.0,0.0,0.001815,0.277853,0.366375,0.009577,0.004772,0.032866,0.038503,0.262275,0.0,0.588094,0.0,0.0,0.0,0.0,0.04822,0.0,0.0,0.120799,0.067798,0.07338,0.0,0.289128,0.306531,0.026467,0.353686,0.000412,0.0,0.254057,0.0,0.0,0.521372,0.0,0.415128,0.0,0.0,0.478658,0.103598,0.0,0.0,0.0,0.0,0.373353,0.345823,0.071281,0.0,0.0,0.050849,0.0,0.347279,0.215431,0.0516,0.436051,0.065361,0.000296,0.0,0.329886,0.002253,0.336713,0.318371,0.0,0.0,0.0,0.290985,0.0,0.0,0.053229,0.265073,0.362136,0.34919,0.0,0.030647,0.000256,0.000212,0.033586,0.0,0.487756,0.0,0.0,0.050104,0.204367,0.315444,0.0,0.0,0.0,0.314327,0.0,0.391701,0.0,0.0,0.0,0.0,0.0,0.0,0.030415,0.775459,0.0,0.0,0.0,0.0,0.0,0.035118,0.328763,0.040941,0.0,0.0,0.0,0.0,0.42219,0.0,0.301021,0.333994,0.000754,0.190257,0.26747,0.0,0.060247,0.0,2.285404,0.000187,0.0,0.0,0.342756,1.299319,0.0,1.1e-05,0.0,0.0,0.0,0.0,1.4e-05,0.183087,0.0,0.903552,0.0,0.0,0.0,0.065088,0.0,0.060193,0.044552,0.0,0.0,0.0,0.0,0.0,0.480114,0.0,0.0,0.028699,0.0,0.000965,0.05202,0.036489,0.042188,0.0,0.249221,0.0,0.0,0.0,0.0,0.396144,0.110302,0.0,0.026498,0.001626,0.370879,0.0,0.060859,0.002617,1.465998,0.275474,0.0,0.073649,0.0,0.170155,0.0,0.005496,0.0,0.0,0.0,0.0,0.0,0.0,0.02412,0.020333,0.0,0.062357,0.0,0.0,0.406624,0.102787,0.0,0.046421,0.0,0.0,0.408886,0.28847,0.037471,0.081899,0.29174,0.0,0.0,0.0,0.046187,0.070142,0.046544,0.123149,0.0,0.0,0.0,0.079178,0.0,0.0,0.038953,0.423695,0.0,0.275708,0.385157,0.2064,0.2331,0.259903,0.0,0.0,0.0,0.000136,0.0,0.323915,0.0,0.0,0.451179,0.0,0.438092,0.0,1e-06,0.081381,0.323983,0.03487,0.088984,0.314873,0.0,0.0,0.071257,0.000269,0.0,0.352025,0.377926,0.039627,0.49058,0.0,0.0,0.060142,0.028669,0.0,0.0,0.0,0.368706,0.062931,0.0,0.0,0.0,0.0,0.0,0.008038,0.055739,0.349125,0.0,0.0,0.0,0.2534,0.037408,0.050913,0.0,0.369352,0.0,0.26885,0.0,0.0,0.0,0.0,0.406589,0.0,0.079552,0.0,0.387181,0.0,0.023755,0.184043,0.0,0.063113,0.046204,0.30435,0.0,0.0,4.5e-05,0.423617,0.075811,0.0,0.399426,0.024846,0.064954,0.000522,0.0,0.0,0.0,0.0,0.0,0.051597,0.0,0.0,0.0,0.389191,0.31605,0.0,0.0,0.000202,0.0,0.073528,0.0,0.389576,1e-06,0.382376,0.061092,0.0,0.0,1.555361,0.0,0.0,0.030896,0.42241,0.047749,0.592806,0.0,0.291423,0.07895,0.022513,0.293133,0.0,0.149329,0.0,0.0,0.0,0.108467,0.028536,0.321767,0.0,0.0,0.0,0.152366,0.834297,0.0,0.477729,0.0,0.157666,0.0,0.053136,0.0,0.569558,0.0,0.0,0.0,0.0,0.0,0.0,0.351332,0.0,0.061948,0.151425,0.000736,0.0,0.0,0.0,0.156021,0.0,0.0,0.0,0.110741,0.0,0.0,0.297397,0.826231,0.052023,0.176958,0.885886,0.061706,0.0,0.0,0.0,0.0,0.0,0.0,0.0,0.049871,0.0,0.39613,0.034116,0.044044,0.408952,0.04418,0.789942,0.19961,0.0,0.0,0.0,0.0,0.058244,0.0,0.0,0.000122,0.327134,0.0,0.0,0.285573,0.051988,0.0,0.0,0.202378,0.299708,0.000389,0.344204,0.0,0.123583,0.0,0.0,0.042281,0.317033,0.0,0.0
TCGA-44-7670,0.0,0.0,0.0,0.0,0.0,0.063925,0.385971,0.079066,0.260762,0.0,0.065451,0.0,0.0,0.0,0.0,0.082225,0.0,0.171457,0.0,0.0,0.239531,0.0,0.0,0.0,0.0,0.0,0.0,0.0,0.20376,0.054562,0.0,0.0,0.057331,0.859714,0.0,0.31213,0.236048,0.0,0.0,0.0,0.0,0.365996,0.0,0.09298,0.0,0.246611,0.246726,0.0,0.0,0.386826,0.0,0.209805,0.0,1.080315,0.0,0.390465,0.073126,0.415864,0.031363,0.118204,0.00159,0.0,0.351238,0.000456,0.000544,0.378141,0.0,0.000425,0.335766,0.0,0.204661,0.0,0.266453,0.059069,0.0,0.0,0.0,0.0,0.123926,0.0,0.0,0.749982,0.031166,0.0,0.0,0.002129,0.238237,0.320682,0.018685,0.009198,0.033691,0.052957,0.282027,0.0,0.558299,0.0,0.0,0.0,0.0,0.051698,0.0,0.0,0.192477,0.102637,0.095994,0.0,0.286487,0.229297,0.036388,0.347174,0.000375,0.0,0.21448,0.0,0.0,0.508952,0.0,0.351382,0.0,0.0,0.432062,0.141181,0.0,0.0,0.0,0.0,0.371808,0.284482,0.096666,0.0,0.0,0.069154,0.0,0.304159,0.180305,0.071607,0.403686,0.07114,0.000146,0.0,0.286788,0.00182,0.333937,0.274106,0.0,0.0,0.0,0.24819,0.0,0.0,0.071852,0.221901,0.312608,0.343688,0.0,0.045578,0.000325,0.000235,0.047625,0.0,0.446851,0.0,0.0,0.067808,0.188427,0.276811,0.0,0.0,0.0,0.23851,0.0,0.361166,0.0,0.0,0.0,0.0,0.0,0.0,0.053784,0.740582,0.0,0.0,0.0,0.0,0.0,0.058606,0.270429,0.053145,0.0,0.0,0.0,0.0,0.375353,0.0,0.266252,0.288198,0.003204,0.192966,0.232657,0.0,0.075224,0.0,2.206256,0.000533,0.0,0.0,0.343308,1.243367,0.0,0.0,0.0,0.0,0.0,0.0,0.0,0.162219,0.0,0.851406,0.0,0.0,0.0,0.085925,0.0,0.078258,0.053557,0.0,0.0,0.0,0.0,0.0,0.468397,0.0,0.0,0.035918,0.0,0.001011,0.067876,0.041165,0.050119,0.0,0.215062,0.0,0.0,0.0,0.0,0.382099,0.07585,0.0,0.035805,0.003597,0.327667,0.0,0.079498,0.000882,1.382693,0.29344,0.0,0.104996,0.0,0.238251,0.0,0.010572,0.0,0.0,0.0,0.0,0.0,0.0,0.044126,0.034664,0.0,0.086324,0.0,0.0,0.39443,0.073637,0.0,0.083628,0.0,0.0,0.372066,0.250662,0.04446,0.118501,0.254316,0.0,0.0,0.0,0.052181,0.083661,0.05787,0.165402,0.0,0.0,0.0,0.105105,0.0,0.0,0.042151,0.40685,0.0,0.236878,0.368072,0.213052,0.194954,0.278833,0.0,0.0,0.0,0.000118,0.0,0.324883,0.0,0.0,0.431447,0.0,0.397543,0.0,0.0,0.100548,0.284565,0.051673,0.105513,0.247528,0.0,0.0,0.08062,0.000118,0.0,0.347687,0.349386,0.038656,0.466285,0.0,0.0,0.085539,0.033187,0.0,0.0,0.0,0.312606,0.068029,0.0,0.0,0.0,0.0,0.0,0.013436,0.077884,0.29812,0.0,0.0,0.0,0.238681,0.057212,0.08128,0.0,0.32985,0.0,0.234404,0.0,0.0,0.0,0.0,0.360339,0.0,0.109295,0.0,0.359319,0.0,0.033581,0.138207,0.0,0.076797,0.067739,0.255884,0.0,0.0,6.8e-05,0.406166,0.114403,0.0,0.390985,0.02735,0.080522,0.000277,0.0,0.0,0.0,0.0,0.0,0.068627,0.0,0.0,0.0,0.385084,0.276334,0.0,0.0,0.000314,0.0,0.104165,0.0,0.327089,0.0,0.364991,0.070339,0.0,0.0,1.508204,0.0,0.0,0.040439,0.41255,0.063383,0.558969,0.0,0.246273,0.042899,0.024125,0.251942,0.0,0.125261,0.0,0.0,0.0,0.180382,0.042182,0.30019,0.0,0.0,0.0,0.200937,0.768749,0.0,0.43435,0.0,0.145065,0.0,0.068262,0.0,0.512171,0.0,0.0,0.0,0.0,0.0,0.0,0.336114,0.0,0.069222,0.197813,0.001445,0.0,0.0,0.0,0.1191,0.0,0.0,0.0,0.075616,0.0,0.0,0.28848,0.795162,0.069943,0.265984,0.848014,0.090553,0.0,0.0,0.0,0.0,0.0,0.0,0.0,0.020147,0.0,0.384424,0.039496,0.063959,0.375057,0.06416,0.759042,0.244282,0.0,0.0,0.0,0.0,0.089872,0.0,0.0,0.000157,0.274695,0.0,0.0,0.242373,0.059173,0.0,0.0,0.232379,0.260432,9.8e-05,0.302524,0.0,0.163038,0.0,0.0,0.077224,0.268874,0.0,0.0
TCGA-46-3766,1e-06,0.0,0.0,0.0,0.0,0.181933,0.267849,0.231371,0.118554,0.0,0.189416,0.0,0.0,0.0,0.0,0.222914,0.0,0.146637,0.0,0.0,0.113064,0.0,0.0,0.0,0.0,0.0,0.0,0.0,0.100495,0.174713,0.0,0.0,0.193901,0.676729,0.0,0.187253,0.108772,0.0,0.0,0.0,0.0,0.237404,0.0,0.239298,0.0,0.118123,0.274634,0.0,0.0,0.272485,0.0,0.235561,0.0,1.029557,0.0,0.209582,0.197296,0.298935,0.118584,0.244439,0.024588,0.0,0.221172,0.011558,0.010737,0.2663,0.0,0.015658,0.242039,0.0,0.093696,0.0,0.117595,0.175583,0.0,0.0,0.0,0.0,0.054715,0.0,0.0,0.596593,0.117035,0.0,0.0,0.026875,0.105708,0.155346,0.0991,0.069818,0.113878,0.183443,0.249803,0.0,0.416241,0.0,0.0,0.0,0.0,0.17829,0.0,0.0,0.380448,0.261604,0.246411,0.0,0.188835,0.205708,0.138631,0.266587,0.012016,0.0,0.095392,0.0,0.0,0.404219,0.0,0.240127,0.0,0.0,0.288736,0.315979,0.0,0.0,0.0,0.0,0.277131,0.259821,0.246805,0.0,0.0,0.204515,0.0,0.156472,0.170161,0.189157,0.261586,0.054799,0.005306,0.0,0.141672,0.007677,0.251685,0.131692,0.0,0.0,0.0,0.113202,0.0,0.0,0.197642,0.09733,0.158287,0.262638,0.0,0.150942,0.010793,0.005401,0.167756,0.0,0.285126,0.0,0.0,0.199605,0.115116,0.124713,0.0,0.0,0.0,0.119507,0.0,0.22925,0.0,0.0,0.0,0.0,0.0,0.0,0.166685,0.576237,0.0,0.0,0.0,0.0,0.0,0.179866,0.139664,0.170266,0.0,0.0,0.0,0.0,0.239269,0.0,0.132472,0.134873,0.041647,0.203498,0.113202,0.0,0.209113,0.0,2.04025,0.007876,0.0,0.0,0.242884,1.08115,0.0,0.0,0.0,0.0,0.0,0.0,0.0,0.153094,0.0,0.677674,0.0,0.0,0.0,0.232538,0.0,0.209317,0.164613,0.0,0.0,0.0,0.0,0.0,0.386572,0.0,0.0,0.123114,0.0,0.01545,0.196335,0.142858,0.165139,0.0,0.086336,0.0,0.0,0.0,0.0,0.272418,0.105664,0.0,0.146472,0.051183,0.166331,0.0,0.197115,0.008955,1.18659,0.283428,0.0,0.227824,0.0,0.424268,0.0,0.085958,0.0,0.0,0.0,0.0,0.0,0.0,0.154952,0.132349,0.0,0.228647,0.0,0.0,0.284655,0.096012,0.0,0.238959,0.0,0.0,0.244347,0.110992,0.12548,0.278496,0.114124,0.0,0.0,0.0,0.157683,0.198727,0.166807,0.277082,0.0,0.0,0.0,0.238054,0.0,0.0,0.142576,0.295676,0.0,0.109514,0.257112,0.229177,0.058418,0.254724,0.0,0.0,0.0,0.007485,0.0,0.301729,0.0,0.0,0.312663,0.0,0.260548,0.0,9e-06,0.230948,0.136493,0.163503,0.227133,0.12889,0.0,0.0,0.197035,0.005754,0.0,0.248341,0.210761,0.056258,0.326467,0.0,0.0,0.231121,0.127065,0.0,0.0,0.0,0.157075,0.176118,0.0,0.0,0.0,0.0,0.0,0.084204,0.201755,0.138507,0.0,0.0,0.0,0.126547,0.181692,0.211036,0.0,0.184794,0.0,0.11382,0.0,0.0,0.0,0.0,0.17666,0.0,0.240713,0.0,0.283817,0.0,0.12445,0.155782,0.0,0.199301,0.208134,0.132996,0.0,0.0,0.001907,0.295223,0.269071,0.0,0.284696,0.116489,0.211137,1.6e-05,0.0,0.0,0.0,0.0,0.0,0.20891,0.0,0.0,0.0,0.278437,0.129158,0.0,0.0,0.012908,0.0,0.246883,0.0,0.15898,0.0,0.247146,0.186807,0.0,0.0,1.390607,0.0,0.0,0.149161,0.303461,0.183262,0.409,0.0,0.103941,0.081866,0.124477,0.119021,0.0,0.049522,0.0,0.0,0.0,0.384185,0.12861,0.169961,0.0,0.0,0.0,0.365058,0.575134,0.0,0.269321,0.0,0.187456,0.0,0.192899,0.0,0.339962,0.0,0.0,0.0,0.0,0.0,0.0,0.256888,0.0,0.194097,0.339806,0.014241,0.0,0.0,0.0,0.060433,0.0,0.0,0.0,0.09461,0.0,0.0,0.192399,0.673868,0.189239,0.358539,0.703738,0.220969,0.0,0.0,0.0,0.0,0.0,0.0,0.0,0.056077,0.0,0.276104,0.133491,0.197288,0.241359,0.177814,0.716636,0.268817,0.0,0.0,0.0,0.0,0.22651,0.0,0.0,0.004331,0.122817,0.0,0.0,0.113903,0.172176,0.0,0.0,0.249399,0.126548,0.012525,0.149614,0.0,0.288062,0.0,0.0,0.209399,0.129846,0.0,0.0
TCGA-46-3767,0.0,0.0,0.0,0.0,0.0,0.134641,0.309359,0.169447,0.178675,0.0,0.131885,0.0,0.0,0.0,0.0,0.153809,0.0,0.135473,0.0,0.0,0.168808,0.0,0.0,0.0,0.0,0.0,0.0,0.0,0.150691,0.12485,0.0,0.0,0.136602,0.760518,0.0,0.238807,0.162942,0.0,0.0,0.0,0.0,0.294463,0.0,0.169183,0.0,0.184438,0.235113,0.0,0.0,0.315655,0.0,0.200663,0.0,1.046039,0.0,0.291588,0.147717,0.340354,0.080673,0.185284,0.016991,0.0,0.282882,0.009961,0.011912,0.307627,0.0,0.009143,0.306151,0.0,0.145181,0.0,0.182533,0.130952,0.0,0.0,0.0,0.0,0.088173,0.0,0.0,0.66456,0.080818,0.0,0.0,0.020086,0.162409,0.228177,0.065647,0.039576,0.084795,0.131186,0.238536,0.0,0.475744,0.0,0.0,0.0,0.0,0.13616,0.0,0.0,0.28232,0.185794,0.182083,0.0,0.226856,0.245585,0.098072,0.296385,0.009039,0.0,0.151102,0.0,0.0,0.450248,0.0,0.304469,0.0,0.0,0.35494,0.226253,0.0,0.0,0.0,0.0,0.310778,0.302894,0.176868,1e-06,0.0,0.149541,0.0,0.21624,0.198487,0.142058,0.323186,0.064134,0.006352,0.0,0.207674,0.010746,0.27814,0.193112,0.0,0.0,0.0,0.17557,0.0,0.0,0.140395,0.151646,0.233963,0.294695,0.0,0.10395,0.010192,0.004445,0.116353,0.0,0.353091,0.0,0.0,0.146537,0.149563,0.182879,0.0,0.0,0.0,0.18229,0.0,0.288288,0.0,0.0,0.0,0.0,0.0,0.0,0.114759,0.645326,0.0,0.0,0.0,0.0,0.0,0.124594,0.205352,0.123139,0.0,0.0,0.0,0.0,0.302771,0.0,0.192073,0.198999,0.02634,0.181674,0.168565,0.0,0.153891,0.0,2.138606,0.008518,0.0,0.0,0.273081,1.171532,0.0,0.0,0.0,0.0,0.0,0.0,0.0,0.147414,0.0,0.752624,0.0,0.0,0.0,0.171013,0.0,0.154158,0.118979,0.0,0.0,0.0,0.0,0.0,0.423195,0.0,0.0,0.086842,0.0,0.014858,0.144082,0.102729,0.119137,0.0,0.134399,0.0,0.0,0.0,0.0,0.310158,0.11737,0.0,0.103708,0.029149,0.237887,0.0,0.145938,0.012305,1.283563,0.273579,0.0,0.168228,0.0,0.326409,0.0,0.050522,0.0,0.0,0.0,0.0,0.0,0.0,0.103539,0.094392,0.0,0.166629,0.0,0.0,0.320958,0.077012,0.0,0.165245,0.0,0.0,0.30245,0.173441,0.091098,0.200576,0.176779,0.0,0.0,0.0,0.111868,0.153974,0.125686,0.211751,0.0,0.0,0.0,0.17705,0.0,0.0,0.105779,0.337326,0.0,0.165858,0.306558,0.200087,0.093881,0.245469,0.0,0.0,0.0,0.004744,0.0,0.297447,0.0,0.0,0.35834,0.0,0.325532,0.0,2.1e-05,0.172259,0.204941,0.118681,0.172617,0.192306,0.0,0.0,0.148291,0.005786,0.0,0.286954,0.268035,0.050924,0.375661,0.0,0.0,0.169707,0.09105,0.0,0.0,0.0,0.233623,0.130591,0.0,0.0,0.0,0.0,0.0,0.054016,0.149453,0.207518,0.0,0.0,0.0,0.172397,0.132882,0.15623,0.0,0.251579,0.0,0.168224,0.0,0.0,0.0,0.0,0.258559,0.0,0.180773,0.0,0.314157,0.0,0.087151,0.172297,0.0,0.150871,0.148806,0.189054,0.0,0.0,0.004141,0.338086,0.196684,0.0,0.326095,0.08635,0.154986,2.3e-05,0.0,0.0,0.0,0.0,0.0,0.157379,0.0,0.0,0.0,0.313949,0.194987,0.0,0.0,0.008293,0.0,0.179534,0.0,0.236833,0.0,0.29564,0.137899,0.0,0.0,1.456226,0.0,0.0,0.108665,0.341948,0.131457,0.46664,0.0,0.168155,0.083758,0.085014,0.176485,0.0,0.080135,0.0,0.0,0.0,0.275032,0.092355,0.225406,0.0,0.0,0.0,0.272278,0.664686,0.0,0.346318,0.0,0.15681,0.0,0.139947,0.0,0.422121,0.0,0.0,0.0,0.0,0.0,0.0,0.286288,0.0,0.142299,0.255757,0.015334,0.0,0.0,0.0,0.088544,0.0,0.0,0.0,0.105279,0.0,0.0,0.232615,0.728517,0.137977,0.305701,0.766995,0.16221,0.0,0.0,0.0,0.0,0.0,0.0,0.0,0.059549,0.0,0.317456,0.097579,0.141173,0.299116,0.129856,0.741038,0.221263,0.0,0.0,0.0,0.0,0.163856,0.0,0.0,0.005891,0.189527,0.0,0.0,0.174882,0.124675,0.0,0.0,0.210726,0.186441,0.008995,0.221277,0.0,0.219225,0.0,0.0,0.1479,0.191337,0.0,0.0
TCGA-49-4488,0.0,0.0,0.0,0.0,0.0,0.045788,0.462963,0.06709,0.335937,0.0,0.055681,0.0,0.0,0.0,0.0,0.073796,0.0,0.221629,0.0,0.0,0.319338,0.0,0.0,0.0,0.0,0.0,0.0,0.0,0.306822,0.050702,0.0,0.0,0.057777,1.037964,0.0,0.383711,0.310029,0.0,0.0,0.0,0.0,0.447355,0.0,0.080975,0.0,0.364619,0.302528,0.0,0.0,0.461942,0.0,0.267061,0.0,1.27731,0.0,0.520236,0.060775,0.528761,0.031239,0.096579,0.001506,0.0,0.424051,0.000867,0.000709,0.483497,0.0,0.000897,0.469407,0.0,0.292299,0.0,0.377828,0.049147,0.0,0.0,0.0,0.0,0.166914,0.0,0.0,0.92428,0.026457,0.0,0.0,0.000567,0.320963,0.42799,0.017691,0.010878,0.023796,0.045347,0.311371,0.0,0.698274,0.0,0.0,0.0,0.0,0.040449,0.0,0.0,0.184599,0.093273,0.072031,0.0,0.349123,0.304704,0.031345,0.441103,0.000285,0.0,0.307339,0.0,0.0,0.638552,0.0,0.464581,0.0,0.0,0.547975,0.148171,0.0,0.0,0.0,0.0,0.45479,0.341737,0.079878,0.0,0.0,0.051485,0.0,0.400224,0.220352,0.056627,0.513893,0.074393,0.000373,0.0,0.39524,0.00013,0.417464,0.370114,0.0,0.0,0.0,0.354999,0.0,0.0,0.060375,0.302854,0.417178,0.420636,0.0,0.044285,0.000383,0.000157,0.043131,0.0,0.584588,0.0,0.0,0.058326,0.231376,0.372624,0.0,0.0,0.0,0.392663,0.0,0.429468,0.0,0.0,0.0,0.0,0.0,0.0,0.052398,0.889414,0.0,0.0,0.0,0.0,0.0,0.050177,0.405798,0.039903,0.0,0.0,0.0,0.0,0.470895,0.0,0.358363,0.380143,0.003641,0.268024,0.331731,0.0,0.058659,0.0,2.536434,0.000135,0.0,0.0,0.430682,1.45174,0.0,0.0,0.0,0.0,0.0,0.0,1e-05,0.184043,0.0,1.045373,0.0,0.0,0.0,0.071425,0.0,0.063255,0.043008,0.0,0.0,0.0,0.0,0.0,0.585467,0.0,0.0,0.024884,0.0,0.000824,0.052648,0.030846,0.036009,0.0,0.292903,0.0,0.0,0.0,0.0,0.494047,0.069651,0.0,0.030931,0.006381,0.448036,0.0,0.061842,0.00053,1.639602,0.358799,0.0,0.091155,0.0,0.23695,0.0,0.013851,0.0,0.0,0.0,0.0,0.0,0.0,0.045979,0.031204,0.0,0.07669,0.0,0.0,0.510267,0.118276,0.0,0.075823,0.0,0.0,0.454712,0.360193,0.03192,0.103843,0.361848,0.0,0.0,0.0,0.037284,0.05761,0.040943,0.1666,0.0,0.0,0.0,0.081077,0.0,0.0,0.024703,0.497328,0.0,0.315441,0.447015,0.271087,0.198507,0.347666,0.0,0.0,0.0,6.2e-05,0.0,0.395208,0.0,0.0,0.550918,0.0,0.487694,0.0,0.0,0.093508,0.374087,0.042424,0.087609,0.398493,0.0,0.0,0.062335,6e-05,0.0,0.431566,0.419963,0.058798,0.582565,0.0,0.0,0.074255,0.026892,0.0,0.0,0.0,0.444694,0.061761,0.0,0.0,0.0,0.0,0.0,0.012123,0.070085,0.401008,0.0,0.0,0.0,0.291054,0.048026,0.067469,0.0,0.420926,0.0,0.311243,0.0,0.0,0.0,0.0,0.466616,0.0,0.084692,0.0,0.474782,0.0,0.027585,0.162791,0.0,0.05395,0.063417,0.391878,0.0,0.0,5.1e-05,0.510299,0.106459,0.0,0.479015,0.019208,0.068149,0.000102,0.0,0.0,0.0,0.0,0.0,0.057623,0.0,0.0,0.0,0.466944,0.362218,0.0,0.0,0.000904,0.0,0.093608,0.0,0.471776,0.0,0.453394,0.049107,0.0,0.0,1.725901,0.0,0.0,0.040838,0.500446,0.054079,0.690356,0.0,0.35088,0.03141,0.020074,0.336623,0.0,0.126201,0.0,0.0,0.0,0.166569,0.036085,0.378889,0.0,0.0,0.0,0.196256,0.928956,0.0,0.551301,0.0,0.190787,0.0,0.058757,0.0,0.671238,0.0,0.0,0.0,0.0,0.0,0.0,0.419312,0.0,0.051339,0.20149,0.000797,0.0,0.0,0.0,0.217203,0.0,0.0,0.0,0.097618,0.0,0.0,0.370271,0.968304,0.06215,0.286673,1.020307,0.075613,0.0,0.0,0.0,0.0,0.0,0.0,0.0,0.02704,0.0,0.474435,0.029858,0.054579,0.445319,0.049305,0.926911,0.287163,0.0,0.0,0.0,0.0,0.077674,0.0,0.0,0.000105,0.37183,0.0,0.0,0.359319,0.047901,0.0,0.0,0.290017,0.336656,0.000292,0.408017,0.0,0.174195,0.0,0.0,0.067723,0.370245,0.0,0.0
TCGA-49-4490,1e-06,0.0,0.0,0.0,0.0,0.051285,0.420827,0.074865,0.29639,0.0,0.057878,0.0,0.0,0.0,0.0,0.066006,0.0,0.192298,0.0,0.0,0.278381,0.0,0.0,0.0,0.0,0.0,0.0,0.0,0.273106,0.050601,0.0,0.0,0.062982,0.969785,0.0,0.346465,0.272765,0.0,0.0,0.0,0.0,0.415291,0.0,0.082762,0.0,0.325414,0.289693,0.0,0.0,0.423301,0.0,0.248821,0.0,1.211426,0.0,0.467151,0.067934,0.476118,0.02873,0.112017,0.000661,0.0,0.395362,0.000288,0.00031,0.445376,0.0,0.000484,0.401648,0.0,0.255108,0.0,0.330528,0.053704,0.0,0.0,0.0,0.0,0.145741,0.0,0.0,0.859709,0.022019,0.0,0.0,0.000925,0.283615,0.38253,0.014337,0.007646,0.026588,0.046069,0.299095,0.0,0.644082,0.0,0.0,0.0,0.0,0.050363,0.0,0.0,0.192215,0.092228,0.08082,0.0,0.312888,0.265404,0.024959,0.402409,0.000392,0.0,0.267103,0.0,0.0,0.601275,0.0,0.411431,0.0,0.0,0.500888,0.151599,0.0,0.0,0.0,0.0,0.419246,0.306352,0.078707,0.0,0.0,0.053781,0.0,0.353083,0.186921,0.070636,0.467621,0.078322,0.000198,0.0,0.350707,0.000562,0.378129,0.326903,0.0,0.0,0.0,0.31283,0.0,0.0,0.066285,0.259373,0.379538,0.395726,0.0,0.045154,0.00017,5.4e-05,0.040435,0.0,0.522886,0.0,0.0,0.061381,0.203676,0.318559,0.0,0.0,0.0,0.331165,0.0,0.404706,0.0,0.0,0.0,0.0,0.0,0.0,0.055581,0.826901,0.0,0.0,0.0,0.0,0.0,0.052354,0.354102,0.041681,0.0,0.0,0.0,0.0,0.433986,0.0,0.318831,0.336617,0.001674,0.246964,0.283534,0.0,0.070821,0.0,2.442395,9.4e-05,0.0,0.0,0.38751,1.402396,0.0,0.0,0.0,1e-06,0.0,0.0,0.0,0.17919,0.0,0.97265,0.0,0.0,0.0,0.076893,0.0,0.064143,0.043502,0.0,0.0,0.0,0.0,0.0,0.55738,0.0,0.0,0.021922,0.0,0.000361,0.061586,0.032355,0.037578,0.0,0.247275,0.0,0.0,0.0,0.0,0.442986,0.065754,0.0,0.030073,0.004292,0.396123,0.0,0.066602,0.00045,1.545357,0.34432,0.0,0.102487,0.0,0.248868,0.0,0.009064,0.0,0.0,0.0,0.0,0.0,0.0,0.038507,0.032242,0.0,0.085788,0.0,0.0,0.45575,0.091341,0.0,0.078186,0.0,0.0,0.422759,0.314592,0.037566,0.107286,0.313322,0.0,0.0,0.0,0.036579,0.069587,0.048234,0.179035,0.0,0.0,0.0,0.089813,0.0,0.0,0.028674,0.455305,0.0,0.281147,0.419446,0.253227,0.166485,0.320098,0.0,0.0,0.0,5.1e-05,0.0,0.373757,0.0,0.0,0.500562,0.0,0.456614,0.0,0.0,0.101322,0.338247,0.050938,0.09946,0.340481,0.0,0.0,0.069603,0.000105,0.0,0.39469,0.38671,0.038249,0.524164,0.0,0.0,0.080828,0.031029,0.0,0.0,0.0,0.394993,0.070398,0.0,0.0,0.0,0.0,0.0,0.00795,0.080871,0.353023,0.0,0.0,0.0,0.266468,0.052818,0.078071,0.0,0.38348,0.0,0.277494,0.0,0.0,0.0,0.0,0.424843,0.0,0.093333,0.0,0.434756,0.0,0.022454,0.137885,0.0,0.062736,0.066695,0.336411,0.0,0.0,6.8e-05,0.469499,0.112347,0.0,0.444678,0.020332,0.076279,5.2e-05,0.0,0.0,0.0,0.0,0.0,0.064541,0.0,0.0,0.0,0.429636,0.326905,0.0,0.0,0.000253,0.0,0.101046,0.0,0.405629,0.0,0.413832,0.054571,0.0,0.0,1.670977,0.0,0.0,0.04283,0.4602,0.058683,0.631847,0.0,0.303617,0.029023,0.022056,0.29337,0.0,0.125756,0.0,0.0,0.0,0.168801,0.042571,0.345457,0.0,0.0,0.0,0.197816,0.870334,0.0,0.502557,0.0,0.175308,0.0,0.066498,0.0,0.610121,0.0,0.0,0.0,0.0,0.0,0.0,0.383848,0.0,0.054176,0.19925,0.000296,0.0,0.0,0.0,0.178299,0.0,0.0,0.0,0.074061,0.0,0.0,0.340425,0.908677,0.07134,0.305108,0.958876,0.083605,0.0,0.0,0.0,0.0,0.0,0.0,0.0,0.023679,0.0,0.43551,0.031037,0.053796,0.410111,0.052174,0.882321,0.271675,0.0,0.0,0.0,0.0,0.080819,0.0,0.0,9.4e-05,0.32383,0.0,0.0,0.310138,0.050552,0.0,0.0,0.2745,0.302593,0.000254,0.369198,0.0,0.178062,0.0,0.0,0.070902,0.322808,0.0,0.0
TCGA-49-4494,0.0,0.0,0.0,0.0,0.0,0.086097,0.386975,0.116376,0.260467,0.0,0.094545,0.0,0.0,0.0,0.0,0.118983,0.0,0.176756,0.0,0.0,0.241638,0.0,0.0,0.0,0.0,0.0,0.0,0.0,0.228369,0.089032,0.0,0.0,0.100391,0.911592,0.0,0.315844,0.240869,0.0,0.0,0.0,0.0,0.377383,0.0,0.127105,0.0,0.282457,0.279303,0.0,0.0,0.389691,0.0,0.23859,0.0,1.18657,0.0,0.414099,0.100404,0.447268,0.059053,0.144397,0.006961,0.0,0.354828,0.005026,0.005804,0.411625,0.0,0.003404,0.384963,0.0,0.221955,0.0,0.286472,0.087345,0.0,0.0,0.0,0.0,0.130843,0.0,0.0,0.808094,0.053021,0.0,0.0,0.006568,0.243178,0.332031,0.035367,0.022758,0.049184,0.085876,0.280354,0.0,0.600243,0.0,0.0,0.0,0.0,0.080167,0.0,0.0,0.248329,0.14392,0.12567,0.0,0.294574,0.269629,0.062673,0.384712,0.003585,0.0,0.233639,0.0,0.0,0.56019,0.0,0.387451,0.0,0.0,0.456856,0.194859,0.0,0.0,0.0,0.0,0.39414,0.31755,0.130156,0.0,0.0,0.093851,0.0,0.31251,0.213703,0.098342,0.429026,0.075625,0.003255,0.0,0.305031,0.001651,0.355312,0.282592,0.0,0.0,0.0,0.273733,0.0,0.0,0.099367,0.222377,0.330591,0.371363,0.0,0.077622,0.003415,0.001578,0.080296,0.0,0.480817,0.0,0.0,0.103295,0.191309,0.278776,0.0,0.0,0.0,0.291983,0.0,0.362422,0.0,0.0,0.0,0.0,0.0,0.0,0.091604,0.778718,0.0,0.0,0.0,0.0,0.0,0.086173,0.309679,0.078637,0.0,0.0,0.0,0.0,0.393138,0.0,0.279737,0.29302,0.012679,0.233062,0.258538,0.0,0.101881,0.0,2.37823,0.002926,0.0,0.0,0.360846,1.336502,0.0,0.0,0.0,0.0,0.0,0.0,1e-06,0.162504,0.0,0.91782,0.0,0.0,0.0,0.120475,0.0,0.108368,0.078062,0.0,0.0,0.0,0.0,0.0,0.520671,0.0,0.0,0.052154,0.0,0.006376,0.095404,0.066823,0.07183,0.0,0.212922,0.0,0.0,0.0,0.0,0.414621,0.086886,0.0,0.064177,0.017492,0.346238,0.0,0.100867,0.004641,1.486006,0.327485,0.0,0.13175,0.0,0.287615,0.0,0.029232,0.0,0.0,0.0,0.0,0.0,0.0,0.077815,0.062751,0.0,0.123245,0.0,0.0,0.426251,0.093388,0.0,0.124192,0.0,0.0,0.381436,0.277128,0.057443,0.158316,0.27381,0.0,0.0,0.0,0.070628,0.105928,0.080106,0.196279,0.0,0.0,0.0,0.128108,0.0,0.0,0.058712,0.424695,0.0,0.244211,0.384813,0.24233,0.132091,0.307889,0.0,0.0,0.0,0.000501,0.0,0.350624,0.0,0.0,0.466534,0.0,0.409646,0.0,1e-06,0.132399,0.296759,0.079708,0.131353,0.299088,0.0,0.0,0.106447,0.00196,0.0,0.368767,0.352822,0.063588,0.486519,0.0,0.0,0.124904,0.056587,0.0,0.0,0.0,0.341883,0.096054,0.0,0.0,0.0,0.0,0.0,0.030017,0.113872,0.306365,0.0,0.0,0.0,0.235087,0.089826,0.114687,0.0,0.338222,0.0,0.244003,0.0,0.0,0.0,0.0,0.369068,0.0,0.135993,0.0,0.399778,0.0,0.054907,0.162289,0.0,0.09921,0.110388,0.294786,0.0,0.0,0.001261,0.431457,0.160174,0.0,0.417386,0.049175,0.111598,3.3e-05,0.0,0.0,0.0,0.0,0.0,0.106672,0.0,0.0,0.0,0.404416,0.282831,0.0,0.0,0.003166,0.0,0.140289,0.0,0.355084,0.0,0.380979,0.089435,0.0,0.0,1.61996,0.0,0.0,0.076459,0.429508,0.093782,0.588104,0.0,0.263794,0.045566,0.045462,0.258819,0.0,0.097116,0.0,0.0,0.0,0.231427,0.067503,0.312055,0.0,0.0,0.0,0.237738,0.808166,0.0,0.455255,0.0,0.168949,0.0,0.098636,0.0,0.55702,0.0,0.0,0.0,0.0,0.0,0.0,0.359693,0.0,0.096022,0.238756,0.006528,0.0,0.0,0.0,0.153111,0.0,0.0,0.0,0.098995,0.0,0.0,0.312231,0.869716,0.104903,0.325376,0.912251,0.121896,0.0,0.0,0.0,0.0,0.0,0.0,0.0,0.038783,0.0,0.409481,0.059717,0.101177,0.367393,0.091553,0.848556,0.261037,0.0,0.0,0.0,0.0,0.124167,0.0,0.0,0.002099,0.279082,0.0,0.0,0.275981,0.084922,0.0,0.0,0.261279,0.265921,0.003585,0.322384,0.0,0.200152,0.0,0.0,0.113787,0.283269,0.0,0.0
TCGA-49-4505,0.0,0.0,0.0,0.0,0.0,0.023346,0.492905,0.037234,0.369669,0.0,0.027524,0.0,0.0,0.0,0.0,0.033839,0.0,0.240129,0.0,0.0,0.362196,0.0,0.0,0.0,0.0,0.0,0.0,0.0,0.359434,0.023935,0.0,0.0,0.029609,1.111894,0.0,0.41283,0.343252,0.0,0.0,0.0,0.0,0.48687,0.0,0.044864,0.0,0.412696,0.301851,0.0,0.0,0.496975,0.0,0.27673,0.0,1.320026,0.0,0.576773,0.035358,0.556719,0.012168,0.066937,0.000265,0.0,0.464355,0.000135,2.6e-05,0.513149,0.0,0.000236,0.515661,0.0,0.329681,0.0,0.423906,0.030092,0.0,0.0,0.0,0.0,0.184761,0.0,0.0,0.987417,0.009911,0.0,0.0,0.000188,0.361999,0.48267,0.006463,0.004211,0.012627,0.021125,0.320943,0.0,0.752136,0.0,0.0,0.0,0.0,0.024148,0.0,0.0,0.127742,0.050965,0.040374,0.0,0.361741,0.330109,0.010764,0.46203,0.000108,0.0,0.346446,0.0,0.0,0.679699,0.0,0.50255,0.0,0.0,0.603885,0.100806,0.0,0.0,0.0,0.0,0.479541,0.355057,0.042338,0.0,0.0,0.025826,0.0,0.448411,0.217445,0.033701,0.560092,0.073935,1e-05,0.0,0.444348,8.6e-05,0.442511,0.418146,0.0,0.0,0.0,0.399147,0.0,0.0,0.034335,0.342114,0.468276,0.446749,0.0,0.02247,2.5e-05,2.8e-05,0.020601,0.0,0.632827,0.0,0.0,0.02898,0.251247,0.414286,0.0,0.0,0.0,0.454129,0.0,0.471586,0.0,0.0,0.0,0.0,0.0,0.0,0.026238,0.946399,0.0,0.0,0.0,0.0,0.0,0.026427,0.462635,0.019025,0.0,0.0,0.0,0.0,0.520516,0.0,0.402441,0.425555,0.000814,0.280591,0.367336,0.0,0.036499,0.0,2.636824,2.1e-05,0.0,0.0,0.451754,1.534228,0.0,0.0,0.0,0.0,0.0,0.0,0.0,0.204857,0.0,1.11564,0.0,0.0,0.0,0.040628,0.0,0.035077,0.022203,0.0,0.0,0.0,0.0,0.0,0.626001,0.0,0.0,0.011234,0.0,7.4e-05,0.028186,0.015188,0.018331,0.0,0.330489,0.0,0.0,0.0,0.0,0.527428,0.059927,0.0,0.014064,0.002194,0.503574,0.0,0.038759,2.9e-05,1.731786,0.367131,0.0,0.061754,0.0,0.195516,0.0,0.005035,0.0,0.0,0.0,0.0,0.0,0.0,0.01814,0.014235,0.0,0.047139,0.0,0.0,0.541819,0.129799,0.0,0.038533,0.0,0.0,0.49802,0.400706,0.018832,0.064352,0.40277,0.0,0.0,0.0,0.020329,0.031372,0.022925,0.140478,0.0,0.0,0.0,0.049562,0.0,0.0,0.012941,0.529743,0.0,0.354319,0.48019,0.282385,0.227601,0.357392,0.0,0.0,0.0,5e-06,0.0,0.418722,0.0,0.0,0.591437,0.0,0.53609,0.0,0.0,0.071333,0.417383,0.024282,0.06312,0.463154,0.0,0.0,0.036779,1.1e-05,0.0,0.454632,0.452175,0.036637,0.624803,0.0,0.0,0.039987,0.014028,0.0,0.0,0.0,0.504008,0.043867,0.0,0.0,0.0,0.0,0.0,0.003483,0.044393,0.450226,0.0,0.0,0.0,0.314978,0.023248,0.03652,0.0,0.470013,0.0,0.347472,0.0,0.0,0.0,0.0,0.519675,0.0,0.050699,0.0,0.519218,0.0,0.010111,0.157491,0.0,0.031536,0.032664,0.442002,0.0,0.0,0.0,0.54459,0.063021,0.0,0.500849,0.008077,0.037561,0.000146,0.0,0.0,0.0,0.0,0.0,0.029323,0.0,0.0,0.0,0.491526,0.403905,0.0,0.0,0.000317,0.0,0.060251,0.0,0.534998,0.0,0.48635,0.026356,0.0,0.0,1.795334,0.0,0.0,0.020871,0.534339,0.028807,0.740511,0.0,0.392215,0.025614,0.010131,0.374725,0.0,0.145681,0.0,0.0,0.0,0.102976,0.019062,0.410827,0.0,0.0,0.0,0.148591,1.006679,0.0,0.608932,0.0,0.200663,0.0,0.036246,0.0,0.740757,0.0,0.0,0.0,0.0,0.0,0.0,0.447254,0.0,0.026726,0.16347,5.3e-05,0.0,0.0,0.0,0.257432,0.0,0.0,0.0,0.094979,0.0,0.0,0.392817,1.021492,0.039568,0.25211,1.08052,0.04482,0.0,0.0,0.0,0.0,0.0,0.0,0.0,0.024188,0.0,0.501477,0.013786,0.025135,0.490111,0.02421,0.977228,0.285385,0.0,0.0,0.0,0.0,0.045286,0.0,0.0,0.0,0.419575,0.0,0.0,0.406331,0.026735,0.0,0.0,0.291032,0.372163,7.3e-05,0.457727,0.0,0.145637,0.0,0.0,0.035112,0.416217,0.0,0.0
TCGA-49-4512,0.0,0.0,0.0,0.0,0.0,0.047132,0.43809,0.07039,0.310583,0.0,0.055827,0.0,0.0,0.0,0.0,0.067756,0.0,0.244042,0.0,0.0,0.283186,0.0,0.0,0.0,0.0,0.0,0.0,0.0,0.272591,0.04983,0.0,0.0,0.057996,0.985708,0.0,0.351826,0.276658,0.0,0.0,0.0,4e-06,0.417422,0.0,0.080161,0.0,0.310626,0.33688,0.0,0.0,0.43703,0.0,0.287387,0.0,1.214981,0.0,0.463246,0.065418,0.479337,0.029408,0.108713,0.001656,0.0,0.393448,0.000957,0.000801,0.446228,0.0,0.001347,0.386809,0.0,0.251614,0.0,0.329429,0.053652,0.0,0.0,0.0,0.0,0.132089,0.0,0.0,0.869616,0.024334,0.0,0.0,0.001592,0.285108,0.386138,0.016316,0.010091,0.029727,0.045162,0.333622,0.0,0.652959,0.0,0.0,1e-06,0.0,0.0446,0.0,0.0,0.191101,0.091341,0.07679,0.0,0.323594,0.24061,0.026673,0.398979,0.000769,0.0,0.264021,0.0,0.0,0.589223,0.0,0.394172,0.0,0.0,0.507338,0.152566,0.0,0.0,0.0,0.0,0.419566,0.274986,0.078133,0.0,0.0,0.052568,0.0,0.366456,0.15501,0.061844,0.476299,0.070074,0.000339,0.0,0.356192,0.001772,0.387606,0.3335,0.0,0.0,0.0,0.308664,0.0,0.0,0.063371,0.270049,0.365327,0.391456,0.0,0.045826,0.000445,0.000408,0.040778,0.0,0.529846,0.0,0.0,0.058151,0.200032,0.339099,0.0,0.0,0.0,0.335164,0.0,0.404976,0.0,0.0,0.0,0.0,0.0,0.0,0.0532,0.836711,0.0,0.0,0.0,0.0,0.0,0.050571,0.356046,0.040216,0.0,0.0,0.0,0.0,0.436537,0.0,0.322778,0.346251,0.00329,0.271612,0.280442,0.0,0.064735,0.0,2.406556,0.00048,0.0,0.0,0.395964,1.37921,0.0,0.0,0.0,0.0,0.0,0.0,4.8e-05,0.217104,0.0,0.991476,0.0,0.0,0.0,0.073757,0.0,0.063113,0.04325,0.0,0.0,0.0,0.0,0.0,0.555743,0.0,0.0,0.026243,0.0,0.001104,0.055011,0.033775,0.035529,0.0,0.266793,0.0,0.0,0.0,0.0,0.454525,0.047958,0.0,0.030059,0.006131,0.405809,0.0,0.064913,0.000742,1.548532,0.351925,0.0,0.101601,0.0,0.258606,0.0,0.011734,0.0,0.0,0.0,0.0,0.0,0.0,0.042042,0.031715,0.0,0.078813,0.0,0.0,0.471712,0.119353,0.0,0.074064,0.0,0.0,0.426003,0.32272,0.040529,0.104497,0.316166,0.0,0.0,0.0,0.040791,0.066726,0.046792,0.184214,0.0,0.0,0.0,0.091509,0.0,0.0,0.028378,0.463495,0.0,0.290749,0.414816,0.291106,0.220705,0.337097,0.0,0.0,2.8e-05,0.000261,0.0,0.397538,0.0,0.0,0.512966,0.0,0.455465,0.0,5e-06,0.100957,0.336119,0.047657,0.101823,0.338228,0.0,0.0,0.068812,0.000443,0.0,0.391509,0.396447,0.031125,0.551853,0.0,0.0,0.075417,0.030195,0.0,0.0,0.0,0.395062,0.069748,0.0,0.0,0.0,0.0,0.0,0.011298,0.07776,0.359962,0.0,0.0,0.0,0.262842,0.047816,0.070718,0.0,0.383554,0.0,0.282719,0.0,0.0,0.0,0.0,0.430908,0.0,0.092933,0.0,0.448755,0.0,0.02652,0.118232,0.0,0.059941,0.062653,0.349813,0.0,0.0,0.000162,0.472839,0.10918,0.0,0.446661,0.019834,0.071189,0.000519,0.0,0.0,0.0,0.0,0.0,0.058357,0.0,0.0,0.0,0.431961,0.325571,0.0,0.0,0.001023,0.0,0.101161,0.0,0.406929,1e-06,0.421268,0.053046,0.0,0.0,1.64031,0.0,0.0,0.041811,0.468751,0.056442,0.650803,0.0,0.302482,0.02379,0.02215,0.300164,0.0,0.135042,0.0,0.0,0.0,0.1672,0.042104,0.353174,0.0,0.0,0.0,0.214578,0.882698,0.0,0.514612,0.0,0.208074,0.0,0.066383,0.0,0.621657,0.0,0.0,0.0,0.0,0.0,0.0,0.389183,0.0,0.056149,0.223525,0.000936,0.0,0.0,0.0,0.197178,0.0,0.0,0.0,0.065576,0.0,0.0,0.334888,0.909178,0.069246,0.286386,0.959702,0.079607,0.0,0.0,0.0,0.0,0.0,0.0,0.0,0.018218,0.0,0.437042,0.032029,0.051996,0.415321,0.049563,0.878841,0.325823,0.0,0.0,0.0,0.0,0.082378,0.0,2.3e-05,0.000101,0.328014,0.0,0.0,0.310435,0.051796,0.0,0.0,0.323303,0.305601,0.000367,0.365961,0.0,0.189305,0.0,0.0,0.067812,0.329889,0.0,0.0
TCGA-49-4514,2.1e-05,0.0,0.0,0.0,0.0,0.086512,0.39457,0.122772,0.251656,0.0,0.102364,0.0,0.0,0.0,0.0,0.128925,0.0,0.20599,0.0,0.0,0.214553,0.0,0.0,0.0,0.0,0.0,0.0,0.0,0.197936,0.091733,0.0,0.0,0.107582,0.897541,0.0,0.310916,0.227281,0.0,0.0,0.0,1e-06,0.372441,0.0,0.141127,0.0,0.245231,0.350361,0.0,0.0,0.391972,0.0,0.282699,0.0,1.198252,0.0,0.384844,0.112084,0.449932,0.054557,0.163039,0.000901,0.0,0.339178,0.000266,0.000209,0.415267,0.0,0.000535,0.317512,0.0,0.191639,0.0,0.254606,0.086483,0.0,0.0,0.0,0.0,0.110663,0.0,0.0,0.797456,0.04582,0.0,0.0,0.00136,0.218808,0.307234,0.026839,0.016971,0.044828,0.078204,0.32155,0.0,0.590034,0.0,0.0,1e-06,0.0,0.073503,0.0,0.0,0.301404,0.157586,0.128716,0.0,0.301648,0.203571,0.047579,0.384765,0.00038,0.0,0.210903,0.0,0.0,0.556488,0.0,0.340562,0.0,0.0,0.43714,0.227446,0.0,0.0,0.0,0.0,0.396224,0.250968,0.138429,6e-06,0.0,0.092849,0.0,0.295646,0.150811,0.105587,0.420449,0.073372,7e-05,0.0,0.290995,0.001224,0.366535,0.268752,0.0,0.0,0.0,0.243612,0.0,0.0,0.103076,0.203479,0.296767,0.370234,0.0,0.086645,6.9e-05,8.1e-05,0.076598,0.0,0.460066,0.0,0.0,0.102774,0.176553,0.261294,0.0,0.0,0.0,0.251224,0.0,0.35181,0.0,0.0,0.0,0.0,0.0,0.0,0.092719,0.775922,0.0,0.0,0.0,0.0,0.0,0.093136,0.275937,0.075551,0.0,0.0,0.0,0.0,0.370455,0.0,0.263667,0.275173,0.002728,0.260264,0.229754,0.0,0.103399,0.0,2.33872,6.6e-05,0.0,0.0,0.366373,1.305095,0.0,0.0,0.0,0.0,0.0,0.0,8e-06,0.188128,0.0,0.903291,0.0,0.0,0.0,0.123891,0.0,0.113767,0.078357,0.0,0.0,0.0,0.0,0.0,0.527215,0.0,0.0,0.050697,0.0,0.000518,0.090366,0.05167,0.057396,0.0,0.198898,0.0,0.0,0.0,0.0,0.41233,0.048786,0.0,0.059317,0.006532,0.323263,0.0,0.111432,0.000234,1.456525,0.360759,0.0,0.15505,0.0,0.357979,0.0,0.024031,0.0,0.0,0.0,0.0,0.0,0.0,0.079159,0.063941,0.0,0.129325,0.0,0.0,0.43373,0.105241,0.0,0.135669,0.0,0.0,0.366447,0.25714,0.060549,0.181248,0.253415,0.0,0.0,0.0,0.075045,0.1074,0.079716,0.239066,0.0,0.0,0.0,0.142921,0.0,0.0,0.04334,0.430427,0.0,0.23056,0.378304,0.284249,0.140012,0.343986,0.0,0.0,3e-06,1.5e-05,0.0,0.383516,0.0,0.0,0.468594,0.0,0.396467,0.0,5e-06,0.152657,0.279417,0.078567,0.148847,0.256828,0.0,0.0,0.113886,0.000123,0.0,0.367622,0.339258,0.046942,0.500299,0.0,0.0,0.127984,0.052086,0.0,0.0,0.0,0.305241,0.103882,3e-06,0.0,0.0,0.0,0.0,0.017261,0.121069,0.283154,0.0,0.0,0.0,0.225788,0.085964,0.128012,0.0,0.318154,0.0,0.226389,0.0,0.0,0.0,0.0,0.348336,0.0,0.152566,0.0,0.398022,0.0,0.043463,0.115417,0.0,0.10176,0.107997,0.274409,0.0,0.0,2e-06,0.435957,0.181271,0.0,0.422424,0.034961,0.116552,0.000184,0.0,0.0,0.0,0.0,0.0,0.099079,0.0,0.0,0.0,0.411132,0.25687,0.0,0.0,0.000258,0.0,0.169356,0.0,0.318856,0.0,0.375896,0.084862,0.0,0.0,1.602716,0.0,0.0,0.068458,0.430847,0.091744,0.592205,0.0,0.233253,0.019983,0.032798,0.239099,0.0,0.099221,0.0,0.0,0.0,0.284518,0.069856,0.30912,0.0,0.0,0.0,0.28945,0.783465,0.0,0.441243,0.0,0.198112,0.0,0.10631,0.0,0.529126,0.0,0.0,0.0,0.0,0.0,0.0,0.357043,0.0,0.092128,0.292608,0.000389,0.0,0.0,0.0,0.143299,0.0,0.0,0.0,0.059767,0.0,0.0,0.302751,0.864199,0.110866,0.382218,0.907305,0.133546,0.0,0.0,0.0,0.0,0.0,0.0,0.0,0.012595,0.0,0.408193,0.058204,0.099661,0.359316,0.089041,0.842669,0.347848,0.0,0.0,0.0,0.0,0.140756,0.0,0.0,1.5e-05,0.252331,0.0,0.0,0.24609,0.083908,0.0,0.0,0.328184,0.249862,7.4e-05,0.29674,0.0,0.242624,0.0,0.0,0.123791,0.263938,0.0,0.0
TCGA-49-6742,0.0,0.0,0.0,0.0,0.0,0.065844,0.405379,0.091808,0.266371,0.0,0.078158,0.0,0.0,0.0,0.0,0.083678,0.0,0.187887,0.0,0.0,0.242001,0.0,0.0,0.0,0.0,0.0,0.0,0.0,0.230849,0.058958,0.0,0.0,0.078719,0.911822,0.0,0.322106,0.244579,0.0,0.0,0.0,4.5e-05,0.385526,0.0,0.104182,0.0,0.281648,0.311518,0.0,0.0,0.399519,0.0,0.263019,0.0,1.174436,0.0,0.417036,0.082007,0.451272,0.035609,0.130341,0.00192,0.0,0.365008,0.001149,0.001073,0.421186,0.0,0.001064,0.328622,0.0,0.221494,0.0,0.287507,0.057919,0.0,0.0,0.0,0.0,0.128611,0.0,0.0,0.804156,0.026591,0.0,0.0,0.00205,0.251683,0.340684,0.017166,0.011203,0.033855,0.055961,0.311794,0.0,0.603661,0.0,0.0,0.0,0.0,0.053954,0.0,0.0,0.231949,0.113992,0.098062,0.0,0.302542,0.212359,0.030451,0.380317,0.000864,0.0,0.234574,0.0,0.0,0.574255,0.0,0.357903,0.0,0.0,0.458747,0.17728,0.0,0.0,0.0,0.0,0.403315,0.257078,0.095039,0.0,0.0,0.069888,0.0,0.318633,0.139207,0.080653,0.431169,0.075867,0.000468,0.0,0.313149,0.001721,0.366074,0.291372,0.0,0.0,0.0,0.272658,0.0,0.0,0.080595,0.223533,0.33587,0.379583,0.0,0.05899,0.00059,0.00063,0.048417,0.0,0.474184,0.0,0.0,0.071323,0.18906,0.281763,0.0,0.0,0.0,0.277225,0.0,0.380423,0.0,0.0,0.0,0.0,0.0,0.0,0.065999,0.781342,0.0,0.0,0.0,0.0,0.0,0.069039,0.305288,0.05251,0.0,0.0,0.0,0.0,0.3946,0.0,0.283518,0.298007,0.002968,0.245413,0.244161,0.0,0.083239,0.0,2.331712,0.000712,0.0,0.0,0.36871,1.328804,0.0,4e-06,0.0,0.0,0.0,0.0,0.001258,0.177421,0.0,0.9103,0.0,0.0,0.0,0.089169,0.0,0.07671,0.051168,0.0,0.0,0.0,0.0,0.0,0.531469,0.0,0.0,0.029899,0.0,0.001617,0.073624,0.034535,0.043985,0.0,0.219531,0.0,0.0,0.0,0.0,0.417399,0.042336,0.0,0.037396,0.005901,0.352517,0.0,0.080935,0.001226,1.458933,0.346834,0.0,0.125533,0.0,0.297466,0.0,0.013119,0.0,0.0,0.0,0.0,0.0,0.0,0.048107,0.03799,1e-05,0.098411,0.0,0.0,0.430916,0.086548,0.0,0.0979,0.0,0.0,0.392992,0.273828,0.045493,0.12879,0.276777,0.0,0.0,0.0,0.046365,0.083646,0.05903,0.210726,0.0,0.0,0.0,0.110968,0.0,0.0,0.035694,0.43683,0.0,0.246867,0.39841,0.262445,0.155278,0.322205,0.0,0.0,0.0,0.000178,0.0,0.371817,0.0,0.0,0.469332,0.0,0.426821,0.0,8e-06,0.119184,0.305484,0.059887,0.116619,0.285933,0.0,0.0,0.081662,0.000684,0.0,0.371817,0.35809,0.020071,0.498215,0.0,0.0,0.095502,0.034815,0.0,0.0,0.0,0.341587,0.081257,0.0,0.0,0.0,0.0,0.0,0.011863,0.091468,0.313576,0.0,0.0,0.0,0.245066,0.062701,0.098877,0.0,0.345504,0.0,0.248316,0.0,0.0,0.0,0.0,0.382664,0.0,0.111696,0.0,0.402129,0.0,0.027726,0.103181,0.0,0.07454,0.078383,0.292702,0.0,0.0,0.000196,0.447477,0.133764,0.0,0.429232,0.024598,0.090856,3.9e-05,0.0,0.0,0.0,0.0,0.0,0.078344,0.0,0.0,0.0,0.406324,0.290012,0.0,0.0,0.001598,0.0,0.126126,0.0,0.351363,0.0,0.386158,0.064449,0.0,0.0,1.610164,0.0,0.0,0.045243,0.436192,0.066714,0.595982,0.0,0.26423,0.017843,0.026594,0.26495,0.0,0.118078,0.0,0.0,0.0,0.211979,0.050329,0.320554,0.0,0.0,0.0,0.235506,0.810082,0.0,0.46161,0.0,0.184837,0.0,0.077027,0.0,0.552795,0.0,0.0,0.0,0.0,0.0,0.0,0.365301,3e-06,0.062244,0.232053,0.001652,0.0,0.0,0.0,0.152152,0.0,0.0,0.0,0.044583,0.0,0.0,0.312391,0.860693,0.08453,0.345534,0.91121,0.102005,0.0,0.0,0.0,0.0,0.0,0.0,0.0,0.012355,0.0,0.413918,0.0365,0.065402,0.38658,0.065708,0.842936,0.308408,0.0,0.0,2e-06,0.0,0.100558,0.0,1.2e-05,8.3e-05,0.282424,0.0,0.0,0.265462,0.057653,0.0,0.0,0.296405,0.275976,0.000903,0.328378,0.0,0.20985,0.0,0.0,0.085938,0.282747,0.0,0.0
TCGA-49-6743,0.0,0.0,0.0,0.0,0.0,0.123014,0.315311,0.158726,0.188234,0.0,0.132134,0.0,0.0,0.0,0.0,0.152402,0.0,0.145759,0.0,0.0,0.170151,0.0,0.0,0.0,0.0,0.0,0.0,0.0,0.145024,0.124099,0.0,0.0,0.132098,0.750876,0.0,0.243315,0.177153,0.0,0.0,0.0,0.0,0.300888,0.0,0.164017,0.0,0.189334,0.239502,0.0,0.0,0.312558,0.0,0.206527,0.0,1.02623,0.0,0.299087,0.138063,0.351018,0.086537,0.178893,0.023956,0.0,0.291388,0.016697,0.022468,0.324201,0.0,0.015402,0.284108,0.0,0.152227,0.0,0.191676,0.122179,0.0,0.0,0.0,0.0,0.094431,0.0,0.0,0.655808,0.081956,0.0,0.0,0.026082,0.172583,0.232705,0.06619,0.0433,0.08316,0.128776,0.24441,0.0,0.4795,0.0,0.0,0.0,0.0,0.116253,0.0,0.0,0.283787,0.186679,0.181372,0.0,0.243842,0.220342,0.099702,0.301092,0.011378,0.0,0.162371,0.0,0.0,0.444361,0.0,0.304741,0.0,0.0,0.351801,0.218052,0.0,0.0,0.0,0.0,0.319218,0.287932,0.174572,0.0,0.0,0.148767,0.0,0.233519,0.192676,0.133186,0.330181,0.069963,0.006363,0.0,0.216676,0.019462,0.289556,0.202933,0.0,0.0,0.0,0.186496,0.0,0.0,0.132549,0.153781,0.233824,0.300599,0.0,0.099255,0.011398,0.007695,0.110626,0.0,0.354887,0.0,0.0,0.137341,0.156313,0.190678,0.0,0.0,0.0,0.180959,0.0,0.296972,0.0,0.0,0.0,0.0,0.0,0.0,0.12142,0.641357,0.0,0.0,0.0,0.0,0.0,0.118318,0.198925,0.114633,0.0,0.0,0.0,0.0,0.309097,0.0,0.204445,0.205194,0.030886,0.176531,0.173145,0.0,0.135378,0.0,2.097518,0.01397,0.0,0.0,0.286084,1.144811,0.0,0.0,0.0,0.0,0.0,0.0,0.0,0.152579,0.0,0.755368,0.0,0.0,0.0,0.163326,0.0,0.145073,0.109452,0.0,0.0,0.0,0.0,0.0,0.412737,0.0,0.0,0.091307,0.0,0.022593,0.143583,0.101374,0.114677,0.0,0.142609,0.0,0.0,0.0,0.0,0.320994,0.109805,0.0,0.09438,0.033536,0.244192,0.0,0.137035,0.017375,1.271681,0.263859,0.0,0.164645,0.0,0.308234,0.0,0.053034,0.0,0.0,0.0,0.0,0.0,0.0,0.106866,0.08704,0.0,0.164008,0.0,0.0,0.331048,0.072035,0.0,0.161259,0.0,0.0,0.306692,0.188269,0.091165,0.197211,0.185074,0.0,0.0,0.0,0.100929,0.146794,0.117598,0.216574,0.0,0.0,0.0,0.170596,0.0,0.0,0.102687,0.343296,0.0,0.171798,0.316903,0.207144,0.117918,0.239247,0.0,0.0,0.0,0.001957,0.0,0.286037,0.0,0.0,0.358112,0.0,0.327361,0.0,4e-06,0.15425,0.213,0.111862,0.165147,0.188561,0.0,0.0,0.150978,0.006823,0.0,0.301082,0.29005,0.047345,0.379016,0.0,0.0,0.166308,0.081862,0.0,0.0,0.0,0.237884,0.117187,0.0,0.0,0.0,0.0,0.0,0.063944,0.139416,0.213524,0.0,0.0,0.0,0.182604,0.122935,0.147545,0.0,0.252572,0.0,0.176702,0.0,0.0,0.0,0.0,0.271225,0.0,0.18303,0.0,0.295474,0.0,0.088019,0.171821,0.0,0.144529,0.146809,0.184748,0.0,0.0,0.003415,0.343907,0.195872,0.0,0.339263,0.084255,0.148145,3.3e-05,0.0,0.0,0.0,0.0,0.0,0.154663,0.0,0.0,0.0,0.327028,0.203326,0.0,0.0,0.017552,0.0,0.176763,0.0,0.238348,0.0,0.299542,0.128881,0.0,0.0,1.432717,0.0,0.0,0.103432,0.34292,0.127249,0.468825,0.0,0.177431,0.076117,0.085008,0.180589,0.0,0.097939,0.0,0.0,0.0,0.271608,0.095371,0.231767,0.0,0.0,0.0,0.27462,0.669191,0.0,0.350686,0.0,0.160058,0.0,0.131562,0.0,0.422506,0.0,0.0,0.0,0.0,0.0,0.0,0.28449,0.0,0.135887,0.258072,0.029384,0.0,0.0,0.0,0.087456,0.0,0.0,0.0,0.101391,0.0,0.0,0.241042,0.715383,0.133346,0.307067,0.761849,0.156546,0.0,0.0,0.0,0.0,0.0,0.0,0.0,0.05369,0.0,0.334105,0.091508,0.142011,0.295865,0.133264,0.710664,0.233943,0.0,0.0,0.0,0.0,0.154879,0.0,0.0,0.00314,0.192985,0.0,0.0,0.182242,0.118141,0.0,0.0,0.219314,0.197551,0.007055,0.226566,0.0,0.218234,0.0,0.0,0.151465,0.197836,0.0,0.0
TCGA-49-6745,5e-06,0.0,0.0,0.0,0.0,0.08812,0.379592,0.11649,0.251455,0.0,0.0997,0.0,0.0,0.0,0.0,0.12461,0.0,0.170557,0.0,0.0,0.220164,0.0,0.0,0.0,0.0,0.0,0.0,0.0,0.193602,0.092241,0.0,0.0,0.102265,0.86107,0.0,0.300739,0.22433,0.0,0.0,0.0,1e-06,0.357452,0.0,0.1316,0.0,0.241244,0.279575,0.0,0.0,0.377333,0.0,0.228221,0.0,1.128516,0.0,0.377832,0.103305,0.42556,0.061277,0.144458,0.004844,0.0,0.339755,0.003239,0.005136,0.388905,0.0,0.001391,0.336533,0.0,0.19634,0.0,0.25726,0.081607,0.0,0.0,0.0,0.0,0.115658,0.0,0.0,0.761587,0.049118,0.0,0.0,0.003696,0.223992,0.30233,0.033988,0.017646,0.047305,0.087037,0.28235,0.0,0.561356,0.0,0.0,1e-06,0.0,0.07252,0.0,0.0,0.257258,0.15146,0.127689,0.0,0.296376,0.238886,0.065491,0.357929,0.001209,0.0,0.20799,0.0,0.0,0.523124,0.0,0.351625,0.0,0.0,0.421659,0.197859,0.0,0.0,0.0,0.0,0.375859,0.288068,0.13283,0.0,0.0,0.096418,0.0,0.288854,0.19777,0.098583,0.400363,0.074731,0.002568,0.0,0.279977,0.000909,0.337662,0.261046,0.0,0.0,0.0,0.243229,0.0,0.0,0.101034,0.204018,0.294916,0.351521,0.0,0.074662,0.00329,0.000516,0.075624,0.0,0.445014,0.0,0.0,0.103455,0.181552,0.2603,0.0,0.0,0.0,0.236983,0.0,0.344697,0.0,0.0,0.0,0.0,0.0,0.0,0.091291,0.73933,0.0,0.0,0.0,0.0,0.0,0.087344,0.264814,0.075829,0.0,0.0,0.0,0.0,0.366729,0.0,0.259322,0.271982,0.008495,0.216973,0.231423,0.0,0.097539,0.0,2.259739,0.001583,0.0,0.0,0.346092,1.260405,0.0,0.0,0.0,0.0,0.0,0.0,1.3e-05,0.155854,0.0,0.859841,0.0,0.0,0.0,0.119465,0.0,0.103924,0.078672,0.0,0.0,0.0,0.0,0.0,0.485011,0.0,0.0,0.04951,0.0,0.004973,0.096879,0.058028,0.068853,0.0,0.197943,0.0,0.0,0.0,0.0,0.390158,0.08632,0.0,0.058378,0.012627,0.312832,0.0,0.101507,0.004304,1.401639,0.316096,0.0,0.131522,0.0,0.290392,0.0,0.024991,0.0,0.0,0.0,0.0,0.0,0.0,0.080927,0.057326,0.0,0.121016,0.0,0.0,0.402924,0.078315,0.0,0.128468,0.0,0.0,0.360619,0.252215,0.058283,0.157055,0.246437,0.0,4e-06,0.0,0.066516,0.106832,0.077122,0.197901,0.0,0.0,0.0,0.134595,0.0,0.0,0.052487,0.406678,0.0,0.224252,0.367491,0.229635,0.148723,0.297345,0.0,0.0,0.0,0.000293,0.0,0.333123,0.0,0.0,0.437808,0.0,0.386373,0.0,0.0,0.129394,0.269332,0.075922,0.133675,0.241506,0.0,0.0,0.109014,0.000849,0.0,0.356517,0.339718,0.073767,0.463563,0.0,0.0,0.12709,0.051099,0.0,0.0,0.0,0.301351,0.091345,0.0,0.0,0.0,0.0,0.0,0.026455,0.109465,0.282372,0.0,0.0,0.0,0.227058,0.089227,0.116846,0.0,0.314491,0.0,0.22401,0.0,0.0,0.0,0.0,0.34509,0.0,0.137065,0.0,0.365957,0.0,0.05771,0.153748,0.0,0.099226,0.110361,0.259089,0.0,0.0,0.001094,0.411206,0.164366,0.0,0.402841,0.045628,0.115649,0.000112,0.0,0.0,0.0,0.0,0.0,0.107473,0.0,0.0,0.0,0.387229,0.259746,0.0,0.0,0.000886,0.0,0.144805,0.0,0.315441,1e-06,0.364577,0.088397,0.0,0.0,1.540749,0.0,0.0,0.070744,0.406962,0.091604,0.551679,0.0,0.23565,0.045565,0.039108,0.236922,0.0,0.099291,0.0,0.0,0.0,0.243557,0.062768,0.297287,0.0,0.0,0.0,0.249827,0.76313,0.0,0.424122,0.0,0.158376,0.0,0.094457,0.0,0.509479,0.0,0.0,0.0,0.0,0.0,0.0,0.341312,0.0,0.093188,0.242666,0.005374,0.0,0.0,0.0,0.127902,0.0,0.0,0.0,0.093806,0.0,0.0,0.298589,0.815976,0.099275,0.325286,0.862936,0.124611,0.0,0.0,0.0,0.0,0.0,0.0,0.0,0.036395,0.0,0.390446,0.056704,0.098909,0.351627,0.093641,0.790406,0.269743,0.0,0.0,1e-06,0.0,0.124833,0.0,1.9e-05,0.001825,0.253566,0.0,0.0,0.237746,0.084433,0.0,0.0,0.264343,0.250923,0.001037,0.291787,0.0,0.200365,0.0,0.0,0.118998,0.254653,0.0,0.0
TCGA-50-5045,0.0,0.0,0.0,0.0,0.0,0.099074,0.350351,0.125372,0.227219,0.0,0.100081,1e-06,0.0,0.0,0.0,0.123172,0.0,0.17404,0.0,0.0,0.203959,0.0,0.0,0.0,0.0,0.0,0.0,0.0,0.192243,0.097923,0.0,0.0,0.099364,0.827288,0.0,0.275371,0.205529,0.0,0.0,0.0,0.0,0.33251,0.0,0.128165,0.0,0.223644,0.243496,0.0,0.0,0.352295,0.0,0.211368,0.0,1.075703,0.0,0.349382,0.108609,0.380995,0.061776,0.153712,0.008345,0.0,0.317162,0.00385,0.003973,0.353319,0.0,0.00392,0.349266,0.0,0.176298,0.0,0.234386,0.101069,0.0,0.0,0.0,0.0,0.105138,0.0,0.0,0.724277,0.064395,0.0,0.0,0.008764,0.199666,0.280799,0.044341,0.030714,0.062665,0.101505,0.257438,0.0,0.530142,0.0,0.0,0.0,0.0,0.094464,0.0,0.0,0.222951,0.148191,0.144013,0.0,0.250893,0.260712,0.076526,0.324977,0.003634,0.0,0.184939,0.0,0.0,0.48664,0.0,0.347021,0.0,0.0,0.397986,0.186382,0.0,0.0,0.0,0.0,0.335748,0.306242,0.14087,0.0,0.0,0.110026,0.0,0.265981,0.203592,0.118563,0.376321,0.064643,0.001962,0.0,0.25308,0.004386,0.302087,0.238089,0.0,0.0,0.0,0.218204,0.0,0.0,0.107562,0.193176,0.279912,0.316441,0.0,0.073153,0.00322,0.001831,0.08566,0.0,0.417452,0.0,0.0,0.11188,0.154462,0.235647,0.0,0.0,0.0,0.231993,0.0,0.33137,0.0,0.0,0.0,0.0,0.0,0.0,0.089078,0.706411,0.0,0.0,0.0,0.0,0.0,0.093347,0.251611,0.088878,0.0,0.0,0.0,0.0,0.340788,4e-06,0.233918,0.24558,0.014385,0.196636,0.206924,0.0,0.118663,0.0,2.206344,0.002425,0.0,0.0,0.317687,1.236344,0.0,5e-06,0.0,0.0,0.0,0.0,1.6e-05,0.169815,0.0,0.830492,0.0,0.0,0.0,0.136767,0.0,0.121656,0.09249,0.0,0.0,0.0,0.0,0.0,0.449457,0.0,0.0,0.060877,0.0,0.005182,0.112461,0.074718,0.08823,0.0,0.177777,0.0,0.0,0.0,0.0,0.356312,0.10905,0.0,0.072586,0.017281,0.295105,0.0,0.108926,0.006505,1.359956,0.284093,0.0,0.132249,0.0,0.26735,0.0,0.029482,0.0,0.0,0.0,0.0,0.0,4e-06,0.087336,0.068406,3e-06,0.135137,0.0,0.0,0.36779,0.088801,0.0,0.124395,0.0,0.0,0.338798,0.223497,0.069559,0.156672,0.222284,0.0,0.0,0.0,0.078222,0.125906,0.09485,0.194289,0.0,1e-06,0.0,0.141167,0.0,0.0,0.075193,0.36672,0.0,0.20463,0.337098,0.220936,0.134233,0.26522,0.0,0.0,0.0,0.000957,0.0,0.317803,0.0,0.0,0.39845,0.0,0.363145,0.0,0.0,0.131754,0.250068,0.092192,0.140578,0.235527,0.0,0.0,0.112047,0.001301,0.0,0.319073,0.315118,0.053756,0.421779,0.0,0.0,0.136358,0.064981,0.0,0.0,0.0,0.2876,0.105543,0.0,0.0,0.0,0.0,0.0,0.037907,0.113591,0.255556,0.0,0.0,0.0,0.216874,0.101466,0.121156,0.0,0.293781,0.0,0.200838,0.0,0.0,0.0,0.0,0.311677,0.0,0.149172,0.0,0.350335,0.0,0.065354,0.164385,0.0,0.113078,0.114079,0.236478,0.0,0.0,0.000954,0.379258,0.155392,0.0,0.359416,0.055506,0.13033,7.2e-05,0.0,0.0,0.0,0.0,0.0,0.11675,0.0,0.0,0.0,0.35082,0.238803,0.0,0.0,0.002376,0.0,0.134678,0.0,0.285391,0.0,0.335853,0.109753,0.0,0.0,1.498813,0.0,0.0,0.085792,0.380625,0.104834,0.529868,0.0,0.220889,0.071143,0.059046,0.210272,0.0,0.099006,0.0,0.0,0.0,0.218754,0.075329,0.264248,0.0,0.0,0.0,0.23506,0.736059,0.0,0.392742,0.0,0.161652,0.0,0.108567,0.0,0.487115,0.0,0.0,0.0,0.0,0.0,0.0,0.309587,0.0,0.119361,0.222329,0.007559,0.0,0.0,0.0,0.12012,0.0,0.0,0.0,0.098122,0.0,0.0,0.272304,0.777553,0.1046,0.261425,0.820935,0.126493,0.0,0.0,0.0,0.0,0.0,0.0,0.0,0.043821,0.0,0.354015,0.078605,0.106045,0.340356,0.098337,0.769661,0.230143,0.0,0.0,3e-06,0.0,0.121066,0.0,0.0,0.001691,0.239247,0.0,0.0,0.219183,0.101751,0.0,0.0,0.22111,0.227584,0.002598,0.271423,0.0,0.192584,0.0,0.0,0.117383,0.236063,0.0,0.0
TCGA-50-5066,0.0,0.0,0.0,0.0,0.0,0.183409,0.250344,0.228443,0.125152,0.0,0.191308,0.0,0.0,0.0,0.0,0.241237,0.0,0.111922,0.0,0.0,0.103858,0.0,0.0,0.0,0.0,0.0,0.0,0.0,0.078942,0.189579,0.0,0.0,0.199935,0.644782,0.0,0.173351,0.100734,0.0,0.0,0.0,0.0,0.21854,0.0,0.246533,0.0,0.093489,0.213425,0.0,0.0,0.257512,0.0,0.170731,0.0,0.970199,0.0,0.185596,0.193081,0.289645,0.126003,0.231831,0.033419,0.0,0.215794,0.03436,0.02819,0.242809,0.0,0.023951,0.258411,0.0,0.082962,0.0,0.105645,0.18081,0.0,0.0,0.0,0.0,0.05524,0.0,0.0,0.554194,0.135006,0.0,0.0,0.033537,0.094811,0.134098,0.098484,0.078146,0.122579,0.198807,0.227687,0.0,0.379266,0.0,0.0,0.0,0.0,0.165001,0.0,0.0,0.361751,0.284617,0.257049,0.0,0.19596,0.247019,0.17815,0.246123,0.02152,0.0,0.082305,0.0,0.0,0.358852,0.0,0.247897,0.0,0.0,0.254963,0.307871,0.0,0.0,0.0,0.0,0.25625,0.300352,0.257831,0.0,0.0,0.223282,0.0,0.138688,0.226141,0.191896,0.243635,0.051449,0.018753,0.0,0.126751,0.020055,0.23502,0.108786,0.0,0.0,0.0,0.101367,0.0,0.0,0.206732,0.09645,0.13506,0.239176,0.0,0.144733,0.028096,0.015685,0.18146,0.0,0.271872,0.0,0.0,0.213037,0.115669,0.120414,0.0,0.0,0.0,0.094166,0.0,0.207109,0.0,0.0,0.0,0.0,0.0,0.0,0.171048,0.535383,0.0,0.0,0.0,0.0,0.0,0.174453,0.11069,0.170834,0.0,0.0,0.0,0.0,0.218679,0.0,0.120549,0.120617,0.055713,0.161293,0.111572,0.0,0.209614,0.0,1.951528,0.022953,0.0,0.0,0.233569,1.015736,0.0,0.0,0.0,0.0,0.0,0.0,0.0,0.109434,0.0,0.631195,0.0,0.0,0.0,0.24659,0.0,0.217413,0.175514,0.0,0.0,0.0,0.0,0.0,0.337056,0.0,0.0,0.124371,0.0,0.030492,0.203381,0.150354,0.177409,0.0,0.077294,0.0,0.0,0.0,0.0,0.258091,0.150285,0.0,0.145331,0.058314,0.145465,0.0,0.195638,0.032028,1.127307,0.252617,0.0,0.221905,0.0,0.37838,0.0,0.092231,0.0,0.0,0.0,0.0,0.0,1e-06,0.178362,0.133096,0.0,0.233506,0.0,0.0,0.268745,0.057532,0.0,0.247192,0.0,0.0,0.224017,0.108266,0.125172,0.271849,0.099689,0.0,1e-06,0.0,0.153849,0.198982,0.16554,0.245847,0.0,0.0,0.0,0.244972,0.0,0.0,0.149924,0.272434,0.0,0.091898,0.238936,0.176766,0.058471,0.213472,0.0,0.0,0.0,0.012097,0.0,0.253464,0.0,0.0,0.2821,0.0,0.234539,0.0,3e-05,0.202416,0.118808,0.173029,0.222893,0.094535,0.0,0.0,0.197406,0.012092,0.0,0.243581,0.199513,0.115803,0.29573,0.0,0.0,0.255519,0.126574,0.0,0.0,0.0,0.138205,0.168037,0.0,0.0,0.0,0.0,0.0,0.099423,0.199192,0.123302,0.0,0.0,0.0,0.129498,0.19184,0.209235,0.0,0.158766,0.0,0.101948,0.0,0.0,0.0,0.0,0.14823,0.0,0.253885,0.0,0.250071,0.0,0.1495,0.193715,0.0,0.203132,0.223211,0.110319,0.0,0.0,0.014495,0.272438,0.274753,0.0,0.264491,0.120747,0.226665,3e-05,0.0,0.0,0.0,0.0,0.0,0.230039,0.0,0.0,0.0,0.255008,0.119783,0.0,0.0,0.021475,0.0,0.230521,0.0,0.127993,0.0,0.243793,0.197333,0.0,0.0,1.321779,0.0,0.0,0.160036,0.27617,0.203246,0.378878,0.0,0.097533,0.112453,0.132529,0.102855,0.0,0.037995,0.0,0.0,0.0,0.373624,0.131269,0.159172,0.0,0.0,0.0,0.352678,0.547352,2e-06,0.233768,0.0,0.139981,0.0,0.193299,0.0,0.311206,0.0,0.0,0.0,0.0,0.0,0.0,0.237146,0.0,0.215136,0.310577,0.039131,0.0,0.0,0.0,0.042907,0.0,0.0,0.0,0.13691,0.0,0.0,0.194334,0.626094,0.177916,0.319044,0.668702,0.216734,0.0,0.0,0.0,0.0,0.0,0.0,0.0,0.081012,0.0,0.257544,0.139878,0.211998,0.22299,0.193491,0.663408,0.216142,0.0,0.0,0.0,0.0,0.219571,0.0,0.0,0.018754,0.104253,0.0,0.0,0.098106,0.193021,0.0,0.0,0.200302,0.116253,0.021591,0.130461,0.0,0.260926,0.0,0.0,0.225292,0.110544,0.0,0.0
TCGA-50-5939,0.0,0.0,0.0,0.0,0.0,0.09013,0.379441,0.118211,0.237653,0.0,0.093887,0.0,0.0,0.0,0.0,0.108424,0.0,0.133283,0.0,0.0,0.245405,0.0,0.0,0.0,0.0,0.0,0.0,0.0,0.21794,0.076014,0.0,0.0,0.087607,0.83183,0.0,0.290462,0.22047,0.0,0.0,0.0,0.0,0.348085,0.0,0.117779,0.0,0.244708,0.203165,0.0,0.0,0.385007,0.0,0.182321,0.0,1.072867,0.0,0.362164,0.099061,0.393437,0.046347,0.120473,0.008128,0.0,0.357282,0.004109,0.003518,0.353279,0.0,0.004677,0.401236,0.0,0.210095,0.0,0.250219,0.097042,0.0,0.0,0.0,0.0,0.12921,0.0,0.0,0.735494,0.047743,0.0,0.0,0.007934,0.237137,0.304262,0.033291,0.024292,0.057337,0.089278,0.248013,0.0,0.512268,0.0,0.0,0.0,0.0,0.097535,0.0,0.0,0.190082,0.136439,0.133447,0.0,0.276608,0.296836,0.075308,0.340506,0.00302,0.0,0.215669,0.0,0.0,0.490937,0.0,0.362685,0.0,0.0,0.421651,0.173539,0.0,0.0,0.0,0.0,0.344543,0.34134,0.125999,0.0,0.0,0.106555,0.0,0.285673,0.234424,0.093295,0.381042,0.053861,0.002279,0.0,0.265591,0.00394,0.319441,0.256325,0.0,0.0,0.0,0.233882,0.0,0.0,0.106178,0.228026,0.300501,0.326908,0.0,0.064121,0.005359,0.003097,0.074719,0.0,0.429093,0.0,0.0,0.110855,0.205815,0.261531,0.0,0.0,0.0,0.249751,0.0,0.343161,0.0,0.0,0.0,0.0,0.0,0.0,0.070708,0.702438,0.0,0.0,0.0,0.0,0.0,0.087935,0.278297,0.078758,0.0,0.0,0.0,0.0,0.370635,0.0,0.25974,0.275136,0.009175,0.178342,0.229251,0.0,0.116506,0.0,2.194183,0.002037,0.0,0.0,0.313823,1.222814,0.0,0.0,0.0,0.0,0.0,0.0,0.0,0.138212,0.0,0.815334,0.0,0.0,0.0,0.124337,0.0,0.120698,0.082339,0.0,0.0,0.0,0.0,0.0,0.458442,0.0,0.0,0.056132,0.0,0.004981,0.106754,0.077731,0.08744,0.0,0.200552,0.0,0.0,0.0,0.0,0.351259,0.114179,0.0,0.071208,0.017407,0.301249,0.0,0.099215,0.006545,1.359195,0.27483,0.0,0.119114,0.0,0.238479,0.0,0.033725,0.0,0.0,0.0,0.0,0.0,0.0,0.069877,0.050312,0.0,0.125162,0.0,0.0,0.376109,0.077808,0.0,0.11553,0.0,0.0,0.36154,0.246057,0.055494,0.145035,0.244832,0.0,0.0,0.0,0.075315,0.104837,0.084497,0.147869,0.0,0.0,0.0,0.132999,0.0,0.0,0.068135,0.383176,0.0,0.233579,0.34878,0.176951,0.155425,0.245851,0.0,0.0,0.0,0.003188,0.0,0.302054,0.0,0.0,0.408612,0.0,0.388327,0.0,0.000179,0.118141,0.25373,0.083306,0.126782,0.257372,0.0,0.0,0.106598,0.002861,0.0,0.334546,0.318131,0.058053,0.435259,0.0,0.0,0.127086,0.056082,0.0,0.0,0.0,0.298933,0.09683,0.0,0.0,0.0,0.0,0.0,0.034286,0.101407,0.285652,0.0,0.0,0.0,0.21905,0.083754,0.101691,0.0,0.31792,0.0,0.232636,0.0,0.0,0.0,0.0,0.318866,0.0,0.128837,0.0,0.344098,0.0,0.066861,0.17912,0.0,0.104949,0.106392,0.246959,0.0,0.0,0.002315,0.396733,0.127476,0.0,0.361279,0.046447,0.117569,0.000164,0.0,0.0,0.0,0.0,0.0,0.106979,0.0,0.0,0.0,0.352758,0.26125,0.0,0.0,0.004414,0.0,0.115515,0.0,0.315021,0.0,0.356074,0.11107,0.0,0.0,1.49471,0.0,0.0,0.077645,0.386068,0.100966,0.527532,0.0,0.243858,0.075631,0.062397,0.231599,0.0,0.094827,0.0,0.0,0.0,0.195109,0.054409,0.271779,0.0,0.0,0.0,0.207828,0.738889,0.0,0.396004,0.0,0.138731,0.0,0.099633,0.0,0.499355,0.0,0.0,0.0,0.0,0.0,0.0,0.328719,0.0,0.106954,0.183211,0.005153,0.0,0.0,0.0,0.112098,0.0,0.0,0.0,0.116172,0.0,0.0,0.269971,0.778884,0.082316,0.263184,0.82026,0.10824,0.0,0.0,0.0,0.0,0.0,0.0,0.0,0.048639,0.0,0.358018,0.062695,0.10012,0.365292,0.084902,0.771585,0.206818,0.0,0.0,0.0,0.0,0.104126,0.0,0.0,0.003151,0.267763,0.0,0.0,0.235214,0.101999,0.0,0.0,0.206086,0.246147,0.006228,0.280663,0.0,0.15906,0.0,0.0,0.100045,0.259278,0.0,0.0
TCGA-50-8459,3e-06,0.0,0.0,0.0,0.0,0.132744,0.310936,0.168677,0.196603,0.0,0.127265,9e-06,0.0,0.0,0.0,0.160224,0.0,0.126883,0.0,0.0,0.180136,0.0,0.0,0.0,0.0,0.0,0.0,0.0,0.149427,0.138895,0.0,0.0,0.133344,0.774614,0.0,0.245265,0.168988,0.0,0.0,0.0,0.0,0.28976,0.0,0.172091,0.0,0.196083,0.185218,0.0,0.0,0.309483,0.0,0.16018,0.0,1.038014,0.0,0.291607,0.145769,0.344386,0.087643,0.172583,0.020512,0.0,0.290057,0.018433,0.015937,0.298157,0.0,0.0126,0.385781,0.0,0.156052,0.0,0.199437,0.140008,0.0,0.0,0.0,0.0,0.096754,0.0,0.0,0.673136,0.097473,0.0,0.0,0.023014,0.169908,0.231465,0.064448,0.049301,0.100619,0.140627,0.205094,0.0,0.469603,0.0,0.0,0.0,0.0,0.140216,0.0,0.0,0.255137,0.198185,0.187664,0.0,0.237902,0.322434,0.121556,0.294761,0.011706,0.0,0.161352,0.0,0.0,0.434324,0.0,0.345725,0.0,0.0,0.345745,0.226776,0.0,0.0,0.0,0.0,0.298107,0.380304,0.18723,0.0,0.0,0.156092,0.0,0.221323,0.272349,0.145669,0.33086,0.06006,0.014733,0.0,0.219803,0.017608,0.269975,0.19425,0.0,0.0,0.0,0.186001,0.0,0.0,0.144126,0.172859,0.241262,0.272215,0.0,0.10354,0.018143,0.007223,0.129064,0.0,0.363065,0.0,0.0,0.160375,0.158494,0.202089,0.0,0.0,0.0,0.196296,0.0,0.288213,0.0,0.0,1e-06,0.0,0.0,0.0,0.116078,0.646645,0.0,0.0,0.0,0.0,0.0,0.121374,0.209564,0.126938,0.0,0.0,0.0,0.0,0.303509,1e-06,0.198926,0.206578,0.030306,0.159118,0.191679,0.0,0.156472,0.0,2.160546,0.010977,0.0,0.0,0.27089,1.167391,0.0,1.7e-05,0.0,0.0,0.0,0.0,5e-06,0.122736,0.0,0.757746,0.0,0.0,0.0,0.180601,1e-06,0.168075,0.119473,0.0,0.0,0.0,0.0,0.0,0.393977,0.0,0.0,0.09288,0.0,0.021474,0.152085,0.113321,0.136153,0.0,0.140823,0.0,0.0,0.0,0.0,0.311904,0.180748,0.0,0.105151,0.037669,0.246596,0.0,0.139705,0.032076,1.304944,0.235239,0.0,0.162793,0.0,0.276495,0.0,0.060019,0.0,0.0,0.0,0.0,0.0,1e-06,0.121077,0.092084,1e-06,0.169344,0.0,0.0,0.318994,0.076064,0.0,0.160606,0.0,0.0,0.302415,0.191301,0.093802,0.18706,0.187634,0.0,0.0,0.0,0.111375,0.162138,0.128751,0.181324,0.0,1.2e-05,0.0,0.180432,0.0,0.0,0.112909,0.334888,0.0,0.171337,0.30295,0.163853,0.105923,0.206165,0.0,0.0,0.0,0.005853,0.0,0.263636,0.0,0.0,0.348074,0.0,0.325824,0.0,8.6e-05,0.154133,0.210155,0.120943,0.169414,0.203823,0.0,0.0,0.153499,0.007241,0.0,0.292987,0.270498,0.102634,0.370848,0.0,0.0,0.188413,0.097895,0.0,0.0,0.0,0.2497,0.12829,0.0,0.0,0.0,0.0,0.0,0.064902,0.147911,0.220087,0.0,0.0,0.0,0.178774,0.138211,0.152357,0.0,0.250632,0.0,0.17582,0.0,0.0,0.0,0.0,0.262471,0.0,0.185864,0.0,0.303714,0.0,0.109187,0.239573,0.0,0.154506,0.156618,0.193193,0.0,0.0,0.010959,0.334314,0.194933,0.0,0.323928,0.091364,0.167896,0.0002,0.0,0.0,0.0,0.0,0.0,0.170397,0.0,0.0,0.0,0.305199,0.204785,0.0,0.0,0.011349,0.0,0.168814,0.0,0.24544,0.0,0.302345,0.151911,0.0,0.0,1.45044,0.0,0.0,0.117609,0.328526,0.137329,0.461527,0.0,0.189061,0.128033,0.098751,0.183267,0.0,0.076064,0.0,0.0,0.0,0.252357,0.093142,0.22827,0.0,0.0,0.0,0.258957,0.675,0.0,0.345886,0.0,0.142363,0.0,0.146903,0.0,0.440929,0.0,0.0,0.0,0.0,0.0,0.0,0.279922,0.0,0.157275,0.227835,0.021698,0.0,0.0,0.0,0.0894,0.0,0.0,0.0,0.167454,0.0,0.0,0.235321,0.719478,0.126561,0.254086,0.771725,0.157727,0.0,0.0,0.0,0.0,0.0,0.0,0.0,0.098138,0.0,0.308488,0.111844,0.154367,0.297914,0.144353,0.735701,0.172196,0.0,0.0,1e-06,0.0,0.151174,0.0,0.0,0.012578,0.206131,0.0,0.0,0.182118,0.138021,0.0,0.0,0.167422,0.194638,0.016685,0.226596,0.0,0.198898,0.0,0.0,0.146655,0.202185,0.0,0.0
TCGA-52-7622,0.0,0.0,0.0,0.0,0.0,0.211838,0.223385,0.258138,0.099286,0.0,0.210635,0.0,0.0,0.0,0.0,0.248743,0.0,0.125015,0.0,0.0,0.107328,0.0,0.0,0.0,0.0,0.0,0.0,0.0,0.085952,0.204124,0.0,0.0,0.203336,0.60638,0.0,0.155118,0.085555,0.0,0.0,0.0,0.0,0.193417,0.0,0.245736,0.0,0.095374,0.174225,0.0,0.0,0.232018,0.0,0.154515,0.0,0.912747,0.0,0.164382,0.216111,0.222843,0.15273,0.236981,0.084965,0.0,0.205958,0.062259,0.070344,0.204803,0.0,0.055686,0.305009,0.0,0.074279,0.0,0.09169,0.216897,0.0,0.0,0.0,0.0,0.044135,0.0,0.0,0.521928,0.15881,0.0,0.0,0.080054,0.086538,0.125036,0.141761,0.103153,0.15494,0.23192,0.175031,0.0,0.332595,0.0,0.0,0.0,0.0,0.223685,0.0,0.0,0.319216,0.279671,0.293288,0.0,0.155864,0.304481,0.202058,0.203923,0.045982,0.0,0.074707,0.0,0.0,0.3109,0.0,0.259715,0.0,0.0,0.241458,0.307881,0.0,0.0,0.0,0.0,0.213613,0.3536,0.281724,0.0,0.0,0.24318,0.0,0.132404,0.263924,0.212703,0.215822,0.045524,0.053171,0.0,0.110688,0.063,0.190244,0.105787,0.0,0.0,0.0,0.086546,0.0,0.0,0.219672,0.085065,0.128729,0.203515,0.0,0.156292,0.074703,0.038478,0.199367,0.0,0.232552,0.0,0.0,0.235855,0.099867,0.10798,0.0,0.0,0.0,0.096639,0.0,0.201139,0.0,0.0,0.0,0.0,0.0,0.0,0.182282,0.499563,0.0,0.0,0.0,0.0,0.0,0.193968,0.115786,0.204346,0.0,0.0,0.0,0.0,0.211917,0.0,0.111491,0.117373,0.078957,0.133182,0.094939,0.0,0.240536,0.0,1.906914,0.047513,0.0,0.0,0.178737,0.9781,0.0,0.0,0.0,0.0,0.0,0.0,0.0,0.137285,0.0,0.597068,0.0,0.0,0.0,0.2638,0.0,0.238341,0.200481,0.0,0.0,0.0,0.0,0.0,0.288235,0.0,0.0,0.161503,0.0,0.075518,0.240702,0.203008,0.217584,0.0,0.06995,0.0,0.0,0.0,0.0,0.20748,0.213448,0.0,0.176936,0.091736,0.127003,0.0,0.209735,0.081268,1.098312,0.18941,0.0,0.214519,0.0,0.342426,0.0,0.119854,0.0,0.0,0.0,0.0,0.0,0.0,0.188069,0.153141,0.0,0.250065,0.0,0.0,0.211055,0.096406,0.0,0.243939,0.0,0.0,0.207422,0.093704,0.157762,0.273886,0.088918,0.0,0.0,0.0,0.191047,0.239274,0.20333,0.224986,0.0,0.0,0.0,0.259699,0.0,0.0,0.19399,0.232078,0.0,0.093366,0.20634,0.157727,0.072749,0.159785,0.0,0.0,0.0,0.040895,0.0,0.223414,0.0,0.0,0.241685,0.0,0.224995,0.0,0.00076,0.222881,0.101364,0.190169,0.241524,0.099443,0.0,0.0,0.231772,0.046202,0.0,0.199225,0.18324,0.113988,0.253911,0.0,0.0,0.266353,0.162019,0.0,0.0,0.0,0.125863,0.190666,0.0,0.0,0.0,0.0,0.0,0.13871,0.213757,0.118345,0.0,0.0,0.0,0.103945,0.206425,0.218803,0.0,0.154006,0.0,0.102731,0.0,0.0,0.0,0.0,0.142531,0.0,0.256798,0.0,0.22015,0.0,0.185128,0.260401,0.0,0.239695,0.235017,0.097264,0.0,0.0,0.051174,0.231453,0.270664,0.0,0.229738,0.16267,0.24828,1.5e-05,0.0,0.0,0.0,0.0,0.0,0.249862,0.0,0.0,0.0,0.219942,0.105635,0.0,0.0,0.058875,0.0,0.236802,0.0,0.127108,0.0,0.2056,0.231498,0.0,0.0,1.276755,0.0,0.0,0.186862,0.238759,0.222405,0.327839,0.0,0.086942,0.174715,0.178758,0.093065,0.0,0.052776,0.0,0.0,0.0,0.339225,0.153738,0.135142,0.0,0.0,0.0,0.334347,0.516385,0.0,0.219827,0.0,0.163613,0.0,0.211257,0.0,0.288412,0.0,0.0,0.0,0.0,0.0,0.0,0.203661,0.0,0.239572,0.292137,0.079498,0.0,0.0,0.0,0.044085,0.0,0.0,0.0,0.18223,0.0,0.0,0.147808,0.572324,0.196644,0.230176,0.612328,0.227589,0.0,0.0,0.0,0.0,0.0,0.0,0.0,0.136925,0.0,0.217345,0.175447,0.228834,0.205922,0.206697,0.624314,0.150126,0.0,0.0,0.0,0.0,0.222733,0.0,0.0,0.055664,0.107394,0.0,0.0,0.081379,0.217304,0.0,0.0,0.153532,0.109631,0.055804,0.118887,0.0,0.244481,0.0,0.0,0.221306,0.10584,0.0,0.0
TCGA-52-7812,0.0,0.0,0.0,0.0,0.0,0.192961,0.233241,0.233802,0.09963,0.0,0.200437,0.0,0.0,0.0,0.0,0.232944,0.0,0.09945,0.0,0.0,0.100041,0.0,0.0,0.0,0.0,0.0,0.0,0.0,0.063209,0.182119,0.0,0.0,0.19072,0.592726,0.0,0.162924,0.088362,0.0,0.0,0.0,0.0,0.197445,0.0,0.23924,0.0,0.08181,0.190515,0.0,0.0,0.226519,0.0,0.162834,0.0,0.9064,0.0,0.161917,0.198182,0.243209,0.134586,0.228033,0.052236,0.0,0.207632,0.03836,0.044168,0.219236,0.0,0.028897,0.248025,0.0,0.0709,0.0,0.083616,0.190821,0.0,0.0,0.0,0.0,0.050749,0.0,0.0,0.508425,0.140434,0.0,0.0,0.052949,0.08306,0.11902,0.106866,0.077815,0.137806,0.204673,0.188213,0.0,0.332875,0.0,0.0,0.0,0.0,0.189751,0.0,0.0,0.338779,0.265324,0.270423,0.0,0.173634,0.242426,0.172823,0.219212,0.027941,0.0,0.073672,0.0,0.0,0.325029,0.0,0.230161,0.0,0.0,0.234445,0.282772,0.0,0.0,0.0,0.0,0.234398,0.307453,0.263292,0.0,0.0,0.225201,0.0,0.127357,0.229096,0.187731,0.21276,0.054187,0.027839,0.0,0.105483,0.03515,0.208328,0.098633,0.0,0.0,0.0,0.078857,0.0,0.0,0.206492,0.077877,0.120149,0.216231,0.0,0.149739,0.043255,0.022438,0.181832,0.0,0.233808,0.0,0.0,0.205895,0.121165,0.103603,0.0,0.0,0.0,0.073171,0.0,0.198286,0.0,0.0,0.0,0.0,0.0,0.0,0.16183,0.49062,0.0,0.0,0.0,0.0,0.0,0.181849,0.093097,0.180597,0.0,0.0,0.0,0.0,0.212749,0.0,0.111456,0.106465,0.059652,0.131502,0.096757,0.0,0.213776,0.0,1.866604,0.030326,0.0,0.0,0.194227,0.961065,0.0,0.0,0.0,0.0,0.0,0.0,1e-06,0.116632,0.0,0.581684,0.0,0.0,0.0,0.243228,0.0,0.221257,0.174291,0.0,0.0,0.0,0.0,0.0,0.299602,0.0,0.0,0.144294,0.0,0.050779,0.214977,0.174401,0.189876,0.0,0.060947,0.0,0.0,0.0,0.0,0.21652,0.169691,0.0,0.154051,0.064544,0.118314,0.0,0.191971,0.047915,1.080605,0.204546,0.0,0.206355,0.0,0.358017,0.0,0.097405,0.0,0.0,0.0,0.0,0.0,0.0,0.162556,0.131687,0.0,0.235003,0.0,0.0,0.217885,0.069196,0.0,0.23285,0.0,0.0,0.206474,0.086779,0.13269,0.266903,0.080653,0.0,1e-06,0.0,0.167538,0.208614,0.178951,0.224074,0.0,0.0,0.0,0.246095,0.0,0.0,0.167352,0.249514,0.0,0.087985,0.218189,0.155517,0.069517,0.171992,0.0,0.0,0.0,0.021433,0.0,0.222731,0.0,0.0,0.245861,0.0,0.222448,0.0,0.001619,0.203866,0.100709,0.171134,0.226774,0.074979,0.0,0.0,0.222668,0.02892,0.0,0.220619,0.192259,0.096488,0.257167,0.0,0.0,0.245821,0.141892,0.0,0.0,0.0,0.103003,0.1686,0.0,0.0,0.0,0.0,0.0,0.110708,0.199493,0.109842,0.0,0.0,0.0,0.107639,0.185365,0.207977,0.0,0.151781,0.0,0.09788,0.0,0.0,0.0,0.0,0.134562,0.0,0.245689,0.0,0.204714,0.0,0.155361,0.215211,0.0,0.216517,0.221405,0.077648,0.0,0.0,0.025102,0.239642,0.261284,0.0,0.240911,0.140772,0.222273,2e-06,0.0,0.0,0.0,0.0,0.0,0.236655,0.0,0.0,0.0,0.233933,0.104371,0.0,0.0,0.03722,0.0,0.232341,0.0,0.112624,0.0,0.207103,0.207265,0.0,0.0,1.264666,0.0,0.0,0.160532,0.251416,0.195784,0.334067,0.0,0.076495,0.130944,0.147172,0.093742,0.0,0.047284,0.0,0.0,0.0,0.352157,0.129739,0.135309,0.0,0.0,0.0,0.333533,0.504347,0.0,0.220169,0.0,0.141829,0.0,0.190915,0.0,0.279685,0.0,0.0,0.0,0.0,0.0,0.0,0.215833,0.0,0.213651,0.29541,0.056704,0.0,0.0,0.0,0.02845,0.0,0.0,0.0,0.1535,0.0,0.0,0.149975,0.57746,0.187692,0.298599,0.609502,0.218209,0.0,0.0,0.0,0.0,0.0,0.0,0.0,0.108602,0.0,0.235675,0.150674,0.2117,0.206826,0.205932,0.608495,0.180326,0.0,0.0,0.0,0.0,0.220526,0.0,0.0,0.031535,0.088415,0.0,0.0,0.077884,0.188542,0.0,0.0,0.181331,0.108049,0.033026,0.11415,0.0,0.241276,0.0,0.0,0.212643,0.102801,0.0,0.0
TCGA-53-7624,0.0,0.0,0.0,0.0,0.0,0.142957,0.292121,0.164282,0.185049,0.0,0.127867,0.0,0.0,0.0,0.0,0.159825,0.0,0.080881,0.0,0.0,0.177732,0.0,0.0,0.0,0.0,0.0,0.0,0.0,0.134804,0.130892,0.0,0.0,0.133863,0.702466,0.0,0.227521,0.161294,0.0,0.0,0.0,0.0,0.273486,0.0,0.157582,0.0,0.177384,0.142223,0.0,0.0,0.299652,0.0,0.116141,0.0,0.967942,0.0,0.272253,0.137533,0.318094,0.084404,0.16154,0.025239,0.0,0.281374,0.019162,0.022644,0.275233,0.0,0.015686,0.347718,0.0,0.147312,0.0,0.176747,0.131036,0.0,0.0,0.0,0.0,0.110996,0.0,0.0,0.614745,0.088476,0.0,0.0,0.026698,0.156461,0.212698,0.065267,0.045515,0.086225,0.137284,0.187439,0.0,0.424863,0.0,0.0,0.0,0.0,0.126938,0.0,0.0,0.236073,0.19374,0.186061,0.0,0.224404,0.306292,0.124253,0.277963,0.015581,0.0,0.153341,0.0,0.0,0.407149,0.0,0.333301,0.0,0.0,0.325751,0.200337,0.0,0.0,0.0,0.0,0.296049,0.361153,0.184047,0.0,0.0,0.159771,0.0,0.206841,0.270614,0.137107,0.297341,0.058239,0.013857,0.0,0.192193,0.020245,0.255964,0.175815,0.0,0.0,0.0,0.172914,0.0,0.0,0.142028,0.159095,0.222769,0.277517,0.0,0.093906,0.018853,0.011526,0.125128,0.0,0.326764,0.0,0.0,0.147518,0.170831,0.1798,0.0,0.0,0.0,0.166508,0.0,0.277526,0.0,0.0,0.0,0.0,0.0,0.0,0.1062,0.585805,0.0,0.0,0.0,0.0,0.0,0.120197,0.180487,0.126566,0.0,0.0,0.0,0.0,0.29341,0.0,0.187151,0.193776,0.032615,0.114322,0.183747,0.0,0.154924,0.0,2.022994,0.016665,0.0,0.0,0.25213,1.092447,0.0,0.0,0.0,0.0,0.0,0.0,2.1e-05,0.087111,0.0,0.685795,0.0,0.0,0.0,0.179585,0.0,0.161728,0.120997,0.0,0.0,0.0,0.0,0.0,0.359036,0.0,0.0,0.083793,0.0,0.025045,0.151098,0.10828,0.129848,0.0,0.136069,0.0,0.0,0.0,0.0,0.280983,0.169411,0.0,0.101918,0.034588,0.209746,0.0,0.133247,0.027396,1.2144,0.219165,0.0,0.141978,0.0,0.254099,0.0,0.053185,0.0,0.0,0.0,0.0,0.0,0.0,0.112152,0.088451,0.0,0.168897,0.0,0.0,0.280315,0.049054,0.0,0.156046,0.0,0.0,0.286192,0.173474,0.087413,0.188597,0.170787,0.0,0.0,0.0,0.108952,0.145572,0.116416,0.154992,0.0,0.0,0.0,0.175421,0.0,0.0,0.112856,0.312675,0.0,0.155252,0.286026,0.121872,0.092207,0.179104,0.0,0.0,0.0,0.010159,0.0,0.227044,0.0,0.0,0.314996,0.0,0.307252,0.0,0.000814,0.139608,0.196154,0.120873,0.155953,0.16239,0.0,0.0,0.14861,0.012592,0.0,0.278551,0.260805,0.101189,0.324049,0.0,0.0,0.177687,0.088865,0.0,0.0,0.0,0.204584,0.116357,0.0,0.0,0.0,0.0,0.0,0.057066,0.133558,0.193726,0.0,0.0,0.0,0.176214,0.128685,0.147941,0.0,0.239896,0.0,0.165981,0.0,0.0,0.0,0.0,0.232109,0.0,0.172298,0.0,0.257384,0.0,0.096231,0.227947,0.0,0.148376,0.154978,0.156169,0.0,0.0,0.011719,0.312517,0.183623,0.0,0.304975,0.092687,0.162387,1.5e-05,0.0,0.0,0.0,0.0,0.0,0.172885,0.0,0.0,0.0,0.285179,0.192274,0.0,0.0,0.019481,0.0,0.161141,0.0,0.218913,0.0,0.283819,0.146527,0.0,0.0,1.37341,0.0,0.0,0.113731,0.316985,0.13778,0.423721,0.0,0.177753,0.121439,0.091873,0.169311,0.0,0.075993,0.0,0.0,0.0,0.245361,0.084717,0.21102,0.0,0.0,0.0,0.234507,0.622688,0.0,0.310953,0.0,0.10446,0.0,0.130654,0.0,0.378144,0.0,0.0,0.0,0.0,0.0,0.0,0.270209,0.0,0.154719,0.196547,0.028452,0.0,0.0,0.0,0.043806,0.0,0.0,0.0,0.158728,0.0,0.0,0.223599,0.674563,0.126761,0.248387,0.706033,0.147643,0.0,0.0,0.0,0.0,0.0,0.0,0.0,0.097033,0.0,0.304644,0.09364,0.150738,0.28709,0.130585,0.670047,0.128537,0.0,0.0,0.0,0.0,0.154274,0.0,0.0,0.011733,0.184337,0.0,0.0,0.170673,0.131944,0.0,0.0,0.133467,0.183401,0.015724,0.21345,0.0,0.172296,0.0,0.0,0.145584,0.180213,0.0,0.0
TCGA-55-6980,0.0,0.0,0.0,0.0,0.0,0.098628,0.366633,0.132865,0.236613,0.0,0.102813,0.0,0.0,0.0,0.0,0.120652,0.0,0.146668,0.0,0.0,0.230432,0.0,0.0,0.0,0.0,0.0,0.0,0.0,0.217021,0.09806,0.0,0.0,0.110748,0.861855,0.0,0.288737,0.209713,0.0,0.0,0.0,0.0,0.348228,0.0,0.139807,0.0,0.254309,0.2347,0.0,0.0,0.36752,0.0,0.191309,0.0,1.127987,0.0,0.369437,0.11966,0.405342,0.056646,0.148518,0.006608,0.0,0.339752,0.00509,0.00399,0.361432,0.0,0.004705,0.405922,0.0,0.203818,0.0,0.248365,0.095452,0.0,0.0,0.0,0.0,0.125499,0.0,0.0,0.753021,0.06202,0.0,0.0,0.007615,0.220167,0.296936,0.043202,0.025708,0.06223,0.098197,0.254258,0.0,0.545844,0.0,0.0,0.0,0.0,0.104435,0.0,0.0,0.229154,0.156698,0.14641,0.0,0.265543,0.312301,0.073936,0.348258,0.003383,0.0,0.204927,0.0,0.0,0.52246,0.0,0.379101,0.0,0.0,0.420107,0.201723,0.0,0.0,0.0,0.0,0.361223,0.350636,0.142392,0.0,0.0,0.113655,0.0,0.277723,0.230619,0.110733,0.382736,0.064367,0.002781,0.0,0.278749,0.009235,0.323336,0.248668,0.0,0.0,0.0,0.241198,0.0,0.0,0.122863,0.21183,0.304753,0.336506,0.0,0.075434,0.004986,0.001853,0.093316,0.0,0.435745,0.0,0.0,0.114653,0.189771,0.251655,0.0,0.0,0.0,0.26051,0.0,0.338988,0.0,0.0,0.0,0.0,0.0,0.0,0.088725,0.726882,0.0,0.0,0.0,0.0,0.0,0.095981,0.288869,0.090532,0.0,0.0,0.0,0.0,0.366861,0.0,0.246137,0.261487,0.012293,0.204721,0.231104,0.0,0.125237,0.0,2.291887,0.00285,0.0,0.0,0.323552,1.280296,0.0,0.0,0.0,0.0,0.0,0.0,0.0,0.13498,0.0,0.844586,0.0,0.0,0.0,0.142112,0.0,0.117083,0.090541,0.0,0.0,0.0,0.0,0.0,0.473455,0.0,0.0,0.058611,0.0,0.005307,0.117428,0.07686,0.095832,0.0,0.185917,0.0,0.0,0.0,0.0,0.372673,0.120229,0.0,0.071999,0.017323,0.308081,0.0,0.113967,0.005779,1.413889,0.30413,0.0,0.139286,0.0,0.289051,0.0,0.035616,0.0,0.0,0.0,0.0,0.0,0.0,0.083142,0.070947,0.0,0.136729,0.0,0.0,0.383113,0.074286,0.0,0.133291,0.0,0.0,0.358071,0.238784,0.066861,0.15552,0.241742,0.0,0.0,0.0,0.078506,0.11714,0.088865,0.178552,0.0,0.0,0.0,0.137734,0.0,0.0,0.07694,0.394086,0.0,0.212618,0.359933,0.191247,0.127232,0.267903,0.0,0.0,0.0,0.002485,0.0,0.330917,0.0,0.0,0.414565,0.0,0.385471,0.0,1.8e-05,0.139554,0.262096,0.089662,0.142054,0.270635,0.0,0.0,0.115006,0.002256,0.0,0.340965,0.316112,0.075079,0.441222,0.0,0.0,0.146341,0.06206,0.0,0.0,0.0,0.316893,0.1061,0.0,0.0,0.0,0.0,0.0,0.035855,0.122587,0.277808,0.0,0.0,0.0,0.218869,0.105937,0.117406,0.0,0.317701,0.0,0.222931,0.0,0.0,0.0,0.0,0.328072,0.0,0.149634,0.0,0.370604,0.0,0.061931,0.181171,0.0,0.11806,0.120527,0.265426,0.0,0.0,0.002113,0.396631,0.161398,0.0,0.374856,0.055968,0.128945,2.9e-05,0.0,0.0,0.0,0.0,0.0,0.131047,0.0,0.0,0.0,0.356158,0.261136,0.0,0.0,0.004565,0.0,0.137998,0.0,0.325028,0.0,0.356902,0.108281,0.0,0.0,1.56783,0.0,0.0,0.082417,0.395471,0.108111,0.533822,0.0,0.228426,0.074749,0.068114,0.235988,0.0,0.091783,0.0,0.0,0.0,0.227121,0.063294,0.287377,0.0,0.0,0.0,0.244617,0.753006,0.0,0.416568,0.0,0.154061,0.0,0.113343,0.0,0.504288,0.0,0.0,0.0,0.0,0.0,0.0,0.336962,0.0,0.10587,0.221089,0.004166,0.0,0.0,0.0,0.130491,0.0,0.0,0.0,0.119804,0.0,0.0,0.282016,0.812804,0.100177,0.274054,0.85541,0.132923,0.0,0.0,0.0,0.0,0.0,0.0,0.0,0.061667,0.0,0.362372,0.069077,0.103209,0.351944,0.106028,0.818051,0.204164,0.0,0.0,0.0,0.0,0.127257,0.0,1e-06,0.002466,0.254265,0.0,0.0,0.240855,0.09437,0.0,0.0,0.214551,0.238768,0.004095,0.285824,0.0,0.188834,0.0,0.0,0.118161,0.247526,0.0,0.0
TCGA-55-7727,0.0,0.0,0.0,0.0,0.0,0.03664,0.462106,0.051665,0.351094,0.0,0.038012,0.0,0.0,0.0,0.0,0.05055,0.0,0.220107,0.0,0.0,0.34559,0.0,0.0,0.0,0.0,0.0,0.0,0.0,0.339372,0.038418,0.0,0.0,0.038967,1.054363,0.0,0.389369,0.317882,0.0,0.0,0.0,0.0,0.456834,0.0,0.05722,0.0,0.382578,0.242174,0.0,0.0,0.469604,0.0,0.223555,0.0,1.249649,0.0,0.532462,0.051289,0.507671,0.020304,0.070251,0.003314,0.0,0.437072,0.002593,0.003543,0.456849,0.0,0.001535,0.55244,0.0,0.309169,0.0,0.386972,0.045131,0.0,0.0,0.0,0.0,0.174611,0.0,0.0,0.925462,0.021961,0.0,0.0,0.002923,0.332185,0.447168,0.013158,0.008594,0.027041,0.036206,0.281564,0.0,0.697147,0.0,0.0,0.0,0.0,0.042302,0.0,0.0,0.109559,0.068773,0.060024,0.0,0.332676,0.386099,0.029968,0.429676,0.001592,0.0,0.318791,0.0,0.0,0.619869,0.0,0.508167,0.0,0.0,0.561843,0.111376,0.0,0.0,0.0,0.0,0.438582,0.409465,0.060166,0.0,0.0,0.043211,0.0,0.418898,0.256368,0.041827,0.516324,0.063187,0.004131,0.0,0.409638,0.002218,0.399784,0.389757,0.0,0.0,0.0,0.365384,0.0,0.0,0.048191,0.329196,0.439275,0.403223,0.0,0.029837,0.003197,0.000754,0.039873,0.0,0.594188,0.0,0.0,0.049476,0.242337,0.390505,0.0,0.0,0.0,0.426999,0.0,0.437777,0.0,0.0,0.0,0.0,0.0,0.0,0.035006,0.890976,0.0,0.0,0.0,0.0,0.0,0.033395,0.437059,0.038322,0.0,0.0,0.0,0.0,0.490568,0.0,0.371887,0.395685,0.004724,0.247318,0.341931,0.0,0.048803,0.0,2.53727,0.001947,0.0,0.0,0.409117,1.454246,0.0,0.0,0.0,0.0,0.0,0.0,1e-06,0.186385,0.0,1.045296,0.0,0.0,0.0,0.059959,0.0,0.053992,0.041666,0.0,0.0,0.0,0.0,0.0,0.568937,0.0,0.0,0.023162,0.0,0.004459,0.042976,0.032288,0.040981,0.0,0.310355,0.0,0.0,0.0,0.0,0.48126,0.110026,0.0,0.026734,0.005922,0.462305,0.0,0.057498,0.005536,1.658776,0.329512,0.0,0.06762,0.0,0.172576,0.0,0.013345,0.0,0.0,0.0,0.0,0.0,0.0,0.034878,0.024426,0.0,0.055325,0.0,0.0,0.496366,0.126125,0.0,0.050604,0.0,0.0,0.467139,0.365184,0.029165,0.069977,0.367402,0.0,0.0,0.0,0.033578,0.048898,0.037893,0.109754,0.0,0.0,0.0,0.058383,0.0,0.0,0.028572,0.490589,0.0,0.326147,0.447544,0.229015,0.237277,0.317136,0.0,0.0,0.0,0.000967,0.0,0.379174,0.0,0.0,0.53816,1e-06,0.505792,0.0,1e-06,0.080381,0.388216,0.033364,0.07432,0.43509,0.0,0.0,0.052805,0.001189,0.0,0.411971,0.421927,0.069166,0.58052,0.0,0.0,0.060092,0.024153,0.0,0.0,0.0,0.476308,0.056817,0.0,0.0,0.0,0.0,0.0,0.012456,0.052474,0.42328,0.0,0.0,0.0,0.288776,0.037335,0.043022,0.0,0.444766,0.0,0.321631,0.0,0.0,0.0,0.0,0.4817,0.0,0.065486,0.0,0.478784,0.0,0.023792,0.203486,0.0,0.0495,0.048687,0.414073,0.0,0.0,0.001937,0.494162,0.072218,0.0,0.461664,0.020849,0.05245,0.000257,0.0,0.0,0.0,0.0,0.0,0.049639,0.0,0.0,0.0,0.443537,0.38067,0.0,0.0,0.001414,0.0,0.061644,0.0,0.503349,0.0,0.457238,0.044456,0.0,0.0,1.71931,0.0,0.0,0.034456,0.488495,0.044852,0.686911,0.0,0.36058,0.073825,0.023381,0.355375,0.0,0.136893,0.0,0.0,0.0,0.103295,0.02398,0.384887,0.0,0.0,0.0,0.149123,0.951453,0.0,0.567075,0.0,0.187108,0.0,0.048524,0.0,0.69101,0.0,0.0,0.0,0.0,0.0,0.0,0.41622,0.0,0.049136,0.148179,0.002927,0.0,0.0,0.0,0.240716,0.0,0.0,0.0,0.137525,0.0,0.0,0.35987,0.961188,0.041381,0.173156,1.01803,0.053581,0.0,0.0,0.0,0.0,0.0,0.0,0.0,0.064008,0.0,0.455301,0.02545,0.041807,0.465062,0.041299,0.929019,0.210745,0.0,0.0,0.0,0.0,0.054684,0.0,0.0,0.00291,0.39727,0.0,0.0,0.371522,0.04223,0.0,0.0,0.227877,0.349301,0.003347,0.415412,0.0,0.120079,0.0,0.0,0.044943,0.387684,0.0,0.0
TCGA-55-8302,0.0,0.0,0.0,0.0,0.0,0.069003,0.411443,0.091352,0.286738,0.0,0.068859,0.0,0.0,0.0,0.0,0.077147,0.0,0.180714,0.0,0.0,0.292402,0.0,0.0,0.0,0.0,0.0,0.0,0.0,0.269614,0.062008,0.0,0.0,0.067462,0.949266,0.0,0.331782,0.267981,0.0,0.0,0.0,0.0,0.400382,0.0,0.092055,0.0,0.302806,0.231328,0.0,0.0,0.411747,2e-06,0.224681,0.0,1.149221,1e-06,0.44239,0.077433,0.444165,0.040005,0.101601,0.006357,0.0,0.391526,0.004273,0.002629,0.403111,0.0,0.004584,0.446971,0.0,0.252256,0.0,0.312709,0.073659,0.0,0.0,0.0,0.0,0.142115,0.0,0.0,0.831541,0.04862,0.0,0.0,0.012243,0.282287,0.372351,0.032902,0.022493,0.054605,0.072953,0.257099,0.0,0.619325,0.0,0.0,0.0,0.0,0.078661,0.0,0.0,0.152303,0.098387,0.097737,0.0,0.284876,0.314444,0.052728,0.374845,0.004431,0.0,0.261089,0.0,0.0,0.557263,0.0,0.412122,0.0,0.0,0.496558,0.124332,0.0,0.0,0.0,0.0,0.378066,0.3615,0.091871,0.0,0.0,0.081923,0.0,0.336016,0.23167,0.074758,0.446253,0.066542,0.000747,0.0,0.335216,0.007674,0.355763,0.311129,0.0,0.0,0.0,0.295224,0.0,0.0,0.080433,0.26999,0.365486,0.35715,0.0,0.04959,0.004481,0.001993,0.0625,0.0,0.501833,0.0,0.0,0.078305,0.211277,0.316373,0.0,0.0,0.0,0.323495,0.0,0.382853,0.0,0.0,0.0,0.0,0.0,0.0,0.060372,0.808663,0.0,0.0,0.0,0.0,0.0,0.063997,0.345659,0.059266,0.0,0.0,0.0,0.0,0.421598,0.0,0.312361,0.322915,0.014624,0.209716,0.277586,0.0,0.083546,0.0,2.379062,0.003173,0.0,0.0,0.357879,1.361551,0.0,0.0,0.0,0.0,0.0,0.0,0.0,0.178439,0.0,0.932174,0.0,0.0,0.0,0.090173,0.0,0.085093,0.062143,0.0,0.0,0.0,0.0,0.0,0.525599,0.0,0.0,0.050502,0.0,0.005152,0.076862,0.063048,0.067389,0.0,0.243039,0.0,0.0,0.0,0.0,0.413932,0.106678,0.0,0.054824,0.016902,0.391041,0.0,0.079804,0.004671,1.51675,0.297069,0.0,0.097419,0.0,0.211087,0.0,0.030116,0.0,0.0,0.0,0.0,0.0,0.0,0.052596,0.045913,0.0,0.09152,0.0,0.0,0.431505,0.098423,0.0,0.082773,0.0,0.0,0.406769,0.303153,0.04944,0.104635,0.296749,0.0,0.0,0.0,0.0571,0.08296,0.068244,0.142604,0.0,0.0,0.0,0.095203,0.0,0.0,0.059496,0.432267,0.0,0.277352,0.395951,0.213049,0.195858,0.286982,0.0,0.0,0.0,0.003291,0.0,0.34243,0.0,0.0,0.477318,1.6e-05,0.447321,0.0,0.0,0.102643,0.310627,0.062821,0.102092,0.345988,0.0,0.0,0.0816,0.002983,0.0,0.377529,0.362212,0.0362,0.510462,0.0,0.0,0.090553,0.049304,0.0,0.0,0.0,0.399291,0.072117,0.0,0.0,0.0,0.0,0.0,0.033721,0.086219,0.353093,0.0,0.0,0.0,0.247016,0.071372,0.078612,0.0,0.379486,0.0,0.269047,0.0,5e-05,0.0,0.0,0.399833,0.0,0.103727,0.0,0.423321,0.0,0.051814,0.174312,0.0,0.085192,0.080968,0.31992,0.0,0.0,0.000426,0.441641,0.103166,0.0,0.391877,0.047511,0.088943,0.000281,0.0,0.0,0.0,0.0,0.0,0.083793,0.0,0.0,0.0,0.400492,0.321135,0.0,0.0,0.002631,0.0,0.094788,0.0,0.405863,0.0,0.398824,0.077163,1e-06,0.0,1.609029,0.0,0.0,0.056102,0.432316,0.07478,0.60764,0.0,0.292587,0.071196,0.045502,0.281978,0.0,0.118216,0.0,0.0,0.0,0.141492,0.048998,0.32062,0.0,0.0,0.0,0.164969,0.855439,0.0,0.489633,0.0,0.162914,0.0,0.077982,0.0,0.609546,0.0,0.0,0.0,0.0,0.0,0.0,0.368673,0.0,0.079895,0.170412,0.006556,0.0,0.0,0.0,0.177538,0.0,0.0,0.0,0.12077,0.0,0.0,0.30231,0.866465,0.068901,0.225348,0.930253,0.087007,0.0,0.0,0.0,0.0,0.0,0.0,0.0,0.052195,0.0,0.403063,0.056778,0.071583,0.412977,0.075901,0.852269,0.210599,0.0,0.0,3.8e-05,0.0,0.082801,0.0,0.0,0.001934,0.329079,0.0,0.0,0.298242,0.075118,0.0,0.0,0.220263,0.293478,0.003236,0.345171,0.0,0.141412,0.0,0.0,0.076834,0.312761,0.0,0.0
TCGA-55-8514,4e-06,0.0,0.0,0.0,0.0,0.127583,0.316838,0.160371,0.202357,0.0,0.116679,0.0,0.0,0.0,0.0,0.126229,0.0,0.161016,0.0,0.0,0.197625,0.0,0.0,0.0,0.0,0.0,0.0,0.0,0.193841,0.114828,0.0,0.0,0.124921,0.81158,0.0,0.249896,0.180107,0.0,0.0,0.0,0.0,0.304418,0.0,0.148865,0.0,0.227048,0.228489,0.0,0.0,0.323466,0.0,0.192152,0.0,1.058396,0.0,0.320591,0.144363,0.339532,0.071934,0.165302,0.023522,0.0,0.308257,0.017514,0.018423,0.310106,0.0,0.015951,0.360341,0.0,0.168521,0.0,0.210395,0.129993,0.0,0.0,0.0,0.0,0.096047,0.0,0.0,0.695655,0.082625,0.0,0.0,0.034087,0.18495,0.258798,0.071087,0.043678,0.099341,0.132401,0.236734,0.0,0.495531,0.0,0.0,0.0,0.0,0.135514,0.0,0.0,0.226557,0.164598,0.175084,0.0,0.223858,0.300151,0.101801,0.288535,0.013755,0.0,0.171582,0.0,0.0,0.460204,0.0,0.341154,0.0,0.0,0.38182,0.211314,0.0,0.0,0.0,0.0,0.307856,0.337771,0.157783,2e-06,0.0,0.144761,0.0,0.245198,0.207,0.139145,0.345392,0.06439,0.009606,0.0,0.243558,0.04082,0.27799,0.224956,0.0,0.0,0.0,0.207849,0.0,0.0,0.133708,0.177529,0.265366,0.293648,0.0,0.085917,0.01785,0.007785,0.107911,0.0,0.378779,0.0,0.0,0.138061,0.144791,0.214283,0.0,0.0,0.0,0.218763,0.0,0.312868,0.0,0.0,0.0,0.0,0.0,0.0,0.104998,0.672038,0.0,0.0,0.0,0.0,0.0,0.105065,0.251505,0.117423,0.0,0.0,0.0,0.0,0.332272,0.0,0.220348,0.227898,0.027832,0.192203,0.185434,0.0,0.151838,0.0,2.209258,0.011192,0.0,0.0,0.273572,1.225114,0.0,0.0,0.0,1e-05,0.0,0.0,0.0,0.168063,0.0,0.792937,0.0,0.0,0.0,0.157725,0.0,0.131645,0.10857,0.0,0.0,0.0,0.0,0.0,0.427537,0.0,0.0,0.084487,0.0,0.022779,0.145541,0.109152,0.122998,0.0,0.158338,0.0,0.0,0.0,0.0,0.320463,0.143199,0.0,0.094902,0.036841,0.269892,0.0,0.131947,0.021926,1.34328,0.272814,0.0,0.153206,0.0,0.286545,0.0,0.054819,0.0,0.0,0.0,0.0,0.0,0.0,0.09669,0.088072,1e-06,0.154667,0.0,0.0,0.327146,0.084267,0.0,0.136597,0.0,0.0,0.325573,0.206048,0.104709,0.16398,0.19709,0.0,0.0,0.0,0.104852,0.151323,0.116757,0.188997,0.0,0.0,0.0,0.161035,0.0,0.0,0.113002,0.343741,0.0,0.188666,0.322531,0.193457,0.137104,0.230408,0.0,0.0,0.0,0.011222,0.0,0.307428,0.0,0.0,0.369607,0.0,0.36062,0.0,0.00024,0.156805,0.221043,0.110116,0.163496,0.230789,0.0,0.0,0.142348,0.01385,0.0,0.291052,0.28374,0.052748,0.39086,0.0,0.0,0.161377,0.097116,0.0,0.0,0.0,0.281562,0.125307,0.0,0.0,0.0,0.0,0.0,0.059261,0.144168,0.241548,0.0,0.0,0.0,0.187636,0.120046,0.136554,0.0,0.280727,0.0,0.194921,0.0,0.0,0.0,0.0,0.300535,0.0,0.16611,0.0,0.350327,0.0,0.09061,0.192137,0.0,0.150825,0.137856,0.227121,0.0,0.0,0.007028,0.346188,0.181429,0.0,0.328598,0.088585,0.154151,2.7e-05,0.0,0.0,0.0,0.0,0.0,0.152231,0.0,0.0,0.0,0.315618,0.228424,0.0,0.0,0.015957,0.0,0.164488,0.0,0.277176,0.0,0.309941,0.133982,0.0,0.0,1.503485,0.0,0.0,0.10408,0.342181,0.133281,0.477741,0.0,0.195484,0.11028,0.098907,0.197753,0.0,0.112696,0.0,0.0,0.0,0.214768,0.098803,0.249991,0.0,0.0,0.0,0.245858,0.716832,0.0,0.381212,0.0,0.180258,0.0,0.131291,0.0,0.461686,0.0,0.0,0.0,0.0,0.0,0.0,0.292477,0.0,0.131681,0.226247,0.018995,0.0,0.0,0.0,0.12148,0.0,0.0,0.0,0.122962,0.0,0.0,0.240615,0.743777,0.123454,0.224324,0.804804,0.140395,0.0,0.0,0.0,0.0,0.0,0.0,0.0,0.080982,0.0,0.316321,0.098413,0.119616,0.316562,0.122954,0.768233,0.190485,0.0,0.0,0.0,0.0,0.134785,0.0,0.0,0.007223,0.225029,0.0,0.0,0.195478,0.124974,0.0,0.0,0.20218,0.213345,0.012151,0.254853,0.0,0.196424,0.0,0.0,0.126678,0.213642,0.0,0.0
TCGA-55-A490,0.0,0.0,0.0,0.0,0.0,0.224593,0.200642,0.275765,0.097482,0.0,0.208515,0.0,0.0,0.0,0.0,0.261071,0.0,0.104203,0.0,0.0,0.091507,0.0,0.0,0.0,0.0,0.0,0.0,0.0,0.065253,0.229157,0.0,0.0,0.218998,0.576061,0.0,0.140982,0.080426,0.0,0.0,0.0,0.0,0.173617,0.0,0.246415,0.0,0.093005,0.14935,0.0,0.0,0.205098,0.0,0.123513,0.0,0.888873,0.0,0.15365,0.227479,0.214365,0.162332,0.24171,0.085552,0.0,0.192146,0.075176,0.086769,0.187674,0.0,0.0572,0.305072,0.0,0.072448,0.0,0.087788,0.225554,0.0,0.0,0.0,0.0,0.048317,0.0,0.0,0.500543,0.178312,0.0,0.0,0.088612,0.075953,0.111013,0.151359,0.107613,0.170659,0.253453,0.158038,0.0,0.317359,0.0,0.0,0.0,0.0,0.224618,0.0,0.0,0.330992,0.295677,0.303099,0.0,0.15051,0.324079,0.224695,0.191185,0.052778,0.0,0.072572,0.0,0.0,0.298474,0.0,0.273743,0.0,0.0,0.220643,0.314828,0.0,0.0,0.0,0.0,0.200845,0.368076,0.293636,0.0,0.0,0.263271,0.0,0.119692,0.287027,0.225666,0.201409,0.052013,0.066148,0.0,0.107077,0.087306,0.183828,0.095275,0.0,0.0,0.0,0.08809,0.0,0.0,0.220382,0.077514,0.11984,0.193605,0.0,0.157033,0.083023,0.039201,0.21635,0.0,0.209482,0.0,0.0,0.250132,0.092226,0.096252,0.0,0.0,0.0,0.08286,0.0,0.190853,0.0,0.0,0.0,0.0,0.0,0.0,0.194581,0.464407,0.0,0.0,0.0,0.0,0.0,0.196652,0.095633,0.217611,0.0,0.0,0.0,0.0,0.196893,0.0,0.103562,0.103238,0.098456,0.120002,0.093343,0.0,0.24585,0.0,1.881808,0.059338,0.0,0.0,0.165437,0.95917,0.0,0.0,0.0,0.0,0.0,0.0,0.0,0.102489,0.0,0.570578,0.0,0.0,0.0,0.280431,0.0,0.244826,0.202081,0.0,0.0,0.0,0.0,0.0,0.256048,0.0,0.0,0.166529,0.0,0.090465,0.255428,0.211511,0.22898,0.0,0.06102,0.0,0.0,0.0,0.0,0.194223,0.237491,0.0,0.185267,0.100821,0.113622,0.0,0.211443,0.096678,1.07104,0.17551,0.0,0.213578,0.0,0.331955,0.0,0.128263,0.0,0.0,0.0,0.0,0.0,0.0,0.200625,0.163203,0.0,0.267779,0.0,0.0,0.197267,0.074183,0.0,0.246983,0.0,0.0,0.197741,0.091326,0.172776,0.281894,0.077998,0.0,0.0,0.0,0.194081,0.247788,0.205343,0.217616,0.0,0.0,0.0,0.269303,0.0,0.0,0.204824,0.215317,0.0,0.082057,0.196117,0.128088,0.057672,0.12822,0.0,0.0,0.0,0.038278,0.0,0.19449,0.0,0.0,0.2194,0.0,0.208894,0.0,5e-05,0.220826,0.098641,0.19559,0.243322,0.079571,0.0,0.0,0.241167,0.054178,0.0,0.197391,0.172164,0.133748,0.221839,0.0,0.0,0.278776,0.175257,0.0,0.0,0.0,0.118685,0.18815,0.0,0.0,0.0,0.0,0.0,0.140572,0.219815,0.100903,0.0,0.0,0.0,0.104063,0.220738,0.231156,0.0,0.141652,0.0,0.090751,0.0,0.0,0.0,0.0,0.138128,0.0,0.265696,0.0,0.202528,0.0,0.193268,0.283121,0.0,0.245648,0.24784,0.079978,0.0,0.0,0.062601,0.213469,0.289873,0.0,0.219593,0.173702,0.257896,3e-06,0.0,0.0,0.0,0.0,0.0,0.277301,0.0,0.0,0.0,0.20464,0.101895,0.0,0.0,0.066307,0.0,0.255927,0.0,0.11147,0.0,0.191359,0.244523,0.0,0.0,1.258851,0.0,0.0,0.204315,0.219258,0.224238,0.306781,0.0,0.087057,0.187899,0.190559,0.085241,0.0,0.055303,0.0,0.0,0.0,0.341054,0.164142,0.132742,0.0,0.0,0.0,0.337031,0.502344,0.0,0.204712,0.0,0.147442,0.0,0.217397,0.0,0.264327,0.0,0.0,0.0,0.0,0.0,0.0,0.191517,0.0,0.247665,0.279182,0.089653,0.0,0.0,0.0,0.026946,0.0,0.0,0.0,0.209545,0.0,0.0,0.147926,0.554087,0.206336,0.216896,0.590812,0.231264,0.0,0.0,0.0,0.0,0.0,0.0,0.0,0.158754,0.0,0.208869,0.185493,0.246111,0.183313,0.224011,0.60044,0.122526,0.0,0.0,0.0,0.0,0.234175,0.0,0.0,0.053228,0.095152,0.0,0.0,0.080287,0.219641,0.0,0.0,0.12549,0.103118,0.059789,0.118402,0.0,0.239334,0.0,0.0,0.233836,0.09355,0.0,0.0
TCGA-55-A492,0.0,0.0,0.0,0.0,0.0,0.016688,0.496807,0.027426,0.376888,0.0,0.017771,0.0,0.0,0.0,0.0,0.019221,0.0,0.242467,0.0,0.0,0.378163,0.0,0.0,0.0,0.0,0.0,0.0,0.0,0.379066,0.01526,0.0,0.0,0.017342,1.114698,0.0,0.41524,0.346884,0.0,0.0,0.0,0.0,0.492271,0.0,0.028818,0.0,0.422337,0.271859,0.0,0.0,0.502443,0.0,0.257839,0.0,1.282147,0.0,0.575454,0.031464,0.53882,0.007931,0.048628,0.000707,0.0,0.472978,0.000391,0.000352,0.490282,0.0,0.000424,0.554751,0.0,0.337766,0.0,0.425548,0.027589,0.0,0.0,0.0,0.0,0.1839,0.0,0.0,0.979068,0.007368,0.0,0.0,0.00152,0.372564,0.494097,0.005589,0.002778,0.017206,0.0156,0.309517,0.0,0.742579,0.0,0.0,0.0,0.0,0.025798,0.0,0.0,0.076968,0.032635,0.032403,0.0,0.349355,0.364275,0.009842,0.448806,0.000426,0.0,0.351786,0.0,0.0,0.657263,0.0,0.512765,0.0,0.0,0.609561,0.078942,0.0,0.0,0.0,0.0,0.458845,0.382043,0.028127,0.0,0.0,0.020907,0.0,0.455451,0.22211,0.023142,0.554202,0.065998,0.000101,0.0,0.450246,0.002726,0.429377,0.427831,0.0,0.0,0.0,0.396758,0.0,0.0,0.026279,0.36131,0.477774,0.429696,0.0,0.014674,0.000474,0.000135,0.014924,0.0,0.635493,0.0,0.0,0.025056,0.255897,0.429348,0.0,0.0,0.0,0.465989,0.0,0.472056,0.0,0.0,0.0,0.0,0.0,0.0,0.016603,0.944074,0.0,0.0,0.0,0.0,0.0,0.015705,0.482047,0.015094,0.0,0.0,0.0,0.0,0.530597,0.0,0.408519,0.435705,0.000819,0.272747,0.366366,0.0,0.028874,0.0,2.601312,0.000144,0.0,0.0,0.430736,1.516212,0.0,0.0,0.0,0.0,0.0,0.0,0.0,0.214446,0.0,1.104315,0.0,0.0,0.0,0.031117,0.0,0.026497,0.021241,0.0,0.0,0.0,0.0,0.0,0.613183,0.0,0.0,0.01105,0.0,0.000599,0.022627,0.017548,0.019403,0.0,0.341119,0.0,0.0,0.0,0.0,0.511939,0.075065,0.0,0.011606,0.001975,0.5106,0.0,0.032745,0.000437,1.720114,0.348114,0.0,0.047488,0.0,0.154909,0.0,0.00414,0.0,0.0,0.0,0.0,0.0,0.0,0.011453,0.009623,0.0,0.029858,0.0,0.0,0.533159,0.137021,0.0,0.022708,0.0,0.0,0.503707,0.398794,0.018673,0.038953,0.406375,0.0,0.0,0.0,0.017647,0.029218,0.020158,0.107691,0.0,0.0,0.0,0.036356,0.0,0.0,0.015125,0.524335,0.0,0.362531,0.474928,0.255964,0.268674,0.340855,0.0,0.0,0.0,0.000304,0.0,0.411991,0.0,0.0,0.580433,0.0,0.543938,0.0,4e-06,0.063989,0.421602,0.016622,0.056739,0.479667,0.0,0.0,0.033002,0.000329,0.0,0.439961,0.450445,0.031777,0.62482,0.0,0.0,0.029473,0.013255,0.0,0.0,0.0,0.521427,0.037603,0.0,0.0,0.0,0.0,0.0,0.004338,0.03676,0.467526,0.0,0.0,0.0,0.308347,0.017632,0.021334,0.0,0.483405,0.0,0.355302,0.0,0.0,0.0,0.0,0.527891,0.0,0.039161,0.0,0.518011,0.0,0.010533,0.173063,0.0,0.029383,0.022628,0.45267,0.0,0.0,7.8e-05,0.531105,0.039702,0.0,0.485165,0.008342,0.029195,0.000146,0.0,0.0,0.0,0.0,0.0,0.023481,0.0,0.0,0.0,0.470341,0.417429,0.0,0.0,0.000343,0.0,0.037235,0.0,0.552987,0.0,0.484345,0.02542,0.0,0.0,1.766308,0.0,0.0,0.015693,0.519247,0.024507,0.735298,0.0,0.392606,0.050797,0.011559,0.385061,0.0,0.154291,0.0,0.0,0.0,0.062175,0.013827,0.41297,0.0,0.0,0.0,0.12205,1.015204,0.0,0.613125,0.0,0.199335,0.0,0.028491,0.0,0.746406,0.0,0.0,0.0,0.0,0.0,0.0,0.440336,0.0,0.026328,0.133471,0.000369,0.0,0.0,0.0,0.272414,0.0,0.0,0.0,0.109563,0.0,0.0,0.377208,0.998868,0.024566,0.180562,1.06869,0.031784,0.0,0.0,0.0,0.0,0.0,0.0,0.0,0.036162,0.0,0.480954,0.013184,0.016026,0.49827,0.019585,0.967086,0.253905,0.0,0.0,0.0,0.0,0.029333,0.0,0.0,0.000142,0.438027,0.0,0.0,0.405939,0.024134,0.0,0.0,0.262548,0.37792,0.000292,0.457059,0.0,0.11148,0.0,0.0,0.020546,0.424914,0.0,0.0
TCGA-55-A494,0.0,0.0,0.0,0.0,0.0,0.139605,0.294294,0.167275,0.189418,0.0,0.120959,0.0,0.0,0.0,0.0,0.138951,0.0,0.125573,0.0,0.0,0.186328,0.0,0.0,0.0,0.0,0.0,0.0,0.0,0.155598,0.126083,0.0,0.0,0.123666,0.751508,0.0,0.235713,0.167081,0.0,0.0,0.0,0.0,0.281618,0.0,0.141242,0.0,0.197689,0.164679,0.0,0.0,0.306577,0.0,0.1436,0.0,0.986285,0.0,0.291427,0.144655,0.308915,0.081823,0.15679,0.035787,0.0,0.295575,0.025322,0.028307,0.282124,0.0,0.021198,0.364344,0.0,0.151973,0.0,0.187963,0.141039,0.0,0.0,0.0,0.0,0.098113,0.0,0.0,0.655609,0.091439,0.0,0.0,0.043772,0.16758,0.233456,0.083382,0.048702,0.101539,0.142722,0.195406,0.0,0.448128,0.0,0.0,0.0,0.0,0.145606,0.0,0.0,0.21059,0.168464,0.182539,0.0,0.215989,0.324989,0.118099,0.265228,0.018673,0.0,0.158215,0.0,0.0,0.41602,0.0,0.34212,0.0,0.0,0.356005,0.201748,0.0,0.0,0.0,0.0,0.283806,0.373356,0.175877,5e-06,0.0,0.156525,0.0,0.226669,0.253544,0.144037,0.318961,0.064091,0.015559,0.0,0.215054,0.049079,0.257599,0.198054,0.0,0.0,0.0,0.182971,0.0,0.0,0.132448,0.162671,0.233769,0.274653,0.0,0.081964,0.027486,0.012118,0.118136,0.0,0.335075,0.0,0.0,0.148801,0.147126,0.196684,0.0,0.0,0.0,0.190364,0.0,0.30384,0.0,0.0,0.0,0.0,0.0,0.0,0.104114,0.623413,0.0,0.0,0.0,0.0,0.0,0.111396,0.209356,0.121186,0.0,0.0,0.0,0.0,0.309307,0.0,0.204161,0.20882,0.03533,0.131668,0.176484,0.0,0.161609,0.0,2.113778,0.017946,0.0,0.0,0.24799,1.152044,0.0,0.0,0.0,0.0,0.0,0.0,3e-06,0.140656,0.0,0.732517,0.0,0.0,0.0,0.166669,0.0,0.146927,0.116577,0.0,0.0,0.0,0.0,0.0,0.372786,0.0,0.0,0.093288,0.0,0.033424,0.158764,0.124721,0.131884,0.0,0.145415,0.0,0.0,0.0,0.0,0.284035,0.18471,0.0,0.098506,0.041868,0.233984,0.0,0.13276,0.040184,1.272466,0.212818,0.0,0.138287,0.0,0.247909,0.0,0.055974,0.0,0.0,0.0,0.0,0.0,0.0,0.100225,0.090919,0.0,0.164165,0.0,0.0,0.290332,0.071924,0.0,0.13261,0.0,0.0,0.30316,0.183357,0.109237,0.169444,0.178157,0.0,0.0,0.0,0.116651,0.157681,0.127794,0.16563,0.0,0.0,0.0,0.172395,0.0,0.0,0.120005,0.312016,0.0,0.173076,0.291587,0.146567,0.12689,0.172947,0.0,0.0,0.0,0.013678,0.0,0.251216,0.0,0.0,0.335591,0.0,0.334607,0.0,0.000413,0.148757,0.200404,0.116147,0.165254,0.188485,0.0,0.0,0.148958,0.017547,0.0,0.272909,0.268181,0.072684,0.345561,0.0,0.0,0.163267,0.104634,0.0,0.0,0.0,0.237825,0.119963,0.0,0.0,0.0,0.0,0.0,0.067631,0.141033,0.213946,0.0,0.0,0.0,0.179458,0.123097,0.140642,0.0,0.258787,0.0,0.181111,0.0,0.0,0.0,0.0,0.267831,0.0,0.165044,0.0,0.30112,0.0,0.10415,0.241092,0.0,0.157764,0.142613,0.178863,0.0,0.0,0.014134,0.317908,0.172619,0.0,0.30687,0.098469,0.161162,4e-06,0.0,0.0,0.0,0.0,0.0,0.165024,0.0,0.0,0.0,0.293273,0.202697,0.0,0.0,0.024857,0.0,0.158422,0.0,0.243186,0.0,0.290183,0.145806,0.0,0.0,1.423906,0.0,0.0,0.113282,0.314973,0.140448,0.433968,0.0,0.185655,0.139591,0.106336,0.175818,0.0,0.107001,0.0,0.0,0.0,0.201477,0.100523,0.225373,0.0,0.0,0.0,0.222876,0.668538,0.0,0.345475,0.0,0.148009,0.0,0.133466,0.0,0.414786,0.0,0.0,0.0,0.0,0.0,0.0,0.268843,0.0,0.149301,0.195864,0.031842,0.0,0.0,0.0,0.071215,0.0,0.0,0.0,0.158643,0.0,0.0,0.221356,0.687355,0.126458,0.192426,0.742645,0.132996,0.0,0.0,0.0,0.0,0.0,0.0,0.0,0.107577,0.0,0.297762,0.109891,0.13314,0.298458,0.123667,0.69659,0.128514,0.0,0.0,0.0,0.0,0.137963,0.0,0.0,0.014327,0.202249,0.0,0.0,0.173942,0.134331,0.0,0.0,0.138037,0.196848,0.016604,0.230609,0.0,0.177253,0.0,0.0,0.125786,0.193138,0.0,0.0
TCGA-56-7223,0.0,0.0,0.0,0.0,0.0,0.258404,0.147546,0.313082,0.047309,0.0,0.250215,0.0,0.0,0.0,0.0,0.290762,0.0,0.106228,0.0,0.0,0.046773,0.0,0.0,0.0,0.0,0.0,0.0,0.0,0.027551,0.256991,0.0,0.0,0.252084,0.489965,0.0,0.090461,0.037647,0.0,0.0,0.0,0.0,0.120356,0.0,0.292062,0.0,0.036678,0.152451,0.0,0.0,0.153967,0.0,0.129831,0.0,0.803349,0.0,0.080559,0.263624,0.145668,0.19041,0.278436,0.117157,0.0,0.139572,0.110687,0.118211,0.131614,0.0,0.081139,0.223025,0.0,0.026956,0.0,0.032684,0.267074,0.0,0.0,0.0,0.0,0.017553,0.0,0.0,0.406251,0.206888,0.0,0.0,0.124554,0.032563,0.051231,0.188774,0.135114,0.205859,0.290992,0.144837,0.0,0.241205,0.0,0.0,0.0,0.0,0.264826,0.0,0.0,0.368291,0.330582,0.352474,0.0,0.106059,0.281802,0.259223,0.12884,0.07995,0.0,0.025653,0.0,0.0,0.213466,0.0,0.196938,0.0,0.0,0.156475,0.350011,0.0,0.0,0.0,0.0,0.145917,0.338866,0.332649,0.0,0.0,0.310081,0.0,0.066182,0.250723,0.258287,0.13836,0.044058,0.087913,0.0,0.048914,0.11572,0.133814,0.044439,0.0,0.0,0.0,0.033839,0.0,0.0,0.263865,0.033324,0.053436,0.142665,0.0,0.187885,0.116111,0.068963,0.244433,0.0,0.135148,0.0,0.0,0.280281,0.058262,0.045687,0.0,0.0,0.0,0.029448,0.0,0.135841,0.0,0.0,0.0,0.0,0.0,0.0,0.219959,0.383612,0.0,0.0,0.0,0.0,0.0,0.228591,0.042426,0.253321,0.0,0.0,0.0,0.0,0.137633,0.0,0.051632,0.049415,0.127829,0.101248,0.038521,0.0,0.282942,0.0,1.713824,0.092081,0.0,0.0,0.115176,0.84158,0.0,0.0,0.0,0.0,0.0,0.0,0.0,0.132851,0.0,0.487014,0.0,0.0,0.0,0.318116,0.0,0.27151,0.244356,0.0,0.0,0.0,0.0,0.0,0.196917,0.0,0.0,0.213436,0.0,0.12516,0.293308,0.253967,0.265466,0.0,0.023138,0.0,0.0,0.0,0.0,0.134731,0.244474,0.0,0.217039,0.126904,0.053321,0.0,0.251665,0.128699,0.951767,0.147208,0.0,0.252956,0.0,0.379024,0.0,0.160297,0.0,0.0,0.0,0.0,0.0,0.0,0.227794,0.194577,0.0,0.303113,0.0,0.0,0.13849,0.078289,0.0,0.28834,0.0,0.0,0.137041,0.038896,0.202153,0.315536,0.029032,0.0,0.0,0.0,0.234106,0.286257,0.247098,0.250853,0.0,0.0,0.0,0.311125,0.0,0.0,0.250409,0.159166,0.0,0.038312,0.145989,0.133674,0.044229,0.107189,0.0,0.0,0.0,0.065829,0.0,0.178646,0.0,0.0,0.159858,0.0,0.153102,0.0,0.006518,0.25045,0.04064,0.2369,0.284521,0.029032,0.0,0.0,0.281226,0.085908,0.0,0.13872,0.121822,0.102118,0.164098,0.0,0.0,0.318553,0.206138,0.0,0.0,0.0,0.052574,0.219019,0.0,0.0,0.0,0.0,0.0,0.1837,0.254181,0.047804,0.0,0.0,0.0,0.06061,0.254285,0.261535,0.0,0.07899,0.0,0.048958,0.0,0.0,0.0,0.0,0.069736,0.0,0.314595,0.0,0.154261,0.0,0.231467,0.278605,0.0,0.293027,0.282666,0.033552,0.0,0.0,0.095014,0.15349,0.325744,0.0,0.161248,0.211651,0.293889,2e-06,0.0,0.0,0.0,0.0,0.0,0.314214,0.0,0.0,0.0,0.15058,0.046758,0.0,0.0,0.104323,0.0,0.288281,0.0,0.04511,0.0,0.137107,0.272902,0.0,0.0,1.145225,0.0,0.0,0.234586,0.16402,0.273881,0.234908,0.0,0.031571,0.213961,0.233619,0.038123,0.0,0.043749,0.0,0.0,0.0,0.380311,0.20011,0.077876,0.0,0.0,0.0,0.383537,0.420527,0.0,0.135247,0.0,0.16915,0.0,0.257128,0.0,0.18597,0.0,0.0,0.0,0.0,0.0,0.0,0.138956,0.0,0.293561,0.326252,0.13316,0.0,0.0,0.0,0.013215,0.0,0.0,0.0,0.203619,0.0,0.0,0.095223,0.457147,0.237962,0.207866,0.504128,0.26192,0.0,0.0,0.0,0.0,0.0,0.0,0.0,0.176842,0.0,0.152008,0.222381,0.273886,0.135612,0.259723,0.529349,0.128921,0.0,0.0,0.0,0.0,0.267522,0.0,0.0,0.079035,0.040614,0.0,0.0,0.025502,0.265981,0.0,0.0,0.129867,0.053644,0.078501,0.055173,0.0,0.27894,0.0,0.0,0.264165,0.041683,0.0,0.0
TCGA-56-7730,0.0,0.0,0.0,0.0,0.0,0.196157,0.223763,0.243086,0.125275,0.0,0.186364,0.0,0.0,0.0,0.0,0.219752,0.0,0.120993,0.0,0.0,0.124038,0.0,0.0,0.0,0.0,0.0,0.0,0.0,0.108671,0.197056,0.0,0.0,0.195081,0.642224,0.0,0.163529,0.108897,1e-06,0.0,0.0,0.0,0.203992,0.0,0.22268,0.0,0.13161,0.156634,0.0,0.0,0.231374,0.0,0.13666,0.0,0.926638,0.0,0.196141,0.209914,0.237904,0.136577,0.22118,0.076359,0.0,0.221946,0.084126,0.084139,0.213447,0.0,0.05803,0.330189,0.0,0.099733,0.0,0.122991,0.210057,0.0,0.0,0.0,0.0,0.061871,0.0,0.0,0.54028,0.156075,0.0,0.0,0.08533,0.109351,0.15322,0.131738,0.099908,0.165481,0.224312,0.167673,0.0,0.354142,0.0,0.0,0.0,0.0,0.211108,0.0,0.0,0.289273,0.254283,0.274462,0.0,0.164774,0.332991,0.197383,0.203053,0.06155,0.0,0.101661,0.0,0.0,0.31673,0.0,0.289406,0.0,0.0,0.261193,0.28507,0.0,0.0,0.0,0.0,0.215962,0.372416,0.256221,0.0,0.0,0.24026,0.0,0.154777,0.264295,0.203222,0.236589,0.051106,0.067797,0.0,0.144895,0.089258,0.197132,0.131489,0.0,0.0,0.0,0.122319,0.0,0.0,0.206856,0.110334,0.157112,0.206084,0.0,0.142453,0.087878,0.05155,0.183721,0.0,0.253301,0.0,0.0,0.226905,0.111527,0.130653,0.0,0.0,0.0,0.130211,0.0,0.222981,0.0,0.0,0.0,0.0,0.0,0.0,0.163499,0.50741,0.0,0.0,0.0,0.0,0.0,0.166099,0.144108,0.19015,0.0,0.0,0.0,0.0,0.232998,0.0,0.135226,0.138803,0.088437,0.129985,0.116564,0.0,0.2307,0.0,1.946115,0.065019,0.0,0.0,0.183532,1.016615,0.0,0.0,0.0,0.0,0.0,0.0,0.0,0.133744,0.0,0.634103,0.0,0.0,0.0,0.251127,0.0,0.210502,0.181925,0.0,0.0,0.0,0.0,0.0,0.28986,0.0,0.0,0.159189,0.0,0.089028,0.227643,0.199957,0.201793,0.0,0.093479,0.0,0.0,0.0,0.0,0.219419,0.228765,0.0,0.165236,0.091392,0.156843,0.0,0.192991,0.10009,1.153752,0.191285,0.0,0.202952,0.0,0.312008,0.0,0.115403,0.0,0.0,0.0,0.0,0.0,0.0,0.173743,0.14481,0.0,0.243818,0.0,0.0,0.226545,0.085925,0.0,0.215592,0.0,0.0,0.227113,0.12477,0.157449,0.245823,0.114497,0.0,0.0,0.0,0.180737,0.222814,0.186207,0.203487,0.0,0.0,0.0,0.248756,0.0,0.0,0.193227,0.242123,0.0,0.114315,0.220867,0.1367,0.088023,0.141687,0.0,0.0,0.0,0.048055,0.0,0.224642,0.0,0.0,0.251503,0.0,0.249291,0.0,0.011905,0.200866,0.13189,0.18546,0.233051,0.128512,0.0,0.0,0.22391,0.067259,0.0,0.210183,0.196527,0.086399,0.266295,0.0,0.0,0.252384,0.16206,0.0,0.0,0.0,0.163904,0.176287,0.0,0.0,0.0,0.0,0.0,0.133487,0.201106,0.142273,0.0,0.0,0.0,0.123814,0.194109,0.198829,0.0,0.172968,0.0,0.120393,0.0,0.0,0.0,0.0,0.176655,0.0,0.252954,0.0,0.238056,0.0,0.175658,0.268765,0.0,0.224686,0.218944,0.124545,0.0,0.0,0.074963,0.243609,0.25123,0.0,0.236713,0.152067,0.233861,1.3e-05,0.0,0.0,0.0,0.0,0.0,0.247801,0.0,0.0,0.0,0.221637,0.135084,0.0,0.0,0.078581,0.0,0.226576,0.0,0.159167,0.0,0.217438,0.216069,0.0,0.0,1.31376,0.0,0.0,0.186011,0.240511,0.217627,0.351454,0.0,0.118974,0.191473,0.179914,0.118752,0.0,0.071874,0.0,0.0,0.0,0.289484,0.157375,0.158594,0.0,0.0,0.0,0.32094,0.567233,0.0,0.24447,0.0,0.169756,0.0,0.203161,0.0,0.321512,0.0,0.0,0.0,0.0,0.0,0.0,0.206493,0.0,0.233325,0.264829,0.092813,0.0,0.0,0.0,0.060703,0.0,0.0,0.0,0.200452,0.0,0.0,0.166103,0.586676,0.185716,0.189749,0.642242,0.198375,0.0,0.0,0.0,0.0,0.0,0.0,0.0,0.160266,0.0,0.227947,0.171127,0.207174,0.216667,0.197718,0.638395,0.129655,0.0,0.0,0.0,0.0,0.198977,0.0,0.0,0.055913,0.131251,0.0,0.0,0.113745,0.210498,0.0,0.0,0.139144,0.133221,0.066232,0.153659,0.0,0.23548,0.0,0.0,0.197331,0.12931,0.0,0.0
TCGA-56-8307,0.0,0.0,0.0,0.0,0.0,0.208908,0.209098,0.260821,0.06558,0.0,0.216264,0.0,0.0,0.0,0.0,0.240808,0.0,0.126273,0.0,0.0,0.065153,0.0,0.0,0.0,0.0,0.0,0.0,0.0,0.03639,0.200399,0.0,0.0,0.199574,0.548045,0.0,0.118875,0.063242,0.0,0.0,0.0,0.0,0.157408,0.0,0.26059,0.0,0.044014,0.206897,0.0,0.0,0.193811,0.0,0.186032,0.0,0.842443,0.0,0.109452,0.216405,0.194375,0.149383,0.247235,0.064954,0.0,0.181516,0.057999,0.055709,0.18548,0.0,0.044022,0.169144,0.0,0.043683,0.0,0.045293,0.218532,0.0,0.0,0.0,0.0,0.026155,0.0,0.0,0.452673,0.162002,0.0,0.0,0.073949,0.05997,0.076852,0.130237,0.093732,0.172067,0.233447,0.193986,0.0,0.292079,0.0,0.0,0.0,0.0,0.214893,0.0,0.0,0.352,0.286539,0.294312,0.0,0.148776,0.186072,0.191568,0.169914,0.041919,0.0,0.042701,0.0,0.0,0.264912,0.0,0.16429,0.0,0.0,0.194777,0.299134,0.0,0.0,0.0,0.0,0.184816,0.267337,0.278487,0.0,0.0,0.258551,0.0,0.090204,0.17606,0.207679,0.173451,0.048338,0.03665,0.0,0.068987,0.061207,0.17711,0.065762,0.0,0.0,0.0,0.049671,0.0,0.0,0.229664,0.049986,0.072649,0.180524,0.0,0.153519,0.057638,0.040812,0.193385,0.0,0.172452,0.0,0.0,0.221503,0.08408,0.068745,0.0,0.0,0.0,0.034131,0.0,0.172334,0.0,0.0,0.0,0.0,0.0,0.0,0.177623,0.447399,0.0,0.0,0.0,0.0,0.0,0.195378,0.052744,0.194656,0.0,0.0,0.0,0.0,0.170902,0.0,0.080789,0.072651,0.076135,0.126327,0.049963,0.0,0.233495,0.0,1.756021,0.049967,0.0,0.0,0.168203,0.89361,0.0,0.0,0.0,0.0,0.0,0.0,0.0,0.161774,0.0,0.535687,0.0,0.0,0.0,0.261549,0.0,0.239412,0.191442,0.0,0.0,0.0,0.0,0.0,0.259935,0.0,0.0,0.179857,0.0,0.068199,0.240164,0.199727,0.212998,0.0,0.039312,0.0,0.0,0.0,0.0,0.178217,0.160746,0.0,0.169997,0.077298,0.087277,0.0,0.214017,0.07292,0.996937,0.183844,0.0,0.235265,0.0,0.392467,0.0,0.118869,0.0,0.0,0.0,0.0,0.0,0.0,0.180626,0.143634,0.0,0.261015,0.0,0.0,0.186787,0.071799,0.0,0.245363,0.0,0.0,0.174756,0.059933,0.160772,0.28395,0.049256,0.0,0.0,0.0,0.186947,0.235222,0.20366,0.2601,0.0,0.0,0.0,0.270842,0.0,0.0,0.198035,0.202748,0.0,0.058672,0.191188,0.179447,0.078085,0.152843,0.0,0.0,0.0,0.032897,0.0,0.217985,0.0,0.0,0.208304,0.0,0.190995,0.0,0.003027,0.220797,0.058161,0.190762,0.250195,0.036571,0.0,0.0,0.243739,0.043743,0.0,0.189727,0.16412,0.042694,0.228067,0.0,0.0,0.26324,0.152543,0.0,0.0,0.0,0.069861,0.19124,0.0,0.0,0.0,0.0,0.0,0.136461,0.215718,0.073391,0.0,0.0,0.0,0.082616,0.202442,0.220463,0.0,0.10313,0.0,0.074028,0.0,0.0,0.0,0.0,0.089873,0.0,0.274255,0.0,0.185881,0.0,0.181657,0.191018,0.0,0.244436,0.237385,0.042997,0.0,0.0,0.04068,0.206639,0.280106,0.0,0.19889,0.165831,0.251355,1e-06,0.0,0.0,0.0,0.0,0.0,0.254449,0.0,0.0,0.0,0.200158,0.067541,0.0,0.0,0.057043,0.0,0.256384,0.0,0.066841,0.0,0.17269,0.224215,0.0,0.0,1.180186,0.0,0.0,0.177952,0.211756,0.221695,0.293311,0.0,0.048133,0.136724,0.174172,0.056901,0.0,0.058865,0.0,0.0,0.0,0.360857,0.156559,0.095925,0.0,0.0,0.0,0.35834,0.463728,0.0,0.178546,0.0,0.177073,0.0,0.215021,0.0,0.23865,0.0,0.0,0.0,0.0,0.0,0.0,0.177915,0.0,0.238455,0.321994,0.079678,0.0,0.0,0.0,0.014421,0.0,0.0,0.0,0.12924,0.0,0.0,0.112797,0.51044,0.19741,0.277317,0.55905,0.227887,0.0,0.0,0.0,0.0,0.0,0.0,0.0,0.099954,0.0,0.193744,0.180684,0.226941,0.186135,0.22183,0.555602,0.203796,0.0,0.0,9e-06,0.0,0.23619,0.0,0.0,0.035553,0.059734,0.0,0.0,0.039151,0.224545,0.0,0.0,0.193712,0.077177,0.038453,0.076334,0.0,0.278287,0.0,0.0,0.224681,0.062447,0.0,0.0
TCGA-56-8309,0.0,0.0,0.0,0.0,0.0,0.204094,0.223251,0.265251,0.071512,0.0,0.22814,0.0,0.0,0.0,0.0,0.262158,0.0,0.135802,0.0,0.0,0.068098,0.0,0.0,0.0,0.0,0.0,0.0,0.0,0.049143,0.199257,0.0,0.0,0.230057,0.609792,0.0,0.135949,0.062641,0.0,0.0,0.0,0.0,0.178538,0.0,0.291423,0.0,0.055051,0.284134,0.0,0.0,0.221404,0.0,0.252519,0.0,0.982937,0.0,0.132169,0.228172,0.258517,0.139872,0.270481,0.026008,0.0,0.175948,0.026776,0.014364,0.213786,0.0,0.023643,0.17038,0.0,0.049885,0.0,0.059909,0.215615,0.0,0.0,0.0,0.0,0.022663,0.0,0.0,0.523155,0.153102,0.0,0.0,0.035707,0.054606,0.092611,0.10467,0.091286,0.151679,0.224159,0.254288,0.0,0.355471,0.0,0.0,0.0,0.0,0.199278,0.0,0.0,0.436237,0.31353,0.283704,0.0,0.170862,0.160627,0.176413,0.230043,0.022639,0.0,0.043867,0.0,0.0,0.34252,0.0,0.171122,0.0,0.0,0.225006,0.357326,0.0,0.0,0.0,0.0,0.234359,0.225915,0.284449,0.0,0.0,0.249806,0.0,0.099516,0.148187,0.214557,0.20401,0.047219,0.005268,0.0,0.083012,0.015645,0.222898,0.068984,0.0,0.0,0.0,0.058506,0.0,0.0,0.239714,0.056276,0.08698,0.225067,0.0,0.18554,0.018988,0.011953,0.206524,0.0,0.226597,0.0,0.0,0.233406,0.099176,0.079715,0.0,0.0,0.0,0.060139,0.0,0.16556,0.0,0.0,0.0,0.0,0.0,0.0,0.201127,0.496744,0.0,0.0,0.0,0.0,0.0,0.207626,0.076617,0.188681,0.0,0.0,0.0,0.0,0.188518,0.0,0.082735,0.075858,0.060477,0.20954,0.066353,0.0,0.239944,0.0,1.918669,0.015817,0.0,0.0,0.204308,0.989163,0.0,0.0,0.0,0.0,0.0,0.0,0.0,0.1446,0.0,0.607117,0.0,0.0,0.0,0.268577,0.0,0.244367,0.189019,0.0,0.0,0.0,0.0,0.0,0.342845,0.0,0.0,0.151945,0.0,0.021215,0.227214,0.185087,0.201094,0.0,0.041386,0.0,0.0,0.0,0.0,0.236552,0.10654,0.0,0.170965,0.076828,0.108364,0.0,0.219948,0.014624,1.096263,0.273648,0.0,0.26643,0.0,0.47154,0.0,0.116202,0.0,0.0,0.0,0.0,0.0,0.0,0.186979,0.147299,0.0,0.273701,0.0,0.0,0.248951,0.080035,0.0,0.278413,0.0,0.0,0.186659,0.068979,0.143663,0.313385,0.057206,0.0,0.0,0.0,0.179462,0.219735,0.190462,0.307332,0.0,0.0,0.0,0.279268,0.0,0.0,0.173268,0.24912,0.0,0.060577,0.210126,0.231379,0.043833,0.225757,0.0,0.0,0.0,0.012757,0.0,0.281168,0.0,0.0,0.263005,0.0,0.196915,0.0,1e-06,0.245957,0.074647,0.204893,0.267048,0.06023,0.0,0.0,0.229646,0.014722,0.0,0.21607,0.168411,0.048809,0.2792,0.0,0.0,0.282325,0.159411,0.0,0.0,0.0,0.093644,0.201854,0.0,0.0,0.0,0.0,0.0,0.113005,0.239612,0.081589,0.0,0.0,0.0,0.082006,0.211967,0.244189,0.0,0.114435,0.0,0.075648,0.0,3e-06,0.0,0.0,0.097698,0.0,0.288811,0.0,0.245457,0.0,0.156387,0.12792,0.0,0.226228,0.259713,0.078814,0.0,0.0,0.004243,0.243045,0.31108,0.0,0.236772,0.140004,0.255353,2.1e-05,0.0,0.0,0.0,0.0,0.0,0.258966,0.0,0.0,0.0,0.236309,0.084112,0.0,0.0,0.020045,0.0,0.281297,0.0,0.081378,0.0,0.205153,0.219594,0.0,0.0,1.304594,0.0,0.0,0.181513,0.255198,0.22404,0.350769,0.0,0.054353,0.083312,0.15114,0.071709,0.0,0.025542,0.0,0.0,0.0,0.439618,0.158372,0.119147,0.0,0.0,0.0,0.417396,0.502942,0.0,0.201598,0.0,0.192474,0.0,0.234053,0.0,0.281954,0.0,0.0,0.0,0.0,0.0,0.0,0.223082,0.0,0.244574,0.388994,0.027355,0.0,0.0,0.0,0.031215,0.0,0.0,0.0,0.097107,0.0,0.0,0.147625,0.612519,0.224603,0.401187,0.642498,0.246922,0.0,0.0,0.0,0.0,0.0,0.0,0.0,0.066093,0.0,0.232983,0.162385,0.234163,0.181273,0.218582,0.679825,0.292676,0.0,0.0,3e-06,0.0,0.26731,0.0,0.0,0.006254,0.058688,0.0,0.0,0.056801,0.218871,0.0,0.0,0.284081,0.077804,0.027532,0.090245,0.0,0.325358,0.0,0.0,0.246181,0.073128,0.0,0.0
TCGA-56-8622,0.0,0.0,0.0,0.0,0.0,0.197641,0.234989,0.24988,0.118836,0.0,0.188053,0.0,0.0,0.0,0.0,0.225578,0.0,0.13859,0.0,0.0,0.116052,0.0,0.0,0.0,0.0,0.0,0.0,0.0,0.116063,0.193207,0.0,0.0,0.197216,0.664802,0.0,0.169087,0.10645,0.0,0.0,0.0,0.0,0.214412,0.0,0.230508,0.0,0.135945,0.198269,0.0,0.0,0.24362,0.0,0.163577,0.0,0.95894,0.0,0.203799,0.21141,0.246486,0.137992,0.234144,0.062723,0.0,0.219922,0.048452,0.05315,0.230429,0.0,0.040964,0.323905,0.0,0.098515,0.0,0.121349,0.199033,0.0,0.0,0.0,0.0,0.055575,0.0,0.0,0.56908,0.147022,0.0,0.0,0.065023,0.104449,0.152382,0.131341,0.08925,0.150334,0.214011,0.191315,0.0,0.379077,0.0,0.0,0.0,0.0,0.212797,0.0,0.0,0.29986,0.258555,0.27033,0.0,0.157339,0.314813,0.185087,0.22439,0.039442,0.0,0.091723,0.0,0.0,0.361712,0.0,0.283326,0.0,0.0,0.275484,0.300559,0.0,0.0,0.0,1e-06,0.239018,0.358889,0.255018,0.0,0.0,0.223327,0.0,0.15141,0.246023,0.207505,0.245507,0.053706,0.03522,0.0,0.139849,0.064839,0.205305,0.129026,0.0,0.0,0.0,0.119407,0.0,0.0,0.207963,0.102788,0.160644,0.229066,0.0,0.143517,0.0507,0.023909,0.19091,0.0,0.271172,0.0,0.0,0.221684,0.08981,0.12737,0.0,0.0,0.0,0.135175,0.0,0.227928,0.0,0.0,0.0,0.0,0.0,0.0,0.172279,0.541732,0.0,0.0,0.0,0.0,0.0,0.174772,0.152513,0.194889,0.0,0.0,0.0,0.0,0.236188,0.0,0.128718,0.137933,0.071234,0.158518,0.112041,0.0,0.229066,0.0,2.01154,0.035978,0.0,0.0,0.206202,1.065304,0.0,0.0,0.0,0.0,0.0,0.0,0.0,0.149208,0.0,0.651081,0.0,0.0,0.0,0.252844,0.0,0.218713,0.185183,0.0,0.0,0.0,0.0,0.0,0.332223,0.0,0.0,0.137738,0.0,0.058366,0.230089,0.187954,0.203793,0.0,0.085798,0.0,0.0,0.0,0.0,0.235311,0.199985,0.0,0.168795,0.079408,0.163535,0.0,0.199614,0.060639,1.170602,0.225831,0.0,0.213357,0.0,0.349386,0.0,0.102233,0.0,0.0,0.0,0.0,0.0,0.0,0.176534,0.157737,0.0,0.238998,0.0,0.0,0.239325,0.09326,0.0,0.2258,0.0,0.0,0.230194,0.11613,0.155183,0.2572,0.10807,0.0,0.0,0.0,0.166534,0.237245,0.188734,0.222766,0.0,0.0,0.0,0.231975,0.0,0.0,0.183999,0.256952,0.0,0.110515,0.237219,0.171707,0.070007,0.181405,0.0,0.0,0.0,0.031089,0.0,0.251369,0.0,0.0,0.269163,0.0,0.255678,0.0,0.000203,0.21378,0.134219,0.179578,0.225453,0.135834,0.0,0.0,0.209638,0.037391,0.0,0.215491,0.20322,0.106391,0.279273,0.0,0.0,0.251271,0.156954,0.0,0.0,0.0,0.173029,0.190116,0.0,0.0,0.0,0.0,0.0,0.117902,0.207981,0.139024,0.0,0.0,0.0,0.123391,0.206999,0.211374,0.0,0.179915,0.0,0.119897,0.0,0.0,0.0,0.0,0.187311,0.0,0.23902,0.0,0.269281,0.0,0.158538,0.24021,0.0,0.221549,0.224655,0.135903,0.0,0.0,0.033826,0.257463,0.266283,0.0,0.249293,0.155166,0.235527,6e-06,0.0,0.0,0.0,0.0,0.0,0.244869,0.0,0.0,0.0,0.233322,0.134892,0.0,0.0,0.042372,0.0,0.224911,0.0,0.161137,0.0,0.226528,0.212341,0.0,0.0,1.354081,0.0,0.0,0.182263,0.262561,0.208855,0.365496,0.0,0.111511,0.161083,0.166416,0.114924,0.0,0.07123,0.0,0.0,0.0,0.310225,0.15037,0.164873,0.0,0.0,0.0,0.319934,0.571795,0.0,0.256387,0.0,0.173992,0.0,0.199621,0.0,0.331434,0.0,0.0,0.0,0.0,0.0,0.0,0.223262,0.0,0.223651,0.283289,0.049284,0.0,0.0,0.0,0.05958,0.0,0.0,0.0,0.170446,0.0,0.0,0.177635,0.633052,0.191197,0.220762,0.672794,0.214715,0.0,0.0,0.0,0.0,0.0,0.0,0.0,0.13269,0.0,0.238487,0.162608,0.210533,0.221146,0.197332,0.681702,0.146624,0.0,0.0,0.0,0.0,0.212883,0.0,0.0,0.03225,0.131358,0.0,0.0,0.111375,0.196441,0.0,0.0,0.161295,0.128093,0.044044,0.154452,0.0,0.244694,0.0,0.0,0.206264,0.128869,0.0,0.0
TCGA-56-A4BY,0.0,0.0,0.0,0.0,0.0,0.232738,0.181594,0.28222,0.084464,0.0,0.222225,0.0,0.0,0.0,0.0,0.269855,0.0,0.106341,0.0,0.0,0.080952,0.0,0.0,0.0,0.0,0.0,0.0,0.0,0.056573,0.234671,0.0,0.0,0.228613,0.552453,0.0,0.128036,0.068117,0.0,0.0,0.0,0.0,0.159849,0.0,0.26029,0.0,0.076531,0.145185,0.0,0.0,0.192765,0.0,0.123009,0.0,0.862019,0.0,0.134866,0.237715,0.197504,0.169744,0.254323,0.095757,0.0,0.178141,0.090295,0.100255,0.172086,0.0,0.067748,0.289824,0.0,0.059724,0.0,0.075836,0.231264,0.0,0.0,0.0,0.0,0.039247,0.0,0.0,0.469053,0.186619,0.0,0.0,0.101011,0.065405,0.096342,0.159111,0.115821,0.176863,0.262399,0.151821,0.0,0.297452,0.0,0.0,0.0,0.0,0.230019,0.0,0.0,0.335019,0.307359,0.317639,0.0,0.138143,0.322888,0.241259,0.173148,0.062557,0.0,0.059396,0.0,0.0,0.267858,0.0,0.262223,0.0,0.0,0.204508,0.328901,0.0,0.0,0.0,0.0,0.182794,0.368919,0.302602,0.0,0.0,0.277315,0.0,0.104552,0.283826,0.2345,0.186345,0.048581,0.077999,0.0,0.092188,0.098169,0.165115,0.082081,0.0,0.0,0.0,0.073495,0.0,0.0,0.235299,0.066927,0.104868,0.175094,0.0,0.1673,0.098725,0.051691,0.222892,0.0,0.197898,0.0,0.0,0.266496,0.080123,0.083272,0.0,0.0,0.0,0.067406,0.0,0.170508,0.0,0.0,0.0,0.0,0.0,0.0,0.20647,0.441643,0.0,0.0,0.0,0.0,0.0,0.203907,0.083017,0.229078,0.0,0.0,0.0,0.0,0.181482,0.0,0.087071,0.090973,0.108977,0.116861,0.080247,0.0,0.254541,0.0,1.82825,0.076274,0.0,0.0,0.151399,0.923198,0.0,0.0,0.0,0.0,0.0,0.0,0.0,0.11129,0.0,0.546229,0.0,0.0,0.0,0.289052,0.0,0.247182,0.215721,0.0,0.0,0.0,0.0,0.0,0.24001,0.0,0.0,0.182638,0.0,0.102434,0.265569,0.221018,0.239005,0.0,0.051552,0.0,0.0,0.0,0.0,0.180178,0.24381,0.0,0.193232,0.109636,0.098333,0.0,0.226128,0.10992,1.03689,0.16951,0.0,0.227888,0.0,0.335257,0.0,0.137399,0.0,0.0,0.0,0.0,0.0,0.0,0.21539,0.174348,0.0,0.270607,0.0,0.0,0.18596,0.073198,0.0,0.262907,0.0,0.0,0.182714,0.076962,0.179364,0.287055,0.065271,0.0,0.0,0.0,0.204379,0.261664,0.217536,0.22571,0.0,0.0,0.0,0.276666,0.0,0.0,0.219042,0.20119,0.0,0.069181,0.185297,0.127593,0.05848,0.124804,0.0,0.0,0.0,0.049102,0.0,0.187524,0.0,0.0,0.203591,0.0,0.194253,0.0,0.002434,0.229741,0.081323,0.208084,0.255333,0.067471,0.0,0.0,0.250344,0.065231,0.0,0.179099,0.159786,0.130207,0.211416,0.0,0.0,0.293906,0.180531,4e-06,0.0,0.0,0.10792,0.195648,0.0,0.0,0.0,0.0,0.0,0.159439,0.227111,0.091804,0.0,0.0,0.0,0.091695,0.233275,0.237032,0.0,0.125261,0.0,0.076597,0.0,0.0,0.0,0.0,0.122627,0.0,0.285088,0.0,0.189882,0.0,0.207564,0.288445,0.0,0.258823,0.258505,0.072053,0.0,0.0,0.079584,0.197013,0.29919,0.0,0.204015,0.183218,0.269916,2e-06,0.0,0.0,0.0,0.0,0.0,0.284198,0.0,0.0,0.0,0.188924,0.089464,0.0,0.0,0.074013,0.0,0.261867,0.0,0.093834,0.0,0.181507,0.249645,0.0,0.0,1.222083,0.0,0.0,0.21263,0.201997,0.244424,0.288224,0.0,0.071896,0.20338,0.203134,0.072871,0.0,0.048312,0.0,0.0,0.0,0.347449,0.175913,0.122084,0.0,0.0,0.0,0.349176,0.484687,0.0,0.188027,0.0,0.149673,0.0,0.229223,0.0,0.246921,0.0,0.0,0.0,0.0,0.0,0.0,0.175513,0.0,0.262741,0.287061,0.104633,0.0,0.0,0.0,0.02877,0.0,0.0,0.0,0.212563,0.0,0.0,0.13904,0.52302,0.209379,0.198607,0.569918,0.239259,0.0,0.0,0.0,0.0,0.0,0.0,0.0,0.168471,0.0,0.19225,0.1945,0.252927,0.170597,0.233858,0.579331,0.123546,0.0,0.0,0.0,0.0,0.238176,0.0,0.0,0.06648,0.08275,0.0,0.0,0.064672,0.234228,0.0,0.0,0.123508,0.094179,0.067055,0.098833,0.0,0.246211,0.0,0.0,0.247114,0.079983,0.0,0.0
TCGA-60-2698,0.0,0.0,0.0,0.0,0.0,0.31139,0.100824,0.402622,0.015854,0.0,0.317944,0.0,0.0,0.0,0.0,0.397407,0.0,0.173807,0.0,0.0,0.015944,0.0,0.0,0.0,0.0,0.0,0.0,0.0,0.017754,0.331475,0.0,0.0,0.3127,0.432236,0.0,0.04132,0.01249,0.0,0.0,0.0,0.0,0.069556,0.0,0.36998,0.0,0.017068,0.158331,0.0,0.0,0.105285,0.0,0.137849,0.0,0.772379,0.0,0.032277,0.342561,0.080356,0.284917,0.341726,0.220685,0.0,0.082297,0.194947,0.213885,0.08976,0.0,0.170313,0.285241,0.0,0.011059,0.0,0.013342,0.346378,0.0,0.0,0.0,0.0,0.003518,0.0,0.0,0.357018,0.281342,0.0,0.0,0.189116,0.013078,0.021127,0.263694,0.199967,0.284817,0.383686,0.113661,0.0,0.179994,0.0,0.0,0.0,1e-06,0.365181,0.0,0.0,0.409701,0.415652,0.461782,0.0,0.057403,0.361888,0.347299,0.083469,0.14968,0.0,0.008979,0.0,0.0,0.150403,0.0,0.212579,0.0,0.0,0.09655,0.454076,0.0,0.0,0.0,0.0,0.079714,0.409637,0.432429,2e-06,0.0,0.38905,0.0,0.031907,0.307579,0.330962,0.079212,0.032709,0.174265,0.0,0.023468,0.197235,0.075165,0.019101,0.0,0.0,0.0,0.011882,0.0,0.0,0.330005,0.012229,0.021475,0.079429,0.0,0.245219,0.219664,0.143411,0.325171,0.0,0.078954,0.0,0.0,0.378492,0.013826,0.022421,0.0,0.0,0.0,0.021332,0.0,0.083434,0.0,0.0,0.0,0.0,0.0,0.0,0.298556,0.324886,0.0,0.0,0.0,0.0,0.0,0.296585,0.025742,0.334818,0.0,0.0,0.0,0.0,0.080506,0.0,0.020602,0.021519,0.192908,0.115397,0.012267,0.0,0.366372,0.0,1.668943,0.173194,0.0,0.0,0.061703,0.774704,0.0,0.0,0.0,1e-06,0.0,0.0,0.0,0.187823,0.0,0.437046,0.0,0.0,0.0,0.416847,0.0,0.362164,0.329486,0.0,0.0,0.0,0.0,0.0,0.132457,1.2e-05,0.0,0.28102,0.0,0.214035,0.395351,0.355818,0.366478,0.0,0.00962,0.0,0.0,0.0,0.0,0.086928,0.341975,0.0,0.30288,0.194964,0.02617,0.0,0.318197,0.236402,0.894401,0.103214,0.0,0.311971,0.0,0.409049,0.0,0.2204,0.0,0.0,0.0,0.0,0.0,0.0,0.323721,0.264188,0.0,0.382434,0.0,0.0,0.097632,0.163962,0.0,0.377556,0.0,0.0,0.085474,0.014143,0.273554,0.388733,0.010497,0.0,0.0,0.0,0.298607,0.39553,0.336246,0.292241,0.0,0.0,0.0,0.38089,0.0,0.0,0.330252,0.094307,0.0,0.019989,0.085453,0.162141,0.031339,0.076478,0.0,0.0,0.0,0.130524,0.0,0.161817,0.0,0.0,0.098149,0.0,0.092202,0.0,0.005273,0.322035,0.016583,0.302459,0.36,0.021507,0.0,0.0,0.357277,0.15079,0.0,0.079929,0.071579,0.182066,0.109392,0.0,0.0,0.414366,0.276218,0.0,0.0,0.0,0.028585,0.294155,0.0,0.0,0.0,0.0,0.0,0.283606,0.327956,0.021685,0.0,0.0,0.0,0.021837,0.348926,0.327463,0.0,0.030853,0.0,0.018014,0.0,0.0,0.0,0.0,0.030299,0.0,0.383124,0.0,0.13207,0.0,0.33027,0.370906,0.0,0.368111,0.362086,0.02142,0.0,0.0,0.216718,0.090576,0.407689,0.0,0.112401,0.28616,0.390954,5e-06,0.0,0.0,0.0,0.0,0.0,0.404876,0.0,0.0,0.0,0.091734,0.016138,0.0,0.0,0.179575,0.0,0.335748,0.0,0.021409,0.0,0.0813,0.367627,0.0,0.0,1.089887,0.0,0.0,0.313113,0.097259,0.349797,0.175121,0.0,0.01102,0.30099,0.328717,0.015203,0.0,0.029597,0.0,0.0,0.0,0.447918,0.26152,0.038707,0.0,0.0,0.0,0.472614,0.359963,0.0,0.064605,0.0,0.233611,0.0,0.326263,0.0,0.134402,0.0,0.0,0.0,0.0,0.0,0.0,0.080863,0.0,0.391312,0.384742,0.227297,0.0,0.0,1e-06,0.015079,0.0,0.0,0.0,0.274286,0.0,0.0,0.049403,0.39659,0.29981,0.131257,0.440537,0.346454,0.0,0.0,0.0,0.0,0.0,0.0,0.0,0.245863,0.0,0.075333,0.308379,0.366088,0.072703,0.340183,0.506684,0.108885,0.0,0.0,0.0,0.0,0.329944,0.0,0.0,0.189841,0.016057,0.0,0.0,0.011587,0.334682,0.0,0.0,0.119464,0.018683,0.147566,0.021278,0.0,0.32322,0.0,0.0,0.33523,0.019338,0.0,0.0
TCGA-60-2709,0.0,0.0,0.0,0.0,0.0,0.270697,0.140622,0.330613,0.047163,0.0,0.267979,0.0,0.0,0.0,0.0,0.309235,0.0,0.132854,0.0,0.0,0.04871,0.0,0.0,0.0,0.0,0.0,0.0,0.0,0.038845,0.267961,0.0,0.0,0.26939,0.502081,0.0,0.086575,0.040353,0.0,0.0,0.0,0.0,0.120871,0.0,0.316994,0.0,0.043763,0.184353,0.0,0.0,0.14891,0.0,0.169904,0.0,0.838989,0.0,0.084938,0.280918,0.144871,0.202442,0.301537,0.125747,0.0,0.125704,0.120668,0.123836,0.135938,0.0,0.096543,0.221989,0.0,0.033729,0.0,0.041083,0.279717,0.0,0.0,0.0,0.0,0.019619,0.0,0.0,0.413992,0.21494,0.0,0.0,0.129694,0.036939,0.057651,0.193358,0.150253,0.217605,0.302102,0.155843,0.0,0.253646,0.0,0.0,0.0,0.0,0.28306,0.0,0.0,0.397259,0.351556,0.370117,0.0,0.09838,0.272745,0.267456,0.136772,0.09306,0.0,0.031674,0.0,0.0,0.220035,0.0,0.187972,0.0,0.0,0.156811,0.381695,0.0,0.0,0.0,0.0,0.146304,0.332286,0.35097,0.0,0.0,0.323402,0.0,0.06908,0.234418,0.271235,0.135795,0.040795,0.093677,0.0,0.052415,0.112148,0.128911,0.050876,0.0,0.0,0.0,0.040906,0.0,0.0,0.281278,0.037748,0.0625,0.143074,0.0,0.211692,0.12103,0.081446,0.264244,0.0,0.143749,0.0,0.0,0.302952,0.051429,0.050394,0.0,0.0,0.0,0.04583,0.0,0.128708,0.0,0.0,0.0,0.0,0.0,0.0,0.242852,0.393931,0.0,0.0,0.0,0.0,0.0,0.239483,0.053786,0.269769,0.0,0.0,0.0,0.0,0.131579,0.0,0.054667,0.054388,0.134593,0.129669,0.045983,0.0,0.302452,0.0,1.755094,0.104262,0.0,0.0,0.119682,0.858439,0.0,0.0,0.0,0.0,0.0,0.0,0.0,0.164963,0.0,0.505175,0.0,0.0,0.0,0.337125,0.0,0.293547,0.262581,0.0,0.0,0.0,0.0,0.0,0.21606,0.0,0.0,0.227085,0.0,0.131695,0.309877,0.271429,0.279664,0.0,0.028679,0.0,0.0,0.0,0.0,0.141743,0.235213,0.0,0.237198,0.136428,0.065604,0.0,0.271746,0.132216,0.976711,0.164542,0.0,0.288356,0.0,0.417866,0.0,0.171247,0.0,0.0,0.0,0.0,0.0,0.0,0.250365,0.208344,0.0,0.321097,0.0,0.0,0.145404,0.107824,0.0,0.314672,0.0,0.0,0.133572,0.041516,0.21231,0.339689,0.036792,0.0,0.0,0.0,0.247068,0.307043,0.266442,0.281055,0.0,0.0,0.0,0.323663,0.0,0.0,0.264688,0.161205,0.0,0.041101,0.144271,0.171973,0.03726,0.127169,0.0,0.0,0.0,0.078803,0.0,0.196807,0.0,0.0,0.162151,1e-06,0.147393,0.0,0.008073,0.276842,0.049369,0.252816,0.306085,0.046593,0.0,0.0,0.297289,0.096175,0.0,0.129002,0.121607,0.092652,0.17197,0.0,0.0,0.337369,0.222062,0.0,0.0,0.0,0.064976,0.24666,0.0,0.0,0.0,0.0,0.0,0.201598,0.273102,0.0536,0.0,0.0,0.0,0.049853,0.273381,0.276021,0.0,0.07961,0.0,0.048622,0.0,0.0,0.0,0.0,0.071089,0.0,0.330737,0.0,0.173112,0.0,0.241533,0.274815,0.0,0.307053,0.303571,0.046445,0.0,0.0,0.102709,0.155077,0.35328,0.0,0.160259,0.225578,0.31337,4e-06,0.0,0.0,0.0,0.0,0.0,0.329817,0.0,0.0,0.0,0.149719,0.048214,0.0,0.0,0.113426,0.0,0.309391,0.0,0.058297,0.0,0.130444,0.285062,0.0,0.0,1.171026,0.0,0.0,0.249788,0.162153,0.288983,0.246568,0.0,0.036121,0.216258,0.245314,0.044126,0.0,0.036622,0.0,0.0,0.0,0.413846,0.216319,0.073945,0.0,0.0,0.0,0.418289,0.43028,0.0,0.132553,0.0,0.20077,0.0,0.274006,0.0,0.199137,0.0,0.0,0.0,0.0,0.0,0.0,0.138739,0.0,0.315748,0.365705,0.134454,0.0,0.0,0.0,0.02518,0.0,0.0,0.0,0.198475,0.0,0.0,0.092812,0.476101,0.259413,0.222259,0.523744,0.286758,0.0,0.0,0.0,0.0,0.0,0.0,0.0,0.17639,0.0,0.149189,0.230114,0.292949,0.128486,0.277384,0.565108,0.163846,0.0,0.0,0.0,0.0,0.285408,0.0,0.0,0.086473,0.046924,0.0,0.0,0.03639,0.283424,0.0,0.0,0.154362,0.053426,0.087682,0.056596,0.0,0.310796,0.0,0.0,0.282003,0.051465,0.0,0.0
TCGA-60-2714,0.0,0.0,0.0,0.0,0.0,0.315664,0.113041,0.404833,0.014328,0.0,0.338914,0.0,0.0,0.0,0.0,0.424925,0.0,0.142225,0.0,0.0,0.01297,0.0,0.0,0.0,0.0,0.0,0.0,0.0,0.008721,0.341646,0.0,0.0,0.320548,0.39372,0.0,0.042906,0.010783,0.0,0.0,0.0,0.0,0.069585,0.0,0.396014,0.0,0.010773,0.164373,0.0,0.0,0.102531,0.0,0.143717,0.0,0.787535,0.0,0.02522,0.323355,0.115687,0.29104,0.35739,0.201581,0.0,0.068583,0.155161,0.166584,0.112329,0.0,0.149585,0.241982,0.0,0.00778,0.0,0.009688,0.323607,0.0,0.0,0.0,0.0,0.005603,0.0,0.0,0.349377,0.284023,0.0,0.0,0.151428,0.010517,0.013749,0.246693,0.195629,0.2403,0.373519,0.131648,0.0,0.171525,0.0,0.0,0.0,1e-06,0.325689,0.0,0.0,0.481291,0.458667,0.465637,0.0,0.069987,0.321475,0.33938,0.111448,0.102625,0.0,0.007583,0.0,0.0,0.167367,0.0,0.200924,0.0,0.0,0.077411,0.487182,0.0,0.0,0.0,0.0,0.103975,0.389425,0.46368,0.0,0.0,0.391808,0.0,0.022311,0.329119,0.336068,0.069605,0.036804,0.15553,0.0,0.015057,0.149983,0.102325,0.011486,0.0,0.0,0.0,0.008507,0.0,0.0,0.342275,0.00928,0.014161,0.09443,0.0,0.256528,0.188607,0.107505,0.325001,0.0,0.074008,0.0,0.0,0.377757,0.018679,0.015902,0.0,0.0,0.0,0.009666,0.0,0.070529,0.0,0.0,0.0,0.0,0.0,0.0,0.310358,0.330517,0.0,0.0,0.0,0.0,0.0,0.311708,0.013218,0.325254,0.0,0.0,0.0,0.0,0.064525,0.0,0.014116,0.016003,0.168206,0.111739,0.014226,0.0,0.365852,0.0,1.652609,0.1406,0.0,0.0,0.088723,0.735722,0.0,0.0,0.0,0.0,0.0,0.0,0.0,0.128347,0.0,0.406584,0.0,0.0,0.0,0.416949,0.0,0.377361,0.325002,0.0,0.0,0.0,0.0,0.0,0.133334,0.0,0.0,0.267213,0.0,0.173625,0.391296,0.322655,0.357797,0.0,0.007059,0.0,0.0,0.0,0.0,0.106159,0.308335,0.0,0.282558,0.180151,0.016118,0.0,0.320985,0.1907,0.851393,0.121216,0.0,0.323906,0.0,0.447383,0.0,0.2024,0.0,0.0,0.0,0.0,0.0,0.0,0.338783,0.256741,0.0,0.38708,0.0,0.0,0.117096,0.137048,0.0,0.405586,0.0,0.0,0.071307,0.010088,0.251189,0.424927,0.008948,0.0,0.0,0.0,0.295909,0.381067,0.323066,0.32067,0.0,0.0,0.0,0.391644,0.0,0.0,0.296681,0.104345,0.0,0.01052,0.091095,0.163007,0.009668,0.110371,1e-06,0.0,0.0,0.092682,0.0,0.150261,0.0,0.0,0.105299,0.0,0.074857,0.0,4e-06,0.334271,0.010809,0.297487,0.353047,0.010595,0.0,0.0,0.35181,0.102282,0.0,0.109197,0.06668,0.2461,0.11342,0.0,0.0,0.419402,0.255184,0.0,0.0,0.0,0.014349,0.279027,0.0,0.0,0.0,0.0,0.0,0.268598,0.322071,0.013647,0.0,0.0,0.0,0.025127,0.341599,0.347422,0.0,0.022779,0.0,0.011908,0.0,0.0,0.0,0.0,0.019642,0.0,0.403709,0.0,0.099521,0.0,0.320687,0.358708,0.0,0.359397,0.379266,0.011721,0.0,0.0,0.165203,0.109203,0.433191,0.0,0.13616,0.265828,0.396409,1e-06,0.0,0.0,0.0,0.0,0.0,0.394392,0.0,0.0,0.0,0.123328,0.012333,0.0,0.0,0.140454,0.0,0.363822,0.0,0.012655,0.0,0.08678,0.356202,0.0,0.0,1.080909,0.0,0.0,0.293524,0.115883,0.357831,0.173188,0.0,0.008977,0.253538,0.296257,0.009806,0.0,0.008415,0.0,0.0,0.0,0.5276,0.249545,0.032878,0.0,0.0,0.0,0.500033,0.314741,0.0,0.049768,0.0,0.189458,0.0,0.320796,0.0,0.100168,0.0,0.0,0.0,0.0,0.0,0.0,0.090442,0.0,0.383127,0.405871,0.200394,0.0,0.0,0.0,0.006255,0.0,0.0,0.0,0.251094,0.0,0.0,0.056028,0.4011,0.298253,0.228168,0.441056,0.372679,0.0,0.0,0.0,0.0,0.0,0.0,0.0,0.200544,0.0,0.112084,0.283754,0.381557,0.06219,0.34476,0.478509,0.147315,0.0,0.0,0.0,0.0,0.349269,0.0,0.0,0.153662,0.011428,0.0,0.0,0.008979,0.325783,0.0,0.0,0.143492,0.013577,0.100393,0.013859,0.0,0.337666,0.0,0.0,0.372435,0.013074,0.0,0.0
TCGA-60-2715,0.0,0.0,0.0,0.0,0.0,0.303782,0.124508,0.396142,0.023131,0.0,0.333298,0.0,0.0,0.0,0.0,0.379453,0.0,0.219539,0.0,0.0,0.020943,0.0,0.0,0.0,0.0,0.0,0.0,0.0,0.028024,0.313678,0.0,0.0,0.315491,0.442809,0.0,0.044862,0.021497,0.0,0.0,0.0,0.0,0.076748,0.0,0.386988,0.0,0.024505,0.269316,0.0,0.0,0.115686,0.0,0.244496,0.0,0.838166,0.0,0.044847,0.344523,0.110054,0.259792,0.372702,0.166089,0.0,0.077986,0.141844,0.144726,0.124466,0.0,0.138132,0.160543,0.0,0.018729,0.0,0.02464,0.320289,0.0,0.0,0.0,0.0,0.008126,0.0,0.0,0.374186,0.263272,0.0,0.0,0.151759,0.022015,0.032501,0.238522,0.186278,0.259071,0.351173,0.193396,0.0,0.21442,0.0,0.0,0.0,0.0,0.322388,0.0,0.0,0.482688,0.425598,0.452434,0.0,0.062298,0.230908,0.308186,0.108186,0.109082,0.0,0.01936,0.0,0.0,0.188792,0.0,0.147739,0.0,0.0,0.104913,0.500494,0.0,0.0,0.0,0.0,0.106228,0.284159,0.425264,0.0,0.0,0.380891,0.0,0.036558,0.175878,0.334062,0.089885,0.031604,0.108676,0.0,0.032288,0.155346,0.107324,0.029173,0.0,0.0,0.0,0.022998,0.0,0.0,0.342069,0.019828,0.030548,0.105891,0.0,0.25484,0.161206,0.108027,0.303622,0.0,0.092767,0.0,0.0,0.35395,0.0158,0.026928,0.0,0.0,0.0,0.031116,0.0,0.087181,0.0,0.0,0.0,0.0,0.0,0.0,0.301363,0.356536,0.0,0.0,0.0,0.0,0.0,0.30387,0.036467,0.316309,0.0,0.0,0.0,0.0,0.077852,0.0,0.026719,0.028847,0.158573,0.19347,0.020369,0.0,0.365307,0.0,1.681089,0.132607,0.0,0.0,0.101919,0.794835,0.0,0.0,0.0,0.0,0.0,0.0,0.0,0.226081,0.0,0.464987,0.0,0.0,0.0,0.397266,0.0,0.348827,0.306861,0.0,0.0,0.0,0.0,0.0,0.19055,0.0,0.0,0.268016,0.0,0.150709,0.381055,0.313665,0.338852,0.0,0.019372,0.0,0.0,0.0,0.0,0.12425,0.216545,0.0,0.271877,0.170804,0.039034,0.0,0.330776,0.149686,0.904713,0.187995,0.0,0.358986,0.0,0.521874,0.0,0.206016,0.0,0.0,0.0,0.0,0.0,0.0,0.312953,0.245424,0.0,0.388064,1e-05,0.0,0.139164,0.172146,0.0,0.388994,0.0,0.0,0.088096,0.023716,0.260723,0.409111,0.022519,0.0,0.0,0.0,0.284329,0.381335,0.319377,0.393813,0.0,0.0,0.0,0.383624,0.0,0.0,0.30585,0.120069,0.0,0.024356,0.10908,0.259508,0.024109,0.162435,0.0,0.0,0.0,0.102608,0.0,0.238858,0.0,0.0,0.125843,0.0,0.095008,0.0,0.004875,0.348778,0.026615,0.293357,0.373696,0.03226,0.0,0.0,0.349354,0.109778,0.0,0.097905,0.08057,0.082081,0.146059,0.0,0.0,0.407876,0.247952,0.0,0.0,0.0,0.03906,0.298373,0.0,0.0,0.0,0.0,0.0,0.257524,0.325715,0.030424,0.0,0.0,0.0,0.029925,0.33585,0.335272,0.0,0.040146,0.0,0.022191,0.0,1e-06,0.0,0.0,0.039545,0.0,0.399661,0.0,0.161581,0.0,0.286742,0.244005,0.0,0.356887,0.358971,0.035655,0.0,0.0,0.138057,0.127725,0.429444,0.0,0.129971,0.254741,0.383126,1.8e-05,0.0,0.0,0.0,0.0,0.0,0.372981,0.0,0.0,0.0,0.121848,0.025911,0.0,0.0,0.138405,0.0,0.371476,0.0,0.033273,0.0,0.092876,0.339168,0.0,0.0,1.125395,0.0,0.0,0.286674,0.124629,0.350879,0.207939,0.0,0.021405,0.209438,0.296701,0.022494,0.0,0.024364,0.0,0.0,0.0,0.508606,0.260371,0.043728,0.0,0.0,0.0,0.546364,0.370805,0.0,0.077637,0.0,0.286518,0.0,0.334254,0.0,0.13929,0.0,0.0,0.0,0.0,0.0,0.0,0.099014,0.0,0.365122,0.463852,0.162343,0.0,0.0,0.0,0.030349,0.0,0.0,0.0,0.155204,0.0,0.0,0.062501,0.437563,0.300969,0.248464,0.476625,0.353223,0.0,0.0,0.0,0.0,0.0,0.0,0.0,0.159789,0.0,0.107666,0.269322,0.342507,0.083859,0.328068,0.556688,0.243075,0.0,0.0,0.0,0.0,0.344569,0.0,0.0,0.111818,0.025377,0.0,0.0,0.02365,0.325926,0.0,0.0,0.233925,0.02626,0.0963,0.029365,0.0,0.402792,0.0,0.0,0.350189,0.02619,0.0,0.0
TCGA-60-2723,0.0,0.0,0.0,0.0,0.0,0.373718,0.054578,0.487777,0.004079,0.0,0.40982,0.0,0.0,0.0,0.0,0.520354,0.0,0.152312,0.0,0.0,0.003066,0.0,0.0,0.0,0.0,0.0,0.0,0.0,0.003922,0.425704,0.0,0.0,0.382348,0.316227,0.0,0.010527,0.003205,0.0,0.0,0.0,0.0,0.024074,0.0,0.473858,0.0,0.003368,0.114866,0.0,0.0,0.044794,0.0,0.108328,0.0,0.736402,0.0,0.006849,0.394446,0.05592,0.375448,0.411931,0.293616,0.0,0.025219,0.245109,0.258389,0.056236,0.0,0.223762,0.305797,0.0,0.002634,0.0,0.003592,0.403317,0.0,0.0,0.0,0.0,0.000939,0.0,0.0,0.280202,0.365553,0.0,0.0,0.210512,0.003097,0.004979,0.309071,0.259901,0.302653,0.458788,0.081691,0.0,0.093424,0.0,0.0,0.0,0.0,0.399483,0.0,0.0,0.520671,0.556121,0.565184,0.0,0.027216,0.419342,0.431586,0.061357,0.162065,0.0,0.002659,0.0,0.0,0.090574,0.0,0.224132,0.0,0.0,0.025842,0.582525,0.0,0.0,0.0,0.0,0.043748,0.484236,0.567543,0.0,0.0,0.484664,0.0,0.006159,0.417783,0.397875,0.023982,0.024796,0.246398,0.0,0.005412,0.223406,0.052984,0.004291,0.0,0.0,0.0,0.003282,0.0,0.0,0.409006,0.00295,0.004348,0.035806,0.0,0.318637,0.288743,0.172657,0.409419,0.0,0.028416,0.0,0.0,0.476827,0.002585,0.004609,0.0,0.0,0.0,0.004763,0.0,0.024747,0.0,0.0,0.0,0.0,0.0,0.0,0.38251,0.249649,0.0,0.0,0.0,0.0,0.0,0.363801,0.005438,0.39814,0.0,0.0,0.0,0.0,0.020181,0.0,0.004055,0.004501,0.23934,0.092831,0.003152,0.0,0.440086,0.0,1.569225,0.229657,0.0,0.0,0.038156,0.630823,0.0,0.0,0.0,0.0,0.0,0.0,0.0,0.119059,0.0,0.327362,0.0,0.0,0.0,0.512532,0.0,0.459707,0.408155,0.0,0.0,0.0,0.0,0.0,0.059067,0.0,0.0,0.339405,0.0,0.253954,0.482554,0.412879,0.454111,0.0,0.002977,0.0,0.0,0.0,1e-06,0.055088,0.41509,0.0,0.355341,0.247303,0.006141,0.0,0.38152,0.294357,0.764929,0.069003,0.0,0.377496,0.0,0.447957,0.0,0.261956,0.0,0.0,0.0,0.0,0.0,0.0,0.429904,0.317444,0.0,0.463149,1e-06,0.0,0.067812,0.182153,0.0,0.483111,0.0,0.0,0.023644,0.003627,0.307886,0.495201,0.003253,0.0,0.0,0.0,0.366245,0.471712,0.392934,0.336843,0.0,2e-06,0.0,0.460384,0.0,0.0,0.377599,0.042451,0.0,0.003656,0.034832,0.13308,0.003716,0.059124,1.9e-05,0.0,0.0,0.144812,0.0,0.101947,0.0,0.0,0.045424,0.0,0.023364,0.0,2.4e-05,0.38568,0.004133,0.366888,0.418579,0.004939,0.0,0.0,0.425345,0.16213,0.0,0.054142,0.025234,0.336609,0.047782,0.0,0.0,0.517801,0.325322,0.0,0.0,0.0,0.006279,0.338741,0.0,0.0,0.0,0.0,0.0,0.35945,0.386285,0.004715,0.0,0.0,0.0,0.004998,0.424509,0.416617,0.0,0.006068,0.0,0.003248,0.0,0.0,0.0,0.0,0.005915,0.0,0.483896,0.0,0.057082,0.0,0.417721,0.466363,0.0,0.430421,0.465021,0.005575,0.0,0.0,0.280712,0.047338,0.509922,0.0,0.086468,0.335752,0.486744,6e-06,0.0,0.0,0.0,0.0,0.0,0.500462,0.0,0.0,0.0,0.059883,0.003887,0.0,0.0,0.213749,0.0,0.418871,0.0,0.004806,0.0,0.033557,0.445402,0.0,0.0,1.006103,0.0,0.0,0.369372,0.047446,0.435356,0.101989,0.0,0.003006,0.354224,0.381402,0.003322,0.0,0.002802,0.0,0.0,0.0,0.590507,0.308365,0.009136,0.0,0.0,0.0,0.569717,0.239018,0.0,0.014539,0.0,0.209594,0.0,0.38371,0.0,0.043813,0.0,0.0,0.0,0.0,0.0,0.0,0.036153,0.0,0.484352,0.434824,0.295446,0.0,0.0,0.0,0.005559,0.0,0.0,0.0,0.338992,0.0,0.0,0.018712,0.314866,0.358496,0.158798,0.367904,0.443852,0.0,0.0,0.0,0.0,0.0,0.0,0.0,0.28016,0.0,0.054152,0.358122,0.479382,0.017041,0.426801,0.419575,0.092398,0.0,0.0,0.0,0.0,0.404473,0.0,0.0,0.252676,0.003606,0.0,0.0,0.003495,0.402814,0.0,0.0,0.093722,0.004166,0.163301,0.004423,0.0,0.374097,0.0,0.0,0.438551,0.003955,0.0,0.0
TCGA-60-2725,0.0,0.0,0.0,0.0,0.0,0.242432,0.178688,0.298915,0.074794,0.0,0.236722,0.0,0.0,0.0,0.0,0.301127,0.0,0.094893,0.0,0.0,0.090707,0.0,0.0,0.0,0.0,0.0,0.0,0.0,0.05724,0.238097,0.0,0.0,0.237943,0.543228,0.0,0.127386,0.064149,0.0,0.0,0.0,0.0,0.159044,0.0,0.281264,0.0,0.069081,0.110492,0.0,0.0,0.196414,0.0,0.094889,0.0,0.843077,0.0,0.119187,0.245832,0.173622,0.190338,0.25011,0.134881,0.0,0.17792,0.118754,0.138946,0.156327,0.0,0.09297,0.365548,0.0,0.053747,0.0,0.061112,0.253523,0.0,0.0,0.0,0.0,0.03272,0.0,0.0,0.458038,0.198777,0.0,0.0,0.118385,0.057236,0.085476,0.176872,0.124493,0.191538,0.28295,0.116235,0.0,0.271869,0.0,0.0,0.0,0.0,0.272911,0.0,0.0,0.311607,0.319437,0.33954,0.0,0.132556,0.391145,0.262356,0.170851,0.086316,0.0,0.044585,0.0,0.0,0.251606,0.0,0.282882,0.0,0.0,0.198005,0.33083,0.0,0.0,0.0,0.0,0.172438,0.436222,0.32526,0.0,0.0,0.284382,0.0,0.1052,0.348781,0.234416,0.167525,0.040314,0.114986,0.0,0.075002,0.10193,0.142951,0.073941,0.0,0.0,0.0,0.058943,0.0,0.0,0.250844,0.063661,0.09494,0.16652,0.0,0.182136,0.136707,0.076079,0.25153,0.0,0.195348,0.0,0.0,0.28715,0.090171,0.08082,0.0,0.0,0.0,0.069433,0.0,0.164302,0.0,0.0,0.0,0.0,0.0,0.0,0.208459,0.43037,0.0,0.0,0.0,0.0,0.0,0.211262,0.083073,0.254242,0.0,0.0,0.0,0.0,0.183717,0.0,0.081271,0.090153,0.125216,0.090989,0.074611,0.0,0.26575,0.0,1.82121,0.102837,0.0,0.0,0.134321,0.898384,0.0,0.0,0.0,0.0,0.0,0.0,0.0,0.111197,0.0,0.535444,0.0,0.0,0.0,0.312504,0.0,0.275762,0.248733,0.0,0.0,0.0,0.0,0.0,0.216768,0.0,0.0,0.198341,0.0,0.137292,0.285907,0.26097,0.267633,0.0,0.044546,0.0,0.0,0.0,0.0,0.159167,0.300138,0.0,0.228114,0.123788,0.080125,0.0,0.239704,0.15672,1.034353,0.136623,0.0,0.220517,0.0,0.308129,0.0,0.149939,0.0,0.0,0.0,0.0,0.0,0.0,0.236549,0.191086,0.0,0.279122,0.0,0.0,0.156751,0.09744,0.0,0.280493,0.0,0.0,0.173202,0.067389,0.182034,0.30112,0.054326,0.0,0.0,0.0,0.223709,0.282962,0.241887,0.18252,0.0,0.0,0.0,0.280095,0.0,0.0,0.240784,0.190413,0.0,0.064543,0.167115,0.102275,0.060356,0.099666,0.0,0.0,0.0,0.079915,0.0,0.160814,0.0,0.0,0.187638,0.0,0.18881,0.0,0.001414,0.237385,0.069914,0.217319,0.26397,0.067872,0.0,0.0,0.266252,0.095497,0.0,0.156836,0.156507,0.190283,0.1978,0.0,0.0,0.310668,0.2004,0.0,0.0,0.0,0.084883,0.219206,0.0,0.0,0.0,0.0,0.0,0.186382,0.234765,0.086823,0.0,0.0,0.0,0.069606,0.248409,0.244216,0.0,0.116536,0.0,0.080634,0.0,0.0,0.0,0.0,0.09979,0.0,0.285678,0.0,0.177787,0.0,0.234129,0.349974,0.0,0.274536,0.278395,0.059757,0.0,0.0,0.132845,0.178278,0.30537,0.0,0.198011,0.211553,0.285805,5e-06,0.0,0.0,0.0,0.0,0.0,0.309158,0.0,0.0,0.0,0.175474,0.074767,0.0,0.0,0.099181,0.0,0.248164,0.0,0.088771,0.0,0.17017,0.275111,0.0,0.0,1.203172,0.0,0.0,0.236068,0.193691,0.255525,0.271592,0.0,0.05552,0.255432,0.227162,0.071486,0.0,0.042406,0.0,0.0,0.0,0.348925,0.176057,0.108881,0.0,0.0,0.0,0.338868,0.46429,0.0,0.164114,0.0,0.143206,0.0,0.230324,0.0,0.236478,0.0,0.0,0.0,0.0,0.0,0.0,0.167903,0.0,0.292792,0.279363,0.13175,0.0,0.0,0.0,0.021467,0.0,0.0,0.0,0.270445,0.0,0.0,0.12084,0.513579,0.220838,0.148756,0.547118,0.253235,0.0,0.0,0.0,0.0,0.0,0.0,0.0,0.212684,0.0,0.173053,0.214564,0.277419,0.165313,0.251472,0.569428,0.083312,0.0,0.0,0.0,0.0,0.248701,0.0,0.0,0.123239,0.077983,0.0,0.0,0.050888,0.256252,0.0,0.0,0.090525,0.083285,0.096865,0.080652,0.0,0.220136,0.0,0.0,0.250941,0.082214,0.0,0.0
TCGA-60-2726,0.0,0.0,0.0,0.0,0.0,0.343557,0.105784,0.451021,0.004676,0.0,0.389698,0.0,0.0,0.0,0.0,0.449917,0.0,0.230493,0.0,0.0,0.004075,0.0,0.0,0.0,0.0,0.0,0.0,0.0,0.008055,0.36076,0.0,0.0,0.360446,0.383248,0.0,0.02164,0.004249,0.0,0.0,0.0,0.0,0.040885,0.0,0.446642,0.0,0.005227,0.283188,0.0,0.0,0.082697,0.0,0.268794,0.0,0.835336,0.0,0.013896,0.386323,0.089646,0.30795,0.423164,0.200796,0.0,0.041423,0.160352,0.148641,0.107956,0.0,0.163104,0.151493,0.0,0.003064,0.0,0.004543,0.364315,0.0,0.0,0.0,0.0,0.000866,0.0,0.0,0.338634,0.307303,0.0,0.0,0.159039,0.004266,0.00795,0.265131,0.225051,0.288376,0.403274,0.187053,0.0,0.175732,0.0,0.0,0.0,0.0,0.361085,0.0,0.0,0.570877,0.504538,0.511563,0.0,0.037758,0.231284,0.346524,0.102194,0.11856,0.0,0.002949,0.0,0.0,0.15895,0.0,0.12629,0.0,0.0,0.061067,0.588741,0.0,0.0,0.0,0.0,0.082341,0.292611,0.509734,2e-06,0.0,0.435126,0.0,0.01199,0.199831,0.373136,0.054637,0.025216,0.133078,0.0,0.008986,0.161731,0.093948,0.006971,0.0,0.0,0.0,0.004356,0.0,0.0,0.384969,0.003138,0.007034,0.084697,0.0,0.303934,0.184519,0.117557,0.352298,0.0,0.053589,0.0,0.0,0.411335,0.00548,0.006134,0.0,0.0,0.0,0.007875,0.0,0.048962,0.0,0.0,0.0,0.0,0.0,0.0,0.358199,0.314129,0.0,0.0,0.0,0.0,0.0,0.349535,0.011908,0.351514,0.0,0.0,0.0,0.0,0.038766,0.0,0.00665,0.008235,0.172378,0.204726,0.003982,0.0,0.414472,0.0,1.637396,0.145949,0.0,0.0,0.081245,0.730275,0.0,0.0,0.0,5e-06,0.0,0.0,0.0,0.215345,0.0,0.417702,0.0,0.0,0.0,0.455492,0.0,0.421464,0.34225,0.0,0.0,0.0,0.0,0.0,0.154946,0.0,0.0,0.302247,0.0,0.16485,0.434083,0.36586,0.385852,0.0,0.003124,0.0,0.0,0.0,0.0,0.106471,0.245614,0.0,0.309948,0.199943,0.013706,0.0,0.365756,0.17204,0.845686,0.166425,0.0,0.413118,0.0,0.58613,0.0,0.232382,0.0,0.0,0.0,0.0,0.0,0.0,0.374088,0.276342,0.0,0.445739,0.0,0.0,0.121377,0.20631,0.0,0.44582,0.0,0.0,0.047608,0.004573,0.292443,0.482644,0.004579,0.0,0.0,0.0,0.324592,0.423841,0.354338,0.443051,0.0,4e-06,0.0,0.436902,0.0,0.0,0.334172,0.086894,0.0,0.00605,0.073442,0.28248,0.006108,0.149784,0.0,0.0,0.0,0.105573,0.0,0.224492,0.0,0.0,0.092043,0.0,0.04792,0.0,0.000531,0.403169,0.005598,0.329952,0.420485,0.0086,0.0,0.0,0.401579,0.111844,0.0,0.07824,0.049883,0.113862,0.108836,0.0,0.0,0.472,0.281639,0.0,0.0,0.0,0.013986,0.340343,0.0,0.0,0.0,0.0,0.0,0.297566,0.378171,0.007009,0.0,0.0,0.0,0.00847,0.380495,0.389511,0.0,0.013158,0.0,0.005849,0.0,0.0,0.0,0.0,0.012228,0.0,0.453231,0.0,0.128247,0.0,0.329315,0.2687,0.0,0.39418,0.418686,0.012956,0.0,0.0,0.149428,0.10283,0.492639,0.0,0.113532,0.284293,0.444459,0.0,0.0,0.0,0.0,0.0,0.0,0.425432,0.0,0.0,0.0,0.100364,0.005326,0.0,0.0,0.153239,0.0,0.436578,0.0,0.006502,0.0,0.053177,0.393096,0.0,0.0,1.088252,0.0,0.0,0.324218,0.099483,0.390684,0.172347,0.0,0.00332,0.218549,0.325772,0.00399,0.0,0.00719,0.0,0.0,0.0,0.603332,0.299523,0.02076,0.0,0.0,0.0,0.619138,0.297256,0.0,0.040335,0.0,0.310002,0.0,0.379234,0.0,0.096008,0.0,0.0,0.0,0.0,0.0,0.0,0.078864,0.0,0.42002,0.527936,0.185855,0.0,0.0,0.0,0.015559,0.0,0.0,0.0,0.173143,0.0,0.0,0.028755,0.404001,0.351933,0.29494,0.439196,0.411473,0.0,0.0,0.0,0.0,0.0,0.0,0.0,0.159913,0.0,0.087676,0.310443,0.413493,0.040182,0.369184,0.529483,0.265037,0.0,0.0,0.0,0.0,0.395877,0.0,0.0,0.124751,0.005599,0.0,0.0,0.004181,0.37076,0.0,0.0,0.242549,0.007347,0.107566,0.006974,0.0,0.460184,0.0,0.0,0.406832,0.00575,0.0,0.0
TCGA-63-5128,0.0,0.0,0.0,0.0,0.0,0.328707,0.090657,0.421754,0.008303,0.0,0.326785,0.0,0.0,0.0,0.0,0.419987,0.0,0.174841,0.0,0.0,0.005174,0.0,0.0,0.0,0.0,0.0,0.0,0.0,0.005113,0.349414,0.0,0.0,0.321807,0.384666,0.0,0.027661,0.005519,0.0,0.0,0.0,0.0,0.04888,0.0,0.3945,0.0,0.005099,0.169304,0.0,0.0,0.099783,0.0,0.136305,0.0,0.758996,0.0,0.016313,0.354411,0.084274,0.289975,0.365875,0.207134,0.0,0.062823,0.17813,0.188911,0.086033,0.0,0.162774,0.223471,0.0,0.003297,0.0,0.003979,0.354456,0.0,0.0,0.0,0.0,0.001495,0.0,0.0,0.331624,0.291787,0.0,0.0,0.17361,0.004441,0.008142,0.281302,0.210741,0.271495,0.38596,0.144782,0.0,0.160446,0.0,0.0,0.0,0.0,0.346569,0.0,0.0,0.461969,0.45068,0.478552,0.0,0.048141,0.315035,0.347851,0.078488,0.131059,0.0,0.002766,0.0,0.0,0.13612,0.0,0.188871,0.0,0.0,0.069362,0.491099,0.0,0.0,0.0,0.0,0.081139,0.372247,0.461503,0.0,0.0,0.414545,0.0,0.017574,0.277356,0.348854,0.059685,0.030824,0.161231,0.0,0.011647,0.196164,0.094871,0.007377,0.0,0.0,0.0,0.004073,0.0,0.0,0.347128,0.003805,0.006969,0.082909,0.0,0.248395,0.19129,0.1296,0.338252,0.0,0.049968,0.0,0.0,0.383221,0.006758,0.009317,0.0,0.0,0.0,0.006546,0.0,0.073956,0.0,0.0,0.0,0.0,0.0,0.0,0.312405,0.305682,0.0,0.0,0.0,0.0,0.0,0.317244,0.008072,0.345164,0.0,0.0,0.0,0.0,0.056812,0.0,0.009142,0.009165,0.192823,0.114866,0.005344,0.0,0.378363,0.0,1.604723,0.167322,0.0,0.0,0.074456,0.722004,0.0,0.0,0.0,0.0,0.0,0.0,0.0,0.170739,0.0,0.393639,0.0,0.0,0.0,0.438399,1e-06,0.384497,0.336854,0.0,0.0,0.0,0.0,0.0,0.112739,0.0,0.0,0.284245,0.0,0.19854,0.401355,0.348725,0.369516,0.0,0.002932,0.0,0.0,0.0,0.0,0.083631,0.30627,0.0,0.293908,0.186454,0.011244,0.0,0.340527,0.21815,0.826238,0.121083,0.0,0.33392,0.0,0.463416,0.0,0.223269,0.0,0.0,0.0,0.0,0.0,0.0,0.333909,0.27187,0.0,0.408066,0.0,0.0,0.101547,0.151439,0.0,0.399247,0.0,0.0,0.0602,0.005214,0.27882,0.431158,0.003069,0.0,0.0,0.0,0.310174,0.395396,0.339139,0.330304,0.0,1e-06,0.0,0.398542,0.0,0.0,0.325811,0.088345,0.0,0.007342,0.073546,0.17258,0.01597,0.09441,0.0,0.0,0.0,0.112909,0.0,0.165376,0.0,0.0,0.090725,0.0,0.072367,0.0,0.001109,0.343296,0.006583,0.308668,0.370973,0.006404,0.0,0.0,0.358259,0.117965,0.0,0.087446,0.053235,0.184379,0.089205,0.0,0.0,0.427455,0.272767,0.0,0.0,0.0,0.012906,0.289144,0.0,0.0,0.0,0.0,0.0,0.281759,0.338164,0.007585,0.0,0.0,0.0,0.018869,0.35994,0.346901,0.0,0.016451,0.0,0.007555,0.0,0.0,0.0,0.0,0.014099,0.0,0.408967,0.0,0.12192,0.0,0.323828,0.340902,0.0,0.376717,0.382549,0.007959,0.0,0.0,0.195139,0.085783,0.439192,0.0,0.095802,0.277814,0.404709,0.0,0.0,0.0,0.0,0.0,0.0,0.413724,0.0,0.0,0.0,0.0878,0.005893,0.0,0.0,0.173619,0.0,0.368584,0.0,0.006514,0.0,0.073631,0.365643,0.0,0.0,1.054564,0.0,0.0,0.312504,0.097465,0.363678,0.159103,0.0,0.003222,0.275171,0.327681,0.004812,0.0,0.026068,0.0,0.0,0.0,0.501826,0.267953,0.024062,0.0,0.0,0.0,0.506384,0.321333,0.0,0.043909,0.0,0.233457,0.0,0.331975,0.0,0.084411,0.0,0.0,0.0,0.0,0.0,0.0,0.066467,0.0,0.396048,0.413437,0.218496,0.0,0.0,0.0,0.0056,0.0,0.0,0.0,0.242053,0.0,0.0,0.045378,0.379879,0.310556,0.170142,0.421778,0.35822,0.0,0.0,0.0,0.0,0.0,0.0,0.0,0.205781,0.0,0.078058,0.300996,0.381986,0.058066,0.344047,0.47543,0.135391,0.0,0.0,0.0,0.0,0.358138,0.0,0.0,0.17117,0.004265,0.0,0.0,0.003813,0.343697,0.0,0.0,0.126808,0.008159,0.120774,0.009033,0.0,0.359237,0.0,0.0,0.355087,0.006545,0.0,0.0
TCGA-64-1680,0.0,0.0,0.0,0.0,0.0,0.026557,0.474674,0.040476,0.350891,0.0,0.029481,0.0,0.0,0.0,0.0,0.03516,0.0,0.217031,0.0,0.0,0.355583,0.0,0.0,0.0,0.0,0.0,0.0,0.0,0.37273,0.026314,0.0,0.0,0.027397,1.104566,0.0,0.393368,0.331902,0.0,0.0,0.0,0.0,0.47839,0.0,0.052617,0.0,0.407894,0.26722,0.0,0.0,0.487575,0.0,0.255138,0.0,1.316123,0.0,0.557537,0.043374,0.540092,0.012921,0.067803,0.00087,0.0,0.4523,0.000522,0.000306,0.49038,0.0,0.0006,0.55567,0.0,0.321205,0.0,0.407811,0.039836,0.0,0.0,0.0,0.0,0.188485,0.0,0.0,0.972232,0.012142,0.0,0.0,0.001201,0.349895,0.471563,0.007056,0.00654,0.019907,0.023293,0.281211,0.0,0.728283,0.0,0.0,0.0,0.0,0.034641,0.0,0.0,0.121638,0.058502,0.048868,0.0,0.329516,0.383876,0.014089,0.449489,0.000527,0.0,0.335626,0.0,0.0,0.664113,0.0,0.510478,0.0,0.0,0.587542,0.110306,0.0,0.0,0.0,0.0,0.453396,0.400461,0.048133,0.0,0.0,0.029065,0.0,0.422458,0.248679,0.038185,0.535685,0.063621,0.00032,0.0,0.426912,0.001526,0.421939,0.395362,0.0,0.0,0.0,0.38484,0.0,0.0,0.043414,0.336069,0.467756,0.432391,0.0,0.025781,0.000401,0.000261,0.024634,0.0,0.615279,0.0,0.0,0.033488,0.254037,0.385634,0.0,0.0,0.0,0.462028,0.0,0.451334,0.0,0.0,0.0,0.0,0.0,0.0,0.023048,0.930061,0.0,0.0,0.0,0.0,0.0,0.029447,0.45932,0.023347,0.0,0.0,0.0,0.0,0.508299,0.0,0.385042,0.403134,0.001075,0.257791,0.356699,0.0,0.045946,0.0,2.649226,0.00029,0.0,0.0,0.432727,1.534286,0.0,0.0,0.0,0.0,0.0,0.0,0.0,0.195069,0.0,1.089971,0.0,0.0,0.0,0.052621,0.0,0.051569,0.033196,0.0,0.0,0.0,0.0,0.0,0.616825,0.0,0.0,0.016464,0.0,0.000694,0.031251,0.02049,0.024882,0.0,0.309624,0.0,0.0,0.0,0.0,0.506824,0.095281,0.0,0.01793,0.002957,0.489294,0.0,0.054061,0.001084,1.729572,0.353923,0.0,0.077401,0.0,0.198889,0.0,0.006713,0.0,0.0,0.0,0.0,0.0,0.0,0.01996,0.018008,0.0,0.052594,0.0,0.0,0.524712,0.134898,0.0,0.037137,0.0,0.0,0.471983,0.37013,0.019988,0.069214,0.390455,0.0,0.0,0.0,0.027849,0.037883,0.030059,0.133397,0.0,0.0,0.0,0.054376,0.0,0.0,0.019107,0.514367,0.0,0.341241,0.465927,0.259375,0.190133,0.343431,0.0,0.0,0.0,0.000379,0.0,0.404969,0.0,0.0,0.562161,0.0,0.522005,0.0,3e-06,0.084525,0.404256,0.02807,0.07029,0.474517,0.0,0.0,0.046594,0.000359,0.0,0.433306,0.424768,0.035263,0.600634,0.0,0.0,0.049401,0.017842,0.0,0.0,0.0,0.49536,0.062824,0.0,0.0,0.0,0.0,0.0,0.005757,0.051567,0.435592,0.0,0.0,0.0,0.30113,0.027252,0.03568,0.0,0.45461,0.0,0.332287,0.0,0.0,0.0,0.0,0.490871,0.0,0.060118,0.0,0.505529,0.0,0.012612,0.17766,0.0,0.041922,0.037422,0.434749,0.0,0.0,0.000207,0.535765,0.062849,0.0,0.477815,0.012,0.049697,1.7e-05,0.0,0.0,0.0,0.0,0.0,0.03406,0.0,0.0,0.0,0.457918,0.386608,0.0,0.0,0.000501,0.0,0.054875,0.0,0.531083,0.0,0.471075,0.032271,0.0,0.0,1.813582,0.0,0.0,0.027363,0.511035,0.03662,0.726254,0.0,0.37376,0.051033,0.016712,0.361173,0.0,0.121484,0.0,0.0,0.0,0.103361,0.018007,0.38827,0.0,0.0,0.0,0.145645,0.988102,0.0,0.584695,0.0,0.196712,0.0,0.049096,0.0,0.733153,0.0,0.0,0.0,0.0,0.0,0.0,0.437326,0.0,0.04167,0.158595,0.00053,0.0,0.0,0.0,0.256548,0.0,0.0,0.0,0.115796,0.0,0.0,0.366511,1.012461,0.044906,0.228926,1.075757,0.047873,0.0,0.0,0.0,0.0,0.0,0.0,0.0,0.041281,0.0,0.477982,0.020081,0.028352,0.493248,0.027948,0.995222,0.244347,0.0,0.0,0.0,0.0,0.045393,0.0,0.0,0.000165,0.415315,0.0,0.0,0.397015,0.043782,0.0,0.0,0.256906,0.360897,0.000382,0.43173,0.0,0.147088,0.0,0.0,0.032935,0.397771,0.0,0.0
TCGA-69-7760,0.0,0.0,0.0,0.0,0.0,0.075369,0.390277,0.09866,0.274962,0.0,0.075256,0.0,0.0,0.0,0.0,0.100627,0.0,0.120588,0.0,0.0,0.26753,0.0,0.0,0.0,0.0,0.0,0.0,0.0,0.239116,0.07537,0.0,0.0,0.0839,0.90755,0.0,0.322248,0.247036,0.0,0.0,0.0,0.0,0.385879,0.0,0.109704,0.0,0.293787,0.194975,0.0,0.0,0.397662,0.0,0.16703,0.0,1.167118,0.0,0.423723,0.088062,0.450852,0.039944,0.117139,0.002267,0.0,0.372435,0.001773,0.001717,0.39501,0.0,0.001217,0.456888,0.0,0.238152,0.0,0.294516,0.073082,0.0,0.0,0.0,0.0,0.155392,0.0,0.0,0.801615,0.040414,0.0,0.0,0.002601,0.252404,0.341843,0.021967,0.014572,0.038145,0.071566,0.240034,0.0,0.59058,0.0,0.0,0.0,0.0,0.070027,0.0,0.0,0.205977,0.13201,0.110733,0.0,0.298951,0.346174,0.054778,0.385744,0.00108,0.0,0.244535,0.0,0.0,0.558633,0.0,0.432606,0.0,0.0,0.461279,0.162292,0.0,0.0,0.0,4e-06,0.394841,0.387196,0.116166,0.0,0.0,0.086052,0.0,0.315494,0.280163,0.081576,0.424181,0.069192,0.001266,0.0,0.313691,0.001912,0.353342,0.284895,0.0,0.0,0.0,0.283246,0.0,0.0,0.091733,0.244661,0.351202,0.36727,0.0,0.059701,0.001438,0.00057,0.071529,0.0,0.48375,0.0,0.0,0.090536,0.228037,0.288724,0.0,0.0,0.0,0.301607,0.0,0.366217,0.0,0.0,0.0,0.0,0.0,0.0,0.069298,0.771493,0.0,0.0,0.0,0.0,0.0,0.070557,0.31821,0.067152,0.0,0.0,0.0,0.0,0.405752,0.0,0.28571,0.300461,0.005462,0.189188,0.280933,0.0,0.092733,0.0,2.37894,0.001082,0.0,0.0,0.352825,1.333762,0.0,2e-06,0.0,0.0,0.0,0.0,2e-06,0.105627,0.0,0.894667,0.0,0.0,0.0,0.113149,0.0,0.099752,0.069245,0.0,0.0,0.0,0.0,0.0,0.499674,0.0,0.0,0.037824,0.0,0.002303,0.081846,0.052421,0.068599,0.0,0.219802,0.0,0.0,0.0,0.0,0.410173,0.129389,0.0,0.049479,0.008052,0.348957,0.0,0.087818,0.002987,1.487056,0.300913,0.0,0.107462,0.0,0.234361,0.0,0.019563,0.0,0.0,0.0,0.0,0.0,0.0,0.062829,0.046353,0.0,0.108101,0.0,0.0,0.416958,0.067825,0.0,0.10319,0.0,0.0,0.390345,0.277573,0.041656,0.132671,0.283261,0.0,0.0,0.0,0.059053,0.081528,0.066008,0.141809,0.0,0.0,0.0,0.111685,0.0,0.0,0.049846,0.427257,0.0,0.2447,0.389023,0.171922,0.125794,0.27141,0.0,0.0,0.0,0.00041,0.0,0.317072,0.0,0.0,0.453149,0.0,0.419241,0.0,1e-06,0.11153,0.30584,0.065999,0.110189,0.312787,0.0,0.0,0.091439,0.000576,0.0,0.376506,0.350674,0.094454,0.472122,0.0,0.0,0.115556,0.042206,0.0,0.0,0.0,0.355072,0.079249,1e-06,0.0,0.0,0.0,0.0,0.01698,0.092994,0.316858,0.0,0.0,0.0,0.245721,0.076533,0.09174,0.0,0.354588,0.0,0.251391,0.0,0.0,0.0,0.0,0.369402,0.0,0.120173,0.0,0.385851,0.0,0.041416,0.206851,0.0,0.086064,0.096732,0.293461,0.0,0.0,0.000457,0.429461,0.131996,0.0,0.411781,0.036455,0.100119,2.4e-05,0.0,0.0,0.0,0.0,0.0,0.101107,0.0,0.0,0.0,0.39121,0.296196,0.0,0.0,0.001358,0.0,0.113137,0.0,0.376208,0.0,0.389598,0.083002,0.0,0.0,1.623015,0.0,0.0,0.062792,0.427307,0.081823,0.577738,0.0,0.276628,0.07432,0.038861,0.270411,0.0,0.084195,0.0,0.0,0.0,0.199599,0.042716,0.315523,0.0,0.0,0.0,0.197661,0.804462,0.0,0.456995,0.0,0.123356,0.0,0.085044,0.0,0.557598,0.0,0.0,0.0,0.0,0.0,0.0,0.366883,0.0,0.083388,0.18279,0.002212,0.0,0.0,0.0,0.131822,0.0,0.0,0.0,0.142999,0.0,0.0,0.31472,0.85814,0.081047,0.276385,0.90316,0.104953,0.0,0.0,0.0,0.0,0.0,0.0,0.0,0.062855,0.0,0.408316,0.045216,0.085593,0.385001,0.080365,0.841812,0.177325,0.0,0.0,0.0,0.0,0.101676,0.0,0.0,0.00078,0.293617,0.0,0.0,0.289329,0.073394,0.0,0.0,0.185764,0.275213,0.001589,0.32682,0.0,0.155436,0.0,0.0,0.092211,0.289308,0.0,0.0
TCGA-69-8453,0.0,0.0,0.0,0.0,0.0,0.136982,0.315073,0.17912,0.194004,0.0,0.127469,0.0,0.0,0.0,0.0,0.152442,0.0,0.140127,0.0,0.0,0.183305,0.0,0.0,0.0,0.0,0.0,0.0,0.0,0.175488,0.133456,0.0,0.0,0.13739,0.783331,0.0,0.239725,0.16807,0.0,0.0,0.0,0.0,0.286245,0.0,0.170498,0.0,0.204082,0.20145,0.0,0.0,0.318081,0.0,0.156568,0.0,1.03933,0.0,0.294001,0.152934,0.331986,0.08864,0.173232,0.022227,0.0,0.299894,0.019984,0.015943,0.300538,0.0,0.016761,0.391767,0.0,0.160845,0.0,0.190737,0.14392,0.0,0.0,0.0,0.0,0.094981,0.0,0.0,0.680467,0.094769,0.0,0.0,0.02909,0.170623,0.232126,0.075565,0.051549,0.101282,0.143718,0.221903,0.0,0.4681,0.0,0.0,0.0,0.0,0.154459,0.0,0.0,0.227989,0.1908,0.194328,0.0,0.220886,0.334646,0.123929,0.287231,0.01444,0.0,0.155206,0.0,0.0,0.443724,0.0,0.34517,0.0,0.0,0.35716,0.233271,0.0,0.0,0.0,0.0,0.297761,0.369342,0.179906,0.0,0.0,0.157929,0.0,0.222704,0.250017,0.15515,0.32837,0.057535,0.008786,0.0,0.216318,0.033204,0.265283,0.196417,0.0,0.0,0.0,0.18583,0.0,0.0,0.15131,0.17316,0.240809,0.281549,0.0,0.092753,0.01956,0.007531,0.12602,0.0,0.365442,0.0,0.0,0.161079,0.139652,0.200292,0.0,0.0,0.0,0.203586,0.0,0.299878,0.0,0.0,0.0,0.0,0.0,0.0,0.112592,0.646975,0.0,0.0,0.0,0.0,0.0,0.120833,0.228833,0.128229,0.0,0.0,0.0,0.0,0.31444,0.0,0.201808,0.211254,0.0328,0.174803,0.178972,0.0,0.172147,0.0,2.176249,0.011162,0.0,0.0,0.270578,1.198013,0.0,0.0,0.0,0.0,0.0,0.0,0.0,0.143289,0.0,0.762929,0.0,0.0,0.0,0.188391,1e-06,0.159798,0.129747,0.0,0.0,0.0,0.0,0.0,0.409282,0.0,0.0,0.088343,0.0,0.019727,0.165329,0.122595,0.143359,0.0,0.140894,0.0,0.0,0.0,0.0,0.302573,0.166679,0.0,0.110909,0.039233,0.245079,0.0,0.139538,0.026828,1.305721,0.259464,0.0,0.16204,0.0,0.287142,0.0,0.061325,0.0,0.0,0.0,0.0,0.0,0.0,0.118056,0.101052,0.0,0.178291,0.0,0.0,0.316549,0.071521,0.0,0.160914,0.0,0.0,0.305121,0.188809,0.103151,0.182097,0.179825,0.0,0.0,0.0,0.105931,0.167342,0.130177,0.178225,0.0,0.0,0.0,0.172111,0.0,0.0,0.122123,0.325688,0.0,0.175568,0.306672,0.168276,0.105765,0.216436,0.0,0.0,0.0,0.011171,0.0,0.286716,0.0,0.0,0.349164,0.0,0.33493,0.0,4e-05,0.156656,0.203552,0.127103,0.171509,0.208507,0.0,0.0,0.146549,0.011427,0.0,0.288317,0.26852,0.095886,0.366706,0.0,0.0,0.191951,0.10119,0.0,0.0,0.0,0.258707,0.137592,0.0,0.0,0.0,0.0,0.0,0.065372,0.155167,0.217425,0.0,0.0,0.0,0.184073,0.146253,0.147297,0.0,0.257817,0.0,0.181916,0.0,0.0,0.0,0.0,0.265879,0.0,0.177189,0.0,0.332504,0.0,0.106304,0.217496,0.0,0.16062,0.157755,0.208081,0.0,0.0,0.010866,0.339439,0.192596,0.0,0.31374,0.091975,0.174938,1.1e-05,0.0,0.0,0.0,0.0,0.0,0.175834,0.0,0.0,0.0,0.293054,0.207597,0.0,0.0,0.01551,0.0,0.156077,0.0,0.248281,0.0,0.30633,0.156288,0.0,0.0,1.468762,0.0,0.0,0.123598,0.331291,0.149185,0.461156,0.0,0.182255,0.120826,0.112882,0.176875,0.0,0.08758,0.0,0.0,0.0,0.23209,0.09801,0.23097,0.0,0.0,0.0,0.252919,0.684929,0.0,0.341041,0.0,0.154075,0.0,0.147546,0.0,0.435344,0.0,0.0,0.0,0.0,0.0,0.0,0.281551,0.0,0.160963,0.218038,0.017741,0.0,0.0,0.0,0.09528,0.0,0.0,0.0,0.146826,0.0,0.0,0.239908,0.73306,0.123367,0.223807,0.777984,0.155424,0.0,0.0,0.0,0.0,0.0,0.0,0.0,0.093853,0.0,0.295294,0.110041,0.144078,0.304493,0.138787,0.75315,0.161179,0.0,0.0,0.0,0.0,0.14765,0.0,0.0,0.010777,0.202727,0.0,0.0,0.176933,0.140665,0.0,0.0,0.174986,0.190359,0.016774,0.232797,0.0,0.194348,0.0,0.0,0.147168,0.197372,0.0,0.0
TCGA-69-A59K,0.0,0.0,0.0,0.0,0.0,0.104964,0.332268,0.133827,0.234182,0.0,0.08908,0.0,0.0,0.0,0.0,0.11244,0.0,0.134373,0.0,0.0,0.224868,0.0,0.0,0.0,0.0,0.0,0.0,0.0,0.199165,0.099309,0.0,0.0,0.095465,0.82091,0.0,0.266531,0.20774,0.0,0.0,0.0,0.0,0.319854,0.0,0.113714,0.0,0.235387,0.158599,0.0,0.0,0.344183,0.0,0.133284,0.0,1.028747,0.0,0.339696,0.118217,0.3505,0.056569,0.124928,0.016077,0.0,0.33389,0.01338,0.013237,0.314024,0.0,0.007592,0.441215,0.0,0.194143,0.0,0.230942,0.114631,0.0,0.0,0.0,0.0,0.118786,0.0,0.0,0.710958,0.071369,0.0,0.0,0.019735,0.203471,0.28244,0.052251,0.032021,0.08455,0.104573,0.198016,0.0,0.500068,0.0,0.0,0.0,0.0,0.118721,0.0,0.0,0.158487,0.141354,0.149087,0.0,0.24146,0.367934,0.099785,0.306735,0.010484,0.0,0.196159,0.0,0.0,0.451993,0.0,0.394166,0.0,0.0,0.399445,0.162052,0.0,0.0,0.0,0.0,0.312967,0.408825,0.133829,0.0,0.0,0.127711,0.0,0.266374,0.276511,0.114859,0.361503,0.056175,0.012236,0.0,0.253426,0.024995,0.281837,0.236234,0.0,0.0,0.0,0.226734,0.0,0.0,0.10718,0.213771,0.281953,0.301611,0.0,0.065081,0.012533,0.004993,0.096435,0.0,0.399557,0.0,0.0,0.124627,0.175461,0.240866,0.0,0.0,0.0,0.253944,0.0,0.332791,0.0,0.0,0.0,0.0,0.0,0.0,0.078418,0.682403,0.0,0.0,0.0,0.0,0.0,0.081436,0.259799,0.09613,0.0,0.0,0.0,0.0,0.347453,0.0,0.241529,0.251838,0.024314,0.140844,0.219791,0.0,0.128647,0.0,2.181558,0.009412,0.0,0.0,0.286846,1.215364,0.0,0.0,0.0,0.0,0.0,0.0,0.0,0.140886,0.0,0.800162,0.0,0.0,0.0,0.144304,0.0,0.132058,0.097852,0.0,0.0,0.0,0.0,0.0,0.417075,0.0,0.0,0.072951,0.0,0.017182,0.121673,0.100198,0.112635,0.0,0.18179,0.0,0.0,0.0,0.0,0.321665,0.182583,0.0,0.086535,0.023941,0.293666,0.0,0.116398,0.035619,1.358813,0.235514,0.0,0.118456,0.0,0.203533,0.0,0.041093,0.0,0.0,0.0,0.0,0.0,5.5e-05,0.082779,0.071802,0.0,0.137075,0.0,0.0,0.336719,0.080316,0.0,0.108615,0.0,0.0,0.334314,0.230815,0.071398,0.138661,0.217354,0.0,0.0,0.0,0.083498,0.130447,0.099886,0.124734,0.0,0.0,0.0,0.136528,0.0,0.0,0.09693,0.350218,0.0,0.213508,0.327588,0.147574,0.144973,0.202899,0.0,0.0,0.0,0.005274,0.0,0.266494,0.0,0.0,0.371389,0.0,0.366068,0.0,9.7e-05,0.121143,0.249295,0.094754,0.128228,0.246929,0.0,0.0,0.118788,0.006913,0.0,0.308343,0.303174,0.087611,0.38982,0.0,0.0,0.13577,0.074749,0.0,0.0,0.0,0.303696,0.109272,0.0,0.0,0.0,0.0,0.0,0.044473,0.112491,0.26272,0.0,0.0,0.0,0.20544,0.109318,0.100197,0.0,0.297758,0.0,0.213303,0.0,1e-06,0.0,0.0,0.307334,0.0,0.138549,0.0,0.334454,0.0,0.076945,0.239411,0.0,0.124544,0.121864,0.233296,0.0,0.0,0.008471,0.355956,0.139878,0.0,0.332271,0.076955,0.129385,0.00021,0.0,0.0,0.0,0.0,0.0,0.13927,0.0,0.0,0.0,0.314126,0.246175,0.0,0.0,0.009105,0.0,0.115773,0.0,0.298402,1e-06,0.329952,0.118574,0.0,0.0,1.472968,0.0,0.0,0.100163,0.347451,0.116427,0.502118,0.0,0.227153,0.13783,0.079049,0.211245,0.0,0.105479,0.0,0.0,0.0,0.154454,0.072466,0.255366,0.0,0.0,0.0,0.186283,0.735963,0.0,0.383676,0.0,0.137469,0.0,0.110633,0.0,0.481715,0.0,0.0,0.0,0.0,0.0,0.0,0.293418,0.0,0.13349,0.16073,0.018266,0.0,0.0,0.0,0.108416,0.0,0.0,0.0,0.169434,0.0,0.0,0.251487,0.752521,0.093095,0.159443,0.802827,0.107386,0.0,0.0,0.0,0.0,0.0,0.0,0.0,0.115203,0.0,0.330053,0.079347,0.107958,0.341379,0.102252,0.75306,0.120001,0.0,0.0,0.0,0.0,0.109894,0.0,0.0,0.009004,0.248438,0.0,0.0,0.224385,0.121284,0.0,0.0,0.13163,0.233831,0.016686,0.269953,0.0,0.146661,0.0,0.0,0.100453,0.240659,0.0,0.0
TCGA-70-6722,1e-06,0.0,0.0,0.0,0.0,0.197815,0.233297,0.23959,0.101168,0.0,0.199752,0.0,0.0,0.0,0.0,0.196566,0.0,0.152286,0.0,0.0,0.101055,0.0,0.0,0.0,0.0,0.0,0.0,0.0,0.096749,0.183606,0.0,0.0,0.18609,0.674115,0.0,0.164927,0.08931,0.0,0.0,0.0,0.0,0.211477,0.0,0.226402,0.0,0.10924,0.251205,0.0,0.0,0.237811,0.0,0.219617,0.0,0.964686,0.0,0.188926,0.206404,0.243085,0.125103,0.240208,0.048834,0.0,0.217668,0.029494,0.026798,0.24113,0.0,0.024553,0.224696,0.0,0.075821,0.0,0.101288,0.193992,0.0,0.0,0.0,0.0,0.043449,0.0,0.0,0.571838,0.135788,0.0,0.0,0.067808,0.091903,0.138973,0.117659,0.087623,0.149788,0.203964,0.21825,0.0,0.379346,0.0,0.0,0.0,0.0,0.201905,0.0,0.0,0.33798,0.243517,0.264277,0.0,0.156836,0.229541,0.159578,0.217679,0.027086,0.0,0.081351,0.0,0.0,0.361998,0.0,0.215741,0.0,0.0,0.271013,0.297883,0.0,0.0,0.0,0.0,0.227514,0.285122,0.246152,0.0,0.0,0.213397,0.0,0.139006,0.171897,0.205586,0.247613,0.060725,0.012237,0.0,0.127322,0.054577,0.20515,0.119311,0.0,0.0,0.0,0.095999,0.0,0.0,0.199273,0.078558,0.138606,0.226864,0.0,0.148232,0.033024,0.019941,0.160323,0.0,0.256777,0.0,0.0,0.202533,0.08175,0.110071,0.0,0.0,0.0,0.098156,0.0,0.218853,0.0,0.0,0.0,0.0,0.0,0.0,0.162806,0.554238,0.0,0.0,0.0,0.0,0.0,0.179938,0.125492,0.171861,0.0,0.0,0.0,0.0,0.223474,0.0,0.118178,0.1196,0.046134,0.182185,0.092649,0.0,0.232419,0.0,2.020387,0.019497,0.0,0.0,0.200819,1.083872,0.0,0.0,0.0,4e-06,0.0,0.0,6e-06,0.186513,0.0,0.657749,0.0,0.0,0.0,0.22725,0.0,0.202799,0.166445,0.0,0.0,0.0,0.0,0.0,0.353066,0.0,0.0,0.146045,0.0,0.041741,0.221029,0.170452,0.177465,0.0,0.074499,0.0,0.0,0.0,0.0,0.23317,0.152701,0.0,0.150016,0.074851,0.150453,0.0,0.191309,0.030076,1.170698,0.242122,0.0,0.22528,0.0,0.398864,0.0,0.09665,0.0,0.0,0.0,0.0,0.0,0.0,0.152876,0.141081,0.0,0.231027,0.0,0.0,0.238768,0.091277,0.0,0.214302,0.0,0.0,0.222834,0.094073,0.154461,0.251941,0.09962,0.0,0.0,0.0,0.172691,0.231656,0.186264,0.274834,0.0,0.0,0.0,0.251412,0.0,0.0,0.169688,0.253492,0.0,0.100935,0.236818,0.218738,0.072363,0.211283,0.0,0.0,0.0,0.02011,0.0,0.285808,0.0,0.0,0.270286,1e-06,0.246561,0.0,0.000822,0.226946,0.106864,0.169015,0.238081,0.104703,0.0,0.0,0.214837,0.030411,0.0,0.214176,0.199211,0.035382,0.286426,0.0,0.0,0.232011,0.153712,0.0,0.0,0.0,0.138438,0.191225,0.0,0.0,0.0,0.0,0.0,0.107591,0.205471,0.124963,0.0,0.0,0.0,0.116601,0.190205,0.208616,0.0,0.170209,0.0,0.104168,0.0,0.0,0.0,0.0,0.17539,0.0,0.24166,0.0,0.268305,0.0,0.14882,0.182879,0.0,0.232223,0.204268,0.118779,0.0,0.0,0.008665,0.25935,0.265336,0.0,0.256147,0.146585,0.225467,1e-06,0.0,0.0,0.0,0.0,0.0,0.218205,0.0,0.0,0.0,0.243572,0.117417,0.0,0.0,0.028004,0.0,0.241411,0.0,0.130382,0.0,0.217378,0.202953,0.0,0.0,1.366815,0.0,0.0,0.160388,0.260408,0.199832,0.372172,0.0,0.097895,0.117102,0.151579,0.094786,0.0,0.061446,0.0,0.0,0.0,0.321107,0.157227,0.157405,0.0,0.0,0.0,0.340151,0.5734,0.0,0.267129,0.0,0.201038,0.0,0.201639,0.0,0.340814,0.0,0.0,0.0,0.0,0.0,0.0,0.220576,0.0,0.199503,0.320067,0.036791,0.0,0.0,0.0,0.054403,0.0,0.0,0.0,0.109756,0.0,0.0,0.154761,0.62227,0.19627,0.28823,0.682976,0.218504,0.0,0.0,0.0,0.0,0.0,0.0,0.0,0.093407,0.0,0.238916,0.163677,0.183575,0.219307,0.187536,0.68934,0.224252,0.0,0.0,0.0,0.0,0.205561,0.0,0.0,0.007036,0.116426,0.0,0.0,0.0915,0.198108,0.0,0.0,0.227751,0.120661,0.026174,0.132619,0.0,0.278382,0.0,0.0,0.200236,0.106169,0.0,0.0
TCGA-70-6723,0.0,0.0,0.0,0.0,0.0,0.261444,0.15005,0.297775,0.048285,0.0,0.254881,0.0,0.0,0.0,0.0,0.311373,0.0,0.065228,0.0,0.0,0.029417,0.0,0.0,0.0,0.0,0.0,0.0,0.0,0.008163,0.261707,0.0,0.0,0.261297,0.461592,0.0,0.097356,0.029308,0.0,0.0,0.0,0.0,0.134675,0.0,0.291876,0.0,0.014756,0.126189,0.0,0.0,0.16378,0.0,0.096613,0.0,0.782217,0.0,0.065367,0.244611,0.175249,0.199642,0.268452,0.110751,0.0,0.130387,0.085273,0.110013,0.133582,0.0,0.065245,0.197271,0.0,0.011771,0.0,0.020746,0.23427,0.0,0.0,0.0,0.0,0.012548,0.0,0.0,0.391574,0.196824,0.0,0.0,0.098907,0.017111,0.030581,0.176552,0.112977,0.169241,0.280912,0.142801,0.0,0.239023,0.0,0.0,0.0,0.0,0.223569,0.0,0.0,0.399529,0.356157,0.339863,0.0,0.13297,0.263589,0.265206,0.146977,0.053912,0.0,0.013139,0.0,0.0,0.220914,0.0,0.200596,0.0,0.0,0.136494,0.338588,0.0,0.0,0.0,0.0,0.16715,0.330966,0.331916,0.0,0.0,0.303265,0.0,0.059525,0.28372,0.252066,0.139254,0.051267,0.079776,0.0,0.035856,0.066126,0.146543,0.028428,0.0,0.0,0.0,0.020645,0.0,0.0,0.253329,0.016639,0.036362,0.158686,0.0,0.180197,0.102934,0.046212,0.240009,0.0,0.128841,0.0,0.0,0.275727,0.06686,0.027952,0.0,0.0,0.0,0.009591,0.0,0.120045,0.0,0.0,0.0,0.0,0.0,0.0,0.228878,0.367948,0.0,0.0,0.0,0.0,0.0,0.234923,0.014109,0.250514,0.0,0.0,0.0,0.0,0.124525,0.0,0.038872,0.028993,0.115486,0.073127,0.029564,0.0,0.26011,0.0,1.656944,0.077082,0.0,0.0,0.130715,0.794081,0.0,0.0,0.0,0.0,0.0,0.0,0.0,0.070661,0.0,0.452272,0.0,0.0,0.0,0.308545,0.0,0.264303,0.239443,0.0,0.0,0.0,0.0,0.0,0.18049,0.0,0.0,0.181315,0.0,0.107295,0.282929,0.211683,0.246248,0.0,0.011816,0.0,0.0,0.0,0.0,0.149029,0.242882,0.0,0.200665,0.114974,0.033073,0.0,0.242027,0.103058,0.892801,0.140578,0.0,0.238408,0.0,0.354645,0.0,0.134697,0.0,0.0,0.0,0.0,0.0,0.0,0.229211,0.18622,0.0,0.27765,0.0,0.0,0.144609,0.031262,0.0,0.306258,0.0,0.0,0.140468,0.020984,0.186707,0.314449,0.017271,0.0,0.0,0.0,0.217366,0.269421,0.234107,0.242206,0.0,0.0,0.0,0.318141,0.0,0.0,0.216683,0.167277,0.0,0.017976,0.148833,0.107602,0.027602,0.107136,0.0,0.0,0.0,0.03561,0.0,0.141967,0.0,0.0,0.156481,0.0,0.144588,0.0,9.5e-05,0.226945,0.028303,0.224178,0.25633,0.009257,0.0,0.0,0.262219,0.046633,0.0,0.157327,0.127063,0.166877,0.157284,0.0,0.0,0.315842,0.176227,0.0,0.0,0.0,0.026619,0.194446,0.0,0.0,0.0,0.0,0.0,0.167035,0.239419,0.027021,0.0,0.0,0.0,0.074567,0.247291,0.268094,0.0,0.065835,0.0,0.025724,0.0,0.0,0.0,0.0,0.05138,0.0,0.309714,0.0,0.120118,0.0,0.222878,0.289157,0.0,0.272584,0.279177,0.01365,0.0,0.0,0.069598,0.159833,0.336528,0.0,0.183374,0.201944,0.284323,1e-06,0.0,0.0,0.0,0.0,0.0,0.307499,0.0,0.0,0.0,0.165191,0.027133,0.0,0.0,0.073723,0.0,0.276673,0.0,0.018586,0.0,0.14943,0.257933,0.0,0.0,1.109843,0.0,0.0,0.214683,0.17587,0.256112,0.224271,0.0,0.018365,0.186138,0.20458,0.025073,0.0,0.035613,0.0,0.0,0.0,0.413454,0.180013,0.077985,0.0,0.0,0.0,0.367823,0.388015,0.0,0.120558,0.0,0.105757,0.0,0.23068,0.0,0.156301,0.0,0.0,0.0,0.0,0.0,0.0,0.153092,0.0,0.271986,0.309568,0.120532,0.0,0.0,0.0,0.003854,0.0,0.0,0.0,0.198332,0.0,0.0,0.121112,0.437736,0.227166,0.253731,0.482932,0.269747,0.0,0.0,0.0,0.0,0.0,0.0,0.0,0.147558,0.0,0.171384,0.201362,0.287005,0.137081,0.255837,0.492157,0.120172,0.0,0.0,0.0,0.0,0.269488,0.0,0.0,0.066446,0.02152,0.0,0.0,0.01287,0.241997,0.0,0.0,0.105325,0.042925,0.054201,0.035136,0.0,0.253241,0.0,0.0,0.284387,0.020152,0.0,0.0
TCGA-71-8520,0.0,0.0,0.0,0.0,0.0,0.090271,0.36831,0.121545,0.230779,0.0,0.08704,0.0,0.0,0.0,0.0,0.093209,0.0,0.153353,0.0,0.0,0.246508,0.0,0.0,0.0,0.0,0.0,0.0,0.0,0.230663,0.075209,0.0,0.0,0.075951,0.873699,0.0,0.285151,0.219162,1e-06,0.0,0.0,0.0,0.345935,0.0,0.110025,0.0,0.259402,0.206739,0.0,0.0,0.373978,0.0,0.191713,0.0,1.09907,0.0,0.374408,0.102147,0.380744,0.049155,0.119444,0.01418,0.0,0.353225,0.008983,0.007404,0.355456,0.0,0.007769,0.421361,0.0,0.206382,0.0,0.25368,0.105991,0.0,0.0,0.0,0.0,0.125622,0.0,0.0,0.764119,0.051257,0.0,0.0,0.018128,0.236835,0.313027,0.039869,0.032917,0.070968,0.088624,0.224838,0.0,0.530279,0.0,0.0,0.0,0.0,0.110117,0.0,0.0,0.175239,0.115991,0.129995,0.0,0.260708,0.33135,0.066141,0.327451,0.00909,0.0,0.21869,0.0,0.0,0.492303,0.0,0.373498,0.0,0.0,0.438521,0.170698,0.0,0.0,0.0,0.0,0.331139,0.376015,0.121197,0.0,0.0,0.100858,0.0,0.280473,0.245882,0.096038,0.386303,0.060005,0.005226,0.0,0.273728,0.014085,0.303249,0.255223,0.0,0.0,0.0,0.239636,0.0,0.0,0.10149,0.223408,0.305651,0.326439,0.0,0.067259,0.011305,0.006961,0.067832,0.0,0.435049,0.0,0.0,0.10641,0.188523,0.260544,0.0,0.0,0.0,0.278805,0.0,0.346508,0.0,0.0,0.0,0.0,0.0,0.0,0.064089,0.735739,0.0,0.0,0.0,0.0,0.0,0.080902,0.289966,0.072077,0.0,0.0,0.0,0.0,0.372327,4e-05,0.258825,0.279289,0.012756,0.183759,0.233703,0.0,0.124569,0.0,2.2879,0.005702,0.0,0.0,0.303685,1.285168,0.0,1e-05,0.0,1e-06,0.0,0.0,0.0,0.17049,0.0,0.853496,0.0,0.0,0.0,0.11934,0.0,0.123186,0.081279,0.0,0.0,0.0,0.0,0.0,0.47646,0.0,0.0,0.064117,0.0,0.012799,0.105202,0.089208,0.081707,0.0,0.202424,0.0,0.0,0.0,0.0,0.348453,0.142658,0.0,0.069557,0.023043,0.31696,0.0,0.099967,0.016388,1.428702,0.265041,0.0,0.123792,0.0,0.242509,0.0,0.033616,0.0,0.0,0.0,0.0,0.0,0.0,0.060627,0.057127,0.0,0.122384,0.0,0.0,0.370023,0.108049,0.0,0.094949,0.0,0.0,0.358297,0.242838,0.061952,0.137657,0.248806,0.0,0.0,0.0,0.086521,0.117844,0.089114,0.153539,0.0,4e-06,0.0,0.132184,0.0,0.0,0.079716,0.380857,0.0,0.239791,0.343749,0.196679,0.14757,0.244055,0.0,0.0,0.0,0.007313,0.0,0.307887,0.0,0.0,0.415238,0.0,0.392207,0.0,3.6e-05,0.131406,0.262614,0.081229,0.133642,0.279996,0.0,0.0,0.112657,0.008945,0.0,0.325842,0.319384,0.049761,0.433119,0.0,0.0,0.116235,0.068402,0.0,0.0,0.0,0.310724,0.108778,0.0,0.0,0.0,0.0,0.0,0.037337,0.109654,0.289423,0.0,0.0,0.0,0.211158,0.088292,0.096616,0.0,0.3184,0.0,0.232508,0.0,0.0,0.0,0.0,0.335121,0.0,0.121846,0.0,0.366904,0.0,0.065461,0.200882,0.0,0.113398,0.100362,0.264558,0.0,0.0,0.005785,0.394386,0.125347,0.0,0.358692,0.05906,0.123412,3.9e-05,0.0,0.0,0.0,0.0,0.0,0.104054,0.0,0.0,0.0,0.349056,0.257132,0.0,0.0,0.007455,0.0,0.115166,0.0,0.332042,0.0,0.34697,0.112931,0.0,0.0,1.55066,0.0,0.0,0.084058,0.375619,0.100059,0.544304,0.0,0.247699,0.099579,0.062495,0.229372,0.0,0.098052,0.0,0.0,0.0,0.164218,0.062189,0.272551,0.0,0.0,0.0,0.196588,0.775688,0.0,0.415398,0.0,0.15978,0.0,0.102525,0.0,0.531264,0.0,0.0,0.0,0.0,0.0,0.0,0.322179,1e-06,0.109829,0.193906,0.011633,0.0,0.0,0.0,0.12505,0.0,0.0,0.0,0.141014,0.0,0.0,0.253634,0.800433,0.098576,0.230048,0.856897,0.10771,0.0,0.0,0.0,0.0,0.0,0.0,0.0,0.078226,0.0,0.352106,0.074046,0.08876,0.363228,0.082738,0.804143,0.19038,0.0,0.0,0.0,0.0,0.101033,0.0,1e-06,0.00513,0.276865,0.0,0.0,0.244328,0.114399,0.0,0.0,0.199564,0.248704,0.010717,0.287352,0.0,0.170278,0.0,0.0,0.084891,0.26419,0.0,0.0
TCGA-73-4676,0.0,0.0,0.0,0.0,0.0,0.142903,0.317991,0.189619,0.169722,0.0,0.152057,1e-06,0.0,0.0,0.0,0.157625,0.0,0.185671,0.0,0.0,0.16589,0.0,0.0,0.0,0.0,0.0,0.0,0.0,0.158743,0.130099,0.0,0.0,0.149451,0.768606,0.0,0.218505,0.146895,0.0,0.0,0.0,0.0,0.277347,0.0,0.181704,0.0,0.1704,0.292085,0.0,0.0,0.319082,0.0,0.252505,0.0,1.076407,0.0,0.267991,0.166783,0.330059,0.077327,0.193233,0.011178,0.0,0.276717,0.009097,0.004781,0.297541,0.0,0.007535,0.297468,0.0,0.136774,0.0,0.158175,0.156423,0.0,0.0,0.0,0.0,0.071988,0.0,0.0,0.671791,0.081829,0.0,0.0,0.014912,0.147157,0.218366,0.069448,0.052714,0.106138,0.138588,0.275805,0.0,0.467605,0.0,0.0,0.0,3e-06,0.146583,0.0,0.0,0.302547,0.203922,0.195376,0.0,0.217784,0.240418,0.09803,0.285108,0.007834,0.0,0.134877,0.0,0.0,0.448252,0.0,0.280187,0.0,0.0,0.3438,0.272449,0.0,0.0,0.0,0.0,0.305324,0.266707,0.1905,0.0,0.0,0.170726,0.0,0.209708,0.14518,0.150675,0.315005,0.046165,0.002531,0.0,0.195982,0.015889,0.284308,0.187152,0.0,0.0,0.0,0.160621,0.0,0.0,0.158643,0.145329,0.202602,0.292506,0.0,0.117227,0.006321,0.003716,0.119766,0.0,0.331662,0.0,0.0,0.155061,0.144818,0.179628,0.0,0.0,0.0,0.186563,0.0,0.286022,0.0,0.0,0.0,0.0,0.0,0.0,0.115415,0.638288,0.0,0.0,0.0,0.0,0.0,0.131829,0.207983,0.119246,0.0,0.0,0.0,0.0,0.296861,0.0,0.189737,0.186497,0.019328,0.228106,0.150425,0.0,0.182009,0.0,2.121479,0.003425,0.0,0.0,0.265774,1.158843,0.0,0.0,0.0,1e-06,0.0,0.0,0.0,0.188116,0.0,0.761252,0.0,0.0,0.0,0.187907,0.0,0.165448,0.130641,2e-06,0.0,0.0,0.0,0.0,0.430867,0.0,0.0,0.097683,0.0,0.009988,0.153755,0.121682,0.128857,0.0,0.132979,0.0,0.0,0.0,0.0,0.308165,0.09807,0.0,0.10706,0.029896,0.229294,0.0,0.159203,0.007722,1.295551,0.301631,0.0,0.195773,0.0,0.378201,0.0,0.064722,0.0,0.0,0.0,0.0,0.0,1.3e-05,0.107962,0.087226,0.0,0.197523,0.0,0.0,0.322788,0.121681,0.0,0.168909,0.0,0.0,0.294218,0.161931,0.105269,0.214404,0.156563,0.0,0.0,0.0,0.125941,0.152009,0.122561,0.243685,0.0,0.0,0.0,0.205097,0.0,0.0,0.111008,0.328484,0.0,0.160462,0.292873,0.245265,0.115964,0.263531,0.0,0.0,0.0,0.00475,0.0,0.336205,0.0,0.0,0.35213,2e-06,0.322533,0.0,0.000842,0.199403,0.183763,0.133134,0.19785,0.184386,0.0,0.0,0.166605,0.005837,0.0,0.278505,0.247155,0.014614,0.374586,0.0,0.0,0.183233,0.104852,0.0,0.0,0.0,0.218408,0.159366,0.0,0.0,0.0,0.0,0.0,0.052846,0.169358,0.197221,0.0,0.0,0.0,0.151197,0.132939,0.162749,0.0,0.236428,0.0,0.168123,0.0,2e-06,0.0,0.0,0.232533,0.0,0.193384,0.0,0.337458,0.0,0.08813,0.132917,0.0,0.16055,0.162362,0.187805,0.0,0.0,0.001352,0.340929,0.209469,0.0,0.317989,0.079043,0.172801,0.00014,0.0,0.0,0.0,0.0,0.0,0.171102,0.0,0.0,0.0,0.298533,0.178887,0.0,0.0,0.012094,0.0,0.206951,0.0,0.220649,0.0,0.286865,0.14682,0.0,0.0,1.466624,0.0,0.0,0.116924,0.334623,0.150057,0.470867,0.0,0.153219,0.080259,0.096456,0.161873,0.0,0.085089,0.0,0.0,0.0,0.297892,0.106694,0.209484,0.0,0.0,0.0,0.328481,0.663631,0.0,0.327581,0.0,0.22975,0.0,0.159318,0.0,0.419569,0.0,0.0,0.0,0.0,0.0,0.0,0.2832,0.0,0.164775,0.297034,0.007885,0.0,0.0,0.0,0.108002,0.0,0.0,0.0,0.079386,0.0,0.0,0.209757,0.73274,0.153134,0.30314,0.77771,0.163307,0.0,0.0,0.0,0.0,0.0,0.0,0.0,0.050614,0.0,0.309933,0.103295,0.137674,0.297355,0.125657,0.776055,0.282463,0.0,0.0,0.0,0.0,0.173942,0.0,1e-06,0.001353,0.173145,0.0,0.0,0.153545,0.155294,0.0,0.0,0.281124,0.175106,0.00973,0.203227,0.0,0.272727,0.0,0.0,0.143085,0.174093,0.0,0.0
TCGA-73-4677,0.0,0.0,0.0,0.0,0.0,0.172495,0.277122,0.216943,0.125379,0.0,0.180815,0.0,0.0,0.0,0.0,0.200628,0.0,0.166964,0.0,0.0,0.124185,0.0,0.0,0.0,0.0,0.0,0.0,0.0,0.12363,0.159763,0.0,0.0,0.177716,0.703703,0.0,0.19106,0.117304,0.0,0.0,0.0,0.0,0.243522,0.0,0.224934,0.0,0.126802,0.282023,0.0,0.0,0.281436,0.0,0.247198,0.0,1.032616,0.0,0.225033,0.185813,0.298496,0.10457,0.229869,0.021541,0.0,0.234765,0.010638,0.010026,0.276137,0.0,0.015623,0.243367,0.0,0.101378,0.0,0.122306,0.16978,0.0,0.0,0.0,0.0,0.054633,0.0,0.0,0.609736,0.10901,0.0,0.0,0.02693,0.11493,0.16984,0.094327,0.068401,0.112874,0.175084,0.261599,0.0,0.427486,0.0,0.0,0.0,0.0,0.169636,0.0,0.0,0.343384,0.245333,0.234213,0.0,0.186366,0.208642,0.130154,0.26177,0.011454,0.0,0.098093,0.0,0.0,0.409032,0.0,0.24379,0.0,0.0,0.305171,0.300652,0.0,0.0,0.0,0.0,0.279801,0.253914,0.225834,0.0,0.0,0.194568,0.0,0.173963,0.145045,0.18384,0.269616,0.050985,0.003705,0.0,0.150173,0.015229,0.251968,0.144798,0.0,0.0,0.0,0.127458,0.0,0.0,0.194004,0.106225,0.167214,0.269925,0.0,0.136038,0.010436,0.00628,0.156508,0.0,0.297699,0.0,0.0,0.181018,0.108334,0.135571,0.0,0.0,0.0,0.135113,0.0,0.248679,0.0,0.0,0.0,0.0,0.0,0.0,0.152412,0.591153,0.0,0.0,0.0,0.0,0.0,0.163659,0.158531,0.157967,0.0,0.0,0.0,0.0,0.255441,0.0,0.145521,0.148313,0.032602,0.214162,0.11304,0.0,0.200531,0.0,2.056668,0.007191,0.0,0.0,0.253008,1.10564,0.0,0.0,0.0,0.0,0.0,0.0,0.0,0.179442,0.0,0.703604,0.0,0.0,0.0,0.219248,0.0,0.19044,0.159477,0.0,0.0,0.0,0.0,0.0,0.390649,0.0,0.0,0.115547,0.0,0.015026,0.189421,0.139062,0.157925,0.0,0.095981,0.0,0.0,0.0,0.0,0.280523,0.09457,0.0,0.130405,0.047015,0.185769,0.0,0.188816,0.010065,1.20967,0.292067,0.0,0.222098,0.0,0.411109,0.0,0.080002,0.0,0.0,0.0,0.0,0.0,0.0,0.145235,0.120917,0.0,0.222181,0.0,0.0,0.292837,0.100259,0.0,0.217454,0.0,0.0,0.254455,0.120578,0.125492,0.256757,0.121113,0.0,0.0,0.0,0.148475,0.19215,0.155712,0.271805,0.0,0.0,0.0,0.222713,0.0,0.0,0.140151,0.295467,0.0,0.11633,0.267624,0.243853,0.07547,0.257626,0.0,0.0,0.0,0.009247,0.0,0.314558,0.0,0.0,0.320804,0.0,0.278868,0.0,5.4e-05,0.21707,0.142866,0.155198,0.21793,0.138739,0.0,0.0,0.185444,0.008402,0.0,0.250065,0.223165,0.031231,0.334888,0.0,0.0,0.217038,0.122608,0.0,0.0,0.0,0.176478,0.178294,0.0,0.0,0.0,0.0,0.0,0.078996,0.187092,0.149815,0.0,0.0,0.0,0.134418,0.167628,0.194599,0.0,0.195697,0.0,0.129864,0.0,0.0,0.0,0.0,0.187359,0.0,0.2267,0.0,0.303764,0.0,0.113119,0.137817,0.0,0.191222,0.197528,0.147826,0.0,0.0,0.002217,0.305944,0.255876,0.0,0.285144,0.108492,0.207886,8e-06,0.0,0.0,0.0,0.0,0.0,0.196892,0.0,0.0,0.0,0.28108,0.140018,0.0,0.0,0.014925,0.0,0.230814,0.0,0.168541,0.0,0.254711,0.17366,0.0,0.0,1.407258,0.0,0.0,0.141924,0.31022,0.18273,0.421812,0.0,0.111757,0.081878,0.120734,0.125604,0.0,0.068011,0.0,0.0,0.0,0.349485,0.130217,0.178409,0.0,0.0,0.0,0.349506,0.604171,0.0,0.280783,0.0,0.20798,0.0,0.18041,0.0,0.359082,0.0,0.0,0.0,0.0,0.0,0.0,0.259925,0.0,0.187137,0.327412,0.012858,0.0,0.0,0.0,0.077214,0.0,0.0,0.0,0.076942,0.0,0.0,0.194885,0.683514,0.17814,0.320005,0.719188,0.201522,0.0,0.0,0.0,0.0,0.0,0.0,0.0,0.050938,0.0,0.281147,0.125939,0.174016,0.258123,0.162038,0.733088,0.266536,0.0,0.0,0.0,0.0,0.206678,0.0,0.0,0.00338,0.132702,0.0,0.0,0.119517,0.174517,0.0,0.0,0.257353,0.137463,0.010775,0.160736,0.0,0.286629,0.0,0.0,0.190917,0.13763,0.0,0.0
TCGA-75-7030,0.0,0.0,0.0,0.0,0.0,0.244767,0.206778,0.353964,0.060964,0.0,0.284812,0.0,0.0,0.0,0.0,0.347762,0.0,0.206408,0.0,0.0,0.064203,0.0,0.0,0.0,0.0,0.0,0.0,0.0,0.064698,0.275708,0.0,0.0,0.268269,0.562813,0.0,0.103222,0.056141,0.0,0.0,0.0,0.0,0.139113,0.0,0.334485,0.0,0.069682,0.238259,0.0,0.0,0.19281,0.0,0.21998,0.0,0.960589,0.0,0.112859,0.304965,0.210724,0.220365,0.316194,0.123182,0.0,0.155052,0.102719,0.094047,0.201544,0.0,0.096754,0.324958,0.0,0.056221,0.0,0.065015,0.281846,0.0,0.0,0.0,0.0,0.029049,0.0,0.0,0.510305,0.224224,0.0,0.0,0.09172,0.0616,0.086161,0.190524,0.153921,0.219856,0.304667,0.19918,0.0,0.317649,0.0,0.0,0.0,0.0,0.284743,0.0,0.0,0.43186,0.387065,0.393953,0.0,0.124297,0.335647,0.258599,0.201851,0.07034,0.0,0.052531,0.0,0.0,0.298986,0.0,0.273236,0.0,0.0,0.19323,0.468749,0.0,0.0,0.0,0.0,0.183718,0.367872,0.382607,0.0,0.0,0.332008,0.0,0.093529,0.25494,0.279084,0.164578,0.032277,0.091672,0.0,0.088187,0.109604,0.182532,0.073366,0.0,0.0,0.0,0.060248,0.0,0.0,0.289482,0.053097,0.081204,0.167941,0.0,0.21619,0.122546,0.069138,0.269666,0.0,0.185818,0.0,0.0,0.319821,0.068912,0.077379,0.0,0.0,0.0,0.086892,0.0,0.161661,0.0,0.0,0.0,0.0,0.0,0.0,0.264667,0.472838,0.0,0.0,0.0,0.0,0.0,0.261734,0.087942,0.257776,0.0,0.0,0.0,0.0,0.15958,0.0,0.07389,0.077906,0.113627,0.205277,0.065486,0.0,0.320149,0.0,1.898689,0.084474,0.0,0.0,0.169317,0.936902,0.0,0.0,0.0,0.0,0.0,0.0,0.0,0.168059,0.0,0.585037,0.0,0.0,0.0,0.353082,0.0,0.323335,0.260141,0.0,0.0,0.0,0.0,0.0,0.27043,0.0,0.0,0.215031,0.0,0.104174,0.331486,0.278848,0.296428,0.0,0.049293,0.0,0.0,0.0,0.0,0.204808,0.236469,0.0,0.229908,0.129166,0.095302,0.0,0.280732,0.128227,1.087327,0.215081,0.0,0.304388,0.0,0.452538,0.0,0.174747,0.0,0.0,0.0,0.0,0.0,0.0,0.278412,0.198634,0.0,0.350891,0.0,0.0,0.22457,0.187477,0.0,0.341672,0.0,0.0,0.161603,0.066382,0.207153,0.370653,0.058623,0.0,0.0,0.0,0.23419,0.314405,0.260669,0.32666,0.0,5.3e-05,0.0,0.33115,0.0,0.0,0.244383,0.197532,0.0,0.066133,0.174102,0.226975,0.036283,0.184115,0.0,0.0,0.0,0.061262,0.0,0.264125,3e-06,0.0,0.211264,0.0,0.167567,0.0,0.000306,0.319055,0.069533,0.243397,0.325484,0.08919,0.0,0.0,0.300738,0.058775,0.0,0.182562,0.135544,0.126642,0.226293,0.0,0.0,0.364114,0.19832,0.0,0.0,0.0,0.098806,0.258783,0.0,0.0,0.0,0.0,0.0,0.208214,0.285283,0.081346,0.0,0.0,0.0,0.072081,0.292988,0.281136,0.0,0.099018,0.0,0.063219,0.0,0.0,0.0,0.0,0.092467,0.0,0.347441,0.0,0.21992,0.0,0.243952,0.272762,0.0,0.295182,0.312954,0.080726,0.0,0.0,0.105745,0.208912,0.36852,0.0,0.210929,0.194664,0.337195,2e-06,0.0,0.0,0.0,0.0,0.0,0.332645,0.0,0.0,0.0,0.193197,0.068987,0.0,0.0,0.095788,0.0,0.325645,0.0,0.08833,0.0,0.165369,0.300555,0.0,0.0,1.284282,0.0,0.0,0.248022,0.200355,0.294404,0.304062,0.0,0.058491,0.197769,0.244281,0.064547,0.0,0.025405,0.0,0.0,0.0,0.451255,0.210579,0.102077,0.0,0.0,0.0,0.492904,0.478511,0.0,0.151802,0.0,0.265592,0.0,0.290864,0.0,0.248778,0.0,0.0,0.0,0.0,0.0,0.0,0.17147,0.0,0.316105,0.391037,0.111736,0.0,0.0,0.0,0.053557,0.0,0.0,0.0,0.192606,0.0,0.0,0.118808,0.567527,0.252289,0.248299,0.595286,0.308142,0.0,0.0,0.0,0.0,0.0,0.0,0.0,0.155724,0.0,0.183207,0.225469,0.304033,0.150004,0.269512,0.65516,0.203722,0.0,0.0,0.0,0.0,0.295991,0.0,0.0,0.090832,0.061395,0.0,0.0,0.064952,0.278433,0.0,0.0,0.208761,0.071919,0.084176,0.080566,0.0,0.351877,0.0,0.0,0.298386,0.071074,0.0,0.0
TCGA-77-7138,0.0,0.0,0.0,0.0,0.0,0.21338,0.227368,0.269984,0.086107,0.0,0.226526,0.0,0.0,0.0,0.0,0.268575,0.0,0.155275,0.0,0.0,0.080929,0.0,0.0,0.0,0.0,0.0,0.0,0.0,0.07722,0.21547,0.0,0.0,0.228687,0.626074,0.0,0.144711,0.078409,0.0,0.0,0.0,0.0,0.193096,0.0,0.282074,0.0,0.083221,0.282792,0.0,0.0,0.233049,0.0,0.23494,0.0,1.002985,0.0,0.156448,0.231873,0.265258,0.146658,0.2762,0.047622,0.0,0.181067,0.043072,0.041653,0.237565,0.0,0.035526,0.211611,0.0,0.065785,0.0,0.083714,0.218609,0.0,0.0,0.0,0.0,0.039467,0.0,0.0,0.543727,0.15222,0.0,0.0,0.05035,0.072159,0.111237,0.128223,0.097027,0.143515,0.226918,0.242872,0.0,0.366915,0.0,0.0,0.0,0.0,0.20277,0.0,0.0,0.429924,0.314,0.295554,0.0,0.162181,0.214344,0.182056,0.231742,0.033422,0.0,0.065872,0.0,0.0,0.354124,0.0,0.21217,0.0,0.0,0.241396,0.371854,0.0,0.0,0.0,0.0,0.243791,0.255325,0.29155,0.0,0.0,0.249397,0.0,0.121193,0.175796,0.224268,0.219941,0.047724,0.028632,0.0,0.102985,0.037707,0.224462,0.096102,0.0,0.0,0.0,0.08382,0.0,0.0,0.238469,0.068039,0.108373,0.233766,0.0,0.18078,0.036695,0.025183,0.205173,0.0,0.245805,0.0,0.0,0.236561,0.088646,0.089061,0.0,0.0,0.0,0.091656,0.0,0.189941,0.0,0.0,0.0,0.0,0.0,0.0,0.196094,0.519112,0.0,0.0,0.0,0.0,0.0,0.203414,0.102719,0.202559,0.0,0.0,0.0,0.0,0.1966,0.0,0.096496,0.098226,0.063605,0.205231,0.085124,0.0,0.243935,0.0,1.966319,0.032065,0.0,0.0,0.218855,1.015646,0.0,0.0,0.0,0.0,0.0,0.0,0.0,0.157945,0.0,0.635305,0.0,0.0,0.0,0.278553,0.0,0.243682,0.202265,0.0,0.0,0.0,0.0,0.0,0.341233,0.0,0.0,0.156815,0.0,0.046469,0.234343,0.184553,0.199547,0.0,0.06254,0.0,0.0,0.0,0.0,0.243424,0.126887,0.0,0.173029,0.078472,0.120809,0.0,0.232864,0.040218,1.133097,0.276713,0.0,0.263848,0.0,0.462787,0.0,0.113924,0.0,0.0,0.0,0.0,0.0,0.0,0.196157,0.162447,0.0,0.27787,0.0,0.0,0.257562,0.104596,0.0,0.277816,0.0,0.0,0.197007,0.082723,0.15782,0.324816,0.081047,0.0,0.0,0.0,0.193809,0.236592,0.196452,0.308181,0.0,0.0,0.0,0.281187,0.0,0.0,0.17961,0.254126,0.0,0.077422,0.218912,0.237904,0.037012,0.237504,0.0,0.0,0.0,0.022723,0.0,0.288078,0.0,0.0,0.269125,0.0,0.213815,0.0,0.002072,0.257052,0.093543,0.199221,0.265366,0.091087,0.0,0.0,0.235984,0.029842,0.0,0.213681,0.174725,0.067455,0.28195,0.0,0.0,0.279271,0.158206,0.0,0.0,0.0,0.110237,0.212968,0.0,0.0,0.0,0.0,0.0,0.116039,0.230363,0.097608,0.0,0.0,0.0,0.09931,0.214362,0.240631,0.0,0.132177,0.0,0.083942,0.0,0.0,0.0,0.0,0.124835,0.0,0.291558,0.0,0.254007,0.0,0.157262,0.168441,0.0,0.235138,0.25121,0.104039,0.0,0.0,0.024926,0.261173,0.322448,0.0,0.253712,0.143052,0.254517,7e-06,0.0,0.0,0.0,0.0,0.0,0.253036,0.0,0.0,0.0,0.245012,0.090745,0.0,0.0,0.041294,0.0,0.288145,0.0,0.108742,0.0,0.209069,0.218193,0.0,0.0,1.343142,0.0,0.0,0.192735,0.267046,0.233149,0.367558,0.0,0.074116,0.108756,0.160699,0.082633,0.0,0.032495,0.0,0.0,0.0,0.431674,0.170011,0.136753,0.0,0.0,0.0,0.425231,0.528933,0.0,0.213248,0.0,0.209914,0.0,0.229835,0.0,0.285832,0.0,0.0,0.0,0.0,0.0,0.0,0.220064,0.0,0.240867,0.387926,0.044255,0.0,0.0,0.0,0.048575,0.0,0.0,0.0,0.115883,0.0,0.0,0.163624,0.629044,0.227862,0.351174,0.656359,0.249684,0.0,0.0,0.0,0.0,0.0,0.0,0.0,0.084641,0.0,0.24686,0.162933,0.231819,0.193284,0.211854,0.689048,0.27248,0.0,0.0,0.0,0.0,0.262397,0.0,0.0,0.018317,0.082908,0.0,0.0,0.084737,0.222597,0.0,0.0,0.261241,0.092651,0.030098,0.106745,0.0,0.328459,0.0,0.0,0.249358,0.091247,0.0,0.0
TCGA-77-7141,1e-06,0.0,0.0,0.0,0.0,0.141922,0.313302,0.187713,0.166774,0.0,0.164183,0.0,0.0,0.0,0.0,0.182788,0.0,0.186274,0.0,0.0,0.159157,0.0,0.0,0.0,0.0,0.0,0.0,0.0,0.147622,0.130527,0.0,0.0,0.16269,0.756689,0.0,0.219747,0.149625,0.0,0.0,0.0,0.0,0.274767,0.0,0.207989,0.0,0.168486,0.340157,0.0,0.0,0.318106,0.0,0.293001,0.0,1.104546,0.0,0.266853,0.168104,0.35637,0.084208,0.215966,0.010773,0.0,0.259238,0.006876,0.005353,0.319474,0.0,0.007062,0.249067,0.0,0.133712,0.0,0.168366,0.142574,0.0,0.0,0.0,0.0,0.07558,0.0,0.0,0.663508,0.084277,0.0,0.0,0.012196,0.147844,0.215148,0.065486,0.053846,0.093308,0.136837,0.308744,0.0,0.474529,0.0,0.0,0.0,0.0,0.128842,0.0,0.0,0.372658,0.227355,0.205099,0.0,0.225501,0.188309,0.09498,0.304742,0.005738,0.0,0.13706,0.0,0.0,0.461911,0.0,0.255623,0.0,0.0,0.338207,0.302562,0.0,0.0,0.0,0.0,0.325542,0.231958,0.205335,0.0,0.0,0.169113,0.0,0.209461,0.128821,0.155937,0.311651,0.054152,0.002362,0.0,0.195275,0.011788,0.302798,0.180374,0.0,0.0,0.0,0.164195,0.0,0.0,0.175591,0.139714,0.204697,0.305093,0.0,0.132956,0.004773,0.003112,0.128814,0.0,0.337489,0.0,0.0,0.149444,0.147323,0.178607,0.0,0.0,0.0,0.176104,0.0,0.273884,0.0,0.0,0.0,0.0,0.0,0.0,0.133856,0.641009,0.0,0.0,0.0,0.0,0.0,0.14861,0.194629,0.121091,0.0,0.0,0.0,0.0,0.283886,0.0,0.180425,0.18484,0.016796,0.249941,0.156029,0.0,0.178514,0.0,2.115956,0.004002,0.0,0.0,0.294601,1.150699,0.0,0.0,0.0,1e-06,0.0,0.0,1e-06,0.186003,0.0,0.764568,0.0,0.0,0.0,0.191308,0.0,0.171343,0.121605,0.0,0.0,0.0,0.0,0.0,0.443595,0.0,0.0,0.090142,0.0,0.007024,0.154291,0.10903,0.120641,0.0,0.128507,0.0,0.0,0.0,0.0,0.327455,0.075687,0.0,0.101279,0.032537,0.226033,0.0,0.16924,0.006073,1.286534,0.332686,0.0,0.219755,0.0,0.434159,0.0,0.061462,0.0,0.0,0.0,0.0,0.0,0.0,0.119144,0.096355,0.0,0.206813,0.0,0.0,0.344854,0.12379,0.0,0.199812,0.0,0.0,0.280332,0.164403,0.099498,0.250156,0.160159,0.0,0.0,0.0,0.127793,0.15098,0.121737,0.289048,0.0,0.0,0.0,0.220402,0.0,0.0,0.099582,0.342486,0.0,0.152298,0.293495,0.281993,0.107444,0.29862,0.0,0.0,0.0,0.002716,0.0,0.353256,0.0,0.0,0.366699,0.0,0.308132,0.0,7.7e-05,0.210666,0.182814,0.135452,0.207649,0.176687,0.0,0.0,0.171898,0.003542,0.0,0.2903,0.246685,0.030333,0.385789,0.0,0.0,0.188243,0.098706,0.0,0.0,0.0,0.213675,0.157694,0.0,0.0,0.0,0.0,0.0,0.052649,0.182724,0.196039,0.0,0.0,0.0,0.15787,0.134536,0.175808,0.0,0.230963,0.0,0.158131,0.0,0.0,0.0,0.0,0.232676,0.0,0.213403,0.0,0.334901,0.0,0.082834,0.110503,0.0,0.160239,0.17729,0.181643,0.0,0.0,0.001465,0.350869,0.237522,0.0,0.331266,0.073572,0.175887,6e-06,0.0,0.0,0.0,0.0,0.0,0.16629,0.0,0.0,0.0,0.323089,0.183418,0.0,0.0,0.009788,0.0,0.230259,0.0,0.216698,6e-06,0.288734,0.143688,0.0,0.0,1.472846,0.0,0.0,0.113173,0.352154,0.159881,0.478214,0.0,0.151097,0.051835,0.084449,0.160812,0.0,0.079966,0.0,0.0,0.0,0.361929,0.113654,0.207717,0.0,0.0,0.0,0.371619,0.648278,0.0,0.321741,0.0,0.223246,0.0,0.164705,0.0,0.40144,0.0,0.0,0.0,0.0,0.0,0.0,0.295052,0.0,0.157605,0.354789,0.008819,0.0,0.0,0.0,0.09593,0.0,0.0,0.0,0.062225,0.0,0.0,0.216996,0.74615,0.169108,0.384066,0.78216,0.181098,0.0,0.0,0.0,0.0,0.0,0.0,0.0,0.035855,0.0,0.325959,0.094429,0.146549,0.28102,0.137767,0.778936,0.350328,0.0,0.0,0.0,0.0,0.19675,0.0,0.0,0.001822,0.169027,0.0,0.0,0.162616,0.148355,0.0,0.0,0.330024,0.172128,0.005578,0.200199,0.0,0.307953,0.0,0.0,0.170787,0.173263,0.0,0.0
TCGA-77-8139,0.0,0.0,0.0,0.0,0.0,0.207242,0.207094,0.252058,0.086925,0.0,0.193528,0.0,0.0,0.0,0.0,0.208814,0.0,0.170399,0.0,0.0,0.084725,0.0,0.0,0.0,0.0,0.0,0.0,0.0,0.084079,0.198805,0.0,0.0,0.191658,0.633188,0.0,0.138397,0.077717,0.0,0.0,0.0,0.0,0.187959,0.0,0.229985,0.0,0.082395,0.226189,0.0,0.0,0.216791,0.0,0.193429,0.0,0.899068,0.0,0.162108,0.228448,0.199477,0.134262,0.237035,0.076815,0.0,0.193388,0.063137,0.058265,0.195471,0.0,0.039856,0.240053,0.0,0.060326,0.0,0.070879,0.225591,0.0,0.0,0.0,0.0,0.024701,0.0,0.0,0.525323,0.153107,0.0,0.0,0.086447,0.070554,0.116828,0.148544,0.10431,0.179967,0.222967,0.199603,0.0,0.335836,0.0,0.0,0.0,0.0,0.226881,0.0,0.0,0.302297,0.243413,0.279021,0.0,0.136428,0.257193,0.180724,0.168968,0.055552,0.0,0.056198,0.0,0.0,0.30986,0.0,0.213903,0.0,0.0,0.248656,0.295672,0.0,0.0,0.0,0.0,0.201294,0.307799,0.256983,1e-06,0.0,0.239381,0.0,0.128134,0.172804,0.216804,0.216437,0.049708,0.036479,0.0,0.100471,0.093373,0.177039,0.096276,0.0,0.0,0.0,0.07708,0.0,0.0,0.208648,0.069551,0.104926,0.194442,0.0,0.14639,0.056254,0.041665,0.179823,0.0,0.21902,0.0,0.0,0.213901,0.068648,0.098526,0.0,0.0,0.0,0.092609,0.0,0.210293,0.0,0.0,0.0,0.0,0.0,0.0,0.158277,0.506789,0.0,0.0,0.0,0.0,0.0,0.176371,0.11018,0.190789,0.0,0.0,0.0,0.0,0.204931,3e-06,0.105552,0.099405,0.076443,0.150109,0.067222,0.0,0.241723,0.0,1.897671,0.044865,0.0,0.0,0.174734,1.000954,0.0,1e-06,0.0,3e-06,0.0,0.0,1e-06,0.212403,0.0,0.620747,0.0,0.0,0.0,0.252996,1e-06,0.219913,0.197459,0.0,0.0,0.0,0.0,0.0,0.300118,0.0,0.0,0.167782,0.0,0.077039,0.237803,0.205412,0.207484,0.0,0.062551,0.0,0.0,0.0,0.0,0.195254,0.188033,0.0,0.172124,0.085707,0.136313,0.0,0.213772,0.084333,1.114878,0.202682,0.0,0.227409,0.0,0.375467,0.0,0.111373,0.0,0.0,0.0,0.0,0.0,0.0,0.164262,0.158603,0.0,0.253045,0.0,0.0,0.207016,0.115486,0.0,0.214351,0.0,0.0,0.202334,0.075167,0.175415,0.25928,0.066132,0.0,0.0,0.0,0.189041,0.245018,0.200332,0.249666,0.0,0.0,0.0,0.255419,0.0,0.0,0.202212,0.219774,0.0,0.088957,0.204544,0.202436,0.089831,0.171347,0.0,0.0,0.0,0.037395,0.0,0.258397,0.0,0.0,0.23425,0.0,0.228787,0.0,0.003427,0.221589,0.098034,0.190033,0.243249,0.086756,0.0,0.0,0.234017,0.049769,0.0,0.175554,0.181772,0.033935,0.245019,0.0,0.0,0.241341,0.17426,0.0,0.0,0.0,0.123078,0.205973,0.0,0.0,0.0,0.0,0.0,0.129852,0.215778,0.099413,0.0,0.0,0.0,0.100646,0.205307,0.208029,0.0,0.144758,0.0,0.093296,0.0,0.0,0.0,0.0,0.145869,0.0,0.248175,0.0,0.2546,0.0,0.164304,0.210928,0.0,0.237896,0.216058,0.096514,0.0,0.0,0.036369,0.22221,0.267103,0.0,0.213791,0.167219,0.236207,1.1e-05,0.0,0.0,0.0,0.0,0.0,0.248456,0.0,0.0,0.0,0.203742,0.089403,0.0,0.0,0.065504,0.0,0.240642,0.0,0.110847,9e-06,0.193264,0.219018,0.0,0.0,1.280338,0.0,0.0,0.186673,0.230514,0.22092,0.335727,0.0,0.064751,0.163139,0.186379,0.07631,0.0,0.087205,0.0,0.0,0.0,0.300279,0.163707,0.125402,0.0,0.0,0.0,0.340758,0.541966,0.0,0.225042,0.0,0.219554,0.0,0.215815,0.0,0.297336,0.0,0.0,0.0,0.0,0.0,0.0,0.184949,0.0,0.242333,0.312375,0.077,0.0,0.0,0.0,0.054278,0.0,0.0,0.0,0.138564,0.0,0.0,0.137343,0.573782,0.206847,0.193992,0.627356,0.214477,0.0,0.0,0.0,0.0,0.0,0.0,0.0,0.130637,0.0,0.205244,0.178881,0.201857,0.208179,0.194742,0.638728,0.189785,0.0,0.0,0.0,0.0,0.213544,0.0,0.0,0.030208,0.089573,0.0,0.0,0.065952,0.22858,0.0,0.0,0.191357,0.098438,0.050787,0.114089,0.0,0.279611,0.0,0.0,0.187644,0.092492,0.0,0.0
TCGA-77-8144,0.0,0.0,0.0,0.0,0.0,0.091961,0.383925,0.121246,0.248092,0.0,0.093957,0.0,0.0,0.0,0.0,0.113092,0.0,0.179214,0.0,0.0,0.238439,0.0,0.0,0.0,0.0,0.0,0.0,0.0,0.230904,0.079793,0.0,0.0,0.098508,0.893523,0.0,0.303963,0.226259,0.0,0.0,0.0,3e-06,0.361542,0.0,0.129715,0.0,0.275523,0.281636,0.0,0.0,0.384485,0.0,0.236818,0.0,1.168508,0.0,0.391516,0.105831,0.425073,0.0491,0.142459,0.004926,0.0,0.344245,0.001823,0.001513,0.38875,0.0,0.00328,0.381238,0.0,0.214526,0.0,0.263921,0.083972,0.0,0.0,0.0,0.0,0.129155,0.0,0.0,0.78826,0.046263,0.0,0.0,0.004567,0.231784,0.318257,0.033049,0.02495,0.052148,0.079737,0.284472,0.0,0.577833,0.0,0.0,0.0,0.0,0.085949,0.0,0.0,0.235322,0.139474,0.124726,0.0,0.272203,0.273405,0.05364,0.365827,0.002096,0.0,0.222618,0.0,0.0,0.551172,0.0,0.370819,0.0,0.0,0.445586,0.203326,0.0,0.0,0.0,0.0,0.384803,0.31053,0.126589,0.0,0.0,0.095615,0.0,0.299929,0.181962,0.098299,0.409109,0.065664,0.00072,0.0,0.290007,0.00374,0.348431,0.273016,0.0,0.0,0.0,0.25895,0.0,0.0,0.104987,0.223165,0.316026,0.360648,0.0,0.076705,0.00142,0.000834,0.080963,0.0,0.452879,0.0,0.0,0.097758,0.185222,0.26707,0.0,0.0,0.0,0.284708,0.0,0.359823,0.0,0.0,0.0,0.0,0.0,0.0,0.078223,0.758033,0.0,0.0,0.0,0.0,0.0,0.089046,0.302694,0.079825,0.0,0.0,0.0,0.0,0.380426,1e-06,0.267359,0.279126,0.008357,0.233314,0.238673,0.0,0.115161,0.0,2.334831,0.001169,0.0,0.0,0.347988,1.31279,0.0,1.4e-05,0.0,0.0,0.0,0.0,5e-05,0.166746,0.0,0.882987,0.0,0.0,0.0,0.122093,1e-06,0.112923,0.075844,0.0,0.0,0.0,0.0,0.0,0.510055,0.0,0.0,0.04596,0.0,0.002592,0.09575,0.060808,0.075001,0.0,0.207522,0.0,0.0,0.0,0.0,0.391244,0.079896,0.0,0.062631,0.015266,0.330443,0.0,0.107398,0.001528,1.451664,0.332431,0.0,0.139854,0.0,0.308474,0.0,0.029429,0.0,0.0,0.0,0.0,0.0,1e-06,0.069963,0.061019,1e-06,0.126154,0.0,0.0,0.406951,0.104665,0.0,0.11992,0.0,0.0,0.369385,0.251133,0.061321,0.157748,0.255996,0.0,0.0,0.0,0.075018,0.102428,0.077502,0.193331,0.0,0.0,0.0,0.127451,0.0,0.0,0.059349,0.41566,0.0,0.231329,0.374657,0.238533,0.143371,0.300833,0.0,0.0,0.0,0.001202,0.0,0.356223,0.0,0.0,0.44758,0.0,0.408048,0.0,1.9e-05,0.144234,0.282776,0.077614,0.134577,0.291886,0.0,0.0,0.101989,0.00102,0.0,0.349995,0.327886,0.045609,0.472521,0.0,0.0,0.118915,0.059836,0.0,0.0,0.0,0.328461,0.105147,0.0,0.0,0.0,0.0,0.0,0.024397,0.113911,0.293944,0.0,0.0,0.0,0.222862,0.083885,0.114632,0.0,0.331675,0.0,0.233508,0.0,0.0,0.0,0.0,0.35267,0.0,0.127217,0.0,0.401247,0.0,0.045819,0.141943,0.0,0.098888,0.107445,0.282984,0.0,0.0,0.000332,0.423571,0.153673,0.0,0.394127,0.044538,0.112909,9.4e-05,0.0,0.0,0.0,0.0,0.0,0.105592,0.0,0.0,0.0,0.379076,0.273156,0.0,0.0,0.002372,0.0,0.143734,0.0,0.342889,4e-06,0.368934,0.092667,0.0,0.0,1.599226,0.0,0.0,0.068687,0.41846,0.091656,0.572139,0.0,0.248738,0.047845,0.045756,0.248458,0.0,0.107503,0.0,0.0,0.0,0.22759,0.063351,0.298193,0.0,0.0,0.0,0.241653,0.786514,0.0,0.435763,0.0,0.185357,0.0,0.100189,0.0,0.52934,0.0,0.0,0.0,0.0,0.0,0.0,0.353661,0.0,0.093047,0.236433,0.001715,0.0,0.0,0.0,0.14545,0.0,0.0,0.0,0.082455,0.0,0.0,0.288264,0.854732,0.105348,0.300453,0.894575,0.116732,0.0,0.0,0.0,0.0,0.0,0.0,0.0,0.035619,0.0,0.387939,0.054101,0.094325,0.369732,0.085822,0.84389,0.261856,0.0,0.0,0.0,0.0,0.122874,0.0,0.0,0.000527,0.274681,0.0,0.0,0.260204,0.08406,0.0,0.0,0.261129,0.252148,0.001232,0.30638,0.0,0.207963,0.0,0.0,0.105164,0.270767,0.0,0.0
TCGA-77-A5G8,0.0,0.0,0.0,0.0,0.0,0.198741,0.210501,0.246442,0.079139,0.0,0.20965,0.0,0.0,0.0,0.0,0.21729,0.0,0.146869,0.0,0.0,0.078664,0.0,0.0,0.0,0.0,0.0,0.0,0.0,0.062392,0.183266,0.0,0.0,0.200815,0.579338,0.0,0.130377,0.072283,0.0,0.0,0.0,0.0,0.179215,0.0,0.250952,0.0,0.068244,0.217761,0.0,0.0,0.209134,0.0,0.218182,0.0,0.862113,0.0,0.130117,0.216714,0.197073,0.138629,0.233292,0.069214,0.0,0.184636,0.061753,0.056075,0.182304,0.0,0.051267,0.184733,0.0,0.059417,0.0,0.067197,0.207089,0.0,0.0,0.0,0.0,0.029238,0.0,0.0,0.470339,0.146584,0.0,0.0,0.072466,0.066953,0.102741,0.120646,0.092487,0.172255,0.21615,0.212716,0.0,0.317752,0.0,0.0,0.0,0.0,0.212539,0.0,0.0,0.328613,0.264696,0.272697,0.0,0.14836,0.177359,0.185615,0.175446,0.052612,0.0,0.055365,0.0,0.0,0.273534,0.0,0.171682,0.0,0.0,0.220349,0.289508,0.0,0.0,0.0,0.0,0.192204,0.263956,0.252508,0.0,0.0,0.248228,0.0,0.108624,0.136779,0.199601,0.187729,0.039533,0.023006,0.0,0.084328,0.06033,0.177507,0.077877,0.0,0.0,0.0,0.06721,0.0,0.0,0.225335,0.073477,0.097325,0.189299,0.0,0.159541,0.056203,0.044091,0.187191,0.0,0.199057,0.0,0.0,0.219631,0.088395,0.085742,0.0,0.0,0.0,0.073797,0.0,0.174896,0.0,0.0,0.0,0.0,0.0,0.0,0.175459,0.460561,0.0,0.0,0.0,0.0,0.0,0.184132,0.084787,0.186783,0.0,0.0,0.0,0.0,0.194664,0.0,0.088746,0.086397,0.078851,0.153651,0.062979,0.0,0.229966,0.0,1.771232,0.052353,0.0,0.0,0.171327,0.913246,0.0,0.0,0.0,0.0,0.0,0.0,0.0,0.19518,0.0,0.570944,0.0,0.0,0.0,0.250078,0.0,0.220987,0.185643,1e-06,0.0,0.0,0.0,0.0,0.28419,0.0,0.0,0.169178,0.0,0.063724,0.230609,0.195261,0.204563,0.0,0.051525,0.0,0.0,0.0,0.0,0.187214,0.150984,0.0,0.172903,0.085719,0.11493,0.0,0.200669,0.068445,1.024742,0.193096,0.0,0.245021,0.0,0.384939,0.0,0.11704,0.0,0.0,0.0,0.0,0.0,0.0,0.165535,0.135478,0.0,0.244455,0.0,0.0,0.204634,0.087919,0.0,0.241397,0.0,0.0,0.189964,0.073245,0.148637,0.260077,0.067411,0.0,0.0,0.0,0.175336,0.222212,0.194357,0.255457,0.0,0.0,0.0,0.257992,0.0,0.0,0.198557,0.211973,0.0,0.073381,0.195481,0.200661,0.094405,0.16541,0.0,0.0,0.0,0.040013,0.0,0.2379,0.0,0.0,0.22497,0.0,0.204715,0.0,0.002554,0.211477,0.081029,0.194612,0.246985,0.075256,0.0,0.0,0.226183,0.047666,0.0,0.176346,0.17842,0.01183,0.248989,0.0,0.0,0.256088,0.15338,0.0,0.0,0.0,0.113188,0.188665,0.0,0.0,0.0,0.0,0.0,0.13623,0.222216,0.091318,0.0,0.0,0.0,0.076674,0.199684,0.212747,0.0,0.119876,0.0,0.084669,0.0,0.0,0.0,0.0,0.104261,0.0,0.261546,0.0,0.220748,0.0,0.169055,0.168114,0.0,0.228369,0.232448,0.07539,0.0,0.0,0.036323,0.217082,0.25676,0.0,0.199629,0.160132,0.239371,1.9e-05,0.0,0.0,0.0,0.0,0.0,0.246954,0.0,0.0,0.0,0.198399,0.086721,0.0,0.0,0.059706,0.0,0.229789,0.0,0.089842,0.0,0.185397,0.21454,0.0,0.0,1.19673,0.0,0.0,0.171721,0.218045,0.21873,0.321325,0.0,0.064159,0.135999,0.174548,0.078078,0.0,0.067552,0.0,0.0,0.0,0.334396,0.154595,0.102395,0.0,0.0,0.0,0.34701,0.495585,0.0,0.195157,0.0,0.201251,0.0,0.2122,0.0,0.27149,0.0,0.0,0.0,0.0,0.0,0.0,0.189427,0.0,0.241205,0.320554,0.082025,0.0,0.0,0.0,0.038815,0.0,0.0,0.0,0.108303,0.0,0.0,0.12473,0.527763,0.192637,0.25832,0.58433,0.214181,0.0,0.0,0.0,0.0,0.0,0.0,0.0,0.09455,0.0,0.191451,0.163677,0.216554,0.200151,0.20679,0.599569,0.227372,0.0,0.0,0.0,0.0,0.220745,0.0,0.0,0.033462,0.076345,0.0,0.0,0.062634,0.222795,0.0,0.0,0.205262,0.089137,0.050048,0.091468,0.0,0.285781,0.0,0.0,0.20571,0.084432,0.0,0.0
TCGA-77-A5GF,1e-06,0.0,0.0,0.0,0.0,0.11989,0.324838,0.154143,0.191221,0.0,0.127162,0.0,0.0,0.0,0.0,0.14378,0.0,0.149819,0.0,0.0,0.163591,0.0,0.0,0.0,0.0,0.0,0.0,0.0,0.150092,0.11287,0.0,0.0,0.139585,0.780232,0.0,0.238601,0.166208,0.0,0.0,0.0,0.0,0.298694,0.0,0.169144,0.0,0.173197,0.281726,0.0,0.0,0.329203,0.0,0.235344,0.0,1.067685,0.0,0.29283,0.137587,0.367646,0.06675,0.180602,0.003153,0.0,0.288202,0.003327,0.001805,0.321053,0.0,0.003034,0.251978,0.0,0.144245,0.0,0.185485,0.119064,0.0,0.0,0.0,0.0,0.081759,0.0,0.0,0.675562,0.064414,0.0,0.0,0.005931,0.16104,0.229536,0.045207,0.034757,0.07375,0.11837,0.288299,0.0,0.492667,0.0,0.0,0.0,0.0,0.103771,0.0,0.0,0.298842,0.190299,0.164453,0.0,0.247401,0.186794,0.087319,0.302745,0.003217,0.0,0.143878,0.0,0.0,0.463784,0.0,0.26973,0.0,0.0,0.356849,0.232382,0.0,0.0,0.0,0.0,0.325416,0.241535,0.159975,0.0,0.0,0.141696,0.0,0.220445,0.139469,0.134249,0.33704,0.061083,0.000644,0.0,0.210191,0.003954,0.298378,0.188399,0.0,0.0,0.0,0.17823,0.0,0.0,0.141651,0.155003,0.22102,0.308473,0.0,0.097691,0.001723,0.00174,0.102149,0.0,0.365166,0.0,0.0,0.130451,0.150064,0.194575,0.0,0.0,0.0,0.173952,0.0,0.289325,0.0,0.0,0.0,0.0,0.0,0.0,0.1089,0.651235,0.0,0.0,0.0,0.0,0.0,0.117898,0.198507,0.098296,0.0,0.0,0.0,0.0,0.304637,0.0,0.196337,0.198915,0.012205,0.212772,0.16514,0.0,0.148675,0.0,2.122455,0.001778,0.0,0.0,0.300529,1.174532,0.0,0.0,0.0,0.0,0.0,0.0,0.0,0.153488,0.0,0.769292,0.0,0.0,0.0,0.162237,0.0,0.137868,0.103317,0.0,0.0,0.0,0.0,0.0,0.442209,0.0,0.0,0.06471,0.0,0.002435,0.131088,0.079227,0.100404,0.0,0.140335,0.0,0.0,0.0,0.0,0.334478,0.067904,0.0,0.081494,0.021657,0.247147,0.0,0.130193,0.002679,1.278509,0.311142,0.0,0.174786,0.0,0.351744,0.0,0.039089,0.0,0.0,0.0,0.0,0.0,1e-06,0.099127,0.076107,0.0,0.165434,0.0,0.0,0.349311,0.063773,0.0,0.166771,0.0,0.0,0.305758,0.180751,0.082422,0.192424,0.173661,0.0,0.0,0.0,0.091222,0.127051,0.103589,0.238451,0.0,0.0,0.0,0.177088,0.0,0.0,0.085144,0.348802,0.0,0.163109,0.315126,0.233182,0.104642,0.272028,0.0,0.0,0.0,0.000689,0.0,0.325615,0.0,0.0,0.37732,1e-06,0.33018,0.0,2e-06,0.155632,0.202554,0.119521,0.167621,0.174371,0.0,0.0,0.130781,0.001147,0.0,0.303391,0.274315,0.026372,0.393703,0.0,0.0,0.17019,0.076602,0.0,0.0,0.0,0.236525,0.122144,0.0,0.0,0.0,0.0,0.0,0.034679,0.145652,0.203468,0.0,0.0,0.0,0.185506,0.121011,0.153429,0.0,0.245607,0.0,0.16865,0.0,0.0,0.0,0.0,0.250979,0.0,0.177397,0.0,0.336323,0.0,0.073732,0.107858,0.0,0.1316,0.147147,0.196043,0.0,0.0,0.000719,0.359534,0.195508,0.0,0.336656,0.061133,0.152504,0.000196,0.0,0.0,0.0,0.0,0.0,0.147975,0.0,0.0,0.0,0.322729,0.200016,0.0,0.0,0.002857,0.0,0.174007,0.0,0.221929,1e-06,0.312542,0.121319,0.0,0.0,1.455508,0.0,0.0,0.093643,0.358526,0.131131,0.48731,0.0,0.171855,0.042928,0.06741,0.173418,0.0,0.077862,0.0,0.0,0.0,0.28841,0.088768,0.227793,0.0,0.0,0.0,0.29237,0.679427,0.0,0.345498,0.0,0.168145,0.0,0.134998,0.0,0.430289,0.0,0.0,0.0,0.0,0.0,0.0,0.300126,0.0,0.134175,0.275387,0.003923,0.0,0.0,0.0,0.088511,0.0,0.0,0.0,0.057944,0.0,0.0,0.250896,0.740328,0.130871,0.357266,0.785832,0.152412,0.0,0.0,0.0,0.0,0.0,0.0,0.0,0.021708,0.0,0.330422,0.078858,0.124269,0.305397,0.116272,0.757362,0.293403,0.0,0.0,0.0,0.0,0.155919,0.0,0.0,0.000374,0.17761,0.0,0.0,0.171354,0.122765,0.0,0.0,0.273928,0.183357,0.002339,0.22398,0.0,0.245693,0.0,0.0,0.148172,0.185075,0.0,0.0
TCGA-78-7535,1e-06,0.0,0.0,0.0,0.0,0.059825,0.407808,0.072108,0.285534,0.0,0.061309,0.0,0.0,0.0,0.0,0.067031,0.0,0.103698,0.0,0.0,0.289407,0.0,0.0,0.0,0.0,0.0,0.0,0.0,0.251772,0.046005,0.0,0.0,0.06266,0.910256,0.0,0.336688,0.258013,0.0,0.0,0.0,0.0,0.401307,0.0,0.079561,0.0,0.30537,0.20155,0.0,0.0,0.415222,0.0,0.176573,0.0,1.165056,0.0,0.441713,0.065396,0.464479,0.021084,0.091869,0.001303,0.0,0.396258,0.000588,0.000496,0.40961,0.0,0.000877,0.418052,0.0,0.251087,0.0,0.308782,0.051251,0.0,0.0,0.0,0.0,0.169469,0.0,0.0,0.81135,0.01807,0.0,0.0,0.002295,0.272673,0.36261,0.012072,0.007641,0.021465,0.044792,0.252513,0.0,0.592813,0.0,0.0,0.0,0.0,0.047679,0.0,0.0,0.18619,0.098561,0.078689,0.0,0.31606,0.301281,0.03106,0.395679,0.0011,0.0,0.264355,0.0,0.0,0.570811,0.0,0.412432,0.0,0.0,0.47926,0.130024,0.0,0.0,0.0,0.0,0.411267,0.342113,0.082084,0.0,0.0,0.061199,0.0,0.334309,0.240295,0.057859,0.43442,0.06822,0.000133,0.0,0.323614,0.001208,0.36927,0.302766,0.0,0.0,0.0,0.29448,0.0,0.0,0.070877,0.258661,0.36521,0.389109,0.0,0.045344,0.000415,0.000287,0.042876,0.0,0.491844,0.0,0.0,0.059908,0.249793,0.302174,0.0,0.0,0.0,0.302293,0.0,0.384689,0.0,0.0,0.0,0.0,0.0,0.0,0.044388,0.772114,0.0,0.0,0.0,0.0,0.0,0.055492,0.32221,0.040714,0.0,0.0,0.0,0.0,0.423993,0.0,0.306216,0.319966,0.001967,0.185616,0.292446,0.0,0.077858,0.0,2.353722,0.000317,0.0,0.0,0.361257,1.333272,0.0,0.0,0.0,0.0,0.0,0.0,0.0,0.096522,0.0,0.890959,0.0,0.0,0.0,0.079578,0.0,0.072158,0.042117,0.0,0.0,0.0,0.0,0.0,0.515268,0.0,0.0,0.020753,0.0,0.000661,0.058812,0.029668,0.041391,0.0,0.238385,0.0,0.0,0.0,0.0,0.411076,0.086846,0.0,0.027806,0.004942,0.358382,0.0,0.061991,0.000398,1.48111,0.311603,0.0,0.091445,0.0,0.222703,0.0,0.01023,0.0,0.0,0.0,0.0,0.0,0.0,0.032046,0.024899,0.0,0.086127,0.0,0.0,0.422496,0.054903,0.0,0.0781,0.0,0.0,0.403729,0.288701,0.027775,0.106414,0.302775,0.0,0.0,0.0,0.043177,0.054297,0.042835,0.138194,0.0,0.0,0.0,0.095401,0.0,0.0,0.029337,0.441301,0.0,0.262939,0.400772,0.174341,0.138117,0.273441,0.0,0.0,0.0,0.000741,0.0,0.320657,0.0,0.0,0.467466,0.0,0.437706,0.0,2e-06,0.092377,0.316708,0.049339,0.092044,0.308951,0.0,0.0,0.069768,0.000646,0.0,0.390005,0.363007,0.05688,0.481976,0.0,0.0,0.082098,0.029451,0.0,0.0,0.0,0.347216,0.059799,0.0,0.0,0.0,0.0,0.0,0.007438,0.069611,0.336141,0.0,0.0,0.0,0.255421,0.044561,0.07337,0.0,0.374355,0.0,0.268494,0.0,0.0,0.0,0.0,0.380758,0.0,0.087588,0.0,0.379838,0.0,0.023809,0.164125,0.0,0.064051,0.072567,0.295583,0.0,0.0,5.9e-05,0.452834,0.09717,0.0,0.423573,0.02079,0.072883,1.5e-05,0.0,0.0,0.0,0.0,0.0,0.070797,0.0,0.0,0.0,0.406494,0.316453,0.0,0.0,0.000628,0.0,0.096711,0.0,0.384952,0.0,0.399267,0.059786,0.0,0.0,1.620316,0.0,0.0,0.036885,0.441342,0.059341,0.591361,0.0,0.293742,0.044751,0.019217,0.284856,0.0,0.088735,0.0,0.0,0.0,0.176947,0.03032,0.323597,0.0,0.0,0.0,0.175181,0.816567,0.0,0.467204,0.0,0.111512,0.0,0.060018,0.0,0.563046,0.0,0.0,0.0,0.0,0.0,0.0,0.379947,0.0,0.054007,0.162411,0.000437,0.0,0.0,0.0,0.119556,0.0,0.0,0.0,0.101067,0.0,0.0,0.313848,0.86371,0.065019,0.319442,0.904879,0.076192,0.0,0.0,0.0,0.0,0.0,0.0,0.0,0.034983,0.0,0.426525,0.023631,0.056473,0.404965,0.049242,0.838653,0.205849,0.0,0.0,0.0,0.0,0.080597,0.0,0.0,0.000114,0.309084,0.0,0.0,0.302293,0.053019,0.0,0.0,0.210363,0.291528,0.001022,0.341705,0.0,0.142734,0.0,0.0,0.069536,0.300534,0.0,0.0
TCGA-78-7542,0.0,0.0,0.0,0.0,0.0,0.104353,0.361297,0.13672,0.213682,0.0,0.123327,0.0,0.0,0.0,0.0,0.142796,0.0,0.14905,0.0,0.0,0.209804,0.0,0.0,0.0,0.0,0.0,0.0,0.0,0.184522,0.095248,0.0,0.0,0.12125,0.828935,0.0,0.278829,0.198062,0.0,0.0,0.0,1e-06,0.339386,0.0,0.163796,0.0,0.217917,0.287403,0.0,0.0,0.362513,0.0,0.244353,0.0,1.138424,0.0,0.345773,0.125518,0.417085,0.058118,0.167756,0.004689,0.0,0.314238,0.002063,0.001484,0.368342,0.0,0.002797,0.310439,0.0,0.180194,0.0,0.224679,0.09655,0.0,0.0,0.0,0.0,0.112627,0.0,0.0,0.732083,0.053068,0.0,0.0,0.005071,0.202126,0.27658,0.038338,0.028597,0.052299,0.095927,0.281785,0.0,0.537748,0.0,0.0,0.0,0.0,0.091636,0.0,0.0,0.304368,0.178598,0.148815,0.0,0.26805,0.218678,0.063559,0.357071,0.001808,0.0,0.186642,0.0,0.0,0.518215,0.0,0.3168,0.0,0.0,0.406979,0.231485,0.0,0.0,0.0,0.0,0.370343,0.276269,0.152793,0.0,0.0,0.118517,0.0,0.263095,0.171583,0.110989,0.368252,0.064621,0.000393,0.0,0.246431,0.001255,0.335558,0.230266,0.0,0.0,0.0,0.216746,0.0,0.0,0.131216,0.184085,0.272653,0.348467,0.0,0.098572,0.001692,0.001324,0.093943,0.0,0.420987,0.0,0.0,0.113894,0.189833,0.229036,0.0,0.0,0.0,0.22574,0.0,0.316638,0.0,0.0,0.0,0.0,0.0,0.0,0.098707,0.71305,0.0,0.0,0.0,0.0,0.0,0.109894,0.249098,0.088871,0.0,0.0,0.0,0.0,0.345189,0.0,0.22935,0.240102,0.007488,0.224928,0.20864,0.0,0.126657,0.0,2.24019,0.002118,0.0,0.0,0.334528,1.234366,0.0,0.0,0.0,0.0,0.0,0.0,3e-05,0.148972,0.0,0.825133,0.0,0.0,0.0,0.143177,0.0,0.128153,0.094081,0.0,0.0,0.0,0.0,0.0,0.484513,0.0,0.0,0.060693,0.0,0.002844,0.110578,0.069114,0.084355,0.0,0.174957,0.0,0.0,0.0,0.0,0.373829,0.064967,0.0,0.0718,0.015348,0.289107,0.0,0.129826,0.001632,1.373937,0.331833,0.0,0.171362,0.0,0.358615,0.0,0.037422,0.0,0.0,0.0,0.0,0.0,0.0,0.085491,0.070395,0.0,0.14652,0.0,0.0,0.39197,0.082301,0.0,0.16006,0.0,0.0,0.334291,0.211486,0.06202,0.194465,0.222108,0.0,1e-06,0.0,0.089376,0.112547,0.092513,0.227485,0.0,0.0,0.0,0.157011,0.0,0.0,0.066885,0.39806,0.0,0.195959,0.350679,0.238543,0.110339,0.307402,0.0,0.0,0.0,0.001124,0.0,0.343688,0.0,0.0,0.424179,0.0,0.362193,0.0,0.0,0.16409,0.238923,0.094345,0.156413,0.23415,0.0,0.0,0.123356,0.000816,0.0,0.337237,0.303307,0.043093,0.446524,0.0,0.0,0.145323,0.062331,0.0,0.0,0.0,0.27086,0.116932,0.0,0.0,0.0,0.0,0.0,0.031746,0.132546,0.255908,0.0,0.0,0.0,0.19929,0.104464,0.135052,0.0,0.290219,0.0,0.201845,0.0,0.0,0.0,0.0,0.296991,0.0,0.163235,0.0,0.360281,0.0,0.05512,0.126302,0.0,0.119208,0.133162,0.237582,0.0,0.0,0.000276,0.398531,0.188022,0.0,0.379422,0.050216,0.13238,3.9e-05,0.0,0.0,0.0,0.0,0.0,0.121359,0.0,0.0,0.0,0.368142,0.235522,0.0,0.0,0.002182,0.0,0.171777,0.0,0.289624,0.0,0.343341,0.104825,0.0,0.0,1.541611,0.0,0.0,0.079712,0.398275,0.116391,0.537233,0.0,0.202638,0.038069,0.051168,0.2155,0.0,0.070983,0.0,0.0,0.0,0.299757,0.073276,0.268803,0.0,0.0,0.0,0.288402,0.720986,0.0,0.392478,0.0,0.166843,0.0,0.119973,0.0,0.476422,0.0,0.0,0.0,0.0,0.0,0.0,0.339298,0.0,0.108923,0.283538,0.00389,0.0,0.0,0.0,0.108132,0.0,0.0,0.0,0.074777,0.0,0.0,0.266349,0.805228,0.121366,0.369934,0.847294,0.145792,0.0,0.0,0.0,0.0,0.0,0.0,0.0,0.027616,0.0,0.376181,0.060549,0.112125,0.339803,0.10619,0.808308,0.290659,0.0,0.0,0.0,0.0,0.152242,0.0,0.0,0.000381,0.226365,0.0,0.0,0.221196,0.103035,0.0,0.0,0.277475,0.219927,0.000908,0.256561,0.0,0.236496,0.0,0.0,0.134411,0.230553,0.0,0.0
TCGA-78-8662,0.0,0.0,0.0,0.0,0.0,0.130851,0.308155,0.164682,0.186677,0.0,0.134281,0.0,0.0,0.0,0.0,0.145147,0.0,0.174349,0.0,0.0,0.177837,0.0,0.0,0.0,0.0,0.0,0.0,0.0,0.166502,0.121082,0.0,0.0,0.129505,0.768122,0.0,0.228747,0.169282,0.0,0.0,0.0,0.0,0.281689,0.0,0.17394,0.0,0.187586,0.245263,0.0,0.0,0.307813,0.0,0.223669,0.0,1.017808,0.0,0.285756,0.148787,0.323564,0.081306,0.175107,0.037543,0.0,0.279148,0.033614,0.030902,0.294256,0.0,0.027101,0.299962,0.0,0.154349,0.0,0.190829,0.142679,0.0,0.0,0.0,0.0,0.08839,0.0,0.0,0.650109,0.090911,0.0,0.0,0.041625,0.168054,0.234223,0.075027,0.057915,0.109368,0.135932,0.24946,0.0,0.465423,0.0,0.0,0.0,0.0,0.136264,0.0,0.0,0.250147,0.184133,0.186245,0.0,0.218503,0.24226,0.109523,0.268577,0.028623,0.0,0.155655,0.0,0.0,0.417182,0.0,0.287389,0.0,0.0,0.352129,0.221993,0.0,0.0,0.0,1e-06,0.293033,0.301964,0.173203,0.0,0.0,0.15907,0.0,0.224745,0.169457,0.141073,0.316123,0.050502,0.01638,0.0,0.208482,0.044177,0.269164,0.195924,0.0,0.0,0.0,0.183768,0.0,0.0,0.151906,0.170939,0.228262,0.280081,0.0,0.10098,0.026343,0.024139,0.121174,0.0,0.349355,0.0,0.0,0.138771,0.140511,0.201293,0.0,0.0,0.0,0.201857,0.0,0.283764,0.0,0.0,0.0,0.0,0.0,0.0,0.107677,0.633423,0.0,0.0,0.0,0.0,0.0,0.119976,0.214868,0.119943,0.0,0.0,0.0,0.0,0.303864,0.0,0.197065,0.202619,0.038099,0.188974,0.17006,0.0,0.159437,0.0,2.081958,0.030915,0.0,0.0,0.273771,1.138565,0.0,1e-06,0.0,0.0,0.0,0.0,0.0,0.194769,0.0,0.758041,0.0,0.0,0.0,0.173604,0.0,0.15585,0.123696,0.0,0.0,0.0,0.0,0.0,0.397935,0.0,0.0,0.102987,0.0,0.037916,0.150387,0.1206,0.129287,0.0,0.150327,0.0,0.0,0.0,0.0,0.302282,0.122397,0.0,0.101212,0.045166,0.247959,0.0,0.142918,0.042199,1.271828,0.255553,0.0,0.177886,0.0,0.316786,0.0,0.064367,0.0,0.0,0.0,0.0,0.0,3e-06,0.108814,0.0907,0.0,0.175102,0.0,0.0,0.32171,0.100763,0.0,0.156382,0.0,0.0,0.29152,0.183188,0.102979,0.188573,0.179912,0.0,0.0,0.0,0.113806,0.152757,0.12757,0.217374,0.0,0.0,0.0,0.178918,0.0,0.0,0.124549,0.323128,0.0,0.169865,0.296082,0.223573,0.138945,0.229226,0.0,0.0,0.0,0.021337,0.0,0.296735,0.0,0.0,0.348253,0.0,0.324525,0.0,0.002577,0.159543,0.20083,0.129988,0.177148,0.202752,0.0,0.0,0.153669,0.02509,0.0,0.271354,0.269431,0.02888,0.371623,0.0,0.0,0.172698,0.100185,0.0,0.0,0.0,0.245504,0.139267,0.0,0.0,0.0,0.0,0.0,0.074934,0.153151,0.212882,0.0,0.0,0.0,0.168634,0.127644,0.145273,0.0,0.242445,0.0,0.174903,0.0,0.0,0.0,0.0,0.251424,0.0,0.183983,0.0,0.324014,0.0,0.10076,0.16027,0.0,0.154244,0.155646,0.200603,0.0,0.0,0.02075,0.330153,0.190407,0.0,0.303153,0.096042,0.164911,0.000457,0.0,0.0,0.0,0.0,0.0,0.16197,0.0,0.0,0.0,0.296012,0.200617,0.0,0.0,0.036057,0.0,0.167476,0.0,0.2436,4e-06,0.29011,0.14062,0.0,0.0,1.414241,0.0,0.0,0.111044,0.330096,0.149515,0.466128,0.0,0.18064,0.098758,0.108479,0.180368,0.0,0.097533,0.0,0.0,0.0,0.248141,0.104549,0.21135,0.0,0.0,0.0,0.275272,0.671481,0.0,0.334837,0.0,0.195717,0.0,0.147178,0.0,0.428735,0.0,0.0,0.0,0.0,0.0,0.0,0.276682,0.0,0.1612,0.262756,0.045063,0.0,0.0,0.0,0.101739,0.0,0.0,0.0,0.103193,0.0,0.0,0.216839,0.704736,0.137337,0.245499,0.759274,0.148348,0.0,0.0,0.0,0.0,0.0,0.0,0.0,0.069659,0.0,0.301856,0.105985,0.134081,0.303086,0.131711,0.728561,0.236249,0.0,0.0,0.0,0.0,0.153593,0.0,0.0,0.017571,0.196792,0.0,0.0,0.180272,0.151423,0.0,0.0,0.230484,0.187868,0.023437,0.221358,0.0,0.235519,0.0,0.0,0.138303,0.197011,0.0,0.0
TCGA-85-6561,0.0,0.0,0.0,0.0,0.0,0.245043,0.188378,0.279664,0.094446,0.0,0.215856,0.0,0.0,0.0,0.0,0.306731,0.0,0.055072,0.0,0.0,0.088202,0.0,0.0,0.0,0.0,0.0,0.0,0.0,0.047994,0.248194,0.0,0.0,0.227293,0.557242,0.0,0.149702,0.070661,0.0,0.0,0.0,0.0,0.180177,0.0,0.262686,0.0,0.07477,0.092848,0.0,0.0,0.206562,0.0,0.072803,0.0,0.886872,0.0,0.135757,0.224253,0.221142,0.184081,0.236356,0.112797,0.0,0.18719,0.098156,0.118955,0.174582,0.0,0.069762,0.384812,0.0,0.062455,0.0,0.079102,0.234392,0.0,0.0,0.0,0.0,0.052193,0.0,0.0,0.490072,0.196294,0.0,0.0,0.096248,0.061212,0.090998,0.154669,0.111747,0.166326,0.267561,0.101021,0.0,0.297899,0.0,0.0,0.0,0.0,0.229255,0.0,0.0,0.346229,0.33077,0.320662,0.0,0.160784,0.407547,0.26235,0.21043,0.073498,0.0,0.063975,0.0,0.0,0.2856,0.0,0.318357,0.0,0.0,0.208009,0.311929,0.0,0.0,0.0,0.0,0.202012,0.464414,0.32923,0.0,0.0,0.270782,0.0,0.106214,0.420813,0.222428,0.194647,0.048564,0.115516,0.0,0.089781,0.063002,0.171714,0.082559,0.0,0.0,0.0,0.07295,0.0,0.0,0.229692,0.068909,0.108954,0.185828,0.0,0.169182,0.109569,0.052865,0.251202,0.0,0.219329,0.0,0.0,0.283191,0.119563,0.089771,0.0,0.0,0.0,0.071385,0.0,0.161114,0.0,0.0,0.0,0.0,0.0,0.0,0.211483,0.460996,0.0,0.0,0.0,0.0,0.0,0.198933,0.076389,0.242552,0.0,0.0,0.0,0.0,0.184303,0.0,0.094458,0.094504,0.116144,0.074576,0.119897,0.0,0.239892,0.0,1.908454,0.088806,0.0,0.0,0.158884,0.933481,0.0,0.0,0.0,0.0,0.0,0.0,0.0,0.054127,0.0,0.545928,0.0,0.0,0.0,0.297223,0.0,0.291816,0.228129,0.0,0.0,0.0,0.0,0.0,0.236971,0.0,0.0,0.179224,0.0,0.124489,0.260563,0.232589,0.244757,0.0,0.051309,0.0,0.0,0.0,0.0,0.183694,0.311657,0.0,0.20746,0.113597,0.090181,0.0,0.227887,0.131676,1.073755,0.131213,0.0,0.201916,0.0,0.285952,0.0,0.139546,0.0,0.0,0.0,0.0,0.0,0.0,0.240307,0.184845,0.0,0.265737,0.0,0.0,0.18519,0.06185,0.0,0.270348,0.0,0.0,0.185443,0.081328,0.166542,0.307114,0.068812,0.0,0.0,0.0,0.219094,0.260151,0.224318,0.158036,0.0,0.0,0.0,0.273775,0.0,0.0,0.205404,0.21821,0.0,0.07367,0.18875,0.078497,0.02875,0.109101,0.0,0.0,0.0,0.043073,0.0,0.134048,0.0,0.0,0.212292,0.0,0.18688,0.0,2.7e-05,0.224136,0.085521,0.202299,0.23966,0.071134,0.0,0.0,0.252015,0.069436,0.0,0.197141,0.167262,0.254864,0.215326,0.0,0.0,0.295462,0.185708,0.0,0.0,0.0,0.089899,0.196755,0.0,0.0,0.0,0.0,0.0,0.161871,0.224173,0.087781,0.0,0.0,0.0,0.08841,0.232733,0.240306,0.0,0.12748,0.0,0.074015,0.0,0.0,0.0,0.0,0.112948,0.0,0.281885,0.0,0.161371,0.0,0.224194,0.383312,0.0,0.254533,0.270855,0.065741,0.0,0.0,0.096361,0.19462,0.316733,0.0,0.222971,0.194604,0.268384,5e-06,0.0,0.0,0.0,0.0,0.0,0.286929,0.0,0.0,0.0,0.216513,0.080788,0.0,0.0,0.06567,0.0,0.267407,0.0,0.100907,0.0,0.192659,0.259925,0.0,0.0,1.248827,0.0,0.0,0.225542,0.213752,0.234456,0.287191,0.0,0.075336,0.235374,0.185346,0.074135,0.0,0.019113,0.0,0.0,0.0,0.368537,0.164069,0.123497,0.0,0.0,0.0,0.309049,0.473173,0.0,0.185812,0.0,0.075747,0.0,0.218995,0.0,0.256679,0.0,0.0,0.0,0.0,0.0,0.0,0.195086,0.0,0.271802,0.262389,0.118959,0.0,0.0,0.0,0.022313,0.0,0.0,0.0,0.303646,0.0,0.0,0.148239,0.554358,0.215186,0.221177,0.582136,0.248406,0.0,0.0,0.0,0.0,0.0,0.0,0.0,0.211572,0.0,0.21731,0.194284,0.284669,0.170865,0.244619,0.574886,0.073623,0.0,0.0,0.0,0.0,0.256261,0.0,0.0,0.098275,0.084682,0.0,0.0,0.075601,0.235663,0.0,0.0,0.07754,0.094833,0.083297,0.092977,0.0,0.189627,0.0,0.0,0.257947,0.090732,0.0,0.0
TCGA-85-6798,0.0,0.0,0.0,0.0,0.0,0.229589,0.208109,0.27546,0.083384,0.0,0.221091,0.0,0.0,0.0,0.0,0.271171,0.0,0.126588,0.0,0.0,0.079968,0.0,0.0,0.0,0.0,0.0,0.0,0.0,0.064994,0.225217,0.0,0.0,0.222811,0.605346,0.0,0.146611,0.06847,0.0,0.0,0.0,0.0,0.183408,0.0,0.270998,0.0,0.076986,0.212749,0.0,0.0,0.213713,0.0,0.174963,0.0,0.939786,0.0,0.144565,0.229271,0.227517,0.164498,0.265981,0.075198,0.0,0.183845,0.064012,0.065783,0.205202,0.0,0.052807,0.26082,0.0,0.0572,0.0,0.076957,0.226106,0.0,0.0,0.0,0.0,0.033383,0.0,0.0,0.523506,0.172081,0.0,0.0,0.080386,0.066073,0.09952,0.144245,0.106288,0.161073,0.244573,0.187877,0.0,0.333489,0.0,0.0,0.0,0.0,0.228475,0.0,0.0,0.379575,0.304312,0.305127,0.0,0.147572,0.272231,0.211395,0.208329,0.052697,0.0,0.057525,0.0,0.0,0.317756,0.0,0.227475,0.0,0.0,0.230399,0.342353,0.0,0.0,0.0,0.0,0.212099,0.330164,0.302881,1e-06,0.0,0.250429,0.0,0.108742,0.25907,0.224862,0.207853,0.053219,0.05123,0.0,0.092719,0.051157,0.186832,0.089005,0.0,0.0,0.0,0.070122,0.0,0.0,0.233092,0.061173,0.102527,0.201148,0.0,0.175943,0.068342,0.036628,0.218666,0.0,0.230651,0.0,0.0,0.256026,0.083611,0.090785,0.0,0.0,0.0,0.074144,0.0,0.178226,0.0,0.0,0.0,0.0,0.0,0.0,0.204312,0.500272,0.0,0.0,0.0,0.0,0.0,0.203908,0.09238,0.2183,0.0,0.0,0.0,0.0,0.188358,0.0,0.091485,0.098632,0.082798,0.154321,0.087497,0.0,0.249028,0.0,1.949729,0.052579,0.0,0.0,0.179325,0.994734,0.0,0.0,0.0,0.0,0.0,0.0,0.000485,0.144294,0.0,0.600537,0.0,0.0,0.0,0.279709,0.0,0.260284,0.208558,0.0,0.0,0.0,0.0,0.0,0.30433,0.0,0.0,0.171608,0.0,0.078752,0.250874,0.216636,0.220126,0.0,0.054653,0.0,0.0,0.0,0.0,0.209088,0.200781,0.0,0.188637,0.100692,0.108192,0.0,0.227152,0.068086,1.103436,0.205668,0.0,0.243448,0.0,0.396223,0.0,0.125128,0.0,0.0,0.0,0.0,0.0,0.0,0.209607,0.17818,7.3e-05,0.264967,0.0,0.0,0.213993,0.092134,0.0,0.265496,0.0,0.0,0.192765,0.074763,0.172463,0.30425,0.071898,0.0,0.0,0.0,0.208031,0.261846,0.218818,0.24934,0.0,0.0,0.0,0.269539,0.0,0.0,0.199622,0.233646,0.0,0.078924,0.202193,0.181368,0.046866,0.180413,0.0,0.0,0.0,0.03642,0.0,0.230548,0.0,0.0,0.24311,0.0,0.202156,0.0,0.000254,0.247034,0.084609,0.201976,0.259577,0.078893,0.0,0.0,0.246013,0.052669,0.0,0.193319,0.17649,0.121937,0.254628,0.0,0.0,0.283252,0.181596,0.0,0.0,0.0,0.100824,0.209216,0.0,0.0,0.0,0.0,0.0,0.142542,0.232871,0.093003,0.0,0.0,0.0,0.08777,0.22755,0.24434,0.0,0.131645,0.0,0.079907,0.0,0.0,0.0,0.0,0.128264,0.0,0.279788,0.0,0.22253,0.0,0.195931,0.252617,0.0,0.253402,0.255104,0.087276,0.0,0.0,0.042445,0.223076,0.314494,0.0,0.230995,0.176417,0.262169,1.3e-05,0.0,0.0,0.0,0.0,0.0,0.262276,0.0,0.0,0.0,0.225172,0.085667,0.0,0.0,0.046368,0.0,0.275938,0.0,0.10067,0.0,0.195735,0.242458,0.0,0.0,1.29481,0.0,0.0,0.206443,0.238079,0.232955,0.326866,0.0,0.067249,0.162457,0.173674,0.07509,0.0,0.03436,0.0,0.0,0.0,0.384016,0.176269,0.132906,0.0,0.0,0.0,0.365342,0.508728,0.0,0.210364,0.0,0.162517,0.0,0.230001,0.0,0.284299,0.0,0.0,0.0,0.0,0.0,0.0,0.202121,0.0,0.252433,0.340099,0.067783,0.0,0.0,0.0,0.037492,0.0,0.0,0.0,0.186083,0.0,0.0,0.143873,0.590534,0.224309,0.290664,0.626188,0.252199,0.0,0.0,0.0,0.0,0.0,0.0,0.0,0.13618,0.0,0.221403,0.188886,0.252228,0.177775,0.227979,0.63935,0.181224,0.0,0.0,0.0,0.0,0.253295,0.0,2e-06,0.0411,0.085771,0.0,0.0,0.07161,0.226297,0.0,0.0,0.184799,0.091292,0.049533,0.09969,0.0,0.271029,0.0,0.0,0.245389,0.091919,0.0,0.0
TCGA-85-8072,0.0,0.0,0.0,0.0,0.0,0.233228,0.209225,0.299691,0.064265,0.0,0.252467,0.0,0.0,0.0,0.0,0.300728,0.0,0.171598,0.0,0.0,0.05733,0.0,0.0,0.0,0.0,0.0,0.0,0.0,0.053299,0.237592,0.0,0.0,0.251897,0.569802,0.0,0.120698,0.057049,0.0,0.0,0.0,0.0,0.157456,0.0,0.309248,0.0,0.056986,0.304403,0.0,0.0,0.199652,0.0,0.259769,0.0,0.953929,0.0,0.114674,0.252331,0.229444,0.174019,0.306781,0.065132,0.0,0.146068,0.050874,0.044021,0.20924,0.0,0.049433,0.15717,0.0,0.045265,0.0,0.062468,0.233633,0.0,0.0,0.0,0.0,0.020222,0.0,0.0,0.494469,0.179298,0.0,0.0,0.063631,0.055192,0.083345,0.149081,0.112766,0.167853,0.255566,0.247404,0.0,0.324711,0.0,0.0,1e-06,0.0,0.226814,0.0,0.0,0.470964,0.336453,0.324155,0.0,0.142575,0.162418,0.20534,0.208074,0.043026,0.0,0.04534,0.0,0.0,0.315106,0.0,0.156503,0.0,0.0,0.196967,0.409741,0.0,0.0,0.0,0.0,0.206001,0.227207,0.327672,0.0,0.0,0.270636,0.0,0.087436,0.161047,0.244791,0.181706,0.05043,0.027557,0.0,0.076409,0.035443,0.193331,0.068702,0.0,0.0,0.0,0.055619,0.0,0.0,0.257596,0.047471,0.078126,0.198016,0.0,0.203068,0.047783,0.033573,0.22238,0.0,0.201877,0.0,0.0,0.265765,0.060785,0.072709,0.0,0.0,0.0,0.058306,0.0,0.14979,0.0,0.0,0.0,0.0,0.0,0.0,0.228537,0.480903,0.0,0.0,0.0,0.0,0.0,0.233516,0.072608,0.221188,0.0,0.0,0.0,0.0,0.153666,1e-06,0.071469,0.076238,0.081153,0.211456,0.057328,0.0,0.264392,0.0,1.869978,0.040203,0.0,0.0,0.187575,0.946962,0.0,0.0,0.0,0.0,0.0,0.0,0.000214,0.181621,0.0,0.58134,0.0,0.0,0.0,0.299092,0.0,0.273692,0.217446,0.0,0.0,0.0,0.0,0.0,0.314631,0.0,0.0,0.180205,0.0,0.052303,0.26274,0.214521,0.218837,1e-06,0.0462,0.0,0.0,0.0,0.0,0.215047,0.129586,0.0,0.19721,0.097597,0.093533,0.0,0.252008,0.038653,1.049913,0.256901,0.0,0.297403,0.0,0.501481,0.0,0.129231,0.0,0.0,0.0,0.0,0.0,0.0,0.224199,0.18181,3.5e-05,0.296839,0.0,0.0,0.22898,0.12037,0.0,0.306429,0.0,0.0,0.16641,0.062917,0.177752,0.350713,0.058169,0.0,0.0,0.0,0.214196,0.272539,0.225269,0.339293,0.0,0.0,0.0,0.306526,0.0,0.0,0.195872,0.226872,0.0,0.061224,0.183646,0.254926,0.048082,0.233674,0.0,8e-06,0.0,0.028103,0.0,0.277079,0.0,0.0,0.237178,0.0,0.165186,0.0,5.6e-05,0.286067,0.068851,0.215831,0.295921,0.061088,0.0,0.0,0.264562,0.037101,0.0,0.187833,0.151193,0.066491,0.253683,0.0,0.0,0.303269,0.181606,0.0,0.0,0.0,0.082663,0.2303,0.0,0.0,0.0,0.0,0.0,0.14951,0.263233,0.07658,0.0,0.0,0.0,0.075164,0.244456,0.27087,0.0,0.103304,0.0,0.061066,0.0,0.0,0.0,0.0,0.102403,0.0,0.315809,0.0,0.223809,0.0,0.190443,0.166102,0.0,0.26379,0.277363,0.0742,0.0,0.0,0.020116,0.218592,0.357757,0.0,0.228242,0.165213,0.280968,1.6e-05,0.0,0.0,0.0,0.0,0.0,0.273588,0.0,0.0,0.0,0.227832,0.06789,0.0,0.0,0.040373,0.0,0.318087,0.0,0.076713,0.0,0.174057,0.250968,0.0,0.0,1.264456,0.0,0.0,0.212076,0.231666,0.246749,0.322909,0.0,0.052444,0.104679,0.172802,0.060759,0.0,0.032821,0.0,0.0,0.0,0.475295,0.191873,0.109016,0.0,0.0,0.0,0.467952,0.466148,0.0,0.176783,1e-06,0.218506,0.0,0.252959,0.0,0.244316,0.0,0.0,0.0,0.0,0.0,0.0,0.196606,0.0,0.268065,0.435168,0.051849,0.0,0.0,0.0,0.040153,0.0,0.0,0.0,0.110851,0.0,0.0,0.130066,0.577486,0.248351,0.377729,0.606707,0.287406,0.0,0.0,0.0,0.0,0.0,0.0,0.0,0.079506,0.0,0.213189,0.193198,0.260614,0.149544,0.24292,0.645972,0.302629,0.0,0.0,0.0,0.0,0.286917,0.0,2e-06,0.022608,0.063838,0.0,0.0,0.056667,0.241815,0.0,0.0,0.284072,0.072635,0.035194,0.077992,0.0,0.352541,0.0,0.0,0.275941,0.070921,0.0,0.0
TCGA-85-8276,0.0,0.0,0.0,0.0,0.0,0.204506,0.231151,0.251381,0.107007,0.0,0.203488,0.0,0.0,0.0,0.0,0.244556,0.0,0.200047,0.0,0.0,0.096909,0.0,0.0,1e-06,0.0,0.0,0.0,0.0,0.092841,0.212227,0.0,0.0,0.196968,0.656807,0.0,0.163567,0.092159,0.0,0.0,0.0,0.0,0.193794,0.0,0.253843,0.0,0.097816,0.269299,0.0,0.0,0.222811,0.0,0.215098,0.0,0.953988,0.0,0.173075,0.218357,0.238063,0.154661,0.255168,0.081647,0.0,0.191282,0.073477,0.071184,0.237296,0.0,0.052699,0.254519,0.0,0.074518,0.0,0.099899,0.21658,0.0,0.0,0.0,0.0,0.037082,0.0,0.0,0.55168,0.170498,0.0,0.0,0.080254,0.088937,0.128488,0.134366,0.104119,0.163718,0.225472,0.213268,0.0,0.358571,0.0,0.0,1e-06,0.0,0.215921,0.0,0.0,0.349968,0.270631,0.288238,0.0,0.153538,0.255198,0.191146,0.215428,0.05791,0.0,0.077253,0.0,0.0,0.330217,0.0,0.224897,0.0,0.0,0.246583,0.335119,0.0,0.0,0.0,0.0,0.215083,0.308711,0.28317,0.0,0.0,0.229702,0.0,0.138665,0.21058,0.218144,0.233039,0.053991,0.059446,0.0,0.124296,0.072227,0.195288,0.111851,0.0,0.0,0.0,0.090863,0.0,0.0,0.211511,0.081518,0.120136,0.197227,0.0,0.160317,0.06837,0.051531,0.193958,0.0,0.260896,0.0,0.0,0.22846,0.072699,0.119723,0.0,0.0,0.0,0.102811,0.0,0.196422,0.0,0.0,0.0,0.0,0.0,0.0,0.175366,0.540535,0.0,0.0,0.0,0.0,0.0,0.18556,0.121073,0.200139,0.0,0.0,0.0,0.0,0.201299,1e-06,0.116881,0.123464,0.073267,0.183742,0.096282,0.0,0.228804,1e-06,1.973634,0.064813,0.0,0.0,0.197916,1.018136,0.0,0.0,1e-06,0.0,0.0,0.0,0.000361,0.214456,0.0,0.652566,0.0,0.0,0.0,0.2622,1e-06,0.240838,0.202832,0.0,0.0,0.0,0.0,0.0,0.322914,0.0,0.0,0.175703,0.0,0.08075,0.23491,0.205762,0.201316,0.0,0.081777,0.0,0.0,0.0,0.0,0.232824,0.183935,0.0,0.172611,0.087919,0.141253,0.0,0.224837,0.079744,1.155608,0.224383,0.0,0.247987,0.0,0.396359,0.0,0.11083,0.0,0.0,0.0,0.0,0.0,0.0,0.191195,0.169061,4.8e-05,0.248631,0.0,0.0,0.239027,0.134314,0.0,0.237833,0.0,0.0,0.203166,0.102374,0.172891,0.281682,0.09502,0.0,0.0,0.0,0.192206,0.261311,0.212456,0.266003,0.0,0.0,0.0,0.254288,0.0,0.0,0.195304,0.244775,0.0,0.102394,0.212665,0.234216,0.09015,0.210601,0.0,1e-06,0.0,0.040856,0.0,0.264443,0.0,0.0,0.258518,2e-06,0.215738,0.0,0.003444,0.23429,0.109588,0.188755,0.259254,0.1049,0.0,0.0,0.241994,0.060775,0.0,0.195124,0.197259,0.080162,0.27935,0.0,0.0,0.265224,0.170669,0.0,0.0,0.0,0.125444,0.21156,0.0,0.0,0.0,0.0,0.0,0.14953,0.222331,0.12248,0.0,0.0,0.0,0.107845,0.210061,0.219065,0.0,0.152332,0.0,0.098548,0.0,0.0,0.0,0.0,0.162819,0.0,0.273881,0.0,0.250565,0.0,0.175595,0.228166,0.0,0.25112,0.228822,0.120893,0.0,0.0,0.054231,0.242652,0.303345,0.0,0.24993,0.16474,0.250222,4.9e-05,0.0,0.0,0.0,0.0,0.0,0.237326,0.0,0.0,0.0,0.239113,0.104439,0.0,0.0,0.056128,0.0,0.253766,0.0,0.126836,1e-06,0.20542,0.224783,0.0,0.0,1.313881,0.0,0.0,0.196367,0.249895,0.217884,0.361958,0.0,0.087657,0.150336,0.167272,0.094641,0.0,0.061181,0.0,0.0,0.0,0.350295,0.17513,0.149351,0.0,0.0,0.0,0.383998,0.549825,0.0,0.241801,0.0,0.221417,0.0,0.224197,0.0,0.317765,0.0,0.0,0.0,0.0,0.0,0.0,0.202602,0.0,0.253816,0.359254,0.077972,0.0,0.0,0.0,0.073299,0.0,0.0,0.0,0.160535,0.0,0.0,0.151214,0.616117,0.213204,0.246487,0.657993,0.238416,0.0,0.0,0.0,0.0,0.0,0.0,0.0,0.126017,0.0,0.227797,0.187908,0.224247,0.197631,0.215399,0.664454,0.226379,0.0,0.0,0.0,0.0,0.226588,0.0,1e-06,0.043073,0.108133,0.0,0.0,0.092053,0.22562,0.0,0.0,0.241433,0.112893,0.042994,0.121616,0.0,0.284521,0.0,0.0,0.218854,0.115507,0.0,0.0
TCGA-85-8350,0.0,0.0,0.0,0.0,0.0,0.151304,0.301822,0.202601,0.166423,0.0,0.146804,0.0,0.0,0.0,0.0,0.178831,0.0,0.184867,0.0,0.0,0.171973,0.0,0.0,0.0,0.0,0.0,0.0,0.0,0.177777,0.151151,0.0,0.0,0.145948,0.799428,0.0,0.226395,0.154306,0.0,0.0,0.0,0.0,0.282297,0.0,0.192381,0.0,0.192271,0.24754,0.0,0.0,0.307411,0.0,0.204023,0.0,1.079331,0.0,0.290243,0.178835,0.321196,0.101049,0.198363,0.034826,0.0,0.283063,0.031258,0.027926,0.304746,0.0,0.022868,0.380411,0.0,0.145043,0.0,0.180127,0.1741,0.0,0.0,0.0,0.0,0.07737,0.0,0.0,0.692802,0.1122,0.0,0.0,0.04367,0.162373,0.224613,0.094524,0.067833,0.119427,0.167504,0.225106,0.0,0.474553,0.0,0.0,0.0,0.0,0.178893,0.0,0.0,0.27052,0.209183,0.222791,0.0,0.204807,0.33341,0.131228,0.283365,0.024827,0.0,0.147158,0.0,0.0,0.444436,0.0,0.334996,0.0,0.0,0.362696,0.270235,0.0,0.0,0.0,0.0,0.290936,0.360699,0.210999,0.0,0.0,0.175159,0.0,0.219835,0.239456,0.16495,0.324955,0.057473,0.024571,0.0,0.208395,0.040344,0.263605,0.200551,0.0,0.0,0.0,0.175914,0.0,0.0,0.163972,0.150191,0.221613,0.277543,0.0,0.120159,0.030771,0.014805,0.148596,0.0,0.365008,0.0,0.0,0.178924,0.127283,0.189164,0.0,0.0,0.0,0.214946,0.0,0.287029,0.0,0.0,0.0,0.0,0.0,0.0,0.132026,0.661382,0.0,0.0,0.0,0.0,0.0,0.134065,0.232955,0.150251,0.0,0.0,0.0,0.0,0.306996,0.0,0.19412,0.205579,0.040193,0.206875,0.169046,0.0,0.185969,0.0,2.234324,0.021506,0.0,0.0,0.260624,1.21501,0.0,0.0,0.0,0.0,0.0,0.0,0.0,0.189672,0.0,0.789414,0.0,0.0,0.0,0.206826,0.0,0.186869,0.152799,0.0,0.0,0.0,0.0,0.0,0.424694,0.0,0.0,0.120597,0.0,0.042815,0.179754,0.157848,0.157448,0.0,0.139245,0.0,0.0,0.0,0.0,0.305136,0.168466,0.0,0.13139,0.05235,0.242045,0.0,0.177823,0.040982,1.35129,0.269924,0.0,0.190397,0.0,0.336287,0.0,0.080736,0.0,0.0,0.0,0.0,0.0,0.0,0.137178,0.124194,0.0,0.201701,0.0,0.0,0.317808,0.129084,0.0,0.174489,0.0,0.0,0.298887,0.177525,0.126234,0.223371,0.170984,0.0,0.0,0.0,0.143653,0.197545,0.157845,0.213652,0.0,0.0,0.0,0.190671,0.0,0.0,0.144403,0.325368,0.0,0.171608,0.296569,0.220348,0.10053,0.240863,0.0,0.0,0.0,0.018308,0.0,0.309125,0.0,0.0,0.353643,0.0,0.323008,0.0,0.000304,0.199864,0.194826,0.138397,0.204167,0.219878,0.0,0.0,0.182235,0.026778,0.0,0.269646,0.264192,0.078212,0.373094,0.0,0.0,0.199279,0.127894,0.0,0.0,0.0,0.241276,0.175291,0.0,0.0,0.0,0.0,0.0,0.085276,0.173313,0.210549,0.0,0.0,0.0,0.155921,0.164206,0.163982,0.0,0.247115,0.0,0.171861,0.0,0.0,0.0,0.0,0.263239,0.0,0.198174,0.0,0.343642,0.0,0.120918,0.227448,0.0,0.186501,0.176484,0.214781,0.0,0.0,0.019273,0.329302,0.231887,0.0,0.312459,0.115489,0.193535,2e-05,0.0,0.0,0.0,0.0,0.0,0.185912,0.0,0.0,0.0,0.295897,0.184827,0.0,0.0,0.02505,0.0,0.202073,0.0,0.253334,0.0,0.287445,0.176156,0.0,0.0,1.503533,0.0,0.0,0.153366,0.32657,0.165037,0.468651,0.0,0.162357,0.138439,0.124439,0.169737,0.0,0.076761,0.0,0.0,0.0,0.268537,0.123334,0.225126,0.0,0.0,0.0,0.298129,0.697726,0.0,0.344769,0.0,0.201919,0.0,0.172658,0.0,0.447261,0.0,0.0,0.0,0.0,0.0,0.0,0.273487,0.0,0.181017,0.282409,0.026783,0.0,0.0,0.0,0.121947,0.0,0.0,0.0,0.16256,0.0,0.0,0.217396,0.751492,0.165667,0.230967,0.793795,0.180158,0.0,0.0,0.0,0.0,0.0,0.0,0.0,0.118491,0.0,0.300268,0.133821,0.164909,0.286595,0.15474,0.783044,0.195796,0.0,0.0,0.0,0.0,0.178345,0.0,0.0,0.016331,0.198415,0.0,0.0,0.177082,0.169971,0.0,0.0,0.212983,0.18193,0.024568,0.216423,0.0,0.232615,0.0,0.0,0.160499,0.19688,0.0,0.0
TCGA-85-8355,0.0,0.0,0.0,0.0,0.0,0.140087,0.300041,0.16883,0.194509,0.0,0.115684,0.0,0.0,0.0,0.0,0.149971,0.0,0.106935,0.0,0.0,0.195492,0.0,0.0,0.0,0.0,0.0,0.0,0.0,0.16789,0.129541,0.0,0.0,0.12159,0.766672,0.0,0.244475,0.174983,0.0,0.0,0.0,0.0,0.291668,0.0,0.145888,0.0,0.214753,0.150319,0.0,0.0,0.311389,0.0,0.119191,0.0,1.007003,0.0,0.305924,0.138247,0.319855,0.085775,0.153329,0.030417,0.0,0.300798,0.019744,0.028034,0.291141,0.0,0.011225,0.410213,0.0,0.16386,0.0,0.197978,0.137504,0.0,0.0,0.0,0.0,0.107654,0.0,0.0,0.668459,0.092826,0.0,0.0,0.034075,0.174438,0.239866,0.079847,0.045547,0.095405,0.142004,0.177784,0.0,0.45818,0.0,0.0,0.0,0.0,0.14838,0.0,0.0,0.207451,0.172257,0.184806,0.0,0.219973,0.367472,0.123236,0.281916,0.014427,0.0,0.164229,0.0,0.0,0.434947,0.0,0.36859,0.0,0.0,0.36317,0.19857,0.0,0.0,0.0,0.0,0.296414,0.409457,0.176746,0.0,0.0,0.150096,0.0,0.230731,0.299457,0.139952,0.328852,0.065194,0.022991,0.0,0.218176,0.029727,0.257155,0.206108,0.0,0.0,0.0,0.194891,0.0,0.0,0.131155,0.168679,0.24796,0.282218,0.0,0.086708,0.024402,0.006126,0.123905,0.0,0.356842,0.0,0.0,0.149785,0.158265,0.202248,0.0,0.0,0.0,0.206542,0.0,0.304955,0.0,0.0,0.0,0.0,0.0,0.0,0.103252,0.64285,0.0,0.0,0.0,0.0,0.0,0.109671,0.225748,0.129512,0.0,0.0,0.0,0.0,0.317741,0.0,0.208684,0.219227,0.033972,0.12847,0.198129,0.0,0.154517,0.0,2.159504,0.014721,0.0,0.0,0.25499,1.180578,0.0,0.0,0.0,5e-06,0.0,0.0,0.0,0.116801,0.0,0.747549,0.0,0.0,0.0,0.172124,2e-06,0.159394,0.120988,0.0,0.0,0.0,0.0,0.0,0.387689,0.0,0.0,0.090082,0.0,0.034455,0.154953,0.12523,0.135819,0.0,0.148666,0.0,0.0,0.0,0.0,0.292743,0.205701,0.0,0.107779,0.037534,0.244273,0.0,0.13586,0.041287,1.305566,0.218004,0.0,0.132849,0.0,0.239825,0.0,0.055128,0.0,0.0,0.0,0.0,0.0,0.0,0.108661,0.1002,0.0,0.163057,0.0,0.0,0.294056,0.070557,0.0,0.136981,0.0,0.0,0.309108,0.192387,0.099126,0.175395,0.184518,0.0,0.0,0.0,0.11525,0.161851,0.125989,0.138286,0.0,0.0,0.0,0.16051,0.0,0.0,0.120068,0.325756,0.0,0.180165,0.303007,0.130203,0.105107,0.185436,0.0,0.0,0.0,0.007103,0.0,0.244216,0.0,0.0,0.341766,0.0,0.337104,0.0,2.2e-05,0.149338,0.213168,0.111418,0.153704,0.210816,0.0,0.0,0.148989,0.014343,0.0,0.284396,0.274915,0.115872,0.351209,0.0,0.0,0.164428,0.103129,0.0,0.0,0.0,0.246445,0.126419,0.0,0.0,0.0,0.0,0.0,0.061196,0.13561,0.222562,0.0,0.0,0.0,0.180034,0.132924,0.139362,0.0,0.267358,0.0,0.18937,0.0,0.0,0.0,0.0,0.28111,0.0,0.15878,0.0,0.301348,0.0,0.101752,0.267275,0.0,0.156589,0.145901,0.194314,0.0,0.0,0.016221,0.323298,0.181066,0.0,0.317371,0.104869,0.157328,7e-06,0.0,0.0,0.0,0.0,0.0,0.167828,0.0,0.0,0.0,0.297762,0.209304,0.0,0.0,0.012432,0.0,0.157108,0.0,0.2611,9e-06,0.297462,0.14803,0.0,0.0,1.452242,0.0,0.0,0.123078,0.326501,0.132084,0.447211,0.0,0.192076,0.150783,0.097269,0.184725,0.0,0.092165,0.0,0.0,0.0,0.204628,0.093139,0.235002,0.0,0.0,0.0,0.209124,0.680043,0.0,0.351809,0.0,0.12237,0.0,0.1296,0.0,0.43142,0.0,0.0,0.0,0.0,0.0,0.0,0.276087,0.0,0.149171,0.186845,0.027293,0.0,0.0,0.0,0.080258,0.0,0.0,0.0,0.189491,0.0,0.0,0.228706,0.717797,0.126373,0.193571,0.762673,0.142598,0.0,0.0,0.0,0.0,0.0,0.0,0.0,0.128733,0.0,0.308432,0.107189,0.143632,0.303515,0.130588,0.717589,0.10754,0.0,0.0,0.0,0.0,0.1412,0.0,0.0,0.017712,0.217026,0.0,0.0,0.189573,0.13156,0.0,0.0,0.123431,0.200466,0.017642,0.237761,0.0,0.156737,0.0,0.0,0.129542,0.206372,0.0,0.0
TCGA-85-8580,0.0,0.0,0.0,0.0,0.0,0.266964,0.16749,0.324747,0.055324,0.0,0.259538,0.0,0.0,0.0,0.0,0.327367,0.0,0.110605,0.0,0.0,0.059906,0.0,0.0,0.0,0.0,0.0,0.0,0.0,0.041013,0.268873,0.0,0.0,0.263747,0.528494,0.0,0.110641,0.046947,0.0,0.0,0.0,0.0,0.145215,0.0,0.312538,0.0,0.053733,0.174232,0.0,0.0,0.178042,0.0,0.144989,0.0,0.891732,0.0,0.102608,0.270733,0.181529,0.19936,0.293998,0.120252,0.0,0.147639,0.103185,0.114341,0.159997,0.0,0.087741,0.290293,0.0,0.040569,0.0,0.051307,0.266707,0.0,0.0,0.0,0.0,0.027566,0.0,0.0,0.459094,0.211574,0.0,0.0,0.113311,0.044518,0.066532,0.184511,0.136109,0.195167,0.298042,0.147687,0.0,0.275946,0.0,0.0,0.0,0.0,0.273675,0.0,0.0,0.407415,0.356629,0.362606,0.0,0.117059,0.323315,0.265929,0.176897,0.083356,0.0,0.039679,0.0,0.0,0.266633,0.0,0.234263,0.0,0.0,0.181357,0.387711,0.0,0.0,0.0,0.0,0.177032,0.373066,0.359299,0.0,0.0,0.303561,0.0,0.079558,0.305067,0.259408,0.157983,0.042712,0.097238,0.0,0.060922,0.08364,0.152762,0.060233,0.0,0.0,0.0,0.049783,0.0,0.0,0.269595,0.045302,0.076052,0.167513,0.0,0.204813,0.113986,0.064945,0.269713,0.0,0.176323,0.0,0.0,0.306606,0.072172,0.058352,0.0,0.0,0.0,0.051859,0.0,0.13875,0.0,0.0,0.0,0.0,0.0,0.0,0.238916,0.429897,0.0,0.0,0.0,0.0,0.0,0.237561,0.062379,0.268199,0.0,0.0,0.0,0.0,0.150302,0.0,0.062662,0.068349,0.122694,0.125737,0.061879,0.0,0.286736,0.0,1.856117,0.090141,0.0,0.0,0.137607,0.906341,0.0,0.0,0.0,0.0,0.0,0.0,2e-06,0.12239,0.0,0.527646,0.0,0.0,0.0,0.333372,0.0,0.307486,0.257673,0.0,0.0,0.0,0.0,0.0,0.240349,1e-06,0.0,0.211269,0.0,0.122592,0.299393,0.261585,0.272107,0.0,0.035396,0.0,0.0,0.0,0.0,0.164998,0.252572,0.0,0.236039,0.131439,0.069763,0.0,0.270316,0.117679,1.031968,0.171259,0.0,0.268711,0.0,0.406391,0.0,0.163087,0.0,0.0,0.0,0.0,0.0,0.0,0.25721,0.212377,0.0,0.308156,0.0,0.0,0.169347,0.102954,0.0,0.312991,0.0,0.0,0.153102,0.051815,0.200904,0.35248,0.047043,0.0,0.0,0.0,0.248934,0.300566,0.254811,0.252487,0.0,0.0,0.0,0.30792,0.0,0.0,0.243736,0.192715,0.0,0.050787,0.162791,0.14941,0.028389,0.141273,0.0,0.0,0.0,0.068234,0.0,0.192115,0.0,0.0,0.189609,0.0,0.158512,0.0,0.001519,0.278349,0.058803,0.236032,0.29324,0.055041,0.0,0.0,0.287575,0.087958,0.0,0.155162,0.13458,0.163886,0.199705,0.0,0.0,0.334291,0.214141,0.0,0.0,0.0,0.070598,0.242641,0.0,0.0,0.0,0.0,0.0,0.187191,0.262991,0.062254,0.0,0.0,0.0,0.059275,0.268755,0.277115,0.0,0.093732,0.0,0.056493,0.0,0.0,0.0,0.0,0.085306,0.0,0.320961,0.0,0.177251,0.0,0.236255,0.310056,0.0,0.295102,0.299466,0.052409,0.0,0.0,0.089234,0.178832,0.358319,0.0,0.191109,0.216077,0.305415,6e-06,0.0,0.0,0.0,0.0,0.0,0.317081,0.0,0.0,0.0,0.185394,0.056089,0.0,0.0,0.087546,0.0,0.312024,0.0,0.071942,0.0,0.155704,0.288286,0.0,0.0,1.229189,0.0,0.0,0.248421,0.1938,0.271909,0.26755,0.0,0.046542,0.213448,0.22461,0.05234,0.0,0.02442,0.0,0.0,0.0,0.429374,0.199304,0.097155,0.0,0.0,0.0,0.403139,0.440237,0.0,0.153723,0.0,0.162769,0.0,0.265034,0.0,0.216418,0.0,0.0,0.0,0.0,0.0,0.0,0.1694,0.0,0.303333,0.356286,0.110215,0.0,0.0,0.0,0.017951,0.0,0.0,0.0,0.23619,0.0,0.0,0.112786,0.530215,0.258082,0.249479,0.559175,0.288286,0.0,0.0,0.0,0.0,0.0,0.0,0.0,0.183579,0.0,0.182509,0.223312,0.302982,0.140368,0.268738,0.593141,0.136135,0.0,0.0,0.0,0.0,0.291739,0.0,0.0,0.085335,0.062441,0.0,0.0,0.048927,0.267349,0.0,0.0,0.140521,0.06607,0.08421,0.066054,0.0,0.280781,0.0,0.0,0.286949,0.063752,0.0,0.0
TCGA-85-8664,0.0,0.0,0.0,0.0,0.0,0.212836,0.235934,0.260157,0.109929,0.0,0.231538,0.0,0.0,0.0,0.0,0.274703,0.0,0.161337,0.0,0.0,0.106905,0.0,0.0,0.0,0.0,0.0,0.0,0.0,0.110534,0.215831,0.0,0.0,0.232852,0.628224,0.0,0.151416,0.099873,0.0,0.0,0.0,0.0,0.202051,0.0,0.287578,0.0,0.120295,0.27875,0.0,0.0,0.236048,0.0,0.248251,0.0,0.983409,0.0,0.178855,0.231261,0.274951,0.164953,0.276563,0.061795,0.0,0.175817,0.05128,0.049635,0.236203,0.0,0.04803,0.198517,0.0,0.092058,0.0,0.121631,0.213862,0.0,0.0,0.0,0.0,0.050096,0.0,0.0,0.544536,0.151202,0.0,0.0,0.060446,0.103008,0.146076,0.136147,0.102047,0.143746,0.227714,0.242967,0.0,0.378548,0.0,0.0,0.0,0.0,0.196025,0.0,0.0,0.439273,0.308387,0.286485,0.0,0.174518,0.189715,0.188805,0.223881,0.039788,0.0,0.098282,0.0,0.0,0.343863,0.0,0.207859,0.0,0.0,0.242838,0.369465,0.0,0.0,0.0,0.0,0.239201,0.254156,0.291613,0.0,0.0,0.257102,0.0,0.139098,0.174744,0.224286,0.225719,0.050717,0.030354,0.0,0.135286,0.025805,0.213749,0.124191,0.0,0.0,0.0,0.114694,0.0,0.0,0.235106,0.099283,0.141349,0.226606,0.0,0.186449,0.043267,0.036065,0.197261,0.0,0.249295,0.0,0.0,0.243087,0.099214,0.119582,0.0,0.0,0.0,0.135734,0.0,0.184137,0.0,0.0,0.0,0.0,0.0,0.0,0.204463,0.528748,0.0,0.0,0.0,0.0,0.0,0.210607,0.139498,0.203239,0.0,0.0,0.0,0.0,0.194406,0.0,0.120406,0.127536,0.075166,0.199496,0.107831,0.0,0.237366,0.0,1.928977,0.045422,0.0,0.0,0.217382,0.995106,0.0,0.0,0.0,0.0,0.0,0.0,0.0,0.177876,0.0,0.637993,0.0,0.0,0.0,0.270661,0.0,0.237944,0.201343,0.0,0.0,0.0,0.0,0.0,0.338615,0.0,0.0,0.164438,0.0,0.059313,0.230558,0.175895,0.191516,0.0,0.094575,0.0,0.0,0.0,0.0,0.248458,0.13525,0.0,0.173115,0.084578,0.157111,0.0,0.227477,0.045004,1.117904,0.24137,0.0,0.26517,0.0,0.445021,0.0,0.116622,0.0,0.0,0.0,0.0,0.0,0.0,0.20146,0.163221,0.0,0.264063,0.0,0.0,0.26752,0.110805,0.0,0.289782,0.0,0.0,0.210872,0.111328,0.154748,0.311687,0.119867,0.0,0.0,0.0,0.193918,0.234861,0.19759,0.315535,0.0,0.0,0.0,0.279399,0.0,0.0,0.179629,0.258863,0.0,0.104907,0.222294,0.24735,0.069895,0.231011,0.0,0.0,0.0,0.024803,0.0,0.271426,0.0,0.0,0.276837,0.0,0.217471,0.0,9.2e-05,0.254047,0.125755,0.200356,0.26348,0.139793,0.0,0.0,0.234735,0.027547,0.0,0.213249,0.183446,0.048806,0.3019,0.0,0.0,0.284289,0.153419,0.0,0.0,0.0,0.155321,0.200134,0.0,0.0,0.0,0.0,0.0,0.134463,0.230906,0.133398,0.0,0.0,0.0,0.104659,0.217189,0.24702,0.0,0.151065,0.0,0.101904,0.0,0.0,0.0,0.0,0.159198,0.0,0.292405,0.0,0.244759,0.0,0.173573,0.181857,0.0,0.234739,0.245853,0.135834,0.0,0.0,0.026298,0.264481,0.316725,0.0,0.263941,0.151265,0.253634,2.4e-05,0.0,0.0,0.0,0.0,0.0,0.248528,0.0,0.0,0.0,0.25061,0.11713,0.0,0.0,0.049908,0.0,0.283464,0.0,0.156135,0.0,0.217029,0.215747,0.0,0.0,1.304825,0.0,0.0,0.185197,0.268096,0.225939,0.374404,0.0,0.110629,0.108464,0.160436,0.110854,0.0,0.048805,0.0,0.0,0.0,0.430987,0.175627,0.145324,0.0,0.0,0.0,0.422664,0.530176,0.0,0.228272,0.0,0.209515,0.0,0.234582,0.0,0.299946,0.0,0.0,0.0,0.0,0.0,0.0,0.221797,0.0,0.244488,0.392574,0.065723,0.0,0.0,0.0,0.080237,0.0,0.0,0.0,0.117539,0.0,0.0,0.166767,0.612355,0.223815,0.344535,0.651163,0.258169,0.0,0.0,0.0,0.0,0.0,0.0,0.0,0.080748,0.0,0.24462,0.17521,0.240156,0.200524,0.209547,0.666324,0.291337,0.0,0.0,6e-06,0.0,0.261546,0.0,0.0,0.020776,0.123718,0.0,0.0,0.117452,0.22041,0.0,0.0,0.256137,0.116541,0.034762,0.136161,0.0,0.332329,0.0,0.0,0.24816,0.124667,0.0,0.0
TCGA-85-A4CL,0.0,0.0,0.0,0.0,0.0,0.25608,0.190084,0.319835,0.057225,0.0,0.272456,0.0,0.0,0.0,0.0,0.342975,0.0,0.146896,0.0,0.0,0.046245,0.0,0.0,0.0,0.0,0.0,0.0,0.0,0.044413,0.267937,0.0,0.0,0.272137,0.528708,0.0,0.103001,0.046543,1e-06,0.0,0.0,0.0,0.137484,0.0,0.343373,0.0,0.047644,0.258406,0.0,0.0,0.18519,0.0,0.204166,0.0,0.920486,0.0,0.090879,0.266398,0.216838,0.204437,0.31912,0.086626,0.0,0.127827,0.073506,0.067157,0.185508,0.0,0.064243,0.19576,0.0,0.035251,0.0,0.046737,0.258625,0.0,0.0,0.0,0.0,0.019715,0.0,0.0,0.463218,0.200766,0.0,0.0,0.072959,0.040571,0.061746,0.167312,0.131618,0.175871,0.283954,0.217811,0.0,0.284528,0.0,0.0,0.0,0.0,0.243326,0.0,0.0,0.480714,0.382162,0.357757,0.0,0.135382,0.225378,0.244648,0.186157,0.049214,0.0,0.035932,0.0,0.0,0.282098,0.0,0.175034,0.0,0.0,0.155613,0.432432,0.0,0.0,0.0,0.0,0.193385,0.272931,0.366406,1e-06,0.0,0.30216,0.0,0.069762,0.220783,0.26643,0.158952,0.042922,0.050581,0.0,0.060785,0.051547,0.179493,0.05469,0.0,0.0,0.0,0.045673,0.0,0.0,0.279443,0.041415,0.06067,0.177285,0.0,0.214449,0.071085,0.044435,0.255104,0.0,0.172849,0.0,0.0,0.296386,0.054134,0.055367,0.0,0.0,0.0,0.052655,0.0,0.128504,0.0,0.0,0.0,0.0,0.0,0.0,0.243938,0.442507,0.0,0.0,0.0,0.0,0.0,0.250282,0.060057,0.247151,0.0,0.0,0.0,0.0,0.13045,1e-06,0.056805,0.056614,0.101725,0.175699,0.050478,0.0,0.290868,0.0,1.821112,0.052446,0.0,0.0,0.176195,0.889323,0.0,0.0,0.0,0.0,0.0,0.0,0.0,0.136425,0.0,0.528763,0.0,0.0,0.0,0.339339,2e-06,0.305216,0.246118,0.0,0.0,0.0,0.0,0.0,0.264356,0.0,0.0,0.189304,0.0,0.076813,0.291894,0.225928,0.252005,0.0,0.0351,0.0,0.0,0.0,0.0,0.191642,0.178869,0.0,0.212421,0.108019,0.07126,0.0,0.266873,0.070946,0.993097,0.220078,0.0,0.296207,0.0,0.482995,0.0,0.144962,0.0,0.0,0.0,0.0,0.0,0.0,0.259382,0.197991,0.0,0.32434,0.0,0.0,0.20468,0.10523,0.0,0.341873,0.0,0.0,0.143102,0.047959,0.193006,0.374389,0.045351,0.0,0.0,0.0,0.227616,0.290062,0.240324,0.328671,0.0,0.0,0.0,0.327933,0.0,0.0,0.213712,0.20065,0.0,0.046333,0.163425,0.213814,0.029875,0.196357,0.0,0.0,0.0,0.039744,0.0,0.234911,0.0,0.0,0.204798,0.0,0.145391,0.0,8.1e-05,0.289121,0.053524,0.23903,0.299329,0.055152,0.0,0.0,0.274115,0.034979,0.0,0.181542,0.125682,0.141007,0.218355,0.0,0.0,0.346311,0.19176,0.0,0.0,0.0,0.067517,0.239976,0.0,0.0,0.0,0.0,0.0,0.165099,0.27264,0.057762,0.0,0.0,0.0,0.067649,0.266824,0.29166,0.0,0.079144,0.0,0.046439,0.0,0.0,0.0,0.0,0.076245,0.0,0.340102,0.0,0.193171,0.0,0.224592,0.222929,0.0,0.277649,0.306185,0.060214,0.0,0.0,0.045083,0.202009,0.377135,0.0,0.205948,0.18312,0.311972,8e-06,0.0,0.0,0.0,0.0,0.0,0.307862,0.0,0.0,0.0,0.199117,0.051454,0.0,0.0,0.058339,0.0,0.323779,0.0,0.062697,0.0,0.162571,0.276999,0.0,0.0,1.216319,0.0,0.0,0.226735,0.212803,0.269587,0.290383,0.0,0.042763,0.145012,0.20088,0.046235,0.0,0.022597,0.0,0.0,0.0,0.500729,0.194777,0.088521,0.0,0.0,0.0,0.46931,0.426407,0.0,0.135327,0.0,0.191836,0.0,0.270476,0.0,0.199743,0.0,0.0,0.0,0.0,0.0,0.0,0.175443,0.0,0.300104,0.418762,0.085212,0.0,0.0,0.0,0.036036,0.0,0.0,0.0,0.156024,0.0,0.0,0.129065,0.539206,0.26236,0.349745,0.571917,0.303941,0.0,0.0,0.0,0.0,0.0,0.0,0.0,0.103767,0.0,0.18925,0.21469,0.300996,0.13751,0.264896,0.602161,0.252715,0.0,0.0,0.0,0.0,0.305308,0.0,1e-06,0.048258,0.050763,0.0,0.0,0.04488,0.263859,0.0,0.0,0.230193,0.055331,0.045183,0.060151,0.0,0.347494,0.0,0.0,0.305903,0.054687,0.0,0.0
TCGA-85-A4PA,0.0,0.0,0.0,0.0,0.0,0.218539,0.219845,0.272056,0.079067,0.0,0.238205,0.0,0.0,0.0,0.0,0.280612,0.0,0.166313,0.0,0.0,0.066647,0.0,0.0,0.0,0.0,0.0,0.0,0.0,0.062231,0.216111,0.0,0.0,0.235811,0.599137,0.0,0.13448,0.06819,3e-06,0.0,0.0,0.0,0.173811,0.0,0.301589,0.0,0.071744,0.306431,0.0,0.0,0.214319,0.0,0.257696,0.0,0.967212,0.0,0.133194,0.233085,0.249216,0.15986,0.295348,0.043916,0.0,0.156203,0.036506,0.02728,0.223238,0.0,0.031083,0.177627,0.0,0.051449,0.0,0.072588,0.217302,0.0,0.0,0.0,0.0,0.027963,0.0,0.0,0.513651,0.162921,0.0,0.0,0.045711,0.06112,0.095702,0.120475,0.099502,0.156992,0.232088,0.250964,0.0,0.344774,0.0,0.0,0.0,0.0,0.205565,0.0,0.0,0.458213,0.317773,0.300857,0.0,0.16268,0.178853,0.186406,0.215191,0.028733,0.0,0.05387,0.0,0.0,0.328967,0.0,0.171216,0.0,0.0,0.206792,0.392098,0.0,0.0,0.0,0.0,0.218746,0.227226,0.305008,0.0,0.0,0.252224,0.0,0.097214,0.161213,0.230858,0.200499,0.049698,0.017171,0.0,0.089362,0.029343,0.202552,0.081155,0.0,0.0,0.0,0.069806,0.0,0.0,0.242052,0.060629,0.094336,0.20878,0.0,0.19408,0.027489,0.022412,0.205175,0.0,0.221203,0.0,0.0,0.247259,0.069671,0.078449,0.0,0.0,0.0,0.07216,0.0,0.157777,0.0,0.0,0.0,0.0,0.0,0.0,0.209922,0.501337,0.0,0.0,0.0,0.0,0.0,0.214737,0.08622,0.204783,0.0,0.0,0.0,0.0,0.165403,4e-06,0.080889,0.084012,0.061063,0.210894,0.070249,0.0,0.246398,0.0,1.895918,0.023605,0.0,0.0,0.207449,0.972006,0.0,0.0,0.0,0.0,0.0,0.0,1e-06,0.172865,0.0,0.601468,0.0,0.0,0.0,0.281992,3e-06,0.253449,0.195862,0.0,0.0,0.0,0.0,0.0,0.329473,0.0,0.0,0.164229,0.0,0.036961,0.240731,0.181983,0.198497,0.0,0.052775,0.0,0.0,0.0,0.0,0.230173,0.129291,0.0,0.17737,0.076525,0.109827,0.0,0.232034,0.032088,1.075062,0.255732,0.0,0.281935,0.0,0.484143,0.0,0.110971,0.0,0.0,0.0,0.0,0.0,0.0,0.207857,0.16679,0.0,0.276806,0.0,0.0,0.245527,0.109524,0.0,0.287812,0.0,0.0,0.178709,0.072274,0.163392,0.32332,0.072609,0.0,0.0,0.0,0.192622,0.252609,0.203723,0.337148,0.0,0.0,0.0,0.288412,0.0,0.0,0.182158,0.240378,0.0,0.071202,0.204087,0.255295,0.042856,0.23478,0.0,0.0,0.0,0.017222,0.0,0.281408,0.0,0.0,0.247562,0.0,0.185633,0.0,0.000107,0.265195,0.082402,0.202312,0.277468,0.07827,0.0,0.0,0.240714,0.021069,0.0,0.201507,0.163303,0.058514,0.273444,0.0,0.0,0.295028,0.162379,0.0,0.0,0.0,0.100811,0.21754,0.0,0.0,0.0,0.0,0.0,0.124893,0.244854,0.087946,0.0,0.0,0.0,0.085021,0.224168,0.258628,0.0,0.113068,0.0,0.069691,0.0,0.0,0.0,0.0,0.116757,0.0,0.305785,0.0,0.233842,0.0,0.172678,0.159582,0.0,0.242973,0.253997,0.08811,0.0,0.0,0.01217,0.245788,0.330107,0.0,0.244267,0.149236,0.268963,5.4e-05,0.0,0.0,0.0,0.0,0.0,0.253217,0.0,0.0,0.0,0.234448,0.079502,0.0,0.0,0.027344,0.0,0.298529,0.0,0.091946,1e-06,0.192052,0.231155,0.0,0.0,1.281778,0.0,0.0,0.191188,0.247755,0.221689,0.350169,0.0,0.067367,0.100996,0.155964,0.071829,0.0,0.03079,0.0,0.0,0.0,0.455126,0.176798,0.125266,0.0,0.0,0.0,0.445517,0.492475,0.0,0.195101,0.0,0.213427,0.0,0.243537,0.0,0.269595,0.0,0.0,0.0,0.0,0.0,0.0,0.205149,0.0,0.251705,0.421155,0.039299,0.0,0.0,0.0,0.045359,0.0,0.0,0.0,0.109468,0.0,0.0,0.148585,0.594788,0.237987,0.379936,0.630551,0.27019,0.0,0.0,0.0,0.0,0.0,0.0,0.0,0.071913,0.0,0.224687,0.183906,0.243394,0.172681,0.225381,0.655883,0.309622,0.0,0.0,1e-06,0.0,0.267711,0.0,4e-06,0.011262,0.080538,0.0,0.0,0.067837,0.226717,0.0,0.0,0.280613,0.084891,0.019845,0.09192,0.0,0.350028,0.0,0.0,0.258762,0.080658,0.0,0.0
TCGA-85-A4QQ,0.0,0.0,0.0,0.0,0.0,0.226867,0.194633,0.265251,0.099266,0.0,0.216769,0.0,0.0,0.0,0.0,0.275272,0.0,0.118523,0.0,0.0,0.068659,0.0,0.0,0.0,0.0,0.0,0.0,0.0,0.058022,0.231648,0.0,0.0,0.227149,0.582963,0.0,0.138229,0.076387,3e-06,0.0,0.0,0.0,0.178711,0.0,0.269651,0.0,0.076857,0.185862,0.0,0.0,0.204564,0.0,0.143553,0.0,0.877896,0.0,0.137553,0.214887,0.218277,0.178537,0.263724,0.087175,0.0,0.164728,0.076307,0.07825,0.194569,0.0,0.054669,0.256915,0.0,0.051032,0.0,0.078062,0.222171,0.0,0.0,0.0,0.0,0.031372,0.0,0.0,0.492598,0.182957,0.0,0.0,0.083584,0.058413,0.093552,0.148493,0.107106,0.159169,0.247742,0.176957,0.0,0.32414,0.0,0.0,0.0,0.0,0.215381,0.0,0.0,0.362356,0.308227,0.300234,0.0,0.149715,0.283818,0.228474,0.187722,0.051137,0.0,0.050035,0.0,0.0,0.295267,0.0,0.234288,0.0,0.0,0.198117,0.330457,0.0,0.0,0.0,0.0,0.192842,0.339656,0.296361,0.0,0.0,0.254596,0.0,0.101407,0.271991,0.237892,0.205232,0.05701,0.058963,0.0,0.095141,0.066028,0.166624,0.081743,0.0,0.0,0.0,0.072988,0.0,0.0,0.225339,0.064361,0.100866,0.184163,0.0,0.166181,0.06857,0.040696,0.211938,0.0,0.219837,0.0,0.0,0.256055,0.056524,0.083661,0.0,0.0,0.0,0.063524,0.0,0.167282,0.0,0.0,0.0,0.0,0.0,0.0,0.204205,0.480285,0.0,0.0,0.0,0.0,0.0,0.197294,0.082886,0.217021,0.0,0.0,0.0,0.0,0.16945,4e-06,0.083795,0.087808,0.094851,0.130837,0.08043,0.0,0.235246,0.0,1.870396,0.059853,0.0,0.0,0.178221,0.957735,0.0,0.0,0.0,0.0,0.0,0.0,3e-06,0.12959,0.0,0.57261,0.0,0.0,0.0,0.281932,4e-06,0.241702,0.214345,0.0,0.0,0.0,0.0,0.0,0.269734,0.0,0.0,0.164725,0.0,0.078504,0.251359,0.194763,0.221271,0.0,0.050621,0.0,0.0,0.0,0.0,0.202012,0.225269,0.0,0.188111,0.096003,0.104916,0.0,0.216777,0.088414,1.045544,0.185299,0.0,0.228971,0.0,0.354976,0.0,0.114645,0.0,0.0,0.0,0.0,0.0,0.0,0.216271,0.17853,0.0,0.257115,0.0,0.0,0.202666,0.064762,0.0,0.271698,0.0,0.0,0.184217,0.076812,0.169218,0.283534,0.067217,0.0,0.0,0.0,0.185107,0.265777,0.214978,0.245595,0.0,0.0,0.0,0.270436,0.0,0.0,0.198217,0.211856,0.0,0.068809,0.19553,0.160055,0.046467,0.16417,0.0,0.0,0.0,0.028489,0.0,0.207033,0.0,0.0,0.222095,0.0,0.194366,0.0,1.6e-05,0.221523,0.084445,0.205984,0.245146,0.067163,0.0,0.0,0.227061,0.039779,0.0,0.187991,0.167182,0.150558,0.229511,0.0,0.0,0.293508,0.169172,0.0,0.0,0.0,0.103696,0.196934,0.0,0.0,0.0,0.0,0.0,0.149226,0.227696,0.089124,0.0,0.0,0.0,0.101129,0.234689,0.247493,0.0,0.120266,0.0,0.071355,0.0,0.0,0.0,0.0,0.128051,0.0,0.288322,0.0,0.206934,0.0,0.197537,0.264981,0.0,0.249211,0.250236,0.079844,0.0,0.0,0.055937,0.212775,0.307435,0.0,0.230373,0.175322,0.26568,2.3e-05,0.0,0.0,0.0,0.0,0.0,0.266595,0.0,0.0,0.0,0.209459,0.084923,0.0,0.0,0.046357,0.0,0.248147,0.0,0.08433,1e-06,0.19426,0.233953,0.0,0.0,1.238504,0.0,0.0,0.199643,0.222245,0.230242,0.313034,0.0,0.072607,0.171132,0.180844,0.068036,0.0,0.043294,0.0,0.0,0.0,0.369535,0.173318,0.128192,0.0,0.0,0.0,0.351382,0.492515,0.0,0.192288,0.0,0.143078,0.0,0.22223,0.0,0.260617,0.0,0.0,0.0,0.0,0.0,0.0,0.181936,0.0,0.264354,0.310466,0.089742,0.0,0.0,0.0,0.034597,0.0,0.0,0.0,0.186812,0.0,0.0,0.164877,0.548845,0.20718,0.246722,0.596881,0.251089,0.0,0.0,0.0,0.0,0.0,0.0,0.0,0.128369,0.0,0.202349,0.197876,0.251942,0.174811,0.231342,0.595326,0.162463,0.0,0.0,0.0,0.0,0.237629,0.0,3e-06,0.052083,0.08168,0.0,0.0,0.062743,0.227202,0.0,0.0,0.154591,0.088225,0.041007,0.098726,0.0,0.25567,0.0,0.0,0.252157,0.077297,0.0,0.0
TCGA-85-A510,0.0,0.0,0.0,0.0,0.0,0.32569,0.0855,0.396654,0.025098,0.0,0.328277,0.0,0.0,0.0,0.0,0.379979,0.0,0.167196,0.0,0.0,0.026011,0.0,0.0,0.0,0.0,0.0,0.0,0.0,0.021585,0.327976,0.0,0.0,0.328295,0.453724,0.0,0.039968,0.022019,0.0,0.0,0.0,0.0,0.053482,0.0,0.42067,0.0,0.023292,0.246312,0.0,0.0,0.083602,0.0,0.227802,0.0,0.856332,0.0,0.040603,0.350851,0.091791,0.244243,0.378875,0.154938,0.0,0.056262,0.18665,0.170804,0.083999,0.0,0.130473,0.168987,0.0,0.018458,0.0,0.022495,0.373016,0.0,0.0,0.0,0.0,0.011704,0.0,0.0,0.3351,0.280187,0.0,0.0,0.184181,0.020546,0.031099,0.226273,0.215502,0.316337,0.375111,0.149192,0.0,0.17004,0.0,0.0,0.0,0.0,0.358191,0.0,0.0,0.524662,0.422216,0.459823,0.0,0.060615,0.269845,0.329263,0.07043,0.149237,0.0,0.019251,0.0,0.0,0.136713,0.0,0.098638,0.0,0.0,0.07845,0.498898,0.0,0.0,0.0,0.0,0.076143,0.323143,0.440452,0.0,0.0,0.40677,0.0,0.032382,0.212057,0.320032,0.072893,0.024829,0.157107,0.0,0.027439,0.181328,0.073677,0.026473,0.0,0.0,0.0,0.02221,0.0,0.0,0.35931,0.022056,0.029994,0.074623,0.0,0.288963,0.171116,0.145655,0.320436,0.0,0.072307,0.0,0.0,0.371762,0.035546,0.027154,0.0,0.0,1e-06,0.027327,0.0,0.057031,0.0,0.0,0.0,0.0,0.0,0.0,0.271157,0.305493,0.0,0.0,0.0,0.0,0.0,0.275891,0.02907,0.32689,0.0,0.0,0.0,0.0,0.057539,0.0,0.028372,0.028204,0.169075,0.146129,0.025175,0.0,0.388085,0.0,1.700794,0.1568,0.0,0.0,0.063444,0.765684,0.0,0.0,0.0,0.0,0.0,0.0,0.0,0.220949,0.0,0.468798,0.0,0.0,0.0,0.4255,0.0,0.386328,0.320723,0.0,0.0,0.0,0.0,0.0,0.163608,6.2e-05,0.0,0.326423,0.0,0.200948,0.363783,0.372094,0.320653,0.0,0.018078,0.0,0.0,0.0,0.0,0.081509,0.282134,0.0,0.295489,0.179036,0.032343,0.0,0.346501,0.222774,0.963134,0.141071,0.0,0.383065,0.0,0.548114,0.0,0.2183,0.0,0.0,0.0,0.0,0.0,0.0,0.306164,0.270539,0.0,0.423165,0.0,0.0,0.102059,0.18817,0.0,0.370415,0.0,0.0,0.064639,0.024676,0.272838,0.442473,0.022083,0.0,0.0,0.0,0.346284,0.364917,0.33385,0.361691,0.0,0.0,0.0,0.429298,0.0,0.0,0.341344,0.112985,0.0,0.02563,0.07045,0.211788,0.016327,0.098143,0.0,0.0,0.0,0.127356,0.0,0.200138,0.0,0.0,0.094896,0.0,0.074946,0.0,0.051137,0.354706,0.026509,0.344945,0.405859,0.026701,0.0,0.0,0.404586,0.163041,0.0,0.062699,0.050433,0.029968,0.120125,0.0,0.0,0.412935,0.302622,0.0,0.0,0.0,0.029122,0.322957,0.0,0.0,0.0,0.0,0.0,0.269001,0.35636,0.028281,0.0,0.0,0.0,0.022599,0.311598,0.345569,0.0,0.035755,0.0,0.024745,0.0,0.0,0.0,0.0,0.03316,0.0,0.446625,0.0,0.134363,0.0,0.328893,0.270077,0.0,0.378791,0.365574,0.025939,0.0,0.0,0.160553,0.097487,0.439506,0.0,0.097604,0.265954,0.384049,3.5e-05,0.0,0.0,0.0,0.0,0.0,0.397201,0.0,0.0,0.0,0.095339,0.024424,0.0,0.0,0.193467,0.0,0.411679,0.0,0.032409,0.0,0.062745,0.359224,0.0,0.0,1.133387,0.0,0.0,0.326362,0.096454,0.362542,0.191748,0.0,0.021522,0.262249,0.316681,0.022956,0.0,0.010026,0.0,0.0,0.0,0.522751,0.303698,0.034097,0.0,0.0,0.0,0.580956,0.357829,0.0,0.059787,0.0,0.286171,0.0,0.38205,0.0,0.152337,0.0,0.0,0.0,0.0,0.0,0.0,0.082406,0.0,0.426077,0.513024,0.199739,0.0,0.0,0.0,0.01432,0.0,0.0,0.0,0.243617,0.0,0.0,0.036726,0.425514,0.356885,0.26965,0.472128,0.339504,0.0,0.0,0.0,0.0,0.0,0.0,0.0,0.237093,0.0,0.093923,0.330858,0.355631,0.061231,0.340059,0.542919,0.251629,0.0,0.0,0.0,0.0,0.34882,0.0,0.0,0.106558,0.026535,0.0,0.0,0.022894,0.387021,0.0,0.0,0.237136,0.026889,0.142089,0.029166,0.0,0.447198,0.0,0.0,0.322683,0.028434,0.0,0.0
TCGA-85-A513,0.0,0.0,0.0,0.0,0.0,0.271809,0.170016,0.34191,0.036804,0.0,0.28581,0.0,0.0,0.0,0.0,0.36791,0.0,0.144648,0.0,0.0,0.02942,0.0,0.0,0.0,0.0,0.0,0.0,0.0,0.022348,0.295451,0.0,0.0,0.288012,0.503487,0.0,0.084719,0.028752,0.0,0.0,0.0,0.0,0.117515,0.0,0.358543,0.0,0.025459,0.242722,0.0,0.0,0.167409,0.0,0.198877,0.0,0.913318,0.0,0.065427,0.279617,0.197542,0.213781,0.335112,0.095446,0.0,0.107975,0.089761,0.082919,0.171436,0.0,0.07391,0.208146,0.0,0.019616,0.0,0.026273,0.282379,0.0,0.0,0.0,0.0,0.013111,0.0,0.0,0.440196,0.227192,0.0,0.0,0.083655,0.022121,0.036641,0.179012,0.149645,0.192105,0.312234,0.203798,0.0,0.266311,0.0,0.0,0.0,0.0,0.260351,0.0,0.0,0.49834,0.411496,0.381175,0.0,0.121762,0.248688,0.272935,0.176223,0.064455,0.0,0.019643,0.0,0.0,0.258092,0.0,0.18073,0.0,0.0,0.137232,0.457125,0.0,0.0,0.0,0.0,0.172802,0.289414,0.394589,0.0,0.0,0.320488,0.0,0.049724,0.249484,0.287196,0.137674,0.035178,0.073694,0.0,0.037604,0.065785,0.162812,0.03281,0.0,0.0,0.0,0.027824,0.0,0.0,0.295367,0.026596,0.038849,0.160149,0.0,0.225965,0.079692,0.05463,0.280943,0.0,0.160815,0.0,0.0,0.323314,0.043174,0.032648,0.0,0.0,0.0,0.028071,0.0,0.107935,0.0,0.0,0.0,0.0,0.0,0.0,0.26755,0.416779,0.0,0.0,0.0,0.0,0.0,0.259176,0.032944,0.266758,0.0,0.0,0.0,0.0,0.10797,0.0,0.035576,0.037732,0.112263,0.171699,0.037775,0.0,0.304211,0.0,1.807162,0.065782,0.0,0.0,0.161779,0.865451,0.0,0.0,0.0,0.0,0.0,0.0,0.0,0.133121,0.0,0.513749,0.0,0.0,0.0,0.364643,0.0,0.327585,0.266719,0.0,0.0,0.0,0.0,0.0,0.240933,0.0,0.0,0.211696,0.0,0.089171,0.312459,0.252175,0.276424,0.0,0.018694,0.0,0.0,0.0,0.0,0.176669,0.202235,0.0,0.235723,0.124986,0.045708,0.0,0.286637,0.097261,0.979066,0.209369,0.0,0.314144,0.0,0.48625,0.0,0.163293,0.0,0.0,0.0,0.0,0.0,0.0,0.287777,0.218118,0.0,0.348341,0.0,0.0,0.191049,0.110321,0.0,0.358165,0.0,0.0,0.122142,0.031133,0.204802,0.398019,0.028602,0.0,0.0,0.0,0.250296,0.315965,0.25915,0.336475,0.0,0.0,0.0,0.345979,0.0,0.0,0.241043,0.176535,0.0,0.026916,0.144053,0.211063,0.00808,0.182507,0.0,1e-06,0.0,0.041445,0.0,0.224438,0.0,0.0,0.182088,0.0,0.116382,0.0,1e-06,0.301353,0.032349,0.257657,0.321235,0.028535,0.0,0.0,0.293335,0.051002,0.0,0.159022,0.108485,0.149211,0.194292,0.0,0.0,0.373544,0.210767,0.0,0.0,0.0,0.039795,0.261365,0.0,0.0,0.0,0.0,0.0,0.185039,0.283203,0.032564,0.0,0.0,0.0,0.050073,0.288169,0.308128,0.0,0.051749,0.0,0.031433,0.0,0.0,0.0,0.0,0.044557,0.0,0.368779,0.0,0.175091,0.0,0.242757,0.243886,0.0,0.298271,0.327537,0.035704,0.0,0.0,0.062037,0.188442,0.400037,0.0,0.193788,0.197768,0.340266,4e-06,0.0,0.0,0.0,0.0,0.0,0.329136,0.0,0.0,0.0,0.188573,0.029677,0.0,0.0,0.071578,0.0,0.345131,0.0,0.033626,0.0,0.144005,0.30069,0.0,0.0,1.20181,0.0,0.0,0.261054,0.194514,0.293266,0.275632,0.0,0.026171,0.1694,0.222582,0.026284,0.0,0.006412,0.0,0.0,0.0,0.521384,0.218557,0.074103,0.0,0.0,0.0,0.490844,0.402129,0.0,0.107203,0.0,0.194903,0.0,0.29352,0.0,0.182073,0.0,0.0,0.0,0.0,0.0,0.0,0.15714,0.0,0.330605,0.434589,0.095686,0.0,0.0,0.0,0.011788,0.0,0.0,0.0,0.183247,0.0,0.0,0.120338,0.522447,0.280222,0.33701,0.543168,0.320004,0.0,0.0,0.0,0.0,0.0,0.0,0.0,0.124146,0.0,0.179425,0.237189,0.324815,0.111162,0.280148,0.59767,0.235116,0.0,0.0,0.0,0.0,0.322863,0.0,0.0,0.053744,0.030796,0.0,0.0,0.027957,0.294211,0.0,0.0,0.2121,0.03758,0.060093,0.037341,0.0,0.363961,0.0,0.0,0.328446,0.034131,0.0,0.0
TCGA-86-8055,0.0,0.0,0.0,0.0,0.0,0.129881,0.316388,0.160677,0.186309,0.0,0.124379,0.0,0.0,0.0,0.0,0.142004,0.0,0.193982,0.0,0.0,0.180202,0.0,0.0,0.0,0.0,0.0,0.0,0.0,0.183026,0.123283,0.0,0.0,0.123024,0.796966,0.0,0.244868,0.167486,0.0,0.0,0.0,0.0,0.294052,0.0,0.156586,0.0,0.196434,0.267191,0.0,0.0,0.315481,0.0,0.215978,0.0,1.044194,0.0,0.301534,0.138779,0.32622,0.080695,0.178835,0.024631,0.0,0.287061,0.014896,0.014239,0.312771,0.0,0.01234,0.323473,0.0,0.143968,0.0,0.191772,0.131668,0.0,0.0,0.0,0.0,0.075915,0.0,0.0,0.682861,0.089498,0.0,0.0,0.029292,0.170107,0.237201,0.073634,0.048782,0.098799,0.133012,0.250655,0.0,0.481118,0.0,0.0,0.0,0.0,0.136846,0.0,0.0,0.243121,0.16475,0.180913,0.0,0.209822,0.263882,0.104166,0.287052,0.015113,0.0,0.148285,0.0,0.0,0.445805,0.0,0.304008,0.0,0.0,0.362024,0.226068,0.0,0.0,0.0,0.0,0.296942,0.307563,0.171953,0.0,0.0,0.138551,0.0,0.232922,0.192966,0.142571,0.33489,0.064857,0.008728,0.0,0.218782,0.02736,0.262693,0.20458,0.0,0.0,0.0,0.175786,0.0,0.0,0.13699,0.155364,0.234921,0.277114,0.0,0.092279,0.015006,0.008286,0.110003,0.0,0.375442,0.0,0.0,0.138075,0.116803,0.208518,0.0,0.0,1e-06,0.196033,0.0,0.298825,0.0,0.0,1e-06,0.0,0.0,0.0,0.104555,0.674766,0.0,0.0,0.0,0.0,0.0,0.111788,0.229012,0.116369,0.0,0.0,0.0,0.0,0.306225,9e-06,0.202762,0.216592,0.022846,0.202202,0.165086,0.0,0.150849,0.0,2.16566,0.009567,0.0,0.0,0.272054,1.192708,0.0,0.0,0.0,0.0,0.0,0.0,0.000452,0.203653,0.0,0.784827,0.0,0.0,0.0,0.162044,3e-06,0.146223,0.118118,0.0,0.0,0.0,0.0,0.0,0.423825,0.0,0.0,0.090771,0.0,0.01901,0.146028,0.118018,0.11893,0.0,0.149551,0.0,0.0,0.0,0.0,0.318506,0.131018,0.0,0.096703,0.034675,0.251586,0.0,0.139648,0.01837,1.31978,0.271773,0.0,0.166488,0.0,0.306029,0.0,0.052785,0.0,0.0,0.0,0.0,0.0,0.0,0.108373,0.100028,4.5e-05,0.156077,0.0,0.0,0.322946,0.106664,0.0,0.14349,0.0,0.0,0.302951,0.184214,0.109252,0.177667,0.180511,0.0,0.0,0.0,0.112413,0.170483,0.133222,0.203726,0.0,0.0,0.0,0.165893,0.0,0.0,0.110378,0.336648,0.0,0.179608,0.301705,0.227079,0.14054,0.25553,0.0,0.0,1e-06,0.007678,0.0,0.315278,0.0,0.0,0.360133,0.0,0.329464,0.0,0.000238,0.165242,0.202617,0.115762,0.177423,0.205106,0.0,0.0,0.148493,0.012808,0.0,0.270734,0.280694,0.056423,0.382217,0.0,0.0,0.162614,0.104552,0.0,0.0,0.0,0.244956,0.136344,0.0,0.0,0.0,0.0,0.0,0.06934,0.14685,0.226068,0.0,0.0,0.0,0.182186,0.127182,0.14243,0.0,0.261184,0.0,0.175963,0.0,0.0,0.0,0.0,0.283291,0.0,0.176909,0.0,0.334839,0.0,0.0952,0.18259,0.0,0.164499,0.133811,0.21299,0.0,0.0,0.00511,0.333798,0.193684,0.0,0.325169,0.090216,0.157629,1.9e-05,0.0,0.0,0.0,0.0,0.0,0.145406,0.0,0.0,0.0,0.31662,0.201297,0.0,0.0,0.010546,0.0,0.164285,0.0,0.24403,0.0,0.296978,0.142541,0.0,0.0,1.463084,0.0,0.0,0.111351,0.337122,0.137378,0.470714,0.0,0.173677,0.100773,0.091484,0.174296,0.0,0.103698,0.0,0.0,0.0,0.233585,0.110098,0.234794,0.0,0.0,0.0,0.269819,0.692346,0.0,0.362416,0.0,0.193002,0.0,0.141314,0.0,0.447998,0.0,0.0,0.0,0.0,0.0,0.0,0.277268,0.0,0.151469,0.25934,0.016746,0.0,0.0,0.0,0.118203,0.0,0.0,0.0,0.113628,0.0,0.0,0.229304,0.73377,0.131567,0.23854,0.786489,0.155163,0.0,0.0,0.0,0.0,0.0,0.0,0.0,0.078071,0.0,0.310234,0.108555,0.122578,0.29893,0.128526,0.752296,0.224977,0.0,0.0,0.0,0.0,0.14067,0.0,1.2e-05,0.006275,0.206088,0.0,0.0,0.173777,0.135077,0.0,0.0,0.240554,0.198155,0.01023,0.226186,0.0,0.211757,0.0,0.0,0.131279,0.203743,0.0,0.0
TCGA-86-8074,0.0,0.0,0.0,0.0,0.0,0.083276,0.374326,0.103212,0.252576,0.0,0.074968,0.0,0.0,0.0,0.0,0.094296,0.0,0.17035,0.0,0.0,0.257487,0.0,0.0,0.0,0.0,0.0,0.0,0.0,0.23911,0.075994,0.0,0.0,0.072273,0.880709,0.0,0.306188,0.230803,0.0,0.0,0.0,0.0,0.357642,0.0,0.098832,0.0,0.27483,0.213801,0.0,0.0,0.376055,0.0,0.180598,0.0,1.09541,0.0,0.393914,0.08918,0.389787,0.048176,0.118914,0.012388,0.0,0.355595,0.006898,0.007148,0.366986,0.0,0.005615,0.429597,0.0,0.213201,0.0,0.274,0.088603,0.0,0.0,0.0,0.0,0.127377,0.0,0.0,0.766614,0.055333,0.0,0.0,0.014949,0.243676,0.323596,0.040479,0.025052,0.061283,0.085511,0.234602,0.0,0.547699,0.0,0.0,0.0,0.0,0.093078,0.0,0.0,0.163282,0.107802,0.121067,0.0,0.262194,0.330231,0.066621,0.33843,0.006848,0.0,0.220317,0.0,0.0,0.504409,0.0,0.395595,0.0,0.0,0.440029,0.154107,0.0,0.0,0.0,0.0,0.34805,0.369033,0.117482,0.0,0.0,0.085958,0.0,0.305195,0.25676,0.091556,0.403071,0.067933,0.005414,0.0,0.292916,0.012424,0.309315,0.275605,0.0,0.0,0.0,0.251363,0.0,0.0,0.088357,0.22692,0.324177,0.324044,0.0,0.054519,0.00786,0.003619,0.069607,0.0,0.455858,0.0,0.0,0.094512,0.178648,0.283243,0.0,0.0,0.0,0.276762,0.0,0.357044,0.0,0.0,0.0,0.0,0.0,0.0,0.063104,0.745158,0.0,0.0,0.0,0.0,0.0,0.06923,0.302912,0.073994,0.0,0.0,0.0,0.0,0.380862,1e-06,0.274803,0.294384,0.010848,0.183129,0.24609,0.0,0.100476,0.0,2.287352,0.004136,0.0,0.0,0.315274,1.282189,0.0,0.0,0.0,0.0,0.0,0.0,0.000474,0.171143,0.0,0.863723,0.0,0.0,0.0,0.108845,1e-06,0.103642,0.077239,0.0,0.0,0.0,0.0,0.0,0.46523,0.0,0.0,0.055922,0.0,0.009758,0.094117,0.08042,0.077229,0.0,0.214707,0.0,0.0,0.0,0.0,0.369047,0.146585,0.0,0.060537,0.016979,0.327601,0.0,0.091634,0.012893,1.43779,0.267176,0.0,0.106415,0.0,0.211523,0.0,0.027154,0.0,0.0,0.0,0.0,0.0,0.0,0.066314,0.058963,4.3e-05,0.103574,0.0,0.0,0.374253,0.097869,0.0,0.08699,0.0,0.0,0.370918,0.259495,0.066437,0.121124,0.258479,0.0,1e-06,0.0,0.073152,0.113629,0.086334,0.135714,0.0,0.0,0.0,0.111187,0.0,0.0,0.069073,0.394207,0.0,0.244197,0.355421,0.188898,0.178558,0.249708,0.0,0.0,0.0,0.003976,0.0,0.306889,0.0,0.0,0.42323,1e-06,0.397085,0.0,0.000106,0.113299,0.277522,0.070279,0.124331,0.285622,0.0,0.0,0.102708,0.006586,0.0,0.329609,0.340062,0.077911,0.446199,0.0,0.0,0.108461,0.06465,0.0,0.0,0.0,0.322585,0.0906,0.0,0.0,0.0,0.0,0.0,0.036807,0.095886,0.310465,0.0,0.0,0.0,0.230055,0.078815,0.089008,0.0,0.337166,0.0,0.241558,0.0,0.0,0.0,0.0,0.363894,0.0,0.119321,0.0,0.367487,0.0,0.059688,0.217152,0.0,0.110613,0.086503,0.275806,0.0,0.0,0.003157,0.393395,0.124686,0.0,0.376146,0.054113,0.104668,2.5e-05,0.0,0.0,0.0,0.0,0.0,0.094788,0.0,0.0,0.0,0.368722,0.275135,0.0,0.0,0.004723,0.0,0.107065,0.0,0.34499,0.0,0.356962,0.099231,0.0,0.0,1.547601,0.0,0.0,0.073634,0.392736,0.089341,0.54165,0.0,0.256407,0.101412,0.053561,0.247663,0.0,0.116136,0.0,0.0,0.0,0.156086,0.064218,0.295382,0.0,0.0,0.0,0.190789,0.782831,0.0,0.437646,0.0,0.154587,0.0,0.091589,0.0,0.53284,0.0,0.0,0.0,0.0,0.0,0.0,0.329028,0.0,0.103585,0.183603,0.00795,0.0,0.0,0.0,0.139236,0.0,0.0,0.0,0.147011,0.0,0.0,0.278748,0.805822,0.083954,0.204061,0.858174,0.100207,0.0,0.0,0.0,0.0,0.0,0.0,0.0,0.082815,0.0,0.366979,0.070481,0.080334,0.363666,0.081541,0.790252,0.174635,0.0,0.0,0.0,0.0,0.090396,0.0,2e-06,0.004331,0.289654,0.0,0.0,0.252882,0.089847,0.0,0.0,0.197852,0.263987,0.006732,0.303807,0.0,0.144177,0.0,0.0,0.082334,0.277708,0.0,0.0
TCGA-86-8076,0.0,0.0,0.0,0.0,0.0,0.149897,0.311323,0.18827,0.152473,0.0,0.156307,0.0,0.0,0.0,0.0,0.200039,0.0,0.187053,0.0,0.0,0.12946,0.0,0.0,0.0,0.0,0.0,0.0,0.0,0.116252,0.156086,0.0,0.0,0.161336,0.721239,0.0,0.21717,0.13015,0.0,0.0,0.0,0.0,0.262154,0.0,0.20064,0.0,0.12469,0.309034,0.0,0.0,0.303005,0.0,0.236162,0.0,1.044695,0.0,0.238607,0.159469,0.334017,0.097211,0.213276,0.015353,0.0,0.243776,0.007556,0.005764,0.306498,0.0,0.006365,0.24444,0.0,0.099439,0.0,0.136111,0.145206,0.0,0.0,0.0,0.0,0.057656,0.0,0.0,0.628907,0.09977,0.0,0.0,0.011394,0.121182,0.177928,0.074838,0.055117,0.091651,0.155223,0.277942,0.0,0.441873,0.0,0.0,0.0,0.0,0.129259,0.0,0.0,0.347848,0.228103,0.212545,0.0,0.218915,0.192917,0.123033,0.290441,0.009435,0.0,0.106589,0.0,0.0,0.4228,0.0,0.251566,0.0,0.0,0.30425,0.289812,0.0,0.0,0.0,0.0,0.294112,0.23607,0.217704,0.0,0.0,0.165842,0.0,0.18966,0.162992,0.161872,0.301051,0.055697,0.004711,0.0,0.167527,0.004626,0.268588,0.154461,0.0,0.0,0.0,0.12431,0.0,0.0,0.163116,0.109341,0.168413,0.268457,0.0,0.122298,0.004342,0.005097,0.133614,0.0,0.334142,0.0,0.0,0.161375,0.110817,0.158657,0.0,0.0,0.0,0.127081,0.0,0.251899,0.0,0.0,0.0,0.0,0.0,0.0,0.130834,0.616984,0.0,0.0,0.0,0.0,0.0,0.148477,0.15577,0.134572,0.0,0.0,0.0,0.0,0.255862,1e-06,0.160153,0.164267,0.021523,0.214787,0.129169,0.0,0.165429,0.0,2.053476,0.003166,0.0,0.0,0.272855,1.094876,0.0,0.0,0.0,0.0,0.0,0.0,0.0002,0.17944,0.0,0.721569,0.0,0.0,0.0,0.199304,0.0,0.181182,0.143445,0.0,0.0,0.0,0.0,0.0,0.400336,0.0,0.0,0.100984,0.0,0.007333,0.158515,0.112589,0.125163,0.0,0.112949,0.0,0.0,0.0,0.0,0.31031,0.08596,0.0,0.112025,0.030428,0.18909,0.0,0.169774,0.005927,1.227484,0.303366,0.0,0.20289,0.0,0.387119,0.0,0.058979,0.0,0.0,0.0,0.0,0.0,0.0,0.140782,0.108367,3.3e-05,0.192392,0.0,0.0,0.322148,0.099627,0.0,0.197438,0.0,0.0,0.263939,0.139995,0.111949,0.240787,0.135364,0.0,0.0,0.0,0.131791,0.17671,0.142992,0.261001,0.0,0.0,0.0,0.211878,0.0,0.0,0.104857,0.320591,0.0,0.134167,0.272535,0.250828,0.092461,0.283572,0.0,1e-06,0.0,0.001457,0.0,0.318088,0.0,0.0,0.339599,0.0,0.275153,0.0,3e-05,0.194366,0.15221,0.136768,0.206845,0.130617,1e-06,0.0,0.173704,0.003089,0.0,0.269762,0.245752,0.060012,0.362405,0.0,0.0,0.2009,0.101602,0.0,0.0,0.0,0.161924,0.154287,0.0,0.0,0.0,0.0,0.0,0.064644,0.167056,0.162103,0.0,0.0,0.0,0.165406,0.145596,0.177576,0.0,0.203401,0.0,0.1275,0.0,0.0,0.0,0.0,0.20578,0.0,0.220657,0.0,0.292342,0.0,0.10349,0.145596,0.0,0.177131,0.166539,0.160096,0.0,0.0,0.000992,0.323215,0.246157,0.0,0.323397,0.079959,0.182879,2.3e-05,0.0,0.0,0.0,0.0,0.0,0.166272,0.0,0.0,0.0,0.312226,0.139039,0.0,0.0,0.004127,0.0,0.214546,0.0,0.166633,0.0,0.274646,0.158667,0.0,0.0,1.398655,0.0,0.0,0.132273,0.326522,0.154972,0.447761,0.0,0.123563,0.059469,0.088646,0.130336,0.0,0.059065,0.0,0.0,0.0,0.352407,0.118987,0.204651,0.0,0.0,0.0,0.360366,0.611288,0.0,0.297529,0.0,0.19456,0.0,0.164214,0.0,0.368685,0.0,0.0,0.0,0.0,0.0,0.0,0.267775,0.0,0.177666,0.334108,0.008168,0.0,0.0,0.0,0.080369,0.0,0.0,0.0,0.079531,0.0,0.0,0.219,0.701656,0.157054,0.347249,0.732503,0.192841,0.0,0.0,0.0,0.0,0.0,0.0,0.0,0.039259,0.0,0.304722,0.113052,0.157093,0.26618,0.149728,0.719292,0.302332,0.0,0.0,0.0,0.0,0.187436,0.0,3e-06,0.001223,0.13857,0.0,0.0,0.127383,0.155092,0.0,0.0,0.296631,0.153061,0.00268,0.165835,0.0,0.266622,0.0,0.0,0.181863,0.155259,0.0,0.0
TCGA-86-A456,0.0,0.0,0.0,0.0,0.0,0.228286,0.213119,0.283575,0.098195,0.0,0.221521,0.0,0.0,0.0,0.0,0.295182,0.0,0.148513,0.0,0.0,0.085747,0.0,0.0,0.0,0.0,0.0,0.0,0.0,0.075134,0.240978,0.0,0.0,0.22144,0.614814,0.0,0.147504,0.081032,0.0,0.0,0.0,0.0,0.177746,0.0,0.287044,0.0,0.08535,0.211583,0.0,0.0,0.219867,0.0,0.166994,0.0,0.955803,0.0,0.157067,0.235432,0.235623,0.170656,0.270671,0.08427,0.0,0.181506,0.081736,0.07288,0.220155,0.0,0.053634,0.315494,0.0,0.067167,0.0,0.084219,0.248059,0.0,0.0,0.0,0.0,0.040667,0.0,0.0,0.533003,0.195799,0.0,0.0,0.079011,0.070587,0.108761,0.149463,0.124798,0.175826,0.260995,0.18943,0.0,0.335797,0.0,0.0,0.0,0.0,0.235221,0.0,0.0,0.378509,0.332741,0.325752,0.0,0.150273,0.329342,0.233,0.212873,0.055086,0.0,0.063127,0.0,0.0,0.317344,0.0,0.265951,0.0,0.0,0.222218,0.372567,0.0,0.0,0.0,0.0,0.204387,0.363728,0.32614,0.0,0.0,0.267291,0.0,0.117072,0.28867,0.246289,0.209252,0.044812,0.077232,0.0,0.103982,0.081513,0.193826,0.091811,0.0,0.0,0.0,0.088639,0.0,0.0,0.241376,0.078799,0.11016,0.193665,0.0,0.175547,0.071944,0.042993,0.234961,0.0,0.241481,0.0,0.0,0.271849,0.077836,0.095931,0.0,0.0,0.0,0.095014,0.0,0.181233,0.0,0.0,0.0,0.0,0.0,0.0,0.209051,0.504286,0.0,0.0,0.0,0.0,0.0,0.201223,0.104401,0.226894,0.0,0.0,0.0,0.0,0.189671,0.0,0.10205,0.105073,0.088779,0.162786,0.101093,0.0,0.257051,0.0,1.973946,0.058222,0.0,0.0,0.197531,1.003366,0.0,0.0,0.0,0.0,0.0,0.0,0.0,0.144027,0.0,0.618567,0.0,0.0,0.0,0.309131,0.0,0.282468,0.224318,0.0,0.0,0.0,0.0,0.0,0.293297,0.0,0.0,0.181828,0.0,0.085958,0.26519,0.229276,0.238459,0.0,0.061272,0.0,0.0,0.0,0.0,0.213805,0.231511,0.0,0.197337,0.098855,0.122661,0.0,0.241309,0.114178,1.125879,0.210341,0.0,0.252766,0.0,0.390368,0.0,0.128886,0.0,0.0,0.0,0.0,0.0,0.0,0.232714,0.182802,0.0,0.292619,0.0,0.0,0.22781,0.117676,0.0,0.271234,0.0,0.0,0.19004,0.090694,0.176356,0.328182,0.080481,0.0,0.0,0.0,0.207247,0.279354,0.220803,0.264433,0.0,0.0,0.0,0.289656,0.0,0.0,0.213167,0.222101,0.0,0.086245,0.197898,0.189823,0.035963,0.180573,0.0,0.0,0.0,0.031728,0.0,0.235427,0.0,0.0,0.234014,0.0,0.200602,0.0,4.7e-05,0.252224,0.092237,0.210138,0.26803,0.091836,0.0,0.0,0.251941,0.046572,0.0,0.202059,0.171926,0.153269,0.240982,0.0,0.0,0.302942,0.181098,0.0,0.0,0.0,0.119631,0.228969,0.0,0.0,0.0,0.0,0.0,0.154001,0.241023,0.098669,0.0,0.0,0.0,0.097403,0.24207,0.24431,0.0,0.133906,0.0,0.087879,0.0,0.0,0.0,0.0,0.128881,0.0,0.30215,0.0,0.236393,0.0,0.200899,0.272615,0.0,0.256917,0.271813,0.098815,0.0,0.0,0.067404,0.23652,0.32972,0.0,0.230706,0.169429,0.287396,1e-06,0.0,0.0,0.0,0.0,0.0,0.276448,0.0,0.0,0.0,0.218889,0.087388,0.0,0.0,0.057122,0.0,0.277253,0.0,0.107579,0.0,0.200241,0.261478,0.0,0.0,1.313308,0.0,0.0,0.226526,0.233505,0.243531,0.344129,0.0,0.08122,0.183925,0.192338,0.074387,0.0,0.031095,0.0,0.0,0.0,0.392343,0.181901,0.136249,0.0,0.0,0.0,0.393773,0.521131,0.0,0.20077,0.0,0.181192,0.0,0.242495,0.0,0.288827,0.0,0.0,0.0,0.0,0.0,0.0,0.192517,0.0,0.283152,0.347866,0.086117,0.0,0.0,1e-06,0.042522,0.0,0.0,0.0,0.207725,0.0,0.0,0.157108,0.604633,0.230616,0.249239,0.636643,0.257531,0.0,0.0,0.0,0.0,0.0,0.0,0.0,0.146631,0.0,0.217402,0.203409,0.267522,0.182378,0.236542,0.654045,0.184833,0.0,0.0,0.0,0.0,0.253911,0.0,1e-06,0.055737,0.098226,0.0,0.0,0.083979,0.254924,0.0,0.0,0.1729,0.099243,0.052558,0.109617,0.0,0.293128,0.0,0.0,0.256406,0.096066,0.0,0.0
TCGA-86-A4P7,0.0,0.0,0.0,0.0,0.0,0.100733,0.365509,0.134853,0.239209,0.0,0.102367,0.0,0.0,0.0,0.0,0.134431,0.0,0.237322,0.0,0.0,0.229042,0.0,0.0,0.0,0.0,0.0,0.0,0.0,0.226161,0.104614,0.0,0.0,0.101238,0.890257,0.0,0.285897,0.214903,1.9e-05,0.0,0.0,0.0,0.338694,0.0,0.146129,0.0,0.244139,0.281971,0.0,0.0,0.372174,0.0,0.251096,0.0,1.136922,0.0,0.364297,0.121899,0.393197,0.07316,0.152473,0.022012,0.0,0.323503,0.018743,0.014067,0.359928,0.0,0.016491,0.425121,0.0,0.195984,0.0,0.254571,0.125617,0.0,0.0,0.0,0.0,0.099686,0.0,0.0,0.773818,0.079759,0.0,0.0,0.024015,0.219849,0.302279,0.055894,0.048763,0.084964,0.115424,0.263451,0.0,0.555488,0.0,0.0,0.0,0.0,0.118153,0.0,0.0,0.224997,0.157339,0.151804,0.0,0.248665,0.321306,0.087819,0.325736,0.016147,0.0,0.206457,0.0,0.0,0.489114,0.0,0.378933,0.0,0.0,0.430934,0.217259,0.0,0.0,0.0,0.0,0.333254,0.351035,0.153941,0.0,0.0,0.114977,0.0,0.290394,0.22831,0.115157,0.393456,0.051259,0.014363,0.0,0.27683,0.020337,0.314156,0.262876,0.0,0.0,0.0,0.239792,0.0,0.0,0.119388,0.225226,0.288415,0.30883,0.0,0.088874,0.015644,0.011102,0.105182,0.0,0.451581,0.0,0.0,0.12495,0.158574,0.266448,0.0,0.0,2e-06,0.286415,0.0,0.328146,0.0,0.0,0.0,0.0,0.0,0.0,0.095029,0.741512,0.0,0.0,0.0,0.0,0.0,0.098703,0.295336,0.103137,0.0,0.0,0.0,0.0,0.362206,1.1e-05,0.252285,0.270482,0.025641,0.235624,0.224478,0.0,0.124788,0.0,2.29889,0.01202,0.0,0.0,0.323673,1.273074,0.0,1e-06,0.0,0.0,0.0,0.0,0.0,0.218108,0.0,0.886775,0.0,0.0,0.0,0.147714,1e-06,0.139859,0.108258,0.0,0.0,0.0,0.0,0.0,0.468842,0.0,0.0,0.084702,0.0,0.022652,0.116167,0.104248,0.106107,0.0,0.202361,0.0,0.0,0.0,0.0,0.37478,0.135483,0.0,0.089966,0.035137,0.323988,0.0,0.129996,0.029439,1.446132,0.286641,0.0,0.145643,0.0,0.279693,0.0,0.053506,0.0,0.0,0.0,0.0,0.0,0.0,0.099777,0.080821,0.0,0.14141,0.0,0.0,0.395458,0.154086,0.0,0.126868,0.0,0.0,0.348988,0.243948,0.083782,0.166754,0.240319,0.0,0.0,0.0,0.104317,0.13413,0.10836,0.188799,0.0,0.0,0.0,0.143069,0.0,0.0,0.095082,0.382989,0.0,0.23138,0.337156,0.261638,0.168313,0.277474,0.0,0.0,0.0,0.011676,0.0,0.340838,0.0,0.0,0.425371,0.0,0.377633,0.0,4e-06,0.155021,0.251745,0.096256,0.155882,0.296283,0.0,0.0,0.131882,0.013677,0.0,0.320185,0.318664,0.070558,0.465886,0.0,0.0,0.148093,0.085107,0.0,0.0,0.0,0.320964,0.127455,0.0,0.0,0.0,0.0,0.0,0.056462,0.129263,0.285462,0.0,0.0,0.0,0.19953,0.107614,0.116057,0.0,0.303517,0.0,0.220993,0.0,1e-06,0.0,0.0,0.32954,0.0,0.152775,0.0,0.395942,0.0,0.084171,0.203053,0.0,0.124633,0.126551,0.285268,0.0,0.0,0.011636,0.394123,0.164537,0.0,0.358786,0.06923,0.14077,0.000556,0.0,0.0,0.0,0.0,0.0,0.120393,0.0,0.0,0.0,0.35144,0.248063,0.0,0.0,0.015879,0.0,0.147587,0.0,0.334818,5e-06,0.347829,0.1235,0.0,0.0,1.536488,0.0,0.0,0.107266,0.39005,0.114333,0.566187,0.0,0.23375,0.105659,0.084217,0.233923,0.0,0.094433,0.0,0.0,0.0,0.215809,0.082733,0.275908,0.0,0.0,0.0,0.254462,0.786881,0.0,0.419917,0.0,0.223378,0.0,0.127755,0.0,0.541708,0.0,0.0,0.0,0.0,0.0,0.0,0.321082,0.0,0.137956,0.258098,0.017547,0.0,0.0,0.0,0.172553,0.0,0.0,0.0,0.14884,0.0,0.0,0.261564,0.817338,0.121319,0.212877,0.864874,0.132192,0.0,0.0,0.0,0.0,0.0,0.0,0.0,0.085562,0.0,0.352387,0.097392,0.120178,0.348834,0.108907,0.824759,0.253081,0.0,0.0,1e-06,0.0,0.132002,0.0,9e-06,0.010323,0.26957,0.0,0.0,0.243093,0.126221,0.0,0.0,0.25559,0.240225,0.014882,0.278576,0.0,0.205801,0.0,0.0,0.116469,0.266951,0.0,0.0
TCGA-86-A4P8,0.0,0.0,0.0,0.0,0.0,0.214599,0.214911,0.25834,0.0849,0.0,0.213592,0.0,0.0,0.0,0.0,0.277763,0.0,0.124571,0.0,0.0,0.064165,0.0,0.0,0.0,0.0,0.0,0.0,0.0,0.045334,0.2236,0.0,0.0,0.215216,0.579467,0.0,0.140258,0.068896,6e-06,0.0,0.0,0.0,0.177392,0.0,0.274278,0.0,0.056898,0.200925,0.0,0.0,0.207696,0.0,0.151345,0.0,0.888468,0.0,0.126114,0.209119,0.233778,0.174646,0.262443,0.068385,0.0,0.169642,0.059141,0.058997,0.205581,0.0,0.042773,0.238094,0.0,0.042327,0.0,0.061947,0.215616,0.0,0.0,0.0,0.0,0.024902,0.0,0.0,0.492374,0.1767,0.0,0.0,0.062073,0.056163,0.081829,0.135633,0.099537,0.150429,0.242068,0.190929,0.0,0.315126,0.0,0.0,0.0,0.0,0.208938,0.0,0.0,0.37494,0.304304,0.296065,0.0,0.16299,0.255068,0.209776,0.194281,0.038509,0.0,0.039764,0.0,0.0,0.301417,0.0,0.214814,0.0,0.0,0.198097,0.330932,0.0,0.0,0.0,0.0,0.200674,0.313238,0.299998,0.0,0.0,0.243347,0.0,0.092493,0.259579,0.222997,0.199818,0.055158,0.041557,0.0,0.082459,0.04407,0.179135,0.067956,0.0,0.0,0.0,0.056297,0.0,0.0,0.228288,0.056179,0.082455,0.181059,0.0,0.167321,0.059968,0.030865,0.205228,0.0,0.222991,0.0,0.0,0.245218,0.071369,0.076899,0.0,0.0,1e-06,0.048016,0.0,0.171529,0.0,0.0,0.0,0.0,0.0,0.0,0.19346,0.483769,0.0,1e-06,0.0,0.0,0.0,0.19873,0.068645,0.204317,0.0,0.0,0.0,0.0,0.171907,6e-06,0.072319,0.083215,0.078596,0.140118,0.070359,0.0,0.230432,0.0,1.854882,0.042238,0.0,0.0,0.185245,0.945679,0.0,0.0,0.0,0.0,0.0,0.0,1e-06,0.126458,0.0,0.574722,0.0,0.0,0.0,0.280078,0.0,0.245806,0.203791,0.0,0.0,0.0,0.0,0.0,0.271695,0.0,0.0,0.16324,0.0,0.067535,0.247571,0.195531,0.213245,0.0,0.042836,0.0,0.0,0.0,0.0,0.210784,0.204163,0.0,0.180495,0.086976,0.094134,0.0,0.207446,0.073505,1.041016,0.189065,0.0,0.228036,0.0,0.365786,0.0,0.105926,0.0,0.0,0.0,0.0,0.0,0.0,0.213065,0.168827,0.0,0.259035,0.0,0.0,0.212418,0.069959,0.0,0.266228,0.0,0.0,0.186049,0.068661,0.159623,0.288356,0.059567,0.0,0.0,0.0,0.186579,0.25837,0.208761,0.246046,0.0,0.0,0.0,0.26567,0.0,0.0,0.191423,0.223638,0.0,0.066439,0.192583,0.170531,0.044876,0.171144,0.0,0.0,0.0,0.018837,0.0,0.215985,0.0,0.0,0.227818,0.0,0.190688,0.0,1.5e-05,0.220125,0.072007,0.195316,0.247027,0.051605,0.0,0.0,0.230417,0.030192,0.0,0.200599,0.175121,0.136693,0.241335,0.0,0.0,0.29342,0.164884,0.0,0.0,0.0,0.078435,0.19018,0.0,0.0,0.0,0.0,0.0,0.141552,0.217309,0.077772,0.0,0.0,0.0,0.099774,0.228326,0.245118,0.0,0.105401,0.0,0.070951,0.0,0.0,0.0,0.0,0.112179,0.0,0.285915,0.0,0.19531,0.0,0.195196,0.247572,0.0,0.238269,0.245507,0.064878,0.0,0.0,0.040292,0.2228,0.303125,0.0,0.234834,0.160877,0.267217,9.9e-05,0.0,0.0,0.0,0.0,0.0,0.258953,0.0,0.0,0.0,0.219897,0.071455,0.0,0.0,0.031622,0.0,0.251502,0.0,0.070133,2.4e-05,0.191774,0.235022,0.0,0.0,1.231692,0.0,0.0,0.198555,0.235059,0.22195,0.319958,0.0,0.05793,0.155442,0.169569,0.062158,0.0,0.033586,0.0,0.0,0.0,0.383001,0.16444,0.129818,0.0,0.0,0.0,0.366734,0.485909,0.0,0.188627,0.0,0.144873,0.0,0.217208,0.0,0.256903,0.0,0.0,0.0,0.0,0.0,0.0,0.185303,0.0,0.258781,0.326958,0.079211,0.0,0.0,0.0,0.026139,0.0,0.0,0.0,0.182874,0.0,0.0,0.158539,0.553044,0.209682,0.286566,0.594937,0.251268,0.0,0.0,0.0,0.0,0.0,0.0,0.0,0.113675,0.0,0.214524,0.192969,0.248415,0.170252,0.229129,0.590063,0.186273,0.0,0.0,0.0,0.0,0.239094,0.0,2e-06,0.040915,0.071302,0.0,0.0,0.050626,0.218845,0.0,0.0,0.184704,0.081537,0.029633,0.087676,0.0,0.26496,0.0,0.0,0.242718,0.073633,0.0,0.0
TCGA-92-8063,0.0,0.0,0.0,0.0,0.0,0.225391,0.213273,0.273997,0.09488,0.0,0.21789,0.0,0.0,0.0,0.0,0.286624,0.0,0.093653,0.0,0.0,0.068402,0.0,0.0,0.0,0.0,0.0,0.0,0.0,0.055177,0.235556,0.0,0.0,0.23766,0.594767,0.0,0.146379,0.07812,0.0,0.0,0.0,0.0,0.191429,0.0,0.275754,0.0,0.077302,0.200367,0.0,0.0,0.218987,0.0,0.147238,0.0,0.949899,0.0,0.147295,0.228454,0.262286,0.163767,0.264069,0.054235,0.0,0.177614,0.059328,0.05392,0.21103,0.0,0.034228,0.251883,0.0,0.058375,0.0,0.079851,0.219013,0.0,0.0,0.0,0.0,0.039224,0.0,0.0,0.521537,0.165243,0.0,0.0,0.051359,0.060903,0.099105,0.130004,0.093415,0.145804,0.237251,0.195877,0.0,0.348252,0.0,0.0,0.0,0.0,0.196274,0.0,0.0,0.418774,0.322804,0.296168,0.0,0.17844,0.262445,0.210706,0.229351,0.037124,0.0,0.061157,0.0,0.0,0.330695,0.0,0.245003,0.0,0.0,0.214127,0.346401,0.0,0.0,0.0,0.0,0.233205,0.320192,0.303572,0.0,0.0,0.258519,0.0,0.103873,0.267564,0.224735,0.21745,0.058039,0.047608,0.0,0.099913,0.028666,0.211457,0.08835,0.0,0.0,0.0,0.079811,0.0,0.0,0.220651,0.062078,0.105924,0.217258,0.0,0.174404,0.04183,0.025582,0.216751,0.0,0.230023,0.0,0.0,0.259948,0.095531,0.084317,0.0,0.0,0.0,0.071575,0.0,0.171803,0.0,0.0,0.0,0.0,0.0,0.0,0.205266,0.498139,0.0,0.0,0.0,0.0,0.0,0.199918,0.083874,0.215933,0.0,0.0,0.0,0.0,0.18138,0.0,0.094792,0.088475,0.085402,0.143156,0.091649,0.0,0.23385,0.0,1.9361,0.043078,0.0,0.0,0.202045,0.978585,0.0,0.0,0.0,1e-06,0.0,0.0,0.0,0.092787,0.0,0.590911,0.0,0.0,0.0,0.281704,0.0,0.257992,0.20614,0.0,0.0,0.0,0.0,0.0,0.307213,0.0,0.0,0.157062,0.0,0.062846,0.23466,0.180648,0.204233,0.0,0.05343,0.0,0.0,0.0,0.0,0.225333,0.189511,0.0,0.182283,0.077637,0.109263,0.0,0.226622,0.054193,1.089244,0.221361,0.0,0.241651,0.0,0.398908,0.0,0.114513,0.0,0.0,0.0,0.0,0.0,0.0,0.216645,0.172297,0.0,0.266636,0.0,0.0,0.237087,0.057176,0.0,0.28062,0.0,0.0,0.194016,0.082687,0.156163,0.313039,0.072838,0.0,0.0,0.0,0.189945,0.241714,0.200328,0.255258,0.0,0.0,0.0,0.276718,0.0,0.0,0.17742,0.247857,0.0,0.070666,0.215065,0.157808,0.031655,0.193018,0.0,0.0,0.0,0.016934,0.0,0.220792,0.0,0.0,0.249407,0.0,0.203616,0.0,2.3e-05,0.238739,0.096946,0.199264,0.252553,0.071845,0.0,0.0,0.235802,0.025557,0.0,0.217134,0.17188,0.147183,0.260027,0.0,0.0,0.287765,0.160449,0.0,0.0,0.0,0.106754,0.191763,0.0,0.0,0.0,0.0,0.0,0.120295,0.228124,0.087537,0.0,0.0,0.0,0.100175,0.228003,0.251828,0.0,0.12784,0.0,0.074072,0.0,0.0,0.0,0.0,0.126381,0.0,0.287989,0.0,0.213692,0.0,0.179368,0.242048,0.0,0.237309,0.255774,0.083574,0.0,0.0,0.032526,0.235181,0.327719,0.0,0.252308,0.158008,0.254513,5e-06,0.0,0.0,0.0,0.0,0.0,0.267974,0.0,0.0,0.0,0.237476,0.085493,0.0,0.0,0.035327,0.0,0.281947,0.0,0.097481,0.0,0.208346,0.226173,0.0,0.0,1.297637,0.0,0.0,0.196469,0.245878,0.220167,0.338422,0.0,0.071526,0.143225,0.154597,0.077386,0.0,0.033412,0.0,0.0,0.0,0.424323,0.162978,0.13716,0.0,0.0,0.0,0.376195,0.502658,0.0,0.204222,0.0,0.130413,0.0,0.221935,0.0,0.26807,0.0,0.0,0.0,0.0,0.0,0.0,0.210966,0.0,0.247466,0.336816,0.056899,0.0,0.0,0.0,0.035388,0.0,0.0,0.0,0.180331,0.0,0.0,0.173033,0.596628,0.218499,0.334889,0.632871,0.253265,0.0,0.0,0.0,0.0,0.0,0.0,0.0,0.112377,0.0,0.239902,0.171199,0.259584,0.181127,0.226239,0.628396,0.19035,0.0,0.0,0.0,0.0,0.265908,0.0,1e-06,0.031873,0.077239,0.0,0.0,0.074366,0.216372,0.0,0.0,0.172653,0.09095,0.0348,0.104626,0.0,0.272982,0.0,0.0,0.258777,0.084263,0.0,0.0
TCGA-93-A4JO,0.0,0.0,0.0,0.0,0.0,0.171103,0.263268,0.214485,0.134241,0.0,0.172657,0.0,0.0,0.0,0.0,0.213179,0.0,0.15661,0.0,0.0,0.114171,0.0,0.0,0.0,0.0,0.0,0.0,0.0,0.113267,0.172142,0.0,0.0,0.181065,0.695882,0.0,0.184772,0.115807,0.0,0.0,0.0,0.0,0.231931,0.0,0.225563,0.0,0.119649,0.252595,0.0,0.0,0.27451,0.0,0.209889,0.0,1.007628,0.0,0.215567,0.182308,0.298623,0.108677,0.224813,0.022029,0.0,0.226522,0.018973,0.012385,0.26784,0.0,0.015825,0.258114,0.0,0.09676,0.0,0.123611,0.176993,0.0,0.0,0.0,0.0,0.053799,0.0,0.0,0.595942,0.122626,0.0,0.0,0.030792,0.107079,0.159045,0.091879,0.074748,0.119112,0.184783,0.256013,0.0,0.416974,0.0,0.0,0.0,0.0,0.159977,0.0,0.0,0.337025,0.257668,0.238353,0.0,0.193631,0.239606,0.154189,0.252754,0.015192,0.0,0.093818,0.0,0.0,0.386313,0.0,0.257661,0.0,0.0,0.288173,0.302518,0.0,0.0,0.0,0.0,0.265962,0.276301,0.230952,0.0,0.0,0.20303,0.0,0.164331,0.181518,0.190128,0.268039,0.049433,0.006381,0.0,0.146474,0.025033,0.247807,0.131423,0.0,0.0,0.0,0.124328,0.0,0.0,0.192919,0.11092,0.155227,0.256138,0.0,0.133,0.010697,0.008939,0.165669,0.0,0.299754,0.0,0.0,0.191952,0.09828,0.135683,0.0,0.0,0.0,0.127691,0.0,0.22829,0.0,0.0,0.0,0.0,0.0,0.0,0.152862,0.571471,0.0,0.0,0.0,0.0,0.0,0.163546,0.144279,0.159372,0.0,0.0,0.0,0.0,0.243506,0.0,0.137554,0.140497,0.042377,0.197652,0.117055,0.0,0.201552,0.0,2.02555,0.009585,0.0,0.0,0.252486,1.08272,0.0,0.0,0.0,0.0,0.0,0.0,0.0,0.156828,0.0,0.687651,0.0,0.0,0.0,0.228243,0.0,0.19826,0.164034,0.0,0.0,0.0,0.0,0.0,0.366624,0.0,0.0,0.115219,0.0,0.016848,0.191568,0.141708,0.165402,0.0,0.095009,0.0,0.0,0.0,0.0,0.276027,0.123549,0.0,0.131347,0.053688,0.176525,0.0,0.185525,0.022307,1.186612,0.277887,0.0,0.214452,0.0,0.381896,0.0,0.08183,0.0,0.0,0.0,0.0,0.0,0.0,0.157282,0.124261,0.0,0.224239,0.0,0.0,0.293508,0.081736,0.0,0.221204,0.0,0.0,0.242303,0.124112,0.127231,0.255107,0.116933,0.0,0.0,0.0,0.143826,0.192812,0.156955,0.264041,0.0,1e-06,0.0,0.228997,0.0,0.0,0.147813,0.28115,0.0,0.108927,0.256404,0.222036,0.070067,0.237979,0.0,1e-06,0.0,0.006887,0.0,0.289892,0.0,0.0,0.309479,0.0,0.262269,0.0,0.0,0.199348,0.133919,0.164184,0.214736,0.126907,0.0,0.0,0.180063,0.006883,0.0,0.247838,0.213779,0.066816,0.318414,0.0,0.0,0.235158,0.123709,0.0,0.0,0.0,0.172986,0.171686,0.0,0.0,0.0,0.0,0.0,0.083949,0.189716,0.141987,0.0,0.0,0.0,0.141779,0.174552,0.195183,0.0,0.178601,0.0,0.119746,0.0,0.0,0.0,0.0,0.176459,0.0,0.237695,0.0,0.296392,0.0,0.124938,0.161519,0.0,0.189767,0.205731,0.145829,0.0,0.0,0.004212,0.298658,0.257923,0.0,0.277603,0.109419,0.216104,3.5e-05,0.0,0.0,0.0,0.0,0.0,0.208841,0.0,0.0,0.0,0.270586,0.135047,0.0,0.0,0.014858,0.0,0.21964,0.0,0.150543,1e-06,0.258692,0.182773,0.0,0.0,1.373424,0.0,0.0,0.151097,0.299587,0.192499,0.417235,0.0,0.118167,0.097178,0.130046,0.1171,0.0,0.056005,0.0,0.0,0.0,0.340208,0.134321,0.174425,0.0,0.0,0.0,0.343175,0.596957,0.0,0.264497,0.0,0.184646,0.0,0.188745,0.0,0.350101,0.0,0.0,0.0,0.0,0.0,0.0,0.247142,0.0,0.204523,0.31319,0.020292,0.0,0.0,0.0,0.064019,0.0,0.0,0.0,0.105137,0.0,0.0,0.205493,0.667625,0.176948,0.295956,0.70584,0.197103,0.0,0.0,0.0,0.0,0.0,0.0,0.0,0.066618,0.0,0.271148,0.133315,0.186201,0.244815,0.169857,0.712871,0.244713,0.0,0.0,0.0,0.0,0.203872,0.0,0.0,0.005439,0.126505,0.0,0.0,0.11784,0.188674,0.0,0.0,0.232743,0.133044,0.013959,0.156776,0.0,0.275143,0.0,0.0,0.203475,0.129414,0.0,0.0
TCGA-93-A4JP,0.0,0.0,0.0,0.0,0.0,0.090284,0.353942,0.108434,0.253692,0.0,0.090817,0.0,0.0,0.0,0.0,0.10714,0.0,0.164436,0.0,0.0,0.215108,0.0,0.0,0.0,0.0,0.0,0.0,0.0,0.202064,0.093982,0.0,0.0,0.099788,0.856258,0.0,0.28596,0.222531,0.0,0.0,0.0,0.0,0.344132,0.0,0.122033,0.0,0.239391,0.231407,0.0,0.0,0.359306,0.0,0.199965,0.0,1.087941,0.0,0.372196,0.104594,0.404158,0.049564,0.139638,0.0056,0.0,0.328219,0.006213,0.004682,0.359396,0.0,0.002772,0.360984,0.0,0.188859,0.0,0.255501,0.094448,0.0,0.0,0.0,0.0,0.110639,0.0,0.0,0.735477,0.057861,0.0,0.0,0.010098,0.210267,0.300507,0.035638,0.022369,0.05943,0.092907,0.259476,0.0,0.555473,0.0,0.0,0.0,0.0,0.07692,0.0,0.0,0.216364,0.147152,0.124379,0.0,0.273717,0.280502,0.078387,0.328911,0.003816,0.0,0.195871,0.0,0.0,0.491199,0.0,0.369088,0.0,0.0,0.409329,0.186282,0.0,0.0,0.0,0.0,0.345021,0.32229,0.123362,0.0,0.0,0.110297,0.0,0.279707,0.206392,0.1085,0.395011,0.06372,0.002308,0.0,0.278423,0.009168,0.31104,0.252501,0.0,0.0,0.0,0.245086,0.0,0.0,0.100264,0.212282,0.295313,0.324691,0.0,0.066592,0.002451,0.001728,0.081485,0.0,0.43489,0.0,0.0,0.106322,0.165857,0.24665,0.0,0.0,0.0,0.246977,0.0,0.328586,0.0,0.0,3e-06,0.0,0.0,0.0,0.081705,0.715805,0.0,0.0,0.0,0.0,0.0,0.077513,0.270476,0.079568,0.0,0.0,0.0,0.0,0.355395,0.0,0.247541,0.257965,0.012165,0.196222,0.222753,0.0,0.102027,0.0,2.225623,0.003334,0.0,0.0,0.326212,1.243393,0.0,1e-06,0.0,0.0,0.0,0.0,0.0,0.159006,0.0,0.842226,0.0,0.0,0.0,0.122423,0.0,0.100616,0.085929,0.0,0.0,0.0,0.0,0.0,0.453385,0.0,0.0,0.057876,0.0,0.005849,0.098215,0.059366,0.079353,0.0,0.194914,0.0,0.0,0.0,0.0,0.376825,0.114001,0.0,0.053596,0.014757,0.315808,0.0,0.105133,0.009355,1.38696,0.286546,0.0,0.12913,0.0,0.250877,0.0,0.0252,0.0,0.0,0.0,0.0,0.0,0.0,0.078709,0.062069,0.0,0.116731,0.0,0.0,0.387228,0.070028,0.0,0.118332,0.0,0.0,0.351283,0.241189,0.067622,0.136112,0.239741,0.0,0.0,0.0,0.06579,0.108377,0.0821,0.191143,0.0,0.0,0.0,0.130878,0.0,0.0,0.073137,0.380994,0.0,0.210043,0.358515,0.209069,0.141488,0.262987,0.0,0.0,0.0,0.000812,0.0,0.311752,0.0,0.0,0.411526,0.0,0.382017,0.0,1.8e-05,0.11571,0.266359,0.090847,0.126331,0.250512,0.0,0.0,0.101324,0.001566,0.0,0.329385,0.324315,0.044685,0.436835,0.0,0.0,0.142011,0.054556,0.0,0.0,0.0,0.321651,0.093096,0.0,0.0,0.0,0.0,0.0,0.03345,0.105954,0.274016,0.0,0.0,0.0,0.224678,0.088426,0.113533,0.0,0.303593,0.0,0.214426,0.0,0.0,0.0,0.0,0.332385,0.0,0.149445,0.0,0.365673,0.0,0.055459,0.16874,0.0,0.104476,0.109749,0.263232,0.0,0.0,0.001292,0.396224,0.148193,0.0,0.381192,0.05026,0.120863,0.000123,0.0,0.0,0.0,0.0,0.0,0.115787,0.0,0.0,0.0,0.354484,0.256674,0.0,0.0,0.003387,0.0,0.126642,0.0,0.302042,2e-06,0.357055,0.088767,0.0,0.0,1.50883,0.0,0.0,0.072456,0.384766,0.102421,0.539926,0.0,0.237786,0.077896,0.056213,0.229153,0.0,0.102003,0.0,0.0,0.0,0.200979,0.071777,0.282499,0.0,1e-06,0.0,0.226931,0.761376,0.0,0.416156,0.0,0.163726,0.0,0.108877,0.0,0.507045,0.0,0.0,0.0,0.0,0.0,0.0,0.318006,0.0,0.114329,0.210989,0.007744,0.0,0.0,0.0,0.135349,0.0,0.0,0.0,0.105355,0.0,0.0,0.295447,0.786141,0.09439,0.245883,0.84311,0.10918,0.0,0.0,0.0,0.0,0.0,0.0,0.0,0.050751,0.0,0.366012,0.067806,0.096119,0.35703,0.087731,0.780921,0.216011,0.0,0.0,0.0,0.0,0.107436,0.0,0.000572,0.000929,0.246437,0.0,0.0,0.231813,0.101399,0.0,0.0,0.209006,0.248744,0.002799,0.28895,0.0,0.19414,0.0,0.0,0.109174,0.245952,0.0,0.0
TCGA-95-7039,0.0,0.0,0.0,0.0,0.0,0.06217,0.420835,0.0875,0.28586,0.0,0.065104,0.0,0.0,0.0,0.0,0.077742,0.0,0.17872,0.0,0.0,0.290751,0.0,0.0,0.0,0.0,0.0,0.0,0.0,0.286525,0.058552,0.0,0.0,0.063716,0.958195,0.0,0.333453,0.260067,0.0,0.0,0.0,0.0,0.389593,0.0,0.101339,0.0,0.315237,0.253128,0.0,0.0,0.415716,0.0,0.213853,0.0,1.199459,0.0,0.441019,0.077462,0.451698,0.031964,0.109153,0.001572,0.0,0.399598,0.001809,0.000798,0.421945,0.0,0.001487,0.459423,0.0,0.254836,0.0,0.312165,0.072307,0.0,0.0,0.0,0.0,0.149614,0.0,0.0,0.843006,0.036844,0.0,0.0,0.004146,0.276196,0.368037,0.022771,0.016423,0.043127,0.069199,0.275385,0.0,0.609221,0.0,0.0,0.0,0.0,0.073517,0.0,0.0,0.173343,0.110496,0.10931,0.0,0.30265,0.334904,0.045918,0.388906,0.000932,0.0,0.258334,0.0,0.0,0.574442,0.0,0.428357,0.0,0.0,0.487167,0.160702,0.0,0.0,0.0,0.0,0.394915,0.355801,0.10274,0.0,0.0,0.071831,0.0,0.337195,0.239726,0.079399,0.442603,0.065878,0.001089,0.0,0.336332,0.006131,0.363777,0.313617,0.0,0.0,0.0,0.3007,0.0,0.0,0.085637,0.261449,0.36222,0.367064,0.0,0.04685,0.001263,0.000734,0.057681,0.0,0.514305,0.0,0.0,0.076778,0.209755,0.310617,0.0,0.0,0.0,0.326532,0.0,0.395721,0.0,0.0,0.0,0.0,0.0,0.0,0.058479,0.805937,0.0,0.0,0.0,0.0,0.0,0.057028,0.358485,0.053402,0.0,0.0,0.0,0.0,0.428271,0.0,0.31104,0.328708,0.003836,0.235033,0.281884,0.0,0.085597,0.0,2.443174,0.000521,0.0,0.0,0.371357,1.396821,0.0,0.0,0.0,0.0,0.0,0.0,0.0,0.163911,0.0,0.950206,0.0,0.0,0.0,0.100524,0.0,0.089574,0.055745,0.0,0.0,0.0,0.0,0.0,0.537263,0.0,0.0,0.038891,0.0,0.001761,0.080438,0.060125,0.063603,0.0,0.24135,0.0,0.0,0.0,0.0,0.424964,0.108512,0.0,0.041646,0.009002,0.369433,0.0,0.079926,0.003422,1.535582,0.330485,0.0,0.106496,0.0,0.23563,0.0,0.019123,0.0,0.0,0.0,0.0,0.0,0.0,0.055175,0.037524,0.0,0.106233,0.0,0.0,0.438007,0.095332,0.0,0.079545,0.0,0.0,0.413011,0.308856,0.045956,0.119199,0.295378,0.0,0.0,0.0,0.047649,0.085193,0.062553,0.152385,0.0,0.0,0.0,0.095959,0.0,0.0,0.04967,0.430182,0.0,0.272424,0.404607,0.221505,0.168177,0.296937,0.0,0.0,0.0,0.000459,0.0,0.356066,0.0,0.0,0.472736,0.0,0.444838,0.0,1.2e-05,0.106855,0.307683,0.058625,0.111354,0.338643,0.0,0.0,0.085899,0.000854,0.0,0.388897,0.372258,0.072391,0.502701,0.0,0.0,0.100313,0.042679,0.0,0.0,0.0,0.379064,0.086091,0.0,0.0,0.0,0.0,0.0,0.017671,0.086297,0.345394,0.0,0.0,0.0,0.256739,0.063772,0.074191,0.0,0.375506,0.0,0.273665,0.0,2e-06,0.0,0.0,0.400616,0.0,0.109031,0.0,0.423951,0.0,0.040726,0.17319,0.0,0.080709,0.085617,0.329448,0.0,0.0,0.000389,0.455097,0.117802,0.0,0.422443,0.02979,0.095534,9.8e-05,0.0,0.0,0.0,0.0,0.0,0.07997,0.0,0.0,0.0,0.406587,0.319715,0.0,0.0,0.001896,0.0,0.103484,0.0,0.40182,1e-06,0.402686,0.080999,0.0,0.0,1.668398,0.0,0.0,0.063554,0.438553,0.077345,0.607724,0.0,0.292866,0.058907,0.04174,0.276203,0.0,0.107152,0.0,0.0,0.0,0.163339,0.04956,0.329874,0.0,0.0,0.0,0.201577,0.853433,0.0,0.479913,0.0,0.166801,0.0,0.080539,0.0,0.601927,0.0,0.0,0.0,0.0,0.0,0.0,0.377759,0.0,0.073256,0.187901,0.001243,0.0,0.0,0.0,0.175773,0.0,0.0,0.0,0.116537,0.0,0.0,0.323626,0.899568,0.072054,0.260283,0.945159,0.089756,0.0,0.0,0.0,0.0,0.0,0.0,0.0,0.049951,0.0,0.410014,0.047093,0.065124,0.403021,0.068345,0.882543,0.223365,0.0,0.0,0.0,0.0,0.081958,0.0,0.0,0.000451,0.320938,0.0,0.0,0.298482,0.074992,0.0,0.0,0.244816,0.291472,0.001189,0.35129,0.0,0.158566,0.0,0.0,0.080771,0.311662,0.0,0.0
TCGA-95-7567,0.0,0.0,0.0,0.0,0.0,0.044658,0.465994,0.060795,0.319685,0.0,0.051241,0.0,0.0,0.0,0.0,0.061057,0.0,0.166199,0.0,0.0,0.326844,0.0,0.0,0.0,0.0,0.0,0.0,0.0,0.300144,0.033674,0.0,0.0,0.046695,1.009007,0.0,0.374176,0.297062,0.0,0.0,0.0,0.0,0.437922,0.0,0.079678,0.0,0.348869,0.281934,0.0,0.0,0.460964,0.0,0.247712,0.0,1.262868,0.0,0.497181,0.052417,0.518458,0.018635,0.089558,0.000442,0.0,0.436163,0.000256,0.000195,0.478493,0.0,0.000295,0.439447,0.0,0.284343,0.0,0.347988,0.044767,0.0,0.0,0.0,0.0,0.178782,0.0,0.0,0.903753,0.018042,0.0,0.0,0.000886,0.313153,0.417211,0.008798,0.008342,0.020106,0.038963,0.301336,0.0,0.667148,0.0,0.0,0.0,0.0,0.041396,0.0,0.0,0.183881,0.086002,0.069896,0.0,0.344109,0.283013,0.018964,0.446141,0.00017,0.0,0.298481,0.0,0.0,0.637016,0.0,0.432844,0.0,0.0,0.534553,0.127285,0.0,0.0,0.0,0.0,0.454394,0.314297,0.07481,0.0,0.0,0.044502,0.0,0.380119,0.21213,0.047651,0.488161,0.071004,0.000199,0.0,0.374461,0.000701,0.419981,0.354826,0.0,0.0,0.0,0.337438,0.0,0.0,0.059416,0.28962,0.406442,0.425619,0.0,0.04215,0.000182,0.000107,0.038699,0.0,0.557021,0.0,0.0,0.047765,0.255395,0.344106,0.0,0.0,0.0,0.355494,0.0,0.432487,0.0,0.0,0.0,0.0,0.0,0.0,0.040448,0.867183,0.0,0.0,0.0,0.0,0.0,0.04692,0.381829,0.032536,0.0,0.0,0.0,0.0,0.469586,0.0,0.35344,0.366281,0.000906,0.24056,0.323102,0.0,0.0569,0.0,2.518913,9.9e-05,0.0,0.0,0.418306,1.451356,0.0,0.0,0.0,0.0,0.0,0.0,3e-06,0.150473,0.0,1.00186,0.0,0.0,0.0,0.066586,0.0,0.06849,0.03394,0.0,0.0,0.0,0.0,0.0,0.595911,0.0,0.0,0.02214,0.0,0.000424,0.045202,0.028643,0.02986,0.0,0.274887,0.0,0.0,0.0,0.0,0.47571,0.057143,0.0,0.026898,0.003142,0.416498,0.0,0.060304,0.000487,1.606632,0.363703,0.0,0.089569,0.0,0.241559,0.0,0.009959,0.0,0.0,0.0,0.0,0.0,0.0,0.033249,0.021812,0.0,0.07739,0.0,0.0,0.48768,0.090008,0.0,0.06644,0.0,0.0,0.44639,0.34291,0.024855,0.105063,0.345841,0.0,2e-06,0.0,0.035402,0.049135,0.038389,0.150202,0.0,0.0,0.0,0.077584,0.0,0.0,0.021225,0.491532,0.0,0.305819,0.448739,0.241463,0.167025,0.335623,0.0,0.0,0.0,0.000102,0.0,0.381057,0.0,0.0,0.53344,0.0,0.484623,0.0,0.0,0.091753,0.352001,0.03742,0.084148,0.371785,0.0,0.0,0.060502,0.00015,0.0,0.439021,0.407004,0.040797,0.563025,0.0,0.0,0.062648,0.025225,0.0,0.0,0.0,0.400877,0.063339,0.0,0.0,0.0,0.0,0.0,0.006063,0.061388,0.388954,0.0,0.0,0.0,0.279302,0.036048,0.058956,0.0,0.418105,0.0,0.308387,0.0,3e-06,0.0,0.0,0.438391,0.0,0.079135,0.0,0.445263,0.0,0.019285,0.128921,0.0,0.05223,0.060941,0.355189,0.0,0.0,5.8e-05,0.512859,0.092996,0.0,0.47076,0.014201,0.063352,0.00015,0.0,0.0,0.0,0.0,0.0,0.046062,0.0,0.0,0.0,0.463396,0.355589,0.0,0.0,0.000209,0.0,0.094646,0.0,0.451084,1e-06,0.442502,0.047694,0.0,0.0,1.733276,0.0,0.0,0.033655,0.492638,0.044905,0.671574,0.0,0.330783,0.020126,0.013917,0.316025,0.0,0.102522,0.0,0.0,0.0,0.168884,0.029117,0.365421,0.0,0.0,0.0,0.175603,0.903329,0.0,0.533485,0.0,0.155044,0.0,0.054826,0.0,0.650381,0.0,0.0,0.0,0.0,0.0,0.0,0.424048,0.0,0.043609,0.182746,0.000342,0.0,0.0,0.0,0.17827,0.0,0.0,0.0,0.078915,0.0,0.0,0.349101,0.96334,0.060768,0.348987,1.008495,0.069489,0.0,0.0,0.0,0.0,0.0,0.0,0.0,0.015474,0.0,0.471968,0.025096,0.044825,0.451362,0.043695,0.921232,0.277505,0.0,0.0,1e-06,0.0,0.073834,0.0,0.0,9.5e-05,0.35736,0.0,0.0,0.343984,0.047765,0.0,0.0,0.284682,0.328208,0.000145,0.391252,0.0,0.154535,0.0,0.0,0.062235,0.349312,0.0,0.0
TCGA-96-8169,0.0,0.0,0.0,0.0,0.0,0.167962,0.300376,0.215854,0.154706,0.0,0.1814,0.0,0.0,0.0,0.0,0.226256,0.0,0.157576,0.0,0.0,0.147087,0.0,0.0,0.0,0.0,0.0,0.0,0.0,0.128119,0.170594,0.0,0.0,0.175362,0.731182,0.0,0.217656,0.135332,0.0,0.0,0.0,0.0,0.252065,0.0,0.239678,0.0,0.148287,0.261147,0.0,0.0,0.282101,0.0,0.216528,0.0,1.054384,0.0,0.242006,0.174927,0.332065,0.12084,0.221356,0.034221,0.0,0.248525,0.031401,0.024298,0.291197,0.0,0.019829,0.318008,0.0,0.121366,0.0,0.157702,0.167815,0.0,0.0,0.0,0.0,0.070967,0.0,0.0,0.638838,0.135632,0.0,0.0,0.034089,0.134763,0.186152,0.088672,0.074677,0.118106,0.184021,0.234258,0.0,0.439672,0.0,0.0,0.0,0.0,0.165201,0.0,0.0,0.350899,0.259524,0.236813,0.0,0.217003,0.274285,0.153483,0.291607,0.019679,0.0,0.128172,0.0,0.0,0.417838,0.0,0.28733,0.0,0.0,0.316171,0.29909,0.0,0.0,0.0,0.0,0.288396,0.322405,0.247516,0.0,0.0,0.188061,0.0,0.181447,0.244214,0.169101,0.291217,0.053882,0.023674,0.0,0.175506,0.016324,0.271946,0.160242,0.0,0.0,0.0,0.145334,0.0,0.0,0.187061,0.131746,0.183155,0.264445,0.0,0.14321,0.030217,0.015313,0.17199,0.0,0.341287,0.0,0.0,0.195399,0.132181,0.168588,0.0,0.0,0.0,0.158848,0.0,0.23338,0.0,0.0,0.0,0.0,0.0,0.0,0.161939,0.618223,0.0,0.0,0.0,0.0,0.0,0.166383,0.176429,0.156543,0.0,0.0,0.0,0.0,0.26461,0.0,0.160533,0.168333,0.049651,0.206892,0.157222,0.0,0.184738,0.0,2.113939,0.017145,0.0,0.0,0.267258,1.117622,0.0,0.0,0.0,0.0,0.0,0.0,0.0,0.134462,0.0,0.720316,0.0,0.0,0.0,0.217367,0.0,0.208752,0.152651,0.0,0.0,0.0,0.0,0.0,0.393506,0.0,0.0,0.123736,0.0,0.035638,0.185947,0.149648,0.167557,0.0,0.117044,0.0,0.0,0.0,0.0,0.306494,0.147734,0.0,0.138291,0.062337,0.199258,0.0,0.179216,0.0312,1.253896,0.267995,0.0,0.207158,0.0,0.382614,0.0,0.08963,0.0,0.0,0.0,0.0,0.0,2.1e-05,0.164619,0.125361,0.0,0.217134,0.0,0.0,0.317015,0.098695,0.0,0.22216,0.0,0.0,0.259474,0.154021,0.116301,0.253818,0.148648,0.0,0.0,0.0,0.148753,0.189689,0.158584,0.232963,0.0,0.0,0.0,0.213297,0.0,0.0,0.139412,0.321201,0.0,0.139311,0.275622,0.216952,0.087171,0.247876,0.0,0.0,0.0,0.014055,0.0,0.289543,0.0,0.0,0.335815,0.0,0.273157,0.0,2e-06,0.208557,0.153615,0.144182,0.20901,0.166861,0.0,0.0,0.189637,0.019815,0.0,0.278362,0.233977,0.119259,0.364492,0.0,0.0,0.231862,0.12511,0.0,0.0,0.0,0.189814,0.16689,0.0,0.0,0.0,0.0,0.0,0.096843,0.183506,0.17995,0.0,0.0,0.0,0.142746,0.17435,0.192027,0.0,0.206066,0.0,0.139663,0.0,0.0,0.0,0.0,0.210433,0.0,0.231,0.0,0.293406,0.0,0.140343,0.204736,0.0,0.191361,0.206208,0.173434,0.0,0.0,0.014353,0.316112,0.263288,0.0,0.305194,0.117873,0.207859,0.000166,0.0,0.0,0.0,0.0,0.0,0.199452,0.0,0.0,0.0,0.299564,0.161618,0.0,0.0,0.014515,0.0,0.229786,0.0,0.199741,1e-06,0.271497,0.182291,0.0,0.0,1.421082,0.0,0.0,0.14915,0.317701,0.174758,0.441606,0.0,0.144279,0.103175,0.117095,0.149964,0.0,0.044036,0.0,0.0,0.0,0.354695,0.122444,0.205721,0.0,0.0,0.0,0.34004,0.620532,0.0,0.30326,0.0,0.169837,0.0,0.182229,0.0,0.402236,0.0,0.0,0.0,0.0,0.0,0.0,0.27918,0.0,0.18847,0.321323,0.032732,0.0,0.0,0.0,0.092548,0.0,0.0,0.0,0.159086,0.0,0.0,0.204275,0.710737,0.175909,0.324691,0.750837,0.20736,0.0,0.0,0.0,0.0,0.0,0.0,0.0,0.089572,0.0,0.298156,0.138617,0.194635,0.254651,0.188663,0.735667,0.238872,0.0,0.0,0.0,0.0,0.21028,0.0,0.0,0.019722,0.161654,0.0,0.0,0.15147,0.17427,0.0,0.0,0.248479,0.154016,0.019336,0.173217,0.0,0.248864,0.0,0.0,0.205612,0.163056,0.0,0.0
TCGA-96-A4JK,0.0,0.0,0.0,0.0,0.0,0.251892,0.190115,0.293757,0.081438,0.0,0.243935,0.0,0.0,0.0,0.0,0.335309,0.0,0.06536,0.0,0.0,0.065759,0.0,0.0,0.0,0.0,0.0,0.0,0.0,0.041909,0.260382,0.0,0.0,0.252548,0.539823,0.0,0.133193,0.060349,0.0,0.0,0.0,0.0,0.158378,0.0,0.318079,0.0,0.056199,0.141733,0.0,0.0,0.199576,0.0,0.109603,0.0,0.901351,0.0,0.11059,0.237962,0.234603,0.190491,0.265946,0.091882,0.0,0.157723,0.094421,0.088027,0.173312,0.0,0.058023,0.312971,0.0,0.050792,0.0,0.062642,0.243582,0.0,0.0,0.0,0.0,0.040138,0.0,0.0,0.467763,0.200776,0.0,0.0,0.07115,0.050368,0.075054,0.14923,0.122273,0.163111,0.270108,0.152841,0.0,0.288432,0.0,0.0,0.0,0.0,0.223994,0.0,0.0,0.42425,0.370737,0.328064,0.0,0.168305,0.341071,0.265988,0.212902,0.057358,0.0,0.048657,0.0,0.0,0.27854,0.0,0.260007,0.0,0.0,0.175519,0.372108,0.0,0.0,0.0,0.0,0.210282,0.399901,0.352744,0.0,0.0,0.288347,0.0,0.080545,0.360245,0.236167,0.171781,0.042903,0.089817,0.0,0.072401,0.040408,0.189989,0.062176,0.0,0.0,0.0,0.060741,0.0,0.0,0.25973,0.05948,0.080093,0.188599,0.0,0.190117,0.083025,0.050564,0.262113,0.0,0.201075,0.0,0.0,0.296773,0.108551,0.071993,0.0,0.0,0.0,0.057281,0.0,0.132644,0.0,0.0,0.0,0.0,0.0,0.0,0.229362,0.446023,0.0,0.0,0.0,0.0,0.0,0.218727,0.061455,0.242402,0.0,0.0,0.0,0.0,0.156262,0.0,0.075539,0.070417,0.11305,0.109205,0.095107,0.0,0.254598,0.0,1.845928,0.076564,0.0,0.0,0.17786,0.888602,0.0,0.0,0.0,0.0,0.0,0.0,0.0,0.052428,0.0,0.516822,0.0,0.0,0.0,0.315165,0.0,0.304322,0.240406,0.0,0.0,0.0,0.0,0.0,0.250305,0.0,0.0,0.173244,0.0,0.097956,0.261071,0.220365,0.245777,0.0,0.043613,0.0,0.0,0.0,0.0,0.188276,0.260546,0.0,0.206097,0.103917,0.079871,0.0,0.2466,0.10275,1.015031,0.174161,0.0,0.244269,0.0,0.380521,0.0,0.14179,0.0,0.0,0.0,0.0,0.0,0.0,0.254784,0.186196,0.0,0.29087,0.0,0.0,0.203272,0.053605,0.0,0.313495,0.0,0.0,0.158685,0.063662,0.160307,0.347092,0.057988,0.0,1e-06,0.0,0.217311,0.257254,0.215253,0.212479,0.0,0.0,0.0,0.29668,0.0,0.0,0.201362,0.216905,0.0,0.054372,0.182364,0.110733,0.022508,0.152794,0.0,0.0,0.0,0.038844,0.0,0.163887,0.0,0.0,0.20873,0.0,0.162001,0.0,8e-06,0.24781,0.066738,0.215532,0.257635,0.058177,0.0,0.0,0.25526,0.047046,0.0,0.205379,0.139965,0.245768,0.217974,0.0,0.0,0.329818,0.180955,0.0,0.0,0.0,0.077913,0.209882,0.0,0.0,0.0,0.0,0.0,0.160592,0.24697,0.071252,0.0,0.0,0.0,0.073707,0.251883,0.263048,0.0,0.098219,0.0,0.058835,0.0,0.0,0.0,0.0,0.082163,0.0,0.314671,0.0,0.167475,0.0,0.222053,0.313716,0.0,0.256052,0.300172,0.06153,0.0,0.0,0.08224,0.200437,0.350187,0.0,0.216305,0.182364,0.285417,1.6e-05,0.0,0.0,0.0,0.0,0.0,0.303776,0.0,0.0,0.0,0.207904,0.066997,0.0,0.0,0.053195,0.0,0.288114,0.0,0.076248,0.0,0.18998,0.261562,0.0,0.0,1.21848,0.0,0.0,0.220665,0.215214,0.249921,0.283015,0.0,0.059605,0.190339,0.18154,0.062954,0.0,0.013492,0.0,0.0,0.0,0.446029,0.164021,0.104254,0.0,0.0,0.0,0.379713,0.437641,0.0,0.149538,0.0,0.093787,0.0,0.238027,0.0,0.224966,0.0,0.0,0.0,0.0,0.0,0.0,0.197976,0.0,0.293325,0.324082,0.102314,0.0,0.0,0.0,0.024547,0.0,0.0,0.0,0.254437,0.0,0.0,0.148052,0.551628,0.229203,0.302255,0.584379,0.272972,0.0,0.0,0.0,0.0,0.0,0.0,0.0,0.162046,0.0,0.208673,0.191208,0.30455,0.156957,0.260385,0.580382,0.135709,0.0,0.0,0.0,0.0,0.282566,0.0,0.0,0.081913,0.061699,0.0,0.0,0.058895,0.256572,0.0,0.0,0.12494,0.073055,0.066059,0.070495,0.0,0.250389,0.0,0.0,0.287936,0.068161,0.0,0.0
TCGA-97-7553,0.0,0.0,0.0,0.0,0.0,0.174724,0.309887,0.229801,0.153853,0.0,0.195224,0.0,0.0,0.0,0.0,0.23655,0.0,0.197688,0.0,0.0,0.137494,0.0,0.0,0.0,0.0,0.0,0.0,0.0,0.137355,0.18304,0.0,0.0,0.197332,0.760006,0.0,0.217814,0.138048,0.0,0.0,0.0,0.0,0.268391,0.0,0.256511,0.0,0.153846,0.328449,0.0,0.0,0.305041,0.0,0.266575,0.0,1.132145,0.0,0.253033,0.198508,0.3551,0.12361,0.253287,0.025183,0.0,0.242993,0.020002,0.01207,0.321051,0.0,0.019913,0.300913,0.0,0.120555,0.0,0.155286,0.169924,0.0,0.0,0.0,0.0,0.068238,0.0,0.0,0.672776,0.129705,0.0,0.0,0.019419,0.132659,0.191229,0.094097,0.071636,0.106845,0.17865,0.284217,0.0,0.474408,0.0,0.0,0.0,0.0,0.163121,0.0,0.0,0.404082,0.284081,0.246366,0.0,0.213539,0.249868,0.140512,0.316751,0.01098,0.0,0.127115,0.0,0.0,0.459784,0.0,0.285378,0.0,0.0,0.329259,0.361335,0.0,0.0,0.0,0.0,0.314302,0.276764,0.258906,0.0,0.0,0.194624,0.0,0.188824,0.191232,0.188598,0.307462,0.054654,0.009592,0.0,0.187034,0.011161,0.294639,0.168638,0.0,0.0,0.0,0.154755,0.0,0.0,0.19962,0.124728,0.1883,0.294648,0.0,0.153865,0.013798,0.007832,0.179389,0.0,0.353714,0.0,0.0,0.207649,0.114845,0.160814,0.0,0.0,0.0,0.173207,0.0,0.248278,0.0,0.0,0.0,0.0,0.0,0.0,0.177926,0.647747,0.0,0.0,0.0,0.0,0.0,0.172546,0.191998,0.164594,0.0,0.0,0.0,0.0,0.266856,0.0,0.161486,0.17185,0.039196,0.257441,0.150573,0.0,0.199379,0.0,2.195832,0.009811,0.0,0.0,0.289705,1.163855,0.0,0.0,0.0,0.0,0.0,0.0,0.0,0.168084,0.0,0.759883,0.0,0.0,0.0,0.237481,0.0,0.212111,0.169681,0.0,0.0,0.0,0.0,0.0,0.4346,0.0,0.0,0.118888,0.0,0.019334,0.192819,0.136396,0.160004,0.0,0.118956,0.0,0.0,0.0,0.0,0.333746,0.092328,0.0,0.136515,0.052567,0.209767,0.0,0.205138,0.009574,1.299176,0.333648,0.0,0.242603,0.0,0.463734,0.0,0.086191,0.0,0.0,0.0,0.0,0.0,0.0,0.175655,0.137056,0.0,0.232372,0.0,0.0,0.34911,0.12052,0.0,0.247044,0.0,0.0,0.269111,0.151962,0.12576,0.29047,0.159196,0.0,0.0,0.0,0.15408,0.203013,0.162927,0.302224,0.0,0.0,0.0,0.226335,0.0,0.0,0.132275,0.339394,0.0,0.134751,0.293073,0.270471,0.068736,0.308092,0.0,0.0,0.0,0.00997,0.0,0.348004,0.0,0.0,0.359277,0.0,0.283809,0.0,0.0,0.24629,0.170685,0.153402,0.232275,0.17967,0.0,0.0,0.191699,0.006675,0.0,0.289184,0.242634,0.093477,0.387323,0.0,0.0,0.246654,0.120175,0.0,0.0,0.0,0.209171,0.191177,0.0,0.0,0.0,0.0,0.0,0.088371,0.200424,0.172403,0.0,0.0,0.0,0.147509,0.188254,0.208004,0.0,0.213683,0.0,0.13905,0.0,0.0,0.0,0.0,0.216516,0.0,0.254265,0.0,0.339941,0.0,0.12046,0.167995,0.0,0.196274,0.216902,0.19605,0.0,0.0,0.004371,0.342835,0.299414,0.0,0.331686,0.104881,0.221987,8e-05,0.0,0.0,0.0,0.0,0.0,0.205159,0.0,0.0,0.0,0.3159,0.15911,0.0,0.0,0.013869,0.0,0.257796,0.0,0.207578,0.0,0.285785,0.18153,0.0,0.0,1.490924,0.0,0.0,0.152124,0.34017,0.183971,0.471759,0.0,0.137758,0.072549,0.1188,0.15082,0.0,0.044452,0.0,0.0,0.0,0.410993,0.129538,0.218071,0.0,0.0,0.0,0.402802,0.640584,0.0,0.309846,0.0,0.220724,0.0,0.198087,0.0,0.397291,0.0,0.0,0.0,0.0,0.0,0.0,0.293002,0.0,0.192727,0.382294,0.010462,0.0,0.0,0.0,0.105656,0.0,0.0,0.0,0.108709,0.0,0.0,0.228586,0.755858,0.189684,0.364298,0.788783,0.232367,0.0,0.0,0.0,0.0,0.0,0.0,0.0,0.049006,0.0,0.314638,0.129241,0.199221,0.260863,0.184597,0.796474,0.300066,0.0,0.0,0.0,0.0,0.230923,0.0,0.0,0.005719,0.160091,0.0,0.0,0.158454,0.175994,0.0,0.0,0.291324,0.155136,0.008825,0.179515,0.0,0.311898,0.0,0.0,0.22338,0.165094,0.0,0.0
TCGA-97-8177,0.0,0.0,0.0,0.0,0.0,0.129702,0.316778,0.160528,0.19925,0.0,0.130434,0.0,0.0,0.0,0.0,0.164373,0.0,0.093354,0.0,0.0,0.187008,0.0,0.0,0.0,0.0,0.0,0.0,0.0,0.147052,0.132741,0.0,0.0,0.134794,0.767463,0.0,0.250392,0.171932,0.0,0.0,0.0,0.0,0.2947,0.0,0.177937,0.0,0.18753,0.178057,0.0,0.0,0.313746,0.0,0.145072,0.0,1.033263,0.0,0.295995,0.133749,0.357369,0.0821,0.166582,0.011164,0.0,0.295254,0.010926,0.007243,0.309922,0.0,0.005424,0.363809,0.0,0.157483,0.0,0.192329,0.126252,0.0,0.0,0.0,0.0,0.103992,0.0,0.0,0.663482,0.092196,0.0,0.0,0.012776,0.170609,0.227787,0.051317,0.040694,0.083278,0.137734,0.206964,0.0,0.47055,0.0,0.0,0.0,0.0,0.125494,0.0,0.0,0.269555,0.205668,0.177401,0.0,0.252153,0.309114,0.120484,0.308636,0.004914,0.0,0.160214,0.0,0.0,0.441809,0.0,0.333612,0.0,0.0,0.348027,0.221372,0.0,0.0,0.0,0.0,0.312074,0.363189,0.184055,0.0,0.0,0.14729,0.0,0.214232,0.28141,0.13111,0.324138,0.060139,0.006411,0.0,0.212433,0.007118,0.281103,0.19023,0.0,0.0,0.0,0.190666,0.0,0.0,0.144106,0.172252,0.237024,0.294025,0.0,0.099426,0.009169,0.003009,0.125418,0.0,0.370429,0.0,0.0,0.152578,0.174871,0.195427,0.0,0.0,0.0,0.179445,0.0,0.275384,0.0,0.0,0.0,0.0,0.0,0.0,0.11664,0.639116,0.0,0.0,0.0,0.0,0.0,0.119799,0.20079,0.116892,0.0,0.0,0.0,0.0,0.308608,0.0,0.198837,0.203499,0.021185,0.153418,0.19623,0.0,0.143625,0.0,2.143116,0.004359,0.0,0.0,0.28012,1.15603,0.0,0.0,0.0,0.0,0.0,0.0,0.0,0.087892,0.0,0.73875,0.0,0.0,0.0,0.171955,0.0,0.157799,0.116473,0.0,0.0,0.0,0.0,0.0,0.401494,0.0,0.0,0.082281,0.0,0.011854,0.141557,0.098963,0.125393,0.0,0.141751,0.0,0.0,0.0,0.0,0.317817,0.163402,0.0,0.093647,0.02805,0.239649,0.0,0.129896,0.014962,1.282249,0.245837,0.0,0.156943,0.0,0.286537,0.0,0.051678,0.0,0.0,0.0,0.0,0.0,0.0,0.116183,0.084164,0.0,0.162605,0.0,0.0,0.322765,0.04255,0.0,0.166888,0.0,0.0,0.302667,0.189053,0.077913,0.186849,0.19211,0.0,0.0,0.0,0.099917,0.14546,0.11209,0.17524,0.0,0.0,0.0,0.170613,0.0,0.0,0.10612,0.344529,0.0,0.164846,0.316638,0.147341,0.084696,0.214924,0.0,0.0,0.0,0.003431,0.0,0.258576,0.0,0.0,0.350991,0.0,0.319126,0.0,1e-06,0.146845,0.199216,0.112047,0.155704,0.189274,0.0,0.0,0.141559,0.003688,0.0,0.310738,0.273343,0.111072,0.372235,0.0,0.0,0.18934,0.082063,0.0,0.0,0.0,0.235355,0.122668,0.0,0.0,0.0,0.0,0.0,0.052885,0.140173,0.216069,0.0,0.0,0.0,0.178392,0.132365,0.14544,0.0,0.251583,0.0,0.18048,0.0,0.0,0.0,0.0,0.251329,0.0,0.182139,0.0,0.293433,0.0,0.099805,0.221713,0.0,0.146613,0.159703,0.189203,0.0,0.0,0.00312,0.344847,0.196575,0.0,0.334224,0.086946,0.166014,6.3e-05,0.0,0.0,0.0,0.0,0.0,0.165271,0.0,0.0,0.0,0.311999,0.203537,0.0,0.0,0.004547,0.0,0.164978,0.0,0.238072,0.0,0.30928,0.139046,0.0,0.0,1.44171,0.0,0.0,0.105486,0.336124,0.129221,0.460424,0.0,0.187805,0.106752,0.081547,0.185416,0.0,0.052107,0.0,0.0,0.0,0.269524,0.079177,0.235997,0.0,0.0,0.0,0.248858,0.664323,0.0,0.341375,0.0,0.109877,0.0,0.138734,0.0,0.434848,0.0,0.0,0.0,0.0,0.0,0.0,0.297572,0.0,0.145975,0.225379,0.01152,0.0,0.0,0.0,0.071979,0.0,0.0,0.0,0.162679,0.0,0.0,0.242678,0.721631,0.125422,0.293152,0.772063,0.156704,0.0,0.0,0.0,0.0,0.0,0.0,0.0,0.083864,0.0,0.323194,0.096294,0.151959,0.303109,0.142581,0.728701,0.163776,0.0,0.0,0.0,0.0,0.148568,0.0,0.0,0.004935,0.201938,0.0,0.0,0.183995,0.135174,0.0,0.0,0.168394,0.197487,0.006422,0.221764,0.0,0.190511,0.0,0.0,0.154355,0.193497,0.0,0.0
TCGA-97-A4M0,0.0,0.0,0.0,0.0,0.0,0.021837,0.507389,0.029976,0.389762,0.0,0.024709,0.0,0.0,0.0,0.0,0.025032,0.0,0.242036,0.0,0.0,0.367718,0.0,0.0,0.0,0.0,0.0,0.0,0.0,0.368446,0.019643,0.0,0.0,0.027103,1.110517,0.0,0.423513,0.35243,0.0,0.0,0.0,0.0,0.492139,0.0,0.037448,0.0,0.414156,0.295099,0.0,0.0,0.505408,0.0,0.266335,0.0,1.27706,0.0,0.575816,0.029988,0.556426,0.008188,0.051136,6.1e-05,0.0,0.46553,3.5e-05,1e-05,0.498766,0.0,3.9e-05,0.516742,0.0,0.33738,0.0,0.42781,0.021651,0.0,0.0,0.0,0.0,0.187183,0.0,0.0,0.971982,0.009124,0.0,0.0,0.000132,0.366288,0.492386,0.004173,0.003237,0.012069,0.018734,0.329816,0.0,0.753385,0.0,0.0,0.0,0.0,0.019882,0.0,0.0,0.089979,0.04319,0.031899,0.0,0.360103,0.323681,0.012392,0.457788,2e-05,0.0,0.349461,0.0,0.0,0.667812,0.0,0.494019,0.0,0.0,0.606396,0.079887,0.0,0.0,0.0,0.0,0.473602,0.345121,0.030082,0.0,0.0,0.024947,0.0,0.449833,0.19024,0.02756,0.561073,0.063406,4e-06,0.0,0.449039,0.00012,0.440739,0.416327,0.0,0.0,0.0,0.4005,0.0,0.0,0.029957,0.365082,0.475686,0.439842,0.0,0.016306,1.7e-05,9e-06,0.016932,0.0,0.638916,0.0,0.0,0.023918,0.253134,0.427075,0.0,0.0,0.0,0.455112,0.0,0.46875,0.0,0.0,0.0,0.0,0.0,0.0,0.018725,0.937517,0.0,0.0,0.0,0.0,0.0,0.02252,0.46882,0.015921,0.0,0.0,0.0,0.0,0.521503,0.0,0.401056,0.42747,0.000466,0.278899,0.367266,0.0,0.032554,0.0,2.561497,6e-06,0.0,0.0,0.453828,1.506159,0.0,0.0,0.0,0.0,0.0,0.0,0.0,0.195326,0.0,1.098817,0.0,0.0,0.0,0.033557,0.0,0.026977,0.018496,0.0,0.0,0.0,0.0,0.0,0.616429,0.0,0.0,0.008213,0.0,2.7e-05,0.024821,0.009722,0.017779,0.0,0.341981,0.0,0.0,0.0,0.0,0.524167,0.046131,0.0,0.011178,0.001169,0.51596,0.0,0.027284,3.7e-05,1.693263,0.362245,0.0,0.051436,0.0,0.165464,0.0,0.004395,0.0,0.0,0.0,0.0,0.0,1.7e-05,0.01414,0.010876,0.0,0.035941,0.0,0.0,0.549176,0.112279,0.0,0.033945,0.0,0.0,0.500361,0.398778,0.014624,0.043023,0.405611,0.0,0.0,0.0,0.013636,0.025143,0.015692,0.116912,0.0,0.0,0.0,0.039995,0.0,0.0,0.013206,0.52815,0.0,0.357055,0.481395,0.269278,0.258303,0.353841,0.0,0.0,0.0,1.2e-05,0.0,0.417919,0.0,0.0,0.585841,0.0,0.542845,0.0,0.0,0.050072,0.423568,0.021219,0.048842,0.468213,0.0,0.0,0.026812,5e-06,0.0,0.452648,0.454243,0.020042,0.635428,0.0,0.0,0.040344,0.009881,0.0,0.0,0.0,0.524806,0.03376,0.0,0.0,0.0,0.0,0.0,0.002597,0.037331,0.460144,0.0,0.0,0.0,0.319866,0.021674,0.030204,0.0,0.47989,0.0,0.350663,0.0,0.0,0.0,0.0,0.521965,0.0,0.042016,0.0,0.519402,0.0,0.008191,0.126741,0.0,0.025936,0.029534,0.449205,0.0,0.0,3e-06,0.550905,0.044289,0.0,0.49231,0.006621,0.03344,0.000578,0.0,0.0,0.0,0.0,0.0,0.028581,0.0,0.0,0.0,0.470197,0.421885,0.0,0.0,1.8e-05,0.0,0.038954,0.0,0.533461,1e-06,0.493831,0.022972,0.0,0.0,1.745787,0.0,0.0,0.014795,0.533638,0.024829,0.751093,0.0,0.4011,0.018446,0.009772,0.385991,0.0,0.148247,0.0,0.0,0.0,0.077573,0.012948,0.416202,0.0,0.0,0.0,0.118189,1.004381,0.0,0.612558,0.0,0.187889,0.0,0.031171,0.0,0.742864,0.0,0.0,0.0,0.0,0.0,0.0,0.454082,0.0,0.026322,0.127295,3.4e-05,0.0,0.0,0.0,0.264397,0.0,0.0,0.0,0.070947,0.0,0.0,0.386659,1.004723,0.025319,0.212985,1.068136,0.034486,0.0,0.0,0.0,0.0,0.0,0.0,0.0,0.012679,0.0,0.489762,0.010974,0.021358,0.509872,0.021349,0.96391,0.281717,0.0,0.0,0.0,0.0,0.032227,0.0,0.0,3e-06,0.428662,0.0,0.0,0.405228,0.023009,0.0,0.0,0.284236,0.380528,1.1e-05,0.456743,0.0,0.117069,0.0,0.0,0.029321,0.415785,0.0,0.0
TCGA-97-A4M2,0.0,0.0,0.0,0.0,0.0,0.087459,0.424274,0.125386,0.28272,0.0,0.108277,0.0,0.0,0.0,0.0,0.121595,0.0,0.245501,0.0,0.0,0.264033,0.0,0.0,0.0,0.0,0.0,0.0,0.0,0.262162,0.086883,0.0,0.0,0.111235,0.959536,0.0,0.325446,0.255265,0.0,0.0,0.0,0.0,0.383174,0.0,0.151101,0.0,0.293188,0.362034,0.0,0.0,0.416954,0.0,0.316403,0.0,1.239884,0.0,0.425911,0.111808,0.476489,0.055499,0.154072,0.004538,0.0,0.355821,0.003705,0.000382,0.422913,0.0,0.003651,0.395169,0.0,0.242059,0.0,0.30815,0.090146,0.0,0.0,0.0,0.0,0.13077,0.0,0.0,0.842452,0.060808,0.0,0.0,0.003215,0.258996,0.357675,0.037315,0.036015,0.061209,0.087923,0.340945,0.0,0.633588,0.0,0.0,0.0,0.0,0.084721,0.0,0.0,0.271428,0.159505,0.127799,0.0,0.302368,0.253851,0.062558,0.401655,0.001888,0.0,0.249413,0.0,0.0,0.581872,0.0,0.375503,0.0,0.0,0.478454,0.234447,0.0,0.0,0.0,0.0,0.406786,0.278801,0.134614,0.0,0.0,0.105895,0.0,0.328337,0.156308,0.103345,0.450023,0.055314,0.000629,0.0,0.331026,0.001907,0.388464,0.302612,0.0,0.0,0.0,0.288588,0.0,0.0,0.117036,0.260716,0.340199,0.377024,0.0,0.09015,0.000935,0.001661,0.087538,0.0,0.506383,0.0,0.0,0.104116,0.19568,0.311886,0.0,0.0,0.0,0.335135,0.0,0.356742,0.0,0.0,0.0,0.0,0.0,0.0,0.094073,0.804541,0.0,0.0,0.0,0.0,0.0,0.09854,0.344381,0.076695,0.0,0.0,0.0,0.0,0.39843,0.0,0.291919,0.308602,0.013607,0.303322,0.269939,0.0,0.116113,0.0,2.386473,0.000816,0.0,0.0,0.391024,1.346394,0.0,0.0,0.0,0.0,0.0,0.0,0.0,0.200169,0.0,0.95609,0.0,0.0,0.0,0.128164,0.0,0.115756,0.078128,0.0,0.0,0.0,0.0,0.0,0.554758,0.0,0.0,0.055547,0.0,0.000995,0.100247,0.06517,0.077132,0.0,0.24402,0.0,0.0,0.0,0.0,0.445575,0.044601,0.0,0.067375,0.022516,0.381348,0.0,0.110797,0.000824,1.521584,0.37517,0.0,0.161642,0.0,0.354146,0.0,0.041104,0.0,0.0,0.0,0.0,0.0,1e-06,0.079891,0.063596,0.0,0.139025,0.0,0.0,0.474773,0.137955,0.0,0.139568,0.0,0.0,0.394473,0.289293,0.061128,0.171264,0.291134,0.0,0.0,0.0,0.076581,0.09587,0.074548,0.234775,0.0,0.0,0.0,0.14051,0.0,0.0,0.061947,0.44789,0.0,0.259363,0.391584,0.312485,0.17677,0.354922,0.0,1e-06,0.0,0.001141,0.0,0.413749,0.0,0.0,0.49263,0.0,0.416468,0.0,0.0,0.154023,0.304176,0.086072,0.143449,0.343373,0.0,0.0,0.106015,0.000593,0.0,0.384497,0.346793,0.025673,0.537357,0.0,0.0,0.137249,0.059183,0.0,0.0,0.0,0.380584,0.112677,0.0,0.0,0.0,0.0,0.0,0.035031,0.128638,0.331601,0.0,0.0,0.0,0.233484,0.096134,0.115381,0.0,0.354619,0.0,0.252961,0.0,0.0,0.0,0.0,0.376271,0.0,0.146279,0.0,0.4567,0.0,0.05264,0.109466,0.0,0.098866,0.12185,0.33573,0.0,0.0,0.00041,0.465506,0.168675,0.0,0.419087,0.044009,0.118574,0.000605,0.0,0.0,0.0,0.0,0.0,0.1078,0.0,0.0,0.0,0.400761,0.301312,0.0,0.0,0.003543,0.0,0.155244,0.0,0.387863,2e-06,0.401554,0.094377,0.0,0.0,1.634266,0.0,0.0,0.075947,0.45347,0.098047,0.639635,0.0,0.281258,0.02022,0.05526,0.278651,0.0,0.100183,0.0,0.0,0.0,0.258788,0.067451,0.316345,0.0,0.0,0.0,0.292846,0.840095,0.0,0.473143,0.0,0.234186,0.0,0.117323,0.0,0.593643,0.0,0.0,0.0,0.0,0.0,0.0,0.391675,0.0,0.102752,0.285501,0.000832,0.0,0.0,0.0,0.202345,0.0,0.0,0.0,0.06891,0.0,0.0,0.308379,0.908737,0.111176,0.331124,0.954337,0.12754,0.0,0.0,0.0,0.0,0.0,0.0,0.0,0.017604,0.0,0.412952,0.060647,0.10166,0.392326,0.09558,0.911938,0.360777,0.0,0.0,0.0,0.0,0.131557,0.0,0.0,0.000437,0.303936,0.0,0.0,0.295887,0.096872,0.0,0.0,0.345789,0.274532,0.001497,0.329869,0.0,0.244208,0.0,0.0,0.119016,0.302567,0.0,0.0
TCGA-97-A4M3,0.0,0.0,0.0,0.0,0.0,0.059528,0.425746,0.076927,0.311431,0.0,0.062396,0.0,0.0,0.0,0.0,0.071205,0.0,0.192533,0.0,0.0,0.290034,0.0,0.0,0.0,0.0,0.0,0.0,0.0,0.28145,0.058614,0.0,0.0,0.067349,0.974636,0.0,0.348484,0.275952,0.0,0.0,0.0,0.0,0.409883,0.0,0.088543,0.0,0.320836,0.252683,0.0,0.0,0.430033,0.0,0.22575,0.0,1.187558,0.0,0.460755,0.072256,0.471935,0.031801,0.095862,0.002371,0.0,0.396027,0.002359,0.001086,0.416924,0.0,0.002047,0.459637,0.0,0.263852,0.0,0.332262,0.062654,0.0,0.0,0.0,0.0,0.150326,0.0,0.0,0.850178,0.034782,0.0,0.0,0.003872,0.282987,0.386696,0.020045,0.014815,0.038143,0.057996,0.286229,0.0,0.64251,0.0,0.0,0.0,0.0,0.059845,0.0,0.0,0.154041,0.103545,0.084907,0.0,0.309632,0.320849,0.046533,0.392226,0.001556,0.0,0.268456,0.0,0.0,0.579303,0.0,0.432761,0.0,0.0,0.501759,0.139093,0.0,0.0,0.0,0.0,0.406341,0.352504,0.084117,0.0,0.0,0.070887,0.0,0.355307,0.212836,0.071275,0.466334,0.06041,0.00055,0.0,0.354934,0.003709,0.374343,0.323455,0.0,0.0,0.0,0.313319,0.0,0.0,0.075234,0.28821,0.381059,0.378408,0.0,0.045132,0.001466,0.00069,0.054566,0.0,0.524467,0.0,0.0,0.070406,0.214166,0.332168,0.0,0.0,0.0,0.349255,0.0,0.397164,0.0,0.0,0.0,0.0,0.0,0.0,0.054167,0.817506,0.0,0.0,0.0,0.0,0.0,0.057343,0.364559,0.050047,0.0,0.0,0.0,0.0,0.435901,0.0,0.318016,0.335122,0.006178,0.235887,0.293064,0.0,0.078266,0.0,2.401839,0.000781,0.0,0.0,0.381054,1.376611,0.0,0.0,0.0,0.0,0.0,0.0,0.0,0.16173,0.0,0.957474,0.0,0.0,0.0,0.086721,0.0,0.071446,0.05469,0.0,0.0,0.0,0.0,0.0,0.532306,0.0,0.0,0.031463,0.0,0.00162,0.069534,0.040486,0.056472,0.0,0.255513,0.0,0.0,0.0,0.0,0.438788,0.092045,0.0,0.038039,0.008822,0.404549,0.0,0.067564,0.003295,1.53118,0.321312,0.0,0.095383,0.0,0.213875,0.0,0.018641,0.0,0.0,0.0,0.0,0.0,0.0,0.046678,0.035588,0.0,0.086573,0.0,0.0,0.457426,0.090754,0.0,0.082391,0.0,0.0,0.42149,0.311151,0.037732,0.096123,0.313743,0.0,0.0,0.0,0.041029,0.066871,0.049793,0.149781,0.0,0.0,0.0,0.091663,0.0,0.0,0.044565,0.446351,0.0,0.276591,0.411643,0.227188,0.18747,0.300127,0.0,0.0,0.0,0.000889,0.0,0.36187,0.0,0.0,0.491134,0.0,0.457723,0.0,4e-06,0.088614,0.333901,0.057947,0.091815,0.358441,0.0,0.0,0.068468,0.000687,0.0,0.39152,0.377162,0.045324,0.524447,0.0,0.0,0.098321,0.035539,0.0,0.0,0.0,0.41573,0.06777,0.0,0.0,0.0,0.0,0.0,0.017186,0.080799,0.360003,0.0,0.0,0.0,0.263211,0.06168,0.072991,0.0,0.387298,0.0,0.280437,0.0,0.0,0.0,0.0,0.408474,0.0,0.096684,0.0,0.440155,0.0,0.035723,0.156984,0.0,0.067837,0.07742,0.344874,0.0,0.0,0.000447,0.46676,0.098263,0.0,0.423754,0.029022,0.084945,0.00066,0.0,0.0,0.0,0.0,0.0,0.080938,0.0,0.0,0.0,0.401952,0.334089,0.0,0.0,0.001995,0.0,0.082501,0.0,0.414065,3e-06,0.4194,0.064186,0.0,0.0,1.633277,0.0,0.0,0.046162,0.45395,0.0682,0.632132,0.0,0.311992,0.050374,0.037932,0.301954,0.0,0.117434,0.0,0.0,0.0,0.145839,0.038293,0.335495,0.0,0.0,0.0,0.174324,0.870859,0.0,0.499572,0.0,0.170622,0.0,0.074442,0.0,0.61835,0.0,0.0,0.0,0.0,0.0,0.0,0.387605,0.0,0.074613,0.164599,0.001977,0.0,0.0,0.0,0.191695,0.0,0.0,0.0,0.096644,0.0,0.0,0.33236,0.893112,0.060299,0.235414,0.951275,0.077881,0.0,0.0,0.0,0.0,0.0,0.0,0.0,0.035097,0.0,0.41667,0.040958,0.065983,0.427418,0.06152,0.882274,0.236322,0.0,0.0,0.0,0.0,0.074409,0.0,0.0,0.000584,0.330616,0.0,0.0,0.310011,0.065265,0.0,0.0,0.238251,0.304274,0.002137,0.364043,0.0,0.154931,0.0,0.0,0.070696,0.32341,0.0,0.0
TCGA-97-A4M6,0.0,0.0,0.0,0.0,0.0,0.061963,0.425782,0.083856,0.306632,0.0,0.069011,0.0,0.0,0.0,0.0,0.083172,0.0,0.226262,0.0,0.0,0.281711,0.0,0.0,0.0,0.0,0.0,0.0,0.0,0.279039,0.066595,0.0,0.0,0.073304,0.984491,0.0,0.344347,0.27398,0.0,0.0,0.0,0.0,0.407442,0.0,0.099934,0.0,0.31155,0.293684,0.0,0.0,0.426355,0.0,0.26065,0.0,1.194036,0.0,0.452612,0.07863,0.475541,0.041611,0.112854,0.009554,0.0,0.383655,0.013205,0.009589,0.422653,0.0,0.01079,0.432724,0.0,0.253576,0.0,0.329024,0.071841,0.0,0.0,0.0,0.0,0.135713,0.0,0.0,0.851006,0.048108,0.0,0.0,0.011517,0.2787,0.384197,0.030233,0.025432,0.049301,0.067507,0.308545,0.0,0.647326,0.0,0.0,0.0,1e-06,0.06816,0.0,0.0,0.175926,0.108366,0.094971,0.0,0.299359,0.292372,0.052677,0.389248,0.008394,0.0,0.260801,0.0,0.0,0.570746,0.0,0.410691,0.0,0.0,0.500226,0.157151,0.0,0.0,0.0,0.0,0.398804,0.329989,0.092855,0.0,0.0,0.078308,0.0,0.351336,0.190396,0.076694,0.46855,0.062549,0.007822,0.0,0.354887,0.013002,0.377714,0.319511,0.0,0.0,0.0,0.304707,0.0,0.0,0.083463,0.278904,0.365538,0.370128,0.0,0.055941,0.008493,0.006605,0.061806,0.0,0.530664,0.0,0.0,0.079308,0.202109,0.334664,0.0,0.0,0.0,0.346157,0.0,0.385614,0.0,0.0,0.0,0.0,0.0,0.0,0.062301,0.8274,0.0,0.0,0.0,0.0,0.0,0.063869,0.364088,0.055548,0.0,0.0,0.0,0.0,0.4262,0.0,0.310859,0.332716,0.014871,0.257557,0.284808,0.0,0.082194,0.0,2.398405,0.009535,0.0,0.0,0.384491,1.372799,0.0,0.0,0.0,0.0,0.0,0.0,0.0,0.199569,0.0,0.974779,0.0,0.0,0.0,0.094429,0.0,0.080271,0.062401,0.0,0.0,0.0,0.0,0.0,0.539056,0.0,0.0,0.045622,0.0,0.010106,0.074897,0.053848,0.061435,0.0,0.255474,0.0,0.0,0.0,0.0,0.449179,0.081952,0.0,0.048053,0.017634,0.406024,0.0,0.07905,0.014276,1.541102,0.330938,0.0,0.108873,0.0,0.246733,0.0,0.027373,0.0,0.0,0.0,0.0,0.0,0.0,0.059264,0.04881,0.0,0.093261,0.0,0.0,0.466234,0.114913,0.0,0.091425,0.0,0.0,0.416466,0.309889,0.048012,0.109798,0.308285,0.0,0.0,0.0,0.05414,0.07704,0.060583,0.168704,0.0,0.0,0.0,0.098083,0.0,0.0,0.054058,0.452134,0.0,0.275793,0.403279,0.262008,0.207438,0.31988,0.0,0.0,0.0,0.003227,0.0,0.385234,0.0,0.0,0.49732,0.0,0.446586,0.0,0.0,0.10377,0.326756,0.064903,0.110654,0.356807,0.0,0.0,0.079886,0.004995,0.0,0.384102,0.373302,0.038673,0.541581,0.0,0.0,0.10297,0.045023,0.0,0.0,0.0,0.412484,0.076106,0.0,0.0,0.0,0.0,0.0,0.033162,0.094716,0.359186,0.0,0.0,0.0,0.254914,0.07251,0.078843,0.0,0.380505,0.0,0.273422,0.0,0.0,0.0,0.0,0.409569,0.0,0.113434,0.0,0.450289,0.0,0.046784,0.146109,0.0,0.078082,0.082953,0.349571,0.0,0.0,0.008483,0.462544,0.112539,0.0,0.421364,0.034565,0.088851,0.000685,0.0,0.0,0.0,0.0,0.0,0.083733,0.0,0.0,0.0,0.404106,0.327608,0.0,0.0,0.009092,0.0,0.093233,0.0,0.409937,1e-06,0.414304,0.069608,0.0,0.0,1.62685,0.0,0.0,0.056597,0.453993,0.07749,0.645829,0.0,0.297616,0.048955,0.047311,0.299083,0.0,0.116792,0.0,0.0,0.0,0.161511,0.051505,0.336185,0.0,0.0,0.0,0.206191,0.87643,0.0,0.504438,0.0,0.195645,0.0,0.08309,0.0,0.622269,0.0,0.0,0.0,0.0,0.0,0.0,0.383612,0.0,0.08614,0.205887,0.012848,0.0,0.0,0.0,0.204683,0.0,0.0,0.0,0.093725,0.0,0.0,0.322617,0.895482,0.072285,0.241547,0.959414,0.090901,0.0,0.0,0.0,0.0,0.0,0.0,0.0,0.032749,0.0,0.414072,0.054737,0.073465,0.413982,0.070114,0.885336,0.282881,0.0,0.0,0.0,0.0,0.083934,0.0,0.0,0.006097,0.324606,0.0,0.0,0.307249,0.073496,0.0,0.0,0.277864,0.294871,0.0069,0.355998,0.0,0.176162,0.0,0.0,0.080786,0.323213,0.0,0.0
TCGA-98-A53H,0.0,0.0,0.0,0.0,0.0,0.131892,0.301987,0.160343,0.168835,0.0,0.135926,0.0,0.0,0.0,0.0,0.151795,0.0,0.127146,0.0,0.0,0.155797,0.0,0.0,0.0,0.0,0.0,0.0,0.0,0.12689,0.120604,0.0,0.0,0.132436,0.724655,0.0,0.225457,0.152641,0.0,0.0,0.0,0.0,0.273747,0.0,0.172831,0.0,0.154177,0.219622,0.0,0.0,0.299327,0.0,0.194474,0.0,0.990582,0.0,0.264683,0.137569,0.327645,0.076308,0.18063,0.01014,0.0,0.272417,0.004895,0.004038,0.294864,0.0,0.004293,0.265256,0.0,0.125557,0.0,0.161144,0.128394,0.0,0.0,0.0,0.0,0.079651,0.0,0.0,0.624101,0.085915,0.0,0.0,0.01613,0.149188,0.205638,0.057904,0.038585,0.081778,0.132973,0.238628,0.0,0.445959,0.0,0.0,0.0,0.0,0.120139,0.0,0.0,0.276776,0.193067,0.179133,0.0,0.226432,0.212643,0.10537,0.276611,0.003857,0.0,0.133027,0.0,0.0,0.415771,0.0,0.271653,0.0,0.0,0.324969,0.216965,0.0,0.0,0.0,0.0,0.291694,0.275432,0.176174,0.0,0.0,0.152322,0.0,0.1967,0.181573,0.139839,0.304802,0.060073,0.001486,0.0,0.186021,0.006747,0.266186,0.172453,0.0,0.0,0.0,0.15259,0.0,0.0,0.144815,0.1433,0.203813,0.276879,0.0,0.09819,0.004464,0.002557,0.11293,0.0,0.333878,0.0,0.0,0.138681,0.139353,0.170442,0.0,0.0,0.0,0.141995,0.0,0.27057,0.0,0.0,0.0,0.0,0.0,0.0,0.109479,0.611539,0.0,0.0,0.0,0.0,0.0,0.12521,0.170672,0.114441,0.0,0.0,0.0,0.0,0.281541,0.0,0.177026,0.179417,0.021685,0.16793,0.151541,0.0,0.148021,0.0,2.040044,0.002807,0.0,0.0,0.271054,1.107896,0.0,0.0,0.0,0.0,0.0,0.0,0.0,0.135525,0.0,0.704691,0.0,0.0,0.0,0.166946,0.0,0.14984,0.111064,0.0,0.0,0.0,0.0,0.0,0.390642,0.0,0.0,0.086412,0.0,0.00662,0.14431,0.09287,0.119766,0.0,0.121932,0.0,0.0,0.0,0.0,0.296372,0.105961,0.0,0.090477,0.024983,0.216597,0.0,0.137041,0.00609,1.211492,0.259351,0.0,0.167654,0.0,0.312503,0.0,0.048775,0.0,0.0,0.0,0.0,0.0,0.0,0.104465,0.08291,0.0,0.165922,0.0,0.0,0.305066,0.055688,0.0,0.165373,0.0,0.0,0.281199,0.157481,0.086894,0.1922,0.157556,0.0,1e-06,0.0,0.101453,0.148586,0.119935,0.219979,0.0,0.0,0.0,0.17749,0.0,0.0,0.10302,0.317066,0.0,0.145173,0.293252,0.190349,0.099906,0.230114,0.0,0.0,0.0,0.00234,0.0,0.277601,0.0,0.0,0.336732,0.0,0.305081,0.0,1e-06,0.15415,0.178138,0.117969,0.168712,0.14987,0.0,0.0,0.141307,0.002049,0.0,0.283577,0.258744,0.044346,0.357756,0.0,0.0,0.176762,0.084282,0.0,0.0,0.0,0.202072,0.120766,0.0,0.0,0.0,0.0,0.0,0.053015,0.139791,0.189028,0.0,0.0,0.0,0.171326,0.124815,0.155641,0.0,0.228235,0.0,0.155723,0.0,0.0,0.0,0.0,0.227569,0.0,0.185112,0.0,0.288653,0.0,0.093684,0.151791,0.0,0.148208,0.152923,0.161028,0.0,0.0,0.000761,0.326262,0.190175,0.0,0.308744,0.080678,0.163713,6e-06,0.0,0.0,0.0,0.0,0.0,0.152133,0.0,0.0,0.0,0.301339,0.18275,0.0,0.0,0.002854,0.0,0.16951,0.0,0.200678,0.0,0.283332,0.138042,0.0,0.0,1.380476,0.0,0.0,0.099247,0.32536,0.133789,0.441597,0.0,0.155423,0.075074,0.080097,0.155514,0.0,0.072551,0.0,0.0,0.0,0.27676,0.089887,0.20273,0.0,0.0,0.0,0.267898,0.630977,0.0,0.316382,0.0,0.146013,0.0,0.138435,0.0,0.396108,0.0,0.0,0.0,0.0,0.0,0.0,0.27356,0.0,0.145748,0.248387,0.009513,0.0,0.0,0.0,0.064921,0.0,0.0,0.0,0.091171,0.0,0.0,0.223501,0.679711,0.126893,0.309606,0.729019,0.153179,0.0,0.0,0.0,0.0,0.0,0.0,0.0,0.040392,0.0,0.303867,0.098115,0.13955,0.292636,0.132268,0.692496,0.225546,0.0,0.0,0.0,0.0,0.154109,0.0,0.0,0.001415,0.170648,0.0,0.0,0.142468,0.130783,0.0,0.0,0.209921,0.172608,0.003209,0.199823,0.0,0.21951,0.0,0.0,0.151486,0.168992,0.0,0.0
TCGA-L9-A50W,0.0,0.0,0.0,0.0,0.0,0.078878,0.400457,0.098006,0.270445,0.0,0.080973,0.0,0.0,0.0,0.0,0.099806,0.0,0.115147,0.0,0.0,0.261356,0.0,0.0,0.0,0.0,0.0,0.0,0.0,0.209937,0.071518,0.0,0.0,0.078952,0.871915,0.0,0.319312,0.238248,0.0,0.0,0.0,0.0,0.370277,0.0,0.110186,0.0,0.262465,0.202251,0.0,0.0,0.397643,0.0,0.170612,0.0,1.12863,0.0,0.39681,0.081167,0.446348,0.040342,0.109118,0.003002,0.0,0.372465,0.001884,0.00164,0.382465,0.0,0.001034,0.411832,0.0,0.223703,0.0,0.271828,0.075988,0.0,0.0,0.0,0.0,0.151883,0.0,0.0,0.774502,0.037352,0.0,0.0,0.002324,0.243758,0.322384,0.020179,0.01506,0.036515,0.07187,0.252161,0.0,0.558373,0.0,0.0,0.0,0.0,0.06604,0.0,0.0,0.205631,0.135671,0.110797,0.0,0.310969,0.300461,0.06038,0.373861,0.000421,0.0,0.233703,0.0,0.0,0.535557,0.0,0.392234,0.0,0.0,0.435947,0.154876,0.0,0.0,0.0,0.0,0.387746,0.346632,0.119247,0.0,0.0,0.092147,0.0,0.304255,0.247296,0.077731,0.413948,0.061002,0.001614,0.0,0.294612,0.000637,0.35591,0.272605,0.0,0.0,0.0,0.256276,0.0,0.0,0.091122,0.241837,0.321906,0.354321,0.0,0.057879,0.00227,0.000465,0.066102,0.0,0.455243,0.0,0.0,0.085597,0.233655,0.280251,0.0,0.0,0.0,0.267016,0.0,0.365497,0.0,0.0,0.0,0.0,0.0,0.0,0.058834,0.738249,0.0,0.0,0.0,0.0,0.0,0.075202,0.284147,0.062529,0.0,0.0,0.0,0.0,0.389267,0.0,0.280407,0.286349,0.006248,0.174439,0.265165,0.0,0.096718,0.0,2.278576,0.000547,0.0,0.0,0.348654,1.267331,0.0,0.0,0.0,0.0,0.0,0.0,0.0,0.092476,0.0,0.847424,0.0,0.0,0.0,0.11304,0.0,0.107454,0.062527,0.0,0.0,0.0,0.0,0.0,0.477018,0.0,0.0,0.036813,0.0,0.003699,0.087246,0.046669,0.068271,0.0,0.210925,0.0,0.0,0.0,0.0,0.391578,0.103534,0.0,0.043567,0.007035,0.324115,0.0,0.079999,0.004392,1.414139,0.286881,0.0,0.106026,0.0,0.231322,0.0,0.019626,0.0,0.0,0.0,0.0,0.0,9e-06,0.058277,0.035745,0.0,0.111572,0.0,0.0,0.408095,0.053172,0.0,0.106039,0.0,0.0,0.379538,0.261671,0.03982,0.128133,0.265627,0.0,0.0,0.0,0.055806,0.077677,0.063476,0.145739,0.0,0.0,0.0,0.12122,0.0,0.0,0.043084,0.417049,0.0,0.240017,0.377411,0.166913,0.137863,0.255398,0.0,0.0,0.0,0.000333,0.0,0.305989,0.0,0.0,0.437523,0.0,0.409819,0.0,1e-06,0.098047,0.28574,0.068415,0.107339,0.270507,0.0,0.0,0.087462,0.000159,0.0,0.377254,0.339602,0.074035,0.462397,0.0,0.0,0.119561,0.039853,0.0,0.0,0.0,0.312346,0.072754,0.0,0.0,0.0,0.0,0.0,0.016138,0.086778,0.299692,0.0,0.0,0.0,0.241871,0.065626,0.09343,0.0,0.333672,0.0,0.243928,0.0,0.0,0.0,0.0,0.33614,0.0,0.113388,0.0,0.354284,0.0,0.050273,0.17731,0.0,0.081379,0.095188,0.257984,0.0,0.0,0.000863,0.429038,0.121927,0.0,0.401591,0.032576,0.099282,9.1e-05,0.0,0.0,0.0,0.0,0.0,0.098641,0.0,0.0,0.0,0.376347,0.281926,0.0,0.0,0.001463,0.0,0.1101,0.0,0.341673,0.0,0.382574,0.084572,0.0,0.0,1.555612,0.0,0.0,0.053354,0.416935,0.077681,0.558092,0.0,0.263509,0.059292,0.038822,0.257971,0.0,0.082269,0.0,0.0,0.0,0.202865,0.036938,0.292538,0.0,0.0,0.0,0.194611,0.771394,0.0,0.426485,0.0,0.113677,0.0,0.080915,0.0,0.52751,0.0,0.0,0.0,0.0,0.0,0.0,0.359984,0.0,0.086995,0.169182,0.003391,0.0,0.0,0.0,0.109202,0.0,0.0,0.0,0.112801,0.0,0.0,0.299379,0.824607,0.072348,0.316328,0.869336,0.093458,0.0,0.0,0.0,0.0,0.0,0.0,0.0,0.039515,0.0,0.396288,0.045281,0.089634,0.392317,0.077834,0.797308,0.212885,0.0,0.0,0.0,0.0,0.098548,0.0,0.0,0.001455,0.272564,0.0,0.0,0.255743,0.072229,0.0,0.0,0.204979,0.262407,0.001191,0.30495,0.0,0.154081,0.0,0.0,0.089882,0.275335,0.0,0.0
TCGA-L9-A7SV,0.0,0.0,0.0,0.0,0.0,0.120492,0.335212,0.158266,0.202355,0.0,0.12476,0.0,0.0,0.0,0.0,0.14756,0.0,0.133524,0.0,0.0,0.187364,0.0,0.0,0.0,0.0,0.0,0.0,0.0,0.168066,0.124221,0.0,0.0,0.128568,0.78952,0.0,0.254601,0.176512,0.0,0.0,0.0,0.0,0.307834,0.0,0.167782,0.0,0.203431,0.227427,0.0,0.0,0.332248,0.0,0.184973,0.0,1.070056,0.0,0.3097,0.138296,0.366929,0.074035,0.166782,0.00813,0.0,0.310284,0.008145,0.008303,0.322331,0.0,0.005725,0.357123,0.0,0.166515,0.0,0.206698,0.12668,0.0,0.0,0.0,0.0,0.102429,0.0,0.0,0.694824,0.075835,0.0,0.0,0.010307,0.180153,0.241936,0.052469,0.036611,0.078764,0.125509,0.240731,0.0,0.4874,0.0,0.0,0.0,0.0,0.121105,0.0,0.0,0.263878,0.193849,0.176156,0.0,0.257262,0.290219,0.106811,0.315563,0.004389,0.0,0.168064,0.0,0.0,0.468843,0.0,0.33682,0.0,0.0,0.366476,0.233604,0.0,0.0,0.0,0.0,0.322662,0.336779,0.17103,1e-06,0.0,0.140884,0.0,0.233273,0.236132,0.134992,0.34266,0.060253,0.007988,0.0,0.229912,0.008443,0.294095,0.206878,0.0,0.0,0.0,0.196196,0.0,0.0,0.141365,0.175977,0.247606,0.301013,0.0,0.091956,0.008568,0.002227,0.109625,0.0,0.385441,0.0,0.0,0.145777,0.166703,0.207569,0.0,0.0,0.0,0.197538,0.0,0.30134,0.0,0.0,0.0,0.0,0.0,0.0,0.113775,0.663097,0.0,0.0,0.0,0.0,0.0,0.112745,0.223585,0.108694,0.0,0.0,0.0,0.0,0.323062,0.0,0.211894,0.22019,0.015438,0.193236,0.19506,0.0,0.145521,0.0,2.185012,0.003852,0.0,0.0,0.293651,1.197488,0.0,0.0,0.0,1e-06,0.0,0.0,0.0,0.125172,0.0,0.778598,0.0,0.0,0.0,0.165497,0.0,0.148787,0.106974,0.0,0.0,0.0,0.0,0.0,0.429601,0.0,0.0,0.072877,0.0,0.01034,0.144096,0.097042,0.120796,0.0,0.149968,0.0,0.0,0.0,0.0,0.331666,0.137172,0.0,0.086503,0.027564,0.254278,0.0,0.129092,0.014192,1.316498,0.279026,0.0,0.160288,0.0,0.297615,0.0,0.049512,0.0,0.0,0.0,0.0,0.0,0.0,0.110796,0.080042,0.0,0.165239,0.0,0.0,0.34718,0.061923,0.0,0.157852,0.0,0.0,0.319774,0.203294,0.084824,0.182659,0.196202,0.0,0.0,0.0,0.090835,0.143884,0.10792,0.194369,0.0,0.0,0.0,0.167131,0.0,0.0,0.092114,0.351526,0.0,0.183438,0.324054,0.185973,0.102507,0.239826,0.0,0.0,0.0,0.001734,0.0,0.295829,0.0,0.0,0.369432,0.0,0.343036,0.0,1e-05,0.149719,0.214394,0.111901,0.163075,0.203597,0.0,0.0,0.137976,0.002977,0.0,0.314583,0.286223,0.090684,0.391455,0.0,0.0,0.181185,0.080808,0.0,0.0,0.0,0.25943,0.123564,0.0,0.0,0.0,0.0,0.0,0.046411,0.141153,0.22902,0.0,0.0,0.0,0.193121,0.125481,0.145883,0.0,0.265191,0.0,0.189334,0.0,0.0,0.0,0.0,0.274996,0.0,0.176836,0.0,0.32147,0.0,0.090783,0.189891,0.0,0.137017,0.150668,0.210438,0.0,0.0,0.005116,0.359391,0.192754,0.0,0.345463,0.06928,0.160132,4e-06,0.0,0.0,0.0,0.0,0.0,0.15437,0.0,0.0,0.0,0.327201,0.219878,0.0,0.0,0.00428,0.0,0.165048,0.0,0.251619,0.0,0.32232,0.135678,0.0,0.0,1.484569,0.0,0.0,0.105963,0.353345,0.133576,0.478357,0.0,0.195404,0.089394,0.083214,0.187587,0.0,0.074488,0.0,0.0,0.0,0.26203,0.084344,0.247452,0.0,0.0,0.0,0.268356,0.691944,0.0,0.355765,0.0,0.146397,0.0,0.137559,0.0,0.453378,0.0,0.0,0.0,0.0,0.0,0.0,0.300542,0.0,0.137755,0.234217,0.008998,0.0,0.0,0.0,0.094737,0.0,0.0,0.0,0.126162,0.0,0.0,0.256951,0.753235,0.117901,0.301653,0.795269,0.148489,0.0,0.0,0.0,0.0,0.0,0.0,0.0,0.069423,0.0,0.331639,0.087853,0.138001,0.309373,0.127015,0.760274,0.21171,0.0,0.0,0.0,0.0,0.147545,0.0,0.0,0.006067,0.20921,0.0,0.0,0.189466,0.125037,0.0,0.0,0.216821,0.204122,0.007386,0.238351,0.0,0.203842,0.0,0.0,0.146099,0.205499,0.0,0.0
TCGA-LA-A7SW,0.0,0.0,0.0,0.0,0.0,0.198724,0.276558,0.27559,0.112249,0.0,0.230591,0.0,0.0,0.0,0.0,0.269078,0.0,0.197468,0.0,0.0,0.107924,0.0,0.0,0.0,0.0,0.0,0.0,0.0,0.109888,0.200108,0.0,0.0,0.221695,0.647499,0.0,0.155848,0.10446,0.0,0.0,0.0,0.0,0.202669,0.0,0.287861,0.0,0.117249,0.34249,0.0,0.0,0.266939,0.0,0.281077,0.0,1.059336,0.0,0.184062,0.230248,0.298113,0.142334,0.278363,0.040677,0.0,0.205155,0.032044,0.018636,0.270702,0.0,0.032595,0.210987,0.0,0.096127,0.0,0.113766,0.216869,0.0,0.0,0.0,0.0,0.055863,0.0,0.0,0.584973,0.145684,0.0,0.0,0.028813,0.104605,0.145833,0.111826,0.09716,0.137976,0.210535,0.293294,0.0,0.389588,0.0,0.0,0.0,0.0,0.190058,0.0,0.0,0.448174,0.326913,0.298429,0.0,0.186533,0.183175,0.16497,0.270737,0.020148,0.0,0.0985,0.0,0.0,0.388112,0.0,0.20817,0.0,0.0,0.251412,0.40099,0.0,0.0,0.0,0.0,0.27265,0.219322,0.301147,0.0,0.0,0.251078,0.0,0.142268,0.132708,0.214629,0.23304,0.036534,0.017469,0.0,0.133909,0.021425,0.26734,0.12589,0.0,0.0,0.0,0.11274,0.0,0.0,0.23367,0.099637,0.140551,0.257567,0.0,0.185407,0.024618,0.019368,0.200955,0.0,0.250921,0.0,0.0,0.227513,0.107204,0.117987,0.0,0.0,0.0,0.12766,0.0,0.212286,0.0,0.0,0.0,0.0,0.0,0.0,0.190138,0.546061,0.0,0.0,0.0,0.0,0.0,0.208183,0.139003,0.187249,0.0,0.0,0.0,0.0,0.214801,0.0,0.127414,0.12877,0.055101,0.247325,0.106506,0.0,0.247185,0.0,1.998863,0.02085,0.0,0.0,0.248011,1.029028,0.0,0.0,0.0,0.0,0.0,0.0,0.0,0.178534,0.0,0.663848,0.0,0.0,0.0,0.282392,0.0,0.266705,0.190857,0.0,0.0,0.0,0.0,0.0,0.383234,0.0,0.0,0.153949,0.0,0.02666,0.232892,0.175665,0.195941,0.0,0.090465,0.0,0.0,0.0,0.0,0.268647,0.076601,0.0,0.164966,0.065455,0.151238,0.0,0.235375,0.024188,1.160765,0.31691,0.0,0.281584,0.0,0.507103,0.0,0.115153,0.0,0.0,0.0,0.0,0.0,0.0,0.190666,0.143626,0.0,0.292173,0.0,0.0,0.297011,0.143318,0.0,0.276551,0.0,0.0,0.213638,0.114504,0.147015,0.345836,0.110703,0.0,0.0,0.0,0.1817,0.223033,0.187092,0.340088,0.0,0.0,0.0,0.289446,0.0,0.0,0.163695,0.278691,0.0,0.107384,0.23464,0.290995,0.058877,0.275533,0.0,0.0,0.0,0.01686,0.0,0.326272,0.0,0.0,0.295173,0.0,0.22887,0.0,0.000132,0.272035,0.1254,0.193236,0.275456,0.128753,0.0,0.0,0.237353,0.012237,0.0,0.24797,0.185809,0.044629,0.314306,0.0,0.0,0.276436,0.14231,0.0,0.0,0.0,0.145356,0.21983,0.0,0.0,0.0,0.0,0.0,0.110402,0.235376,0.132964,0.0,0.0,0.0,0.109772,0.203992,0.237177,0.0,0.158752,0.0,0.111269,0.0,0.0,0.0,0.0,0.154485,0.0,0.288218,0.0,0.277939,0.0,0.14649,0.119362,0.0,0.222456,0.253704,0.131786,0.0,0.0,0.012953,0.298473,0.32046,0.0,0.272837,0.124214,0.256449,4e-06,0.0,0.0,0.0,0.0,0.0,0.246362,0.0,0.0,0.0,0.260042,0.122745,0.0,0.0,0.036099,0.0,0.29873,0.0,0.151597,0.0,0.22745,0.219483,0.0,0.0,1.378819,0.0,0.0,0.178792,0.291141,0.220126,0.408366,0.0,0.1066,0.064265,0.150315,0.107599,0.0,0.043927,0.0,0.0,0.0,0.468731,0.152697,0.142088,0.0,0.0,0.0,0.464034,0.543772,0.0,0.221687,0.0,0.249509,0.0,0.231019,0.0,0.301134,0.0,0.0,0.0,0.0,0.0,0.0,0.242735,0.0,0.239607,0.413967,0.027532,0.0,0.0,0.0,0.070334,0.0,0.0,0.0,0.070291,0.0,0.0,0.165651,0.678202,0.223947,0.406286,0.692081,0.250058,0.0,0.0,0.0,0.0,0.0,0.0,0.0,0.03749,0.0,0.26932,0.148536,0.235872,0.216085,0.205615,0.726622,0.350525,0.0,0.0,0.0,0.0,0.268576,0.0,0.0,0.01015,0.117004,0.0,0.0,0.1126,0.218101,0.0,0.0,0.327995,0.117714,0.01578,0.1378,0.0,0.361967,0.0,0.0,0.247371,0.121705,0.0,0.0
TCGA-MN-A4N4,0.0,0.0,0.0,0.0,0.0,0.103691,0.353425,0.131286,0.241011,0.0,0.101578,0.0,0.0,0.0,0.0,0.116143,0.0,0.156295,0.0,0.0,0.221517,0.0,0.0,0.0,0.0,0.0,0.0,0.0,0.211454,0.102808,0.0,0.0,0.105717,0.859802,0.0,0.284433,0.210262,0.0,0.0,0.0,0.0,0.336852,0.0,0.137277,0.0,0.246468,0.214601,0.0,0.0,0.354668,0.0,0.183808,0.0,1.093539,0.0,0.362968,0.118716,0.387571,0.061173,0.143419,0.014042,0.0,0.336321,0.015223,0.011794,0.35194,0.0,0.010142,0.4087,0.0,0.199792,0.0,0.249844,0.106248,0.0,0.0,0.0,0.0,0.117417,0.0,0.0,0.740003,0.073569,0.0,0.0,0.020831,0.217096,0.292157,0.048172,0.034209,0.080727,0.110103,0.241666,0.0,0.540615,0.0,0.0,0.0,0.0,0.108946,0.0,0.0,0.205446,0.155428,0.148509,0.0,0.259334,0.322661,0.093179,0.330294,0.010407,0.0,0.20347,0.0,0.0,0.490466,0.0,0.381933,0.0,0.0,0.41156,0.192084,0.0,0.0,0.0,0.0,0.334282,0.363086,0.138514,0.0,0.0,0.12418,0.0,0.271568,0.23781,0.120023,0.38328,0.061714,0.008247,0.0,0.274328,0.022857,0.306482,0.248413,0.0,0.0,0.0,0.240318,0.0,0.0,0.117558,0.216922,0.30064,0.315519,0.0,0.073189,0.012903,0.007557,0.094976,0.0,0.43311,0.0,0.0,0.123266,0.168785,0.249671,0.0,0.0,0.0,0.255119,0.0,0.328576,0.0,0.0,0.0,0.0,0.0,0.0,0.090711,0.717118,0.0,0.0,0.0,0.0,0.0,0.091726,0.278389,0.095662,0.0,0.0,0.0,0.0,0.356571,0.0,0.24833,0.256439,0.021341,0.196032,0.224698,0.0,0.124127,0.0,2.266446,0.010179,0.0,0.0,0.315174,1.264904,0.0,0.0,0.0,0.0,0.0,0.0,0.0,0.150424,0.0,0.839975,0.0,0.0,0.0,0.140282,0.0,0.120608,0.09529,0.0,0.0,0.0,0.0,0.0,0.454848,0.0,0.0,0.07156,0.0,0.014813,0.120076,0.084936,0.104005,0.0,0.184127,0.0,0.0,0.0,0.0,0.360514,0.139676,0.0,0.075849,0.025725,0.312286,0.0,0.114084,0.019521,1.397599,0.28241,0.0,0.139025,0.0,0.25787,0.0,0.044792,0.0,0.0,0.0,0.0,0.0,0.0,0.091343,0.071665,0.0,0.134236,0.0,0.0,0.375612,0.070793,0.0,0.126739,0.0,0.0,0.352733,0.237785,0.077547,0.144534,0.237473,0.0,0.0,0.0,0.078237,0.127438,0.097477,0.175644,0.0,0.0,0.0,0.13738,0.0,0.0,0.09186,0.374234,0.0,0.21096,0.354033,0.188725,0.137989,0.251299,0.0,0.0,0.0,0.006375,0.0,0.312764,0.0,0.0,0.402379,0.0,0.378619,0.0,0.000759,0.128814,0.255211,0.093839,0.13951,0.265714,0.0,0.0,0.1151,0.008957,0.0,0.330219,0.312353,0.064416,0.432686,0.0,0.0,0.151711,0.070554,0.0,0.0,0.0,0.327677,0.108338,0.0,0.0,0.0,0.0,0.0,0.04996,0.121775,0.275453,0.0,0.0,0.0,0.215726,0.108414,0.114951,0.0,0.308272,0.0,0.217506,0.0,0.0,0.0,0.0,0.32398,0.0,0.153104,0.0,0.369181,0.0,0.075585,0.196532,0.0,0.123818,0.121946,0.263666,0.0,0.0,0.00741,0.38753,0.156855,0.0,0.360622,0.067141,0.134553,7.6e-05,0.0,0.0,0.0,0.0,0.0,0.132645,0.0,0.0,0.0,0.342062,0.256455,0.0,0.0,0.011557,0.0,0.132747,0.0,0.313344,0.0,0.351583,0.115303,0.0,0.0,1.533607,0.0,0.0,0.088895,0.372956,0.114046,0.529924,0.0,0.235858,0.094158,0.079193,0.227471,0.0,0.093711,0.0,0.0,0.0,0.197473,0.076682,0.277555,0.0,0.0,0.0,0.225325,0.759836,0.0,0.410107,0.0,0.159535,0.0,0.117895,0.0,0.513724,0.0,0.0,0.0,0.0,0.0,0.0,0.319537,0.0,0.120227,0.200618,0.016577,0.0,0.0,0.0,0.139729,0.0,0.0,0.0,0.127808,0.0,0.0,0.275804,0.788979,0.094945,0.225688,0.848985,0.124141,0.0,0.0,0.0,0.0,0.0,0.0,0.0,0.072946,0.0,0.346923,0.084703,0.111135,0.353203,0.112603,0.798943,0.187098,0.0,0.0,0.0,0.0,0.114518,0.0,0.0,0.006144,0.255963,0.0,0.0,0.233271,0.110349,0.0,0.0,0.189276,0.241038,0.011325,0.28013,0.0,0.180238,0.0,0.0,0.11859,0.247105,0.0,0.0
TCGA-MP-A4T4,0.0,0.0,0.0,0.0,0.0,0.150733,0.287761,0.191341,0.160404,0.0,0.154691,0.0,0.0,0.0,0.0,0.179333,0.0,0.108791,0.0,0.0,0.147043,0.0,0.0,0.0,0.0,0.0,0.0,0.0,0.113602,0.146181,0.0,0.0,0.157737,0.69121,0.0,0.2102,0.140347,0.0,0.0,0.0,0.0,0.254319,0.0,0.193585,0.0,0.150407,0.189176,0.0,0.0,0.284425,0.0,0.160277,0.0,0.970771,0.0,0.241643,0.162415,0.30837,0.098886,0.189513,0.024315,0.0,0.262594,0.019429,0.016482,0.269211,0.0,0.017277,0.302259,0.0,0.128829,0.0,0.151446,0.147143,0.0,0.0,0.0,0.0,0.085217,0.0,0.0,0.601607,0.102866,0.0,0.0,0.026441,0.140664,0.185546,0.077212,0.053197,0.100093,0.155189,0.214093,0.0,0.418086,0.0,0.0,0.0,0.0,0.146701,0.0,0.0,0.281086,0.223766,0.208991,0.0,0.214963,0.260894,0.135878,0.269103,0.013128,0.0,0.128728,0.0,0.0,0.397077,0.0,0.287355,0.0,0.0,0.302873,0.2463,0.0,0.0,0.0,0.0,0.278987,0.32654,0.204239,0.0,0.0,0.181572,0.0,0.182652,0.225145,0.159575,0.28329,0.058022,0.007408,0.0,0.172966,0.014984,0.251141,0.154683,0.0,0.0,0.0,0.145951,0.0,0.0,0.164974,0.136715,0.192258,0.263404,0.0,0.11199,0.019769,0.010244,0.137893,0.0,0.308868,0.0,0.0,0.171751,0.141064,0.1609,0.0,0.0,0.0,0.140816,0.0,0.25849,0.0,0.0,0.0,0.0,0.0,0.0,0.133121,0.57898,0.0,0.0,0.0,0.0,0.0,0.141096,0.160151,0.136019,0.0,0.0,0.0,0.0,0.266586,0.0,0.165841,0.168471,0.03985,0.149174,0.149075,0.0,0.175216,0.0,2.011139,0.012711,0.0,0.0,0.25154,1.077516,0.0,0.0,0.0,0.0,0.0,0.0,0.0,0.112797,0.0,0.672303,0.0,0.0,0.0,0.199669,0.0,0.176429,0.135194,0.0,0.0,0.0,0.0,0.0,0.363712,0.0,0.0,0.098335,0.0,0.018468,0.175731,0.121167,0.152356,0.0,0.110674,0.0,0.0,0.0,0.0,0.274449,0.144682,0.0,0.1157,0.041825,0.195365,0.0,0.154039,0.019171,1.181193,0.238723,0.0,0.180692,0.0,0.315193,0.0,0.069272,0.0,0.0,0.0,0.0,0.0,0.0,0.131335,0.100438,0.0,0.190011,0.0,0.0,0.283046,0.048011,0.0,0.1921,0.0,0.0,0.267937,0.149286,0.101659,0.210399,0.14443,0.0,0.0,0.0,0.114377,0.169612,0.138059,0.204958,0.0,0.0,0.0,0.196169,0.0,0.0,0.122636,0.300163,0.0,0.13469,0.277408,0.157234,0.087568,0.200678,0.0,0.0,0.0,0.010079,0.0,0.25312,0.0,0.0,0.31174,0.0,0.286808,0.0,1.2e-05,0.165532,0.167667,0.136946,0.18412,0.144256,0.0,0.0,0.15983,0.008801,0.0,0.273098,0.243053,0.08473,0.32617,0.0,0.0,0.208622,0.098798,0.0,0.0,0.0,0.195731,0.136783,0.0,0.0,0.0,0.0,0.0,0.075148,0.16358,0.173915,0.0,0.0,0.0,0.157777,0.155163,0.169581,0.0,0.213342,0.0,0.147302,0.0,0.0,0.0,0.0,0.208003,0.0,0.199935,0.0,0.270482,0.0,0.116318,0.198752,0.0,0.168652,0.178308,0.145384,0.0,0.0,0.007449,0.303371,0.215538,0.0,0.291394,0.100049,0.186142,7e-06,0.0,0.0,0.0,0.0,0.0,0.192664,0.0,0.0,0.0,0.273924,0.171156,0.0,0.0,0.016105,0.0,0.18257,0.0,0.189116,0.0,0.271239,0.163693,0.0,0.0,1.35751,0.0,0.0,0.122705,0.300273,0.157455,0.410511,0.0,0.147001,0.104298,0.108603,0.146772,0.0,0.067855,0.0,0.0,0.0,0.289677,0.099572,0.190854,0.0,0.0,0.0,0.282596,0.601794,0.0,0.287687,0.0,0.133619,0.0,0.154545,0.0,0.364889,0.0,0.0,0.0,0.0,0.0,0.0,0.259627,0.0,0.170898,0.2431,0.023384,0.0,0.0,0.0,0.051504,0.0,0.0,0.0,0.127537,0.0,0.0,0.212113,0.658073,0.135196,0.285712,0.702758,0.173727,0.0,0.0,0.0,0.0,0.0,0.0,0.0,0.073479,0.0,0.27992,0.110248,0.169577,0.270983,0.158468,0.676019,0.184823,0.0,0.0,0.0,0.0,0.172845,0.0,0.0,0.009154,0.157554,0.0,0.0,0.136511,0.147893,0.0,0.0,0.172756,0.157495,0.014078,0.184606,0.0,0.21246,0.0,0.0,0.172258,0.157864,0.0,0.0
TCGA-MP-A4T8,0.0,0.0,0.0,0.0,0.0,0.128283,0.313166,0.170938,0.184174,0.0,0.134665,0.0,0.0,0.0,0.0,0.166431,0.0,0.114853,0.0,0.0,0.172464,0.0,0.0,0.0,0.0,0.0,0.0,0.0,0.137828,0.132734,0.0,0.0,0.138355,0.752319,0.0,0.238029,0.162182,0.0,0.0,0.0,0.0,0.284506,0.0,0.180143,0.0,0.176149,0.193544,0.0,0.0,0.310582,0.0,0.166978,0.0,1.036138,0.0,0.282628,0.145707,0.352248,0.084987,0.173567,0.013369,0.0,0.288153,0.01351,0.01077,0.300462,0.0,0.008276,0.352387,0.0,0.151829,0.0,0.186139,0.139093,0.0,0.0,0.0,0.0,0.094931,0.0,0.0,0.660748,0.09246,0.0,0.0,0.015344,0.164724,0.220795,0.058094,0.04387,0.090408,0.139014,0.223348,0.0,0.466004,0.0,0.0,0.0,0.0,0.130379,0.0,0.0,0.275174,0.207862,0.186475,0.0,0.241964,0.291998,0.117724,0.304228,0.007421,0.0,0.152341,0.0,0.0,0.438588,0.0,0.331629,0.0,0.0,0.344078,0.235674,0.0,0.0,0.0,0.0,0.305695,0.348081,0.187975,0.0,0.0,0.160011,0.0,0.210286,0.253732,0.139665,0.318324,0.059268,0.007585,0.0,0.207515,0.008739,0.281982,0.182452,0.0,0.0,0.0,0.174038,0.0,0.0,0.149462,0.163348,0.225536,0.286142,0.0,0.102658,0.012629,0.004773,0.125945,0.0,0.361014,0.0,0.0,0.15912,0.167021,0.192705,0.0,0.0,0.0,0.177269,0.0,0.277947,0.0,0.0,0.0,0.0,0.0,0.0,0.119451,0.630697,0.0,0.0,0.0,0.0,0.0,0.124886,0.194338,0.118985,0.0,0.0,0.0,0.0,0.300754,0.0,0.193262,0.196815,0.027666,0.170489,0.182965,0.0,0.153908,0.0,2.125116,0.007158,0.0,0.0,0.280066,1.14957,0.0,0.0,0.0,0.0,0.0,0.0,0.0,0.105276,0.0,0.738201,0.0,0.0,0.0,0.179922,0.0,0.163057,0.119337,0.0,0.0,0.0,0.0,0.0,0.4026,0.0,0.0,0.086786,0.0,0.014898,0.151747,0.110055,0.133303,0.0,0.131907,0.0,0.0,0.0,0.0,0.314846,0.149703,0.0,0.100966,0.031052,0.232955,0.0,0.139214,0.019096,1.273136,0.25634,0.0,0.164837,0.0,0.296262,0.0,0.057261,0.0,0.0,0.0,0.0,0.0,1e-06,0.118135,0.085012,0.0,0.175415,0.0,0.0,0.326639,0.060031,0.0,0.172677,0.0,0.0,0.299902,0.179721,0.084232,0.196855,0.173038,0.0,0.0,0.0,0.102631,0.148165,0.116396,0.192425,0.0,0.0,0.0,0.18071,0.0,0.0,0.106268,0.335266,0.0,0.159941,0.303395,0.165313,0.091976,0.219643,0.0,0.0,0.0,0.004219,0.0,0.270727,0.0,0.0,0.349995,0.0,0.316795,0.0,0.0,0.156002,0.1933,0.119991,0.170748,0.180931,0.0,0.0,0.14828,0.004429,0.0,0.302113,0.26644,0.094407,0.36721,0.0,0.0,0.192238,0.087806,0.0,0.0,0.0,0.233151,0.124439,0.0,0.0,0.0,0.0,0.0,0.060214,0.15131,0.207054,0.0,0.0,0.0,0.174214,0.139228,0.150625,0.0,0.24241,0.0,0.170932,0.0,0.0,0.0,0.0,0.239089,0.0,0.186008,0.0,0.300119,0.0,0.100308,0.204889,0.0,0.145291,0.163781,0.180804,0.0,0.0,0.005735,0.336095,0.199927,0.0,0.3222,0.08069,0.169947,2e-05,0.0,0.0,0.0,0.0,0.0,0.173404,0.0,0.0,0.0,0.307321,0.197577,0.0,0.0,0.007244,0.0,0.170653,0.0,0.229983,0.0,0.302001,0.147766,0.0,0.0,1.436285,0.0,0.0,0.113302,0.33333,0.140147,0.459437,0.0,0.173131,0.101092,0.09234,0.176965,0.0,0.060264,0.0,0.0,0.0,0.275752,0.085112,0.221542,0.0,0.0,0.0,0.272365,0.659189,0.0,0.329134,0.0,0.133937,0.0,0.144274,0.0,0.424688,0.0,0.0,0.0,0.0,0.0,0.0,0.287321,0.0,0.155244,0.234824,0.015884,0.0,0.0,0.0,0.076143,0.0,0.0,0.0,0.147242,0.0,0.0,0.238563,0.718685,0.127241,0.292096,0.763544,0.160613,0.0,0.0,0.0,0.0,0.0,0.0,0.0,0.078991,0.0,0.314927,0.099417,0.154994,0.292986,0.143463,0.729873,0.190096,0.0,0.0,0.0,0.0,0.159477,0.0,0.0,0.00798,0.183755,0.0,0.0,0.168513,0.135905,0.0,0.0,0.184217,0.185628,0.011726,0.215537,0.0,0.20492,0.0,0.0,0.154094,0.187895,0.0,0.0
TCGA-MP-A4TC,0.0,0.0,0.0,0.0,0.0,0.149986,0.292665,0.20013,0.149102,0.0,0.161544,0.0,0.0,0.0,0.0,0.176123,0.0,0.156066,0.0,0.0,0.138079,0.0,0.0,0.0,0.0,0.0,0.0,0.0,0.130039,0.142519,0.0,0.0,0.166714,0.731452,0.0,0.206653,0.133889,0.0,0.0,0.0,0.0,0.256839,0.0,0.209279,0.0,0.149896,0.267513,0.0,0.0,0.282903,0.0,0.233272,0.0,1.022594,0.0,0.242535,0.173377,0.311107,0.095743,0.206272,0.019086,0.0,0.256691,0.01564,0.009,0.278812,0.0,0.015032,0.264796,0.0,0.125438,0.0,0.149183,0.154347,0.0,0.0,0.0,0.0,0.063657,0.0,0.0,0.625504,0.107526,0.0,0.0,0.024165,0.138402,0.191027,0.076945,0.054451,0.11723,0.160393,0.262576,0.0,0.444694,0.0,0.0,0.0,0.0,0.159145,0.0,0.0,0.310692,0.224509,0.214543,0.0,0.206121,0.212356,0.124049,0.271285,0.012911,0.0,0.118159,0.0,0.0,0.419119,0.0,0.251087,0.0,0.0,0.317407,0.268461,0.0,0.0,0.0,0.0,0.282216,0.274512,0.200491,0.0,0.0,0.183598,0.0,0.181363,0.155652,0.165776,0.28686,0.057238,0.002333,0.0,0.178846,0.017698,0.262638,0.154567,0.0,0.0,0.0,0.144999,0.0,0.0,0.180869,0.132999,0.189598,0.269886,0.0,0.120295,0.012585,0.007673,0.143717,0.0,0.319944,0.0,0.0,0.17224,0.124958,0.163229,0.0,0.0,0.0,0.150578,0.0,0.252039,0.0,0.0,0.0,0.0,0.0,0.0,0.140177,0.603733,0.0,0.0,0.0,0.0,0.0,0.148755,0.175647,0.136271,0.0,0.0,0.0,0.0,0.269926,0.0,0.161721,0.163825,0.037143,0.211327,0.13268,0.0,0.184053,0.0,2.065126,0.009325,0.0,0.0,0.259211,1.123582,0.0,0.0,0.0,0.0,0.0,0.0,2e-06,0.164355,0.0,0.714824,0.0,0.0,0.0,0.1992,0.0,0.175978,0.134502,0.0,0.0,0.0,0.0,0.0,0.407291,0.0,0.0,0.104934,0.0,0.012279,0.179725,0.131984,0.153458,0.0,0.106934,0.0,0.0,0.0,0.0,0.290525,0.105376,0.0,0.122293,0.046018,0.212412,0.0,0.16236,0.010357,1.223046,0.283741,0.0,0.209202,0.0,0.378029,0.0,0.073273,0.0,0.0,0.0,0.0,0.0,0.0,0.127636,0.105992,0.0,0.199534,0.0,0.0,0.304214,0.077092,0.0,0.199955,0.0,0.0,0.273012,0.149139,0.108244,0.222299,0.138138,0.0,0.0,0.0,0.120682,0.173751,0.140241,0.244512,0.0,0.0,0.0,0.205191,0.0,0.0,0.132431,0.310985,0.0,0.135179,0.282121,0.222678,0.098936,0.242663,0.0,0.0,0.0,0.008924,0.0,0.309656,0.0,0.0,0.330425,0.0,0.293661,0.0,5e-06,0.185086,0.162319,0.142958,0.201413,0.158724,0.0,0.0,0.169029,0.007935,0.0,0.270109,0.239415,0.039245,0.35359,0.0,0.0,0.210113,0.108674,0.0,0.0,0.0,0.214054,0.155516,0.0,0.0,0.0,0.0,0.0,0.079086,0.186794,0.176293,0.0,0.0,0.0,0.1468,0.16385,0.174732,0.0,0.213792,0.0,0.147028,0.0,0.0,0.0,0.0,0.213115,0.0,0.214186,0.0,0.316514,0.0,0.111122,0.139486,0.0,0.173122,0.186486,0.166508,0.0,0.0,0.002832,0.314484,0.229236,0.0,0.288108,0.10232,0.189862,2.2e-05,0.0,0.0,0.0,0.0,0.0,0.196063,0.0,0.0,0.0,0.281733,0.170516,0.0,0.0,0.012333,0.0,0.196574,0.0,0.192187,0.0,0.270462,0.164869,0.0,0.0,1.407397,0.0,0.0,0.125988,0.311015,0.163676,0.432736,0.0,0.134292,0.072754,0.116081,0.148009,0.0,0.077598,0.0,0.0,0.0,0.305758,0.109235,0.190958,0.0,0.0,0.0,0.318043,0.625765,0.0,0.305094,0.0,0.184669,0.0,0.170243,0.0,0.3935,0.0,0.0,0.0,0.0,0.0,0.0,0.270371,0.0,0.170904,0.293393,0.016644,0.0,0.0,0.0,0.085434,0.0,0.0,0.0,0.087037,0.0,0.0,0.207749,0.691598,0.153663,0.318468,0.741315,0.187704,0.0,0.0,0.0,0.0,0.0,0.0,0.0,0.051016,0.0,0.279245,0.115736,0.165077,0.268246,0.168081,0.735887,0.258107,0.0,0.0,1e-06,0.0,0.183964,0.0,0.0,0.004828,0.152013,0.0,0.0,0.134118,0.156731,0.0,0.0,0.24871,0.155245,0.013844,0.186751,0.0,0.257274,0.0,0.0,0.176904,0.156654,0.0,0.0
TCGA-MP-A4TJ,0.0,0.0,0.0,0.0,0.0,0.133981,0.312155,0.162056,0.169781,0.0,0.141499,0.0,0.0,0.0,0.0,0.166227,0.0,0.105468,0.0,0.0,0.16463,0.0,0.0,0.0,0.0,0.0,0.0,0.0,0.12055,0.118187,0.0,0.0,0.139417,0.719063,0.0,0.231724,0.152674,0.0,0.0,0.0,0.0,0.278987,0.0,0.185332,0.0,0.141472,0.221811,0.0,0.0,0.323502,0.0,0.188642,0.0,1.025944,0.0,0.263253,0.137038,0.346033,0.067397,0.176098,0.003857,0.0,0.27778,0.001555,0.000671,0.300156,0.0,0.00241,0.272755,0.0,0.132988,0.0,0.147105,0.122164,0.0,0.0,0.0,0.0,0.091998,0.0,0.0,0.628939,0.070104,0.0,0.0,0.006364,0.148694,0.202197,0.047487,0.036777,0.067888,0.122643,0.253861,0.0,0.446895,0.0,0.0,0.0,0.0,0.115302,0.0,0.0,0.295601,0.212953,0.179065,0.0,0.236868,0.215515,0.101945,0.305402,0.001327,0.0,0.132686,0.0,0.0,0.426759,0.0,0.280812,0.0,0.0,0.331478,0.233931,0.0,0.0,0.0,0.0,0.317939,0.275852,0.184173,0.0,0.0,0.157497,0.0,0.204628,0.181303,0.137591,0.298403,0.052575,0.000223,0.0,0.177897,0.00125,0.289046,0.167633,0.0,0.0,0.0,0.149851,0.0,0.0,0.152771,0.150027,0.203348,0.300436,0.0,0.101001,0.001096,0.000692,0.122094,0.0,0.332881,0.0,0.0,0.141162,0.16344,0.172679,0.0,0.0,0.0,0.139572,0.0,0.27079,0.0,0.0,0.0,0.0,0.0,0.0,0.107776,0.607252,0.0,0.0,0.0,0.0,0.0,0.130002,0.163478,0.114283,0.0,0.0,0.0,0.0,0.290639,0.0,0.184425,0.182634,0.012862,0.169555,0.157056,0.0,0.152549,0.0,2.054682,0.000822,0.0,0.0,0.286351,1.105935,0.0,2e-06,0.0,0.0,0.0,0.0,0.0,0.112075,0.0,0.698998,0.0,0.0,0.0,0.174467,0.0,0.15912,0.118623,0.0,0.0,0.0,0.0,0.0,0.403822,0.0,0.0,0.076398,0.0,0.001573,0.138869,0.084868,0.115836,0.0,0.12155,0.0,0.0,0.0,0.0,0.299731,0.082139,0.0,0.09082,0.017475,0.207939,0.0,0.148549,0.001683,1.210972,0.287703,0.0,0.173694,0.0,0.344043,0.0,0.051755,0.0,0.0,0.0,0.0,0.0,0.0,0.104443,0.07576,0.0,0.171086,0.0,0.0,0.316767,0.046274,0.0,0.183015,0.0,0.0,0.285301,0.153566,0.073857,0.215059,0.152273,0.0,2e-06,0.0,0.105467,0.130586,0.10907,0.213829,0.0,0.0,0.0,0.183835,0.0,0.0,0.092647,0.329665,0.0,0.138342,0.300304,0.182284,0.086363,0.252379,0.0,0.0,0.0,0.001401,0.0,0.28315,0.0,0.0,0.354331,0.0,0.311982,0.0,2.8e-05,0.163552,0.172406,0.118829,0.167319,0.140547,0.0,0.0,0.138785,0.000637,0.0,0.297026,0.254317,0.058169,0.361981,0.0,0.0,0.176208,0.076267,0.0,0.0,0.0,0.189313,0.124167,0.0,0.0,0.0,0.0,0.0,0.040673,0.145064,0.183288,0.0,0.0,0.0,0.167251,0.119496,0.153017,0.0,0.235297,0.0,0.157432,0.0,0.0,0.0,0.0,0.205549,0.0,0.181229,0.0,0.29315,3e-06,0.080106,0.139833,0.0,0.142823,0.160946,0.149263,0.0,0.0,0.000205,0.340565,0.198119,0.0,0.314562,0.067595,0.162991,7e-06,0.0,0.0,0.0,0.0,0.0,0.153112,0.0,0.0,0.0,0.311933,0.176573,0.0,0.0,0.00165,0.0,0.18068,0.0,0.196312,0.0,0.300365,0.135639,0.0,0.0,1.400516,0.0,0.0,0.094839,0.340179,0.140903,0.452654,0.0,0.146889,0.056683,0.073273,0.155705,0.0,0.058067,0.0,0.0,0.0,0.312473,0.078183,0.201471,0.0,0.0,0.0,0.273378,0.621057,0.0,0.306187,0.0,0.132179,0.0,0.136511,0.0,0.378121,0.0,0.0,0.0,0.0,0.0,0.0,0.298383,0.0,0.145551,0.251679,0.001891,0.0,0.0,0.0,0.045562,0.0,0.0,0.0,0.079714,0.0,0.0,0.228816,0.705258,0.124911,0.338538,0.739666,0.155026,0.0,0.0,0.0,0.0,0.0,0.0,0.0,0.027895,0.0,0.314078,0.078752,0.147269,0.307353,0.124645,0.710799,0.236256,0.0,0.0,0.0,0.0,0.165035,0.0,0.0,0.000373,0.162365,0.0,0.0,0.143421,0.13322,0.0,0.0,0.213091,0.171489,0.001378,0.191623,0.0,0.220039,0.0,0.0,0.159239,0.169217,0.0,0.0
TCGA-NC-A5HQ,0.0,0.0,0.0,0.0,0.0,0.115795,0.340211,0.15243,0.227674,0.0,0.113279,0.0,0.0,0.0,0.0,0.15511,0.0,0.126813,0.0,0.0,0.20048,0.0,0.0,0.0,0.0,0.0,0.0,0.0,0.158087,0.127729,0.0,0.0,0.121693,0.789774,0.0,0.25738,0.192074,0.0,0.0,0.0,0.0,0.309001,0.0,0.153577,0.0,0.205848,0.202529,0.0,0.0,0.33582,0.0,0.163204,0.0,1.054916,1e-06,0.3152,0.127062,0.377768,0.083697,0.152901,0.014312,0.0,0.318684,0.017215,0.016238,0.325294,0.0,0.00833,0.37302,0.0,0.170149,0.0,0.218665,0.133092,0.0,0.0,0.0,0.0,0.108119,0.0,0.0,0.703867,0.083191,0.0,0.0,0.015038,0.185527,0.251906,0.058291,0.042769,0.078095,0.131555,0.230523,0.0,0.496555,0.0,0.0,0.0,1e-06,0.112556,0.0,0.0,0.256208,0.191302,0.171855,0.0,0.270533,0.305582,0.114155,0.321312,0.006898,0.0,0.176354,0.0,0.0,0.458273,0.0,0.353469,0.0,0.0,0.366703,0.206235,0.0,0.0,0.0,0.0,0.325726,0.349812,0.177137,0.0,0.0,0.143637,0.0,0.246443,0.273593,0.125798,0.355854,0.061241,0.014341,0.0,0.242518,0.010351,0.302932,0.217856,0.0,0.0,0.0,0.204203,0.0,0.0,0.124693,0.18794,0.250523,0.303596,0.0,0.089282,0.015086,0.004509,0.116049,0.0,0.380138,0.0,0.0,0.143465,0.181154,0.225263,0.0,0.0,0.0,0.201604,0.0,0.310492,0.0,0.0,0.0,0.0,0.0,0.0,0.111576,0.664323,0.0,0.0,0.0,0.0,0.0,0.108259,0.218403,0.103031,0.0,0.0,0.0,0.0,0.326612,0.0,0.223929,0.227902,0.025802,0.163949,0.21132,0.0,0.135602,0.0,2.17205,0.009207,0.0,0.0,0.292414,1.187454,0.0,0.0,0.0,0.0,0.0,0.0,0.0,0.109331,0.0,0.787091,0.0,0.0,0.0,0.167,0.0,0.156674,0.103304,0.0,0.0,0.0,0.0,0.0,0.412426,0.0,0.0,0.081575,0.0,0.018916,0.13599,0.099431,0.117413,0.0,0.162781,0.0,0.0,0.0,0.0,0.339418,0.155777,0.0,0.091275,0.030994,0.26549,0.0,0.120539,0.026624,1.325484,0.250979,0.0,0.137283,0.0,0.25194,0.0,0.052831,0.0,0.0,0.0,0.0,0.0,3.3e-05,0.116035,0.074948,0.0,0.16625,0.0,0.0,0.350618,0.062636,0.0,0.149329,0.0,0.0,0.324367,0.218651,0.078183,0.182165,0.202328,0.0,0.0,0.0,0.091806,0.131157,0.105281,0.171007,0.0,0.0,0.0,0.173058,0.0,0.0,0.088395,0.352938,0.0,0.193119,0.320848,0.170003,0.120941,0.216284,0.0,0.0,0.0,0.002354,0.0,0.269428,0.0,0.0,0.375864,0.0,0.336086,0.0,1.9e-05,0.135155,0.220799,0.10993,0.151952,0.200963,0.0,0.0,0.137031,0.004181,0.0,0.327176,0.294227,0.110269,0.392959,0.0,0.0,0.17028,0.078745,0.0,0.0,0.0,0.256625,0.107345,0.0,0.0,0.0,0.0,0.0,0.047357,0.130906,0.238084,0.0,0.0,0.0,0.200955,0.120579,0.135539,0.0,0.267397,0.0,0.198433,0.0,0.0,0.0,0.0,0.279662,0.0,0.171298,0.0,0.307116,0.0,0.098915,0.222859,0.0,0.131283,0.147294,0.201017,0.0,0.0,0.010932,0.359404,0.180201,0.0,0.348946,0.070631,0.149836,0.000108,0.0,0.0,0.0,0.0,0.0,0.154801,0.0,0.0,0.0,0.332598,0.227129,0.0,0.0,0.008664,0.0,0.159552,0.0,0.26054,0.0,0.328028,0.131825,0.0,0.0,1.464448,0.0,0.0,0.109011,0.353468,0.122335,0.489077,0.0,0.213119,0.103154,0.077296,0.192611,0.0,0.075348,0.0,0.0,0.0,0.249354,0.081198,0.245204,0.0,0.0,0.0,0.245662,0.704577,0.0,0.361015,0.0,0.12665,0.0,0.133474,0.0,0.459297,0.0,0.0,0.0,0.0,0.0,0.0,0.299833,0.0,0.143183,0.210638,0.022181,0.0,0.0,0.0,0.09213,0.0,0.0,0.0,0.157084,0.0,0.0,0.261551,0.747555,0.116984,0.285472,0.792312,0.13847,0.0,0.0,0.0,0.0,0.0,0.0,0.0,0.080305,0.0,0.34156,0.092663,0.142581,0.310202,0.123243,0.739448,0.197045,0.0,0.0,0.0,0.0,0.146936,0.0,0.0,0.011598,0.214272,0.0,0.0,0.202258,0.123062,0.0,0.0,0.197464,0.210184,0.010066,0.250458,0.0,0.181768,0.0,0.0,0.145927,0.213658,0.0,0.0
TCGA-NJ-A55O,0.0,0.0,0.0,0.0,0.0,0.040707,0.459912,0.058647,0.338006,0.0,0.044089,0.0,0.0,0.0,0.0,0.057253,0.0,0.18153,0.0,0.0,0.323732,0.0,0.0,0.0,0.0,0.0,0.0,0.0,0.30069,0.040358,0.0,0.0,0.042192,1.02491,0.0,0.386479,0.312948,0.0,0.0,0.0,0.0,0.44199,0.0,0.072485,0.0,0.363735,0.242836,0.0,0.0,0.452119,0.0,0.215528,0.0,1.22774,0.0,0.508806,0.054787,0.512482,0.020272,0.079381,0.002161,0.0,0.425491,0.001288,0.000772,0.464736,0.0,0.00069,0.497071,0.0,0.295539,0.0,0.364272,0.043733,0.0,0.0,0.0,0.0,0.178568,0.0,0.0,0.900045,0.024567,0.0,0.0,0.002387,0.322861,0.421195,0.011153,0.00798,0.029084,0.037549,0.271853,0.0,0.676813,0.0,0.0,0.0,0.0,0.047136,0.0,0.0,0.144687,0.079188,0.063225,0.0,0.343234,0.336721,0.026038,0.43449,0.000749,0.0,0.313614,0.0,0.0,0.615712,0.0,0.474344,0.0,0.0,0.539518,0.117004,0.0,0.0,0.0,0.0,0.439061,0.388363,0.065007,0.0,0.0,0.045625,0.0,0.385305,0.244579,0.049124,0.501451,0.070863,0.000805,0.0,0.391486,0.003377,0.404895,0.359871,0.0,0.0,0.0,0.353334,0.0,0.0,0.051939,0.314076,0.422912,0.405077,0.0,0.033802,0.000738,0.000346,0.038989,0.0,0.570618,0.0,0.0,0.052168,0.239508,0.359394,0.0,0.0,0.0,0.387434,0.0,0.424658,0.0,0.0,0.0,0.0,0.0,0.0,0.037033,0.878729,0.0,0.0,0.0,0.0,0.0,0.040696,0.397767,0.037179,0.0,0.0,0.0,0.0,0.464014,8.4e-05,0.357838,0.370667,0.002788,0.222865,0.332146,0.0,0.052844,0.0,2.506314,0.000502,0.0,0.0,0.415044,1.430819,0.0,1.5e-05,0.0,0.0,0.0,0.0,0.0,0.157832,0.0,1.0038,0.0,0.0,0.0,0.060747,1e-06,0.06523,0.037469,0.0,0.0,0.0,0.0,0.0,0.565648,0.0,0.0,0.024058,0.0,0.002119,0.045255,0.028252,0.037393,0.0,0.28473,0.0,0.0,0.0,0.0,0.472472,0.095317,0.0,0.025484,0.003398,0.441972,0.0,0.060113,0.003034,1.609782,0.323606,0.0,0.081045,0.0,0.205565,0.0,0.011285,0.0,0.0,0.0,0.0,0.0,1e-06,0.034969,0.028318,0.0,0.063572,0.0,0.0,0.490362,0.092538,0.0,0.059922,0.0,0.0,0.446331,0.34658,0.025499,0.083045,0.360554,0.0,0.0,0.0,0.031817,0.057412,0.043111,0.125535,0.0,6e-06,0.0,0.063067,0.0,0.0,0.028265,0.490159,0.0,0.30993,0.451648,0.217416,0.189093,0.314626,0.0,0.0,0.0,0.000372,0.0,0.361466,0.0,0.0,0.529126,0.0,0.490147,0.0,1.1e-05,0.081269,0.374366,0.033407,0.072521,0.402538,0.0,0.0,0.054265,0.000354,0.0,0.426043,0.408658,0.056587,0.570954,0.0,0.0,0.068631,0.023398,0.0,0.0,0.0,0.447404,0.05707,0.0,0.0,0.0,0.0,0.0,0.011654,0.057999,0.402829,0.0,0.0,0.0,0.282627,0.04217,0.054902,0.0,0.422048,0.0,0.315781,0.0,0.0,0.0,0.0,0.46106,0.0,0.075427,0.0,0.450966,1e-06,0.021598,0.180317,0.0,0.053085,0.054878,0.37793,0.0,0.0,0.000324,0.502287,0.082278,0.0,0.467808,0.021742,0.062232,0.000104,0.0,0.0,0.0,0.0,0.0,0.052003,0.0,0.0,0.0,0.444975,0.363653,0.0,0.0,0.000726,0.0,0.072934,0.0,0.469714,1e-06,0.452981,0.045214,0.0,0.0,1.693523,0.0,0.0,0.031105,0.481603,0.044539,0.676362,0.0,0.350322,0.047869,0.0201,0.336649,0.0,0.11464,0.0,0.0,0.0,0.129349,0.025931,0.378944,0.0,0.0,0.0,0.144399,0.912252,0.0,0.551805,0.0,0.160289,0.0,0.054857,0.0,0.668293,0.0,0.0,0.0,0.0,0.0,0.0,0.411395,2.9e-05,0.047433,0.14989,0.001302,0.0,0.0,0.0,0.204285,0.0,0.0,0.0,0.113405,0.0,0.0,0.350068,0.94759,0.045588,0.24826,1.001625,0.062166,0.0,0.0,0.0,0.0,0.0,0.0,0.0,0.036731,0.0,0.458603,0.03324,0.049685,0.460529,0.048847,0.902134,0.22409,0.0,0.0,0.0,0.0,0.060933,0.0,0.0,0.000518,0.380181,0.0,0.0,0.352764,0.043825,0.0,0.0,0.223452,0.338615,0.000614,0.396895,0.0,0.136875,0.0,0.0,0.051881,0.365929,0.0,0.0
TCGA-NJ-A55R,0.0,0.0,0.0,0.0,0.0,0.15993,0.295666,0.217909,0.144152,0.0,0.172701,0.0,0.0,0.0,0.0,0.193383,0.0,0.14897,0.0,0.0,0.134612,0.0,0.0,0.0,0.0,0.0,0.0,0.0,0.121127,0.161084,0.0,0.0,0.182036,0.757051,0.0,0.204902,0.126934,0.0,0.0,0.0,0.0,0.258806,0.0,0.232983,0.0,0.139854,0.284366,0.0,0.0,0.286947,0.0,0.244246,0.0,1.08755,0.0,0.239174,0.18981,0.329815,0.094803,0.223738,0.015967,0.0,0.253751,0.023786,0.011662,0.286715,0.0,0.013513,0.286874,0.0,0.118147,0.0,0.138191,0.179613,0.0,0.0,0.0,0.0,0.064486,0.0,0.0,0.650323,0.117523,0.0,0.0,0.025341,0.125479,0.1811,0.071576,0.066838,0.129065,0.169648,0.262202,0.0,0.458716,0.0,0.0,0.0,0.0,0.173908,0.0,0.0,0.363881,0.253322,0.228236,0.0,0.214429,0.237992,0.132441,0.296602,0.015418,0.0,0.115411,0.0,0.0,0.430567,0.0,0.25918,0.0,0.0,0.32081,0.300522,0.0,0.0,0.0,0.0,0.288335,0.294693,0.224735,0.0,0.0,0.199499,0.0,0.171565,0.178611,0.173121,0.294081,0.052496,0.010472,0.0,0.175513,0.017114,0.276964,0.15117,0.0,0.0,0.0,0.138763,0.0,0.0,0.192226,0.124933,0.177283,0.275982,0.0,0.141166,0.014098,0.012204,0.16219,0.0,0.323723,0.0,0.0,0.1878,0.142984,0.151759,0.0,0.0,0.0,0.155776,0.0,0.240998,0.0,0.0,0.0,0.0,0.0,0.0,0.150075,0.626258,0.0,0.0,0.0,0.0,0.0,0.157074,0.172183,0.147975,0.0,0.0,0.0,0.0,0.264424,0.0,0.157053,0.151353,0.034985,0.221145,0.139235,0.0,0.198531,0.0,2.160627,0.01312,0.0,0.0,0.262825,1.157622,0.0,0.0,0.0,0.0,0.0,0.0,0.0,0.155018,0.0,0.741148,0.0,0.0,0.0,0.220405,0.0,0.205018,0.151106,0.0,0.0,0.0,0.0,0.0,0.432112,0.0,0.0,0.124779,0.0,0.019282,0.177855,0.142621,0.156887,0.0,0.100628,0.0,0.0,0.0,0.0,0.304624,0.111955,0.0,0.132573,0.04546,0.208362,0.0,0.188235,0.018781,1.288654,0.302373,0.0,0.23346,0.0,0.427824,0.0,0.088586,0.0,0.0,0.0,0.0,0.0,1e-06,0.139597,0.115306,0.0,0.224083,0.0,0.0,0.323134,0.092371,0.0,0.217355,0.0,0.0,0.268156,0.141228,0.111068,0.256131,0.136607,0.0,0.0,0.0,0.141633,0.178602,0.153188,0.264529,0.0,0.0,0.0,0.230703,0.0,0.0,0.137117,0.322947,0.0,0.128776,0.285858,0.235233,0.064829,0.264804,0.0,0.0,0.0,0.00825,0.0,0.328432,0.0,0.0,0.339168,0.0,0.287962,0.0,0.00171,0.217084,0.154861,0.159304,0.223188,0.164004,0.0,0.0,0.188142,0.011994,0.0,0.277307,0.226038,0.042566,0.369127,0.0,0.0,0.227782,0.117313,0.0,0.0,0.0,0.203548,0.177802,0.0,0.0,0.0,0.0,0.0,0.079482,0.202532,0.167531,0.0,0.0,0.0,0.134569,0.173935,0.186539,0.0,0.206803,0.0,0.140958,0.0,0.0,0.0,0.0,0.192806,0.0,0.241007,0.0,0.324427,0.0,0.115827,0.151578,0.0,0.193296,0.201763,0.170181,0.0,0.0,0.00669,0.322796,0.256354,0.0,0.298907,0.106097,0.196951,5e-06,0.0,0.0,0.0,0.0,0.0,0.205618,0.0,0.0,0.0,0.288437,0.155509,0.0,0.0,0.019612,0.0,0.229532,0.0,0.190456,0.0,0.275352,0.172984,0.0,0.0,1.470457,0.0,0.0,0.14108,0.314923,0.177612,0.450058,0.0,0.124175,0.082055,0.119436,0.140059,0.0,0.045683,0.0,0.0,0.0,0.354232,0.119122,0.188888,0.0,0.0,0.0,0.356005,0.636204,0.0,0.309811,0.0,0.198384,0.0,0.1977,0.0,0.413772,0.0,0.0,0.0,0.0,0.0,0.0,0.278708,0.0,0.189927,0.330943,0.018831,0.0,0.0,0.0,0.089502,0.0,0.0,0.0,0.105825,0.0,0.0,0.201017,0.728976,0.170902,0.362101,0.775813,0.205478,0.0,0.0,0.0,0.0,0.0,0.0,0.0,0.066395,0.0,0.294405,0.128749,0.181644,0.270135,0.178329,0.780532,0.27861,0.0,0.0,0.0,0.0,0.210929,0.0,0.0,0.005047,0.141468,0.0,0.0,0.13962,0.179477,0.0,0.0,0.265063,0.148203,0.020427,0.16951,0.0,0.288655,0.0,0.0,0.192471,0.151087,0.0,0.0
TCGA-S2-AA1A,0.0,0.0,0.0,0.0,0.0,0.061965,0.391635,0.087139,0.279681,0.0,0.054652,0.0,0.0,0.0,0.0,0.073291,0.0,0.164814,0.0,0.0,0.287192,0.0,0.0,0.0,0.0,0.0,0.0,0.0,0.269155,0.053251,0.0,0.0,0.053397,0.928706,0.0,0.323287,0.259402,0.0,0.0,0.0,0.0,0.385003,0.0,0.085729,0.0,0.301131,0.177388,0.0,0.0,0.407566,0.0,0.170072,0.0,1.134788,0.0,0.426225,0.077285,0.42052,0.0299,0.090627,0.00504,0.0,0.384576,0.002674,0.002826,0.378849,0.0,0.002278,0.496724,0.0,0.2476,0.0,0.300155,0.080699,0.0,0.0,0.0,0.0,0.147007,0.0,0.0,0.806932,0.034606,0.0,0.0,0.007137,0.272663,0.360137,0.022425,0.015085,0.0517,0.061908,0.234231,0.0,0.5822,0.0,0.0,0.0,4e-06,0.084284,0.0,0.0,0.126127,0.092616,0.097884,0.0,0.285159,0.375417,0.052079,0.359403,0.002272,0.0,0.252739,0.0,0.0,0.524403,0.0,0.44977,0.0,0.0,0.475209,0.13057,0.0,0.0,0.0,0.0,0.363847,0.405086,0.090462,0.0,0.0,0.078132,0.0,0.332171,0.265444,0.076018,0.427451,0.058811,0.002427,0.0,0.317289,0.006407,0.332316,0.307836,0.0,0.0,0.0,0.289124,0.0,0.0,0.076048,0.274084,0.365743,0.342433,0.0,0.04505,0.00355,0.001486,0.058863,0.0,0.489699,0.0,0.0,0.080122,0.20568,0.302914,0.0,0.0,0.0,0.332981,0.0,0.383345,0.0,0.0,0.0,0.0,0.0,0.0,0.043851,0.776051,0.0,0.0,0.0,0.0,0.0,0.049547,0.341482,0.062104,0.0,0.0,0.0,0.0,0.418822,1e-06,0.303281,0.318316,0.007116,0.186918,0.268287,0.0,0.083678,0.0,2.362038,0.001867,0.0,0.0,0.338475,1.336811,0.0,0.0,0.0,0.0,0.0,0.0,0.0,0.160767,0.0,0.911239,0.0,0.0,0.0,0.097673,2e-05,0.091208,0.069818,0.0,0.0,0.0,0.0,0.0,0.496773,0.0,0.0,0.042181,0.0,0.004962,0.072164,0.061621,0.066413,0.0,0.230529,0.0,0.0,0.0,0.0,0.386525,0.146207,0.0,0.050653,0.008063,0.363433,0.0,0.088555,0.012342,1.493344,0.284008,0.0,0.094664,0.0,0.174849,0.0,0.01951,0.0,0.0,0.0,0.0,0.0,5e-06,0.047399,0.035385,1e-06,0.093854,0.0,0.0,0.409896,0.104563,0.0,0.070203,0.0,0.0,0.397429,0.293697,0.041204,0.104468,0.283121,0.0,0.0,0.0,0.057573,0.085129,0.069147,0.113886,0.0,0.0,2.3e-05,0.093653,0.0,0.0,0.054811,0.41079,0.0,0.271152,0.380302,0.179401,0.18025,0.25441,0.0,0.0,0.0,0.001784,0.0,0.312287,8e-06,0.0,0.448322,0.0,0.438058,0.0,7.9e-05,0.100664,0.314109,0.058957,0.103746,0.332633,0.0,0.0,0.082497,0.001658,0.0,0.352176,0.352762,0.068292,0.475769,0.0,0.0,0.087932,0.047092,0.0,0.0,0.0,0.378687,0.081697,0.0,0.0,0.0,0.0,0.0,0.02233,0.078672,0.340427,0.0,0.0,0.0,0.242938,0.060714,0.065162,0.0,0.366044,0.0,0.262376,0.0,0.0,0.0,0.0,0.382893,0.0,0.097793,0.0,0.400701,0.0,0.042525,0.214352,0.0,0.081977,0.076982,0.309088,0.0,0.0,0.001688,0.41945,0.095007,0.0,0.383991,0.036565,0.090879,9e-06,0.0,0.0,0.0,0.0,0.0,0.077786,0.0,0.0,0.0,0.379215,0.307658,0.0,0.0,0.002448,0.0,0.079229,0.0,0.396171,0.0,0.387421,0.085624,0.0,0.0,1.605046,0.0,0.0,0.063202,0.406901,0.074257,0.583688,0.0,0.288663,0.108653,0.045246,0.277684,0.0,0.122495,0.0,0.0,0.0,0.124124,0.040915,0.303789,0.0,0.0,0.0,0.160801,0.834683,0.0,0.453639,0.0,0.152094,0.0,0.07498,0.0,0.5801,0.0,0.0,0.0,0.0,0.0,0.0,0.347084,0.0,0.090164,0.14606,0.003761,0.0,0.0,0.0,0.160448,0.0,0.0,0.0,0.145307,0.0,0.0,0.304413,0.853973,0.05834,0.172481,0.900622,0.073402,0.0,0.0,0.0,0.0,0.0,0.0,0.0,0.077966,0.0,0.378994,0.051564,0.06768,0.406428,0.064276,0.833632,0.158593,0.0,0.0,2.8e-05,0.0,0.071742,0.0,0.0,0.00299,0.323256,0.0,0.0,0.285739,0.083166,0.0,0.0,0.166206,0.287362,0.004528,0.332613,0.0,0.125983,0.0,0.0,0.062306,0.315531,0.0,0.0
