slide_id,0,1,2,3,4,5,6,7,8,9,10,11,12,13,14,15,16,17,18,19,20,21,22,23,24,25,26,27,28,29,30,31,32,33,34,35,36,37,38,39,40,41,42,43,44,45,46,47,48,49,50,51,52,53,54,55,56,57,58,59,60,61,62,63,64,65,66,67,68,69,70,71,72,73,74,75,76,77,78,79,80,81,82,83,84,85,86,87,88,89,90,91,92,93,94,95,96,97,98,99,100,101,102,103,104,105,106,107,108,109,110,111,112,113,114,115,116,117,118,119,120,121,122,123,124,125,126,127,128,129,130,131,132,133,134,135,136,137,138,139,140,141,142,143,144,145,146,147,148,149,150,151,152,153,154,155,156,157,158,159,160,161,162,163,164,165,166,167,168,169,170,171,172,173,174,175,176,177,178,179,180,181,182,183,184,185,186,187,188,189,190,191,192,193,194,195,196,197,198,199,200,201,202,203,204,205,206,207,208,209,210,211,212,213,214,215,216,217,218,219,220,221,222,223,224,225,226,227,228,229,230,231,232,233,234,235,236,237,238,239,240,241,242,243,244,245,246,247,248,249,250,251,252,253,254,255,256,257,258,259,260,261,262,263,264,265,266,267,268,269,270,271,272,273,274,275,276,277,278,279,280,281,282,283,284,285,286,287,288,289,290,291,292,293,294,295,296,297,298,299,300,301,302,303,304,305,306,307,308,309,310,311,312,313,314,315,316,317,318,319,320,321,322,323,324,325,326,327,328,329,330,331,332,333,334,335,336,337,338,339,340,341,342,343,344,345,346,347,348,349,350,351,352,353,354,355,356,357,358,359,360,361,362,363,364,365,366,367,368,369,370,371,372,373,374,375,376,377,378,379,380,381,382,383,384,385,386,387,388,389,390,391,392,393,394,395,396,397,398,399,400,401,402,403,404,405,406,407,408,409,410,411,412,413,414,415,416,417,418,419,420,421,422,423,424,425,426,427,428,429,430,431,432,433,434,435,436,437,438,439,440,441,442,443,444,445,446,447,448,449,450,451,452,453,454,455,456,457,458,459,460,461,462,463,464,465,466,467,468,469,470,471,472,473,474,475,476,477,478,479,480,481,482,483,484,485,486,487,488,489,490,491,492,493,494,495,496,497,498,499,500,501,502,503,504,505,506,507,508,509,510,511
TCGA-73-4676-01Z-00-DX1.4d781bbc-a45e-4f9d-b6b6-2265282dff99,0.312849,0.0,0.041886,0.0,0.0,0.197406,0.0,0.0,0.306085,0.297314,0.188779,1e-04,0.0,0.0,0.0,0.301325,0.0,0.106415,0.0,0.0,0.270989,0.0,0.0,0.0,0.0,0.0,0.153914,0.0,0.082305,0.213827,0.0,0.0,0.201556,0.40213,0.0,0.204327,0.190701,0.0,0.0,0.0,0.0,0.146098,0.169106,0.238005,0.0,0.128253,0.145041,0.0,0.0,0.295491,0.0,0.118488,0.096242,1.64465,8e-06,0.282542,0.188051,0.0,0.0,0.231599,0.0,2e-06,0.0,0.028372,0.089096,0.219247,0.0,0.085124,0.080027,0.0,0.0,0.0,0.065667,0.175784,0.0,0.000122,0.0,0.0,0.0,0.0,0.0,0.300475,0.105682,0.0,0.0,0.192372,0.0,0.110802,0.144929,0.086858,0.237519,0.166916,0.272733,0.0,0.276023,0.0,0.0,0.0,2e-06,0.192385,0.0,0.0,0.0,0.284416,0.0,0.0,0.0,0.121773,0.171899,0.276366,0.115095,0.0,0.097748,0.0,0.155675,0.0,0.0,0.254525,0.15982,0.0,0.098332,0.0,0.160533,0.0,0.0,0.0,0.310086,0.06988,0.283412,0.0,0.109291,0.0,0.407108,0.094297,0.25642,0.0,0.0,0.000737,0.077966,0.0,0.13803,0.091986,0.294892,0.121688,0.0,0.0,0.0,0.081571,0.0,0.0,0.227551,0.0,0.08499,0.297544,0.140409,0.123987,0.026885,0.14504,0.159615,0.0,0.265944,0.152255,0.0,0.0,0.0,4.9e-05,0.0,0.0,0.0,0.173454,0.0,0.0,0.042154,0.0,0.0,0.0,0.0,0.0,0.17658,0.277617,0.0,0.0,0.0,0.0,0.0,0.162317,0.102702,0.184383,0.0,0.0,0.0,0.0,0.280584,0.0,0.257053,0.183268,0.083054,0.145098,0.210552,0.0,0.0,0.0,1.356409,0.038595,0.0,0.0,0.249905,0.833159,0.0,0.0,0.100243,0.0,0.0,0.0,0.002279,0.119234,0.0,0.313024,0.0,0.0,0.0,0.300061,0.0,0.280872,0.175674,0.0,0.0,0.0,0.0,0.0,0.250707,0.381761,0.0,0.143678,0.0,0.089345,0.223086,0.10541,0.165091,0.0,0.00015,1e-06,0.0,0.0,0.29815,0.233615,0.046731,0.0,0.111979,0.084052,0.081227,0.0,0.184433,0.0,0.0,0.250477,0.0,0.206027,0.0,0.323344,0.0,0.123923,0.0,2.2e-05,0.104477,0.0,0.0,0.0,0.204201,0.0,0.0,0.249678,0.287592,0.138081,0.277093,0.145579,0.0,0.217824,0.0,0.14661,0.285029,0.144586,0.16945,0.318077,0.0,8e-06,0.232486,0.0,0.191534,0.256996,0.129524,0.228506,0.0,0.0,0.0,0.241253,0.0,0.0,0.12109,0.295096,0.150238,0.185173,0.20509,0.114914,0.0,0.166328,0.0,0.0,2e-06,0.185408,0.0,0.164854,0.0,0.0,0.179398,0.0,0.238846,0.0,0.0,0.162015,0.0,0.165758,0.220805,0.104884,0.0,0.122034,0.198231,0.213052,0.0,0.281063,0.000178,0.0,0.265817,0.0,0.295941,0.270906,0.18642,0.0,0.0,0.0,0.0812,0.267793,0.0,0.0,0.0,0.0,0.0,0.104818,0.153467,0.0,0.0,0.0,0.0,0.0,0.164127,0.20373,0.0,0.180626,0.0,0.19014,0.0,0.0,0.09505,0.0,0.093518,0.0,0.316368,0.0,0.294002,0.0,0.0,0.351655,0.24047,0.237668,0.275817,0.09229,0.0,0.0,0.093343,0.0,0.275251,0.0,0.0,0.101093,0.259039,0.124015,0.0,0.0,0.0,0.0,0.288435,0.264756,0.0,0.0,0.0,0.276141,0.0,0.0,0.0,0.059707,0.0,0.250536,0.0,0.142872,0.07387,0.202221,0.192646,0.0,0.0,1.533629,0.0,0.0,0.154941,0.313463,0.195697,0.290926,0.0,0.084294,0.082781,0.097143,0.115911,0.087198,0.0,0.0,0.326807,0.0,0.0,0.116908,0.13591,0.0,0.089186,0.180447,0.060682,0.247367,0.0,0.082737,0.0,0.149955,0.320758,0.180331,0.0,0.131931,0.1146,0.0,0.0,0.0,0.0,0.204038,0.259603,0.0,0.0,0.228415,0.0,0.0,0.0,0.0,0.067346,0.200965,0.0,0.0,0.08723,0.18104,0.0,0.242011,0.407809,0.187866,0.0,0.346192,0.211067,0.0,0.0,0.0,0.0,0.235359,0.0,0.0,0.121997,0.0,0.284236,0.094394,0.211298,0.292447,0.180797,0.0,0.273929,0.0,0.0,0.0,0.0,0.247081,0.0,0.0,0.0,0.079307,0.0,0.0,0.0,0.2415,0.0,0.0,0.200595,0.167547,0.138114,0.26133,0.0,0.313566,0.0,0.0,0.214146,0.0,0.121789,0.0
TCGA-05-4402-01Z-00-DX1.c653ddc2-88c1-45ac-88e7-4e512b8e8d53,0.091816,0.0,0.005388,0.0,0.0,0.056764,0.0,0.0,0.418366,0.076572,0.033176,0.000333,0.0,0.0,0.0,0.097013,0.0,0.038906,0.0,0.0,0.451698,0.0,0.0,0.0,0.0,0.0,0.039578,0.0,0.205847,0.044539,0.0,0.0,0.035042,0.608145,0.0,0.32135,0.376368,0.0,2e-06,0.0,0.0,0.33378,0.349134,0.046275,0.0,0.192627,0.064951,0.0,0.0,0.471341,0.0,0.037484,0.063674,1.593011,3.9e-05,0.469815,0.03196,0.0,0.0,0.051768,0.0,0.0,0.0,0.001914,0.037541,0.346611,0.0,0.028183,0.193569,0.0,0.0,0.0,0.210854,0.030532,0.0,1.7e-05,0.0,0.0,0.0,0.0,0.0,0.434663,0.011804,0.0,0.0,0.093061,0.0,0.325991,0.025085,0.001591,0.066225,0.106142,0.352996,0.0,0.442955,0.0,0.0,0.0,0.0,0.057898,0.0,0.0,0.0,0.07104,0.0,0.0,0.0,0.124746,0.044867,0.373327,0.032107,0.0,0.270635,0.0,0.347407,0.0,0.0,0.404947,0.089227,0.0,0.283165,0.0,0.183455,0.0,0.0,0.0,0.419919,0.10649,0.077008,0.0,0.030978,0.0,0.470174,0.284748,0.480911,0.0,0.0,0.001181,0.059822,0.0,0.319342,0.039392,0.378688,0.311194,0.0,0.0,0.0,0.265524,0.0,0.0,0.043285,0.0,0.274777,0.392497,0.015233,0.006411,0.004772,0.045317,0.024465,0.0,0.473618,0.041807,0.0,0.0,0.0,0.000364,0.0,0.0,0.0,0.312602,0.0,0.0,0.022636,0.0,0.0,0.0,0.0,0.0,0.034398,0.423711,0.0,0.0,0.0,0.0,0.0,0.012937,0.232076,0.036083,0.0,0.0,0.0,0.0,0.440444,0.0,0.441323,0.382832,0.023785,0.052317,0.368816,0.0,0.0,0.0,1.520524,0.003708,0.0,0.0,0.355091,1.03735,0.0,0.0,0.106783,0.0,0.0,0.0,0.001625,0.083419,0.0,0.509602,0.0,0.0,0.0,0.085146,0.0,0.072987,0.0228,0.0,0.0,0.0,0.0,0.0,0.30793,0.101213,0.0,0.014264,0.0,0.025201,0.064872,0.011346,0.035612,0.0,0.000755,0.0,0.0,0.0,0.065693,0.331941,0.115653,0.0,0.014815,0.003111,0.230447,0.0,0.026732,0.0,0.0,0.224113,0.0,0.029553,0.0,0.105251,0.0,0.01389,0.0,0.000143,0.023936,0.0,0.0,0.0,0.038546,0.0,0.0,0.059454,0.077836,0.305154,0.366699,0.043271,0.0,0.047379,0.0,0.329904,0.419368,0.375214,0.048855,0.083422,0.0,0.0,0.405295,0.0,0.029455,0.130365,0.013977,0.087279,0.0,0.0,0.0,0.063323,0.0,0.0,0.017988,0.41257,0.173537,0.355901,0.374781,0.0266,0.0,0.123786,0.0,0.0,4e-06,0.075517,0.0,0.136696,0.0,0.0,0.354916,0.0,0.406311,0.0,0.0,0.024674,0.0,0.016636,0.036259,0.238117,0.0,0.089907,0.0367,0.091571,0.0,0.412962,0.000625,0.0,0.407397,0.0,0.346264,0.068407,0.033963,0.0,0.0,0.0,0.238132,0.07202,0.0,0.0,0.0,0.0,0.0,0.007807,0.017955,0.0,0.0,0.0,0.0,0.0,0.027909,0.038759,0.0,0.387984,0.0,0.353896,0.0,0.0,0.07913,0.0,0.285206,0.0,0.099909,0.0,0.359345,0.0,0.0,0.4508,0.307755,0.055583,0.075378,0.202673,0.0,0.0,0.2426,0.0,0.062538,0.0,0.0,0.020525,0.074172,0.35288,0.0,0.0,0.0,0.0,0.423357,0.086815,0.0,0.0,0.0,0.415063,0.0,0.0,0.0,0.0019,0.0,0.051619,0.0,0.3804,0.164,0.383502,0.046116,0.0,0.0,1.620423,0.0,0.0,0.023665,0.425181,0.03313,0.436011,0.0,0.274206,0.06036,0.007438,0.294724,0.219553,0.0,0.0,0.093444,0.0,0.0,0.009919,0.264865,0.0,0.268343,0.18018,0.037759,0.518148,0.0,0.267184,0.0,0.03435,0.446428,0.017694,0.0,0.320921,0.102839,0.0,0.0,0.0,0.0,0.047665,0.370504,0.0,0.0,0.087295,0.0,0.0,0.0,0.0,0.046699,0.335515,0.0,0.0,0.093156,0.347499,0.0,0.385086,0.51476,0.026547,0.0,0.456625,0.029269,0.0,0.0,0.0,0.0,0.414017,0.0,0.0,0.046961,0.0,0.409195,0.008331,0.056654,0.421058,0.04341,0.0,0.224788,0.0,0.0,0.0,0.0,0.047661,0.0,0.0,0.0,0.262646,0.0,0.0,0.0,0.057888,0.0,0.0,0.072997,0.346709,0.045015,0.423519,0.0,0.070752,0.0,0.0,0.051254,0.0,0.313364,0.0
TCGA-78-8662-01Z-00-DX1.754A4C57-B5FA-4077-99E4-F6EFA6459410,0.146143,0.0,0.041074,0.0,0.0,0.095462,0.0,0.0,0.374073,0.135795,0.081796,0.004384,0.0,0.0,0.0,0.131003,0.0,0.111656,0.0,0.0,0.419348,0.0,0.0,0.0,0.0,0.0,0.088408,0.0,0.251952,0.091687,0.0,0.0,0.083043,0.62542,0.0,0.292929,0.333167,0.0,0.0,0.0,0.0,0.321778,0.317176,0.105417,0.0,0.246536,0.120081,0.0,0.0,0.423825,0.0,0.101596,0.104805,1.674732,5e-06,0.45829,0.086062,0.0,0.0,0.107125,0.0,1e-06,0.0,0.034937,0.092486,0.332619,0.0,0.084337,0.267288,0.0,0.0,0.0,0.240543,0.075355,0.0,9.9e-05,0.0,0.0,0.0,0.0,0.0,0.439981,0.056623,0.0,0.0,0.147166,0.0,0.316776,0.07116,0.040036,0.130637,0.099815,0.362971,0.0,0.439739,0.0,0.0,0.0,0.0,0.102632,0.0,0.0,0.0,0.122978,0.0,0.0,0.0,0.212838,0.081432,0.342019,0.100313,0.0,0.255766,0.0,0.343053,0.0,0.0,0.471811,0.125807,0.0,0.280965,0.0,0.196976,0.0,0.0,0.0,0.3958,0.201236,0.119586,0.0,0.079376,0.0,0.425417,0.322906,0.467437,0.0,0.0,0.010215,0.081718,0.0,0.306917,0.119582,0.348977,0.283741,0.0,0.0,0.0,0.258962,0.0,0.0,0.098649,0.0,0.273014,0.364124,0.064189,0.047005,0.03641,0.127867,0.069965,0.0,0.481462,0.124014,0.0,0.0,0.0,0.003715,0.0,0.0,0.0,0.377032,0.0,0.0,0.078325,0.0,0.0,0.0,0.0,0.0,0.076479,0.436091,0.0,0.0,2e-06,0.0,0.0,0.068128,0.27932,0.087983,0.0,0.0,0.0,0.0,0.416236,0.0,0.397856,0.35469,0.055125,0.124829,0.347244,0.0,0.0,0.0,1.574711,0.04606,0.0,0.0,0.345264,1.070464,0.0,0.0,0.080214,0.0,0.0,0.0,0.017457,0.155435,0.0,0.539807,0.0,0.0,0.0,0.133671,0.0,0.121507,0.078603,0.0,0.0,0.0,0.0,0.0,0.32927,0.152814,0.0,0.062057,0.0,0.076345,0.113875,0.06039,0.083005,0.0,0.006572,0.0,0.0,0.0,0.122019,0.336337,0.166907,0.0,0.05344,0.039669,0.257429,0.0,0.074901,0.0,0.0,0.244928,0.0,0.097682,0.0,0.155322,0.0,0.058493,0.0,0.001504,0.112615,0.0,0.0,0.0,0.087698,0.0,0.0,0.109477,0.124285,0.288314,0.360406,0.1397,0.0,0.09286,0.0,0.316834,0.392332,0.372484,0.099204,0.127013,0.0,3.6e-05,0.35817,0.0,0.076792,0.190723,0.06534,0.172032,0.0,0.0,0.0,0.106217,0.0,0.0,0.070104,0.397764,0.164639,0.324189,0.338472,0.105687,0.0,0.186749,0.0,0.0,0.0,0.162786,0.0,0.20977,0.0,0.0,0.342694,0.0,0.388857,0.0,0.0,0.067825,0.0,0.0716,0.094893,0.29602,0.0,0.11741,0.085493,0.170987,0.0,0.373683,0.006102,0.0,0.390367,0.0,0.349802,0.127309,0.082001,0.0,0.0,0.0,0.274278,0.144114,0.0,0.0,0.0,0.0,0.0,0.058833,0.070474,0.0,0.0,0.0,0.0,0.0,0.081699,0.091452,0.0,0.355412,0.0,0.327188,0.0,0.0,0.143707,0.0,0.28069,0.0,0.141452,0.0,0.416885,0.0,0.0,0.449028,0.308465,0.109252,0.127296,0.265661,0.0,0.0,0.343375,0.0,0.119209,0.0,0.0,0.067574,0.12215,0.35436,0.0,0.0,0.0,0.0,0.407703,0.132542,0.0,0.0,0.0,0.376633,0.0,0.0,0.0,0.038534,0.0,0.093681,0.0,0.384577,0.225381,0.357779,0.090602,0.0,0.0,1.678568,0.0,0.0,0.067843,0.417084,0.09123,0.433703,0.0,0.282574,0.095563,0.061245,0.277671,0.200504,0.0,0.0,0.147158,0.0,0.0,0.061095,0.251187,0.0,0.319696,0.177055,0.050946,0.510028,0.0,0.270369,0.0,0.114059,0.41456,0.072928,0.0,0.352438,0.096949,0.0,0.0,0.0,0.0,0.082412,0.351025,0.0,0.0,0.154389,4e-06,0.0,0.0,0.0,0.121743,0.289137,0.0,0.0,0.167278,0.325325,0.0,0.343375,0.515415,0.072346,0.0,0.478437,0.090109,0.0,0.0,0.0,0.0,0.38106,0.0,0.0,0.170011,0.0,0.37261,0.053463,0.094794,0.39792,0.0933,0.0,0.228985,0.0,0.0,0.0,0.0,0.09547,0.0,0.0,0.0,0.258351,0.0,0.0,0.0,0.107025,0.0,0.0,0.130742,0.306717,0.116551,0.380154,0.0,0.151074,0.0,0.0,0.092428,0.0,0.344386,0.0
TCGA-64-1680-01Z-00-DX1.9CB14F20-E7B0-49A1-A327-404B3160FD65,0.026688,0.0,0.000394,0.0,0.0,0.011298,0.0,0.0,0.458646,0.021786,0.007661,0.00024,0.0,0.0,0.0,0.028543,0.0,0.140078,0.0,0.0,0.626609,0.0,0.0,0.0,0.0,0.0,0.008511,0.0,0.453862,0.012892,0.0,0.0,0.008228,0.854534,0.0,0.424281,0.501276,0.0,0.0,0.0,0.0,0.531078,0.494408,0.014552,0.0,0.353284,0.148712,0.0,0.0,0.623744,0.0,0.110572,0.082932,1.912201,0.0,0.668956,0.008645,0.0,0.0,0.015469,0.0,0.0,0.0,0.000221,0.016958,0.515433,0.0,0.058607,0.480577,0.0,0.0,0.0,0.433196,0.004547,0.0,1.7e-05,0.0,0.0,0.0,0.0,0.0,0.634191,0.002767,0.0,0.0,0.057977,0.0,0.534041,0.005203,0.001279,0.028804,0.0648,0.490501,0.0,0.641882,0.0,0.0,0.0,0.0,0.015818,0.0,0.0,0.0,0.021715,0.0,0.0,0.0,0.30808,0.007186,0.499381,0.0269,0.0,0.425663,0.0,0.558438,0.0,0.0,0.642453,0.119761,0.0,0.470758,0.0,0.172254,0.0,0.0,0.0,0.547507,0.328839,0.019013,0.0,0.075602,0.0,0.56141,0.576318,0.718829,0.0,0.0,0.002421,0.047467,0.0,0.502969,0.110688,0.498233,0.459902,0.0,0.0,0.0,0.440406,0.0,0.0,0.012763,1e-06,0.465616,0.513357,0.004756,0.002436,0.000257,0.069937,0.00579,0.0,0.706476,0.136148,0.0,0.0,0.0,0.000208,0.0,0.0,0.0,0.5766,0.0,0.0,0.09194,0.0,0.0,0.0,0.0,0.0,0.007421,0.615797,0.0,0.0,0.0,0.0,0.0,0.005962,0.467931,0.010248,0.0,0.0,0.0,0.0,0.610621,0.0,0.587593,0.554866,0.002012,0.151322,0.522284,0.0,0.0,0.0,1.901332,0.000394,0.0,0.0,0.488149,1.337591,0.0,0.0,0.091405,0.0,0.0,0.0,0.008723,0.190092,0.0,0.772506,0.0,0.0,0.0,0.025415,0.0,0.021163,0.008556,0.0,0.0,0.0,0.0,0.0,0.470279,0.026445,0.0,0.003236,0.0,0.005955,0.016817,0.001762,0.007821,0.0,0.000427,0.0,0.0,0.0,0.020039,0.508534,0.324985,0.0,0.002916,0.001398,0.44791,0.0,0.007709,0.0,0.0,0.333807,0.0,0.013246,0.0,0.037945,0.0,0.003702,0.0,6.6e-05,0.134771,0.0,0.0,0.0,0.010712,0.0,0.0,0.014959,0.018698,0.454075,0.53211,0.162208,0.0,0.010589,0.0,0.487136,0.569441,0.623644,0.014798,0.023565,0.0,7.7e-05,0.527791,0.0,0.007502,0.086104,0.0038,0.115897,0.0,0.0,0.0,0.012078,0.0,0.0,0.003379,0.577656,0.24576,0.499741,0.502908,0.124122,0.0,0.26724,0.0,0.0,0.0,0.167252,0.0,0.282358,0.0,0.0,0.528181,0.0,0.570929,0.0,0.0,0.007254,0.0,0.004818,0.011006,0.514068,0.0,0.118071,0.007799,0.133847,0.0,0.527684,0.000443,0.0,0.573359,0.0,0.392083,0.026266,0.00831,0.0,0.0,0.0,0.479258,0.067537,0.0,0.0,0.0,0.0,0.0,0.00213,0.004866,0.0,0.0,0.0,0.0,0.0,0.007934,0.010201,0.0,0.548895,0.0,0.488133,0.0,0.0,0.134871,0.0,0.478048,0.0,0.027779,0.0,0.546405,0.0,0.0,0.547816,0.333225,0.013727,0.019222,0.447877,0.0,0.0,0.632129,0.0,0.017956,0.0,0.0,0.003986,0.020554,0.598647,0.0,0.0,0.0,0.0,0.584436,0.022819,0.0,0.0,0.0,0.537042,0.0,0.0,0.0,0.000289,0.0,0.011062,0.0,0.636929,0.405934,0.54408,0.009776,0.0,0.0,1.970113,0.0,0.0,0.006005,0.584091,0.008685,0.634204,0.0,0.475999,0.041555,0.002485,0.446941,0.320464,0.0,0.0,0.022483,0.0,0.0,0.002765,0.387288,0.0,0.574006,0.255273,0.000636,0.750331,0.0,0.466008,0.0,0.12799,0.577432,0.00601,0.0,0.578545,0.089438,0.0,0.0,0.0,0.0,0.009277,0.500337,0.0,0.0,0.117576,0.0,0.0,0.0,0.0,0.180938,0.390074,0.0,0.0,0.247806,0.49889,0.0,0.503528,0.686961,0.006533,0.0,0.646871,0.012208,0.0,0.0,0.0,0.0,0.579077,0.0,0.0,0.17742,0.0,0.523305,0.002101,0.012985,0.573895,0.011174,0.0,0.270429,0.0,0.0,0.0,0.0,0.010727,0.0,0.0,0.0,0.44798,0.0,0.0,0.0,0.014122,0.0,0.0,0.137494,0.47369,0.072951,0.548797,0.0,0.050289,0.0,0.0,0.011522,0.0,0.588594,0.0
TCGA-44-5643-01Z-00-DX1.83fb7631-0ecb-4473-bfb2-c8daa2f87d35,0.29629,0.0,0.085401,0.0,0.0,0.211241,0.0,0.0,0.307147,0.29386,0.186457,2e-06,0.0,0.0,0.0,0.301941,0.0,0.054954,0.0,0.0,0.206072,0.0,0.0,0.0,0.0,0.0,0.178298,0.0,0.021114,0.204386,0.0,0.0,0.195295,0.347019,0.0,0.175368,0.163852,0.0,0.0,0.0,0.0,0.100315,0.128797,0.229805,0.0,0.089072,0.06236,0.0,0.0,0.220457,0.0,0.047711,0.095635,1.471479,0.0,0.228686,0.181613,0.0,0.0,0.228636,0.0,0.0,0.0,0.038289,0.17624,0.163109,0.0,0.066196,0.023752,0.0,0.0,0.0,0.023086,0.148329,0.0,2e-06,0.0,0.0,0.0,0.0,0.0,0.223112,0.130698,0.0,0.0,0.223123,0.0,0.063964,0.147258,0.069693,0.217301,0.173003,0.181021,0.0,0.220671,0.0,0.0,0.0,0.0,0.206383,0.0,0.0,0.0,0.260643,0.0,0.0,0.0,0.066663,0.183844,0.22268,0.137399,0.0,0.080896,0.0,0.131294,0.0,0.0,0.257669,0.112578,0.0,0.05642,0.0,0.251489,0.0,0.0,0.0,0.257449,0.044135,0.263304,0.0,0.063794,0.0,0.310565,0.02796,0.187915,0.0,0.0,6.8e-05,0.114635,0.0,0.098435,0.041661,0.220873,0.088126,0.0,0.0,0.0,0.041533,0.0,0.0,0.204745,0.0,0.051383,0.23232,0.154352,0.107393,0.076619,0.165401,0.164273,0.0,0.240471,0.054269,0.0,0.0,0.0,3e-06,0.0,0.0,0.0,0.095897,0.0,0.0,0.008443,0.0,0.0,0.0,0.0,0.0,0.184522,0.231593,0.0,0.0,0.0,0.0,0.0,0.172355,0.042647,0.206959,0.0,0.0,0.0,0.0,0.226201,0.0,0.202315,0.14397,0.132763,0.066629,0.170739,0.0,0.0,0.0,1.232286,0.074952,0.0,0.0,0.201515,0.748455,0.0,0.0,0.105581,0.0,0.0,0.0,0.000116,0.032149,0.0,0.236454,0.0,0.0,0.0,0.262411,0.0,0.260423,0.171469,0.0,0.0,0.0,0.0,0.0,0.161866,0.298023,0.0,0.137624,0.0,0.160645,0.227947,0.111348,0.176668,0.0,1e-05,0.0,0.0,0.0,0.261347,0.165838,0.009872,0.0,0.131444,0.088805,0.03305,0.0,0.184271,0.0,0.0,0.141223,0.0,0.189965,0.0,0.329326,0.0,0.124653,0.0,1e-06,0.039513,0.0,0.0,0.0,0.194699,0.0,0.0,0.207647,0.232685,0.105412,0.182659,0.088858,0.0,0.210931,0.0,0.130879,0.218982,0.081076,0.173194,0.285684,0.0,2e-06,0.213275,0.0,0.17455,0.285688,0.142017,0.189798,0.0,0.0,0.0,0.22161,0.0,0.0,0.134303,0.242212,0.104624,0.139546,0.169002,0.039216,0.0,0.105802,0.0,0.0,2e-06,0.125017,0.0,0.085844,0.0,0.0,0.141079,0.0,0.18729,0.0,0.0,0.172962,0.0,0.137549,0.192282,0.044686,0.0,0.124113,0.193615,0.18146,0.0,0.244901,1.3e-05,0.0,0.211076,0.0,0.307851,0.249549,0.171485,0.0,0.0,0.0,0.032368,0.217828,0.0,0.0,0.0,0.0,0.0,0.127887,0.149176,0.0,0.0,0.0,0.0,0.0,0.181561,0.208038,0.0,0.158437,0.0,0.145444,0.0,0.0,0.113748,0.0,0.059351,0.0,0.273746,0.0,0.230081,0.0,0.0,0.363706,0.281389,0.230446,0.264436,0.035652,0.0,0.0,0.019318,0.0,0.258006,0.0,0.0,0.152033,0.232757,0.082893,0.0,0.0,0.0,0.0,0.214381,0.25225,0.0,0.0,0.0,0.233975,0.0,0.0,0.0,0.043997,0.0,0.222257,0.0,0.108357,0.018513,0.156675,0.193829,0.0,0.0,1.385243,0.0,0.0,0.147447,0.248482,0.176101,0.209145,0.0,0.035846,0.110167,0.104467,0.099575,0.063905,0.0,0.0,0.292977,0.0,0.0,0.109051,0.113855,0.0,0.026692,0.103092,0.062079,0.213954,0.0,0.038793,0.0,0.070995,0.291435,0.137123,0.0,0.077564,0.11957,0.0,0.0,0.0,0.0,0.205141,0.207827,0.0,0.0,0.147973,0.0,0.0,0.0,0.0,0.020388,0.185336,0.0,0.0,0.036348,0.129136,0.0,0.190147,0.327,0.160893,0.0,0.275639,0.215677,0.0,0.0,0.0,0.0,0.173704,0.0,0.0,0.096507,0.0,0.231996,0.108344,0.235555,0.226053,0.217128,0.0,0.158697,0.0,0.0,0.0,0.0,0.225404,0.0,0.0,0.0,0.04149,0.0,0.0,0.0,0.201929,0.0,0.0,0.064339,0.135297,0.125246,0.213459,0.0,0.224339,0.0,0.0,0.224429,0.0,0.054669,0.0
TCGA-MP-A4T4-01Z-00-DX1.5F72FF0B-59C0-4E95-A8C1-BF22A948F7AC,0.178757,0.0,0.061952,0.0,0.0,0.12944,0.0,0.0,0.369116,0.178886,0.105859,9.3e-05,0.0,0.0,0.0,0.174142,0.0,0.083102,0.0,0.0,0.335933,0.0,0.0,0.0,0.0,0.0,0.12349,0.0,0.161454,0.12888,0.0,0.0,0.114711,0.51217,0.0,0.234003,0.274021,0.0,0.0,0.0,0.0,0.234541,0.261095,0.127205,0.0,0.221552,0.068176,0.0,0.0,0.337466,0.0,0.05429,0.092212,1.58126,0.0,0.365689,0.110035,0.0,0.0,0.136677,0.0,0.0,0.0,0.04238,0.153854,0.263256,0.0,0.091174,0.169843,0.0,0.0,0.0,0.151709,0.086773,0.0,9e-06,0.0,0.0,0.0,0.0,0.0,0.353506,0.075841,0.0,0.0,0.190296,0.0,0.224208,0.094957,0.049443,0.150172,0.127555,0.274687,0.0,0.350237,0.0,0.0,0.0,0.0,0.134118,0.0,0.0,0.0,0.161581,0.0,0.0,0.0,0.185861,0.122865,0.286265,0.121322,0.0,0.198199,0.0,0.259146,0.0,0.0,0.428759,0.079074,0.0,0.196155,0.0,0.243051,0.0,0.0,0.0,0.331724,0.161866,0.150735,0.0,0.048826,0.0,0.362244,0.1874,0.351647,0.0,0.0,0.000472,0.10299,0.0,0.238202,0.089504,0.281073,0.212309,0.0,0.0,0.0,0.183772,0.0,0.0,0.121977,0.0,0.193914,0.303876,0.087883,0.056683,0.060674,0.162801,0.089983,0.0,0.384564,0.073592,0.0,0.0,0.0,7.7e-05,0.0,0.0,0.0,0.264153,0.0,0.0,0.052714,0.0,0.0,0.0,0.0,0.0,0.110298,0.348259,0.0,0.0,0.0,0.0,0.0,0.085834,0.193136,0.11888,0.0,0.0,0.0,0.0,0.341345,0.0,0.318174,0.281087,0.090407,0.090916,0.281899,0.0,0.0,0.0,1.425487,0.058999,0.0,0.0,0.280981,0.941261,0.0,0.0,0.095708,0.0,0.0,0.0,0.000759,0.093181,0.0,0.408274,0.0,0.0,0.0,0.172662,0.0,0.152015,0.101447,0.0,0.0,0.0,0.0,0.0,0.244738,0.185206,0.0,0.074682,0.0,0.125078,0.156535,0.067788,0.112759,0.0,0.000146,0.0,0.0,0.0,0.160124,0.258965,0.104394,0.0,0.069751,0.049905,0.171115,0.0,0.096283,0.0,0.0,0.18705,0.0,0.114071,0.0,0.194503,0.0,0.081064,0.0,2.4e-05,0.063446,0.0,0.0,0.0,0.120109,0.0,0.0,0.13112,0.148318,0.230326,0.27054,0.098505,0.0,0.120867,0.0,0.256061,0.325888,0.26418,0.123556,0.154527,0.0,5e-06,0.313852,0.0,0.087001,0.244191,0.08222,0.167851,0.0,0.0,0.0,0.131946,0.0,0.0,0.084847,0.320985,0.138126,0.258622,0.278713,0.0527,0.0,0.133164,0.0,0.0,1e-06,0.135786,0.0,0.150439,0.0,0.0,0.261781,0.0,0.31617,0.0,0.0,0.08832,0.0,0.084498,0.111821,0.208651,0.0,0.11963,0.099309,0.167248,0.0,0.330977,0.000154,0.0,0.30059,0.0,0.386786,0.172666,0.092262,0.0,0.0,0.0,0.18653,0.151004,0.0,0.0,0.0,0.0,0.0,0.074322,0.083258,0.0,0.0,0.0,0.0,0.0,0.11842,0.119662,0.0,0.293376,0.0,0.264152,0.0,0.0,0.146924,0.0,0.209707,0.0,0.176044,0.0,0.341057,0.0,0.0,0.436474,0.321231,0.13856,0.168968,0.177616,0.0,0.0,0.184859,0.0,0.148021,0.0,0.0,0.092098,0.156304,0.233625,0.0,0.0,0.0,0.0,0.335813,0.17931,0.0,0.0,0.0,0.304683,0.0,0.0,0.0,0.045025,0.0,0.11631,0.0,0.275479,0.14073,0.284331,0.122005,0.0,0.0,1.545728,0.0,0.0,0.09108,0.334246,0.112501,0.336759,0.0,0.195405,0.113691,0.072881,0.211536,0.152652,0.0,0.0,0.181099,0.0,0.0,0.072411,0.2019,0.0,0.188739,0.13653,0.046058,0.403286,0.0,0.180957,0.0,0.082406,0.364346,0.086473,0.0,0.242605,0.106366,0.0,0.0,0.0,0.0,0.108884,0.283212,0.0,0.0,0.098894,0.0,0.0,0.0,0.0,0.084616,0.249845,0.0,0.0,0.138392,0.25524,0.0,0.294296,0.430753,0.073795,0.0,0.39151,0.119275,0.0,0.0,0.0,0.0,0.298761,0.0,0.0,0.16428,0.0,0.304565,0.065296,0.137078,0.331094,0.131295,0.0,0.156218,0.0,0.0,0.0,0.0,0.117483,0.0,0.0,0.0,0.180254,0.0,0.0,0.0,0.127913,0.0,0.0,0.054214,0.248895,0.131037,0.322171,0.0,0.148015,0.0,0.0,0.127335,0.0,0.221843,0.0
TCGA-50-5066-02Z-00-DX1.A2CA045A-7956-4E04-9EC9-5856FC789110,0.246552,0.0,0.063448,0.0,0.0,0.160772,0.0,0.0,0.361528,0.243786,0.138332,0.000339,0.0,0.0,0.0,0.243006,0.0,0.09248,0.0,0.0,0.291388,0.0,0.0,0.0,0.0,0.0,0.150349,0.0,0.094966,0.175183,0.0,0.0,0.156524,0.456051,0.0,0.216261,0.238145,0.0,0.0,0.0,0.0,0.186826,0.216856,0.179836,0.0,0.172411,0.09137,0.0,0.0,0.303981,0.0,0.067587,0.103438,1.595901,1e-06,0.320364,0.140604,0.0,0.0,0.1811,0.0,1e-06,0.0,0.03694,0.151578,0.23116,0.0,0.097691,0.090772,0.0,0.0,0.0,0.08947,0.114612,0.0,4.2e-05,0.0,0.0,0.0,0.0,0.0,0.309139,0.095011,0.0,0.0,0.202936,0.0,0.14884,0.115631,0.059434,0.186068,0.157243,0.263627,0.0,0.305959,0.0,0.0,0.0,0.0,0.157638,1e-06,0.0,0.0,0.218517,0.0,0.0,0.0,0.153573,0.158183,0.269046,0.137824,0.0,0.138826,0.0,0.205177,0.0,0.0,0.342075,0.098246,0.0,0.125665,0.0,0.214112,0.0,0.0,0.0,0.310326,0.105588,0.211065,0.0,0.072076,0.0,0.369031,0.103217,0.297527,0.0,0.0,0.001393,0.096148,0.0,0.185978,0.083905,0.273365,0.155572,0.0,0.0,0.0,0.116592,0.0,0.0,0.170323,0.0,0.119607,0.288865,0.104036,0.070152,0.05464,0.17461,0.122783,0.0,0.335141,0.089986,0.0,0.0,0.0,0.000272,0.0,0.0,0.0,0.202319,0.0,0.0,0.037465,0.0,0.0,0.0,0.0,0.0,0.149793,0.304796,0.0,0.0,0.0,0.0,0.0,0.112972,0.128261,0.151313,0.0,0.0,0.0,0.0,0.299088,0.0,0.278034,0.228561,0.102279,0.109317,0.245155,0.0,0.0,0.0,1.37243,0.057966,0.0,0.0,0.266817,0.878652,0.0,0.0,0.112823,0.0,0.0,0.0,0.003799,0.09082,0.0,0.344461,0.0,0.0,0.0,0.229279,0.0,0.20658,0.136819,0.0,0.0,0.0,0.0,0.0,0.234969,0.259176,0.0,0.090824,0.0,0.132045,0.18507,0.07322,0.134105,0.0,0.000497,0.0,0.0,0.0,0.224314,0.245313,0.049292,0.0,0.085334,0.059297,0.102994,0.0,0.13249,0.0,0.0,0.202655,0.0,0.154482,0.0,0.257443,0.0,0.098919,0.0,9.9e-05,0.068671,0.0,0.0,0.0,0.168129,0.0,0.0,0.175768,0.207158,0.179531,0.264413,0.105009,0.0,0.168564,0.0,0.208658,0.292394,0.192309,0.147383,0.222398,0.0,1.9e-05,0.27502,0.0,0.122211,0.260081,0.098629,0.195396,0.0,0.0,0.0,0.177356,0.0,0.0,0.097724,0.295547,0.135662,0.212519,0.239506,0.070222,0.0,0.149459,0.0,0.0,0.000121,0.151287,0.0,0.150089,0.0,0.0,0.218794,0.0,0.265074,0.0,0.0,0.113734,0.0,0.114366,0.152258,0.133061,0.0,0.129135,0.131968,0.180524,0.0,0.302698,0.000502,0.0,0.271503,0.0,0.36223,0.226056,0.127611,0.0,0.0,0.0,0.107478,0.193488,0.0,0.0,0.0,0.0,0.0,0.084305,0.109517,0.0,0.0,0.0,0.0,0.0,0.148961,0.159683,0.0,0.237961,0.0,0.218097,0.0,0.0,0.136994,0.0,0.13179,0.0,0.242581,0.0,0.322385,0.0,0.0,0.396961,0.293196,0.184226,0.22597,0.12874,0.0,0.0,0.080404,0.0,0.209594,0.0,0.0,0.101904,0.206571,0.156027,0.0,0.0,0.0,0.0,0.306777,0.22037,0.0,0.0,0.0,0.280944,0.0,0.0,0.0,0.037836,0.0,0.160834,0.0,0.189427,0.084638,0.243692,0.155693,0.0,0.0,1.516547,0.0,0.0,0.121196,0.311211,0.154406,0.298445,0.0,0.112994,0.105983,0.079833,0.160051,0.109163,0.0,0.0,0.24825,0.0,0.0,0.091021,0.176513,0.0,0.092936,0.142778,0.045053,0.317179,0.0,0.103227,0.0,0.094143,0.348124,0.11727,0.0,0.169871,0.121097,0.0,0.0,0.0,0.0,0.150278,0.263705,0.0,0.0,0.144701,0.0,0.0,0.0,0.0,0.070856,0.233365,0.0,0.0,0.11494,0.21483,0.0,0.27622,0.402006,0.110052,0.0,0.363605,0.164023,0.0,0.0,0.0,0.0,0.261323,0.0,0.0,0.140692,0.0,0.283372,0.077665,0.17911,0.297197,0.163331,0.0,0.19526,0.0,0.0,0.0,0.0,0.168329,0.0,0.0,0.0,0.104164,0.0,0.0,0.0,0.180081,0.0,0.0,0.094377,0.204109,0.135973,0.291909,0.0,0.202633,0.0,0.0,0.18068,0.0,0.140902,0.0
TCGA-97-7553-01Z-00-DX1.e31eec5e-0053-407a-b057-9b87555b122d,0.229405,0.0,0.033985,0.0,0.0,0.141788,0.0,0.0,0.376399,0.228434,0.124786,0.000112,0.0,0.0,0.0,0.232419,0.0,0.16198,0.0,0.0,0.366382,0.0,0.0,0.0,0.0,0.0,0.124465,0.0,0.177622,0.166862,0.0,0.0,0.139614,0.552431,0.0,0.271633,0.299386,0.0,0.0,0.0,0.0,0.27212,0.286305,0.172506,0.0,0.257353,0.155292,0.0,0.0,0.376555,0.0,0.114553,0.129067,1.796261,0.0,0.39865,0.126638,0.0,0.0,0.16967,0.0,0.0,0.0,0.012135,0.145892,0.313988,0.0,0.113253,0.181125,0.0,0.0,0.0,0.163649,0.090988,0.0,8.6e-05,0.0,0.0,0.0,0.0,0.0,0.403188,0.082254,0.0,0.0,0.201465,0.0,0.227774,0.103145,0.046598,0.175412,0.161951,0.33564,0.0,0.391569,0.0,0.0,0.0,0.0,0.151102,0.0,0.0,0.0,0.203293,0.0,0.0,0.0,0.222532,0.125135,0.350329,0.129381,0.0,0.206307,0.0,0.296656,0.0,0.0,0.432261,0.132552,0.0,0.199743,0.0,0.205534,0.0,0.0,0.0,0.38211,0.17281,0.200692,0.0,0.108248,0.0,0.408648,0.205406,0.392059,0.0,0.0,0.002405,0.07542,0.0,0.265322,0.119916,0.348398,0.22519,0.0,0.0,0.0,0.193246,0.0,0.0,0.150225,0.0,0.185074,0.359876,0.090234,0.063981,0.019894,0.188173,0.114611,0.0,0.432177,0.144271,0.0,0.0,0.0,0.000163,0.0,0.0,0.0,0.304803,0.0,0.0,0.070803,0.0,0.0,0.0,0.0,0.0,0.141574,0.388859,0.0,0.0,0.0,0.0,0.0,0.09886,0.229076,0.134919,0.0,0.0,0.0,0.0,0.380969,0.0,0.347623,0.309157,0.070068,0.174989,0.313878,0.0,0.0,0.0,1.570182,0.025794,0.0,0.0,0.324343,1.01335,0.0,0.0,0.11763,0.0,0.0,0.0,0.004795,0.141918,0.0,0.439202,0.0,0.0,0.0,0.210807,0.0,0.18957,0.123292,0.0,0.0,0.0,0.0,0.0,0.314877,0.24626,0.0,0.082821,0.0,0.109728,0.165676,0.050431,0.113662,0.0,0.000502,0.0,0.0,0.0,0.213924,0.325046,0.103823,0.0,0.068383,0.047207,0.169643,0.0,0.122206,0.0,0.0,0.265556,0.0,0.137444,0.0,0.259744,0.0,0.083251,0.0,5.2e-05,0.135964,0.0,0.0,0.0,0.162069,0.0,0.0,0.157743,0.181883,0.234657,0.344993,0.178751,0.0,0.151711,0.0,0.254436,0.369605,0.303858,0.130461,0.217328,0.0,6.7e-05,0.338211,0.0,0.110725,0.269297,0.087429,0.219704,0.0,0.0,0.0,0.138142,0.0,0.0,0.073233,0.380081,0.172024,0.276398,0.304954,0.121774,0.0,0.230376,0.0,0.0,5e-06,0.217723,0.0,0.219813,0.0,0.0,0.295532,0.0,0.331755,0.0,0.0,0.113562,0.0,0.086092,0.14117,0.243835,0.0,0.150395,0.116434,0.226076,0.0,0.365632,0.000642,0.0,0.359491,0.0,0.370071,0.214923,0.113911,0.0,0.0,0.0,0.192261,0.227264,0.0,0.0,0.0,0.0,0.0,0.062253,0.086827,0.0,0.0,0.0,0.0,0.0,0.133159,0.14186,0.0,0.314638,0.0,0.277013,0.0,0.0,0.164588,0.0,0.20687,0.0,0.228338,0.0,0.407127,0.0,0.0,0.426219,0.286173,0.163129,0.208829,0.2303,0.0,0.0,0.200346,0.0,0.207623,0.0,0.0,0.078913,0.188411,0.251929,0.0,0.0,0.0,0.0,0.379943,0.192874,0.0,0.0,0.0,0.357025,0.0,0.0,0.0,0.021755,0.0,0.158226,0.0,0.294396,0.180339,0.310321,0.131405,0.0,0.0,1.694503,0.0,0.0,0.104551,0.387466,0.123306,0.37995,0.0,0.18834,0.070944,0.057894,0.22968,0.148787,0.0,0.0,0.225304,0.0,0.0,0.073183,0.233233,0.0,0.194978,0.197717,0.003564,0.393313,0.0,0.182267,0.0,0.165815,0.397888,0.106087,0.0,0.25303,0.121322,0.0,0.0,0.0,0.0,0.13886,0.330272,0.0,0.0,0.180585,0.0,0.0,0.0,0.0,0.131407,0.247827,0.0,0.0,0.185492,0.270301,0.0,0.335758,0.497078,0.100769,0.0,0.450238,0.16457,0.0,0.0,0.0,0.0,0.34196,0.0,0.0,0.196376,0.0,0.342676,0.060908,0.160944,0.358473,0.143751,0.0,0.229736,0.0,0.0,0.0,0.0,0.158034,0.0,0.0,0.0,0.173632,0.0,0.0,0.0,0.158422,0.0,0.0,0.128837,0.263371,0.150562,0.351236,0.0,0.214562,0.0,0.0,0.16483,0.0,0.244256,0.0
TCGA-05-4398-01Z-00-DX1.269bc75f-492e-48b1-87ee-85924aa80e74,0.073707,0.0,0.002102,0.0,0.0,0.03859,0.0,0.0,0.453964,0.064806,0.024844,0.001136,0.0,0.0,0.0,0.076207,0.0,0.059488,0.0,0.0,0.523703,0.0,0.0,0.0,0.0,0.0,0.030599,0.0,0.281255,0.034295,0.0,0.0,0.027393,0.69093,0.0,0.371855,0.432884,0.0,3.4e-05,0.0,0.0,0.403125,0.411153,0.041152,0.0,0.245042,0.083231,0.0,0.0,0.533713,0.0,0.048791,0.06654,1.718831,0.000134,0.548392,0.022634,0.0,0.0,0.040961,0.0,0.0,0.0,0.000977,0.028396,0.411169,0.0,0.027284,0.279909,0.0,0.0,0.0,0.285839,0.021329,0.0,5.3e-05,0.0,0.0,0.0,0.0,0.0,0.510889,0.010954,0.0,0.0,0.075458,0.0,0.40213,0.016366,0.003254,0.051433,0.106081,0.415932,0.0,0.524425,0.0,0.0,0.0,0.0,0.041033,0.0,0.0,0.0,0.052814,0.0,0.0,0.0,0.170309,0.028929,0.442751,0.025105,0.0,0.332433,0.0,0.426321,0.0,0.0,0.470752,0.087771,0.0,0.3486,0.0,0.170895,0.0,0.0,0.0,0.486056,0.164111,0.059108,0.0,0.046462,0.0,0.51773,0.381049,0.568712,0.0,0.0,0.002416,0.046419,0.0,0.392069,0.046962,0.440572,0.370924,0.0,0.0,0.0,0.336534,0.0,0.0,0.036301,0.0,0.340403,0.453329,0.011309,0.008347,0.000727,0.045432,0.021033,0.0,0.555014,0.052989,0.0,0.0,0.0,0.001245,0.0,0.0,0.0,0.383795,0.0,0.0,0.026303,0.0,0.0,0.0,0.0,0.0,0.03062,0.49734,0.0,0.0,0.0,0.0,0.0,0.013642,0.304278,0.027801,0.0,0.0,0.0,0.0,0.511334,0.0,0.508818,0.451168,0.014412,0.082646,0.440396,0.0,0.0,0.0,1.660791,0.00136,0.0,0.0,0.416972,1.148537,0.0,0.0,0.113363,0.0,0.0,0.0,0.003115,0.09276,0.0,0.595608,0.0,0.0,0.0,0.062669,0.0,0.056007,0.017587,0.0,0.0,0.0,0.0,0.0,0.368794,0.077784,0.0,0.012849,0.0,0.015236,0.042292,0.008194,0.022662,0.0,0.002426,0.0,0.0,0.0,0.055051,0.405611,0.183669,0.0,0.011205,0.004367,0.303484,0.0,0.021939,0.0,0.0,0.268832,0.0,0.026408,0.0,0.090289,0.0,0.013196,0.0,0.000501,0.034641,0.0,0.0,0.0,0.031057,0.0,0.0,0.042382,0.053139,0.359478,0.43851,0.061496,0.0,0.035484,0.0,0.394212,0.487988,0.470778,0.029984,0.066096,0.0,0.0,0.469626,0.0,0.020154,0.107592,0.009973,0.081627,0.0,0.0,0.0,0.041567,0.0,0.0,0.010994,0.481062,0.205361,0.4101,0.436499,0.037969,0.0,0.169968,0.0,0.0,1.3e-05,0.089653,0.0,0.175341,0.0,0.0,0.42314,0.0,0.468397,0.0,0.0,0.02138,0.0,0.014175,0.029697,0.325498,0.0,0.093493,0.025512,0.090916,0.0,0.477227,0.002041,0.0,0.476445,0.0,0.368651,0.052957,0.026501,0.0,0.0,0.0,0.318916,0.06637,0.0,0.0,0.0,0.0,0.0,0.005633,0.016026,0.0,0.0,0.0,0.0,0.0,0.021597,0.028958,0.0,0.456606,0.0,0.41199,0.0,0.0,0.08227,0.0,0.354043,0.0,0.074975,0.0,0.421847,0.0,0.0,0.478472,0.308341,0.040143,0.057323,0.281193,0.0,0.0,0.361075,0.0,0.04952,0.0,0.0,0.013515,0.051695,0.434346,0.0,0.0,0.0,0.0,0.494285,0.060361,0.0,0.0,0.0,0.476217,0.0,0.0,0.0,0.001149,0.0,0.041054,0.0,0.470503,0.236554,0.451466,0.030624,0.0,0.0,1.75053,0.0,0.0,0.018394,0.492283,0.02232,0.50577,0.0,0.346448,0.036105,0.004832,0.352481,0.263941,0.0,0.0,0.06669,0.0,0.0,0.007828,0.31949,0.0,0.361582,0.216769,0.009748,0.595487,0.0,0.344292,0.0,0.0473,0.509136,0.017152,0.0,0.406816,0.093533,0.0,0.0,0.0,0.0,0.033847,0.429292,0.0,0.0,0.089008,0.0,0.0,0.0,0.0,0.072046,0.375993,0.0,0.0,0.136236,0.40161,0.0,0.446228,0.592107,0.024133,0.0,0.533322,0.030211,0.0,0.0,0.0,0.0,0.486444,0.0,0.0,0.05783,0.0,0.470754,0.00718,0.043584,0.478484,0.032955,0.0,0.24244,0.0,0.0,0.0,0.0,0.03959,0.0,0.0,0.0,0.325555,0.0,0.0,0.0,0.042846,0.0,0.0,0.083417,0.402348,0.044016,0.484441,0.0,0.059128,0.0,0.0,0.040979,0.0,0.407925,0.0
TCGA-95-7567-01Z-00-DX1.982FF122-A440-4949-926C-B58AF8381090,0.079582,0.0,0.001115,0.0,0.0,0.035808,0.0,0.0,0.428156,0.076517,0.027791,0.001771,0.0,0.0,0.0,0.077855,0.0,0.142312,0.0,0.0,0.559781,0.0,0.0,0.0,0.0,0.0,0.022133,0.0,0.330969,0.031038,0.0,0.0,0.029418,0.753918,0.0,0.388865,0.445313,0.0,0.0,0.0,0.0,0.437438,0.43719,0.050543,0.0,0.291628,0.168568,0.0,0.0,0.558932,0.0,0.122152,0.107789,1.85585,1.5e-05,0.594286,0.025687,0.0,0.0,0.051478,0.0,0.0,0.0,0.001289,0.017111,0.472686,0.0,0.035984,0.338689,0.0,0.0,0.0,0.330228,0.018949,0.0,0.000167,0.0,0.0,0.0,0.0,0.0,0.581481,0.007979,0.0,0.0,0.072547,0.0,0.433223,0.012759,0.003254,0.055448,0.100688,0.474922,0.0,0.56417,0.0,0.0,0.0,0.0,0.035747,1.8e-05,0.0,0.0,0.060449,0.0,0.0,0.0,0.226297,0.016836,0.482603,0.020342,0.0,0.357948,0.0,0.469053,0.0,0.0,0.500406,0.163953,0.0,0.378322,0.0,0.103885,0.0,0.0,0.0,0.528522,0.206856,0.064629,0.0,0.112801,0.0,0.555303,0.427549,0.616613,0.0,0.0,0.002165,0.018828,0.0,0.418036,0.095283,0.483785,0.391926,0.0,0.0,0.0,0.356163,0.0,0.0,0.045982,0.0,0.364397,0.493223,0.012805,0.010091,0.000667,0.048956,0.019798,0.0,0.617073,0.137311,0.0,0.0,0.0,0.001544,0.0,0.0,0.0,0.446758,0.0,0.0,0.047446,0.0,0.0,0.0,0.0,0.0,0.027815,0.563435,0.0,0.0,1e-06,0.0,0.0,0.021862,0.359505,0.026508,0.0,0.0,0.0,0.0,0.550953,0.0,0.529897,0.482507,0.004387,0.16444,0.459805,0.0,0.0,0.0,1.779284,0.001306,0.0,0.0,0.460193,1.241946,0.0,0.0,0.112038,0.0,0.0,0.0,0.005467,0.15204,0.0,0.658724,0.0,0.0,0.0,0.068627,0.0,0.064274,0.019906,0.0,0.0,0.0,0.0,0.0,0.445788,0.090157,0.0,0.013333,0.0,0.00632,0.039804,0.005069,0.016418,0.0,0.002618,0.0,0.0,0.0,0.066559,0.463111,0.232017,0.0,0.009078,0.00398,0.343273,0.0,0.027135,0.0,0.0,0.350097,0.0,0.042467,0.0,0.110355,0.0,0.010013,0.0,0.000585,0.105745,0.0,0.0,0.0,0.032648,0.0,0.0,0.049631,0.048794,0.386783,0.489797,0.152399,0.0,0.037187,0.0,0.415924,0.528888,0.511759,0.028891,0.081727,0.0,1.1e-05,0.498831,0.0,0.023214,0.102604,0.010552,0.144971,0.0,0.0,0.0,0.041938,0.0,0.0,0.006073,0.531234,0.235442,0.437504,0.456177,0.123922,0.0,0.262759,0.0,0.0,0.0,0.168209,0.0,0.262724,0.0,0.0,0.459945,0.0,0.504026,0.0,0.0,0.025241,0.0,0.017735,0.041618,0.382365,0.0,0.129471,0.030572,0.138739,0.0,0.513678,0.002437,0.0,0.527549,0.0,0.327076,0.055938,0.031479,0.0,0.0,0.0,0.35052,0.103142,0.0,0.0,0.0,0.0,0.0,0.003994,0.017136,0.0,0.0,0.0,0.0,0.0,0.018841,0.035069,0.0,0.481358,0.0,0.434805,0.0,0.0,0.12102,0.0,0.390829,0.0,0.076529,0.0,0.493222,0.0,0.0,0.422389,0.224841,0.043806,0.057084,0.344974,0.0,0.0,0.43578,0.0,0.060676,0.0,0.0,0.007081,0.053648,0.470142,0.0,0.0,0.0,0.0,0.535699,0.048046,0.0,0.0,0.0,0.512245,0.0,0.0,0.0,0.000716,0.0,0.05228,0.0,0.511251,0.299345,0.470047,0.029596,0.0,0.0,1.878065,0.0,0.0,0.018503,0.547152,0.025327,0.56552,0.0,0.375155,0.013308,0.003159,0.372995,0.267704,0.0,0.0,0.070058,0.0,0.0,0.008667,0.342634,0.0,0.416234,0.25437,0.003576,0.637234,0.0,0.371847,0.0,0.125001,0.533406,0.018994,0.0,0.457782,0.101008,0.0,0.0,0.0,0.0,0.037907,0.465981,0.0,0.0,0.167617,0.0,0.0,0.0,0.0,0.142916,0.352262,0.0,0.0,0.182315,0.426581,0.0,0.463465,0.661752,0.031315,0.0,0.599593,0.043225,0.0,0.0,0.0,0.0,0.519509,0.0,0.0,0.101982,0.0,0.503072,0.005703,0.03949,0.522223,0.032007,0.0,0.310365,0.0,0.0,0.0,0.0,0.047119,0.0,0.0,0.0,0.348124,0.0,0.0,0.0,0.04078,0.0,0.0,0.179579,0.415885,0.046524,0.509485,0.0,0.096398,0.0,0.0,0.045089,0.0,0.456225,0.0
TCGA-55-A492-01Z-00-DX1.31B23842-7F8B-4311-88DF-C51CB4F54AED,0.02775,0.0,0.002678,0.0,0.0,0.014363,0.0,0.0,0.464837,0.024837,0.009895,9.4e-05,0.0,0.0,0.0,0.035844,0.0,0.119701,0.0,0.0,0.632125,0.0,0.0,0.0,0.0,0.0,0.011632,0.0,0.439654,0.017326,0.0,0.0,0.011784,0.835824,0.0,0.436291,0.489336,0.0,0.0,0.0,0.0,0.532144,0.490195,0.016271,0.0,0.335689,0.121903,0.0,0.0,0.620019,0.0,0.09231,0.072527,1.880607,0.0,0.663455,0.012302,0.0,0.0,0.017025,0.0,4e-06,0.0,0.00182,0.027145,0.501707,0.0,0.054236,0.483306,0.0,0.0,0.0,0.434694,0.006986,0.0,0.000268,0.0,0.0,0.0,0.0,0.0,0.622507,0.004178,0.0,0.0,0.054348,0.0,0.53209,0.008018,0.002143,0.029857,0.070302,0.478636,0.0,0.641274,0.0,0.0,0.0,0.0,0.019059,0.0,0.0,0.0,0.027326,0.0,0.0,0.0,0.292554,0.012731,0.501531,0.036317,0.0,0.430649,0.0,0.559766,0.0,0.0,0.653417,0.092927,0.0,0.47612,0.0,0.20553,0.0,0.0,0.0,0.542664,0.332519,0.02313,0.0,0.055469,0.0,0.556691,0.584685,0.720822,0.0,0.0,0.009707,0.073242,0.0,0.501138,0.09752,0.490819,0.468322,0.0,0.0,0.0,0.436007,0.0,0.0,0.013797,1e-06,0.464357,0.499987,0.005839,0.004961,0.001809,0.071378,0.008406,0.0,0.71192,0.109729,0.0,0.0,0.0,0.000175,0.0,0.0,0.0,0.56385,0.0,0.0,0.088962,0.0,0.0,0.0,0.0,0.0,0.011106,0.608133,0.0,0.0,0.0,0.0,0.0,0.006808,0.46337,0.01442,0.0,0.0,0.0,0.0,0.60869,0.0,0.589727,0.559399,0.004745,0.142473,0.534874,0.0,0.0,0.0,1.879974,0.002682,0.0,0.0,0.471946,1.315498,0.0,0.0,0.093018,0.0,0.0,0.0,0.017548,0.165048,0.0,0.766795,0.0,0.0,0.0,0.027652,0.0,0.023653,0.011017,0.0,0.0,0.0,0.0,0.0,0.454618,0.032139,0.0,0.005541,0.0,0.013912,0.019644,0.004046,0.011258,0.0,0.000942,0.0,0.0,0.0,0.024782,0.499962,0.312548,0.0,0.004528,0.002068,0.440904,0.0,0.009834,0.0,0.0,0.315598,0.0,0.01245,0.0,0.034378,0.0,0.006604,0.0,4.2e-05,0.118316,0.0,0.0,0.0,0.015199,0.0,0.0,0.017087,0.025781,0.448402,0.529401,0.147848,0.0,0.015651,0.0,0.47836,0.572247,0.633671,0.019417,0.027317,0.0,0.000297,0.521836,0.0,0.013133,0.076625,0.005407,0.094809,0.0,0.0,0.0,0.01636,0.0,0.0,0.006073,0.573662,0.237513,0.496043,0.497737,0.099126,0.0,0.252357,0.0,0.0,0.0,0.139553,0.0,0.266355,0.0,0.0,0.532931,0.0,0.5631,0.0,0.0,0.01082,0.0,0.006121,0.012987,0.506545,0.0,0.099208,0.011427,0.120779,0.0,0.526207,0.001312,0.0,0.571744,0.0,0.41478,0.030288,0.009979,0.0,0.0,0.0,0.480442,0.050189,0.0,0.0,0.0,0.0,0.0,0.004962,0.006083,0.0,0.0,0.0,0.0,0.0,0.01113,0.011817,0.0,0.550049,0.0,0.487671,0.0,0.0,0.108689,0.0,0.474893,0.0,0.034885,0.0,0.529902,0.0,0.0,0.59669,0.370116,0.017415,0.024874,0.441947,0.0,0.0,0.643351,0.0,0.021974,0.0,0.0,0.006066,0.020845,0.609497,0.0,0.0,0.0,0.0,0.58023,0.029704,0.0,0.0,0.0,0.542384,0.0,0.0,0.0,0.001229,0.0,0.01796,0.0,0.64345,0.402845,0.546437,0.013751,0.0,0.0,1.937984,0.0,0.0,0.007831,0.574416,0.011601,0.623567,0.0,0.479861,0.077506,0.004097,0.449334,0.33134,0.0,0.0,0.027777,0.0,0.0,0.004924,0.396507,0.0,0.580035,0.243812,0.003796,0.753871,0.0,0.47117,0.0,0.106866,0.576583,0.007404,0.0,0.577534,0.075801,0.0,0.0,0.0,0.0,0.015367,0.492826,0.0,0.0,0.094253,0.0,0.0,0.0,0.0,0.165949,0.404348,0.0,0.0,0.236499,0.486955,0.0,0.501901,0.662867,0.007689,0.0,0.628507,0.015787,0.0,0.0,0.0,0.0,0.578817,0.0,0.0,0.17146,0.0,0.526841,0.003237,0.016682,0.552681,0.015566,0.0,0.247985,0.0,0.0,0.0,0.0,0.014573,0.0,0.0,0.0,0.448889,0.0,0.0,0.0,0.018242,0.0,0.0,0.110572,0.472842,0.074085,0.545611,0.0,0.039672,0.0,0.0,0.01556,0.0,0.600322,0.0
TCGA-44-4112-01Z-00-DX1.5380b3b4-0e24-4c6c-aa8c-298c5fbe068f,0.139818,0.0,0.019657,0.0,0.0,0.09821,0.0,0.0,0.416316,0.141529,0.069166,5e-06,0.0,0.0,0.0,0.149845,0.0,0.074815,0.0,0.0,0.394136,0.0,0.0,0.0,0.0,0.0,0.082184,0.0,0.175506,0.101954,0.0,0.0,0.082808,0.565241,0.0,0.287447,0.318192,0.0,0.0,0.0,0.0,0.28969,0.31106,0.089865,0.0,0.225014,0.067567,0.0,0.0,0.392813,0.0,0.045459,0.070651,1.666551,0.0,0.426692,0.07567,0.0,0.0,0.10441,0.0,0.0,0.0,0.005641,0.116928,0.310013,0.0,0.053547,0.189296,0.0,0.0,0.0,0.184138,0.040149,0.0,8e-06,0.0,0.0,0.0,0.0,0.0,0.403931,0.040053,0.0,0.0,0.150614,0.0,0.268474,0.05677,0.015409,0.108678,0.132844,0.308902,0.0,0.406768,0.0,0.0,0.0,0.0,0.092097,0.0,0.0,0.0,0.127753,0.0,0.0,0.0,0.175965,0.082241,0.342288,0.083732,0.0,0.239517,0.0,0.317449,0.0,0.0,0.444943,0.075617,0.0,0.234477,0.0,0.237644,0.0,0.0,0.0,0.392216,0.160418,0.117091,0.0,0.04323,0.0,0.447124,0.212574,0.416561,0.0,0.0,0.000273,0.100359,0.0,0.288217,0.064409,0.332821,0.253514,0.0,0.0,0.0,0.220052,0.0,0.0,0.08627,0.0,0.235358,0.360339,0.048791,0.026987,0.021337,0.121246,0.057165,0.0,0.448736,0.059157,0.0,0.0,0.0,1e-05,0.0,0.0,0.0,0.293174,0.0,0.0,0.0239,0.0,0.0,0.0,0.0,0.0,0.075515,0.396275,0.0,0.0,0.0,0.0,0.0,0.052133,0.216344,0.087773,0.0,0.0,0.0,0.0,0.396251,0.0,0.367531,0.330225,0.047761,0.093374,0.339935,0.0,0.0,0.0,1.521842,0.014487,0.0,0.0,0.325674,1.013126,0.0,0.0,0.114618,0.0,0.0,0.0,0.000597,0.067332,0.0,0.462113,0.0,0.0,0.0,0.133988,0.0,0.112644,0.060851,0.0,0.0,0.0,0.0,0.0,0.268208,0.13651,0.0,0.030415,0.0,0.079469,0.113198,0.021404,0.066148,0.0,3.7e-05,0.0,0.0,0.0,0.127594,0.313352,0.119986,0.0,0.033184,0.020846,0.198624,0.0,0.057827,0.0,0.0,0.207267,0.0,0.073779,0.0,0.163017,0.0,0.040118,0.0,3e-06,0.050332,0.0,0.0,0.0,0.088683,0.0,0.0,0.09037,0.108002,0.277079,0.325114,0.088626,0.0,0.080498,0.0,0.300748,0.378943,0.315083,0.090014,0.122719,0.0,5e-06,0.36322,0.0,0.056335,0.19719,0.038612,0.138758,0.0,0.0,0.0,0.093625,0.0,0.0,0.038922,0.382078,0.170511,0.299463,0.323644,0.046941,0.0,0.143026,0.0,0.0,4.5e-05,0.107318,0.0,0.152004,0.0,0.0,0.305374,0.0,0.364297,0.0,0.0,0.063008,0.0,0.044345,0.071196,0.234725,0.0,0.09423,0.063271,0.128092,0.0,0.381141,4.6e-05,0.0,0.351416,0.0,0.388775,0.134198,0.062347,0.0,0.0,0.0,0.214614,0.116966,0.0,0.0,0.0,0.0,0.0,0.028805,0.043226,0.0,0.0,0.0,0.0,0.0,0.077159,0.091655,0.0,0.344893,0.0,0.302835,0.0,0.0,0.105342,0.0,0.255566,0.0,0.137463,0.0,0.362466,0.0,0.0,0.466796,0.323487,0.097013,0.12799,0.201765,0.0,0.0,0.194589,0.0,0.116562,0.0,0.0,0.052128,0.115371,0.291422,0.0,0.0,0.0,0.0,0.392486,0.141693,0.0,0.0,0.0,0.360645,0.0,0.0,0.0,0.007053,0.0,0.088836,0.0,0.327349,0.149843,0.329899,0.083207,0.0,0.0,1.646319,0.0,0.0,0.056078,0.38958,0.068955,0.390214,0.0,0.231978,0.082606,0.027373,0.258584,0.183678,0.0,0.0,0.138158,0.0,0.0,0.033166,0.256341,0.0,0.211815,0.14786,0.015391,0.45465,0.0,0.220251,0.0,0.070224,0.434158,0.043333,0.0,0.285236,0.105702,0.0,0.0,0.0,0.0,0.072427,0.334448,0.0,0.0,0.087728,0.0,0.0,0.0,0.0,0.067437,0.293619,0.0,0.0,0.119497,0.298296,0.0,0.34716,0.479254,0.04765,0.0,0.429445,0.092749,0.0,0.0,0.0,0.0,0.350254,0.0,0.0,0.113931,0.0,0.376756,0.025404,0.101205,0.375457,0.095589,0.0,0.161461,0.0,0.0,0.0,0.0,0.083545,0.0,0.0,0.0,0.211155,0.0,0.0,0.0,0.080804,0.0,0.0,0.054442,0.299077,0.098635,0.381168,0.0,0.11766,0.0,0.0,0.093101,0.0,0.266335,0.0
TCGA-55-8302-01Z-00-DX1.E0C2B152-BBA9-4AA7-9E6B-BD57B68163CB,0.054164,0.0,0.011873,0.0,0.0,0.036584,0.0,0.0,0.436227,0.05138,0.025962,0.004852,0.0,0.0,0.0,0.049353,0.0,0.118475,0.0,0.0,0.571077,0.0,0.0,0.0,0.0,0.0,0.037913,0.0,0.401751,0.032196,0.0,0.0,0.027083,0.784113,0.0,0.389261,0.453374,0.0,0.0,0.0,0.0,0.478497,0.444587,0.034683,0.0,0.324966,0.119024,0.0,0.0,0.561766,3e-06,0.093465,0.09408,1.769468,0.000842,0.607506,0.028399,0.0,0.0,0.041199,0.0,2e-06,0.0,0.005983,0.05673,0.456324,0.0,0.068171,0.445648,0.0,0.0,0.0,0.38381,0.017816,0.0,0.001092,0.0,0.0,0.0,0.0,0.0,0.576989,0.019439,0.0,0.0,0.086077,0.0,0.486471,0.025659,0.007895,0.056676,0.066074,0.439588,0.0,0.589529,0.0,0.0,0.0,0.0,0.046359,0.0,0.0,0.0,0.041639,0.0,0.0,0.0,0.289479,0.027379,0.443356,0.062666,0.0,0.385591,0.0,0.508536,0.0,0.0,0.629876,0.096122,0.0,0.43752,0.0,0.205064,0.0,0.0,0.0,0.48553,0.310563,0.040152,0.0,0.063669,0.0,0.486559,0.52126,0.666958,0.0,0.0,0.00916,0.077675,0.0,0.451338,0.127252,0.436153,0.420239,0.0,0.0,0.0,0.400585,0.0,0.0,0.031553,0.0,0.422689,0.444782,0.018568,0.007734,0.00863,0.089364,0.021076,0.0,0.646461,0.112583,0.0,0.0,0.0,0.004334,0.0,0.0,0.0,0.51915,0.0,0.0,0.094381,0.0,0.0,0.0,0.0,0.0,0.027962,0.570828,0.0,0.0,0.0,0.0,0.0,0.020051,0.423579,0.031193,0.0,0.0,0.0,0.0,0.544071,0.0,0.534686,0.503426,0.023622,0.128156,0.480426,0.0,0.0,0.0,1.774966,0.011457,0.0,0.0,0.430235,1.258712,0.0,0.0,0.07181,0.0,0.0,0.0,0.018462,0.17245,0.0,0.708893,0.0,0.0,0.0,0.046854,0.0,0.039025,0.024492,0.0,0.0,0.0,0.0,0.0,0.426554,0.052278,0.0,0.015655,0.0,0.040725,0.043882,0.014993,0.02925,0.0,0.008423,1e-06,0.0,0.0,0.042172,0.445918,0.284848,0.0,0.015859,0.008036,0.40852,0.0,0.022916,0.0,0.0,0.286419,0.0,0.031746,0.0,0.064221,0.0,0.0211,0.0,0.001841,0.112721,0.0,0.0,0.0,0.029461,0.0,0.0,0.034714,0.038135,0.410188,0.470266,0.146456,0.0,0.029245,0.0,0.4447,0.514597,0.57412,0.043288,0.040969,0.0,4.2e-05,0.48139,0.0,0.020206,0.116915,0.019472,0.118127,0.0,0.0,0.0,0.033713,0.0,0.0,0.021954,0.513212,0.205037,0.459255,0.45377,0.09503,0.0,0.236394,0.0,0.0,0.0,0.147431,0.0,0.253819,0.0,0.0,0.4875,1.5e-05,0.522914,0.0,0.0,0.026218,0.0,0.01763,0.02975,0.461676,0.0,0.116466,0.0232,0.135029,0.0,0.48264,0.007264,0.0,0.525123,0.0,0.400692,0.047055,0.026298,0.0,0.0,0.0,0.442903,0.059983,0.0,0.0,0.0,0.0,0.0,0.016446,0.020232,0.0,0.0,0.0,0.0,0.0,0.032986,0.033653,0.0,0.506354,0.0,0.442442,0.0,0.0,0.146127,0.0,0.436024,0.0,0.055249,0.0,0.510757,0.0,0.0,0.548677,0.350168,0.04011,0.043753,0.406136,0.0,0.0,0.593477,0.0,0.039856,0.0,0.0,0.025197,0.045351,0.554189,0.0,0.0,0.0,0.0,0.529117,0.050515,0.0,0.0,0.0,0.496461,0.0,0.0,0.0,0.003569,0.0,0.032624,0.0,0.582746,0.360963,0.499622,0.033866,0.0,0.0,1.836322,0.0,0.0,0.020774,0.525268,0.027053,0.572099,0.0,0.441656,0.087044,0.01452,0.39853,0.299854,0.0,0.0,0.049639,0.0,0.0,0.018102,0.358617,0.0,0.524928,0.218431,0.015281,0.708641,0.0,0.4316,0.0,0.098968,0.524396,0.020104,0.0,0.538244,0.084991,0.0,0.0,0.0,0.0,0.026949,0.445686,0.0,0.0,0.098115,0.0,0.0,0.0,0.0,0.166648,0.379835,0.0,0.0,0.239923,0.44453,0.0,0.447324,0.621949,0.015767,0.0,0.59357,0.033929,0.0,0.0,0.0,0.0,0.522681,0.0,0.0,0.186259,0.0,0.474638,0.016176,0.03338,0.508557,0.039064,0.0,0.217216,0.0,0.0,0.0,0.0,0.026568,0.0,0.0,2e-06,0.412358,0.0,0.0,0.0,0.033473,1e-06,0.0,0.100606,0.432725,0.083966,0.493663,0.0,0.054409,0.0,0.0,0.033172,0.0,0.533004,0.0
TCGA-NJ-A55O-01Z-00-DX1.8E23C821-B8BB-4D89-9E38-E97424A685CE,0.069154,0.0,0.002534,0.0,0.0,0.035332,0.0,0.0,0.436705,0.067861,0.02425,0.001969,0.0,0.0,0.0,0.07284,0.0,0.139845,0.0,0.0,0.537855,0.0,0.0,0.0,0.0,0.0,0.028875,0.0,0.359918,0.038717,0.0,0.0,0.028882,0.764403,0.0,0.385766,0.4456,0.0,0.0,0.0,0.0,0.443592,0.43739,0.045405,0.0,0.3363,0.1391,0.0,0.0,0.533828,0.0,0.092089,0.110196,1.828041,1e-06,0.590542,0.028776,0.0,0.0,0.046506,0.0,0.0,0.0,0.001427,0.051151,0.452076,0.0,0.050541,0.387896,0.0,0.0,0.0,0.344594,0.014059,0.0,0.000249,0.0,0.0,0.0,0.0,0.0,0.565013,0.012725,0.0,0.0,0.099739,0.0,0.442363,0.016504,0.003389,0.067491,0.095538,0.450226,0.0,0.563892,0.0,0.0,0.0,0.0,0.04704,5e-06,0.0,0.0,0.056196,0.0,0.0,0.0,0.267928,0.023656,0.456021,0.049995,0.0,0.369979,2.3e-05,0.479687,0.0,0.0,0.585601,0.114304,0.0,0.387683,0.0,0.189817,0.0,0.0,0.0,0.500186,0.277056,0.050679,0.0,0.089244,0.0,0.499696,0.453074,0.607734,0.0,0.0,0.005352,0.048902,0.0,0.434284,0.109713,0.447248,0.392675,0.0,0.0,0.0,0.380082,0.0,0.0,0.035807,0.0,0.383249,0.455473,0.012823,0.008063,0.001112,0.096676,0.020346,0.0,0.624517,0.11836,0.0,0.0,0.0,0.001785,0.0,0.0,0.0,0.487213,0.0,0.0,0.07574,0.0,0.0,0.0,0.0,0.0,0.025896,0.559334,0.0,0.0,0.0,0.0,0.0,0.018505,0.400985,0.032527,0.0,0.0,0.0,0.0,0.529026,0.0,0.517735,0.478849,0.012377,0.148481,0.461187,0.0,0.0,0.0,1.780104,0.002446,0.0,0.0,0.439536,1.229502,0.0,0.0,0.098652,0.0,0.0,0.0,0.012627,0.159939,0.0,0.661308,0.0,0.0,0.0,0.05888,0.0,0.055211,0.023327,0.0,0.0,0.0,0.0,0.0,0.418903,0.068616,0.0,0.01158,0.0,0.025732,0.043013,0.005272,0.022756,0.0,0.003059,0.0,0.0,0.0,0.057178,0.44461,0.249669,0.0,0.009807,0.003546,0.367333,0.0,0.025826,0.0,0.0,0.303464,0.0,0.037211,0.0,0.101943,0.0,0.013319,0.0,0.000509,0.115712,0.0,0.0,0.0,0.036404,0.0,0.0,0.03926,0.04478,0.400951,0.467925,0.154383,0.0,0.033783,0.0,0.424689,0.50708,0.530075,0.037797,0.060052,0.0,0.00032,0.473324,0.0,0.019307,0.142309,0.013506,0.133805,0.0,2.4e-05,0.0,0.031024,0.0,0.0,0.010791,0.515748,0.212596,0.429509,0.451915,0.102638,0.0,0.250661,0.0,0.0,0.0,0.164659,0.0,0.254462,0.0,0.0,0.459771,0.0,0.500096,0.0,0.0,0.025887,0.0,0.013383,0.031731,0.433869,0.0,0.127727,0.022657,0.148757,0.0,0.486896,0.002991,0.0,0.517474,0.0,0.38602,0.064291,0.024668,0.0,0.0,0.0,0.39608,0.096923,0.0,0.0,0.0,0.0,0.0,0.007803,0.016158,0.0,0.0,1e-05,0.0,0.0,0.028968,0.034974,0.0,0.483032,0.0,0.430955,0.0,0.0,0.156054,0.0,0.410854,0.0,0.068274,0.0,0.499888,0.0,0.0,0.500778,0.305393,0.039799,0.054594,0.39755,0.0,0.0,0.503297,0.0,0.052694,0.0,0.0,0.01511,0.052391,0.484852,0.0,0.0,0.0,0.0,0.521178,0.056782,0.0,0.0,0.0,0.482804,0.0,0.0,0.0,0.000954,0.0,0.037957,0.0,0.539508,0.341304,0.481447,0.028603,0.0,0.0,1.845879,0.0,0.0,0.01775,0.517706,0.023075,0.553964,0.0,0.405577,0.044428,0.005773,0.387966,0.27272,0.0,0.0,0.060475,0.0,0.0,0.009229,0.351098,0.0,0.46103,0.230269,0.002167,0.644078,0.0,0.3972,0.0,0.123411,0.52139,0.017939,0.0,0.483506,0.092933,0.0,0.0,0.0,0.0,0.032643,0.438648,0.0,0.0,0.111928,1e-06,0.0,0.0,0.0,0.160296,0.342179,0.0,0.0,0.222259,0.428192,0.0,0.447091,0.636261,0.017626,0.0,0.589025,0.037854,0.0,0.0,0.0,0.0,0.505386,0.0,0.0,0.163654,0.0,0.473741,0.008267,0.042738,0.506976,0.03896,0.0,0.247899,0.0,0.0,0.0,0.0,0.03608,0.0,0.0,0.0,0.372044,0.0,0.0,0.0,0.03394,0.0,0.0,0.112001,0.414231,0.078286,0.487335,0.0,0.083409,0.0,0.0,0.038183,0.0,0.478686,0.0
TCGA-50-8459-01Z-00-DX1.24D876E7-5265-4C5D-A215-0BAE5450EEF3,0.146217,0.0,0.024414,0.0,0.0,0.094826,0.0,0.0,0.395443,0.142723,0.070084,0.007237,0.0,0.0,0.0,0.146666,0.0,0.10191,0.0,0.0,0.406565,0.0,0.0,0.0,0.0,0.0,0.084488,0.0,0.224375,0.107312,0.0,0.0,0.0809,0.604968,0.0,0.29155,0.326163,0.0,0.0,0.0,0.0,0.305774,0.31186,0.101123,0.0,0.252632,0.096334,0.0,0.0,0.41253,0.0,0.069676,0.099208,1.699585,1e-06,0.439333,0.081651,0.0,0.0,0.106504,0.0,1e-06,0.0,0.015348,0.111388,0.325117,0.0,0.082215,0.250385,0.0,0.0,0.0,0.214072,0.062561,0.0,0.000599,0.0,0.0,0.0,0.0,0.0,0.432126,0.049366,0.0,0.0,0.154487,0.0,0.290507,0.061058,0.024631,0.131689,0.118209,0.335288,0.0,0.425041,0.0,0.0,0.0,0.0,0.107062,0.0,0.0,0.0,0.130412,0.0,0.0,0.0,0.21303,0.087037,0.347824,0.103314,0.0,0.248812,2e-06,0.344588,0.0,0.0,0.477068,0.096049,0.0,0.253763,0.0,0.233948,0.0,0.0,0.0,0.38643,0.198181,0.126226,0.0,0.07177,0.0,0.425274,0.278192,0.44851,0.0,0.0,0.004224,0.103659,0.0,0.304798,0.100619,0.340345,0.271442,0.0,0.0,0.0,0.240026,0.0,0.0,0.090286,0.0,0.252077,0.349169,0.058736,0.039647,0.022422,0.137931,0.067677,0.0,0.467122,0.094994,0.0,0.0,0.0,0.006022,0.0,0.0,0.0,0.347946,0.0,0.0,0.065021,0.0,0.0,0.0,0.0,0.0,0.074977,0.420339,0.0,0.0,0.0,0.0,0.0,0.058211,0.25831,0.092773,0.0,0.0,0.0,0.0,0.407199,0.0,0.384499,0.344476,0.050903,0.111475,0.352133,0.0,0.0,0.0,1.573768,0.024432,0.0,0.0,0.332099,1.048395,0.0,0.0,0.094574,0.0,0.0,0.0,0.008018,0.117025,0.0,0.510907,0.0,0.0,0.0,0.14148,8e-06,0.131352,0.07097,0.0,0.0,0.0,0.0,0.0,0.304494,0.15523,0.0,0.050174,0.0,0.081167,0.114923,0.036584,0.077844,0.0,0.009393,0.0,0.0,0.0,0.132694,0.327852,0.159053,0.0,0.04524,0.026545,0.23123,0.0,0.072431,0.0,0.0,0.225021,0.0,0.086923,0.0,0.164344,0.0,0.051696,0.0,0.00236,0.090651,0.0,0.0,0.0,0.092603,0.0,0.0,0.105696,0.122401,0.282802,0.347145,0.126688,0.0,0.088497,0.0,0.31175,0.391447,0.356133,0.096038,0.13258,0.0,4.1e-05,0.356713,0.0,0.072722,0.211275,0.053533,0.153949,0.0,1.4e-05,0.0,0.103785,0.0,0.0,0.053378,0.394246,0.16741,0.319355,0.332093,0.077535,0.0,0.17106,0.0,0.0,0.0,0.143395,0.0,0.186319,0.0,0.0,0.325776,0.0,0.378948,0.0,0.0,0.065614,0.0,0.057115,0.085245,0.285298,0.0,0.118117,0.079086,0.163564,0.0,0.379706,0.008058,0.0,0.376653,0.0,0.386633,0.139717,0.075032,0.0,0.0,0.0,0.251362,0.139776,0.0,0.0,0.0,0.0,0.0,0.042188,0.055342,0.0,0.0,2e-06,0.0,0.0,0.081602,0.090721,0.0,0.350996,0.0,0.316176,0.0,0.0,0.141066,0.0,0.265442,0.0,0.149687,0.0,0.395357,0.0,0.0,0.481732,0.332533,0.105737,0.132419,0.246502,0.0,0.0,0.301892,0.0,0.123667,0.0,0.0,0.056501,0.122652,0.323469,0.0,0.0,0.0,0.0,0.395772,0.14054,0.0,0.0,0.0,0.371335,0.0,0.0,0.0,0.015464,0.0,0.099645,0.0,0.358798,0.208434,0.349712,0.094472,0.0,0.0,1.674952,0.0,0.0,0.067276,0.397668,0.076487,0.415102,0.0,0.258118,0.106763,0.04029,0.265162,0.191445,0.0,0.0,0.150035,0.0,0.0,0.042815,0.254932,0.0,0.275411,0.176426,0.022968,0.484907,0.0,0.246198,0.0,0.100526,0.425737,0.064916,0.0,0.330183,0.10372,0.0,0.0,0.0,0.0,0.08996,0.336904,0.0,0.0,0.115724,0.0,0.0,0.0,0.0,0.112911,0.291166,0.0,0.0,0.170998,0.311573,0.0,0.345549,0.500849,0.060874,0.0,0.459993,0.093374,0.0,0.0,0.0,0.0,0.374117,0.0,0.0,0.163979,0.0,0.367844,0.039147,0.108428,0.388725,0.099328,0.0,0.19472,0.0,0.0,0.0,0.0,0.093582,0.0,0.0,0.0,0.239377,0.0,0.0,0.0,0.102555,0.0,0.0,0.084965,0.304468,0.122184,0.380814,0.0,0.13911,0.0,0.0,0.093885,0.0,0.309849,0.0
TCGA-49-4512-01Z-00-DX1.ced0bda8-f2d6-4bcb-b2d6-b122846a3079,0.059683,0.0,0.002419,0.0,0.0,0.024788,0.0,0.0,0.469656,0.055058,0.017262,0.000664,0.0,0.0,0.0,0.069929,0.0,0.117401,0.0,0.0,0.564655,0.0,0.0,0.0,0.0,0.0,0.018413,0.0,0.328802,0.035308,0.0,0.0,0.025821,0.755555,0.0,0.417673,0.455425,0.0,0.0,0.0,0.0,0.469923,0.450854,0.033247,0.0,0.280163,0.140654,0.0,0.0,0.571836,0.0,0.091669,0.081874,1.86201,0.0,0.614107,0.021295,0.0,0.0,0.034646,0.0,1e-06,0.0,0.001942,0.025266,0.465687,0.0,0.035129,0.357175,0.0,0.0,0.0,0.364116,0.01136,0.0,0.000541,0.0,0.0,0.0,0.0,0.0,0.572742,0.005738,0.0,0.0,0.057386,0.0,0.449438,0.013242,0.002478,0.041053,0.1026,0.462709,0.0,0.58939,0.0,0.0,0.0,0.0,0.025272,7e-06,0.0,0.0,0.050034,0.0,0.0,0.0,0.216525,0.018279,0.486248,0.038375,0.0,0.378128,0.0,0.495546,0.0,0.0,0.533524,0.119206,0.0,0.401527,0.0,0.163646,0.0,0.0,0.0,0.528522,0.230234,0.049365,0.0,0.085495,0.0,0.598294,0.455611,0.640181,0.0,0.0,0.011329,0.053819,0.0,0.442364,0.079818,0.479409,0.402198,0.0,0.0,0.0,0.377904,0.0,0.0,0.029431,0.0,0.383799,0.497409,0.005262,0.006133,0.001257,0.054999,0.012462,0.0,0.643797,0.111702,0.0,0.0,0.0,0.000926,0.0,0.0,0.0,0.470451,0.0,0.0,0.048848,0.0,0.0,0.0,0.0,0.0,0.025189,0.553936,0.0,0.0,0.0,0.0,0.0,0.012469,0.367566,0.021089,0.0,0.0,0.0,0.0,0.55498,0.0,0.541209,0.499767,0.005812,0.143335,0.495155,0.0,0.0,0.0,1.785627,0.002597,0.0,0.0,0.461798,1.231909,0.0,0.0,0.120336,0.0,0.0,0.0,0.019154,0.128039,0.0,0.681584,0.0,0.0,0.0,0.053861,0.0,0.041523,0.016401,0.0,0.0,0.0,0.0,0.0,0.425034,0.064805,0.0,0.007156,0.0,0.009762,0.031219,0.003967,0.011258,0.0,0.003122,0.0,0.0,0.0,0.053449,0.473538,0.240117,0.0,0.005561,0.002678,0.359732,0.0,0.015019,0.0,0.0,0.311871,0.0,0.024083,0.0,0.071449,0.0,0.006663,0.0,0.000331,0.100416,0.0,0.0,0.0,0.029616,0.0,0.0,0.03323,0.047006,0.404777,0.512734,0.130636,0.0,0.029545,0.0,0.425676,0.533645,0.553764,0.028726,0.058901,0.0,0.000359,0.490601,0.0,0.018004,0.087314,0.007328,0.118005,0.0,0.0,0.0,0.030693,0.0,0.0,0.005721,0.539332,0.237354,0.451127,0.459854,0.101161,0.0,0.239016,0.0,0.0,2.9e-05,0.130133,0.0,0.239793,0.0,0.0,0.47888,0.0,0.505394,0.0,0.0,0.014464,0.0,0.012836,0.024882,0.395947,0.0,0.091653,0.018985,0.113236,0.0,0.506712,0.003904,0.0,0.534568,0.0,0.371031,0.054058,0.01876,0.0,0.0,0.0,0.382916,0.072775,0.0,0.0,0.0,0.0,0.0,0.004422,0.011477,0.0,0.0,0.0,0.0,0.0,0.01889,0.028069,0.0,0.485474,0.0,0.440935,0.0,0.0,0.087692,0.0,0.409539,0.0,0.067437,0.0,0.49009,0.0,0.0,0.516366,0.30406,0.030742,0.04807,0.371076,0.0,0.0,0.449907,0.0,0.049781,0.0,0.0,0.007442,0.041142,0.511875,0.0,0.0,0.0,0.0,0.551852,0.049773,0.0,0.0,0.0,0.516694,0.0,0.0,0.0,0.00155,0.0,0.036784,0.0,0.533682,0.307598,0.488758,0.019056,0.0,0.0,1.87502,0.0,0.0,0.014762,0.548094,0.020697,0.571721,0.0,0.399917,0.037194,0.003441,0.398177,0.28097,0.0,0.0,0.057462,0.0,0.0,0.008661,0.374829,0.0,0.441886,0.239041,0.005278,0.652082,0.0,0.389871,0.0,0.101194,0.56524,0.011946,0.0,0.481756,0.091685,0.0,0.0,0.0,0.0,0.025135,0.467571,0.0,0.0,0.135958,0.0,0.0,0.0,0.0,0.12094,0.378126,0.0,0.0,0.174459,0.441112,0.0,0.486998,0.635057,0.017718,0.0,0.582025,0.03318,0.0,0.0,0.0,0.0,0.528513,0.0,0.0,0.106833,0.0,0.525383,0.00433,0.032717,0.509961,0.02341,0.0,0.277657,0.0,0.0,0.0,0.0,0.032733,0.0,0.0,0.0,0.357136,0.0,0.0,5.3e-05,0.031005,0.0,0.0,0.14182,0.430672,0.06014,0.522606,0.0,0.076142,0.0,0.0,0.03424,0.0,0.494171,0.0
TCGA-50-5045-01Z-00-DX2.0FCA12EA-572E-4A7D-900D-6E200892170E,0.103498,0.0,0.012613,0.0,0.0,0.068789,0.0,0.0,0.38977,0.107162,0.048429,0.003481,1e-06,0.0,0.0,0.118285,0.0,0.149312,0.0,0.0,0.425292,0.0,0.0,0.0,0.0,0.0,0.05882,0.0,0.269409,0.073025,0.0,0.0,0.053302,0.641875,0.0,0.307914,0.364684,0.0,0.0,0.0,0.0,0.345816,0.352821,0.067833,0.0,0.297571,0.139872,0.0,0.0,0.446811,0.0,0.104585,0.138655,1.691152,1e-05,0.484909,0.048702,0.0,0.0,0.086466,3e-06,1e-06,0.0,0.002501,0.090264,0.367664,0.0,0.08928,0.275593,0.0,0.0,0.0,0.245558,0.031863,0.0,0.000853,0.0,0.0,0.0,0.0,0.0,0.463393,0.030158,0.0,0.0,0.139917,0.0,0.336517,0.047436,0.011724,0.094635,0.105441,0.383214,0.0,0.461576,0.0,0.0,0.0,0.0,0.073154,0.0,0.0,0.0,0.089622,0.0,0.0,0.0,0.244994,0.056097,0.358342,0.085736,0.0,0.266421,1.2e-05,0.37531,0.0,0.0,0.500509,0.129,0.0,0.285418,0.0,0.176054,0.0,0.0,0.0,0.404018,0.205218,0.095004,0.0,0.094202,0.0,0.432019,0.313918,0.499814,0.0,0.0,0.004613,0.046187,0.0,0.329307,0.133554,0.354102,0.303254,0.0,0.0,0.0,0.281383,0.0,0.0,0.063364,0.0,0.283806,0.378748,0.031526,0.011768,0.008628,0.126867,0.033942,0.0,0.513746,0.135705,0.0,0.0,0.0,0.002658,0.0,0.0,0.0,0.39748,0.0,0.0,0.079132,0.0,0.0,0.0,0.0,0.0,0.056659,0.465416,0.0,0.0,0.0,0.0,0.0,0.038346,0.310244,0.060184,0.0,0.0,0.0,0.0,0.425597,0.0,0.415563,0.381034,0.035404,0.145912,0.365847,0.0,0.0,0.0,1.585234,0.0094,0.0,0.0,0.364399,1.099672,0.0,0.0,0.093667,0.0,0.0,0.0,0.010743,0.163572,0.0,0.557294,0.0,0.0,0.0,0.105227,0.0,0.086674,0.050346,0.0,0.0,0.0,0.0,1e-06,0.3516,0.110603,0.0,0.02352,0.0,0.050073,0.088195,0.015847,0.047364,0.0,0.004025,0.0,0.0,0.0,0.089805,0.360945,0.170259,0.0,0.022892,0.009466,0.268901,0.0,0.040757,0.0,0.0,0.263163,0.0,0.057943,0.0,0.124797,0.0,0.024829,0.0,0.000907,0.114829,0.0,0.0,0.0,0.07039,0.0,0.0,0.072092,0.082195,0.310718,0.37367,0.16335,0.0,0.061251,0.0,0.328394,0.41523,0.398887,0.073359,0.095001,0.0,0.000174,0.387865,0.0,0.035095,0.199108,0.031935,0.185344,0.0,2.4e-05,0.0,0.071351,0.0,0.0,0.02942,0.406411,0.176426,0.348318,0.361101,0.115818,0.0,0.2319,0.0,0.0,4.8e-05,0.180773,0.0,0.244303,0.0,0.0,0.36453,0.0,0.404732,0.0,0.0,0.037173,0.0,0.034353,0.058066,0.318919,0.0,0.151095,0.043477,0.172554,0.0,0.39517,0.003828,0.0,0.405406,0.0,0.355916,0.103547,0.044189,0.0,0.0,0.0,0.27736,0.121793,0.0,0.0,0.0,0.0,0.0,0.021256,0.030694,0.0,0.0,0.0,0.0,0.0,0.061106,0.071451,0.0,0.389405,0.0,0.33864,0.0,0.0,0.180024,0.0,0.305304,0.0,0.120357,0.0,0.445454,0.0,0.0,0.426142,0.269405,0.074078,0.096062,0.301854,0.0,0.0,0.325961,0.0,0.085314,0.0,0.0,0.033055,0.098615,0.35766,0.0,0.0,0.0,0.0,0.437701,0.094885,0.0,0.0,0.0,0.407716,0.0,0.0,0.0,0.002694,0.0,0.057269,0.0,0.398404,0.248567,0.376303,0.064806,0.0,0.0,1.683477,0.0,0.0,0.041921,0.438303,0.052889,0.454435,0.0,0.29803,0.060879,0.018267,0.284985,0.194714,0.0,0.0,0.107994,0.0,0.0,0.033353,0.270368,0.0,0.310034,0.193909,0.013089,0.5312,0.0,0.279665,0.0,0.123258,0.434203,0.032747,0.0,0.365292,0.126961,0.0,0.0,0.0,0.0,0.052515,0.352019,0.0,0.0,0.132966,0.0,0.0,0.0,0.0,0.159592,0.292848,0.0,0.0,0.201496,0.347969,0.0,0.383956,0.539843,0.032855,0.0,0.501975,0.070021,0.0,0.0,0.0,0.0,0.405488,0.0,0.0,0.173916,0.0,0.386204,0.025769,0.072534,0.41755,0.066365,0.0,0.234452,0.0,0.0,0.0,0.0,0.055615,0.0,0.0,0.0,0.267981,0.0,0.0,0.0,0.070125,0.0,0.0,0.112571,0.328245,0.101261,0.413653,0.0,0.114369,0.0,0.0,0.073644,0.0,0.342185,0.0
TCGA-69-8453-01Z-00-DX1.C472096B-95BA-42CD-ADEB-326C38F9DC95,0.111695,0.0,0.014609,0.0,0.0,0.070844,0.0,0.0,0.415308,0.106947,0.048876,0.000294,0.0,0.0,0.0,0.110694,0.0,0.121281,0.0,0.0,0.462663,0.0,0.0,0.0,0.0,0.0,0.068588,0.0,0.27779,0.073269,0.0,0.0,0.056997,0.657017,0.0,0.314987,0.368525,0.0,0.0,0.0,0.0,0.346128,0.363263,0.070647,0.0,0.294313,0.108619,0.0,0.0,0.461784,0.0,0.083818,0.09622,1.752014,2e-06,0.487899,0.057853,0.0,0.0,0.081096,0.0,1e-06,0.0,0.007754,0.097932,0.36756,0.0,0.088978,0.289153,0.0,0.0,0.0,0.248897,0.0391,0.0,2.4e-05,0.0,0.0,0.0,0.0,0.0,0.479937,0.032109,0.0,0.0,0.146125,0.0,0.341768,0.045154,0.015327,0.105087,0.107648,0.378331,0.0,0.46656,0.0,0.0,0.0,2e-06,0.085558,0.0,0.0,0.0,0.094733,0.0,0.0,0.0,0.248782,0.062285,0.378805,0.082336,0.0,0.288179,0.0,0.37849,0.0,0.0,0.521353,0.097391,0.0,0.303539,0.0,0.201851,0.0,0.0,0.0,0.426791,0.227435,0.089022,0.0,0.066743,0.0,0.440103,0.323159,0.503691,0.0,0.0,0.001266,0.075129,0.0,0.345648,0.11733,0.372773,0.314206,0.0,0.0,0.0,0.281315,0.0,0.0,0.067854,0.0,0.295058,0.392122,0.041308,0.018934,0.01377,0.131681,0.044334,0.0,0.520021,0.103468,0.0,0.0,0.0,0.00026,0.0,0.0,0.0,0.392996,0.0,0.0,0.083894,0.0,0.0,0.0,0.0,0.0,0.052399,0.465432,0.0,0.0,0.0,0.0,0.0,0.03781,0.308265,0.065995,0.0,0.0,0.0,0.0,0.458506,0.0,0.432826,0.396956,0.036921,0.132452,0.385147,0.0,0.0,0.0,1.642962,0.013811,0.0,0.0,0.370055,1.122188,0.0,0.0,0.093577,0.0,0.0,0.0,0.002831,0.140324,0.0,0.560598,0.0,0.0,0.0,0.108211,0.0,0.094216,0.051139,0.0,0.0,0.0,0.0,0.0,0.343033,0.116437,0.0,0.02787,0.0,0.062761,0.089782,0.024248,0.057099,0.0,0.000454,0.0,0.0,0.0,0.094338,0.358574,0.189192,0.0,0.027433,0.01522,0.270465,0.0,0.048281,0.0,0.0,0.261395,0.0,0.063154,0.0,0.140076,0.0,0.036689,0.0,9.6e-05,0.099648,0.0,0.0,0.0,0.064968,0.0,0.0,0.081005,0.086382,0.322436,0.378449,0.134962,0.0,0.060841,0.0,0.356919,0.431261,0.409364,0.075296,0.096707,0.0,1e-05,0.408722,0.0,0.043866,0.189239,0.033066,0.151508,0.0,0.0,0.0,0.070842,0.0,0.0,0.035368,0.426741,0.186987,0.362144,0.373184,0.089276,0.0,0.198439,0.0,0.0,0.0,0.158512,0.0,0.21855,0.0,0.0,0.37208,0.0,0.428774,0.0,0.0,0.046335,0.0,0.037678,0.062393,0.336441,0.0,0.127509,0.04993,0.164204,0.0,0.418445,0.000465,0.0,0.411556,0.0,0.404126,0.108954,0.051758,0.0,0.0,0.0,0.297381,0.125314,0.0,0.0,0.0,0.0,0.0,0.025967,0.038058,0.0,0.0,0.0,0.0,0.0,0.058991,0.061817,0.0,0.40637,0.0,0.362975,0.0,0.0,0.154906,0.0,0.313055,0.0,0.107251,0.0,0.442968,0.0,0.0,0.462791,0.318124,0.078037,0.100534,0.284301,0.0,0.0,0.338174,0.0,0.087194,0.0,0.0,0.035752,0.094503,0.36281,0.0,0.0,0.0,0.0,0.439596,0.107591,0.0,0.0,0.0,0.408276,0.0,0.0,0.0,0.009295,0.0,0.06376,0.0,0.41563,0.252437,0.399699,0.069466,0.0,0.0,1.743652,0.0,0.0,0.045358,0.441911,0.058296,0.455779,0.0,0.301057,0.070454,0.029513,0.303421,0.220554,0.0,0.0,0.108599,0.0,0.0,0.030097,0.283496,0.0,0.313358,0.192176,0.016451,0.54259,0.0,0.282042,0.0,0.110222,0.446806,0.041472,0.0,0.369421,0.100808,0.0,0.0,0.0,0.0,0.059831,0.376696,0.0,0.0,0.115673,0.0,0.0,0.0,0.0,0.134255,0.31146,0.0,0.0,0.198117,0.355293,0.0,0.386122,0.552398,0.035138,0.0,0.50341,0.063896,0.0,0.0,0.0,0.0,0.419985,0.0,0.0,0.177055,0.0,0.392452,0.02436,0.07381,0.432072,0.0696,0.0,0.207526,0.0,0.0,0.0,0.0,0.061647,0.0,0.0,0.0,0.278448,0.0,0.0,0.0,0.070586,0.0,0.0,0.093134,0.34404,0.115101,0.421841,0.0,0.111723,0.0,0.0,0.067696,0.0,0.359372,0.0
TCGA-49-6745-01Z-00-DX3.40cd3c60-889c-4eaa-be55-36ab5d8b2400,0.138421,0.0,0.020357,0.0,0.0,0.087491,0.0,0.0,0.426584,0.14571,0.070693,6e-05,0.0,0.0,0.0,0.16271,0.0,0.090827,0.0,0.0,0.413766,0.0,0.0,0.0,0.0,0.0,0.073253,0.0,0.180158,0.104925,0.0,0.0,0.083821,0.584595,0.0,0.317586,0.353543,0.0,0.0,0.0,0.0,0.325414,0.338828,0.097679,0.0,0.232374,0.096377,0.0,0.0,0.428867,0.0,0.055091,0.092252,1.701642,0.0,0.460156,0.072842,0.0,0.0,0.098209,0.0,6e-06,0.0,0.005817,0.098874,0.348956,0.0,0.04328,0.197717,0.0,0.0,0.0,0.209929,0.042694,0.0,0.000124,0.0,0.0,0.0,0.0,0.0,0.429986,0.036024,0.0,0.0,0.122924,0.0,0.290414,0.057714,0.013013,0.097055,0.138428,0.336127,0.0,0.437663,0.0,0.0,0.0,0.0,0.083588,3e-06,0.0,0.0,0.127106,0.0,0.0,0.0,0.169084,0.080074,0.376109,0.074667,0.0,0.260813,0.0,0.350732,0.0,0.0,0.437006,0.095994,0.0,0.250088,0.0,0.214841,0.0,0.0,0.0,0.421378,0.156626,0.124322,0.0,0.068096,0.0,0.483688,0.240431,0.456781,0.0,0.0,0.0023,0.078095,0.0,0.30971,0.056851,0.363968,0.279597,0.0,0.0,0.0,0.246004,0.0,0.0,0.082973,0.0,0.246569,0.394767,0.040988,0.028497,0.016635,0.103509,0.052861,0.0,0.482348,0.073066,0.0,0.0,0.0,8.7e-05,0.0,0.0,0.0,0.305995,0.0,0.0,0.021454,0.0,0.0,0.0,0.0,0.0,0.086553,0.423935,0.0,0.0,0.0,0.0,0.0,0.053261,0.228853,0.080534,0.0,0.0,0.0,0.0,0.420941,0.0,0.40517,0.361398,0.040985,0.105077,0.365623,0.0,0.0,0.0,1.546528,0.013479,0.0,0.0,0.356305,1.029506,0.0,0.0,0.126958,0.0,0.0,0.0,0.005241,0.072577,0.0,0.489182,0.0,0.0,0.0,0.129007,0.0,0.110303,0.066297,0.0,0.0,0.0,0.0,0.0,0.306456,0.142266,0.0,0.03701,0.0,0.06266,0.103433,0.020523,0.056279,0.0,0.00032,0.0,0.0,0.0,0.129799,0.347895,0.126754,0.0,0.03451,0.017783,0.216923,0.0,0.061123,0.0,0.0,0.232292,0.0,0.073132,0.0,0.155126,0.0,0.037151,0.0,2.3e-05,0.056148,0.0,0.0,0.0,0.096832,0.0,0.0,0.08893,0.107349,0.292484,0.373704,0.102241,0.0,0.091393,0.0,0.309328,0.40554,0.360854,0.077697,0.131351,0.0,8.8e-05,0.391974,0.0,0.053062,0.181563,0.039239,0.139709,0.0,0.0,0.0,0.09113,0.0,0.0,0.032397,0.41337,0.186312,0.329789,0.352512,0.056837,0.0,0.184425,0.0,0.0,0.000269,0.118056,0.0,0.166509,0.0,0.0,0.340876,0.0,0.378504,0.0,0.0,0.058482,0.0,0.043095,0.072852,0.239532,0.0,0.115897,0.066697,0.131328,0.0,0.410999,0.000412,0.0,0.394405,0.0,0.368962,0.130958,0.057984,0.0,0.0,0.0,0.226881,0.117055,0.0,0.0,0.0,0.0,0.0,0.026844,0.044111,0.0,0.0,0.0,0.0,0.0,0.077135,0.091627,0.0,0.363392,0.0,0.328845,0.0,0.0,0.102363,0.0,0.276916,0.0,0.143521,0.0,0.379087,0.0,0.0,0.461577,0.303177,0.094897,0.131468,0.231126,0.0,0.0,0.211473,0.0,0.124833,0.0,0.0,0.047368,0.114242,0.325297,0.0,0.0,0.0,0.0,0.426604,0.127952,0.0,0.0,0.0,0.400131,0.0,0.0,0.0,0.006237,0.0,0.092052,0.0,0.355447,0.166904,0.356118,0.071579,0.0,0.0,1.666648,0.0,0.0,0.057766,0.416451,0.067548,0.418033,0.0,0.247127,0.06156,0.01925,0.279944,0.194049,0.0,0.0,0.142106,0.0,0.0,0.036686,0.280762,0.0,0.236393,0.182748,0.012677,0.472923,0.0,0.237358,0.0,0.080073,0.461423,0.042224,0.0,0.303537,0.120016,0.0,0.0,0.0,0.0,0.081524,0.352869,0.0,0.0,0.103734,0.0,0.0,0.0,0.0,0.077591,0.298348,0.0,0.0,0.124278,0.319613,0.0,0.388917,0.504758,0.051312,0.0,0.457646,0.094834,0.0,0.0,0.0,0.0,0.388248,0.0,0.0,0.097937,0.0,0.408666,0.025624,0.10385,0.393861,0.088652,0.0,0.202768,0.0,0.0,0.0,0.0,0.089878,0.0,0.0,0.0,0.223938,0.0,0.0,1e-06,0.088101,0.0,0.0,0.078294,0.323573,0.081964,0.4129,0.0,0.118063,0.0,0.0,0.103672,0.0,0.295702,0.0
TCGA-86-8076-01Z-00-DX1.e7378b2f-e20e-4d2f-a86c-3a8ead08a385,0.254145,0.0,0.022609,0.0,0.0,0.162425,0.0,0.0,0.34019,0.253678,0.139697,9.8e-05,0.0,0.0,0.0,0.257756,0.0,0.126887,0.0,0.0,0.307473,0.0,0.0,0.0,0.0,0.0,0.122846,0.0,0.089995,0.174912,0.0,0.0,0.153782,0.462107,0.0,0.231065,0.241105,0.0,0.0,0.0,0.0,0.194169,0.219915,0.181556,0.0,0.162735,0.1424,0.0,0.0,0.326215,0.0,0.100086,0.119097,1.660912,0.0,0.332714,0.13704,0.0,0.0,0.188502,0.0,0.0,0.0,0.004964,0.107027,0.261198,0.0,0.087147,0.083545,0.0,0.0,0.0,0.080152,0.108153,0.0,0.000915,0.0,0.0,0.0,0.0,0.0,0.340629,0.074954,0.0,0.0,0.190924,0.0,0.136756,0.111395,0.048138,0.181675,0.165056,0.28908,0.0,0.315642,0.0,0.0,0.0,0.0,0.15645,0.0,0.0,0.0,0.223396,0.0,0.0,0.0,0.137671,0.137368,0.300896,0.10173,0.0,0.135092,0.0,0.216714,0.0,0.0,0.300006,0.161942,0.0,0.117535,0.0,0.157513,0.0,0.0,0.0,0.34091,0.081327,0.226176,0.0,0.102055,0.0,0.405166,0.098542,0.306031,0.0,0.0,0.002149,0.058788,0.0,0.177214,0.081075,0.308001,0.159031,0.0,0.0,0.0,0.103772,0.0,0.0,0.173566,0.0,0.106936,0.318421,0.110658,0.070317,0.016317,0.145333,0.115862,0.0,0.340505,0.129343,0.0,0.0,0.0,7e-05,0.0,0.0,0.0,0.198106,0.0,0.0,0.031146,0.0,0.0,0.0,0.0,0.0,0.141456,0.328214,0.0,0.0,0.0,0.0,0.0,0.12423,0.1234,0.147269,0.0,0.0,0.0,0.0,0.315067,0.0,0.29141,0.234941,0.064081,0.139029,0.243296,0.0,0.0,0.0,1.412795,0.014278,0.0,0.0,0.281412,0.898496,0.0,0.0,0.127637,0.0,0.0,0.0,0.005115,0.098883,0.0,0.352984,0.0,0.0,0.0,0.238771,0.0,0.219418,0.133794,0.0,0.0,0.0,0.0,0.0,0.263683,0.278192,0.0,0.090333,0.0,0.078146,0.182717,0.051905,0.119446,0.0,0.000221,0.0,0.0,0.0,0.234244,0.266276,0.045169,0.0,0.077762,0.051698,0.091623,0.0,0.133735,0.0,0.0,0.243839,0.0,0.1571,0.0,0.288658,0.0,0.083981,0.0,3.1e-05,0.089817,0.0,0.0,0.0,0.164757,0.0,0.0,0.182579,0.204289,0.173432,0.291739,0.141866,0.0,0.168165,0.0,0.193846,0.314756,0.183715,0.142098,0.253421,0.0,8.2e-05,0.285318,0.0,0.130878,0.252797,0.093794,0.221919,0.0,0.0,0.0,0.180787,0.0,0.0,0.07253,0.322032,0.159007,0.221228,0.243161,0.106257,1e-06,0.191258,0.0,0.0,0.000127,0.180957,0.0,0.179252,0.0,0.0,0.226615,0.0,0.269801,0.0,0.0,0.122667,0.0,0.108938,0.159987,0.125274,0.0,0.148582,0.141511,0.200389,0.0,0.320412,0.000294,0.0,0.300293,0.0,0.304859,0.220744,0.131252,0.0,0.0,0.0,0.090136,0.229415,0.0,0.0,0.0,0.0,0.0,0.058096,0.099986,0.0,0.0,1e-06,0.0,0.0,0.129715,0.161344,0.0,0.238069,0.0,0.219943,0.0,0.0,0.129151,0.0,0.124716,0.0,0.246485,0.0,0.329608,0.0,0.0,0.349408,0.229224,0.187993,0.217886,0.11671,0.0,0.0,0.081752,0.0,0.223021,0.0,0.0,0.076477,0.203961,0.149624,0.0,0.0,0.0,0.0,0.323455,0.202828,0.0,0.0,0.0,0.310395,0.0,0.0,0.0,0.017004,0.0,0.182838,0.0,0.179696,0.083519,0.24041,0.150019,0.0,0.0,1.563171,0.0,0.0,0.116144,0.342412,0.142167,0.318494,0.0,0.102443,0.048716,0.056929,0.152492,0.103764,0.0,0.0,0.253666,0.0,1e-05,0.079521,0.173603,0.0,0.09009,0.168953,0.019359,0.307117,0.0,0.09492,0.0,0.135938,0.357965,0.112022,0.0,0.152046,0.133429,0.0,0.0,0.0,0.0,0.159746,0.284755,0.0,9.9e-05,0.192829,0.0,0.0,0.0,0.0,0.079746,0.218734,0.0,0.0,0.094289,0.217908,0.0,0.278792,0.438395,0.124743,0.0,0.379409,0.175974,0.0,0.0,0.0,0.0,0.273767,0.0,0.0,0.119334,0.0,0.310269,0.060694,0.174999,0.321318,0.15075,0.0,0.255329,0.0,0.0,0.0,0.0,0.179771,0.0,0.0,0.0,0.095307,0.0,0.0,0.0,0.173886,0.0,0.0,0.153289,0.20381,0.117002,0.301785,0.0,0.23519,0.0,0.0,0.183978,0.0,0.135955,0.0
TCGA-44-6776-01Z-00-DX1.551e200f-5f40-4b95-8b2f-7c6000a21be0,0.057885,0.0,0.007752,0.0,0.0,0.044641,0.0,0.0,0.425017,0.050444,0.026598,0.001331,0.0,0.0,0.0,0.073647,0.0,0.066038,0.0,0.0,0.496645,0.0,0.0,0.0,0.0,0.0,0.02772,0.0,0.286566,0.039636,0.0,0.0,0.025743,0.676844,0.0,0.346943,0.393227,0.0,0.0,0.0,0.0,0.390473,0.385376,0.03635,0.0,0.255052,0.066288,0.0,0.0,0.494893,0.0,0.047295,0.059155,1.695201,0.0,0.528595,0.029854,0.0,0.0,0.044162,0.0,2e-06,0.0,0.003594,0.057714,0.393216,0.0,0.03651,0.312425,0.0,0.0,0.0,0.288067,0.015698,0.0,0.000234,0.0,0.0,0.0,0.0,0.0,0.481627,0.012229,0.0,0.0,0.095115,0.0,0.38753,0.024419,0.004306,0.054852,0.088619,0.364541,0.0,0.500069,0.0,0.0,0.0,0.0,0.04691,0.0,0.0,0.0,0.05684,0.0,0.0,0.0,0.203713,0.03383,0.39345,0.046348,0.0,0.321774,0.0,0.421436,0.0,0.0,0.536646,0.082155,0.0,0.348668,0.0,0.250068,0.0,0.0,0.0,0.445345,0.222574,0.054595,0.0,0.03048,0.0,0.489618,0.381522,0.550185,0.0,0.0,0.005044,0.100376,0.0,0.372063,0.068736,0.381791,0.3513,0.0,0.0,0.0,0.317551,0.0,0.0,0.031296,0.0,0.349834,0.406365,0.020571,0.011771,0.007367,0.074825,0.019806,0.0,0.556347,0.062132,0.0,0.0,0.0,0.001631,0.0,0.0,0.0,0.413009,0.0,0.0,0.038035,0.0,0.0,0.0,0.0,0.0,0.021952,0.481346,0.0,0.0,0.0,0.0,0.0,0.019256,0.311947,0.041482,0.0,0.0,0.0,0.0,0.482749,0.0,0.460155,0.431647,0.014927,0.074679,0.417051,0.0,0.0,0.0,1.64665,0.007329,0.0,0.0,0.376754,1.12796,0.0,0.0,0.099567,0.0,0.0,0.0,0.007558,0.100525,0.0,0.595378,0.0,0.0,0.0,0.061734,0.0,0.053138,0.026639,0.0,0.0,0.0,0.0,0.0,0.324999,0.05762,0.0,0.013331,0.0,0.034717,0.057001,0.009732,0.029734,0.0,0.003169,0.0,0.0,0.0,0.046505,0.373756,0.195337,0.0,0.0123,0.004588,0.30518,0.0,0.023469,0.0,0.0,0.230326,0.0,0.027911,0.0,0.067464,0.0,0.012257,0.0,0.000461,0.056436,0.0,0.0,0.0,0.032483,0.0,0.0,0.040037,0.056296,0.353965,0.397843,0.098693,0.0,0.033585,0.0,0.370424,0.452175,0.443951,0.049077,0.060031,0.0,0.000249,0.421038,0.0,0.033231,0.136199,0.0153,0.103882,0.0,0.0,0.0,0.041664,0.0,0.0,0.021095,0.453745,0.193003,0.386951,0.398152,0.053686,0.0,0.159103,0.0,0.0,0.0,0.099109,0.0,0.17532,0.0,0.0,0.401906,0.0,0.454063,0.0,0.0,0.025176,0.0,0.013912,0.028881,0.337154,0.0,0.090585,0.029545,0.107207,0.0,0.426634,0.00341,0.0,0.438854,0.0,0.387308,0.060768,0.024131,0.0,0.0,0.0,0.325754,0.06656,0.0,0.0,0.0,0.0,0.0,0.014205,0.012353,0.0,0.0,0.0,0.0,0.0,0.028632,0.036476,0.0,0.428512,0.0,0.382655,0.0,0.0,0.096904,0.0,0.354519,0.0,0.069704,0.0,0.40603,0.0,0.0,0.544393,0.371041,0.043089,0.053679,0.286837,0.0,0.0,0.401126,0.0,0.046889,0.0,0.0,0.023391,0.054951,0.440653,0.0,0.0,0.0,0.0,0.462544,0.068819,0.0,0.0,0.0,0.44285,0.0,0.0,0.0,0.001879,0.0,0.038642,0.0,0.471987,0.24232,0.416423,0.039396,0.0,0.0,1.738142,0.0,0.0,0.018987,0.463931,0.026286,0.493427,0.0,0.344995,0.100685,0.010129,0.343387,0.248751,0.0,0.0,0.063215,0.0,0.0,0.011023,0.304226,0.0,0.388287,0.172663,0.017258,0.597895,0.0,0.334548,0.0,0.060693,0.489503,0.014142,0.0,0.407499,0.099715,0.0,0.0,0.0,0.0,0.031315,0.390232,0.0,0.0,0.070363,0.0,0.0,0.0,0.0,0.0892,0.3369,0.0,0.0,0.14307,0.385946,0.0,0.407323,0.5419,0.019234,0.0,0.493921,0.03458,0.0,0.0,0.0,0.0,0.442419,0.0,0.0,0.118387,0.0,0.441761,0.008963,0.041328,0.453092,0.037766,0.0,0.183608,0.0,0.0,0.0,0.0,0.031409,0.0,0.0,0.0,0.327687,0.0,0.0,0.0,0.035787,0.0,0.0,0.052966,0.380064,0.070768,0.447327,0.0,0.066044,0.0,0.0,0.033755,0.0,0.412968,0.0
TCGA-S2-AA1A-01Z-00-DX1.4B5D5FAE-8305-4D2D-B245-584589352886,0.06677,0.0,0.005216,0.0,0.0,0.042633,0.0,0.0,0.421413,0.061279,0.027504,0.000575,0.0,0.0,0.0,0.076149,0.0,0.097637,0.0,0.0,0.509396,0.0,0.0,0.0,0.0,0.0,0.033285,0.0,0.308979,0.039474,0.0,0.0,0.029306,0.698775,0.0,0.347036,0.398248,0.0,1e-06,0.0,0.0,0.39428,0.390328,0.04299,0.0,0.274722,0.092441,0.0,0.0,0.512327,0.0,0.075597,0.077093,1.741728,2e-05,0.524454,0.030875,0.0,0.0,0.044533,0.0,3e-06,0.0,0.002534,0.05744,0.399047,0.0,0.068396,0.329716,0.0,0.0,0.0,0.289809,0.022575,0.0,0.000253,0.0,0.0,0.0,0.0,0.0,0.506776,0.014257,0.0,0.0,0.103098,0.0,0.391184,0.023994,0.006241,0.067563,0.086516,0.396162,0.0,0.501392,0.0,0.0,0.0,5e-06,0.054857,0.0,0.0,0.0,0.058237,0.0,0.0,0.0,0.232242,0.037763,0.40523,0.053854,0.0,0.321716,0.0,0.418881,0.0,0.0,0.540275,0.094209,0.0,0.353267,0.0,0.203944,0.0,0.0,0.0,0.44666,0.234802,0.055856,0.0,0.049026,0.0,0.462538,0.391211,0.552238,0.0,0.0,0.001889,0.074778,0.0,0.372651,0.093173,0.397238,0.356646,0.0,0.0,0.0,0.31842,0.0,0.0,0.039169,3e-06,0.347235,0.411868,0.02449,0.012303,0.0076,0.090299,0.025312,0.0,0.563024,0.087567,0.0,0.0,0.0,0.000527,0.0,0.0,0.0,0.43265,0.0,4e-06,0.073498,0.0,0.0,0.0,0.0,0.0,0.026231,0.494511,0.0,0.0,0.0,0.0,0.0,0.021016,0.334867,0.041876,0.0,0.0,0.0,0.0,0.495101,0.0,0.472277,0.437424,0.017822,0.110413,0.410809,0.0,0.0,0.0,1.678263,0.005966,0.0,0.0,0.390001,1.153837,0.0,0.0,0.088729,0.0,0.0,0.0,0.005158,0.135413,0.0,0.613985,0.0,0.0,0.0,0.070097,8.5e-05,0.06369,0.030875,0.0,0.0,0.0,0.0,0.0,0.366398,0.073102,0.0,0.015277,0.0,0.03176,0.055763,0.013573,0.031761,0.0,0.000657,0.0,0.0,0.0,0.052798,0.380974,0.209767,0.0,0.016299,0.007452,0.308894,0.0,0.030045,0.0,0.0,0.273452,0.0,0.037663,0.0,0.082974,0.0,0.016506,0.0,0.000184,0.083323,0.0,0.0,0.0,0.036509,0.0,0.0,0.05094,0.05692,0.356607,0.415673,0.121332,0.0,0.03672,0.0,0.382966,0.46484,0.463897,0.043759,0.066937,0.0,1.5e-05,0.430253,0.0,0.032435,0.142193,0.018757,0.115842,0.0,0.0,0.0,0.047845,0.0,0.0,0.017294,0.460052,0.198283,0.403362,0.400121,0.080092,0.0,0.19645,0.0,0.0,0.0,0.1335,0.0,0.211028,3e-05,0.0,0.413826,0.0,0.466556,0.0,0.0,0.026188,0.0,0.021048,0.036619,0.358801,0.0,0.117097,0.030848,0.135906,0.0,0.436416,0.00057,0.0,0.452137,0.0,0.393108,0.062186,0.031237,0.0,0.0,0.0,0.339038,0.087192,0.0,0.0,0.0,0.0,0.0,0.015325,0.019475,0.0,0.0,0.0,0.0,0.0,0.028082,0.034289,0.0,0.440945,0.0,0.388583,0.0,0.0,0.127648,0.0,0.351049,0.0,0.07263,0.0,0.447126,0.0,0.0,0.497799,0.340324,0.045068,0.061331,0.304621,0.0,0.0,0.423425,0.0,0.052473,0.0,0.0,0.018332,0.058335,0.432694,0.0,0.0,0.0,0.0,0.464105,0.067555,0.0,0.0,0.0,0.449151,0.0,0.0,0.0,0.002666,0.0,0.039306,0.0,0.473258,0.271077,0.436048,0.045466,0.0,0.0,1.768866,0.0,0.0,0.026252,0.465795,0.032698,0.501036,0.0,0.345738,0.080262,0.01352,0.338969,0.246645,0.0,0.0,0.066088,0.0,0.0,0.013607,0.30036,0.0,0.392311,0.203289,0.014126,0.603057,0.0,0.323274,0.0,0.086787,0.476854,0.021691,0.0,0.420714,0.09942,0.0,0.0,0.0,0.0,0.040872,0.400832,0.0,0.0,0.098921,0.0,0.0,0.0,0.0,0.118255,0.337694,0.0,0.0,0.181442,0.390893,0.0,0.417979,0.575677,0.02136,0.0,0.519734,0.034546,0.0,0.0,0.0,0.0,0.454854,0.0,0.0,0.14596,0.0,0.422881,0.010957,0.045215,0.466883,0.041226,0.0,0.226662,0.0,0.0,2e-06,0.0,0.03711,0.0,0.0,0.0,0.332109,0.0,0.0,0.0,0.045378,0.0,0.0,0.084765,0.377372,0.086768,0.442289,0.0,0.073162,0.0,0.0,0.037441,0.0,0.417063,0.0
TCGA-71-8520-01Z-00-DX1.EAE99132-A397-4B4D-8B09-CBB774A7B62F,0.061555,0.0,0.004304,0.0,0.0,0.040882,0.0,0.0,0.399111,0.054796,0.02521,0.002139,0.0,0.0,0.0,0.058942,0.0,0.133897,0.0,0.0,0.511652,0.0,0.0,0.0,0.0,0.0,0.033443,0.0,0.347775,0.031562,0.0,0.0,0.023514,0.73775,0.0,0.338756,0.405538,0.0,0.0,0.0,0.0,0.405986,0.402926,0.03355,0.0,0.309433,0.142404,0.0,0.0,0.521186,0.0,0.108402,0.11196,1.768324,0.0,0.5468,0.02747,0.0,0.0,0.040872,0.0,0.0,0.0,0.002027,0.046207,0.415119,0.0,0.065694,0.353965,0.0,0.0,0.0,0.305939,0.016459,0.0,0.000177,0.0,0.0,0.0,0.0,0.0,0.543743,0.011063,0.0,0.0,0.112737,0.0,0.412087,0.020848,0.005757,0.066291,0.078085,0.431442,0.0,0.516898,0.0,0.0,0.0,0.0,0.051003,0.0,0.0,0.0,0.047426,0.0,0.0,0.0,0.264065,0.025779,0.408832,0.047678,0.0,0.331578,1.2e-05,0.430359,0.0,0.0,0.543069,0.143196,0.0,0.37168,0.0,0.142784,0.0,0.0,0.0,0.452574,0.240895,0.044864,0.0,0.083476,0.0,0.463916,0.411744,0.57737,0.0,0.0,0.002762,0.041454,0.0,0.387874,0.136545,0.404658,0.36015,0.0,0.0,0.0,0.337198,0.0,0.0,0.033309,0.0,0.351757,0.43419,0.01924,0.008165,0.004491,0.089022,0.015766,0.0,0.579063,0.13941,0.0,0.0,0.0,0.001965,0.0,0.0,0.0,0.462534,0.0,0.0,0.092385,0.0,0.0,0.0,0.0,0.0,0.021318,0.535564,0.0,0.0,0.0,0.0,0.0,0.019103,0.372151,0.030184,0.0,0.0,0.0,0.0,0.498953,0.0,0.476187,0.453004,0.013057,0.149411,0.414704,0.0,0.0,0.0,1.725715,0.003886,0.0,0.0,0.396099,1.209892,0.0,0.0,0.093682,0.0,0.0,0.0,0.008469,0.180482,0.0,0.638152,0.0,0.0,0.0,0.056884,0.0,0.051893,0.022636,0.0,0.0,0.0,0.0,0.0,0.412046,0.061659,0.0,0.012068,0.0,0.022558,0.05094,0.009952,0.024343,0.0,0.002885,0.0,0.0,0.0,0.047611,0.395356,0.231806,0.0,0.01245,0.005952,0.332189,0.0,0.021459,0.0,0.0,0.302777,0.0,0.03542,0.0,0.091629,0.0,0.015563,0.0,0.000551,0.115062,0.0,0.0,0.0,0.026858,0.0,0.0,0.040951,0.043254,0.36321,0.421273,0.16524,0.0,0.028135,0.0,0.395631,0.473941,0.474768,0.041329,0.054812,0.0,0.000167,0.445929,0.0,0.023225,0.155859,0.014245,0.156472,0.0,5e-05,0.0,0.04132,0.0,0.0,0.016256,0.47294,0.198571,0.414823,0.408045,0.120401,0.0,0.238548,0.0,0.0,0.0,0.179514,0.0,0.25901,0.0,0.0,0.429683,0.0,0.475361,0.0,0.0,0.027005,0.0,0.015115,0.032193,0.388685,0.0,0.132532,0.025111,0.169716,0.0,0.442599,0.002514,0.0,0.467662,0.0,0.355676,0.053636,0.025098,0.0,0.0,0.0,0.351399,0.103688,0.0,0.0,0.0,0.0,0.0,0.009634,0.016565,0.0,0.0,5e-06,0.0,0.0,0.028246,0.031416,0.0,0.453437,0.0,0.40288,0.0,0.0,0.169226,0.0,0.374335,0.0,0.058431,0.0,0.488231,0.0,0.0,0.452402,0.274213,0.042233,0.048343,0.34836,0.0,0.0,0.469785,0.0,0.042853,0.0,0.0,0.017302,0.053574,0.449678,0.0,0.0,0.0,0.0,0.474359,0.055826,0.0,0.0,0.0,0.453895,0.0,0.0,0.0,0.002282,0.0,0.033539,0.0,0.490166,0.303092,0.441726,0.037719,0.0,0.0,1.810918,0.0,0.0,0.020286,0.484145,0.027772,0.525133,0.0,0.370155,0.039648,0.01078,0.339178,0.238541,0.0,0.0,0.052606,0.0,0.0,0.011161,0.306761,0.0,0.413411,0.20623,0.008031,0.631213,0.0,0.354094,0.0,0.120997,0.474082,0.016934,0.0,0.448358,0.097306,0.0,0.0,0.0,0.0,0.030998,0.410299,0.0,0.0,0.143606,2e-06,0.0,0.0,0.0,0.15795,0.317723,0.0,0.0,0.211708,0.404085,0.0,0.397954,0.607141,0.017325,0.0,0.564121,0.033267,0.0,0.0,0.0,0.0,0.462286,0.0,0.0,0.17444,0.0,0.43108,0.009317,0.033736,0.474378,0.032985,0.0,0.260174,0.0,0.0,0.0,0.0,0.028324,0.0,0.0,0.0,0.346003,0.0,0.0,0.0,0.039697,0.0,0.0,0.132793,0.385274,0.089254,0.446096,0.0,0.085761,0.0,0.0,0.031129,0.0,0.435479,0.0
TCGA-93-A4JO-01Z-00-DX1.314C53B6-603C-402B-8CF7-E3CE851A0A0F,0.233234,0.0,0.034625,0.0,0.0,0.146679,0.0,0.0,0.339776,0.222766,0.120104,0.000762,0.0,0.0,0.0,0.219479,0.0,0.147804,0.0,0.0,0.308521,0.0,0.0,0.0,0.0,0.0,0.133619,0.0,0.156805,0.156508,0.0,0.0,0.137525,0.507884,0.0,0.219458,0.256424,0.0,0.0,0.0,0.0,0.208088,0.239956,0.161727,0.0,0.221332,0.147198,0.0,0.0,0.331301,0.0,0.12249,0.13794,1.651385,3e-06,0.352509,0.12464,0.0,0.0,0.17214,0.0,0.0,0.0,0.011948,0.1342,0.261375,0.0,0.115209,0.134599,0.0,0.0,0.0,0.118623,0.105336,0.0,8.8e-05,0.0,0.0,0.0,0.0,0.0,0.353796,0.080502,0.0,0.0,0.216704,0.0,0.183419,0.104076,0.052019,0.186923,0.146839,0.320775,0.0,0.336932,0.0,0.0,0.0,0.0,0.14935,0.0,0.0,0.0,0.199611,0.0,0.0,0.0,0.199447,0.132603,0.281926,0.136207,0.0,0.154091,0.0,0.224151,0.0,0.0,0.374658,0.149513,0.0,0.158622,0.0,0.162058,0.0,0.0,0.0,0.326736,0.124197,0.190921,0.0,0.106045,0.0,0.368229,0.156592,0.331585,0.0,0.0,0.00193,0.058522,0.0,0.206714,0.140753,0.295051,0.181105,0.0,0.0,0.0,0.15411,0.0,0.0,0.156339,0.0,0.144701,0.314047,0.089263,0.056706,0.022998,0.181779,0.109015,0.0,0.364785,0.151403,0.0,0.0,0.0,0.000657,0.0,0.0,0.0,0.26743,0.0,0.0,0.081012,0.0,0.0,0.0,0.0,0.0,0.130062,0.340429,0.0,0.0,0.0,0.0,0.0,0.104973,0.186462,0.137596,0.0,0.0,0.0,0.0,0.325428,0.0,0.299837,0.254427,0.079848,0.163234,0.255823,0.0,0.0,0.0,1.445745,0.028641,0.0,0.0,0.288394,0.94936,0.0,0.0,0.095418,0.0,0.0,0.0,0.004527,0.158248,0.0,0.396105,0.0,0.0,0.0,0.211895,0.0,0.189082,0.122265,0.0,0.0,0.0,0.0,0.0,0.282641,0.247222,0.0,0.07417,0.0,0.107587,0.170563,0.061051,0.122141,0.0,0.001133,0.0,0.0,0.0,0.204267,0.26863,0.077049,0.0,0.070352,0.053673,0.138178,0.0,0.118678,0.0,0.0,0.251063,0.0,0.143949,0.0,0.248314,0.0,0.086323,0.0,0.000247,0.123387,0.0,0.0,0.0,0.146547,0.0,0.0,0.167434,0.194233,0.197354,0.289584,0.159116,0.0,0.14813,0.0,0.228527,0.314933,0.227621,0.14411,0.209643,0.0,5.1e-05,0.285709,0.0,0.108821,0.267367,0.087152,0.235833,0.0,0.0,0.0,0.162994,0.0,0.0,0.087706,0.311327,0.143046,0.232112,0.258283,0.130977,0.0,0.201711,0.0,0.0,1e-06,0.209825,0.0,0.210156,0.0,0.0,0.248386,0.0,0.293336,0.0,0.0,0.100789,0.0,0.104822,0.143792,0.188483,0.0,0.145241,0.115286,0.225116,0.0,0.308659,0.001117,0.0,0.295364,0.0,0.340613,0.207668,0.125391,0.0,0.0,0.0,0.143892,0.215433,0.0,0.0,0.0,0.0,0.0,0.062866,0.097533,0.0,0.0,0.0,0.0,0.0,0.128204,0.146462,0.0,0.262328,0.0,0.239724,0.0,0.0,0.17669,0.0,0.162594,0.0,0.223492,0.0,0.384352,0.0,0.0,0.350019,0.245518,0.166704,0.20741,0.186847,0.0,0.0,0.150435,0.0,0.196433,0.0,0.0,0.084345,0.195979,0.184471,0.0,0.0,0.0,0.0,0.325606,0.199038,0.0,0.0,0.0,0.305937,0.0,0.0,0.0,0.022826,0.0,0.147789,0.0,0.223631,0.143599,0.264938,0.140548,0.0,0.0,1.577595,0.0,0.0,0.108131,0.344346,0.140972,0.332814,0.0,0.153312,0.07236,0.072997,0.176753,0.11214,0.0,0.0,0.232135,0.0,0.0,0.087042,0.183144,0.0,0.14126,0.161436,0.030677,0.357032,0.0,0.139986,0.0,0.149837,0.343233,0.111323,0.0,0.211022,0.119055,0.0,0.0,0.0,0.0,0.126943,0.28274,0.0,0.0,0.194091,0.0,0.0,0.0,0.0,0.122989,0.22925,0.0,0.0,0.156799,0.242572,0.0,0.289255,0.452981,0.109017,0.0,0.409139,0.144518,0.0,0.0,0.0,0.0,0.290097,0.0,0.0,0.185256,0.0,0.294032,0.067804,0.15669,0.319596,0.138972,0.0,0.242696,0.0,0.0,0.0,0.0,0.15288,0.0,0.0,0.0,0.135607,0.0,0.0,0.0,0.169044,0.0,0.0,0.150321,0.22019,0.151664,0.307402,0.0,0.220385,0.0,0.0,0.161086,0.0,0.184078,0.0
TCGA-86-A4P8-01Z-00-DX1.D65E8855-F7A1-4584-A501-BBFBC61C2DEB,0.220675,0.0,0.042632,0.0,0.0,0.148164,0.0,0.0,0.335999,0.217254,0.116692,0.014229,0.0,0.0,0.0,0.222216,0.0,0.156756,0.0,0.0,0.306929,0.0,0.0,0.0,0.0,0.0,0.134113,0.0,0.164241,0.158277,0.0,0.0,0.130591,0.511378,0.0,0.225498,0.256858,0.0,0.0,0.0,0.0,0.218172,0.235975,0.16422,0.0,0.248244,0.1463,0.0,0.0,0.331236,0.0,0.110542,0.165779,1.619178,5.8e-05,0.347726,0.116149,0.0,0.0,0.173309,1e-06,1e-06,0.0,0.016202,0.166641,0.257949,0.0,0.126879,0.144854,0.0,0.0,0.0,0.123489,0.092324,0.0,0.00267,0.0,0.0,0.0,0.0,0.0,0.356915,0.085958,0.0,0.0,0.215316,0.0,0.187482,0.101992,0.040511,0.184336,0.141918,0.300214,0.0,0.32959,0.0,0.0,0.0,0.0,0.156033,0.0,0.0,0.0,0.187697,0.0,0.0,0.0,0.210215,0.13256,0.269473,0.149933,0.0,0.152628,2e-06,0.243641,0.0,0.0,0.388791,0.143624,0.0,0.153346,0.0,0.187809,0.0,0.0,0.0,0.312009,0.132498,0.194746,0.0,0.122976,0.0,0.34739,0.148685,0.349342,0.0,0.0,0.009967,0.080647,0.0,0.217891,0.14226,0.27294,0.186897,0.0,0.0,0.0,0.158983,0.0,0.0,0.148472,0.0,0.149058,0.283801,0.094494,0.053198,0.038962,0.187145,0.099249,0.0,0.379141,0.147636,0.0,0.0,0.0,0.01134,0.0,0.0,0.0,0.278342,0.0,0.0,0.080057,0.0,0.0,0.0,0.0,0.0,0.129453,0.351431,0.0,0.0,0.0,0.0,0.0,0.097244,0.209149,0.135134,0.0,0.0,0.0,0.0,0.314655,0.0,0.289114,0.260625,0.084366,0.159582,0.263457,0.0,0.0,0.0,1.426193,0.033421,0.0,0.0,0.272253,0.943514,0.0,0.0,0.096797,0.0,0.0,0.0,0.015497,0.147119,0.0,0.405822,0.0,0.0,0.0,0.206685,0.0,0.177355,0.114569,0.0,0.0,0.0,0.0,0.0,0.276298,0.225169,0.0,0.072996,0.0,0.11992,0.173773,0.056182,0.115876,0.0,0.016973,0.0,0.0,0.0,0.203949,0.268995,0.086106,0.0,0.071787,0.047853,0.135763,0.0,0.102356,0.0,0.0,0.213761,0.0,0.131001,0.0,0.239901,0.0,0.079579,0.0,0.004813,0.127112,0.0,0.0,0.0,0.151191,0.0,0.0,0.155288,0.171642,0.194231,0.276394,0.172582,0.0,0.139298,0.0,0.217445,0.314394,0.244222,0.147197,0.188419,0.0,0.000153,0.282277,0.0,0.101079,0.282146,0.086862,0.22283,0.0,3e-06,0.0,0.151491,0.0,0.0,0.081808,0.312487,0.133386,0.24331,0.249728,0.124867,0.0,0.200853,0.0,0.0,1.1e-05,0.203163,0.0,0.207767,0.0,0.0,0.24535,0.0,0.290104,0.0,0.0,0.100423,0.0,0.090752,0.136974,0.211107,0.0,0.164538,0.1162,0.227954,0.0,0.306304,0.014224,0.0,0.302741,0.0,0.331368,0.210356,0.122462,0.0,0.0,0.0,0.143066,0.206879,0.0,0.0,0.0,0.0,0.0,0.064806,0.086264,0.0,0.0,1e-06,0.0,0.0,0.135349,0.154256,0.0,0.2607,0.0,0.238323,0.0,0.0,0.19847,0.0,0.17716,0.0,0.217556,0.0,0.371066,0.0,0.0,0.379257,0.262306,0.162813,0.197681,0.201133,0.0,0.0,0.162803,0.0,0.188464,0.0,0.0,0.088437,0.194797,0.214037,0.0,0.0,0.0,0.0,0.315472,0.193578,0.0,0.0,0.0,0.302562,0.0,0.0,0.0,0.016348,0.0,0.142669,0.0,0.243551,0.160341,0.25872,0.14211,0.0,0.0,1.550101,0.0,0.0,0.110317,0.33618,0.122053,0.325663,0.0,0.162268,0.095529,0.067318,0.181207,0.114454,0.0,0.0,0.219698,0.0,0.0,0.085306,0.198255,0.0,0.148148,0.157719,0.026718,0.364944,0.0,0.149606,0.0,0.148621,0.339611,0.097682,0.0,0.22134,0.129253,0.0,0.0,0.0,0.0,0.130921,0.268214,0.0,0.0,0.178962,3e-06,0.0,0.0,2e-06,0.131343,0.228402,0.0,0.0,0.182458,0.226716,0.0,0.280202,0.440775,0.099014,0.0,0.410441,0.153053,0.0,0.0,0.0,0.0,0.292836,0.0,0.0,0.194263,0.0,0.293163,0.07955,0.160427,0.301479,0.147377,0.0,0.223184,0.0,0.0,0.0,0.0,0.140511,0.0,0.0,1e-06,0.14814,0.0,0.0,0.0,0.15235,0.0,0.0,0.146003,0.223389,0.151441,0.305691,0.0,0.202364,0.0,0.0,0.150408,0.0,0.190304,0.0
TCGA-50-5939-01Z-00-DX1.745D7503-0744-46B1-BC89-EBB8FCE2D55C,0.112949,0.0,0.002968,0.0,0.0,0.066416,0.0,0.0,0.372327,0.109379,0.052888,0.00232,0.0,0.0,0.0,0.109696,0.0,0.123934,0.0,0.0,0.461154,0.0,0.0,0.0,0.0,0.0,0.054625,0.0,0.276326,0.057028,0.0,0.0,0.05473,0.640759,0.0,0.318043,0.359431,0.0,0.0,0.0,0.0,0.349922,0.347402,0.069879,0.0,0.247391,0.137994,0.0,0.0,0.474844,0.0,0.111886,0.100444,1.694081,2.8e-05,0.482248,0.052441,0.0,0.0,0.079485,0.0,0.0,0.0,0.002023,0.056467,0.369233,0.0,0.074177,0.279379,0.0,0.0,0.0,0.249717,0.038316,0.0,0.000132,0.0,0.0,0.0,0.0,0.0,0.482446,0.019057,0.0,0.0,0.124303,0.0,0.336779,0.031234,0.009192,0.095176,0.100269,0.386512,0.0,0.446952,0.0,0.0,0.0,0.0,0.074075,0.0,0.0,0.0,0.092839,0.0,0.0,0.0,0.217565,0.050539,0.384087,0.052154,0.0,0.280864,0.0,0.364133,0.0,0.0,0.454956,0.129467,0.0,0.301313,0.0,0.134426,0.0,0.0,0.0,0.425097,0.201591,0.087404,0.0,0.080079,0.0,0.427634,0.327533,0.498957,0.0,0.0,0.002836,0.036637,0.0,0.322379,0.095493,0.383074,0.308764,0.0,0.0,0.0,0.268779,0.0,0.0,0.072859,1e-06,0.290087,0.395185,0.037344,0.018715,0.002972,0.105815,0.036333,0.0,0.50945,0.121942,0.0,0.0,0.0,0.001954,0.0,0.0,0.0,0.371032,0.0,0.0,0.07279,0.0,0.0,0.0,0.0,0.0,0.048377,0.465713,0.0,0.0,1e-05,0.0,0.0,0.042661,0.300105,0.056856,0.0,0.0,0.0,0.0,0.453623,0.0,0.430383,0.394596,0.01798,0.142639,0.365938,0.0,0.0,0.0,1.589158,0.002572,0.0,0.0,0.367054,1.089822,0.0,0.0,0.090419,0.0,0.0,0.0,0.005135,0.152796,0.0,0.544914,0.0,0.0,0.0,0.104982,0.0,0.098449,0.045367,0.0,0.0,0.0,0.0,0.0,0.369363,0.126015,0.0,0.023848,0.0,0.025741,0.081768,0.016853,0.045613,0.0,0.003425,0.0,0.0,0.0,0.09133,0.355866,0.176948,0.0,0.025867,0.01451,0.263158,0.0,0.047589,0.0,0.0,0.28562,0.0,0.066461,0.0,0.156748,0.0,0.028626,0.0,0.000749,0.1036,0.0,0.0,0.0,0.055084,0.0,0.0,0.079237,0.080175,0.309353,0.387829,0.146218,0.0,0.062865,0.0,0.336089,0.435173,0.395971,0.06009,0.110429,0.0,3.8e-05,0.403293,0.0,0.043716,0.163796,0.026711,0.163338,0.0,0.0,0.0,0.076434,0.0,0.0,0.0193,0.430297,0.186531,0.364383,0.360749,0.106865,0.0,0.220552,0.0,0.0,0.0,0.170968,0.0,0.232442,0.0,0.0,0.368302,0.0,0.419883,0.0,0.0,0.044889,0.0,0.039728,0.065361,0.311872,0.0,0.142575,0.051902,0.166656,0.0,0.408998,0.003219,0.0,0.424945,0.0,0.338173,0.097738,0.05019,0.0,0.0,0.0,0.283358,0.136221,0.0,0.0,0.0,0.0,0.0,0.016835,0.035348,0.0,0.0,0.0,0.0,0.0,0.044584,0.062363,0.0,0.395859,0.0,0.356078,0.0,0.0,0.145326,0.0,0.3019,0.0,0.109376,0.0,0.427911,0.0,0.0,0.406138,0.2566,0.074579,0.092211,0.269439,0.0,0.0,0.353618,0.0,0.082325,0.0,0.0,0.019644,0.089323,0.369342,0.0,0.0,0.0,0.0,0.426491,0.089994,0.0,0.0,0.0,0.414827,1e-06,0.0,0.0,0.002357,0.0,0.067313,0.0,0.399959,0.244805,0.392038,0.066472,0.0,0.0,1.695568,0.0,0.0,0.039301,0.449821,0.055666,0.459306,0.0,0.298663,0.039081,0.018957,0.290808,0.211915,0.0,0.0,0.106009,0.0,0.0,0.018155,0.26794,0.0,0.323048,0.202151,0.00793,0.528303,0.0,0.278856,0.0,0.116409,0.431881,0.039059,0.0,0.359921,0.102235,0.0,0.0,0.0,0.0,0.067844,0.378659,0.0,0.0,0.146687,4e-06,0.0,0.0,0.0,0.124827,0.301991,0.0,0.0,0.169485,0.347742,0.0,0.371745,0.552012,0.040787,0.0,0.495832,0.065157,0.0,0.0,0.0,0.0,0.418776,0.0,0.0,0.146575,0.0,0.394856,0.015234,0.072234,0.435736,0.056911,0.0,0.266442,0.0,0.0,0.0,0.0,0.065875,0.0,0.0,1e-06,0.281238,0.0,0.0,0.0,0.071386,0.0,0.0,0.147001,0.335185,0.097759,0.403195,0.0,0.122896,0.0,0.0,0.065997,0.0,0.355628,0.0
TCGA-93-A4JP-01Z-00-DX1.994E229B-5251-4F61-8C41-863047F3A136,0.144384,0.0,0.061871,0.0,0.0,0.107207,0.0,0.0,0.398623,0.139332,0.088375,0.000882,0.0,0.0,0.0,0.144339,0.0,0.069942,0.0,0.0,0.365171,0.0,0.0,0.0,0.0,0.0,0.100217,0.0,0.202554,0.117282,0.0,0.0,0.09648,0.569919,0.0,0.267883,0.322204,0.0,0.0,0.0,0.0,0.287066,0.307019,0.104184,0.0,0.241961,0.069658,0.0,0.0,0.374427,0.0,0.04944,0.089631,1.597361,1e-06,0.427596,0.093323,0.0,0.0,0.111482,0.0,5e-06,0.0,0.044024,0.12474,0.304389,0.0,0.068274,0.205578,0.0,0.0,0.0,0.19203,0.075872,0.0,5.6e-05,0.0,0.0,0.0,0.0,0.0,0.380439,0.064955,0.0,0.0,0.152445,0.0,0.274489,0.083451,0.036758,0.120542,0.111081,0.311559,0.0,0.411584,0.0,0.0,0.0,0.0,0.103177,3e-06,0.0,0.0,0.139316,0.0,0.0,0.0,0.198591,0.109147,0.298743,0.120689,0.0,0.219958,0.0,0.307478,0.0,0.0,0.467242,0.076952,0.0,0.229149,0.0,0.254961,0.0,0.0,0.0,0.353454,0.182276,0.13004,0.0,0.036622,0.0,0.432275,0.241345,0.432721,0.0,0.0,0.002682,0.112719,0.0,0.287782,0.090667,0.295618,0.256433,0.0,0.0,0.0,0.228504,0.0,0.0,0.091971,0.0,0.22624,0.326126,0.056377,0.044777,0.05223,0.140656,0.073168,0.0,0.44029,0.07837,0.0,0.0,0.0,0.00077,0.0,0.0,0.0,0.330247,0.0,0.0,0.045794,0.0,0.0,0.0,0.0,0.0,0.087828,0.378495,0.0,0.0,0.0,0.0,0.0,0.064996,0.244589,0.100153,0.0,0.0,0.0,0.0,0.366379,0.0,0.358686,0.321344,0.071116,0.083849,0.329009,0.0,0.0,0.0,1.48853,0.060741,0.0,0.0,0.306219,0.997475,0.0,0.0,0.09872,0.0,0.0,0.0,0.007043,0.116157,0.0,0.480867,0.0,0.0,0.0,0.14303,0.0,0.115342,0.091434,0.0,0.0,0.0,0.0,0.0,0.273413,0.159877,0.0,0.061501,0.0,0.109871,0.131007,0.050295,0.090159,0.0,0.001411,0.0,0.0,0.0,0.138654,0.304928,0.120631,0.0,0.046769,0.038027,0.213368,0.0,0.079634,0.0,0.0,0.197555,0.0,0.089463,0.0,0.117896,0.0,0.056953,0.0,0.00027,0.057638,0.0,0.0,0.0,0.102417,0.0,0.0,0.104275,0.146293,0.269047,0.318905,0.08742,0.0,0.108814,0.0,0.288972,0.352791,0.323342,0.117994,0.121368,0.0,0.000134,0.330465,0.0,0.0771,0.210993,0.068796,0.156338,0.0,0.0,0.0,0.115,0.0,0.0,0.084358,0.351839,0.143908,0.289143,0.324943,0.054857,0.0,0.143521,0.0,0.0,1.5e-05,0.122047,0.0,0.161902,0.0,0.0,0.305839,0.0,0.352857,0.0,0.0,0.058178,0.0,0.075191,0.088354,0.249192,0.0,0.092407,0.081671,0.145277,0.0,0.342036,0.001427,0.0,0.338897,0.0,0.399052,0.159405,0.073105,0.0,0.0,0.0,0.219639,0.108936,0.0,0.0,0.0,0.0,0.0,0.069269,0.065996,0.0,0.0,0.0,0.0,0.0,0.094289,0.105028,0.0,0.327815,0.0,0.297812,0.0,0.0,0.126192,0.0,0.24898,0.0,0.172989,0.0,0.369651,0.0,0.0,0.497702,0.348508,0.120128,0.143978,0.247077,0.0,0.0,0.228344,0.0,0.128014,0.0,0.0,0.081523,0.137114,0.291582,2e-06,0.0,0.0,0.0,0.394169,0.156664,0.0,0.0,0.0,0.339497,0.0,0.0,0.0,0.036735,0.0,0.090051,0.0,0.324036,0.187386,0.324143,0.092458,0.0,0.0,1.593695,0.0,0.0,0.070977,0.365637,0.100596,0.383343,0.0,0.231002,0.139687,0.06479,0.24857,0.172618,0.0,0.0,0.167026,0.0,0.0,0.071374,0.236892,0.0,0.226948,0.141972,0.076263,0.46658,0.0,0.223455,0.0,0.072579,0.405439,0.077556,0.0,0.29968,0.108568,0.0,0.0,0.0,0.0,0.075181,0.301739,0.0,0.0,0.095856,0.0,0.0,0.0,0.0,0.099391,0.270691,0.0,0.0,0.153031,0.306723,0.0,0.346448,0.452272,0.067681,0.0,0.425806,0.093039,0.0,0.0,0.0,0.0,0.352544,0.0,0.0,0.147295,0.0,0.348316,0.055979,0.107057,0.359467,0.10313,0.0,0.159823,0.0,0.0,0.0,0.0,0.087843,0.0,0.0,0.0,0.203671,0.0,0.0,0.0,0.118029,0.0,0.0,0.061188,0.291391,0.112837,0.367873,0.0,0.135617,0.0,0.0,0.111087,0.0,0.269213,0.0
TCGA-55-6980-01Z-00-DX1.2f1d1858-42b9-4e3b-966d-2f3f429570a6,0.114896,0.0,0.011792,0.0,0.0,0.069028,0.0,0.0,0.436156,0.108905,0.05049,2.3e-05,0.0,0.0,0.0,0.117271,0.0,0.106102,0.0,0.0,0.473125,0.0,0.0,0.0,0.0,0.0,0.064656,0.0,0.268197,0.076334,0.0,0.0,0.062929,0.656274,0.0,0.334936,0.370275,0.0,0.0,0.0,0.0,0.367464,0.370511,0.073608,0.0,0.278422,0.101106,0.0,0.0,0.46282,0.0,0.07183,0.070248,1.784952,0.0,0.501258,0.059425,0.0,0.0,0.081668,0.0,0.0,0.0,0.004421,0.095333,0.373775,0.0,0.069144,0.287803,0.0,0.0,0.0,0.256963,0.031473,0.0,2.2e-05,0.0,0.0,0.0,0.0,0.0,0.475152,0.028218,0.0,0.0,0.129401,0.0,0.346812,0.044333,0.012846,0.09511,0.120292,0.371842,0.0,0.482606,0.0,0.0,0.0,0.0,0.079324,0.0,0.0,0.0,0.097202,0.0,0.0,0.0,0.231966,0.056076,0.398206,0.079101,0.0,0.296102,0.0,0.395152,0.0,0.0,0.521676,0.078499,0.0,0.306428,0.0,0.223568,0.0,0.0,0.0,0.445475,0.231464,0.090125,0.0,0.054528,0.0,0.4727,0.325938,0.509715,0.0,0.0,0.001513,0.091665,0.0,0.35867,0.092339,0.383709,0.315198,0.0,0.0,0.0,0.284033,0.0,0.0,0.071838,0.0,0.306152,0.406256,0.033474,0.021091,0.009699,0.12311,0.043825,0.0,0.533647,0.091264,0.0,0.0,0.0,4.5e-05,0.0,0.0,0.0,0.386332,0.0,0.0,0.053871,0.0,0.0,0.0,0.0,0.0,0.05657,0.467257,0.0,0.0,0.0,0.0,0.0,0.038807,0.308617,0.065331,0.0,0.0,0.0,0.0,0.466376,0.0,0.432422,0.402764,0.030625,0.12621,0.402065,0.0,0.0,0.0,1.663225,0.009664,0.0,0.0,0.374675,1.126158,0.0,0.0,0.104411,0.0,0.0,0.0,0.003197,0.113544,0.0,0.558952,0.0,0.0,0.0,0.107356,0.0,0.085701,0.048941,0.0,0.0,0.0,0.0,0.0,0.339554,0.11408,0.0,0.026617,0.0,0.061471,0.086171,0.018437,0.05203,0.0,0.000207,0.0,0.0,0.0,0.101274,0.375959,0.186769,0.0,0.024658,0.014222,0.272819,0.0,0.048127,0.0,0.0,0.256601,0.0,0.060462,0.0,0.137433,0.0,0.033276,0.0,1.4e-05,0.089868,0.0,0.0,0.0,0.069752,0.0,0.0,0.072443,0.087603,0.325861,0.395064,0.121824,0.0,0.066448,0.0,0.359164,0.441113,0.418366,0.068922,0.096476,0.0,4.1e-05,0.414261,0.0,0.04522,0.174649,0.029487,0.137625,0.0,0.0,0.0,0.066655,0.0,0.0,0.029859,0.447474,0.19539,0.36241,0.380057,0.073333,0.0,0.19488,0.0,0.0,1e-06,0.140386,0.0,0.209393,0.0,0.0,0.378292,0.0,0.426543,0.0,0.0,0.048392,0.0,0.035198,0.059876,0.337638,0.0,0.101611,0.047394,0.143229,0.0,0.427361,0.000278,0.0,0.427001,0.0,0.41259,0.111528,0.04793,0.0,0.0,0.0,0.302117,0.115052,0.0,0.0,0.0,0.0,0.0,0.023042,0.036194,0.0,0.0,0.0,0.0,0.0,0.060008,0.064597,0.0,0.413643,0.0,0.363898,0.0,0.0,0.114387,0.0,0.31833,0.0,0.116009,0.0,0.430053,0.0,0.0,0.501862,0.335563,0.075426,0.10039,0.288581,0.0,0.0,0.32931,0.0,0.089607,0.0,0.0,0.033869,0.089394,0.385505,0.0,0.0,0.0,0.0,0.452228,0.109608,0.0,0.0,0.0,0.420586,0.0,0.0,0.0,0.007015,0.0,0.066506,0.0,0.428912,0.244188,0.403748,0.060803,0.0,0.0,1.775463,0.0,0.0,0.041843,0.455766,0.05584,0.463308,0.0,0.299696,0.076033,0.022751,0.321229,0.230715,0.0,0.0,0.108428,0.0,0.0,0.025293,0.3045,0.0,0.31883,0.187865,0.009966,0.536694,0.0,0.296058,0.0,0.099645,0.477365,0.039896,0.0,0.371853,0.096286,0.0,0.0,0.0,0.0,0.057324,0.388839,0.0,0.0,0.106629,0.0,0.0,0.0,0.0,0.114719,0.325367,0.0,0.0,0.18104,0.35491,0.0,0.399732,0.550181,0.035714,0.0,0.498576,0.07223,0.0,0.0,0.0,0.0,0.425006,0.0,0.0,0.159755,0.0,0.416559,0.019784,0.071311,0.43166,0.069746,0.0,0.189561,0.0,0.0,0.0,0.0,0.065866,0.0,0.0,0.0,0.279775,0.0,0.0,0.0,0.065223,0.0,0.0,0.082324,0.351789,0.110681,0.430467,0.0,0.108222,0.0,0.0,0.069842,0.0,0.372739,0.0
TCGA-86-8055-01Z-00-DX1.546dc42e-3742-4da5-8f9b-80732180ce76,0.137859,0.0,0.023809,0.0,0.0,0.097535,0.0,0.0,0.379645,0.131748,0.073346,0.000152,0.0,0.0,0.0,0.141744,0.0,0.13611,0.0,0.0,0.423705,0.0,0.0,0.0,0.0,0.0,0.08793,0.0,0.265997,0.097021,0.0,0.0,0.078551,0.63022,0.0,0.2861,0.332144,0.0,0.0,0.0,0.0,0.322781,0.331608,0.094157,0.0,0.282213,0.131512,0.0,0.0,0.425891,0.0,0.101617,0.11478,1.734609,0.0,0.456502,0.077491,0.0,0.0,0.10575,0.0,3e-06,0.0,0.006316,0.121542,0.345777,0.0,0.096276,0.258283,0.0,0.0,0.0,0.217955,0.054181,0.0,0.002111,0.0,0.0,0.0,0.0,0.0,0.451095,0.046807,0.0,0.0,0.171206,0.0,0.307491,0.073422,0.027292,0.122848,0.114506,0.361399,0.0,0.438827,0.0,0.0,0.0,0.0,0.112312,0.0,0.0,0.0,0.117541,0.0,0.0,0.0,0.235727,0.081491,0.34727,0.102406,0.0,0.250093,0.0,0.348886,0.0,0.0,0.496046,0.138539,0.0,0.27626,0.0,0.197973,0.0,0.0,0.0,0.395458,0.197248,0.118094,0.0,0.078212,0.0,0.415694,0.299821,0.469326,0.0,0.0,0.005548,0.080608,0.0,0.307959,0.137315,0.340061,0.286781,0.0,0.0,0.0,0.254541,0.0,0.0,0.087399,0.0,0.262831,0.368028,0.064059,0.032374,0.021248,0.143751,0.062164,0.0,0.490848,0.133033,0.0,0.0,0.0,9.3e-05,0.0,0.0,0.0,0.376667,0.0,0.0,0.088406,0.0,0.0,0.0,0.0,0.0,0.075577,0.447341,0.0,0.0,0.0,0.0,0.0,0.058385,0.29892,0.089218,0.0,0.0,0.0,0.0,0.418989,0.0,0.394843,0.366348,0.048021,0.145067,0.345675,0.0,0.0,0.0,1.621559,0.018722,0.0,0.0,0.334743,1.101598,0.0,0.0,0.099062,0.0,0.0,0.0,0.011791,0.156207,0.0,0.533276,0.0,0.0,0.0,0.131683,0.0,0.112397,0.074755,0.0,0.0,0.0,0.0,0.0,0.337427,0.142009,0.0,0.046484,0.0,0.07929,0.118253,0.039948,0.076377,0.0,0.000348,0.0,0.0,0.0,0.118669,0.334921,0.161894,0.0,0.044436,0.026873,0.243828,0.0,0.070108,0.0,0.0,0.256829,0.0,0.086096,0.0,0.159608,0.0,0.051749,0.0,4.8e-05,0.114586,0.0,0.0,0.0,0.09105,0.0,0.0,0.098607,0.111258,0.282313,0.345895,0.164544,0.0,0.085949,0.0,0.309984,0.395737,0.368948,0.102914,0.125217,0.0,0.000219,0.374075,0.0,0.068096,0.227642,0.055523,0.183529,0.0,1e-06,0.0,0.093299,0.0,0.0,0.054584,0.399098,0.1697,0.330393,0.341807,0.111373,0.0,0.215651,0.0,0.0,7.4e-05,0.186069,0.0,0.228902,0.0,0.0,0.348121,0.0,0.389493,0.0,0.0,0.070195,0.0,0.052414,0.085914,0.312477,0.0,0.134623,0.073669,0.202194,0.0,0.374204,0.000465,0.0,0.384271,0.0,0.369846,0.127363,0.074647,0.0,0.0,0.0,0.259572,0.153666,0.0,0.0,0.0,0.0,0.0,0.043098,0.052263,0.0,0.0,2e-06,0.0,0.0,0.082605,0.088404,0.0,0.371676,0.0,0.329698,0.0,0.0,0.164683,0.0,0.284656,0.0,0.135021,0.0,0.433082,0.0,0.0,0.449013,0.30158,0.108724,0.121169,0.274238,0.0,0.0,0.33361,0.0,0.120011,0.0,0.0,0.058733,0.119475,0.340412,1e-05,0.0,0.0,0.0,0.40299,0.126708,0.0,0.0,0.0,0.389919,0.0,0.0,0.0,0.013721,0.0,0.092482,0.0,0.384886,0.243123,0.357215,0.091975,0.0,0.0,1.726081,0.0,0.0,0.066047,0.415329,0.079193,0.423566,0.0,0.268309,0.080338,0.041733,0.267716,0.184872,0.0,0.0,0.136539,0.0,1e-06,0.053196,0.255702,0.0,0.293023,0.175554,0.02172,0.510755,0.0,0.265336,0.0,0.133544,0.414562,0.057485,0.0,0.342878,0.110907,0.0,0.0,0.0,0.0,0.079994,0.345482,0.0,0.00033,0.150245,0.0,0.0,0.0,0.0,0.144146,0.274536,0.0,0.0,0.185661,0.321371,0.0,0.350293,0.525313,0.057746,0.0,0.484723,0.094196,0.0,0.0,0.0,0.0,0.382565,0.0,0.0,0.195318,0.0,0.372277,0.039894,0.091474,0.389332,0.090915,0.0,0.212007,0.0,0.0,0.0,0.0,0.082083,0.0,0.0,2e-06,0.255622,0.0,0.0,0.0,0.095968,0.0,0.0,0.110453,0.312317,0.127297,0.381394,0.0,0.138733,0.0,0.0,0.091973,0.0,0.328845,0.0
TCGA-86-8074-01Z-00-DX1.0c34b434-8701-4060-a4ea-08a72371ee1e,0.053155,0.0,0.004728,0.0,0.0,0.03665,0.0,0.0,0.436133,0.048434,0.022066,0.000127,0.0,0.0,0.0,0.064219,0.0,0.102129,0.0,0.0,0.546913,0.0,0.0,0.0,0.0,0.0,0.030436,0.0,0.345203,0.033331,0.0,0.0,0.024095,0.736529,0.0,0.373305,0.422203,0.0,0.0,0.0,0.0,0.433998,0.42326,0.030802,0.0,0.292509,0.105326,0.0,0.0,0.541582,0.0,0.074846,0.080624,1.791152,0.0,0.572068,0.025805,0.0,0.0,0.039096,0.0,0.0,0.0,0.001576,0.055369,0.434394,0.0,0.056459,0.3657,0.0,0.0,0.0,0.332671,0.014738,0.0,0.00139,0.0,0.0,0.0,0.0,0.0,0.542268,0.012555,0.0,0.0,0.097244,0.0,0.43375,0.022642,0.005044,0.055142,0.087957,0.417996,0.0,0.541627,0.0,0.0,0.0,0.0,0.045325,0.0,0.0,0.0,0.044808,0.0,0.0,0.0,0.240672,0.0288,0.433497,0.049258,0.0,0.351486,0.0,0.462953,0.0,0.0,0.564432,0.108693,0.0,0.391632,0.0,0.193986,0.0,0.0,0.0,0.481438,0.244097,0.045606,0.0,0.053008,0.0,0.50955,0.43855,0.607817,0.0,0.0,0.003713,0.071778,0.0,0.413587,0.098315,0.421586,0.387976,0.0,0.0,0.0,0.353641,0.0,0.0,0.029295,0.0,0.380428,0.446981,0.019498,0.007635,0.004164,0.081032,0.01813,0.0,0.612081,0.096241,0.0,0.0,0.0,9.5e-05,0.0,0.0,0.0,0.457574,0.0,0.0,0.064215,0.0,0.0,0.0,0.0,0.0,0.022309,0.532148,0.0,0.0,0.0,0.0,0.0,0.015849,0.371009,0.031996,0.0,0.0,0.0,0.0,0.525592,0.0,0.5053,0.476313,0.013467,0.119222,0.454406,0.0,0.0,0.0,1.741504,0.003775,0.0,0.0,0.411727,1.21098,0.0,0.0,0.106845,0.0,0.0,0.0,0.007311,0.132691,0.0,0.652221,0.0,0.0,0.0,0.05402,0.0,0.044595,0.023909,0.0,0.0,0.0,0.0,0.0,0.387334,0.055936,0.0,0.011316,0.0,0.025737,0.046263,0.010615,0.023925,0.0,0.000426,0.0,0.0,0.0,0.043333,0.41833,0.243179,0.0,0.011709,0.005489,0.347665,0.0,0.021517,0.0,0.0,0.278771,0.0,0.028798,0.0,0.072378,0.0,0.013954,0.0,4.3e-05,0.087649,0.0,0.0,0.0,0.030903,0.0,0.0,0.037085,0.043114,0.377966,0.438286,0.131433,0.0,0.02721,0.0,0.404438,0.498271,0.50639,0.042353,0.050707,0.0,0.000118,0.465772,0.0,0.023205,0.129392,0.014374,0.117472,0.0,0.0,0.0,0.033632,0.0,0.0,0.01476,0.496572,0.213236,0.428439,0.428655,0.082233,0.0,0.212011,0.0,0.0,1e-04,0.131604,0.0,0.224772,0.0,0.0,0.448182,0.0,0.48865,0.0,0.0,0.023479,0.0,0.01365,0.03005,0.395997,0.0,0.102642,0.024407,0.137538,0.0,0.466409,0.000572,0.0,0.482069,0.0,0.390651,0.052307,0.025848,0.0,0.0,0.0,0.369942,0.079473,0.0,0.0,0.0,0.0,0.0,0.011086,0.014422,0.0,0.0,0.0,0.0,0.0,0.026561,0.029689,0.0,0.477063,0.0,0.420896,0.0,0.0,0.119002,0.0,0.395396,0.0,0.056188,0.0,0.46972,0.0,0.0,0.520717,0.332955,0.040517,0.0469,0.33871,0.0,0.0,0.475834,0.0,0.0448,0.0,0.0,0.016334,0.046501,0.484486,0.0,0.0,0.0,0.0,0.500004,0.05359,0.0,0.0,0.0,0.483061,0.0,0.0,0.0,0.002014,0.0,0.03352,0.0,0.521339,0.305172,0.461899,0.035676,0.0,0.0,1.831868,0.0,0.0,0.02136,0.505326,0.025796,0.530256,0.0,0.386978,0.062661,0.00959,0.36861,0.26619,0.0,0.0,0.051508,0.0,0.0,0.014398,0.339146,0.0,0.436298,0.203146,0.008993,0.644506,0.0,0.376573,0.0,0.090053,0.512243,0.015383,0.0,0.459197,0.09554,0.0,0.0,0.0,0.0,0.029525,0.430627,0.0,0.000114,0.106894,0.0,0.0,0.0,0.0,0.125466,0.356169,0.0,0.0,0.184905,0.418142,0.0,0.440426,0.598308,0.017183,0.0,0.550043,0.031814,0.0,0.0,0.0,0.0,0.489727,0.0,0.0,0.146065,0.0,0.468081,0.010235,0.032103,0.484209,0.032344,0.0,0.220336,0.0,0.0,0.0,0.0,0.026524,0.0,0.0,0.0,0.36688,0.0,0.0,0.0,0.033809,0.0,0.0,0.091015,0.409402,0.078484,0.479264,0.0,0.062909,0.0,0.0,0.031257,0.0,0.465894,0.0
TCGA-53-7624-01Z-00-DX1.51b4de19-3531-4bcb-b822-fa966480f2ad,0.175449,0.0,0.0361,0.0,0.0,0.130652,0.0,0.0,0.39086,0.161241,0.088438,6e-06,0.0,0.0,0.0,0.169996,0.0,0.056467,0.0,0.0,0.35057,0.0,0.0,0.0,0.0,0.0,0.097503,0.0,0.135265,0.119778,0.0,0.0,0.105986,0.50507,0.0,0.248404,0.279673,0.0,0.0,0.0,0.0,0.237389,0.267231,0.107838,0.0,0.178428,0.058484,0.0,0.0,0.355558,0.0,0.034958,0.059917,1.577869,0.0,0.373305,0.097333,0.0,0.0,0.13057,0.0,0.0,0.0,0.020749,0.120781,0.265325,0.0,0.053214,0.131338,0.0,0.0,0.0,0.133419,0.066796,0.0,1.2e-05,0.0,0.0,0.0,0.0,0.0,0.354434,0.057466,0.0,0.0,0.16195,0.0,0.216047,0.078733,0.02919,0.129544,0.129504,0.281189,0.0,0.351833,0.0,0.0,0.0,0.0,0.117256,0.0,0.0,0.0,0.152331,0.0,0.0,0.0,0.138763,0.109337,0.301823,0.091248,0.0,0.198762,0.0,0.261047,0.0,0.0,0.38358,0.078411,0.0,0.192634,0.0,0.229325,0.0,0.0,0.0,0.355244,0.110629,0.143399,0.0,0.030123,0.0,0.412588,0.158466,0.356281,0.0,0.0,0.000652,0.106893,0.0,0.236232,0.05316,0.297126,0.210983,0.0,0.0,0.0,0.172785,0.0,0.0,0.110442,0.0,0.188978,0.325882,0.078449,0.04233,0.038031,0.114422,0.080436,0.0,0.387626,0.047432,0.0,0.0,0.0,7e-06,0.0,0.0,0.0,0.245076,0.0,0.0,0.020266,0.0,0.0,0.0,0.0,0.0,0.088113,0.345,0.0,0.0,0.0,0.0,0.0,0.072868,0.16857,0.116199,0.0,0.0,0.0,0.0,0.352594,0.0,0.32431,0.284855,0.072846,0.068747,0.290916,0.0,0.0,0.0,1.420945,0.033145,0.0,0.0,0.289106,0.940791,0.0,0.0,0.116918,0.0,0.0,0.0,0.000975,0.058754,0.0,0.404598,0.0,0.0,0.0,0.167122,0.0,0.146611,0.086035,0.0,0.0,0.0,0.0,0.0,0.235285,0.172377,0.0,0.04886,0.0,0.090959,0.141287,0.043957,0.091163,0.0,2.7e-05,0.0,0.0,0.0,0.145268,0.262488,0.077573,0.0,0.056265,0.036623,0.151861,0.0,0.080927,0.0,0.0,0.186351,0.0,0.09412,0.0,0.194365,0.0,0.056023,0.0,3e-06,0.036925,0.0,0.0,0.0,0.105939,0.0,0.0,0.125477,0.145295,0.233723,0.274765,0.07116,0.0,0.102368,0.0,0.258307,0.337427,0.254435,0.110908,0.155669,0.0,4e-06,0.318774,0.0,0.081748,0.206624,0.057609,0.142347,0.0,0.0,0.0,0.124304,0.0,0.0,0.065336,0.33638,0.153286,0.261067,0.27995,0.03852,0.0,0.114976,0.0,0.0,5e-06,0.095037,0.0,0.127603,0.0,0.0,0.257494,0.0,0.323471,0.0,0.0,0.082162,0.0,0.070344,0.093912,0.176302,0.0,0.095847,0.08992,0.131256,0.0,0.338684,3.4e-05,0.0,0.299903,0.0,0.367356,0.154404,0.087792,0.0,0.0,0.0,0.159029,0.131583,0.0,0.0,0.0,0.0,0.0,0.046839,0.065417,0.0,0.0,0.0,0.0,0.0,0.097581,0.114782,0.0,0.299668,0.0,0.265688,0.0,0.0,0.097958,0.0,0.205343,0.0,0.15814,0.0,0.320244,0.0,0.0,0.43372,0.314157,0.124959,0.154598,0.146543,0.0,0.0,0.134302,0.0,0.141315,0.0,0.0,0.075248,0.144038,0.229836,0.0,0.0,0.0,0.0,0.341813,0.169905,0.0,0.0,0.0,0.315231,0.0,0.0,0.0,0.024047,0.0,0.115917,0.0,0.268508,0.104233,0.286728,0.111093,0.0,0.0,1.552983,0.0,0.0,0.080249,0.351934,0.096114,0.34664,0.0,0.183201,0.092324,0.050252,0.21475,0.151584,0.0,0.0,0.171486,0.0,0.0,0.049148,0.213034,0.0,0.158455,0.124926,0.040128,0.403629,0.0,0.171582,0.0,0.0555,0.389302,0.063832,0.0,0.220501,0.105142,0.0,0.0,0.0,0.0,0.09519,0.298351,0.0,0.0,0.095155,0.0,0.0,0.0,0.0,0.043313,0.266521,0.0,0.0,0.087461,0.26212,0.0,0.304084,0.441264,0.075074,0.0,0.377851,0.107827,0.0,0.0,0.0,0.0,0.298925,0.0,0.0,0.100515,0.0,0.340187,0.040969,0.127332,0.337424,0.113624,0.0,0.162247,0.0,0.0,0.0,0.0,0.116426,0.0,0.0,0.0,0.170218,0.0,0.0,0.0,0.105672,0.0,0.0,0.05408,0.256173,0.096994,0.338892,0.0,0.134531,0.0,0.0,0.115338,0.0,0.213894,0.0
TCGA-L9-A7SV-01Z-00-DX1.153B8E2D-54CE-4747-A22E-7A6ADCA03DB5,0.114313,0.0,0.006679,0.0,0.0,0.063715,0.0,0.0,0.445917,0.117061,0.042943,8.9e-05,0.0,0.0,0.0,0.126448,0.0,0.077127,0.0,0.0,0.467143,0.0,0.0,0.0,0.0,0.0,0.057525,0.0,0.223271,0.078054,0.0,0.0,0.053006,0.613297,0.0,0.338871,0.368582,0.0,0.0,0.0,0.0,0.350271,0.361601,0.071836,0.0,0.229411,0.074502,0.0,0.0,0.466914,0.0,0.051117,0.065616,1.732793,0.0,0.485071,0.049823,0.0,0.0,0.072291,0.0,1e-06,0.0,0.001454,0.081566,0.357685,0.0,0.051276,0.233441,0.0,0.0,0.0,0.241315,0.03043,0.0,1.7e-05,0.0,0.0,0.0,0.0,0.0,0.45459,0.020605,0.0,0.0,0.10938,0.0,0.32065,0.028246,0.007074,0.086627,0.132141,0.350216,0.0,0.453489,0.0,0.0,0.0,0.0,0.062967,0.0,0.0,0.0,0.105401,0.0,0.0,0.0,0.183922,0.067682,0.400012,0.061198,0.0,0.291319,0.0,0.372012,0.0,0.0,0.453258,0.062225,0.0,0.282854,0.0,0.210229,0.0,0.0,0.0,0.438096,0.18391,0.092758,0.0,0.050807,0.0,0.496665,0.275599,0.492819,0.0,0.0,0.000479,0.089917,0.0,0.340992,0.05662,0.390107,0.305362,0.0,0.0,0.0,0.264821,0.0,0.0,0.069552,0.0,0.281559,0.401575,0.029785,0.015255,0.008996,0.10176,0.037129,0.0,0.518479,0.058601,0.0,0.0,0.0,6.7e-05,0.0,0.0,0.0,0.328488,0.0,0.0,0.034479,0.0,0.0,0.0,0.0,0.0,0.055641,0.438708,0.0,0.0,0.0,0.0,0.0,0.028397,0.254071,0.059852,0.0,0.0,0.0,0.0,0.462727,0.0,0.432435,0.391939,0.024022,0.103739,0.400777,0.0,0.0,0.0,1.593268,0.004415,0.0,0.0,0.378008,1.061313,0.0,0.0,0.135828,0.0,0.0,0.0,0.001681,0.070731,0.0,0.520904,0.0,0.0,0.0,0.10479,0.0,0.096345,0.040351,0.0,0.0,0.0,0.0,0.0,0.311065,0.118129,0.0,0.017421,0.0,0.050837,0.078768,0.011545,0.044635,0.0,0.000149,0.0,0.0,0.0,0.107578,0.363955,0.159541,0.0,0.016917,0.012221,0.239824,0.0,0.039895,0.0,0.0,0.237599,0.0,0.054664,0.0,0.135333,0.0,0.027948,0.0,2e-05,0.053083,0.0,0.0,0.0,0.071983,0.0,0.0,0.0726,0.084903,0.324731,0.39956,0.081988,0.0,0.056684,0.0,0.349884,0.442722,0.396972,0.059454,0.101081,0.0,1.4e-05,0.41464,0.0,0.037407,0.150318,0.018371,0.110316,0.0,0.0,0.0,0.065979,0.0,0.0,0.017174,0.44096,0.202379,0.359315,0.373446,0.050832,0.0,0.163765,0.0,0.0,2e-06,0.099009,0.0,0.161282,0.0,0.0,0.355413,0.0,0.417894,0.0,0.0,0.037691,0.0,0.028772,0.053274,0.280094,0.0,0.104473,0.044476,0.113262,0.0,0.437329,0.000172,0.0,0.410712,0.0,0.408175,0.116886,0.045381,0.0,0.0,0.0,0.269088,0.104508,0.0,0.0,0.0,0.0,0.0,0.01375,0.027086,0.0,0.0,0.0,0.0,0.0,0.048128,0.06224,0.0,0.395022,0.0,0.359007,0.0,0.0,0.09707,0.0,0.299724,0.0,0.118936,0.0,0.380244,0.0,0.0,0.48556,0.327764,0.066699,0.10845,0.242136,0.0,0.0,0.248235,0.0,0.09297,0.0,0.0,0.023184,0.094205,0.354781,0.0,0.0,0.0,0.0,0.444682,0.105507,0.0,0.0,0.0,0.420624,0.0,0.0,0.0,0.002326,0.0,0.069812,0.0,0.388568,0.193613,0.39534,0.061683,0.0,0.0,1.709226,0.0,0.0,0.041749,0.439397,0.050738,0.44244,0.0,0.284871,0.071669,0.01359,0.304421,0.226803,0.0,0.0,0.109382,0.0,0.0,0.018143,0.306596,0.0,0.26846,0.186765,0.004782,0.504094,0.0,0.257153,0.0,0.068607,0.488682,0.032359,0.0,0.340648,0.099832,0.0,0.0,0.0,0.0,0.066838,0.382369,0.0,0.0,0.082818,0.0,0.0,0.0,2e-06,0.073622,0.337436,0.0,0.0,0.136417,0.345121,0.0,0.406115,0.527395,0.031831,0.0,0.472782,0.061156,0.0,0.0,0.0,0.0,0.424187,0.0,0.0,0.100577,0.0,0.428775,0.01312,0.082276,0.427353,0.065113,0.0,0.199025,0.0,0.0,0.0,0.0,0.064477,0.0,0.0,0.0,0.264501,0.0,0.0,0.0,0.069955,0.0,0.0,0.075634,0.350627,0.082957,0.435923,0.0,0.094116,0.0,0.0,0.070036,0.0,0.340412,0.0
TCGA-69-A59K-01Z-00-DX1.01EAF520-9AC1-4ECC-8EF3-B9122924A1E3,0.105513,0.0,0.020442,0.0,0.0,0.082716,0.0,0.0,0.404853,0.094393,0.047064,0.002137,0.0,0.0,0.0,0.108981,0.0,0.086178,0.0,0.0,0.418083,0.0,0.0,0.0,0.0,0.0,0.076653,0.0,0.237511,0.077126,0.0,0.0,0.05842,0.618474,0.0,0.279724,0.33739,0.0,0.0,0.0,0.0,0.31294,0.330316,0.058175,0.0,0.264506,0.083911,0.0,0.0,0.423968,0.0,0.05461,0.078935,1.646181,8.1e-05,0.440499,0.068102,0.0,0.0,0.077848,0.0,0.0,0.0,0.008137,0.119933,0.324003,0.0,0.078545,0.248857,0.0,0.0,0.0,0.207844,0.037311,0.0,0.000271,0.0,0.0,0.0,0.0,0.0,0.433185,0.035757,0.0,0.0,0.150149,0.0,0.308822,0.057489,0.010666,0.110807,0.095742,0.339641,0.0,0.427124,0.0,0.0,0.0,0.0,0.097496,0.0,0.0,0.0,0.09579,0.0,0.0,0.0,0.217953,0.076184,0.335855,0.099701,0.0,0.257543,0.0,0.341143,0.0,0.0,0.503007,0.082556,0.0,0.281268,0.0,0.235095,0.0,0.0,0.0,0.380196,0.199982,0.081665,0.0,0.038514,0.0,0.405587,0.287863,0.459394,0.0,0.0,0.003029,0.112811,0.0,0.310834,0.118751,0.327289,0.286495,0.0,0.0,0.0,0.253428,0.0,0.0,0.056708,0.0,0.26319,0.357967,0.049855,0.016524,0.023899,0.124289,0.045562,0.0,0.473971,0.080567,0.0,0.0,0.0,0.001772,0.0,0.0,0.0,0.369826,0.0,0.0,0.072342,0.0,0.0,0.0,0.0,0.0,0.048924,0.425376,0.0,0.0,1e-06,0.0,0.0,0.03214,0.271498,0.074658,0.0,0.0,0.0,0.0,0.411523,0.0,0.393632,0.362021,0.055034,0.087988,0.349188,0.0,0.0,0.0,1.555826,0.021858,0.0,0.0,0.328851,1.065572,0.0,0.0,0.091438,0.0,0.0,0.0,0.005951,0.130071,0.0,0.525746,0.0,0.0,0.0,0.112954,0.0,0.097031,0.052319,0.0,0.0,0.0,0.0,0.0,0.301356,0.114426,0.0,0.025774,0.0,0.083277,0.104256,0.028772,0.068822,0.0,0.00307,0.0,0.0,0.0,0.084291,0.309115,0.15009,0.0,0.035324,0.013431,0.245293,0.0,0.052169,0.0,0.0,0.221133,0.0,0.059545,0.0,0.122378,0.0,0.034025,0.0,0.000764,0.06988,0.0,0.0,1e-06,0.065952,0.0,0.0,0.085809,0.103481,0.294996,0.329285,0.111301,0.0,0.058444,0.0,0.324701,0.386146,0.36877,0.087034,0.090431,0.0,2.8e-05,0.364837,0.0,0.045581,0.20762,0.034104,0.138468,0.0,0.0,0.0,0.080959,0.0,0.0,0.048942,0.385508,0.16335,0.337267,0.342919,0.065141,0.0,0.156092,0.0,0.0,0.0,0.131094,0.0,0.18624,0.0,0.0,0.337121,0.0,0.394234,0.0,0.0,0.050406,0.0,0.034866,0.054286,0.284393,0.0,0.112035,0.050991,0.160513,0.0,0.375039,0.003194,0.0,0.363253,0.0,0.405794,0.102188,0.050355,0.0,0.0,0.0,0.264983,0.114512,0.0,0.0,0.0,0.0,0.0,0.02823,0.037529,0.0,0.0,0.0,0.0,0.0,0.072795,0.059658,0.0,0.373081,0.0,0.330436,0.0,0.0,0.14753,0.0,0.28344,0.0,0.108981,0.0,0.402734,0.0,0.0,0.480816,0.350583,0.082031,0.106013,0.248174,0.0,0.0,0.305114,0.0,0.088269,0.0,0.0,0.055076,0.097091,0.330402,0.0,0.0,0.0,0.0,0.400739,0.127829,0.0,0.0,0.0,0.366921,0.0,0.0,0.0,0.007307,0.0,0.063893,0.0,0.379009,0.201763,0.364053,0.074099,0.0,0.0,1.65687,0.0,0.0,0.053647,0.393794,0.064576,0.424996,0.0,0.270627,0.111887,0.030729,0.268149,0.195662,0.0,0.0,0.109509,0.0,0.0,0.032332,0.254732,0.0,0.283564,0.158708,0.034664,0.523909,0.0,0.256983,0.0,0.080741,0.414627,0.036766,0.0,0.336641,0.098517,0.0,0.0,0.0,0.0,0.05693,0.333069,0.0,0.0,0.09504,0.0,0.0,0.0,0.0,0.105373,0.293426,0.0,0.0,0.169673,0.331759,0.0,0.34246,0.501483,0.03115,0.0,0.457942,0.057018,0.0,0.0,0.0,0.0,0.371459,0.0,0.0,0.177361,0.0,0.363512,0.021512,0.071239,0.390738,0.07694,0.0,0.171292,0.0,0.0,0.0,0.0,0.058768,0.0,0.0,0.0,0.254414,0.0,0.0,0.0,0.078134,0.0,0.0,0.056972,0.318757,0.117679,0.381455,0.0,0.099001,0.0,0.0,0.063143,0.0,0.326872,0.0
TCGA-NJ-A55R-01Z-00-DX1.2E2B3642-4E1C-47DB-AF7B-988D586C0986,0.296959,0.0,0.09572,0.0,0.0,0.194025,0.0,0.0,0.337703,0.281566,0.177571,4.8e-05,0.0,0.0,0.0,0.269537,0.0,0.068897,0.0,0.0,0.256367,0.0,0.0,0.0,0.0,0.0,0.189782,0.0,0.06958,0.212777,0.0,0.0,0.192703,0.44127,0.0,0.178056,0.20355,0.0,0.0,0.0,0.0,0.152642,0.168989,0.228828,0.0,0.15676,0.087223,0.0,0.0,0.255298,0.0,0.073891,0.090137,1.617501,1e-06,0.280436,0.185673,0.0,0.0,0.214644,0.0,0.0,0.0,0.079814,0.161175,0.202235,0.0,0.093727,0.075044,0.0,0.0,0.0,0.062651,0.180805,0.0,8e-06,0.0,0.0,0.0,0.0,0.0,0.277409,0.137064,0.0,0.0,0.22261,0.0,0.112593,0.144186,0.091436,0.236093,0.158877,0.240081,0.0,0.286121,0.0,0.0,0.0,0.0,0.218621,0.0,0.0,0.0,0.263361,0.0,0.0,0.0,0.137999,0.18937,0.252224,0.165212,0.0,0.106329,0.0,0.183224,0.0,0.0,0.338248,0.111882,0.0,0.09624,0.0,0.245122,0.0,0.0,0.0,0.269895,0.099985,0.259374,0.0,0.071634,0.0,0.352189,0.083706,0.262137,0.0,0.0,0.000597,0.139749,0.0,0.157576,0.094872,0.246591,0.127918,0.0,0.0,0.0,0.081675,0.0,0.0,0.20188,0.0,0.083035,0.256434,0.134504,0.120437,0.083865,0.185352,0.166045,0.0,0.291168,0.099263,0.0,0.0,0.0,3.6e-05,0.0,0.0,0.0,0.19056,0.0,0.0,0.045936,0.0,0.0,0.0,0.0,0.0,0.181271,0.272971,0.0,0.0,0.0,0.0,0.0,0.142104,0.101845,0.19021,0.0,0.0,0.0,0.0,0.261665,0.0,0.243902,0.18029,0.125629,0.099942,0.21228,0.0,0.0,0.0,1.399502,0.098706,0.0,0.0,0.224633,0.870488,0.0,0.0,0.095023,0.0,0.0,0.0,0.001046,0.103297,0.0,0.336572,0.0,0.0,0.0,0.271508,0.0,0.25638,0.175774,0.0,0.0,0.0,0.0,0.0,0.226335,0.326273,0.0,0.158544,0.0,0.170946,0.224515,0.133034,0.18087,0.0,7.9e-05,0.0,0.0,0.0,0.276612,0.21932,0.038042,0.0,0.130473,0.087086,0.079477,0.0,0.176232,0.0,0.0,0.185638,0.0,0.198329,0.0,0.28666,0.0,0.143691,0.0,1.1e-05,0.069906,0.0,0.0,0.0,0.196971,0.0,0.0,0.228421,0.270867,0.14786,0.24237,0.100896,0.0,0.210917,0.0,0.179125,0.25491,0.155714,0.178528,0.269689,0.0,9e-06,0.23374,0.0,0.177733,0.293603,0.148362,0.194996,0.0,0.0,0.0,0.230516,0.0,0.0,0.154336,0.273065,0.113819,0.192073,0.215705,0.069362,0.0,0.12541,0.0,0.0,0.0,0.147924,0.0,0.146678,0.0,0.0,0.184616,0.0,0.231478,0.0,0.0,0.160722,0.0,0.159085,0.201818,0.113944,0.0,0.101749,0.189018,0.205331,0.0,0.262147,8.9e-05,0.0,0.257032,0.0,0.370166,0.269877,0.166046,0.0,0.0,0.0,0.083255,0.224885,0.0,0.0,0.0,0.0,0.0,0.140831,0.155961,0.0,0.0,0.0,0.0,0.0,0.190256,0.186559,0.0,0.194296,0.0,0.198005,0.0,0.0,0.119162,0.0,0.087059,0.0,0.307022,0.0,0.299564,0.0,0.0,0.433709,0.326402,0.240795,0.263093,0.102311,0.0,0.0,0.07085,0.0,0.252591,0.0,0.0,0.150213,0.233543,0.1285,0.0,0.0,0.0,0.0,0.275033,0.269719,0.0,0.0,0.0,0.24815,0.0,0.0,0.0,0.085222,0.0,0.212994,0.0,0.151188,0.068569,0.202696,0.188923,0.0,0.0,1.538969,0.0,0.0,0.159671,0.272302,0.194394,0.271149,0.0,0.076621,0.148771,0.12736,0.132276,0.089767,0.0,0.0,0.312859,0.0,0.0,0.129288,0.139377,0.0,0.074811,0.142614,0.103097,0.288206,0.0,0.078988,0.0,0.109353,0.319285,0.176956,0.0,0.165245,0.109125,0.0,0.0,0.0,0.0,0.197625,0.237419,0.0,0.0,0.170658,0.0,0.0,0.0,0.0,0.075291,0.203492,0.0,0.0,0.111885,0.185426,0.0,0.221629,0.373116,0.151606,0.0,0.344672,0.206385,0.0,0.0,0.0,0.0,0.226855,0.0,0.0,0.166409,0.0,0.254079,0.123672,0.217842,0.265684,0.212558,0.0,0.180705,0.0,0.0,0.0,0.0,0.211268,0.0,0.0,0.0,0.072776,0.0,0.0,0.0,0.241102,0.0,0.0,0.105009,0.176809,0.167152,0.242831,0.0,0.249258,0.0,0.0,0.211146,0.0,0.118962,0.0
TCGA-69-7760-01Z-00-DX1.7fc295e3-5bfc-4017-801c-491489d0eb34,0.104515,0.0,0.011329,0.0,0.0,0.063802,0.0,0.0,0.454398,0.099351,0.043555,2.4e-05,0.0,0.0,0.0,0.119444,0.0,0.066146,0.0,0.0,0.47273,0.0,0.0,0.0,0.0,0.0,0.051766,0.0,0.224688,0.072876,0.0,0.0,0.055899,0.627334,0.0,0.340026,0.375573,0.0,0.0,0.0,0.0,0.361478,0.366727,0.065078,0.0,0.233303,0.064661,0.0,0.0,0.463899,0.0,0.040011,0.046253,1.744531,0.0,0.496405,0.049636,0.0,0.0,0.070881,0.0,0.0,0.0,0.005909,0.074661,0.37162,0.0,0.042679,0.250297,0.0,0.0,0.0,0.245769,0.030048,0.0,1.3e-05,0.0,0.0,0.0,0.0,0.0,0.455282,0.023716,0.0,0.0,0.105047,0.0,0.334486,0.036473,0.01128,0.074609,0.123961,0.348651,0.0,0.47664,0.0,0.0,0.0,0.0,0.064647,0.0,0.0,0.0,0.095584,0.0,0.0,0.0,0.186962,0.055835,0.403297,0.057876,0.0,0.29491,0.0,0.391584,0.0,0.0,0.487936,0.062756,0.0,0.295919,0.0,0.241482,0.0,0.0,0.0,0.448647,0.197795,0.088603,0.0,0.033649,0.0,0.508005,0.296508,0.5011,0.0,0.0,0.000627,0.100254,0.0,0.346496,0.050698,0.388326,0.309643,0.0,0.0,0.0,0.270652,0.0,0.0,0.062352,0.0,0.294691,0.41085,0.03124,0.020544,0.010234,0.091051,0.039349,0.0,0.521601,0.053624,0.0,0.0,0.0,3.9e-05,0.0,0.0,0.0,0.345959,0.0,0.0,0.021087,0.0,0.0,0.0,0.0,0.0,0.051973,0.447817,0.0,0.0,0.0,0.0,0.0,0.032951,0.260042,0.0598,0.0,0.0,0.0,0.0,0.464542,0.0,0.434819,0.396159,0.026621,0.088283,0.405165,0.0,0.0,0.0,1.620148,0.01018,0.0,0.0,0.376103,1.085918,0.0,0.0,0.118124,0.0,0.0,0.0,0.001405,0.06555,0.0,0.53896,0.0,0.0,0.0,0.10387,0.0,0.086431,0.044314,0.0,0.0,0.0,0.0,0.0,0.309288,0.10411,0.0,0.023595,0.0,0.047723,0.078828,0.016892,0.044939,0.0,9.5e-05,0.0,0.0,0.0,0.093854,0.373885,0.166262,0.0,0.021602,0.011971,0.258441,0.0,0.040411,0.0,0.0,0.231521,0.0,0.05035,0.0,0.120285,0.0,0.025221,0.0,1.2e-05,0.047517,0.0,0.0,0.0,0.06338,0.0,0.0,0.068195,0.085242,0.330088,0.393941,0.077957,0.0,0.06012,0.0,0.357887,0.441449,0.400301,0.056458,0.096851,0.0,2.1e-05,0.419079,0.0,0.042613,0.145115,0.025704,0.102396,0.0,0.0,0.0,0.065972,0.0,0.0,0.025944,0.443272,0.203882,0.360068,0.378177,0.044443,0.0,0.158904,0.0,0.0,4e-06,0.092913,0.0,0.161473,0.0,0.0,0.369546,0.0,0.421088,0.0,0.0,0.040029,0.0,0.03053,0.048406,0.292843,0.0,0.081468,0.044756,0.102233,0.0,0.437673,0.000121,0.0,0.41302,0.0,0.412755,0.104189,0.04123,0.0,0.0,0.0,0.279347,0.089521,1e-06,0.0,0.0,0.0,0.0,0.019166,0.02929,0.0,0.0,0.0,0.0,0.0,0.05166,0.057529,0.0,0.404294,0.0,0.361539,0.0,0.0,0.072254,0.0,0.309584,0.0,0.110516,0.0,0.392309,0.0,0.0,0.519333,0.355122,0.066183,0.096812,0.241518,0.0,0.0,0.269549,0.0,0.085165,0.0,0.0,0.030469,0.082503,0.371554,0.0,0.0,0.0,0.0,0.454524,0.106922,0.0,0.0,0.0,0.419422,0.0,0.0,0.0,0.007556,0.0,0.063643,0.0,0.406026,0.189226,0.395527,0.057518,0.0,0.0,1.734911,0.0,0.0,0.039341,0.449114,0.049644,0.459386,0.0,0.285393,0.079347,0.017725,0.314968,0.232115,0.0,0.0,0.104362,0.0,0.0,0.019594,0.304176,0.0,0.292566,0.180614,0.011094,0.52546,0.0,0.274761,0.0,0.061441,0.497213,0.031897,0.0,0.354017,0.098819,0.0,0.0,0.0,0.0,0.054688,0.387828,0.0,0.0,0.076894,0.0,0.0,0.0,0.0,0.067544,0.338553,0.0,0.0,0.130926,0.355162,0.0,0.408948,0.525646,0.034406,0.0,0.470859,0.06583,0.0,0.0,0.0,0.0,0.420067,0.0,0.0,0.10062,0.0,0.435374,0.0152,0.073621,0.433417,0.065857,0.0,0.175705,0.0,0.0,0.0,0.0,0.0605,0.0,0.0,0.0,0.265872,0.0,0.0,0.0,0.062024,0.0,0.0,0.055153,0.35269,0.078459,0.440306,0.0,0.088313,0.0,0.0,0.065132,0.0,0.356146,0.0
TCGA-86-A456-01Z-00-DX1.5C7CBF9B-0AE3-4776-9434-296AA0C605CC,0.201903,0.0,0.033055,0.0,0.0,0.1353,0.0,0.0,0.368389,0.192445,0.088971,0.000229,0.0,0.0,0.0,0.210017,0.0,0.144757,0.0,0.0,0.344216,0.0,0.0,0.0,0.0,0.0,0.12621,0.0,0.176906,0.146906,0.0,0.0,0.10495,0.548941,0.0,0.241156,0.279053,0.0,0.0,0.0,0.0,0.236683,0.270089,0.138153,0.0,0.256162,0.144064,0.0,0.0,0.373174,0.0,0.105369,0.142716,1.718551,0.0,0.374434,0.107119,0.0,0.0,0.144072,0.0,0.0,0.0,0.013832,0.153784,0.289254,0.0,0.119756,0.152935,0.0,0.0,0.0,0.133183,0.086368,0.0,1.3e-05,0.0,0.0,0.0,0.0,0.0,0.385383,0.077049,0.0,0.0,0.214343,0.0,0.211935,0.090582,0.035641,0.179146,0.14544,0.331238,0.0,0.353226,0.0,0.0,0.0,0.0,0.154228,0.0,0.0,0.0,0.178924,0.0,0.0,0.0,0.213903,0.13464,0.307418,0.136874,0.0,0.181871,0.0,0.272481,0.0,0.0,0.412967,0.144687,0.0,0.186782,0.0,0.180994,0.0,0.0,0.0,0.336637,0.132023,0.176171,0.0,0.108886,0.0,0.376147,0.168934,0.375253,0.0,0.0,0.000903,0.08654,0.0,0.241574,0.15511,0.307738,0.213325,0.0,0.0,0.0,0.187351,0.0,0.0,0.125174,0.0,0.166807,0.324104,0.088187,0.038946,0.034755,0.173686,0.096311,0.0,0.412221,0.140375,0.0,0.0,0.0,0.000177,0.0,0.0,0.0,0.297077,0.0,0.0,0.096483,0.0,0.0,0.0,0.0,0.0,0.111281,0.369008,0.0,0.0,0.0,0.0,0.0,0.066903,0.218999,0.130913,0.0,0.0,0.0,0.0,0.359574,0.0,0.332516,0.290396,0.074412,0.160239,0.292206,0.0,0.0,0.0,1.527653,0.02863,0.0,0.0,0.303063,1.008223,0.0,0.0,0.112267,0.0,0.0,0.0,0.004495,0.155061,0.0,0.440442,0.0,0.0,0.0,0.198716,0.0,0.179294,0.10388,0.0,0.0,0.0,0.0,0.0,0.296408,0.221692,0.0,0.062146,0.0,0.108307,0.160453,0.058101,0.108386,0.0,0.000326,0.0,0.0,0.0,0.182264,0.277472,0.095269,0.0,0.061482,0.039006,0.152518,0.0,0.100952,0.0,0.0,0.246553,0.0,0.115451,0.0,0.226138,0.0,0.070597,0.0,6.6e-05,0.121375,0.0,0.0,0.0,0.139891,0.0,0.0,0.152523,0.169339,0.226208,0.299612,0.166888,0.0,0.110621,0.0,0.247472,0.345433,0.274913,0.134783,0.190242,0.0,2.1e-05,0.314136,0.0,0.096245,0.282695,0.069388,0.211579,0.0,0.0,0.0,0.144553,0.0,0.0,0.076347,0.336988,0.156091,0.276505,0.282328,0.123974,0.0,0.206301,0.0,0.0,0.0,0.19804,0.0,0.215803,0.0,0.0,0.268393,0.0,0.326071,0.0,0.0,0.090939,0.0,0.074794,0.121705,0.219889,0.0,0.152719,0.105106,0.234178,0.0,0.333019,0.000359,0.0,0.311906,0.0,0.362624,0.186102,0.108637,0.0,0.0,0.0,0.166044,0.213072,0.0,0.0,0.0,0.0,0.0,0.054267,0.076755,0.0,0.0,0.0,0.0,0.0,0.11837,0.120636,0.0,0.306085,0.0,0.266693,0.0,0.0,0.194012,0.0,0.194849,0.0,0.200516,0.0,0.40968,0.0,0.0,0.385203,0.280772,0.148936,0.192124,0.204744,0.0,0.0,0.161875,0.0,0.182586,0.0,0.0,0.073727,0.179218,0.215484,0.0,0.0,0.0,0.0,0.342348,0.183378,0.0,0.0,0.0,0.333593,0.0,0.0,0.0,0.015448,0.0,0.134559,0.0,0.264428,0.165409,0.297574,0.140779,0.0,0.0,1.649868,0.0,0.0,0.110015,0.354271,0.114506,0.356089,0.0,0.178376,0.079704,0.057994,0.194191,0.127502,0.0,0.0,0.208179,0.0,0.0,0.071238,0.215476,0.0,0.147395,0.178094,0.024853,0.400222,0.0,0.15844,0.0,0.140159,0.368014,0.086456,0.0,0.243459,0.127497,0.0,0.0,0.0,0.0,0.11826,0.300344,0.0,0.0,0.179939,0.0,0.0,0.0,4.4e-05,0.131746,0.244542,0.0,0.0,0.179416,0.266,0.0,0.310855,0.480385,0.085417,0.0,0.435891,0.126367,0.0,0.0,0.0,0.0,0.320787,0.0,0.0,0.198693,0.0,0.317178,0.059672,0.145084,0.339386,0.130305,0.0,0.23221,0.0,0.0,0.0,0.0,0.122284,0.0,0.0,0.0,0.170321,0.0,0.0,0.0,0.154979,0.0,0.0,0.122607,0.255871,0.149351,0.337117,0.0,0.188251,0.0,0.0,0.132532,0.0,0.219887,0.0
TCGA-49-4512-01Z-00-DX2.341d7ff7-15e1-44f1-8818-b117fe98ca99,0.110632,0.0,0.00832,0.0,0.0,0.05939,0.0,0.0,0.431867,0.107335,0.048336,0.000194,0.0,0.0,0.0,0.123976,0.0,0.123399,0.0,0.0,0.473107,0.0,0.0,0.0,0.0,0.0,0.047886,0.0,0.262892,0.075509,0.0,0.0,0.060711,0.667633,0.0,0.353999,0.390248,0.0,0.0,0.0,0.0,0.387718,0.385357,0.073215,0.0,0.272221,0.138149,0.0,0.0,0.488145,0.0,0.097663,0.103279,1.793596,0.0,0.52482,0.05238,0.0,0.0,0.076733,0.0,2e-06,0.0,0.004051,0.060194,0.400517,0.0,0.053366,0.278084,0.0,0.0,0.0,0.27832,0.034276,0.0,0.000556,0.0,0.0,0.0,0.0,0.0,0.495872,0.021853,0.0,0.0,0.102681,0.0,0.361096,0.038376,0.011339,0.082306,0.118663,0.404114,0.0,0.504445,0.0,0.0,0.0,0.0,0.061405,3.9e-05,0.0,0.0,0.09675,0.0,0.0,0.0,0.20542,0.048947,0.419112,0.066956,0.0,0.304651,0.0,0.412647,0.0,0.0,0.488949,0.128039,0.0,0.315982,0.0,0.180017,0.0,0.0,0.0,0.460746,0.19669,0.096823,0.0,0.093643,0.0,0.533123,0.34601,0.536779,0.0,0.0,0.007475,0.063388,0.0,0.3661,0.095952,0.412434,0.327555,0.0,0.0,0.0,0.303053,0.0,0.0,0.065634,0.0,0.307026,0.434895,0.022077,0.022012,0.004708,0.08892,0.03597,0.0,0.551506,0.123195,0.0,0.0,0.0,0.00028,0.0,0.0,0.0,0.402909,0.0,0.0,0.055309,0.0,0.0,0.0,0.0,0.0,0.059651,0.48346,0.0,0.0,0.0,0.0,0.0,0.038441,0.308607,0.055511,0.0,0.0,0.0,0.0,0.472227,0.0,0.457399,0.419452,0.020728,0.141167,0.416632,0.0,0.0,0.0,1.668272,0.007488,0.0,0.0,0.39932,1.134798,0.0,0.0,0.113914,0.0,0.0,0.0,0.016987,0.127153,0.0,0.587047,0.0,0.0,0.0,0.104258,0.0,0.084298,0.045061,0.0,0.0,0.0,0.0,0.0,0.371673,0.121936,0.0,0.026236,0.0,0.032389,0.075178,0.015976,0.036367,0.0,0.000976,0.0,0.0,0.0,0.104027,0.403726,0.184568,0.0,0.021368,0.013299,0.282109,0.0,0.042096,0.0,0.0,0.279861,0.0,0.058415,0.0,0.120503,0.0,0.023766,0.0,6.9e-05,0.10516,0.0,0.0,0.0,0.069195,0.0,0.0,0.070074,0.090376,0.337681,0.436211,0.142426,0.0,0.069056,0.0,0.354413,0.458137,0.450484,0.062395,0.105243,0.0,0.000167,0.421982,0.0,0.044433,0.154887,0.028163,0.151166,0.0,0.0,0.0,0.069562,0.0,0.0,0.022046,0.463988,0.205039,0.381843,0.395285,0.103165,0.0,0.223414,0.0,0.0,7e-06,0.14868,0.0,0.221124,0.0,0.0,0.401545,0.0,0.43359,0.0,0.0,0.038254,0.0,0.036901,0.059575,0.324326,0.0,0.109204,0.04976,0.1443,0.0,0.438561,0.001189,0.0,0.458022,0.0,0.36272,0.104915,0.047641,0.0,0.0,0.0,0.296947,0.112617,0.0,0.0,0.0,0.0,0.0,0.017887,0.034536,0.0,0.0,0.0,0.0,0.0,0.050407,0.068909,0.0,0.409932,0.0,0.372781,0.0,0.0,0.112626,0.0,0.332974,0.0,0.12247,0.0,0.439631,0.0,0.0,0.478193,0.293322,0.069704,0.096365,0.311352,0.0,0.0,0.34094,0.0,0.098358,0.0,0.0,0.025952,0.090005,0.404293,1e-06,0.0,0.0,0.0,0.478813,0.097177,0.0,0.0,0.0,0.447947,0.0,0.0,0.0,0.006733,0.0,0.073077,0.0,0.43049,0.252435,0.409346,0.050918,0.0,0.0,1.777183,0.0,0.0,0.04175,0.475894,0.053372,0.490775,0.0,0.316447,0.051176,0.015479,0.326701,0.223985,0.0,0.0,0.113655,0.0,0.0,0.030986,0.316672,0.0,0.337473,0.21158,0.012732,0.550229,0.0,0.308521,0.0,0.114755,0.496502,0.037128,0.0,0.386755,0.10785,0.0,0.0,0.0,0.0,0.057949,0.399926,0.0,0.0,0.144731,0.0,0.0,0.0,0.0,0.119673,0.320492,0.0,0.0,0.163851,0.373453,0.0,0.424677,0.570821,0.04468,0.0,0.519632,0.072125,0.0,0.0,0.0,0.0,0.447633,0.0,0.0,0.126456,0.0,0.455873,0.018599,0.072755,0.440294,0.056331,0.0,0.254984,0.0,0.0,0.0,0.0,0.070575,0.0,0.0,0.0,0.281567,0.0,0.0,2.7e-05,0.069309,0.0,0.0,0.133998,0.366284,0.086597,0.456846,0.0,0.12169,0.0,0.0,0.073641,0.0,0.385741,0.0
TCGA-05-4417-01Z-00-DX1.6E534856-996F-4BD9-8AFC-7B1BF627E505,0.075139,0.0,0.001918,0.0,0.0,0.038573,0.0,0.0,0.437431,0.062804,0.024375,0.000457,0.0,0.0,0.0,0.073655,0.0,0.044682,0.0,0.0,0.500564,0.0,0.0,0.0,0.0,0.0,0.023257,0.0,0.242805,0.032305,0.0,0.0,0.028846,0.653632,0.0,0.352631,0.413035,0.0,2e-06,0.0,0.0,0.36783,0.387007,0.038685,0.0,0.20173,0.073638,0.0,0.0,0.515862,0.0,0.043294,0.058091,1.661998,5.2e-05,0.517008,0.022048,0.0,0.0,0.041618,0.0,0.0,0.0,0.001305,0.01364,0.390031,0.0,0.019558,0.23356,0.0,0.0,0.0,0.25495,0.022972,0.0,2.3e-05,0.0,0.0,0.0,0.0,0.0,0.48654,0.010359,0.0,0.0,0.065273,0.0,0.366986,0.013806,0.004098,0.043748,0.099231,0.39682,0.0,0.485234,0.0,0.0,0.0,0.0,0.035272,0.0,0.0,0.0,0.055801,0.0,0.0,0.0,0.128046,0.026116,0.429162,0.014618,0.0,0.313929,0.0,0.389783,0.0,0.0,0.410482,0.096135,0.0,0.315948,0.0,0.147432,0.0,0.0,0.0,0.475151,0.120673,0.05931,0.0,0.040427,0.0,0.512823,0.331612,0.522469,0.0,0.0,0.001444,0.031803,0.0,0.355891,0.029255,0.428417,0.341808,0.0,0.0,0.0,0.3023,0.0,0.0,0.035946,1e-06,0.311863,0.444196,0.013648,0.009146,0.001303,0.027605,0.020447,0.0,0.518495,0.045413,0.0,0.0,0.0,0.000507,0.0,0.0,0.0,0.342446,0.0,0.0,0.017204,0.0,0.0,0.0,0.0,0.0,0.024978,0.468623,0.0,0.0,0.0,0.0,0.0,0.015748,0.261311,0.026807,0.0,0.0,0.0,0.0,0.491012,0.0,0.48639,0.422928,0.011626,0.064759,0.409509,0.0,0.0,0.0,1.593784,0.001724,0.0,0.0,0.401479,1.094917,0.0,0.0,0.124339,0.0,0.0,0.0,0.002004,0.078399,0.0,0.551815,0.0,0.0,0.0,0.065554,0.0,0.061754,0.018994,0.0,0.0,0.0,0.0,0.0,0.347703,0.079483,0.0,0.012241,0.0,0.006905,0.039806,0.008024,0.020148,0.0,0.001006,0.0,0.0,0.0,0.051965,0.377704,0.150739,0.0,0.011851,0.005518,0.266242,0.0,0.022906,0.0,0.0,0.262953,0.0,0.029361,0.0,0.104167,0.0,0.012465,0.0,0.000206,0.027989,0.0,0.0,0.0,0.027175,0.0,0.0,0.047506,0.055696,0.343229,0.410188,0.047083,0.0,0.033987,0.0,0.370673,0.469026,0.422305,0.024787,0.071936,0.0,1e-06,0.451442,0.0,0.02178,0.095092,0.010681,0.079797,0.0,0.0,0.0,0.044075,0.0,0.0,0.009262,0.460972,0.201979,0.387238,0.409518,0.033969,0.0,0.146399,0.0,0.0,7e-06,0.075102,0.0,0.150634,0.0,0.0,0.390324,0.0,0.447908,0.0,0.0,0.021486,0.0,0.017284,0.030507,0.272361,0.0,0.088326,0.027002,0.077478,0.0,0.462703,0.000851,0.0,0.448447,0.0,0.335146,0.049389,0.027833,0.0,0.0,0.0,0.275262,0.06785,0.0,0.0,0.0,0.0,0.0,0.005627,0.017067,0.0,0.0,0.0,0.0,0.0,0.018561,0.029632,0.0,0.429619,0.0,0.389907,0.0,0.0,0.063952,0.0,0.322021,0.0,0.067806,0.0,0.387346,0.0,0.0,0.439088,0.282788,0.039023,0.056642,0.231457,0.0,0.0,0.299451,0.0,0.049989,0.0,0.0,0.010484,0.049545,0.388169,0.0,0.0,0.0,0.0,0.466904,0.05993,0.0,0.0,0.0,0.450479,0.0,0.0,0.0,0.001894,0.0,0.042085,0.0,0.422143,0.190072,0.420782,0.029206,0.0,0.0,1.692439,0.0,0.0,0.017617,0.471676,0.022367,0.489143,0.0,0.312547,0.022308,0.005904,0.331779,0.242698,0.0,0.0,0.066527,0.0,0.0,0.007229,0.28728,0.0,0.322771,0.20524,0.00862,0.559534,0.0,0.302634,0.0,0.038938,0.487801,0.016507,0.0,0.358017,0.095877,0.0,0.0,0.0,0.0,0.034807,0.414764,0.0,0.0,0.092877,0.0,0.0,0.0,0.0,0.04586,0.356066,0.0,0.0,0.090821,0.38896,0.0,0.422091,0.570943,0.025945,0.0,0.499272,0.029338,0.0,0.0,0.0,0.0,0.453665,0.0,0.0,0.031876,0.0,0.45557,0.007138,0.043776,0.469636,0.028833,0.0,0.257243,0.0,0.0,0.0,0.0,0.042312,0.0,0.0,1e-06,0.297281,0.0,0.0,0.0,0.039856,0.0,0.0,0.088786,0.378366,0.029438,0.461467,0.0,0.063811,0.0,0.0,0.038328,0.0,0.358254,0.0
TCGA-50-5045-01Z-00-DX1.ec50bbfc-1721-4e94-ac11-9ebd843e11ba,0.108064,0.0,0.01391,0.0,0.0,0.075634,0.0,0.0,0.408342,0.107279,0.054505,0.000168,0.0,0.0,0.0,0.126651,0.0,0.107096,0.0,0.0,0.422854,0.0,0.0,0.0,0.0,0.0,0.057664,0.0,0.231608,0.082326,0.0,0.0,0.058982,0.613373,0.0,0.306942,0.355201,0.0,0.0,0.0,0.0,0.332035,0.345273,0.07203,0.0,0.271073,0.098673,0.0,0.0,0.435617,0.0,0.071202,0.091976,1.686685,0.0,0.470639,0.058562,0.0,0.0,0.087088,0.0,0.0,0.0,0.003428,0.093356,0.355053,0.0,0.062448,0.246759,0.0,0.0,0.0,0.224871,0.038134,0.0,3.5e-05,0.0,0.0,0.0,0.0,0.0,0.444295,0.031151,0.0,0.0,0.133536,0.0,0.315986,0.053799,0.013949,0.090695,0.112533,0.35383,0.0,0.45313,0.0,0.0,0.0,0.0,0.080177,0.0,0.0,1e-06,0.098339,0.0,0.0,0.0,0.211786,0.06185,0.360095,0.073815,0.0,0.26504,0.0,0.365081,0.0,0.0,0.495062,0.102366,0.0,0.27585,0.0,0.219162,0.0,0.0,0.0,0.409723,0.19129,0.099907,0.0,0.058663,0.0,0.455798,0.288209,0.475912,0.0,0.0,0.001958,0.075707,0.0,0.319698,0.095185,0.352452,0.295673,0.0,0.0,0.0,0.261107,0.0,0.0,0.06455,0.0,0.274176,0.380856,0.037549,0.020067,0.010117,0.109596,0.041819,0.0,0.491156,0.092517,0.0,0.0,0.0,0.000233,0.0,0.0,0.0,0.362887,0.0,0.0,0.050204,0.0,0.0,0.0,0.0,0.0,0.060919,0.441602,0.0,0.0,0.0,0.0,0.0,0.044691,0.268492,0.070424,0.0,0.0,0.0,0.0,0.424233,0.0,0.406732,0.370553,0.036044,0.111842,0.364577,0.0,0.0,0.0,1.57114,0.012141,0.0,0.0,0.354467,1.073153,0.0,0.0,0.099773,0.0,0.0,0.0,0.003689,0.114687,0.0,0.533198,0.0,0.0,0.0,0.115049,0.0,0.095603,0.056517,0.0,0.0,0.0,0.0,0.0,0.311504,0.115967,0.0,0.030537,0.0,0.053117,0.095307,0.018825,0.053347,0.0,0.000571,0.0,0.0,0.0,0.096239,0.345498,0.155358,0.0,0.029063,0.01251,0.248572,0.0,0.04904,0.0,0.0,0.235428,0.0,0.058646,0.0,0.127054,0.0,0.026699,0.0,7e-05,0.078599,0.0,0.0,0.0,0.075575,0.0,0.0,0.079438,0.092878,0.308213,0.362434,0.124914,0.0,0.067857,0.0,0.32049,0.409763,0.375344,0.076112,0.107257,0.0,9.9e-05,0.382299,0.0,0.045901,0.191668,0.035703,0.152131,0.0,0.0,0.0,0.077295,0.0,0.0,0.033844,0.402454,0.181573,0.337429,0.355703,0.076547,0.0,0.185455,0.0,0.0,1.2e-05,0.136357,0.0,0.199366,0.0,0.0,0.349678,0.0,0.396528,0.0,0.0,0.044816,0.0,0.038134,0.06171,0.286941,0.0,0.118018,0.051899,0.143277,0.0,0.394079,0.000709,0.0,0.390517,0.0,0.375675,0.108882,0.046696,0.0,0.0,0.0,0.259997,0.111549,0.0,0.0,0.0,0.0,0.0,0.024466,0.034559,0.0,0.0,0.0,0.0,0.0,0.064299,0.073955,0.0,0.379071,0.0,0.334472,0.0,0.0,0.131989,0.0,0.292595,0.0,0.122696,0.0,0.405308,0.0,0.0,0.461607,0.311781,0.077525,0.100711,0.253417,0.0,0.0,0.283786,0.0,0.092031,0.0,0.0,0.03836,0.099169,0.339302,0.0,0.0,0.0,0.0,0.427277,0.109039,0.0,0.0,0.0,0.397533,0.0,0.0,0.0,0.005781,0.0,0.068127,0.0,0.378525,0.205558,0.363301,0.06768,0.0,0.0,1.680178,0.0,0.0,0.047848,0.42919,0.057259,0.441299,0.0,0.27762,0.073247,0.021223,0.282135,0.200548,0.0,0.0,0.116989,0.0,0.0,0.032829,0.268058,0.0,0.284059,0.178685,0.012341,0.510813,0.0,0.262794,0.0,0.093668,0.443674,0.037585,0.0,0.336276,0.116835,0.0,0.0,0.0,0.0,0.058603,0.351324,0.0,0.0,0.100561,0.0,0.0,0.0,0.0,0.114137,0.297841,0.0,0.0,0.158798,0.337835,0.0,0.378194,0.518986,0.04008,0.0,0.465926,0.07373,0.0,0.0,0.0,0.0,0.390022,0.0,0.0,0.14164,0.0,0.394821,0.025536,0.081208,0.408131,0.068612,0.0,0.196036,0.0,0.0,0.0,0.0,0.067496,0.0,0.0,0.0,0.252794,0.0,0.0,0.0,0.070692,0.0,0.0,0.072978,0.325615,0.093712,0.411905,0.0,0.110028,0.0,0.0,0.077111,0.0,0.325147,0.0
TCGA-49-4505-01Z-00-DX2.48df81e7-5a8e-4c5b-993a-6a54481a35e9,0.048904,0.0,0.001718,0.0,0.0,0.025123,0.0,0.0,0.458575,0.046186,0.019792,0.000159,0.0,0.0,0.0,0.050758,0.0,0.158389,0.0,0.0,0.613748,0.0,0.0,0.0,0.0,0.0,0.020712,0.0,0.427662,0.028433,0.0,0.0,0.024434,0.834916,0.0,0.43151,0.491919,0.0,0.0,0.0,0.0,0.520314,0.495827,0.03146,0.0,0.352514,0.163005,0.0,0.0,0.612515,0.0,0.123816,0.105195,1.919146,0.0,0.668621,0.020771,0.0,0.0,0.034521,0.0,0.0,0.0,0.000855,0.02884,0.512216,0.0,0.051432,0.461809,0.0,0.0,0.0,0.431805,0.014332,0.0,0.000174,0.0,0.0,0.0,0.0,0.0,0.632656,0.008566,0.0,0.0,0.067695,0.0,0.522334,0.01626,0.004732,0.041692,0.079595,0.502668,0.0,0.641677,0.0,0.0,0.0,0.0,0.028349,1e-06,0.0,0.0,0.039253,0.0,0.0,0.0,0.290308,0.016779,0.502302,0.036441,0.0,0.421714,0.0,0.551464,0.0,0.0,0.626685,0.136934,0.0,0.46437,0.0,0.164047,0.0,0.0,0.0,0.557638,0.304538,0.039635,0.0,0.09783,0.0,0.580119,0.568288,0.710463,0.0,0.0,0.008272,0.040574,0.0,0.496773,0.117996,0.501635,0.458036,0.0,0.0,0.0,0.441698,0.0,0.0,0.028718,0.0,0.449606,0.51702,0.010849,0.008492,0.000724,0.070816,0.014824,0.0,0.70229,0.146113,0.0,0.0,0.0,0.000232,0.0,0.0,0.0,0.561154,0.0,0.0,0.086909,0.0,0.0,0.0,0.0,0.0,0.023094,0.613288,0.0,0.0,0.0,0.0,0.0,0.016973,0.457005,0.02205,0.0,0.0,0.0,0.0,0.599723,0.0,0.585733,0.55159,0.00756,0.172516,0.528868,0.0,0.0,0.0,1.883738,0.001539,0.0,0.0,0.488712,1.325433,0.0,0.0,0.09303,0.0,0.0,0.0,0.018691,0.179009,0.0,0.764952,0.0,0.0,0.0,0.044463,0.0,0.035548,0.017549,0.0,0.0,0.0,0.0,0.0,0.470965,0.050547,0.0,0.010562,0.0,0.012196,0.032788,0.006455,0.016172,0.0,0.000915,0.0,0.0,0.0,0.041751,0.512066,0.310185,0.0,0.009233,0.006129,0.437934,0.0,0.018157,0.0,0.0,0.337767,0.0,0.026029,0.0,0.061054,0.0,0.01011,0.0,8e-05,0.142242,0.0,0.0,0.0,0.024834,0.0,0.0,0.031525,0.035304,0.441567,0.535051,0.176442,0.0,0.027287,0.0,0.468663,0.576159,0.629202,0.028482,0.046759,0.0,0.000254,0.526744,0.0,0.017247,0.088896,0.011094,0.131202,0.0,0.0,0.0,0.027978,0.0,0.0,0.008769,0.573238,0.243699,0.489085,0.498315,0.135567,0.0,0.27837,0.0,0.0,0.0,0.167663,0.0,0.28895,0.0,0.0,0.529418,0.0,0.558155,0.0,0.0,0.017327,0.0,0.014947,0.025674,0.495364,0.0,0.112657,0.01987,0.138268,0.0,0.534966,0.001188,0.0,0.574298,0.0,0.383236,0.042546,0.020822,0.0,0.0,0.0,0.465007,0.07272,0.0,0.0,0.0,0.0,0.0,0.006074,0.014963,0.0,0.0,0.0,0.0,0.0,0.020315,0.027848,0.0,0.540521,0.0,0.481377,0.0,0.0,0.123442,0.0,0.474952,0.0,0.049035,0.0,0.553519,0.0,0.0,0.531402,0.307148,0.028776,0.039013,0.446114,0.0,0.0,0.616252,0.0,0.039737,0.0,0.0,0.010043,0.036256,0.585537,0.0,0.0,0.0,0.0,0.588093,0.039088,0.0,0.0,0.0,0.551092,0.0,0.0,0.0,0.002231,0.0,0.029949,0.0,0.622591,0.405025,0.534643,0.021597,0.0,0.0,1.953404,0.0,0.0,0.015901,0.587038,0.020335,0.618417,0.0,0.476829,0.034673,0.006433,0.439699,0.312399,0.0,0.0,0.045673,0.0,0.0,0.010822,0.391282,0.0,0.560601,0.25763,0.003005,0.734068,0.0,0.466124,0.0,0.136134,0.573385,0.01514,0.0,0.562763,0.086919,0.0,0.0,0.0,0.0,0.022131,0.495652,0.0,0.0,0.136855,0.0,0.0,0.0,0.0,0.180208,0.384999,0.0,0.0,0.239205,0.481139,0.0,0.51567,0.686077,0.019121,0.0,0.643039,0.029757,0.0,0.0,0.0,0.0,0.577578,0.0,0.0,0.165539,0.0,0.537731,0.006974,0.028979,0.551848,0.023675,0.0,0.281511,0.0,0.0,0.0,0.0,0.028576,0.0,0.0,0.0,0.429671,0.0,0.0,1e-06,0.026293,0.0,0.0,0.151943,0.464989,0.07563,0.557875,0.0,0.067985,0.0,0.0,0.02934,0.0,0.579936,0.0
TCGA-97-A4M3-01Z-00-DX1.16330A66-2501-48D2-AF6A-713698BF6918,0.082048,0.0,0.007407,0.0,0.0,0.043983,0.0,0.0,0.423391,0.079199,0.034551,0.009392,0.0,0.0,0.0,0.077369,0.0,0.14809,0.0,0.0,0.526263,0.0,0.0,0.0,0.0,0.0,0.041037,0.0,0.369419,0.04715,0.0,0.0,0.041183,0.744748,0.0,0.376614,0.422934,0.0,0.0,0.0,0.0,0.436369,0.410037,0.051823,0.0,0.320873,0.148496,0.0,0.0,0.530916,0.0,0.115799,0.10559,1.788001,4e-06,0.575531,0.036643,0.0,0.0,0.055454,0.0,1e-06,0.0,0.007648,0.055466,0.426776,0.0,0.082212,0.398778,0.0,0.0,0.0,0.353784,0.026174,0.0,0.000389,0.0,0.0,0.0,0.0,0.0,0.54995,0.018575,0.0,0.0,0.103618,0.0,0.437816,0.023737,0.009804,0.075698,0.086055,0.436453,0.0,0.554083,0.0,0.0,0.0,0.0,0.048517,0.0,0.0,0.0,0.069314,0.0,0.0,0.0,0.289709,0.036125,0.428761,0.07196,0.0,0.346699,0.0,0.463866,0.0,0.0,0.579618,0.101426,0.0,0.38281,0.0,0.183212,0.0,0.0,0.0,0.478162,0.294501,0.062532,0.0,0.088826,0.0,0.475308,0.465588,0.607973,0.0,0.0,0.009943,0.061112,0.0,0.421627,0.119,0.427692,0.381266,0.0,0.0,0.0,0.362526,0.0,0.0,0.050046,1e-06,0.378993,0.433861,0.019887,0.014391,0.004285,0.117011,0.028223,0.0,0.605471,0.136622,0.0,0.0,0.0,0.008384,0.0,0.0,0.0,0.493423,0.0,0.0,0.097879,0.0,0.0,0.0,0.0,0.0,0.037393,0.533094,0.0,0.0,1e-06,0.0,0.0,0.027013,0.397092,0.038379,0.0,0.0,0.0,0.0,0.517304,0.0,0.497877,0.466935,0.018122,0.158941,0.453478,0.0,0.0,0.0,1.724872,0.007896,0.0,0.0,0.420602,1.203504,0.0,0.0,0.073655,0.0,0.0,0.0,0.016423,0.179052,0.0,0.662088,0.0,0.0,0.0,0.072707,0.0,0.060414,0.031511,0.0,0.0,0.0,0.0,0.0,0.41091,0.084478,0.0,0.017286,0.0,0.032261,0.054491,0.012152,0.031854,0.0,0.014312,0.0,0.0,0.0,0.069817,0.43442,0.25833,0.0,0.015969,0.01047,0.364286,0.0,0.030755,0.0,0.0,0.293729,0.0,0.045306,0.0,0.096091,0.0,0.021992,0.0,0.003261,0.142677,0.0,0.0,0.0,0.041399,0.0,0.0,0.051791,0.060578,0.37776,0.455643,0.162449,0.0,0.044634,0.0,0.411496,0.495798,0.519058,0.045258,0.068498,0.0,0.000128,0.451295,0.0,0.027643,0.130745,0.017642,0.146804,0.0,0.0,0.0,0.050335,0.0,0.0,0.018104,0.489827,0.200838,0.415026,0.422567,0.122379,0.0,0.245399,0.0,0.0,0.0,0.172507,0.0,0.263747,0.0,0.0,0.446313,0.0,0.484696,0.0,0.0,0.027543,0.0,0.027152,0.042735,0.431587,0.0,0.125002,0.032049,0.154323,0.0,0.463071,0.013447,0.0,0.495423,0.0,0.380673,0.078689,0.034933,0.0,0.0,0.0,0.39686,0.098923,0.0,0.0,0.0,0.0,0.0,0.013793,0.027289,0.0,0.0,0.0,0.0,0.0,0.036646,0.043619,0.0,0.465805,0.0,0.413345,0.0,0.0,0.148359,0.0,0.387995,0.0,0.081071,0.0,0.497693,0.0,0.0,0.502675,0.314553,0.048622,0.068963,0.384765,0.0,0.0,0.509865,0.0,0.059706,0.0,0.0,0.019177,0.065553,0.490503,0.0,0.0,0.0,0.0,0.505269,0.071177,0.0,0.0,0.0,0.459388,0.0,0.0,0.0,0.004628,0.0,0.043135,0.0,0.523186,0.348917,0.465023,0.03992,0.0,0.0,1.803326,0.0,0.0,0.026115,0.508169,0.037203,0.540307,0.0,0.398954,0.070894,0.014692,0.373736,0.272569,0.0,0.0,0.076256,0.0,0.0,0.016991,0.332774,0.0,0.460743,0.224676,0.00651,0.636532,0.0,0.380399,0.0,0.126658,0.496856,0.030043,0.0,0.480585,0.093489,0.0,0.0,0.0,0.0,0.036409,0.433038,0.0,0.0,0.123555,1.5e-05,0.0,0.0,0.0,0.170634,0.359598,0.0,0.0,0.239001,0.414758,0.0,0.43573,0.608866,0.027952,0.0,0.575376,0.044655,0.0,0.0,0.0,0.0,0.497585,0.0,0.0,0.192725,0.0,0.449012,0.014356,0.05166,0.489078,0.043121,0.0,0.250713,0.0,0.0,0.0,0.0,0.045071,0.0,0.0,1e-06,0.358471,0.0,0.0,0.0,0.049518,0.0,0.0,0.139655,0.397723,0.10841,0.473388,0.0,0.093418,0.0,0.0,0.045418,0.0,0.480712,0.0
TCGA-MP-A4T8-01Z-00-DX1.3ECB340F-66C7-4F64-8E00-463BF82AAD83,0.126111,0.0,0.016785,0.0,0.0,0.078252,0.0,0.0,0.411095,0.127009,0.057841,0.000202,0.0,0.0,0.0,0.134582,0.0,0.08676,0.0,0.0,0.427561,0.0,0.0,0.0,0.0,0.0,0.074907,0.0,0.206534,0.08699,0.0,0.0,0.067101,0.594519,0.0,0.303293,0.342934,0.0,0.0,0.0,0.0,0.313634,0.330135,0.08437,0.0,0.24238,0.078358,0.0,0.0,0.426819,0.0,0.058615,0.082164,1.681344,0.0,0.451909,0.064509,0.0,0.0,0.08915,0.0,0.0,0.0,0.005707,0.098014,0.333375,0.0,0.067161,0.227319,0.0,0.0,0.0,0.216085,0.045709,0.0,1.2e-05,0.0,0.0,0.0,0.0,0.0,0.431747,0.036858,0.0,0.0,0.138756,0.0,0.295828,0.045932,0.014253,0.109209,0.12409,0.335905,0.0,0.432153,0.0,0.0,0.0,0.0,0.085873,0.0,0.0,0.0,0.11388,0.0,0.0,0.0,0.202327,0.074797,0.366645,0.081099,0.0,0.263378,0.0,0.34288,0.0,0.0,0.474992,0.074148,0.0,0.259465,0.0,0.221951,0.0,0.0,0.0,0.403288,0.191028,0.106194,0.0,0.058016,0.0,0.439862,0.256888,0.45622,0.0,0.0,0.000646,0.085465,0.0,0.31355,0.077053,0.358705,0.278486,0.0,0.0,0.0,0.239015,0.0,0.0,0.078883,0.0,0.255587,0.371609,0.043899,0.02278,0.017628,0.123589,0.050618,0.0,0.481045,0.070828,0.0,0.0,0.0,0.000176,0.0,0.0,0.0,0.326297,0.0,0.0,0.044508,0.0,0.0,0.0,0.0,0.0,0.065985,0.419437,0.0,0.0,0.0,0.0,0.0,0.044389,0.241437,0.073342,0.0,0.0,0.0,0.0,0.425663,0.0,0.401006,0.359208,0.044403,0.107412,0.365425,0.0,0.0,0.0,1.551904,0.013328,0.0,0.0,0.350134,1.036817,0.0,0.0,0.102241,0.0,0.0,0.0,0.001296,0.089223,0.0,0.498207,0.0,0.0,0.0,0.119599,0.0,0.106302,0.056037,0.0,0.0,0.0,0.0,0.0,0.299156,0.12973,0.0,0.03063,0.0,0.074369,0.098627,0.02353,0.063566,0.0,0.000337,0.0,0.0,0.0,0.114082,0.33919,0.146626,0.0,0.030427,0.017094,0.226431,0.0,0.053014,0.0,0.0,0.22723,0.0,0.068448,0.0,0.148541,0.0,0.040553,0.0,5.2e-05,0.066889,0.0,0.0,0.0,0.078782,0.0,0.0,0.086792,0.098942,0.297514,0.359916,0.098745,0.0,0.073144,0.0,0.327295,0.408512,0.357215,0.074446,0.109773,0.0,7e-06,0.384667,0.0,0.047505,0.179651,0.032463,0.133411,0.0,0.0,0.0,0.084648,0.0,0.0,0.035561,0.404809,0.179383,0.330083,0.345344,0.058457,0.0,0.162035,0.0,0.0,0.0,0.122454,0.0,0.17093,0.0,0.0,0.334639,0.0,0.389639,0.0,0.0,0.050105,0.0,0.040751,0.06825,0.265326,0.0,0.112861,0.056385,0.138352,0.0,0.403431,0.000335,0.0,0.381123,0.0,0.396204,0.126737,0.057144,0.0,0.0,0.0,0.247417,0.117046,0.0,0.0,0.0,0.0,0.0,0.028351,0.042136,0.0,0.0,0.0,0.0,0.0,0.069483,0.074306,0.0,0.367197,0.0,0.331958,0.0,0.0,0.122023,0.0,0.266519,0.0,0.126775,0.0,0.3818,0.0,0.0,0.466425,0.324185,0.082759,0.119376,0.225669,0.0,0.0,0.240046,0.0,0.101668,0.0,0.0,0.04094,0.108341,0.32064,0.0,0.0,0.0,0.0,0.41189,0.126252,0.0,0.0,0.0,0.384265,0.0,0.0,0.0,0.005745,0.0,0.075387,0.0,0.360305,0.180565,0.362681,0.077692,0.0,0.0,1.660587,0.0,0.0,0.051929,0.411008,0.064359,0.421519,0.0,0.255679,0.08503,0.026662,0.282076,0.204789,0.0,0.0,0.124827,0.0,0.0,0.029115,0.270098,0.0,0.254217,0.17805,0.012167,0.485798,0.0,0.23274,0.0,0.0799,0.444562,0.044877,0.0,0.323286,0.103455,0.0,0.0,0.0,0.0,0.071699,0.353265,0.0,0.0,0.089537,0.0,0.0,0.0,0.0,0.089585,0.310647,0.0,0.0,0.157859,0.323037,0.0,0.369279,0.502048,0.040157,0.0,0.457586,0.076833,0.0,0.0,0.0,0.0,0.386143,0.0,0.0,0.139002,0.0,0.383365,0.026359,0.094668,0.40223,0.084121,0.0,0.189028,0.0,0.0,0.0,0.0,0.074921,0.0,0.0,0.0,0.234794,0.0,0.0,0.0,0.082016,0.0,0.0,0.071043,0.319861,0.102775,0.40159,0.0,0.110536,0.0,0.0,0.080147,0.0,0.307598,0.0
TCGA-MP-A4TJ-01Z-00-DX1.14EDBE5C-5D0C-4002-BE95-AF5C9D9F3D43,0.216679,0.0,0.019735,0.0,0.0,0.132832,0.0,0.0,0.357872,0.205917,0.112438,4.2e-05,0.0,0.0,0.0,0.203053,0.0,0.07531,0.0,0.0,0.33645,0.0,0.0,0.0,0.0,0.0,0.104863,0.0,0.099234,0.12642,0.0,0.0,0.120114,0.485367,0.0,0.246447,0.267759,0.0,0.0,0.0,0.0,0.213681,0.242476,0.149206,0.0,0.144005,0.093203,0.0,0.0,0.344068,0.0,0.064162,0.077731,1.602821,7e-06,0.358003,0.105755,0.0,0.0,0.149747,0.0,0.0,0.0,0.00438,0.084782,0.262864,0.0,0.061037,0.095415,0.0,0.0,0.0,0.097711,0.083206,0.0,1.4e-05,0.0,0.0,0.0,0.0,0.0,0.341334,0.055534,0.0,0.0,0.167477,0.0,0.17963,0.080275,0.032543,0.143733,0.143398,0.288595,0.0,0.336128,0.0,0.0,0.0,0.0,0.126425,0.0,0.0,0.0,0.182994,0.0,0.0,0.0,0.120236,0.107549,0.311783,0.079943,0.0,0.164739,0.0,0.232679,0.0,0.0,0.327013,0.114561,0.0,0.15427,0.0,0.18077,0.0,0.0,0.0,0.354998,0.096421,0.173937,0.0,0.056203,0.0,0.395534,0.126951,0.323518,0.0,0.0,0.000144,0.054274,0.0,0.201207,0.050272,0.31401,0.183483,0.0,0.0,0.0,0.130876,0.0,0.0,0.144277,0.0,0.149165,0.328271,0.075681,0.050471,0.010464,0.117823,0.093923,0.0,0.358911,0.076438,0.0,0.0,0.0,3.3e-05,0.0,0.0,0.0,0.211542,0.0,0.0,0.018593,0.0,0.0,0.0,0.0,0.0,0.105804,0.338775,0.0,0.0,0.0,0.0,0.0,0.094079,0.134624,0.11819,0.0,0.0,0.0,0.0,0.339274,0.0,0.318778,0.264023,0.060772,0.094327,0.263681,0.0,0.0,0.0,1.414207,0.016625,0.0,0.0,0.300887,0.914403,0.0,0.0,0.114225,0.0,0.0,0.0,0.000286,0.081688,0.0,0.369439,0.0,0.0,0.0,0.189188,0.0,0.175812,0.10364,0.0,0.0,0.0,0.0,0.0,0.257692,0.218714,0.0,0.065222,0.0,0.070892,0.145368,0.038957,0.098277,0.0,7.6e-05,0.0,0.0,0.0,0.173644,0.260742,0.044344,0.0,0.059536,0.033522,0.122356,0.0,0.108488,0.0,0.0,0.226933,0.0,0.127889,0.0,0.244141,0.0,0.069808,0.0,1.1e-05,0.0507,0.0,0.0,0.0,0.1188,0.0,0.0,0.142078,0.163066,0.207833,0.290708,0.086676,0.0,0.137014,0.0,0.242306,0.325542,0.210729,0.106317,0.200722,0.0,0.0,0.312238,0.0,0.09854,0.211112,0.065598,0.174621,0.0,0.0,0.0,0.144236,0.0,0.0,0.062667,0.330704,0.152054,0.237674,0.269546,0.06099,0.0,0.15637,0.0,0.0,0.0,0.135813,0.0,0.146034,0.0,0.0,0.257323,0.0,0.303929,0.0,0.0,0.096418,0.0,0.086921,0.120635,0.137204,0.0,0.12004,0.102211,0.146313,0.0,0.336494,7.1e-05,0.0,0.309499,0.0,0.320874,0.175482,0.101058,0.0,0.0,0.0,0.12022,0.17145,0.0,0.0,0.0,0.0,0.0,0.049142,0.082811,0.0,0.0,0.0,0.0,0.0,0.101453,0.12689,0.0,0.273769,0.0,0.251167,0.0,0.0,0.107737,0.0,0.152349,0.0,0.197038,0.0,0.32432,0.0,0.0,0.371854,0.260898,0.147522,0.177481,0.121263,0.0,0.0,0.087456,0.0,0.165744,0.0,0.0,0.066811,0.166716,0.18647,0.0,0.0,0.0,0.0,0.333191,0.169908,0.0,0.0,0.0,0.320113,0.0,0.0,0.0,0.011397,0.0,0.138044,0.0,0.225482,0.078951,0.27653,0.118202,0.0,0.0,1.546529,0.0,0.0,0.08022,0.355408,0.118503,0.341956,0.0,0.131266,0.057407,0.04567,0.188681,0.131673,0.0,0.0,0.199239,0.0,0.0,0.051242,0.18146,0.0,0.117104,0.151811,0.018105,0.353419,0.0,0.124305,0.0,0.079833,0.375735,0.084625,0.0,0.184755,0.113587,0.0,0.0,0.0,0.0,0.123626,0.305896,0.0,0.0,0.137409,0.0,0.0,0.0,0.0,0.047459,0.248558,0.0,0.0,0.074329,0.249706,0.0,0.295082,0.444017,0.088939,0.0,0.386462,0.129262,0.0,0.0,0.0,0.0,0.294407,0.0,0.0,0.086796,0.0,0.318573,0.04155,0.147272,0.349253,0.122389,0.0,0.225623,0.0,0.0,0.0,0.0,0.141064,0.0,0.0,0.0,0.130637,0.0,0.0,0.0,0.138943,0.0,0.0,0.10108,0.232944,0.09025,0.3167,0.0,0.181027,0.0,0.0,0.14255,0.0,0.166802,0.0
TCGA-MP-A4TC-01Z-00-DX1.C7DB4A7F-F6B8-4FA0-84C1-9B87D41C7749,0.222279,0.0,0.084665,0.0,0.0,0.153456,0.0,0.0,0.316404,0.216392,0.138022,0.000485,0.0,0.0,0.0,0.197577,0.0,0.129143,0.0,0.0,0.283351,0.0,0.0,0.0,0.0,0.0,0.162968,0.0,0.167215,0.151765,0.0,0.0,0.142314,0.507316,0.0,0.194056,0.236217,0.0,0.0,0.0,0.0,0.20491,0.220366,0.165735,0.0,0.244342,0.1197,0.0,0.0,0.287408,0.0,0.113975,0.13953,1.570273,1e-06,0.33064,0.139922,0.0,0.0,0.168451,0.0,2e-06,0.0,0.053123,0.187783,0.234933,0.0,0.130979,0.160785,0.0,0.0,0.0,0.125098,0.114501,0.0,4.1e-05,0.0,0.0,0.0,0.0,0.0,0.33285,0.103078,0.0,0.0,0.228701,0.0,0.191317,0.124789,0.063413,0.197274,0.127424,0.280012,0.0,0.327732,0.0,0.0,0.0,0.0,0.175074,0.0,0.0,0.0,0.187008,0.0,0.0,0.0,0.211048,0.141898,0.24102,0.169113,0.0,0.153488,0.0,0.222858,0.0,0.0,0.432071,0.122554,0.0,0.165561,0.0,0.221308,0.0,0.0,0.0,0.289176,0.165917,0.180132,0.0,0.08946,0.0,0.295696,0.172713,0.320939,0.0,0.0,0.001812,0.091818,0.0,0.205618,0.154272,0.244918,0.177503,0.0,0.0,0.0,0.155843,0.0,0.0,0.156419,0.0,0.154898,0.265367,0.101387,0.071297,0.076764,0.208982,0.116465,0.0,0.353327,0.140406,0.0,0.0,0.0,0.0004,0.0,0.0,0.0,0.280774,0.0,0.0,0.107187,0.0,0.0,0.0,0.0,0.0,0.140925,0.330786,0.0,0.0,0.0,0.0,0.0,0.115121,0.2022,0.144933,0.0,0.0,0.0,0.0,0.300181,0.0,0.277216,0.241058,0.115254,0.140285,0.237706,0.0,0.0,0.0,1.414928,0.083103,0.0,0.0,0.245624,0.940329,0.0,0.0,0.056047,0.0,0.0,0.0,0.003165,0.166385,0.0,0.401969,0.0,0.0,0.0,0.196051,0.0,0.173096,0.127741,0.0,0.0,0.0,0.0,0.0,0.270076,0.221007,0.0,0.100694,0.0,0.162763,0.189387,0.098561,0.146871,0.0,0.000723,0.0,0.0,0.0,0.193836,0.236992,0.092709,0.0,0.094437,0.068692,0.152394,0.0,0.122948,0.0,0.0,0.202113,0.0,0.153112,0.0,0.224366,0.0,0.110094,0.0,0.000138,0.128293,0.0,0.0,0.0,0.143862,0.0,0.0,0.157306,0.179475,0.188543,0.240743,0.156892,0.0,0.157372,0.0,0.222941,0.285738,0.230167,0.157571,0.181885,0.0,1.9e-05,0.269511,0.0,0.113337,0.289863,0.11035,0.220373,0.0,0.0,0.0,0.16125,0.0,0.0,0.121588,0.286249,0.104911,0.224294,0.248666,0.108046,0.0,0.169186,0.0,0.0,0.0,0.205921,0.0,0.198227,0.0,0.0,0.239307,0.0,0.277442,0.0,0.0,0.111499,0.0,0.107491,0.14638,0.20989,0.0,0.139121,0.13072,0.234646,0.0,0.280401,0.000737,0.0,0.282948,0.0,0.3598,0.203408,0.123362,0.0,0.0,0.0,0.164315,0.192426,0.0,0.0,0.0,0.0,0.0,0.107406,0.11737,0.0,0.0,0.0,0.0,0.0,0.152417,0.147599,0.0,0.255651,0.0,0.233334,0.0,0.0,0.194624,0.0,0.166335,0.0,0.21762,0.0,0.368691,0.0,0.0,0.394886,0.285899,0.174074,0.200228,0.19599,0.0,0.0,0.191575,0.0,0.180309,0.0,0.0,0.127576,0.187174,0.205656,0.0,0.0,0.0,0.0,0.290748,0.21009,0.0,0.0,0.0,0.274178,0.0,0.0,0.0,0.057073,0.0,0.139128,0.0,0.245208,0.161112,0.247245,0.148821,0.0,0.0,1.535075,0.0,0.0,0.112605,0.305977,0.142034,0.30376,0.0,0.155858,0.124075,0.103203,0.180181,0.121734,0.0,0.0,0.221336,0.0,0.0,0.102051,0.16654,0.0,0.166728,0.131646,0.075376,0.37896,0.0,0.15678,0.0,0.136814,0.308173,0.115938,0.0,0.238741,0.106652,0.0,0.0,0.0,0.0,0.128976,0.253663,0.0,0.0,0.169771,1e-06,0.0,0.0,0.0,0.142736,0.209616,0.0,0.0,0.184837,0.216059,0.0,0.249771,0.416265,0.100869,0.0,0.397789,0.153078,0.0,0.0,0.0,0.0,0.265367,0.0,0.0,0.236858,0.0,0.252193,0.092643,0.161747,0.283472,0.167372,0.0,0.17886,0.0,0.0,0.0,0.0,0.142398,0.0,0.0,0.0,0.142173,0.0,0.0,0.0,0.163281,0.0,0.0,0.110678,0.210063,0.180212,0.270752,0.0,0.196799,0.0,0.0,0.158366,0.0,0.193774,0.0
TCGA-95-7039-01Z-00-DX1.C191A46D-A667-4BF6-8E6B-3E5CBF9DF43F,0.079972,0.0,0.00905,0.0,0.0,0.042842,0.0,0.0,0.434311,0.078927,0.03751,0.002143,0.0,0.0,0.0,0.084016,0.0,0.154245,0.0,0.0,0.559451,0.0,0.0,0.0,0.0,0.0,0.04291,0.0,0.367246,0.047425,0.0,0.0,0.040348,0.750657,0.0,0.382713,0.432646,0.0,0.0,0.0,0.0,0.432779,0.433739,0.057412,0.0,0.318385,0.157317,0.0,0.0,0.556458,0.0,0.122443,0.112927,1.87731,2.1e-05,0.58156,0.037413,0.0,0.0,0.056895,0.0,0.0,0.0,0.009438,0.041678,0.456587,0.0,0.074567,0.372093,0.0,0.0,0.0,0.346596,0.032695,0.0,0.00023,0.0,0.0,0.0,0.0,0.0,0.567788,0.021475,0.0,0.0,0.100914,0.0,0.436625,0.028758,0.017497,0.074343,0.103982,0.459341,0.0,0.549047,0.0,0.0,0.0,0.0,0.047191,0.0,0.0,0.0,0.071027,0.0,0.0,0.0,0.267242,0.039028,0.460392,0.049126,0.0,0.357118,0.0,0.463141,0.0,0.0,0.545902,0.136044,0.0,0.386059,0.0,0.138816,0.0,0.0,0.0,0.505071,0.249546,0.072879,0.0,0.108137,0.0,0.523448,0.445803,0.620361,0.0,0.0,0.003826,0.043901,0.0,0.422441,0.123514,0.458852,0.3886,0.0,0.0,0.0,0.364335,0.0,0.0,0.053169,0.0,0.372095,0.463835,0.025847,0.021721,0.006809,0.090855,0.030763,0.0,0.622334,0.138579,0.0,0.0,0.0,0.001915,0.0,0.0,0.0,0.466167,0.0,0.0,0.084105,0.0,0.0,0.0,0.0,0.0,0.041217,0.547172,0.0,0.0,0.0,0.0,0.0,0.028689,0.39133,0.037958,0.0,0.0,0.0,0.0,0.54342,0.0,0.521045,0.483185,0.017057,0.175428,0.462364,0.0,0.0,0.0,1.782076,0.010361,0.0,0.0,0.448094,1.240932,0.0,0.0,0.108267,0.0,0.0,0.0,0.010869,0.172968,0.0,0.66261,0.0,0.0,0.0,0.078757,0.0,0.070298,0.031656,0.0,0.0,0.0,0.0,0.0,0.435057,0.097668,0.0,0.027641,0.0,0.023484,0.0579,0.023695,0.034947,0.0,0.003265,0.0,0.0,0.0,0.079071,0.452169,0.258266,0.0,0.019666,0.016418,0.346335,0.0,0.036605,0.0,0.0,0.334679,0.0,0.048597,0.0,0.100397,0.0,0.024467,0.0,0.000727,0.126386,0.0,0.0,0.0,0.048804,0.0,0.0,0.060781,0.065418,0.374046,0.47809,0.167108,0.0,0.044264,0.0,0.404385,0.52196,0.529193,0.045871,0.081134,0.0,1.6e-05,0.483438,0.0,0.0355,0.131681,0.026652,0.149186,0.0,0.0,0.0,0.051455,0.0,0.0,0.024102,0.509055,0.229572,0.432757,0.443207,0.127617,0.0,0.264325,0.0,0.0,1e-06,0.176114,0.0,0.268115,0.0,0.0,0.449582,0.0,0.498913,0.0,0.0,0.030537,0.0,0.035076,0.052375,0.416079,0.0,0.140254,0.041985,0.165137,0.0,0.496441,0.00307,0.0,0.508022,0.0,0.37118,0.07336,0.039302,0.0,0.0,0.0,0.380698,0.113453,0.0,0.0,0.0,0.0,0.0,0.020217,0.029611,0.0,0.0,0.0,0.0,0.0,0.034264,0.042619,0.0,0.480004,0.0,0.426863,0.0,0.0,0.149634,0.0,0.397038,0.0,0.087208,0.0,0.503178,0.0,0.0,0.463952,0.277731,0.053904,0.073393,0.368084,0.0,0.0,0.481057,0.0,0.067158,0.0,0.0,0.019196,0.06651,0.476912,0.0,0.0,0.0,0.0,0.524187,0.066733,0.0,0.0,0.0,0.499938,0.0,0.0,0.0,0.012571,0.0,0.05535,0.0,0.523972,0.337173,0.473748,0.043894,0.0,0.0,1.882068,0.0,0.0,0.035718,0.528405,0.043218,0.545944,0.0,0.390834,0.032517,0.02019,0.366263,0.270233,0.0,0.0,0.082813,0.0,0.0,0.027418,0.341544,0.0,0.433776,0.250974,0.017728,0.62831,0.0,0.381445,0.0,0.134118,0.517991,0.035902,0.0,0.466792,0.098489,0.0,0.0,0.0,0.0,0.045554,0.454566,0.0,0.0,0.155256,0.0,0.0,0.0,9e-06,0.165684,0.353198,0.0,0.0,0.225575,0.418081,0.0,0.463296,0.646177,0.037194,0.0,0.588787,0.047636,0.0,0.0,0.0,0.0,0.517065,0.0,0.0,0.160554,0.0,0.47875,0.020731,0.048327,0.503326,0.04119,0.0,0.284507,0.0,0.0,0.0,0.0,0.049796,0.0,0.0,0.0,0.361344,0.0,0.0,0.0,0.055801,0.0,0.0,0.165485,0.409214,0.08917,0.500739,0.0,0.098938,0.0,0.0,0.052129,0.0,0.475838,0.0
TCGA-49-6743-01Z-00-DX2.f6b71e89-19ff-4d9b-a3f1-3a52949f1dc7,0.212363,0.0,0.113754,0.0,0.0,0.161177,0.0,0.0,0.354728,0.210231,0.147419,8e-06,0.0,0.0,0.0,0.226278,0.0,0.04765,0.0,0.0,0.269374,0.0,0.0,0.0,0.0,0.0,0.154533,0.0,0.085836,0.180869,0.0,0.0,0.149529,0.431591,0.0,0.205205,0.23514,0.0,0.0,0.0,0.0,0.189951,0.210512,0.169489,0.0,0.176076,0.041042,0.0,0.0,0.278331,0.0,0.034026,0.076969,1.490606,0.0,0.313177,0.14599,0.0,0.0,0.172217,0.0,0.0,0.0,0.081458,0.189738,0.225506,0.0,0.082184,0.098414,0.0,0.0,0.0,0.094971,0.132671,0.0,1e-05,0.0,0.0,0.0,0.0,0.0,0.277031,0.111853,0.0,0.0,0.189157,0.0,0.154896,0.145771,0.078131,0.165077,0.134826,0.210995,0.0,0.306149,0.0,0.0,0.0,0.0,0.171317,0.0,0.0,0.0,0.203537,0.0,0.0,0.0,0.130205,0.165165,0.235533,0.143496,0.0,0.14502,0.0,0.216523,0.0,0.0,0.394742,0.077214,0.0,0.135313,0.0,0.312015,0.0,0.0,0.0,0.284316,0.122251,0.207181,0.0,0.030858,0.0,0.367145,0.120722,0.304643,0.0,0.0,0.001368,0.15223,0.0,0.18272,0.07091,0.235127,0.165166,0.0,0.0,0.0,0.124169,0.0,0.0,0.146744,0.0,0.127023,0.257969,0.117162,0.092038,0.103198,0.155977,0.125469,0.0,0.320961,0.054585,0.0,0.0,0.0,1.2e-05,0.0,0.0,0.0,0.206313,0.0,0.0,0.030543,0.0,0.0,0.0,0.0,0.0,0.158995,0.285485,0.0,0.0,0.0,0.0,0.0,0.123493,0.116189,0.161727,0.0,0.0,0.0,0.0,0.281859,0.0,0.269966,0.221801,0.119761,0.048422,0.237726,0.0,0.0,0.0,1.323489,0.112,0.0,0.0,0.231122,0.853057,0.0,0.0,0.083158,0.0,0.0,0.0,0.001819,0.060464,0.0,0.360232,0.0,0.0,0.0,0.215737,0.0,0.190897,0.143729,0.0,0.0,0.0,0.0,0.0,0.186099,0.224073,0.0,0.126624,0.0,0.166831,0.208688,0.116688,0.153998,0.0,4.3e-05,0.0,0.0,0.0,0.207349,0.217481,0.059748,0.0,0.10625,0.074132,0.111542,0.0,0.132949,0.0,0.0,0.124514,0.0,0.138815,0.0,0.18824,0.0,0.106568,0.0,4e-06,0.040195,0.0,0.0,0.0,0.166126,0.0,0.0,0.172893,0.199581,0.180327,0.23015,0.079288,0.0,0.173352,0.0,0.18942,0.267889,0.19672,0.162898,0.209558,0.0,6e-06,0.259228,0.0,0.136068,0.265387,0.130591,0.156138,0.0,0.0,0.0,0.176294,0.0,0.0,0.138064,0.268296,0.116359,0.214816,0.237926,0.034737,0.0,0.086671,0.0,0.0,1.9e-05,0.100029,0.0,0.099381,0.0,0.0,0.209667,0.0,0.255791,0.0,0.0,0.113824,0.0,0.116817,0.142801,0.128519,0.0,0.106877,0.157705,0.153712,0.0,0.277647,5.5e-05,0.0,0.248158,0.0,0.381857,0.213471,0.118017,0.0,0.0,0.0,0.115874,0.141825,0.0,0.0,0.0,0.0,0.0,0.127237,0.114856,0.0,0.0,0.0,0.0,0.0,0.157936,0.15878,0.0,0.2261,0.0,0.217967,0.0,0.0,0.110884,0.0,0.148162,0.0,0.240604,0.0,0.266073,0.0,0.0,0.477917,0.372861,0.188659,0.214572,0.1098,0.0,0.0,0.105166,0.0,0.195973,0.0,0.0,0.142933,0.18984,0.185815,0.0,0.0,0.0,0.0,0.294538,0.226473,0.0,0.0,0.0,0.268857,0.0,0.0,0.0,0.086447,0.0,0.15823,0.0,0.202324,0.073905,0.219891,0.15878,0.0,0.0,1.456738,0.0,0.0,0.131535,0.281359,0.150977,0.281,0.0,0.119374,0.171643,0.113999,0.158255,0.119202,0.0,0.0,0.243968,0.0,0.0,0.120214,0.166286,0.0,0.117095,0.11323,0.098077,0.345812,0.0,0.122226,0.0,0.063208,0.336209,0.121195,0.0,0.185914,0.118577,0.0,0.0,0.0,0.0,0.142299,0.227205,0.0,0.0,0.092325,0.0,0.0,0.0,0.0,0.061556,0.219042,0.0,0.0,0.095913,0.201305,0.0,0.25892,0.352414,0.117967,0.0,0.321892,0.169894,0.0,0.0,0.0,0.0,0.245481,0.0,0.0,0.141328,0.0,0.283311,0.104996,0.183993,0.259811,0.176224,0.0,0.115527,0.0,0.0,0.0,0.0,0.15568,0.0,0.0,0.0,0.112665,0.0,0.0,0.0,0.171334,0.0,0.0,0.033256,0.205887,0.127875,0.281188,0.0,0.167012,0.0,0.0,0.179108,0.0,0.15267,0.0
TCGA-55-A494-01Z-00-DX1.8C7C4BE0-791A-47CA-B0A8-1935366350E0,0.111402,0.0,0.021065,0.0,0.0,0.090328,0.0,0.0,0.397528,0.096115,0.05356,6e-06,0.0,0.0,0.0,0.111942,0.0,0.085101,0.0,0.0,0.412986,0.0,0.0,0.0,0.0,0.0,0.074197,0.0,0.224869,0.081104,0.0,0.0,0.062846,0.607774,0.0,0.281356,0.321745,0.0,0.0,0.0,0.0,0.300111,0.324759,0.060897,0.0,0.242498,0.085753,0.0,0.0,0.421611,0.0,0.064031,0.077127,1.657947,0.0,0.444907,0.070717,0.0,0.0,0.08249,0.0,0.0,0.0,0.010394,0.096953,0.320031,0.0,0.059178,0.225819,0.0,0.0,0.0,0.201061,0.04539,0.0,5e-06,0.0,0.0,0.0,0.0,0.0,0.441392,0.036227,0.0,0.0,0.154459,0.0,0.296783,0.062158,0.016775,0.106678,0.101654,0.34505,0.0,0.423419,0.0,0.0,0.0,0.0,0.096689,2e-06,0.0,0.0,0.099319,0.0,0.0,0.0,0.200263,0.070472,0.330643,0.084321,0.0,0.250157,0.0,0.326084,0.0,0.0,0.476157,0.111763,0.0,0.277649,0.0,0.215544,0.0,0.0,0.0,0.381487,0.161302,0.095988,1e-06,0.044701,0.0,0.446634,0.271114,0.453257,0.0,0.0,0.001283,0.103254,0.0,0.30456,0.114493,0.333595,0.279925,0.0,0.0,0.0,0.23928,0.0,0.0,0.060201,0.0,0.250353,0.361428,0.046658,0.019876,0.026784,0.105767,0.04737,0.0,0.458834,0.085798,0.0,0.0,0.0,8e-06,0.0,0.0,0.0,0.350194,0.0,0.0,0.06095,0.0,0.0,0.0,0.0,0.0,0.050633,0.420129,0.0,0.0,0.0,0.0,0.0,0.039262,0.255496,0.072943,0.0,0.0,0.0,0.0,0.40611,0.0,0.388773,0.350603,0.044322,0.095287,0.345237,0.0,0.0,0.0,1.570417,0.018742,0.0,0.0,0.319986,1.064776,0.0,0.0,0.093036,0.0,0.0,0.0,0.004933,0.113208,0.0,0.518083,0.0,0.0,0.0,0.114337,0.0,0.092685,0.050755,0.0,0.0,0.0,0.0,0.0,0.297941,0.118188,0.0,0.029056,0.0,0.070532,0.109864,0.033698,0.06152,0.0,3.4e-05,0.0,0.0,0.0,0.095622,0.308249,0.148501,0.0,0.030289,0.021892,0.228204,0.0,0.050301,0.0,0.0,0.222309,0.0,0.058965,0.0,0.127108,0.0,0.037111,0.0,2e-06,0.065927,0.0,0.0,0.0,0.061005,0.0,0.0,0.091119,0.104577,0.28915,0.33045,0.107491,0.0,0.057373,0.0,0.31316,0.390438,0.34465,0.099962,0.099547,0.0,1.5e-05,0.362721,0.0,0.060659,0.189818,0.037617,0.151833,0.0,0.0,0.0,0.092619,0.0,0.0,0.046504,0.3793,0.163868,0.326183,0.327738,0.06673,0.0,0.144555,0.0,0.0,0.0,0.124862,0.0,0.183399,0.0,0.0,0.331795,0.0,0.388215,0.0,0.0,0.056263,0.0,0.040352,0.068307,0.266756,0.0,0.086653,0.059704,0.156132,0.0,0.368575,5.2e-05,0.0,0.364899,0.0,0.383939,0.102618,0.066111,0.0,0.0,0.0,0.239348,0.109752,0.0,0.0,0.0,0.0,0.0,0.031503,0.042627,0.0,0.0,0.0,0.0,0.0,0.059557,0.071314,0.0,0.363027,0.0,0.322835,0.0,0.0,0.117984,0.0,0.278488,0.0,0.11128,0.0,0.401592,0.0,0.0,0.466848,0.326056,0.088698,0.100394,0.225608,0.0,0.0,0.282544,0.0,0.094079,0.0,0.0,0.04793,0.101328,0.317963,0.0,0.0,0.0,0.0,0.393976,0.126604,0.0,0.0,0.0,0.372268,0.0,0.0,0.0,0.014311,0.0,0.082238,0.0,0.366047,0.194822,0.350952,0.080077,0.0,0.0,1.675226,0.0,0.0,0.052821,0.395602,0.066263,0.409818,0.0,0.262325,0.095052,0.037846,0.262571,0.189914,0.0,0.0,0.119216,0.0,0.0,0.038606,0.254399,0.0,0.258906,0.149239,0.052875,0.508715,0.0,0.252372,0.0,0.083465,0.413364,0.043283,0.0,0.320523,0.091274,0.0,0.0,0.0,0.0,0.059666,0.339284,0.0,0.0,0.117801,0.0,0.0,0.0,0.0,0.092182,0.293227,0.0,0.0,0.139864,0.320928,0.0,0.339541,0.501189,0.046307,0.0,0.451982,0.058493,0.0,0.0,0.0,0.0,0.366247,0.0,0.0,0.144882,0.0,0.375239,0.030347,0.071968,0.380395,0.070339,0.0,0.183787,0.0,0.0,0.0,0.0,0.064848,0.0,0.0,0.0,0.240169,0.0,0.0,0.0,0.073121,0.0,0.0,0.076075,0.310392,0.105075,0.384594,0.0,0.112136,0.0,0.0,0.064417,0.0,0.30644,0.0
TCGA-49-4488-01Z-00-DX1.c9beef33-2d53-4fcb-8293-f083d9fedddc,0.111028,0.0,0.009038,0.0,0.0,0.065835,0.0,0.0,0.441689,0.116584,0.051403,0.000101,0.0,0.0,0.0,0.137196,0.0,0.106877,0.0,0.0,0.473812,0.0,0.0,0.0,0.0,0.0,0.048466,0.0,0.236477,0.083502,0.0,0.0,0.062764,0.645353,0.0,0.359157,0.396144,0.0,0.0,0.0,0.0,0.379673,0.386398,0.076413,0.0,0.256336,0.109012,0.0,0.0,0.484892,0.0,0.069556,0.089377,1.763914,0.0,0.52223,0.05508,0.0,0.0,0.077623,0.0,0.0,0.0,0.002333,0.067336,0.396979,0.0,0.039156,0.260337,0.0,0.0,0.0,0.26727,0.032694,0.0,9.2e-05,0.0,0.0,0.0,0.0,0.0,0.484233,0.024722,0.0,0.0,0.098824,0.0,0.351521,0.04271,0.008921,0.071977,0.12432,0.381051,0.0,0.492285,0.0,0.0,0.0,0.0,0.061378,3e-06,0.0,0.0,0.10405,0.0,0.0,0.0,0.190134,0.059168,0.419115,0.053899,0.0,0.307002,0.0,0.405055,0.0,0.0,0.480706,0.102661,0.0,0.308107,0.0,0.203861,0.0,0.0,0.0,0.466615,0.190569,0.101435,0.0,0.072077,0.0,0.523454,0.321429,0.525012,0.0,0.0,0.004152,0.068509,0.0,0.360001,0.065869,0.41027,0.32927,0.0,0.0,0.0,0.299,0.0,0.0,0.067595,0.0,0.301423,0.433435,0.030557,0.019943,0.005323,0.084254,0.040459,0.0,0.54795,0.085995,0.0,0.0,0.0,0.000141,0.0,0.0,0.0,0.36639,0.0,0.0,0.043117,0.0,0.0,0.0,0.0,0.0,0.062342,0.476764,0.0,0.0,0.0,0.0,0.0,0.037529,0.28273,0.061058,0.0,0.0,0.0,0.0,0.472082,0.0,0.457487,0.416625,0.025346,0.118814,0.413428,0.0,0.0,0.0,1.633625,0.006047,0.0,0.0,0.404143,1.102518,0.0,0.0,0.127446,0.0,0.0,0.0,0.010062,0.091333,0.0,0.560641,0.0,0.0,0.0,0.108419,0.0,0.092313,0.049619,0.0,0.0,0.0,0.0,0.0,0.344721,0.115981,0.0,0.026551,0.0,0.037961,0.078416,0.011962,0.038255,0.0,0.000486,0.0,0.0,0.0,0.10511,0.395772,0.170876,0.0,0.020902,0.009076,0.271967,0.0,0.048318,0.0,0.0,0.2646,0.0,0.054858,0.0,0.130348,0.0,0.023158,0.0,4.5e-05,0.077685,0.0,0.0,0.0,0.076435,0.0,0.0,0.072018,0.087591,0.337174,0.425368,0.115978,0.0,0.071177,0.0,0.352979,0.455253,0.435816,0.058154,0.115433,0.0,0.000186,0.431048,0.0,0.043492,0.147996,0.025861,0.130935,0.0,0.0,0.0,0.068341,0.0,0.0,0.020152,0.461677,0.209244,0.375618,0.393495,0.074416,0.0,0.208644,0.0,0.0,0.000403,0.120378,0.0,0.193177,0.0,0.0,0.39479,0.0,0.431725,0.0,0.0,0.042219,0.0,0.03142,0.054882,0.298877,0.0,0.116062,0.048508,0.120139,0.0,0.451924,0.000625,0.0,0.444919,0.0,0.377314,0.10443,0.041968,0.0,0.0,0.0,0.285922,0.098449,0.0,0.0,0.0,0.0,0.0,0.016064,0.02808,0.0,0.0,0.0,0.0,0.0,0.055228,0.071274,0.0,0.413718,0.0,0.371349,0.0,0.0,0.100265,0.0,0.333335,0.0,0.121013,0.0,0.417651,0.0,0.0,0.483093,0.30797,0.072176,0.104642,0.282648,0.0,0.0,0.307778,0.0,0.102829,0.0,0.0,0.026166,0.092972,0.390469,0.0,0.0,0.0,0.0,0.477935,0.098931,0.0,0.0,0.0,0.450584,0.0,0.0,0.0,0.003248,0.0,0.075816,0.0,0.425106,0.220923,0.408232,0.055262,0.0,0.0,1.741714,0.0,0.0,0.043953,0.469447,0.053809,0.479771,0.0,0.311162,0.051713,0.010356,0.323198,0.226158,0.0,1e-06,0.115472,0.0,0.0,0.023791,0.315433,0.0,0.318401,0.206946,0.005248,0.536905,0.0,0.294807,0.0,0.090407,0.500416,0.031569,0.0,0.363172,0.115722,0.0,0.0,0.0,0.0,0.065065,0.394468,0.0,0.0,0.103901,0.0,0.0,0.0,0.0,0.096057,0.325341,0.0,0.0,0.144691,0.369594,0.0,0.432533,0.557549,0.039241,0.0,0.501359,0.073207,0.0,0.0,0.0,0.0,0.443019,0.0,0.0,0.101933,0.0,0.454965,0.01424,0.079733,0.443302,0.063532,0.0,0.225924,0.0,0.0,0.0,0.0,0.074695,0.0,0.0,0.0,0.280895,0.0,0.0,1e-06,0.068004,0.0,0.0,0.093118,0.365232,0.067903,0.460136,0.0,0.100458,0.0,0.0,0.082153,0.0,0.369657,0.0
TCGA-97-A4M0-01Z-00-DX1.BDDFB04C-2475-485A-9A85-C4B9EB15155E,0.039751,0.0,0.003524,0.0,0.0,0.019817,0.0,0.0,0.439747,0.039154,0.015354,0.011779,0.0,0.0,0.0,0.034263,0.0,0.173908,0.0,0.0,0.615975,0.0,0.0,0.0,0.0,0.0,0.017894,0.0,0.490984,0.019351,0.0,0.0,0.018376,0.862848,0.0,0.443848,0.493633,0.0,0.0,0.0,0.0,0.543455,0.481413,0.024235,0.0,0.372826,0.176173,0.0,0.0,0.615798,0.0,0.135491,0.113506,1.830192,6.9e-05,0.680309,0.016446,0.0,0.0,0.026873,0.0,1e-06,0.0,0.007745,0.03406,0.505069,0.0,0.072532,0.536903,0.0,0.0,0.0,0.468815,0.009523,0.0,0.000472,0.0,0.0,0.0,0.0,0.0,0.644208,0.006766,0.0,0.0,0.067936,0.0,0.557165,0.009711,0.003127,0.044661,0.052697,0.510546,0.0,0.653341,0.0,0.0,0.0,0.0,0.022037,0.0,0.0,0.0,0.030844,0.0,0.0,0.0,0.338438,0.013347,0.487145,0.059492,0.0,0.428751,1e-06,0.56763,0.0,0.0,0.671989,0.109699,0.0,0.493488,0.0,0.175038,0.0,0.0,0.0,0.538694,0.371411,0.026987,0.0,0.098062,0.0,0.512807,0.638494,0.740674,0.0,0.0,0.020358,0.057346,0.0,0.512801,0.134453,0.484808,0.472162,0.0,0.0,0.0,0.46659,0.0,0.0,0.023471,1e-06,0.482707,0.484702,0.006933,0.004884,0.001069,0.09885,0.010921,0.0,0.72419,0.157876,0.0,0.0,0.0,0.010082,0.0,0.0,0.0,0.618773,0.0,0.0,0.123228,0.0,0.0,0.0,0.0,0.0,0.01525,0.627418,0.0,0.0,0.0,0.0,0.0,0.012149,0.513734,0.016009,0.0,0.0,0.0,0.0,0.593526,0.0,0.583654,0.562477,0.006382,0.177952,0.534442,0.0,0.0,0.0,1.854225,0.005418,0.0,0.0,0.482565,1.329655,0.0,0.0,0.06547,0.0,0.0,0.0,0.034012,0.222576,0.0,0.801266,0.0,0.0,0.0,0.033111,0.0,0.027308,0.012687,0.0,0.0,0.0,0.0,0.0,0.487837,0.04118,0.0,0.006173,0.0,0.0139,0.02364,0.003822,0.013057,0.0,0.019896,0.0,0.0,0.0,0.03337,0.51147,0.345479,0.0,0.005637,0.003214,0.479848,0.0,0.013413,0.0,0.0,0.330122,0.0,0.022616,0.0,0.052583,0.0,0.008597,0.0,0.003835,0.177667,0.0,0.0,0.0,0.01686,0.0,0.0,0.022848,0.026195,0.451895,0.53654,0.1907,0.0,0.019988,0.0,0.485291,0.567711,0.660846,0.026387,0.03207,0.0,0.000689,0.508656,0.0,0.01257,0.083754,0.006211,0.128678,0.0,0.0,0.0,0.020841,0.0,0.0,0.006541,0.568942,0.219447,0.49208,0.491032,0.150437,0.0,0.291549,0.0,0.0,0.0,0.183011,0.0,0.314767,0.0,0.0,0.541769,0.0,0.5634,0.0,0.0,0.01308,0.0,0.010698,0.020277,0.554818,0.0,0.12591,0.012969,0.149273,0.0,0.517751,0.020724,0.0,0.593698,0.0,0.383207,0.035979,0.015457,0.0,0.0,0.0,0.521544,0.067534,0.0,0.0,0.0,0.0,0.0,0.005392,0.011828,0.0,0.0,0.0,0.0,0.0,0.015958,0.019831,0.0,0.550877,0.0,0.484144,0.0,0.0,0.159863,0.0,0.497139,0.0,0.037717,0.0,0.570816,0.0,0.0,0.559828,0.33087,0.022159,0.030558,0.508163,0.0,0.0,0.739856,0.0,0.028146,0.0,0.0,0.006704,0.029477,0.64051,0.0,0.0,0.0,0.0,0.58358,0.030287,0.0,0.0,0.0,0.527081,0.0,0.0,0.0,0.000499,0.0,0.019853,0.0,0.666675,0.464236,0.553447,0.016397,0.0,0.0,1.89857,0.0,0.0,0.010206,0.582241,0.015053,0.642593,0.0,0.521097,0.077134,0.004637,0.456393,0.334167,0.0,0.0,0.033613,0.0,0.0,0.006355,0.399068,0.0,0.63841,0.250085,0.002739,0.772405,0.0,0.508307,0.0,0.13747,0.55194,0.012289,0.0,0.614746,0.075822,0.0,0.0,0.0,0.0,0.015062,0.494562,0.0,0.0,0.125797,3e-06,0.0,0.0,0.0,0.214537,0.405882,0.0,0.0,0.286311,0.490555,0.0,0.4853,0.688635,0.011911,0.0,0.66238,0.020674,0.0,0.0,0.0,0.0,0.588625,0.0,0.0,0.215812,0.0,0.513817,0.004311,0.020854,0.554885,0.018975,0.0,0.280843,0.0,0.0,0.0,0.0,0.020066,0.0,0.0,0.0,0.470212,0.0,0.0,0.0,0.020469,0.0,0.0,0.166985,0.46762,0.090482,0.534749,0.0,0.056158,0.0,0.0,0.021122,0.0,0.629824,0.0
TCGA-55-A490-01Z-00-DX1.07D77502-7216-4C23-9BB8-8DE99AECC920,0.204951,0.0,0.0767,0.0,0.0,0.16454,0.0,0.0,0.382258,0.197219,0.117528,3e-06,0.0,0.0,0.0,0.215106,0.0,0.05039,0.0,0.0,0.304673,0.0,0.0,0.0,0.0,0.0,0.150345,0.0,0.090243,0.170668,0.0,0.0,0.139888,0.45072,0.0,0.21597,0.232767,0.0,0.0,0.0,0.0,0.189023,0.224231,0.136236,0.0,0.168384,0.041626,0.0,0.0,0.31205,0.0,0.035385,0.058523,1.546142,0.0,0.318099,0.139792,0.0,0.0,0.15534,0.0,0.0,0.0,0.043018,0.183376,0.221435,0.0,0.079666,0.099591,0.0,0.0,0.0,0.089714,0.109765,0.0,3e-06,0.0,0.0,0.0,0.0,0.0,0.306155,0.100111,0.0,0.0,0.200828,0.0,0.163364,0.123654,0.050084,0.174733,0.143982,0.226637,0.0,0.306184,0.0,0.0,0.0,0.0,0.166831,0.0,0.0,0.0,0.194598,0.0,0.0,0.0,0.139722,0.165686,0.257755,0.140455,0.0,0.158633,0.0,0.216528,0.0,0.0,0.395268,0.062204,0.0,0.153255,0.0,0.294518,0.0,0.0,0.0,0.296826,0.108237,0.185624,0.0,0.03034,0.0,0.378658,0.111876,0.314186,0.0,0.0,0.000256,0.168358,0.0,0.202037,0.074386,0.255017,0.178284,0.0,0.0,0.0,0.127249,0.0,0.0,0.131532,0.0,0.140596,0.277462,0.123133,0.065467,0.09266,0.153335,0.123076,0.0,0.334966,0.045739,0.0,0.0,0.0,5e-06,0.0,0.0,0.0,0.211767,0.0,0.0,0.032539,0.0,0.0,0.0,0.0,0.0,0.132091,0.288599,0.0,0.0,0.0,0.0,0.0,0.096392,0.123881,0.159623,0.0,0.0,0.0,0.0,0.308784,0.0,0.282415,0.239883,0.117615,0.060821,0.262836,0.0,0.0,0.0,1.373144,0.067414,0.0,0.0,0.239954,0.88065,0.0,0.0,0.096503,0.0,0.0,0.0,0.00053,0.050895,0.0,0.365035,0.0,0.0,0.0,0.209,0.0,0.182467,0.12049,0.0,0.0,0.0,0.0,0.0,0.176766,0.219611,0.0,0.083196,0.0,0.15936,0.191932,0.089565,0.139683,0.0,1.9e-05,0.0,0.0,0.0,0.19172,0.218961,0.059715,0.0,0.088695,0.066574,0.109378,0.0,0.114405,0.0,0.0,0.141754,0.0,0.111685,0.0,0.203796,0.0,0.09682,0.0,1e-06,0.040089,0.0,0.0,0.0,0.148454,0.0,0.0,0.168279,0.190896,0.19428,0.234015,0.069905,0.0,0.135369,0.0,0.219677,0.291704,0.207382,0.159868,0.18952,0.0,5e-06,0.274355,0.0,0.126428,0.247372,0.09361,0.139079,0.0,0.0,0.0,0.17201,0.0,0.0,0.109063,0.286053,0.129553,0.228403,0.238593,0.034741,0.0,0.077535,0.0,0.0,0.00012,0.087087,0.0,0.100249,0.0,0.0,0.218907,0.0,0.280097,0.0,0.0,0.115289,0.0,0.094387,0.129402,0.135276,0.0,0.08789,0.135501,0.152173,0.0,0.297358,2.5e-05,0.0,0.248066,0.0,0.409465,0.194473,0.127621,0.0,0.0,0.0,0.120553,0.143401,0.0,0.0,0.0,0.0,0.0,0.088773,0.099171,0.0,0.0,0.0,0.0,0.0,0.138491,0.143888,0.0,0.255999,0.0,0.22926,0.0,0.0,0.099368,0.0,0.1597,0.0,0.201899,0.0,0.289911,0.0,0.0,0.474473,0.376091,0.171306,0.203969,0.101484,0.0,0.0,0.093297,0.0,0.187903,0.0,0.0,0.116528,0.185291,0.186652,0.0,0.0,0.0,0.0,0.296023,0.222436,0.0,0.0,0.0,0.281738,0.0,0.0,0.0,0.04269,0.0,0.159066,0.0,0.217153,0.076759,0.247051,0.161272,0.0,0.0,1.506446,0.0,0.0,0.12703,0.292432,0.13393,0.292029,0.0,0.133313,0.156495,0.092483,0.170342,0.129223,0.0,0.0,0.220624,0.0,0.0,0.089009,0.1924,0.0,0.101845,0.107876,0.08027,0.355332,0.0,0.124733,0.0,0.056296,0.352905,0.100433,0.0,0.184348,0.104665,0.0,0.0,0.0,0.0,0.136174,0.259712,0.0,0.0,0.084269,0.0,0.0,0.0,0.0,0.043718,0.256442,0.0,0.0,0.092785,0.217521,0.0,0.267544,0.375672,0.102062,0.0,0.3274,0.137497,0.0,0.0,0.0,0.0,0.260574,0.0,0.0,0.135892,0.0,0.294155,0.077672,0.164546,0.283588,0.15855,0.0,0.115236,0.0,0.0,0.0,0.0,0.146038,0.0,0.0,0.0,0.126483,0.0,0.0,0.0,0.151754,0.0,0.0,0.036854,0.22342,0.135956,0.301923,0.0,0.146484,0.0,0.0,0.149838,0.0,0.166487,0.0
TCGA-49-4494-01Z-00-DX3.e80b4534-4d6e-4d79-962e-017ffee24d67,0.206883,0.0,0.057663,0.0,0.0,0.135426,0.0,0.0,0.36947,0.203674,0.120783,3e-05,0.0,0.0,0.0,0.213622,0.0,0.110026,0.0,0.0,0.328095,0.0,0.0,0.0,0.0,0.0,0.124162,0.0,0.153456,0.151886,0.0,0.0,0.134477,0.515886,0.0,0.248087,0.28171,0.0,0.0,0.0,0.0,0.245439,0.260792,0.154033,0.0,0.218122,0.111268,0.0,0.0,0.34251,0.0,0.084646,0.112339,1.649165,0.0,0.37773,0.120163,0.0,0.0,0.1555,0.0,0.0,0.0,0.037982,0.141814,0.282901,0.0,0.074042,0.15781,0.0,0.0,0.0,0.152475,0.09944,0.0,2.7e-05,0.0,0.0,0.0,0.0,0.0,0.362866,0.078647,0.0,0.0,0.177043,0.0,0.216721,0.104547,0.04857,0.149763,0.143387,0.299745,0.0,0.370015,0.0,0.0,0.0,0.0,0.143195,3e-06,0.0,0.0,0.181372,0.0,0.0,0.0,0.165755,0.125533,0.310773,0.120743,0.0,0.189626,0.0,0.273582,0.0,0.0,0.402663,0.12817,0.0,0.188527,0.0,0.220783,0.0,0.0,0.0,0.352894,0.13103,0.185274,0.0,0.084683,0.0,0.413332,0.189925,0.363908,0.0,0.0,0.001617,0.089378,0.0,0.2323,0.089749,0.302944,0.206659,0.0,0.0,0.0,0.182005,0.0,0.0,0.136382,0.0,0.177895,0.333009,0.083317,0.071639,0.048688,0.14575,0.101403,0.0,0.396378,0.109772,0.0,0.0,0.0,4e-05,0.0,0.0,0.0,0.270475,0.0,0.0,0.042174,0.0,0.0,0.0,0.0,0.0,0.138617,0.356462,0.0,0.0,0.0,0.0,0.0,0.100886,0.192501,0.131751,0.0,0.0,0.0,0.0,0.347142,0.0,0.324835,0.281049,0.082598,0.125185,0.28985,0.0,0.0,0.0,1.464599,0.054288,0.0,0.0,0.291635,0.963082,0.0,0.0,0.09844,0.0,0.0,0.0,0.004238,0.100244,0.0,0.428162,0.0,0.0,0.0,0.192504,0.0,0.170074,0.112886,0.0,0.0,0.0,0.0,0.0,0.276777,0.21456,0.0,0.087627,0.0,0.107705,0.163859,0.075371,0.110142,0.0,0.000136,0.0,0.0,0.0,0.190434,0.287776,0.100457,0.0,0.079973,0.055229,0.162979,0.0,0.108411,0.0,0.0,0.211951,0.0,0.126897,0.0,0.209503,0.0,0.07801,0.0,1.4e-05,0.089964,0.0,0.0,0.0,0.140371,0.0,0.0,0.147857,0.17128,0.219814,0.305434,0.133705,0.0,0.14742,0.0,0.239456,0.335326,0.27337,0.126091,0.197452,0.0,7.2e-05,0.316623,0.0,0.105983,0.246245,0.091445,0.186502,0.0,0.0,0.0,0.148746,0.0,0.0,0.087726,0.338803,0.150443,0.264446,0.282749,0.086996,0.0,0.174021,0.0,0.0,0.000242,0.154156,0.0,0.170266,0.0,0.0,0.273387,0.0,0.307155,0.0,0.0,0.101899,0.0,0.093304,0.127175,0.201995,0.0,0.115597,0.123457,0.184883,0.0,0.334544,0.00018,0.0,0.325064,0.0,0.354629,0.190065,0.107257,0.0,0.0,0.0,0.170371,0.16773,0.0,0.0,0.0,0.0,0.0,0.076582,0.095862,0.0,0.0,0.0,0.0,0.0,0.128925,0.141997,0.0,0.283847,0.0,0.263547,0.0,0.0,0.126054,0.0,0.202502,0.0,0.210651,0.0,0.356986,0.0,0.0,0.419679,0.289377,0.155209,0.192384,0.188395,0.0,0.0,0.187616,0.0,0.184155,0.0,0.0,0.097832,0.166624,0.238737,0.0,0.0,0.0,0.0,0.347621,0.189828,0.0,0.0,0.0,0.331084,0.0,0.0,0.0,0.044031,0.0,0.144222,0.0,0.266086,0.147682,0.274389,0.126003,0.0,0.0,1.594844,0.0,0.0,0.108027,0.354964,0.123041,0.347748,0.0,0.180759,0.088986,0.066518,0.209579,0.138011,0.0,0.0,0.214816,0.0,0.0,0.085076,0.211945,0.0,0.183198,0.159262,0.048944,0.394678,0.0,0.178565,0.0,0.112222,0.382305,0.095628,0.0,0.24291,0.114514,0.0,0.0,0.0,0.0,0.126978,0.294271,0.0,0.0,0.155874,0.0,0.0,0.0,0.0,0.095145,0.242315,0.0,0.0,0.129412,0.250213,0.0,0.311849,0.453192,0.10577,0.0,0.406901,0.151439,0.0,0.0,0.0,0.0,0.308323,0.0,0.0,0.146187,0.0,0.337111,0.067928,0.160268,0.316759,0.141704,0.0,0.193536,0.0,0.0,0.0,0.0,0.146902,0.0,0.0,0.0,0.160594,0.0,0.0,1e-06,0.146327,0.0,0.0,0.101929,0.249536,0.127733,0.335484,0.0,0.17596,0.0,0.0,0.15471,0.0,0.223893,0.0
TCGA-MN-A4N4-01Z-00-DX2.9550732D-8FB1-43D9-B094-7C0CD310E9C0,0.14115,0.0,0.051002,0.0,0.0,0.097574,0.0,0.0,0.415516,0.139484,0.079954,0.00116,0.0,0.0,0.0,0.140908,0.0,0.090557,0.0,0.0,0.427591,0.0,0.0,0.0,0.0,0.0,0.09986,0.0,0.248878,0.107925,0.0,0.0,0.087537,0.620771,0.0,0.301654,0.339911,0.0,0.0,0.0,0.0,0.32591,0.331419,0.102821,0.0,0.260584,0.083182,0.0,0.0,0.422786,0.0,0.063681,0.081621,1.704604,2e-06,0.461391,0.086814,0.0,0.0,0.10263,0.0,0.0,0.0,0.03932,0.118944,0.342632,0.0,0.081486,0.26939,0.0,0.0,0.0,0.234945,0.073546,0.0,0.000127,0.0,0.0,0.0,0.0,0.0,0.431175,0.062175,0.0,0.0,0.151924,0.0,0.312797,0.068934,0.039024,0.129386,0.116985,0.338174,0.0,0.443968,0.0,0.0,0.0,0.0,0.107809,0.0,0.0,0.0,0.131531,0.0,0.0,0.0,0.231442,0.102915,0.353702,0.11064,0.0,0.266146,0.0,0.354387,0.0,0.0,0.516212,0.071162,0.0,0.27508,0.0,0.24725,0.0,0.0,0.0,0.388438,0.227548,0.122794,0.0,0.051445,0.0,0.434614,0.300883,0.478156,0.0,0.0,0.002755,0.118027,0.0,0.325357,0.099295,0.340479,0.291521,0.0,0.0,0.0,0.259434,0.0,0.0,0.093919,0.0,0.272915,0.358091,0.062363,0.048323,0.051082,0.147282,0.073321,0.0,0.495311,0.083362,0.0,0.0,0.0,0.000944,0.0,0.0,0.0,0.363666,0.0,0.0,0.07112,0.0,0.0,0.0,0.0,0.0,0.083609,0.42199,0.0,0.0,0.0,0.0,0.0,0.060385,0.278275,0.096097,0.0,0.0,0.0,0.0,0.420701,0.0,0.403625,0.364366,0.06501,0.107521,0.369263,0.0,0.0,0.0,1.597292,0.050489,0.0,0.0,0.339363,1.071323,0.0,0.0,0.094358,0.0,0.0,0.0,0.005024,0.122148,0.0,0.531426,0.0,0.0,0.0,0.136959,0.0,0.12195,0.082077,0.0,0.0,0.0,0.0,0.0,0.307686,0.157595,0.0,0.063977,0.0,0.105419,0.118264,0.058119,0.087145,0.0,0.001746,0.0,0.0,0.0,0.136596,0.337453,0.171399,0.0,0.054247,0.038839,0.250942,0.0,0.07646,0.0,0.0,0.22871,0.0,0.088345,0.0,0.141326,0.0,0.066185,0.0,0.000358,0.082059,0.0,0.0,0.0,0.102592,0.0,0.0,0.10571,0.131191,0.301696,0.35937,0.104731,0.0,0.096377,0.0,0.331434,0.401918,0.38086,0.100579,0.122711,0.0,3.9e-05,0.373521,0.0,0.079965,0.198501,0.061707,0.138508,0.0,0.0,0.0,0.108226,0.0,0.0,0.073356,0.398637,0.166326,0.333325,0.351697,0.066598,0.0,0.167691,0.0,0.0,0.0,0.129727,0.0,0.18773,0.0,0.0,0.34378,0.0,0.390969,0.0,0.0,0.066693,0.0,0.066941,0.09175,0.302592,0.0,0.104302,0.083105,0.156388,0.0,0.387519,0.001801,0.0,0.389168,0.0,0.423571,0.143622,0.074795,0.0,0.0,0.0,0.278008,0.122534,0.0,0.0,0.0,0.0,0.0,0.064315,0.066277,0.0,0.0,0.0,0.0,0.0,0.089328,0.08773,0.0,0.373093,0.0,0.333642,0.0,0.0,0.136492,0.0,0.279706,0.0,0.153172,0.0,0.402869,0.0,0.0,0.520985,0.367169,0.112325,0.134846,0.269976,0.0,0.0,0.31921,0.0,0.120608,0.0,0.0,0.069904,0.125042,0.341131,0.0,0.0,0.0,0.0,0.419102,0.1435,0.0,0.0,0.0,0.37999,0.0,0.0,0.0,0.035921,0.0,0.096949,0.0,0.381057,0.230622,0.37147,0.098587,0.0,0.0,1.697085,0.0,0.0,0.075707,0.401843,0.092921,0.429467,0.0,0.277894,0.12409,0.060159,0.284251,0.208227,0.0,0.0,0.151128,0.0,0.0,0.060619,0.273814,0.0,0.294903,0.171733,0.054018,0.509675,0.0,0.261749,0.0,0.08768,0.439859,0.074624,0.0,0.355785,0.097877,0.0,0.0,0.0,0.0,0.090126,0.349799,0.0,0.0,0.09446,0.0,0.0,0.0,1e-06,0.121836,0.306384,0.0,0.0,0.182777,0.330505,0.0,0.361504,0.499672,0.060381,0.0,0.471178,0.092048,0.0,0.0,0.0,0.0,0.393459,0.0,0.0,0.178601,0.0,0.373646,0.05433,0.104388,0.400862,0.104444,0.0,0.176558,0.0,0.0,0.0,0.0,0.089076,0.0,0.0,0.0,0.254922,0.0,0.0,0.0,0.113738,0.0,0.0,0.068455,0.327997,0.128459,0.393184,0.0,0.122961,0.0,0.0,0.100746,0.0,0.33202,0.0
TCGA-75-7030-01Z-00-DX1.5DDF24B5-00D1-4418-A067-A9B609E15314,0.10338,0.0,0.016213,0.0,0.0,0.068002,0.0,0.0,0.379523,0.120377,0.064897,0.000146,0.0,0.0,0.0,0.153869,0.0,0.17404,0.0,0.0,0.457787,0.0,0.0,0.0,0.0,4e-06,0.091791,0.0,0.25287,0.096528,0.0,0.0,0.062575,0.620044,0.0,0.310622,0.34254,0.0,0.0,0.0,0.0,0.319736,0.33905,0.088896,0.0,0.34993,0.130334,0.0,0.0,0.458016,0.0,0.136188,0.113592,1.805211,6e-06,0.463661,0.077086,0.0,0.0,0.088073,0.0,1e-06,0.0,0.007958,0.115411,0.38069,0.0,0.137302,0.289891,0.0,0.0,0.0,0.231945,0.052319,0.0,3.1e-05,0.0,0.0,0.0,0.0,0.0,0.480065,0.042674,0.0,0.0,0.157868,0.0,0.29891,0.062865,0.026596,0.149594,0.119429,0.356136,0.0,0.457928,0.0,0.0,0.0,5e-06,0.106783,0.0,0.0,0.0,0.118563,0.0,0.0,0.0,0.321384,0.078708,0.382268,0.095748,0.0,0.268628,0.0,0.369171,0.0,0.0,0.572539,0.099746,0.0,0.278926,0.0,0.21578,0.0,0.0,0.0,0.409512,0.30081,0.11593,0.0,0.106517,0.0,0.406221,0.284199,0.493734,0.0,0.0,0.0011,0.073921,0.0,0.33485,0.159577,0.376862,0.290736,0.0,0.0,0.0,0.228182,0.0,0.0,0.08167,0.0,0.250448,0.369526,0.071154,0.026388,0.020651,0.181341,0.055345,0.0,0.485278,0.159989,0.0,0.0,0.0,9.4e-05,0.0,0.0,0.0,0.388617,0.0,6e-06,0.157118,0.0,0.0,0.0,0.0,0.0,0.074391,0.453284,0.0,0.0,0.0,0.0,0.0,0.054193,0.263572,0.074473,0.0,0.0,0.0,0.0,0.45832,0.0,0.42064,0.3761,0.036704,0.182413,0.378952,0.0,0.0,0.0,1.609705,0.015519,0.0,0.0,0.357959,1.076929,0.0,0.0,0.051791,0.0,0.0,0.0,0.005148,0.15892,0.0,0.548856,0.0,0.0,0.0,0.135169,0.0,0.126943,0.062816,0.0,0.0,0.0,0.0,0.0,0.349738,0.156985,0.0,0.041649,0.0,0.081054,0.12355,0.041297,0.081622,0.0,0.000225,0.0,0.0,0.0,0.134543,0.367059,0.222611,0.0,0.03191,0.021538,0.239837,0.0,0.060164,0.0,0.0,0.281301,0.0,0.068787,0.0,0.141806,0.0,0.049911,0.0,3.9e-05,0.154727,0.0,0.0,0.0,0.09885,0.0,0.0,0.110603,0.100637,0.307676,0.389984,0.209109,0.0,0.082932,0.0,0.327363,0.43582,0.390841,0.084225,0.123953,0.0,4e-06,0.39218,0.0,0.056856,0.213216,0.04595,0.174266,0.0,0.0,0.0,0.087236,0.0,0.0,0.043733,0.418059,0.209058,0.359695,0.354517,0.124748,0.0,0.235793,0.0,0.0,0.0,0.20927,0.0,0.260045,4.4e-05,0.0,0.349423,0.0,0.408136,0.0,0.0,0.058664,0.0,0.042128,0.086913,0.323094,0.0,0.162178,0.07257,0.216633,0.0,0.410907,0.000238,0.0,0.40417,0.0,0.430322,0.143999,0.052957,0.0,0.0,0.0,0.274816,0.164274,0.0,0.0,0.0,0.0,0.0,0.044183,0.044815,0.0,0.0,0.0,0.0,0.0,0.075191,0.069606,0.0,0.370515,0.0,0.341418,0.0,0.0,0.187313,0.0,0.271844,0.0,0.144651,0.0,0.430695,0.0,0.0,0.454925,0.323475,0.087302,0.131375,0.227501,0.0,0.0,0.261578,0.0,0.102436,0.0,0.0,0.037842,0.118249,0.339254,0.0,0.0,0.0,0.0,0.439823,0.133446,0.0,0.0,0.0,0.4137,0.0,0.0,0.0,0.016003,0.0,0.079058,0.0,0.360799,0.230844,0.378656,0.088683,0.0,0.0,1.744403,0.0,0.0,0.059024,0.42765,0.073811,0.438538,0.0,0.258904,0.08623,0.040069,0.282033,0.23715,0.0,0.0,0.136004,0.0,0.0,0.044208,0.284544,0.0,0.276431,0.246025,0.009481,0.501088,0.0,0.21836,0.0,0.172489,0.429825,0.059055,0.0,0.351156,0.110814,0.0,0.0,0.0,0.0,0.084493,0.369049,0.0,0.0,0.121098,0.0,0.0,0.0,0.0,0.190054,0.300987,0.0,0.0,0.270058,0.326584,0.0,0.38068,0.539213,0.037957,0.0,0.486293,0.082872,0.0,0.0,0.0,0.0,0.422892,0.0,0.0,0.269574,0.0,0.366018,0.033248,0.088125,0.423497,0.075504,0.0,0.211874,0.0,0.0,0.0,0.0,0.072319,0.0,0.0,0.0,0.227192,0.0,0.0,0.0,0.094554,0.0,0.0,0.125853,0.327515,0.163529,0.423154,0.0,0.143726,0.0,0.0,0.077412,0.0,0.344662,0.0
TCGA-78-7542-01Z-00-DX1.2ee042a6-11ee-4668-b254-44144fca4234,0.1966,0.0,0.049734,0.0,0.0,0.128069,0.0,0.0,0.376294,0.189853,0.119841,1.4e-05,0.0,0.0,0.0,0.20229,0.0,0.081759,0.0,0.0,0.353105,0.0,0.0,0.0,0.0,0.0,0.113785,0.0,0.13449,0.13367,0.0,0.0,0.121216,0.509326,0.0,0.259376,0.282787,0.0,0.0,0.0,0.0,0.252302,0.263258,0.150476,0.0,0.185943,0.088295,0.0,0.0,0.342804,0.0,0.061033,0.072964,1.635506,0.0,0.378833,0.115128,0.0,0.0,0.143119,0.0,0.0,0.0,0.02873,0.120067,0.282424,0.0,0.065715,0.141038,0.0,0.0,0.0,0.14108,0.087358,0.0,1.6e-05,0.0,0.0,0.0,0.0,0.0,0.353482,0.065524,0.0,0.0,0.163381,0.0,0.21489,0.100953,0.047084,0.132383,0.139485,0.2836,0.0,0.3714,0.0,0.0,0.0,0.0,0.132872,1e-06,0.0,0.0,0.175804,0.0,0.0,0.0,0.150294,0.108253,0.314734,0.10569,0.0,0.188178,0.0,0.27094,0.0,0.0,0.397261,0.103095,0.0,0.188753,0.0,0.231528,0.0,0.0,0.0,0.360592,0.147668,0.165457,0.0,0.049067,0.0,0.412759,0.176767,0.360918,0.0,0.0,0.000629,0.096299,0.0,0.227884,0.066779,0.305662,0.205147,0.0,0.0,0.0,0.167208,0.0,0.0,0.137353,0.0,0.178866,0.33365,0.079659,0.068395,0.038776,0.136564,0.093226,0.0,0.400282,0.088189,0.0,0.0,0.0,2e-05,0.0,0.0,0.0,0.257438,0.0,0.0,0.024777,0.0,0.0,0.0,0.0,0.0,0.119056,0.360064,0.0,0.0,0.0,0.0,0.0,0.095632,0.176848,0.119556,0.0,0.0,0.0,0.0,0.350644,0.0,0.321339,0.286371,0.064475,0.103994,0.288798,0.0,0.0,0.0,1.462098,0.048838,0.0,0.0,0.299544,0.951715,0.0,0.0,0.108075,0.0,0.0,0.0,0.001267,0.088912,0.0,0.417842,0.0,0.0,0.0,0.179905,0.0,0.155778,0.111678,0.0,0.0,0.0,0.0,0.0,0.263772,0.200934,0.0,0.081041,0.0,0.102674,0.154472,0.061305,0.107657,0.0,7.4e-05,0.0,0.0,0.0,0.172412,0.284685,0.080686,0.0,0.066581,0.043027,0.161207,0.0,0.1084,0.0,0.0,0.210168,0.0,0.12864,0.0,0.201803,0.0,0.074521,0.0,6e-06,0.064575,0.0,0.0,0.0,0.129307,0.0,0.0,0.135548,0.16343,0.22593,0.30873,0.103844,0.0,0.147541,0.0,0.253231,0.330112,0.255941,0.112721,0.185631,0.0,1.7e-05,0.322749,0.0,0.104324,0.227681,0.084951,0.167743,0.0,0.0,0.0,0.135693,0.0,0.0,0.082438,0.347629,0.154832,0.262215,0.287498,0.065841,0.0,0.162774,0.0,0.0,6e-06,0.143872,0.0,0.15668,0.0,0.0,0.281246,0.0,0.312673,0.0,0.0,0.101347,0.0,0.085545,0.116538,0.187693,0.0,0.104472,0.10823,0.158113,0.0,0.336056,1e-04,0.0,0.328687,0.0,0.36264,0.180002,0.093993,0.0,0.0,0.0,0.162547,0.159998,0.0,0.0,0.0,0.0,0.0,0.072185,0.084534,0.0,0.0,0.0,0.0,0.0,0.121903,0.128785,0.0,0.28686,0.0,0.27039,0.0,0.0,0.101919,0.0,0.192116,0.0,0.201371,0.0,0.338738,0.0,0.0,0.441004,0.311257,0.147177,0.177115,0.167772,0.0,0.0,0.151877,0.0,0.168283,0.0,0.0,0.086803,0.158871,0.24085,0.0,0.0,0.0,0.0,0.352028,0.173814,0.0,0.0,0.0,0.329215,0.0,0.0,0.0,0.034206,0.0,0.133417,0.0,0.268573,0.115374,0.284196,0.11483,0.0,0.0,1.59429,0.0,0.0,0.090919,0.361721,0.125149,0.359329,0.0,0.163757,0.102911,0.058769,0.218105,0.149107,0.0,0.0,0.197302,0.0,0.0,0.073294,0.21422,0.0,0.167407,0.147919,0.035884,0.395891,0.0,0.165589,0.0,0.092523,0.393708,0.090541,0.0,0.234757,0.108581,0.0,0.0,0.0,0.0,0.118854,0.300598,0.0,0.0,0.128911,0.0,0.0,0.0,0.0,0.07053,0.251934,0.0,0.0,0.102975,0.261268,0.0,0.305386,0.441767,0.088093,0.0,0.398996,0.140921,0.0,0.0,0.0,0.0,0.31117,0.0,0.0,0.132857,0.0,0.337519,0.053767,0.137993,0.336162,0.129798,0.0,0.18092,0.0,0.0,0.0,0.0,0.134664,0.0,0.0,0.0,0.158096,0.0,0.0,0.0,0.140494,0.0,0.0,0.085445,0.251091,0.10718,0.329634,0.0,0.171117,0.0,0.0,0.140599,0.0,0.222523,0.0
TCGA-49-4514-01Z-00-DX2.f1565a36-257d-432e-a84d-47c1d7a0185f,0.221736,0.0,0.012592,0.0,0.0,0.125696,0.0,0.0,0.400457,0.222133,0.108897,7.8e-05,0.0,0.0,0.0,0.250137,0.0,0.098125,0.0,0.0,0.344412,0.0,0.0,0.0,0.0,0.0,0.08241,0.0,0.086958,0.15938,0.0,0.0,0.133941,0.501385,0.0,0.295686,0.30867,0.0,0.0,0.0,0.0,0.261089,0.278459,0.162439,0.0,0.170638,0.127715,0.0,0.0,0.381024,0.0,0.064996,0.097828,1.722722,0.0,0.393437,0.117285,0.0,0.0,0.152831,0.0,4e-06,0.0,0.003135,0.078154,0.312942,0.0,0.033382,0.101584,0.0,0.0,0.0,0.116552,0.083643,0.0,0.000104,0.0,0.0,0.0,0.0,0.0,0.372839,0.053794,0.0,0.0,0.130508,0.0,0.189911,0.081137,0.019022,0.132674,0.167359,0.312492,0.0,0.376061,0.0,0.0,0.0,0.0,0.12367,2.3e-05,0.0,0.0,0.198759,0.0,0.0,0.0,0.104744,0.102412,0.371516,0.073656,0.0,0.194146,0.0,0.29105,0.0,0.0,0.325487,0.135514,0.0,0.16164,0.0,0.193819,0.0,0.0,0.0,0.400191,0.086003,0.204655,1e-06,0.092618,0.0,0.492275,0.132413,0.357823,0.0,0.0,0.001701,0.057585,0.0,0.238198,0.041328,0.36702,0.205484,0.0,0.0,0.0,0.153727,0.0,0.0,0.136626,0.0,0.149496,0.381511,0.060019,0.059681,0.002792,0.089656,0.093019,0.0,0.400791,0.090394,0.0,0.0,0.0,0.000109,0.0,0.0,0.0,0.222203,0.0,0.0,0.014754,0.0,0.0,0.0,0.0,0.0,0.125965,0.371991,0.0,0.0,0.0,0.0,0.0,0.094049,0.138661,0.122536,0.0,0.0,0.0,0.0,0.366378,0.0,0.352335,0.292024,0.043912,0.113844,0.305718,0.0,0.0,0.0,1.481428,0.007475,0.0,0.0,0.335065,0.941912,0.0,0.0,0.14179,0.0,0.0,0.0,0.003783,0.060174,0.0,0.398048,0.0,0.0,0.0,0.210673,0.0,0.193656,0.1122,0.0,0.0,0.0,0.0,0.0,0.28463,0.245119,0.0,0.076117,0.0,0.046317,0.141729,0.026864,0.076582,0.0,0.000341,0.0,0.0,0.0,0.204609,0.314246,0.059093,0.0,0.058684,0.021754,0.122694,0.0,0.111565,0.0,0.0,0.248732,0.0,0.122268,0.0,0.254027,0.0,0.051216,0.0,3.2e-05,0.063196,0.0,0.0,0.0,0.146449,0.0,0.0,0.145468,0.179267,0.230396,0.36045,0.114024,0.0,0.147121,0.0,0.237335,0.360372,0.266328,0.10002,0.241183,0.0,3.6e-05,0.335475,0.0,0.105631,0.209794,0.067974,0.169515,0.0,0.0,0.0,0.139886,0.0,0.0,0.043923,0.384642,0.187102,0.27493,0.300215,0.069237,0.0,0.1968,0.0,0.0,0.00023,0.130448,0.0,0.157739,0.0,0.0,0.286519,0.0,0.320185,0.0,0.0,0.097557,0.0,0.077023,0.126798,0.143341,0.0,0.11908,0.11584,0.139529,0.0,0.380733,0.00042,0.0,0.366912,0.0,0.321681,0.193746,0.09773,0.0,0.0,0.0,0.122031,0.178931,0.0,0.0,0.0,0.0,0.0,0.035529,0.073208,0.0,0.0,0.0,0.0,0.0,0.109797,0.147203,0.0,0.287429,0.0,0.2712,0.0,0.0,0.080204,0.0,0.1784,0.0,0.237118,0.0,0.337201,0.0,0.0,0.405986,0.260165,0.148896,0.19459,0.14941,0.0,0.0,0.100042,0.0,0.202982,0.0,0.0,0.055222,0.172687,0.211247,0.0,0.0,0.0,0.0,0.388666,0.176926,0.0,0.0,0.0,0.374868,0.0,0.0,0.0,0.006919,0.0,0.163075,0.0,0.242072,0.090153,0.293757,0.106844,0.0,0.0,1.624231,0.0,0.0,0.091373,0.390421,0.10863,0.383374,0.0,0.142476,0.037076,0.020005,0.212586,0.137744,0.0,0.0,0.228318,0.0,0.0,0.050607,0.23546,0.0,0.1245,0.196936,0.007077,0.352497,0.0,0.138656,0.0,0.10205,0.43573,0.082283,0.0,0.189684,0.136073,0.0,0.0,0.0,0.0,0.142626,0.323616,0.0,0.0,0.157376,0.0,0.0,0.0,0.0,0.051864,0.257931,0.0,0.0,0.076064,0.270892,0.0,0.35121,0.479927,0.100581,0.0,0.408163,0.156477,0.0,0.0,0.0,0.0,0.325749,0.0,0.0,0.056329,0.0,0.385961,0.037682,0.165569,0.358123,0.124655,0.0,0.254443,0.0,0.0,0.0,0.0,0.168528,0.0,0.0,0.0,0.128539,0.0,0.0,0.0,0.145208,0.0,0.0,0.117358,0.260746,0.071985,0.371205,0.0,0.196496,0.0,0.0,0.166378,0.0,0.187808,0.0
TCGA-49-6742-01Z-00-DX1.23e8883f-0ecc-4359-a8b5-75d49f43a08b,0.081307,0.0,0.005356,0.0,0.0,0.048914,0.0,0.0,0.408771,0.085773,0.041298,0.000136,0.0,0.0,0.0,0.093108,0.0,0.151437,0.0,0.0,0.470211,0.0,0.0,0.0,0.0,0.0,0.040173,0.0,0.310159,0.056189,0.0,0.0,0.047203,0.701823,0.0,0.345644,0.398363,0.0,0.0,0.0,0.0,0.397993,0.401457,0.057749,0.0,0.326983,0.15922,0.0,0.0,0.484475,0.0,0.115254,0.123235,1.777582,1e-06,0.5436,0.042359,0.0,0.0,0.062957,0.0,1.4e-05,0.0,0.001468,0.058403,0.417074,0.0,0.053554,0.321146,0.0,0.0,0.0,0.301679,0.022521,0.0,0.001156,0.0,0.0,0.0,0.0,0.0,0.516926,0.01359,0.0,0.0,0.111658,0.0,0.388548,0.032697,0.007776,0.073537,0.100785,0.423572,0.0,0.521954,0.0,0.0,0.0,0.0,0.049507,7.4e-05,0.0,0.0,0.074774,0.0,0.0,0.0,0.258142,0.03526,0.400697,0.062007,0.0,0.313982,1e-06,0.419201,0.0,0.0,0.539248,0.146034,0.0,0.333845,0.0,0.167069,0.0,0.0,0.0,0.460559,0.232849,0.071209,0.0,0.096321,0.0,0.504095,0.379612,0.550906,0.0,0.0,0.005131,0.034589,0.0,0.38207,0.124687,0.401863,0.345689,0.0,0.0,0.0,0.328861,0.0,0.0,0.051036,0.0,0.330194,0.429992,0.015576,0.015259,0.002125,0.104667,0.023074,0.0,0.562884,0.150321,0.0,0.0,0.0,0.000143,0.0,0.0,0.0,0.449045,0.0,0.0,0.066628,0.0,0.0,0.0,0.0,0.0,0.044767,0.50845,0.0,0.0,0.0,0.0,0.0,0.032046,0.355379,0.044001,0.0,0.0,0.0,0.0,0.471905,0.0,0.462117,0.431136,0.014762,0.166132,0.412567,0.0,0.0,0.0,1.683635,0.003566,0.0,0.0,0.394135,1.171041,0.0,0.0,0.088514,0.0,0.0,0.0,0.013905,0.169671,0.0,0.612167,0.0,0.0,0.0,0.080748,0.0,0.059521,0.036591,0.0,0.0,0.0,0.0,7e-06,0.396869,0.095263,0.0,0.019173,0.0,0.0299,0.067665,0.009053,0.029809,0.0,0.000457,2e-06,0.0,0.0,0.080111,0.407638,0.20502,0.0,0.014424,0.007146,0.315473,0.0,0.033027,0.0,0.0,0.300498,0.0,0.048482,0.0,0.095314,0.0,0.017025,0.0,3.2e-05,0.126165,0.0,0.0,0.0,0.053297,0.0,0.0,0.051911,0.066843,0.35596,0.428576,0.172051,0.0,0.055458,0.0,0.367235,0.462653,0.4614,0.058763,0.076972,0.0,0.000158,0.429186,0.0,0.030215,0.163654,0.023772,0.177133,0.0,5e-06,0.0,0.054249,0.0,0.0,0.018433,0.466251,0.195654,0.384683,0.411408,0.124438,0.0,0.251798,0.0,0.0,1e-06,0.186584,0.0,0.260512,0.0,0.0,0.414822,0.0,0.453929,0.0,0.0,0.029285,0.0,0.028359,0.047295,0.37115,0.0,0.122412,0.036567,0.163916,0.0,0.434357,0.000609,0.0,0.46589,0.0,0.358387,0.085531,0.033194,0.0,0.0,0.0,0.326229,0.106041,0.0,0.0,0.0,0.0,0.0,0.012636,0.023859,0.0,0.0,0.0,0.0,0.0,0.0429,0.058781,0.0,0.426073,0.0,0.382562,0.0,0.0,0.148255,0.0,0.361957,0.0,0.097488,0.0,0.474804,0.0,0.0,0.458708,0.260106,0.055021,0.073351,0.355949,0.0,0.0,0.398713,0.0,0.074394,0.0,0.0,0.019896,0.075033,0.418438,0.0,0.0,0.0,0.0,0.49069,0.080081,0.0,0.0,0.0,0.44199,0.0,0.0,0.0,0.003602,0.0,0.053147,0.0,0.459908,0.302482,0.415866,0.038257,0.0,0.0,1.787146,0.0,0.0,0.028065,0.479418,0.038823,0.502099,0.0,0.344071,0.039213,0.011122,0.33909,0.232685,0.0,0.0,0.085893,0.0,0.0,0.025106,0.311497,0.0,0.380091,0.207974,0.013725,0.590582,0.0,0.336113,0.0,0.143558,0.480862,0.027254,0.0,0.419894,0.112819,0.0,0.0,0.0,0.0,0.037748,0.394038,0.0,0.0,0.143222,0.0,0.0,0.0,0.0,0.170037,0.300582,0.0,0.0,0.203905,0.388513,0.0,0.422993,0.587218,0.030446,0.0,0.552461,0.059189,0.0,0.0,0.0,0.0,0.456744,0.0,0.0,0.164911,0.0,0.441048,0.012445,0.049962,0.451887,0.047403,0.0,0.257532,0.0,0.0,0.0,0.0,0.048235,0.0,0.0,0.0,0.302099,0.0,0.0,0.0,0.051507,0.0,0.0,0.142288,0.374116,0.091201,0.457338,0.0,0.120129,0.0,0.0,0.057461,0.0,0.402044,0.0
TCGA-49-6742-01Z-00-DX2.2c6b4df0-867d-40c5-8bee-14e2d219224b,0.149668,0.0,0.024273,0.0,0.0,0.097416,0.0,0.0,0.375177,0.151977,0.083448,1.4e-05,0.0,0.0,0.0,0.155833,0.0,0.128315,0.0,0.0,0.374584,0.0,0.0,0.0,0.0,0.0,0.084231,0.0,0.204369,0.105856,0.0,0.0,0.092462,0.582112,0.0,0.275896,0.317277,0.0,0.0,0.0,0.0,0.292381,0.309305,0.110589,0.0,0.265028,0.132855,0.0,0.0,0.388597,0.0,0.100578,0.112804,1.693016,0.0,0.433855,0.08431,0.0,0.0,0.116316,0.0,1.7e-05,0.0,0.014846,0.099992,0.329101,0.0,0.066083,0.208374,0.0,0.0,0.0,0.19416,0.063672,0.0,1.4e-05,0.0,0.0,0.0,0.0,0.0,0.420218,0.043536,0.0,0.0,0.153548,0.0,0.272079,0.070505,0.029238,0.122548,0.123389,0.348925,0.0,0.420386,0.0,0.0,0.0,0.0,0.102697,1e-06,0.0,0.0,0.132086,0.0,0.0,0.0,0.205502,0.077941,0.335178,0.087809,0.0,0.229276,0.0,0.31725,0.0,0.0,0.446642,0.141009,0.0,0.233934,0.0,0.187549,0.0,0.0,0.0,0.391063,0.162809,0.134457,0.0,0.090835,0.0,0.444834,0.242967,0.4212,0.0,0.0,0.001034,0.056557,0.0,0.281604,0.110674,0.337427,0.255197,0.0,0.0,0.0,0.228196,0.0,0.0,0.097849,0.0,0.229089,0.364416,0.051819,0.042753,0.018184,0.126281,0.062011,0.0,0.441199,0.129266,0.0,0.0,0.0,2e-05,0.0,0.0,0.0,0.332685,0.0,0.0,0.050515,0.0,0.0,0.0,0.0,0.0,0.089929,0.411772,0.0,0.0,0.0,0.0,0.0,0.069658,0.246717,0.090626,0.0,0.0,0.0,0.0,0.388304,0.0,0.371264,0.327076,0.044476,0.144768,0.323335,0.0,0.0,0.0,1.542636,0.022984,0.0,0.0,0.325196,1.042756,0.0,0.0,0.087197,0.0,0.0,0.0,0.004744,0.12986,0.0,0.490658,0.0,0.0,0.0,0.146039,0.0,0.122891,0.074796,0.0,0.0,0.0,0.0,1e-06,0.322617,0.165911,0.0,0.054853,0.0,0.064959,0.124864,0.040433,0.073605,0.0,6.7e-05,1e-06,0.0,0.0,0.141584,0.323438,0.133046,0.0,0.045975,0.029068,0.211231,0.0,0.073484,0.0,0.0,0.250858,0.0,0.092605,0.0,0.164954,0.0,0.046706,0.0,6e-06,0.102343,0.0,0.0,0.0,0.09722,0.0,0.0,0.108523,0.123524,0.269459,0.342312,0.149762,0.0,0.103105,0.0,0.283485,0.38249,0.324945,0.099739,0.14446,0.0,2.6e-05,0.354516,0.0,0.071397,0.214747,0.05907,0.191386,0.0,0.0,0.0,0.108611,0.0,0.0,0.05454,0.382132,0.166962,0.303786,0.329424,0.103728,0.0,0.200922,0.0,0.0,0.0,0.174611,0.0,0.211821,0.0,0.0,0.314905,0.0,0.363946,0.0,0.0,0.067274,0.0,0.06505,0.092579,0.260357,0.0,0.121002,0.086054,0.177039,0.0,0.367939,8.4e-05,0.0,0.369487,0.0,0.347099,0.141735,0.073427,0.0,0.0,0.0,0.219263,0.146619,0.0,0.0,0.0,0.0,0.0,0.043235,0.060856,0.0,0.0,0.0,0.0,0.0,0.086141,0.106424,0.0,0.331771,0.0,0.303007,0.0,0.0,0.137619,0.0,0.256164,0.0,0.16085,0.0,0.399718,0.0,0.0,0.411577,0.258203,0.108512,0.135363,0.239278,0.0,0.0,0.244768,0.0,0.132572,0.0,0.0,0.056478,0.126384,0.290455,0.0,0.0,0.0,0.0,0.397258,0.143299,0.0,0.0,0.0,0.364993,0.0,0.0,0.0,0.023492,0.0,0.104575,0.0,0.328731,0.197276,0.31962,0.087352,0.0,0.0,1.669033,0.0,0.0,0.065915,0.398469,0.080286,0.401399,0.0,0.231147,0.055377,0.04144,0.251397,0.173295,0.0,0.0,0.156449,0.0,0.0,0.054305,0.237802,0.0,0.24169,0.17632,0.033454,0.465733,0.0,0.226378,0.0,0.128343,0.409636,0.065352,0.0,0.298691,0.115251,0.0,0.0,0.0,0.0,0.081194,0.328248,0.0,0.0,0.154401,0.0,0.0,0.0,0.0,0.12924,0.257715,0.0,0.0,0.156089,0.296261,0.0,0.346654,0.507071,0.071539,0.0,0.461153,0.108845,0.0,0.0,0.0,0.0,0.354608,0.0,0.0,0.1518,0.0,0.367135,0.039852,0.106933,0.369673,0.098621,0.0,0.225006,0.0,0.0,0.0,0.0,0.099701,0.0,0.0,0.0,0.205804,0.0,0.0,0.0,0.100532,0.0,0.0,0.123281,0.287926,0.110189,0.376482,0.0,0.161314,0.0,0.0,0.107229,0.0,0.271023,0.0
TCGA-05-4427-01Z-00-DX1.36CF4E93-3FBB-4346-A26B-85F0D9D0575D,0.083907,0.0,0.001358,0.0,0.0,0.04132,0.0,0.0,0.436521,0.07342,0.023024,0.000267,0.0,0.0,0.0,0.084522,0.0,0.049636,0.0,0.0,0.486368,0.0,0.0,0.0,0.0,0.0,0.026273,0.0,0.225908,0.03127,0.0,0.0,0.028464,0.640745,0.0,0.34958,0.402583,0.0,2e-06,0.0,0.0,0.355114,0.375103,0.040332,0.0,0.199327,0.076103,0.0,0.0,0.502651,0.0,0.044114,0.065249,1.66573,2.8e-05,0.499981,0.020928,0.0,0.0,0.041993,0.0,0.0,0.0,0.001047,0.019564,0.377589,0.0,0.025334,0.208979,0.0,0.0,0.0,0.237179,0.018428,0.0,2.7e-05,0.0,0.0,0.0,0.0,0.0,0.463341,0.008483,0.0,0.0,0.076965,0.0,0.350933,0.011934,0.003215,0.049959,0.109605,0.384698,0.0,0.464388,0.0,0.0,0.0,0.0,0.03583,0.0,0.0,0.0,0.061536,0.0,0.0,0.0,0.132783,0.029961,0.418671,0.016444,0.0,0.293482,0.0,0.371773,0.0,0.0,0.395223,0.097848,0.0,0.29415,0.0,0.148699,0.0,0.0,0.0,0.46459,0.114534,0.062652,0.0,0.042111,0.0,0.493944,0.307485,0.501786,0.0,0.0,0.00101,0.02951,0.0,0.3426,0.032815,0.412239,0.326767,0.0,0.0,0.0,0.289128,0.0,0.0,0.040372,0.0,0.301055,0.433441,0.011717,0.007318,0.000881,0.036742,0.019209,0.0,0.510598,0.04731,0.0,0.0,0.0,0.000287,0.0,0.0,0.0,0.326439,0.0,0.0,0.016833,0.0,0.0,0.0,0.0,0.0,0.023463,0.453598,0.0,0.0,0.0,0.0,0.0,0.012642,0.251093,0.026929,0.0,0.0,0.0,0.0,0.480907,0.0,0.471378,0.408216,0.010797,0.070427,0.40105,0.0,0.0,0.0,1.568831,0.001343,0.0,0.0,0.396254,1.075748,0.0,0.0,0.12481,0.0,0.0,0.0,0.001414,0.084436,0.0,0.530745,0.0,0.0,0.0,0.073369,0.0,0.068908,0.017445,0.0,0.0,0.0,0.0,0.0,0.332569,0.088189,0.0,0.009949,0.0,0.006673,0.047297,0.007232,0.019933,0.0,0.00059,0.0,0.0,0.0,0.056252,0.362028,0.131656,0.0,0.009776,0.004073,0.248756,0.0,0.020115,0.0,0.0,0.257096,0.0,0.028078,0.0,0.116204,0.0,0.009765,0.0,0.000117,0.027721,0.0,0.0,0.0,0.026899,0.0,0.0,0.046987,0.059707,0.32877,0.397688,0.048804,0.0,0.034624,0.0,0.360079,0.454397,0.400683,0.024485,0.075775,0.0,2e-06,0.439095,0.0,0.019248,0.113848,0.008762,0.088929,0.0,0.0,0.0,0.049341,0.0,0.0,0.007991,0.44921,0.197363,0.372666,0.400362,0.035207,0.0,0.148186,0.0,0.0,2e-06,0.080758,0.0,0.151153,0.0,0.0,0.376138,0.0,0.436906,0.0,0.0,0.017522,0.0,0.014582,0.027369,0.258579,0.0,0.093658,0.024136,0.082296,0.0,0.454238,0.000533,0.0,0.427858,0.0,0.341676,0.0571,0.026816,0.0,0.0,0.0,0.257518,0.08252,0.0,0.0,0.0,0.0,0.0,0.00537,0.014462,0.0,0.0,0.0,0.0,0.0,0.016817,0.028204,0.0,0.421119,0.0,0.378504,0.0,0.0,0.077458,0.0,0.303892,0.0,0.079359,0.0,0.387909,0.0,0.0,0.426516,0.28106,0.039082,0.065834,0.22049,0.0,0.0,0.255237,0.0,0.054519,0.0,0.0,0.008603,0.055952,0.367,0.0,0.0,0.0,0.0,0.459823,0.06936,0.0,0.0,0.0,0.442734,0.0,0.0,0.0,0.001946,0.0,0.038646,0.0,0.400163,0.175427,0.413795,0.030931,0.0,0.0,1.677533,0.0,0.0,0.015322,0.46206,0.021798,0.468833,0.0,0.29467,0.021569,0.005613,0.320954,0.231895,0.0,0.0,0.071004,0.0,0.0,0.006335,0.281471,0.0,0.290666,0.201587,0.008096,0.534997,0.0,0.283025,0.0,0.039796,0.47822,0.013544,0.0,0.335534,0.103394,0.0,0.0,0.0,0.0,0.034418,0.404316,0.0,0.0,0.095661,0.0,0.0,0.0,0.0,0.045555,0.351063,0.0,0.0,0.091756,0.376351,0.0,0.418013,0.557636,0.022465,0.0,0.490141,0.02663,0.0,0.0,0.0,0.0,0.446322,0.0,0.0,0.03598,0.0,0.436356,0.005877,0.047393,0.462772,0.030698,0.0,0.255531,0.0,0.0,0.0,0.0,0.039526,0.0,0.0,2e-06,0.28247,0.0,0.0,0.0,0.046272,0.0,0.0,0.088128,0.371476,0.037023,0.454417,0.0,0.067686,0.0,0.0,0.040015,0.0,0.338012,0.0
TCGA-97-8177-01Z-00-DX1.4c2ddf48-40d3-4fa0-8b5f-0485e8270ac7,0.170728,0.0,0.012543,0.0,0.0,0.100085,0.0,0.0,0.42076,0.166399,0.071877,0.000442,0.0,0.0,0.0,0.169199,0.0,0.065765,0.0,0.0,0.40873,0.0,0.0,0.0,0.0,0.0,0.079844,0.0,0.165193,0.110926,0.0,0.0,0.088252,0.563584,0.0,0.299359,0.326785,0.0,0.0,0.0,0.0,0.289809,0.306136,0.110629,0.0,0.190352,0.074506,0.0,0.0,0.40715,0.0,0.041225,0.070117,1.679421,1e-06,0.427169,0.074257,0.0,0.0,0.111988,0.0,0.0,0.0,0.004025,0.085962,0.315749,0.0,0.044771,0.166011,0.0,0.0,0.0,0.174492,0.051242,0.0,4.3e-05,0.0,0.0,0.0,0.0,0.0,0.400723,0.042437,0.0,0.0,0.13485,0.0,0.255027,0.043972,0.014884,0.117109,0.146408,0.319182,0.0,0.404213,0.0,0.0,0.0,0.0,0.094983,0.0,0.0,0.0,0.146653,0.0,0.0,0.0,0.151996,0.091673,0.363655,0.077042,0.0,0.237654,0.0,0.315468,0.0,0.0,0.389758,0.07599,0.0,0.217635,0.0,0.2057,0.0,0.0,0.0,0.398696,0.130147,0.136736,0.0,0.055075,0.0,0.46641,0.196664,0.41896,0.0,0.0,0.000768,0.092398,0.0,0.283852,0.049931,0.356189,0.249258,0.0,0.0,0.0,0.212237,0.0,0.0,0.100953,0.0,0.218935,0.372908,0.046537,0.033637,0.010132,0.109389,0.067113,0.0,0.451004,0.054652,0.0,0.0,0.0,0.000392,0.0,0.0,0.0,0.272264,0.0,0.0,0.02372,0.0,0.0,0.0,0.0,0.0,0.081505,0.38863,0.0,0.0,0.0,0.0,0.0,0.053254,0.198592,0.09059,0.0,0.0,0.0,0.0,0.407962,0.0,0.377554,0.32833,0.042031,0.091229,0.346607,0.0,0.0,0.0,1.519706,0.007958,0.0,0.0,0.340005,0.991872,0.0,0.0,0.139011,0.0,0.0,0.0,0.001401,0.063045,0.0,0.447159,0.0,0.0,0.0,0.1462,0.0,0.136059,0.067636,0.0,0.0,0.0,0.0,0.0,0.278763,0.168549,0.0,0.035212,0.0,0.06306,0.106435,0.01852,0.065614,0.0,0.000702,0.0,0.0,0.0,0.151386,0.32169,0.107284,0.0,0.034021,0.021174,0.181976,0.0,0.064051,0.0,0.0,0.217742,0.0,0.08663,0.0,0.190469,0.0,0.04395,0.0,0.000156,0.043856,0.0,0.0,0.0,0.098078,0.0,0.0,0.10382,0.128046,0.274432,0.346439,0.071251,0.0,0.091331,0.0,0.30386,0.389138,0.315059,0.079472,0.144437,0.0,2.7e-05,0.368633,0.0,0.065712,0.180337,0.034666,0.12718,0.0,0.0,0.0,0.10334,0.0,0.0,0.037136,0.397545,0.179045,0.304015,0.329631,0.04503,0.0,0.146274,0.0,0.0,0.0,0.100811,0.0,0.141507,0.0,0.0,0.3022,0.0,0.360323,0.0,0.0,0.064277,0.0,0.050366,0.079768,0.217675,0.0,0.09897,0.070809,0.12464,0.0,0.397252,0.000687,0.0,0.36478,0.0,0.37168,0.15265,0.073099,0.0,0.0,0.0,0.19381,0.136062,0.0,0.0,0.0,0.0,0.0,0.023986,0.048801,0.0,0.0,0.0,0.0,0.0,0.075805,0.091757,0.0,0.340262,0.0,0.309024,0.0,0.0,0.095491,0.0,0.230885,0.0,0.15887,0.0,0.348958,0.0,0.0,0.452937,0.308156,0.108064,0.145844,0.194247,0.0,0.0,0.170198,0.0,0.135135,0.0,0.0,0.048274,0.132781,0.278151,0.0,0.0,0.0,0.0,0.394622,0.145191,0.0,0.0,0.0,0.367969,0.0,0.0,0.0,0.003583,0.0,0.105977,0.0,0.310642,0.140848,0.338806,0.087319,0.0,0.0,1.637128,0.0,0.0,0.060197,0.395066,0.071911,0.39746,0.0,0.21685,0.072031,0.021094,0.260831,0.181238,0.0,0.0,0.158439,0.0,0.0,0.027443,0.262817,0.0,0.192087,0.166172,0.00795,0.432383,0.0,0.197879,0.0,0.062306,0.449438,0.055397,0.0,0.273986,0.103924,0.0,0.0,0.0,0.0,0.091176,0.349552,0.0,0.0,0.100394,0.0,0.0,0.0,1e-06,0.059911,0.303454,0.0,0.0,0.109897,0.302105,0.0,0.353686,0.484991,0.06314,0.0,0.43408,0.098021,0.0,0.0,0.0,0.0,0.363974,0.0,0.0,0.088626,0.0,0.387719,0.024795,0.11817,0.391558,0.101535,0.0,0.200683,0.0,0.0,0.0,0.0,0.099382,0.0,0.0,0.0,0.203668,0.0,0.0,0.0,0.106489,0.0,0.0,0.074851,0.303839,0.083054,0.386575,0.0,0.132663,0.0,0.0,0.106625,0.0,0.259158,0.0
TCGA-97-A4M6-01Z-00-DX1.01D83621-3D8E-4339-9F9B-CBD3083D5AE0,0.058953,0.0,0.011755,0.0,0.0,0.030342,0.0,0.0,0.42821,0.055332,0.025616,0.01077,0.0,0.0,0.0,0.056094,0.0,0.164284,0.0,0.0,0.574957,0.0,0.0,0.0,0.0,0.0,0.031494,0.0,0.43786,0.035339,0.0,0.0,0.031022,0.814977,0.0,0.416495,0.461373,0.0,0.0,0.0,0.0,0.50157,0.441773,0.040782,0.0,0.347888,0.169092,0.0,0.0,0.579267,0.0,0.132318,0.122403,1.809564,5e-06,0.632498,0.027645,0.0,0.0,0.041403,0.0,2e-06,0.0,0.014823,0.050993,0.471713,0.0,0.083632,0.484028,0.0,0.0,0.0,0.426017,0.020877,0.0,0.000421,0.0,0.0,0.0,0.0,0.0,0.601103,0.017317,0.0,0.0,0.083344,0.0,0.507278,0.019657,0.009219,0.064358,0.063407,0.478369,0.0,0.612792,0.0,0.0,0.0,1e-06,0.038485,0.0,0.0,0.0,0.048278,0.0,0.0,0.0,0.315125,0.027097,0.461956,0.079328,0.0,0.39124,0.0,0.533942,0.0,0.0,0.640429,0.110506,0.0,0.448439,0.0,0.191466,0.0,0.0,0.0,0.503899,0.344692,0.046002,0.0,0.10544,0.0,0.488655,0.57594,0.692929,0.0,0.0,0.021539,0.071384,0.0,0.475983,0.134997,0.460505,0.430587,0.0,0.0,0.0,0.421366,0.0,0.0,0.037082,2e-06,0.433163,0.455394,0.013849,0.012583,0.00727,0.109201,0.022119,0.0,0.679605,0.157036,0.0,0.0,0.0,0.00947,0.0,0.0,0.0,0.574683,0.0,0.0,0.118944,0.0,0.0,0.0,0.0,0.0,0.028687,0.588337,0.0,0.0,0.0,0.0,0.0,0.020767,0.468422,0.027773,0.0,0.0,0.0,0.0,0.555448,0.0,0.545682,0.521599,0.0162,0.168055,0.502914,0.0,0.0,0.0,1.803268,0.01458,0.0,0.0,0.453368,1.276285,0.0,0.0,0.065175,0.0,0.0,0.0,0.034739,0.212338,0.0,0.751403,0.0,0.0,0.0,0.051164,0.0,0.044388,0.024498,0.0,0.0,0.0,0.0,0.0,0.460519,0.061243,0.0,0.015854,0.0,0.02905,0.03881,0.013558,0.024797,0.0,0.01836,0.0,0.0,0.0,0.05224,0.484199,0.309437,0.0,0.01404,0.009249,0.430381,0.0,0.024305,0.0,0.0,0.309235,0.0,0.034833,0.0,0.069886,0.0,0.017709,0.0,0.003614,0.174908,0.0,0.0,0.0,0.032325,0.0,0.0,0.037752,0.045484,0.412929,0.504942,0.187773,0.0,0.034525,0.0,0.447819,0.533814,0.611125,0.038624,0.049717,0.0,0.000637,0.476169,0.0,0.024523,0.10723,0.016306,0.135936,0.0,0.0,0.0,0.0351,0.0,0.0,0.016934,0.538552,0.207324,0.459892,0.455922,0.144552,0.0,0.275929,0.0,0.0,0.0,0.182438,0.0,0.297072,0.0,0.0,0.50492,0.0,0.522036,0.0,0.0,0.02196,0.0,0.021157,0.034378,0.504548,0.0,0.130172,0.025811,0.160356,0.0,0.487751,0.018402,0.0,0.559371,0.0,0.377976,0.056401,0.027204,0.0,0.0,0.0,0.471825,0.083305,0.0,0.0,0.0,0.0,0.0,0.01654,0.023592,0.0,0.0,0.0,0.0,0.0,0.030247,0.031942,0.0,0.508866,0.0,0.449929,0.0,0.0,0.158297,0.0,0.446301,0.0,0.061712,0.0,0.542095,0.0,0.0,0.556499,0.343394,0.037116,0.049474,0.463337,0.0,0.0,0.659505,0.0,0.046219,0.0,0.0,0.016001,0.045581,0.590799,0.0,0.0,0.0,0.0,0.546911,0.050251,0.0,0.0,0.0,0.497645,0.0,0.0,0.0,0.006009,0.0,0.031858,0.0,0.612421,0.415539,0.51631,0.028574,0.0,0.0,1.855312,0.0,0.0,0.021938,0.54754,0.029249,0.602246,0.0,0.46498,0.093344,0.013821,0.419811,0.305715,0.0,0.0,0.055654,0.0,0.0,0.017193,0.371971,0.0,0.572911,0.245188,0.010297,0.718178,0.0,0.458808,0.0,0.135424,0.527328,0.023829,0.0,0.567251,0.082506,0.0,0.0,0.0,0.0,0.028851,0.46501,0.0,0.0,0.137825,2e-06,0.0,0.0,1e-06,0.199143,0.386294,0.0,0.0,0.275144,0.455327,0.0,0.456838,0.649049,0.022112,0.0,0.626803,0.035689,0.0,0.0,0.0,0.0,0.547825,0.0,0.0,0.214737,0.0,0.484643,0.014973,0.037284,0.515291,0.032775,0.0,0.270627,0.0,0.0,0.0,0.0,0.032941,0.0,0.0,2e-06,0.4207,0.0,0.0,0.0,0.037316,0.0,0.0,0.164091,0.430371,0.102269,0.5034,0.0,0.074085,0.0,0.0,0.03463,0.0,0.573907,0.0
TCGA-44-2656-01Z-00-DX1.5f247f31-4bb5-460d-a1f7-7dcdba33c835,0.248159,0.0,0.066165,0.0,0.0,0.17455,0.0,0.0,0.406631,0.238367,0.128272,5e-06,0.0,0.0,0.0,0.26696,0.0,0.058273,0.0,0.0,0.291836,0.0,0.0,0.0,0.0,0.0,0.145536,0.0,0.070282,0.192403,0.0,0.0,0.16239,0.440334,0.0,0.240454,0.241846,0.0,0.0,0.0,0.0,0.196233,0.221532,0.176629,0.0,0.154645,0.054465,0.0,0.0,0.314006,0.0,0.029636,0.079582,1.618589,0.0,0.316361,0.143949,0.0,0.0,0.184318,0.0,0.0,0.0,0.030244,0.176597,0.222208,0.0,0.061377,0.078515,0.0,0.0,0.0,0.085198,0.104074,0.0,2e-06,0.0,0.0,0.0,0.0,0.0,0.298895,0.102815,0.0,0.0,0.194358,0.0,0.149495,0.123797,0.038347,0.173063,0.17714,0.246841,0.0,0.309847,0.0,0.0,0.0,0.0,0.163252,0.0,0.0,0.0,0.217614,0.0,0.0,0.0,0.109325,0.17015,0.291487,0.142572,0.0,0.156573,0.0,0.228826,0.0,0.0,0.350664,0.06712,0.0,0.128956,0.0,0.275847,0.0,0.0,0.0,0.320466,0.081947,0.217128,0.0,0.043987,0.0,0.409047,0.087202,0.295013,0.0,0.0,0.000362,0.14444,0.0,0.19223,0.044839,0.277795,0.16289,0.0,0.0,0.0,0.122995,0.0,0.0,0.15783,0.0,0.125512,0.300133,0.101406,0.074657,0.055972,0.151391,0.133917,0.0,0.355803,0.039654,0.0,0.0,0.0,1.2e-05,0.0,0.0,0.0,0.180818,0.0,0.0,0.011853,0.0,0.0,0.0,0.0,0.0,0.156956,0.299544,0.0,0.0,0.0,0.0,0.0,0.107273,0.117665,0.173602,0.0,0.0,0.0,0.0,0.307239,0.0,0.279343,0.235804,0.115988,0.080924,0.269467,0.0,0.0,0.0,1.396966,0.060063,0.0,0.0,0.26504,0.880716,0.0,0.0,0.144521,0.0,0.0,0.0,0.000716,0.03401,0.0,0.338396,0.0,0.0,0.0,0.229052,0.0,0.212071,0.137704,0.0,0.0,0.0,0.0,0.0,0.200324,0.249302,0.0,0.088656,0.0,0.143045,0.179448,0.068196,0.129961,0.0,3.4e-05,0.0,0.0,0.0,0.220521,0.242461,0.042087,0.0,0.098202,0.062581,0.086872,0.0,0.13458,0.0,0.0,0.159855,0.0,0.134949,0.0,0.262502,0.0,0.093273,0.0,3e-06,0.034527,0.0,0.0,0.0,0.184064,0.0,0.0,0.168793,0.205609,0.183177,0.269956,0.073769,0.0,0.163014,0.0,0.211881,0.299113,0.207129,0.148635,0.22964,0.0,1.4e-05,0.278442,0.0,0.132917,0.258591,0.09775,0.143551,0.0,0.0,0.0,0.167989,0.0,0.0,0.090867,0.309067,0.143774,0.224157,0.238359,0.029735,0.0,0.127406,0.0,0.0,0.003483,0.094138,0.0,0.102422,0.0,0.0,0.223455,0.0,0.264572,0.0,0.0,0.139009,0.0,0.100927,0.142824,0.123663,0.0,0.092696,0.135626,0.148208,0.0,0.308205,5e-05,0.0,0.281968,0.0,0.384478,0.224919,0.133487,0.0,0.0,0.0,0.104419,0.171156,0.0,0.0,0.0,0.0,0.0,0.08143,0.104694,0.0,0.0,0.0,0.0,0.0,0.157056,0.170324,0.0,0.252652,0.0,0.208204,0.0,0.0,0.089452,0.0,0.148068,0.0,0.238047,0.0,0.300317,0.0,0.0,0.454082,0.345078,0.186555,0.228987,0.117827,0.0,0.0,0.068139,0.0,0.227271,0.0,0.0,0.114239,0.192977,0.161094,0.0,0.0,0.0,0.0,0.30433,0.219233,0.0,0.0,0.0,0.301815,0.0,0.0,0.0,0.018476,0.0,0.179639,0.0,0.197371,0.064835,0.249421,0.154935,0.0,0.0,1.535262,0.0,0.0,0.13512,0.315069,0.145433,0.289953,0.0,0.115389,0.118075,0.065059,0.174641,0.107596,0.0,0.0,0.244239,0.0,0.0,0.09103,0.204055,0.0,0.081202,0.122372,0.025231,0.308461,0.0,0.108745,0.0,0.055915,0.383916,0.10671,0.0,0.159832,0.11098,0.0,0.0,0.0,0.0,0.167281,0.273876,0.0,0.0,0.104667,0.0,0.0,0.0,0.0,0.033328,0.253759,0.0,0.0,0.070378,0.209037,0.0,0.293604,0.39757,0.110857,0.0,0.343478,0.173967,0.0,0.0,0.0,0.0,0.258383,0.0,0.0,0.087902,0.0,0.317264,0.077197,0.193008,0.28908,0.167585,0.0,0.137829,0.0,0.0,0.0,0.0,0.183302,0.0,0.0,0.0,0.104131,0.0,0.0,3e-06,0.167281,0.0,0.0,0.038022,0.220608,0.119914,0.30651,0.0,0.161855,0.0,0.0,0.18209,0.0,0.145258,0.0
TCGA-78-7535-01Z-00-DX1.c4ca06f3-22d1-4e39-85c8-98d1fa2b0e60,0.082993,0.0,0.002376,0.0,0.0,0.0472,0.0,0.0,0.451984,0.073901,0.029601,8e-06,0.0,0.0,0.0,0.086805,0.0,0.052097,0.0,0.0,0.5026,0.0,0.0,0.0,0.0,0.0,0.027779,0.0,0.230274,0.042104,0.0,0.0,0.037216,0.642971,0.0,0.36028,0.390028,0.0,0.0,0.0,0.0,0.380559,0.382032,0.04087,0.0,0.193661,0.068015,0.0,0.0,0.493714,0.0,0.035911,0.0358,1.721889,0.0,0.522821,0.030552,0.0,0.0,0.049338,0.0,0.0,0.0,0.000602,0.030341,0.391924,0.0,0.017499,0.240141,0.0,0.0,0.0,0.261506,0.015373,0.0,3e-06,0.0,0.0,0.0,0.0,0.0,0.480369,0.008111,0.0,0.0,0.072868,0.0,0.355159,0.017162,0.003297,0.0458,0.109818,0.372085,0.0,0.489081,0.0,0.0,0.0,0.0,0.038461,0.0,0.0,0.0,0.0694,0.0,0.0,0.0,0.150146,0.031059,0.426095,0.025323,0.0,0.314788,0.0,0.398755,0.0,0.0,0.437547,0.085016,0.0,0.318295,0.0,0.179293,0.0,0.0,0.0,0.475452,0.159639,0.061613,0.0,0.029037,0.0,0.551061,0.316565,0.522968,0.0,0.0,0.000348,0.066405,0.0,0.356178,0.031934,0.419273,0.327464,0.0,0.0,0.0,0.280901,0.0,0.0,0.046719,0.0,0.311177,0.4438,0.016321,0.010374,0.002527,0.046188,0.020315,0.0,0.539663,0.046909,0.0,0.0,0.0,1.1e-05,0.0,0.0,0.0,0.341318,0.0,0.0,0.011822,0.0,0.0,0.0,0.0,0.0,0.027136,0.46274,0.0,0.0,0.0,0.0,0.0,0.021303,0.254555,0.035087,0.0,0.0,0.0,0.0,0.488224,0.0,0.461218,0.419081,0.010492,0.079851,0.419275,0.0,0.0,0.0,1.618089,0.001552,0.0,0.0,0.397198,1.096698,0.0,0.0,0.135477,0.0,0.0,0.0,0.0007,0.055182,0.0,0.552082,0.0,0.0,0.0,0.077014,0.0,0.06275,0.023269,0.0,0.0,0.0,0.0,0.0,0.327341,0.083135,0.0,0.009,0.0,0.016214,0.05279,0.005293,0.022092,0.0,3.5e-05,0.0,0.0,0.0,0.066576,0.383927,0.16264,0.0,0.0091,0.005867,0.268655,0.0,0.022375,0.0,0.0,0.255099,0.0,0.03666,0.0,0.102667,0.0,0.011355,0.0,3e-06,0.034135,0.0,0.0,0.0,0.032246,0.0,0.0,0.050973,0.060607,0.34906,0.417641,0.061008,0.0,0.040107,0.0,0.377938,0.463925,0.411682,0.035161,0.07801,0.0,8e-06,0.441321,0.0,0.028565,0.09825,0.010542,0.096756,0.0,0.0,0.0,0.04982,0.0,0.0,0.009797,0.467674,0.21766,0.380439,0.392437,0.039673,0.0,0.154244,0.0,0.0,0.0,0.075711,0.0,0.157568,0.0,0.0,0.386558,0.0,0.442611,0.0,0.0,0.025843,0.0,0.019201,0.032974,0.27777,0.0,0.071012,0.028079,0.080437,0.0,0.458491,4.7e-05,0.0,0.43647,0.0,0.37312,0.069827,0.029562,0.0,0.0,0.0,0.273939,0.071057,0.0,0.0,0.0,0.0,0.0,0.005747,0.016075,0.0,0.0,0.0,0.0,0.0,0.024713,0.04052,0.0,0.420825,0.0,0.380644,0.0,0.0,0.050838,0.0,0.324648,0.0,0.078781,0.0,0.384247,0.0,0.0,0.485409,0.307965,0.04513,0.067183,0.234661,0.0,0.0,0.271061,0.0,0.058012,0.0,0.0,0.013538,0.057105,0.392441,0.0,0.0,0.0,0.0,0.473037,0.074704,0.0,0.0,0.0,0.441435,0.0,0.0,0.0,0.001389,0.0,0.049938,0.0,0.417904,0.181218,0.411085,0.036648,0.0,0.0,1.736994,0.0,0.0,0.020385,0.47632,0.031595,0.491115,0.0,0.302304,0.041605,0.005972,0.332109,0.242345,0.0,0.0,0.075236,0.0,0.0,0.007937,0.31502,0.0,0.305489,0.182134,0.008226,0.555249,0.0,0.288945,0.0,0.046084,0.515704,0.014975,0.0,0.360815,0.089203,0.0,0.0,0.0,0.0,0.036287,0.410548,0.0,0.0,0.088532,0.0,0.0,0.0,0.0,0.048661,0.353677,0.0,0.0,0.089576,0.38047,0.0,0.41559,0.552218,0.025578,0.0,0.480698,0.040489,0.0,0.0,0.0,0.0,0.439896,0.0,0.0,0.055664,0.0,0.469544,0.004526,0.048772,0.458152,0.037812,0.0,0.219322,0.0,0.0,0.0,0.0,0.044784,0.0,0.0,0.0,0.285125,0.0,0.0,0.0,0.039231,0.0,0.0,0.080996,0.370835,0.042737,0.457819,0.0,0.074304,0.0,0.0,0.046246,0.0,0.370716,0.0
TCGA-55-8514-01Z-00-DX1.499CF563-B404-4061-9D1A-57954BBE2CE7,0.134212,0.0,0.047222,0.0,0.0,0.103355,0.0,0.0,0.40899,0.122975,0.071321,3.2e-05,0.0,0.0,0.0,0.139323,0.0,0.069173,0.0,0.0,0.403022,0.0,0.0,0.0,0.0,0.0,0.098392,0.0,0.215576,0.10456,0.0,0.0,0.086018,0.584311,0.0,0.276687,0.31117,0.0,1e-06,0.0,0.0,0.297666,0.313126,0.087631,0.0,0.238623,0.064988,0.0,0.0,0.399804,0.0,0.050952,0.066088,1.658064,0.0,0.4262,0.090028,0.0,0.0,0.101404,0.0,1e-06,0.0,0.02526,0.136288,0.305642,0.0,0.072637,0.231658,0.0,0.0,0.0,0.197226,0.063245,0.0,1.5e-05,0.0,0.0,0.0,0.0,0.0,0.403798,0.054932,0.0,0.0,0.160123,0.0,0.287072,0.078737,0.027907,0.125668,0.117996,0.309293,0.0,0.413977,0.0,0.0,0.0,0.0,0.113894,0.0,0.0,0.0,0.127555,0.0,0.0,0.0,0.194414,0.099919,0.322724,0.112798,0.0,0.243729,0.0,0.32312,0.0,0.0,0.494317,0.071769,0.0,0.262148,0.0,0.272531,0.0,0.0,0.0,0.367073,0.183978,0.116638,1e-06,0.035477,0.0,0.429495,0.265822,0.443956,0.0,0.0,0.001048,0.143884,0.0,0.299992,0.097373,0.313656,0.275015,0.0,0.0,0.0,0.23472,0.0,0.0,0.08059,0.0,0.252233,0.339805,0.063711,0.038952,0.053194,0.133719,0.069727,0.0,0.456228,0.067015,0.0,0.0,0.0,4.4e-05,0.0,0.0,0.0,0.333904,0.0,0.0,0.05453,0.0,0.0,0.0,0.0,0.0,0.079897,0.393842,0.0,0.0,0.0,0.0,0.0,0.05518,0.251736,0.102362,0.0,0.0,0.0,0.0,0.397199,0.0,0.374026,0.340379,0.068795,0.085005,0.342143,0.0,0.0,0.0,1.558953,0.042006,0.0,0.0,0.304776,1.041606,0.0,0.0,0.090529,0.0,0.0,0.0,0.002749,0.096488,0.0,0.502008,0.0,0.0,0.0,0.134463,0.0,0.111501,0.073607,0.0,0.0,0.0,0.0,0.0,0.270388,0.144258,0.0,0.048662,0.0,0.11543,0.127096,0.051926,0.089765,0.0,0.000137,0.0,0.0,0.0,0.123064,0.302583,0.140735,0.0,0.05187,0.03472,0.221083,0.0,0.070839,0.0,0.0,0.20013,0.0,0.075605,0.0,0.131006,0.0,0.060193,0.0,1.6e-05,0.062715,0.0,0.0,0.0,0.093676,0.0,0.0,0.100594,0.127712,0.275517,0.31765,0.093935,0.0,0.087206,0.0,0.304864,0.372002,0.346133,0.115669,0.115772,0.0,2.1e-05,0.348835,0.0,0.080178,0.206395,0.055454,0.128432,0.0,0.0,0.0,0.106573,0.0,0.0,0.071525,0.373097,0.153186,0.312279,0.326482,0.05315,0.0,0.131181,0.0,0.0,2e-06,0.111726,0.0,0.160185,0.0,0.0,0.32219,0.0,0.372874,0.0,0.0,0.0719,0.0,0.055433,0.080107,0.27143,0.0,0.083209,0.08001,0.150969,0.0,0.358639,0.000179,0.0,0.352871,0.0,0.42152,0.132364,0.078375,0.0,0.0,0.0,0.242562,0.108362,0.0,0.0,0.0,0.0,0.0,0.055116,0.059399,0.0,0.0,0.0,0.0,0.0,0.085835,0.089446,0.0,0.350891,0.0,0.313018,0.0,0.0,0.109324,0.0,0.264975,0.0,0.141307,0.0,0.375463,0.0,0.0,0.52243,0.378743,0.110868,0.130596,0.228868,0.0,0.0,0.281545,0.0,0.121181,0.0,0.0,0.073854,0.121792,0.322134,0.0,0.0,0.0,0.0,0.381127,0.149471,0.0,0.0,0.0,0.361858,0.0,0.0,0.0,0.023925,0.0,0.101246,0.0,0.362149,0.197953,0.340838,0.098591,0.0,0.0,1.667615,0.0,0.0,0.072828,0.375621,0.085304,0.39388,0.0,0.249114,0.143855,0.05421,0.260916,0.190782,0.0,0.0,0.143598,0.0,0.0,0.056661,0.256307,0.0,0.253619,0.13876,0.060409,0.492045,0.0,0.248103,0.0,0.074086,0.418115,0.060571,0.0,0.320625,0.093044,0.0,0.0,0.0,0.0,0.082479,0.326113,0.0,0.0,0.092208,0.0,0.0,0.0,0.0,0.088603,0.297179,0.0,0.0,0.145979,0.302732,0.0,0.336189,0.467936,0.05837,0.0,0.432718,0.085406,0.0,0.0,0.0,0.0,0.357606,0.0,0.0,0.155463,0.0,0.362747,0.043774,0.098004,0.361474,0.100265,0.0,0.145883,0.0,0.0,0.0,0.0,0.083954,0.0,0.0,0.0,0.236884,0.0,0.0,0.0,0.097502,0.0,0.0,0.055566,0.304753,0.124126,0.371194,0.0,0.110153,0.0,0.0,0.09047,0.0,0.305956,0.0
TCGA-55-7727-01Z-00-DX1.0c7a4953-16dc-41e0-845b-b89167ec17d7,0.109764,0.0,0.016723,0.0,0.0,0.068721,0.0,0.0,0.462779,0.104132,0.051609,0.000186,0.0,0.0,0.0,0.123922,0.0,0.068968,0.0,0.0,0.508707,0.0,0.0,0.0,0.0,0.0,0.053824,0.0,0.262273,0.078198,0.0,0.0,0.063684,0.660496,0.0,0.364934,0.388753,0.0,0.0,0.0,0.0,0.395107,0.380078,0.071038,0.0,0.233386,0.06746,0.0,0.0,0.492385,0.0,0.046967,0.041771,1.780509,0.0,0.523719,0.057976,0.0,0.0,0.071788,0.0,0.0,0.0,0.006709,0.080189,0.386803,0.0,0.046367,0.296254,0.0,0.0,0.0,0.278624,0.034107,0.0,0.000152,0.0,0.0,0.0,0.0,0.0,0.480596,0.028301,0.0,0.0,0.097616,0.0,0.365642,0.036752,0.011048,0.080998,0.120501,0.361286,0.0,0.501417,0.0,0.0,0.0,0.0,0.068705,0.0,0.0,0.0,0.103307,0.0,0.0,0.0,0.195313,0.067946,0.43,0.069168,0.0,0.321304,0.0,0.423319,0.0,0.0,0.51907,0.055969,0.0,0.327877,0.0,0.262571,0.0,0.0,0.0,0.466316,0.232725,0.090898,0.0,0.0321,0.0,0.511105,0.358368,0.538034,0.0,0.0,0.004489,0.127736,0.0,0.374007,0.051929,0.406826,0.342354,0.0,0.0,0.0,0.294715,0.0,0.0,0.066707,0.0,0.326506,0.422344,0.040678,0.028798,0.016863,0.099,0.052628,0.0,0.563057,0.056725,0.0,0.0,0.0,0.000261,0.0,0.0,0.0,0.382944,0.0,0.0,0.042956,0.0,0.0,0.0,0.0,0.0,0.057474,0.468748,0.0,0.0,0.0,0.0,0.0,0.037049,0.29464,0.072341,0.0,0.0,0.0,0.0,0.493051,0.0,0.465221,0.424884,0.033138,0.087075,0.432071,0.0,0.0,0.0,1.675798,0.013568,0.0,0.0,0.391804,1.118951,0.0,0.0,0.124816,0.0,0.0,0.0,0.007949,0.082654,0.0,0.577538,0.0,0.0,0.0,0.102662,0.0,0.09699,0.05186,0.0,0.0,0.0,0.0,0.0,0.326136,0.112296,0.0,0.028666,0.0,0.059342,0.079772,0.019897,0.053808,0.0,0.000921,0.0,0.0,0.0,0.097568,0.390491,0.189956,0.0,0.030006,0.017488,0.283792,0.0,0.05109,0.0,0.0,0.234736,0.0,0.054806,0.0,0.12219,0.0,0.032652,0.0,8.6e-05,0.065245,0.0,0.0,0.0,0.07622,0.0,0.0,0.070909,0.092995,0.34546,0.419517,0.086484,0.0,0.068475,0.0,0.373773,0.462687,0.450706,0.059558,0.100341,0.0,0.000136,0.431458,0.0,0.052609,0.134361,0.030329,0.087048,0.0,0.0,0.0,0.066838,0.0,0.0,0.02799,0.473749,0.208715,0.381952,0.397486,0.051045,0.0,0.164,0.0,0.0,1e-06,0.088709,0.0,0.166691,0.0,0.0,0.395845,0.0,0.444301,0.0,0.0,0.051064,0.0,0.034691,0.053878,0.330109,0.0,0.080473,0.052381,0.105971,0.0,0.445564,0.001157,0.0,0.447081,0.0,0.42449,0.105244,0.047751,0.0,0.0,0.0,0.317199,0.09283,0.0,0.0,0.0,0.0,0.0,0.025009,0.033891,0.0,0.0,0.0,0.0,0.0,0.053246,0.060943,0.0,0.427863,0.0,0.379207,0.0,0.0,0.074549,0.0,0.331632,0.0,0.107353,0.0,0.401827,0.0,0.0,0.567474,0.394634,0.072865,0.10136,0.27603,0.0,0.0,0.357542,0.0,0.093508,0.0,0.0,0.037712,0.082536,0.425885,0.0,0.0,0.0,0.0,0.468531,0.107422,0.0,0.0,0.0,0.443394,0.0,0.0,0.0,0.005264,0.0,0.075408,0.0,0.455926,0.233179,0.426636,0.060645,0.0,0.0,1.779435,0.0,0.0,0.045967,0.466362,0.054687,0.485133,0.0,0.320629,0.10288,0.019074,0.34414,0.25671,0.0,0.0,0.106433,0.0,0.0,0.021154,0.326289,0.0,0.353961,0.187761,0.007843,0.561679,0.0,0.310824,0.0,0.066867,0.513975,0.03599,0.0,0.392991,0.084728,0.0,0.0,0.0,0.0,0.068402,0.411022,0.0,0.0,0.070717,0.0,0.0,0.0,0.0,0.083014,0.358942,0.0,0.0,0.141649,0.373039,0.0,0.418686,0.547426,0.039872,0.0,0.492946,0.067233,0.0,0.0,0.0,0.0,0.449856,0.0,0.0,0.118837,0.0,0.453576,0.016113,0.080441,0.453763,0.070787,0.0,0.176479,0.0,0.0,0.0,0.0,0.073764,0.0,0.0,0.0,0.302204,0.0,0.0,2e-06,0.066354,0.0,0.0,0.058468,0.374414,0.090023,0.449956,0.0,0.078827,0.0,0.0,0.07135,0.0,0.412195,0.0
TCGA-49-6745-01Z-00-DX6.3174fffa-c17c-44d1-8d21-1921a9ec1bee,0.150371,0.0,0.023682,0.0,0.0,0.100147,0.0,0.0,0.392807,0.160199,0.084443,7.8e-05,0.0,0.0,0.0,0.170757,0.0,0.112502,0.0,0.0,0.368335,0.0,0.0,0.0,0.0,0.0,0.089397,0.0,0.168615,0.11366,0.0,0.0,0.094195,0.555496,0.0,0.283179,0.3209,0.0,0.0,0.0,0.0,0.28731,0.308642,0.109977,0.0,0.245692,0.109586,0.0,0.0,0.384241,0.0,0.072606,0.115585,1.647414,0.0,0.425501,0.082901,0.0,0.0,0.111689,0.0,4e-06,0.0,0.005704,0.123779,0.317596,0.0,0.059371,0.176008,0.0,0.0,0.0,0.180902,0.045359,0.0,0.000106,0.0,0.0,0.0,0.0,0.0,0.401912,0.04044,0.0,0.0,0.150511,0.0,0.260578,0.069994,0.015972,0.114066,0.135256,0.319871,0.0,0.404629,0.0,0.0,0.0,0.0,0.095371,1.8e-05,0.0,0.0,0.134144,0.0,0.0,0.0,0.183707,0.087869,0.33019,0.092163,0.0,0.227265,0.0,0.306964,0.0,0.0,0.429795,0.111045,0.0,0.221653,0.0,0.210448,0.0,0.0,0.0,0.384058,0.150101,0.133622,0.0,0.077647,0.0,0.437071,0.207243,0.415432,0.0,0.0,0.002718,0.069475,0.0,0.276554,0.084319,0.325158,0.249167,0.0,0.0,0.0,0.22378,0.0,0.0,0.09471,0.0,0.214279,0.358856,0.044328,0.030213,0.019684,0.127203,0.055025,0.0,0.441236,0.096065,0.0,0.0,0.0,0.000118,0.0,0.0,0.0,0.295673,0.0,0.0,0.031002,0.0,0.0,0.0,0.0,0.0,0.096099,0.399174,0.0,0.0,0.0,0.0,0.0,0.062139,0.221842,0.088475,0.0,0.0,0.0,0.0,0.381511,0.0,0.365726,0.327061,0.04739,0.121305,0.326827,0.0,0.0,0.0,1.491742,0.014958,0.0,0.0,0.32326,0.999603,0.0,0.0,0.110893,0.0,0.0,0.0,0.0063,0.094471,0.0,0.458127,0.0,0.0,0.0,0.142263,0.0,0.112502,0.073257,0.0,0.0,0.0,0.0,0.0,0.295465,0.154325,0.0,0.039668,0.0,0.079216,0.121913,0.02412,0.063803,0.0,0.000429,0.0,0.0,0.0,0.142671,0.314291,0.105786,0.0,0.034835,0.01919,0.192573,0.0,0.067461,0.0,0.0,0.22709,0.0,0.083789,0.0,0.16489,0.0,0.042172,0.0,3.7e-05,0.072216,0.0,0.0,0.0,0.104065,0.0,0.0,0.097102,0.113756,0.259801,0.332965,0.126001,0.0,0.1019,0.0,0.274694,0.368875,0.317008,0.097792,0.137759,0.0,0.000131,0.358618,0.0,0.055359,0.213779,0.044482,0.172485,0.0,0.0,0.0,0.09962,0.0,0.0,0.038537,0.372024,0.162963,0.297211,0.322398,0.072491,0.0,0.189354,0.0,0.0,0.000181,0.149575,0.0,0.176883,0.0,0.0,0.31178,0.0,0.349904,0.0,0.0,0.064719,0.0,0.048015,0.084586,0.224715,0.0,0.128445,0.073841,0.159126,0.0,0.375905,0.000561,0.0,0.358567,0.0,0.355671,0.145309,0.065398,0.0,0.0,0.0,0.200627,0.131399,0.0,0.0,0.0,0.0,0.0,0.032939,0.050521,0.0,0.0,0.0,0.0,0.0,0.090059,0.106016,0.0,0.333218,0.0,0.294825,0.0,0.0,0.135516,0.0,0.25224,0.0,0.156713,0.0,0.376545,0.0,0.0,0.428742,0.27682,0.10755,0.144608,0.226206,0.0,0.0,0.18527,0.0,0.1361,0.0,0.0,0.055227,0.130677,0.286246,3e-06,0.0,0.0,0.0,0.39291,0.14297,0.0,0.0,0.0,0.363996,0.0,0.0,0.0,0.008301,0.0,0.098376,0.0,0.322998,0.16,0.317901,0.082193,0.0,0.0,1.615988,0.0,0.0,0.061674,0.383411,0.075949,0.37803,0.0,0.216517,0.067676,0.022877,0.248677,0.168818,0.0,0.0,0.15424,0.0,0.0,0.046302,0.24649,0.0,0.203857,0.165082,0.021631,0.445514,0.0,0.212471,0.0,0.100638,0.414555,0.047339,0.0,0.275919,0.125793,0.0,0.0,0.0,0.0,0.083132,0.319631,0.0,0.0,0.12407,0.0,0.0,0.0,0.0,0.098879,0.263538,0.0,0.0,0.137732,0.288436,0.0,0.354239,0.482616,0.055952,0.0,0.440698,0.106957,0.0,0.0,0.0,0.0,0.349022,0.0,0.0,0.127455,0.0,0.367332,0.029692,0.108559,0.356833,0.101642,0.0,0.196904,0.0,0.0,0.0,0.0,0.095216,0.0,0.0,0.0,0.195006,0.0,0.0,0.0,0.094747,0.0,0.0,0.091161,0.291779,0.09531,0.376342,0.0,0.136923,0.0,0.0,0.115704,0.0,0.250722,0.0
TCGA-38-4630-01Z-00-DX1.d08d0193-c5ed-4db8-b236-1a4c3c3177b8,0.209529,0.0,0.081274,0.0,0.0,0.168301,0.0,0.0,0.357678,0.206632,0.133376,3e-06,0.0,0.0,0.0,0.226542,0.0,0.031808,0.0,0.0,0.286378,0.0,0.0,0.0,0.0,0.0,0.145771,0.0,0.055373,0.166666,0.0,0.0,0.135454,0.411145,0.0,0.212375,0.222399,0.0,0.0,0.0,0.0,0.171039,0.20494,0.150923,0.0,0.131558,0.02665,0.0,0.0,0.29534,0.0,0.017448,0.067605,1.463773,0.0,0.298661,0.133565,0.0,0.0,0.161666,0.0,0.0,0.0,0.034933,0.175862,0.211231,0.0,0.064424,0.062083,0.0,0.0,0.0,0.067729,0.106788,0.0,2e-06,0.0,0.0,0.0,0.0,0.0,0.273378,0.10051,0.0,0.0,0.192591,0.0,0.135971,0.124131,0.039484,0.163011,0.14286,0.193472,0.0,0.274013,0.0,0.0,0.0,0.0,0.164539,0.0,0.0,0.0,0.202477,0.0,0.0,0.0,0.102092,0.166476,0.240122,0.117027,0.0,0.138667,0.0,0.195023,0.0,0.0,0.341225,0.068834,0.0,0.126438,0.0,0.293378,0.0,0.0,0.0,0.283934,0.083207,0.197044,0.0,0.024389,0.0,0.357647,0.076451,0.290002,0.0,0.0,0.00023,0.157273,0.0,0.175417,0.041641,0.237788,0.159817,0.0,0.0,0.0,0.101517,0.0,0.0,0.143147,0.0,0.117832,0.253967,0.132591,0.068859,0.098832,0.138882,0.11528,0.0,0.309619,0.026492,0.0,0.0,0.0,3e-06,0.0,0.0,0.0,0.169062,0.0,0.0,0.010683,0.0,0.0,0.0,0.0,0.0,0.134403,0.269306,0.0,0.0,0.0,0.0,0.0,0.113045,0.087959,0.160433,0.0,0.0,0.0,0.0,0.285123,0.0,0.261684,0.221547,0.111659,0.031794,0.239186,0.0,0.0,0.0,1.284419,0.065993,0.0,0.0,0.227892,0.813452,0.0,0.0,0.105165,0.0,0.0,0.0,0.000988,0.024707,0.0,0.326262,0.0,0.0,0.0,0.205205,0.0,0.191201,0.120548,0.0,0.0,0.0,0.0,0.0,0.155658,0.212496,0.0,0.090736,0.0,0.146329,0.201015,0.086497,0.138633,0.0,1.1e-05,0.0,0.0,0.0,0.198549,0.196933,0.0371,0.0,0.09151,0.06547,0.084172,0.0,0.122291,0.0,0.0,0.115727,0.0,0.12129,0.0,0.216582,0.0,0.087872,0.0,1e-06,0.016005,0.0,0.0,0.0,0.144745,0.0,0.0,0.165108,0.186246,0.176196,0.210512,0.056549,0.0,0.144352,0.0,0.186376,0.275253,0.170821,0.155425,0.204827,0.0,1e-06,0.262353,0.0,0.130689,0.241708,0.099667,0.139549,0.0,0.0,0.0,0.175941,0.0,0.0,0.103624,0.269498,0.121966,0.20756,0.219863,0.017841,0.0,0.058286,0.0,0.0,0.0,0.067329,0.0,0.070429,0.0,0.0,0.193122,0.0,0.255213,0.0,0.0,0.112243,0.0,0.092674,0.129855,0.094431,0.0,0.106317,0.147726,0.140391,0.0,0.286831,1.4e-05,0.0,0.236057,0.0,0.368372,0.196436,0.119488,0.0,0.0,0.0,0.085684,0.147473,0.0,0.0,0.0,0.0,0.0,0.095903,0.094625,0.0,0.0,0.0,0.0,0.0,0.13455,0.154228,0.0,0.230044,0.0,0.215848,0.0,0.0,0.098189,0.0,0.139268,0.0,0.210093,0.0,0.241831,0.0,0.0,0.451015,0.358768,0.174297,0.202258,0.063223,0.0,0.0,0.051492,0.0,0.19129,0.0,0.0,0.125282,0.184445,0.172734,0.0,0.0,0.0,0.0,0.267876,0.215743,0.0,0.0,0.0,0.272898,0.0,0.0,0.0,0.039282,0.0,0.157289,0.0,0.190929,0.043323,0.222111,0.165301,0.0,0.0,1.427493,0.0,0.0,0.123432,0.281964,0.13218,0.264016,0.0,0.104388,0.14832,0.091498,0.152913,0.118995,0.0,0.0,0.220062,0.0,0.0,0.083174,0.170421,0.0,0.071883,0.098212,0.081629,0.319561,0.0,0.097663,0.0,0.035163,0.336505,0.093034,0.0,0.146713,0.118767,0.0,0.0,0.0,0.0,0.145242,0.240139,0.0,0.0,0.07988,0.0,0.0,0.0,0.0,0.018315,0.236093,0.0,0.0,0.056453,0.19327,0.0,0.246504,0.344054,0.107214,0.0,0.292528,0.143892,0.0,0.0,0.0,0.0,0.243004,0.0,0.0,0.103467,0.0,0.284406,0.083585,0.180622,0.269572,0.164555,0.0,0.113625,0.0,0.0,0.0,0.0,0.151952,0.0,0.0,0.0,0.108691,0.0,0.0,0.0,0.146849,0.0,0.0,0.024446,0.203814,0.114869,0.276965,0.0,0.146147,0.0,0.0,0.160436,0.0,0.128768,0.0
TCGA-44-7670-01Z-00-DX1.2a981dd6-0063-438e-b20e-b180b16e2b23,0.09941,0.0,0.020195,0.0,0.0,0.073925,0.0,0.0,0.409676,0.100199,0.055377,0.000436,0.0,0.0,0.0,0.121188,0.0,0.062623,0.0,0.0,0.41444,0.0,0.0,0.0,0.0,0.0,0.053681,0.0,0.188385,0.071947,0.0,0.0,0.055298,0.588648,0.0,0.310442,0.346661,0.0,0.0,0.0,0.0,0.32008,0.335957,0.072654,0.0,0.222942,0.058127,0.0,0.0,0.417754,0.0,0.034187,0.069742,1.620855,0.0,0.463133,0.054693,0.0,0.0,0.081639,0.0,0.0,0.0,0.008004,0.076092,0.343052,0.0,0.032062,0.214633,0.0,0.0,0.0,0.211312,0.03475,0.0,0.000234,0.0,0.0,0.0,0.0,0.0,0.415262,0.030442,0.0,0.0,0.115126,0.0,0.307668,0.052765,0.01383,0.072649,0.111091,0.325967,0.0,0.439396,0.0,0.0,0.0,0.0,0.06902,0.0,0.0,0.0,0.092444,0.0,0.0,0.0,0.163617,0.055974,0.351189,0.056796,0.0,0.261897,0.0,0.348917,0.0,0.0,0.463869,0.083776,0.0,0.264477,0.0,0.243589,0.0,0.0,0.0,0.405977,0.167635,0.093831,0.0,0.031846,0.0,0.470149,0.261819,0.458524,0.0,0.0,0.002291,0.084481,0.0,0.303922,0.056218,0.344209,0.284047,0.0,0.0,0.0,0.249653,0.0,0.0,0.061724,0.0,0.26825,0.370028,0.033834,0.021616,0.014243,0.085153,0.037792,0.0,0.478588,0.05106,0.0,0.0,0.0,0.000491,0.0,0.0,0.0,0.321047,0.0,0.0,0.017785,0.0,0.0,0.0,0.0,0.0,0.052478,0.429034,0.0,0.0,0.0,0.0,0.0,0.043031,0.232157,0.064417,0.0,0.0,0.0,0.0,0.408522,0.0,0.397803,0.35815,0.03512,0.068633,0.35794,0.0,0.0,0.0,1.524352,0.018403,0.0,0.0,0.34784,1.030277,0.0,0.0,0.108434,0.0,0.0,0.0,0.003283,0.067883,0.0,0.502623,0.0,0.0,0.0,0.101699,0.0,0.08423,0.051679,0.0,0.0,0.0,0.0,0.0,0.280852,0.100687,0.0,0.032273,0.0,0.055273,0.088999,0.020956,0.050261,0.0,0.001266,0.0,0.0,0.0,0.08751,0.330127,0.128749,0.0,0.025321,0.011411,0.233882,0.0,0.049057,0.0,0.0,0.209108,0.0,0.057258,0.0,0.114612,0.0,0.024933,0.0,0.000111,0.033575,0.0,0.0,0.0,0.0639,0.0,0.0,0.068649,0.087026,0.3029,0.353251,0.079766,0.0,0.067375,0.0,0.319122,0.392589,0.348735,0.069228,0.101251,0.0,3.1e-05,0.381075,0.0,0.049918,0.168862,0.03498,0.126426,0.0,0.0,0.0,0.071453,0.0,0.0,0.038004,0.396142,0.174067,0.325441,0.350115,0.0369,0.0,0.152421,0.0,0.0,2e-06,0.097388,0.0,0.155138,0.0,0.0,0.338868,0.0,0.384802,0.0,0.0,0.045256,0.0,0.033228,0.052759,0.245934,0.0,0.098737,0.050445,0.101811,0.0,0.391972,0.001383,0.0,0.381191,0.0,0.369527,0.098127,0.041591,0.0,0.0,0.0,0.238356,0.081915,0.0,0.0,0.0,0.0,0.0,0.029031,0.030923,0.0,0.0,0.0,0.0,0.0,0.06027,0.07019,0.0,0.363848,0.0,0.325723,0.0,0.0,0.095895,0.0,0.285203,0.0,0.118126,0.0,0.36302,0.0,0.0,0.481995,0.329253,0.076885,0.091111,0.220639,0.0,0.0,0.23912,0.0,0.085402,0.0,0.0,0.041703,0.087842,0.33254,0.0,0.0,0.0,0.0,0.421214,0.100917,0.0,0.0,0.0,0.394259,0.0,0.0,0.0,0.008681,0.0,0.064506,0.0,0.372209,0.156562,0.351411,0.06148,0.0,0.0,1.634152,0.0,0.0,0.038374,0.417279,0.052541,0.424062,0.0,0.258977,0.087615,0.021012,0.281668,0.197466,0.0,0.0,0.107059,0.0,1e-06,0.030153,0.261236,0.0,0.264147,0.157478,0.025579,0.499216,0.0,0.252028,0.0,0.052647,0.451912,0.030717,0.0,0.316165,0.114163,0.0,0.0,0.0,0.0,0.055345,0.338718,0.0,0.0,0.073249,0.0,0.0,0.0,0.0,0.070653,0.29734,0.0,0.0,0.108696,0.33074,0.0,0.369758,0.490167,0.036473,0.0,0.443349,0.072167,0.0,0.0,0.0,0.0,0.374475,0.0,0.0,0.088241,0.0,0.396948,0.023085,0.073148,0.400928,0.069451,0.0,0.171985,0.0,0.0,0.0,0.0,0.061537,0.0,0.0,0.0,0.241612,0.0,0.0,0.0,0.063973,0.0,0.0,0.039913,0.319354,0.06004,0.40089,0.0,0.096369,0.0,0.0,0.0733,0.0,0.298905,0.0
TCGA-73-4677-01Z-00-DX1.b557785c-9ccc-42a7-bb54-7bb47638ddfc,0.259134,0.0,0.04506,0.0,0.0,0.173476,0.0,0.0,0.314493,0.245208,0.152078,1.2e-05,0.0,0.0,0.0,0.242226,0.0,0.137496,0.0,0.0,0.285604,0.0,0.0,0.0,0.0,0.0,0.149258,0.0,0.126334,0.174467,0.0,0.0,0.159439,0.46949,0.0,0.199184,0.221787,0.0,0.0,0.0,0.0,0.181054,0.206658,0.189735,0.0,0.197284,0.145908,0.0,0.0,0.297888,0.0,0.128587,0.117836,1.641633,0.0,0.315736,0.149761,0.0,0.0,0.195784,0.0,0.0,0.0,0.015886,0.146295,0.237548,0.0,0.111146,0.10869,0.0,0.0,0.0,0.087799,0.125055,0.0,8e-06,0.0,0.0,0.0,0.0,0.0,0.327205,0.094251,0.0,0.0,0.224597,0.0,0.152216,0.134593,0.065159,0.199685,0.150919,0.286876,0.0,0.311028,0.0,0.0,0.0,0.0,0.184444,0.0,0.0,0.0,0.22245,0.0,0.0,0.0,0.175662,0.143089,0.262994,0.136393,0.0,0.127392,0.0,0.198526,0.0,0.0,0.354527,0.160791,0.0,0.135784,0.0,0.183265,0.0,0.0,0.0,0.31134,0.111512,0.216991,0.0,0.094098,0.0,0.348213,0.126126,0.291562,0.0,0.0,0.000661,0.072898,0.0,0.170492,0.128216,0.271075,0.156793,0.0,0.0,0.0,0.121242,0.0,0.0,0.179956,0.0,0.120749,0.295266,0.116087,0.080952,0.032266,0.178018,0.128573,0.0,0.323468,0.151824,0.0,0.0,0.0,1.6e-05,0.0,0.0,0.0,0.238101,0.0,0.0,0.073511,0.0,0.0,0.0,0.0,0.0,0.151621,0.319054,0.0,0.0,0.0,0.0,0.0,0.129957,0.15998,0.163176,0.0,0.0,0.0,0.0,0.299758,0.0,0.269665,0.224703,0.089305,0.156813,0.222917,0.0,0.0,0.0,1.422107,0.039308,0.0,0.0,0.258147,0.92072,0.0,0.0,0.084592,0.0,0.0,0.0,0.001704,0.149731,0.0,0.368588,0.0,0.0,0.0,0.236975,0.0,0.210597,0.145995,0.0,0.0,0.0,0.0,0.0,0.263209,0.273864,0.0,0.102431,0.0,0.120216,0.200372,0.083869,0.145105,0.0,4.7e-05,0.0,0.0,0.0,0.223427,0.240553,0.055768,0.0,0.094108,0.065891,0.112698,0.0,0.143336,0.0,0.0,0.235334,0.0,0.166591,0.0,0.276077,0.0,0.104747,0.0,5e-06,0.123867,0.0,0.0,0.0,0.165939,0.0,0.0,0.193321,0.217039,0.168335,0.257236,0.165572,0.0,0.175928,0.0,0.194929,0.290052,0.186636,0.162428,0.2416,0.0,8e-06,0.264721,0.0,0.14042,0.287897,0.11004,0.236291,0.0,0.0,0.0,0.182125,0.0,0.0,0.108719,0.293142,0.132639,0.207993,0.232801,0.127841,0.0,0.187548,0.0,0.0,0.0,0.213691,0.0,0.19999,0.0,0.0,0.223224,0.0,0.266071,0.0,0.0,0.134371,0.0,0.119602,0.166699,0.16312,0.0,0.138188,0.146943,0.235941,0.0,0.281848,5.8e-05,0.0,0.276567,0.0,0.321658,0.223161,0.144831,0.0,0.0,0.0,0.115059,0.236636,0.0,0.0,0.0,0.0,0.0,0.086306,0.115297,0.0,0.0,0.0,0.0,0.0,0.149963,0.168533,0.0,0.233132,0.0,0.21872,0.0,0.0,0.153455,0.0,0.132171,0.0,0.244505,0.0,0.352912,0.0,0.0,0.348756,0.250815,0.193641,0.224367,0.145658,0.0,0.0,0.119445,0.0,0.220549,0.0,0.0,0.107772,0.212027,0.161648,0.0,0.0,0.0,0.0,0.28954,0.22097,0.0,0.0,0.0,0.285431,0.0,0.0,0.0,0.039646,0.0,0.181848,0.0,0.19905,0.118275,0.226411,0.158877,0.0,0.0,1.565537,0.0,0.0,0.125087,0.325281,0.158361,0.303351,0.0,0.115494,0.081475,0.088756,0.153481,0.101411,0.0,0.0,0.256631,0.0,0.0,0.101091,0.153049,0.0,0.113847,0.149621,0.043214,0.326307,0.0,0.114348,0.0,0.159213,0.316048,0.126318,0.0,0.180398,0.118012,0.0,0.0,0.0,0.0,0.153956,0.266385,0.0,0.0,0.205466,0.0,0.0,0.0,0.0,0.116193,0.20096,0.0,0.0,0.131787,0.205985,0.0,0.252288,0.428773,0.130294,0.0,0.377459,0.17481,0.0,0.0,0.0,0.0,0.254691,0.0,0.0,0.18612,0.0,0.274481,0.082299,0.175021,0.294597,0.159414,0.0,0.224519,0.0,0.0,0.0,0.0,0.180238,0.0,0.0,0.0,0.108197,0.0,0.0,0.0,0.184194,0.0,0.0,0.147912,0.191338,0.156395,0.271308,0.0,0.244097,0.0,0.0,0.177156,0.0,0.158853,0.0
TCGA-38-A44F-01Z-00-DX1.B9958072-D8BB-40DD-B28E-2E83CE2B550B,0.137609,0.0,0.011464,0.0,0.0,0.083104,0.0,0.0,0.362813,0.13458,0.066867,0.00067,0.0,0.0,0.0,0.121661,0.0,0.188274,0.0,0.0,0.444436,0.0,0.0,0.0,0.0,0.0,0.08316,0.0,0.322896,0.078856,0.0,0.0,0.068112,0.685043,0.0,0.296873,0.351649,0.0,0.0,0.0,0.0,0.345372,0.347832,0.095554,0.0,0.331397,0.179141,0.0,0.0,0.443523,0.0,0.155239,0.144852,1.792026,2e-06,0.484032,0.069467,0.0,0.0,0.102081,0.0,0.0,0.0,0.002318,0.104261,0.368599,0.0,0.116952,0.320232,0.0,0.0,0.0,0.257929,0.045985,0.0,5.2e-05,0.0,0.0,0.0,0.0,0.0,0.496151,0.042101,0.0,0.0,0.17247,0.0,0.344174,0.055857,0.020663,0.134368,0.106803,0.410545,0.0,0.469714,0.0,0.0,0.0,1e-06,0.105206,0.0,0.0,0.0,0.108106,0.0,0.0,0.0,0.291372,0.059903,0.366233,0.099963,0.0,0.273629,0.0,0.371435,0.0,0.0,0.530202,0.15808,0.0,0.305037,0.0,0.153386,0.0,0.0,0.0,0.414658,0.247106,0.104346,0.0,0.123652,0.0,0.398746,0.354853,0.500165,0.0,0.0,0.002498,0.044114,0.0,0.336676,0.177514,0.368185,0.306405,0.0,0.0,0.0,0.289358,0.0,0.0,0.089637,2e-06,0.293874,0.383486,0.050512,0.025664,0.009019,0.162191,0.054049,0.0,0.521568,0.180346,0.0,0.0,0.0,0.000569,0.0,0.0,0.0,0.433049,0.0,0.0,0.135637,0.0,0.0,0.0,0.0,0.0,0.065838,0.489734,0.0,0.0,0.0,0.0,0.0,0.056077,0.35821,0.075501,0.0,0.0,0.0,0.0,0.44613,0.0,0.413809,0.385127,0.039469,0.199246,0.359959,0.0,0.0,0.0,1.687755,0.008919,0.0,0.0,0.365022,1.160953,0.0,0.0,0.073216,0.0,0.0,0.0,0.006744,0.214305,0.0,0.581413,0.0,0.0,0.0,0.120365,0.0,0.106396,0.060822,0.0,0.0,0.0,0.0,0.0,0.390971,0.138266,0.0,0.038424,0.0,0.066914,0.103628,0.030089,0.068412,0.0,0.00111,0.0,0.0,0.0,0.113165,0.370154,0.204579,0.0,0.036707,0.021615,0.284887,0.0,0.061211,0.0,0.0,0.303955,0.0,0.090468,0.0,0.172458,0.0,0.048224,0.0,0.00017,0.175289,0.0,0.0,0.0,0.077667,0.0,0.0,0.092207,0.093829,0.30662,0.380642,0.207335,0.0,0.074966,0.0,0.342732,0.424828,0.41302,0.091855,0.112088,0.0,3.4e-05,0.393557,0.0,0.052173,0.223317,0.045496,0.209697,0.0,0.0,0.0,0.081947,0.0,0.0,0.044607,0.42667,0.174348,0.35054,0.365108,0.160122,0.0,0.262974,0.0,0.0,0.0,0.23907,0.0,0.287403,0.0,0.0,0.376654,0.0,0.421031,0.0,0.0,0.062277,0.0,0.047266,0.082375,0.377404,0.0,0.158208,0.061039,0.229926,0.0,0.397779,0.001095,0.0,0.428832,0.0,0.354855,0.12149,0.069506,0.0,0.0,0.0,0.311652,0.17333,0.0,0.0,0.0,0.0,0.0,0.03253,0.050728,0.0,0.0,0.0,0.0,0.0,0.072378,0.082619,0.0,0.393465,0.0,0.35274,0.0,0.0,0.208433,0.0,0.309629,0.0,0.125697,0.0,0.491662,0.0,0.0,0.405378,0.253376,0.094243,0.110554,0.338128,0.0,0.0,0.411694,0.0,0.106569,0.0,0.0,0.046157,0.113687,0.374397,0.0,0.0,0.0,0.0,0.421626,0.112419,0.0,0.0,0.0,0.404295,0.0,0.0,0.0,0.007103,0.0,0.081129,0.0,0.42746,0.30852,0.384274,0.080836,0.0,0.0,1.780825,0.0,0.0,0.053329,0.447682,0.067905,0.45973,0.0,0.309934,0.049659,0.035887,0.296441,0.205061,0.0,0.0,0.124494,0.0,0.0,0.040891,0.268203,0.0,0.350729,0.206223,0.011099,0.542839,0.0,0.299741,0.0,0.181779,0.417733,0.055127,0.0,0.398183,0.101246,0.0,0.0,0.0,0.0,0.070523,0.375854,0.0,0.0,0.188213,0.0,0.0,0.0,0.0,0.203156,0.277799,0.0,0.0,0.246952,0.338749,0.0,0.358732,0.578223,0.049003,0.0,0.540922,0.085601,0.0,0.0,0.0,0.0,0.411869,0.0,0.0,0.241352,0.0,0.372911,0.035926,0.080415,0.425637,0.084945,0.0,0.25801,0.0,0.0,0.0,0.0,0.076544,0.0,0.0,0.0,0.286378,0.0,0.0,0.0,0.084788,0.0,0.0,0.166054,0.324422,0.143981,0.395534,0.0,0.155731,0.0,0.0,0.07962,0.0,0.374759,0.0
TCGA-97-A4M2-01Z-00-DX1.5C72522C-1538-4D68-B517-5FB05A9D401A,0.112641,0.0,0.008759,0.0,0.0,0.057795,0.0,0.0,0.407701,0.111647,0.057847,0.008805,0.0,0.0,0.0,0.10449,0.0,0.173129,0.0,0.0,0.547902,0.0,0.0,0.0,0.0,0.0,0.056353,0.0,0.377918,0.064607,0.0,0.0,0.063986,0.762157,0.0,0.403087,0.433242,0.0,0.0,0.0,0.0,0.463091,0.408403,0.087092,0.0,0.314763,0.183763,0.0,0.0,0.549054,0.0,0.145814,0.127758,1.829743,4e-06,0.597083,0.057032,0.0,0.0,0.080906,0.0,0.0,0.0,0.007724,0.045896,0.45041,0.0,0.078672,0.431622,0.0,0.0,0.0,0.388994,0.046286,0.0,0.000294,0.0,0.0,0.0,0.0,0.0,0.571566,0.035163,0.0,0.0,0.103149,0.0,0.457309,0.039288,0.022152,0.101846,0.087196,0.462019,0.0,0.577503,0.0,0.0,0.0,0.0,0.067957,0.0,0.0,1e-06,0.093228,0.0,0.0,0.0,0.28494,0.046998,0.464013,0.077266,0.0,0.36362,0.0,0.492028,0.0,0.0,0.578665,0.131348,0.0,0.407351,0.0,0.180153,0.0,0.0,0.0,0.499295,0.312164,0.093138,0.0,0.127476,0.0,0.490319,0.52082,0.638993,0.0,0.0,0.013289,0.063038,0.0,0.437103,0.128085,0.464702,0.393902,0.0,0.0,0.0,0.377466,0.0,0.0,0.07862,0.0,0.389719,0.453058,0.034063,0.03203,0.002929,0.118086,0.048206,0.0,0.632722,0.172201,0.0,0.0,0.0,0.007888,0.0,0.0,0.0,0.517829,0.0,0.0,0.105213,0.0,0.0,0.0,0.0,0.0,0.062279,0.549866,0.0,0.0,0.0,0.0,0.0,0.049842,0.408613,0.052591,0.0,0.0,0.0,0.0,0.530461,0.0,0.518123,0.480312,0.025823,0.183453,0.475391,0.0,0.0,0.0,1.760556,0.009099,0.0,0.0,0.448918,1.217312,0.0,0.0,0.076079,0.0,0.0,0.0,0.023389,0.200481,0.0,0.693367,0.0,0.0,0.0,0.098405,0.0,0.092631,0.047554,0.0,0.0,0.0,0.0,0.0,0.44613,0.126355,0.0,0.037594,0.0,0.032236,0.071531,0.025997,0.048263,0.0,0.014152,0.0,0.0,0.0,0.107023,0.468251,0.275586,0.0,0.03196,0.022782,0.38848,0.0,0.054707,0.0,0.0,0.318098,0.0,0.075227,0.0,0.135316,0.0,0.036457,0.0,0.00292,0.182758,0.0,0.0,0.0,0.062566,0.0,0.0,0.07981,0.085215,0.379677,0.502201,0.197025,0.0,0.072149,0.0,0.411701,0.519477,0.56139,0.055653,0.107964,0.0,0.000287,0.453132,0.0,0.050292,0.127218,0.034754,0.158636,0.0,0.0,0.0,0.070768,0.0,0.0,0.02982,0.524794,0.213614,0.428663,0.429754,0.157197,0.0,0.275715,0.0,0.0,0.0,0.197039,0.0,0.285206,0.0,0.0,0.46879,0.0,0.484895,0.0,0.0,0.051398,0.0,0.045075,0.073302,0.449698,0.0,0.131191,0.056573,0.179129,0.0,0.481217,0.014208,0.0,0.538789,0.0,0.362799,0.099014,0.058117,0.0,0.0,0.0,0.422052,0.135031,0.0,0.0,0.0,0.0,0.0,0.026573,0.052008,0.0,0.0,0.0,0.0,0.0,0.056187,0.06391,0.0,0.46707,0.0,0.419765,0.0,0.0,0.151867,0.0,0.398777,0.0,0.110981,0.0,0.516653,0.0,0.0,0.516711,0.314115,0.073866,0.095784,0.408391,0.0,0.0,0.579783,0.0,0.094956,0.0,0.0,0.030418,0.084965,0.534462,0.0,0.0,0.0,0.0,0.523745,0.084204,0.0,0.0,0.0,0.479438,0.0,0.0,0.0,0.009781,0.0,0.074756,0.0,0.553638,0.362402,0.483932,0.057782,0.0,0.0,1.832391,0.0,0.0,0.045723,0.533335,0.055972,0.573527,0.0,0.418261,0.071196,0.024582,0.387273,0.282898,0.0,0.0,0.106605,0.0,0.0,0.032522,0.345714,0.0,0.516392,0.256921,0.005465,0.647906,0.0,0.408031,0.0,0.15635,0.511943,0.055293,0.0,0.514006,0.080899,0.0,0.0,0.0,0.0,0.062516,0.459596,0.0,0.0,0.169089,5e-06,0.0,0.0,0.0,0.183517,0.365643,0.0,0.0,0.251254,0.424285,0.0,0.437747,0.634554,0.054042,0.0,0.597423,0.073726,0.0,0.0,0.0,0.0,0.51795,0.0,0.0,0.206425,0.0,0.469786,0.027424,0.071546,0.500141,0.062396,0.0,0.292476,0.0,0.0,0.0,0.0,0.076599,0.0,0.0,0.0,0.377865,0.0,0.0,0.0,0.075309,0.0,0.0,0.19078,0.39842,0.107193,0.480133,0.0,0.129188,0.0,0.0,0.070857,0.0,0.529341,0.0
TCGA-05-4420-01Z-00-DX1.2df0552e-87dc-491e-9be2-be8fbce2660d,0.049156,0.0,0.001945,0.0,0.0,0.025053,0.0,0.0,0.442254,0.043221,0.016213,0.001557,0.0,0.0,0.0,0.051784,0.0,0.072006,0.0,0.0,0.53682,0.0,0.0,0.0,0.0,0.0,0.020315,0.0,0.31315,0.02205,0.0,0.0,0.016271,0.723945,0.0,0.380887,0.448639,0.0,0.0,0.0,0.0,0.425478,0.424922,0.02506,0.0,0.268525,0.088723,0.0,0.0,0.544318,0.0,0.062533,0.079919,1.711872,0.000168,0.571637,0.012915,0.0,0.0,0.027427,0.0,1e-06,0.0,0.001108,0.023669,0.430258,0.0,0.038195,0.319967,0.0,0.0,0.0,0.313351,0.011789,0.0,6.5e-05,0.0,0.0,0.0,0.0,0.0,0.527223,0.005656,0.0,0.0,0.069495,0.0,0.433595,0.010373,0.001147,0.037069,0.085138,0.424121,0.0,0.546161,0.0,0.0,0.0,0.0,0.027201,1e-06,0.0,0.0,0.035231,0.0,0.0,0.0,0.194787,0.017296,0.440985,0.021739,0.0,0.348138,0.0,0.45173,0.0,0.0,0.512684,0.100953,0.0,0.373631,0.0,0.179944,0.0,0.0,0.0,0.496302,0.200166,0.040446,0.0,0.05219,0.0,0.504029,0.42901,0.594578,0.0,0.0,0.004497,0.037653,0.0,0.411635,0.062787,0.441425,0.388705,0.0,0.0,0.0,0.362069,0.0,0.0,0.023733,1e-06,0.367877,0.453306,0.006409,0.003152,0.001466,0.047921,0.010466,0.0,0.577703,0.069441,0.0,0.0,0.0,0.001739,0.0,0.0,0.0,0.428647,0.0,0.0,0.04504,0.0,0.0,0.0,0.0,0.0,0.017573,0.519558,0.0,0.0,0.0,0.0,0.0,0.006812,0.333546,0.01506,0.0,0.0,0.0,0.0,0.523863,0.0,0.524832,0.471024,0.008213,0.082523,0.451053,0.0,0.0,0.0,1.67383,0.001468,0.0,0.0,0.429244,1.171557,0.0,0.0,0.081413,0.0,0.0,0.0,0.006074,0.121902,0.0,0.631847,0.0,0.0,0.0,0.043252,0.0,0.037959,0.009331,0.0,0.0,0.0,0.0,0.0,0.384751,0.049557,0.0,0.005843,0.0,0.009743,0.032624,0.00428,0.015152,0.0,0.003404,0.0,0.0,0.0,0.033324,0.415835,0.205438,0.0,0.004642,0.001844,0.339753,0.0,0.01094,0.0,0.0,0.268664,0.0,0.016687,0.0,0.065415,0.0,0.005919,0.0,0.000691,0.055432,0.0,0.0,0.0,0.016162,0.0,0.0,0.028085,0.034937,0.378744,0.442272,0.081724,0.0,0.02314,0.0,0.411934,0.493869,0.497472,0.020941,0.046173,0.0,2e-06,0.47854,0.0,0.0122,0.100787,0.004751,0.090752,0.0,0.0,0.0,0.027931,0.0,0.0,0.006619,0.49146,0.201671,0.418884,0.449911,0.050163,0.0,0.177789,0.0,0.0,0.0,0.104561,0.0,0.190266,0.0,0.0,0.445464,0.0,0.492099,0.0,0.0,0.009393,0.0,0.007763,0.01584,0.356325,0.0,0.104001,0.016055,0.090732,0.0,0.484304,0.002895,0.0,0.490413,0.0,0.364284,0.035905,0.014914,0.0,0.0,0.0,0.350847,0.050556,0.0,0.0,0.0,0.0,0.0,0.003385,0.008028,0.0,0.0,0.0,0.0,0.0,0.011568,0.016649,0.0,0.471926,0.0,0.424785,0.0,0.0,0.101532,0.0,0.37994,0.0,0.056457,0.0,0.442421,0.0,0.0,0.485418,0.318501,0.025198,0.038797,0.305541,0.0,0.0,0.415953,0.0,0.030827,0.0,0.0,0.009044,0.036661,0.471896,0.0,0.0,0.0,0.0,0.510836,0.047205,0.0,0.0,0.0,0.486802,0.0,0.0,0.0,0.000688,0.0,0.022604,0.0,0.505607,0.263728,0.468262,0.018813,0.0,0.0,1.758922,0.0,0.0,0.008425,0.505026,0.014396,0.527295,0.0,0.372843,0.043227,0.002946,0.372913,0.2822,0.0,0.0,0.046688,0.0,0.0,0.004061,0.320903,0.0,0.409066,0.22163,0.012979,0.635596,0.0,0.370191,0.0,0.055151,0.504717,0.007105,0.0,0.441719,0.099392,0.0,0.0,0.0,0.0,0.017738,0.43492,0.0,0.0,0.09033,0.0,0.0,0.0,0.0,0.097268,0.37612,0.0,0.0,0.156428,0.419944,0.0,0.454214,0.603005,0.013004,0.0,0.556339,0.015998,0.0,0.0,0.0,0.0,0.504259,0.0,0.0,0.079864,0.0,0.468767,0.002979,0.029344,0.493788,0.022321,0.0,0.240445,0.0,0.0,0.0,0.0,0.020669,0.0,0.0,1e-06,0.347362,0.0,0.0,0.0,0.026829,0.0,0.0,0.089089,0.412718,0.049722,0.495296,0.0,0.047345,0.0,0.0,0.026216,0.0,0.440589,0.0
TCGA-49-4490-01Z-00-DX5.feea87ff-61c6-465e-8b36-4803f6af3d62,0.067396,0.0,0.005313,0.0,0.0,0.039412,0.0,0.0,0.443927,0.068822,0.02844,4.3e-05,0.0,0.0,0.0,0.081607,0.0,0.118148,0.0,0.0,0.511402,0.0,0.0,0.0,0.0,0.0,0.033683,0.0,0.32011,0.047795,0.0,0.0,0.035519,0.709333,0.0,0.369447,0.424032,0.0,0.0,0.0,0.0,0.427911,0.423237,0.042703,0.0,0.311883,0.114833,0.0,0.0,0.51578,0.0,0.080134,0.091904,1.785878,0.0,0.565019,0.029829,0.0,0.0,0.048716,0.0,0.0,0.0,0.00125,0.063637,0.430973,0.0,0.050192,0.341557,0.0,0.0,0.0,0.326184,0.016533,0.0,9.7e-05,0.0,0.0,0.0,0.0,0.0,0.529531,0.012422,0.0,0.0,0.096668,0.0,0.417575,0.025415,0.004944,0.053787,0.101841,0.411066,0.0,0.540436,0.0,0.0,0.0,0.0,0.043488,5e-06,0.0,0.0,0.059109,0.0,0.0,0.0,0.241885,0.031768,0.429277,0.052436,0.0,0.347474,0.0,0.454561,0.0,0.0,0.56007,0.10511,0.0,0.365682,0.0,0.204204,0.0,0.0,0.0,0.481706,0.24504,0.057757,0.0,0.069658,0.0,0.522782,0.408992,0.584529,0.0,0.0,0.002415,0.063454,0.0,0.40685,0.090821,0.418552,0.374222,0.0,0.0,0.0,0.3556,0.0,0.0,0.037433,0.0,0.362257,0.449007,0.014672,0.009952,0.003689,0.089294,0.020207,0.0,0.593732,0.101682,0.0,0.0,0.0,6.8e-05,0.0,0.0,0.0,0.442914,0.0,0.0,0.055092,0.0,0.0,0.0,0.0,0.0,0.037013,0.517084,0.0,0.0,0.0,0.0,0.0,0.021268,0.354729,0.036057,0.0,0.0,0.0,0.0,0.50759,0.0,0.492257,0.46151,0.014618,0.131283,0.445027,0.0,0.0,0.0,1.709171,0.003891,0.0,0.0,0.415471,1.181617,0.0,0.0,0.099731,0.0,0.0,0.0,0.00578,0.123366,0.0,0.632641,0.0,0.0,0.0,0.064853,0.0,0.049459,0.027076,0.0,0.0,0.0,0.0,1e-06,0.379136,0.068229,0.0,0.012974,0.0,0.029121,0.053739,0.007611,0.023938,0.0,0.000248,0.0,0.0,0.0,0.06083,0.420717,0.229607,0.0,0.011594,0.005798,0.337409,0.0,0.024422,0.0,0.0,0.272414,0.0,0.033441,0.0,0.078789,0.0,0.013389,0.0,1.9e-05,0.091638,0.0,0.0,0.0,0.040779,0.0,0.0,0.041822,0.050351,0.375959,0.440916,0.132847,0.0,0.041251,0.0,0.397306,0.487847,0.498627,0.042489,0.063336,0.0,6e-05,0.461803,0.0,0.022204,0.139206,0.015278,0.130027,0.0,0.0,0.0,0.040738,0.0,0.0,0.013311,0.484017,0.209652,0.413938,0.429219,0.085315,0.0,0.220668,0.0,0.0,6.4e-05,0.138238,0.0,0.222683,0.0,0.0,0.436466,0.0,0.472187,0.0,0.0,0.022659,0.0,0.018299,0.031534,0.383261,0.0,0.111152,0.026517,0.129955,0.0,0.46693,0.000314,0.0,0.47396,0.0,0.392982,0.068085,0.0249,0.0,0.0,0.0,0.357627,0.077522,0.0,0.0,0.0,0.0,0.0,0.009583,0.017319,0.0,0.0,0.0,0.0,0.0,0.033473,0.042344,0.0,0.458742,0.0,0.408238,0.0,0.0,0.119303,0.0,0.389122,0.0,0.075673,0.0,0.461718,0.0,0.0,0.505439,0.315757,0.04157,0.06206,0.347068,0.0,0.0,0.423986,0.0,0.058205,0.0,0.0,0.018369,0.056553,0.457591,0.0,0.0,0.0,0.0,0.504219,0.06534,0.0,0.0,0.0,0.473173,0.0,0.0,0.0,0.002221,0.0,0.03982,0.0,0.493052,0.298241,0.444306,0.032807,0.0,0.0,1.799481,0.0,0.0,0.023795,0.495918,0.02963,0.518136,0.0,0.374668,0.053895,0.008186,0.363458,0.25532,0.0,0.0,0.06805,0.0,0.0,0.015214,0.336974,0.0,0.407175,0.209241,0.00528,0.616127,0.0,0.360963,0.0,0.099831,0.512919,0.017977,0.0,0.442724,0.104905,0.0,0.0,0.0,0.0,0.031521,0.416017,0.0,0.0,0.098144,0.0,0.0,0.0,0.0,0.133125,0.340846,0.0,0.0,0.189933,0.40623,0.0,0.453486,0.588938,0.021424,0.0,0.544303,0.043556,0.0,0.0,0.0,0.0,0.48238,0.0,0.0,0.143364,0.0,0.467763,0.00869,0.046941,0.469255,0.039076,0.0,0.216191,0.0,0.0,0.0,0.0,0.037207,0.0,0.0,0.0,0.337197,0.0,0.0,0.0,0.038229,0.0,0.0,0.090763,0.400114,0.08177,0.485561,0.0,0.075462,0.0,0.0,0.045478,0.0,0.440075,0.0
TCGA-49-4490-01Z-00-DX4.4e94aeb6-f616-4bdd-82bc-2ca2f2b5a5c4,0.058093,0.0,0.0029,0.0,0.0,0.031681,0.0,0.0,0.437729,0.058575,0.023552,5.6e-05,0.0,0.0,0.0,0.067046,0.0,0.149266,0.0,0.0,0.525984,0.0,0.0,0.0,0.0,0.0,0.028437,0.0,0.358707,0.038115,0.0,0.0,0.029451,0.748233,0.0,0.375846,0.438406,0.0,0.0,0.0,0.0,0.445176,0.442005,0.036753,0.0,0.345711,0.146088,0.0,0.0,0.532885,0.0,0.107393,0.111289,1.824698,0.0,0.590048,0.024816,0.0,0.0,0.043232,0.0,1e-06,0.0,0.00072,0.054172,0.453556,0.0,0.057231,0.373959,0.0,0.0,0.0,0.348885,0.013133,0.0,8.1e-05,0.0,0.0,0.0,0.0,0.0,0.559406,0.009497,0.0,0.0,0.097029,0.0,0.442779,0.020775,0.003746,0.052301,0.094156,0.446267,0.0,0.56452,0.0,0.0,0.0,0.0,0.037556,5e-06,0.0,0.0,0.049062,0.0,0.0,0.0,0.270088,0.022219,0.441072,0.050859,0.0,0.360542,0.0,0.471358,0.0,0.0,0.585126,0.128455,0.0,0.387056,0.0,0.176609,0.0,0.0,0.0,0.495307,0.26123,0.048446,0.0,0.08927,0.0,0.524965,0.445985,0.610929,0.0,0.0,0.00346,0.043776,0.0,0.426667,0.120023,0.433834,0.391259,0.0,0.0,0.0,0.37945,0.0,0.0,0.031912,0.0,0.380838,0.463105,0.009318,0.007529,0.001179,0.091217,0.014724,0.0,0.617875,0.134918,0.0,0.0,0.0,7.7e-05,0.0,0.0,0.0,0.487416,0.0,0.0,0.075488,0.0,0.0,0.0,0.0,0.0,0.029914,0.545411,0.0,0.0,0.0,0.0,0.0,0.017564,0.396145,0.028494,0.0,0.0,0.0,0.0,0.525918,0.0,0.509437,0.480731,0.010666,0.162406,0.457072,0.0,0.0,0.0,1.759293,0.002133,0.0,0.0,0.430031,1.230682,0.0,0.0,0.091469,0.0,0.0,0.0,0.008771,0.161536,0.0,0.668428,0.0,0.0,0.0,0.05575,0.0,0.039625,0.021822,0.0,0.0,0.0,0.0,1e-06,0.416194,0.061529,0.0,0.009991,0.0,0.021504,0.046479,0.005545,0.018895,0.0,0.000307,0.0,0.0,0.0,0.052171,0.440637,0.250597,0.0,0.008362,0.003889,0.3629,0.0,0.019524,0.0,0.0,0.304737,0.0,0.03023,0.0,0.071105,0.0,0.010107,0.0,2.5e-05,0.121137,0.0,0.0,0.0,0.033187,0.0,0.0,0.036015,0.043105,0.390792,0.460227,0.163105,0.0,0.034018,0.0,0.410349,0.506701,0.529231,0.040076,0.053448,0.0,0.000111,0.475019,0.0,0.016409,0.138663,0.012567,0.149171,0.0,0.0,0.0,0.032502,0.0,0.0,0.010368,0.500912,0.214356,0.429827,0.447366,0.116703,0.0,0.253162,0.0,0.0,9e-06,0.170444,0.0,0.260844,0.0,0.0,0.458837,0.0,0.494476,0.0,0.0,0.017599,0.0,0.015587,0.028426,0.421198,0.0,0.121319,0.021444,0.152181,0.0,0.477273,0.000405,0.0,0.497813,0.0,0.385578,0.058821,0.021859,0.0,0.0,0.0,0.383496,0.083289,0.0,0.0,0.0,0.0,0.0,0.006556,0.014639,0.0,0.0,0.0,0.0,0.0,0.028103,0.037311,0.0,0.477003,0.0,0.424757,0.0,0.0,0.142631,0.0,0.411914,0.0,0.066335,0.0,0.501101,0.0,0.0,0.487116,0.288025,0.034513,0.051686,0.387978,0.0,0.0,0.477574,0.0,0.050584,0.0,0.0,0.013377,0.049386,0.480488,0.0,0.0,0.0,0.0,0.522514,0.055925,0.0,0.0,0.0,0.48729,0.0,0.0,0.0,0.001597,0.0,0.033227,0.0,0.522843,0.339889,0.462622,0.025574,0.0,0.0,1.84634,0.0,0.0,0.01904,0.516556,0.024241,0.542559,0.0,0.399625,0.038847,0.006277,0.379152,0.26237,0.0,0.0,0.057865,0.0,0.0,0.014556,0.345225,0.0,0.444876,0.22358,0.00563,0.647883,0.0,0.387649,0.0,0.12823,0.516431,0.015271,0.0,0.473067,0.104972,0.0,0.0,0.0,0.0,0.023354,0.429858,0.0,0.0,0.125072,0.0,0.0,0.0,0.0,0.168712,0.337882,0.0,0.0,0.221121,0.423353,0.0,0.46449,0.6239,0.017973,0.0,0.581073,0.037351,0.0,0.0,0.0,0.0,0.502302,0.0,0.0,0.16678,0.0,0.477161,0.007182,0.03622,0.485212,0.031845,0.0,0.243688,0.0,0.0,0.0,0.0,0.029943,0.0,0.0,0.0,0.355629,0.0,0.0,0.0,0.031835,0.0,0.0,0.123541,0.412275,0.085934,0.498753,0.0,0.081191,0.0,0.0,0.03777,0.0,0.468468,0.0
TCGA-86-A4P7-01Z-00-DX1.37026DCF-5A81-4098-B444-C8A40CA168D0,0.067639,0.0,0.006836,0.0,0.0,0.036732,0.0,0.0,0.404546,0.061069,0.028533,0.011977,0.0,0.0,0.0,0.071049,0.0,0.15659,0.0,0.0,0.549721,0.0,0.0,0.0,0.0,0.0,0.031713,0.0,0.401175,0.042665,0.0,0.0,0.031516,0.772716,0.0,0.393708,0.429287,0.0,0.0,0.0,0.0,0.466691,0.409467,0.047306,0.0,0.318105,0.165238,0.0,0.0,0.565106,0.0,0.129893,0.12776,1.775913,2e-06,0.592034,0.032347,0.0,0.0,0.047303,1e-06,0.0,0.0,0.008052,0.049165,0.444616,0.0,0.093186,0.450317,0.0,0.0,0.0,0.388979,0.025879,0.0,0.000468,0.0,0.0,0.0,0.0,0.0,0.571214,0.019104,0.0,0.0,0.096883,0.0,0.465324,0.023917,0.009639,0.073326,0.069449,0.444788,0.0,0.569462,0.0,0.0,0.0,0.0,0.047733,0.0,0.0,0.0,0.056981,0.0,0.0,0.0,0.291952,0.032491,0.427354,0.086009,0.0,0.363874,0.0,0.498477,0.0,0.0,0.605738,0.126883,0.0,0.421259,0.0,0.209042,0.0,0.0,0.0,0.472691,0.312295,0.05899,0.0,0.107454,0.0,0.467939,0.538466,0.661086,0.0,0.0,0.018666,0.094561,0.0,0.435167,0.139238,0.431473,0.408092,0.0,0.0,0.0,0.391269,0.0,0.0,0.040341,6e-06,0.399219,0.425749,0.022853,0.014593,0.003594,0.112215,0.027199,0.0,0.643097,0.156338,0.0,0.0,0.0,0.010874,0.0,0.0,0.0,0.537993,0.0,0.0,0.115891,0.0,0.0,0.0,0.0,0.0,0.032877,0.553248,0.0,0.0,1e-06,0.0,0.0,0.024623,0.432141,0.037569,0.0,0.0,0.0,0.0,0.528777,0.0,0.518577,0.492357,0.014752,0.151773,0.469108,0.0,0.0,0.0,1.755368,0.007883,0.0,0.0,0.429224,1.229925,0.0,0.0,0.064389,0.0,0.0,0.0,0.038795,0.209596,0.0,0.716163,0.0,0.0,0.0,0.063557,0.0,0.05939,0.031176,0.0,0.0,0.0,0.0,0.0,0.428177,0.074115,0.0,0.020539,0.0,0.027076,0.047043,0.015047,0.031413,0.0,0.018621,0.0,0.0,0.0,0.058244,0.448291,0.281869,0.0,0.017768,0.010414,0.391914,0.0,0.030587,0.0,0.0,0.282957,0.0,0.03924,0.0,0.080329,0.0,0.019982,0.0,0.003878,0.175639,0.0,0.0,0.0,0.040918,0.0,0.0,0.046472,0.05237,0.377914,0.476753,0.194505,0.0,0.037364,0.0,0.411592,0.504298,0.57301,0.044902,0.062553,0.0,0.000263,0.44072,0.0,0.032895,0.130124,0.021235,0.142275,0.0,3e-06,0.0,0.041464,0.0,0.0,0.020021,0.506527,0.198129,0.441169,0.425529,0.14736,0.0,0.256363,0.0,0.0,0.0,0.184046,0.0,0.271594,0.0,0.0,0.473397,0.0,0.495775,0.0,0.0,0.027038,0.0,0.022288,0.040354,0.46896,0.0,0.1446,0.033533,0.179151,0.0,0.458796,0.016999,0.0,0.527345,0.0,0.358195,0.064525,0.034231,0.0,0.0,0.0,0.430019,0.10359,0.0,0.0,0.0,0.0,0.0,0.014998,0.023273,0.0,0.0,0.0,0.0,0.0,0.031211,0.03699,0.0,0.469501,0.0,0.424785,0.0,0.0,0.163588,0.0,0.413659,0.0,0.067844,0.0,0.511352,0.0,0.0,0.54744,0.35882,0.044373,0.058308,0.422302,0.0,0.0,0.625818,0.0,0.055856,0.0,0.0,0.01818,0.057882,0.558174,0.0,0.0,0.0,0.0,0.502422,0.055425,0.0,0.0,0.0,0.481193,0.0,0.0,0.0,0.00396,0.0,0.043227,0.0,0.577574,0.389746,0.487227,0.040081,0.0,0.0,1.799983,0.0,0.0,0.029782,0.518235,0.031617,0.569124,0.0,0.435059,0.111823,0.015243,0.384245,0.27759,0.0,0.0,0.06705,0.0,0.0,0.018428,0.347236,0.0,0.532402,0.233313,0.003376,0.679158,0.0,0.420153,0.0,0.142082,0.497476,0.027927,0.0,0.529442,0.091377,0.0,0.0,0.0,0.0,0.039687,0.433388,0.0,0.0,0.15061,1.3e-05,0.0,0.0,0.0,0.17903,0.365266,0.0,0.0,0.254747,0.426386,0.0,0.427792,0.611472,0.029241,0.0,0.581196,0.04199,0.0,0.0,0.0,0.0,0.519826,0.0,0.0,0.218165,0.0,0.458459,0.017402,0.045789,0.488497,0.037657,0.0,0.26803,0.0,0.0,1e-06,0.0,0.041309,0.0,0.0,1e-06,0.400724,0.0,0.0,0.0,0.047194,0.0,0.0,0.16231,0.407088,0.108607,0.472606,0.0,0.085462,0.0,0.0,0.039925,0.0,0.540973,0.0
TCGA-L9-A50W-01Z-00-DX1.21FAAB58-58EF-4A6A-8F0A-16D9AB9B1056,0.110348,0.0,0.00254,0.0,0.0,0.066039,0.0,0.0,0.419289,0.110537,0.04287,0.000585,0.0,0.0,0.0,0.10976,0.0,0.087784,0.0,0.0,0.469053,0.0,0.0,0.0,0.0,0.0,0.043393,0.0,0.211809,0.059692,0.0,0.0,0.049345,0.632958,0.0,0.336141,0.371443,0.0,0.0,0.0,0.0,0.342013,0.352708,0.064057,0.0,0.217245,0.097049,0.0,0.0,0.470471,0.0,0.060503,0.074735,1.712584,7e-06,0.494957,0.043538,0.0,0.0,0.075075,0.0,0.0,0.0,0.000929,0.040252,0.368851,0.0,0.038677,0.230752,0.0,0.0,0.0,0.233031,0.028793,0.0,5.1e-05,0.0,0.0,0.0,0.0,0.0,0.475006,0.015776,0.0,0.0,0.105697,0.0,0.32229,0.02408,0.005038,0.080246,0.112974,0.371445,0.0,0.459888,0.0,0.0,0.0,0.0,0.057753,0.0,0.0,0.0,0.093703,0.0,0.0,0.0,0.176841,0.045589,0.40186,0.036161,0.0,0.286268,0.0,0.371574,0.0,0.0,0.427804,0.102462,0.0,0.278479,0.0,0.168567,0.0,0.0,0.0,0.451495,0.165583,0.089482,0.0,0.06428,0.0,0.491603,0.282624,0.485769,0.0,0.0,0.001363,0.04815,0.0,0.333069,0.04994,0.404279,0.306671,0.0,0.0,0.0,0.254605,0.0,0.0,0.066705,0.0,0.279898,0.4075,0.032643,0.013322,0.002582,0.074237,0.031493,0.0,0.50436,0.070397,0.0,0.0,0.0,0.0005,0.0,0.0,0.0,0.336816,0.0,0.0,0.028173,0.0,0.0,0.0,0.0,0.0,0.038491,0.458797,0.0,0.0,0.0,0.0,0.0,0.033023,0.246391,0.051544,0.0,0.0,0.0,0.0,0.457904,0.0,0.440327,0.38674,0.020797,0.099421,0.387533,0.0,0.0,0.0,1.589781,0.001464,0.0,0.0,0.384983,1.070484,0.0,0.0,0.120914,0.0,0.0,0.0,0.002543,0.081398,0.0,0.523246,0.0,0.0,0.0,0.105313,0.0,0.098013,0.034497,0.0,0.0,0.0,0.0,1e-06,0.329892,0.112793,0.0,0.015885,0.0,0.025339,0.074186,0.007603,0.035873,0.0,0.000946,0.0,0.0,0.0,0.091117,0.368435,0.151167,0.0,0.014805,0.007701,0.244835,0.0,0.037471,0.0,0.0,0.255627,0.0,0.058576,0.0,0.154693,0.0,0.018996,0.0,0.000187,0.056665,0.0,0.0,0.0,0.049901,0.0,0.0,0.073281,0.074145,0.326404,0.398594,0.086752,0.0,0.053383,0.0,0.352073,0.445195,0.37834,0.051349,0.099286,0.0,4.3e-05,0.421731,0.0,0.034182,0.136462,0.018784,0.132299,0.0,0.0,0.0,0.069547,0.0,0.0,0.011804,0.44389,0.200938,0.359202,0.371939,0.059594,0.0,0.171906,0.0,0.0,0.0,0.112828,0.0,0.180859,0.0,0.0,0.358536,0.0,0.424037,0.0,0.0,0.036413,0.0,0.029958,0.052225,0.270074,0.0,0.110691,0.041062,0.109696,0.0,0.44346,0.00102,0.0,0.423563,0.0,0.353106,0.097062,0.043946,0.0,0.0,0.0,0.255204,0.109276,0.0,0.0,0.0,0.0,0.0,0.008008,0.026319,0.0,0.0,0.0,0.0,0.0,0.036374,0.059066,0.0,0.389607,0.0,0.356233,0.0,0.0,0.098699,0.0,0.293764,0.0,0.09967,0.0,0.395579,0.0,0.0,0.435455,0.276518,0.064285,0.088486,0.224145,0.0,0.0,0.255498,0.0,0.081245,0.0,0.0,0.017772,0.0817,0.350622,0.0,0.0,0.0,0.0,0.449914,0.092779,0.0,0.0,0.0,0.411881,0.0,0.0,0.0,0.001421,0.0,0.064583,0.0,0.387986,0.182538,0.392191,0.054342,0.0,0.0,1.701897,0.0,0.0,0.028805,0.453213,0.041575,0.45857,0.0,0.277446,0.035328,0.010644,0.304691,0.225662,0.0,0.0,0.09895,0.0,0.0,0.011391,0.279846,0.0,0.280278,0.196726,0.004403,0.518043,0.0,0.256082,0.0,0.071724,0.4732,0.026121,0.0,0.337343,0.103286,0.0,0.0,0.0,0.0,0.057078,0.389983,0.0,0.0,0.106321,0.0,0.0,0.0,0.0,0.075552,0.3267,0.0,0.0,0.121281,0.35482,0.0,0.391808,0.548484,0.032141,0.0,0.486803,0.054271,0.0,0.0,0.0,0.0,0.418851,0.0,0.0,0.080128,0.0,0.425238,0.010717,0.073233,0.454982,0.058366,0.0,0.243006,0.0,0.0,0.0,0.0,0.063172,0.0,0.0,0.0,0.2569,0.0,0.0,0.0,0.052887,0.0,0.0,0.100997,0.340589,0.061508,0.429863,0.0,0.106562,0.0,0.0,0.059371,0.0,0.327085,0.0
TCGA-60-2715-01Z-00-DX1.22710dc4-eaf5-44c2-8438-c6dcfae1d452,0.365769,0.0,0.22723,0.0,0.0,0.28439,0.0,0.0,0.229656,0.363786,0.279741,0.0015,0.0,0.0,0.0,0.371031,0.0,0.161382,0.0,0.0,0.132215,0.0,0.0,0.0,0.0,0.0,0.315262,0.0,0.080587,0.310997,0.0,0.0,0.270542,0.314079,0.0,0.082503,0.097753,0.0,0.0,0.0,0.0,0.085734,0.094809,0.319994,0.0,0.238314,0.107051,0.0,0.0,0.144785,0.0,0.132351,0.167987,1.509396,0.000153,0.151485,0.29013,0.0,0.0,0.309966,0.0,4e-06,0.0,0.182533,0.342109,0.121666,0.0,0.242966,0.080965,0.0,0.0,0.0,0.059815,0.264673,0.0,0.000417,0.0,0.0,0.0,0.0,0.0,0.182316,0.242557,0.0,0.0,0.358021,0.0,0.076036,0.28092,0.197054,0.348501,0.155721,0.137461,0.0,0.156293,0.0,0.0,0.0,5e-06,0.325244,0.0,0.0,0.0,0.352072,0.0,0.0,0.0,0.261084,0.312236,0.108081,0.296028,0.0,0.059809,0.0,0.095027,0.0,0.0,0.419417,0.128826,0.0,0.068091,0.0,0.32835,0.0,0.0,0.0,0.136897,0.19014,0.362645,0.0,0.103873,0.0,0.152614,0.085698,0.158632,0.0,0.0,0.004537,0.198126,0.0,0.08551,0.22831,0.12005,0.072818,0.0,0.0,0.0,0.061322,0.0,0.0,0.297067,0.0,0.061831,0.122484,0.27772,0.194948,0.231974,0.347205,0.25236,0.0,0.167003,0.186138,0.0,0.0,0.0,0.001116,0.0,0.0,0.0,0.166741,0.0,0.0,0.199805,0.0,0.0,0.0,0.0,0.0,0.288703,0.170292,0.0,0.0,0.0,0.0,0.0,0.247691,0.096987,0.30113,0.0,0.0,0.0,0.0,0.151062,0.0,0.124954,0.105631,0.23496,0.143685,0.101757,0.0,0.0,0.0,1.212226,0.228378,0.0,0.0,0.112916,0.731729,0.0,0.0,0.025629,0.0,0.0,0.0,0.01689,0.174037,0.0,0.236074,0.0,0.0,0.0,0.376693,0.0,0.342892,0.283691,0.0,0.0,0.0,0.0,0.0,0.150471,0.42953,0.0,0.257907,0.0,0.335157,0.368863,0.256869,0.308224,0.0,0.002508,0.0,0.0,0.0,0.382705,0.116278,0.049717,0.0,0.214554,0.180789,0.063905,0.0,0.265997,0.0,0.0,0.129533,0.0,0.276134,0.0,0.32922,0.0,0.238776,0.0,0.000526,0.17684,0.0,0.0,0.0,0.314889,0.0,4e-06,0.332985,0.356091,0.070878,0.11801,0.232159,0.0,0.312827,0.0,0.080627,0.139199,0.101503,0.298212,0.349057,0.0,3.7e-05,0.115843,0.0,0.270556,0.462043,0.273693,0.304175,0.0,0.0,0.0,0.32609,0.0,0.0,0.276299,0.133267,0.058505,0.107224,0.108719,0.130977,0.0,0.142771,0.0,0.0,0.0,0.265592,0.0,0.178962,0.0,0.0,0.099951,0.0,0.133518,0.0,0.0,0.234559,0.0,0.24038,0.304656,0.105293,0.0,0.194985,0.299095,0.348503,0.0,0.130513,0.002403,0.0,0.129341,0.0,0.406225,0.37832,0.244452,0.0,0.0,0.0,0.072267,0.317188,0.0,0.0,0.0,0.0,0.0,0.266887,0.238288,0.0,0.0,0.0,0.0,0.0,0.301666,0.28027,0.0,0.106738,0.0,0.098646,0.0,0.0,0.268943,0.0,0.06801,0.0,0.400448,0.0,0.267936,0.0,0.0,0.417915,0.374639,0.341295,0.380955,0.088253,0.0,0.0,0.099875,0.0,0.350635,0.0,0.0,0.260414,0.357044,0.092013,0.0,0.0,0.0,0.0,0.158259,0.373818,0.0,0.0,0.0,0.138054,0.0,0.0,0.0,0.200845,0.0,0.286557,0.0,0.098603,0.085346,0.109154,0.304018,0.0,0.0,1.374404,0.0,0.0,0.259457,0.149227,0.31461,0.143466,0.0,0.067347,0.260191,0.267172,0.064178,0.049177,0.0,0.0,0.421647,0.0,0.0,0.254786,0.068252,0.0,0.083033,0.112667,0.156886,0.186729,0.0,0.064733,0.0,0.196186,0.157332,0.27131,0.0,0.100325,0.130934,0.0,0.0,0.0,0.0,0.283329,0.115409,0.0,0.0,0.187303,0.0,0.0,0.0,1e-06,0.169886,0.09473,0.0,0.0,0.216874,0.089876,0.0,0.122234,0.259671,0.216957,0.0,0.249481,0.295534,0.0,0.0,0.0,0.0,0.127571,0.0,0.0,0.384781,0.0,0.100532,0.228483,0.298452,0.143525,0.304091,0.0,0.123931,0.0,0.0,0.0,0.0,0.286016,0.0,0.0,1e-06,0.060006,0.0,0.0,0.0,0.337215,0.0,0.0,0.108413,0.086157,0.293604,0.128649,0.0,0.328746,0.0,0.0,0.303269,0.0,0.089335,0.0
TCGA-56-8309-01Z-00-DX1.5FC5FA81-405A-48AB-AA7D-2D38003A8942,0.283411,0.0,0.052575,0.0,0.0,0.169967,0.0,0.0,0.320634,0.264234,0.158861,0.000306,0.0,0.0,0.0,0.254049,0.0,0.122995,0.0,0.0,0.270552,0.0,0.0,0.0,0.0,0.0,0.161314,0.0,0.090907,0.175654,0.0,0.0,0.170477,0.45337,0.0,0.188306,0.211841,0.0,0.0,0.0,0.0,0.162638,0.18408,0.208158,0.0,0.172129,0.131947,0.0,0.0,0.276122,0.0,0.125401,0.124426,1.61638,4.8e-05,0.296484,0.158732,0.0,0.0,0.20047,0.0,0.0,0.0,0.025851,0.145436,0.209853,0.0,0.107667,0.081879,0.0,0.0,0.0,0.072048,0.141733,0.0,7.3e-05,0.0,0.0,0.0,0.0,0.0,0.307574,0.108454,0.0,0.0,0.218339,0.0,0.130307,0.116556,0.061573,0.216059,0.159501,0.275603,0.0,0.299623,0.0,0.0,0.0,0.0,0.1843,0.0,0.0,0.0,0.233146,0.0,0.0,0.0,0.151806,0.152082,0.264049,0.154336,0.0,0.111526,0.0,0.183488,0.0,0.0,0.328935,0.145259,0.0,0.109274,0.0,0.178572,0.0,0.0,0.0,0.295117,0.090763,0.229871,0.0,0.104703,0.0,0.348851,0.096684,0.276683,0.0,0.0,0.00075,0.079802,0.0,0.159488,0.113477,0.266086,0.130357,0.0,0.0,0.0,0.091425,0.0,0.0,0.189804,0.0,0.096171,0.280951,0.107064,0.092451,0.042517,0.18303,0.140131,0.0,0.310805,0.143529,0.0,0.0,0.0,0.00027,0.0,0.0,0.0,0.219448,0.0,0.0,0.056445,0.0,0.0,0.0,0.0,0.0,0.168365,0.291253,0.0,0.0,0.0,0.0,0.0,0.133052,0.135026,0.161881,0.0,0.0,0.0,0.0,0.287124,0.0,0.253424,0.200407,0.105683,0.156747,0.222225,0.0,0.0,0.0,1.393752,0.052831,0.0,0.0,0.241178,0.889219,0.0,0.0,0.082906,0.0,0.0,0.0,0.001592,0.137006,0.0,0.349543,0.0,0.0,0.0,0.240481,0.0,0.221312,0.144999,0.0,0.0,0.0,0.0,0.0,0.255466,0.295517,0.0,0.108711,0.0,0.129023,0.198464,0.099296,0.152991,0.0,0.000567,0.0,0.0,0.0,0.243929,0.239587,0.040689,0.0,0.102182,0.076779,0.088832,0.0,0.142059,0.0,0.0,0.22138,0.0,0.17625,0.0,0.27972,0.0,0.116485,0.0,0.000111,0.119482,0.0,0.0,0.0,0.17008,0.0,0.0,0.19993,0.228978,0.149006,0.25805,0.139649,0.0,0.184529,0.0,0.188499,0.272498,0.172349,0.157218,0.242103,0.0,0.0,0.253533,0.0,0.138242,0.280108,0.115379,0.226868,0.0,0.0,0.0,0.194109,0.0,0.0,0.112985,0.283726,0.122671,0.197292,0.217153,0.111769,0.0,0.162133,0.0,0.0,0.0,0.193024,0.0,0.176724,0.0,0.0,0.204483,0.0,0.240172,0.0,0.0,0.130432,0.0,0.138291,0.181969,0.135245,0.0,0.12088,0.153289,0.225998,0.0,0.276044,0.000481,0.0,0.270222,0.0,0.331483,0.244395,0.162787,0.0,0.0,0.0,0.088058,0.227246,0.0,0.0,0.0,0.0,0.0,0.096972,0.133189,0.0,0.0,0.0,0.0,0.0,0.157632,0.180403,0.0,0.208091,0.0,0.207884,0.0,0.0,0.144095,0.0,0.098446,0.0,0.266592,0.0,0.33368,0.0,0.0,0.345857,0.242186,0.196996,0.24354,0.132984,0.0,0.0,0.080636,0.0,0.227106,0.0,0.0,0.117245,0.223907,0.146096,0.0,0.0,0.0,0.0,0.272066,0.241483,0.0,0.0,0.0,0.268802,0.0,0.0,0.0,0.035677,0.0,0.184198,0.0,0.171887,0.088827,0.21659,0.166682,0.0,0.0,1.533483,0.0,0.0,0.13747,0.304328,0.166332,0.28629,0.0,0.09345,0.092552,0.091685,0.148891,0.094257,0.0,0.0,0.279944,0.0,0.0,0.107336,0.154458,0.0,0.081898,0.146202,0.059326,0.299265,0.0,0.087835,0.0,0.141286,0.31741,0.146416,0.0,0.169084,0.106623,0.0,0.0,0.0,0.0,0.162061,0.257717,0.0,0.0,0.215055,0.0,0.0,0.0,0.0,0.092407,0.21806,0.0,0.0,0.131976,0.190313,0.0,0.23948,0.415993,0.143258,0.0,0.365603,0.178706,0.0,0.0,0.0,0.0,0.246916,0.0,0.0,0.176915,0.0,0.265545,0.094116,0.194,0.269399,0.177022,0.0,0.216901,0.0,0.0,0.0,0.0,0.19838,0.0,0.0,0.0,0.079589,0.0,0.0,0.0,0.19841,0.0,0.0,0.165544,0.179559,0.166872,0.26275,0.0,0.242015,0.0,0.0,0.185439,0.0,0.134821,0.0
TCGA-43-A475-01Z-00-DX1.48694B33-6070-4D6E-9CE4-BDEF072500A1,0.248596,0.0,0.019566,0.0,0.0,0.151727,0.0,0.0,0.328763,0.242955,0.131182,3.9e-05,0.0,0.0,0.0,0.236893,0.0,0.092156,0.0,0.0,0.301891,0.0,0.0,0.0,0.0,0.0,0.11938,0.0,0.064094,0.136882,0.0,0.0,0.129171,0.45321,0.0,0.229196,0.240405,0.0,0.0,0.0,0.0,0.174874,0.203761,0.179873,0.0,0.129394,0.108037,0.0,0.0,0.308961,0.0,0.078416,0.117619,1.57167,0.0,0.323086,0.113691,0.0,0.0,0.178066,0.0,0.0,0.0,0.001733,0.097207,0.243424,0.0,0.058078,0.055155,0.0,0.0,0.0,0.065261,0.088069,0.0,1e-06,0.0,0.0,0.0,0.0,0.0,0.317823,0.079845,0.0,0.0,0.18419,0.0,0.138796,0.079426,0.028157,0.174243,0.160144,0.270731,0.0,0.295427,0.0,0.0,0.0,0.0,0.145181,0.0,0.0,0.0,0.197212,0.0,0.0,0.0,0.096869,0.112079,0.289352,0.08474,0.0,0.138162,0.0,0.202759,0.0,0.0,0.268393,0.143817,0.0,0.113285,0.0,0.163303,0.0,0.0,0.0,0.33281,0.053473,0.205113,0.0,0.098617,0.0,0.368723,0.075723,0.287732,0.0,0.0,0.000185,0.055321,0.0,0.168253,0.06187,0.300357,0.15361,0.0,0.0,0.0,0.102294,0.0,0.0,0.167026,0.0,0.109483,0.30333,0.096249,0.056353,0.01594,0.126442,0.106624,0.0,0.333173,0.088175,0.0,0.0,0.0,2.7e-05,0.0,0.0,0.0,0.166046,0.0,0.0,0.011281,0.0,0.0,0.0,0.0,0.0,0.118714,0.325328,0.0,0.0,0.0,0.0,0.0,0.111339,0.10392,0.131048,0.0,0.0,0.0,0.0,0.309378,0.0,0.28215,0.221698,0.068515,0.101786,0.235402,0.0,0.0,0.0,1.367119,0.009928,0.0,0.0,0.283851,0.869474,0.0,0.0,0.119449,0.0,0.0,0.0,0.000409,0.065375,0.0,0.324152,0.0,0.0,0.0,0.202298,0.0,0.198467,0.103574,0.0,0.0,0.0,0.0,0.0,0.241596,0.23739,0.0,0.072949,0.0,0.079817,0.160566,0.046357,0.109886,0.0,6.5e-05,0.0,0.0,0.0,0.20573,0.246597,0.02827,0.0,0.067886,0.038868,0.081319,0.0,0.115318,0.0,0.0,0.211039,0.0,0.14283,0.0,0.295124,0.0,0.073796,0.0,5e-06,0.056224,0.0,0.0,0.0,0.129026,0.0,0.0,0.156624,0.165773,0.172838,0.262464,0.105038,0.0,0.145481,0.0,0.206975,0.29352,0.16636,0.120338,0.223237,0.0,4e-06,0.292117,0.0,0.1078,0.233211,0.07177,0.193882,0.0,0.0,0.0,0.158446,0.0,0.0,0.064803,0.317704,0.140268,0.211236,0.240814,0.071237,0.0,0.151394,0.0,0.0,0.0,0.149979,0.0,0.143579,0.0,0.0,0.21358,0.0,0.267954,0.0,0.0,0.115819,0.0,0.083644,0.139054,0.103006,0.0,0.143919,0.122619,0.170196,0.0,0.322132,8.1e-05,0.0,0.293792,0.0,0.281444,0.192101,0.12647,0.0,0.0,0.0,0.072716,0.206091,0.0,0.0,0.0,0.0,0.0,0.055136,0.089402,0.0,0.0,0.0,0.0,0.0,0.111948,0.150921,0.0,0.235047,0.0,0.22174,0.0,0.0,0.130753,0.0,0.119992,0.0,0.216229,0.0,0.298924,0.0,0.0,0.323614,0.220803,0.166938,0.196221,0.092861,0.0,0.0,0.04656,0.0,0.190396,0.0,0.0,0.078517,0.187675,0.156721,0.0,0.0,0.0,0.0,0.298559,0.180215,0.0,0.0,0.0,0.304236,0.0,0.0,0.0,0.004958,0.0,0.163609,0.0,0.188463,0.050956,0.236207,0.136024,0.0,0.0,1.503042,0.0,0.0,0.087726,0.334601,0.117466,0.301977,0.0,0.095705,0.041482,0.04202,0.164184,0.105245,0.0,0.0,0.22344,0.0,0.0,0.052042,0.172154,0.0,0.070101,0.149814,0.020322,0.301282,0.0,0.092637,0.0,0.096345,0.351932,0.087785,0.0,0.151704,0.121457,0.0,0.0,0.0,0.0,0.143985,0.27806,0.0,0.0,0.174127,0.0,0.0,0.0,0.0,0.039194,0.227414,0.0,0.0,0.071187,0.207634,0.0,0.259169,0.425153,0.111426,0.0,0.369515,0.154471,0.0,0.0,0.0,0.0,0.263706,0.0,0.0,0.079412,0.0,0.300743,0.055386,0.166553,0.315164,0.156078,0.0,0.233437,0.0,0.0,0.0,0.0,0.164754,0.0,0.0,0.0,0.102644,0.0,0.0,0.0,0.147316,0.0,0.0,0.125631,0.202767,0.085723,0.287415,0.0,0.202896,0.0,0.0,0.160811,0.0,0.1226,0.0
TCGA-85-8072-01Z-00-DX1.3a0ad5a6-c93e-428c-94e7-809ceaf01ef1,0.303416,0.0,0.095284,0.0,0.0,0.215469,0.0,0.0,0.309013,0.290826,0.187383,5.5e-05,0.0,0.0,0.0,0.295342,0.0,0.105982,0.0,0.0,0.218648,0.0,0.0,0.0,0.0,0.0,0.199721,0.0,0.064806,0.222343,0.0,0.0,0.202697,0.389646,0.0,0.165602,0.167873,0.0,0.0,0.0,0.0,0.125677,0.149231,0.22824,0.0,0.156143,0.106273,0.0,0.0,0.233039,0.0,0.09344,0.121725,1.558666,0.0,0.24125,0.18953,0.0,0.0,0.231185,0.0,0.0,0.0,0.052407,0.204462,0.176353,0.0,0.108576,0.057767,0.0,0.0,0.0,0.048093,0.161287,0.0,0.000603,0.0,0.0,0.0,0.0,0.0,0.256958,0.138752,0.0,0.0,0.252947,0.0,0.093362,0.168448,0.086195,0.232835,0.172125,0.219172,0.0,0.247783,0.0,0.0,0.0,0.0,0.227607,0.0,0.0,0.0,0.260554,0.0,0.0,0.0,0.134343,0.200786,0.222679,0.178597,0.0,0.087225,1e-06,0.15013,0.0,0.0,0.32165,0.140317,0.0,0.084375,0.0,0.236226,0.0,0.0,0.0,0.248037,0.073677,0.267924,0.0,0.088921,0.0,0.314223,0.062612,0.221128,0.0,0.0,0.002,0.121707,0.0,0.119734,0.110204,0.216197,0.103614,0.0,0.0,0.0,0.070492,0.0,0.0,0.209889,0.0,0.069195,0.240826,0.151937,0.11707,0.088729,0.199883,0.170293,0.0,0.267586,0.118601,0.0,0.0,0.0,4.2e-05,0.0,0.0,0.0,0.163365,0.0,0.0,0.054641,0.0,0.0,0.0,0.0,0.0,0.201965,0.250849,0.0,0.0,0.0,0.0,0.0,0.164259,0.097929,0.207915,0.0,0.0,0.0,0.0,0.238979,0.0,0.206457,0.168165,0.141265,0.127849,0.184045,0.0,0.0,0.0,1.32307,0.090619,0.0,0.0,0.199561,0.828555,0.0,0.0,0.100769,0.0,0.0,0.0,0.00487,0.098339,0.0,0.290345,0.0,0.0,0.0,0.273734,0.0,0.254292,0.178912,0.0,0.0,0.0,0.0,0.0,0.202492,0.317872,0.0,0.146394,0.0,0.177343,0.242581,0.134654,0.182041,2e-06,0.000169,0.0,0.0,0.0,0.277137,0.185362,0.029464,0.0,0.139343,0.104375,0.058612,0.0,0.178075,0.0,0.0,0.171267,0.0,0.197039,0.0,0.309138,0.0,0.141988,0.0,1.4e-05,0.09541,0.0,0.0,0.0,0.211104,0.0,0.0,0.22275,0.253627,0.114591,0.202297,0.140877,0.0,0.214217,0.0,0.145928,0.232251,0.127667,0.195147,0.278393,0.0,8.1e-05,0.212695,0.0,0.181676,0.32534,0.150578,0.222815,0.0,0.0,0.0,0.224547,0.0,0.0,0.150029,0.242384,0.10539,0.1629,0.177591,0.089694,1e-06,0.142684,0.0,0.0,0.000184,0.177619,0.0,0.143984,0.0,0.0,0.164545,0.0,0.195905,0.0,0.0,0.178119,0.0,0.148209,0.204764,0.098685,0.0,0.120069,0.194214,0.240059,0.0,0.23588,0.000236,0.0,0.220918,0.0,0.338305,0.267903,0.184642,0.0,0.0,0.0,0.062176,0.241568,0.0,0.0,0.0,0.0,0.0,0.133459,0.15691,0.0,0.0,1e-06,0.0,0.0,0.19956,0.212363,0.0,0.177829,0.0,0.16039,0.0,0.0,0.146036,0.0,0.082226,0.0,0.289011,0.0,0.291222,0.0,0.0,0.374086,0.285723,0.241703,0.277188,0.093503,0.0,0.0,0.062207,0.0,0.271792,0.0,0.0,0.16029,0.248037,0.107021,1e-06,0.0,0.0,0.0,0.225783,0.270393,0.0,0.0,0.0,0.239941,0.0,0.0,0.0,0.059961,0.0,0.229456,0.0,0.131581,0.062787,0.169933,0.208345,0.0,0.0,1.466836,0.0,0.0,0.173491,0.256209,0.191689,0.231402,0.0,0.06702,0.128246,0.118577,0.107505,0.064389,0.0,0.0,0.305139,0.0,1e-06,0.139268,0.131064,0.0,0.057536,0.114202,0.072313,0.252859,0.0,0.067768,0.0,0.125493,0.284709,0.161982,0.0,0.12479,0.112565,0.0,0.0,0.0,0.0,0.207299,0.216529,0.0,3.7e-05,0.187334,0.0,0.0,0.0,0.0,0.081169,0.181764,0.0,0.0,0.101836,0.144348,0.0,0.200636,0.356976,0.166217,0.0,0.313588,0.222566,0.0,0.0,0.0,0.0,0.191562,0.0,0.0,0.179977,0.0,0.234414,0.124935,0.229131,0.219166,0.215455,0.0,0.167949,0.0,0.0,0.0,0.0,0.223994,0.0,0.0,0.0,0.062884,0.0,0.0,0.0,0.227088,0.0,0.0,0.105334,0.150475,0.172283,0.220464,0.0,0.242916,0.0,0.0,0.224563,0.0,0.093198,0.0
TCGA-77-8139-01Z-00-DX1.242d68e3-5ee0-4484-8403-e2ffd1ede20b,0.280246,0.0,0.095353,0.0,0.0,0.208735,0.0,0.0,0.290901,0.257515,0.179864,0.000202,0.0,0.0,0.0,0.256652,0.0,0.097072,0.0,0.0,0.224888,0.0,0.0,0.0,0.0,0.0,0.190412,0.0,0.08641,0.21351,0.0,0.0,0.187204,0.417156,0.0,0.147097,0.169334,0.0,0.0,0.0,0.0,0.127734,0.15271,0.207904,0.0,0.159012,0.111285,0.0,0.0,0.244925,0.0,0.100964,0.107294,1.515969,1e-06,0.259006,0.193921,0.0,0.0,0.217397,0.0,2e-06,0.0,0.067891,0.17621,0.174341,0.0,0.111102,0.068545,0.0,0.0,0.0,0.046089,0.182341,0.0,5.1e-05,0.0,0.0,0.0,0.0,0.0,0.266379,0.135559,0.0,0.0,0.239603,0.0,0.101476,0.178484,0.098864,0.238048,0.134501,0.232848,0.0,0.247657,0.0,0.0,0.0,0.0,0.225653,0.0,0.0,0.0,0.246479,0.0,0.0,0.0,0.145537,0.189007,0.189581,0.174142,0.0,0.081527,0.0,0.146419,0.0,0.0,0.320618,0.153437,0.0,0.097591,0.0,0.226271,0.0,0.0,0.0,0.244476,0.076564,0.249675,0.0,0.076038,0.0,0.312051,0.081681,0.235613,0.0,0.0,0.002624,0.126021,0.0,0.121185,0.139538,0.205405,0.110437,0.0,0.0,0.0,0.075855,0.0,0.0,0.193425,1e-06,0.071953,0.230304,0.158826,0.111916,0.09148,0.183988,0.156283,0.0,0.256923,0.139873,0.0,0.0,0.0,0.00025,0.0,0.0,0.0,0.204149,0.0,0.0,0.08041,0.0,0.0,0.0,0.0,0.0,0.16896,0.256285,0.0,0.0,0.0,0.0,0.0,0.155667,0.113092,0.194648,0.0,0.0,0.0,0.0,0.234516,0.0,0.218297,0.166007,0.135693,0.103363,0.177282,0.0,0.0,0.0,1.314566,0.095598,0.0,0.0,0.194257,0.842177,0.0,0.0,0.067133,0.0,0.0,0.0,0.006253,0.145907,0.0,0.329815,0.0,0.0,0.0,0.270635,0.0,0.241954,0.183918,0.0,0.0,0.0,0.0,0.0,0.204834,0.304035,0.0,0.144287,0.0,0.164091,0.245093,0.149878,0.193438,0.0,0.000548,0.0,0.0,0.0,0.248767,0.175355,0.03414,0.0,0.135891,0.098504,0.074153,0.0,0.172296,0.0,0.0,0.172837,0.0,0.189896,0.0,0.277333,0.0,0.135629,0.0,3.6e-05,0.102355,0.0,0.0,0.0,0.184905,0.0,0.0,0.234954,0.273006,0.126243,0.190328,0.142189,0.0,0.200562,0.0,0.147945,0.220936,0.127509,0.207232,0.260569,0.0,0.00015,0.198095,0.0,0.185771,0.310481,0.15323,0.230986,0.0,1.4e-05,0.0,0.235266,0.0,0.0,0.170527,0.224337,0.098592,0.167903,0.178698,0.108301,0.0,0.128334,0.0,0.0,0.0,0.18025,0.0,0.162071,0.0,0.0,0.163209,0.0,0.213198,0.0,0.0,0.159982,0.0,0.161607,0.197589,0.109819,0.0,0.122048,0.200482,0.233422,0.0,0.214856,0.000646,0.0,0.201484,0.0,0.322172,0.249024,0.182129,0.0,0.0,0.0,0.069758,0.23479,0.0,0.0,0.0,0.0,0.0,0.138592,0.158558,0.0,0.0,0.0,0.0,0.0,0.190499,0.192423,0.0,0.176298,0.0,0.174922,0.0,0.0,0.149261,0.0,0.088541,0.0,0.271616,0.0,0.303804,0.0,0.0,0.378581,0.301912,0.236604,0.253638,0.098545,0.0,0.0,0.084987,0.0,0.24805,0.0,0.0,0.160863,0.242304,0.114431,0.0,0.0,0.0,0.0,0.234595,0.273449,0.0,0.0,0.0,0.220914,0.0,0.0,0.0,0.092318,0.0,0.212292,0.0,0.141966,0.076616,0.175771,0.2028,0.0,0.0,1.46025,0.0,0.0,0.165653,0.257423,0.200947,0.244818,0.0,0.070919,0.144547,0.151962,0.099622,0.064292,0.0,0.0,0.302681,0.0,0.0,0.141228,0.108185,0.0,0.068385,0.110849,0.130247,0.283746,0.0,0.073633,0.0,0.132596,0.263053,0.167073,0.0,0.137675,0.115788,0.0,0.0,0.0,0.0,0.178286,0.206451,0.0,0.0,0.201938,0.0,0.0,0.0,0.0,0.093662,0.169575,0.0,0.0,0.107615,0.165071,0.0,0.192383,0.351873,0.170086,0.0,0.314851,0.197228,0.0,0.0,0.0,0.0,0.192611,0.0,0.0,0.194415,0.0,0.221103,0.127334,0.203352,0.232795,0.196237,0.0,0.190575,0.0,0.0,0.0,0.0,0.204364,0.0,0.0,0.0,0.069144,0.0,0.0,0.0,0.234075,0.0,0.0,0.130766,0.146289,0.173981,0.218035,0.0,0.260631,0.0,0.0,0.190817,0.0,0.10879,0.0
TCGA-34-7107-01Z-00-DX1.c72202e6-740d-4891-945c-f360f7c56bc9,0.179122,0.0,0.041447,0.0,0.0,0.126767,0.0,0.0,0.359518,0.172249,0.092352,6.1e-05,0.0,0.0,0.0,0.169897,0.0,0.105596,0.0,0.0,0.317941,0.0,0.0,0.0,0.0,0.0,0.109457,0.0,0.18102,0.127323,0.0,0.0,0.111248,0.544582,0.0,0.237783,0.278742,0.0,0.0,0.0,0.0,0.246461,0.265937,0.12445,0.0,0.236558,0.115728,0.0,0.0,0.34844,0.0,0.083646,0.122967,1.604796,0.0,0.38318,0.099966,0.0,0.0,0.134785,0.0,1e-06,0.0,0.016469,0.132313,0.275649,0.0,0.079521,0.167615,0.0,0.0,0.0,0.150583,0.082773,0.0,3.2e-05,0.0,0.0,0.0,0.0,0.0,0.376258,0.060238,0.0,0.0,0.190184,0.0,0.226411,0.086583,0.032613,0.148664,0.123951,0.313544,0.0,0.372379,0.0,0.0,0.0,0.0,0.130555,5e-06,0.0,0.0,0.15138,0.0,0.0,0.0,0.188048,0.113028,0.281319,0.130999,0.0,0.18855,0.0,0.273087,0.0,0.0,0.420754,0.132441,0.0,0.192939,0.0,0.203565,0.0,0.0,0.0,0.324487,0.1304,0.149262,0.0,0.07979,0.0,0.390668,0.193371,0.367913,0.0,0.0,0.002602,0.080526,0.0,0.239034,0.118023,0.277287,0.21979,0.0,0.0,0.0,0.196277,0.0,0.0,0.107096,0.0,0.184726,0.316238,0.061351,0.04426,0.035749,0.151791,0.07803,0.0,0.394647,0.116815,0.0,0.0,0.0,5e-05,0.0,0.0,0.0,0.300541,0.0,0.0,0.066919,0.0,0.0,0.0,0.0,0.0,0.102016,0.361639,0.0,0.0,0.0,0.0,0.0,0.079552,0.211928,0.118193,0.0,0.0,0.0,0.0,0.334796,0.0,0.330606,0.27932,0.076194,0.122906,0.277787,0.0,0.0,0.0,1.47105,0.0366,0.0,0.0,0.282796,0.986556,0.0,0.0,0.093818,0.0,0.0,0.0,0.007965,0.137591,0.0,0.443095,0.0,0.0,0.0,0.166658,0.0,0.144198,0.097301,0.0,0.0,0.0,0.0,0.0,0.285881,0.183589,0.0,0.06078,0.0,0.105395,0.144889,0.049074,0.093068,0.0,0.000142,0.0,0.0,0.0,0.156262,0.270374,0.09754,0.0,0.063419,0.038703,0.176073,0.0,0.087403,0.0,0.0,0.211677,0.0,0.110791,0.0,0.178796,0.0,0.063212,0.0,1.5e-05,0.091526,0.0,0.0,0.0,0.111613,0.0,0.0,0.119669,0.15231,0.235812,0.285637,0.126258,0.0,0.118749,0.0,0.257315,0.334477,0.264429,0.127855,0.150931,0.0,0.000146,0.302831,0.0,0.085817,0.24922,0.073089,0.198851,0.0,0.0,0.0,0.136697,0.0,0.0,0.076205,0.32575,0.133609,0.267788,0.287048,0.093218,0.0,0.170051,0.0,0.0,5e-06,0.167652,0.0,0.186678,0.0,0.0,0.270255,0.0,0.319327,0.0,0.0,0.080697,0.0,0.083625,0.105945,0.220983,0.0,0.117634,0.092651,0.190996,0.0,0.312508,0.000171,0.0,0.315252,0.0,0.344374,0.162648,0.095135,0.0,0.0,0.0,0.179774,0.161327,0.0,0.0,0.0,0.0,0.0,0.057137,0.075784,0.0,0.0,0.0,0.0,0.0,0.111855,0.125768,0.0,0.291682,0.0,0.258674,0.0,0.0,0.161973,0.0,0.204568,0.0,0.17528,0.0,0.381677,0.0,0.0,0.404756,0.277017,0.133778,0.157387,0.219738,0.0,0.0,0.206308,0.0,0.15302,0.0,0.0,0.087762,0.151675,0.230183,0.0,0.0,0.0,0.0,0.336517,0.167884,0.0,0.0,0.0,0.312882,0.0,0.0,0.0,0.017962,0.0,0.115794,0.0,0.27578,0.168757,0.2831,0.113704,0.0,0.0,1.575613,0.0,0.0,0.085458,0.343799,0.09489,0.354528,0.0,0.195525,0.091744,0.055977,0.2073,0.13321,0.0,0.0,0.183202,0.0,0.0,0.06996,0.200679,0.0,0.190755,0.137818,0.053518,0.428247,0.0,0.18226,0.0,0.112581,0.365234,0.078242,0.0,0.266378,0.114281,0.0,0.0,0.0,0.0,0.099047,0.284718,0.0,0.0,0.145078,0.0,0.0,0.0,0.0,0.117412,0.239556,0.0,0.0,0.142574,0.267196,0.0,0.304336,0.452472,0.082716,0.0,0.420206,0.120769,0.0,0.0,0.0,0.0,0.305698,0.0,0.0,0.162869,0.0,0.315642,0.060589,0.136344,0.332041,0.118501,0.0,0.203649,0.0,0.0,0.0,0.0,0.109288,0.0,0.0,0.0,0.174809,0.0,0.0,0.0,0.12807,0.0,0.0,0.098466,0.250783,0.129806,0.32876,0.0,0.168377,0.0,0.0,0.124736,0.0,0.217744,0.0
TCGA-22-4595-01Z-00-DX1.42F28D1E-7AC2-4113-B4EC-F1E7850EA14D,0.230797,0.0,0.066114,0.0,0.0,0.166314,0.0,0.0,0.337036,0.222308,0.136936,9e-05,0.0,0.0,0.0,0.21777,0.0,0.054283,0.0,0.0,0.273625,0.0,0.0,0.0,0.0,0.0,0.139967,0.0,0.073428,0.161709,0.0,0.0,0.140799,0.436201,0.0,0.198344,0.223507,0.0,0.0,0.0,0.0,0.166781,0.200335,0.166214,0.0,0.138096,0.060723,0.0,0.0,0.289226,0.0,0.043531,0.081154,1.499933,1.1e-05,0.304201,0.135818,0.0,0.0,0.172887,0.0,0.0,0.0,0.04037,0.131833,0.215456,0.0,0.071994,0.068611,0.0,0.0,0.0,0.070038,0.12063,0.0,2.4e-05,0.0,0.0,0.0,0.0,0.0,0.288497,0.092613,0.0,0.0,0.19533,0.0,0.140015,0.120493,0.056967,0.170019,0.135196,0.23616,0.0,0.284207,0.0,0.0,0.0,0.0,0.161285,0.0,0.0,0.0,0.207185,0.0,0.0,0.0,0.118815,0.151143,0.243354,0.115787,0.0,0.131733,0.0,0.186292,0.0,0.0,0.327987,0.099765,0.0,0.121214,0.0,0.23219,0.0,0.0,0.0,0.28822,0.082238,0.201922,0.0,0.043683,0.0,0.359222,0.087902,0.274992,0.0,0.0,0.000799,0.100876,0.0,0.164438,0.06588,0.249771,0.147403,0.0,0.0,0.0,0.103124,0.0,0.0,0.159084,0.0,0.11745,0.266767,0.108555,0.073281,0.060068,0.140635,0.11729,0.0,0.300315,0.063468,0.0,0.0,0.0,6.6e-05,0.0,0.0,0.0,0.183999,0.0,0.0,0.033141,0.0,0.0,0.0,0.0,0.0,0.129497,0.285361,0.0,0.0,0.0,0.0,0.0,0.116555,0.099316,0.151229,0.0,0.0,0.0,0.0,0.279768,0.0,0.267652,0.215214,0.105055,0.060779,0.220026,0.0,0.0,0.0,1.319551,0.065018,0.0,0.0,0.244975,0.846144,0.0,0.0,0.099344,0.0,0.0,0.0,0.000825,0.077644,0.0,0.333395,0.0,0.0,0.0,0.218345,0.0,0.199629,0.130516,0.0,0.0,0.0,0.0,0.0,0.200103,0.244346,0.0,0.101488,0.0,0.12566,0.189715,0.081196,0.135497,0.0,0.000138,0.0,0.0,0.0,0.201229,0.203144,0.032074,0.0,0.088724,0.05829,0.090924,0.0,0.127716,0.0,0.0,0.164528,0.0,0.146496,0.0,0.237775,0.0,0.095215,0.0,2.9e-05,0.040848,0.0,0.0,0.0,0.143948,0.0,0.0,0.173233,0.201322,0.177161,0.230507,0.074213,0.0,0.158161,0.0,0.200282,0.273536,0.165504,0.146671,0.212427,0.0,1e-06,0.255791,0.0,0.133276,0.248366,0.104041,0.177148,0.0,0.0,0.0,0.183531,0.0,0.0,0.112237,0.267951,0.118622,0.200551,0.226565,0.043627,0.0,0.102962,0.0,0.0,4e-06,0.114904,0.0,0.115152,0.0,0.0,0.202971,0.0,0.257848,0.0,0.0,0.113944,0.0,0.114851,0.144117,0.101147,0.0,0.110832,0.13847,0.153421,0.0,0.28136,0.000131,0.0,0.248355,0.0,0.337982,0.203524,0.122436,0.0,0.0,0.0,0.088375,0.167292,0.0,0.0,0.0,0.0,0.0,0.090655,0.108018,0.0,0.0,0.0,0.0,0.0,0.137291,0.152344,0.0,0.223745,0.0,0.209907,0.0,0.0,0.119626,0.0,0.121142,0.0,0.228881,0.0,0.280524,0.0,0.0,0.401322,0.307852,0.181377,0.204289,0.088056,0.0,0.0,0.062381,0.0,0.188256,0.0,0.0,0.113138,0.198941,0.141806,0.0,0.0,0.0,0.0,0.283969,0.213156,0.0,0.0,0.0,0.262682,0.0,0.0,0.0,0.04795,0.0,0.161422,0.0,0.17389,0.05773,0.224923,0.155621,0.0,0.0,1.452302,0.0,0.0,0.113968,0.294499,0.147333,0.285877,0.0,0.107756,0.116962,0.089779,0.147734,0.104714,0.0,0.0,0.233906,0.0,0.0,0.089189,0.14626,0.0,0.083347,0.117944,0.073256,0.320752,0.0,0.095144,0.0,0.063024,0.327821,0.111494,0.0,0.153362,0.112812,0.0,0.0,0.0,0.0,0.147824,0.247044,0.0,0.0,0.115691,0.0,0.0,0.0,0.0,0.048095,0.217063,0.0,0.0,0.072534,0.210809,0.0,0.248144,0.373678,0.107771,0.0,0.33058,0.148675,0.0,0.0,0.0,0.0,0.239072,0.0,0.0,0.111088,0.0,0.267022,0.08116,0.174818,0.293139,0.156238,0.0,0.179915,0.0,0.0,0.0,0.0,0.157072,0.0,0.0,0.0,0.102396,0.0,0.0,0.0,0.175377,0.0,0.0,0.063757,0.195618,0.11239,0.273876,0.0,0.19223,0.0,0.0,0.163027,0.0,0.11999,0.0
TCGA-85-8355-01Z-00-DX1.146ECC8D-858B-4DDA-B7FE-DBC22CC8C24D,0.173747,0.0,0.036147,0.0,0.0,0.136222,0.0,0.0,0.377516,0.158933,0.086078,2.8e-05,0.0,0.0,0.0,0.173686,0.0,0.091266,0.0,0.0,0.348359,0.0,0.0,0.0,0.0,0.0,0.115071,0.0,0.165636,0.126614,0.0,0.0,0.103052,0.533416,0.0,0.2357,0.276212,0.0,0.0,0.0,0.0,0.241252,0.27116,0.108626,0.0,0.226012,0.087439,0.0,0.0,0.356904,0.0,0.058602,0.090037,1.62954,0.0,0.37274,0.103301,0.0,0.0,0.132614,0.0,0.0,0.0,0.0119,0.155619,0.271614,0.0,0.076623,0.156033,0.0,0.0,0.0,0.132073,0.067691,0.0,8e-06,0.0,0.0,0.0,0.0,0.0,0.370944,0.063547,0.0,0.0,0.197158,0.0,0.223141,0.097424,0.025945,0.145153,0.129162,0.295937,0.0,0.36006,0.0,0.0,0.0,0.0,0.146654,0.0,0.0,0.0,0.150144,0.0,0.0,0.0,0.177538,0.114233,0.292336,0.115789,0.0,0.193773,0.0,0.268685,0.0,0.0,0.426263,0.111093,0.0,0.204273,0.0,0.239485,0.0,0.0,0.0,0.342466,0.126249,0.143477,0.0,0.048021,0.0,0.383008,0.177765,0.36731,0.0,0.0,0.000855,0.116967,0.0,0.240434,0.108438,0.287732,0.221996,0.0,0.0,0.0,0.184101,0.0,0.0,0.101956,0.0,0.187502,0.320728,0.086749,0.039948,0.039996,0.141414,0.084159,0.0,0.395796,0.081652,0.0,0.0,0.0,4.3e-05,0.0,0.0,0.0,0.281843,0.0,0.0,0.04737,0.0,0.0,0.0,0.0,0.0,0.092795,0.364331,0.0,0.0,0.0,0.0,0.0,0.070066,0.208521,0.124942,0.0,0.0,0.0,0.0,0.353052,0.0,0.323445,0.292015,0.081337,0.100539,0.288145,0.0,0.0,0.0,1.48844,0.027991,0.0,0.0,0.278695,0.99072,0.0,0.0,0.10718,0.0,0.0,0.0,0.002108,0.100281,0.0,0.430686,0.0,0.0,0.0,0.167396,0.0,0.147735,0.089945,0.0,0.0,0.0,0.0,0.0,0.255153,0.170933,0.0,0.051936,0.0,0.112484,0.154555,0.05126,0.102856,0.0,9.2e-05,0.0,0.0,0.0,0.14142,0.259823,0.091074,0.0,0.062974,0.036328,0.162407,0.0,0.087689,0.0,0.0,0.195419,0.0,0.097062,0.0,0.202017,0.0,0.063363,0.0,1e-05,0.066548,0.0,0.0,0.0,0.110125,0.0,0.0,0.130756,0.144038,0.231192,0.269498,0.115814,0.0,0.100381,0.0,0.259919,0.336717,0.269077,0.131104,0.155298,0.0,2.8e-05,0.321703,0.0,0.087419,0.24995,0.065324,0.170698,0.0,0.0,0.0,0.12183,0.0,0.0,0.075723,0.334734,0.14504,0.269292,0.28413,0.068446,0.0,0.143559,0.0,0.0,2e-05,0.141338,0.0,0.162145,0.0,0.0,0.272452,0.0,0.328967,0.0,0.0,0.099107,0.0,0.06184,0.096952,0.218364,0.0,0.109668,0.094005,0.18749,0.0,0.329713,0.000116,0.0,0.305052,0.0,0.375493,0.154462,0.097307,0.0,0.0,0.0,0.174796,0.158038,0.0,0.0,0.0,0.0,0.0,0.049575,0.06695,0.0,0.0,0.0,0.0,0.0,0.111335,0.11587,0.0,0.307486,0.0,0.273946,0.0,0.0,0.136188,0.0,0.218557,0.0,0.154952,0.0,0.364819,0.0,0.0,0.431606,0.317873,0.135689,0.155972,0.180936,0.0,0.0,0.187652,0.0,0.150833,0.0,0.0,0.088817,0.145325,0.238752,0.0,0.0,0.0,0.0,0.330251,0.175885,0.0,0.0,0.0,0.320517,0.0,0.0,0.0,0.014732,0.0,0.124854,0.0,0.29029,0.146712,0.291643,0.119343,0.0,0.0,1.606278,0.0,0.0,0.090384,0.349707,0.09341,0.345781,0.0,0.188828,0.103177,0.052646,0.210332,0.144256,0.0,0.0,0.16692,0.0,0.0,0.058045,0.209236,0.0,0.173805,0.127122,0.038575,0.425394,0.0,0.184677,0.0,0.094281,0.370905,0.065085,0.0,0.246528,0.10329,0.0,0.0,0.0,0.0,0.101412,0.293728,0.0,0.0,0.125464,0.0,0.0,0.0,0.0,0.082145,0.248871,0.0,0.0,0.126208,0.258861,0.0,0.292548,0.453428,0.073612,0.0,0.402717,0.112433,0.0,0.0,0.0,0.0,0.301812,0.0,0.0,0.156477,0.0,0.325189,0.046864,0.12785,0.330498,0.122711,0.0,0.158125,0.0,0.0,0.0,0.0,0.109067,0.0,0.0,0.0,0.180179,0.0,0.0,0.0,0.109232,0.0,0.0,0.063744,0.253949,0.124545,0.326637,0.0,0.142741,0.0,0.0,0.111807,0.0,0.229386,0.0
TCGA-43-3394-01Z-00-DX1.4c2f49b9-9dac-41d8-a62b-64c8928caa3c,0.263695,0.0,0.111393,0.0,0.0,0.200473,0.0,0.0,0.360268,0.245892,0.163753,6e-06,0.0,0.0,0.0,0.267378,0.0,0.027353,0.0,0.0,0.243577,0.0,0.0,0.0,0.0,0.0,0.17616,0.0,0.046755,0.199775,0.0,0.0,0.18109,0.386685,0.0,0.192171,0.185086,0.0,0.0,0.0,0.0,0.143748,0.168636,0.196613,0.0,0.109721,0.027913,0.0,0.0,0.251498,0.0,0.023304,0.055673,1.482643,0.0,0.256188,0.173263,0.0,0.0,0.198309,0.0,0.0,0.0,0.073053,0.194092,0.16951,0.0,0.059688,0.051229,0.0,0.0,0.0,0.051822,0.145489,0.0,9e-06,0.0,0.0,0.0,0.0,0.0,0.23788,0.129271,0.0,0.0,0.207421,0.0,0.112985,0.150568,0.069574,0.194088,0.159827,0.184878,0.0,0.255157,0.0,0.0,0.0,0.0,0.19668,0.0,0.0,0.0,0.234947,0.0,0.0,0.0,0.086489,0.193555,0.225632,0.160812,0.0,0.114725,0.0,0.167872,0.0,0.0,0.326911,0.06208,0.0,0.098555,0.0,0.303235,0.0,0.0,0.0,0.256121,0.069462,0.23451,3e-06,0.022739,0.0,0.355614,0.060354,0.242589,0.0,0.0,0.000179,0.178735,0.0,0.142394,0.046016,0.215614,0.124964,0.0,0.0,0.0,0.079972,0.0,0.0,0.178724,0.0,0.097554,0.236099,0.130732,0.10652,0.109375,0.159257,0.156378,0.0,0.287222,0.03364,0.0,0.0,0.0,7e-06,0.0,0.0,0.0,0.144081,0.0,0.0,0.015072,0.0,0.0,0.0,0.0,0.0,0.172801,0.242641,0.0,0.0,0.0,0.0,0.0,0.139149,0.081637,0.19742,0.0,0.0,0.0,0.0,0.248004,0.0,0.22332,0.183608,0.145003,0.043396,0.214333,0.0,0.0,0.0,1.294692,0.105864,0.0,0.0,0.205779,0.804457,0.0,0.0,0.115296,0.0,0.0,0.0,0.000261,0.034481,0.0,0.296618,0.0,0.0,0.0,0.238656,0.0,0.221922,0.158926,0.0,0.0,0.0,0.0,0.0,0.151157,0.269445,0.0,0.127939,0.0,0.186741,0.213472,0.119949,0.16721,0.0,2.6e-05,0.0,0.0,0.0,0.236185,0.178194,0.023891,0.0,0.126064,0.094259,0.06171,0.0,0.157743,0.0,0.0,0.113367,0.0,0.157246,0.0,0.251766,0.0,0.122975,0.0,2e-06,0.024781,0.0,0.0,0.0,0.188553,0.0,0.0,0.189192,0.234073,0.143307,0.198679,0.052534,0.0,0.188633,0.0,0.177709,0.230104,0.145131,0.17714,0.234695,0.0,2e-06,0.222957,0.0,0.171646,0.273133,0.131767,0.141335,0.0,0.0,0.0,0.204883,0.0,0.0,0.144097,0.250487,0.10307,0.180365,0.195127,0.020579,0.0,0.071602,0.0,0.0,0.000613,0.07706,0.0,0.074587,0.0,0.0,0.175674,0.0,0.218539,0.0,0.0,0.159045,0.0,0.12914,0.170173,0.083293,0.0,0.075284,0.171575,0.148349,0.0,0.243531,3.3e-05,0.0,0.220872,0.0,0.37734,0.237445,0.161096,0.0,0.0,0.0,0.068115,0.160346,0.0,0.0,0.0,0.0,0.0,0.130996,0.139416,0.0,0.0,0.0,0.0,0.0,0.175329,0.190273,0.0,0.198021,0.0,0.17657,0.0,0.0,0.080878,0.0,0.10228,0.0,0.257864,0.0,0.238632,0.0,0.0,0.463454,0.368776,0.217037,0.243405,0.0731,0.0,0.0,0.04732,0.0,0.23286,0.0,0.0,0.154833,0.215943,0.135894,0.0,0.0,0.0,0.0,0.241117,0.249062,0.0,0.0,0.0,0.245951,0.0,0.0,0.0,0.05691,0.0,0.201524,0.0,0.158736,0.040358,0.193443,0.183516,0.0,0.0,1.433966,0.0,0.0,0.152893,0.25313,0.175837,0.235698,0.0,0.080885,0.174731,0.108111,0.13347,0.086525,0.0,0.0,0.269096,0.0,0.0,0.121154,0.157502,0.0,0.05452,0.081102,0.096828,0.277587,0.0,0.083257,0.0,0.03852,0.325242,0.134986,0.0,0.130793,0.098518,0.0,0.0,0.0,0.0,0.186569,0.21911,0.0,0.0,0.09854,0.0,0.0,0.0,0.0,0.02332,0.222379,0.0,0.0,0.048514,0.165455,0.0,0.2197,0.324601,0.142115,0.0,0.283551,0.186842,0.0,0.0,0.0,0.0,0.202376,0.0,0.0,0.102427,0.0,0.259796,0.110269,0.207685,0.230729,0.195464,0.0,0.105574,0.0,0.0,0.0,0.0,0.195901,0.0,0.0,0.0,0.081595,0.0,0.0,0.0,0.196069,0.0,0.0,0.029874,0.179676,0.13369,0.241691,0.0,0.175448,0.0,0.0,0.198099,0.0,0.105292,0.0
TCGA-85-A4CL-01Z-00-DX1.05BC31FF-3B88-489F-9BD2-5B2B31C72EDB,0.317006,0.0,0.076134,0.0,0.0,0.209203,0.0,0.0,0.316475,0.317382,0.183113,0.000489,0.0,0.0,0.0,0.315349,0.0,0.126284,0.0,0.0,0.231996,0.0,0.0,0.0,0.0,0.0,0.184386,0.0,0.055254,0.227846,0.0,0.0,0.202345,0.38749,0.0,0.17664,0.192232,0.0,0.0,0.0,0.0,0.128748,0.162151,0.240163,0.0,0.160231,0.124081,0.0,0.0,0.256707,0.0,0.095562,0.143413,1.588537,0.0,0.254835,0.179614,0.0,0.0,0.241708,0.0,0.0,0.0,0.034619,0.184933,0.190863,0.0,0.12395,0.050508,0.0,0.0,0.0,0.045428,0.156243,0.0,6.4e-05,0.0,0.0,0.0,0.0,0.0,0.271486,0.128681,0.0,0.0,0.249302,0.0,0.085322,0.154344,0.079236,0.237555,0.182994,0.231398,0.0,0.243572,0.0,0.0,1e-06,0.0,0.208724,0.0,0.0,0.0,0.275331,0.0,0.0,0.0,0.142281,0.195487,0.236701,0.160951,0.0,0.087317,0.0,0.150142,0.0,0.0,0.27893,0.138281,0.0,0.067216,0.0,0.200576,0.0,0.0,0.0,0.273403,0.061677,0.281294,0.0,0.114625,0.0,0.324839,0.05478,0.221163,0.0,0.0,0.001722,0.092409,0.0,0.12816,0.099045,0.246614,0.108856,0.0,0.0,0.0,0.068423,0.0,0.0,0.218787,0.0,0.063051,0.257703,0.149728,0.099383,0.067596,0.208164,0.163667,0.0,0.266276,0.120073,0.0,0.0,0.0,0.000443,0.0,0.0,0.0,0.144748,0.0,0.0,0.048278,0.0,0.0,0.0,0.0,0.0,0.197972,0.260837,0.0,0.0,0.0,0.0,0.0,0.156785,0.082098,0.198962,0.0,0.0,0.0,0.0,0.24965,0.0,0.22438,0.167114,0.128787,0.13518,0.188561,0.0,0.0,0.0,1.302176,0.060489,0.0,0.0,0.23126,0.803321,0.0,0.0,0.11382,0.0,0.0,0.0,0.004863,0.090785,0.0,0.266436,0.0,0.0,0.0,0.292505,0.0,0.270225,0.177299,0.0,0.0,0.0,0.0,0.0,0.209399,0.332487,0.0,0.126757,0.0,0.158328,0.234337,0.09711,0.17167,0.0,0.000752,0.0,0.0,0.0,0.289885,0.206746,0.027454,0.0,0.120169,0.086955,0.053386,0.0,0.173726,0.0,0.0,0.186058,0.0,0.19616,0.0,0.342486,0.0,0.127359,0.0,0.000162,0.095424,0.0,0.0,0.0,0.218305,0.0,0.0,0.229236,0.252908,0.121151,0.224256,0.143965,0.0,0.216714,0.0,0.144841,0.254127,0.119004,0.186559,0.293281,0.0,4e-05,0.225795,0.0,0.161982,0.315531,0.136705,0.241464,0.0,0.0,0.0,0.22461,0.0,0.0,0.119836,0.255569,0.122003,0.165543,0.187574,0.096314,0.0,0.161194,0.0,0.0,2.5e-05,0.192242,0.0,0.148961,0.0,0.0,0.158456,0.0,0.208637,0.0,0.0,0.160208,0.0,0.149386,0.199851,0.08875,0.0,0.157679,0.178114,0.226303,0.0,0.266893,0.000683,0.0,0.22952,0.0,0.320397,0.280628,0.175489,0.0,0.0,0.0,0.055528,0.264697,0.0,0.0,0.0,0.0,0.0,0.105993,0.144639,0.0,0.0,0.0,0.0,0.0,0.188336,0.213621,0.0,0.177594,0.0,0.162718,0.0,0.0,0.16249,0.0,0.079015,0.0,0.299472,0.0,0.297254,0.0,0.0,0.33656,0.254585,0.234526,0.285047,0.081995,0.0,0.0,0.051785,0.0,0.275262,0.0,0.0,0.13348,0.260672,0.090952,0.0,0.0,0.0,0.0,0.250711,0.266589,0.0,0.0,0.0,0.245468,0.0,0.0,0.0,0.045279,0.0,0.219197,0.0,0.121521,0.056036,0.181521,0.201262,0.0,0.0,1.455396,0.0,0.0,0.159006,0.273261,0.182703,0.238805,0.0,0.061834,0.094318,0.105355,0.108306,0.066186,0.0,0.0,0.31377,0.0,1e-06,0.120051,0.131409,0.0,0.050711,0.143894,0.032243,0.22741,0.0,0.054489,0.0,0.134178,0.294009,0.157435,0.0,0.100891,0.13522,0.0,0.0,0.0,0.0,0.20216,0.228062,0.0,0.0,0.186574,0.0,0.0,0.0,1e-06,0.074187,0.187885,0.0,0.0,0.108713,0.153588,0.0,0.233711,0.368047,0.163356,0.0,0.325971,0.221809,0.0,0.0,0.0,0.0,0.210151,0.0,0.0,0.154771,0.0,0.239574,0.115511,0.239084,0.25594,0.205466,0.0,0.211732,0.0,0.0,0.0,0.0,0.228412,0.0,0.0,0.0,0.057934,0.0,0.0,0.0,0.224147,0.0,0.0,0.122469,0.150146,0.162482,0.244297,0.0,0.26551,0.0,0.0,0.230912,0.0,0.078707,0.0
TCGA-77-8144-01Z-00-DX1.5194d537-c942-45f3-967b-eb213646ff24,0.184697,0.0,0.0101,0.0,0.0,0.114045,0.0,0.0,0.370426,0.174792,0.087365,0.000155,0.0,0.0,0.0,0.176345,0.0,0.141709,0.0,0.0,0.377422,0.0,0.0,0.0,0.0,0.0,0.084244,0.0,0.204113,0.108013,0.0,0.0,0.105011,0.579307,0.0,0.275327,0.306595,0.0,0.0,0.0,0.0,0.278094,0.293759,0.125545,0.0,0.246269,0.15118,0.0,0.0,0.387127,0.0,0.114264,0.113944,1.736853,2e-06,0.42223,0.093843,0.0,0.0,0.133837,0.0,2e-06,0.0,0.003184,0.093996,0.320784,0.0,0.070027,0.204418,0.0,0.0,0.0,0.177925,0.061531,0.0,0.000144,0.0,0.0,0.0,0.0,0.0,0.425739,0.043556,0.0,0.0,0.168138,0.0,0.258928,0.065944,0.023991,0.14448,0.13568,0.361804,0.0,0.411839,0.0,0.0,0.0,0.0,0.11625,0.0,0.0,0.0,0.149469,0.0,0.0,0.0,0.190864,0.07524,0.351704,0.087142,0.0,0.221502,0.0,0.303331,0.0,0.0,0.416067,0.153596,0.0,0.230774,0.0,0.167794,0.0,0.0,0.0,0.401323,0.151847,0.145326,0.0,0.100967,0.0,0.429303,0.23962,0.39737,0.0,0.0,0.003321,0.05171,0.0,0.269159,0.111916,0.355297,0.243383,0.0,0.0,0.0,0.216981,0.0,0.0,0.117254,1e-06,0.219931,0.375213,0.059889,0.044841,0.006701,0.130536,0.07575,0.0,0.434548,0.137352,0.0,0.0,0.0,0.000178,0.0,0.0,0.0,0.318334,0.0,0.0,0.054722,0.0,0.0,0.0,0.0,0.0,0.090028,0.412312,0.0,0.0,0.0,0.0,0.0,0.078429,0.243112,0.101741,0.0,0.0,0.0,0.0,0.392679,0.0,0.362141,0.317315,0.041783,0.161787,0.313208,0.0,0.0,0.0,1.568416,0.008239,0.0,0.0,0.334194,1.046694,0.0,0.0,0.098585,0.0,0.0,0.0,0.006947,0.134412,0.0,0.46921,0.0,0.0,0.0,0.163403,0.0,0.148637,0.077569,0.0,0.0,0.0,0.0,0.0,0.33019,0.18908,0.0,0.049261,0.0,0.055078,0.124905,0.031105,0.076914,0.0,0.000556,0.0,0.0,0.0,0.153576,0.319949,0.123749,0.0,0.050238,0.031095,0.203117,0.0,0.085656,0.0,0.0,0.276092,0.0,0.111034,0.0,0.226768,0.0,0.048406,0.0,5.1e-05,0.120025,0.0,0.0,0.0,0.101708,0.0,0.0,0.122729,0.133137,0.257798,0.341432,0.160638,0.0,0.108439,0.0,0.283013,0.38123,0.307849,0.101973,0.173126,0.0,0.000107,0.350219,0.0,0.079926,0.218962,0.052907,0.198968,0.0,1e-06,0.0,0.111512,0.0,0.0,0.044717,0.393931,0.172876,0.290912,0.317367,0.118361,0.0,0.213015,0.0,0.0,0.0,0.193502,0.0,0.220755,0.0,0.0,0.310321,0.0,0.358981,0.0,0.0,0.088168,0.0,0.064802,0.105383,0.25728,0.0,0.123622,0.085994,0.196423,0.0,0.369745,0.000716,0.0,0.373871,0.0,0.333876,0.148779,0.093995,0.0,0.0,0.0,0.213489,0.185389,0.0,0.0,0.0,0.0,0.0,0.031536,0.070069,0.0,0.0,0.0,0.0,0.0,0.086982,0.115773,0.0,0.328224,0.0,0.294018,0.0,0.0,0.140972,0.0,0.242071,0.0,0.163514,0.0,0.41629,0.0,0.0,0.379293,0.240409,0.118555,0.149697,0.230398,0.0,0.0,0.254897,0.0,0.151162,0.0,0.0,0.052122,0.136338,0.277828,0.0,0.0,0.0,0.0,0.382363,0.150822,0.0,0.0,0.0,0.363466,0.0,0.0,0.0,0.009404,0.0,0.12543,0.0,0.322829,0.188854,0.319096,0.094792,0.0,0.0,1.695453,0.0,0.0,0.067894,0.40815,0.085757,0.40103,0.0,0.222475,0.042531,0.030633,0.24382,0.163327,0.0,0.0,0.167547,0.0,0.0,0.044418,0.233453,0.0,0.237859,0.178735,0.008314,0.44304,0.0,0.221901,0.0,0.145787,0.406046,0.06801,0.0,0.282732,0.10271,0.0,0.0,0.0,0.0,0.097197,0.341703,0.0,0.0,0.184909,0.0,0.0,0.0,0.0,0.113196,0.260787,0.0,0.0,0.145982,0.284194,0.0,0.329071,0.526909,0.085456,0.0,0.467663,0.116027,0.0,0.0,0.0,0.0,0.342155,0.0,0.0,0.147334,0.0,0.367699,0.031702,0.120524,0.375829,0.104506,0.0,0.244747,0.0,0.0,0.0,0.0,0.122656,0.0,0.0,0.0,0.204592,0.0,0.0,0.0,0.102466,0.0,0.0,0.145679,0.27272,0.114629,0.363507,0.0,0.186189,0.0,0.0,0.116041,0.0,0.269936,0.0
TCGA-56-7730-01Z-00-DX1.6f127663-c517-4b5d-99a6-a3cd314304b1,0.280427,0.0,0.148355,0.0,0.0,0.213481,0.0,0.0,0.341308,0.266209,0.193423,1.2e-05,0.0,0.0,0.0,0.276234,0.0,0.045159,0.0,0.0,0.24186,0.0,0.0,0.0,0.0,0.0,0.213955,0.0,0.086657,0.231069,0.0,0.0,0.208639,0.391153,0.0,0.161522,0.166359,0.0,1.8e-05,0.0,0.0,0.133742,0.152657,0.220547,0.0,0.137613,0.042305,0.0,0.0,0.240604,0.0,0.046824,0.065008,1.517549,0.0,0.248309,0.205308,0.0,0.0,0.219837,0.0,1e-06,0.0,0.132854,0.20586,0.171911,0.0,0.104182,0.089194,0.0,0.0,0.0,0.075687,0.201062,0.0,1e-05,0.0,0.0,0.0,0.0,0.0,0.235184,0.162828,0.0,0.0,0.226978,0.0,0.117201,0.180525,0.120614,0.237503,0.142194,0.180728,0.0,0.239865,0.0,0.0,0.0,0.0,0.233822,0.0,0.0,0.0,0.264729,0.0,0.0,0.0,0.132772,0.229624,0.194304,0.196369,0.0,0.103881,0.0,0.156155,0.0,0.0,0.351114,0.072168,0.0,0.109736,0.0,0.298339,0.0,0.0,0.0,0.229612,0.098856,0.264109,0.0,0.033796,0.0,0.338754,0.101508,0.247345,0.0,0.0,0.000876,0.203268,0.0,0.143149,0.088898,0.193336,0.124299,0.0,0.0,0.0,0.091918,0.0,0.0,0.207687,0.0,0.099411,0.210309,0.179479,0.144397,0.167931,0.192982,0.179423,0.0,0.270502,0.065151,0.0,0.0,0.0,1.6e-05,0.0,0.0,0.0,0.183617,0.0,0.0,0.054522,0.0,0.0,0.0,0.0,0.0,0.188136,0.215614,0.0,0.0,0.0,0.0,0.0,0.157044,0.1048,0.215827,0.0,0.0,0.0,0.0,0.238475,0.0,0.214365,0.172734,0.165216,0.062205,0.201522,0.0,0.0,0.0,1.303051,0.143254,0.0,0.0,0.181493,0.81175,0.0,0.0,0.070139,0.0,0.0,0.0,0.001341,0.073716,0.0,0.322492,0.0,0.0,0.0,0.282582,0.0,0.247558,0.191242,0.0,0.0,0.0,0.0,0.0,0.153362,0.32786,0.0,0.167727,0.0,0.217452,0.259701,0.187529,0.204651,0.0,5.7e-05,0.0,0.0,0.0,0.275645,0.169266,0.054695,0.0,0.156109,0.128534,0.085755,0.0,0.178726,0.0,0.0,0.133335,0.0,0.189871,0.0,0.245274,0.0,0.15991,0.0,6e-06,0.053244,0.0,0.0,0.0,0.212155,0.0,0.0,0.249626,0.290185,0.135096,0.187529,0.077707,0.0,0.219698,0.0,0.157101,0.219054,0.152456,0.212596,0.263406,0.0,6e-06,0.196706,0.0,0.21578,0.290956,0.170438,0.163434,0.0,0.0,0.0,0.257167,0.0,0.0,0.193065,0.225564,0.093219,0.178415,0.175458,0.040613,0.0,0.072108,0.0,0.0,0.0,0.10347,0.0,0.106114,0.0,0.0,0.163518,0.0,0.216131,0.0,0.0,0.167651,0.0,0.181861,0.214398,0.111016,0.0,0.079308,0.219595,0.196897,0.0,0.22254,7.3e-05,0.0,0.201963,0.0,0.415367,0.27466,0.19616,0.0,0.0,0.0,0.093149,0.189921,0.0,0.0,0.0,0.0,0.0,0.1796,0.174858,0.0,0.0,0.0,0.0,0.0,0.200061,0.200743,0.0,0.176178,0.0,0.175966,0.0,0.0,0.102961,0.0,0.106241,0.0,0.299165,0.0,0.255777,0.0,0.0,0.491987,0.4092,0.246888,0.280807,0.089648,0.0,0.0,0.100786,0.0,0.256476,0.0,0.0,0.173499,0.258147,0.134402,0.0,0.0,0.0,0.0,0.241483,0.295515,0.0,0.0,0.0,0.216786,0.0,0.0,0.0,0.133601,0.0,0.225498,0.0,0.151389,0.080012,0.179692,0.224982,0.0,0.0,1.460176,0.0,0.0,0.194825,0.229168,0.228572,0.23625,0.0,0.097351,0.223151,0.176825,0.120008,0.086199,0.0,0.0,0.322646,0.0,0.0,0.168287,0.142642,0.0,0.094003,0.098343,0.176498,0.286678,0.0,0.092656,0.0,0.069373,0.287661,0.18812,0.0,0.146126,0.101445,0.0,0.0,0.0,0.0,0.207187,0.204061,0.0,0.0,0.132373,0.0,0.0,0.0,0.0,0.053817,0.207263,0.0,0.0,0.099193,0.168755,0.0,0.204421,0.309583,0.177674,0.0,0.281989,0.195271,0.0,0.0,0.0,0.0,0.201553,0.0,0.0,0.17622,0.0,0.232559,0.153609,0.218055,0.213871,0.219562,0.0,0.124704,0.0,0.0,0.0,0.0,0.210703,0.0,0.0,0.0,0.092406,0.0,0.0,0.0,0.24818,0.0,0.0,0.066861,0.165183,0.185472,0.231581,0.0,0.223368,0.0,0.0,0.209568,0.0,0.124961,0.0
TCGA-85-8276-01Z-00-DX1.6306624d-e197-4744-a872-0a20413bd9fa,0.268912,0.0,0.071476,0.0,0.0,0.188606,0.0,0.0,0.336999,0.252018,0.151158,0.000362,0.0,0.0,0.0,0.268621,0.0,0.099796,0.0,0.0,0.284695,0.0,0.0,0.0,0.0,0.0,0.159533,0.0,0.097124,0.197754,0.0,0.0,0.163833,0.451742,0.0,0.206913,0.211503,0.0,0.0,0.0,0.0,0.175367,0.196291,0.19404,0.0,0.16161,0.103222,0.0,0.0,0.298263,0.0,0.077752,0.113935,1.618692,4e-06,0.300552,0.15882,0.0,0.0,0.195663,0.0,0.0,0.0,0.0456,0.171853,0.227775,0.0,0.096345,0.083895,0.0,0.0,0.0,0.078342,0.13417,0.0,0.002136,0.0,0.0,0.0,0.0,0.0,0.308212,0.116569,0.0,1e-06,0.224028,0.0,0.135091,0.133537,0.065422,0.205645,0.159015,0.249961,0.0,0.28442,0.0,0.0,0.0,0.0,0.198263,0.0,0.0,0.0,0.235705,0.0,0.0,0.0,0.138734,0.181137,0.267302,0.150979,0.0,0.132084,0.0,0.205511,0.0,0.0,0.332126,0.148539,0.0,0.123581,0.0,0.232359,0.0,0.0,0.0,0.298314,0.087706,0.239933,0.0,0.087074,0.0,0.359811,0.103418,0.287894,0.0,0.0,0.006475,0.130247,0.0,0.170489,0.103909,0.264664,0.149031,0.0,0.0,0.0,0.106223,0.0,0.0,0.177219,0.0,0.104539,0.27972,0.14182,0.096053,0.071467,0.169345,0.147531,0.0,0.329337,0.113312,0.0,0.0,0.0,0.0002,0.0,0.0,0.0,0.203125,0.0,0.0,0.067771,0.0,0.0,0.0,0.0,0.0,0.156684,0.294453,0.0,0.0,0.0,0.0,0.0,0.127705,0.129637,0.181814,0.0,0.0,0.0,0.0,0.292108,0.0,0.265281,0.223249,0.106696,0.108732,0.234091,0.0,0.0,1e-06,1.406343,0.066561,0.0,0.0,0.242914,0.885795,0.0,0.0,0.125864,0.0,0.0,0.0,0.01728,0.103433,0.0,0.345827,0.0,0.0,0.0,0.248575,0.0,0.238629,0.155633,0.0,0.0,0.0,0.0,0.0,0.225088,0.282488,0.0,0.119916,0.0,0.141352,0.214012,0.105529,0.152398,0.0,0.000683,0.0,0.0,0.0,0.245836,0.221475,0.048873,0.0,0.109948,0.080989,0.086072,0.0,0.153565,0.0,0.0,0.181484,0.0,0.168326,0.0,0.284252,0.0,0.109803,0.0,0.000132,0.094111,0.0,0.0,0.0,0.181676,0.0,0.0,0.200581,0.230375,0.156146,0.243231,0.134425,0.0,0.175913,0.0,0.182862,0.2809,0.185776,0.174318,0.255655,0.0,0.000135,0.256072,0.0,0.161839,0.293408,0.123653,0.201576,0.0,0.0,0.0,0.193652,0.0,0.0,0.123523,0.288356,0.133104,0.209436,0.217618,0.090241,0.0,0.142271,0.0,0.0,0.000237,0.159469,0.0,0.138497,0.0,0.0,0.204683,0.0,0.249801,0.0,0.0,0.146204,0.0,0.12148,0.172571,0.133537,0.0,0.128247,0.170934,0.223316,0.0,0.282549,0.000848,0.0,0.261133,0.0,0.333765,0.23943,0.159309,0.0,0.0,0.0,0.090774,0.2348,0.0,1e-06,0.0,0.0,0.0,0.106067,0.121979,0.0,0.0,3e-06,0.0,0.0,0.1594,0.174867,0.0,0.226538,0.0,0.207108,0.0,0.0,0.14792,0.0,0.124805,0.0,0.251972,0.0,0.307845,0.0,0.0,0.406556,0.310232,0.211092,0.24284,0.120134,0.0,0.0,0.102008,0.0,0.24591,0.0,0.0,0.131675,0.224957,0.154178,0.0,0.0,0.0,0.0,0.274541,0.238522,0.0,0.0,0.0,0.283016,0.0,0.0,0.0,0.048191,0.0,0.203868,0.0,0.185023,0.090341,0.223685,0.184236,0.0,0.0,1.536892,0.0,0.0,0.153258,0.302335,0.162077,0.285228,0.0,0.106998,0.117738,0.094926,0.144825,0.093657,0.0,1e-06,0.270435,0.0,8e-06,0.107311,0.167842,0.0,0.094271,0.13365,0.054878,0.309864,0.0,0.103147,0.0,0.116286,0.328814,0.133962,0.0,0.160985,0.114941,0.0,0.0,0.0,0.0,0.183883,0.256524,0.0,0.000228,0.179029,0.0,0.0,0.0,0.0,0.080786,0.206451,0.0,0.0,0.106559,0.196038,0.0,0.241339,0.403204,0.147133,0.0,0.347755,0.185261,0.0,0.0,0.0,0.0,0.248375,0.0,0.0,0.158541,0.0,0.284515,0.098107,0.204187,0.274828,0.182139,0.0,0.186995,0.0,0.0,0.0,0.0,0.19292,0.0,0.0,0.0,0.103775,0.0,0.0,0.0,0.200453,0.0,0.0,0.108707,0.194808,0.145597,0.269767,0.0,0.220366,0.0,0.0,0.189203,0.0,0.14344,0.0
TCGA-77-7138-01Z-00-DX1.8c912762-0829-4692-92a2-545fea2b3e48,0.315192,0.0,0.081969,0.0,0.0,0.207208,0.0,0.0,0.324829,0.297969,0.188281,4e-06,0.0,0.0,0.0,0.309511,0.0,0.106489,0.0,0.0,0.238941,0.0,0.0,0.0,0.0,0.0,0.177621,0.0,0.059786,0.228523,0.0,0.0,0.204638,0.387631,0.0,0.180208,0.192061,0.0,0.0,0.0,0.0,0.134874,0.164231,0.239181,0.0,0.143013,0.114439,0.0,0.0,0.256139,0.0,0.091583,0.104061,1.606938,0.0,0.258933,0.189649,0.0,0.0,0.234635,0.0,0.0,0.0,0.051132,0.169504,0.199189,0.0,0.100471,0.051469,0.0,0.0,0.0,0.054618,0.170052,0.0,3e-06,0.0,0.0,0.0,0.0,0.0,0.264924,0.128116,0.0,0.0,0.229233,0.0,0.093591,0.166041,0.087932,0.223267,0.173966,0.234426,0.0,0.258157,0.0,0.0,0.0,0.0,0.212745,0.0,0.0,0.0,0.278831,0.0,0.0,0.0,0.123023,0.192168,0.243935,0.156218,0.0,0.092143,0.0,0.152628,0.0,0.0,0.290013,0.139848,0.0,0.08378,0.0,0.218258,0.0,0.0,0.0,0.28258,0.063938,0.275501,0.0,0.084779,0.0,0.359954,0.066818,0.231079,0.0,0.0,0.000332,0.111606,0.0,0.127699,0.088102,0.251787,0.109408,0.0,0.0,0.0,0.071067,0.0,0.0,0.222088,0.0,0.071437,0.270138,0.150118,0.117971,0.067983,0.1812,0.170377,0.0,0.273508,0.117699,0.0,0.0,0.0,5e-06,0.0,0.0,0.0,0.160442,0.0,0.0,0.038485,0.0,0.0,0.0,0.0,0.0,0.193774,0.253159,0.0,0.0,0.0,0.0,0.0,0.16111,0.084558,0.203849,0.0,0.0,0.0,0.0,0.25509,0.0,0.225133,0.173812,0.120017,0.126667,0.19369,0.0,0.0,0.0,1.329691,0.075358,0.0,0.0,0.234432,0.820875,0.0,0.0,0.106847,0.0,0.0,0.0,0.001009,0.092101,0.0,0.292653,0.0,0.0,0.0,0.294309,0.0,0.267675,0.185841,0.0,0.0,0.0,0.0,0.0,0.206278,0.339575,0.0,0.143095,0.0,0.152384,0.240289,0.117653,0.179306,0.0,1.9e-05,0.0,0.0,0.0,0.287587,0.208751,0.027922,0.0,0.128432,0.094127,0.059886,0.0,0.183952,0.0,0.0,0.197015,0.0,0.197732,0.0,0.315142,0.0,0.130564,0.0,2e-06,0.090185,0.0,0.0,0.0,0.214273,1e-06,0.0,0.240266,0.278217,0.125394,0.233999,0.130519,0.0,0.226036,0.0,0.146439,0.249134,0.130467,0.185417,0.307365,0.0,3e-06,0.223542,0.0,0.183959,0.301188,0.146125,0.223001,0.0,0.0,0.0,0.230967,0.0,0.0,0.141021,0.259685,0.129469,0.168838,0.191301,0.09577,0.0,0.14823,0.0,0.0,4.4e-05,0.173538,0.0,0.145466,0.0,0.0,0.170413,0.0,0.214034,0.0,0.0,0.163954,0.0,0.156292,0.205372,0.08963,0.0,0.126958,0.191147,0.218525,0.0,0.255904,2.4e-05,0.0,0.232025,0.0,0.336589,0.279209,0.176623,0.0,0.0,0.0,0.06068,0.251265,0.0,0.0,0.0,0.0,0.0,0.119929,0.148472,0.0,0.0,0.0,0.0,0.0,0.189741,0.20793,0.0,0.176554,0.0,0.173952,0.0,0.0,0.119717,0.0,0.082796,0.0,0.309649,0.0,0.287031,0.0,0.0,0.366121,0.284513,0.236511,0.284091,0.082197,0.0,0.0,0.04889,0.0,0.280224,0.0,0.0,0.138268,0.256691,0.101932,0.0,0.0,0.0,0.0,0.257164,0.273694,0.0,0.0,0.0,0.250485,0.0,0.0,0.0,0.068826,0.0,0.228747,0.0,0.123796,0.056152,0.180009,0.19594,0.0,0.0,1.491097,0.0,0.0,0.171789,0.283504,0.204839,0.255622,0.0,0.065936,0.109382,0.118604,0.112055,0.071245,0.0,0.0,0.324469,0.0,0.0,0.133806,0.133339,0.0,0.056217,0.139306,0.062187,0.243226,0.0,0.062529,0.0,0.133007,0.305908,0.166942,0.0,0.108862,0.121836,0.0,0.0,0.0,0.0,0.200411,0.230981,0.0,0.0,0.190923,0.0,0.0,0.0,0.0,0.06231,0.188752,0.0,0.0,0.091114,0.165899,0.0,0.231996,0.372367,0.173028,0.0,0.312824,0.217956,0.0,0.0,0.0,0.0,0.211454,0.0,0.0,0.149229,0.0,0.256154,0.110206,0.228082,0.248913,0.201238,0.0,0.202717,0.0,0.0,0.0,0.0,0.236781,0.0,0.0,0.0,0.061199,0.0,0.0,0.0,0.235442,0.0,0.0,0.128015,0.152633,0.156446,0.247515,0.0,0.267588,0.0,0.0,0.229715,0.0,0.10028,0.0
TCGA-21-A5DI-01Z-00-DX1.E9123261-ADE7-468C-9E9A-334E131FFF97,0.171411,0.0,0.032842,0.0,0.0,0.106353,0.0,0.0,0.346097,0.152574,0.086347,0.00149,0.0,0.0,0.0,0.147966,0.0,0.166747,0.0,0.0,0.378908,0.0,0.0,0.0,0.0,0.0,0.105314,0.0,0.260288,0.11109,0.0,0.0,0.09302,0.638857,0.0,0.251995,0.309902,0.0,0.0,0.0,0.0,0.292787,0.297094,0.118611,0.0,0.276791,0.188473,0.0,0.0,0.402178,0.0,0.159341,0.152645,1.733651,0.0,0.432146,0.091814,0.0,0.0,0.124123,0.0,0.0,0.0,0.022016,0.109104,0.326107,0.0,0.110662,0.241818,0.0,0.0,0.0,0.205298,0.083041,0.0,2.7e-05,0.0,0.0,0.0,0.0,0.0,0.443167,0.061913,0.0,0.0,0.182514,0.0,0.285257,0.079448,0.036923,0.152545,0.104897,0.389292,0.0,0.425453,0.0,0.0,0.0,0.0,0.127574,0.0,0.0,0.0,0.136925,0.0,0.0,0.0,0.240155,0.086628,0.320883,0.122498,0.0,0.217859,0.0,0.32145,0.0,0.0,0.455385,0.194802,0.0,0.249647,0.0,0.143704,0.0,0.0,0.0,0.366974,0.171185,0.139111,0.0,0.133343,0.0,0.392832,0.291263,0.451192,0.0,0.0,0.011443,0.062215,0.0,0.287276,0.18721,0.330358,0.26129,0.0,0.0,0.0,0.237281,0.0,0.0,0.105922,0.0,0.223686,0.353075,0.059889,0.044126,0.025396,0.151047,0.075254,0.0,0.462763,0.199749,0.0,0.0,0.0,0.001182,0.0,0.0,0.0,0.39668,0.0,0.0,0.116338,0.0,0.0,0.0,0.0,0.0,0.086691,0.43338,0.0,0.0,0.0,0.0,0.0,0.06882,0.299371,0.095375,0.0,0.0,0.0,0.0,0.387109,0.0,0.369381,0.331246,0.05736,0.181793,0.316385,0.0,0.0,0.0,1.619936,0.035024,0.0,0.0,0.322942,1.109825,0.0,0.0,0.079027,0.0,0.0,0.0,0.028879,0.226593,0.0,0.539744,0.0,0.0,0.0,0.153251,0.0,0.132714,0.08671,0.0,0.0,0.0,0.0,0.0,0.372819,0.176821,0.0,0.064149,0.0,0.082008,0.127378,0.059475,0.090288,0.0,0.002455,0.0,0.0,0.0,0.143169,0.330859,0.146232,0.0,0.056207,0.039113,0.227336,0.0,0.084748,0.0,0.0,0.28382,0.0,0.110391,0.0,0.183471,0.0,0.062012,0.0,0.000432,0.16546,0.0,0.0,0.0,0.100813,0.0,0.0,0.123557,0.143418,0.248724,0.337488,0.20122,0.0,0.101242,0.0,0.285354,0.370441,0.350137,0.117226,0.14435,0.0,0.000136,0.337752,0.0,0.085011,0.240922,0.068415,0.230247,0.0,0.0,0.0,0.118259,0.0,0.0,0.075836,0.380311,0.150488,0.307966,0.322211,0.171584,0.0,0.241629,0.0,0.0,2e-06,0.234824,0.0,0.27231,0.0,0.0,0.327377,0.0,0.366089,0.0,0.0,0.078095,0.0,0.075932,0.108294,0.301857,0.0,0.145477,0.094689,0.243309,0.0,0.343237,0.002265,0.0,0.375175,0.0,0.317797,0.145573,0.095494,0.0,0.0,0.0,0.237301,0.191429,0.0,0.0,0.0,0.0,0.0,0.057248,0.075874,0.0,0.0,0.0,0.0,0.0,0.095944,0.102895,0.0,0.336157,0.0,0.306502,0.0,0.0,0.19081,0.0,0.248914,0.0,0.166774,0.0,0.463913,0.0,0.0,0.391235,0.251417,0.127989,0.14221,0.287725,0.0,0.0,0.330355,0.0,0.142941,0.0,0.0,0.072946,0.136303,0.318237,0.0,0.0,0.0,0.0,0.380639,0.14968,0.0,0.0,0.0,0.360418,0.0,0.0,0.0,0.028992,0.0,0.107676,0.0,0.355563,0.246969,0.330158,0.099096,0.0,0.0,1.722765,0.0,0.0,0.079579,0.402396,0.096695,0.414343,0.0,0.240873,0.071154,0.060851,0.239307,0.153663,0.0,0.0,0.168716,0.0,0.0,0.067825,0.220164,0.0,0.275821,0.188997,0.052016,0.496593,0.0,0.247121,0.0,0.17557,0.376812,0.080288,0.0,0.344847,0.110469,0.0,0.0,0.0,0.0,0.087765,0.33162,0.0,0.0,0.238945,0.0,0.0,0.0,0.0,0.180075,0.242937,0.0,0.0,0.210204,0.301514,0.0,0.315039,0.531518,0.082892,0.0,0.497689,0.10786,0.0,0.0,0.0,0.0,0.360068,0.0,0.0,0.216064,0.0,0.345722,0.057777,0.104766,0.3666,0.108657,0.0,0.27094,0.0,0.0,0.0,0.0,0.100307,0.0,0.0,0.0,0.219516,0.0,0.0,0.0,0.12479,0.0,0.0,0.201244,0.277735,0.145066,0.350079,0.0,0.185542,0.0,0.0,0.105994,0.0,0.307763,0.0
TCGA-43-5668-01Z-00-DX1.0d024872-fbcc-4e91-948b-acc96a00d5eb,0.157237,0.0,0.021963,0.0,0.0,0.111937,0.0,0.0,0.396075,0.15861,0.083323,1e-06,0.0,0.0,0.0,0.180075,0.0,0.061418,0.0,0.0,0.389664,0.0,0.0,0.0,0.0,0.0,0.086899,0.0,0.141052,0.102914,0.0,0.0,0.087715,0.520262,0.0,0.287307,0.30009,0.0,0.0,0.0,0.0,0.265692,0.285644,0.113953,0.0,0.178602,0.057293,0.0,0.0,0.376475,0.0,0.041425,0.062508,1.628362,0.0,0.398923,0.086731,0.0,0.0,0.119214,0.0,0.0,0.0,0.003781,0.113186,0.297334,0.0,0.044232,0.161899,0.0,0.0,0.0,0.155081,0.052584,0.0,9e-06,0.0,0.0,0.0,0.0,0.0,0.369736,0.048955,0.0,0.0,0.153527,0.0,0.240886,0.06767,0.01951,0.116805,0.140679,0.279379,0.0,0.376732,0.0,0.0,0.0,0.0,0.108087,0.0,0.0,0.0,0.144823,0.0,0.0,0.0,0.135573,0.092038,0.340686,0.0735,0.0,0.22609,0.0,0.291319,0.0,0.0,0.412678,0.077143,0.0,0.217919,0.0,0.257998,0.0,0.0,0.0,0.38149,0.143619,0.138664,0.0,0.038622,0.0,0.424651,0.194081,0.390764,0.0,0.0,0.000165,0.117222,0.0,0.255816,0.045731,0.326989,0.240015,0.0,0.0,0.0,0.189152,0.0,0.0,0.106824,0.0,0.218276,0.339574,0.072938,0.039052,0.019159,0.115253,0.075397,0.0,0.428967,0.048824,0.0,0.0,0.0,2e-06,0.0,0.0,0.0,0.246053,0.0,0.0,0.015787,0.0,0.0,0.0,0.0,0.0,0.083756,0.380556,0.0,0.0,0.0,0.0,0.0,0.068997,0.182744,0.107347,0.0,0.0,0.0,0.0,0.380369,0.0,0.350655,0.31504,0.052241,0.070585,0.32014,0.0,0.0,0.0,1.479205,0.013828,0.0,0.0,0.318303,0.961946,0.0,0.0,0.12842,0.0,0.0,0.0,0.000342,0.045106,0.0,0.420782,0.0,0.0,0.0,0.144559,0.0,0.142222,0.073503,0.0,0.0,0.0,0.0,0.0,0.239302,0.157701,0.0,0.050475,0.0,0.088889,0.123886,0.031597,0.083291,0.0,7e-06,0.0,0.0,0.0,0.135264,0.28785,0.097024,0.0,0.045164,0.026222,0.173054,0.0,0.082777,0.0,0.0,0.189244,0.0,0.08959,0.0,0.196195,0.0,0.049621,0.0,0.0,0.038991,0.0,0.0,0.0,0.105319,0.0,0.0,0.105257,0.118691,0.252954,0.314032,0.078801,0.0,0.098945,0.0,0.276083,0.355928,0.290576,0.094215,0.153832,0.0,7e-06,0.350271,0.0,0.080469,0.203193,0.052756,0.12701,0.0,0.0,0.0,0.099873,0.0,0.0,0.047325,0.372949,0.166631,0.285187,0.310512,0.038136,0.0,0.134079,0.0,0.0,0.000232,0.098072,0.0,0.124721,0.0,0.0,0.292943,0.0,0.347503,0.0,0.0,0.085913,0.0,0.049434,0.087161,0.198598,0.0,0.104744,0.08245,0.123897,0.0,0.368821,1.2e-05,0.0,0.346107,0.0,0.380425,0.142835,0.076437,0.0,0.0,0.0,0.187864,0.127991,0.0,0.0,0.0,0.0,0.0,0.042307,0.05261,0.0,0.0,0.0,0.0,0.0,0.081527,0.100722,0.0,0.321466,0.0,0.288833,0.0,0.0,0.096206,0.0,0.231252,0.0,0.157696,0.0,0.320501,0.0,0.0,0.465859,0.336701,0.118673,0.140489,0.158459,0.0,0.0,0.179177,0.0,0.13442,0.0,0.0,0.05856,0.125689,0.274238,0.0,0.0,0.0,0.0,0.3683,0.134342,0.0,0.0,0.0,0.367239,0.0,0.0,0.0,0.005607,0.0,0.117556,0.0,0.31251,0.117139,0.315971,0.097017,0.0,0.0,1.603389,0.0,0.0,0.065119,0.378569,0.08623,0.363865,0.0,0.203222,0.096408,0.029884,0.241178,0.174561,0.0,0.0,0.150476,0.0,0.0,0.039008,0.239844,0.0,0.193871,0.143229,0.01187,0.41612,0.0,0.198982,0.0,0.059801,0.42017,0.054994,0.0,0.248566,0.102609,0.0,0.0,0.0,0.0,0.107461,0.322055,0.0,0.0,0.087078,0.0,0.0,0.0,0.0,0.041935,0.27956,0.0,0.0,0.082917,0.27734,0.0,0.325588,0.455652,0.063259,0.0,0.396606,0.10508,0.0,0.0,0.0,0.0,0.333747,0.0,0.0,0.085808,0.0,0.368685,0.031261,0.113226,0.36751,0.109021,0.0,0.151425,0.0,0.0,0.0,0.0,0.108539,0.0,0.0,0.0,0.203909,0.0,0.0,0.0,0.093825,0.0,0.0,0.052704,0.282658,0.081629,0.355454,0.0,0.119707,0.0,0.0,0.110625,0.0,0.246461,0.0
TCGA-63-5128-01Z-00-DX1.7D6C6ABF-D035-4F48-811B-629A0B4AD597,0.359089,0.0,0.206273,0.0,0.0,0.278837,0.0,0.0,0.236815,0.348059,0.251826,2.4e-05,0.0,0.0,0.0,0.369692,0.0,0.16058,0.0,0.0,0.115973,0.0,0.0,0.0,0.0,0.0,0.29722,0.0,0.027392,0.305624,0.0,0.0,0.248735,0.303674,0.0,0.070464,0.089592,0.0,0.0,0.0,0.0,0.045679,0.080064,0.301112,0.0,0.225176,0.105873,0.0,0.0,0.15048,0.0,0.117528,0.174352,1.484157,1e-06,0.139617,0.280475,0.0,0.0,0.302554,0.0,0.0,0.0,0.156674,0.330215,0.108865,0.0,0.241684,0.022063,0.0,0.0,0.0,0.010881,0.258003,0.0,6e-06,0.0,0.0,0.0,0.0,0.0,0.179561,0.226528,0.0,0.0,0.35239,0.0,0.025372,0.284799,0.182314,0.341046,0.158881,0.139958,0.0,0.142304,0.0,0.0,0.0,3e-06,0.319327,0.0,0.0,0.0,0.339796,0.0,0.0,0.0,0.225585,0.294301,0.095851,0.277519,0.0,0.02376,0.0,0.059649,0.0,0.0,0.383062,0.133051,0.0,0.025075,0.0,0.321753,0.0,0.0,0.0,0.137291,0.14083,0.35256,0.0,0.105849,0.0,0.153883,0.017222,0.131856,0.0,0.0,0.005477,0.177861,0.0,0.05876,0.230749,0.130114,0.03672,0.0,0.0,0.0,0.017099,0.0,0.0,0.275505,0.0,0.014479,0.128257,0.261636,0.158416,0.20278,0.323026,0.242464,0.0,0.143177,0.173678,0.0,0.0,0.0,1.4e-05,0.0,0.0,0.0,0.13884,0.0,0.0,0.183462,0.0,0.0,0.0,0.0,0.0,0.274973,0.169487,0.0,0.0,0.0,0.0,0.0,0.233601,0.04435,0.289564,0.0,0.0,0.0,0.0,0.144448,0.0,0.12051,0.081495,0.226998,0.126927,0.084466,0.0,0.0,0.0,1.184037,0.210434,0.0,0.0,0.119121,0.711941,0.0,0.0,0.026299,0.0,0.0,0.0,0.01331,0.164141,0.0,0.204053,0.0,0.0,0.0,0.380657,0.0,0.342472,0.272908,0.0,0.0,0.0,0.0,0.0,0.133539,0.400918,0.0,0.234531,0.0,0.313881,0.358477,0.239116,0.294201,0.0,4e-05,0.0,0.0,0.0,0.353201,0.097535,0.010772,0.0,0.195676,0.157602,0.015639,0.0,0.257967,0.0,0.0,0.122903,0.0,0.259108,0.0,0.346551,0.0,0.222925,0.0,6e-06,0.153536,0.0,0.0,0.0,0.299105,1e-05,0.0,0.325667,0.342014,0.048969,0.109693,0.220477,0.0,0.29444,0.0,0.063389,0.125413,0.045181,0.297497,0.348973,0.0,1e-06,0.110711,0.0,0.25463,0.452427,0.258288,0.302371,0.0,0.0,0.0,0.315443,0.0,0.0,0.255768,0.124857,0.058297,0.095007,0.096515,0.127228,0.0,0.133048,0.0,0.0,4e-06,0.260228,0.0,0.168442,0.0,0.0,0.078725,0.0,0.126615,0.0,0.0,0.225479,0.0,0.222205,0.288929,0.051817,0.0,0.210936,0.282412,0.324419,0.0,0.137701,4.5e-05,0.0,0.107919,0.0,0.386015,0.356572,0.237886,0.0,0.0,0.0,0.019767,0.307706,0.0,0.0,0.0,0.0,0.0,0.246009,0.229137,0.0,0.0,0.0,0.0,0.0,0.292966,0.263071,0.0,0.083823,0.0,0.085013,0.0,0.0,0.267801,0.0,0.024294,0.0,0.387673,0.0,0.273048,0.0,0.0,0.381015,0.36052,0.336726,0.37397,0.037881,0.0,0.0,0.014344,0.0,0.341206,0.0,0.0,0.244635,0.349559,0.032275,0.0,0.0,0.0,0.0,0.153549,0.370101,0.0,0.0,0.0,0.135256,0.0,0.0,0.0,0.183201,0.0,0.269103,0.0,0.046555,0.02988,0.098088,0.292607,0.0,0.0,1.351674,0.0,0.0,0.243866,0.144221,0.294068,0.128407,0.0,0.014324,0.237252,0.250434,0.029098,0.025786,0.0,0.0,0.408001,0.0,0.0,0.233611,0.04866,0.0,0.013036,0.115065,0.138927,0.168373,0.0,0.01319,0.0,0.18537,0.157219,0.2429,0.0,0.052183,0.14611,0.0,0.0,0.0,0.0,0.267711,0.103504,0.0,0.0,0.189131,0.0,0.0,0.0,0.0,0.147741,0.097219,0.0,0.0,0.188984,0.07725,0.0,0.119796,0.254123,0.204705,0.0,0.245703,0.283528,0.0,0.0,0.0,0.0,0.105115,0.0,0.0,0.341574,0.0,0.092888,0.215929,0.292159,0.138606,0.291435,0.0,0.133631,0.0,0.0,0.0,0.0,0.276173,0.0,0.0,0.0,0.013024,0.0,0.0,0.0,0.31876,0.0,0.0,0.098128,0.061773,0.266209,0.131698,0.0,0.321865,0.0,0.0,0.285197,0.0,0.027566,0.0
TCGA-60-2698-01Z-00-DX1.738ae69e-5170-46d6-b691-9f761f9a794b,0.295612,0.0,0.138773,0.0,0.0,0.217679,0.0,0.0,0.246129,0.294792,0.2102,0.004003,0.0,0.0,0.0,0.316369,0.0,0.196676,0.0,0.0,0.215239,0.0,0.0,0.0,0.0,0.0,0.249331,0.0,0.11173,0.245868,0.0,0.0,0.206944,0.413708,0.0,0.127795,0.148225,0.0,0.0,0.0,0.0,0.1253,0.138554,0.24553,0.0,0.278484,0.15166,0.0,0.0,0.235873,0.0,0.167187,0.180454,1.59991,0.000115,0.226705,0.229023,0.0,0.0,0.243478,0.0,0.0,0.0,0.103994,0.282847,0.184359,0.0,0.233501,0.10939,0.0,0.0,0.0,0.068788,0.203736,0.0,0.001241,0.0,0.0,0.0,0.0,0.0,0.275372,0.171177,0.0,0.0,0.318552,0.0,0.101831,0.209728,0.131113,0.315843,0.148631,0.208546,0.0,0.230338,0.0,0.0,0.0,9e-06,0.28077,0.0,0.0,0.0,0.283355,0.0,0.0,0.0,0.283359,0.23884,0.174105,0.248127,0.0,0.081779,0.0,0.150457,0.0,0.0,0.443777,0.160026,0.0,0.096337,0.0,0.262722,0.0,0.0,0.0,0.206676,0.19306,0.291485,1e-06,0.143259,0.0,0.190965,0.103444,0.236114,0.0,0.0,0.009181,0.146484,0.0,0.130669,0.237454,0.187946,0.109091,0.0,0.0,0.0,0.075612,0.0,0.0,0.222984,0.0,0.07831,0.191722,0.220754,0.133057,0.146119,0.308108,0.191698,0.0,0.248605,0.218471,0.0,0.0,0.0,0.0035,0.0,0.0,0.0,0.238367,0.0,0.0,0.211428,0.0,0.0,0.0,0.0,0.0,0.219329,0.249727,0.0,0.0,0.0,0.0,0.0,0.181389,0.136626,0.23027,0.0,0.0,0.0,0.0,0.22943,0.0,0.204233,0.162325,0.16744,0.178445,0.155903,0.0,0.0,0.0,1.328086,0.137429,0.0,0.0,0.169192,0.838784,0.0,0.0,0.020933,0.0,0.0,0.0,0.02824,0.208281,0.0,0.322168,0.0,0.0,0.0,0.314209,0.0,0.283855,0.219683,0.0,0.0,0.0,0.0,0.0,0.225281,0.359524,0.0,0.184102,0.0,0.248304,0.297533,0.191854,0.240864,0.0,0.005648,0.0,0.0,0.0,0.302796,0.171636,0.066416,0.0,0.161735,0.119299,0.079642,1e-06,0.199048,0.0,0.0,0.184803,0.0,0.212238,0.0,0.303715,0.0,0.179161,0.0,0.001594,0.213307,0.0,0.0,0.0,0.246074,1e-06,0.0,0.269751,0.278208,0.107084,0.181695,0.263367,0.0,0.239323,0.0,0.126302,0.216117,0.144931,0.243303,0.288245,0.0,2.2e-05,0.180823,0.0,0.199132,0.40807,0.200831,0.296168,0.0,0.0,0.0,0.258177,0.0,0.0,0.196164,0.205405,0.091695,0.174302,0.162087,0.166639,0.0,0.18753,0.0,0.0,0.0,0.285934,0.0,0.225438,0.0,0.0,0.154387,0.0,0.202213,0.0,0.0,0.183329,0.0,0.176555,0.244075,0.155059,0.0,0.205169,0.236399,0.345439,0.0,0.196536,0.00503,0.0,0.201553,0.0,0.368683,0.30704,0.19297,0.0,0.0,0.0,0.092422,0.310028,0.0,0.0,0.0,0.0,0.0,0.18849,0.181945,0.0,0.0,0.0,0.0,0.0,0.233188,0.213135,0.0,0.162817,0.0,0.155913,0.0,0.0,0.271589,0.0,0.089307,0.0,0.316102,0.0,0.338038,0.0,0.0,0.378042,0.32578,0.266566,0.305524,0.114457,0.0,0.0,0.115884,0.0,0.278136,0.0,0.0,0.186477,0.292548,0.129126,0.0,0.0,0.0,0.0,0.214358,0.311953,0.0,0.0,0.0,0.209652,0.0,0.0,0.0,0.128781,0.0,0.222607,0.0,0.14583,0.119731,0.168737,0.248604,0.0,0.0,1.481428,0.0,0.0,0.200041,0.221703,0.229836,0.221856,0.0,0.08225,0.187172,0.191604,0.095792,0.077611,0.0,0.0,0.3384,0.0,0.0,0.179384,0.108462,0.0,0.094346,0.160216,0.095875,0.268904,0.0,0.074747,0.0,0.223369,0.210636,0.203027,0.0,0.151148,0.13849,0.0,0.0,0.0,0.0,0.222957,0.185769,0.0,0.0,0.215486,0.0,0.0,0.0,1e-06,0.188639,0.143254,0.0,0.0,0.245854,0.138126,0.0,0.173504,0.348788,0.165638,0.0,0.324294,0.238559,0.0,0.0,0.0,0.0,0.198704,0.0,0.0,0.375339,0.0,0.150908,0.172567,0.240609,0.214841,0.23687,0.0,0.180251,0.0,0.0,0.0,0.0,0.222115,0.0,0.0,1e-06,0.075423,0.0,0.0,0.0,0.263511,0.0,0.0,0.154054,0.13267,0.275037,0.196767,0.0,0.289529,0.0,0.0,0.228453,0.0,0.120166,0.0
TCGA-85-8664-01Z-00-DX1.d83b183e-4cc6-4608-93fb-46e69d36a2fa,0.360622,0.0,0.151156,0.0,0.0,0.253265,0.0,0.0,0.294774,0.350023,0.242716,1.4e-05,0.0,0.0,0.0,0.360381,0.0,0.072468,0.0,0.0,0.162809,0.0,0.0,0.0,0.0,0.0,0.231149,0.0,0.04879,0.276357,0.0,0.0,0.258191,0.308466,0.0,0.136482,0.13472,0.0,0.0,0.0,0.0,0.085318,0.105704,0.298144,0.0,0.11833,0.082192,0.0,0.0,0.179999,0.0,0.066646,0.110458,1.475694,0.0,0.182361,0.237315,0.0,0.0,0.278056,0.0,0.0,0.0,0.107284,0.222134,0.128418,0.0,0.114243,0.04648,0.0,0.0,0.0,0.041254,0.220649,0.0,5e-06,0.0,0.0,0.0,0.0,0.0,0.190801,0.16701,0.0,0.0,0.259779,0.0,0.062498,0.218082,0.130521,0.256918,0.17713,0.159951,0.0,0.196592,0.0,0.0,0.0,0.0,0.254374,0.0,0.0,0.0,0.319813,0.0,0.0,0.0,0.109124,0.248501,0.164394,0.200228,0.0,0.055203,0.0,0.101485,0.0,0.0,0.27402,0.111094,0.0,0.052147,0.0,0.274906,0.0,0.0,0.0,0.207057,0.07487,0.329732,0.0,0.07612,0.0,0.309754,0.053424,0.157997,0.0,0.0,0.000828,0.148586,0.0,0.083062,0.072893,0.167241,0.06588,0.0,0.0,0.0,0.048343,0.0,0.0,0.267438,0.0,0.049326,0.19419,0.178448,0.163338,0.128139,0.221572,0.203318,0.0,0.19643,0.097872,0.0,0.0,0.0,2.1e-05,0.0,0.0,0.0,0.111892,0.0,0.0,0.040187,0.0,0.0,0.0,0.0,0.0,0.251585,0.190876,0.0,0.0,0.0,0.0,0.0,0.214992,0.060975,0.248994,0.0,0.0,0.0,0.0,0.169259,0.0,0.158265,0.112507,0.167496,0.095025,0.139803,0.0,0.0,0.0,1.187662,0.145004,0.0,0.0,0.166891,0.711108,0.0,0.0,0.091696,0.0,0.0,0.0,0.002376,0.068432,0.0,0.219775,0.0,0.0,0.0,0.337633,0.0,0.301949,0.234243,0.0,0.0,0.0,0.0,0.0,0.152732,0.384621,0.0,0.197232,0.0,0.220969,0.288516,0.161569,0.218743,0.0,6.8e-05,0.0,0.0,0.0,0.340317,0.149538,0.027135,0.0,0.172081,0.134475,0.045609,0.0,0.221199,0.0,0.0,0.119843,0.0,0.240264,0.0,0.332266,0.0,0.173809,0.0,7e-06,0.071008,0.0,0.0,0.0,0.26561,0.0,0.0,0.271365,0.318755,0.074816,0.173411,0.117055,0.0,0.292011,0.0,0.091842,0.187,0.079581,0.225651,0.332858,0.0,6.2e-05,0.152294,0.0,0.229164,0.337108,0.198562,0.225278,0.0,0.0,0.0,0.28138,0.0,0.0,0.191053,0.189371,0.085486,0.116918,0.133526,0.063538,0.0,0.107743,0.0,0.0,0.0,0.157759,0.0,0.099568,0.0,0.0,0.113544,0.0,0.145339,0.0,0.0,0.200652,0.0,0.205123,0.250208,0.067019,0.0,0.117679,0.240158,0.213603,0.0,0.188756,9.3e-05,0.0,0.180044,0.0,0.326851,0.339557,0.210799,0.0,0.0,0.0,0.047971,0.252493,0.0,0.0,0.0,0.0,0.0,0.1831,0.200156,0.0,0.0,0.0,0.0,0.0,0.244604,0.265054,0.0,0.110805,0.0,0.10928,0.0,0.0,0.118325,0.0,0.054131,0.0,0.367269,0.0,0.22281,0.0,0.0,0.400895,0.316805,0.293023,0.330508,0.061238,0.0,0.0,0.054619,0.0,0.323041,0.0,0.0,0.1976,0.306942,0.06981,0.0,0.0,0.0,0.0,0.190988,0.319975,0.0,0.0,0.0,0.18451,0.0,0.0,0.0,0.124374,0.0,0.264348,0.0,0.080753,0.046167,0.11774,0.243545,0.0,0.0,1.350843,0.0,0.0,0.210359,0.21009,0.24755,0.181013,0.0,0.048048,0.170701,0.167908,0.07243,0.046019,0.0,0.0,0.377594,0.0,0.0,0.192888,0.090956,0.0,0.05157,0.096481,0.103051,0.170143,0.0,0.046693,0.0,0.108253,0.250794,0.221846,0.0,0.076826,0.123728,0.0,0.0,0.0,0.0,0.2471,0.171074,0.0,0.0,0.162589,0.0,0.0,0.0,0.0,0.053527,0.149183,0.0,0.0,0.076416,0.10739,0.0,0.177495,0.282589,0.210016,0.0,0.247649,0.278459,0.0,0.0,0.0,0.0,0.142376,0.0,0.0,0.161055,0.0,0.188058,0.175121,0.282404,0.18253,0.245616,0.0,0.157044,0.0,0.0,2e-06,0.0,0.27841,0.0,0.0,0.0,0.044038,0.0,0.0,0.0,0.286597,0.0,0.0,0.095654,0.100391,0.183004,0.189002,0.0,0.291754,0.0,0.0,0.275698,0.0,0.063547,0.0
TCGA-70-6722-01Z-00-DX1.2f8498bb-bbd9-4eae-bb9e-6fe939ca0551,0.203967,0.0,0.061592,0.0,0.0,0.160658,0.0,0.0,0.327356,0.201077,0.133276,3e-06,0.0,0.0,0.0,0.192084,0.0,0.127929,0.0,0.0,0.296302,0.0,0.0,0.0,0.0,0.0,0.152196,0.0,0.165258,0.153816,0.0,0.0,0.126958,0.521807,0.0,0.193235,0.235588,0.0,0.0,0.0,0.0,0.203098,0.23498,0.147398,0.0,0.246626,0.119898,0.0,0.0,0.302826,0.0,0.105124,0.133734,1.616712,0.0,0.338795,0.134023,0.0,0.0,0.164638,0.0,9e-06,0.0,0.030572,0.181115,0.248699,0.0,0.103066,0.146545,0.0,0.0,0.0,0.114354,0.099199,0.0,1e-05,0.0,0.0,0.0,0.0,0.0,0.34759,0.092264,0.0,0.0,0.241136,0.0,0.192364,0.125579,0.05735,0.188721,0.129491,0.289559,0.0,0.329421,0.0,0.0,0.0,0.0,0.174456,0.0,0.0,0.0,0.180188,0.0,0.0,0.0,0.214171,0.133158,0.248155,0.148107,0.0,0.157476,0.0,0.222001,0.0,0.0,0.428664,0.157333,0.0,0.168536,0.0,0.210378,0.0,0.0,0.0,0.29363,0.136113,0.17965,0.0,0.083528,0.0,0.338467,0.161181,0.335475,0.0,0.0,0.000715,0.10816,0.0,0.207952,0.17212,0.245646,0.191063,0.0,0.0,0.0,0.157113,0.0,0.0,0.13491,0.0,0.15763,0.281343,0.098829,0.064549,0.059837,0.187393,0.099755,0.0,0.359051,0.145875,0.0,0.0,0.0,3e-06,0.0,0.0,0.0,0.284238,0.0,0.0,0.089174,0.0,0.0,0.0,0.0,0.0,0.122773,0.343484,0.0,0.0,0.0,0.0,0.0,0.105831,0.203329,0.142443,0.0,0.0,0.0,0.0,0.302861,0.0,0.278588,0.24659,0.09263,0.139714,0.243304,0.0,0.0,0.0,1.472897,0.052851,0.0,0.0,0.243228,0.983609,0.0,0.0,0.084032,0.0,0.0,0.0,0.002837,0.157418,0.0,0.414104,0.0,0.0,0.0,0.189337,0.0,0.162023,0.11315,0.0,0.0,0.0,0.0,0.0,0.264827,0.21599,0.0,0.087743,0.0,0.150649,0.188627,0.081054,0.128581,0.0,2.1e-05,0.0,0.0,0.0,0.193111,0.236435,0.086957,0.0,0.08114,0.059093,0.143059,0.0,0.109923,0.0,0.0,0.211286,0.0,0.136468,0.0,0.215504,0.0,0.096188,0.0,1e-06,0.106724,0.0,0.0,0.0,0.135467,0.0,0.0,0.154398,0.177143,0.193902,0.240592,0.161911,0.0,0.136988,0.0,0.221564,0.284215,0.223164,0.165903,0.177804,0.0,1.4e-05,0.278067,0.0,0.116933,0.305282,0.098549,0.233977,0.0,0.0,0.0,0.167281,0.0,0.0,0.110319,0.289591,0.114904,0.235211,0.252674,0.11091,0.0,0.173984,0.0,0.0,0.0,0.201336,0.0,0.20801,0.0,0.0,0.237731,0.0,0.28443,0.0,0.0,0.120483,0.0,0.08987,0.137536,0.20455,0.0,0.127912,0.126855,0.239923,0.0,0.278972,3.4e-05,0.0,0.277817,0.0,0.356264,0.187278,0.123273,0.0,0.0,0.0,0.144609,0.197051,0.0,0.0,0.0,0.0,0.0,0.085188,0.094989,0.0,0.0,0.0,0.0,0.0,0.140108,0.142737,0.0,0.266073,0.0,0.237918,0.0,0.0,0.189945,0.0,0.1817,0.0,0.206561,0.0,0.372158,0.0,0.0,0.400376,0.283479,0.178751,0.181751,0.190651,0.0,0.0,0.176125,0.0,0.179546,0.0,0.0,0.118313,0.180771,0.208121,0.0,0.0,0.0,0.0,0.302873,0.196948,0.0,0.0,0.0,0.288647,0.0,0.0,0.0,0.042324,0.0,0.148633,0.0,0.243403,0.154558,0.244846,0.145287,0.0,0.0,1.598566,0.0,0.0,0.106424,0.314196,0.131093,0.31532,0.0,0.165741,0.110497,0.090487,0.172563,0.112368,0.0,0.0,0.207293,0.0,0.0,0.100224,0.174493,0.0,0.148343,0.12365,0.082316,0.391196,0.0,0.165883,0.0,0.144185,0.320163,0.103825,0.0,0.236396,0.114238,0.0,0.0,0.0,0.0,0.114088,0.256658,0.0,0.0,0.177382,0.0,0.0,0.0,0.0,0.139214,0.20332,0.0,0.0,0.161132,0.225785,0.0,0.245706,0.42999,0.099377,0.0,0.405039,0.146385,0.0,0.0,0.0,0.0,0.269758,0.0,0.0,0.219737,0.0,0.275149,0.085031,0.135826,0.285966,0.15093,0.0,0.177686,0.0,0.0,0.0,0.0,0.125015,0.0,0.0,0.0,0.153899,0.0,0.0,0.0,0.154334,0.0,0.0,0.108075,0.223111,0.166182,0.279006,0.0,0.198526,0.0,0.0,0.145918,0.0,0.188893,0.0
TCGA-56-8622-01Z-00-DX1.62B552C4-5CBE-4469-8DBB-E27497FF95F4,0.209917,0.0,0.050332,0.0,0.0,0.153429,0.0,0.0,0.343351,0.194163,0.111615,1.4e-05,0.0,0.0,0.0,0.19718,0.0,0.149115,0.0,0.0,0.315794,0.0,0.0,0.0,0.0,0.0,0.145221,0.0,0.196333,0.150107,0.0,0.0,0.130712,0.533637,0.0,0.204686,0.25193,0.0,1e-06,0.0,0.0,0.220248,0.251242,0.141432,0.0,0.269549,0.133247,0.0,0.0,0.328018,0.0,0.114264,0.129056,1.670443,0.0,0.350264,0.133228,0.0,0.0,0.165875,0.0,3e-06,0.0,0.019661,0.197999,0.255385,0.0,0.129855,0.173626,0.0,0.0,0.0,0.131185,0.090628,0.0,1.2e-05,0.0,0.0,0.0,0.0,0.0,0.364531,0.085545,0.0,0.0,0.241152,0.0,0.209038,0.120581,0.046723,0.192141,0.133988,0.306673,0.0,0.342516,0.0,0.0,0.0,0.0,0.177669,0.0,0.0,0.0,0.177554,0.0,0.0,0.0,0.229469,0.137298,0.267787,0.159687,0.0,0.169723,0.0,0.245211,0.0,0.0,0.449283,0.136696,0.0,0.190565,0.0,0.220033,0.0,0.0,0.0,0.320154,0.157708,0.169809,0.0,0.083995,0.0,0.324668,0.184764,0.34203,0.0,0.0,0.001951,0.104297,0.0,0.224871,0.165381,0.266484,0.201801,0.0,0.0,0.0,0.177103,0.0,0.0,0.134534,0.0,0.17292,0.300285,0.106435,0.054693,0.048907,0.201292,0.108974,0.0,0.381447,0.141009,0.0,0.0,0.0,2.1e-05,0.0,0.0,0.0,0.309056,0.0,0.0,0.111304,0.0,0.0,0.0,0.0,0.0,0.121419,0.351712,0.0,0.0,0.0,0.0,0.0,0.092409,0.236507,0.150917,0.0,0.0,0.0,0.0,0.334373,0.0,0.295033,0.271324,0.101555,0.155313,0.25797,0.0,0.0,0.0,1.49584,0.043536,0.0,0.0,0.263782,0.996212,0.0,0.0,0.081494,0.0,0.0,0.0,0.003635,0.163733,0.0,0.424244,0.0,0.0,0.0,0.197617,0.0,0.168435,0.117306,0.0,0.0,0.0,0.0,0.0,0.277519,0.212508,0.0,0.068718,0.0,0.147342,0.182577,0.075121,0.132654,0.0,7.4e-05,0.0,0.0,0.0,0.175995,0.249828,0.099758,0.0,0.082501,0.054921,0.158552,0.0,0.113554,0.0,0.0,0.224676,0.0,0.128954,0.0,0.234536,0.0,0.089276,0.0,6e-06,0.136895,0.0,0.0,0.0,0.139059,0.0,0.0,0.157288,0.173946,0.204295,0.253032,0.181131,0.0,0.129114,0.0,0.232677,0.312317,0.256965,0.161981,0.18143,0.0,1.3e-05,0.291487,0.0,0.103712,0.305818,0.090611,0.226099,0.0,0.0,0.0,0.143046,0.0,0.0,0.100606,0.310941,0.129894,0.247322,0.263242,0.122635,0.0,0.186101,0.0,0.0,1.8e-05,0.212034,0.0,0.213721,0.0,0.0,0.256645,0.0,0.311932,0.0,0.0,0.114753,0.0,0.08982,0.130308,0.242863,0.0,0.138,0.114867,0.251938,0.0,0.295265,9.4e-05,0.0,0.28846,0.0,0.377107,0.191811,0.123293,0.0,0.0,0.0,0.176905,0.210979,0.0,0.0,0.0,0.0,0.0,0.072536,0.09511,0.0,0.0,0.0,0.0,0.0,0.139408,0.141768,0.0,0.288247,0.0,0.250249,0.0,0.0,0.194849,0.0,0.200224,0.0,0.189214,0.0,0.401751,0.0,0.0,0.393585,0.29547,0.16065,0.193395,0.213571,0.0,0.0,0.217555,0.0,0.180776,0.0,0.0,0.108249,0.179889,0.218649,0.0,0.0,0.0,0.0,0.306994,0.204842,0.0,0.0,0.0,0.297993,0.0,0.0,0.0,0.032257,0.0,0.141098,0.0,0.27453,0.190314,0.269011,0.143013,0.0,0.0,1.62207,0.0,0.0,0.113887,0.333786,0.12872,0.324146,0.0,0.178824,0.104752,0.085066,0.191974,0.123879,0.0,0.0,0.206122,0.0,0.0,0.087843,0.187679,0.0,0.175767,0.136338,0.041667,0.400976,0.0,0.177279,0.0,0.154826,0.326348,0.095935,0.0,0.242075,0.108093,0.0,0.0,0.0,0.0,0.117949,0.276844,0.0,0.0,0.176056,0.0,0.0,0.0,0.0,0.137891,0.217253,0.0,0.0,0.186582,0.238775,0.0,0.274807,0.457894,0.095519,0.0,0.413818,0.137231,0.0,0.0,0.0,0.0,0.283267,0.0,0.0,0.242204,0.0,0.284959,0.071248,0.147524,0.303818,0.14475,0.0,0.177369,0.0,0.0,0.0,0.0,0.134548,0.0,0.0,0.0,0.164789,0.0,0.0,0.0,0.141015,0.0,0.0,0.105979,0.231737,0.183193,0.297878,0.0,0.192126,0.0,0.0,0.137898,0.0,0.221919,0.0
TCGA-46-3766-01Z-00-DX1.5870b2ed-78f0-4f68-b01e-2ef6d5353b57,0.261366,0.0,0.052844,0.0,0.0,0.17552,0.0,0.0,0.335313,0.249982,0.149114,1.2e-05,0.0,0.0,0.0,0.255071,0.0,0.114863,0.0,0.0,0.28136,0.0,0.0,0.0,0.0,0.0,0.150975,0.0,0.099262,0.184363,0.0,0.0,0.166696,0.448468,0.0,0.20979,0.222929,0.0,0.0,0.0,0.0,0.182395,0.203532,0.194326,0.0,0.184181,0.116711,0.0,0.0,0.292376,0.0,0.095297,0.10051,1.631131,0.0,0.309383,0.155121,0.0,0.0,0.200223,0.0,1e-06,0.0,0.019334,0.158097,0.227838,0.0,0.097776,0.09815,0.0,0.0,0.0,0.084768,0.122508,0.0,9e-06,0.0,0.0,0.0,0.0,0.0,0.31406,0.096272,0.0,0.0,0.216525,0.0,0.144648,0.136214,0.059905,0.192503,0.159459,0.262813,0.0,0.309874,0.0,0.0,0.0,0.0,0.189964,0.0,0.0,0.0,0.222825,0.0,0.0,0.0,0.156837,0.147116,0.270437,0.139009,0.0,0.132272,0.0,0.208706,0.0,0.0,0.355988,0.127806,0.0,0.12696,0.0,0.221136,0.0,0.0,0.0,0.310376,0.106105,0.224777,0.0,0.077347,0.0,0.357929,0.110947,0.281435,0.0,0.0,0.000493,0.093972,0.0,0.173399,0.097087,0.270498,0.151034,0.0,0.0,0.0,0.110502,0.0,0.0,0.176663,0.0,0.11873,0.289703,0.114326,0.083952,0.038491,0.174335,0.132217,0.0,0.320745,0.116877,0.0,0.0,0.0,1.5e-05,0.0,0.0,0.0,0.212122,0.0,0.0,0.044526,0.0,0.0,0.0,0.0,0.0,0.160797,0.30836,0.0,0.0,0.0,0.0,0.0,0.133266,0.136659,0.170231,0.0,0.0,0.0,0.0,0.294894,0.0,0.263064,0.218899,0.100605,0.134237,0.230387,0.0,0.0,0.0,1.403143,0.045832,0.0,0.0,0.252544,0.895457,0.0,0.0,0.093991,0.0,0.0,0.0,0.001002,0.104284,0.0,0.349139,0.0,0.0,0.0,0.241675,0.0,0.215821,0.14575,0.0,0.0,0.0,0.0,0.0,0.243441,0.271658,0.0,0.106594,0.0,0.129908,0.201311,0.079759,0.146396,0.0,5.5e-05,0.0,0.0,0.0,0.229732,0.237906,0.049942,0.0,0.101961,0.064539,0.100236,0.0,0.145713,0.0,0.0,0.206491,0.0,0.161346,0.0,0.279756,0.0,0.104581,0.0,5e-06,0.099399,0.0,0.0,0.0,0.170882,0.0,0.0,0.187271,0.211447,0.167786,0.255746,0.141385,0.0,0.183472,0.0,0.195023,0.288949,0.182537,0.156637,0.246172,0.0,1.5e-05,0.263193,0.0,0.140308,0.281562,0.114995,0.211459,0.0,0.0,0.0,0.184362,0.0,0.0,0.107959,0.296184,0.135081,0.208634,0.228141,0.092504,0.0,0.168286,0.0,0.0,3e-06,0.180592,0.0,0.171955,0.0,0.0,0.217519,0.0,0.257398,0.0,0.0,0.140869,0.0,0.118995,0.165259,0.150786,0.0,0.123265,0.147431,0.205182,0.0,0.285001,7.3e-05,0.0,0.274148,0.0,0.342703,0.231088,0.140638,0.0,0.0,0.0,0.107193,0.216604,0.0,0.0,0.0,0.0,0.0,0.088098,0.119186,0.0,0.0,0.0,0.0,0.0,0.159413,0.175905,0.0,0.231557,0.0,0.209466,0.0,0.0,0.129327,0.0,0.129411,0.0,0.252021,0.0,0.329636,0.0,0.0,0.383148,0.275304,0.195752,0.227096,0.128234,0.0,0.0,0.098963,0.0,0.220514,0.0,0.0,0.113523,0.207315,0.159153,0.0,0.0,0.0,0.0,0.287462,0.225464,0.0,0.0,0.0,0.283235,0.0,0.0,0.0,0.037554,0.0,0.184125,0.0,0.192719,0.096019,0.224614,0.163377,0.0,0.0,1.544448,0.0,0.0,0.127994,0.318146,0.153271,0.296014,0.0,0.107681,0.092657,0.087225,0.156696,0.102539,0.0,0.0,0.258868,0.0,0.0,0.095519,0.160475,0.0,0.102049,0.142986,0.033263,0.309849,0.0,0.108324,0.0,0.131692,0.332189,0.128937,0.0,0.167906,0.114918,0.0,0.0,0.0,0.0,0.160535,0.263244,0.0,0.0,0.168174,0.0,0.0,0.0,0.0,0.086019,0.213157,0.0,0.0,0.114176,0.198631,0.0,0.259653,0.411314,0.127572,0.0,0.358157,0.185881,0.0,0.0,0.0,0.0,0.248068,0.0,0.0,0.163327,0.0,0.277255,0.084196,0.190082,0.287436,0.16881,0.0,0.194059,0.0,0.0,0.0,0.0,0.186452,0.0,0.0,0.0,0.10219,0.0,0.0,0.0,0.178196,0.0,0.0,0.105874,0.19058,0.150846,0.277319,0.0,0.226505,0.0,0.0,0.184194,0.0,0.149412,0.0
TCGA-39-5034-01Z-00-DX1.fb4191aa-07dc-4615-ac71-b9e4c67ed28b,0.412978,0.0,0.173853,0.0,0.0,0.291399,0.0,0.0,0.226524,0.414987,0.288324,0.0,0.0,0.0,0.0,0.429733,0.0,0.173945,0.0,0.0,0.139593,0.0,0.0,0.0,0.0,0.0,0.307446,0.0,0.042468,0.33666,0.0,0.0,0.294468,0.266997,0.0,0.085739,0.096455,0.0,5e-06,0.0,0.0,0.057528,0.076653,0.342333,0.0,0.220471,0.113474,0.0,0.0,0.155732,0.0,0.132937,0.169538,1.557541,0.0,0.141667,0.296922,0.0,0.0,0.334188,0.0,0.0,0.0,0.127789,0.307767,0.115518,0.0,0.247768,0.043719,0.0,0.0,0.0,0.034029,0.26966,0.0,1e-06,0.0,0.0,0.0,0.0,0.0,0.192115,0.221352,0.0,0.0,0.362985,0.0,0.044973,0.27769,0.191713,0.36934,0.19989,0.127129,0.0,0.142224,0.0,0.0,0.0,0.0,0.330673,0.0,0.0,0.0,0.395753,0.0,0.0,0.0,0.236395,0.303833,0.149484,0.259623,0.0,0.03808,0.0,0.06862,0.0,0.0,0.33843,0.113849,0.0,0.040089,0.0,0.298088,0.0,0.0,0.0,0.181224,0.14486,0.403842,0.0,0.141016,0.0,0.160088,0.046493,0.112075,0.0,0.0,0.001221,0.152129,0.0,0.062938,0.182172,0.1729,0.048103,0.0,0.0,0.0,0.03427,0.0,0.0,0.32674,1e-06,0.034213,0.162462,0.285045,0.178314,0.167417,0.351175,0.26753,0.0,0.126271,0.178233,0.0,0.0,0.0,4e-06,0.0,0.0,0.0,0.095862,0.0,0.0,0.164811,0.0,0.0,0.0,0.0,0.0,0.320121,0.165368,0.0,0.0,0.0,0.0,0.0,0.255477,0.048208,0.295476,0.0,0.0,0.0,0.0,0.167855,0.0,0.129297,0.083024,0.217103,0.156711,0.095653,0.0,0.0,0.0,1.157997,0.166576,0.0,0.0,0.130522,0.656369,0.0,0.0,0.03894,0.0,0.0,0.0,0.002531,0.111153,0.0,0.149298,0.0,0.0,0.0,0.415277,0.0,0.390438,0.282972,0.0,0.0,0.0,0.0,0.0,0.148255,0.466557,0.0,0.237345,0.0,0.29249,0.36332,0.223845,0.300362,0.0,1e-05,0.0,0.0,0.0,0.41633,0.120914,0.029265,0.0,0.200565,0.168727,0.036958,0.0,0.268585,0.0,0.0,0.143263,0.0,0.287951,0.0,0.434732,0.0,0.233195,0.0,0.0,0.16721,0.0,0.0,0.0,0.330901,0.0,0.0,0.354481,0.356426,0.053157,0.134552,0.235885,0.0,0.330869,0.0,0.06484,0.15696,0.061539,0.281996,0.411606,0.0,2.2e-05,0.133168,0.0,0.260733,0.437765,0.240274,0.295574,0.0,0.0,0.0,0.331356,0.0,0.0,0.230015,0.149318,0.088105,0.084262,0.094005,0.122489,0.0,0.149796,0.0,0.0,0.0,0.261237,0.0,0.150038,0.0,0.0,0.079745,0.0,0.119539,0.0,0.0,0.256847,0.0,0.237063,0.309077,0.065148,0.0,0.213405,0.295591,0.321671,0.0,0.181312,1e-05,0.0,0.117863,0.0,0.37341,0.40916,0.256347,0.0,0.0,0.0,0.040507,0.358433,0.0,0.0,0.0,0.0,0.0,0.231547,0.248811,0.0,0.0,0.0,0.0,0.0,0.307891,0.297424,0.0,0.083661,0.0,0.084941,0.0,0.0,0.237748,0.0,0.038515,0.0,0.421328,0.0,0.251796,0.0,0.0,0.355454,0.331913,0.350716,0.427978,0.044072,0.0,0.0,0.05118,0.0,0.37549,0.0,0.0,0.236296,0.38339,0.052167,0.0,0.0,0.0,0.0,0.166876,0.400345,1e-05,0.0,0.0,0.145166,0.0,0.0,0.0,0.15875,0.0,0.309104,0.0,0.05859,0.043721,0.091834,0.309092,0.0,0.0,1.358564,0.0,0.0,0.248996,0.164202,0.298019,0.121831,0.0,0.037166,0.184072,0.227234,0.045585,0.042822,0.0,0.0,0.446508,0.0,0.0,0.218661,0.056703,0.0,0.045045,0.156319,0.047994,0.115011,0.0,0.034797,0.0,0.202378,0.169787,0.269969,0.0,0.056771,0.144589,0.0,0.0,0.0,0.0,0.304984,0.138655,0.0,0.0,0.169761,0.0,0.0,0.0,0.0,0.129713,0.109905,0.0,0.0,0.193619,0.069358,0.0,0.138528,0.273065,0.23343,0.0,0.249844,0.328203,0.0,0.0,0.0,0.0,0.11829,0.0,0.0,0.333624,0.0,0.109638,0.204041,0.342334,0.160579,0.297859,0.0,0.148211,0.0,0.0,0.0,0.0,0.324545,0.0,0.0,0.0,0.033677,0.0,0.0,0.0,0.342178,0.0,0.0,0.111889,0.068005,0.283728,0.15037,0.0,0.363084,0.0,0.0,0.323656,0.0,0.051853,0.0
TCGA-22-5489-01Z-00-DX1.0518AF53-5642-40FB-A631-4C50D7707C8F,0.322811,0.0,0.104402,0.0,0.0,0.216292,0.0,0.0,0.27567,0.312894,0.205752,5e-05,0.0,0.0,0.0,0.29421,0.0,0.094676,0.0,0.0,0.185643,0.0,0.0,0.0,0.0,0.0,0.208649,0.0,0.03911,0.211143,0.0,0.0,0.209497,0.364688,0.0,0.138451,0.14665,0.0,0.0,0.0,0.0,0.094731,0.116835,0.25103,0.0,0.123502,0.100773,0.0,0.0,0.19198,0.0,0.099134,0.127326,1.473527,0.0,0.213174,0.191933,0.0,0.0,0.239887,0.0,0.0,0.0,0.057637,0.192421,0.144062,0.0,0.109537,0.029428,0.0,0.0,0.0,0.023511,0.172931,0.0,4e-06,0.0,0.0,0.0,0.0,0.0,0.223817,0.142618,0.0,0.0,0.252811,0.0,0.062794,0.16723,0.092866,0.242346,0.16276,0.200529,0.0,0.214286,0.0,0.0,0.0,0.0,0.227291,0.0,0.0,0.0,0.262971,0.0,0.0,0.0,0.11006,0.19224,0.183946,0.180649,0.0,0.058004,0.0,0.108764,0.0,0.0,0.268063,0.138652,0.0,0.052035,0.0,0.211548,0.0,0.0,0.0,0.220851,0.056894,0.269072,0.0,0.092874,0.0,0.270529,0.033152,0.17802,0.0,0.0,0.000866,0.100033,0.0,0.083931,0.103872,0.18763,0.072305,0.0,0.0,0.0,0.04217,0.0,0.0,0.231939,0.0,0.044067,0.20802,0.147911,0.116508,0.091367,0.208346,0.167913,0.0,0.225876,0.119708,0.0,0.0,0.0,4.1e-05,0.0,0.0,0.0,0.128179,0.0,0.0,0.042462,0.0,0.0,0.0,0.0,0.0,0.203312,0.230237,0.0,0.0,0.0,0.0,0.0,0.180374,0.066411,0.203466,0.0,0.0,0.0,0.0,0.199986,0.0,0.176756,0.126454,0.146478,0.114808,0.144922,0.0,0.0,0.0,1.241773,0.095299,0.0,0.0,0.184109,0.771303,0.0,0.0,0.081979,0.0,0.0,0.0,0.001166,0.10294,0.0,0.252897,0.0,0.0,0.0,0.274873,0.0,0.255685,0.181931,0.0,0.0,0.0,0.0,0.0,0.193475,0.322625,0.0,0.152117,0.0,0.185377,0.244411,0.136877,0.19369,0.0,7.7e-05,0.0,0.0,0.0,0.27961,0.158184,0.011684,0.0,0.141014,0.108302,0.038116,0.0,0.184799,0.0,0.0,0.15954,0.0,0.21768,0.0,0.325991,0.0,0.151507,0.0,1.1e-05,0.08867,0.0,0.0,0.0,0.202367,0.0,0.0,0.225969,0.256373,0.089332,0.170837,0.125029,0.0,0.234277,0.0,0.130055,0.191521,0.076547,0.193693,0.278716,0.0,2e-06,0.186738,0.0,0.182094,0.320169,0.159211,0.239028,0.0,0.0,0.0,0.238799,0.0,0.0,0.157724,0.211289,0.080262,0.133023,0.155614,0.086327,0.0,0.131666,0.0,0.0,0.0,0.186079,0.0,0.141591,0.0,0.0,0.13553,0.0,0.168097,0.0,0.0,0.174235,0.0,0.163496,0.21323,0.062773,0.0,0.130794,0.192992,0.230705,0.0,0.207174,7.5e-05,0.0,0.200509,0.0,0.305251,0.273405,0.186669,0.0,0.0,0.0,0.03542,0.24475,0.0,0.0,0.0,0.0,0.0,0.148228,0.172094,0.0,0.0,0.0,0.0,0.0,0.204532,0.218066,0.0,0.137463,0.0,0.141551,0.0,0.0,0.152318,0.0,0.048251,0.0,0.302694,0.0,0.267891,0.0,0.0,0.32952,0.252451,0.248711,0.278682,0.065408,0.0,0.0,0.027024,0.0,0.26378,0.0,0.0,0.168165,0.253083,0.074583,0.0,0.0,0.0,0.0,0.195575,0.268395,0.0,0.0,0.0,0.204122,0.0,0.0,0.0,0.065773,0.0,0.218606,0.0,0.094246,0.036234,0.14167,0.208068,0.0,0.0,1.388332,0.0,0.0,0.162825,0.228788,0.202402,0.198285,0.0,0.037115,0.122773,0.131376,0.086682,0.048596,0.0,0.0,0.313403,0.0,0.0,0.139867,0.095703,0.0,0.02829,0.099184,0.096072,0.217141,0.0,0.037654,0.0,0.115499,0.249145,0.170859,0.0,0.095502,0.111727,0.0,0.0,0.0,0.0,0.203878,0.188978,0.0,0.0,0.200971,0.0,0.0,0.0,0.0,0.065342,0.162517,0.0,0.0,0.085722,0.121249,0.0,0.168679,0.321019,0.16917,0.0,0.294301,0.227414,0.0,0.0,0.0,0.0,0.160645,0.0,0.0,0.168327,0.0,0.191508,0.133163,0.231929,0.201876,0.226003,0.0,0.18379,0.0,0.0,0.0,0.0,0.226977,0.0,0.0,0.0,0.03851,0.0,0.0,0.0,0.235779,0.0,0.0,0.12028,0.114462,0.172118,0.181862,0.0,0.261564,0.0,0.0,0.230715,0.0,0.051786,0.0
TCGA-18-3411-01Z-00-DX1.D9228674-5B13-44CB-A7AE-C64FD97A3BBB,0.351373,0.0,0.132807,0.0,0.0,0.25506,0.0,0.0,0.306495,0.326179,0.208646,5e-05,0.0,0.0,0.0,0.329138,0.0,0.085491,0.0,0.0,0.205048,0.0,0.0,0.0,0.0,0.0,0.232002,0.0,0.049361,0.261703,0.0,0.0,0.231417,0.366261,0.0,0.14085,0.148257,0.0,0.0,0.0,0.0,0.090262,0.119193,0.258412,0.0,0.1366,0.089303,0.0,0.0,0.216218,0.0,0.074682,0.11832,1.54018,0.0,0.206679,0.216608,0.0,0.0,0.258443,0.0,0.0,0.0,0.095819,0.244064,0.143922,0.0,0.131638,0.037106,0.0,0.0,0.0,0.028845,0.196734,0.0,4e-06,0.0,0.0,0.0,0.0,0.0,0.219599,0.180006,0.0,0.0,0.282236,0.0,0.066449,0.193481,0.112359,0.274795,0.175661,0.185206,0.0,0.20183,0.0,0.0,0.0,0.0,0.267992,0.0,0.0,0.0,0.303255,0.0,0.0,0.0,0.129007,0.253594,0.188985,0.215302,0.0,0.063776,0.0,0.121334,0.0,0.0,0.279379,0.124895,0.0,0.056418,0.0,0.261663,0.0,0.0,0.0,0.225684,0.051131,0.302678,0.0,0.083846,0.0,0.277163,0.038007,0.191537,0.0,0.0,0.004756,0.170535,0.0,0.101318,0.106154,0.185893,0.086411,0.0,0.0,0.0,0.055525,0.0,0.0,0.241172,0.0,0.048416,0.211928,0.198719,0.136558,0.131769,0.231925,0.213077,0.0,0.234276,0.102192,0.0,0.0,0.0,6.4e-05,0.0,0.0,0.0,0.139899,0.0,0.0,0.063467,0.0,0.0,0.0,0.0,0.0,0.221289,0.206362,0.0,0.0,0.0,0.0,0.0,0.172735,0.075193,0.248078,0.0,0.0,0.0,0.0,0.214855,0.0,0.183224,0.140137,0.172576,0.096415,0.164302,0.0,0.0,0.0,1.278565,0.121632,0.0,0.0,0.17536,0.777616,0.0,0.0,0.109261,0.0,0.0,0.0,0.010993,0.091267,0.0,0.253486,0.0,0.0,0.0,0.314736,0.0,0.29495,0.212835,0.0,0.0,0.0,0.0,0.0,0.16213,0.361357,0.0,0.167683,0.0,0.218974,0.278061,0.171586,0.21962,0.0,0.000112,0.0,0.0,0.0,0.310389,0.146667,0.019148,0.0,0.168153,0.133249,0.038076,0.0,0.201552,0.0,0.0,0.13329,0.0,0.21822,0.0,0.350837,0.0,0.168037,0.0,1.5e-05,0.090643,0.0,0.0,0.0,0.237795,0.0,0.0,0.264328,0.300948,0.089874,0.154227,0.121368,0.0,0.238001,0.0,0.120087,0.204076,0.096945,0.226474,0.308583,0.0,1.3e-05,0.185698,0.0,0.214608,0.355009,0.17368,0.214338,0.0,0.0,0.0,0.259264,0.0,0.0,0.187314,0.210274,0.088192,0.138689,0.150944,0.078917,0.0,0.100369,0.0,0.0,9e-06,0.165119,0.0,0.110884,0.0,0.0,0.123932,0.0,0.181444,0.0,0.0,0.19727,0.0,0.176472,0.226288,0.081697,0.0,0.124008,0.2285,0.252342,0.0,0.207806,0.00012,0.0,0.176178,0.0,0.34164,0.311682,0.217373,0.0,0.0,0.0,0.041071,0.277053,0.0,0.0,0.0,0.0,0.0,0.162874,0.185216,0.0,0.0,0.0,0.0,0.0,0.222802,0.230837,0.0,0.15496,0.0,0.145386,0.0,0.0,0.15448,0.0,0.056672,0.0,0.313588,0.0,0.271228,0.0,0.0,0.387938,0.336762,0.278229,0.317527,0.062798,0.0,0.0,0.036147,0.0,0.306594,0.0,0.0,0.195469,0.290405,0.077384,0.0,0.0,0.0,0.0,0.188121,0.317507,0.0,0.0,0.0,0.200714,0.0,0.0,0.0,0.096574,0.0,0.253485,0.0,0.101686,0.048827,0.150379,0.241942,0.0,0.0,1.428562,0.0,0.0,0.210916,0.226627,0.219127,0.189417,0.0,0.048013,0.164293,0.162746,0.084843,0.050349,0.0,0.0,0.34978,0.0,0.0,0.159949,0.112117,0.0,0.032662,0.09912,0.091563,0.2096,0.0,0.044423,0.0,0.111535,0.249818,0.196793,0.0,0.0874,0.115529,0.0,0.0,0.0,0.0,0.232655,0.199534,0.0,0.0,0.188832,0.0,0.0,0.0,9e-06,0.056901,0.173439,0.0,0.0,0.0972,0.123285,0.0,0.179278,0.321584,0.201862,0.0,0.280371,0.236081,0.0,0.0,0.0,0.0,0.173502,0.0,0.0,0.18708,0.0,0.200337,0.163111,0.265033,0.203778,0.241997,0.0,0.14504,0.0,0.0,0.0,0.0,0.247412,0.0,0.0,0.0,0.050386,0.0,0.0,0.0,0.268413,0.0,0.0,0.088824,0.131394,0.202884,0.193512,0.0,0.267796,0.0,0.0,0.243325,0.0,0.068794,0.0
TCGA-33-AASI-01Z-00-DX1.71BC119D-9916-4214-9294-26301F2E430F,0.271587,0.0,0.032773,0.0,0.0,0.163262,0.0,0.0,0.34038,0.269831,0.142801,0.000484,0.0,0.0,0.0,0.256597,0.0,0.12285,0.0,0.0,0.277394,0.0,0.0,0.0,0.0,0.0,0.144503,0.0,0.089095,0.171136,0.0,0.0,0.16583,0.451675,0.0,0.21718,0.23486,0.0,0.0,0.0,0.0,0.178618,0.205261,0.201045,0.0,0.164567,0.142498,0.0,0.0,0.299184,0.0,0.111554,0.12696,1.63471,0.0,0.315096,0.145099,0.0,0.0,0.196114,0.0,0.0,0.0,0.013763,0.11775,0.231733,0.0,0.078304,0.084212,0.0,0.0,0.0,0.086534,0.120895,0.0,4.7e-05,0.0,0.0,0.0,0.0,0.0,0.324393,0.084866,0.0,0.0,0.198113,0.0,0.141939,0.108365,0.048631,0.196435,0.169544,0.293967,0.0,0.310072,0.0,0.0,0.0,0.0,0.163553,0.0,0.0,2e-06,0.220321,0.0,0.0,0.0,0.129118,0.136648,0.286069,0.119989,0.0,0.132568,0.0,0.201225,0.0,0.0,0.291747,0.149778,0.0,0.117594,0.0,0.159009,0.0,0.0,0.0,0.326054,0.073379,0.228866,0.0,0.118693,0.0,0.389679,0.100964,0.279914,0.0,0.0,0.000596,0.05913,0.0,0.174423,0.092513,0.292264,0.149225,0.0,0.0,0.0,0.114274,0.0,0.0,0.18346,0.0,0.11032,0.306859,0.090929,0.073153,0.021298,0.153177,0.11957,0.0,0.321558,0.127614,0.0,0.0,0.0,0.000399,0.0,0.0,0.0,0.189761,0.0,0.0,0.038972,0.0,0.0,0.0,0.0,0.0,0.156777,0.314721,0.0,0.0,0.0,0.0,0.0,0.119175,0.122231,0.146734,0.0,0.0,0.0,0.0,0.297246,0.0,0.277652,0.21578,0.083097,0.150345,0.235922,0.0,0.0,0.0,1.388185,0.025594,0.0,0.0,0.276353,0.885284,0.0,0.0,0.110403,0.0,0.0,0.0,0.001517,0.099557,0.0,0.337995,0.0,0.0,0.0,0.237524,0.0,0.219955,0.127043,0.0,0.0,0.0,0.0,2e-06,0.270412,0.285108,0.0,0.091494,0.0,0.094402,0.181728,0.065433,0.12207,0.0,0.000679,0.0,0.0,0.0,0.241645,0.256102,0.04813,0.0,0.085876,0.056038,0.098624,0.0,0.134677,0.0,0.0,0.232597,0.0,0.165478,0.0,0.299169,0.0,0.093086,0.0,0.000143,0.097976,0.0,0.0,0.0,0.164293,0.0,0.0,0.187922,0.208106,0.165788,0.283459,0.13561,0.0,0.176381,0.0,0.194618,0.301942,0.180785,0.140214,0.250491,0.0,9e-06,0.27529,0.0,0.122069,0.253348,0.089457,0.220397,0.0,0.0,0.0,0.183024,0.0,0.0,0.078096,0.30896,0.141958,0.212348,0.235645,0.103117,0.0,0.18179,0.0,0.0,7.4e-05,0.181567,0.0,0.17484,0.0,0.0,0.215955,0.0,0.255145,0.0,0.0,0.126056,0.0,0.116001,0.166095,0.128136,0.0,0.129706,0.14086,0.197745,0.0,0.311215,0.00068,0.0,0.29314,0.0,0.307941,0.225577,0.141649,0.0,0.0,0.0,0.09914,0.221918,0.0,0.0,0.0,0.0,0.0,0.066379,0.117827,0.0,0.0,0.0,0.0,0.0,0.144019,0.17117,0.0,0.22589,0.0,0.209541,0.0,0.0,0.127087,0.0,0.125975,0.0,0.255596,0.0,0.334956,0.0,0.0,0.324507,0.214402,0.187574,0.231144,0.126724,0.0,0.0,0.087935,0.0,0.22762,0.0,0.0,0.090393,0.205261,0.148702,0.0,0.0,0.0,0.0,0.303387,0.21645,0.0,0.0,0.0,0.292797,0.0,0.0,0.0,0.022684,0.0,0.185855,0.0,0.182864,0.087318,0.228255,0.150632,0.0,0.0,1.539876,0.0,0.0,0.118052,0.327826,0.144414,0.297352,0.0,0.105571,0.054536,0.059483,0.157419,0.10171,0.0,0.0,0.260704,0.0,0.0,0.083623,0.166819,0.0,0.092551,0.163289,0.033877,0.299865,0.0,0.102642,0.0,0.129481,0.343678,0.120541,0.0,0.163357,0.121965,0.0,0.0,0.0,0.0,0.159126,0.275951,0.0,0.0,0.208304,0.0,0.0,0.0,0.0,0.084103,0.221455,0.0,0.0,0.104521,0.19983,0.0,0.272372,0.432664,0.132175,0.0,0.380091,0.178021,0.0,0.0,0.0,0.0,0.255016,0.0,0.0,0.118802,0.0,0.296254,0.071457,0.18535,0.294606,0.16275,0.0,0.246271,0.0,0.0,0.0,0.0,0.192839,0.0,0.0,0.0,0.09288,0.0,0.0,0.0,0.178256,0.0,0.0,0.156986,0.19158,0.12829,0.290686,0.0,0.236359,0.0,0.0,0.185251,0.0,0.134368,0.0
TCGA-85-6561-01Z-00-DX1.7bb9f936-00e1-4014-a6ae-8dc1c64d7f42,0.274458,0.0,0.081963,0.0,0.0,0.203269,0.0,0.0,0.380376,0.268581,0.147424,5e-06,0.0,0.0,0.0,0.290596,0.0,0.046174,0.0,0.0,0.281165,0.0,0.0,0.0,0.0,0.0,0.16974,0.0,0.049527,0.206519,0.0,0.0,0.177876,0.394967,0.0,0.211333,0.206554,0.0,0.0,0.0,0.0,0.158467,0.184209,0.186124,0.0,0.114697,0.045121,0.0,0.0,0.296195,0.0,0.028964,0.066964,1.579026,0.0,0.270068,0.161267,0.0,0.0,0.197006,0.0,0.0,0.0,0.041141,0.194115,0.193422,0.0,0.083724,0.052043,0.0,0.0,0.0,0.054073,0.128603,0.0,4e-06,0.0,0.0,0.0,0.0,0.0,0.268989,0.12027,0.0,0.0,0.216299,0.0,0.10712,0.133134,0.053799,0.199548,0.18313,0.204026,0.0,0.262955,0.0,0.0,0.0,0.0,0.191427,0.0,0.0,0.0,0.251201,0.0,0.0,0.0,0.095034,0.205558,0.270958,0.149598,0.0,0.124416,0.0,0.188629,0.0,0.0,0.309512,0.074841,0.0,0.09806,0.0,0.279341,0.0,0.0,0.0,0.295637,0.060629,0.245931,1e-06,0.041553,0.0,0.370554,0.059913,0.25303,0.0,0.0,0.000219,0.167834,0.0,0.158421,0.036129,0.254591,0.139259,0.0,0.0,0.0,0.081129,0.0,0.0,0.180301,0.0,0.093482,0.276876,0.148097,0.087606,0.090224,0.165886,0.164843,0.0,0.304137,0.035741,0.0,0.0,0.0,7e-06,0.0,0.0,0.0,0.13524,0.0,0.0,0.014016,0.0,0.0,0.0,0.0,0.0,0.178189,0.259505,0.0,0.0,0.0,0.0,0.0,0.11928,0.076486,0.196763,0.0,0.0,0.0,0.0,0.285722,0.0,0.256382,0.203824,0.13397,0.060774,0.240581,0.0,0.0,0.0,1.334919,0.067264,0.0,0.0,0.23418,0.817529,0.0,0.0,0.143961,0.0,0.0,0.0,0.000575,0.02947,0.0,0.288929,0.0,0.0,0.0,0.25461,0.0,0.253966,0.154634,0.0,0.0,0.0,0.0,0.0,0.163864,0.283626,0.0,0.106988,0.0,0.163281,0.213569,0.100803,0.159193,0.0,2.3e-05,0.0,0.0,0.0,0.244882,0.20113,0.028872,0.0,0.1183,0.087808,0.059291,0.0,0.152091,0.0,0.0,0.131098,0.0,0.150669,0.0,0.29316,0.0,0.115322,0.0,2e-06,0.034003,0.0,0.0,0.0,0.201003,0.0,0.0,0.198889,0.229463,0.149008,0.225629,0.067447,0.0,0.177136,0.0,0.177973,0.279563,0.156351,0.166761,0.257973,0.0,5e-06,0.255911,0.0,0.158395,0.27124,0.118291,0.14323,0.0,0.0,0.0,0.200604,0.0,0.0,0.107144,0.279359,0.136088,0.199423,0.208292,0.030049,0.0,0.089669,0.0,0.0,0.001377,0.081181,0.0,0.073899,0.0,0.0,0.180507,0.0,0.237488,0.0,0.0,0.156443,0.0,0.11845,0.162164,0.087159,0.0,0.098475,0.162668,0.161279,0.0,0.290371,3e-05,0.0,0.237011,0.0,0.37501,0.239392,0.159708,0.0,0.0,0.0,0.069636,0.201233,0.0,0.0,0.0,0.0,0.0,0.100184,0.125689,0.0,0.0,0.0,0.0,0.0,0.162561,0.18099,0.0,0.218839,0.0,0.187834,0.0,0.0,0.086782,0.0,0.104185,0.0,0.250306,0.0,0.259934,0.0,0.0,0.440229,0.351893,0.209016,0.257546,0.062347,0.0,0.0,0.045811,0.0,0.251495,0.0,0.0,0.133848,0.223121,0.127216,0.0,0.0,0.0,0.0,0.262326,0.24883,0.0,0.0,0.0,0.278024,0.0,0.0,0.0,0.034597,0.0,0.214006,0.0,0.15526,0.043779,0.214547,0.190246,0.0,0.0,1.480033,0.0,0.0,0.15798,0.278578,0.160304,0.24906,0.0,0.08027,0.131508,0.087872,0.135109,0.098465,0.0,1e-06,0.271139,0.0,0.0,0.098715,0.170038,0.0,0.054102,0.112645,0.037102,0.267647,0.0,0.071833,0.0,0.048877,0.347358,0.122869,0.0,0.122019,0.109398,0.0,0.0,0.0,0.0,0.198034,0.257101,0.0,0.0,0.102588,0.0,0.0,0.0,0.0,0.02128,0.240814,0.0,0.0,0.052247,0.17743,0.0,0.252312,0.357519,0.139892,0.0,0.298189,0.187062,0.0,0.0,0.0,0.0,0.232295,0.0,0.0,0.095711,0.0,0.287938,0.08785,0.222994,0.270967,0.191956,0.0,0.126389,0.0,0.0,0.0,0.0,0.205671,0.0,0.0,0.0,0.080371,0.0,0.0,0.0,0.19182,0.0,0.0,0.036891,0.193691,0.138966,0.274149,0.0,0.174147,0.0,0.0,0.199674,0.0,0.112991,0.0
TCGA-43-A56U-01Z-00-DX1.B60C921A-4EE4-4CAE-9E55-311C7D2DA9E4,0.243663,0.0,0.032904,0.0,0.0,0.158675,0.0,0.0,0.326618,0.240583,0.13317,4.6e-05,0.0,0.0,0.0,0.237755,0.0,0.080866,0.0,0.0,0.275874,0.0,0.0,0.0,0.0,0.0,0.124561,0.0,0.078558,0.148962,0.0,0.0,0.138066,0.435052,0.0,0.21885,0.226737,0.0,0.0,0.0,0.0,0.164991,0.195115,0.17678,0.0,0.134404,0.091442,0.0,0.0,0.290813,0.0,0.063554,0.106102,1.538675,0.0,0.309699,0.127062,0.0,0.0,0.180459,0.0,0.0,0.0,0.008116,0.106544,0.228501,0.0,0.055084,0.078156,0.0,0.0,0.0,0.075591,0.101598,0.0,1e-06,0.0,0.0,0.0,0.0,0.0,0.301802,0.083578,0.0,0.0,0.194095,0.0,0.140947,0.095964,0.041704,0.17315,0.155484,0.259268,0.0,0.291744,0.0,0.0,0.0,0.0,0.154515,0.0,0.0,0.0,0.198458,0.0,0.0,0.0,0.10403,0.128223,0.272215,0.099735,0.0,0.135317,0.0,0.189547,0.0,0.0,0.294299,0.127612,0.0,0.119133,0.0,0.18929,0.0,0.0,0.0,0.31056,0.070558,0.204719,0.0,0.076791,0.0,0.362135,0.094093,0.266733,0.0,0.0,0.000232,0.067122,0.0,0.159444,0.061561,0.279129,0.14908,0.0,0.0,0.0,0.108053,0.0,0.0,0.16281,0.0,0.116711,0.289189,0.099258,0.067023,0.019504,0.136613,0.113431,0.0,0.314858,0.077735,0.0,0.0,0.0,4.1e-05,0.0,0.0,0.0,0.170937,0.0,0.0,0.015582,0.0,0.0,0.0,0.0,0.0,0.126446,0.303868,0.0,0.0,0.0,0.0,0.0,0.117504,0.107562,0.145257,0.0,0.0,0.0,0.0,0.290424,0.0,0.271149,0.213026,0.087291,0.095271,0.223981,0.0,0.0,0.0,1.340698,0.024647,0.0,0.0,0.266836,0.850346,0.0,0.0,0.112283,0.0,0.0,0.0,0.000402,0.064365,0.0,0.31398,0.0,0.0,0.0,0.210017,0.0,0.20337,0.115341,0.0,0.0,0.0,0.0,1e-06,0.224674,0.248939,0.0,0.086351,0.0,0.09552,0.168749,0.059288,0.11845,0.0,9.8e-05,0.0,0.0,0.0,0.203682,0.222864,0.040819,0.0,0.079405,0.048367,0.093218,0.0,0.127207,0.0,0.0,0.195071,0.0,0.149441,0.0,0.279824,0.0,0.082176,0.0,9e-06,0.048038,0.0,0.0,0.0,0.136347,0.0,0.0,0.162541,0.179806,0.170811,0.252262,0.095077,0.0,0.152065,0.0,0.200258,0.285878,0.163453,0.129492,0.227452,0.0,5e-06,0.272093,0.0,0.118442,0.24575,0.086004,0.194493,0.0,0.0,0.0,0.167456,0.0,0.0,0.080432,0.295065,0.130761,0.202898,0.231338,0.058214,0.0,0.14047,0.0,0.0,1e-06,0.147436,0.0,0.132558,0.0,0.0,0.205783,0.0,0.256818,0.0,0.0,0.121138,0.0,0.098156,0.145784,0.113719,0.0,0.124817,0.127932,0.169115,0.0,0.299274,9.5e-05,0.0,0.27581,0.0,0.306587,0.198668,0.128393,0.0,0.0,0.0,0.092853,0.19503,0.0,0.0,0.0,0.0,0.0,0.066906,0.099249,0.0,0.0,0.0,0.0,0.0,0.123775,0.156765,0.0,0.22515,0.0,0.205093,0.0,0.0,0.125245,0.0,0.126064,0.0,0.225085,0.0,0.293785,0.0,0.0,0.341949,0.243195,0.173941,0.202231,0.102461,0.0,0.0,0.078306,0.0,0.193937,0.0,0.0,0.089914,0.18861,0.143085,0.0,0.0,0.0,0.0,0.285507,0.19216,0.0,0.0,0.0,0.288283,0.0,0.0,0.0,0.016014,0.0,0.168049,0.0,0.180413,0.065687,0.226598,0.147981,0.0,0.0,1.469215,0.0,0.0,0.100428,0.315176,0.123918,0.288336,0.0,0.110922,0.067403,0.057021,0.155375,0.098128,0.0,0.0,0.226699,0.0,0.0,0.068516,0.160284,0.0,0.093005,0.135796,0.031542,0.29909,0.0,0.102648,0.0,0.084087,0.338181,0.102797,0.0,0.152892,0.115714,0.0,0.0,0.0,0.0,0.151181,0.262636,0.0,0.0,0.151291,0.0,0.0,0.0,0.0,0.045423,0.220867,0.0,0.0,0.070641,0.203414,0.0,0.255845,0.404633,0.113017,0.0,0.350868,0.155113,0.0,0.0,0.0,0.0,0.243832,0.0,0.0,0.086804,0.0,0.284766,0.066532,0.175489,0.30335,0.158219,0.0,0.210784,0.0,0.0,0.0,0.0,0.165076,0.0,0.0,0.0,0.106197,0.0,0.0,0.0,0.158244,0.0,0.0,0.093564,0.194186,0.09548,0.278079,0.0,0.203943,0.0,0.0,0.165631,0.0,0.122595,0.0
TCGA-37-4135-01Z-00-DX1.3f193ee1-530c-4f37-a669-56af75bba8db,0.387279,0.0,0.121935,0.0,0.0,0.254244,0.0,0.0,0.32125,0.381503,0.248163,1e-06,0.0,0.0,0.0,0.37502,0.0,0.064282,0.0,0.0,0.16362,0.0,0.0,0.0,0.0,0.0,0.237082,0.0,0.008272,0.281886,0.0,0.0,0.276654,0.290816,0.0,0.152619,0.118806,0.0,0.0,0.0,0.0,0.067811,0.088588,0.31274,0.0,0.066335,0.088512,0.0,0.0,0.175664,0.0,0.072745,0.086483,1.536431,0.0,0.17723,0.249065,0.0,0.0,0.288007,0.0,0.0,0.0,0.096849,0.175832,0.127267,0.0,0.081716,0.007843,0.0,0.0,0.0,0.011926,0.22665,0.0,1e-06,0.0,0.0,0.0,0.0,0.0,0.188541,0.164658,0.0,0.0,0.234522,0.0,0.023623,0.195067,0.124477,0.269545,0.196389,0.172438,0.0,0.180786,0.0,0.0,0.0,0.0,0.246967,0.0,0.0,0.0,0.342737,0.0,0.0,0.0,0.062643,0.257716,0.201586,0.185867,0.0,0.037265,0.0,0.076889,0.0,0.0,0.199578,0.108094,0.0,0.021766,0.0,0.22939,0.0,0.0,0.0,0.223761,0.034473,0.348551,0.0,0.085918,0.0,0.363833,0.008965,0.140905,0.0,0.0,0.000247,0.149866,0.0,0.067238,0.046565,0.202382,0.038965,0.0,0.0,0.0,0.014174,0.0,0.0,0.294231,0.0,0.015495,0.207901,0.180629,0.170584,0.107546,0.198632,0.21341,0.0,0.19395,0.087262,0.0,0.0,0.0,1e-06,0.0,0.0,0.0,0.069733,0.0,0.0,0.01428,0.0,0.0,0.0,0.0,0.0,0.254674,0.168673,0.0,0.0,0.0,0.0,0.0,0.208762,0.019352,0.245449,0.0,0.0,0.0,0.0,0.174914,0.0,0.151752,0.092381,0.158996,0.106788,0.149777,0.0,0.0,0.0,1.193634,0.113644,0.0,0.0,0.179076,0.694453,0.0,0.0,0.118943,0.0,0.0,0.0,0.000173,0.042664,0.0,0.194116,0.0,0.0,0.0,0.358072,0.0,0.325929,0.228149,0.0,0.0,0.0,0.0,0.0,0.158234,0.434048,0.0,0.193253,0.0,0.188071,0.28689,0.163605,0.20742,0.0,4e-06,0.0,0.0,0.0,0.378848,0.155637,0.003355,0.0,0.170147,0.136007,0.010402,0.0,0.240078,0.0,0.0,0.1651,0.0,0.270628,0.0,0.371392,0.0,0.176937,0.0,0.0,0.053942,0.0,0.0,0.0,0.270401,0.0,0.0,0.298292,0.348094,0.063591,0.20594,0.087289,0.0,0.299023,0.0,0.08061,0.194323,0.050126,0.215588,0.368616,0.0,1e-06,0.155986,0.0,0.246282,0.305232,0.186199,0.21546,0.0,0.0,0.0,0.304567,0.0,0.0,0.16657,0.21137,0.103133,0.108462,0.125272,0.058485,0.0,0.102611,0.0,0.0,1e-06,0.129464,0.0,0.093318,0.0,0.0,0.100524,0.0,0.136467,0.0,0.0,0.210943,0.0,0.222223,0.279425,0.020614,0.0,0.092935,0.252574,0.205692,0.0,0.208182,5e-06,0.0,0.192091,0.0,0.346631,0.348415,0.237723,0.0,0.0,0.0,0.011265,0.268845,0.0,0.0,0.0,0.0,0.0,0.170221,0.212698,0.0,0.0,0.0,0.0,0.0,0.239946,0.266802,0.0,0.092748,0.0,0.097973,0.0,0.0,0.076159,0.0,0.019309,0.0,0.390464,0.0,0.211938,0.0,0.0,0.386083,0.296105,0.301727,0.357513,0.023198,0.0,0.0,0.004906,0.0,0.353786,0.0,0.0,0.17042,0.314819,0.028761,0.0,0.0,0.0,0.0,0.200522,0.334382,0.0,0.0,0.0,0.189476,0.0,0.0,0.0,0.113433,0.0,0.300924,0.0,0.03781,0.010181,0.115259,0.250259,0.0,0.0,1.391696,0.0,0.0,0.225545,0.211864,0.268734,0.177097,0.0,0.010886,0.153479,0.150927,0.057463,0.03296,0.0,0.0,0.406417,0.0,0.0,0.181347,0.101087,0.0,0.006588,0.11378,0.125922,0.138799,0.0,0.010074,0.0,0.092698,0.273923,0.229999,0.0,0.038422,0.114753,0.0,0.0,0.0,0.0,0.275218,0.187855,0.0,0.0,0.203083,0.0,0.0,0.0,1e-06,0.025229,0.167943,0.0,0.0,0.044075,0.0987,0.0,0.179672,0.294268,0.225415,0.0,0.251718,0.276659,0.0,0.0,0.0,0.0,0.137592,0.0,0.0,0.11438,0.0,0.215677,0.155846,0.284195,0.177336,0.258518,0.0,0.191784,0.0,0.0,0.0,0.0,0.306204,0.0,0.0,0.0,0.009959,0.0,0.0,0.0,0.30257,0.0,0.0,0.135077,0.09472,0.171919,0.184536,0.0,0.311279,0.0,0.0,0.289905,0.0,0.022889,0.0
TCGA-70-6723-01Z-00-DX1.1e6468e8-0d39-48a9-af32-9968f9207810,0.345818,0.0,0.165902,0.0,0.0,0.265028,0.0,0.0,0.322172,0.343575,0.235102,1e-06,0.0,0.0,0.0,0.341426,0.0,0.044909,0.0,0.0,0.159651,0.0,0.0,0.0,0.0,0.0,0.23373,0.0,0.00729,0.275974,0.0,0.0,0.256295,0.287201,0.0,0.128138,0.124278,0.0,0.0,0.0,0.0,0.063722,0.105437,0.263616,0.0,0.086723,0.034429,0.0,0.0,0.175116,0.0,0.02883,0.084852,1.418532,0.0,0.175549,0.228516,0.0,0.0,0.26581,0.0,0.0,0.0,0.112893,0.250353,0.103032,0.0,0.111686,0.005607,0.0,0.0,0.0,0.005734,0.203183,0.0,1e-06,0.0,0.0,0.0,0.0,0.0,0.17067,0.178767,0.0,1e-06,0.266955,0.0,0.022466,0.217438,0.120634,0.249321,0.181706,0.121371,0.0,0.166995,0.0,0.0,0.0,0.0,0.243327,0.0,0.0,0.0,0.322953,0.0,0.0,0.0,0.08924,0.265666,0.150496,0.199061,0.0,0.034441,0.0,0.072096,0.0,0.0,0.250311,0.077975,0.0,0.016822,0.0,0.304382,0.0,0.0,0.0,0.198725,0.03587,0.310779,0.0,0.037008,0.0,0.300556,0.005568,0.142917,0.0,0.0,4.9e-05,0.18442,0.0,0.070898,0.049489,0.163271,0.050811,0.0,0.0,0.0,0.015219,0.0,0.0,0.250729,0.0,0.015465,0.183024,0.201404,0.141993,0.173737,0.216856,0.208195,0.0,0.173537,0.045372,0.0,0.0,0.0,1e-06,0.0,0.0,0.0,0.064645,0.0,0.0,0.012136,0.0,0.0,0.0,0.0,0.0,0.245914,0.156326,0.0,0.0,0.0,0.0,0.0,0.206921,0.016522,0.256189,0.0,0.0,0.0,0.0,0.167087,0.0,0.148995,0.09404,0.191187,0.049417,0.133132,0.0,0.0,0.0,1.134812,0.148015,0.0,0.0,0.148681,0.669774,0.0,0.0,0.106011,0.0,0.0,0.0,0.000131,0.026255,0.0,0.186002,0.0,0.0,0.0,0.324515,0.0,0.287803,0.228384,0.0,0.0,0.0,0.0,0.0,0.092859,0.354605,0.0,0.16969,0.0,0.241337,0.290831,0.156452,0.222982,0.0,5e-06,0.0,0.0,0.0,0.328334,0.123338,0.002103,0.0,0.166551,0.146843,0.008594,0.0,0.214492,0.0,0.0,0.083146,0.0,0.219208,0.0,0.323344,0.0,0.171324,0.0,0.0,0.025287,0.0,0.0,0.0,0.247505,0.0,0.0,0.256933,0.308216,0.069057,0.131729,0.069651,0.0,0.26409,0.0,0.09084,0.168369,0.03407,0.239146,0.309998,0.0,1e-06,0.159639,0.0,0.218639,0.323214,0.192136,0.20012,0.0,0.0,0.0,0.292345,0.0,0.0,0.182096,0.165723,0.078604,0.09591,0.118785,0.028035,0.0,0.055573,0.0,0.0,0.00147,0.106411,0.0,0.056896,0.0,0.0,0.087281,0.0,0.143413,0.0,0.0,0.193362,0.0,0.194515,0.22572,0.017886,0.0,0.117738,0.229401,0.179959,0.0,0.1915,6e-06,0.0,0.130459,0.0,0.353574,0.312786,0.207599,0.0,0.0,0.0,0.008623,0.223113,0.0,0.0,0.0,0.0,0.0,0.173518,0.193245,0.0,0.0,0.0,0.0,0.0,0.23498,0.254487,0.0,0.113762,0.0,0.101463,0.0,0.0,0.106289,0.0,0.024416,0.0,0.331428,0.0,0.19642,0.0,0.0,0.409298,0.348402,0.286556,0.325961,0.015904,0.0,0.0,0.002818,0.0,0.314913,0.0,0.0,0.204741,0.296081,0.029506,0.0,0.0,0.0,0.0,0.176667,0.324011,0.0,0.0,0.0,0.162988,0.0,0.0,0.0,0.120095,0.0,0.251439,0.0,0.040444,0.007546,0.112705,0.243491,0.0,0.0,1.310885,0.0,0.0,0.205085,0.185715,0.239165,0.14478,0.0,0.010724,0.182544,0.176089,0.053741,0.032542,0.0,0.0,0.358178,0.0,0.0,0.172588,0.090086,0.0,0.00402,0.062313,0.114422,0.158861,0.0,0.009653,0.0,0.059909,0.251798,0.190242,0.0,0.030609,0.126041,0.0,0.0,0.0,0.0,0.225839,0.162258,0.0,0.0,0.116782,0.0,0.0,0.0,0.0,0.017235,0.170354,0.0,0.0,0.039197,0.097164,0.0,0.170415,0.243552,0.199469,0.0,0.213887,0.254824,0.0,0.0,0.0,0.0,0.130916,0.0,0.0,0.128083,0.0,0.185766,0.162273,0.277936,0.17338,0.25363,0.0,0.10844,0.0,0.0,0.0,0.0,0.264307,0.0,0.0,0.0,0.011014,0.0,0.0,0.0,0.26105,0.0,0.0,0.03868,0.096399,0.169934,0.179184,0.0,0.246304,0.0,0.0,0.273511,0.0,0.014261,0.0
TCGA-77-7141-01Z-00-DX1.3263490a-cfba-43a8-8198-5139dbf00bf9,0.253327,0.0,0.041092,0.0,0.0,0.160126,0.0,0.0,0.327901,0.237212,0.151481,6e-06,0.0,0.0,0.0,0.237534,0.0,0.10721,0.0,0.0,0.297451,0.0,0.0,0.0,0.0,0.0,0.136733,0.0,0.109377,0.161641,0.0,0.0,0.160937,0.466365,0.0,0.218413,0.231677,0.0,0.0,0.0,0.0,0.194685,0.214894,0.188181,0.0,0.164261,0.134271,0.0,0.0,0.310001,0.0,0.114294,0.102008,1.621377,0.0,0.328534,0.147704,0.0,0.0,0.186749,0.0,0.0,0.0,0.023912,0.100662,0.243413,0.0,0.072458,0.10794,0.0,0.0,0.0,0.105589,0.128347,0.0,3.8e-05,0.0,0.0,0.0,0.0,0.0,0.327058,0.087084,0.0,0.0,0.182653,0.0,0.169043,0.11927,0.060438,0.186957,0.143608,0.293533,0.0,0.321124,0.0,0.0,0.0,0.0,0.161251,0.0,0.0,0.0,0.217386,0.0,0.0,0.0,0.133953,0.127714,0.281843,0.111147,0.0,0.141968,0.0,0.211414,0.0,0.0,0.318516,0.163003,0.0,0.14587,0.0,0.175296,0.0,0.0,0.0,0.332435,0.094961,0.217218,0.0,0.096839,0.0,0.400199,0.140189,0.303642,0.0,0.0,0.001128,0.074951,0.0,0.183452,0.102241,0.291699,0.162989,0.0,0.0,0.0,0.130495,0.0,0.0,0.181238,0.0,0.135463,0.309844,0.101328,0.088706,0.031688,0.134082,0.120328,0.0,0.327585,0.144038,0.0,0.0,0.0,1.2e-05,0.0,0.0,0.0,0.226606,0.0,0.0,0.037276,0.0,0.0,0.0,0.0,0.0,0.14414,0.320686,0.0,0.0,0.0,0.0,0.0,0.128469,0.142499,0.142366,0.0,0.0,0.0,0.0,0.304352,0.0,0.281872,0.227598,0.07427,0.134363,0.244066,0.0,0.0,0.0,1.399078,0.039787,0.0,0.0,0.273622,0.905879,0.0,0.0,0.088629,0.0,0.0,0.0,0.003408,0.120937,0.0,0.374039,0.0,0.0,0.0,0.232045,0.0,0.206765,0.128835,0.0,0.0,0.0,0.0,0.0,0.266702,0.277146,0.0,0.102778,0.0,0.086413,0.186475,0.084903,0.132046,0.0,4e-05,0.0,0.0,0.0,0.227848,0.255121,0.062985,0.0,0.089254,0.065538,0.125275,0.0,0.13832,0.0,0.0,0.233761,0.0,0.167038,0.0,0.262267,0.0,0.090666,0.0,2e-06,0.102279,0.0,0.0,0.0,0.151122,0.0,0.0,0.19161,0.216378,0.179597,0.280365,0.141526,0.0,0.176854,0.0,0.203166,0.29607,0.199241,0.141138,0.243385,0.0,3.6e-05,0.27135,0.0,0.13916,0.242694,0.101653,0.21468,0.0,0.0,0.0,0.191477,0.0,0.0,0.099021,0.310911,0.143687,0.217485,0.238684,0.110136,0.0,0.168356,0.0,0.0,1.3e-05,0.174448,0.0,0.178356,0.0,0.0,0.225797,0.0,0.269875,0.0,0.0,0.125889,0.0,0.125511,0.165514,0.144144,0.0,0.112313,0.152147,0.194207,0.0,0.299399,5.7e-05,0.0,0.28767,0.0,0.301549,0.212192,0.142922,0.0,0.0,0.0,0.120925,0.213014,0.0,0.0,0.0,0.0,0.0,0.081274,0.124499,0.0,0.0,0.0,0.0,0.0,0.138161,0.164507,0.0,0.235399,0.0,0.225392,0.0,0.0,0.107434,0.0,0.145746,0.0,0.248462,0.0,0.330423,0.0,0.0,0.357256,0.244881,0.188861,0.22047,0.132084,0.0,0.0,0.122916,0.0,0.214963,0.0,0.0,0.096823,0.199508,0.188786,0.0,0.0,0.0,0.0,0.314037,0.216207,0.0,0.0,0.0,0.293352,0.0,0.0,0.0,0.043694,0.0,0.181601,0.0,0.208267,0.092661,0.231952,0.145843,0.0,0.0,1.560011,0.0,0.0,0.11807,0.336797,0.156959,0.318517,0.0,0.126677,0.077566,0.076883,0.165766,0.112232,0.0,0.0,0.257682,0.0,0.0,0.095614,0.162046,0.0,0.130221,0.160322,0.062928,0.333594,0.0,0.13211,0.0,0.130791,0.342046,0.126185,0.0,0.18867,0.113806,0.0,0.0,0.0,0.0,0.143701,0.275799,0.0,0.0,0.210652,0.0,0.0,0.0,0.0,0.079927,0.218582,0.0,0.0,0.096216,0.219071,0.0,0.261703,0.431812,0.140687,0.0,0.375815,0.169479,0.0,0.0,0.0,0.0,0.262838,0.0,0.0,0.130198,0.0,0.30376,0.072206,0.166898,0.299861,0.152425,0.0,0.240314,0.0,0.0,0.0,0.0,0.185246,0.0,0.0,0.0,0.117596,0.0,0.0,0.0,0.180504,0.0,0.0,0.167499,0.201184,0.128062,0.28915,0.0,0.24451,0.0,0.0,0.172043,0.0,0.171837,0.0
TCGA-60-2709-01Z-00-DX1.ded10e7c-c1ca-4402-be0e-f3978994d4af,0.377504,0.0,0.218359,0.0,0.0,0.290576,0.0,0.0,0.273666,0.360857,0.272189,5e-06,0.0,0.0,0.0,0.366118,0.0,0.047468,0.0,0.0,0.123724,0.0,0.0,0.0,0.0,0.0,0.286197,0.0,0.030764,0.308515,0.0,0.0,0.279673,0.263471,0.0,0.080768,0.087394,0.0,0.0,0.0,0.0,0.058279,0.072755,0.311548,0.0,0.108393,0.039058,0.0,0.0,0.126019,0.0,0.049643,0.084891,1.413954,0.0,0.132317,0.272724,0.0,0.0,0.299754,0.0,0.0,0.0,0.183821,0.292843,0.087963,0.0,0.147391,0.027326,0.0,0.0,0.0,0.020352,0.269616,0.0,4e-06,0.0,0.0,0.0,0.0,0.0,0.131288,0.225838,0.0,0.0,0.303397,0.0,0.042418,0.260944,0.179692,0.305618,0.165822,0.10438,0.0,0.137486,0.0,0.0,0.0,0.0,0.311987,0.0,0.0,0.0,0.35342,0.0,0.0,0.0,0.117028,0.306529,0.108594,0.255743,0.0,0.040542,0.0,0.070143,0.0,0.0,0.298737,0.084515,0.0,0.039283,0.0,0.347431,0.0,0.0,0.0,0.142619,0.071797,0.35705,0.0,0.037504,0.0,0.232528,0.028787,0.117993,0.0,0.0,0.001921,0.223527,0.0,0.058332,0.100479,0.110176,0.051518,0.0,0.0,0.0,0.03127,0.0,0.0,0.283768,0.0,0.033981,0.130937,0.250651,0.202044,0.217538,0.265026,0.25608,0.0,0.145688,0.075525,0.0,0.0,0.0,5e-06,0.0,0.0,0.0,0.098677,0.0,0.0,0.063462,0.0,0.0,0.0,0.0,0.0,0.279383,0.125927,0.0,0.0,0.0,0.0,0.0,0.232961,0.044149,0.296814,0.0,0.0,0.0,0.0,0.132743,0.0,0.11154,0.081402,0.231955,0.057213,0.095725,0.0,0.0,0.0,1.140758,0.216563,0.0,0.0,0.105911,0.66549,0.0,0.0,0.064978,0.0,0.0,0.0,0.002141,0.076154,0.0,0.189854,0.0,0.0,0.0,0.371966,0.0,0.336209,0.276797,0.0,0.0,0.0,0.0,0.0,0.09205,0.416791,0.0,0.246486,0.0,0.302234,0.349794,0.250218,0.289656,0.0,1.6e-05,0.0,0.0,0.0,0.36124,0.089198,0.012936,0.0,0.223002,0.177838,0.027728,0.0,0.25574,0.0,0.0,0.081222,0.0,0.267966,0.0,0.327554,0.0,0.224185,0.0,2e-06,0.063886,0.0,0.0,0.0,0.296574,0.0,0.0,0.323208,0.369046,0.058135,0.096092,0.097525,0.0,0.309061,0.0,0.071306,0.120799,0.058529,0.278558,0.349975,0.0,4e-06,0.108077,0.0,0.277466,0.389953,0.254566,0.215581,0.0,0.0,0.0,0.32512,0.0,0.0,0.269343,0.125962,0.053305,0.082312,0.095102,0.046062,0.0,0.054733,0.0,0.0,3e-06,0.142041,0.0,0.07615,0.0,0.0,0.077411,0.0,0.11249,0.0,0.0,0.232547,0.0,0.242954,0.283949,0.048768,0.0,0.110077,0.291262,0.247132,0.0,0.128934,2e-05,0.0,0.102872,0.0,0.390553,0.363586,0.251959,0.0,0.0,0.0,0.030178,0.264,0.0,0.0,0.0,0.0,0.0,0.251209,0.237563,0.0,0.0,0.0,0.0,0.0,0.285297,0.275759,0.0,0.086069,0.0,0.089558,0.0,0.0,0.136114,0.0,0.037021,0.0,0.386119,0.0,0.192392,0.0,0.0,0.449668,0.405644,0.335619,0.372106,0.035045,0.0,0.0,0.025153,0.0,0.34832,0.0,0.0,0.258932,0.341993,0.051064,0.0,0.0,0.0,0.0,0.13402,0.381464,0.0,0.0,0.0,0.123006,0.0,0.0,0.0,0.191063,0.0,0.296674,0.0,0.063297,0.029004,0.085422,0.293829,0.0,0.0,1.306617,0.0,0.0,0.25982,0.138749,0.297753,0.126032,0.0,0.029477,0.261177,0.24637,0.05064,0.035114,0.0,0.0,0.420893,0.0,0.0,0.23422,0.059671,0.0,0.025086,0.065351,0.179023,0.15626,0.0,0.028155,0.0,0.091009,0.190461,0.25605,0.0,0.05953,0.112645,0.0,0.0,0.0,0.0,0.278186,0.117034,0.0,0.0,0.146322,0.0,0.0,0.0,0.0,0.049238,0.12401,0.0,0.0,0.083966,0.07652,0.0,0.117163,0.213531,0.238379,0.0,0.194636,0.289515,0.0,0.0,0.0,0.0,0.09818,0.0,0.0,0.224966,0.0,0.127197,0.214029,0.305502,0.124383,0.303035,0.0,0.092538,0.0,0.0,0.0,0.0,0.292773,0.0,0.0,0.0,0.029983,0.0,0.0,0.0,0.331623,0.0,0.0,0.050596,0.075516,0.22514,0.124113,0.0,0.295643,0.0,0.0,0.29582,0.0,0.046044,0.0
TCGA-77-A5G8-01Z-00-DX1.4F66CA44-C238-4293-882C-5357ABD7115F,0.298126,0.0,0.14269,0.0,0.0,0.214669,0.0,0.0,0.271982,0.27811,0.207049,0.000158,0.0,0.0,0.0,0.265048,0.0,0.064214,0.0,0.0,0.196995,0.0,0.0,0.0,0.0,0.0,0.214445,0.0,0.064,0.212557,0.0,0.0,0.200749,0.375275,0.0,0.129735,0.150699,0.0,0.0,0.0,0.0,0.106708,0.120003,0.234455,0.0,0.145285,0.067866,0.0,0.0,0.201372,0.0,0.082595,0.10367,1.424663,0.0,0.220564,0.200674,0.0,0.0,0.219333,0.0,1e-06,0.0,0.113816,0.210656,0.142803,0.0,0.129441,0.060233,0.0,0.0,0.0,0.04421,0.190913,0.0,4e-06,0.0,0.0,0.0,0.0,0.0,0.21344,0.156196,0.0,0.0,0.242745,0.0,0.086541,0.178206,0.113693,0.249452,0.133511,0.180533,0.0,0.215984,0.0,0.0,0.0,0.0,0.236906,0.0,0.0,0.0,0.259647,0.0,0.0,0.0,0.135609,0.214891,0.161122,0.200607,0.0,0.06863,0.0,0.120026,0.0,0.0,0.329351,0.108313,0.0,0.075359,0.0,0.270351,0.0,0.0,0.0,0.204208,0.106456,0.257789,0.0,0.052239,0.0,0.246185,0.067406,0.198419,0.0,0.0,0.001889,0.139278,0.0,0.095048,0.110107,0.164318,0.084731,0.0,0.0,0.0,0.059364,0.0,0.0,0.220417,1e-06,0.067568,0.186492,0.170111,0.137574,0.134453,0.216189,0.177778,0.0,0.228438,0.106224,0.0,0.0,0.0,0.000145,0.0,0.0,0.0,0.172951,0.0,0.0,0.081031,0.0,0.0,0.0,0.0,0.0,0.196612,0.216644,0.0,0.0,0.0,0.0,0.0,0.172914,0.088328,0.209564,0.0,0.0,0.0,0.0,0.21044,0.0,0.184273,0.141412,0.163351,0.077833,0.147509,0.0,0.0,0.0,1.232012,0.147733,0.0,0.0,0.16413,0.77238,0.0,0.0,0.044878,0.0,0.0,0.0,0.001748,0.130709,0.0,0.290632,0.0,0.0,0.0,0.273198,0.0,0.251578,0.195294,0.0,0.0,0.0,0.0,0.0,0.173556,0.313578,0.0,0.17528,0.0,0.210932,0.260077,0.177741,0.21374,0.0,0.000261,0.0,0.0,0.0,0.261446,0.141188,0.028616,0.0,0.161613,0.118168,0.060338,0.0,0.176499,0.0,0.0,0.127305,0.0,0.211875,0.0,0.27043,0.0,0.16425,0.0,5.4e-05,0.095933,0.0,0.0,0.0,0.200481,0.0,0.0,0.233241,0.269454,0.105673,0.15669,0.110748,0.0,0.229314,0.0,0.131988,0.18688,0.106192,0.205471,0.25792,0.0,6e-06,0.168678,0.0,0.193295,0.321359,0.176605,0.204393,0.0,0.0,0.0,0.243968,0.0,0.0,0.197692,0.189626,0.067213,0.144187,0.155117,0.070991,0.0,0.089916,0.0,0.0,0.0,0.160738,0.0,0.124071,0.0,0.0,0.139491,0.0,0.179249,0.0,0.0,0.162773,0.0,0.178743,0.213924,0.089194,0.0,0.115818,0.209765,0.227597,0.0,0.186789,0.000236,0.0,0.186516,0.0,0.336148,0.272451,0.180153,0.0,0.0,0.0,0.063655,0.219972,0.0,0.0,0.0,0.0,0.0,0.17795,0.181656,0.0,0.0,0.0,0.0,0.0,0.207946,0.206683,0.0,0.143417,0.0,0.159314,0.0,0.0,0.152721,0.0,0.062993,0.0,0.293391,0.0,0.258645,0.0,0.0,0.401633,0.335058,0.246859,0.272808,0.074813,0.0,0.0,0.06315,0.0,0.242274,0.0,0.0,0.191429,0.258024,0.101707,0.0,0.0,0.0,0.0,0.19319,0.284793,0.0,0.0,0.0,0.187353,0.0,0.0,0.0,0.119418,0.0,0.204071,0.0,0.111271,0.056957,0.150971,0.21732,0.0,0.0,1.368344,0.0,0.0,0.176541,0.215759,0.215805,0.214055,0.0,0.061161,0.188573,0.174185,0.094738,0.066621,0.0,0.0,0.312959,0.0,0.0,0.157428,0.090313,0.0,0.062859,0.089786,0.136969,0.256903,0.0,0.057934,0.0,0.101874,0.234814,0.182016,0.0,0.122827,0.103967,0.0,0.0,0.0,0.0,0.200036,0.181136,0.0,0.0,0.162784,0.0,0.0,0.0,0.0,0.074663,0.163189,0.0,0.0,0.109057,0.13719,0.0,0.161922,0.299235,0.166033,0.0,0.281467,0.207929,0.0,0.0,0.0,0.0,0.16609,0.0,0.0,0.212533,0.0,0.174678,0.14818,0.229579,0.204617,0.225076,0.0,0.150207,0.0,0.0,0.0,0.0,0.214264,0.0,0.0,0.0,0.059265,0.0,0.0,0.0,0.250255,0.0,0.0,0.0926,0.129412,0.193992,0.179375,0.0,0.251452,0.0,0.0,0.210401,0.0,0.085713,0.0
TCGA-21-5784-01Z-00-DX1.E50E7F4B-BE37-4171-94A7-E824CFF4B3BB,0.179134,0.0,0.020166,0.0,0.0,0.10671,0.0,0.0,0.38252,0.153724,0.075236,0.000303,0.0,0.0,0.0,0.163531,0.0,0.128328,0.0,0.0,0.406872,0.0,0.0,0.0,0.0,0.0,0.079388,0.0,0.219074,0.101922,0.0,0.0,0.089583,0.61175,0.0,0.280246,0.319737,0.0,0.0,0.0,0.0,0.295777,0.306681,0.110367,0.0,0.231374,0.147483,0.0,0.0,0.42165,0.0,0.108074,0.101385,1.76,1e-06,0.433535,0.085235,0.0,0.0,0.116259,0.0,0.0,0.0,0.007323,0.09098,0.330287,0.0,0.079102,0.200619,0.0,0.0,0.0,0.178951,0.059143,0.0,2.6e-05,0.0,0.0,0.0,0.0,0.0,0.439498,0.044802,0.0,0.0,0.161842,0.0,0.269955,0.058896,0.018788,0.13985,0.125198,0.370159,0.0,0.417579,0.0,0.0,0.0,0.0,0.114775,0.0,0.0,0.0,0.141857,0.0,0.0,0.0,0.195585,0.086837,0.364263,0.090476,0.0,0.232749,0.0,0.320771,0.0,0.0,0.419513,0.152409,0.0,0.242675,0.0,0.159311,0.0,0.0,0.0,0.400575,0.151368,0.130881,0.0,0.092003,0.0,0.426182,0.24806,0.428806,0.0,0.0,0.001524,0.072851,0.0,0.283305,0.107883,0.360144,0.258288,0.0,0.0,0.0,0.217698,0.0,0.0,0.104198,0.0,0.221084,0.38458,0.062479,0.036415,0.020743,0.126021,0.074263,0.0,0.463919,0.133333,0.0,0.0,0.0,0.000265,0.0,0.0,0.0,0.34026,0.0,0.0,0.069395,0.0,0.0,0.0,0.0,0.0,0.073511,0.420084,0.0,0.0,0.0,0.0,0.0,0.06142,0.254135,0.100899,0.0,0.0,0.0,0.0,0.416248,0.0,0.38543,0.340192,0.049664,0.148216,0.327325,0.0,0.0,0.0,1.611758,0.01719,0.0,0.0,0.346252,1.079369,0.0,0.0,0.116543,0.0,0.0,0.0,0.005284,0.15253,0.0,0.498213,0.0,0.0,0.0,0.155007,0.0,0.150085,0.079933,0.0,0.0,0.0,0.0,0.0,0.345136,0.182625,0.0,0.042028,0.0,0.066848,0.118525,0.034952,0.077395,0.0,0.000485,0.0,0.0,0.0,0.138098,0.325986,0.120545,0.0,0.050716,0.029634,0.201374,0.0,0.085624,0.0,0.0,0.278998,0.0,0.102717,0.0,0.214624,0.0,0.04968,0.0,9e-05,0.119195,0.0,0.0,0.0,0.096688,0.0,0.0,0.119695,0.136814,0.263411,0.350087,0.152511,0.0,0.091277,0.0,0.300837,0.392083,0.333191,0.099444,0.161362,0.0,3e-05,0.362459,0.0,0.077913,0.215871,0.049098,0.188212,0.0,0.0,0.0,0.102716,0.0,0.0,0.049645,0.404415,0.179189,0.316248,0.330429,0.122427,0.0,0.212321,0.0,0.0,2.8e-05,0.187724,0.0,0.217173,0.0,0.0,0.326069,0.0,0.377311,0.0,0.0,0.081962,0.0,0.059997,0.094094,0.265432,0.0,0.128114,0.076676,0.20098,0.0,0.374205,0.000491,0.0,0.381374,0.0,0.33923,0.140976,0.08493,0.0,0.0,0.0,0.214005,0.19287,0.0,0.0,0.0,0.0,0.0,0.033523,0.062091,0.0,0.0,0.0,0.0,0.0,0.081771,0.095664,0.0,0.350682,0.0,0.310935,0.0,0.0,0.151752,0.0,0.24009,0.0,0.147936,0.0,0.427433,0.0,0.0,0.395287,0.267102,0.114873,0.141695,0.238274,0.0,0.0,0.24964,0.0,0.142023,0.0,0.0,0.059481,0.133601,0.287272,0.0,0.0,0.0,0.0,0.386867,0.14346,0.0,0.0,0.0,0.372041,0.0,0.0,0.0,0.00719,0.0,0.111237,0.0,0.339961,0.193643,0.346228,0.095627,0.0,0.0,1.72689,0.0,0.0,0.075348,0.417903,0.084342,0.421623,0.0,0.222456,0.05597,0.034786,0.249792,0.166797,0.0,0.0,0.155087,0.0,0.0,0.039003,0.237713,0.0,0.229624,0.182389,0.01398,0.470748,0.0,0.216185,0.0,0.135977,0.415364,0.061971,0.0,0.301357,0.096298,0.0,0.0,0.0,0.0,0.095659,0.358804,0.0,0.0,0.188368,0.0,0.0,0.0,0.0,0.111554,0.268953,0.0,0.0,0.151257,0.308963,0.0,0.333091,0.541887,0.074447,0.0,0.476461,0.097992,0.0,0.0,0.0,0.0,0.363591,0.0,0.0,0.157779,0.0,0.370241,0.030469,0.111832,0.39781,0.095097,0.0,0.24761,0.0,0.0,0.0,0.0,0.111762,0.0,0.0,0.0,0.211216,0.0,0.0,0.0,0.109554,0.0,0.0,0.149546,0.292256,0.116146,0.365996,0.0,0.166019,0.0,0.0,0.10411,0.0,0.2949,0.0
TCGA-85-A4PA-01Z-00-DX1.00AF818F-39BA-4EA7-8873-9B6C4F2D2141,0.336641,0.0,0.094604,0.0,0.0,0.221146,0.0,0.0,0.27755,0.332882,0.212951,0.001534,0.0,0.0,0.0,0.324596,0.0,0.123312,0.0,0.0,0.190644,0.0,0.0,0.0,0.0,0.0,0.205519,0.0,0.071302,0.233367,0.0,0.0,0.223179,0.3675,0.0,0.151355,0.159541,0.0,0.0,0.0,0.0,0.111718,0.131165,0.271945,0.0,0.160673,0.137748,0.0,0.0,0.213462,0.0,0.118173,0.156081,1.53704,3e-06,0.223872,0.200939,0.0,0.0,0.260104,0.0,0.0,0.0,0.061474,0.18133,0.166998,0.0,0.118286,0.061901,0.0,0.0,0.0,0.051871,0.182687,0.0,0.000223,0.0,0.0,0.0,0.0,0.0,0.241275,0.144642,0.0,0.0,0.253503,0.0,0.088072,0.168286,0.101015,0.263504,0.172458,0.226057,0.0,0.227066,0.0,0.0,0.0,0.0,0.228009,0.0,0.0,4e-05,0.284561,0.0,0.0,0.0,0.139554,0.20206,0.203587,0.180532,0.0,0.073161,1e-06,0.129367,0.0,0.0,0.274596,0.158154,0.0,0.070564,0.0,0.199497,0.0,0.0,0.0,0.23533,0.068735,0.302574,0.0,0.130779,0.0,0.314892,0.065333,0.197653,0.0,0.0,0.001879,0.09886,0.0,0.109057,0.124847,0.207815,0.09136,0.0,0.0,0.0,0.073493,0.0,0.0,0.243364,0.0,0.067575,0.227362,0.145031,0.134833,0.072529,0.214314,0.172748,0.0,0.234166,0.155413,0.0,0.0,0.0,0.001357,0.0,0.0,0.0,0.156838,0.0,0.0,0.051232,0.0,0.0,0.0,0.0,0.0,0.219998,0.237631,0.0,0.0,0.0,0.0,0.0,0.181827,0.097898,0.210655,0.0,0.0,0.0,0.0,0.208019,0.0,0.188626,0.139404,0.132555,0.147446,0.160026,0.0,0.0,0.0,1.262916,0.084738,0.0,0.0,0.203931,0.781829,0.0,0.0,0.092257,0.0,0.0,0.0,0.006163,0.118701,0.0,0.262798,0.0,0.0,0.0,0.308776,0.0,0.279749,0.185936,0.0,0.0,0.0,0.0,0.0,0.2124,0.369198,0.0,0.163573,0.0,0.165437,0.256356,0.128739,0.186481,0.0,0.002174,0.0,0.0,0.0,0.319318,0.188888,0.033857,0.0,0.14218,0.103744,0.062293,0.0,0.188222,0.0,0.0,0.179843,0.0,0.228497,0.0,0.333569,0.0,0.144755,0.0,0.000551,0.118193,0.0,0.0,0.0,0.231941,0.0,0.0,0.248293,0.276606,0.101511,0.21037,0.161629,0.0,0.243578,0.0,0.11897,0.218271,0.114059,0.203996,0.303585,0.0,4.4e-05,0.181317,0.0,0.187223,0.334896,0.160619,0.260665,0.0,1e-06,0.0,0.248489,0.0,0.0,0.154223,0.226729,0.099467,0.143841,0.165788,0.112847,0.0,0.157133,0.0,0.0,0.0,0.208867,0.0,0.161159,0.0,0.0,0.136926,0.0,0.174131,0.0,0.0,0.171699,0.0,0.173364,0.233871,0.100054,0.0,0.139347,0.209487,0.247746,0.0,0.222382,0.001923,0.0,0.217475,0.0,0.297926,0.305415,0.196588,0.0,0.0,0.0,0.063663,0.275209,0.0,0.0,0.0,0.0,0.0,0.137342,0.17549,0.0,0.0,0.0,0.0,0.0,0.209157,0.236381,0.0,0.143718,0.0,0.141482,0.0,0.0,0.16413,0.0,0.078043,0.0,0.338819,0.0,0.278166,0.0,0.0,0.334,0.239346,0.261651,0.29607,0.101436,0.0,0.0,0.069461,0.0,0.291605,0.0,0.0,0.158198,0.284819,0.095325,0.0,0.0,0.0,0.0,0.223133,0.284488,0.0,0.0,0.0,0.213608,0.0,0.0,0.0,0.077386,0.0,0.241143,0.0,0.115777,0.071532,0.145229,0.217735,0.0,0.0,1.418353,0.0,0.0,0.179236,0.246373,0.200949,0.221519,0.0,0.07139,0.117779,0.125298,0.095509,0.053021,0.0,0.0,0.344316,0.0,0.0,0.156946,0.10976,0.0,0.063388,0.135067,0.074061,0.215358,0.0,0.067625,0.0,0.150513,0.263421,0.192333,0.0,0.112782,0.125543,0.0,0.0,0.0,0.0,0.214425,0.200505,0.0,4e-06,0.223189,0.0,0.0,0.0,0.0,0.093203,0.159171,0.0,0.0,0.117403,0.132421,0.0,0.194599,0.345113,0.193019,0.0,0.310252,0.249013,0.0,0.0,0.0,0.0,0.176722,0.0,0.0,0.175693,0.0,0.213482,0.142799,0.245127,0.215621,0.224174,0.0,0.219171,0.0,0.0,1e-06,0.0,0.245116,0.0,0.0,0.0,0.065035,0.0,0.0,0.0,0.255372,0.0,0.0,0.15662,0.125772,0.172682,0.210166,0.0,0.30381,0.0,0.0,0.246187,0.0,0.082531,0.0
TCGA-33-A5GW-01Z-00-DX1.6F0833B7-EDAB-4DF4-83D9-393D8ADBFCF3,0.232469,0.0,0.072474,0.0,0.0,0.153299,0.0,0.0,0.383036,0.225093,0.12448,0.000717,0.0,0.0,0.0,0.241617,0.0,0.080334,0.0,0.0,0.296897,0.0,0.0,0.0,0.0,0.0,0.141709,0.0,0.10013,0.179546,0.0,0.0,0.145882,0.456317,0.0,0.226026,0.257794,0.0,0.0,0.0,0.0,0.200522,0.237136,0.167122,0.0,0.179829,0.076436,0.0,0.0,0.316855,0.0,0.050253,0.103016,1.578856,2e-06,0.329093,0.127855,0.0,0.0,0.168643,0.0,0.0,0.0,0.046929,0.162961,0.240936,0.0,0.078156,0.094809,0.0,0.0,0.0,0.102578,0.115997,0.0,5.9e-05,0.0,0.0,0.0,0.0,0.0,0.313246,0.096999,0.0,0.0,0.188935,0.0,0.164451,0.118999,0.048825,0.162158,0.157343,0.260807,0.0,0.318022,0.0,0.0,0.0,0.0,0.156762,1e-06,0.0,0.0,0.20667,0.0,0.0,0.0,0.140692,0.161843,0.275128,0.134274,0.0,0.154923,0.0,0.226497,0.0,0.0,0.353356,0.090469,0.0,0.139431,0.0,0.239575,0.0,0.0,0.0,0.313381,0.095125,0.20651,0.0,0.065998,0.0,0.394603,0.115202,0.32379,0.0,0.0,0.001004,0.120507,0.0,0.203548,0.070505,0.275934,0.178956,0.0,0.0,0.0,0.141127,0.0,0.0,0.149969,0.0,0.127049,0.292879,0.093274,0.066591,0.064133,0.155738,0.114767,0.0,0.354922,0.06799,0.0,0.0,0.0,0.000601,0.0,0.0,0.0,0.204664,0.0,0.0,0.028716,0.0,0.0,0.0,0.0,0.0,0.149518,0.309075,0.0,0.0,0.0,0.0,0.0,0.095934,0.136601,0.147744,0.0,0.0,0.0,0.0,0.306714,0.0,0.290038,0.246857,0.105075,0.091679,0.266357,0.0,0.0,0.0,1.376155,0.063742,0.0,0.0,0.272278,0.881801,0.0,0.0,0.129647,0.0,0.0,0.0,0.001868,0.063263,0.0,0.361311,0.0,0.0,0.0,0.214887,0.0,0.190927,0.127758,0.0,0.0,0.0,0.0,0.0,0.222015,0.239923,0.0,0.090111,0.0,0.136071,0.178743,0.073053,0.12429,0.0,0.001049,0.0,0.0,0.0,0.214954,0.250226,0.055284,0.0,0.079872,0.057442,0.110449,0.0,0.125239,0.0,0.0,0.17707,0.0,0.132133,0.0,0.225286,0.0,0.090966,0.0,0.000211,0.049248,0.0,0.0,0.0,0.165354,0.0,0.0,0.167267,0.202312,0.190867,0.272137,0.089234,0.0,0.159884,0.0,0.218222,0.299785,0.222035,0.143461,0.211263,0.0,1.8e-05,0.290326,0.0,0.114849,0.254242,0.090816,0.167044,0.0,0.0,0.0,0.16609,0.0,0.0,0.092797,0.29566,0.137065,0.230664,0.25285,0.052752,0.0,0.136376,0.0,0.0,0.001002,0.119977,0.0,0.129428,0.0,0.0,0.232393,0.0,0.274691,0.0,0.0,0.104895,0.0,0.101913,0.13685,0.137344,0.0,0.122988,0.126229,0.163024,0.0,0.313144,0.001082,0.0,0.275343,0.0,0.375775,0.216029,0.119935,0.0,0.0,0.0,0.116579,0.162623,0.0,0.0,0.0,0.0,0.0,0.082871,0.098157,0.0,0.0,0.0,0.0,0.0,0.14043,0.152394,0.0,0.253897,0.0,0.232881,0.0,0.0,0.119456,0.0,0.154961,0.0,0.23718,0.0,0.307502,0.0,0.0,0.426657,0.320115,0.174531,0.220058,0.142235,0.0,0.0,0.094652,0.0,0.206943,0.0,0.0,0.102283,0.195556,0.175284,0.0,0.0,0.0,0.0,0.317238,0.208068,0.0,0.0,0.0,0.29739,0.0,0.0,0.0,0.0344,0.0,0.157916,0.0,0.207412,0.094278,0.251717,0.14468,0.0,0.0,1.507331,0.0,0.0,0.126268,0.315094,0.144813,0.297903,0.0,0.131726,0.123365,0.06941,0.171689,0.110521,0.0,1e-06,0.239833,0.0,0.0,0.092649,0.193008,0.0,0.102232,0.14137,0.051295,0.334735,0.0,0.119662,0.0,0.075914,0.363801,0.107998,0.0,0.181116,0.122582,0.0,0.0,0.0,0.0,0.14863,0.261605,0.0,0.0,0.116359,0.0,0.0,0.0,2.7e-05,0.061594,0.241638,0.0,0.0,0.107455,0.224288,0.0,0.299527,0.400282,0.107483,0.0,0.357701,0.152145,0.0,0.0,0.0,0.0,0.277209,0.0,0.0,0.113869,0.0,0.309937,0.075738,0.179426,0.288585,0.151947,0.0,0.171132,0.0,0.0,0.0,0.0,0.158715,0.0,0.0,0.0,0.116943,0.0,0.0,0.0,0.172862,0.0,0.0,0.068829,0.222279,0.117145,0.311025,0.0,0.171291,0.0,0.0,0.176518,0.0,0.154188,0.0
TCGA-18-3415-01Z-00-DX1.8C62F2CD-4A2F-4D1E-A662-D7D5AFE557AB,0.377051,0.0,0.145346,0.0,0.0,0.272379,0.0,0.0,0.26556,0.348635,0.227611,3.9e-05,0.0,0.0,0.0,0.347854,0.0,0.123184,0.0,0.0,0.17057,0.0,0.0,0.0,0.0,0.0,0.253722,0.0,0.067893,0.277348,0.0,0.0,0.247678,0.346577,0.0,0.104892,0.12576,0.0,0.0,0.0,0.0,0.076446,0.103562,0.283666,0.0,0.162751,0.122062,0.0,0.0,0.186717,0.0,0.108101,0.152879,1.533837,0.0,0.18182,0.237662,0.0,0.0,0.289389,0.0,0.0,0.0,0.10282,0.269219,0.129175,0.0,0.162103,0.049823,0.0,0.0,0.0,0.028766,0.216314,0.0,1e-06,0.0,0.0,0.0,0.0,0.0,0.208693,0.197803,0.0,0.0,0.321606,0.0,0.066199,0.219394,0.133101,0.307693,0.18051,0.185933,0.0,0.178207,0.0,0.0,0.0,0.0,0.296767,0.0,0.0,0.0,0.323837,0.0,0.0,0.0,0.156049,0.266111,0.158982,0.23727,0.0,0.05092,0.0,0.097241,0.0,0.0,0.283049,0.153518,0.0,0.058606,0.0,0.258054,0.0,0.0,0.0,0.1997,0.057823,0.323704,0.0,0.109928,0.0,0.227801,0.049017,0.164846,0.0,0.0,0.000432,0.157656,0.0,0.085793,0.152165,0.163183,0.077945,0.0,0.0,0.0,0.058863,0.0,0.0,0.261239,0.0,0.045867,0.190849,0.219887,0.149233,0.138141,0.265176,0.228313,0.0,0.202144,0.142202,0.0,0.0,0.0,5.1e-05,0.0,0.0,0.0,0.146462,0.0,0.0,0.099725,0.0,0.0,0.0,0.0,0.0,0.238226,0.194629,0.0,0.0,0.0,0.0,0.0,0.196572,0.098861,0.268713,0.0,0.0,0.0,0.0,0.18918,0.0,0.151881,0.123831,0.188173,0.128223,0.127684,0.0,0.0,0.0,1.262869,0.132458,0.0,0.0,0.152915,0.765822,0.0,0.0,0.091243,0.0,0.0,0.0,0.001439,0.129248,0.0,0.232263,0.0,0.0,0.0,0.34112,0.0,0.314703,0.232891,0.0,0.0,0.0,0.0,0.0,0.162357,0.390852,0.0,0.187701,0.0,0.242826,0.304961,0.19217,0.244544,0.0,8.9e-05,0.0,0.0,0.0,0.329305,0.129002,0.021788,0.0,0.18843,0.149282,0.045035,0.0,0.222439,0.0,0.0,0.141443,0.0,0.241966,0.0,0.387129,0.0,0.188187,0.0,1.3e-05,0.132255,0.0,0.0,0.0,0.257416,0.0,0.0,0.290225,0.320325,0.073044,0.133109,0.166048,0.0,0.255923,0.0,0.099174,0.180376,0.090507,0.255306,0.331433,0.0,9e-06,0.160204,0.0,0.23133,0.398607,0.194958,0.258145,0.0,0.0,0.0,0.271031,0.0,0.0,0.212476,0.183871,0.072617,0.115123,0.131032,0.115826,0.0,0.119629,0.0,0.0,0.0,0.220528,0.0,0.138635,0.0,0.0,0.11321,0.0,0.160334,0.0,0.0,0.220022,0.0,0.193095,0.253911,0.100255,0.0,0.148247,0.246526,0.305138,0.0,0.18033,9.8e-05,0.0,0.157382,0.0,0.327844,0.336001,0.240774,0.0,0.0,0.0,0.048818,0.317709,0.0,0.0,0.0,0.0,0.0,0.177003,0.204827,0.0,0.0,0.0,0.0,0.0,0.247663,0.256799,0.0,0.133643,0.0,0.130899,0.0,0.0,0.196348,0.0,0.058242,0.0,0.331664,0.0,0.285322,0.0,0.0,0.34897,0.312841,0.301804,0.340907,0.084555,0.0,0.0,0.06474,0.0,0.32916,0.0,0.0,0.213414,0.317497,0.074822,0.0,0.0,0.0,0.0,0.157752,0.337487,0.0,0.0,0.0,0.176734,0.0,0.0,0.0,0.113814,0.0,0.274592,0.0,0.104582,0.071145,0.126617,0.263266,0.0,0.0,1.411104,0.0,0.0,0.228025,0.20975,0.237556,0.167066,0.0,0.050427,0.166437,0.187922,0.070358,0.037021,0.0,0.0,0.37314,0.0,0.0,0.183594,0.088804,0.0,0.045275,0.097292,0.086679,0.192391,0.0,0.05382,0.0,0.159045,0.205716,0.217193,0.0,0.086872,0.119071,0.0,0.0,0.0,0.0,0.250786,0.174715,0.0,0.0,0.223501,0.0,0.0,0.0,0.0,0.08284,0.138436,0.0,0.0,0.129973,0.103169,0.0,0.148936,0.313111,0.222452,0.0,0.277828,0.256378,0.0,0.0,0.0,0.0,0.144627,0.0,0.0,0.238469,0.0,0.164128,0.187905,0.283173,0.179205,0.258317,0.0,0.156414,0.0,0.0,0.0,0.0,0.271666,0.0,0.0,0.0,0.054666,0.0,0.0,0.0,0.286488,0.0,0.0,0.114525,0.104691,0.231113,0.161475,0.0,0.308308,0.0,0.0,0.260976,0.0,0.069945,0.0
TCGA-52-7812-01Z-00-DX1.dd6fa49a-f9fe-40a1-80b2-0824b128f3b2,0.266464,0.0,0.08442,0.0,0.0,0.188775,0.0,0.0,0.310834,0.254829,0.171545,3e-06,0.0,0.0,0.0,0.253965,0.0,0.067268,0.0,0.0,0.246122,0.0,0.0,0.0,0.0,0.0,0.171612,0.0,0.055367,0.185665,0.0,0.0,0.171432,0.402139,0.0,0.17678,0.186085,0.0,0.0,0.0,0.0,0.136235,0.158366,0.19904,0.0,0.127093,0.078379,0.0,0.0,0.248962,0.0,0.06934,0.087643,1.500253,0.0,0.264935,0.167846,0.0,0.0,0.203576,0.0,0.0,0.0,0.056396,0.165003,0.191165,0.0,0.085814,0.052718,0.0,0.0,0.0,0.051065,0.148937,0.0,2e-05,0.0,0.0,0.0,0.0,0.0,0.259847,0.120851,0.0,0.0,0.216508,0.0,0.105816,0.140473,0.074651,0.209057,0.146815,0.213514,0.0,0.25354,0.0,0.0,0.0,0.0,0.197492,0.0,0.0,0.0,0.228672,0.0,0.0,0.0,0.112114,0.17102,0.222607,0.142616,0.0,0.102433,0.0,0.16045,0.0,0.0,0.306301,0.120997,0.0,0.091304,0.0,0.233024,0.0,0.0,0.0,0.268483,0.071145,0.235705,0.0,0.061319,0.0,0.323489,0.064333,0.243304,0.0,0.0,0.000199,0.121012,0.0,0.131632,0.080825,0.226421,0.119606,0.0,0.0,0.0,0.070315,0.0,0.0,0.188216,0.0,0.08328,0.242537,0.144687,0.102696,0.081722,0.163313,0.145964,0.0,0.278201,0.087458,0.0,0.0,0.0,3e-06,0.0,0.0,0.0,0.164382,0.0,0.0,0.034132,0.0,0.0,0.0,0.0,0.0,0.159364,0.256672,0.0,0.0,0.0,0.0,0.0,0.14486,0.085402,0.18077,0.0,0.0,0.0,0.0,0.256206,0.0,0.23009,0.177147,0.119902,0.08408,0.196291,0.0,0.0,0.0,1.294571,0.080151,0.0,0.0,0.210448,0.820239,0.0,0.0,0.080833,0.0,0.0,0.0,0.000309,0.078993,0.0,0.305449,0.0,0.0,0.0,0.246131,0.0,0.226303,0.155486,0.0,0.0,0.0,0.0,0.0,0.192566,0.282388,0.0,0.127948,0.0,0.150675,0.217096,0.121957,0.166661,0.0,9e-06,0.0,0.0,0.0,0.237651,0.187904,0.027357,0.0,0.117174,0.083278,0.064628,0.0,0.151171,0.0,0.0,0.158385,0.0,0.168187,0.0,0.276106,0.0,0.119502,0.0,1e-06,0.066637,0.0,0.0,0.0,0.169703,0.0,0.0,0.204701,0.225993,0.132312,0.199938,0.102621,0.0,0.186865,0.0,0.156376,0.237343,0.129089,0.172293,0.246781,0.0,1e-06,0.22677,0.0,0.160315,0.274264,0.131159,0.195242,0.0,0.0,0.0,0.20833,0.0,0.0,0.137281,0.251387,0.107513,0.1779,0.191637,0.06197,0.0,0.107304,0.0,0.0,0.0,0.137372,0.0,0.122223,0.0,0.0,0.169453,0.0,0.219092,0.0,0.0,0.146087,0.0,0.135614,0.179579,0.086638,0.0,0.113932,0.182845,0.193309,0.0,0.252353,1.1e-05,0.0,0.222142,0.0,0.32885,0.234489,0.159747,0.0,0.0,0.0,0.062325,0.203451,0.0,0.0,0.0,0.0,0.0,0.120494,0.138894,0.0,0.0,0.0,0.0,0.0,0.165506,0.180886,0.0,0.189938,0.0,0.184185,0.0,0.0,0.120738,0.0,0.091579,0.0,0.255229,0.0,0.267817,0.0,0.0,0.385581,0.294758,0.216134,0.240181,0.067726,0.0,0.0,0.046592,0.0,0.225022,0.0,0.0,0.140041,0.218055,0.129643,0.0,0.0,0.0,0.0,0.245948,0.248679,0.0,0.0,0.0,0.241007,0.0,0.0,0.0,0.070616,0.0,0.192677,0.0,0.146605,0.046575,0.184021,0.185827,0.0,0.0,1.44486,0.0,0.0,0.142266,0.268956,0.169488,0.248941,0.0,0.069548,0.12667,0.11735,0.123648,0.088322,0.0,0.0,0.275117,0.0,0.0,0.110229,0.130853,0.0,0.05745,0.112413,0.099567,0.279326,0.0,0.071578,0.0,0.09038,0.292747,0.138137,0.0,0.130557,0.115718,0.0,0.0,0.0,0.0,0.17155,0.225627,0.0,0.0,0.16534,0.0,0.0,0.0,0.0,0.052103,0.19768,0.0,0.0,0.077336,0.166337,0.0,0.205798,0.353127,0.1466,0.0,0.301274,0.188971,0.0,0.0,0.0,0.0,0.205031,0.0,0.0,0.146802,0.0,0.244994,0.106997,0.195752,0.244104,0.199098,0.0,0.166988,0.0,0.0,0.0,0.0,0.194528,0.0,0.0,0.0,0.068851,0.0,0.0,0.0,0.192977,0.0,0.0,0.097822,0.164642,0.146379,0.235657,0.0,0.219197,0.0,0.0,0.192247,0.0,0.102227,0.0
TCGA-33-6738-01Z-00-DX5.4af96952-d323-4d2e-9871-e590b7c5f59d,0.186278,0.0,0.079645,0.0,0.0,0.128487,0.0,0.0,0.378814,0.183569,0.120558,0.000148,0.0,0.0,0.0,0.200221,0.0,0.068549,0.0,0.0,0.323983,0.0,0.0,0.0,0.0,0.0,0.115622,0.0,0.135741,0.154735,0.0,0.0,0.129527,0.512568,0.0,0.253013,0.286481,0.0,0.0,0.0,0.0,0.254106,0.261043,0.14452,0.0,0.194187,0.075799,0.0,0.0,0.33829,0.0,0.057441,0.089988,1.572989,0.0,0.388418,0.122803,0.0,0.0,0.145928,0.0,0.0,0.0,0.06014,0.13543,0.276352,0.0,0.063136,0.15244,0.0,0.0,0.0,0.151948,0.111028,0.0,7.1e-05,0.0,0.0,0.0,0.0,0.0,0.339281,0.08627,0.0,0.0,0.149587,0.0,0.217247,0.111148,0.051424,0.139103,0.124658,0.280987,0.0,0.377696,0.0,0.0,0.0,0.0,0.133738,1e-06,0.0,0.0,0.179987,0.0,0.0,0.0,0.144827,0.133549,0.286657,0.128247,0.0,0.183151,0.0,0.279347,0.0,0.0,0.412572,0.101703,0.0,0.185376,0.0,0.266895,0.0,0.0,0.0,0.339508,0.136586,0.180939,0.0,0.049771,0.0,0.441279,0.192026,0.386772,0.0,0.0,0.004915,0.123552,0.0,0.234873,0.07369,0.286184,0.211941,0.0,0.0,0.0,0.178446,0.0,0.0,0.125344,0.0,0.172561,0.31102,0.077163,0.073299,0.064775,0.12978,0.102435,0.0,0.400531,0.079827,0.0,0.0,0.0,0.000201,0.0,0.0,0.0,0.28276,0.0,0.0,0.031917,0.0,0.0,0.0,0.0,0.0,0.134365,0.343119,0.0,0.0,0.0,0.0,0.0,0.097577,0.175551,0.127822,0.0,0.0,0.0,0.0,0.334302,0.0,0.331938,0.273615,0.087077,0.077972,0.297087,0.0,0.0,0.0,1.423126,0.082119,0.0,0.0,0.287447,0.937799,0.0,0.0,0.088764,0.0,0.0,0.0,0.0079,0.087755,0.0,0.444842,0.0,0.0,0.0,0.187132,0.0,0.159551,0.120109,0.0,0.0,0.0,0.0,0.0,0.25102,0.2036,0.0,0.093996,0.0,0.117188,0.170293,0.087485,0.116471,0.0,0.000613,0.0,0.0,0.0,0.179231,0.285689,0.090722,0.0,0.078262,0.055249,0.166209,0.0,0.106281,0.0,0.0,0.175745,0.0,0.11925,0.0,0.155781,0.0,0.072541,0.0,6.4e-05,0.060794,0.0,0.0,0.0,0.138128,0.0,0.0,0.148603,0.184266,0.226543,0.305267,0.095119,0.0,0.148062,0.0,0.23422,0.321858,0.278275,0.138427,0.18246,0.0,0.000121,0.301107,0.0,0.112434,0.219302,0.10036,0.158346,0.0,0.0,0.0,0.152337,0.0,0.0,0.105782,0.329392,0.14203,0.262986,0.286967,0.059597,0.0,0.13032,0.0,0.0,5e-06,0.107261,0.0,0.140973,0.0,0.0,0.268899,0.0,0.31007,0.0,0.0,0.083694,0.0,0.105731,0.119032,0.182264,0.0,0.094268,0.131123,0.143049,0.0,0.315692,0.000785,0.0,0.311219,0.0,0.365142,0.18821,0.102841,0.0,0.0,0.0,0.165614,0.128715,0.0,0.0,0.0,0.0,0.0,0.097982,0.095297,0.0,0.0,0.0,0.0,0.0,0.127418,0.138254,0.0,0.276817,0.0,0.260679,0.0,0.0,0.097159,0.0,0.196435,0.0,0.219413,0.0,0.328517,0.0,0.0,0.480887,0.348682,0.156451,0.188368,0.176596,0.0,0.0,0.17613,0.0,0.176351,0.0,0.0,0.104934,0.164369,0.255168,0.0,0.0,0.0,0.0,0.365496,0.198376,0.0,0.0,0.0,0.322413,0.0,0.0,0.0,0.058458,0.0,0.131723,0.0,0.267694,0.127843,0.272849,0.123193,0.0,0.0,1.555255,0.0,0.0,0.108845,0.344173,0.130777,0.345947,0.0,0.172636,0.141937,0.079763,0.20968,0.144533,0.0,0.0,0.220819,0.0,0.0,0.101331,0.21001,0.0,0.18095,0.146166,0.095038,0.41189,0.0,0.174022,0.0,0.075574,0.388915,0.10277,0.0,0.254229,0.119801,0.0,0.0,0.0,0.0,0.113474,0.27641,0.0,0.0,0.124997,0.0,0.0,0.0,0.0,0.083449,0.251556,0.0,0.0,0.116685,0.258161,0.0,0.321447,0.418235,0.10899,0.0,0.38788,0.144987,0.0,0.0,0.0,0.0,0.309241,0.0,0.0,0.124067,0.0,0.345494,0.07842,0.151344,0.310517,0.13846,0.0,0.164813,0.0,0.0,0.0,0.0,0.132333,0.0,0.0,0.0,0.149428,0.0,0.0,0.0,0.153799,0.0,0.0,0.077553,0.25089,0.115633,0.340595,0.0,0.165158,0.0,0.0,0.153059,0.0,0.223223,0.0
TCGA-22-0940-01Z-00-DX1.775CB101-6A55-40DD-B19F-7BFCA7820F5F,0.249646,0.0,0.07706,0.0,0.0,0.176815,0.0,0.0,0.368116,0.244476,0.137833,0.000134,0.0,0.0,0.0,0.254441,0.0,0.072517,0.0,0.0,0.28208,0.0,0.0,0.0,0.0,0.0,0.164712,0.0,0.081724,0.184447,0.0,0.0,0.157295,0.429602,0.0,0.20996,0.223917,0.0,0.0,0.0,0.0,0.171256,0.20793,0.180015,0.0,0.175755,0.053419,0.0,0.0,0.291185,0.0,0.041065,0.094541,1.562934,1e-06,0.292721,0.148507,0.0,0.0,0.183091,0.0,0.0,0.0,0.039013,0.198498,0.206738,0.0,0.101273,0.084523,0.0,0.0,0.0,0.078861,0.116582,0.0,1.2e-05,0.0,0.0,0.0,0.0,0.0,0.289394,0.114509,0.0,0.0,0.223006,0.0,0.140283,0.122708,0.055811,0.198329,0.163849,0.233359,0.0,0.28139,0.0,0.0,0.0,0.0,0.179018,0.0,0.0,0.0,0.222034,0.0,0.0,0.0,0.151915,0.180335,0.258938,0.153356,0.0,0.143616,0.0,0.194159,0.0,0.0,0.367552,0.065727,0.0,0.121246,0.0,0.267274,0.0,0.0,0.0,0.291642,0.111947,0.214484,0.0,0.051534,0.0,0.330732,0.087059,0.274588,0.0,0.0,0.000418,0.134436,0.0,0.179297,0.074879,0.257867,0.15072,0.0,0.0,0.0,0.110942,0.0,0.0,0.169036,0.0,0.118801,0.268471,0.122642,0.074494,0.075167,0.188734,0.139103,0.0,0.326892,0.052614,0.0,0.0,0.0,0.000113,0.0,0.0,0.0,0.182576,0.0,0.0,0.031825,0.0,0.0,0.0,0.0,0.0,0.155452,0.286938,0.0,0.0,0.0,0.0,0.0,0.109734,0.122759,0.174522,0.0,0.0,0.0,0.0,0.292825,0.0,0.261299,0.224185,0.129115,0.089291,0.245477,0.0,0.0,0.0,1.351016,0.070186,0.0,0.0,0.250238,0.854087,0.0,0.0,0.119391,0.0,0.0,0.0,0.00112,0.055251,0.0,0.317417,0.0,0.0,0.0,0.229365,0.0,0.215721,0.143035,0.0,0.0,0.0,0.0,0.0,0.195404,0.252212,0.0,0.093951,0.0,0.170118,0.19316,0.081781,0.151282,0.0,0.000209,0.0,0.0,0.0,0.220918,0.213072,0.044341,0.0,0.097933,0.068508,0.086395,0.0,0.140954,0.0,0.0,0.161794,0.0,0.144732,0.0,0.271934,0.0,0.111041,0.0,3.6e-05,0.050077,0.0,0.0,0.0,0.181609,0.0,0.0,0.178866,0.201606,0.17239,0.234167,0.091466,0.0,0.159828,0.0,0.209313,0.276724,0.189695,0.157418,0.220269,0.0,9e-06,0.269592,0.0,0.126768,0.280942,0.100137,0.165488,0.0,0.0,0.0,0.171621,0.0,0.0,0.105398,0.28231,0.126212,0.203916,0.226969,0.040032,0.0,0.122557,0.0,0.0,9e-05,0.125058,0.0,0.112857,0.0,0.0,0.206227,0.0,0.258361,0.0,0.0,0.13409,0.0,0.10275,0.152639,0.129497,0.0,0.129116,0.137022,0.180394,0.0,0.292685,0.000209,0.0,0.247544,0.0,0.393288,0.23096,0.140429,0.0,0.0,0.0,0.104676,0.18847,0.0,0.0,0.0,0.0,0.0,0.095211,0.116011,0.0,0.0,0.0,0.0,0.0,0.160016,0.166557,0.0,0.240539,0.0,0.20928,0.0,0.0,0.143582,0.0,0.133727,0.0,0.23154,0.0,0.297594,0.0,0.0,0.422222,0.335755,0.190535,0.236944,0.113529,0.0,0.0,0.073027,0.0,0.215643,0.0,0.0,0.118025,0.213306,0.149576,0.0,0.0,0.0,0.0,0.277768,0.230685,0.0,0.0,0.0,0.270119,0.0,0.0,0.0,0.028919,0.0,0.170936,0.0,0.192504,0.073116,0.238723,0.170793,0.0,0.0,1.483644,0.0,0.0,0.13653,0.287276,0.154752,0.266189,0.0,0.111193,0.134367,0.08253,0.156445,0.106454,0.0,0.0,0.24055,0.0,0.0,0.09295,0.176284,0.0,0.07987,0.123118,0.027075,0.303372,0.0,0.098915,0.0,0.072533,0.338018,0.112696,0.0,0.156084,0.110248,0.0,0.0,0.0,0.0,0.170048,0.25056,0.0,0.0,0.102078,0.0,0.0,0.0,1e-06,0.046739,0.232169,0.0,0.0,0.109829,0.195355,0.0,0.257521,0.380386,0.105054,0.0,0.338031,0.162839,0.0,0.0,0.0,0.0,0.244124,0.0,0.0,0.149897,0.0,0.268431,0.084156,0.195448,0.275906,0.180163,0.0,0.139029,0.0,0.0,0.0,0.0,0.174914,0.0,0.0,0.0,0.106283,0.0,0.0,0.0,0.176328,0.0,0.0,0.046081,0.201204,0.143346,0.273131,0.0,0.173278,0.0,0.0,0.181038,0.0,0.133121,0.0
TCGA-33-4538-01Z-00-DX3.27b62beb-d3c4-493b-8663-73f128c0ad77,0.246837,0.0,0.043618,0.0,0.0,0.156993,0.0,0.0,0.357935,0.246814,0.137054,1.3e-05,0.0,0.0,0.0,0.251366,0.0,0.116486,0.0,0.0,0.278778,0.0,0.0,0.0,0.0,0.0,0.139977,0.0,0.089775,0.176847,0.0,0.0,0.15952,0.469253,0.0,0.224322,0.248714,0.0,0.0,0.0,0.0,0.200931,0.223449,0.181163,0.0,0.18894,0.129923,0.0,0.0,0.305638,0.0,0.093473,0.134054,1.632081,0.0,0.328677,0.140515,0.0,0.0,0.182467,0.0,2e-06,0.0,0.019362,0.150087,0.244415,0.0,0.075628,0.088787,0.0,0.0,0.0,0.096988,0.104113,0.0,9.2e-05,0.0,0.0,0.0,0.0,0.0,0.32964,0.079753,0.0,0.0,0.193316,0.0,0.156884,0.112814,0.036516,0.175214,0.1643,0.279942,0.0,0.324445,0.0,0.0,0.0,0.0,0.157565,3e-06,0.0,0.0,0.207357,0.0,0.0,0.0,0.135633,0.135524,0.285426,0.128791,0.0,0.145288,0.0,0.227455,0.0,0.0,0.327554,0.145818,0.0,0.127878,0.0,0.191574,0.0,0.0,0.0,0.326978,0.07995,0.215592,1e-06,0.107886,0.0,0.40388,0.103566,0.305204,0.0,0.0,0.000834,0.077094,0.0,0.191287,0.083817,0.279434,0.166989,0.0,0.0,0.0,0.130505,0.0,0.0,0.156865,0.0,0.12103,0.311061,0.079967,0.067935,0.034458,0.154721,0.106798,0.0,0.349845,0.117048,0.0,0.0,0.0,1.7e-05,0.0,0.0,0.0,0.210662,0.0,0.0,0.026751,0.0,0.0,0.0,0.0,0.0,0.158867,0.325643,0.0,0.0,0.0,0.0,0.0,0.111002,0.138045,0.145625,0.0,0.0,0.0,0.0,0.302615,0.0,0.2843,0.234714,0.083236,0.137821,0.252427,0.0,0.0,0.0,1.404711,0.033274,0.0,0.0,0.26816,0.90661,0.0,0.0,0.11517,0.0,0.0,0.0,0.002217,0.087478,0.0,0.363775,0.0,0.0,0.0,0.221165,0.0,0.191566,0.12384,0.0,0.0,0.0,0.0,0.0,0.262032,0.250956,0.0,0.084514,0.0,0.10902,0.17763,0.061084,0.108627,0.0,7.7e-05,0.0,0.0,0.0,0.224738,0.261946,0.048758,0.0,0.082287,0.052701,0.105372,0.0,0.118258,0.0,0.0,0.21117,0.0,0.147708,0.0,0.259424,0.0,0.083438,0.0,3e-06,0.085455,0.0,0.0,0.0,0.163559,0.0,0.0,0.164703,0.19066,0.177755,0.281848,0.134499,0.0,0.169466,0.0,0.197844,0.30152,0.207276,0.143654,0.221992,0.0,1.5e-05,0.285122,0.0,0.111472,0.267149,0.091597,0.209746,0.0,0.0,0.0,0.168424,0.0,0.0,0.073698,0.31349,0.137606,0.230405,0.24678,0.086946,0.0,0.178878,0.0,0.0,0.000339,0.164974,0.0,0.16694,0.0,0.0,0.233593,0.0,0.264133,0.0,0.0,0.117202,0.0,0.101919,0.148957,0.137618,0.0,0.122403,0.134373,0.194672,0.0,0.310463,0.000102,0.0,0.301487,0.0,0.323025,0.218693,0.125711,0.0,0.0,0.0,0.104998,0.197519,0.0,0.0,0.0,0.0,0.0,0.065187,0.105088,0.0,0.0,0.0,0.0,0.0,0.144423,0.170153,0.0,0.242,0.0,0.220033,0.0,0.0,0.126717,0.0,0.150687,0.0,0.239519,0.0,0.338863,0.0,0.0,0.370449,0.245471,0.179844,0.216296,0.146881,0.0,0.0,0.084572,0.0,0.219473,0.0,0.0,0.096794,0.192344,0.176623,0.0,0.0,0.0,0.0,0.312618,0.207749,0.0,0.0,0.0,0.304522,0.0,0.0,0.0,0.023669,0.0,0.170188,0.0,0.202723,0.095168,0.231904,0.136503,0.0,0.0,1.551634,0.0,0.0,0.116457,0.324869,0.13209,0.300556,0.0,0.118191,0.070945,0.053337,0.171396,0.102219,0.0,0.0,0.246001,0.0,0.0,0.090698,0.185783,0.0,0.096452,0.150418,0.0409,0.32542,0.0,0.117739,0.0,0.121494,0.355076,0.101759,0.0,0.180506,0.129876,0.0,0.0,0.0,0.0,0.150668,0.273265,0.0,0.0,0.188811,0.0,0.0,0.0,0.0,0.081609,0.220082,0.0,0.0,0.102102,0.207616,0.0,0.285642,0.424262,0.118041,0.0,0.38242,0.175378,0.0,0.0,0.0,0.0,0.266789,0.0,0.0,0.118855,0.0,0.31046,0.071995,0.178155,0.285922,0.154686,0.0,0.212063,0.0,0.0,0.0,0.0,0.170081,0.0,0.0,0.0,0.099766,0.0,0.0,0.0,0.162574,0.0,0.0,0.125176,0.212713,0.132088,0.302863,0.0,0.207821,0.0,0.0,0.179142,0.0,0.144469,0.0
TCGA-60-2726-01Z-00-DX1.3c30934b-c93a-4dad-9c44-b417eae17137,0.404778,0.0,0.238649,0.0,0.0,0.312621,0.0,0.0,0.182316,0.421272,0.322948,5.5e-05,0.0,0.0,0.0,0.427693,0.0,0.169976,0.0,0.0,0.084634,0.0,0.0,0.0,0.0,0.0,0.35416,0.0,0.033845,0.345844,0.0,0.0,0.297641,0.239408,0.0,0.04894,0.055945,0.0,0.0,0.0,0.0,0.037722,0.050344,0.358471,0.0,0.234988,0.098451,0.0,0.0,0.093939,0.0,0.141581,0.191249,1.465198,4e-06,0.094154,0.317303,0.0,0.0,0.343815,0.0,1.7e-05,0.0,0.180019,0.378092,0.083539,0.0,0.274341,0.032042,0.0,0.0,0.0,0.016915,0.291125,0.0,1.2e-05,0.0,0.0,0.0,0.0,0.0,0.134125,0.26637,0.0,0.0,0.40107,0.0,0.026971,0.304724,0.219249,0.398973,0.182897,0.090049,0.0,0.106719,0.0,0.0,0.0,0.0,0.361164,0.0,0.0,0.0,0.404298,0.0,0.0,0.0,0.25802,0.339345,0.08365,0.314765,0.0,0.022358,0.0,0.046867,0.0,0.0,0.398564,0.133665,0.0,0.024192,0.0,0.347542,0.0,0.0,0.0,0.098296,0.185428,0.418771,0.0,0.129083,0.0,0.096286,0.024696,0.086697,0.0,0.0,0.000522,0.194548,0.0,0.039083,0.23271,0.091575,0.029458,0.0,0.0,0.0,0.020963,0.0,0.0,0.331444,0.0,0.018849,0.093995,0.307647,0.21451,0.238711,0.386331,0.280974,0.0,0.09855,0.194626,0.0,0.0,0.0,3.9e-05,0.0,0.0,0.0,0.099302,0.0,0.0,0.213849,0.0,0.0,0.0,0.0,0.0,0.341212,0.125598,0.0,0.0,0.0,0.0,0.0,0.278581,0.043787,0.322541,0.0,0.0,0.0,0.0,0.104711,0.0,0.083753,0.05596,0.25157,0.144757,0.054992,0.0,0.0,0.0,1.109907,0.242073,0.0,0.0,0.080874,0.639651,0.0,0.0,0.013908,4e-06,0.0,0.0,0.012186,0.148971,0.0,0.151214,0.0,0.0,0.0,0.416764,0.0,0.397938,0.30537,0.0,0.0,0.0,0.0,0.0,0.110899,0.48072,0.0,0.290545,0.0,0.362918,0.411374,0.284046,0.34287,0.0,0.000106,0.0,0.0,0.0,0.43474,0.081862,0.019357,0.0,0.233284,0.193515,0.022017,0.0,0.283467,0.0,0.0,0.096931,0.0,0.312595,0.0,0.38183,0.0,0.265729,0.0,1.6e-05,0.188857,0.0,0.0,0.0,0.361845,0.0,0.0,0.364705,0.380373,0.032837,0.081141,0.250796,0.0,0.344737,0.0,0.036311,0.099233,0.041067,0.3233,0.39924,0.0,1.4e-05,0.077544,0.0,0.283494,0.509614,0.292997,0.327558,0.0,0.0,0.0,0.355837,0.0,0.0,0.295608,0.087066,0.04555,0.057571,0.068289,0.131706,0.0,0.121843,0.0,0.0,0.0,0.279628,0.0,0.151957,0.0,0.0,0.051476,0.0,0.07726,0.0,0.0,0.258318,0.0,0.25507,0.336768,0.051628,0.0,0.222248,0.340528,0.369074,0.0,0.101563,0.000105,0.0,0.083748,0.0,0.380972,0.42623,0.258831,0.0,0.0,0.0,0.025308,0.363557,0.0,0.0,0.0,0.0,0.0,0.292187,0.263341,0.0,0.0,0.0,0.0,0.0,0.335869,0.313965,0.0,0.054379,0.0,0.059649,0.0,0.0,0.296401,0.0,0.022857,0.0,0.44491,0.0,0.218104,0.0,0.0,0.378852,0.359266,0.375581,0.429881,0.038816,0.0,0.0,0.026831,0.0,0.383295,0.0,0.0,0.295373,0.405163,0.032939,1e-06,0.0,0.0,0.0,0.113094,0.419714,0.0,0.0,0.0,0.098872,0.0,0.0,0.0,0.208041,0.0,0.320245,0.0,0.037274,0.038257,0.054659,0.340493,0.0,0.0,1.291817,0.0,0.0,0.275894,0.105372,0.337873,0.089392,0.0,0.02044,0.250507,0.277533,0.024822,0.02495,0.0,0.0,0.471792,0.0,0.0,0.277026,0.035814,0.0,0.02255,0.118621,0.121163,0.100755,0.0,0.019105,0.0,0.21266,0.112722,0.295614,0.0,0.04722,0.145965,0.0,0.0,0.0,0.0,0.320148,0.081335,0.0,0.0,0.175711,0.0,0.0,0.0,2e-06,0.170816,0.057249,0.0,0.0,0.212976,0.044491,0.0,0.075427,0.208473,0.233716,0.0,0.208722,0.342514,0.0,0.0,0.0,0.0,0.076932,0.0,0.0,0.416097,0.0,0.059894,0.251102,0.357628,0.101453,0.340399,0.0,0.107113,0.0,0.0,1e-06,0.0,0.319731,0.0,0.0,0.0,0.01838,0.0,0.0,0.0,0.379208,0.0,0.0,0.088336,0.047179,0.31982,0.091527,0.0,0.369158,0.0,0.0,0.345758,0.0,0.031006,0.0
TCGA-56-8307-01Z-00-DX1.20EE4B4C-403F-44AA-8B0E-711003E60B8F,0.303505,0.0,0.133305,0.0,0.0,0.221937,0.0,0.0,0.268291,0.29296,0.206832,7e-06,0.0,0.0,0.0,0.278886,0.0,0.076945,0.0,0.0,0.186338,0.0,0.0,0.0,0.0,0.0,0.217209,0.0,0.0434,0.22398,0.0,0.0,0.196484,0.366758,0.0,0.118184,0.148525,0.0,0.0,0.0,0.0,0.087301,0.120026,0.23763,0.0,0.139857,0.077989,0.0,0.0,0.194212,0.0,0.077814,0.115775,1.444158,0.0,0.211398,0.202137,0.0,0.0,0.235031,0.0,0.0,0.0,0.096478,0.210036,0.150082,0.0,0.12475,0.037419,0.0,0.0,0.0,0.028887,0.196439,0.0,8e-06,0.0,0.0,0.0,0.0,0.0,0.215845,0.163046,0.0,0.0,0.259944,0.0,0.067085,0.190347,0.110169,0.255277,0.145989,0.17673,0.0,0.206498,0.0,0.0,0.0,0.0,0.242791,0.0,0.0,0.0,0.271213,0.0,0.0,0.0,0.130004,0.211181,0.159135,0.181966,0.0,0.061563,0.0,0.106102,0.0,0.0,0.309724,0.130019,0.0,0.059122,0.0,0.262846,0.0,0.0,0.0,0.203559,0.075046,0.270386,0.0,0.068537,0.0,0.256518,0.041421,0.195842,0.0,0.0,0.001016,0.135458,0.0,0.087974,0.125174,0.173899,0.081727,0.0,0.0,0.0,0.048889,0.0,0.0,0.223022,0.0,0.04916,0.188517,0.183326,0.122428,0.127263,0.207936,0.176251,0.0,0.212688,0.104779,0.0,0.0,0.0,6e-06,0.0,0.0,0.0,0.136234,0.0,0.0,0.066547,0.0,0.0,0.0,0.0,0.0,0.196576,0.221507,0.0,0.0,0.0,0.0,0.0,0.176699,0.064926,0.214043,0.0,0.0,0.0,0.0,0.198867,0.0,0.185955,0.129378,0.161992,0.077728,0.136383,0.0,0.0,0.0,1.234291,0.133444,0.0,0.0,0.16929,0.771975,0.0,0.0,0.063995,0.0,0.0,0.0,0.001967,0.11457,0.0,0.265892,0.0,0.0,0.0,0.283916,0.0,0.264711,0.196655,0.0,0.0,0.0,0.0,0.0,0.165481,0.32501,0.0,0.178668,0.0,0.209389,0.264491,0.168117,0.214887,0.0,2.6e-05,0.0,0.0,0.0,0.277808,0.141768,0.016519,0.0,0.14937,0.108304,0.045011,0.0,0.188268,0.0,0.0,0.134812,0.0,0.206145,0.0,0.296466,0.0,0.164894,0.0,0.0,0.073258,0.0,0.0,0.0,0.210162,0.0,0.0,0.245824,0.271092,0.09315,0.152015,0.116983,0.0,0.222289,0.0,0.116718,0.185341,0.08518,0.219811,0.276098,0.0,0.0,0.182333,0.0,0.194193,0.332988,0.179162,0.22626,0.0,0.0,0.0,0.248699,0.0,0.0,0.19035,0.187372,0.073167,0.135889,0.158408,0.072745,0.0,0.094148,0.0,0.0,0.0,0.167108,0.0,0.123828,0.0,0.0,0.129747,0.0,0.178092,0.0,0.0,0.17479,0.0,0.170292,0.215491,0.063418,0.0,0.141803,0.218514,0.231724,0.0,0.204606,2.1e-05,0.0,0.17977,0.0,0.329558,0.272088,0.178959,0.0,0.0,0.0,0.042659,0.23315,0.0,0.0,0.0,0.0,0.0,0.168736,0.170121,0.0,0.0,0.0,0.0,0.0,0.208098,0.208499,0.0,0.135733,0.0,0.150159,0.0,0.0,0.167157,0.0,0.056072,0.0,0.30313,0.0,0.252944,0.0,0.0,0.375965,0.313598,0.263699,0.277482,0.055473,0.0,0.0,0.034758,0.0,0.259089,0.0,0.0,0.189571,0.265991,0.077903,0.0,0.0,0.0,0.0,0.200505,0.287182,0.0,0.0,0.0,0.19156,0.0,0.0,0.0,0.112426,0.0,0.224464,0.0,0.09844,0.03738,0.141715,0.220414,0.0,0.0,1.375864,0.0,0.0,0.176182,0.216914,0.215387,0.197052,0.0,0.047074,0.16679,0.167628,0.074662,0.059075,0.0,0.0,0.321344,0.0,0.0,0.156345,0.082341,0.0,0.038345,0.099657,0.134782,0.235351,0.0,0.046939,0.0,0.109489,0.233469,0.179411,0.0,0.098404,0.122585,0.0,0.0,0.0,0.0,0.209349,0.173635,0.0,0.0,0.167367,0.0,0.0,0.0,0.0,0.075999,0.148675,0.0,0.0,0.101746,0.126228,0.0,0.156527,0.301582,0.16136,0.0,0.276318,0.217043,0.0,0.0,0.0,0.0,0.160075,0.0,0.0,0.196718,0.0,0.178245,0.155118,0.228581,0.206503,0.233764,0.0,0.152277,0.0,0.0,1e-06,0.0,0.222185,0.0,0.0,0.0,0.046093,0.0,0.0,0.0,0.248462,1e-06,0.0,0.092606,0.11966,0.173106,0.182444,0.0,0.256788,0.0,0.0,0.224509,0.0,0.060746,0.0
TCGA-85-6798-01Z-00-DX1.c8ca3a56-b337-4345-b55a-83b0ae9a75f0,0.295263,0.0,0.101238,0.0,0.0,0.216978,0.0,0.0,0.333209,0.278824,0.177987,2.9e-05,0.0,0.0,0.0,0.289406,0.0,0.076581,0.0,0.0,0.237479,0.0,0.0,0.0,0.0,0.0,0.194523,0.0,0.065567,0.222032,0.0,0.0,0.194885,0.391958,0.0,0.170793,0.177212,0.0,0.0,0.0,0.0,0.137467,0.162265,0.216609,0.0,0.146615,0.073549,0.0,0.0,0.246935,0.0,0.055829,0.095817,1.558063,0.0,0.248183,0.183605,0.0,0.0,0.22306,0.0,0.0,0.0,0.062382,0.212021,0.178989,0.0,0.101595,0.05711,0.0,0.0,0.0,0.051295,0.154637,0.0,0.000291,0.0,0.0,0.0,0.0,0.0,0.256822,0.13589,0.0,0.0,0.24941,0.0,0.102516,0.164951,0.08429,0.218998,0.168848,0.207283,0.0,0.24588,0.0,0.0,0.0,0.0,0.222555,0.0,0.0,0.0,0.262209,0.0,0.0,0.0,0.129378,0.207836,0.22301,0.174553,0.0,0.102022,0.0,0.16043,0.0,0.0,0.32618,0.111636,0.0,0.095369,0.0,0.263579,0.0,0.0,0.0,0.256924,0.074376,0.261291,0.0,0.058332,0.0,0.32998,0.062731,0.231273,0.0,0.0,0.001085,0.150608,0.0,0.131962,0.086377,0.218595,0.118689,0.0,0.0,0.0,0.07953,0.0,0.0,0.201548,0.0,0.080625,0.244438,0.154688,0.113526,0.102996,0.195191,0.170547,0.0,0.276501,0.078542,0.0,0.0,0.0,3.6e-05,0.0,0.0,0.0,0.157447,0.0,0.0,0.043101,0.0,0.0,0.0,0.0,0.0,0.193797,0.248459,0.0,0.0,0.0,0.0,0.0,0.151028,0.097113,0.20829,0.0,0.0,0.0,0.0,0.248199,0.0,0.215296,0.181424,0.142538,0.095364,0.195935,0.0,0.0,0.0,1.329635,0.092207,0.0,0.0,0.202533,0.828183,0.0,0.0,0.116509,0.0,0.0,0.0,0.002512,0.073255,0.0,0.291166,0.0,0.0,0.0,0.271001,0.0,0.253311,0.175374,0.0,0.0,0.0,0.0,0.0,0.180854,0.30492,0.0,0.139092,0.0,0.189638,0.243468,0.129846,0.183471,0.0,0.000138,0.0,0.0,0.0,0.266809,0.181912,0.029099,0.0,0.134718,0.103973,0.060879,0.0,0.171381,0.0,0.0,0.145008,0.0,0.186444,0.0,0.298432,0.0,0.138175,0.0,8e-06,0.063375,0.0,0.0,0.0,0.210277,0.0,0.0,0.219696,0.252288,0.12832,0.198183,0.106539,0.0,0.205493,0.0,0.157598,0.240171,0.138074,0.195243,0.269014,0.0,2.6e-05,0.223376,0.0,0.181564,0.318096,0.147293,0.196002,0.0,0.0,0.0,0.216871,0.0,0.0,0.149997,0.245312,0.109202,0.173207,0.187749,0.060549,0.0,0.111128,0.0,0.0,3.9e-05,0.144419,0.0,0.115534,0.0,0.0,0.167293,0.0,0.211623,0.0,0.0,0.172348,0.0,0.143481,0.190597,0.102717,0.0,0.111248,0.186713,0.218303,0.0,0.244451,0.000192,0.0,0.218038,0.0,0.359957,0.266097,0.177144,0.0,0.0,0.0,0.068387,0.227291,0.0,0.0,0.0,0.0,0.0,0.129309,0.14434,0.0,0.0,0.0,0.0,0.0,0.194412,0.204588,0.0,0.18769,0.0,0.173056,0.0,0.0,0.131102,0.0,0.095327,0.0,0.27701,0.0,0.275787,0.0,0.0,0.412863,0.32904,0.234849,0.270546,0.085253,0.0,0.0,0.058465,0.0,0.262836,0.0,0.0,0.161513,0.246323,0.113634,0.0,0.0,0.0,0.0,0.231565,0.268019,0.0,0.0,0.0,0.238138,0.0,0.0,0.0,0.065562,0.0,0.225995,0.0,0.142688,0.060548,0.18312,0.207556,0.0,0.0,1.468322,0.0,0.0,0.174459,0.258856,0.188739,0.2348,0.0,0.078732,0.147303,0.121417,0.11802,0.076067,0.0,0.0,0.2973,0.0,0.0,0.134997,0.142717,0.0,0.056837,0.100495,0.067896,0.264555,0.0,0.073979,0.0,0.094011,0.297607,0.15542,0.0,0.126232,0.105691,0.0,0.0,0.0,0.0,0.203786,0.220004,0.0,5e-06,0.149684,0.0,0.0,0.0,0.0,0.054733,0.192964,0.0,0.0,0.088073,0.155513,0.0,0.210267,0.34896,0.158605,0.0,0.304869,0.210868,0.0,0.0,0.0,0.0,0.202422,0.0,0.0,0.160139,0.0,0.246675,0.118287,0.23041,0.231556,0.209726,0.0,0.140466,0.0,0.0,0.0,0.0,0.213477,0.0,0.0,0.0,0.076781,0.0,0.0,0.0,0.220348,0.0,0.0,0.066959,0.16259,0.161919,0.233263,0.0,0.223901,0.0,0.0,0.215907,0.0,0.103653,0.0
TCGA-56-7223-01Z-00-DX1.dd01c478-6dfa-4757-85fd-d956d70ec372,0.33892,0.0,0.175018,0.0,0.0,0.25962,0.0,0.0,0.293688,0.321104,0.236275,2e-06,0.0,0.0,0.0,0.324196,0.0,0.040952,0.0,0.0,0.159946,0.0,0.0,0.0,0.0,0.0,0.250533,0.0,0.022029,0.272938,0.0,0.0,0.246737,0.297015,0.0,0.109691,0.108005,0.0,0.0,0.0,0.0,0.063483,0.09115,0.265318,0.0,0.097577,0.036998,0.0,0.0,0.165813,0.0,0.041707,0.071795,1.411924,0.0,0.167799,0.241155,0.0,0.0,0.265269,0.0,0.0,0.0,0.140041,0.244784,0.1072,0.0,0.117903,0.017981,0.0,0.0,0.0,0.013875,0.236452,0.0,6e-06,0.0,0.0,0.0,0.0,0.0,0.166723,0.193284,0.0,0.0,0.269911,0.0,0.040919,0.226583,0.142274,0.270905,0.160005,0.127656,0.0,0.163115,0.0,0.0,0.0,0.0,0.272841,0.0,0.0,0.0,0.311571,0.0,0.0,0.0,0.104813,0.267256,0.13315,0.215086,0.0,0.044441,0.0,0.076548,0.0,0.0,0.283708,0.084191,0.0,0.039019,0.0,0.308415,0.0,0.0,0.0,0.174708,0.054147,0.312514,0.0,0.033978,0.0,0.273745,0.019019,0.151336,0.0,0.0,0.000226,0.200661,0.0,0.069283,0.087508,0.144239,0.058351,0.0,0.0,0.0,0.026188,0.0,0.0,0.249854,0.0,0.029576,0.161204,0.218227,0.163063,0.182433,0.219759,0.216302,0.0,0.174683,0.066945,0.0,0.0,0.0,3e-06,0.0,0.0,0.0,0.098824,0.0,0.0,0.042569,0.0,0.0,0.0,0.0,0.0,0.233912,0.153985,0.0,0.0,0.0,0.0,0.0,0.203404,0.037674,0.258685,0.0,0.0,0.0,0.0,0.165271,0.0,0.142446,0.0999,0.199847,0.052643,0.124979,0.0,0.0,0.0,1.165266,0.167274,0.0,0.0,0.129319,0.69829,0.0,0.0,0.074247,0.0,0.0,0.0,0.000339,0.06096,0.0,0.219895,0.0,0.0,0.0,0.329462,0.0,0.293678,0.235351,0.0,0.0,0.0,0.0,0.0,0.102602,0.374495,0.0,0.202917,0.0,0.252527,0.302256,0.208683,0.247611,0.0,1.5e-05,0.0,0.0,0.0,0.320516,0.107397,0.007841,0.0,0.184083,0.151572,0.020823,0.0,0.220812,0.0,0.0,0.093127,0.0,0.225621,0.0,0.306605,0.0,0.192864,0.0,1e-06,0.045877,0.0,0.0,0.0,0.247955,0.0,0.0,0.284943,0.32845,0.071394,0.119917,0.080406,0.0,0.26204,0.0,0.093804,0.150755,0.05949,0.245972,0.311988,0.0,2e-06,0.140469,0.0,0.242448,0.337591,0.208157,0.198045,0.0,0.0,0.0,0.295157,0.0,0.0,0.225023,0.155632,0.066781,0.107733,0.116098,0.039037,0.0,0.052142,0.0,0.0,7e-06,0.119951,0.0,0.07842,0.0,0.0,0.095365,0.0,0.14146,0.0,0.0,0.204432,0.0,0.209488,0.248807,0.038826,0.0,0.103815,0.253951,0.214068,0.0,0.16631,1.9e-05,0.0,0.12828,0.0,0.375112,0.317245,0.223664,0.0,0.0,0.0,0.02224,0.228232,0.0,0.0,0.0,0.0,0.0,0.202849,0.206553,0.0,0.0,0.0,0.0,0.0,0.242527,0.245239,0.0,0.107696,0.0,0.116296,0.0,0.0,0.114277,0.0,0.036983,0.0,0.339873,0.0,0.201419,0.0,0.0,0.430288,0.376128,0.298663,0.325639,0.02874,0.0,0.0,0.014509,0.0,0.305093,0.0,0.0,0.215691,0.300398,0.052302,0.0,0.0,0.0,0.0,0.165451,0.336621,0.0,0.0,0.0,0.155204,0.0,0.0,0.0,0.148736,0.0,0.265014,0.0,0.064485,0.02116,0.11074,0.261258,0.0,0.0,1.327589,0.0,0.0,0.225061,0.173568,0.260617,0.153573,0.0,0.025004,0.222306,0.207472,0.056903,0.040819,0.0,0.0,0.36989,0.0,0.0,0.193159,0.081465,0.0,0.014556,0.069962,0.17171,0.18508,0.0,0.024037,0.0,0.075151,0.222987,0.219906,0.0,0.058199,0.110314,0.0,0.0,0.0,0.0,0.243711,0.147817,0.0,0.0,0.142768,0.0,0.0,0.0,0.0,0.033986,0.156835,0.0,0.0,0.065768,0.098988,0.0,0.140239,0.243921,0.207478,0.0,0.211631,0.244782,0.0,0.0,0.0,0.0,0.124449,0.0,0.0,0.179003,0.0,0.164848,0.183195,0.264338,0.157655,0.261412,0.0,0.109555,0.0,0.0,0.0,0.0,0.26152,0.0,0.0,0.0,0.026331,0.0,0.0,0.0,0.285586,0.0,0.0,0.059874,0.097108,0.191639,0.160862,0.0,0.261528,0.0,0.0,0.258067,0.0,0.038578,0.0
TCGA-18-4083-01Z-00-DX1.337D4583-326F-4108-9441-DC74FAED6AE2,0.426435,0.0,0.22822,0.0,0.0,0.321844,0.0,0.0,0.238772,0.396371,0.284384,3e-05,0.0,0.0,0.0,0.391244,0.0,0.098485,0.0,0.0,0.095819,0.0,0.0,0.0,0.0,0.0,0.316055,0.0,0.022168,0.336531,0.0,0.0,0.295759,0.272055,0.0,0.059937,0.070994,0.0,0.0,0.0,0.0,0.032194,0.050625,0.337261,0.0,0.141612,0.08693,0.0,0.0,0.108158,0.0,0.086581,0.141937,1.448201,0.0,0.109338,0.290364,0.0,0.0,0.331576,0.0,0.0,0.0,0.18601,0.334681,0.07408,0.0,0.17842,0.014322,0.0,0.0,0.0,0.008454,0.280513,0.0,0.0,0.0,0.0,0.0,0.0,0.0,0.130351,0.256228,0.0,0.0,0.361405,0.0,0.021762,0.281776,0.189247,0.343414,0.177864,0.116544,0.0,0.113164,0.0,0.0,0.0,0.0,0.35227,0.0,0.0,0.0,0.37363,0.0,0.0,0.0,0.148233,0.329125,0.094477,0.289838,0.0,0.019964,0.0,0.046589,0.0,0.0,0.279225,0.141068,0.0,0.018737,0.0,0.321211,0.0,0.0,0.0,0.124687,0.054907,0.381407,0.0,0.084835,0.0,0.172387,0.013751,0.09262,0.0,0.0,0.001789,0.209515,0.0,0.038026,0.160414,0.095972,0.032239,0.0,0.0,0.0,0.019259,0.0,0.0,0.3038,0.0,0.0139,0.122386,0.2714,0.20395,0.219348,0.305948,0.279504,0.0,0.128776,0.133259,0.0,0.0,0.0,3.8e-05,0.0,0.0,0.0,0.101146,0.0,0.0,0.112182,0.0,0.0,0.0,0.0,0.0,0.293062,0.121018,0.0,0.0,0.0,0.0,0.0,0.244707,0.040079,0.322753,0.0,0.0,0.0,0.0,0.112591,0.0,0.085445,0.063072,0.247041,0.099398,0.072196,0.0,0.0,0.0,1.166919,0.220664,0.0,0.0,0.091252,0.679962,0.0,0.0,0.079262,0.0,0.0,0.0,0.007952,0.128471,0.0,0.171583,0.0,0.0,0.0,0.394727,0.0,0.359743,0.295422,0.0,0.0,0.0,0.0,0.0,0.103664,0.446945,0.0,0.261084,0.0,0.324406,0.370386,0.262363,0.308882,0.0,6.4e-05,0.0,0.0,0.0,0.387081,0.072149,0.006054,0.0,0.240631,0.193369,0.012978,0.0,0.276853,0.0,0.0,0.086454,0.0,0.291372,0.0,0.395287,0.0,0.241871,0.0,9e-06,0.117823,0.0,0.0,0.0,0.309611,0.0,0.0,0.342415,0.385522,0.032647,0.074152,0.153998,0.0,0.322198,0.0,0.049464,0.105655,0.033557,0.303666,0.376605,0.0,8e-06,0.093639,0.0,0.290381,0.455809,0.264156,0.269407,0.0,0.0,0.0,0.33026,0.0,0.0,0.289489,0.109165,0.042183,0.061667,0.078071,0.098578,0.0,0.081395,0.0,0.0,0.0,0.217606,0.0,0.108878,0.0,0.0,0.056096,0.0,0.092546,0.0,0.0,0.257562,0.0,0.24667,0.303624,0.042421,0.0,0.143354,0.307326,0.324763,0.0,0.108545,6.9e-05,0.0,0.086339,0.0,0.356385,0.394357,0.279531,0.0,0.0,0.0,0.01375,0.329012,0.0,0.0,0.0,0.0,0.0,0.255088,0.253937,0.0,0.0,0.0,0.0,0.0,0.308631,0.297269,0.0,0.06978,0.0,0.074875,0.0,0.0,0.204664,0.0,0.018193,0.0,0.39923,0.0,0.230447,0.0,0.0,0.388191,0.366815,0.365127,0.396801,0.034564,0.0,0.0,0.015348,0.0,0.382021,0.0,0.0,0.285245,0.370804,0.024897,0.0,0.0,0.0,0.0,0.097754,0.399128,0.0,0.0,0.0,0.108872,0.0,0.0,0.0,0.189584,0.0,0.321127,0.0,0.038191,0.025645,0.066893,0.315148,0.0,0.0,1.313318,0.0,0.0,0.281341,0.132185,0.301654,0.10022,0.0,0.014558,0.24268,0.262493,0.030066,0.014188,0.0,0.0,0.444881,0.0,0.0,0.248652,0.047195,0.0,0.011479,0.062778,0.152107,0.125579,0.0,0.014707,0.0,0.149311,0.147101,0.27755,0.0,0.034257,0.119032,0.0,0.0,0.0,0.0,0.29673,0.106977,0.0,0.0,0.212027,0.0,0.0,0.0,1e-06,0.08414,0.091147,0.0,0.0,0.124192,0.053477,0.0,0.092889,0.230506,0.265571,0.0,0.211513,0.310361,0.0,0.0,0.0,0.0,0.080734,0.0,0.0,0.276195,0.0,0.098178,0.245921,0.331181,0.107656,0.321167,0.0,0.105963,0.0,0.0,0.0,0.0,0.315215,0.0,0.0,0.0,0.015921,0.0,0.0,0.0,0.355331,0.0,0.0,0.080372,0.054983,0.258659,0.097258,0.0,0.337754,0.0,0.0,0.315348,0.0,0.023303,0.0
TCGA-85-A513-01Z-00-DX1.9C4C6BA2-BBEB-4EC6-9A70-65B1F6198E1F,0.310283,0.0,0.068475,0.0,0.0,0.198834,0.0,0.0,0.328523,0.301177,0.168527,0.00031,0.0,0.0,0.0,0.311605,0.0,0.130374,0.0,0.0,0.255301,0.0,0.0,0.0,0.0,0.0,0.182405,0.0,0.06885,0.230365,0.0,0.0,0.188908,0.40509,0.0,0.190216,0.202692,0.0,0.0,0.0,0.0,0.144919,0.180556,0.229018,0.0,0.181584,0.123373,0.0,0.0,0.280914,0.0,0.10282,0.13568,1.638869,0.0,0.270256,0.170806,0.0,0.0,0.229643,0.0,0.0,0.0,0.03306,0.187417,0.207579,0.0,0.134619,0.055169,0.0,0.0,0.0,0.051223,0.154602,0.0,1.9e-05,0.0,0.0,0.0,0.0,0.0,0.285484,0.128021,0.0,0.0,0.245968,0.0,0.096021,0.145505,0.07979,0.234877,0.18495,0.248511,0.0,0.256896,0.0,0.0,0.0,0.0,0.206411,0.0,0.0,0.0,0.276004,0.0,0.0,0.0,0.162218,0.200368,0.252613,0.165793,0.0,0.09956,0.0,0.168431,0.0,0.0,0.30559,0.130421,0.0,0.083251,0.0,0.201296,0.0,0.0,0.0,0.282485,0.077533,0.27889,0.0,0.11258,0.0,0.340196,0.059548,0.248832,0.0,0.0,0.000361,0.102375,0.0,0.144405,0.113201,0.2605,0.11928,0.0,0.0,0.0,0.079784,0.0,0.0,0.211043,0.0,0.073244,0.270522,0.144067,0.092252,0.058902,0.20934,0.16499,0.0,0.293463,0.127669,0.0,0.0,0.0,0.000261,0.0,0.0,0.0,0.16667,0.0,0.0,0.066739,0.0,0.0,0.0,0.0,0.0,0.195442,0.27151,0.0,0.0,0.0,0.0,0.0,0.137764,0.097745,0.193026,0.0,0.0,0.0,0.0,0.271784,0.0,0.237966,0.190744,0.116699,0.143965,0.210414,0.0,0.0,0.0,1.350824,0.056968,0.0,0.0,0.245431,0.831429,0.0,0.0,0.121517,0.0,0.0,0.0,0.001306,0.105293,0.0,0.294897,0.0,0.0,0.0,0.290651,0.0,0.269541,0.172364,0.0,0.0,0.0,0.0,0.0,0.216637,0.334557,0.0,0.123124,0.0,0.152285,0.233281,0.098654,0.172422,0.0,0.000422,0.0,0.0,0.0,0.287509,0.219363,0.030763,0.0,0.113193,0.08458,0.058679,0.0,0.168846,0.0,0.0,0.199536,0.0,0.188877,0.0,0.321388,0.0,0.126314,0.0,9.6e-05,0.106755,0.0,0.0,0.0,0.223961,0.0,0.0,0.230842,0.259412,0.138069,0.243112,0.149523,0.0,0.204358,0.0,0.156494,0.26924,0.147895,0.179643,0.290059,0.0,5e-06,0.234288,0.0,0.164888,0.320603,0.129302,0.23064,0.0,0.0,0.0,0.217818,0.0,0.0,0.12171,0.264778,0.135906,0.181032,0.199751,0.105001,0.0,0.166671,0.0,0.0,1.5e-05,0.19061,0.0,0.160894,0.0,0.0,0.174158,0.0,0.225683,0.0,0.0,0.14752,0.0,0.143584,0.198648,0.10377,0.0,0.157296,0.17324,0.235648,0.0,0.271383,0.000395,0.0,0.238404,0.0,0.343126,0.28407,0.172726,0.0,0.0,0.0,0.064374,0.265496,0.0,0.0,0.0,0.0,0.0,0.103567,0.133863,0.0,0.0,0.0,0.0,0.0,0.181015,0.2011,0.0,0.193102,0.0,0.182463,0.0,0.0,0.166563,0.0,0.085954,0.0,0.303999,0.0,0.30832,0.0,0.0,0.354042,0.276036,0.22874,0.285043,0.094924,0.0,0.0,0.043465,0.0,0.272218,0.0,0.0,0.120654,0.267277,0.101222,0.0,0.0,0.0,0.0,0.263424,0.264248,0.0,0.0,0.0,0.268558,0.0,0.0,0.0,0.046538,0.0,0.215572,0.0,0.12882,0.065592,0.199147,0.203361,0.0,0.0,1.501214,0.0,0.0,0.167987,0.287356,0.189432,0.260748,0.0,0.073629,0.100335,0.103676,0.114262,0.072466,0.0,0.0,0.319861,0.0,0.0,0.123564,0.152241,0.0,0.049634,0.159714,0.020142,0.237229,0.0,0.060208,0.0,0.138998,0.310817,0.159105,0.0,0.114313,0.13497,0.0,0.0,0.0,0.0,0.19983,0.240739,0.0,1e-06,0.181759,0.0,0.0,0.0,3.2e-05,0.084912,0.202962,0.0,0.0,0.131227,0.176112,0.0,0.252521,0.385256,0.155362,0.0,0.333941,0.210733,0.0,0.0,0.0,0.0,0.233171,0.0,0.0,0.173526,0.0,0.256224,0.110132,0.231679,0.266016,0.191613,0.0,0.216137,0.0,0.0,0.0,0.0,0.220081,0.0,0.0,0.0,0.07028,0.0,0.0,0.0,0.236,0.0,0.0,0.122568,0.169659,0.171597,0.263887,0.0,0.263155,0.0,0.0,0.222981,0.0,0.098946,0.0
TCGA-34-5241-01Z-00-DX1.7abc4737-9a9c-4270-8297-58ea167cea63,0.315187,0.0,0.153195,0.0,0.0,0.237233,0.0,0.0,0.345748,0.301317,0.202942,6e-06,0.0,0.0,0.0,0.322287,0.0,0.046337,0.0,0.0,0.204561,0.0,0.0,0.0,0.0,0.0,0.223693,0.0,0.036917,0.252836,0.0,0.0,0.222827,0.323258,0.0,0.15458,0.158696,0.0,0.0,0.0,0.0,0.100649,0.135508,0.24215,0.0,0.11701,0.029093,0.0,0.0,0.213201,0.0,0.02158,0.066835,1.475922,0.0,0.205764,0.208554,0.0,0.0,0.241635,0.0,0.0,0.0,0.108881,0.245683,0.143658,0.0,0.120943,0.039466,0.0,0.0,0.0,0.035411,0.187445,0.0,1e-05,0.0,0.0,0.0,0.0,0.0,0.19665,0.16835,0.0,0.0,0.251041,0.0,0.068086,0.200783,0.113708,0.232351,0.17277,0.145003,0.0,0.2049,0.0,0.0,0.0,0.0,0.237614,0.0,0.0,0.0,0.292298,0.0,0.0,0.0,0.114602,0.24764,0.189576,0.19224,0.0,0.072995,0.0,0.123398,0.0,0.0,0.316538,0.051033,0.0,0.059398,0.0,0.331352,0.0,0.0,0.0,0.225344,0.086401,0.287923,0.0,0.028246,0.0,0.296417,0.043091,0.189061,0.0,0.0,0.000179,0.190507,0.0,0.105564,0.056342,0.19014,0.08351,0.0,0.0,0.0,0.049922,0.0,0.0,0.229591,0.0,0.055724,0.199939,0.193526,0.129404,0.152128,0.213824,0.199212,0.0,0.224539,0.033531,0.0,0.0,0.0,7e-06,0.0,0.0,0.0,0.107671,0.0,0.0,0.026202,0.0,0.0,0.0,0.0,0.0,0.224315,0.200071,0.0,0.0,0.0,0.0,0.0,0.173805,0.054492,0.235589,0.0,0.0,0.0,0.0,0.210738,0.0,0.182703,0.141545,0.18589,0.046331,0.175983,0.0,0.0,0.0,1.20881,0.147778,0.0,0.0,0.182705,0.729128,0.0,0.0,0.101629,0.0,0.0,0.0,0.000318,0.029848,0.0,0.230586,0.0,0.0,0.0,0.305912,0.0,0.279701,0.214974,0.0,0.0,0.0,0.0,0.0,0.117899,0.32518,0.0,0.16641,0.0,0.231117,0.272662,0.160747,0.217432,0.0,2.5e-05,0.0,0.0,0.0,0.290824,0.15207,0.022283,0.0,0.156451,0.121044,0.042336,0.0,0.201065,0.0,0.0,0.101209,0.0,0.195598,0.0,0.304536,0.0,0.164288,0.0,2e-06,0.029621,0.0,0.0,0.0,0.242099,0.0,0.0,0.24878,0.282411,0.103707,0.16098,0.070461,0.0,0.236698,0.0,0.127451,0.195561,0.09812,0.211184,0.295956,0.0,2e-06,0.194527,0.0,0.202975,0.317,0.176888,0.166957,0.0,0.0,0.0,0.250398,0.0,0.0,0.177173,0.198859,0.09761,0.135905,0.153023,0.022197,0.0,0.072759,0.0,0.0,0.000956,0.096958,0.0,0.070351,0.0,0.0,0.128937,0.0,0.181188,0.0,0.0,0.182992,0.0,0.171107,0.209634,0.062193,0.0,0.118691,0.210548,0.171786,0.0,0.227002,3e-05,0.0,0.162473,0.0,0.402014,0.2942,0.186075,0.0,0.0,0.0,0.049003,0.203363,0.0,0.0,0.0,0.0,0.0,0.169575,0.174212,0.0,0.0,0.0,0.0,0.0,0.224576,0.221324,0.0,0.15467,0.0,0.140768,0.0,0.0,0.108627,0.0,0.065263,0.0,0.314402,0.0,0.224197,0.0,0.0,0.452636,0.392792,0.262815,0.306781,0.046754,0.0,0.0,0.036092,0.0,0.284375,0.0,0.0,0.186956,0.271865,0.080005,0.0,0.0,0.0,0.0,0.213855,0.304727,0.0,0.0,0.0,0.199444,0.0,0.0,0.0,0.1079,0.0,0.230895,0.0,0.101531,0.033644,0.156018,0.230447,0.0,0.0,1.370219,0.0,0.0,0.199636,0.213447,0.228916,0.186156,0.0,0.047013,0.196447,0.156883,0.084121,0.067145,0.0,0.0,0.329956,0.0,0.0,0.155304,0.114845,0.0,0.03885,0.093536,0.089867,0.209187,0.0,0.045982,0.0,0.051961,0.281195,0.173322,0.0,0.078609,0.120122,0.0,0.0,0.0,0.0,0.225339,0.1837,0.0,0.0,0.087713,0.0,0.0,0.0,0.0,0.028145,0.192276,0.0,0.0,0.072873,0.131487,0.0,0.199624,0.28128,0.16682,0.0,0.243501,0.231923,0.0,0.0,0.0,0.0,0.164595,0.0,0.0,0.152044,0.0,0.207558,0.14072,0.256124,0.203306,0.241891,0.0,0.09358,0.0,0.0,0.0,0.0,0.24146,0.0,0.0,0.0,0.046051,0.0,0.0,0.0,0.247539,0.0,0.0,0.021917,0.129889,0.16666,0.209795,0.0,0.211513,0.0,0.0,0.246227,0.0,0.068026,0.0
TCGA-60-2725-01Z-00-DX1.b9d038d6-c2fb-4e46-a4ef-80fdbfb56d0a,0.291438,0.0,0.122131,0.0,0.0,0.214282,0.0,0.0,0.305628,0.272623,0.191339,1.1e-05,0.0,0.0,0.0,0.294329,0.0,0.09019,0.0,0.0,0.248721,0.0,0.0,0.0,0.0,0.0,0.212996,0.0,0.084229,0.214705,0.0,0.0,0.2013,0.393015,0.0,0.156861,0.169055,0.0,0.0,0.0,0.0,0.128056,0.154884,0.224702,0.0,0.173587,0.077537,0.0,0.0,0.252121,0.0,0.078612,0.098456,1.545333,0.0,0.234758,0.196345,0.0,0.0,0.223445,0.0,0.0,0.0,0.084328,0.245316,0.172825,0.0,0.149167,0.066938,0.0,0.0,0.0,0.045334,0.170564,0.0,1e-05,0.0,0.0,0.0,0.0,0.0,0.249771,0.145859,0.0,0.0,0.264744,0.0,0.098025,0.176634,0.095037,0.245005,0.158477,0.194019,0.0,0.226938,0.0,0.0,0.0,0.0,0.251794,0.0,0.0,0.0,0.262358,0.0,0.0,0.0,0.166808,0.222144,0.203007,0.19646,0.0,0.085225,0.0,0.148555,0.0,0.0,0.352938,0.104684,0.0,0.09239,0.0,0.276703,0.0,0.0,0.0,0.239458,0.109889,0.259048,0.0,0.055993,0.0,0.255328,0.067064,0.228968,0.0,0.0,0.000305,0.157403,0.0,0.124649,0.105413,0.194801,0.114907,0.0,0.0,0.0,0.070006,0.0,0.0,0.208476,0.0,0.079024,0.224488,0.189035,0.122204,0.129995,0.231866,0.182051,0.0,0.269674,0.095717,0.0,0.0,0.0,1.2e-05,0.0,0.0,0.0,0.182575,0.0,0.0,0.081635,0.0,0.0,0.0,0.0,0.0,0.190543,0.237502,0.0,0.0,0.0,0.0,0.0,0.153331,0.118043,0.222904,0.0,0.0,0.0,0.0,0.251844,0.0,0.209486,0.182722,0.157655,0.100316,0.178703,0.0,0.0,0.0,1.30445,0.112043,0.0,0.0,0.185625,0.814478,0.0,0.0,0.075236,0.0,0.0,0.0,0.000679,0.105066,0.0,0.298537,0.0,0.0,0.0,0.282074,0.0,0.253039,0.197231,0.0,0.0,0.0,0.0,0.0,0.178653,0.316045,0.0,0.145673,0.0,0.211866,0.258871,0.159893,0.207403,0.0,3.8e-05,0.0,0.0,0.0,0.258751,0.162939,0.032397,0.0,0.154632,0.109808,0.05656,0.0,0.179444,0.0,0.0,0.153995,0.0,0.183657,0.0,0.297614,0.0,0.149451,0.0,5e-06,0.100394,0.0,0.0,0.0,0.215126,0.0,0.0,0.232516,0.26333,0.115894,0.169681,0.137245,0.0,0.214257,0.0,0.14258,0.22472,0.136874,0.20449,0.268659,0.0,4e-06,0.212128,0.0,0.185987,0.338808,0.160859,0.202718,0.0,0.0,0.0,0.227149,0.0,0.0,0.168712,0.227933,0.09727,0.168027,0.170651,0.075261,0.0,0.11624,0.0,0.0,0.0,0.169216,0.0,0.135382,0.0,0.0,0.16277,0.0,0.21663,0.0,0.0,0.175117,0.0,0.152247,0.206003,0.121773,0.0,0.138149,0.19904,0.249901,0.0,0.218819,4.5e-05,0.0,0.201691,0.0,0.370769,0.275248,0.182396,0.0,0.0,0.0,0.068798,0.247514,0.0,0.0,0.0,0.0,0.0,0.15301,0.156326,0.0,0.0,0.0,0.0,0.0,0.201096,0.201862,0.0,0.187616,0.0,0.179523,0.0,0.0,0.156259,0.0,0.083173,0.0,0.273846,0.0,0.288927,0.0,0.0,0.407627,0.357066,0.241145,0.282077,0.081723,0.0,0.0,0.064957,0.0,0.257126,0.0,0.0,0.170572,0.256058,0.123422,0.0,0.0,0.0,0.0,0.207737,0.290464,0.0,0.0,0.0,0.225221,0.0,0.0,0.0,0.091036,0.0,0.207524,0.0,0.148449,0.081525,0.182986,0.224243,0.0,0.0,1.454938,0.0,0.0,0.184316,0.244172,0.203766,0.223514,0.0,0.068652,0.175141,0.155863,0.114798,0.078406,0.0,0.0,0.305618,0.0,0.0,0.140181,0.125933,0.0,0.058001,0.111335,0.088402,0.262716,0.0,0.064253,0.0,0.118885,0.25675,0.159407,0.0,0.119197,0.118089,0.0,0.0,0.0,0.0,0.207055,0.210468,0.0,0.0,0.156009,0.0,0.0,0.0,0.0,0.065063,0.184568,0.0,0.0,0.126186,0.152924,0.0,0.196019,0.336215,0.15784,0.0,0.292499,0.207299,0.0,0.0,0.0,0.0,0.20312,0.0,0.0,0.225079,0.0,0.203227,0.134544,0.225256,0.223467,0.217336,0.0,0.137962,0.0,0.0,0.0,0.0,0.211209,0.0,0.0,0.0,0.075409,0.0,0.0,0.0,0.230868,0.0,0.0,0.078878,0.156013,0.204932,0.21069,0.0,0.227455,0.0,0.0,0.209727,0.0,0.106432,0.0
TCGA-92-8063-01Z-00-DX1.692a8000-846e-4ed7-b790-b3281acb9dec,0.317788,0.0,0.096484,0.0,0.0,0.21823,0.0,0.0,0.376954,0.307251,0.181322,1.1e-05,0.0,0.0,0.0,0.326707,0.0,0.035029,0.0,0.0,0.226264,0.0,0.0,0.0,0.0,0.0,0.181143,0.0,0.026492,0.247625,0.0,0.0,0.217204,0.349404,0.0,0.194106,0.192954,0.0,0.0,0.0,0.0,0.127411,0.160142,0.23445,0.0,0.092553,0.038596,0.0,0.0,0.249315,0.0,0.02056,0.062703,1.549559,0.0,0.244938,0.193356,0.0,0.0,0.228662,0.0,0.0,0.0,0.069685,0.174191,0.169269,0.0,0.055625,0.031216,0.0,0.0,0.0,0.03804,0.17341,0.0,0.0,0.0,0.0,0.0,0.0,2e-06,0.234087,0.133377,0.0,0.0,0.2029,0.0,0.07745,0.157725,0.077275,0.210761,0.191813,0.189357,0.0,0.247211,0.0,0.0,0.0,0.0,0.201525,0.0,0.0,0.0,0.286803,0.0,0.0,0.0,0.066189,0.216357,0.253262,0.151007,0.0,0.097364,0.0,0.157365,0.0,0.0,0.26169,0.071334,0.0,0.062992,0.0,0.28844,0.0,0.0,0.0,0.276873,0.042218,0.287202,0.0,0.043635,0.0,0.404083,0.037372,0.208253,0.0,0.0,0.00013,0.160521,0.0,0.127408,0.024154,0.248474,0.10409,0.0,0.0,0.0,0.060105,0.0,0.0,0.207751,0.0,0.061161,0.260793,0.145553,0.119058,0.081021,0.158433,0.179307,0.0,0.257237,0.031062,0.0,0.0,0.0,1.5e-05,0.0,0.0,0.0,0.103506,0.0,0.0,0.006935,0.0,0.0,0.0,0.0,0.0,0.206755,0.225032,0.0,0.0,0.0,0.0,0.0,0.154056,0.046847,0.213627,0.0,0.0,0.0,0.0,0.243191,0.0,0.227305,0.159228,0.145407,0.05456,0.210405,0.0,0.0,0.0,1.274555,0.087726,0.0,0.0,0.225124,0.758336,0.0,0.0,0.14503,0.0,0.0,0.0,0.000303,0.019475,0.0,0.247076,0.0,0.0,0.0,0.292897,0.0,0.281459,0.184524,0.0,0.0,0.0,0.0,0.0,0.150375,0.333146,0.0,0.144603,0.0,0.167461,0.23248,0.107451,0.174503,0.0,3.3e-05,0.0,0.0,0.0,0.292186,0.19563,0.014961,0.0,0.135547,0.092797,0.043238,0.0,0.184384,0.0,0.0,0.127456,0.0,0.19046,0.0,0.312746,0.0,0.131036,0.0,4e-06,0.021243,0.0,0.0,0.0,0.229736,0.0,0.0,0.231138,0.277472,0.132451,0.229776,0.047296,0.0,0.224842,0.0,0.149334,0.246453,0.117846,0.178293,0.300471,0.0,4e-06,0.225146,0.0,0.18478,0.271976,0.143838,0.152543,0.0,0.0,0.0,0.235674,0.0,0.0,0.13177,0.258751,0.127888,0.161887,0.190799,0.021191,0.0,0.081201,0.0,0.0,0.001311,0.077375,0.0,0.061881,0.0,0.0,0.152514,0.0,0.204126,0.0,0.0,0.171247,0.0,0.155253,0.197458,0.055434,0.0,0.086134,0.192882,0.140581,0.0,0.269706,4.1e-05,0.0,0.219459,0.0,0.36896,0.282516,0.176669,0.0,0.0,0.0,0.046139,0.201872,0.0,0.0,0.0,0.0,0.0,0.118285,0.15082,0.0,0.0,0.0,0.0,0.0,0.197079,0.218453,0.0,0.170335,0.0,0.160903,0.0,0.0,0.060333,0.0,0.074372,0.0,0.307485,0.0,0.228969,0.0,0.0,0.436719,0.343851,0.241998,0.290593,0.049936,0.0,0.0,0.023326,0.0,0.288294,0.0,0.0,0.149876,0.254462,0.087725,0.0,0.0,0.0,0.0,0.25404,0.283939,0.0,0.0,0.0,0.242692,0.0,0.0,0.0,0.060292,0.0,0.239693,0.0,0.107971,0.025395,0.177447,0.201706,0.0,0.0,1.429862,0.0,0.0,0.17585,0.25584,0.191026,0.233492,0.0,0.053515,0.143658,0.101283,0.1127,0.072438,0.0,0.0,0.324084,0.0,0.0,0.124264,0.148746,0.0,0.035254,0.114298,0.050016,0.217266,0.0,0.047844,0.0,0.047659,0.343445,0.161491,0.0,0.089396,0.116259,0.0,0.0,0.0,0.0,0.222006,0.227446,0.0,0.0,0.106691,0.0,0.0,0.0,0.0,0.018282,0.222247,0.0,0.0,0.039883,0.153772,0.0,0.241261,0.325634,0.170651,0.0,0.277163,0.223328,0.0,0.0,0.0,0.0,0.195912,0.0,0.0,0.063411,0.0,0.274713,0.108884,0.257809,0.244131,0.213485,0.0,0.144158,0.0,0.0,0.0,0.0,0.248753,0.0,0.0,0.0,0.048279,0.0,0.0,0.0,0.235264,0.0,0.0,0.041266,0.15718,0.122285,0.256809,0.0,0.221259,0.0,0.0,0.238314,0.0,0.072193,0.0
TCGA-52-7622-01Z-00-DX1.cb3bb056-27dd-4c15-9004-b06cc8923663,0.250507,0.0,0.073805,0.0,0.0,0.181836,0.0,0.0,0.313811,0.238604,0.156881,2.2e-05,0.0,0.0,0.0,0.247841,0.0,0.108972,0.0,0.0,0.286159,0.0,0.0,0.0,0.0,0.0,0.167898,0.0,0.118962,0.180897,0.0,0.0,0.159855,0.444396,0.0,0.192058,0.206471,0.0,0.0,0.0,0.0,0.169974,0.195308,0.18247,0.0,0.18094,0.100431,0.0,0.0,0.294795,0.0,0.093004,0.103046,1.579663,0.0,0.292157,0.158287,0.0,0.0,0.194158,0.0,6e-06,0.0,0.037021,0.183529,0.215502,0.0,0.128087,0.107705,0.0,0.0,0.0,0.082075,0.133187,0.0,2e-05,0.0,0.0,0.0,0.0,0.0,0.305909,0.109699,0.0,0.0,0.234129,0.0,0.146697,0.14285,0.071846,0.206336,0.146908,0.243941,0.0,0.279676,0.0,0.0,0.0,0.0,0.198554,0.0,0.0,0.0,0.222001,0.0,0.0,0.0,0.176565,0.16843,0.240823,0.151135,0.0,0.126834,0.0,0.190877,0.0,0.0,0.364048,0.121537,0.0,0.133437,0.0,0.221765,0.0,0.0,0.0,0.284063,0.118105,0.22247,0.0,0.070879,0.0,0.311152,0.116028,0.286205,0.0,0.0,0.000746,0.11469,0.0,0.164592,0.113572,0.244752,0.15212,0.0,0.0,0.0,0.108693,0.0,0.0,0.175854,0.0,0.120173,0.264636,0.1405,0.083953,0.074342,0.19405,0.136549,0.0,0.310415,0.113857,0.0,0.0,0.0,2.9e-05,0.0,0.0,0.0,0.21596,0.0,0.0,0.075165,0.0,0.0,0.0,0.0,0.0,0.157353,0.297003,0.0,0.0,0.0,0.0,0.0,0.132507,0.148975,0.175059,0.0,0.0,0.0,0.0,0.28982,0.0,0.256983,0.219249,0.111427,0.115137,0.218798,0.0,0.0,0.0,1.366935,0.061883,0.0,0.0,0.229018,0.876008,0.0,0.0,0.082903,0.0,0.0,0.0,0.001845,0.112651,0.0,0.34464,0.0,0.0,0.0,0.23753,0.0,0.216844,0.150064,0.0,0.0,0.0,0.0,0.0,0.225986,0.267197,0.0,0.108865,0.0,0.152473,0.211016,0.104789,0.161516,0.0,9.7e-05,0.0,0.0,0.0,0.223524,0.211076,0.059494,0.0,0.10597,0.079397,0.100881,0.0,0.144449,0.0,0.0,0.188456,0.0,0.15612,0.0,0.268879,0.0,0.116435,0.0,1e-05,0.098118,0.0,0.0,0.0,0.170527,0.0,0.0,0.19414,0.213169,0.156648,0.222623,0.14498,0.0,0.172777,0.0,0.184184,0.271053,0.181659,0.170532,0.233503,0.0,1e-05,0.251992,0.0,0.148228,0.294822,0.120898,0.214348,0.0,0.0,0.0,0.195543,0.0,0.0,0.123679,0.270372,0.11932,0.205461,0.211228,0.089564,0.0,0.148133,0.0,0.0,0.0,0.176681,0.0,0.164404,0.0,0.0,0.203787,0.0,0.254874,0.0,0.0,0.140679,0.0,0.123061,0.170153,0.153915,0.0,0.140578,0.158976,0.22246,0.0,0.266253,0.000122,0.0,0.250496,0.0,0.346436,0.228973,0.145522,0.0,0.0,0.0,0.109854,0.219226,0.0,0.0,0.0,0.0,0.0,0.105894,0.123102,0.0,0.0,0.0,0.0,0.0,0.156427,0.168952,0.0,0.228216,0.0,0.210237,0.0,0.0,0.155591,0.0,0.12819,0.0,0.240041,0.0,0.317024,0.0,0.0,0.388266,0.301571,0.204453,0.230379,0.122672,0.0,0.0,0.118082,0.0,0.212339,0.0,0.0,0.123622,0.217273,0.170291,0.0,0.0,0.0,0.0,0.265625,0.230231,0.0,0.0,0.0,0.269732,0.0,0.0,0.0,0.055094,0.0,0.177397,0.0,0.196139,0.10923,0.221912,0.179907,0.0,0.0,1.508755,0.0,0.0,0.13626,0.29349,0.165842,0.273323,0.0,0.115239,0.119616,0.109939,0.143938,0.101987,0.0,0.0,0.256041,0.0,0.0,0.105655,0.150108,0.0,0.105383,0.132877,0.06139,0.312645,0.0,0.111911,0.0,0.122288,0.298153,0.13142,0.0,0.1715,0.118153,0.0,0.0,0.0,0.0,0.165849,0.246134,0.0,0.0,0.161711,0.0,0.0,0.0,0.0,0.086574,0.20496,0.0,0.0,0.125184,0.191572,0.0,0.234552,0.387501,0.126879,0.0,0.340542,0.17425,0.0,0.0,0.0,0.0,0.244025,0.0,0.0,0.194593,0.0,0.250597,0.096507,0.184893,0.275597,0.170968,0.0,0.179825,0.0,0.0,0.0,0.0,0.174719,0.0,0.0,0.0,0.113743,0.0,0.0,0.0,0.187312,0.0,0.0,0.100246,0.191862,0.171537,0.257217,0.0,0.216546,0.0,0.0,0.17831,0.0,0.149297,0.0
TCGA-NC-A5HQ-01Z-00-DX1.E7FA7F88-2B81-4EBD-8A48-883BD6953428,0.08639,0.0,0.004984,0.0,0.0,0.049659,0.0,0.0,0.451658,0.091507,0.029373,0.001616,1e-06,0.0,0.0,0.100242,0.0,0.090072,0.0,0.0,0.489688,0.0,0.0,0.0,0.0,0.0,0.04695,0.0,0.250737,0.062119,0.0,0.0,0.040177,0.660972,0.0,0.343342,0.403653,0.0,0.0,0.0,0.0,0.377746,0.393233,0.048347,0.0,0.275026,0.086652,0.0,0.0,0.496204,0.0,0.051767,0.090655,1.732548,4.8e-05,0.517983,0.038172,0.0,0.0,0.056839,0.0,0.0,0.0,0.001667,0.06914,0.388443,0.0,0.054133,0.281872,0.0,0.0,0.0,0.277712,0.027968,0.0,0.000287,0.0,0.0,0.0,0.0,0.0,0.497971,0.018204,0.0,0.0,0.101766,0.0,0.362508,0.02805,0.006123,0.073176,0.114721,0.380529,0.0,0.496522,0.0,0.0,0.0,1e-06,0.052628,0.0,0.0,0.0,0.079268,0.0,0.0,0.0,0.213435,0.049724,0.414941,0.049709,0.0,0.314021,0.0,0.41179,0.0,0.0,0.496837,0.078415,0.0,0.316186,0.0,0.202557,0.0,0.0,0.0,0.454481,0.197337,0.076983,0.0,0.063814,0.0,0.507202,0.33644,0.542028,0.0,0.0,0.002643,0.074653,0.0,0.380069,0.073278,0.408317,0.344952,0.0,0.0,0.0,0.30461,0.0,0.0,0.045816,0.0,0.313399,0.42259,0.025165,0.009179,0.00745,0.087277,0.029305,0.0,0.536905,0.069978,0.0,0.0,0.0,0.001177,0.0,0.0,0.0,0.375022,0.0,0.0,0.036085,0.0,0.0,0.0,0.0,0.0,0.043828,0.475775,0.0,0.0,0.0,0.0,0.0,0.022638,0.283,0.041562,0.0,0.0,0.0,0.0,0.482496,0.0,0.467743,0.417432,0.02283,0.102168,0.422413,0.0,0.0,0.0,1.625388,0.003562,0.0,0.0,0.389642,1.10988,0.0,0.0,0.119384,0.0,0.0,0.0,0.005174,0.088797,0.0,0.576312,0.0,0.0,0.0,0.087433,0.0,0.07895,0.02842,0.0,0.0,0.0,0.0,0.0,0.331954,0.091835,0.0,0.01558,0.0,0.039691,0.064832,0.00963,0.033947,0.0,0.002115,0.0,0.0,0.0,0.081934,0.395634,0.189917,0.0,0.015574,0.00867,0.292882,0.0,0.02853,0.0,0.0,0.243848,0.0,0.03897,0.0,0.103523,0.0,0.021579,0.0,0.000472,0.054217,0.0,0.0,0.0,0.055614,0.0,0.0,0.061069,0.066555,0.350019,0.417942,0.092293,0.0,0.040563,0.0,0.37734,0.465818,0.440033,0.049475,0.078174,0.0,2.4e-05,0.44016,0.0,0.023474,0.139225,0.015995,0.116649,0.0,0.0,0.0,0.061297,0.0,0.0,0.013806,0.45574,0.206876,0.389217,0.402363,0.056231,0.0,0.172705,0.0,0.0,5e-06,0.102389,0.0,0.183765,0.0,0.0,0.39076,0.0,0.440366,0.0,0.0,0.027389,0.0,0.023212,0.040875,0.307958,0.0,0.118242,0.033271,0.108845,0.0,0.461458,0.00227,0.0,0.437127,0.0,0.399285,0.085084,0.033538,0.0,0.0,0.0,0.305394,0.08236,0.0,0.0,0.0,0.0,0.0,0.00852,0.021734,0.0,0.0,0.0,0.0,0.0,0.039981,0.047427,0.0,0.422525,0.0,0.389614,0.0,0.0,0.112741,0.0,0.338039,0.0,0.093502,0.0,0.414165,0.0,0.0,0.488703,0.318208,0.054345,0.083374,0.268192,0.0,0.0,0.316627,0.0,0.06862,0.0,0.0,0.019241,0.073036,0.401791,0.0,0.0,0.0,0.0,0.481205,0.087365,0.0,0.0,0.0,0.441768,0.0,0.0,0.0,0.001735,0.0,0.051489,0.0,0.430232,0.221691,0.423587,0.046679,0.0,0.0,1.72362,0.0,0.0,0.032468,0.457661,0.034525,0.478146,0.0,0.330819,0.066002,0.010218,0.320532,0.244836,0.0,0.0,0.088329,0.0,0.0,0.014984,0.314823,0.0,0.330793,0.208893,0.005272,0.564016,0.0,0.302606,0.0,0.070566,0.49859,0.026038,0.0,0.388497,0.109108,0.0,0.0,0.0,0.0,0.047232,0.394587,0.0,0.0,0.079041,1e-06,0.0,0.0,0.0,0.100548,0.353203,0.0,0.0,0.168763,0.376296,0.0,0.425523,0.550022,0.024343,0.0,0.505094,0.045672,0.0,0.0,0.0,0.0,0.456569,0.0,0.0,0.108649,0.0,0.440694,0.012831,0.064634,0.450841,0.050266,0.0,0.210984,0.0,0.0,0.0,0.0,0.048915,0.0,0.0,0.0,0.295569,0.0,0.0,0.0,0.050311,0.0,0.0,0.078987,0.370065,0.072914,0.467755,0.0,0.075336,0.0,0.0,0.057332,0.0,0.379858,0.0
TCGA-33-4533-01Z-00-DX4.b7cd127e-4d9c-45dc-bd5e-e95343819e4c,0.220512,0.0,0.030635,0.0,0.0,0.145244,0.0,0.0,0.379653,0.216745,0.114736,8.8e-05,0.0,0.0,0.0,0.225876,0.0,0.070862,0.0,0.0,0.311598,0.0,0.0,0.0,0.0,0.0,0.115474,0.0,0.084732,0.147053,0.0,0.0,0.138634,0.467578,0.0,0.244829,0.262969,0.0,0.0,0.0,0.0,0.216637,0.236324,0.154826,0.0,0.15371,0.085801,0.0,0.0,0.328186,0.0,0.053009,0.092457,1.592138,0.0,0.344982,0.118255,0.0,0.0,0.16096,0.0,0.0,0.0,0.011358,0.119429,0.25249,0.0,0.042788,0.090965,0.0,0.0,0.0,0.103387,0.082995,0.0,0.00035,0.0,0.0,0.0,0.0,0.0,0.333139,0.061176,0.0,0.0,0.160221,0.0,0.174268,0.088363,0.023127,0.14528,0.157218,0.270819,0.0,0.33062,0.0,0.0,0.0,0.0,0.132315,3e-06,0.0,0.0,0.18512,0.0,0.0,0.0,0.10374,0.120554,0.304533,0.094895,0.0,0.169579,0.0,0.24351,0.0,0.0,0.317429,0.113589,0.0,0.146205,0.0,0.214334,0.0,0.0,0.0,0.346987,0.073917,0.190272,0.0,0.070465,0.0,0.430161,0.114188,0.315428,0.0,0.0,0.002128,0.089654,0.0,0.201885,0.046316,0.299274,0.182744,0.0,0.0,0.0,0.138534,0.0,0.0,0.139079,0.0,0.142224,0.320428,0.075454,0.059654,0.026784,0.112843,0.093373,0.0,0.360023,0.064572,0.0,0.0,0.0,0.000115,0.0,0.0,0.0,0.193022,0.0,0.0,0.017715,0.0,0.0,0.0,0.0,0.0,0.126714,0.331308,0.0,0.0,0.0,0.0,0.0,0.096304,0.128712,0.131872,0.0,0.0,0.0,0.0,0.324374,0.0,0.302886,0.254227,0.076128,0.087902,0.271937,0.0,0.0,0.0,1.392469,0.02218,0.0,0.0,0.280417,0.900967,0.0,0.0,0.127124,0.0,0.0,0.0,0.004427,0.051266,0.0,0.366347,0.0,0.0,0.0,0.196843,0.0,0.181093,0.102083,0.0,0.0,0.0,0.0,0.0,0.241188,0.218455,0.0,0.069527,0.0,0.087605,0.156414,0.045263,0.093291,0.0,0.000344,0.0,0.0,0.0,0.191697,0.26131,0.051864,0.0,0.072208,0.041631,0.111486,0.0,0.101973,0.0,0.0,0.185403,0.0,0.123793,0.0,0.246191,0.0,0.0645,0.0,3.2e-05,0.049702,0.0,0.0,0.0,0.139175,0.0,0.0,0.144133,0.164599,0.19893,0.286133,0.084228,0.0,0.142625,0.0,0.222338,0.321485,0.219635,0.120351,0.204739,0.0,2.5e-05,0.304841,0.0,0.102301,0.220561,0.071389,0.157028,0.0,1e-06,0.0,0.147499,0.0,0.0,0.057733,0.333245,0.147678,0.244341,0.262167,0.049483,0.0,0.138652,0.0,0.0,0.000235,0.106374,0.0,0.124687,0.0,0.0,0.243095,0.0,0.284691,0.0,0.0,0.108879,0.0,0.081574,0.124246,0.133549,0.0,0.102834,0.118454,0.141606,0.0,0.335234,0.000427,0.0,0.310888,0.0,0.328354,0.185499,0.108503,0.0,0.0,0.0,0.113948,0.157522,0.0,0.0,0.0,0.0,0.0,0.047611,0.088173,0.0,0.0,0.0,0.0,0.0,0.118889,0.150594,0.0,0.25888,0.0,0.23674,0.0,0.0,0.086418,0.0,0.168628,0.0,0.205987,0.0,0.308002,0.0,0.0,0.401844,0.2731,0.152248,0.18647,0.124058,0.0,0.0,0.095395,0.0,0.190111,0.0,0.0,0.082733,0.161932,0.197587,0.0,0.0,0.0,0.0,0.325832,0.185682,0.0,0.0,0.0,0.316332,0.0,0.0,0.0,0.013367,0.0,0.156694,0.0,0.226416,0.080283,0.253278,0.124118,0.0,0.0,1.531545,0.0,0.0,0.095794,0.339544,0.107173,0.317568,0.0,0.132446,0.072353,0.037039,0.19122,0.127519,0.0,0.0,0.210052,0.0,0.0,0.06107,0.200491,0.0,0.113972,0.136503,0.031826,0.348896,0.0,0.132063,0.0,0.071593,0.385098,0.074988,0.0,0.186487,0.114201,0.0,0.0,0.0,0.0,0.137834,0.287438,0.0,0.0,0.136672,0.0,0.0,0.0,0.0,0.048285,0.247205,0.0,0.0,0.070212,0.222513,0.0,0.290603,0.42708,0.105166,0.0,0.372685,0.150763,0.0,0.0,0.0,0.0,0.277778,0.0,0.0,0.073803,0.0,0.338922,0.047278,0.166067,0.311178,0.141901,0.0,0.192796,0.0,0.0,0.0,0.0,0.159152,0.0,0.0,0.0,0.123686,0.0,0.0,0.0,0.130603,0.0,0.0,0.08532,0.229097,0.089845,0.320296,0.0,0.165426,0.0,0.0,0.154932,0.0,0.161891,0.0
TCGA-60-2714-01Z-00-DX1.13f280a8-c8d3-48bb-8a38-49ce9ad9e1a2,0.348244,0.0,0.127863,0.0,0.0,0.24842,0.0,0.0,0.229628,0.373906,0.251915,0.000152,0.0,0.0,0.0,0.374807,0.0,0.199306,0.0,0.0,0.17706,0.0,0.0,0.0,0.0,0.0,0.260017,0.0,0.046602,0.272069,0.0,0.0,0.244893,0.321965,0.0,0.112357,0.115758,0.0,0.0,0.0,0.0,0.072098,0.102517,0.296036,0.0,0.226583,0.150732,0.0,0.0,0.181765,0.0,0.164536,0.195298,1.565142,1.6e-05,0.182014,0.243404,0.0,0.0,0.292856,0.0,0.0,0.0,0.071177,0.267612,0.148168,0.0,0.224992,0.041049,0.0,0.0,0.0,0.027644,0.2048,0.0,3.9e-05,0.0,0.0,0.0,0.0,0.0,0.221316,0.181812,0.0,0.0,0.333626,0.0,0.047743,0.222664,0.141018,0.328206,0.188065,0.175495,0.0,0.173542,0.0,0.0,0.0,4e-06,0.275544,0.0,0.0,0.0,0.339458,0.0,0.0,0.0,0.237832,0.251601,0.163252,0.224763,0.0,0.04744,0.0,0.085702,0.0,0.0,0.34086,0.168326,0.0,0.043291,0.0,0.229626,0.0,0.0,0.0,0.204581,0.135954,0.343104,0.0,0.159884,0.0,0.203355,0.035228,0.15615,0.0,0.0,0.000836,0.114691,0.0,0.075007,0.20049,0.185942,0.056581,0.0,0.0,0.0,0.036919,0.0,0.0,0.288548,0.0,0.035544,0.180628,0.234522,0.144287,0.127678,0.305237,0.207522,0.0,0.182858,0.198886,0.0,0.0,0.0,0.00012,0.0,0.0,0.0,0.119312,0.0,0.0,0.145054,0.0,0.0,0.0,0.0,0.0,0.264013,0.213091,0.0,0.0,0.0,0.0,0.0,0.223323,0.064737,0.244899,0.0,0.0,0.0,0.0,0.192473,0.0,0.163376,0.10464,0.169833,0.177781,0.117392,0.0,0.0,0.0,1.213327,0.110604,0.0,0.0,0.166145,0.730747,0.0,0.0,0.050283,0.0,0.0,0.0,0.005058,0.13483,0.0,0.20932,0.0,0.0,0.0,0.351481,0.0,0.327031,0.228876,0.0,0.0,0.0,0.0,0.0,0.187188,0.411259,0.0,0.188123,0.0,0.240891,0.317858,0.171243,0.247996,0.0,0.00024,0.0,0.0,0.0,0.361616,0.15333,0.025766,0.0,0.158451,0.133745,0.032859,0.0,0.221732,0.0,0.0,0.176273,0.0,0.246253,0.0,0.383394,0.0,0.188383,0.0,5.4e-05,0.17577,0.0,0.0,0.0,0.286758,0.0,1.7e-05,0.297485,0.295784,0.062993,0.168052,0.255405,0.0,0.274558,0.0,0.080766,0.185874,0.068854,0.250033,0.34673,0.0,5e-06,0.160021,0.0,0.207817,0.407229,0.201992,0.320471,0.0,0.0,0.0,0.290934,0.0,0.0,0.179682,0.177367,0.096257,0.107515,0.125682,0.148536,0.0,0.192246,0.0,0.0,0.0,0.275666,0.0,0.189091,0.0,0.0,0.098953,0.0,0.151454,0.0,0.0,0.208312,0.0,0.196087,0.26694,0.073372,0.0,0.221898,0.253379,0.314064,0.0,0.198419,0.000223,0.0,0.16858,0.0,0.324542,0.33996,0.215071,0.0,0.0,0.0,0.037772,0.335532,0.0,0.0,0.0,0.0,0.0,0.176486,0.195464,0.0,0.0,0.0,0.0,0.0,0.245934,0.261292,0.0,0.11062,0.0,0.103117,0.0,0.0,0.251213,0.0,0.047623,0.0,0.366691,0.0,0.279072,0.0,0.0,0.309118,0.253243,0.297218,0.36016,0.052677,0.0,0.0,0.034682,0.0,0.324727,0.0,0.0,0.186576,0.334629,0.056051,0.0,0.0,0.0,0.0,0.203479,0.3325,0.0,0.0,0.0,0.186718,0.0,0.0,0.0,0.112884,0.0,0.265589,0.0,0.069543,0.046695,0.113212,0.258144,0.0,0.0,1.403379,0.0,0.0,0.201752,0.2017,0.262744,0.156986,0.0,0.037226,0.130641,0.17417,0.052864,0.045145,0.0,0.0,0.38185,0.0,0.0,0.184125,0.076519,0.0,0.032551,0.155933,0.058245,0.151287,0.0,0.032208,0.0,0.211672,0.200533,0.216028,0.0,0.06341,0.150298,0.0,0.0,0.0,0.0,0.253827,0.163464,0.0,0.0,0.211876,0.0,0.0,0.0,0.0,0.152827,0.116573,0.0,0.0,0.182802,0.090414,0.0,0.159372,0.316859,0.187851,0.0,0.2846,0.283857,0.0,0.0,0.0,0.0,0.149188,0.0,0.0,0.311649,0.0,0.145542,0.163776,0.276528,0.18949,0.261068,0.0,0.195258,0.0,0.0,0.0,0.0,0.274878,0.0,0.0,0.0,0.035518,0.0,0.0,0.0,0.281668,0.0,0.0,0.153192,0.088062,0.24693,0.177833,0.0,0.3311,0.0,0.0,0.286942,0.0,0.049264,0.0
TCGA-98-A53H-01Z-00-DX1.B05E6339-440C-4F2E-95B5-F2C96413D488,0.186567,0.0,0.041242,0.0,0.0,0.125632,0.0,0.0,0.352526,0.184281,0.105009,3.6e-05,0.0,0.0,0.0,0.179227,0.0,0.093044,0.0,0.0,0.332165,0.0,0.0,0.0,0.0,0.0,0.108238,0.0,0.147808,0.124472,0.0,0.0,0.10796,0.518343,0.0,0.23825,0.276601,0.0,0.0,0.0,0.0,0.233093,0.25761,0.133082,0.0,0.201453,0.091919,0.0,0.0,0.340882,0.0,0.069851,0.109783,1.580252,0.0,0.372033,0.101863,0.0,0.0,0.143175,0.0,0.0,0.0,0.017095,0.116554,0.273957,0.0,0.075874,0.146708,0.0,0.0,0.0,0.133815,0.082717,0.0,1e-06,0.0,0.0,0.0,0.0,0.0,0.35661,0.069334,0.0,0.0,0.177247,0.0,0.212034,0.087149,0.036669,0.142785,0.130225,0.293861,0.0,0.354796,0.0,0.0,0.0,0.0,0.124575,0.0,0.0,0.0,0.161299,0.0,0.0,0.0,0.166501,0.107296,0.28772,0.100928,0.0,0.184024,0.0,0.255368,0.0,0.0,0.388454,0.115707,0.0,0.178351,0.0,0.19961,0.0,0.0,0.0,0.334611,0.12687,0.158811,0.0,0.066525,0.0,0.384228,0.169377,0.361419,0.0,0.0,0.000746,0.074446,0.0,0.228823,0.089918,0.292753,0.207504,0.0,0.0,0.0,0.167078,0.0,0.0,0.124808,0.0,0.173978,0.311815,0.074681,0.047171,0.033557,0.140565,0.082582,0.0,0.385644,0.094853,0.0,0.0,0.0,3.6e-05,0.0,0.0,0.0,0.25793,0.0,0.0,0.039797,0.0,0.0,0.0,0.0,0.0,0.102046,0.357842,0.0,0.0,0.0,0.0,0.0,0.086778,0.183571,0.114044,0.0,0.0,0.0,0.0,0.335941,0.0,0.319309,0.275755,0.073848,0.103969,0.276587,0.0,0.0,0.0,1.432539,0.034612,0.0,0.0,0.291277,0.945716,0.0,0.0,0.1038,0.0,0.0,0.0,0.001659,0.106993,0.0,0.409093,0.0,0.0,0.0,0.170641,0.0,0.151626,0.09453,0.0,0.0,0.0,0.0,0.0,0.261839,0.192026,0.0,0.067694,0.0,0.096838,0.144282,0.047827,0.100438,0.0,9.8e-05,0.0,0.0,0.0,0.163252,0.272445,0.080829,0.0,0.057714,0.037102,0.155849,0.0,0.09305,0.0,0.0,0.21037,0.0,0.114768,0.0,0.198964,0.0,0.069084,0.0,9e-06,0.065037,0.0,0.0,0.0,0.115182,0.0,0.0,0.128888,0.148715,0.223126,0.286293,0.111013,0.0,0.120446,0.0,0.249488,0.32444,0.249015,0.118347,0.163966,0.0,5.6e-05,0.311569,0.0,0.087107,0.232317,0.073025,0.188315,0.0,0.0,0.0,0.133066,0.0,0.0,0.074561,0.325576,0.13959,0.254038,0.280467,0.071236,0.0,0.157173,0.0,0.0,0.0,0.15084,0.0,0.167649,0.0,0.0,0.264457,0.0,0.310685,0.0,0.0,0.084781,0.0,0.078972,0.112822,0.188218,0.0,0.128704,0.095528,0.165391,0.0,0.329101,0.000102,0.0,0.317404,0.0,0.339129,0.169398,0.09307,0.0,0.0,0.0,0.156608,0.154077,0.0,0.0,0.0,0.0,0.0,0.057294,0.073176,0.0,0.0,0.0,0.0,0.0,0.105507,0.124619,0.0,0.284207,0.0,0.261581,0.0,0.0,0.144823,0.0,0.188719,0.0,0.188017,0.0,0.344141,0.0,0.0,0.400048,0.273201,0.140841,0.162449,0.179467,0.0,0.0,0.159266,0.0,0.149692,0.0,0.0,0.079118,0.159448,0.225206,0.0,0.0,0.0,0.0,0.340161,0.160671,0.0,0.0,0.0,0.318626,0.0,0.0,0.0,0.019939,0.0,0.120064,0.0,0.26161,0.131507,0.278354,0.116116,0.0,0.0,1.546873,0.0,0.0,0.081515,0.351107,0.105388,0.346812,0.0,0.175122,0.087972,0.055677,0.202749,0.138093,0.0,0.0,0.185089,0.0,0.0,0.064596,0.195439,0.0,0.16425,0.145454,0.043019,0.395602,0.0,0.165343,0.0,0.095109,0.368635,0.081923,0.0,0.236762,0.117132,0.0,0.0,0.0,0.0,0.106611,0.288794,0.0,0.0,0.132891,0.0,0.0,0.0,0.0,0.087223,0.242516,0.0,0.0,0.124843,0.259391,0.0,0.296633,0.438549,0.078332,0.0,0.398912,0.120504,0.0,0.0,0.0,0.0,0.302678,0.0,0.0,0.131453,0.0,0.316132,0.058623,0.131526,0.339139,0.123444,0.0,0.201314,0.0,0.0,0.0,0.0,0.118448,0.0,0.0,0.0,0.16239,0.0,0.0,0.0,0.12793,0.0,0.0,0.091498,0.245018,0.106825,0.3259,0.0,0.168297,0.0,0.0,0.131379,0.0,0.199099,0.0
TCGA-85-A4QQ-01Z-00-DX1.321B5149-FC07-434D-9819-3F8821D77849,0.274798,0.0,0.086554,0.0,0.0,0.1925,0.0,0.0,0.316165,0.273165,0.160508,0.00218,0.0,0.0,0.0,0.269789,0.0,0.150434,0.0,0.0,0.235242,0.0,0.0,0.0,0.0,0.0,0.181645,0.0,0.127106,0.204169,0.0,0.0,0.181717,0.441095,0.0,0.169609,0.210905,0.0,0.0,0.0,0.0,0.162104,0.192672,0.20568,0.0,0.238796,0.139657,0.0,0.0,0.266892,0.0,0.112238,0.172112,1.581374,1e-06,0.28084,0.158664,0.0,0.0,0.219739,1e-06,0.0,0.0,0.043593,0.213373,0.206018,0.0,0.144742,0.102391,0.0,0.0,0.0,0.084393,0.136308,0.0,0.000342,0.0,0.0,0.0,0.0,0.0,0.295351,0.122682,0.0,0.0,0.264962,0.0,0.138146,0.149369,0.075297,0.227931,0.159515,0.258521,0.0,0.2757,0.0,0.0,0.0,0.0,0.198581,0.0,0.0,0.0,0.239891,0.0,0.0,0.0,0.203243,0.184402,0.220439,0.184983,0.0,0.11158,1.4e-05,0.180252,0.0,0.0,0.362351,0.146251,0.0,0.108438,0.0,0.207149,0.0,0.0,0.0,0.261627,0.107318,0.241571,2e-06,0.118518,0.0,0.300957,0.102596,0.26732,0.0,0.0,0.002599,0.093661,0.0,0.169416,0.156697,0.223523,0.144623,0.0,0.0,0.0,0.123658,0.0,0.0,0.185731,0.0,0.108414,0.25173,0.12446,0.082184,0.071885,0.229708,0.138215,0.0,0.301073,0.152557,0.0,0.0,0.0,0.001819,0.0,0.0,0.0,0.223201,0.0,0.0,0.089465,0.0,0.0,0.0,0.0,0.0,0.180778,0.286054,0.0,0.0,0.0,0.0,0.0,0.133934,0.165175,0.183303,0.0,0.0,0.0,0.0,0.254628,0.0,0.235691,0.198283,0.129316,0.156075,0.203826,0.0,0.0,0.0,1.346731,0.073558,0.0,0.0,0.225389,0.870306,0.0,0.0,0.093556,0.0,0.0,0.0,0.006957,0.146006,0.0,0.326466,0.0,0.0,0.0,0.256599,0.0,0.22001,0.159219,0.0,0.0,0.0,0.0,0.0,0.237013,0.289535,0.0,0.111193,0.0,0.172547,0.220538,0.090346,0.159589,0.0,0.00296,0.0,0.0,0.0,0.254212,0.216155,0.056225,0.0,0.110306,0.079032,0.098616,0.0,0.147642,0.0,0.0,0.194105,0.0,0.172913,0.0,0.280447,0.0,0.119407,0.0,0.000671,0.123252,0.0,0.0,0.0,0.195605,0.0,0.0,0.197207,0.229503,0.147013,0.221295,0.175764,0.0,0.191246,0.0,0.167584,0.260542,0.1767,0.189493,0.235934,0.0,5.5e-05,0.234018,0.0,0.133752,0.336589,0.129086,0.256194,0.0,5e-06,0.0,0.201888,0.0,0.0,0.122941,0.250491,0.107602,0.188026,0.210222,0.120865,0.0,0.184829,0.0,0.0,0.000569,0.220014,0.0,0.191472,0.0,0.0,0.189825,0.0,0.234695,0.0,0.0,0.13675,0.0,0.134078,0.178412,0.163012,0.0,0.162114,0.152097,0.254319,0.0,0.253876,0.00257,0.0,0.237925,0.0,0.338978,0.257289,0.154612,0.0,0.0,0.0,0.105219,0.242584,0.0,0.0,0.0,0.0,0.0,0.102717,0.130846,0.0,0.0,0.0,0.0,0.0,0.181493,0.197076,0.0,0.21203,0.0,0.18445,0.0,0.0,0.206744,0.0,0.134056,0.0,0.272399,0.0,0.346323,0.0,0.0,0.353366,0.257665,0.214615,0.251995,0.165296,0.0,0.0,0.110458,0.0,0.240508,0.0,0.0,0.135544,0.239939,0.139758,0.0,0.0,0.0,0.0,0.265361,0.244274,0.0,0.0,0.0,0.248507,0.0,0.0,0.0,0.052257,0.0,0.182113,0.0,0.176918,0.128772,0.203909,0.179252,0.0,0.0,1.485877,0.0,0.0,0.146113,0.277196,0.16607,0.259155,0.0,0.118409,0.109729,0.109857,0.132722,0.07616,0.0,1e-06,0.277177,0.0,0.0,0.127832,0.145321,0.0,0.097616,0.135217,0.04972,0.290618,0.0,0.108234,0.0,0.156572,0.286381,0.141526,0.0,0.161465,0.135126,0.0,0.0,0.0,0.0,0.162517,0.224406,0.0,3e-06,0.1834,0.0,0.0,0.0,0.0,0.130057,0.184711,0.0,0.0,0.168935,0.181732,0.0,0.245558,0.385885,0.13334,0.0,0.360593,0.196399,0.0,0.0,0.0,0.0,0.229121,0.0,0.0,0.214569,0.0,0.233477,0.117184,0.205777,0.254752,0.187446,0.0,0.196919,0.0,0.0,0.0,0.0,0.183907,0.0,0.0,0.0,0.10358,0.0,0.0,0.0,0.202416,0.0,0.0,0.123059,0.173053,0.183369,0.253688,0.0,0.24072,0.0,0.0,0.203265,0.0,0.126711,0.0
TCGA-33-4538-01Z-00-DX5.19d6ae2f-feaa-4c38-9335-6bb549631f94,0.265124,0.0,0.058211,0.0,0.0,0.174503,0.0,0.0,0.355472,0.260286,0.150236,1.2e-05,0.0,0.0,0.0,0.267156,0.0,0.102509,0.0,0.0,0.253783,0.0,0.0,0.0,0.0,0.0,0.156022,0.0,0.070259,0.192735,0.0,0.0,0.176338,0.43844,0.0,0.20813,0.228056,0.0,0.0,0.0,0.0,0.176449,0.200483,0.193345,0.0,0.16731,0.115399,0.0,0.0,0.281693,0.0,0.083713,0.128482,1.592273,0.0,0.300168,0.153928,0.0,0.0,0.196992,0.0,0.0,0.0,0.028684,0.1706,0.216128,0.0,0.076769,0.064752,0.0,0.0,0.0,0.075942,0.117323,0.0,1.2e-05,0.0,0.0,0.0,0.0,0.0,0.300042,0.093109,0.0,0.0,0.205183,0.0,0.133832,0.126666,0.042917,0.18367,0.167328,0.256809,0.0,0.298188,0.0,0.0,0.0,0.0,0.171569,3e-06,0.0,0.0,0.222385,0.0,0.0,0.0,0.117848,0.155396,0.263026,0.144769,0.0,0.125459,0.0,0.20298,0.0,0.0,0.308434,0.135478,0.0,0.108159,0.0,0.203476,0.0,0.0,0.0,0.304523,0.0649,0.229832,1e-06,0.098578,0.0,0.388447,0.07616,0.275309,0.0,0.0,0.000342,0.092256,0.0,0.167992,0.073362,0.254729,0.146225,0.0,0.0,0.0,0.110973,0.0,0.0,0.168781,0.0,0.101429,0.289879,0.088714,0.077281,0.047809,0.162284,0.120461,0.0,0.325672,0.102019,0.0,0.0,0.0,1.6e-05,0.0,0.0,0.0,0.186116,0.0,0.0,0.020994,0.0,0.0,0.0,0.0,0.0,0.174336,0.297346,0.0,0.0,0.0,0.0,0.0,0.121359,0.116814,0.160676,0.0,0.0,0.0,0.0,0.278146,0.0,0.259307,0.211776,0.100686,0.124764,0.233882,0.0,0.0,0.0,1.359713,0.046322,0.0,0.0,0.246885,0.870262,0.0,0.0,0.116088,0.0,0.0,0.0,0.000945,0.072845,0.0,0.333716,0.0,0.0,0.0,0.234734,0.0,0.202238,0.138492,0.0,0.0,0.0,0.0,0.0,0.239665,0.264273,0.0,0.092098,0.0,0.126947,0.19211,0.074383,0.122062,0.0,4.7e-05,0.0,0.0,0.0,0.237005,0.236455,0.033239,0.0,0.095169,0.064871,0.083335,0.0,0.129572,0.0,0.0,0.189786,0.0,0.156611,0.0,0.269652,0.0,0.094665,0.0,5e-06,0.074018,0.0,0.0,0.0,0.176155,0.0,0.0,0.176996,0.207813,0.155744,0.253756,0.121183,0.0,0.185158,0.0,0.177714,0.27621,0.179032,0.156953,0.234878,0.0,9e-06,0.263039,0.0,0.125035,0.277272,0.103292,0.204862,0.0,0.0,0.0,0.183549,0.0,0.0,0.086813,0.289425,0.124696,0.21069,0.222427,0.073815,0.0,0.161478,0.0,0.0,0.000687,0.151802,0.0,0.147851,0.0,0.0,0.212269,0.0,0.240678,0.0,0.0,0.130152,0.0,0.114619,0.160113,0.112318,0.0,0.113738,0.148108,0.193883,0.0,0.285725,5.6e-05,0.0,0.275073,0.0,0.324469,0.233897,0.140554,0.0,0.0,0.0,0.08297,0.198538,0.0,0.0,0.0,0.0,0.0,0.078959,0.119347,0.0,0.0,0.0,0.0,0.0,0.15992,0.183965,0.0,0.221915,0.0,0.196343,0.0,0.0,0.119965,0.0,0.130372,0.0,0.252092,0.0,0.319661,0.0,0.0,0.372183,0.25742,0.196905,0.233917,0.12622,0.0,0.0,0.057504,0.0,0.234912,0.0,0.0,0.113358,0.206106,0.1522,1e-06,0.0,0.0,0.0,0.285393,0.225437,0.0,0.0,0.0,0.28165,0.0,0.0,0.0,0.030936,0.0,0.182426,0.0,0.176232,0.074892,0.208787,0.150248,0.0,0.0,1.510671,0.0,0.0,0.130708,0.300497,0.149236,0.269653,0.0,0.095906,0.085011,0.065493,0.1521,0.086772,0.0,0.0,0.264897,0.0,0.0,0.105622,0.170963,0.0,0.069164,0.131922,0.0532,0.297538,0.0,0.097481,0.0,0.106455,0.336384,0.112278,0.0,0.153278,0.127766,0.0,0.0,0.0,0.0,0.163195,0.25465,0.0,0.0,0.184719,0.0,0.0,0.0,1e-06,0.062942,0.211853,0.0,0.0,0.085372,0.184967,0.0,0.267191,0.397337,0.130725,0.0,0.35606,0.187391,0.0,0.0,0.0,0.0,0.241384,0.0,0.0,0.111801,0.0,0.292067,0.083741,0.193232,0.259158,0.167995,0.0,0.192227,0.0,0.0,0.0,0.0,0.183335,0.0,0.0,0.0,0.07916,0.0,0.0,0.0,0.177205,0.0,0.0,0.111447,0.194767,0.140137,0.281721,0.0,0.208871,0.0,0.0,0.193337,0.0,0.11743,0.0
TCGA-37-3792-01Z-00-DX1.d95a9f5f-5bad-48fc-9f90-ed2580328b80,0.329143,0.0,0.071484,0.0,0.0,0.223005,0.0,0.0,0.3482,0.325312,0.192951,1e-06,0.0,0.0,0.0,0.328831,0.0,0.082034,0.0,0.0,0.240037,0.0,0.0,0.0,0.0,0.0,0.179667,0.0,0.023368,0.233421,0.0,0.0,0.215261,0.350072,0.0,0.193347,0.182125,0.0,0.0,0.0,0.0,0.120532,0.154136,0.246963,0.0,0.098357,0.078913,0.0,0.0,0.247398,0.0,0.052368,0.09347,1.578008,0.0,0.242811,0.18802,0.0,0.0,0.239571,0.0,0.0,0.0,0.030681,0.176408,0.18014,0.0,0.086596,0.021744,0.0,0.0,0.0,0.030153,0.150269,0.0,1e-06,0.0,0.0,0.0,0.0,0.0,0.248091,0.122991,0.0,0.0,0.225701,0.0,0.063198,0.154167,0.071711,0.220671,0.196023,0.201615,0.0,0.228531,0.0,0.0,0.0,0.0,0.203225,0.0,0.0,0.0,0.28918,0.0,0.0,0.0,0.085078,0.208181,0.249322,0.141812,0.0,0.084187,0.0,0.132947,0.0,0.0,0.237121,0.109308,0.0,0.05554,0.0,0.228383,0.0,0.0,0.0,0.28791,0.038662,0.285612,0.0,0.076417,0.0,0.369903,0.027633,0.202212,0.0,0.0,5.8e-05,0.124708,0.0,0.110663,0.037952,0.25732,0.093738,0.0,0.0,0.0,0.046149,0.0,0.0,0.235622,0.0,0.049199,0.261356,0.163083,0.111845,0.068706,0.179147,0.173049,0.0,0.2666,0.060696,0.0,0.0,0.0,1e-06,0.0,0.0,0.0,0.092863,0.0,0.0,0.008195,0.0,0.0,0.0,0.0,0.0,0.199028,0.23754,0.0,0.0,0.0,0.0,0.0,0.161243,0.042887,0.209673,0.0,0.0,0.0,0.0,0.251969,0.0,0.214523,0.157438,0.124996,0.09924,0.195174,0.0,0.0,0.0,1.272167,0.055479,0.0,0.0,0.23371,0.763213,0.0,0.0,0.141469,0.0,0.0,0.0,0.000116,0.027637,0.0,0.238569,0.0,0.0,0.0,0.299203,0.0,0.278852,0.184984,0.0,0.0,0.0,0.0,0.0,0.167354,0.336774,0.0,0.12562,0.0,0.155508,0.239728,0.097421,0.16998,0.0,4e-06,0.0,0.0,0.0,0.30042,0.195828,0.012564,0.0,0.122157,0.097291,0.030767,0.0,0.181676,0.0,0.0,0.166387,0.0,0.202319,0.0,0.356875,0.0,0.12444,0.0,0.0,0.046447,0.0,0.0,0.0,0.224144,0.0,0.0,0.23611,0.263499,0.115145,0.22288,0.090284,0.0,0.224539,0.0,0.138626,0.24905,0.097099,0.180247,0.311093,0.0,1e-06,0.231007,0.0,0.177157,0.28424,0.133539,0.196384,0.0,0.0,0.0,0.227649,0.0,0.0,0.108254,0.261779,0.133784,0.154867,0.177428,0.051224,0.0,0.120042,0.0,0.0,0.000138,0.128124,0.0,0.097433,0.0,0.0,0.144856,0.0,0.2037,0.0,0.0,0.171844,0.0,0.148897,0.202254,0.047424,0.0,0.12935,0.186551,0.182568,0.0,0.275344,6e-06,0.0,0.222868,0.0,0.334685,0.28467,0.182338,0.0,0.0,0.0,0.032549,0.248572,0.0,0.0,0.0,0.0,0.0,0.104366,0.146322,0.0,0.0,0.0,0.0,0.0,0.185344,0.21955,0.0,0.1678,0.0,0.154507,0.0,0.0,0.096867,0.0,0.065304,0.0,0.300894,0.0,0.248708,0.0,0.0,0.364571,0.290525,0.237543,0.29488,0.039286,0.0,0.0,0.015004,0.0,0.296654,0.0,0.0,0.128693,0.260017,0.073648,0.0,0.0,0.0,0.0,0.245256,0.272854,0.0,0.0,0.0,0.24508,0.0,0.0,0.0,0.042442,0.0,0.237947,0.0,0.096485,0.020924,0.170883,0.20547,0.0,0.0,1.447331,0.0,0.0,0.171927,0.271584,0.196773,0.224839,0.0,0.03997,0.099986,0.096754,0.104597,0.070081,0.0,0.0,0.318167,0.0,0.0,0.116268,0.142717,0.0,0.023073,0.123684,0.032735,0.201185,0.0,0.032317,0.0,0.089468,0.319247,0.146263,0.0,0.066005,0.125471,0.0,0.0,0.0,0.0,0.217165,0.236203,0.0,0.0,0.157606,0.0,0.0,0.0,1e-06,0.019551,0.203622,0.0,0.0,0.046156,0.142978,0.0,0.230734,0.348396,0.169465,0.0,0.29074,0.225802,0.0,0.0,0.0,0.0,0.200023,0.0,0.0,0.094121,0.0,0.26656,0.099047,0.242725,0.249921,0.21232,0.0,0.182394,0.0,0.0,0.0,0.0,0.246905,0.0,0.0,0.0,0.041188,0.0,0.0,0.0,0.222458,0.0,0.0,0.090082,0.144899,0.134317,0.246126,0.0,0.244117,0.0,0.0,0.237387,0.0,0.060929,0.0
TCGA-60-2723-01Z-00-DX1.1c12de5a-5d31-468e-9169-feb23d24e7d6,0.312618,0.0,0.134564,0.0,0.0,0.228211,0.0,0.0,0.251089,0.334146,0.223779,0.00791,0.0,0.0,0.0,0.345399,0.0,0.24352,0.0,0.0,0.220741,0.0,0.0,0.0,0.0,0.0,0.254044,0.0,0.124783,0.267027,0.0,0.0,0.221651,0.415958,0.0,0.145291,0.160654,0.0,0.0,0.0,0.0,0.141911,0.150708,0.268145,0.0,0.319824,0.175661,0.0,0.0,0.246682,0.0,0.19274,0.225145,1.668752,0.000464,0.244519,0.225128,0.0,0.0,0.268787,0.0,3e-06,0.0,0.089536,0.29524,0.198811,0.0,0.274937,0.133333,0.0,0.0,0.0,0.097305,0.193323,0.0,0.003079,0.0,0.0,0.0,0.0,0.0,0.300033,0.18372,0.0,0.0,0.337626,0.0,0.121003,0.204232,0.140582,0.32519,0.165663,0.219804,0.0,0.232459,0.0,0.0,0.0,2e-06,0.262866,0.0,0.0,0.0,0.313453,0.0,0.0,0.0,0.332181,0.246083,0.194688,0.258463,0.0,0.091193,0.0,0.159101,0.0,0.0,0.455888,0.164345,0.0,0.10625,0.0,0.253004,0.0,0.0,0.0,0.228118,0.232691,0.323616,0.0,0.187297,0.0,0.190036,0.140432,0.250877,0.0,0.0,0.015888,0.127372,0.0,0.143347,0.255212,0.216919,0.113558,0.0,0.0,0.0,0.097065,0.0,0.0,0.254768,0.0,0.097821,0.201019,0.22785,0.132354,0.140406,0.342722,0.203995,0.0,0.264562,0.242353,0.0,0.0,0.0,0.006353,0.0,0.0,0.0,0.235314,0.0,0.0,0.223596,0.0,0.0,0.0,0.0,0.0,0.244742,0.272824,0.0,0.0,0.0,0.0,0.0,0.191057,0.149129,0.230514,0.0,0.0,0.0,0.0,0.242862,0.0,0.208569,0.170041,0.170608,0.212484,0.173136,0.0,0.0,0.0,1.345146,0.130787,0.0,0.0,0.194268,0.839619,0.0,0.0,0.035779,0.0,0.0,0.0,0.038312,0.206297,0.0,0.307235,0.0,0.0,0.0,0.333729,0.0,0.303841,0.225421,0.0,0.0,0.0,0.0,0.0,0.243794,0.381006,0.0,0.180226,0.0,0.247253,0.303162,0.163324,0.243603,0.0,0.01167,0.0,0.0,0.0,0.337562,0.202442,0.081774,0.0,0.15085,0.131985,0.101863,0.0,0.207898,0.0,0.0,0.206743,0.0,0.228101,0.0,0.342718,0.0,0.176517,0.0,0.002834,0.244542,0.0,0.0,0.0,0.277178,0.0,0.0,0.27403,0.282583,0.11159,0.211056,0.311066,0.0,0.248466,0.0,0.124556,0.234508,0.165079,0.241878,0.310192,0.0,0.000156,0.192023,0.0,0.196982,0.425094,0.191888,0.332492,0.0,0.0,0.0,0.2649,0.0,0.0,0.176116,0.218564,0.106766,0.16312,0.16472,0.187309,0.0,0.237795,0.0,0.0,0.0,0.317827,0.0,0.246202,0.0,0.0,0.156352,0.0,0.210357,0.0,0.0,0.188547,0.0,0.182475,0.252904,0.164857,0.0,0.25248,0.230442,0.35971,0.0,0.21866,0.010625,0.0,0.212451,0.0,0.362446,0.326013,0.207598,0.0,0.0,0.0,0.1159,0.343099,0.0,0.0,0.0,0.0,0.0,0.17684,0.181055,0.0,0.0,0.0,0.0,0.0,0.238098,0.240969,0.0,0.169682,0.0,0.148306,0.0,0.0,0.315956,0.0,0.108611,0.0,0.34162,0.0,0.36319,0.0,0.0,0.36891,0.305812,0.272894,0.344372,0.14086,0.0,0.0,0.166177,0.0,0.301645,0.0,0.0,0.173112,0.317033,0.153,0.0,0.0,0.0,0.0,0.250837,0.324881,9e-06,0.0,0.0,0.226268,0.0,0.0,0.0,0.109483,0.0,0.235806,0.0,0.157378,0.130606,0.177358,0.250595,0.0,0.0,1.514338,0.0,0.0,0.194322,0.237193,0.244508,0.230003,0.0,0.108652,0.168512,0.180107,0.100861,0.081096,0.0,0.0,0.359492,0.0,0.0,0.179023,0.12008,1e-06,0.136644,0.190223,0.037793,0.251621,0.0,0.104962,0.0,0.248138,0.223867,0.202471,0.0,0.15868,0.157835,0.0,0.0,0.0,0.0,0.240634,0.189858,0.0,0.0,0.205733,0.0,0.0,0.0,2e-06,0.218133,0.150428,0.0,0.0,0.282707,0.140466,0.0,0.197509,0.371174,0.17407,0.0,0.360018,0.263156,0.0,0.0,0.0,0.0,0.215572,0.0,0.0,0.39987,0.0,0.170401,0.164254,0.263665,0.228198,0.247559,0.0,0.199605,0.0,0.0,0.0,0.0,0.242367,0.0,0.0,1e-06,0.095195,0.0,0.0,0.0,0.272919,0.0,0.0,0.173636,0.135584,0.285319,0.218476,0.0,0.31819,0.0,0.0,0.255104,0.0,0.141787,0.0
TCGA-77-A5GF-01Z-00-DX1.8E70F660-4492-4BEB-A688-217DE27C1E6D,0.196397,0.0,0.028829,0.0,0.0,0.120046,0.0,0.0,0.370388,0.188031,0.101135,0.001569,0.0,0.0,0.0,0.180812,0.0,0.106047,0.0,0.0,0.343563,0.0,0.0,0.0,0.0,0.0,0.106531,0.0,0.155297,0.124021,0.0,0.0,0.119889,0.537129,0.0,0.251698,0.285714,0.0,0.0,0.0,0.0,0.251122,0.267313,0.135637,0.0,0.198374,0.122697,0.0,0.0,0.359541,0.0,0.093208,0.107686,1.63224,9e-06,0.389559,0.106539,0.0,0.0,0.139274,0.0,1e-06,0.0,0.016231,0.09472,0.279122,0.0,0.070077,0.14902,0.0,0.0,0.0,0.150079,0.084496,0.0,9.9e-05,0.0,0.0,0.0,0.0,0.0,0.374896,0.054492,0.0,0.0,0.160316,0.0,0.221529,0.079741,0.033988,0.145247,0.132457,0.32558,0.0,0.377681,0.0,0.0,0.0,0.0,0.116849,0.0,0.0,0.0,0.165648,0.0,0.0,0.0,0.162074,0.101617,0.307402,0.108224,0.0,0.186638,0.0,0.266778,0.0,0.0,0.371994,0.126975,0.0,0.189793,0.0,0.169975,0.0,0.0,0.0,0.356656,0.119965,0.15747,0.0,0.083796,0.0,0.42731,0.186042,0.371801,0.0,0.0,0.002573,0.063828,0.0,0.238788,0.094378,0.315523,0.20894,0.0,0.0,0.0,0.178005,0.0,0.0,0.129516,0.0,0.177746,0.335432,0.058962,0.04926,0.023409,0.131837,0.079604,0.0,0.398692,0.11782,0.0,0.0,0.0,0.0014,0.0,0.0,0.0,0.280777,0.0,0.0,0.042091,0.0,0.0,0.0,0.0,0.0,0.107057,0.36595,0.0,0.0,2e-06,0.0,0.0,0.084244,0.190499,0.105711,0.0,0.0,0.0,0.0,0.350222,0.0,0.334254,0.28596,0.062175,0.129849,0.29305,0.0,0.0,0.0,1.461324,0.026709,0.0,0.0,0.305643,0.971832,0.0,0.0,0.101831,0.0,0.0,0.0,0.005537,0.122869,0.0,0.437157,0.0,0.0,0.0,0.176141,0.0,0.152443,0.093331,0.0,0.0,0.0,0.0,0.0,0.293751,0.205361,0.0,0.058243,0.0,0.076217,0.140113,0.046806,0.090706,0.0,0.002396,0.0,0.0,0.0,0.170329,0.296271,0.086565,0.0,0.056097,0.040002,0.167753,0.0,0.090671,0.0,0.0,0.239115,0.0,0.121084,0.0,0.201233,0.0,0.063112,0.0,0.000556,0.089044,0.0,0.0,0.0,0.115681,0.0,0.0,0.134012,0.163185,0.232849,0.32024,0.119738,0.0,0.127712,0.0,0.260815,0.343772,0.268594,0.114939,0.170624,0.0,3.8e-05,0.31555,0.0,0.088585,0.209654,0.066349,0.189041,0.0,0.0,0.0,0.139304,0.0,0.0,0.066018,0.347805,0.152357,0.26725,0.288766,0.095436,0.0,0.176228,0.0,0.0,1e-06,0.158615,0.0,0.187847,0.0,0.0,0.280191,0.0,0.320869,0.0,0.0,0.080364,0.0,0.088759,0.115432,0.195204,0.0,0.108347,0.096339,0.167802,0.0,0.338889,0.002287,0.0,0.334188,0.0,0.33555,0.172673,0.099926,0.0,0.0,0.0,0.168581,0.160242,0.0,0.0,0.0,0.0,0.0,0.049791,0.081363,0.0,0.0,0.0,0.0,0.0,0.106864,0.127214,0.0,0.287652,0.0,0.269495,0.0,0.0,0.122668,0.0,0.192876,0.0,0.191685,0.0,0.372065,0.0,0.0,0.391852,0.257967,0.134732,0.169215,0.194544,0.0,0.0,0.168601,0.0,0.158622,0.0,0.0,0.069553,0.156046,0.236938,0.0,0.0,0.0,0.0,0.359883,0.170013,0.0,0.0,0.0,0.326498,0.0,0.0,0.0,0.018437,0.0,0.124171,0.0,0.266511,0.14077,0.291396,0.108735,0.0,0.0,1.592393,0.0,0.0,0.082854,0.369171,0.111412,0.366532,0.0,0.180915,0.076963,0.048031,0.213944,0.145208,0.0,0.0,0.194178,0.0,0.0,0.065417,0.211367,0.0,0.173867,0.157357,0.04793,0.409296,0.0,0.171279,0.0,0.10792,0.388579,0.084572,0.0,0.25096,0.108937,0.0,0.0,0.0,0.0,0.105461,0.306462,0.0,0.0,0.169116,1e-06,0.0,0.0,0.0,0.095643,0.258787,0.0,0.0,0.124259,0.270629,0.0,0.3149,0.463674,0.089934,0.0,0.422668,0.122885,0.0,0.0,0.0,0.0,0.316277,0.0,0.0,0.125887,0.0,0.339792,0.04771,0.130074,0.341807,0.115351,0.0,0.236544,0.0,0.0,0.0,0.0,0.126768,0.0,0.0,0.0,0.158937,0.0,0.0,0.0,0.134673,0.0,0.0,0.138685,0.24946,0.114772,0.339781,0.0,0.182529,0.0,0.0,0.1319,0.0,0.220394,0.0
TCGA-46-3767-01Z-00-DX1.1f1899f9-7d6e-438c-b7ac-701ea088734d,0.204035,0.0,0.061794,0.0,0.0,0.149085,0.0,0.0,0.361626,0.191581,0.117355,1.2e-05,0.0,0.0,0.0,0.204433,0.0,0.073801,0.0,0.0,0.302923,0.0,0.0,0.0,0.0,0.0,0.121341,0.0,0.115775,0.149163,0.0,0.0,0.129656,0.479377,0.0,0.227509,0.251098,0.0,0.0,0.0,0.0,0.212855,0.235684,0.14793,0.0,0.184998,0.077416,0.0,0.0,0.316911,0.0,0.053163,0.083186,1.568391,0.0,0.340934,0.125434,0.0,0.0,0.159077,0.0,0.0,0.0,0.033761,0.142091,0.245183,0.0,0.0665,0.117157,0.0,0.0,0.0,0.108237,0.097611,0.0,9e-06,0.0,0.0,0.0,0.0,0.0,0.326365,0.078714,0.0,0.0,0.182843,0.0,0.182376,0.114957,0.04432,0.149489,0.136607,0.26325,0.0,0.335313,0.0,0.0,0.0,0.0,0.155078,0.0,0.0,0.0,0.176756,0.0,0.0,0.0,0.140753,0.125859,0.270806,0.119116,0.0,0.165623,0.0,0.240134,0.0,0.0,0.384892,0.102134,0.0,0.16016,0.0,0.24898,0.0,0.0,0.0,0.319039,0.111061,0.178247,0.0,0.045062,0.0,0.387889,0.138077,0.322261,0.0,0.0,0.000495,0.10916,0.0,0.205185,0.077229,0.270829,0.184702,0.0,0.0,0.0,0.14355,0.0,0.0,0.130983,0.0,0.153438,0.295069,0.087636,0.063982,0.054115,0.135497,0.100235,0.0,0.353087,0.074354,0.0,0.0,0.0,1.5e-05,0.0,0.0,0.0,0.234005,0.0,0.0,0.035044,0.0,0.0,0.0,0.0,0.0,0.121897,0.327104,0.0,0.0,0.0,0.0,0.0,0.102903,0.154119,0.141558,0.0,0.0,0.0,0.0,0.312016,0.0,0.291824,0.250629,0.092661,0.087146,0.256517,0.0,0.0,0.0,1.403094,0.057775,0.0,0.0,0.26048,0.915561,0.0,0.0,0.099398,0.0,0.0,0.0,0.001049,0.081671,0.0,0.386281,0.0,0.0,0.0,0.192445,0.0,0.169634,0.1172,0.0,0.0,0.0,0.0,0.0,0.23232,0.206868,0.0,0.085006,0.0,0.119657,0.169551,0.067607,0.118034,0.0,5.7e-05,0.0,0.0,0.0,0.176378,0.242973,0.064333,0.0,0.081779,0.04959,0.127684,0.0,0.111849,0.0,0.0,0.1761,0.0,0.12256,0.0,0.212105,0.0,0.078741,0.0,6e-06,0.057577,0.0,0.0,0.0,0.133437,0.0,0.0,0.145858,0.173347,0.204775,0.261545,0.098509,0.0,0.142963,0.0,0.226783,0.304579,0.219087,0.137202,0.189454,0.0,1.3e-05,0.284661,0.0,0.114175,0.245353,0.094451,0.169791,0.0,0.0,0.0,0.151565,0.0,0.0,0.096148,0.306701,0.132834,0.237493,0.255577,0.056108,0.0,0.131873,0.0,0.0,0.000117,0.128336,0.0,0.14153,0.0,0.0,0.242975,0.0,0.286984,0.0,0.0,0.109836,0.0,0.091886,0.123894,0.164663,0.0,0.10252,0.119227,0.160591,0.0,0.300274,7.9e-05,0.0,0.28939,0.0,0.353467,0.18479,0.108234,0.0,0.0,0.0,0.133702,0.152507,0.0,0.0,0.0,0.0,0.0,0.078622,0.091512,0.0,0.0,0.0,0.0,0.0,0.130105,0.145211,0.0,0.260206,0.0,0.235798,0.0,0.0,0.111847,0.0,0.169398,0.0,0.204746,0.0,0.319142,0.0,0.0,0.428567,0.309869,0.159548,0.178347,0.144736,0.0,0.0,0.127387,0.0,0.172372,0.0,0.0,0.105202,0.16572,0.198225,0.0,0.0,0.0,0.0,0.310318,0.191573,0.0,0.0,0.0,0.297039,0.0,0.0,0.0,0.038156,0.0,0.144296,0.0,0.23491,0.105542,0.251486,0.132841,0.0,0.0,1.530112,0.0,0.0,0.101279,0.327102,0.119967,0.319072,0.0,0.144415,0.113022,0.07186,0.187102,0.125133,0.0,0.0,0.20783,0.0,0.0,0.080698,0.184058,0.0,0.134347,0.123031,0.056496,0.369099,0.0,0.143227,0.0,0.081805,0.359337,0.092291,0.0,0.203853,0.109051,0.0,0.0,0.0,0.0,0.126053,0.267082,0.0,0.0,0.120203,0.0,0.0,0.0,0.0,0.071003,0.233354,0.0,0.0,0.09813,0.230224,0.0,0.276256,0.412336,0.097921,0.0,0.362861,0.144466,0.0,0.0,0.0,0.0,0.268284,0.0,0.0,0.126901,0.0,0.304282,0.071047,0.155962,0.303149,0.140086,0.0,0.163471,0.0,0.0,0.0,0.0,0.142566,0.0,0.0,0.0,0.133901,0.0,0.0,0.0,0.137579,0.0,0.0,0.06291,0.222596,0.115547,0.30217,0.0,0.168718,0.0,0.0,0.147517,0.0,0.176709,0.0
TCGA-85-8350-01Z-00-DX1.F9A32453-2E24-4874-A1FA-67B4173ABF03,0.181481,0.0,0.03225,0.0,0.0,0.122345,0.0,0.0,0.366041,0.164943,0.090383,8.8e-05,0.0,0.0,0.0,0.185131,0.0,0.128985,0.0,0.0,0.376364,0.0,0.0,0.0,0.0,0.0,0.111558,0.0,0.201899,0.128347,0.0,0.0,0.099786,0.57535,0.0,0.251553,0.287803,0.0,0.0,0.0,0.0,0.271017,0.285064,0.124689,0.0,0.245316,0.129291,0.0,0.0,0.386051,0.0,0.096663,0.108988,1.720461,0.0,0.398136,0.11089,0.0,0.0,0.13114,0.0,0.0,0.0,0.013979,0.137119,0.303844,0.0,0.096295,0.192885,0.0,0.0,0.0,0.162296,0.081924,0.0,1.5e-05,0.0,0.0,0.0,0.0,0.0,0.407622,0.064337,0.0,0.0,0.194116,0.0,0.243216,0.091675,0.03298,0.153796,0.132605,0.331407,0.0,0.389274,0.0,0.0,0.0,0.0,0.149622,0.0,0.0,0.0,0.159567,0.0,0.0,0.0,0.20957,0.113591,0.322431,0.122782,0.0,0.209474,0.0,0.296896,0.0,0.0,0.449086,0.141176,0.0,0.225544,0.0,0.20971,0.0,0.0,0.0,0.362682,0.156588,0.156258,0.0,0.080164,0.0,0.392803,0.223866,0.405133,0.0,0.0,0.002698,0.102145,0.0,0.260657,0.133348,0.320071,0.241987,0.0,0.0,0.0,0.198472,0.0,0.0,0.11091,0.0,0.196902,0.343202,0.08518,0.051591,0.032589,0.153335,0.089851,0.0,0.433142,0.130701,0.0,0.0,0.0,0.000118,0.0,0.0,0.0,0.323628,0.0,0.0,0.089116,0.0,0.0,0.0,0.0,0.0,0.098963,0.391225,0.0,0.0,0.0,0.0,0.0,0.073208,0.24404,0.120803,0.0,0.0,0.0,0.0,0.384245,0.0,0.351386,0.320701,0.06741,0.146342,0.306432,0.0,0.0,0.0,1.572282,0.029578,0.0,0.0,0.299346,1.042953,0.0,0.0,0.105918,0.0,0.0,0.0,0.007586,0.148181,0.0,0.474843,0.0,0.0,0.0,0.173288,0.0,0.160275,0.098484,0.0,0.0,0.0,0.0,0.0,0.308607,0.198381,0.0,0.067824,0.0,0.102741,0.152091,0.06361,0.105405,0.0,0.000325,0.0,0.0,0.0,0.1572,0.294316,0.115516,0.0,0.065616,0.038405,0.182451,0.0,0.098434,0.0,0.0,0.238203,0.0,0.111474,0.0,0.203137,0.0,0.071757,0.0,3.5e-05,0.115383,0.0,0.0,0.0,0.121578,0.0,0.0,0.140026,0.15729,0.238364,0.316145,0.162519,0.0,0.111698,0.0,0.26873,0.365639,0.31386,0.126646,0.171445,0.0,7.2e-05,0.336641,0.0,0.098928,0.25781,0.074571,0.192238,0.0,0.0,0.0,0.12297,0.0,0.0,0.078815,0.365177,0.158859,0.297649,0.302911,0.113876,0.0,0.19086,0.0,0.0,0.0,0.19024,0.0,0.205006,0.0,0.0,0.302721,0.0,0.345741,0.0,0.0,0.098841,0.0,0.069217,0.113494,0.255802,0.0,0.126046,0.104324,0.228302,0.0,0.34188,0.000426,0.0,0.347062,0.0,0.367229,0.16767,0.100336,0.0,0.0,0.0,0.199634,0.192442,0.0,0.0,0.0,0.0,0.0,0.057266,0.071626,0.0,0.0,0.0,0.0,0.0,0.113048,0.112324,0.0,0.320643,0.0,0.291168,0.0,0.0,0.159806,0.0,0.225126,0.0,0.171328,0.0,0.401885,0.0,0.0,0.431598,0.308689,0.137767,0.165561,0.221165,0.0,0.0,0.242192,0.0,0.163089,0.0,0.0,0.08062,0.15422,0.269722,0.0,0.0,0.0,0.0,0.349471,0.17298,0.0,0.0,0.0,0.34938,0.0,0.0,0.0,0.01982,0.0,0.135434,0.0,0.318733,0.189522,0.315071,0.125951,0.0,0.0,1.6818,0.0,0.0,0.099728,0.376961,0.104226,0.379186,0.0,0.205919,0.099255,0.053576,0.226865,0.154227,0.0,0.0,0.17979,0.0,0.0,0.064771,0.227003,0.0,0.214389,0.165306,0.028774,0.450287,0.0,0.19895,0.0,0.136356,0.383163,0.083926,0.0,0.28465,0.101254,0.0,0.0,0.0,0.0,0.119767,0.316585,0.0,0.0,0.172711,0.0,0.0,0.0,0.0,0.122813,0.249438,0.0,0.0,0.16886,0.276346,0.0,0.308162,0.491892,0.084143,0.0,0.439234,0.119863,0.0,0.0,0.0,0.0,0.337506,0.0,0.0,0.200563,0.0,0.337152,0.053364,0.131069,0.349101,0.117492,0.0,0.205169,0.0,0.0,0.0,0.0,0.121499,0.0,0.0,0.0,0.195889,0.0,0.0,0.0,0.133908,0.0,0.0,0.115836,0.271142,0.142584,0.341633,0.0,0.16859,0.0,0.0,0.118463,0.0,0.268498,0.0
TCGA-85-A510-01Z-00-DX1.F51CBC2D-EAD4-48B8-9444-C864012562F4,0.441304,0.0,0.192512,0.0,0.0,0.308589,0.0,0.0,0.258796,0.411582,0.294585,0.000705,0.0,0.0,0.0,0.410194,0.0,0.028007,0.0,0.0,0.119322,0.0,0.0,0.0,0.0,0.0,0.299495,0.0,0.019541,0.329937,0.0,0.0,0.307484,0.270568,0.0,0.0851,0.065111,0.0,0.0,0.0,0.0,0.047506,0.048972,0.375199,0.0,0.039155,0.067626,0.0,0.0,0.140444,0.0,0.084156,0.101545,1.487907,0.0,0.119709,0.301381,0.0,0.0,0.335145,0.0,0.0,0.0,0.191571,0.203732,0.084115,0.0,0.109986,0.019991,0.0,0.0,0.0,0.020872,0.332155,0.0,5.4e-05,0.0,0.0,0.0,0.0,0.0,0.122663,0.245594,0.0,0.0,0.273703,0.0,0.036422,0.247035,0.193613,0.363345,0.164897,0.13168,0.0,0.118734,0.0,0.0,0.0,0.0,0.33805,0.0,0.0,0.0,0.39214,0.0,0.0,0.0,0.049561,0.322586,0.119011,0.23915,0.0,0.035119,0.0,0.060604,0.0,0.0,0.16964,0.153387,0.0,0.032974,0.0,0.260081,0.0,0.0,0.0,0.141327,0.015166,0.416424,0.0,0.098092,0.0,0.309704,0.026902,0.10256,0.0,0.0,0.02685,0.227346,0.0,0.044879,0.101126,0.124984,0.04083,0.0,0.0,0.0,0.026216,0.0,0.0,0.33134,0.0,0.029837,0.135925,0.263387,0.248952,0.199014,0.206797,0.279529,0.0,0.129563,0.122223,0.0,0.0,0.0,0.000642,0.0,0.0,0.0,0.074932,0.0,0.0,0.048948,0.0,0.0,0.0,0.0,0.0,0.270857,0.105314,0.0,0.0,0.0,0.0,0.0,0.23698,0.025631,0.315704,0.0,0.0,0.0,0.0,0.109163,0.0,0.105315,0.060008,0.210323,0.058575,0.080328,0.0,0.0,0.0,1.187922,0.20579,0.0,0.0,0.116835,0.664058,0.0,0.0,0.072314,0.0,0.0,0.0,0.042297,0.082911,0.0,0.205649,0.0,0.0,0.0,0.429983,0.0,0.411017,0.294042,0.0,0.0,0.0,0.0,0.0,0.113705,0.527636,0.0,0.29505,0.0,0.246847,0.359896,0.3062,0.287589,0.0,0.000955,0.0,0.0,0.0,0.428481,0.089176,0.012169,0.0,0.247099,0.193976,0.022727,0.0,0.289333,0.0,0.0,0.115205,0.0,0.317869,0.0,0.392408,0.0,0.223945,0.0,0.000257,0.076506,0.0,0.0,0.0,0.311176,0.0,0.0,0.392477,0.437974,0.043841,0.128467,0.094661,0.0,0.335897,0.0,0.052029,0.122872,0.049124,0.287268,0.428654,0.0,1e-05,0.076779,0.0,0.348579,0.352902,0.277142,0.218144,0.0,0.0,0.0,0.389048,0.0,0.0,0.289089,0.150354,0.059686,0.085996,0.07243,0.066281,0.0,0.04637,0.0,0.0,0.0,0.132169,0.0,0.077804,0.0,0.0,0.058517,0.0,0.099937,0.0,0.0,0.257428,0.0,0.304851,0.346279,0.027064,0.0,0.089228,0.365141,0.249692,0.0,0.119155,0.000883,0.0,0.121119,0.0,0.321179,0.394648,0.318767,0.0,0.0,0.0,0.023002,0.309115,0.0,0.0,0.0,0.0,0.0,0.278876,0.288286,0.0,0.0,0.0,0.0,0.0,0.274532,0.310867,0.0,0.059588,0.0,0.071467,0.0,0.0,0.096791,0.0,0.02981,0.0,0.46177,0.0,0.183571,0.0,0.0,0.418366,0.382603,0.378824,0.404044,0.021192,0.0,0.0,0.02355,0.0,0.406222,0.0,0.0,0.246505,0.379858,0.044015,0.0,0.0,0.0,0.0,0.134246,0.413282,0.0,0.0,0.0,0.128873,0.0,0.0,0.0,0.215713,0.0,0.361088,0.0,0.047657,0.016196,0.069117,0.331005,0.0,0.0,1.368304,0.0,0.0,0.295222,0.142349,0.332859,0.131449,0.0,0.027206,0.245141,0.264594,0.040259,0.02879,0.0,0.0,0.503246,0.0,0.0,0.267139,0.051527,0.0,0.025538,0.110216,0.264106,0.11808,0.0,0.024519,0.0,0.098134,0.191149,0.320611,0.0,0.04659,0.116255,0.0,0.0,0.0,0.0,0.339601,0.131566,0.0,0.0,0.25925,0.0,0.0,0.0,0.0,0.021923,0.120694,0.0,0.0,0.040724,0.065944,0.0,0.098926,0.236681,0.319225,0.0,0.196685,0.305917,0.0,0.0,0.0,0.0,0.088679,0.0,0.0,0.158499,0.0,0.154272,0.263754,0.330667,0.124216,0.320662,0.0,0.200025,0.0,0.0,0.0,0.0,0.342972,0.0,0.0,0.0,0.027798,0.0,0.0,0.0,0.390995,0.0,0.0,0.17423,0.058449,0.215631,0.121117,0.0,0.384517,0.0,0.0,0.307951,0.0,0.039489,0.0
TCGA-56-A4BY-01Z-00-DX1.DCA0D153-7DB7-44FB-A87A-20931D36856A,0.26107,0.0,0.135723,0.0,0.0,0.209241,0.0,0.0,0.346717,0.253804,0.175242,1e-06,0.0,0.0,0.0,0.268227,0.0,0.048831,0.0,0.0,0.242414,0.0,0.0,0.0,0.0,0.0,0.200911,0.0,0.063124,0.219832,0.0,0.0,0.18957,0.383647,0.0,0.168749,0.177835,0.0,0.0,0.0,0.0,0.131963,0.166718,0.198674,0.0,0.151868,0.036517,0.0,0.0,0.24462,0.0,0.035529,0.066809,1.500029,0.0,0.251174,0.189524,0.0,0.0,0.208541,0.0,0.0,0.0,0.097926,0.22705,0.17234,0.0,0.105952,0.063436,0.0,0.0,0.0,0.052019,0.163019,0.0,3e-06,0.0,0.0,0.0,0.0,0.0,0.237567,0.147352,0.0,0.0,0.240783,0.0,0.106438,0.173786,0.099336,0.217176,0.152784,0.179122,0.0,0.244059,0.0,0.0,0.0,0.0,0.21558,0.0,0.0,0.0,0.251246,0.0,0.0,0.0,0.143464,0.222043,0.19808,0.187058,0.0,0.104602,0.0,0.153855,0.0,0.0,0.373858,0.059073,0.0,0.098849,0.0,0.314941,0.0,0.0,0.0,0.237283,0.105609,0.244569,0.0,0.025366,0.0,0.322447,0.064951,0.248498,0.0,0.0,0.000772,0.191355,0.0,0.143389,0.088354,0.196456,0.124619,0.0,0.0,0.0,0.078841,0.0,0.0,0.186994,0.0,0.087653,0.220434,0.166067,0.113725,0.143365,0.202053,0.166945,0.0,0.274513,0.053173,0.0,0.0,0.0,2e-06,0.0,0.0,0.0,0.170133,0.0,0.0,0.042541,0.0,0.0,0.0,0.0,0.0,0.185749,0.226776,0.0,0.0,0.0,0.0,0.0,0.145464,0.094452,0.211103,0.0,0.0,0.0,0.0,0.244544,0.0,0.217381,0.183104,0.161588,0.061683,0.204151,0.0,0.0,0.0,1.293449,0.128245,0.0,0.0,0.188585,0.808344,0.0,0.0,0.090145,0.0,0.0,0.0,0.001498,0.064334,0.0,0.300661,0.0,0.0,0.0,0.263435,0.0,0.230994,0.179003,0.0,0.0,0.0,0.0,0.0,0.147959,0.291202,0.0,0.143141,0.0,0.218836,0.244991,0.144739,0.194443,0.0,1.2e-05,0.0,0.0,0.0,0.253656,0.169296,0.031741,0.0,0.133619,0.105762,0.064509,0.0,0.168625,0.0,0.0,0.123184,0.0,0.166111,0.0,0.241509,0.0,0.146041,0.0,0.0,0.043882,0.0,0.0,0.0,0.206157,0.0,0.0,0.217,0.255427,0.137624,0.185796,0.080035,0.0,0.199334,0.0,0.163111,0.226107,0.142714,0.203275,0.242167,0.0,8e-06,0.214329,0.0,0.182417,0.304184,0.151489,0.168274,0.0,0.0,0.0,0.22342,0.0,0.0,0.169851,0.227865,0.09812,0.175878,0.188876,0.034931,0.0,0.074987,0.0,0.0,0.000118,0.111537,0.0,0.09655,0.0,0.0,0.168192,0.0,0.219285,0.0,0.0,0.159694,0.0,0.147023,0.185113,0.100463,0.0,0.095985,0.187449,0.190139,0.0,0.234296,1.9e-05,0.0,0.197532,0.0,0.415932,0.258022,0.167342,0.0,0.0,0.0,0.076147,0.181687,0.0,0.0,0.0,0.0,0.0,0.15006,0.145229,0.0,0.0,0.0,0.0,0.0,0.193351,0.189866,0.0,0.19276,0.0,0.176978,0.0,0.0,0.118268,0.0,0.100732,0.0,0.27189,0.0,0.258794,0.0,0.0,0.475926,0.392431,0.231799,0.265132,0.079933,0.0,0.0,0.055649,0.0,0.24228,0.0,0.0,0.164789,0.242035,0.122006,0.0,0.0,0.0,0.0,0.241672,0.273534,0.0,0.0,0.0,0.22555,0.0,0.0,0.0,0.09306,0.0,0.207097,0.0,0.149153,0.057766,0.191926,0.2086,0.0,0.0,1.435842,0.0,0.0,0.174244,0.236748,0.198035,0.230522,0.0,0.080157,0.203874,0.149225,0.119477,0.085695,0.0,0.0,0.288437,0.0,0.0,0.143267,0.145757,0.0,0.056028,0.088201,0.119874,0.284444,0.0,0.075429,0.0,0.065383,0.294698,0.159026,0.0,0.131282,0.10633,0.0,0.0,0.0,0.0,0.189301,0.206424,0.0,0.0,0.098281,0.0,0.0,0.0,0.0,0.05142,0.208174,0.0,0.0,0.097646,0.166753,0.0,0.216174,0.314831,0.143254,0.0,0.282395,0.190175,0.0,0.0,0.0,0.0,0.204339,0.0,0.0,0.173561,0.0,0.231247,0.128976,0.208944,0.226748,0.207914,0.0,0.098483,0.0,0.0,0.0,0.0,0.193458,0.0,0.0,0.0,0.078633,0.0,0.0,0.0,0.218997,0.0,0.0,0.038343,0.17352,0.169549,0.236515,0.0,0.195976,0.0,0.0,0.206425,0.0,0.106126,0.0
TCGA-22-5474-01Z-00-DX1.8736FB24-7E65-4ACB-9325-382D7F864F62,0.280406,0.0,0.083563,0.0,0.0,0.182806,0.0,0.0,0.319862,0.274144,0.166569,0.000411,0.0,0.0,0.0,0.259186,0.0,0.112797,0.0,0.0,0.246657,0.0,0.0,0.0,0.0,0.0,0.181511,0.0,0.097932,0.191837,0.0,0.0,0.185396,0.437993,0.0,0.181732,0.199647,0.0,0.0,0.0,0.0,0.156884,0.172906,0.208725,0.0,0.178512,0.115698,0.0,0.0,0.258177,0.0,0.106602,0.125452,1.577355,5e-06,0.284802,0.16918,0.0,0.0,0.205802,0.0,0.0,0.0,0.054273,0.18246,0.199803,0.0,0.11721,0.095324,0.0,0.0,0.0,0.084175,0.148399,0.0,5.5e-05,0.0,0.0,0.0,0.0,0.0,0.289022,0.119653,0.0,0.0,0.235671,0.0,0.129883,0.130977,0.075201,0.223539,0.157426,0.25115,0.0,0.282423,0.0,0.0,0.0,0.0,0.194173,0.0,0.0,0.0,0.240754,0.0,0.0,0.0,0.16209,0.176199,0.241344,0.174976,0.0,0.113343,0.0,0.179187,0.0,0.0,0.34861,0.122397,0.0,0.108399,0.0,0.210174,0.0,0.0,0.0,0.274272,0.113032,0.233868,0.0,0.097078,0.0,0.316289,0.104678,0.258757,0.0,0.0,0.001075,0.100145,0.0,0.158851,0.106744,0.240567,0.128699,0.0,0.0,0.0,0.099997,0.0,0.0,0.194201,0.0,0.101141,0.256638,0.120998,0.100052,0.074924,0.211795,0.148852,0.0,0.304682,0.12524,0.0,0.0,0.0,0.000325,0.0,0.0,0.0,0.208263,0.0,0.0,0.065454,0.0,0.0,0.0,0.0,0.0,0.178306,0.273968,0.0,0.0,0.0,0.0,0.0,0.139058,0.129768,0.175153,0.0,0.0,0.0,0.0,0.265221,0.0,0.240983,0.193059,0.125881,0.137336,0.213988,0.0,0.0,0.0,1.354563,0.078724,0.0,0.0,0.22928,0.861122,0.0,0.0,0.082232,0.0,0.0,0.0,0.002137,0.120187,0.0,0.330642,0.0,0.0,0.0,0.247344,0.0,0.225154,0.154943,0.0,0.0,0.0,0.0,0.0,0.237433,0.293466,0.0,0.118735,0.0,0.160931,0.214333,0.109908,0.163505,0.0,0.000589,0.0,0.0,0.0,0.251903,0.218607,0.053385,0.0,0.115334,0.087201,0.09461,0.0,0.154193,0.0,0.0,0.196046,0.0,0.185225,0.0,0.280153,0.0,0.128668,0.0,0.000119,0.111996,0.0,0.0,0.0,0.182955,0.0,0.0,0.201866,0.231755,0.145642,0.231803,0.136775,0.0,0.198135,0.0,0.179236,0.262684,0.166461,0.168184,0.242852,0.0,2e-05,0.237442,0.0,0.143748,0.293812,0.125983,0.220018,0.0,0.0,0.0,0.206612,0.0,0.0,0.127179,0.266626,0.108511,0.185925,0.206988,0.095833,0.0,0.152715,0.0,0.0,0.0,0.185393,0.0,0.162976,0.0,0.0,0.192868,0.0,0.228459,0.0,0.0,0.136798,0.0,0.141904,0.185581,0.135543,0.0,0.123902,0.162503,0.22828,0.0,0.260378,0.000612,0.0,0.252649,0.0,0.349933,0.252703,0.162189,0.0,0.0,0.0,0.100962,0.22655,0.0,0.0,0.0,0.0,0.0,0.115194,0.143077,0.0,0.0,0.0,0.0,0.0,0.175203,0.186247,0.0,0.206362,0.0,0.189682,0.0,0.0,0.157186,0.0,0.106539,0.0,0.26775,0.0,0.323256,0.0,0.0,0.378354,0.276793,0.206687,0.255928,0.130761,0.0,0.0,0.101872,0.0,0.235133,0.0,0.0,0.134094,0.229024,0.140556,0.0,0.0,0.0,0.0,0.260191,0.250771,0.0,0.0,0.0,0.246932,0.0,0.0,0.0,0.057512,0.0,0.188073,0.0,0.165785,0.097297,0.205144,0.180663,0.0,0.0,1.493932,0.0,0.0,0.145613,0.278954,0.177659,0.265955,0.0,0.099928,0.120048,0.110287,0.140099,0.089088,0.0,0.0,0.282437,0.0,0.0,0.117994,0.146623,0.0,0.097006,0.133737,0.070958,0.292806,0.0,0.095325,0.0,0.127947,0.301855,0.1523,0.0,0.168398,0.110876,0.0,0.0,0.0,0.0,0.173389,0.240232,0.0,0.0,0.183662,0.0,0.0,0.0,0.0,0.093947,0.206301,0.0,0.0,0.135903,0.178898,0.0,0.234306,0.383385,0.141356,0.0,0.351965,0.18744,0.0,0.0,0.0,0.0,0.229889,0.0,0.0,0.195468,0.0,0.244386,0.106048,0.20762,0.253851,0.195228,0.0,0.191961,0.0,0.0,0.0,0.0,0.195282,0.0,0.0,0.0,0.086373,0.0,0.0,0.0,0.209994,0.0,0.0,0.125326,0.174565,0.184336,0.250173,0.0,0.235712,0.0,0.0,0.197866,0.0,0.129177,0.0
TCGA-22-4613-01Z-00-DX1.4BC3B7B8-99E7-4744-8F5A-089ECCDE144E,0.28234,0.0,0.085782,0.0,0.0,0.189562,0.0,0.0,0.319849,0.281234,0.165982,0.000184,0.0,0.0,0.0,0.27312,0.0,0.101766,0.0,0.0,0.241772,0.0,0.0,0.0,0.0,0.0,0.190031,0.0,0.077147,0.200838,0.0,0.0,0.181401,0.40944,0.0,0.178104,0.192737,0.0,0.0,0.0,0.0,0.142027,0.169049,0.209357,0.0,0.16985,0.096034,0.0,0.0,0.259651,0.0,0.089052,0.122502,1.559872,0.0,0.266965,0.167063,0.0,0.0,0.209458,0.0,0.0,0.0,0.04521,0.199296,0.189989,0.0,0.122207,0.075071,0.0,0.0,0.0,0.065764,0.145988,0.0,1.6e-05,0.0,0.0,0.0,0.0,0.0,0.277661,0.126773,0.0,0.0,0.246142,0.0,0.112832,0.135038,0.074221,0.231542,0.168042,0.228222,0.0,0.258602,0.0,0.0,0.0,0.0,0.199456,0.0,0.0,0.0,0.245422,0.0,0.0,0.0,0.153871,0.190268,0.236123,0.171559,0.0,0.109537,0.0,0.164537,0.0,0.0,0.339312,0.111025,0.0,0.095944,0.0,0.228455,0.0,0.0,0.0,0.265978,0.099553,0.2442,0.0,0.091167,0.0,0.299314,0.079108,0.242032,0.0,0.0,0.000581,0.108812,0.0,0.148127,0.100106,0.23473,0.123015,0.0,0.0,0.0,0.08632,0.0,0.0,0.195507,0.0,0.091005,0.250512,0.140882,0.09192,0.082699,0.213819,0.155838,0.0,0.285014,0.101517,0.0,0.0,0.0,0.000147,0.0,0.0,0.0,0.174984,0.0,0.0,0.057415,0.0,0.0,0.0,0.0,0.0,0.181435,0.260052,0.0,0.0,0.0,0.0,0.0,0.140169,0.104093,0.18529,0.0,0.0,0.0,0.0,0.261957,0.0,0.235958,0.186066,0.134616,0.123047,0.20475,0.0,0.0,0.0,1.322186,0.077739,0.0,0.0,0.223765,0.829789,0.0,0.0,0.088517,0.0,0.0,0.0,0.001285,0.093102,0.0,0.296966,0.0,0.0,0.0,0.254698,0.0,0.237937,0.158342,0.0,0.0,0.0,0.0,0.0,0.20968,0.290971,0.0,0.119185,0.0,0.174021,0.22025,0.109656,0.1713,0.0,0.000277,0.0,0.0,0.0,0.255292,0.200479,0.041327,0.0,0.120182,0.086095,0.076922,0.0,0.15805,0.0,0.0,0.176204,0.0,0.179033,0.0,0.296908,0.0,0.132339,0.0,5e-05,0.091649,0.0,0.0,0.0,0.192746,0.0,0.0,0.205164,0.226497,0.138466,0.215626,0.130525,0.0,0.192079,0.0,0.170638,0.258026,0.147935,0.173063,0.249152,0.0,1.1e-05,0.236083,0.0,0.146188,0.300949,0.123507,0.210056,0.0,0.0,0.0,0.210357,0.0,0.0,0.124413,0.256947,0.111536,0.176192,0.19714,0.077738,0.0,0.139486,0.0,0.0,1e-06,0.172113,0.0,0.138913,0.0,0.0,0.176402,0.0,0.223476,0.0,0.0,0.144437,0.0,0.13363,0.184733,0.113301,0.0,0.140271,0.168734,0.223465,0.0,0.263718,0.000291,0.0,0.231621,0.0,0.354573,0.252746,0.164954,0.0,0.0,0.0,0.084862,0.229616,0.0,0.0,0.0,0.0,0.0,0.114457,0.141013,0.0,0.0,0.0,0.0,0.0,0.177482,0.187499,0.0,0.20015,0.0,0.180259,0.0,0.0,0.164164,0.0,0.098917,0.0,0.259422,0.0,0.30134,0.0,0.0,0.370883,0.286509,0.213183,0.262165,0.09939,0.0,0.0,0.07243,0.0,0.240158,0.0,0.0,0.137514,0.236924,0.123202,0.0,0.0,0.0,0.0,0.244319,0.256953,0.0,0.0,0.0,0.247009,0.0,0.0,0.0,0.050416,0.0,0.195586,0.0,0.153352,0.072401,0.200349,0.1931,0.0,0.0,1.464028,0.0,0.0,0.149227,0.267201,0.173668,0.246684,0.0,0.08613,0.118752,0.112703,0.127018,0.086036,0.0,0.0,0.279263,0.0,0.0,0.11257,0.143449,0.0,0.074252,0.129619,0.050937,0.270146,0.0,0.078073,0.0,0.114455,0.297239,0.143633,0.0,0.144072,0.118871,0.0,0.0,0.0,0.0,0.184138,0.233602,0.0,0.0,0.157983,0.0,0.0,0.0,0.0,0.074215,0.206745,0.0,0.0,0.124532,0.164536,0.0,0.226673,0.365215,0.13646,0.0,0.33219,0.191854,0.0,0.0,0.0,0.0,0.218576,0.0,0.0,0.186695,0.0,0.235642,0.110524,0.219544,0.250365,0.204427,0.0,0.178122,0.0,0.0,0.0,0.0,0.19993,0.0,0.0,0.0,0.078975,0.0,0.0,0.0,0.207144,0.0,0.0,0.096739,0.170007,0.178624,0.243866,0.0,0.224133,0.0,0.0,0.203106,0.0,0.110935,0.0
TCGA-96-A4JK-01Z-00-DX1.DD4071B6-75CA-475D-B742-925EA6BE9F0A,0.307255,0.0,0.065081,0.0,0.0,0.201735,0.0,0.0,0.366576,0.304154,0.163069,0.000203,0.0,0.0,0.0,0.305452,0.0,0.071509,0.0,0.0,0.269519,0.0,0.0,0.0,0.0,0.0,0.17239,0.0,0.058381,0.212907,0.0,0.0,0.192203,0.400671,0.0,0.211317,0.213158,0.0,0.0,0.0,0.0,0.149319,0.178146,0.226228,0.0,0.122867,0.075481,0.0,0.0,0.285294,0.0,0.052395,0.095989,1.605116,0.0,0.272583,0.166784,0.0,0.0,0.216493,0.0,0.0,0.0,0.037204,0.1635,0.19463,0.0,0.085322,0.059554,0.0,0.0,0.0,0.06361,0.142689,0.0,5e-06,0.0,0.0,0.0,0.0,0.0,0.273646,0.121307,0.0,0.0,0.215715,0.0,0.107144,0.127317,0.066355,0.219213,0.190838,0.233478,0.0,0.263039,0.0,0.0,0.0,0.0,0.18941,0.0,0.0,0.0,0.268369,0.0,0.0,0.0,0.10525,0.199108,0.280591,0.14305,0.0,0.112738,0.0,0.174597,0.0,0.0,0.274334,0.088103,0.0,0.088891,0.0,0.230161,0.0,0.0,0.0,0.307015,0.067256,0.264756,0.0,0.081065,0.0,0.362838,0.068999,0.23611,0.0,0.0,0.000349,0.11912,0.0,0.149657,0.044206,0.278624,0.122998,0.0,0.0,0.0,0.084841,0.0,0.0,0.210936,0.0,0.086353,0.286543,0.132026,0.092429,0.052217,0.180854,0.167332,0.0,0.295695,0.06001,0.0,0.0,0.0,0.000175,0.0,0.0,0.0,0.134375,0.0,0.0,0.020764,0.0,0.0,0.0,0.0,0.0,0.188793,0.268393,0.0,0.0,0.0,0.0,0.0,0.131105,0.080044,0.191082,0.0,0.0,0.0,0.0,0.28372,0.0,0.255634,0.188482,0.125878,0.095664,0.231874,0.0,0.0,0.0,1.325304,0.055982,0.0,0.0,0.256777,0.808051,0.0,0.0,0.142705,0.0,0.0,0.0,0.000667,0.045459,0.0,0.269981,0.0,0.0,0.0,0.26836,0.0,0.269582,0.164994,0.0,0.0,0.0,0.0,0.0,0.201211,0.31448,0.0,0.108589,0.0,0.146876,0.204544,0.088463,0.157259,0.0,0.000336,0.0,0.0,0.0,0.274345,0.216917,0.035508,0.0,0.112913,0.081642,0.067819,0.0,0.166523,0.0,0.0,0.174167,0.0,0.180547,0.0,0.342093,0.0,0.11898,0.0,6.5e-05,0.052325,0.0,0.0,0.0,0.208003,0.0,0.0,0.211733,0.245197,0.144283,0.249297,0.084724,0.0,0.195839,0.0,0.177098,0.278279,0.147389,0.15731,0.283743,0.0,9e-06,0.257824,0.0,0.154271,0.270905,0.110402,0.173691,0.0,0.0,0.0,0.205523,0.0,0.0,0.101332,0.287247,0.138221,0.18409,0.212552,0.049686,0.0,0.132398,0.0,0.0,0.00093,0.120516,0.0,0.101655,0.0,0.0,0.175481,0.0,0.233784,0.0,0.0,0.158837,0.0,0.131192,0.179242,0.091261,0.0,0.120983,0.163109,0.175016,0.0,0.302136,0.000337,0.0,0.249315,0.0,0.348413,0.264564,0.167509,0.0,0.0,0.0,0.07538,0.235327,0.0,0.0,0.0,0.0,0.0,0.096228,0.139675,0.0,0.0,0.0,0.0,0.0,0.173171,0.191385,0.0,0.206135,0.0,0.182475,0.0,0.0,0.109073,0.0,0.093703,0.0,0.27941,0.0,0.280275,0.0,0.0,0.384625,0.302559,0.216522,0.279737,0.079528,0.0,0.0,0.057131,0.0,0.26697,0.0,0.0,0.120976,0.238806,0.113428,0.0,0.0,0.0,0.0,0.273216,0.256172,0.0,0.0,0.0,0.267872,0.0,0.0,0.0,0.029697,0.0,0.212976,0.0,0.142121,0.052507,0.215537,0.184572,0.0,0.0,1.480462,0.0,0.0,0.151865,0.28882,0.171243,0.252854,0.0,0.081359,0.097353,0.082162,0.135275,0.088997,0.0,0.0,0.291321,0.0,0.0,0.095223,0.160733,0.0,0.064586,0.14181,0.015956,0.23962,0.0,0.070648,0.0,0.075637,0.343111,0.138446,0.0,0.118643,0.114389,0.0,0.0,0.0,0.0,0.202133,0.263464,0.0,0.0,0.140543,0.0,0.0,0.0,1e-06,0.035358,0.228167,0.0,0.0,0.072249,0.177056,0.0,0.257164,0.380795,0.149454,0.0,0.331163,0.201557,0.0,0.0,0.0,0.0,0.231535,0.0,0.0,0.099435,0.0,0.278735,0.088045,0.235707,0.284456,0.197637,0.0,0.18198,0.0,0.0,0.0,0.0,0.223756,0.0,0.0,0.0,0.075765,0.0,0.0,0.0,0.217062,0.0,0.0,0.076198,0.181874,0.138798,0.265871,0.0,0.221629,0.0,0.0,0.21527,0.0,0.105761,0.0
TCGA-22-1016-01Z-00-DX1.807510FD-222D-4E65-B261-3EB0815F8A50,0.215592,0.0,0.067033,0.0,0.0,0.150563,0.0,0.0,0.369449,0.210269,0.125026,0.000161,0.0,0.0,0.0,0.214658,0.0,0.060243,0.0,0.0,0.304406,0.0,0.0,0.0,0.0,0.0,0.134566,0.0,0.105345,0.156036,0.0,0.0,0.138717,0.45839,0.0,0.229437,0.246186,0.0,0.0,0.0,0.0,0.203188,0.227621,0.15664,0.0,0.160238,0.060486,0.0,0.0,0.313802,0.0,0.044147,0.080505,1.546576,0.0,0.331799,0.127853,0.0,0.0,0.158579,0.0,3e-06,0.0,0.042707,0.142311,0.232473,0.0,0.068016,0.108721,0.0,0.0,0.0,0.11245,0.106971,0.0,1.6e-05,0.0,0.0,0.0,0.0,0.0,0.31061,0.087918,0.0,0.0,0.183679,0.0,0.175989,0.104668,0.051495,0.162706,0.145482,0.252895,0.0,0.317659,0.0,0.0,0.0,0.0,0.145732,0.0,0.0,0.0,0.192606,0.0,0.0,0.0,0.133551,0.150427,0.270868,0.128648,0.0,0.163344,0.0,0.221179,0.0,0.0,0.365741,0.077665,0.0,0.153544,0.0,0.244122,0.0,0.0,0.0,0.308757,0.107629,0.187048,0.0,0.045142,0.0,0.386895,0.130099,0.315682,0.0,0.0,0.000937,0.118076,0.0,0.199099,0.062571,0.270283,0.175897,0.0,0.0,0.0,0.138586,0.0,0.0,0.146261,0.0,0.146824,0.289663,0.094053,0.069857,0.061067,0.149058,0.109929,0.0,0.35023,0.059353,0.0,0.0,0.0,0.000128,0.0,0.0,0.0,0.212403,0.0,0.0,0.026552,0.0,0.0,0.0,0.0,0.0,0.131956,0.304811,0.0,0.0,0.0,0.0,0.0,0.101419,0.138524,0.14379,0.0,0.0,0.0,0.0,0.308418,0.0,0.290869,0.244642,0.102082,0.079949,0.261006,0.0,0.0,0.0,1.366907,0.061952,0.0,0.0,0.264848,0.877374,0.0,0.0,0.113591,0.0,0.0,0.0,0.002545,0.067484,0.0,0.360519,0.0,0.0,0.0,0.199147,0.0,0.183043,0.121472,0.0,0.0,0.0,0.0,0.0,0.218582,0.228442,0.0,0.087015,0.0,0.130602,0.171456,0.073542,0.124428,0.0,0.000241,0.0,0.0,0.0,0.19591,0.237892,0.063677,0.0,0.079883,0.056388,0.122064,0.0,0.117835,0.0,0.0,0.171513,0.0,0.132498,0.0,0.216386,0.0,0.089668,0.0,4.1e-05,0.045209,0.0,0.0,0.0,0.147193,0.0,0.0,0.156073,0.189069,0.199132,0.26601,0.077025,0.0,0.147987,0.0,0.225782,0.300589,0.216377,0.135269,0.192184,0.0,9e-06,0.281441,0.0,0.114526,0.236744,0.091959,0.158963,0.0,0.0,0.0,0.161554,0.0,0.0,0.095073,0.302085,0.13341,0.229483,0.250425,0.044561,0.0,0.117133,0.0,0.0,7e-06,0.112566,0.0,0.118961,0.0,0.0,0.229486,0.0,0.278103,0.0,0.0,0.105779,0.0,0.101656,0.133084,0.147247,0.0,0.100746,0.121485,0.153698,0.0,0.305239,0.000249,0.0,0.27899,0.0,0.372876,0.201486,0.116189,0.0,0.0,0.0,0.131381,0.155951,0.0,0.0,0.0,0.0,0.0,0.083281,0.097815,0.0,0.0,0.0,0.0,0.0,0.13313,0.145825,0.0,0.251061,0.0,0.229439,0.0,0.0,0.1105,0.0,0.158834,0.0,0.215117,0.0,0.299332,0.0,0.0,0.43374,0.320923,0.162888,0.201352,0.137269,0.0,0.0,0.111716,0.0,0.184436,0.0,0.0,0.102172,0.183656,0.185877,0.0,0.0,0.0,0.0,0.308505,0.203955,0.0,0.0,0.0,0.289025,0.0,0.0,0.0,0.040211,0.0,0.149742,0.0,0.220407,0.092132,0.255959,0.142631,0.0,0.0,1.492801,0.0,0.0,0.112228,0.311384,0.134118,0.30731,0.0,0.145894,0.127203,0.075234,0.182412,0.125945,0.0,0.0,0.218927,0.0,0.0,0.083601,0.189134,0.0,0.124562,0.123969,0.058082,0.347596,0.0,0.129846,0.0,0.065505,0.360881,0.104588,0.0,0.195483,0.105218,0.0,0.0,0.0,0.0,0.139598,0.264794,0.0,0.0,0.107247,0.0,0.0,0.0,0.0,0.054653,0.244974,0.0,0.0,0.092386,0.229127,0.0,0.27971,0.39583,0.099154,0.0,0.352769,0.14188,0.0,0.0,0.0,0.0,0.269421,0.0,0.0,0.119747,0.0,0.300109,0.074164,0.165479,0.302106,0.150754,0.0,0.164295,0.0,0.0,0.0,0.0,0.150893,0.0,0.0,0.0,0.133229,0.0,0.0,0.0,0.159375,0.0,0.0,0.061487,0.223037,0.115269,0.29968,0.0,0.168999,0.0,0.0,0.156646,0.0,0.170591,0.0
TCGA-LA-A7SW-01Z-00-DX1.A65863F5-EA8F-46F5-A4D1-52FAD3D93E26,0.364508,0.0,0.037249,0.0,0.0,0.207549,0.0,0.0,0.277623,0.34934,0.209421,4.6e-05,0.0,0.0,0.0,0.346243,0.0,0.139112,0.0,0.0,0.243208,0.0,0.0,0.0,0.0,1e-06,0.172673,0.0,0.06835,0.229004,0.0,0.0,0.218871,0.368957,0.0,0.184584,0.180031,0.0,0.0,0.0,0.0,0.12302,0.141465,0.276402,0.0,0.122357,0.169182,0.0,0.0,0.274397,0.0,0.138483,0.123791,1.66944,0.0,0.24937,0.203701,0.0,0.0,0.26206,0.0,2e-06,0.0,0.021846,0.100915,0.213511,0.0,0.109528,0.065315,0.0,0.0,0.0,0.059927,0.202797,0.0,3e-06,0.0,0.0,0.0,0.0,0.0,0.291638,0.131093,0.0,0.0,0.211123,0.0,0.093316,0.14511,0.08972,0.265028,0.185847,0.263307,0.0,0.242099,0.0,0.0,0.0,0.0,0.215688,0.0,0.0,0.0,0.31818,0.0,0.0,0.0,0.109652,0.182754,0.289578,0.113548,0.0,0.089979,0.0,0.141711,0.0,0.0,0.208569,0.190705,0.0,0.082342,0.0,0.137667,0.0,0.0,0.0,0.308178,0.060083,0.326329,0.0,0.152348,0.0,0.365588,0.080058,0.212291,0.0,0.0,0.000578,0.050487,0.0,0.115824,0.087167,0.311051,0.10137,0.0,0.0,0.0,0.069468,0.0,0.0,0.256235,0.0,0.072149,0.295378,0.169009,0.137682,0.023497,0.156777,0.189839,0.0,0.232468,0.168401,0.0,0.0,0.0,3.5e-05,0.0,0.0,0.0,0.134283,0.0,0.0,0.055028,0.0,0.0,0.0,0.0,0.0,0.201808,0.263375,0.0,0.0,0.0,0.0,0.0,0.184388,0.082059,0.201283,0.0,0.0,0.0,0.0,0.272492,0.0,0.236894,0.160004,0.092928,0.158985,0.172058,0.0,0.0,0.0,1.335318,0.038829,0.0,0.0,0.25528,0.79494,0.0,0.0,0.103268,0.0,0.0,0.0,0.00174,0.111474,0.0,0.26301,0.0,0.0,0.0,0.341104,0.0,0.343757,0.192327,0.0,0.0,0.0,0.0,0.0,0.255103,0.426635,0.0,0.170923,0.0,0.089452,0.247148,0.119623,0.185522,0.0,7.2e-05,0.0,0.0,0.0,0.336264,0.222506,0.040302,0.0,0.134626,0.090549,0.066038,0.0,0.213585,0.0,0.0,0.257175,0.0,0.241119,0.0,0.399496,0.0,0.136016,0.0,1.2e-05,0.126731,0.0,0.0,0.0,0.222848,0.0,0.0,0.287039,0.302374,0.113018,0.271036,0.17047,0.0,0.241618,0.0,0.124533,0.273805,0.125344,0.174237,0.383156,0.0,5e-06,0.226413,0.0,0.200386,0.285502,0.153812,0.253878,0.0,0.0,0.0,0.262865,0.0,0.0,0.127935,0.284659,0.156151,0.163224,0.180692,0.143432,0.0,0.17893,0.0,0.0,0.0,0.215261,0.0,0.165907,0.0,0.0,0.156918,0.0,0.208235,0.0,0.0,0.181492,0.0,0.178792,0.255875,0.085974,0.0,0.171159,0.228129,0.238517,0.0,0.283972,8.1e-05,0.0,0.257048,0.0,0.266583,0.301951,0.2027,0.0,0.0,0.0,0.067808,0.3241,0.0,0.0,0.0,0.0,0.0,0.115859,0.176114,0.0,0.0,0.0,0.0,0.0,0.182111,0.223208,0.0,0.155833,0.0,0.168525,0.0,0.0,0.134978,0.0,0.078966,0.0,0.350969,0.0,0.281654,0.0,0.0,0.279417,0.202669,0.260867,0.315133,0.075602,0.0,0.0,0.076808,0.0,0.312542,0.0,0.0,0.115329,0.287052,0.102615,0.0,0.0,0.0,0.0,0.262,0.287276,0.0,0.0,0.0,0.262871,0.0,0.0,0.0,0.053985,0.0,0.273105,0.0,0.119352,0.061668,0.173442,0.217099,0.0,0.0,1.514212,0.0,0.0,0.174369,0.303097,0.213294,0.270732,0.0,0.070243,0.044756,0.10611,0.096381,0.070366,0.0,0.0,0.371035,0.0,0.0,0.117132,0.107294,0.0,0.075136,0.210044,0.02158,0.202023,0.0,0.068748,0.0,0.17356,0.297727,0.195411,0.0,0.105071,0.127009,0.0,0.0,0.0,0.0,0.245674,0.253065,0.0,0.0,0.258921,0.0,0.0,0.0,0.0,0.067647,0.175727,0.0,0.0,0.092224,0.152434,0.0,0.217186,0.411968,0.210995,0.0,0.329355,0.245954,0.0,0.0,0.0,0.0,0.211335,0.0,0.0,0.132195,0.0,0.262049,0.105422,0.261221,0.277643,0.212326,0.0,0.305171,0.0,0.0,0.0,0.0,0.288821,0.0,0.0,0.0,0.066576,0.0,0.0,0.0,0.264375,0.0,0.0,0.225549,0.137321,0.141301,0.24434,0.0,0.341878,0.0,0.0,0.250585,0.0,0.100958,0.0
TCGA-22-5480-01Z-00-DX1.A6E25FF1-9616-4F5F-97BD-BA1912C46008,0.310782,0.0,0.092692,0.0,0.0,0.198321,0.0,0.0,0.295637,0.305547,0.189989,0.000249,0.0,0.0,0.0,0.277398,0.0,0.116348,0.0,0.0,0.213242,0.0,0.0,0.0,0.0,0.0,0.20472,0.0,0.068088,0.207725,0.0,0.0,0.20503,0.408747,0.0,0.151915,0.171756,0.0,0.0,0.0,0.0,0.124786,0.142579,0.234174,0.0,0.165567,0.121043,0.0,0.0,0.219759,0.0,0.116511,0.134231,1.545052,1e-06,0.250576,0.187522,0.0,0.0,0.228285,0.0,0.0,0.0,0.057326,0.192493,0.170763,0.0,0.122226,0.05754,0.0,0.0,0.0,0.049444,0.168815,0.0,2e-05,0.0,0.0,0.0,0.0,0.0,0.262455,0.133406,0.0,0.0,0.250529,0.0,0.090273,0.144299,0.085999,0.24698,0.162003,0.233176,0.0,0.250875,0.0,0.0,0.0,0.0,0.213115,0.0,0.0,0.0,0.260187,0.0,0.0,0.0,0.148916,0.188526,0.213525,0.188514,0.0,0.08274,0.0,0.140314,0.0,0.0,0.310732,0.132864,0.0,0.07407,0.0,0.198068,0.0,0.0,0.0,0.247535,0.08437,0.255642,0.0,0.109939,0.0,0.290499,0.062826,0.217487,0.0,0.0,0.000862,0.096578,0.0,0.125708,0.11226,0.215325,0.096926,0.0,0.0,0.0,0.067029,0.0,0.0,0.22022,0.0,0.065621,0.232441,0.134023,0.111205,0.084254,0.223662,0.161605,0.0,0.263414,0.139273,0.0,0.0,0.0,0.000204,0.0,0.0,0.0,0.182283,0.0,0.0,0.064788,0.0,0.0,0.0,0.0,0.0,0.196356,0.247893,0.0,0.0,0.0,0.0,0.0,0.159552,0.097387,0.1874,0.0,0.0,0.0,0.0,0.232366,0.0,0.209627,0.157611,0.136346,0.144469,0.179543,0.0,0.0,0.0,1.305402,0.084079,0.0,0.0,0.204487,0.821488,0.0,0.0,0.07455,0.0,0.0,0.0,0.001528,0.128251,0.0,0.295167,0.0,0.0,0.0,0.268187,0.0,0.241272,0.167187,0.0,0.0,0.0,0.0,0.0,0.225757,0.319515,0.0,0.133238,0.0,0.176246,0.23458,0.124279,0.180326,0.0,0.00037,0.0,0.0,0.0,0.278359,0.195142,0.029921,0.0,0.12805,0.09902,0.062914,0.0,0.165568,0.0,0.0,0.187999,0.0,0.208449,0.0,0.304889,0.0,0.146875,0.0,6.7e-05,0.117048,0.0,0.0,0.0,0.199175,0.0,0.0,0.222857,0.253809,0.118533,0.205872,0.141443,0.0,0.222526,0.0,0.149872,0.231511,0.122167,0.18701,0.260723,0.0,9e-06,0.209648,0.0,0.159952,0.31174,0.14133,0.239708,0.0,0.0,0.0,0.228607,0.0,0.0,0.143556,0.238397,0.093222,0.159944,0.181834,0.103469,0.0,0.145455,0.0,0.0,0.0,0.196351,0.0,0.16494,0.0,0.0,0.160659,0.0,0.194539,0.0,0.0,0.150772,0.0,0.157016,0.209096,0.099823,0.0,0.127277,0.183623,0.245058,0.0,0.232248,0.000384,0.0,0.226415,0.0,0.332185,0.275623,0.181703,0.0,0.0,0.0,0.06417,0.246812,0.0,0.0,0.0,0.0,0.0,0.129993,0.161694,0.0,0.0,0.0,0.0,0.0,0.195263,0.205524,0.0,0.168347,0.0,0.165061,0.0,0.0,0.164348,0.0,0.069765,0.0,0.293416,0.0,0.304504,0.0,0.0,0.348555,0.253085,0.230365,0.276046,0.101604,0.0,0.0,0.059219,0.0,0.2546,0.0,0.0,0.154676,0.251038,0.103812,0.0,0.0,0.0,0.0,0.229938,0.273815,0.0,0.0,0.0,0.21834,0.0,0.0,0.0,0.066738,0.0,0.205396,0.0,0.123203,0.069355,0.169709,0.19663,0.0,0.0,1.453996,0.0,0.0,0.158675,0.250005,0.192066,0.233186,0.0,0.062461,0.121201,0.125554,0.112816,0.067804,0.0,0.0,0.3107,0.0,0.0,0.131105,0.121313,0.0,0.057295,0.122843,0.089699,0.255958,0.0,0.060787,0.0,0.135939,0.270823,0.171114,0.0,0.135688,0.113356,0.0,0.0,0.0,0.0,0.186612,0.215349,0.0,0.0,0.206304,0.0,0.0,0.0,0.0,0.09367,0.183638,0.0,0.0,0.132159,0.147441,0.0,0.20197,0.358097,0.160845,0.0,0.331581,0.211184,0.0,0.0,0.0,0.0,0.196635,0.0,0.0,0.201802,0.0,0.217017,0.124054,0.220927,0.222802,0.21836,0.0,0.198598,0.0,0.0,0.0,0.0,0.216205,0.0,0.0,0.0,0.054002,0.0,0.0,0.0,0.229267,0.0,0.0,0.146056,0.143292,0.196511,0.215408,0.0,0.26219,0.0,0.0,0.218197,0.0,0.085421,0.0
TCGA-85-8580-01Z-00-DX1.1b942bbe-2c6e-4411-8609-1725e5cb93da,0.280142,0.0,0.115817,0.0,0.0,0.213376,0.0,0.0,0.353461,0.260169,0.170327,5e-06,0.0,0.0,0.0,0.284246,0.0,0.045456,0.0,0.0,0.252914,0.0,0.0,0.0,0.0,0.0,0.189794,0.0,0.052951,0.217527,0.0,0.0,0.190424,0.380876,0.0,0.185486,0.179129,0.0,0.0,0.0,0.0,0.142858,0.163156,0.202907,0.0,0.114439,0.044857,0.0,0.0,0.259766,0.0,0.036977,0.058049,1.521747,0.0,0.252892,0.186165,0.0,0.0,0.20901,0.0,0.0,0.0,0.074684,0.213118,0.172003,0.0,0.086973,0.051785,0.0,0.0,0.0,0.04765,0.157781,0.0,6e-06,0.0,0.0,0.0,0.0,0.0,0.244396,0.136225,0.0,0.0,0.230262,0.0,0.104146,0.165715,0.081838,0.209941,0.166548,0.183125,0.0,0.244999,0.0,0.0,0.0,0.0,0.222603,0.0,0.0,0.0,0.252801,0.0,0.0,0.0,0.098202,0.217377,0.222679,0.174037,0.0,0.106338,0.0,0.166695,0.0,0.0,0.327374,0.075106,0.0,0.10246,0.0,0.309244,0.0,0.0,0.0,0.257684,0.06832,0.250157,0.0,0.03115,0.0,0.341142,0.062193,0.238551,0.0,0.0,0.000494,0.190676,0.0,0.13466,0.058112,0.210145,0.125701,0.0,0.0,0.0,0.076381,0.0,0.0,0.188124,0.0,0.089618,0.240017,0.164867,0.11414,0.122862,0.175796,0.17571,0.0,0.280156,0.049446,0.0,0.0,0.0,7e-06,0.0,0.0,0.0,0.146827,0.0,0.0,0.030806,0.0,0.0,0.0,0.0,0.0,0.183021,0.234316,0.0,0.0,0.0,0.0,0.0,0.142599,0.083241,0.215425,0.0,0.0,0.0,0.0,0.254303,0.0,0.223777,0.188992,0.149727,0.055573,0.205698,0.0,0.0,0.0,1.313507,0.105925,0.0,0.0,0.196737,0.809698,0.0,0.0,0.120838,0.0,0.0,0.0,0.001066,0.047913,0.0,0.293116,0.0,0.0,0.0,0.264444,0.0,0.250893,0.177568,0.0,0.0,0.0,0.0,0.0,0.147048,0.293877,0.0,0.138922,0.0,0.19386,0.241139,0.139879,0.187342,0.0,2e-05,0.0,0.0,0.0,0.247868,0.170404,0.024694,0.0,0.142574,0.104387,0.059064,0.0,0.173558,0.0,0.0,0.113726,0.0,0.167995,0.0,0.274439,0.0,0.135643,0.0,2e-06,0.046119,0.0,0.0,0.0,0.208256,0.0,0.0,0.213384,0.253564,0.134506,0.192609,0.072699,0.0,0.197743,0.0,0.16126,0.239123,0.14146,0.194075,0.261334,0.0,3e-06,0.220356,0.0,0.189238,0.293472,0.145238,0.153368,0.0,0.0,0.0,0.215152,0.0,0.0,0.156312,0.247692,0.110265,0.180606,0.188424,0.037378,0.0,0.071341,0.0,0.0,0.000152,0.097343,0.0,0.07837,0.0,0.0,0.169343,0.0,0.217895,0.0,0.0,0.170416,0.0,0.139648,0.182664,0.090708,0.0,0.086391,0.188864,0.18305,0.0,0.240205,2.4e-05,0.0,0.212372,0.0,0.384837,0.254633,0.174272,0.0,0.0,0.0,0.068787,0.196968,0.0,0.0,0.0,0.0,0.0,0.1373,0.14372,0.0,0.0,0.0,0.0,0.0,0.18688,0.195506,0.0,0.194482,0.0,0.180004,0.0,0.0,0.093839,0.0,0.097526,0.0,0.263247,0.0,0.245836,0.0,0.0,0.46427,0.38397,0.231884,0.262596,0.063771,0.0,0.0,0.051934,0.0,0.25613,0.0,0.0,0.165886,0.236243,0.127501,0.0,0.0,0.0,0.0,0.228557,0.268717,0.0,0.0,0.0,0.244726,0.0,0.0,0.0,0.073337,0.0,0.22278,0.0,0.153728,0.0466,0.192421,0.210728,0.0,0.0,1.451069,0.0,0.0,0.17746,0.252183,0.187158,0.232902,0.0,0.077466,0.180087,0.129329,0.123147,0.08708,0.0,0.0,0.290671,0.0,0.0,0.129446,0.152588,0.0,0.053809,0.083726,0.088668,0.272982,0.0,0.07508,0.0,0.062049,0.310469,0.153077,0.0,0.121347,0.102452,0.0,0.0,0.0,0.0,0.204626,0.223099,0.0,0.0,0.112289,0.0,0.0,0.0,0.0,0.030917,0.215352,0.0,0.0,0.060772,0.162693,0.0,0.214708,0.32793,0.158774,0.0,0.275552,0.196034,0.0,0.0,0.0,0.0,0.20483,0.0,0.0,0.13471,0.0,0.255268,0.119394,0.224381,0.23357,0.204516,0.0,0.104744,0.0,0.0,0.0,0.0,0.212751,0.0,0.0,0.0,0.084305,0.0,0.0,0.0,0.212048,0.0,0.0,0.039566,0.173862,0.154007,0.237815,0.0,0.191339,0.0,0.0,0.206068,0.0,0.110428,0.0
TCGA-22-1012-01Z-00-DX1.053F81FA-F91A-42B0-8F12-CD2495FA9E99,0.224869,0.0,0.043757,0.0,0.0,0.148078,0.0,0.0,0.343592,0.223555,0.124647,0.000338,0.0,0.0,0.0,0.212489,0.0,0.124129,0.0,0.0,0.313189,0.0,0.0,0.0,0.0,0.0,0.141277,0.0,0.140748,0.153478,0.0,0.0,0.138048,0.4964,0.0,0.218583,0.249615,0.0,0.0,0.0,0.0,0.206058,0.234246,0.158209,0.0,0.218616,0.115611,0.0,0.0,0.324216,0.0,0.101424,0.117507,1.634218,2e-06,0.341635,0.130859,0.0,0.0,0.169035,0.0,0.0,0.0,0.017453,0.155581,0.249363,0.0,0.112244,0.14123,0.0,0.0,0.0,0.121686,0.104223,0.0,3.2e-05,0.0,0.0,0.0,0.0,0.0,0.350916,0.086709,0.0,0.0,0.21543,0.0,0.186505,0.102985,0.049425,0.190808,0.145536,0.290479,0.0,0.328918,0.0,0.0,0.0,0.0,0.15789,0.0,0.0,1e-06,0.195394,0.0,0.0,0.0,0.191188,0.136252,0.28378,0.134314,0.0,0.166418,0.0,0.228506,0.0,0.0,0.393582,0.117962,0.0,0.163731,0.0,0.201358,0.0,0.0,0.0,0.324809,0.138605,0.18659,0.0,0.089414,0.0,0.345867,0.155246,0.32338,0.0,0.0,0.000692,0.083141,0.0,0.21116,0.114264,0.285545,0.185251,0.0,0.0,0.0,0.150043,0.0,0.0,0.152787,0.0,0.157839,0.300935,0.103614,0.06032,0.04179,0.18445,0.110586,0.0,0.360756,0.115671,0.0,0.0,0.0,0.000273,0.0,0.0,0.0,0.252188,0.0,0.0,0.073327,0.0,0.0,0.0,0.0,0.0,0.131105,0.334834,0.0,0.0,0.0,0.0,0.0,0.104254,0.172851,0.140201,0.0,0.0,0.0,0.0,0.327781,0.0,0.299298,0.253668,0.093182,0.138922,0.258614,0.0,0.0,0.0,1.432484,0.035978,0.0,0.0,0.276528,0.933268,0.0,0.0,0.085983,0.0,0.0,0.0,0.001608,0.122642,0.0,0.386484,0.0,0.0,0.0,0.207269,0.0,0.188706,0.11585,0.0,0.0,0.0,0.0,0.0,0.261253,0.236238,0.0,0.077997,0.0,0.125518,0.176665,0.067464,0.128994,0.0,0.000493,0.0,0.0,0.0,0.199908,0.255926,0.082356,0.0,0.079786,0.055089,0.139599,0.0,0.116204,0.0,0.0,0.220594,0.0,0.140234,0.0,0.251989,0.0,0.09347,0.0,9.5e-05,0.107103,0.0,0.0,0.0,0.144141,0.0,0.0,0.165745,0.179735,0.199967,0.272549,0.140612,0.0,0.144385,0.0,0.228285,0.316461,0.229464,0.142543,0.198736,0.0,8e-06,0.291818,0.0,0.105708,0.266452,0.086774,0.205842,0.0,0.0,0.0,0.15958,0.0,0.0,0.08527,0.313698,0.137918,0.2366,0.255182,0.096277,0.0,0.166744,0.0,0.0,0.0,0.180621,0.0,0.18268,0.0,0.0,0.241158,0.0,0.293841,0.0,0.0,0.108341,0.0,0.098633,0.141889,0.185498,0.0,0.139416,0.12096,0.210894,0.0,0.313832,0.000509,0.0,0.293492,0.0,0.359748,0.203286,0.122163,0.0,0.0,0.0,0.152286,0.204388,0.0,0.0,0.0,0.0,0.0,0.070511,0.10027,0.0,0.0,0.0,0.0,0.0,0.132631,0.143863,0.0,0.266678,0.0,0.239585,0.0,0.0,0.166399,0.0,0.167735,0.0,0.208913,0.0,0.357683,0.0,0.0,0.37903,0.276021,0.164238,0.203005,0.160695,0.0,0.0,0.153496,0.0,0.186559,0.0,0.0,0.092314,0.188015,0.196127,0.0,0.0,0.0,0.0,0.313603,0.203612,0.0,0.0,0.0,0.297567,0.0,0.0,0.0,0.029934,0.0,0.148216,0.0,0.235648,0.131523,0.261531,0.145984,0.0,0.0,1.565739,0.0,0.0,0.108277,0.331943,0.131445,0.320413,0.0,0.156704,0.086992,0.077512,0.184768,0.12944,0.0,0.0,0.221374,0.0,0.0,0.078663,0.182746,0.0,0.149017,0.153694,0.030858,0.360597,0.0,0.145093,0.0,0.128768,0.340382,0.104526,0.0,0.213905,0.113811,0.0,0.0,0.0,0.0,0.132604,0.281783,0.0,0.0,0.156426,0.0,0.0,0.0,0.0,0.104881,0.234295,0.0,0.0,0.152527,0.229612,0.0,0.277128,0.440308,0.09772,0.0,0.394329,0.144449,0.0,0.0,0.0,0.0,0.282617,0.0,0.0,0.186904,0.0,0.287641,0.070045,0.162331,0.31754,0.149473,0.0,0.202979,0.0,0.0,0.0,0.0,0.152343,0.0,0.0,0.0,0.141816,0.0,0.0,0.0,0.154112,0.0,0.0,0.11186,0.223894,0.159102,0.30236,0.0,0.199857,0.0,0.0,0.152451,0.0,0.189277,0.0
TCGA-33-AAS8-01Z-00-DX1.774A64E2-17E4-468C-BFE9-85F0D4F52D0E,0.20045,0.0,0.046423,0.0,0.0,0.12524,0.0,0.0,0.371314,0.188328,0.112318,0.001631,0.0,0.0,0.0,0.189143,0.0,0.106334,0.0,0.0,0.376313,0.0,0.0,0.0,0.0,0.0,0.114749,0.0,0.199616,0.133262,0.0,0.0,0.126025,0.565539,0.0,0.268636,0.298812,0.0,0.0,0.0,0.0,0.269982,0.277424,0.147484,0.0,0.212181,0.121441,0.0,0.0,0.391474,0.0,0.096692,0.109,1.665744,2e-06,0.407287,0.111134,0.0,0.0,0.14198,0.0,0.0,0.0,0.037156,0.095044,0.299014,0.0,0.080774,0.20996,0.0,0.0,0.0,0.189544,0.103996,0.0,9e-05,0.0,0.0,0.0,0.0,0.0,0.392111,0.076428,0.0,0.0,0.155211,0.0,0.258242,0.087242,0.047208,0.154969,0.123607,0.335575,0.0,0.39511,0.0,0.0,0.0,2e-06,0.124855,0.0,0.0,0.0,0.177683,0.0,0.0,0.0,0.185558,0.12266,0.325854,0.112922,0.0,0.209598,0.0,0.295257,0.0,0.0,0.40986,0.123001,0.0,0.222697,0.0,0.195921,0.0,0.0,0.0,0.366842,0.158213,0.173702,0.0,0.088911,0.0,0.423178,0.255179,0.417797,0.0,0.0,0.009138,0.088902,0.0,0.265499,0.102745,0.332446,0.23867,0.0,0.0,0.0,0.208703,0.0,0.0,0.137961,1e-06,0.210535,0.340673,0.081554,0.068085,0.037005,0.132791,0.10188,0.0,0.426965,0.120473,0.0,0.0,0.0,0.00148,0.0,0.0,0.0,0.319442,0.0,0.0,0.066056,0.0,0.0,0.0,0.0,0.0,0.115157,0.379658,0.0,0.0,0.0,0.0,0.0,0.090985,0.232402,0.118055,0.0,0.0,0.0,0.0,0.375608,0.0,0.360339,0.310995,0.078142,0.122742,0.317671,0.0,0.0,0.0,1.505155,0.046258,0.0,0.0,0.319059,0.999976,0.0,0.0,0.093229,0.0,0.0,0.0,0.01988,0.139853,0.0,0.476434,0.0,0.0,0.0,0.185546,0.0,0.173632,0.104024,0.0,0.0,0.0,0.0,0.0,0.304555,0.221366,0.0,0.085165,0.0,0.087742,0.148922,0.071729,0.10993,0.0,0.002764,0.0,0.0,0.0,0.181473,0.313669,0.125895,0.0,0.072172,0.051219,0.200794,0.0,0.10753,0.0,0.0,0.241299,0.0,0.126992,0.0,0.196792,0.0,0.076896,0.0,0.000496,0.102217,0.0,0.0,0.0,0.127543,0.0,0.0,0.149616,0.180468,0.240638,0.340046,0.126003,0.0,0.13561,0.0,0.274157,0.362464,0.319593,0.113643,0.181476,0.0,0.000175,0.326965,0.0,0.107536,0.206848,0.081843,0.176292,0.0,0.0,0.0,0.150137,0.0,0.0,0.084235,0.365318,0.156704,0.284424,0.303457,0.099294,0.0,0.176229,0.0,0.0,0.0,0.155312,0.0,0.191061,0.0,0.0,0.299944,0.0,0.342782,0.0,0.0,0.088995,0.0,0.103887,0.127827,0.240858,0.0,0.121178,0.115256,0.177501,0.0,0.352874,0.002737,0.0,0.355427,0.0,0.348061,0.177687,0.110213,0.0,0.0,0.0,0.21274,0.163847,0.0,0.0,0.0,0.0,0.0,0.071581,0.095692,0.0,0.0,0.0,0.0,0.0,0.109326,0.12627,0.0,0.306766,0.0,0.289862,0.0,0.0,0.126547,0.0,0.219576,0.0,0.19993,0.0,0.380346,0.0,0.0,0.435104,0.303335,0.145704,0.181605,0.224084,0.0,0.0,0.264672,0.0,0.16905,0.0,0.0,0.081142,0.165174,0.289022,0.0,0.0,0.0,0.0,0.376671,0.180696,0.0,0.0,0.0,0.344281,0.0,0.0,0.0,0.037138,0.0,0.136135,0.0,0.318078,0.187263,0.322094,0.118836,0.0,0.0,1.622207,0.0,0.0,0.098357,0.38171,0.123484,0.389953,0.0,0.219841,0.103988,0.067818,0.233829,0.163467,0.0,0.0,0.208417,0.0,0.0,0.076156,0.219446,0.0,0.242648,0.181459,0.056001,0.438032,0.0,0.212543,0.0,0.10901,0.395167,0.100971,0.0,0.291703,0.103131,0.0,0.0,0.0,0.0,0.121776,0.320806,0.0,0.0,0.16522,0.0,0.0,0.0,1e-06,0.109372,0.273177,0.0,0.0,0.153851,0.287386,0.0,0.324094,0.481921,0.104288,0.0,0.439581,0.123467,0.0,0.0,0.0,0.0,0.349309,0.0,0.0,0.148897,0.0,0.34784,0.06388,0.143177,0.361753,0.125103,0.0,0.241289,0.0,0.0,0.0,0.0,0.141302,0.0,0.0,0.0,0.198864,0.0,0.0,0.0,0.151451,0.0,0.0,0.145701,0.269362,0.121831,0.354094,0.0,0.178792,0.0,0.0,0.138952,0.0,0.279187,0.0
TCGA-96-8169-01Z-00-DX1.d2e29d5e-abd4-4f36-958c-d9d22b836a34,0.222245,0.0,0.02909,0.0,0.0,0.136652,0.0,0.0,0.363811,0.219597,0.114311,0.004906,0.0,0.0,0.0,0.216186,0.0,0.129939,0.0,0.0,0.361463,0.0,0.0,0.0,0.0,0.0,0.122701,0.0,0.162975,0.140863,0.0,0.0,0.123003,0.539522,0.0,0.265714,0.282748,0.0,0.0,0.0,0.0,0.250807,0.256105,0.163119,0.0,0.202733,0.133258,0.0,0.0,0.362763,0.0,0.098754,0.131905,1.678527,3e-05,0.383373,0.110766,0.0,0.0,0.159646,0.0,0.0,0.0,0.009886,0.12307,0.28801,0.0,0.083266,0.169773,0.0,0.0,0.0,0.157629,0.085435,0.0,0.000937,0.0,0.0,0.0,0.0,0.0,0.38631,0.081238,0.0,0.0,0.185322,0.0,0.219748,0.080127,0.033876,0.171909,0.153338,0.321157,0.0,0.36914,0.0,0.0,0.0,0.0,0.141059,0.0,0.0,0.0,0.183258,0.0,0.0,0.0,0.175153,0.120213,0.332591,0.118257,0.0,0.199924,0.0,0.278894,0.0,0.0,0.385692,0.13571,0.0,0.191808,0.0,0.188212,0.0,0.0,0.0,0.362987,0.134736,0.186513,0.0,0.115096,0.0,0.39536,0.198248,0.382718,0.0,0.0,0.006723,0.08979,0.0,0.246209,0.103729,0.333405,0.219,0.0,0.0,0.0,0.179938,0.0,0.0,0.143666,0.0,0.18046,0.333224,0.085283,0.057763,0.024489,0.155419,0.105108,0.0,0.422353,0.116929,0.0,0.0,0.0,0.003822,0.0,0.0,0.0,0.271815,0.0,0.0,0.056911,0.0,0.0,0.0,0.0,0.0,0.123585,0.381378,0.0,0.0,0.0,0.0,0.0,0.093005,0.202919,0.124218,0.0,0.0,0.0,0.0,0.365526,0.0,0.336236,0.290405,0.074827,0.146972,0.304,0.0,0.0,0.0,1.503717,0.018848,0.0,0.0,0.31508,0.98001,0.0,0.0,0.120827,0.0,0.0,0.0,0.013368,0.113298,0.0,0.428379,0.0,0.0,0.0,0.184042,0.0,0.180945,0.098655,0.0,0.0,0.0,0.0,0.0,0.295508,0.223054,0.0,0.072256,0.0,0.100989,0.146402,0.051451,0.106241,0.0,0.006472,0.0,0.0,0.0,0.196591,0.305326,0.104769,0.0,0.068772,0.046932,0.161211,0.0,0.106243,0.0,0.0,0.230516,0.0,0.130818,0.0,0.258832,0.0,0.078404,0.0,0.001481,0.105664,0.0,0.0,0.0,0.138164,0.0,0.0,0.148355,0.161852,0.221413,0.325606,0.145062,0.0,0.130377,0.0,0.258446,0.350956,0.287521,0.119556,0.192491,0.0,0.000154,0.326981,0.0,0.099536,0.232,0.074574,0.18981,0.0,0.0,0.0,0.135158,0.0,0.0,0.067315,0.368366,0.155862,0.272378,0.287971,0.103374,0.0,0.193733,0.0,0.0,1.2e-05,0.174444,0.0,0.187426,0.0,0.0,0.279813,0.0,0.317146,0.0,0.0,0.109837,0.0,0.075983,0.128378,0.214635,0.0,0.139575,0.111694,0.202883,0.0,0.355355,0.00681,0.0,0.353167,0.0,0.334599,0.185812,0.11791,0.0,0.0,0.0,0.175803,0.197815,0.0,0.0,0.0,0.0,0.0,0.054589,0.083705,0.0,0.0,0.0,0.0,0.0,0.11558,0.134091,0.0,0.297065,0.0,0.266704,0.0,0.0,0.156274,0.0,0.198192,0.0,0.199987,0.0,0.37027,0.0,0.0,0.399316,0.268522,0.156592,0.187134,0.200463,0.0,0.0,0.21078,0.0,0.188275,0.0,0.0,0.07939,0.169743,0.257199,0.0,0.0,0.0,0.0,0.349065,0.173572,0.0,0.0,0.0,0.346987,0.0,0.0,0.0,0.008729,0.0,0.15569,0.0,0.286341,0.157406,0.299128,0.126853,0.0,0.0,1.619394,0.0,0.0,0.09723,0.371029,0.11105,0.363362,0.0,0.189934,0.077873,0.044778,0.221308,0.14761,0.0,0.0,0.202359,0.0,0.0,0.063946,0.231097,0.0,0.192852,0.17346,0.015181,0.395327,0.0,0.181293,0.0,0.124738,0.390633,0.091039,0.0,0.26237,0.10435,0.0,0.0,0.0,0.0,0.138991,0.321243,0.0,0.0,0.17984,1e-06,0.0,0.0,1e-06,0.10201,0.264874,0.0,0.0,0.146688,0.253562,0.0,0.300487,0.478382,0.099498,0.0,0.434016,0.142666,0.0,0.0,0.0,0.0,0.327629,0.0,0.0,0.15189,0.0,0.34098,0.061239,0.150592,0.346416,0.146184,0.0,0.226369,0.0,0.0,0.0,0.0,0.150547,0.0,0.0,0.0,0.175231,0.0,0.0,0.0,0.142387,0.0,0.0,0.138978,0.254142,0.121736,0.330628,0.0,0.178847,0.0,0.0,0.149597,0.0,0.237651,0.0
TCGA-21-5782-01Z-00-DX1.E0C856C0-9055-4437-9393-695D699E4F57,0.214428,0.0,0.01817,0.0,0.0,0.124828,0.0,0.0,0.323076,0.199014,0.119302,0.00157,1e-06,0.0,0.0,0.191939,0.0,0.134185,0.0,0.0,0.357137,0.0,0.0,0.0,0.0,0.0,0.111825,0.0,0.185189,0.118922,0.0,0.0,0.117835,0.564558,0.0,0.260127,0.273488,0.0,0.0,0.0,0.0,0.255381,0.240163,0.15288,0.0,0.204458,0.167369,0.0,0.0,0.372258,0.0,0.146026,0.122395,1.6813,1.5e-05,0.388081,0.113045,0.0,0.0,0.149571,0.0,0.0,0.0,0.008142,0.081552,0.297141,0.0,0.089327,0.19619,0.0,0.0,0.0,0.159601,0.091998,0.0,0.000135,0.0,0.0,0.0,0.0,0.0,0.40357,0.068754,0.0,0.0,0.168622,0.0,0.230767,0.071808,0.034864,0.174335,0.122723,0.346811,0.0,0.381148,0.0,0.0,0.0,4e-06,0.150012,0.0,0.0,0.0,0.16886,0.0,0.0,0.0,0.181659,0.097294,0.339753,0.104957,0.0,0.187034,0.0,0.286853,0.0,0.0,0.382862,0.172693,0.0,0.205391,0.0,0.150408,0.0,0.0,0.0,0.360944,0.164674,0.168169,0.0,0.118036,0.0,0.365146,0.225005,0.384017,0.0,0.0,0.003952,0.049186,0.0,0.235169,0.110433,0.32525,0.213431,0.0,0.0,0.0,0.173735,0.0,0.0,0.142564,2e-06,0.18947,0.339862,0.079959,0.063548,0.013608,0.14153,0.098735,0.0,0.405774,0.169402,0.0,0.0,0.0,0.001362,0.0,0.0,0.0,0.309574,0.0,0.0,0.084597,0.0,0.0,0.0,0.0,0.0,0.10586,0.39226,0.0,0.0,1e-06,0.0,0.0,0.108574,0.222585,0.119301,0.0,0.0,0.0,0.0,0.362486,0.0,0.34266,0.2899,0.057504,0.159489,0.27918,0.0,0.0,0.0,1.523248,0.021276,0.0,0.0,0.303181,1.014848,0.0,0.0,0.071341,0.0,0.0,0.0,0.009913,0.172635,0.0,0.468933,0.0,0.0,0.0,0.18477,0.0,0.185682,0.103401,0.0,0.0,0.0,0.0,0.0,0.344023,0.227812,0.0,0.080915,0.0,0.058179,0.143937,0.064718,0.100596,0.0,0.002405,0.0,0.0,0.0,0.179408,0.298948,0.114058,0.0,0.081369,0.043919,0.179673,0.0,0.110543,0.0,0.0,0.269503,0.0,0.143974,0.0,0.253979,0.0,0.074022,0.0,0.000514,0.155934,0.0,0.0,0.0,0.113569,0.0,0.0,0.146588,0.159726,0.219649,0.327368,0.173675,0.0,0.138129,0.0,0.257002,0.35841,0.282148,0.109606,0.201294,0.0,7.4e-05,0.31818,0.0,0.11236,0.22648,0.077779,0.202058,0.0,0.0,0.0,0.152019,0.0,0.0,0.075699,0.375985,0.153965,0.281409,0.282511,0.143043,0.0,0.214175,0.0,0.0,0.0,0.208289,0.0,0.231595,0.0,0.0,0.28956,0.0,0.322459,0.0,0.0,0.112333,0.0,0.09091,0.137119,0.232371,0.0,0.134386,0.125142,0.22238,0.0,0.331945,0.002473,0.0,0.369226,0.0,0.288937,0.169712,0.111296,0.0,0.0,0.0,0.192268,0.216998,0.0,0.0,0.0,0.0,0.0,0.066918,0.103068,0.0,0.0,0.0,0.0,0.0,0.111397,0.130869,0.0,0.294514,0.0,0.275141,0.0,0.0,0.159732,0.0,0.185085,0.0,0.195242,0.0,0.399801,0.0,0.0,0.360089,0.239328,0.149539,0.170198,0.198997,0.0,0.0,0.245737,0.0,0.16406,0.0,0.0,0.079237,0.156627,0.268655,0.0,0.0,0.0,0.0,0.341239,0.166156,0.0,0.0,0.0,0.342439,0.0,0.0,0.0,0.012895,0.0,0.137742,0.0,0.286538,0.17223,0.304016,0.125673,0.0,0.0,1.645313,0.0,0.0,0.089966,0.387678,0.108387,0.387764,0.0,0.188071,0.052375,0.056223,0.213518,0.155222,0.0,0.0,0.198147,0.0,0.0,0.058365,0.200521,0.0,0.220946,0.190601,0.030501,0.41785,0.0,0.18534,0.0,0.153638,0.366452,0.099523,0.0,0.282856,0.099486,0.0,0.0,0.0,0.0,0.131421,0.332401,0.0,0.0,0.219567,1e-06,0.0,0.0,0.0,0.120118,0.248113,0.0,0.0,0.152839,0.263301,0.0,0.27686,0.505979,0.103848,0.0,0.446944,0.140865,0.0,0.0,0.0,0.0,0.325191,0.0,0.0,0.174321,0.0,0.320267,0.061545,0.143308,0.362536,0.129911,0.0,0.270737,0.0,0.0,0.0,0.0,0.147941,0.0,0.0,0.0,0.174757,0.0,0.0,0.0,0.144121,1e-06,0.0,0.194005,0.244581,0.137861,0.31564,0.0,0.211737,0.0,0.0,0.13244,0.0,0.255486,0.0
