case_id,0,1,2,3,4,5,6,7,8,9,10,11,12,13,14,15,16,17,18,19,20,21,22,23,24,25,26,27,28,29,30,31,32,33,34,35,36,37,38,39,40,41,42,43,44,45,46,47,48,49,50,51,52,53,54,55,56,57,58,59,60,61,62,63,64,65,66,67,68,69,70,71,72,73,74,75,76,77,78,79,80,81,82,83,84,85,86,87,88,89,90,91,92,93,94,95,96,97,98,99,100,101,102,103,104,105,106,107,108,109,110,111,112,113,114,115,116,117,118,119,120,121,122,123,124,125,126,127,128,129,130,131,132,133,134,135,136,137,138,139,140,141,142,143,144,145,146,147,148,149,150,151,152,153,154,155,156,157,158,159,160,161,162,163,164,165,166,167,168,169,170,171,172,173,174,175,176,177,178,179,180,181,182,183,184,185,186,187,188,189,190,191,192,193,194,195,196,197,198,199,200,201,202,203,204,205,206,207,208,209,210,211,212,213,214,215,216,217,218,219,220,221,222,223,224,225,226,227,228,229,230,231,232,233,234,235,236,237,238,239,240,241,242,243,244,245,246,247,248,249,250,251,252,253,254,255,256,257,258,259,260,261,262,263,264,265,266,267,268,269,270,271,272,273,274,275,276,277,278,279,280,281,282,283,284,285,286,287,288,289,290,291,292,293,294,295,296,297,298,299,300,301,302,303,304,305,306,307,308,309,310,311,312,313,314,315,316,317,318,319,320,321,322,323,324,325,326,327,328,329,330,331,332,333,334,335,336,337,338,339,340,341,342,343,344,345,346,347,348,349,350,351,352,353,354,355,356,357,358,359,360,361,362,363,364,365,366,367,368,369,370,371,372,373,374,375,376,377,378,379,380,381,382,383,384,385,386,387,388,389,390,391,392,393,394,395,396,397,398,399,400,401,402,403,404,405,406,407,408,409,410,411,412,413,414,415,416,417,418,419,420,421,422,423,424,425,426,427,428,429,430,431,432,433,434,435,436,437,438,439,440,441,442,443,444,445,446,447,448,449,450,451,452,453,454,455,456,457,458,459,460,461,462,463,464,465,466,467,468,469,470,471,472,473,474,475,476,477,478,479,480,481,482,483,484,485,486,487,488,489,490,491,492,493,494,495,496,497,498,499,500,501,502,503,504,505,506,507,508,509,510,511
TCGA-05-4398,0.087864,0.0,0.0,0.0,0.0,0.098977,0.0,1e-06,0.245221,0.090826,0.086633,0.0,0.0,0.0,0.0,0.068608,0.0,0.261376,0.0,0.0,0.0,0.0,0.0,0.0,0.0,0.0,0.083799,0.0,0.163608,0.055775,0.0,0.0,0.104134,1.259064,0.0,0.191563,0.187088,0.00051,4e-06,0.0,0.0,0.226594,0.0,0.085056,0.0,0.3733,0.030074,0.0,0.0,0.225471,0.0,0.319826,0.0,1.066918,0.0,0.655525,0.072696,0.0,0.0,0.076828,9.9e-05,0.0,0.0,0.042396,0.031976,0.28388,0.0,1e-05,0.78172,0.0,0.0,0.0,0.284582,0.060391,0.0,0.0,0.0,0.0,0.0,0.002059,0.0,1.045532,0.061624,0.000179,0.0,0.056832,0.203189,0.0,0.080219,0.105329,0.071537,8.3e-05,0.002731,0.0,0.780107,0.0,0.0,0.0,0.0,0.077274,1e-06,0.0,0.100811,0.082241,0.083267,0.0,0.0,0.400083,0.07124,0.155631,0.039334,0.0,0.189491,0.0,0.306012,0.0,0.0,0.644914,0.109558,0.255089,0.556649,0.0,0.298193,0.0,0.0,0.004611,0.19276,0.420558,0.087863,0.0,0.099272,0.078284,0.217902,0.212454,0.210257,0.0,0.0,0.0,0.089009,0.0,0.316845,0.115341,0.167934,0.379901,0.0,0.0,0.0,0.34869,0.0,0.0,0.06243,0.222887,0.53566,0.0,0.0,0.054619,0.0,0.026125,0.063462,0.0,0.5986,0.0,0.0,0.061967,0.0,0.232218,0.264865,0.196921,0.0,0.483504,0.0,0.219576,0.049506,0.0,0.0,0.0,0.0,0.033417,0.059721,1.25182,0.073842,0.0,1e-06,0.068573,0.0,0.056942,0.224768,0.068945,0.0,0.0,0.0,0.049272,0.228584,0.0,0.0,0.2415,0.078411,0.35515,0.212208,0.0,0.058683,0.0,1.976584,0.05466,0.022949,0.0,0.278943,1.672139,0.0,0.0,0.092578,0.0,0.0,0.0,0.0,0.041487,0.0,1.358465,0.31195,0.0,0.0,0.078124,0.146408,0.06126,0.038599,0.0,0.0,0.0,0.0,0.0,0.0,0.11689,0.060326,0.039822,0.0,0.032483,0.081456,0.043196,0.052006,0.0,0.094429,0.0,0.194121,0.0,0.073421,0.391552,0.254712,0.0,0.077254,0.063634,0.691942,0.0,0.070498,0.024642,0.0,0.0,0.0,0.069114,0.0,0.0,0.0,0.139459,0.0,0.0,0.0,0.177491,0.0,0.0,0.068757,0.057382,0.0,0.101862,0.042892,0.0,0.328139,0.108205,0.0,0.078062,0.0,0.0,0.212539,0.263364,0.077451,0.088675,0.0,0.0,0.0,0.0,0.04012,0.099434,0.047547,0.097851,0.0,0.0,0.0,0.086919,0.0,0.0,0.079457,0.222576,0.0,0.209717,3e-06,0.160098,0.122646,0.223133,0.0,0.0,0.0,0.065549,0.0,0.353163,0.203072,0.0,0.419051,0.0,0.0,0.0,0.0,0.078649,0.0,0.057793,0.071867,0.520908,0.0,0.0,0.058308,0.059971,0.204758,0.193913,0.123448,0.0,0.521295,0.0,0.0,0.077979,0.062525,0.0,0.0,0.0,0.529313,0.079728,0.0,0.0,0.237509,0.0,0.0,0.046705,0.068255,0.325745,0.0,0.0,0.0,0.0,0.08959,0.089488,0.0,0.298734,0.235807,0.203517,0.0,0.0,0.0,0.0,0.377976,0.0,0.085348,0.0,0.582059,0.0,0.0,0.0,0.018641,0.084089,0.095978,0.314317,0.270808,0.0,0.089867,0.0,0.080709,0.0,0.286323,0.073504,0.073941,0.061161,0.0,0.190227,0.0,0.0,0.0,0.085592,0.0,0.0,0.0,0.213803,1e-06,0.238929,0.0,0.168471,0.0,0.090101,0.0,0.302538,0.0,0.0,0.072315,0.0,2e-06,1.540163,0.0,0.085083,0.054012,0.233943,0.056471,0.506313,0.226515,0.274498,0.291253,0.065641,0.211822,0.0,0.0,0.194682,0.0,0.0,0.105286,0.10666,0.128045,0.0,0.106988,0.0,0.0,0.73072,0.0,0.71,0.0,0.218882,0.0,0.062759,0.0,1.028757,0.0,0.0,0.0,0.0,0.48183,0.060238,0.226968,0.0,0.052575,0.0671,0.0,0.0,0.0,4e-06,0.541706,0.0,0.0,0.0,0.074054,0.0,0.448452,0.203016,0.914474,0.090315,0.099943,1.152189,0.057116,0.0,0.0,0.0,0.0,0.25771,0.132137,0.0,0.213246,0.0,0.332855,0.06237,0.082926,0.214276,0.065429,0.694564,0.041735,0.0,0.0,0.005229,0.100449,0.071955,0.0,2e-05,0.0,0.31109,0.0,0.0,0.0,0.081992,0.0,0.0,0.100936,0.220202,0.188308,0.304621,0.0,0.114,0.0,0.0,0.078922,0.200962,0.0,0.0
TCGA-05-4402,0.085421,0.0,0.0,0.0,0.0,0.106529,0.0,0.0,0.228159,0.091443,0.092032,0.0,0.0,0.0,0.0,0.064712,0.0,0.252923,0.0,0.0,0.0,0.0,0.0,0.0,0.0,0.0,0.086701,0.0,0.16369,0.053269,0.0,0.0,0.108992,1.215901,0.0,0.175553,0.174666,0.000213,0.0,0.0,0.0,0.212701,0.0,0.083841,0.0,0.366899,0.029033,0.0,0.0,0.222081,0.0,0.317675,0.0,1.027171,0.0,0.618101,0.078491,0.0,0.0,0.082873,4.8e-05,0.0,0.0,0.040336,0.03654,0.266435,0.0,3e-06,0.752449,0.0,0.0,0.0,0.264166,0.063725,0.0,0.0,0.0,0.0,0.0,0.001811,0.0,1.003283,0.059923,9e-06,0.0,0.065461,0.192502,0.0,0.084304,0.09952,0.079142,3e-05,0.001191,0.0,0.743546,0.0,0.0,0.0,0.0,0.08366,1e-06,0.0,0.098158,0.082619,0.088579,0.0,0.0,0.384523,0.071738,0.136716,0.037297,0.0,0.173114,1e-06,0.281217,0.0,0.0,0.62462,0.111959,0.240873,0.531701,0.0,0.29535,0.0,0.0,0.002171,0.179409,0.400899,0.082401,0.0,0.099065,0.086963,0.206431,0.197443,0.195051,0.0,0.0,0.0,0.078823,0.0,0.295296,0.122596,0.156351,0.36059,0.0,0.0,0.0,0.335592,0.0,0.0,0.065942,0.211684,0.5126,0.0,0.0,0.05287,0.0,0.025729,0.061326,0.0,0.569456,0.0,0.0,0.062462,0.0,0.216532,0.250164,0.179111,0.0,0.468821,0.0,0.21323,0.05096,0.0,0.0,0.0,0.0,0.032692,0.055727,1.201223,0.081933,0.0,1e-06,0.072692,0.0,0.057391,0.225047,0.069707,0.0,0.0,0.0,0.048525,0.212351,1e-06,0.0,0.225108,0.084674,0.342271,0.186749,0.0,0.065333,0.0,1.90359,0.05637,0.021634,0.0,0.260124,1.613347,0.0,0.0,0.08746,0.0,0.0,0.0,0.0,0.055723,0.0,1.306733,0.299046,0.0,0.0,0.083314,0.136024,0.059467,0.041043,0.0,0.0,0.0,0.0,0.0,0.0,0.123608,0.066648,0.041466,0.0,0.035301,0.089007,0.04541,0.055534,0.0,0.082786,0.0,0.175683,0.0,0.070236,0.364828,0.252515,0.0,0.083682,0.062692,0.660538,0.0,0.073699,0.026094,0.0,0.0,0.0,0.076508,0.0,0.0,0.0,0.135755,0.0,0.0,0.0,0.177105,0.0,0.0,0.064415,0.058355,0.0,0.107538,0.044849,0.0,0.305273,0.099214,0.0,0.079251,0.0,0.0,0.200526,0.246763,0.084651,0.091162,0.0,0.0,0.0,0.0,0.042391,0.106304,0.054775,0.10622,0.0,0.0,0.0,0.095716,0.0,0.0,0.086654,0.208252,0.0,0.200812,1e-06,0.156533,0.111643,0.211883,0.0,0.0,0.0,0.069388,0.0,0.350874,0.19038,0.0,0.395724,1e-06,2e-06,0.0,0.0,0.079421,0.0,0.065826,0.078997,0.495006,0.0,0.0,0.063617,0.062189,0.188283,0.1772,0.11392,0.0,0.500512,0.0,0.0,0.07859,0.068664,0.0,0.0,0.0,0.506139,0.085631,0.0,0.0,0.215627,0.0,0.0,0.049205,0.071375,0.306608,0.0,0.0,0.0,0.0,0.091531,0.097329,0.0,0.284619,0.220101,0.191912,0.0,0.0,0.0,0.0,0.360623,0.0,0.088636,0.0,0.565809,0.0,0.0,0.0,0.018624,0.088002,0.098947,0.290692,0.259862,0.0,0.097829,0.0,0.082089,0.0,0.272223,0.078074,0.081588,0.057008,0.0,0.177707,0.0,0.0,0.0,0.090366,0.0,0.0,0.0,0.202044,1e-06,0.227033,0.0,0.171196,0.0,0.09034,0.0,0.286561,0.0,0.0,0.07741,0.0,4e-06,1.491071,0.0,0.071302,0.055713,0.220967,0.062277,0.485325,0.212557,0.257996,0.28561,0.076013,0.197728,0.0,0.0,0.18327,0.0,0.0,0.107175,0.110906,0.113812,0.0,0.108417,0.0,0.0,0.704476,0.0,0.675394,0.0,0.218768,0.0,0.063546,0.0,0.979157,0.0,0.0,0.0,0.0,0.450153,0.065431,0.214393,0.0,0.057859,0.07392,0.0,0.0,0.0,2e-06,0.527457,0.0,0.0,0.0,0.055691,0.0,0.424776,0.188101,0.877165,0.089406,0.084892,1.105822,0.052479,0.0,0.0,0.0,0.0,0.238446,0.116422,0.0,0.206403,0.0,0.313424,0.067605,0.084129,0.209048,0.067338,0.668674,0.039175,0.0,0.0,0.002747,0.098838,0.071718,0.0,2.1e-05,0.0,0.297071,0.0,0.0,0.0,0.084721,0.0,0.0,0.101365,0.20818,0.182098,0.291493,0.0,0.12057,0.0,0.0,0.076668,0.189337,0.0,0.0
TCGA-05-4417,0.120847,0.0,0.0,0.0,0.0,0.124843,0.0,3e-06,0.216667,0.114364,0.108793,0.0,0.0,0.0,0.0,0.089848,0.0,0.26292,0.0,0.0,1e-06,0.0,0.0,0.0,0.0,0.0,0.101271,0.0,0.163756,0.073453,0.0,0.0,0.128174,1.211857,0.0,0.166601,0.163052,0.000195,0.0,0.0,0.0,0.196356,0.0,0.106826,0.0,0.352589,0.036817,0.0,0.0,0.203574,0.0,0.320154,0.0,1.041974,0.0,0.613238,0.089053,0.0,0.0,0.099057,6.2e-05,1e-06,0.0,0.053529,0.041688,0.262021,0.0,5e-06,0.749995,0.0,0.0,0.0,0.252186,0.082289,0.0,0.0,0.0,0.0,0.0,0.006073,0.0,1.013882,0.075177,0.000292,0.0,0.073043,0.179003,0.0,0.095187,0.121872,0.081043,0.000309,0.001248,0.0,0.734985,0.0,0.0,0.0,0.0,0.099412,0.0,0.0,0.123801,0.108598,0.113931,0.0,0.0,0.389415,0.089685,0.139638,0.045697,0.0,0.167875,0.0,0.280461,0.0,0.0,0.610638,0.137649,0.226961,0.519931,0.0,0.285051,0.0,0.0,0.002305,0.176817,0.407813,0.121744,0.0,0.115289,0.102174,0.192715,0.180596,0.182946,0.0,0.0,0.0,0.091559,0.0,0.281976,0.116671,0.148662,0.352695,0.0,0.0,0.0,0.317631,0.0,0.0,0.076162,0.196774,0.501919,1e-06,0.0,0.07214,0.0,0.037797,0.078868,0.0,0.560204,0.0,0.0,0.08064,0.0,0.203269,0.231353,0.179803,0.0,0.458302,0.0,0.204212,0.063458,0.0,0.0,0.0,0.0,0.05103,0.06636,1.206606,0.096567,0.0,0.0,0.089803,0.0,0.077475,0.20833,0.08978,0.0,0.0,0.0,0.07315,0.204294,0.0,1e-06,0.212976,0.098092,0.351259,0.185631,0.0,0.087796,0.0,1.9208,0.06071,0.035844,0.0,0.257803,1.624033,0.0,0.0,0.1265,0.0,0.0,0.0,0.0,0.047555,0.0,1.303665,0.278869,0.0,0.0,0.105684,0.124635,0.087916,0.057828,0.0,0.0,0.0,0.0,0.0,0.0,0.14259,0.095026,0.051001,0.0,0.040352,0.106182,0.057982,0.065936,0.0,0.072663,0.0,0.162822,0.0,0.095314,0.364167,0.241513,0.0,0.098863,0.074693,0.647823,0.0,0.089254,0.017401,0.0,0.0,0.0,0.091939,0.0,0.0,0.0,0.154977,0.0,0.0,0.0,0.155645,0.0,0.0,0.083575,0.068723,0.0,0.131043,0.061927,0.0,0.292647,0.108645,0.0,0.10243,0.0,0.0,0.187047,0.229351,0.09279,0.116733,0.0,0.0,1e-06,0.0,0.058662,0.122154,0.067582,0.116271,0.0,0.0,0.0,0.115071,0.0,0.0,0.096529,0.19886,0.0,0.184985,1e-06,0.164752,0.101161,0.217133,0.0,0.0,0.0,0.082404,0.0,0.348059,0.181887,0.0,0.389588,0.0,0.0,0.0,0.0,0.096637,0.0,0.080564,0.094943,0.491466,0.0,0.0,0.079152,0.074177,0.174546,0.173061,0.106743,0.0,0.488538,0.0,0.0,0.099394,0.083995,0.0,0.0,0.0,0.481493,0.098602,0.0,0.0,0.200522,0.0,0.0,0.060951,0.087381,0.288774,0.0,0.0,0.0,0.0,0.110637,0.115612,0.0,0.272814,0.208449,0.180088,0.0,0.0,0.0,0.0,0.339433,0.0,0.099539,0.0,0.565106,0.0,0.0,0.0,0.033441,0.109037,0.119444,0.285641,0.244796,0.0,0.101163,0.0,0.104173,0.0,0.269809,0.091743,0.094293,0.065997,0.0,0.16343,0.0,0.0,0.0,0.112556,0.0,0.0,0.0,0.185913,3e-06,0.206202,0.0,0.185249,0.0,0.109637,0.0,0.27156,0.0,0.0,0.094232,0.0,0.0,1.498194,0.0,0.075528,0.067263,0.208653,0.07223,0.481285,0.20116,0.237877,0.291449,0.085459,0.188218,1e-06,0.0,0.177849,0.0,0.0,0.150621,0.118687,0.10043,0.0,0.093028,0.0,0.0,0.69217,0.0,0.665206,0.0,0.226533,0.0,0.075641,0.0,0.979225,0.0,0.0,0.0,0.0,0.427445,0.082479,0.210846,0.0,0.076275,0.084104,0.0,0.0,0.0,0.0,0.528406,0.0,0.0,0.0,0.060679,0.0,0.418055,0.177253,0.891276,0.108228,0.094609,1.101884,0.075786,0.0,0.0,0.0,0.0,0.222512,0.107898,0.0,0.205821,0.0,0.308345,0.078524,0.111028,0.197138,0.082302,0.678331,0.059909,0.0,0.0,0.00271,0.1265,0.093385,0.0,4e-06,1e-06,0.276822,0.0,0.0,0.0,0.100817,0.0,0.0,0.10654,0.191281,0.195449,0.275043,0.0,0.136962,0.0,0.0,0.098747,0.178814,0.0,0.0
TCGA-05-4420,0.050681,0.0,0.0,0.0,0.0,0.070086,0.0,0.0,0.270823,0.059463,0.065456,0.0,0.0,0.0,0.0,0.039571,0.0,0.253562,0.0,0.0,0.0,0.0,0.0,0.0,0.0,0.0,0.06033,0.0,0.158968,0.032983,0.0,0.0,0.07791,1.299429,0.0,0.218334,0.212319,0.00056,0.0,0.0,0.0,0.256836,0.0,0.059524,0.0,0.387579,0.019895,0.0,0.0,0.250962,0.0,0.317241,0.0,1.080897,0.0,0.690832,0.051366,0.0,0.0,0.058577,0.000155,3e-06,0.0,0.02361,0.021202,0.308718,0.0,1.6e-05,0.804386,0.0,0.0,0.0,0.316595,0.035631,0.0,0.0,0.0,0.0,0.0,0.001252,0.0,1.06706,0.039147,2e-06,0.0,0.04063,0.232857,0.0,0.060343,0.086859,0.052332,1e-06,0.003324,0.0,0.810306,0.0,0.0,0.0,0.0,0.0541,5e-06,0.0,0.064038,0.053004,0.052211,0.0,0.0,0.394225,0.040122,0.173128,0.028014,0.0,0.216528,0.0,0.33722,0.0,0.0,0.674534,0.083096,0.277919,0.586373,0.0,0.313257,0.0,0.0,0.006293,0.219646,0.432793,0.052574,0.0,0.074948,0.051665,0.244918,0.248432,0.229444,0.0,0.0,0.0,0.068371,0.0,0.346984,0.09981,0.188597,0.404452,0.0,0.0,0.0,0.371152,0.0,0.0,0.049384,0.251348,0.561976,1e-06,0.0,0.036949,0.0,0.01522,0.038987,0.0,0.631524,0.0,0.0,0.035363,0.0,0.264976,0.29548,0.223255,2e-06,0.512692,0.0,0.250269,0.029004,0.0,0.0,0.0,0.0,0.023264,0.037989,1.281623,0.058643,0.0,0.0,0.043178,0.0,0.038019,0.240883,0.042571,0.0,0.0,0.0,0.024612,0.258077,0.0,0.0,0.272595,0.055,0.343978,0.234007,0.0,0.039382,0.0,2.010668,0.037653,0.011026,0.0,0.301878,1.698955,0.0,0.0,0.048895,0.0,0.0,0.0,0.0,0.042911,0.0,1.394148,0.344665,1e-06,0.0,0.049744,0.16538,0.038374,0.022064,0.0,0.0,0.0,0.0,0.0,0.0,0.085563,0.036119,0.021713,0.0,0.019827,0.05631,0.023735,0.032958,0.0,0.112227,0.0,0.218705,0.0,0.040313,0.411678,0.26215,0.0,0.050504,0.042988,0.727681,0.0,0.049793,0.026679,0.0,0.0,0.0,0.055645,0.0,0.0,0.0,0.111102,0.0,0.0,0.0,0.195193,0.0,0.0,0.038049,0.038366,0.0,0.072604,0.020701,0.0,0.350487,0.107454,0.0,0.051959,0.0,0.0,0.234518,0.287775,0.054694,0.067168,0.0,0.0,0.0,0.0,0.023689,0.07231,0.031517,0.08237,0.0,0.0,0.0,0.05715,0.0,0.0,0.057299,0.253176,0.0,0.23042,7e-06,0.150272,0.144011,0.222618,0.0,0.0,0.0,0.050765,0.0,0.350824,0.226194,0.0,0.447912,0.0,0.0,0.0,0.0,0.053607,0.0,0.040755,0.049351,0.540646,0.0,0.0,0.037394,0.035448,0.227358,0.214861,0.143752,0.0,0.546934,0.0,0.0,0.049351,0.041535,0.0,0.0,0.0,0.563364,0.05591,0.0,0.0,0.262527,0.0,0.0,0.031461,0.046536,0.359376,0.0,0.0,0.0,0.0,0.058779,0.063706,0.0,0.326099,0.267027,0.225706,0.0,0.0,0.0,0.0,0.410448,0.0,0.059367,0.0,0.592599,0.0,0.0,0.0,0.008443,0.057356,0.066629,0.327632,0.304499,0.0,0.073345,0.0,0.052019,0.0,0.299294,0.054044,0.0505,0.058068,0.0,0.216987,0.0,0.0,0.0,0.057065,0.0,0.0,0.0,0.237963,3e-06,0.270375,0.0,0.15023,0.0,0.059982,0.0,0.332722,0.0,0.0,0.045085,0.0,1e-06,1.568445,0.0,0.103098,0.027889,0.261632,0.038505,0.537386,0.26006,0.299169,0.284063,0.050561,0.240142,0.0,0.0,0.202342,0.0,0.0,0.068801,0.085426,0.142161,0.0,0.129138,0.0,0.0,0.765823,0.0,0.735229,0.0,0.206032,0.0,0.037375,0.0,1.057869,0.0,0.0,0.0,0.0,0.537726,0.032325,0.246235,0.0,0.030245,0.051439,0.0,0.0,0.0,2e-06,0.546462,0.0,0.0,0.0,0.07128,0.0,0.480575,0.225177,0.932676,0.066252,0.103389,1.195847,0.033395,0.0,0.0,0.0,0.0,0.284969,0.155079,0.0,0.207531,0.0,0.349172,0.041634,0.054375,0.244594,0.044021,0.702736,0.025942,0.0,0.0,0.006907,0.065859,0.040943,0.0,2.4e-05,0.0,0.340046,0.0,0.0,0.0,0.055541,0.0,0.0,0.096298,0.240925,0.173327,0.334512,0.0,0.095563,0.0,0.0,0.051301,0.234811,0.0,0.0
TCGA-05-4427,0.148449,0.0,0.0,0.0,0.0,0.140431,0.0,0.0,0.197617,0.141774,0.127221,0.0,0.0,0.0,0.0,0.114668,0.0,0.263755,0.0,0.0,0.0,0.0,0.0,0.0,0.0,0.0,0.120494,0.0,0.160246,0.089594,0.0,0.0,0.148159,1.16702,0.0,0.15186,0.146369,0.00011,0.0,0.0,0.0,0.175497,0.0,0.127321,0.0,0.321974,0.041854,0.0,0.0,0.186407,0.0,0.31949,0.0,1.016762,0.0,0.57578,0.105435,0.0,0.0,0.109863,2.6e-05,0.0,0.0,0.067546,0.049986,0.240972,0.0,2e-06,0.724103,0.0,0.0,0.0,0.225221,0.096144,0.0,0.0,0.0,0.0,0.0,0.007637,0.0,0.971175,0.091986,0.001582,0.0,0.083056,0.155774,0.0,0.106691,0.131257,0.09557,0.000357,0.000786,0.0,0.694199,0.0,0.0,0.0,0.0,0.110887,0.0,0.0,0.14475,0.135021,0.1441,0.0,0.0,0.383287,0.117914,0.124105,0.056784,0.0,0.140528,0.0,0.250373,0.0,0.0,0.573122,0.159742,0.204814,0.484765,0.0,0.254725,0.0,0.0,0.001632,0.159149,0.397227,0.150268,0.0,0.135945,0.122499,0.170733,0.163195,0.160523,0.0,0.0,0.0,0.09709,0.0,0.255141,0.121312,0.13016,0.325368,0.0,0.0,0.0,0.288828,0.0,0.0,0.094256,0.180481,0.473958,0.0,0.0,0.088154,0.0,0.052768,0.100705,0.0,0.535857,0.0,0.0,0.096988,0.0,0.182919,0.213386,0.156721,0.0,0.433314,0.0,0.184176,0.077364,0.0,0.0,0.0,0.0,0.059311,0.079458,1.163416,0.114519,0.0,2e-06,0.11086,0.0,0.093833,0.191252,0.109601,0.0,0.0,0.0,0.098477,0.182563,0.0,0.0,0.190372,0.109039,0.346106,0.172915,0.0,0.100202,0.0,1.854998,0.073301,0.051251,0.0,0.246381,1.570391,0.0,0.0,0.154509,0.0,0.0,0.0,0.0,0.047322,0.0,1.26449,0.252907,0.0,0.0,0.129868,0.114683,0.1116,0.075164,0.0,0.0,0.0,0.0,0.0,0.0,0.159221,0.12366,0.06742,0.0,0.04319,0.132012,0.073256,0.085061,0.0,0.061434,0.0,0.146087,0.0,0.121165,0.340333,0.218577,0.0,0.115586,0.087418,0.614544,0.0,0.105371,0.021059,0.0,0.0,0.0,0.10542,0.0,0.0,0.0,0.168621,0.0,0.0,0.0,0.146704,0.0,1e-06,0.104415,0.084156,0.0,0.149851,0.084116,0.0,0.273227,0.103615,0.0,0.124426,0.0,0.0,0.165568,0.206159,0.104573,0.135528,0.0,0.0,0.0,0.0,0.073388,0.141478,0.080196,0.129148,0.0,0.0,0.0,0.14352,0.0,0.0,0.109453,0.176504,0.0,0.161976,0.0,0.17042,0.091614,0.211116,0.0,0.0,0.0,0.09096,0.0,0.333359,0.165794,0.0,0.362794,0.0,0.0,0.0,0.0,0.101661,0.0,0.097443,0.106852,0.461683,0.0,0.0,0.096566,0.080821,0.152471,0.156643,0.098684,0.0,0.457995,0.0,0.0,0.123798,0.100482,0.0,0.0,0.0,0.440763,0.11814,0.0,0.0,0.175968,0.0,0.0,0.078796,0.102378,0.260879,0.0,0.0,0.0,0.0,0.126158,0.131973,0.0,0.248641,0.187012,0.161862,0.0,0.0,0.0,0.0,0.305573,0.0,0.12528,0.0,0.547513,0.0,0.0,0.0,0.050383,0.124878,0.144084,0.268187,0.220206,0.0,0.107285,0.0,0.127725,0.0,0.261332,0.101431,0.113818,0.072336,0.0,0.143873,0.0,0.0,0.0,0.138889,0.0,0.0,0.0,0.169556,0.0,0.193353,0.0,0.192579,0.0,0.120162,0.0,0.238134,0.0,0.0,0.114529,0.0,2e-06,1.44656,0.0,0.064524,0.082982,0.188578,0.092741,0.453218,0.174547,0.215198,0.292821,0.103596,0.168212,0.0,0.0,0.173704,0.0,0.0,0.1807,0.132811,0.087774,0.0,0.083428,0.0,0.0,0.652664,0.0,0.626806,0.0,0.228062,0.0,0.093796,0.0,0.93659,0.0,0.0,0.0,0.0,0.381718,0.10342,0.192024,0.0,0.103824,0.099691,0.0,0.0,0.0,0.0,0.507416,0.0,0.0,0.0,0.061905,0.0,0.392293,0.160674,0.856555,0.126118,0.094007,1.054417,0.089179,0.0,0.0,0.0,0.0,0.204971,0.093223,0.0,0.203376,0.0,0.288256,0.090179,0.13562,0.17982,0.100853,0.658488,0.085383,0.0,0.0,0.00187,0.153154,0.110172,0.0,3.5e-05,3e-06,0.252922,0.0,0.0,0.0,0.126271,0.0,0.0,0.11563,0.177719,0.207543,0.247779,0.0,0.151334,0.0,0.0,0.118508,0.159435,0.0,0.0
TCGA-18-3411,0.350063,0.0,0.0,0.0,0.0,0.237502,0.0,3e-06,0.064746,0.293272,0.225341,0.0,0.0,0.0,0.0,0.261207,0.0,0.292178,0.0,0.0,0.0,0.0,0.0,0.0,0.0,0.0,0.226764,0.0,0.161948,0.224401,0.0,0.0,0.247771,0.96291,0.0,0.056642,0.048683,1.2e-05,0.0,0.0,0.0,0.057929,0.0,0.24674,0.0,0.218438,0.099873,0.0,0.0,0.069123,0.0,0.330961,0.0,0.920126,0.0,0.41061,0.213864,0.0,0.0,0.206324,0.0,0.0,0.0,0.156019,0.108905,0.143002,3.9e-05,0.0,0.647503,0.0,0.0,0.0,0.102196,0.19884,0.0,0.0,0.0,0.0,0.0,0.026077,0.0,0.817192,0.196046,0.004135,0.0,0.155614,0.053547,0.0,0.205419,0.222101,0.181217,0.005381,0.000613,1e-06,0.545939,0.0,0.0,0.0,0.0,0.234765,0.0,0.0,0.291309,0.28376,0.288547,0.0,0.0,0.3583,0.237233,0.044094,0.158434,0.0,0.047455,0.0,0.154752,0.0,0.0,0.428998,0.280519,0.08793,0.358251,0.0,0.149833,0.0,0.0,0.000989,0.058364,0.379237,0.342186,1e-06,0.252977,0.237448,0.074361,0.056555,0.086659,0.0,0.0,0.0,0.17718,0.0,0.131077,0.146938,0.039741,0.216491,0.0,0.0,0.0,0.147238,0.0,0.0,0.172612,0.069851,0.321829,0.0,0.0,0.169378,0.0,0.147113,0.216471,0.0,0.394784,0.0,0.0,0.230222,0.0,0.074114,0.076379,0.065056,0.0,0.358208,0.0,0.071571,0.191303,0.0,0.0,0.0,0.0,0.120465,0.183223,0.98516,0.198161,0.0,5e-06,0.206337,0.0,0.197192,0.122255,0.235125,0.0,0.0,0.0,0.252246,0.067686,0.0,0.0,0.073599,0.166779,0.350967,0.109983,0.0,0.210191,0.0,1.630886,0.151288,0.154026,0.0,0.159776,1.348197,0.0,0.0,0.328321,0.0,0.0,0.0,0.0,0.055286,0.0,1.087984,0.106162,0.0,0.0,0.268872,0.042367,0.246109,0.187431,0.0,0.0,0.0,0.0,0.0,0.0,0.27031,0.274909,0.163446,0.0,0.109235,0.272885,0.200577,0.202293,0.0,0.023678,0.0,0.045516,0.0,0.29004,0.258124,0.142164,0.0,0.211188,0.177065,0.478862,0.0,0.198873,0.031932,0.0,0.0,0.0,0.188729,0.0,0.0,0.0,0.253934,0.0,0.0,0.0,0.066297,0.0,0.0,0.238098,0.190454,2e-06,0.279305,0.220804,0.0,0.177925,0.124182,0.0,0.242761,0.0,0.0,0.062034,0.0733,0.208113,0.244695,0.0,0.0,0.0,0.0,0.190464,0.263908,0.188453,0.179816,0.0,0.0,0.0,0.25595,0.0,0.0,0.216042,0.075616,0.0,0.065316,1e-06,0.204122,0.037232,0.189341,0.0,0.0,0.0,0.15779,0.0,0.299588,0.054721,0.0,0.235952,0.0,0.0,0.0,0.0,0.185492,0.0,0.192813,0.211417,0.379258,0.0,2e-06,0.228432,0.167604,0.06702,0.04911,0.055145,0.0,0.331978,0.0,0.0,0.285355,0.198217,0.0,0.0,0.0,0.270807,0.193599,0.0,0.0,0.065517,0.0,0.0,0.195509,0.209464,0.10925,0.0,0.0,1e-06,0.0,0.256495,0.236109,0.0,0.106881,0.075136,0.064955,0.0,0.0,0.0,0.0,0.149363,0.0,0.25151,0.0,0.482089,0.0,0.0,0.0,0.159859,0.258697,0.267178,0.223781,0.086048,0.0,0.153176,0.0,0.277314,0.0,0.203932,0.193363,0.244214,0.130958,0.0,0.050957,0.0,0.0,0.0,0.28506,0.0,0.0,0.0,0.066018,0.0,0.069261,0.0,0.277362,0.0,0.230629,0.0,0.130571,0.0,0.0,0.234961,0.0,1.3e-05,1.255912,0.0,0.020117,0.195288,0.084688,0.20479,0.312542,0.068064,0.08683,0.329476,0.215598,0.064226,0.0,2e-06,0.141751,0.0,0.0,0.36731,0.230557,0.03777,0.0,0.030949,0.0,2.3e-05,0.453145,0.0,0.469843,0.0,0.268144,0.0,0.22259,0.0,0.780623,0.0,0.0,0.0,0.0,0.178008,0.236271,0.111131,0.0,0.241906,0.186093,0.0,0.0,0.0,5e-06,0.470926,0.0,0.0,0.0,0.135641,0.0,0.246961,0.06069,0.703703,0.24026,0.064063,0.858435,0.215149,0.0,0.0,0.0,0.0,0.082922,0.03751,0.0,0.239999,0.0,0.191555,0.20183,0.268397,0.066883,0.206404,0.57979,0.191079,0.0,2e-06,0.000442,0.303227,0.226541,0.0,0.00034,0.0,0.12862,0.0,0.0,0.0,0.232457,0.0,0.0,0.169136,0.068933,0.265835,0.099285,0.0,0.240079,0.0,0.0,0.229976,0.062565,0.0,2e-06
TCGA-18-3415,0.363337,0.0,0.0,0.0,0.0,0.246124,0.0,2.3e-05,0.053061,0.300765,0.231172,3e-06,0.0,0.0,0.0,0.268299,0.0,0.289904,0.0,0.0,0.0,0.0,0.0,0.0,0.0,0.0,0.235266,0.0,0.159664,0.231943,0.0,0.0,0.251491,0.926209,0.0,0.045386,0.041651,4e-06,0.0,0.0,0.0,0.048654,0.0,0.256818,0.0,0.211166,0.101459,0.0,0.0,0.062863,0.0,0.330157,0.0,0.894317,0.0,0.385115,0.222631,0.0,0.0,0.21636,3e-06,0.0,0.0,0.160449,0.11385,0.129414,7.1e-05,0.0,0.632264,0.0,0.0,0.0,0.086293,0.209844,0.0,0.0,0.0,0.0,0.0,0.025384,0.0,0.788435,0.202826,0.003906,0.0,0.164117,0.046996,0.0,0.216141,0.226769,0.189766,0.009828,0.0004,0.0,0.521075,0.0,0.0,0.0,0.0,0.244905,0.0,0.0,0.299702,0.291602,0.299936,0.0,0.0,0.350049,0.244383,0.031715,0.161434,0.0,0.038344,0.0,0.133428,1e-06,0.0,0.412138,0.28883,0.078583,0.338322,0.0,0.147106,0.0,0.0,0.000599,0.048934,0.370879,0.352584,1e-06,0.261975,0.247111,0.06528,0.048791,0.076999,0.0,0.0,0.0,0.177707,0.0,0.113225,0.158314,0.032206,0.202286,0.0,0.0,0.0,0.135957,0.0,0.0,0.178846,0.060895,0.299149,0.0,0.0,0.174248,0.0,0.153399,0.222582,0.0,0.369116,0.0,0.0,0.237969,0.0,0.063349,0.068782,0.052176,0.0,0.347845,0.0,0.064838,0.199,0.0,0.0,0.0,0.0,0.121974,0.186826,0.953459,0.205558,0.0,4e-06,0.211057,0.0,0.203803,0.119384,0.246094,0.0,0.0,0.0,0.261214,0.057848,0.0,0.0,0.063316,0.174176,0.346425,0.095962,0.0,0.219949,0.0,1.587403,0.156531,0.159408,0.0,0.149337,1.311372,0.0,0.0,0.335582,0.0,0.0,0.0,0.0,0.059576,0.0,1.056404,0.095989,0.0,0.0,0.280876,0.035719,0.255894,0.193127,0.0,0.0,0.0,0.0,0.0,0.0,0.2785,0.287318,0.171601,0.0,0.119042,0.286348,0.210422,0.212633,0.0,0.020082,0.0,0.037309,0.0,0.298799,0.243234,0.137892,0.0,0.219,0.183518,0.455635,0.0,0.2058,0.035351,0.0,0.0,0.0,0.194157,0.0,0.0,0.0,0.256796,0.0,0.0,0.0,0.060702,0.0,0.0,0.246309,0.197662,0.0,0.29258,0.229761,0.0,0.16671,0.121638,0.0,0.247366,0.0,0.0,0.053126,0.062578,0.220015,0.252107,0.0,0.0,0.0,0.0,0.199257,0.274891,0.196244,0.185214,0.0,0.0,0.0,0.262678,0.0,0.0,0.227108,0.0647,0.0,0.055793,1e-06,0.202186,0.029941,0.18084,0.0,1e-06,0.0,0.165196,0.0,0.295596,0.04563,0.0,0.218598,0.0,0.0,0.0,0.0,0.19043,0.0,0.200158,0.221019,0.365759,0.0,0.0,0.238554,0.174525,0.059013,0.040288,0.049234,0.0,0.314171,0.0,0.0,0.29531,0.209645,0.0,0.0,0.0,0.249075,0.197924,0.0,0.0,0.054843,0.0,0.0,0.20189,0.218204,0.094787,0.0,0.0,7e-06,0.0,0.26206,0.250025,0.0,0.093642,0.064107,0.0605,0.0,0.0,0.0,0.0,0.134141,0.0,0.260174,0.0,0.472612,0.0,0.0,0.0,0.168605,0.266718,0.277044,0.211037,0.076329,0.0,0.161059,0.0,0.287745,0.0,0.19571,0.198573,0.256121,0.133066,0.0,0.041882,0.0,0.0,0.0,0.296138,0.0,0.0,0.0,0.057566,0.0,0.062983,0.0,0.283904,0.0,0.239595,0.0,0.122594,0.0,0.0,0.245968,0.0,2e-06,1.221628,0.0,0.0118,0.202147,0.076124,0.212383,0.29397,0.059554,0.075431,0.330543,0.227516,0.054114,0.0,7e-06,0.134911,0.0,0.0,0.378482,0.240074,0.034427,0.0,0.029395,0.0,0.0,0.42818,0.0,0.44643,0.0,0.273423,0.0,0.230896,0.0,0.748489,0.0,0.0,0.0,0.0,0.156616,0.248019,0.098809,0.0,0.25229,0.192215,0.0,0.0,0.0,1e-06,0.461955,0.0,0.0,0.0,0.13406,0.0,0.228466,0.051048,0.677594,0.249016,0.055694,0.827956,0.220921,0.0,0.0,0.0,0.0,0.070004,0.029725,0.0,0.239852,0.0,0.179185,0.213875,0.27665,0.058929,0.210366,0.559825,0.198727,0.0,1.1e-05,0.000262,0.313563,0.236419,0.0,4.8e-05,0.0,0.117132,0.0,0.0,0.0,0.239472,0.0,0.0,0.169597,0.058294,0.264383,0.088775,0.0,0.249976,0.0,0.0,0.233757,0.054468,0.0,0.0
TCGA-18-4083,0.332235,0.0,0.0,0.0,0.0,0.230959,0.0,1e-06,0.058533,0.282453,0.213604,0.0,0.0,0.0,0.0,0.240584,0.0,0.287354,0.0,0.0,0.0,0.0,0.0,0.0,0.0,0.0,0.222889,0.0,0.16965,0.217411,0.0,0.0,0.233352,0.964557,0.0,0.05121,0.047585,1.4e-05,0.0,0.0,0.0,0.055618,0.0,0.239591,0.0,0.236715,0.094719,0.0,0.0,0.072607,0.0,0.329138,0.0,0.911292,0.0,0.411437,0.210356,0.0,0.0,0.204532,0.0,0.0,0.0,0.153877,0.110239,0.147279,9.2e-05,0.0,0.649416,0.0,0.0,0.0,0.09824,0.194658,0.0,0.0,0.0,0.0,0.0,0.024751,0.0,0.807921,0.190928,0.0007,0.0,0.163098,0.054609,0.0,0.202345,0.216986,0.182612,0.006601,0.000549,0.0,0.54637,0.0,0.0,0.0,0.0,0.226603,0.0,0.0,0.276499,0.267469,0.279178,0.0,0.0,0.359515,0.22696,0.03599,0.154724,0.0,0.047083,0.0,0.151716,0.0,0.0,0.440594,0.272756,0.086064,0.360532,0.0,0.166078,0.0,0.0,0.000977,0.052452,0.377524,0.319192,0.0,0.243347,0.2296,0.077104,0.062347,0.090848,0.0,0.0,0.0,0.172033,0.0,0.13274,0.163567,0.039376,0.216384,0.0,0.0,0.0,0.159645,0.0,0.0,0.166377,0.070615,0.324682,0.0,0.0,0.161852,0.0,0.145567,0.204961,0.0,0.396077,0.0,0.0,0.219475,0.0,0.070786,0.077842,0.055626,0.0,0.372856,0.0,0.07292,0.183355,0.0,0.0,0.0,0.0,0.107597,0.175409,0.983203,0.19689,0.0,1e-06,0.197017,0.0,0.185316,0.137526,0.233339,0.0,0.0,0.0,0.238478,0.0633,0.0,0.0,0.071925,0.163052,0.346624,0.101982,0.0,0.202545,0.0,1.631214,0.153436,0.148624,0.0,0.161463,1.344773,0.0,0.0,0.308133,0.0,0.0,0.0,0.0,0.07194,0.0,1.093252,0.10793,0.0,0.0,0.257736,0.042608,0.231569,0.185014,0.0,0.0,0.0,0.0,0.0,0.0,0.264517,0.260178,0.166324,0.0,0.115743,0.265512,0.193602,0.198989,0.0,0.025182,0.0,0.041643,0.0,0.27209,0.258634,0.151909,0.0,0.203817,0.170109,0.484363,0.0,0.200801,0.040763,0.0,0.0,0.0,0.18687,0.0,0.0,0.0,0.248336,0.0,1e-06,0.0,0.073357,0.0,0.0,0.226103,0.187495,0.0,0.269125,0.216004,0.0,0.185395,0.125299,0.0,0.23044,0.0,0.0,0.059016,0.074042,0.20855,0.233483,0.0,0.0,0.0,0.0,0.189314,0.265886,0.188684,0.183329,0.0,0.0,0.0,0.245568,0.0,0.0,0.221077,0.074553,0.0,0.06536,0.0,0.207749,0.035922,0.194754,0.0,0.0,0.0,0.159659,0.0,0.314189,0.048525,0.0,0.236823,0.0,0.0,0.0,0.0,0.180701,0.0,0.186601,0.209716,0.390534,0.0,0.0,0.22385,0.170994,0.06477,0.043497,0.060858,0.0,0.331157,0.0,0.0,0.272007,0.196345,0.0,0.0,0.0,0.28553,0.190203,0.0,0.0,0.066079,0.0,0.0,0.191519,0.198469,0.110946,0.0,0.0,1e-06,0.0,0.246983,0.227101,0.0,0.102235,0.075839,0.067741,0.0,0.0,0.0,0.0,0.154503,0.0,0.245544,0.0,0.488396,0.0,0.0,0.0,0.154594,0.256643,0.254867,0.231977,0.088583,0.0,0.157731,0.0,0.273129,0.0,0.203831,0.191519,0.23947,0.124066,0.0,0.050946,0.0,0.0,0.0,0.27145,0.0,0.0,0.0,0.067505,0.0,0.077787,0.0,0.277488,0.0,0.230713,0.0,0.139323,0.0,0.0,0.226518,0.0,1e-06,1.251977,0.0,0.016512,0.191679,0.083958,0.202816,0.318984,0.068569,0.083692,0.331868,0.223046,0.062096,0.0,0.0,0.139944,0.0,0.0,0.344002,0.232833,0.039544,0.0,0.038022,0.0,0.0,0.465344,0.0,0.479327,0.0,0.273582,0.0,0.218204,0.0,0.781498,0.0,0.0,0.0,0.0,0.180487,0.228794,0.105488,0.0,0.23078,0.187639,0.0,0.0,0.0,1.9e-05,0.484226,0.0,0.0,0.0,0.131865,0.0,0.24324,0.059296,0.692628,0.235268,0.049263,0.863302,0.209026,0.0,0.0,0.0,0.0,0.081537,0.037114,0.0,0.247949,0.0,0.190826,0.201022,0.250623,0.069573,0.204439,0.577679,0.1817,0.0,1e-06,0.000328,0.283224,0.218161,0.0,0.000449,0.0,0.133858,0.0,0.0,0.0,0.229242,0.0,0.0,0.162163,0.069721,0.25275,0.099346,0.0,0.241256,0.0,0.0,0.217925,0.065161,0.0,0.0
TCGA-21-5782,0.288819,0.0,0.0,0.0,0.0,0.167349,0.0,7e-06,0.124295,0.239157,0.195446,0.0,2.5e-05,0.0,0.0,0.214242,0.0,0.256774,0.0,0.0,1e-06,0.0,0.0,0.0,0.0,0.0,0.176228,0.0,0.126803,0.145766,0.0,0.0,0.19299,1.066858,0.0,0.11642,0.093652,1e-06,0.0,0.0,0.0,0.130259,0.0,0.208621,0.0,0.229769,0.082012,0.0,0.0,0.12124,0.0,0.325185,0.0,1.006267,0.0,0.483023,0.172526,0.0,0.0,0.152979,0.0,0.0,1e-06,0.079895,0.033409,0.210721,0.0,0.0,0.673656,0.0,0.0,0.0,0.164507,0.15936,0.0,0.0,0.0,0.0,0.0,0.009714,0.0,0.911519,0.146395,0.030365,0.0,0.091888,0.118312,0.0,0.145457,0.186415,0.146148,1.4e-05,0.000923,0.0,0.623239,0.0,0.0,0.0,1.7e-05,0.184713,0.0,0.0,0.255821,0.235042,0.241,0.0,0.0,0.333194,0.147554,0.103181,0.10494,2e-06,0.106904,0.0,0.213385,0.0,0.0,0.474607,0.245506,0.133649,0.442747,0.0,0.187316,0.0,0.0,0.002883,0.102193,0.407326,0.302449,0.0,0.231511,0.195343,0.137102,0.116557,0.127233,0.0,0.0,0.0,0.122128,0.0,0.20061,0.102977,0.093752,0.265685,0.0,0.0,0.0,0.184992,0.0,0.0,0.147662,0.12244,0.376696,0.0,0.0,0.144204,0.0,0.102659,0.16001,0.0,0.45429,0.0,0.0,0.178254,0.0,0.14141,0.145854,0.125587,0.0,0.379833,0.0,0.13765,0.137686,0.0,0.0,0.0,0.0,0.111764,0.12577,1.090095,0.123852,0.0,1e-05,0.179647,0.0,0.182791,0.149826,0.161426,0.0,0.0,0.0,0.179399,0.128027,0.0,0.0,0.135235,0.102451,0.352006,0.139705,0.0,0.182803,0.0,1.767904,0.089674,0.099949,0.0,0.215866,1.480933,0.0,0.0,0.266647,0.0,0.0,0.0,0.0,0.042187,0.0,1.189473,0.170034,1e-06,0.0,0.223673,0.078036,0.219643,0.131555,0.0,0.0,0.0,0.0,0.0,0.0,0.24055,0.251145,0.119207,0.0,0.046058,0.21588,0.141406,0.142091,0.0,0.055456,0.0,0.095652,0.0,0.255357,0.319058,0.155596,0.0,0.164598,0.114974,0.540206,0.0,0.158283,0.01659,0.0,0.0,0.0,0.159836,0.0,0.0,0.0,0.202726,0.0,0.0,0.0,0.089006,0.0,3.2e-05,0.184412,0.129,2e-06,0.239193,0.147779,0.0,0.253894,0.123674,0.0,0.198938,0.0,0.0,0.120435,0.139069,0.149524,0.21811,0.0,0.0,0.0,0.0,0.138633,0.190556,0.143617,0.137198,0.0,0.0,0.0,0.224755,0.0,0.0,0.156909,0.138614,0.0,0.128187,0.0,0.164254,0.101165,0.200329,0.0,0.0,0.0,0.115218,0.0,0.32276,0.106781,0.0,0.311363,6e-06,0.0,5e-06,0.0,0.149604,0.0,0.151348,0.173633,0.401453,0.0,0.0,0.184846,0.099261,0.115866,0.099153,0.088133,0.0,0.411626,0.0,0.0,0.217839,0.143853,0.0,0.0,0.0,0.326622,0.137715,0.0,0.0,0.131345,0.0,0.0,0.153937,0.191695,0.183417,0.0,0.0,0.0,0.0,0.201799,0.193587,0.0,0.168547,0.161095,0.12517,0.0,0.0,0.0,0.0,0.202176,0.0,0.221916,0.0,0.492307,0.0,0.0,0.0,0.092491,0.200155,0.200342,0.245121,0.146321,0.0,0.094418,0.0,0.2076,0.0,0.243407,0.12941,0.187268,0.119288,0.0,0.110167,0.0,0.0,0.0,0.213522,0.0,0.0,0.0,0.109945,0.0,0.131953,0.0,0.216149,0.0,0.180098,0.0,0.177337,0.0,0.0,0.185285,0.0,4e-05,1.38684,0.0,0.090336,0.128121,0.139078,0.152843,0.404588,0.133429,0.141195,0.277519,0.149503,0.123239,0.0,2e-06,0.146585,0.0,0.0,0.338512,0.172876,0.070514,0.0,0.062878,0.0,1e-06,0.515992,0.0,0.54086,0.0,0.239731,0.0,0.189614,0.0,0.868904,0.0,0.0,0.0,0.0,0.293666,0.180894,0.164128,0.0,0.180498,0.150835,0.0,0.0,0.0,1e-06,0.470488,0.0,0.0,0.0,0.092751,0.0,0.350101,0.102967,0.808869,0.180572,0.115527,0.959434,0.178328,0.0,0.0,0.0,0.0,0.13697,0.071668,0.0,0.207499,0.0,0.233703,0.145021,0.202336,0.128619,0.158975,0.621911,0.169208,0.0,0.0,0.002406,0.249925,0.180665,0.0,2.8e-05,0.0,0.172293,0.0,0.0,0.0,0.179464,3e-06,0.0,0.192952,0.111582,0.227829,0.16518,0.0,0.220387,0.0,0.0,0.180281,0.118676,0.0,0.0
TCGA-21-5784,0.211415,0.0,0.0,0.0,0.0,0.149051,0.0,0.0,0.162952,0.175804,0.147947,0.0,2e-06,0.0,0.0,0.151581,0.0,0.288448,0.0,0.0,0.0,0.0,0.0,0.0,0.0,0.0,0.133792,0.0,0.173673,0.121862,0.0,0.0,0.158524,1.228015,0.0,0.14118,0.123951,0.0,0.0,0.0,0.0,0.168567,0.0,0.163026,0.0,0.325676,0.068339,0.0,0.0,0.16208,0.0,0.327611,0.0,1.084508,0.0,0.595846,0.140677,0.0,0.0,0.133263,0.0,0.0,0.0,0.071741,0.043102,0.261854,0.0,0.0,0.770088,0.0,0.0,0.0,0.21779,0.123446,0.0,0.0,0.0,0.0,0.0,0.020682,0.0,1.033947,0.111374,0.003515,0.0,0.086727,0.155376,0.0,0.129404,0.173035,0.113726,9e-06,0.00045,0.0,0.725943,0.0,0.0,0.0,1e-06,0.148823,0.0,0.0,0.172973,0.167836,0.184825,0.0,0.0,0.40474,0.118314,0.125654,0.0918,0.0,0.142799,0.0,0.274495,0.0,0.0,0.589823,0.193292,0.192384,0.520653,0.0,0.265819,0.0,0.0,0.00148,0.138949,0.452453,0.201484,0.0,0.161399,0.1513,0.18739,0.153528,0.177077,0.0,0.0,0.0,0.128672,0.0,0.257514,0.117108,0.122428,0.331804,0.0,0.0,0.0,0.260851,0.0,0.0,0.116749,0.161526,0.478695,0.0,0.0,0.112557,0.0,0.082662,0.123207,0.0,0.561114,0.0,0.0,0.124618,0.0,0.170311,0.183457,0.158104,0.0,0.474482,0.0,0.171719,0.110599,0.0,0.0,0.0,0.0,0.086312,0.094109,1.227142,0.120554,0.0,1e-06,0.142165,0.0,0.135755,0.205919,0.140669,0.0,0.0,0.0,0.129062,0.176458,0.0,0.0,0.182415,0.099794,0.37515,0.174029,0.0,0.143709,0.0,1.970453,0.097731,0.075906,0.0,0.252363,1.654283,0.0,0.0,0.198597,0.0,0.0,0.0,0.0,0.056816,0.0,1.339704,0.226168,0.0,0.0,0.172359,0.105318,0.155734,0.117397,0.0,0.0,0.0,0.0,0.0,0.0,0.200554,0.1735,0.092551,0.0,0.051815,0.161786,0.100725,0.105124,0.0,0.064658,0.0,0.109797,0.0,0.167922,0.365379,0.22278,0.0,0.136933,0.109398,0.645851,0.0,0.142527,0.032424,0.0,0.0,0.0,0.138812,0.0,0.0,0.0,0.186784,0.0,0.0,0.0,0.116906,0.0,4e-06,0.138575,0.124159,0.0,0.186645,0.116288,0.0,0.297091,0.137768,0.0,0.146314,0.0,0.0,0.151197,0.18116,0.139747,0.177612,0.0,0.0,0.0,0.0,0.109931,0.178464,0.116727,0.139007,0.0,0.0,0.0,0.156938,0.0,0.0,0.141853,0.174483,0.0,0.164676,0.0,0.198168,0.092225,0.236012,0.0,0.0,0.0,0.113077,0.0,0.365034,0.143914,0.0,0.380455,0.0,0.0,0.0,0.0,0.135656,0.0,0.127073,0.141468,0.50045,0.0,0.0,0.125818,0.100534,0.156699,0.131765,0.093411,0.0,0.471354,0.0,0.0,0.166044,0.120333,0.0,0.0,0.0,0.445508,0.141767,0.0,0.0,0.1664,0.0,0.0,0.112632,0.135966,0.237701,0.0,0.0,0.0,0.0,0.167648,0.152087,0.0,0.226612,0.18593,0.151019,0.0,0.0,0.0,0.0,0.294396,0.0,0.156535,0.0,0.577108,0.0,0.0,0.0,0.084094,0.164651,0.158402,0.311113,0.202176,0.0,0.113372,0.0,0.166804,0.0,0.260609,0.120487,0.150108,0.083605,0.0,0.135957,0.0,0.0,0.0,0.159856,0.0,0.0,0.0,0.141725,0.0,0.16923,0.0,0.220996,0.0,0.145897,0.0,0.251535,0.0,0.0,0.143123,0.0,3.8e-05,1.529418,0.0,0.081458,0.120899,0.187812,0.129608,0.481746,0.162377,0.189895,0.317666,0.134667,0.150828,0.0,0.0,0.171269,0.0,0.0,0.232536,0.155522,0.08386,0.0,0.069166,0.0,0.0,0.659459,0.0,0.646364,0.0,0.25302,0.0,0.140645,0.0,0.987042,0.0,0.0,0.0,0.0,0.401972,0.131424,0.19268,0.0,0.130892,0.126158,0.0,0.0,0.0,0.0,0.551283,0.0,0.0,0.0,0.099958,0.0,0.409133,0.142072,0.913904,0.157994,0.08957,1.099632,0.13764,0.0,0.0,0.0,0.0,0.179961,0.088382,0.0,0.239538,0.0,0.281802,0.116292,0.157277,0.166747,0.121616,0.711227,0.102519,0.0,9e-06,0.000956,0.188693,0.140222,0.0,2.5e-05,0.0,0.239116,0.0,0.0,0.0,0.1491,0.0,0.0,0.150188,0.149274,0.224734,0.227369,0.0,0.188985,0.0,0.0,0.145974,0.152846,0.0,0.0
TCGA-21-A5DI,0.139493,0.0,0.0,0.0,0.0,0.114105,0.0,6e-06,0.197788,0.124929,0.107138,1e-06,0.0,0.0,0.0,0.086662,0.0,0.272716,0.0,0.0,0.0,0.0,0.0,0.0,0.0,0.0,0.111125,0.0,0.182328,0.088499,0.0,0.0,0.123694,1.264059,0.0,0.163421,0.151185,0.0,0.0,0.0,0.0,0.196469,0.0,0.118197,0.0,0.379077,0.048624,0.0,0.0,0.195194,0.0,0.329039,0.0,1.077141,0.0,0.629452,0.104583,0.0,0.0,0.109567,0.0,0.0,0.0,0.057613,0.044499,0.279474,0.0,0.0,0.789925,0.0,0.0,0.0,0.270297,0.089798,0.0,0.0,0.0,0.0,0.0,0.006218,0.0,1.038214,0.082432,2.8e-05,0.0,0.073248,0.181996,0.0,0.104046,0.134535,0.093474,1e-06,0.00116,0.0,0.764623,0.0,0.0,0.0,0.0,0.115995,2e-06,0.0,0.125039,0.110378,0.117058,0.0,0.0,0.406608,0.078451,0.129578,0.071012,0.0,0.165279,0.0,0.30223,0.0,0.0,0.634143,0.150762,0.225651,0.547477,0.0,0.308778,0.0,0.0,0.005098,0.15634,0.451921,0.119901,0.0,0.130965,0.100376,0.207609,0.186771,0.214356,0.0,0.0,0.0,0.100283,0.0,0.296173,0.141436,0.135995,0.356498,0.0,0.0,0.0,0.323113,0.0,0.0,0.087675,0.189093,0.509935,1e-06,0.0,0.070764,0.0,0.046089,0.080891,0.0,0.590359,0.0,0.0,0.085285,0.0,0.208107,0.223663,0.172661,0.0,0.511486,0.0,0.197831,0.072554,0.0,0.0,0.0,0.0,0.045045,0.074946,1.252736,0.096031,0.0,1e-06,0.085343,0.0,0.08994,0.247881,0.094386,0.0,0.0,0.0,0.075738,0.196941,0.0,0.0,0.210269,0.075791,0.374372,0.186647,0.0,0.101804,0.0,1.991232,0.081502,0.03961,0.0,0.262603,1.678948,0.0,0.0,0.127424,0.0,0.0,0.0,0.0,0.07757,0.0,1.366041,0.275669,0.0,0.0,0.111852,0.12182,0.092022,0.073199,0.0,0.0,0.0,0.0,0.0,0.0,0.151821,0.097904,0.060482,0.0,0.050362,0.118091,0.074642,0.075674,0.0,0.085906,0.0,0.147717,0.0,0.112641,0.390359,0.273125,0.0,0.095138,0.084807,0.685395,0.0,0.095662,0.037932,0.0,0.0,0.0,0.107077,0.0,0.0,0.0,0.14945,0.0,0.0,0.0,0.148537,0.0,0.0,0.095356,0.087689,0.0,0.132466,0.072413,0.0,0.312964,0.132089,0.0,0.097463,0.0,0.0,0.180843,0.22169,0.110486,0.111262,0.0,0.0,0.0,0.0,0.069696,0.14298,0.086488,0.127249,0.0,0.0,0.0,0.113783,0.0,0.0,0.116046,0.204864,0.0,0.191323,1e-06,0.188073,0.110091,0.237492,0.0,0.0,0.0,0.083876,0.0,0.39342,0.16591,0.0,0.401993,0.0,1e-06,0.0,0.0,0.102237,0.0,0.094838,0.106432,0.531634,0.0,0.0,0.091044,0.081933,0.192261,0.156002,0.121077,0.0,0.492114,0.0,0.0,0.118206,0.089859,0.0,0.0,0.0,0.516646,0.105071,0.0,0.0,0.208454,0.0,0.0,0.081294,0.100694,0.283216,0.0,0.0,0.0,0.0,0.127837,0.120736,0.0,0.262806,0.211681,0.182392,0.0,0.0,0.0,0.0,0.351642,0.0,0.116384,0.0,0.601954,0.0,0.0,0.0,0.047282,0.128125,0.117227,0.338226,0.239753,0.0,0.115278,0.0,0.125355,0.0,0.280666,0.099659,0.107755,0.066384,0.0,0.169138,0.0,0.0,0.0,0.115253,0.0,0.0,0.0,0.179524,0.0,0.213405,0.0,0.194821,0.0,0.111212,0.0,0.298814,1e-06,0.0,0.094709,0.0,4e-06,1.550728,0.0,0.078291,0.082006,0.212928,0.092098,0.494657,0.201433,0.237704,0.299632,0.106017,0.180463,0.0,0.0,0.182263,0.0,0.0,0.143803,0.135935,0.111036,3.6e-05,0.101946,0.0,1e-06,0.706351,0.0,0.695861,0.0,0.242087,0.0,0.098653,0.0,1.029033,0.0,0.0,0.0,0.0,0.46235,0.079335,0.20851,0.0,0.077898,0.105534,0.0,0.0,0.0,0.0,0.573195,0.0,0.0,0.0,0.082126,0.0,0.43097,0.170741,0.904182,0.117797,0.071473,1.143616,0.102878,0.0,0.0,0.0,0.0,0.216844,0.112719,0.0,0.242049,0.0,0.303978,0.094475,0.102153,0.190309,0.094889,0.718115,0.049973,0.0,2e-06,0.00266,0.125492,0.090383,0.0,1.9e-05,0.0,0.279459,0.0,0.0,0.0,0.108003,0.0,0.0,0.123326,0.179277,0.195719,0.275179,0.0,0.160109,0.0,0.0,0.096395,0.182479,0.0,0.0
TCGA-22-0940,0.301463,0.0,0.0,0.0,0.0,0.199859,0.0,8e-06,0.101756,0.261047,0.203212,1e-06,2e-06,0.0,0.0,0.223217,0.0,0.279647,0.0,0.0,2e-06,0.0,0.0,0.0,0.0,0.0,0.201104,0.0,0.144177,0.187317,0.0,0.0,0.225108,1.012667,0.0,0.079789,0.069899,0.0,0.0,0.0,0.0,0.092016,0.0,0.220311,0.0,0.246994,0.069336,0.0,0.0,0.092051,0.0,0.321129,0.0,0.95767,0.0,0.459129,0.189655,0.0,0.0,0.18007,4e-06,0.0,0.0,0.129683,0.082244,0.163902,9e-06,0.0,0.673715,0.0,0.0,0.0,0.145646,0.176781,0.0,0.0,0.0,0.0,0.0,0.009861,0.0,0.867354,0.163327,0.009668,0.0,0.127426,0.082484,0.0,0.174944,0.202321,0.159328,4.4e-05,0.000252,0.0,0.59219,0.0,0.0,0.0,1e-06,0.188372,2.2e-05,0.0,0.263768,0.248914,0.247896,0.0,0.0,0.359019,0.200124,0.06298,0.126616,0.0,0.07799,0.0,0.177331,0.0,0.0,0.476208,0.246527,0.119878,0.395051,0.0,0.181938,0.0,0.0,0.001016,0.076246,0.400779,0.300077,1e-06,0.230952,0.222544,0.103014,0.08004,0.105065,0.0,0.0,0.0,0.14627,0.0,0.173745,0.144425,0.066439,0.235235,0.0,0.0,0.0,0.177427,0.0,0.0,0.152995,0.097372,0.372059,0.0,0.0,0.152974,0.0,0.117862,0.175744,0.0,0.436128,0.0,0.0,0.199339,0.0,0.111945,0.113338,0.080716,0.0,0.369249,0.0,0.101217,0.155396,0.0,0.0,0.0,0.0,0.10132,0.158097,1.044379,0.159965,0.0,2e-06,0.186782,0.0,0.179282,0.135025,0.193336,0.0,0.0,0.0,0.212515,0.093184,0.0,0.0,0.101559,0.148736,0.360382,0.12239,0.0,0.185975,0.0,1.705248,0.133811,0.12026,0.0,0.193668,1.425093,0.0,0.0,0.292071,0.0,0.0,0.0,0.0,0.04993,0.0,1.13581,0.140218,0.0,0.0,0.230503,0.060256,0.213618,0.151757,0.0,0.0,0.0,0.0,0.0,0.0,0.237838,0.228353,0.133229,0.0,0.084397,0.235828,0.155533,0.172934,0.0,0.032855,0.0,0.069037,0.0,0.259964,0.289009,0.170901,0.0,0.179228,0.153587,0.518009,0.0,0.173396,0.016946,0.0,0.0,0.0,0.168289,0.0,0.0,0.0,0.232962,0.0,0.0,0.0,0.077782,0.0,8e-06,0.214344,0.155913,1e-06,0.244172,0.176618,0.0,0.2183,0.121058,0.0,0.217602,0.0,0.0,0.088154,0.109829,0.181241,0.208029,0.0,0.0,0.0,0.0,0.150262,0.225317,0.159369,0.17765,0.0,0.0,0.0,0.228126,0.0,0.0,0.179438,0.099833,0.0,0.086926,2e-06,0.185202,0.054278,0.202801,0.0,0.0,0.0,0.133856,0.0,0.316506,0.084955,0.0,0.279013,0.0,2e-06,0.0,0.0,0.159381,0.0,0.172737,0.190646,0.390141,0.0,0.0,0.187468,0.125292,0.096921,0.082967,0.067485,0.0,0.368537,0.0,0.0,0.247034,0.168881,0.0,0.0,0.0,0.328293,0.150519,0.0,0.0,0.100573,0.0,0.0,0.166982,0.192925,0.150669,0.0,0.0,1e-06,0.0,0.230509,0.21655,0.0,0.13955,0.110084,0.083419,0.0,0.0,0.0,0.0,0.193882,0.0,0.225675,0.0,0.49962,0.0,0.0,0.0,0.114276,0.220202,0.23126,0.251292,0.115121,0.0,0.137323,0.0,0.238656,0.0,0.223074,0.156579,0.211877,0.104529,0.0,0.076476,0.0,0.0,0.0,0.244918,0.0,0.0,0.0,0.08779,3e-06,0.100471,0.0,0.247727,0.0,0.20083,0.0,0.16138,0.0,0.0,0.203446,0.0,7e-06,1.324861,0.0,0.030524,0.15785,0.103321,0.187198,0.354243,0.093842,0.125264,0.312362,0.181593,0.093116,0.0,1.4e-05,0.153879,0.0,0.0,0.328926,0.204126,0.051918,2e-06,0.04098,0.0,0.0,0.510022,0.0,0.517157,0.0,0.253296,0.0,0.191781,0.0,0.829096,0.0,0.0,0.0,0.0,0.234135,0.199638,0.126914,0.0,0.198199,0.149253,0.0,0.0,0.0,1e-06,0.481292,0.0,0.0,3e-06,0.099923,0.0,0.292336,0.089657,0.747587,0.196767,0.067455,0.915595,0.190913,0.0,0.0,0.0,0.0,0.106628,0.053141,0.0,0.234416,0.0,0.216854,0.163095,0.232645,0.090055,0.184692,0.60349,0.168457,0.0,1e-05,0.0009,0.274677,0.202291,0.0,0.000122,0.0,0.150486,0.0,0.0,0.0,0.191694,0.0,0.0,0.154922,0.091131,0.24637,0.141215,0.0,0.220676,0.0,0.0,0.207352,0.085226,0.0,0.0
TCGA-22-1012,0.359129,0.0,0.0,0.0,0.0,0.22063,0.0,0.0,0.07536,0.303721,0.23652,0.0,1e-06,0.0,0.0,0.270092,0.0,0.273314,0.0,0.0,0.0,0.0,0.0,0.0,0.0,0.0,0.223754,0.0,0.129795,0.215006,0.0,0.0,0.251349,0.940949,0.0,0.058407,0.053215,0.0,0.0,0.0,0.0,0.071784,0.0,0.254024,0.0,0.203685,0.080737,0.0,0.0,0.069143,0.0,0.32094,0.0,0.929989,0.0,0.404244,0.216285,0.0,0.0,0.201588,0.0,0.0,0.0,0.135036,0.077823,0.142442,0.0,0.0,0.627076,0.0,0.0,0.0,0.110646,0.210442,0.0,0.0,0.0,0.0,0.0,0.010378,0.0,0.823909,0.185734,0.024578,0.0,0.135634,0.066152,0.0,0.199483,0.225629,0.175997,7.2e-05,0.000231,0.0,0.538786,0.0,0.0,0.0,1e-06,0.211524,1e-05,0.0,0.315284,0.297063,0.299045,0.0,0.0,0.333557,0.219248,0.048717,0.136007,0.0,0.058395,0.0,0.140596,8e-06,0.0,0.417311,0.290373,0.095465,0.354749,0.0,0.152183,0.0,0.0,0.000722,0.060696,0.378308,0.371187,1e-06,0.270807,0.259673,0.086807,0.063641,0.082976,0.0,0.0,0.0,0.156239,0.0,0.138465,0.139126,0.052007,0.204533,0.0,0.0,0.0,0.144511,0.0,0.0,0.177665,0.074212,0.315032,0.0,0.0,0.178584,0.0,0.137903,0.205747,0.0,0.379642,0.0,0.0,0.230223,0.0,0.084835,0.086547,0.067328,0.0,0.322522,0.0,0.085824,0.176993,0.0,0.0,0.0,0.0,0.121113,0.177397,0.983349,0.175148,2e-06,1e-06,0.215466,0.0,0.213916,0.109422,0.216598,0.0,0.0,0.0,0.248561,0.072998,0.0,1e-06,0.076821,0.156172,0.346623,0.095247,0.0,0.221202,0.0,1.624558,0.132768,0.139956,0.0,0.176343,1.357361,0.0,0.0,0.343203,0.0,0.0,0.0,0.0,0.045462,0.0,1.072306,0.110624,0.0,0.0,0.277249,0.047499,0.263039,0.173261,0.0,0.0,0.0,0.0,0.0,0.0,0.274761,0.287321,0.15461,0.0,0.08818,0.277362,0.182061,0.201885,0.0,0.02251,0.0,0.05092,0.0,0.313818,0.264102,0.140969,0.0,0.203276,0.166771,0.465474,0.0,0.196223,0.0146,0.0,0.0,0.0,0.190663,0.0,0.0,0.0,0.250892,0.0,0.0,0.0,0.062131,0.0,1.2e-05,0.248463,0.168576,0.0,0.290488,0.207924,0.0,0.191502,0.11185,0.0,0.253846,0.0,0.0,0.070849,0.083892,0.204324,0.254423,0.0,0.0,0.0,0.0,0.175713,0.245717,0.183325,0.190478,0.0,0.0,0.0,0.273383,0.0,0.0,0.199682,0.075475,0.0,0.068665,1e-06,0.178245,0.039432,0.180768,0.0,0.0,0.0,0.14497,0.0,0.294232,0.063559,0.0,0.241015,0.0,1e-06,0.0,0.0,0.174417,0.0,0.200202,0.217063,0.339945,0.0,0.0,0.223081,0.132641,0.075953,0.064287,0.055285,0.0,0.330522,0.0,0.0,0.282517,0.19353,0.0,0.0,0.0,0.263429,0.169671,0.0,0.0,0.078476,0.0,0.0,0.188659,0.22504,0.115528,0.0,0.0,0.0,0.0,0.256385,0.244568,0.0,0.107498,0.088906,0.067908,0.0,0.0,0.0,0.0,0.149625,0.0,0.26765,0.0,0.459797,0.0,0.0,0.0,0.136506,0.24623,0.264315,0.212025,0.09042,0.0,0.132288,0.0,0.274656,0.0,0.205947,0.166795,0.244866,0.116128,0.0,0.059796,0.0,0.0,0.0,0.286137,0.0,0.0,0.0,0.063916,0.0,0.082386,0.0,0.265449,0.0,0.229958,0.0,0.124237,0.0,0.0,0.234989,0.0,7e-06,1.265331,0.0,0.031177,0.176879,0.082524,0.212273,0.320781,0.070245,0.096086,0.304046,0.206559,0.073177,0.0,0.0,0.140903,0.0,0.0,0.404124,0.223148,0.036281,0.0,0.034146,0.0,0.0,0.443847,0.0,0.45641,0.0,0.256147,0.0,0.228083,0.0,0.761866,0.0,0.0,0.0,0.0,0.183042,0.230384,0.103262,0.0,0.233989,0.170122,0.0,0.0,0.0,0.0,0.4511,0.0,0.0,0.0,0.096917,0.0,0.25923,0.069813,0.711464,0.232478,0.074822,0.846639,0.221755,0.0,0.0,0.0,0.0,0.082771,0.034719,0.0,0.222156,0.0,0.194136,0.182311,0.269621,0.073492,0.206465,0.56553,0.20401,0.0,2.1e-05,0.000647,0.322975,0.236657,0.0,9e-06,0.0,0.114066,0.0,0.0,0.0,0.221713,0.0,0.0,0.175713,0.070579,0.257944,0.1147,0.0,0.254049,0.0,0.0,0.239465,0.06457,0.0,0.0
TCGA-22-1016,0.195643,0.0,0.0,0.0,0.0,0.154682,0.0,3e-06,0.154455,0.182221,0.147526,2e-06,2e-06,0.0,0.0,0.139369,0.0,0.267059,0.0,0.0,0.0,0.0,0.0,0.0,0.0,0.0,0.144212,0.0,0.161501,0.127758,0.0,0.0,0.172483,1.11891,0.0,0.126485,0.113076,0.0,0.0,0.0,0.0,0.148308,0.0,0.155394,0.0,0.323254,0.045325,0.0,0.0,0.14262,0.0,0.317633,0.0,0.999657,0.0,0.550802,0.138199,0.0,0.0,0.138881,1e-06,0.0,0.0,0.089626,0.064147,0.21445,0.0,0.0,0.724634,0.0,0.0,0.0,0.219963,0.113448,0.0,0.0,0.0,0.0,0.0,0.004443,0.0,0.934799,0.113243,0.000414,0.0,0.099788,0.132255,0.0,0.127679,0.156703,0.119001,1.2e-05,0.000544,0.0,0.677009,0.0,0.0,0.0,1e-06,0.13329,1.8e-05,0.0,0.181838,0.164863,0.157557,0.0,0.0,0.382869,0.140577,0.092986,0.093637,0.0,0.122809,0.0,0.236982,0.0,0.0,0.564691,0.178832,0.176263,0.466981,0.0,0.254094,0.0,0.0,0.001946,0.11637,0.419804,0.179941,1e-06,0.164211,0.154123,0.153387,0.129016,0.15627,0.0,0.0,0.0,0.11706,0.0,0.236044,0.142599,0.097421,0.293367,0.0,0.0,0.0,0.264067,0.0,0.0,0.109342,0.149331,0.456293,0.0,0.0,0.105148,0.0,0.075085,0.11667,0.0,0.51734,0.0,0.0,0.133026,0.0,0.160088,0.169735,0.115253,0.0,0.431544,0.0,0.140285,0.101515,0.0,0.0,0.0,0.0,0.066062,0.11121,1.131087,0.122615,0.0,5e-06,0.128165,0.0,0.126289,0.189755,0.142423,0.0,0.0,0.0,0.129415,0.140475,0.0,0.0,0.154458,0.115786,0.361352,0.149434,0.0,0.124602,0.0,1.820665,0.106654,0.071177,0.0,0.224801,1.527884,0.0,0.0,0.189852,0.0,0.0,0.0,0.0,0.058036,0.0,1.227019,0.212362,0.0,0.0,0.149098,0.092664,0.129696,0.103528,0.0,0.0,0.0,0.0,0.0,0.0,0.177481,0.130814,0.085892,0.0,0.066416,0.161493,0.094892,0.109923,0.0,0.059379,0.0,0.11251,0.0,0.164713,0.330672,0.230673,0.0,0.126944,0.113955,0.602253,0.0,0.124943,0.01991,0.0,0.0,0.0,0.130111,0.0,0.0,0.0,0.184278,0.0,0.0,0.0,0.120244,0.0,1.7e-05,0.141415,0.114669,1e-06,0.163986,0.110448,0.0,0.263942,0.119595,0.0,0.149298,0.0,0.0,0.137673,0.166412,0.135575,0.139013,0.0,3e-06,0.0,0.0,0.095269,0.177091,0.112792,0.15874,0.0,0.0,0.0,0.159499,0.0,0.0,0.139191,0.151538,0.0,0.136173,7e-06,0.183035,0.077353,0.221051,0.0,0.0,0.0,0.104898,0.0,0.346779,0.127695,0.0,0.335614,0.0,1e-06,0.0,0.0,0.121561,5e-05,0.126659,0.134181,0.456584,0.0,0.0,0.119878,0.0981,0.148918,0.122257,0.094189,0.0,0.428899,0.0,0.0,0.171489,0.117295,0.0,0.0,0.0,0.436892,0.115803,0.0,0.0,0.159467,0.0,0.0,0.116058,0.129997,0.222926,0.0,0.0,0.0,0.0,0.170996,0.164535,0.0,0.204553,0.162479,0.126588,0.0,0.0,0.0,0.0,0.28347,0.0,0.157286,0.0,0.542011,0.0,0.0,0.0,0.060756,0.159473,0.162355,0.299856,0.175603,0.0,0.126172,0.0,0.166764,0.0,0.252873,0.124612,0.147204,0.07269,0.0,0.122208,0.0,0.0,0.0,0.167057,0.0,0.0,0.0,0.137251,5e-06,0.161303,0.0,0.206335,0.0,0.146089,0.0,0.23314,0.0,0.0,0.136768,0.0,3e-06,1.422172,0.0,0.040878,0.11095,0.155796,0.129172,0.421077,0.147679,0.19508,0.306365,0.132573,0.146731,0.0,5e-06,0.168795,0.0,0.0,0.209594,0.161186,0.086298,0.0,0.075654,0.0,0.0,0.613426,0.0,0.605984,0.0,0.239467,0.0,0.129496,0.0,0.917516,0.0,0.0,0.0,0.0,0.345959,0.126793,0.164079,0.0,0.121901,0.11213,0.0,0.0,0.0,1e-06,0.521416,0.0,0.0,0.0,0.08101,0.0,0.353377,0.139853,0.809983,0.142297,0.058514,1.016148,0.136581,0.0,0.0,0.0,0.0,0.164463,0.079958,0.0,0.238542,0.0,0.263243,0.118073,0.159723,0.142934,0.13475,0.651992,0.095647,0.0,6.3e-05,0.001555,0.182175,0.134909,0.0,0.001122,0.0,0.219867,0.0,0.0,0.0,0.134704,0.0,0.0,0.119077,0.144218,0.215894,0.214857,0.0,0.179204,0.0,0.0,0.144613,0.132262,0.0,0.0
TCGA-22-4595,0.201992,0.0,0.0,0.0,0.0,0.173759,0.0,4.8e-05,0.135993,0.191042,0.15761,0.0,0.0,0.0,0.0,0.134258,0.0,0.271379,0.0,0.0,0.0,0.0,0.0,0.0,0.0,0.0,0.152535,0.0,0.171736,0.130804,0.0,0.0,0.174706,1.102336,0.0,0.103261,0.096138,0.0,0.0,0.0,0.0,0.126839,0.0,0.159547,0.0,0.331925,0.050243,0.0,0.0,0.137171,0.0,0.322955,0.0,0.980124,0.0,0.525294,0.147904,0.0,0.0,0.155897,3e-06,3e-06,2e-06,0.083703,0.066723,0.205596,7e-06,0.0,0.712935,0.0,0.0,0.0,0.183893,0.120685,0.0,0.0,0.0,0.0,0.0,0.008767,0.0,0.922916,0.118013,0.001909,0.0,0.120082,0.119307,0.0,0.142807,0.16438,0.128659,2e-06,8.8e-05,0.0,0.656117,0.0,0.0,0.0,0.0,0.148634,4e-06,0.0,0.180338,0.17142,0.172163,0.0,0.0,0.382279,0.14293,0.076222,0.082522,0.0,0.102168,0.0,0.216586,0.0,0.0,0.554223,0.19388,0.162898,0.449284,0.0,0.271582,0.0,0.0,0.000631,0.107969,0.415099,0.181775,0.0,0.171078,0.167764,0.14542,0.113891,0.142712,0.0,0.0,0.0,0.113088,0.0,0.214886,0.164228,0.084302,0.279474,0.0,0.0,0.0,0.256043,0.0,0.0,0.119738,0.137257,0.442535,0.0,0.0,0.107927,0.0,0.076471,0.123917,0.0,0.484493,0.0,0.0,0.129469,0.0,0.142014,0.160918,0.098208,0.0,0.428707,0.0,0.144327,0.107555,0.0,0.0,0.0,0.0,0.070256,0.103641,1.115287,0.143626,0.0,5e-06,0.128584,0.0,0.136163,0.198547,0.151715,0.0,0.0,0.0,0.131319,0.12203,0.0,0.0,0.13724,0.128166,0.350914,0.118561,0.0,0.144575,0.0,1.796696,0.110213,0.070141,0.0,0.2139,1.515503,0.0,0.0,0.192805,0.0,0.0,0.0,0.0,0.079378,0.0,1.205228,0.20664,0.0,0.0,0.164442,0.080828,0.141165,0.107439,0.0,0.0,0.0,0.0,0.0,0.0,0.195016,0.148027,0.094959,0.0,0.071861,0.176876,0.09683,0.1164,0.0,0.038676,0.0,0.088714,0.0,0.164444,0.301345,0.235895,3e-06,0.138196,0.117801,0.58473,0.0,0.136399,0.031634,0.0,0.0,0.0,0.146134,0.0,0.0,0.0,0.190844,0.0,0.0,0.0,0.119411,0.0,7e-06,0.136484,0.119536,0.0,0.181246,0.111291,0.0,0.237736,0.116313,0.0,0.153195,0.0,0.0,0.122137,0.14569,0.15051,0.155785,0.0,0.0,0.0,0.0,0.108236,0.194261,0.12425,0.18135,0.0,0.0,0.0,0.17322,0.0,0.0,0.155093,0.130345,0.0,0.118364,1e-06,0.187793,0.06002,0.218927,0.0,0.0,0.0,0.115324,0.0,0.361144,0.112006,0.0,0.321101,0.0,2e-06,0.0,0.0,0.133008,0.0,0.138452,0.145394,0.447199,0.0,0.0,0.127934,0.100612,0.122365,0.107503,0.074398,0.0,0.410554,0.0,0.0,0.167887,0.129169,0.0,0.0,0.0,0.419683,0.130569,0.0,0.0,0.131149,0.0,0.0,0.119458,0.138891,0.202489,0.0,0.0,0.0,0.0,0.171273,0.17436,0.0,0.200513,0.144067,0.11406,0.0,0.0,0.0,0.0,0.268725,0.0,0.160952,0.0,0.544945,0.0,0.0,0.0,0.069285,0.174395,0.164753,0.269957,0.174287,0.0,0.142968,0.0,0.17081,0.0,0.233333,0.136698,0.16109,0.062221,0.0,0.1005,0.0,0.0,0.0,0.168418,0.0,0.0,0.0,0.120687,3e-06,0.146254,0.0,0.218484,0.0,0.157588,0.0,0.22622,0.0,0.0,0.149875,0.0,9e-06,1.407726,0.0,0.026478,0.111968,0.148649,0.137653,0.410688,0.13285,0.175277,0.305092,0.148533,0.119813,0.0,1.3e-05,0.156627,0.0,0.0,0.215429,0.172174,0.060574,0.0,0.070624,0.0,0.0,0.602142,0.0,0.586842,0.0,0.249921,0.0,0.135692,0.0,0.883315,0.0,0.0,0.0,0.0,0.320889,0.136234,0.152999,0.0,0.127472,0.119847,0.0,0.0,0.0,0.0,0.52469,0.0,0.0,0.0,0.052638,0.0,0.336767,0.119403,0.799886,0.146649,0.03416,0.997901,0.136002,0.0,0.0,0.0,0.0,0.142573,0.057167,0.0,0.233769,0.0,0.244132,0.127295,0.166567,0.147595,0.134547,0.643122,0.090798,0.0,2.8e-05,0.000673,0.186887,0.136994,0.0,2e-06,0.0,0.208776,0.0,0.0,0.0,0.144473,0.0,0.0,0.108088,0.129336,0.212526,0.205093,0.0,0.197435,0.0,0.0,0.146565,0.115812,0.0,0.0
TCGA-22-4613,0.311251,0.0,0.0,0.0,0.0,0.20145,0.0,0.0,0.082895,0.271872,0.210365,0.0,1e-06,0.0,0.0,0.234918,0.0,0.268951,0.0,0.0,0.0,0.0,0.0,0.0,0.0,0.0,0.208954,0.0,0.140822,0.189647,0.0,0.0,0.228486,0.966171,0.0,0.06893,0.060843,0.0,0.0,0.0,0.0,0.081371,0.0,0.228282,0.0,0.220581,0.072094,0.0,0.0,0.078396,0.0,0.323136,0.0,0.92711,0.0,0.43036,0.189332,0.0,0.0,0.182538,0.0,0.0,0.0,0.126498,0.085474,0.151554,0.0,0.0,0.639422,0.0,0.0,0.0,0.130352,0.179342,0.0,0.0,0.0,0.0,0.0,0.009668,0.0,0.826987,0.166942,0.007568,0.0,0.131422,0.074796,0.0,0.171128,0.201304,0.165252,0.000391,0.000279,0.0,0.560875,0.0,0.0,0.0,0.0,0.192388,2e-06,0.0,0.275814,0.256941,0.259946,0.0,0.0,0.340077,0.206453,0.055449,0.130923,0.0,0.065766,0.0,0.163625,0.0,0.0,0.448943,0.258002,0.10075,0.372043,0.0,0.159521,0.0,0.0,0.001035,0.064407,0.37971,0.31203,0.0,0.238322,0.231864,0.088088,0.069889,0.089567,0.0,0.0,0.0,0.143084,0.0,0.15449,0.136041,0.055128,0.218705,0.0,0.0,0.0,0.158641,0.0,0.0,0.157799,0.084093,0.348622,0.0,0.0,0.158056,0.0,0.125345,0.184587,0.0,0.406447,0.0,0.0,0.206243,0.0,0.098649,0.09441,0.069951,0.0,0.344236,0.0,0.084672,0.156672,0.0,0.0,0.0,0.0,0.105376,0.164109,0.99359,0.163496,0.0,3e-06,0.198586,0.0,0.18738,0.116042,0.198551,0.0,0.0,0.0,0.222573,0.079856,0.0,0.0,0.085015,0.150608,0.34701,0.107588,0.0,0.186889,0.0,1.643475,0.134828,0.126245,0.0,0.178316,1.369708,0.0,0.0,0.294069,0.0,0.0,0.0,0.0,0.047753,0.0,1.088198,0.122179,0.0,0.0,0.237254,0.052324,0.218869,0.154856,0.0,0.0,0.0,0.0,0.0,0.0,0.242,0.235445,0.140446,0.0,0.086523,0.243884,0.1656,0.178461,0.0,0.027487,0.0,0.063883,0.0,0.267547,0.272258,0.155307,0.0,0.1887,0.155033,0.492969,0.0,0.176777,0.015363,0.0,0.0,0.0,0.175117,0.0,0.0,0.0,0.235559,0.0,0.0,0.0,0.068908,0.0,5e-06,0.216081,0.152602,0.0,0.248677,0.178775,0.0,0.200017,0.115836,0.0,0.227096,0.0,0.0,0.079454,0.094888,0.178594,0.217008,0.0,0.0,0.0,0.0,0.15526,0.228887,0.163744,0.177299,0.0,0.0,0.0,0.243268,0.0,0.0,0.183988,0.087447,0.0,0.075645,1e-06,0.182463,0.047999,0.192632,0.0,0.0,0.0,0.137245,0.0,0.298426,0.069987,0.0,0.259249,0.0,0.0,0.0,0.0,0.158135,0.0,0.177419,0.195359,0.363324,0.0,0.0,0.198202,0.132132,0.084346,0.072895,0.063983,0.0,0.34735,0.0,0.0,0.251632,0.173021,0.0,0.0,0.0,0.295687,0.156249,0.0,0.0,0.092425,0.0,0.0,0.173933,0.196632,0.133799,0.0,0.0,0.0,0.0,0.234282,0.219223,0.0,0.12085,0.100373,0.073555,0.0,0.0,0.0,0.0,0.166958,0.0,0.231221,0.0,0.472824,0.0,0.0,0.0,0.114941,0.223212,0.23868,0.231095,0.096472,0.0,0.134956,0.0,0.244542,0.0,0.210213,0.16389,0.215618,0.110534,0.0,0.06821,0.0,0.0,0.0,0.257149,0.0,0.0,0.0,0.078223,0.0,0.092843,0.0,0.247589,0.0,0.205603,0.0,0.137083,0.0,0.0,0.21186,0.0,2e-06,1.277419,0.0,0.025588,0.160387,0.088079,0.189987,0.333344,0.080192,0.107468,0.306438,0.190681,0.08393,0.0,0.0,0.147095,0.0,0.0,0.345264,0.202764,0.042754,0.0,0.039612,0.0,0.0,0.481371,0.0,0.486528,0.0,0.247844,0.0,0.197413,0.0,0.796417,0.0,0.0,0.0,0.0,0.202947,0.205519,0.118658,0.0,0.206772,0.158224,0.0,0.0,0.0,2e-06,0.461327,0.0,0.0,0.0,0.103046,0.0,0.268094,0.077859,0.708634,0.205736,0.065859,0.872168,0.198606,0.0,0.0,0.0,0.0,0.093333,0.043579,0.0,0.232785,0.0,0.205344,0.16863,0.243923,0.077737,0.199063,0.579519,0.178107,0.0,3e-06,0.000846,0.276809,0.208709,0.0,6e-06,0.0,0.130408,0.0,0.0,0.0,0.202351,0.0,0.0,0.161,0.081741,0.25083,0.123278,0.0,0.224796,0.0,0.0,0.212824,0.075015,0.0,0.0
TCGA-22-5474,0.272511,0.0,0.0,0.0,0.0,0.181506,0.0,0.0,0.106867,0.241901,0.189657,0.0,1e-06,0.0,0.0,0.199588,0.0,0.266436,0.0,0.0,0.0,0.0,0.0,0.0,0.0,0.0,0.185562,0.0,0.148404,0.163999,0.0,0.0,0.21434,1.034643,0.0,0.090285,0.079553,0.0,0.0,0.0,0.0,0.107512,0.0,0.205682,0.0,0.26564,0.064236,0.0,0.0,0.095982,0.0,0.321802,0.0,0.963515,0.0,0.478616,0.173924,0.0,0.0,0.166615,0.0,0.0,0.0,0.111743,0.074767,0.179507,0.0,0.0,0.675348,0.0,0.0,0.0,0.164876,0.152998,0.0,0.0,0.0,0.0,0.0,0.00459,0.0,0.871711,0.145367,0.006483,0.0,0.113815,0.092222,0.0,0.153955,0.18225,0.143899,2.2e-05,0.000469,0.0,0.61187,0.0,0.0,0.0,2e-06,0.173465,4e-06,0.0,0.241575,0.224095,0.218604,0.0,0.0,0.352283,0.175011,0.071848,0.115565,0.0,0.08295,0.0,0.195604,0.0,0.0,0.490972,0.231888,0.133396,0.409791,0.0,0.200759,0.0,0.0,0.001385,0.086209,0.400139,0.26098,0.0,0.214829,0.200812,0.112379,0.092133,0.114412,0.0,0.0,0.0,0.124596,0.0,0.18783,0.135205,0.071164,0.243993,0.0,0.0,0.0,0.202309,0.0,0.0,0.143571,0.104111,0.391925,0.0,0.0,0.140502,0.0,0.103641,0.15825,0.0,0.453517,0.0,0.0,0.181167,0.0,0.124473,0.12145,0.083762,0.0,0.382683,0.0,0.103946,0.134253,0.0,0.0,0.0,0.0,0.088433,0.145119,1.048014,0.145554,0.0,4e-06,0.172583,0.0,0.167182,0.148919,0.173819,0.0,0.0,0.0,0.185972,0.101125,0.0,0.0,0.108599,0.134072,0.359521,0.120369,0.0,0.165341,0.0,1.723312,0.123249,0.101448,0.0,0.198734,1.443818,0.0,0.0,0.257811,0.0,0.0,0.0,0.0,0.057121,0.0,1.148936,0.15168,0.0,0.0,0.205488,0.065469,0.181853,0.134104,0.0,0.0,0.0,0.0,0.0,0.0,0.225013,0.196966,0.115242,0.0,0.072101,0.217546,0.137806,0.152658,0.0,0.03706,0.0,0.079789,0.0,0.23284,0.30154,0.189175,0.0,0.165283,0.137919,0.542046,0.0,0.155174,0.014339,0.0,0.0,0.0,0.1636,0.0,0.0,0.0,0.213784,0.0,0.0,0.0,0.083208,0.0,2.8e-05,0.187322,0.138938,0.0,0.218655,0.152794,0.0,0.227458,0.112776,0.0,0.2057,0.0,0.0,0.101078,0.121313,0.159788,0.187927,0.0,0.0,0.0,0.0,0.125843,0.210278,0.144817,0.170001,0.0,0.0,0.0,0.209398,0.0,0.0,0.16957,0.110329,0.0,0.098059,1e-06,0.179798,0.058465,0.203882,0.0,0.0,0.0,0.128301,0.0,0.325617,0.089718,0.0,0.294454,0.0,0.0,0.0,0.0,0.13988,0.0,0.16159,0.17335,0.399514,0.0,0.0,0.164456,0.117519,0.110093,0.088633,0.081182,0.0,0.38442,0.0,0.0,0.22912,0.150614,0.0,0.0,0.0,0.355551,0.140152,0.0,0.0,0.116592,0.0,0.0,0.150485,0.177497,0.165021,0.0,0.0,0.0,0.0,0.217002,0.201363,0.0,0.151584,0.124486,0.095371,0.0,0.0,0.0,0.0,0.205552,0.0,0.210071,0.0,0.50781,0.0,0.0,0.0,0.094486,0.19658,0.212172,0.264465,0.121885,0.0,0.132071,0.0,0.217553,0.0,0.231863,0.147581,0.189778,0.091967,0.0,0.08893,0.0,0.0,0.0,0.225923,0.0,0.0,0.0,0.094622,1e-06,0.119909,0.0,0.230682,0.0,0.17878,0.0,0.170376,0.0,0.0,0.180532,0.0,1.3e-05,1.344826,0.0,0.03295,0.140771,0.115403,0.171657,0.370926,0.100611,0.135992,0.301413,0.168445,0.111004,0.0,0.0,0.15404,0.0,0.0,0.297974,0.188466,0.057634,0.0,0.051071,0.0,0.0,0.532143,0.0,0.53624,0.0,0.247204,0.0,0.178084,0.0,0.846326,0.0,0.0,0.0,0.0,0.255593,0.169947,0.140647,0.0,0.177097,0.142146,0.0,0.0,0.0,0.0,0.489674,0.0,0.0,0.0,0.08838,0.0,0.30802,0.104723,0.756247,0.182918,0.059593,0.932399,0.177155,0.0,0.0,0.0,0.0,0.122223,0.051475,0.0,0.237412,0.0,0.223115,0.146406,0.209952,0.098592,0.175193,0.62016,0.139825,0.0,1.8e-05,0.001214,0.242353,0.180587,0.0,1.7e-05,0.0,0.154751,0.0,0.0,0.0,0.178753,0.0,0.0,0.14764,0.10079,0.241116,0.161473,0.0,0.213159,0.0,0.0,0.188893,0.094186,0.0,0.0
TCGA-22-5480,0.277208,0.0,0.0,0.0,0.0,0.184149,0.0,7e-06,0.09129,0.25163,0.197271,1e-06,0.0,0.0,0.0,0.198785,0.0,0.257984,0.0,0.0,0.0,0.0,0.0,0.0,0.0,0.0,0.195049,0.0,0.151023,0.16504,0.0,0.0,0.220207,0.993872,0.0,0.074322,0.068609,0.0,0.0,0.0,0.0,0.096177,0.0,0.212158,0.0,0.25596,0.061056,0.0,0.0,0.080358,0.0,0.320128,0.0,0.93052,0.0,0.449925,0.177637,0.0,0.0,0.171079,1e-06,0.0,0.0,0.111366,0.078866,0.16123,0.0,0.0,0.639668,0.0,0.0,0.0,0.147645,0.15566,0.0,0.0,3e-06,0.0,0.0,0.0033,0.0,0.831114,0.143378,0.004091,0.0,0.116948,0.08123,0.0,0.153518,0.180032,0.150711,1e-06,0.000315,0.0,0.584657,0.0,0.0,0.0,0.0,0.175451,5e-06,0.0,0.255519,0.227123,0.218654,0.0,0.0,0.33574,0.178627,0.055528,0.114972,1e-06,0.069229,0.0,0.175556,0.0,0.0,0.46332,0.233207,0.114496,0.385092,0.0,0.185869,0.0,0.0,0.000952,0.072383,0.377513,0.260357,0.0,0.223131,0.210736,0.095891,0.077641,0.098155,0.0,0.0,0.0,0.117776,0.0,0.171576,0.13798,0.057459,0.224935,0.0,0.0,0.0,0.192764,0.0,0.0,0.150073,0.09097,0.370291,0.0,0.0,0.140768,0.0,0.103293,0.155673,0.0,0.420915,0.0,0.0,0.182417,0.0,0.110614,0.102452,0.06825,0.0,0.361878,0.0,0.087555,0.131289,0.0,0.0,0.0,0.0,0.084302,0.149033,1.002684,0.145151,0.0,2e-06,0.170068,0.0,0.170636,0.137798,0.171515,0.0,0.0,0.0,0.189236,0.082382,0.0,2e-06,0.088228,0.133163,0.35184,0.101067,0.0,0.1705,0.0,1.656412,0.121274,0.101508,0.0,0.181291,1.386784,0.0,0.0,0.256711,0.0,0.0,0.0,0.0,0.065418,0.0,1.099368,0.135893,0.0,0.0,0.207289,0.055048,0.177387,0.131939,0.0,0.0,0.0,0.0,0.0,0.0,0.228443,0.198879,0.117195,0.0,0.076206,0.221061,0.139571,0.153421,0.0,0.029221,0.0,0.071993,0.0,0.239051,0.284197,0.188741,0.0,0.16584,0.14015,0.51871,0.0,0.150991,0.009076,0.0,0.0,0.0,0.169642,0.0,0.0,0.0,0.217536,0.0,0.0,0.0,0.076458,0.0,1.1e-05,0.189046,0.135134,1e-06,0.220766,0.156066,0.0,0.207674,0.105127,0.0,0.214418,0.0,0.0,0.087303,0.108223,0.161989,0.182281,0.0,0.0,0.0,0.0,0.129022,0.212685,0.147485,0.177831,0.0,0.0,0.0,0.217458,0.0,0.0,0.174549,0.096952,0.0,0.089192,4e-06,0.177533,0.055025,0.193883,0.0,0.0,0.0,0.128893,0.0,0.323972,0.07491,0.0,0.273869,0.0,5e-06,0.0,0.0,0.138724,0.0,0.165157,0.180503,0.3758,0.0,0.0,0.16969,0.121842,0.098373,0.075564,0.077512,0.0,0.366232,1e-06,0.0,0.237787,0.151265,0.0,0.0,0.0,0.336117,0.141417,0.0,0.0,0.101975,0.0,0.0,0.154924,0.179491,0.150491,0.0,0.0,0.0,0.0,0.222334,0.205622,0.0,0.130515,0.111246,0.085894,0.0,0.0,0.0,0.0,0.184124,0.0,0.218329,0.0,0.486509,0.0,0.0,0.0,0.086902,0.20408,0.214423,0.250061,0.102499,0.0,0.138448,0.0,0.218644,0.0,0.222082,0.157852,0.19282,0.097284,0.0,0.077146,0.0,0.0,0.0,0.23262,0.0,0.0,0.0,0.082836,1.8e-05,0.106832,0.0,0.231866,0.0,0.181907,0.0,0.151962,0.0,0.0,0.181238,0.0,1.3e-05,1.301077,0.0,0.019433,0.138483,0.097539,0.173081,0.344957,0.085793,0.11853,0.295029,0.172164,0.100124,0.0,1.6e-05,0.142065,0.0,0.0,0.298122,0.189708,0.047172,1e-06,0.049973,0.0,0.0,0.50964,0.0,0.513723,0.0,0.244361,0.0,0.180961,0.0,0.813044,0.0,0.0,0.0,0.0,0.22112,0.171721,0.129954,0.0,0.17843,0.150551,0.0,0.0,0.0,0.0,0.477193,0.0,0.0,0.0,0.078793,0.0,0.278086,0.089394,0.713324,0.185149,0.049649,0.894009,0.183555,0.0,0.0,0.0,0.0,0.107019,0.035436,0.0,0.236171,0.0,0.208512,0.15197,0.209484,0.084425,0.183929,0.594913,0.140726,0.0,1e-06,0.000894,0.244433,0.183257,0.0,1.2e-05,0.0,0.134502,0.0,0.0,0.0,0.183034,1e-06,0.0,0.151837,0.087638,0.239776,0.141993,0.0,0.219357,0.0,0.0,0.19233,0.079514,0.0,0.0
TCGA-22-5489,0.32629,0.0,0.0,0.0,0.0,0.209318,0.0,5e-06,0.06158,0.280792,0.222957,1e-06,0.0,0.0,0.0,0.241397,0.0,0.261146,0.0,0.0,0.0,0.0,0.0,0.0,0.0,0.0,0.213956,0.0,0.14284,0.187615,0.0,0.0,0.235762,0.927758,0.0,0.056336,0.049396,0.0,0.0,0.0,0.0,0.068605,0.0,0.247571,0.0,0.209126,0.068887,0.0,0.0,0.062195,0.0,0.322101,0.0,0.898542,0.0,0.396073,0.194712,0.0,0.0,0.192781,5e-06,1e-06,0.0,0.121431,0.079911,0.137942,1.3e-05,0.0,0.604298,0.0,0.0,0.0,0.101562,0.180358,0.0,0.0,2e-06,0.0,0.0,0.011046,0.0,0.787671,0.165013,0.010168,0.0,0.132877,0.064004,0.0,0.185752,0.199465,0.161694,8e-06,7.1e-05,0.0,0.534697,0.0,0.0,0.0,0.0,0.204345,4.1e-05,0.0,0.298424,0.257079,0.266092,0.0,0.0,0.320499,0.194984,0.036979,0.127678,2e-06,0.047144,0.0,0.146849,1e-06,0.0,0.414636,0.268472,0.083548,0.348927,0.0,0.153659,0.0,0.0,0.000308,0.051385,0.363293,0.317612,0.0,0.252865,0.231112,0.070858,0.056492,0.075677,0.0,0.0,0.0,0.131562,0.0,0.126885,0.149745,0.04025,0.195374,0.0,0.0,0.0,0.147778,0.0,0.0,0.168244,0.065781,0.323888,0.0,0.0,0.159219,0.0,0.12249,0.179555,0.0,0.37328,0.0,0.0,0.203096,0.0,0.079346,0.077145,0.046919,0.0,0.315047,0.0,0.070786,0.154899,0.0,0.0,0.0,0.0,0.104399,0.167117,0.966255,0.163719,0.0,1e-06,0.197794,0.0,0.201848,0.112987,0.19827,0.0,0.0,0.0,0.222642,0.056668,0.0,0.0,0.061964,0.147273,0.338505,0.079921,0.0,0.194538,0.0,1.59251,0.132975,0.122613,0.0,0.167064,1.325859,0.0,0.0,0.299828,0.0,0.0,0.0,0.0,0.060685,0.0,1.042075,0.102823,0.0,0.0,0.239814,0.035731,0.217877,0.159143,0.0,0.0,0.0,0.0,0.0,0.0,0.250079,0.248448,0.147427,0.0,0.088823,0.249161,0.167016,0.180313,0.0,0.020697,0.0,0.050767,0.0,0.275195,0.254571,0.157591,0.0,0.189627,0.155799,0.468034,0.0,0.183262,0.008459,0.0,0.0,0.0,0.187262,0.0,0.0,0.0,0.236174,0.0,0.0,0.0,0.055363,0.0,1e-06,0.215258,0.156675,1e-06,0.250405,0.180535,0.0,0.178582,0.11473,0.0,0.244945,0.0,0.0,0.05471,0.071632,0.182115,0.222972,0.0,0.0,0.0,0.0,0.165404,0.24002,0.176346,0.19399,0.0,0.0,0.0,0.246521,0.0,0.0,0.191106,0.073718,0.0,0.064422,1e-06,0.178136,0.044035,0.199832,0.0,0.0,0.0,0.14756,0.0,0.31173,0.05254,0.0,0.247037,0.0,1e-06,0.0,0.0,0.16892,0.0,0.182338,0.201571,0.346171,0.0,0.0,0.199238,0.13078,0.061183,0.05634,0.056689,0.0,0.337438,0.0,0.0,0.259852,0.171756,0.0,0.0,0.0,0.268935,0.157663,0.0,0.0,0.068848,0.0,0.0,0.183812,0.205854,0.115917,0.0,0.0,0.0,0.0,0.243239,0.228841,0.0,0.098348,0.085596,0.063935,0.0,0.0,0.0,0.0,0.142334,0.0,0.250091,0.0,0.459946,0.0,0.0,0.0,0.104429,0.236462,0.237805,0.21982,0.07544,0.0,0.143362,0.0,0.25178,0.0,0.203729,0.171568,0.212775,0.112987,0.0,0.050521,0.0,0.0,0.0,0.250706,0.0,0.0,0.0,0.070791,2e-06,0.075421,0.0,0.240968,0.0,0.211268,0.0,0.123768,0.0,0.0,0.208838,0.0,4e-06,1.241884,0.0,0.014283,0.154258,0.077787,0.196202,0.308396,0.062385,0.079806,0.291446,0.189214,0.070122,0.0,6e-06,0.128671,0.0,0.0,0.356853,0.210358,0.032423,0.0,0.034402,0.0,0.0,0.446977,0.0,0.465491,0.0,0.249451,0.0,0.201936,0.0,0.752376,0.0,0.0,0.0,0.0,0.16643,0.211408,0.106109,0.0,0.204531,0.176597,0.0,0.0,0.0,0.0,0.458268,0.0,0.0,0.0,0.079099,0.0,0.243864,0.058904,0.67791,0.209556,0.053816,0.834605,0.214557,0.0,0.0,0.0,0.0,0.075243,0.021438,0.0,0.22761,0.0,0.182705,0.173701,0.240634,0.067302,0.202388,0.561342,0.171779,0.0,1e-06,0.000281,0.280001,0.212948,0.0,2.9e-05,0.0,0.108212,0.0,0.0,0.0,0.207028,0.0,0.0,0.157518,0.060679,0.238901,0.102589,0.0,0.23681,0.0,0.0,0.220717,0.057005,0.0,0.0
TCGA-33-4533,0.194482,0.0,0.0,0.0,0.0,0.131307,0.0,0.0,0.179544,0.168803,0.136759,9.9e-05,0.0,0.0,0.0,0.151961,0.0,0.255109,0.0,0.0,0.0,0.0,0.0,0.0,0.0,0.0,0.120843,0.0,0.12315,0.118322,0.0,0.0,0.151959,1.106775,0.0,0.15344,0.140408,8e-06,0.0,0.0,1e-06,0.176802,0.0,0.145236,0.0,0.286826,0.049167,0.0,0.0,0.157614,0.0,0.295144,0.0,0.994569,0.0,0.554194,0.120312,0.0,1.2e-05,0.121299,1.8e-05,0.0,0.0,0.068905,0.05399,0.246344,0.0,0.0,0.693948,0.0,0.0,0.0,0.230704,0.098898,0.0,0.0,3e-06,0.0,0.0,0.002846,0.0,0.934908,0.094465,0.011602,0.0,0.070735,0.150283,0.0,0.117513,0.13571,0.090413,0.0,0.006741,0.0,0.66879,0.0,0.0,0.0,0.0,0.114571,3.3e-05,0.0,0.182718,0.155133,0.148561,0.0,0.0,0.348028,0.108758,0.111077,0.081883,8e-06,0.142914,0.0,0.265788,0.0,0.0,0.536379,0.179661,0.170766,0.469957,0.0,0.217019,0.0,0.0,0.014589,0.141453,0.394011,0.194231,1e-06,0.169342,0.126665,0.179354,0.16425,0.150663,0.0,0.0,0.0,0.10654,0.0,0.247582,0.102595,0.120321,0.313898,0.0,0.0,0.0,0.244263,0.0,0.0,0.091384,0.152234,0.443049,0.0,0.0,0.099885,0.0,0.064856,0.100023,0.0,0.51706,0.0,0.0,0.120215,0.0,0.184914,0.18134,0.144846,0.0,0.407323,0.0,0.169704,0.083008,0.0,0.0,0.0,0.0,0.063596,0.102503,1.129356,0.097753,2e-06,0.0,0.11493,0.0,0.12284,0.158722,0.121439,0.0,0.0,0.0,0.122073,0.161532,1.3e-05,0.0,0.182747,0.083726,0.330055,0.176191,0.0,0.105226,0.0,1.79945,0.073354,0.069469,0.0,0.237786,1.507502,0.0,0.0,0.185894,0.0,0.0,0.0,0.0,0.028948,0.0,1.228687,0.216962,0.0,0.0,0.141132,0.104824,0.121974,0.090478,0.0,0.0,0.0,0.0,0.0,0.0,0.145616,0.144453,0.079897,0.0,0.055334,0.148388,0.082501,0.08883,0.0,0.098809,0.0,0.142512,0.0,0.170344,0.353082,0.197792,0.0,0.113859,0.090402,0.597495,0.0,0.102874,0.008254,0.0,0.0,0.0,0.107601,0.0,0.0,0.0,0.157566,0.0,0.0,0.0,0.124595,0.0,0.0,0.138241,0.10024,0.000172,0.149381,0.098874,0.0,0.277984,0.121226,0.0,0.144219,0.0,0.0,0.156332,0.185608,0.124511,0.136585,0.0,0.0,3e-06,0.0,0.088475,0.157296,0.10325,0.128811,0.0,0.0,0.0,0.146298,0.0,0.0,0.103448,0.175176,0.0,0.1616,2e-06,0.152504,0.113673,0.206834,0.0,0.0,0.0,0.07957,0.0,0.318803,0.14228,0.0,0.357601,0.0,0.0,0.0,0.0,0.104276,0.0,0.102667,0.120828,0.427677,0.0,0.0,0.120231,0.076491,0.177691,0.143819,0.137586,0.0,0.451113,0.0,0.0,0.153765,0.097309,0.0,0.0,0.0,0.397247,0.090304,0.0,0.0,0.173114,0.0,0.0,0.094294,0.119535,0.238225,0.0,0.0,0.0,0.0,0.147038,0.153656,0.0,0.203735,0.190385,0.153384,0.0,0.0,0.0,0.0,0.294297,0.0,0.146583,0.0,0.50753,0.0,0.0,0.0,0.045242,0.139319,0.134841,0.292249,0.185227,0.0,0.088613,0.0,0.161703,0.0,0.28379,0.101141,0.126572,0.09677,0.0,0.149187,0.0,0.0,0.0,0.146501,0.0,0.0,0.0,0.161878,0.0,0.177102,0.0,0.181289,0.0,0.138608,0.0,0.217466,0.0,0.0,0.118784,0.0,7e-06,1.395372,0.0,0.080054,0.09405,0.176386,0.106317,0.433826,0.176992,0.199422,0.279083,0.103044,0.166949,0.0,5e-06,0.173847,0.0,0.0,0.221278,0.149899,0.116022,0.0,0.105719,0.0,0.0,0.600924,0.0,0.610988,0.0,0.219522,0.0,0.110495,0.0,0.907784,0.0,0.0,0.0,0.0,0.356549,0.118904,0.178546,0.0,0.103297,0.112903,0.0,0.0,0.0,2e-06,0.487138,0.0,0.0,0.0,0.085581,0.0,0.368658,0.148315,0.799423,0.136991,0.092433,1.002401,0.133292,0.0,0.0,0.0,0.0,0.186578,0.114899,0.0,0.210058,0.0,0.28487,0.100741,0.147293,0.151159,0.116239,0.609948,0.107807,0.0,3e-06,0.007834,0.177328,0.133166,0.0,0.000284,0.0,0.228138,0.0,0.0,0.0,0.109087,0.0,0.0,0.135733,0.153358,0.191629,0.224394,0.0,0.162691,0.0,0.0,0.137378,0.152945,0.0,0.0
TCGA-33-4538,0.27394,0.0,0.0,0.0,0.0,0.179894,0.0,0.0,0.124165,0.236842,0.18777,1e-06,0.0,0.0,0.0,0.218151,0.0,0.266272,0.0,0.0,0.0,0.0,0.0,1e-06,0.0,0.0,0.16947,0.0,0.135443,0.177661,0.0,0.0,0.216,1.034547,0.0,0.101116,0.098062,0.0,0.0,1e-06,0.0,0.123929,0.0,0.20045,0.0,0.270953,0.054864,0.0,0.0,0.104544,0.0,0.306074,0.0,0.976589,0.0,0.491747,0.17134,0.0,0.0,0.164156,0.0,0.0,0.0,0.104701,0.079829,0.200918,0.0,0.0,0.670058,0.0,0.0,0.0,0.180012,0.142571,0.0,0.0,2e-06,0.0,0.0,0.002344,0.0,0.888205,0.136045,0.016261,0.0,0.098539,0.099104,0.0,0.168371,0.174328,0.12135,0.0,0.001448,0.0,0.619639,0.0,0.0,0.0,0.0,0.158271,7.5e-05,0.0,0.256049,0.219002,0.204357,0.0,0.0,0.358521,0.165682,0.072287,0.109195,1.5e-05,0.094937,0.0,0.213687,0.0,0.0,0.492756,0.24039,0.137486,0.413476,0.0,0.206581,0.0,1e-06,0.002917,0.096651,0.386907,0.274178,4e-06,0.217436,0.182061,0.126849,0.100797,0.119195,0.0,0.0,0.0,0.133203,0.0,0.193702,0.134551,0.069846,0.261147,0.0,0.0,0.0,0.218059,0.0,0.0,0.124827,0.095762,0.400179,0.0,0.0,0.137076,0.0,0.08715,0.142815,0.0,0.45966,0.0,0.0,0.178996,0.0,0.120739,0.117542,0.097562,0.0,0.364988,0.0,0.118732,0.122739,0.0,0.0,0.0,0.0,0.080875,0.155532,1.074605,0.133936,0.0,0.0,0.159705,0.0,0.165668,0.138856,0.169063,0.0,0.0,0.0,0.179916,0.102437,0.0,0.0,0.118273,0.119163,0.350846,0.124899,0.0,0.145709,0.0,1.732104,0.110229,0.096505,0.0,0.206316,1.456252,0.0,0.0,0.267064,0.0,0.0,0.0,0.0,0.036347,0.0,1.161102,0.153841,0.0,0.0,0.19927,0.065048,0.167794,0.132598,0.0,0.0,0.0,0.0,0.0,0.0,0.198758,0.189934,0.109501,0.0,0.076549,0.207528,0.122173,0.125196,0.0,0.055062,0.0,0.092399,0.0,0.233524,0.315082,0.204969,0.0,0.156147,0.126933,0.543723,0.0,0.14316,0.006952,0.0,0.0,0.0,0.145938,0.0,0.0,0.0,0.201444,0.0,0.0,0.0,0.0914,0.0,0.0,0.200766,0.143921,5e-06,0.209622,0.146704,0.0,0.236064,0.125524,0.0,0.206395,0.0,0.0,0.101912,0.132309,0.164871,0.185169,0.0,1e-06,1e-06,0.0,0.121881,0.214661,0.141921,0.174122,0.0,0.0,0.0,0.203044,0.0,0.0,0.144151,0.117211,0.0,0.112977,6e-06,0.165736,0.059875,0.213096,0.0,0.0,1e-06,0.106334,0.0,0.323922,0.099477,0.0,0.306848,0.0,0.0,0.0,0.0,0.141034,2.3e-05,0.150425,0.164212,0.391117,0.0,0.0,0.166887,0.106752,0.133288,0.099642,0.099442,0.0,0.396101,0.0,0.0,0.222953,0.138701,0.0,0.0,0.0,0.353469,0.124733,0.0,0.0,0.119796,0.0,0.0,0.136379,0.166904,0.164141,0.0,0.0,2e-06,0.0,0.212148,0.211339,0.0,0.155558,0.131356,0.097087,0.0,0.0,0.0,0.0,0.235853,0.0,0.20683,0.0,0.500599,0.0,0.0,0.0,0.069434,0.194482,0.197371,0.268907,0.130618,0.0,0.115224,0.0,0.227165,0.0,0.262493,0.137621,0.181324,0.091168,0.0,0.100555,0.0,0.0,0.0,0.211794,0.0,0.0,0.0,0.119164,1e-06,0.115345,0.0,0.224462,0.0,0.188235,0.0,0.174963,0.0,0.0,0.162749,0.0,0.0,1.357019,0.0,0.046932,0.140176,0.123832,0.158507,0.37318,0.106964,0.151123,0.289683,0.142603,0.114287,0.0,5e-05,0.165626,0.0,0.0,0.308593,0.200871,0.078155,2e-06,0.06444,0.0,0.0,0.535949,0.0,0.552246,0.0,0.24427,0.0,0.160287,0.0,0.84289,1e-06,0.0,0.0,0.0,0.255807,0.168583,0.140241,0.0,0.157641,0.142958,0.0,0.0,0.0,1e-06,0.495791,0.0,0.0,0.0,0.068351,0.0,0.310873,0.117436,0.769701,0.184469,0.06474,0.936796,0.184807,0.0,0.0,0.0,0.0,0.128878,0.060687,0.0,0.217899,0.0,0.24415,0.145421,0.204229,0.099221,0.157827,0.605708,0.123133,0.0,5e-06,0.001278,0.250437,0.180339,0.0,0.000372,0.0,0.160955,0.0,0.0,0.0,0.163716,0.0,0.0,0.127513,0.109564,0.228915,0.174856,0.0,0.211105,0.0,0.0,0.197063,0.097663,0.0,0.0
TCGA-33-6738,0.099543,0.0,0.0,0.0,0.0,0.068832,0.0,0.0,0.252644,0.090913,0.075091,0.0,0.0,0.0,0.0,0.076219,0.0,0.251061,0.0,0.0,0.0,0.0,0.0,0.0,0.0,0.0,0.064435,0.0,0.134112,0.064655,0.0,0.0,0.088947,1.260432,0.0,0.219829,0.202877,0.0,0.0,0.0,0.0,0.253721,0.0,0.078663,0.0,0.353242,0.029733,0.0,0.0,0.22531,0.0,0.296999,0.0,1.068525,0.0,0.682011,0.069549,0.0,0.0,0.069925,0.0,0.0,0.0,0.037173,0.028209,0.314305,0.0,0.0,0.788807,0.0,0.0,0.0,0.331402,0.051355,0.0,0.0,5e-06,0.0,0.0,0.000349,0.0,1.040905,0.05352,0.006324,0.0,0.037789,0.22211,0.0,0.070754,0.099018,0.050821,0.0,0.010174,0.0,0.78729,0.0,0.0,0.0,0.0,0.061867,5.2e-05,0.0,0.095403,0.082597,0.072953,0.0,0.0,0.374413,0.05549,0.163142,0.059389,5e-06,0.215557,0.0,0.342601,0.0,0.0,0.642208,0.102553,0.244803,0.575237,0.0,0.275936,0.0,0.0,0.0212,0.202422,0.438518,0.096576,0.0,0.096491,0.069096,0.256044,0.251469,0.226488,0.0,0.0,0.0,0.081018,0.0,0.338601,0.076834,0.173243,0.397858,0.0,0.0,0.0,0.329317,0.0,0.0,0.051376,0.231156,0.540224,0.0,0.0,0.054516,0.0,0.039884,0.052123,0.0,0.636479,0.0,0.0,0.064049,0.0,0.265938,0.270147,0.21062,0.0,0.507233,0.0,0.227343,0.041953,0.0,0.0,0.0,0.0,0.032873,0.060294,1.252929,0.053006,0.0,0.0,0.062035,0.0,0.064952,0.218217,0.066119,0.0,0.0,0.0,0.058318,0.246393,0.0,0.0,0.26715,0.044605,0.340579,0.247015,0.0,0.056064,0.0,1.973756,0.045344,0.035325,0.0,0.296741,1.648666,0.0,0.0,0.096281,0.0,0.0,0.0,0.0,0.026909,0.0,1.383108,0.310025,0.0,0.0,0.073226,0.160739,0.058255,0.048377,0.0,0.0,0.0,0.0,0.0,0.0,0.087226,0.069414,0.038589,0.0,0.029705,0.08086,0.040573,0.045881,0.0,0.148461,0.0,0.20912,0.0,0.087106,0.424764,0.228225,0.0,0.059161,0.050593,0.712776,0.0,0.05794,0.018639,0.0,0.0,0.0,0.063316,0.0,0.0,0.0,0.111145,0.0,0.0,0.0,0.180707,0.0,0.0,0.073708,0.057979,0.0,0.084826,0.051964,0.0,0.360061,0.120187,0.0,0.077721,0.0,0.0,0.229408,0.272206,0.077022,0.073773,0.0,0.0,0.0,0.0,0.042093,0.089662,0.054528,0.084652,0.0,0.0,0.0,0.077269,0.0,0.0,0.063027,0.250793,0.0,0.229836,1.1e-05,0.150648,0.155816,0.218671,0.0,0.0,0.0,0.045374,0.0,0.340468,0.206674,0.0,0.43898,0.0,0.0,0.0,0.0,0.058765,5e-06,0.060635,0.065073,0.521188,0.0,0.0,0.061141,0.043154,0.251217,0.200651,0.183469,0.0,0.531035,0.0,0.0,0.08646,0.052275,0.0,0.0,0.0,0.528634,0.053043,0.0,0.0,0.264881,0.0,0.0,0.050228,0.065136,0.332114,0.0,0.0,0.0,0.0,0.085279,0.085647,0.0,0.290658,0.268249,0.221626,0.0,0.0,0.0,0.0,0.391771,0.0,0.080865,0.0,0.566932,0.0,0.0,0.0,0.020718,0.076957,0.075451,0.365202,0.271365,0.0,0.058571,0.0,0.089279,0.0,0.317304,0.05544,0.07052,0.080995,0.0,0.227235,0.0,0.0,0.0,0.079514,0.0,0.0,0.0,0.221906,0.0,0.26507,0.0,0.146072,0.0,0.077003,0.0,0.306896,0.0,0.0,0.05913,0.0,0.0,1.522889,0.0,0.117283,0.052672,0.24867,0.060354,0.526748,0.261215,0.291762,0.284122,0.06006,0.244074,0.0,0.000149,0.205882,0.0,0.0,0.114707,0.104656,0.16471,0.0,0.152795,0.0,0.0,0.723049,0.0,0.719161,0.0,0.201526,0.0,0.063968,0.0,1.043289,0.0,0.0,0.0,0.0,0.520863,0.054896,0.23432,0.0,0.052158,0.069172,0.0,0.0,0.0,0.0,0.52815,0.0,0.0,0.0,0.106967,0.0,0.458299,0.223446,0.887677,0.078298,0.11022,1.147195,0.073628,0.0,0.0,0.0,0.0,0.272109,0.179542,0.0,0.219147,0.0,0.343058,0.054258,0.074822,0.221618,0.061583,0.669497,0.068449,0.0,4e-06,0.008649,0.094897,0.066663,0.0,0.000149,0.0,0.324489,0.0,0.0,0.0,0.062108,0.0,0.0,0.124393,0.221004,0.169122,0.315881,0.0,0.115817,0.0,0.0,0.07487,0.232381,0.0,0.0
TCGA-33-A5GW,0.202018,0.0,0.0,0.0,0.0,0.152149,0.0,0.0,0.171888,0.183775,0.144299,0.0,1e-05,0.0,0.0,0.156928,0.0,0.275671,0.0,0.0,0.0,0.0,0.0,0.0,0.0,0.0,0.140874,0.0,0.158291,0.143728,0.0,0.0,0.173989,1.119033,0.0,0.128266,0.128204,4.1e-05,0.0,0.0,0.0,0.152071,0.0,0.154153,0.0,0.32287,0.045568,0.0,0.0,0.144897,0.0,0.305189,0.0,0.998623,0.0,0.558775,0.132313,0.0,0.0,0.141384,1e-06,0.0,0.0,0.097235,0.074825,0.228486,0.0,0.0,0.72694,0.0,0.0,0.0,0.228753,0.117403,0.0,0.0,0.0,0.0,0.0,0.004338,0.0,0.946141,0.121446,0.000552,0.0,0.095514,0.132039,0.0,0.141083,0.155833,0.108482,3.4e-05,0.001916,0.0,0.681065,0.0,0.0,0.0,0.0,0.132085,8.6e-05,0.0,0.184829,0.169017,0.156216,0.0,0.0,0.387253,0.146511,0.09353,0.095413,0.0,0.123151,0.0,0.245112,0.0,0.0,0.558401,0.186534,0.184524,0.464852,0.0,0.245727,0.0,0.0,0.004946,0.124416,0.412962,0.192209,1e-06,0.166888,0.146343,0.159382,0.135411,0.160871,0.0,0.0,0.0,0.128354,0.0,0.242694,0.140635,0.098547,0.306943,0.0,0.0,0.0,0.270468,0.0,0.0,0.101217,0.144487,0.456125,0.0,0.0,0.099842,0.0,0.074313,0.117182,0.0,0.52701,0.0,0.0,0.133143,0.0,0.160668,0.171327,0.1252,0.0,0.425281,0.0,0.15158,0.107236,0.0,0.0,0.0,0.0,0.058592,0.118832,1.142553,0.126949,0.0,4e-06,0.123894,0.0,0.122257,0.179188,0.141601,0.0,0.0,0.0,0.137723,0.14203,0.0,0.0,0.161319,0.114949,0.354064,0.158147,0.0,0.112279,0.0,1.824667,0.105861,0.075362,0.0,0.235935,1.535202,0.0,0.0,0.205524,0.0,0.0,0.0,0.0,0.042649,0.0,1.244164,0.212296,0.0,0.0,0.153381,0.096663,0.127546,0.107581,0.0,0.0,0.0,0.0,0.0,0.0,0.164414,0.129165,0.083099,0.0,0.070036,0.165161,0.096378,0.10845,0.0,0.068008,0.0,0.122652,0.0,0.171059,0.343315,0.231703,0.0,0.125716,0.113874,0.60679,0.0,0.122011,0.020488,0.0,0.0,0.0,0.118459,0.0,0.0,0.0,0.180072,0.0,0.0,0.0,0.128549,0.0,4e-05,0.154346,0.122587,3e-06,0.170597,0.117527,0.0,0.269899,0.1206,0.0,0.156359,0.0,0.0,0.141126,0.176162,0.144295,0.141783,0.0,0.0,6e-06,0.0,0.090034,0.17882,0.109407,0.156615,0.0,0.0,0.0,0.15566,0.0,0.0,0.128909,0.147915,0.0,0.140542,1.4e-05,0.178937,0.074344,0.220815,0.0,0.0,1.4e-05,0.096474,0.0,0.342131,0.133688,0.0,0.343714,0.0,0.0,0.0,0.0,0.115056,2e-06,0.123383,0.129074,0.448905,0.0,0.0,0.120349,0.095002,0.160865,0.133708,0.101548,0.0,0.42875,0.0,0.0,0.175815,0.117179,0.0,0.0,0.0,0.4347,0.113303,0.0,0.0,0.162435,0.0,0.0,0.114235,0.126568,0.223266,0.0,0.0,0.0,0.0,0.170553,0.168953,0.0,0.205592,0.161041,0.131358,0.0,0.0,0.0,0.0,0.300099,0.0,0.15867,0.0,0.539066,0.0,0.0,0.0,0.067634,0.159023,0.164459,0.301668,0.179921,0.0,0.121066,0.0,0.179363,0.0,0.263923,0.120546,0.149741,0.073649,0.0,0.129469,0.0,0.0,0.0,0.165994,0.0,0.0,0.0,0.146615,0.0,0.160369,0.0,0.205936,0.0,0.146482,0.0,0.223442,0.0,0.0,0.132776,0.0,3e-06,1.416907,0.0,0.045894,0.117719,0.163654,0.131425,0.419116,0.144104,0.205603,0.303656,0.130155,0.143967,0.0,2e-06,0.187465,0.0,0.0,0.215143,0.169535,0.095805,0.0,0.077259,0.0,0.0,0.615643,0.0,0.611172,0.0,0.235132,0.0,0.127528,0.0,0.919332,0.0,0.0,0.0,0.0,0.344294,0.126343,0.16344,0.0,0.12466,0.10752,0.0,0.0,0.0,1.4e-05,0.520999,0.0,0.0,0.0,0.085069,0.0,0.35805,0.156004,0.81466,0.147283,0.063934,1.01363,0.136476,0.0,0.0,0.0,0.0,0.174603,0.090519,0.0,0.22577,0.0,0.275868,0.12235,0.164046,0.137677,0.128911,0.639988,0.094627,0.0,2.9e-05,0.003631,0.197343,0.137234,0.0,0.000299,0.0,0.223759,0.0,0.0,0.0,0.132133,0.0,0.0,0.113302,0.143442,0.213491,0.22404,0.0,0.172421,0.0,0.0,0.156443,0.127661,0.0,0.0
TCGA-33-AAS8,0.115458,0.0,0.0,0.0,0.0,0.086248,0.0,0.0,0.240479,0.103235,0.082989,0.0,2e-06,0.0,0.0,0.081453,0.0,0.26829,0.0,0.0,0.0,0.0,0.0,0.0,0.0,0.0,0.085811,0.0,0.157639,0.073845,0.0,0.0,0.099627,1.295298,0.0,0.194587,0.182821,4e-06,0.0,0.0,0.0,0.225019,0.0,0.09519,0.0,0.35832,0.038747,0.0,0.0,0.224223,0.0,0.31608,0.0,1.100371,0.0,0.671529,0.08357,0.0,0.0,0.083196,0.0,1e-06,0.0,0.052785,0.023997,0.301413,0.0,0.0,0.822674,0.0,0.0,0.0,0.310017,0.076939,0.0,0.0,0.0,0.0,0.0,0.002038,0.0,1.062397,0.067326,0.002616,0.0,0.056963,0.209863,0.0,0.086066,0.125131,0.07804,1e-06,0.001987,0.0,0.794656,0.0,0.0,0.0,1.1e-05,0.081423,2e-06,0.0,0.107541,0.104015,0.098215,0.0,0.0,0.401395,0.07092,0.155282,0.066394,0.0,0.201476,0.0,0.324044,0.0,0.0,0.653024,0.116396,0.251916,0.576389,0.0,0.277027,0.0,0.0,0.008084,0.180556,0.455367,0.113642,0.0,0.105804,0.089921,0.244998,0.227954,0.234418,0.0,0.0,0.0,0.097495,0.0,0.331311,0.103164,0.172408,0.38768,0.0,0.0,0.0,0.321158,0.0,0.0,0.071345,0.230217,0.534435,0.0,0.0,0.06257,0.0,0.048461,0.068248,0.0,0.636347,0.0,0.0,0.074376,0.0,0.250951,0.265788,0.207713,0.0,0.52312,0.0,0.222995,0.056852,0.0,0.0,0.0,0.0,0.041642,0.059427,1.276991,0.069985,0.0,3e-06,0.076873,0.0,0.074159,0.235863,0.080231,0.0,0.0,0.0,0.069996,0.237367,0.0,0.0,0.253191,0.062856,0.362926,0.238872,0.0,0.078176,0.0,2.020535,0.064846,0.042268,0.0,0.290655,1.696876,0.0,0.0,0.113373,0.0,0.0,0.0,0.0,0.041788,0.0,1.412174,0.303462,1e-06,0.0,0.097105,0.151048,0.080888,0.063441,0.0,0.0,0.0,0.0,0.0,0.0,0.123589,0.085073,0.055035,0.0,0.031435,0.096318,0.056767,0.065333,0.0,0.113941,0.0,0.184834,0.0,0.100345,0.422894,0.231596,0.0,0.075988,0.07254,0.709733,0.0,0.081375,0.035834,0.0,0.0,0.0,0.077067,0.0,0.0,0.0,0.139241,0.0,0.0,0.0,0.177381,0.0,1.1e-05,0.083997,0.066433,0.0,0.114435,0.068825,0.0,0.361277,0.12232,0.0,0.083266,0.0,0.0,0.220324,0.262036,0.088174,0.093549,0.0,0.0,0.0,0.0,0.057633,0.1049,0.066304,0.097054,0.0,0.0,0.0,0.097114,0.0,0.0,0.088802,0.228732,0.0,0.21697,1e-06,0.17012,0.139767,0.229633,0.0,0.0,0.0,0.062853,0.0,0.363249,0.197966,0.0,0.43261,0.0,0.0,0.0,0.0,0.078046,0.0,0.078558,0.0844,0.536676,0.0,0.0,0.074669,0.060437,0.22161,0.191178,0.141454,0.0,0.52669,0.0,0.0,0.10174,0.069904,0.0,0.0,0.0,0.530588,0.075754,0.0,0.0,0.252939,0.0,0.0,0.062947,0.082676,0.326232,0.0,0.0,0.0,0.0,0.099499,0.089421,0.0,0.280744,0.251208,0.209955,0.0,0.0,0.0,0.0,0.371189,0.0,0.099948,0.0,0.59269,0.0,0.0,0.0,0.041773,0.095402,0.097574,0.364154,0.270915,0.0,0.077624,0.0,0.098028,0.0,0.298534,0.061199,0.088016,0.077335,0.0,0.205873,0.0,0.0,0.0,0.093472,0.0,0.0,0.0,0.201612,0.0,0.257988,0.0,0.182152,0.0,0.090942,0.0,0.308146,1e-06,0.0,0.078229,0.0,1.4e-05,1.557587,0.0,0.1033,0.072153,0.236121,0.078901,0.533074,0.23712,0.27531,0.305169,0.087889,0.219694,0.0,0.0,0.202285,0.0,0.0,0.129945,0.113794,0.133516,0.0,0.12223,0.0,8e-06,0.735294,0.0,0.713525,0.0,0.219932,0.0,0.08466,0.0,1.062835,0.0,0.0,0.0,0.0,0.51648,0.07006,0.22754,0.0,0.072763,0.075415,0.0,0.0,0.0,5.3e-05,0.5508,0.0,0.0,0.0,0.115425,0.0,0.467464,0.207844,0.915291,0.094071,0.108488,1.173622,0.080462,0.0,0.0,0.0,0.0,0.258007,0.158504,0.0,0.230565,0.0,0.333444,0.071818,0.087539,0.219726,0.070679,0.710592,0.077782,0.0,3e-06,0.005338,0.108544,0.079565,0.0,0.000367,0.0,0.311736,0.0,0.0,0.0,0.089345,0.0,0.0,0.139797,0.212517,0.190903,0.301206,0.0,0.130723,0.0,0.0,0.083855,0.218609,1e-06,0.0
TCGA-33-AASI,0.355466,0.0,0.0,0.0,0.0,0.210116,0.0,1e-06,0.077999,0.298295,0.232562,2e-06,1e-06,0.0,0.0,0.268669,0.0,0.258945,0.0,0.0,0.0,0.0,0.0,0.0,0.0,0.0,0.215674,0.0,0.121308,0.202348,0.0,0.0,0.252817,0.944218,0.0,0.063273,0.061008,2e-06,0.0,0.0,0.0,0.077969,0.0,0.259453,0.0,0.204595,0.071799,0.0,0.0,0.06609,0.0,0.309074,0.0,0.942685,0.0,0.41478,0.203236,0.0,0.0,0.192006,0.0,0.0,0.0,0.12405,0.060557,0.156485,0.0,0.0,0.610394,0.0,0.0,0.0,0.113469,0.196971,0.0,0.0,1e-06,0.0,0.0,0.002166,0.0,0.826646,0.169895,0.037869,0.0,0.118858,0.065854,0.0,0.195024,0.218618,0.158986,5e-06,0.000361,0.0,0.549923,0.0,0.0,0.0,0.0,0.199396,4.6e-05,0.0,0.327961,0.280247,0.279161,0.0,0.0,0.325253,0.19948,0.047756,0.124373,1e-06,0.060298,0.0,0.147504,0.0,0.0,0.412423,0.289658,0.097624,0.355266,0.0,0.155451,0.0,0.0,0.000886,0.06532,0.363169,0.367675,1e-06,0.272284,0.251309,0.091157,0.064377,0.080891,0.0,0.0,0.0,0.1422,0.0,0.143439,0.149397,0.053394,0.202543,0.0,0.0,0.0,0.15379,0.0,0.0,0.172118,0.068175,0.318825,0.0,0.0,0.176949,0.0,0.1152,0.187146,0.0,0.376331,0.0,0.0,0.219819,0.0,0.083807,0.082299,0.073436,0.0,0.308132,0.0,0.090482,0.158634,0.0,0.0,0.0,0.0,0.106184,0.175236,0.990851,0.1529,0.0,0.0,0.204171,0.0,0.207861,0.101622,0.196754,0.0,0.0,0.0,0.232315,0.069276,1e-06,1e-06,0.075533,0.139202,0.349011,0.088656,0.0,0.205884,0.0,1.632422,0.118853,0.122988,0.0,0.186289,1.36907,0.0,0.0,0.340289,0.0,0.0,0.0,0.0,0.035571,0.0,1.072938,0.105919,0.0,0.0,0.262678,0.044294,0.240066,0.154977,0.0,0.0,0.0,0.0,0.0,0.0,0.264241,0.273134,0.145898,0.0,0.072439,0.264833,0.162991,0.176773,0.0,0.025752,0.0,0.055315,0.0,0.311378,0.274792,0.157732,0.0,0.190208,0.150151,0.470277,0.0,0.182537,0.007298,0.0,0.0,0.0,0.185417,0.0,0.0,0.0,0.237954,0.0,0.0,0.0,0.05928,0.0,4e-06,0.240403,0.160734,0.0,0.280061,0.194048,0.0,0.199882,0.11147,0.0,0.25508,0.0,0.0,0.070468,0.085606,0.188859,0.246403,0.0,0.0,0.0,0.0,0.159827,0.236135,0.168879,0.191062,0.0,0.0,0.0,0.266348,0.0,0.0,0.186131,0.0759,0.0,0.071822,6e-06,0.165793,0.038093,0.18784,0.0,0.0,0.0,0.131426,0.0,0.301082,0.065364,0.0,0.25489,0.0,1e-06,0.0,0.0,0.167501,0.0,0.192747,0.208614,0.334371,0.0,0.0,0.212208,0.119331,0.078701,0.070109,0.065593,0.0,0.34244,0.0,0.0,0.275321,0.177583,0.0,0.0,0.0,0.260308,0.148152,0.0,0.0,0.078111,0.0,0.0,0.169827,0.222095,0.113071,0.0,0.0,0.0,0.0,0.251294,0.242714,0.0,0.105482,0.092294,0.070474,0.0,0.0,0.0,0.0,0.151965,0.0,0.268746,0.0,0.457119,0.0,0.0,0.0,0.100493,0.23656,0.248406,0.223192,0.088554,0.0,0.120076,0.0,0.267859,0.0,0.227374,0.159756,0.229691,0.10165,0.0,0.06156,0.0,0.0,0.0,0.269968,0.0,0.0,0.0,0.069824,4e-06,0.079811,0.0,0.25608,0.0,0.229636,0.0,0.120838,0.0,0.0,0.216287,0.0,1e-06,1.283651,0.0,0.037248,0.16568,0.085286,0.201491,0.329756,0.068793,0.094459,0.284968,0.181174,0.076813,0.0,2e-06,0.141499,0.0,0.0,0.40071,0.221861,0.041699,1e-06,0.035329,0.0,0.0,0.455711,0.0,0.468162,0.0,0.248994,0.0,0.22192,0.0,0.76492,0.0,0.0,0.0,0.0,0.176386,0.212536,0.10848,0.0,0.216179,0.168289,0.0,0.0,0.0,0.0,0.456953,0.0,0.0,0.0,0.070843,0.0,0.263414,0.075091,0.723785,0.228689,0.082749,0.854409,0.218789,0.0,0.0,0.0,0.0,0.083089,0.031739,0.0,0.215504,0.0,0.200465,0.171422,0.254747,0.070474,0.196944,0.567541,0.189409,0.0,6e-06,0.000639,0.316706,0.23215,0.0,6.6e-05,0.0,0.104193,0.0,0.0,0.0,0.21278,0.0,0.0,0.167967,0.068397,0.241223,0.11982,0.0,0.256811,0.0,0.0,0.236373,0.061364,0.0,0.0
TCGA-34-5241,0.246494,0.0,0.0,0.0,0.0,0.191241,0.0,0.0,0.125451,0.218559,0.172661,1e-06,0.0,0.0,0.0,0.185985,0.0,0.28856,0.0,0.0,0.0,0.0,0.0,0.0,0.0,0.0,0.176409,0.0,0.157887,0.164497,0.0,0.0,0.203475,1.065264,0.0,0.090521,0.087737,0.0,0.0,0.0,0.0,0.11042,0.0,0.180688,0.0,0.284489,0.065731,0.0,0.0,0.119701,0.0,0.328187,0.0,0.970685,0.0,0.50431,0.168138,0.0,0.0,0.166873,1e-06,0.0,0.0,0.116214,0.095051,0.18401,0.0,0.0,0.705107,0.0,0.0,0.0,0.175732,0.140577,0.0,0.0,0.0,0.0,0.0,0.01661,0.0,0.902337,0.143259,0.000175,0.0,0.122308,0.096125,0.0,0.165361,0.178906,0.139851,2.2e-05,0.001145,0.0,0.632294,0.0,0.0,0.0,0.0,0.164803,3e-06,0.0,0.21239,0.207715,0.212399,0.0,0.0,0.386628,0.180147,0.073305,0.115369,0.0,0.087178,0.0,0.208969,0.0,0.0,0.524454,0.213931,0.142446,0.427153,0.0,0.216615,0.0,0.0,0.002757,0.099502,0.411456,0.234528,0.0,0.18984,0.188437,0.124527,0.09882,0.125581,0.0,0.0,0.0,0.149688,0.0,0.201124,0.148211,0.078945,0.264611,0.0,0.0,0.0,0.214556,0.0,0.0,0.134517,0.114301,0.418165,0.0,0.0,0.123487,0.0,0.099451,0.156555,0.0,0.475644,0.0,0.0,0.159967,0.0,0.130086,0.136036,0.088347,0.0,0.409178,0.0,0.123901,0.134201,0.0,0.0,0.0,0.0,0.090107,0.142367,1.097123,0.16338,0.0,0.0,0.158547,0.0,0.150839,0.163018,0.182579,0.0,0.0,0.0,0.179385,0.109857,0.0,0.0,0.122629,0.144722,0.353617,0.137863,0.0,0.152053,0.0,1.755953,0.133328,0.105744,0.0,0.206156,1.474224,0.0,0.0,0.23506,0.0,0.0,0.0,0.0,0.053162,0.0,1.1905,0.17532,0.0,0.0,0.195258,0.066525,0.17118,0.141786,0.0,0.0,0.0,0.0,0.0,0.0,0.195798,0.182444,0.110175,0.0,0.085394,0.201423,0.13437,0.146876,0.0,0.039644,0.0,0.081691,0.0,0.201144,0.309103,0.192861,0.0,0.160147,0.143986,0.563779,0.0,0.158053,0.020232,0.0,0.0,0.0,0.144701,0.0,0.0,0.0,0.2134,0.0,0.0,0.0,0.100719,0.0,1e-05,0.180366,0.148907,3e-06,0.204534,0.148411,0.0,0.230234,0.131352,0.0,0.181394,0.0,0.0,0.102514,0.129121,0.168252,0.179894,0.0,0.0,1e-06,0.0,0.13186,0.203882,0.141352,0.171181,0.0,0.0,0.0,0.196111,0.0,0.0,0.158621,0.118586,0.0,0.101544,0.0,0.200522,0.061995,0.223385,0.0,0.0,2.6e-05,0.119743,0.0,0.336071,0.103304,0.0,0.301953,0.0,0.0,0.0,0.0,0.149395,0.0,0.149942,0.16131,0.430021,0.0,0.0,0.156798,0.11284,0.113064,0.10225,0.070955,0.0,0.388141,0.0,0.0,0.199828,0.150065,0.0,0.0,0.0,0.388817,0.141395,0.0,0.0,0.118524,0.0,0.0,0.148177,0.159918,0.181872,0.0,0.0,0.0,0.0,0.201512,0.191327,0.0,0.175094,0.123149,0.095451,0.0,0.0,0.0,0.0,0.248114,0.0,0.186458,0.0,0.532994,0.0,0.0,0.0,0.102136,0.197005,0.202088,0.267061,0.150515,0.0,0.14218,0.0,0.211417,0.0,0.229744,0.149924,0.178748,0.10014,0.0,0.090584,0.0,0.0,0.0,0.210422,0.0,0.0,0.0,0.111683,0.0,0.119773,0.0,0.238065,0.0,0.17318,0.0,0.199246,0.0,0.0,0.170869,0.0,2e-06,1.370466,0.0,0.029022,0.14408,0.128215,0.16687,0.377089,0.108445,0.14948,0.320009,0.1653,0.105689,0.0,1e-06,0.165,0.0,0.0,0.262528,0.187306,0.057968,0.0,0.054428,0.0,0.0,0.564164,0.0,0.566652,0.0,0.248802,0.0,0.147929,0.0,0.866338,0.0,0.0,0.0,0.0,0.280486,0.165903,0.143465,0.0,0.159129,0.136214,0.0,0.0,0.0,0.0,0.501292,0.0,0.0,0.0,0.102115,0.0,0.319959,0.109932,0.772324,0.176716,0.050592,0.961757,0.165619,0.0,0.0,0.0,0.0,0.12657,0.065353,0.0,0.241973,0.0,0.245952,0.139498,0.198006,0.110576,0.16634,0.626784,0.131737,0.0,6e-06,0.001444,0.236221,0.174313,0.0,2e-06,0.0,0.188222,0.0,0.0,0.0,0.156173,0.0,0.0,0.13236,0.109702,0.238954,0.171915,0.0,0.190894,0.0,0.0,0.177004,0.099075,0.0,0.0
TCGA-34-7107,0.104389,0.0,0.0,0.0,0.0,0.105145,0.0,2e-06,0.210915,0.109172,0.087793,1.9e-05,0.0,0.0,0.0,0.067647,0.0,0.260936,0.0,0.0,0.0,0.0,0.0,0.0,0.0,0.0,0.090347,0.0,0.185416,0.075125,0.0,0.0,0.112034,1.256634,0.0,0.175185,0.161516,0.0,0.0,0.0,0.0,0.212018,0.0,0.09595,0.0,0.413841,0.029593,0.0,0.0,0.205249,0.0,0.312726,0.0,1.06104,0.0,0.644113,0.093656,0.0,0.0,0.102546,1.2e-05,3e-06,0.0,0.056555,0.0457,0.287934,0.0,0.0,0.802651,0.0,0.0,0.0,0.288686,0.066635,0.0,0.0,0.0,0.0,0.0,0.001708,0.0,1.037027,0.07036,0.000236,0.0,0.074702,0.18871,0.0,0.089062,0.12146,0.091178,9e-06,0.000762,0.0,0.771988,0.0,0.0,0.0,0.0,0.094531,3.6e-05,0.0,0.101959,0.089412,0.07935,0.0,0.0,0.409417,0.074725,0.128603,0.065907,1e-06,0.176385,0.0,0.311201,0.0,0.0,0.657528,0.127284,0.244794,0.544274,0.0,0.337783,0.0,0.0,0.004538,0.156682,0.455794,0.083303,4e-06,0.113546,0.087437,0.214657,0.197619,0.218834,0.0,0.0,0.0,0.094518,0.0,0.305399,0.14319,0.128387,0.361865,0.0,0.0,0.0,0.351408,0.0,0.0,0.065515,0.207343,0.537891,0.0,0.0,0.059148,0.0,0.037559,0.063923,0.0,0.604925,0.0,0.0,0.078707,0.0,0.216192,0.237122,0.16385,0.0,0.52187,0.0,0.199383,0.061505,0.0,0.0,0.0,0.0,0.033402,0.063444,1.249872,0.087755,0.0,0.0,0.067503,0.0,0.071102,0.259431,0.093566,0.0,0.0,0.0,0.057644,0.200241,0.0,0.0,0.215115,0.073625,0.36662,0.184031,0.0,0.083101,0.0,1.985704,0.079777,0.031076,0.0,0.26512,1.670408,0.0,0.0,0.105537,0.0,0.0,0.0,0.0,0.077004,0.0,1.368007,0.292051,0.0,0.0,0.090478,0.140539,0.069989,0.063669,0.0,0.0,0.0,0.0,0.0,0.0,0.128828,0.062008,0.042047,0.0,0.051281,0.1039,0.049042,0.060388,0.0,0.093779,0.0,0.162642,0.0,0.086942,0.384956,0.299678,0.0,0.078855,0.072341,0.698425,0.0,0.080241,0.046187,0.0,0.0,0.0,0.095544,0.0,0.0,0.0,0.135807,0.0,0.0,0.0,0.165987,0.0,0.0,0.083314,0.077,0.0,0.105901,0.054819,0.0,0.321644,0.122211,0.0,0.084886,0.0,0.0,0.197645,0.227697,0.106439,0.08064,0.0,0.0,0.0,0.0,0.045997,0.143871,0.074574,0.132877,0.0,0.0,1e-06,0.097535,0.0,0.0,0.103025,0.203565,0.0,0.198217,1.9e-05,0.176961,0.099146,0.235246,0.0,0.0,0.0,0.07479,0.0,0.386489,0.17503,0.0,0.398989,0.0,1e-06,2e-06,0.0,0.08017,0.0,0.084299,0.091624,0.539403,0.0,0.0,0.065306,0.069651,0.215078,0.155878,0.129594,0.0,0.492891,0.0,0.0,0.105851,0.078113,0.0,0.0,0.0,0.550323,0.091592,0.0,0.0,0.222507,0.0,0.0,0.071496,0.081698,0.29181,0.0,0.0,0.0,0.0,0.115736,0.114357,0.0,0.279009,0.22469,0.177555,0.0,0.0,0.0,0.0,0.375933,0.0,0.098943,0.0,0.602445,0.0,0.0,0.0,0.032034,0.106899,0.099091,0.357174,0.256263,0.0,0.116428,0.0,0.109897,0.0,0.286751,0.087173,0.103626,0.036726,0.0,0.183687,0.0,0.0,0.0,0.093641,0.0,0.0,0.0,0.188669,2e-06,0.230016,0.0,0.172662,0.0,0.092105,0.0,0.313303,0.0,0.0,0.086748,0.0,2e-06,1.541136,0.0,0.065204,0.072098,0.213057,0.078133,0.503418,0.210263,0.264971,0.302887,0.096498,0.189181,0.0,4.9e-05,0.199208,0.0,0.0,0.102373,0.135211,0.125326,7e-06,0.121003,0.0,0.0,0.72003,0.0,0.69646,0.0,0.232734,0.0,0.086223,0.0,1.024882,0.0,0.0,0.0,0.0,0.481867,0.060407,0.20024,0.0,0.067114,0.077265,0.0,0.0,0.0,0.0,0.573663,0.0,0.0,0.0,0.064612,0.0,0.432364,0.196584,0.893172,0.095427,0.049025,1.143206,0.086708,0.0,0.0,0.0,0.0,0.230337,0.122015,0.0,0.243903,0.0,0.303897,0.088176,0.0892,0.205562,0.077149,0.708666,0.036894,0.0,5.6e-05,0.001248,0.10382,0.067919,0.0,0.000104,1e-06,0.308334,0.0,0.0,0.0,0.090781,0.0,0.0,0.08459,0.197441,0.188045,0.296485,0.0,0.147585,0.0,0.0,0.080863,0.192931,0.0,0.0
TCGA-37-3792,0.368203,0.0,0.0,0.0,0.0,0.248027,0.0,0.0,0.061341,0.311993,0.245314,0.0,0.0,0.0,0.0,0.291992,0.0,0.292514,0.0,0.0,0.0,0.0,0.0,0.0,0.0,0.0,0.223178,0.0,0.134378,0.234867,0.0,0.0,0.26779,0.919287,0.0,0.045861,0.040946,0.0,0.0,0.0,0.0,0.056937,0.0,0.260894,0.0,0.186058,0.081552,0.0,0.0,0.045596,0.0,0.313038,0.0,0.910839,0.0,0.401039,0.218499,0.0,0.0,0.207474,0.0,0.0,0.0,0.149206,0.109843,0.131666,0.0,0.0,0.613608,0.0,0.0,0.0,0.096494,0.194645,0.0,0.0,0.0,0.0,0.0,0.019937,0.0,0.807195,0.185157,0.005196,0.0,0.145181,0.041153,0.0,0.213175,0.220983,0.16122,3.4e-05,0.000165,0.0,0.523798,0.0,0.0,0.0,0.0,0.210565,0.0,0.0,0.320107,0.301233,0.305094,0.0,0.0,0.353043,0.249502,0.034164,0.148494,1e-06,0.038634,0.0,0.140349,0.0,0.0,0.41094,0.298484,0.068978,0.341312,0.0,0.122835,0.0,2e-06,0.000449,0.051592,0.368325,0.368716,0.0,0.261795,0.254622,0.069151,0.038158,0.058082,0.0,0.0,0.0,0.184135,0.0,0.11458,0.138687,0.037929,0.200825,0.0,0.0,0.0,0.123271,0.0,0.0,0.180452,0.052022,0.32344,0.0,0.0,0.186253,0.0,0.14514,0.213529,0.0,0.3914,0.0,0.0,0.22741,0.0,0.060812,0.048943,0.042039,0.0,0.302401,0.0,0.062736,0.182983,0.0,0.0,0.0,0.0,0.131443,0.190743,0.978799,0.197966,0.0,0.0,0.226057,0.0,0.215945,0.08082,0.239541,0.0,0.0,0.0,0.268599,0.046956,0.0,0.0,0.051874,0.172183,0.342232,0.092187,0.0,0.200643,0.0,1.597264,0.15486,0.158582,0.0,0.165577,1.326024,0.0,0.0,0.359226,0.0,0.0,0.0,0.0,0.023596,0.0,1.05582,0.078713,0.0,0.0,0.273325,0.025893,0.250022,0.198542,0.0,0.0,0.0,0.0,0.0,0.0,0.251626,0.291004,0.163387,0.0,0.108978,0.276071,0.181138,0.194242,0.0,0.016679,0.0,0.033112,0.0,0.307619,0.254815,0.123571,0.0,0.212602,0.179818,0.455801,0.0,0.208352,0.003766,0.0,0.0,0.0,0.192704,0.0,0.0,0.0,0.255691,0.0,0.0,0.0,0.048937,0.0,0.0,0.263283,0.195595,0.0,0.274269,0.221093,0.0,0.174903,0.127398,0.0,0.26967,0.0,0.0,0.044256,0.05685,0.211076,0.257018,0.0,0.0,0.0,0.0,0.191366,0.265616,0.192954,0.2035,0.0,0.0,0.0,0.269952,0.0,0.0,0.19219,0.061656,0.0,0.044596,0.0,0.196595,0.029149,0.204166,0.0,0.0,0.0,0.149024,0.0,0.283841,0.049742,0.0,0.230803,0.0,0.0,0.0,0.0,0.191091,0.0,0.197833,0.213513,0.331606,0.0,0.0,0.223721,0.14821,0.061139,0.054611,0.05023,0.0,0.325392,0.0,0.0,0.284738,0.19447,0.0,0.0,0.0,0.241069,0.181403,0.0,0.0,0.0507,0.0,0.0,0.194506,0.210016,0.08925,0.0,0.0,0.0,0.0,0.266479,0.258156,0.0,0.083988,0.063323,0.037788,0.0,0.0,0.0,0.0,0.145249,0.0,0.264471,0.0,0.451895,0.0,0.0,0.0,0.139879,0.254286,0.26846,0.212776,0.06057,0.0,0.143979,0.0,0.299439,0.0,0.212424,0.184903,0.242036,0.130348,0.0,0.035006,0.0,0.0,0.0,0.286835,0.0,0.0,0.0,0.059175,0.0,0.047185,0.0,0.268696,0.0,0.240801,0.0,0.099136,0.0,0.0,0.236298,0.0,2e-06,1.239578,0.0,0.012537,0.196675,0.06527,0.222572,0.303591,0.046301,0.077195,0.319995,0.200633,0.054111,0.0,0.0,0.14185,0.0,0.0,0.410508,0.234271,0.029033,0.0,0.020392,0.0,0.0,0.442492,0.0,0.453736,0.0,0.25798,0.0,0.205013,0.0,0.739728,0.0,0.0,0.0,0.0,0.135328,0.244352,0.096697,0.0,0.229282,0.178606,0.0,0.0,0.0,0.0,0.445005,0.0,0.0,0.0,0.109172,0.0,0.235162,0.053044,0.692291,0.238617,0.064481,0.825048,0.23415,0.0,0.0,0.0,0.0,0.064104,0.025615,0.0,0.229765,0.0,0.206055,0.183439,0.280751,0.049725,0.22157,0.556893,0.205769,0.0,0.0,0.000169,0.33043,0.247241,0.0,4e-06,0.0,0.105305,0.0,0.0,0.0,0.221783,0.0,0.0,0.161811,0.051723,0.259635,0.087924,0.0,0.237725,0.0,0.0,0.256108,0.041425,0.0,0.0
TCGA-37-4135,0.37757,0.0,0.0,0.0,0.0,0.232972,0.0,0.0,0.049357,0.32213,0.250324,0.0,0.0,0.0,0.0,0.295188,0.0,0.267888,0.0,0.0,0.0,0.0,0.0,0.0,0.0,0.0,0.238034,0.0,0.121283,0.230711,0.0,0.0,0.279449,0.904747,0.0,0.042338,0.03307,0.0,0.0,0.0,0.0,0.055865,0.0,0.272811,0.0,0.173891,0.07687,0.0,0.0,0.034536,0.0,0.311831,0.0,0.923162,0.0,0.382862,0.228856,0.0,0.0,0.200551,0.0,0.0,0.0,0.144442,0.080564,0.128842,0.0,0.0,0.595114,0.0,0.0,0.0,0.100048,0.19867,0.0,0.0,2.3e-05,0.0,0.0,0.002807,3e-06,0.788409,0.175299,0.017215,0.0,0.131553,0.040195,0.0,0.208667,0.224053,0.16246,0.0,0.000154,0.0,0.514078,0.0,0.0,0.0,0.0,0.205648,0.0,0.0,0.346151,0.302885,0.297744,0.0,0.0,0.328418,0.242894,0.028842,0.144813,8e-06,0.039251,0.0,0.127188,0.0,0.0,0.387592,0.299466,0.058808,0.33568,0.0,0.103246,0.0,0.0,0.000437,0.038295,0.3514,0.383262,0.0,0.279987,0.275988,0.069391,0.035888,0.051739,0.0,0.0,0.0,0.16279,0.0,0.121637,0.144385,0.032256,0.18038,0.0,0.0,0.0,0.118236,0.0,0.0,0.190696,0.041577,0.310419,0.0,0.0,0.189026,0.0,0.14223,0.20141,0.0,0.369095,0.0,0.0,0.248235,0.0,0.05983,0.040253,0.041806,0.0,0.290774,0.0,0.055851,0.175829,0.0,0.0,0.0,0.0,0.121875,0.196073,0.945864,0.173466,0.0,0.0,0.232546,0.0,0.217443,0.070081,0.22252,0.0,0.0,0.0,0.265386,0.033862,0.0,0.0,0.041152,0.159746,0.351135,0.081296,0.0,0.211394,0.0,1.562802,0.144464,0.148928,0.0,0.158285,1.303698,0.0,0.0,0.370546,0.0,0.0,0.0,0.0,0.029681,0.0,1.029941,0.059152,0.0,0.0,0.275345,0.019253,0.240108,0.185113,0.0,0.0,0.0,0.0,0.0,0.0,0.272154,0.286067,0.164149,0.0,0.088194,0.27439,0.177268,0.176062,0.0,0.012752,0.0,0.024731,0.0,0.326524,0.25225,0.128399,0.0,0.208071,0.163578,0.437745,0.0,0.20806,0.00257,0.0,0.0,0.0,0.20811,0.0,0.0,0.0,0.257792,0.0,0.0,0.0,0.046158,0.0,0.0,0.263884,0.187767,0.0,0.282206,0.224462,0.0,0.191684,0.111578,0.0,0.283604,0.0,0.0,0.046246,0.064282,0.199598,0.251735,0.0,0.0,0.0,0.0,0.191186,0.256948,0.187154,0.200742,0.0,0.0,0.0,0.285754,0.0,0.0,0.189503,0.056018,0.0,0.049364,0.0,0.176258,0.035973,0.190839,0.0,0.0,0.0,0.140253,0.0,0.288826,0.047944,0.0,0.233496,0.0,0.0,0.0,0.0,0.187528,0.0,0.212525,0.22963,0.306687,0.0,0.0,0.226533,0.148474,0.06052,0.042549,0.053133,0.0,0.334559,0.0,0.0,0.300716,0.190546,0.0,0.0,0.0,0.234145,0.166522,0.0,0.0,0.048772,0.0,0.0,0.188469,0.224188,0.078925,0.0,0.0,0.0,0.0,0.275394,0.257427,0.0,0.063015,0.066638,0.035066,0.0,0.0,0.0,0.0,0.113091,0.0,0.288446,0.0,0.441736,0.0,0.0,0.0,0.116254,0.251694,0.269242,0.217081,0.045456,0.0,0.131796,0.0,0.295883,0.0,0.219223,0.169666,0.241382,0.11309,0.0,0.033816,0.0,0.0,0.0,0.291471,0.0,0.0,0.0,0.052279,0.0,0.047095,0.0,0.278847,0.0,0.251804,0.0,0.078411,0.0,0.0,0.229002,0.0,0.0,1.234787,0.0,0.024242,0.194873,0.054488,0.232781,0.30015,0.039849,0.063263,0.301744,0.195598,0.057135,0.0,0.0,0.138092,0.0,0.0,0.425226,0.242514,0.033536,0.0,0.02064,0.0,0.0,0.429337,0.0,0.437993,0.0,0.252065,0.0,0.230744,0.0,0.729086,0.0,0.0,0.0,0.0,0.114458,0.248928,0.096219,0.0,0.232038,0.184485,0.0,0.0,0.0,2e-06,0.445861,0.0,0.0,0.0,0.090989,0.0,0.225815,0.050487,0.680093,0.232457,0.068382,0.816412,0.234009,0.0,0.0,0.0,0.0,0.056044,0.017138,0.0,0.234387,0.0,0.186909,0.184464,0.271975,0.038837,0.215334,0.556434,0.210267,0.0,4e-06,0.000142,0.336726,0.249186,0.0,3.1e-05,0.0,0.069713,0.0,0.0,0.0,0.236245,0.0,0.0,0.177678,0.048182,0.265175,0.075511,0.0,0.258988,0.0,0.0,0.257502,0.034316,0.0,0.0
TCGA-38-4630,0.209194,0.0,0.0,0.0,0.0,0.178781,0.0,0.0,0.1234,0.195705,0.161728,0.0,0.0,0.0,0.0,0.163264,0.0,0.272832,0.0,0.0,0.0,0.0,0.0,0.0,0.0,0.0,0.156503,0.0,0.150985,0.140367,0.0,0.0,0.175184,1.049269,0.0,0.100384,0.090563,0.0,0.0,0.0,0.0,0.116448,0.0,0.159138,0.0,0.288336,0.057561,0.0,0.0,0.131229,0.0,0.317306,0.0,0.950209,0.0,0.503722,0.150266,0.0,0.0,0.150601,1e-06,0.0,0.0,0.085674,0.088989,0.194481,1e-06,0.0,0.673162,0.0,0.0,0.0,0.178006,0.122791,0.0,0.0,0.0,0.0,0.0,0.017183,0.0,0.888118,0.128164,0.000291,0.0,0.116678,0.111913,0.0,0.143529,0.152474,0.130464,0.000112,0.000923,0.0,0.6167,0.0,0.0,0.0,0.0,0.148728,1e-06,0.0,0.192219,0.185241,0.198767,0.0,0.0,0.372143,0.157039,0.074887,0.08561,0.0,0.096558,0.0,0.208119,0.0,0.0,0.52514,0.201908,0.137528,0.431445,0.0,0.225998,0.0,0.0,0.00199,0.105081,0.384734,0.206185,0.0,0.16993,0.16648,0.131236,0.108915,0.129251,0.0,0.0,0.0,0.13294,0.0,0.203046,0.14503,0.083874,0.274876,0.0,0.0,0.0,0.223566,0.0,0.0,0.117247,0.11625,0.411845,0.0,0.0,0.112735,0.0,0.083646,0.130279,0.0,0.467956,0.0,0.0,0.129346,0.0,0.124176,0.134618,0.105629,0.0,0.397796,0.0,0.134486,0.119634,0.0,0.0,0.0,0.0,0.074858,0.118591,1.074132,0.152391,0.0,1e-06,0.145406,0.0,0.140765,0.165532,0.163123,0.0,0.0,0.0,0.149884,0.120271,0.0,0.0,0.132911,0.125622,0.335744,0.133852,0.0,0.127837,0.0,1.719274,0.107643,0.088539,0.0,0.198728,1.442398,0.0,0.0,0.202396,0.0,0.0,0.0,0.0,0.048584,0.0,1.166064,0.190063,0.0,0.0,0.166154,0.073532,0.152236,0.109991,0.0,0.0,0.0,0.0,0.0,0.0,0.180237,0.158101,0.103793,0.0,0.079265,0.184752,0.113089,0.123525,0.0,0.042592,0.0,0.093747,0.0,0.18052,0.295209,0.205581,0.0,0.145937,0.12677,0.554945,0.0,0.14497,0.016406,0.0,0.0,0.0,0.133065,0.0,0.0,0.0,0.190637,0.0,0.0,0.0,0.111247,0.0,0.0,0.145632,0.130081,0.0,0.18526,0.126391,0.0,0.219928,0.128501,0.0,0.149856,0.0,0.0,0.11811,0.136633,0.157071,0.174506,0.0,0.0,0.0,0.0,0.120998,0.193142,0.123017,0.16752,0.0,0.0,0.0,0.183498,0.0,0.0,0.144023,0.130562,0.0,0.114155,0.0,0.189314,0.067142,0.20458,0.0,0.0,0.0,0.098497,0.0,0.32522,0.112716,0.0,0.29691,0.0,0.0,0.0,0.0,0.135399,0.0,0.125371,0.147126,0.41335,0.0,0.0,0.156249,0.115964,0.120386,0.107939,0.078806,0.0,0.39221,0.0,0.0,0.168177,0.130595,0.0,0.0,0.0,0.372056,0.138269,0.0,0.0,0.124631,0.0,0.0,0.125886,0.128038,0.192033,0.0,0.0,0.0,0.0,0.169326,0.178374,0.0,0.184378,0.136895,0.110129,0.0,0.0,0.0,0.0,0.262668,0.0,0.165064,0.0,0.500329,0.0,0.0,0.0,0.068157,0.17769,0.176152,0.242081,0.155838,0.0,0.136499,0.0,0.187846,0.0,0.23609,0.146285,0.156252,0.098541,0.0,0.09914,0.0,0.0,0.0,0.182608,0.0,0.0,0.0,0.13101,0.0,0.12644,0.0,0.216683,0.0,0.170373,0.0,0.203861,0.0,0.0,0.163825,0.0,0.0,1.356026,0.0,0.030994,0.128593,0.140378,0.132612,0.382449,0.126847,0.159097,0.301915,0.147562,0.112701,0.0,0.0,0.150646,0.0,0.0,0.238438,0.168238,0.061336,0.0,0.065009,0.0,1.3e-05,0.569743,0.0,0.565236,0.0,0.240905,0.0,0.12523,0.0,0.845571,0.0,0.0,0.0,0.0,0.290015,0.149931,0.14643,0.0,0.126268,0.1341,0.0,0.0,0.0,0.0,0.493907,0.0,0.0,0.0,0.079516,0.0,0.312968,0.100217,0.766792,0.164534,0.060204,0.944762,0.140875,0.0,0.0,0.0,0.0,0.136422,0.064372,0.0,0.233657,0.0,0.258819,0.129788,0.183992,0.123229,0.149319,0.605782,0.110696,0.0,8e-06,0.000803,0.20923,0.152761,0.0,1.4e-05,0.0,0.202891,0.0,0.0,0.0,0.137561,0.0,0.0,0.125247,0.126033,0.218991,0.179749,0.0,0.177587,0.0,0.0,0.156539,0.109082,0.0,0.0
TCGA-38-A44F,0.202815,0.0,0.0,0.0,0.0,0.146019,0.0,3e-06,0.153079,0.1849,0.150233,0.0,3e-06,0.0,0.0,0.141523,0.0,0.273525,0.0,0.0,0.0,0.0,0.0,0.0,0.0,0.0,0.1439,0.0,0.166381,0.119333,0.0,0.0,0.157901,1.176472,0.0,0.134156,0.116844,0.0,0.0,0.0,0.0,0.156754,0.0,0.164441,0.0,0.330804,0.056985,0.0,0.0,0.14871,0.0,0.330187,0.0,1.045511,0.0,0.568762,0.136736,0.0,0.0,0.135511,0.0,0.0,0.0,0.073612,0.048937,0.238742,0.0,0.0,0.754155,0.0,0.0,0.0,0.216334,0.114185,0.0,0.0,0.0,0.0,0.0,0.012026,0.0,0.983652,0.114735,0.008825,0.0,0.089898,0.151868,0.0,0.129359,0.161871,0.123224,5e-06,0.000355,0.0,0.701359,0.0,0.0,0.0,2e-06,0.146052,0.0,0.0,0.182877,0.166248,0.170316,0.0,0.0,0.388016,0.118113,0.106074,0.082975,0.0,0.133211,0.0,0.25176,0.0,0.0,0.572697,0.189839,0.190973,0.496915,0.0,0.269597,0.0,0.0,0.00167,0.127747,0.442332,0.193925,0.0,0.170137,0.146981,0.177595,0.146065,0.173191,0.0,0.0,0.0,0.120255,0.0,0.244935,0.136496,0.107773,0.312528,0.0,0.0,0.0,0.264036,0.0,0.0,0.120556,0.161237,0.46899,0.0,0.0,0.10644,0.0,0.077174,0.118449,0.0,0.536778,0.0,0.0,0.122698,0.0,0.17092,0.182114,0.137249,0.0,0.454451,0.0,0.163832,0.104421,0.0,0.0,0.0,0.0,0.077159,0.100344,1.191153,0.120921,2e-06,0.0,0.125168,0.0,0.134617,0.210899,0.136376,0.0,0.0,0.0,0.125364,0.159706,0.0,0.0,0.168189,0.097992,0.369104,0.156094,0.0,0.134946,0.0,1.90456,0.088339,0.06826,0.0,0.240459,1.597424,0.0,0.0,0.190474,0.0,0.0,0.0,0.0,0.064571,0.0,1.287398,0.228903,0.0,0.0,0.158328,0.101481,0.146722,0.100695,0.0,0.0,0.0,0.0,0.0,0.0,0.190067,0.15852,0.089888,0.0,0.060014,0.165616,0.100013,0.114671,0.0,0.059453,0.0,0.118457,0.0,0.172129,0.352918,0.233766,0.0,0.127651,0.109211,0.62826,0.0,0.125506,0.031832,0.0,0.0,0.0,0.137427,0.0,0.0,0.0,0.184,0.0,0.0,0.0,0.117085,0.0,5e-06,0.139597,0.108976,0.0,0.17704,0.103274,0.0,0.283434,0.124942,0.0,0.144848,0.0,0.0,0.146273,0.176092,0.135963,0.151473,0.0,0.0,0.0,0.0,0.099097,0.178568,0.116941,0.145494,0.0,0.0,0.0,0.157936,0.0,0.0,0.141421,0.164955,0.0,0.149701,1e-06,0.184359,0.085706,0.223615,0.0,0.0,0.0,0.107524,0.0,0.36464,0.13637,0.0,0.357089,0.0,0.0,0.0,0.0,0.125922,0.0,0.122235,0.136534,0.485159,0.0,0.0,0.123286,0.095284,0.157152,0.13049,0.090603,0.0,0.457465,0.0,0.0,0.168183,0.118824,0.0,0.0,0.0,0.44495,0.124419,0.0,0.0,0.169481,0.0,0.0,0.117309,0.133638,0.233841,0.0,0.0,0.0,0.0,0.162886,0.159971,0.0,0.213865,0.182653,0.150042,0.0,0.0,0.0,0.0,0.289064,0.0,0.159515,0.0,0.555033,0.0,0.0,0.0,0.068426,0.161846,0.154614,0.305111,0.191146,0.0,0.125264,0.0,0.164407,0.0,0.257599,0.119022,0.152315,0.080453,0.0,0.129209,0.0,0.0,0.0,0.157002,0.0,0.0,0.0,0.14185,0.0,0.171535,0.0,0.207516,0.0,0.146571,0.0,0.254465,0.0,0.0,0.1413,0.0,3.3e-05,1.483227,0.0,0.061898,0.106393,0.172065,0.126894,0.448528,0.165245,0.199201,0.30772,0.135768,0.153924,0.0,0.0,0.163888,0.0,0.0,0.22407,0.159012,0.08798,0.0,0.078179,0.0,0.0,0.626897,0.0,0.628167,0.0,0.248573,0.0,0.13798,0.0,0.958233,0.0,0.0,0.0,0.0,0.384844,0.131189,0.180239,0.0,0.117279,0.119101,0.0,0.0,0.0,1e-06,0.541529,0.0,0.0,0.0,0.084934,0.0,0.386865,0.137178,0.856399,0.144593,0.074427,1.063522,0.139396,0.0,0.0,0.0,0.0,0.174406,0.085922,0.0,0.239373,0.0,0.270704,0.121851,0.148779,0.161905,0.131565,0.680935,0.098159,0.0,0.0,0.001549,0.179426,0.132619,0.0,9e-06,0.0,0.241133,0.0,0.0,0.0,0.135852,0.0,0.0,0.136761,0.147203,0.21735,0.224276,0.0,0.189078,0.0,0.0,0.136445,0.147975,0.0,0.0
TCGA-39-5034,0.422563,0.0,0.0,0.0,0.0,0.248629,0.0,0.0,0.02969,0.345935,0.274843,0.0,0.0,0.0,0.0,0.325708,0.0,0.287937,0.0,0.0,0.0,0.0,0.0,0.0,0.0,0.0,0.277528,0.0,0.130716,0.271997,0.0,0.0,0.285693,0.849944,0.0,0.021316,0.023612,0.0,1e-06,0.0,0.0,0.030261,0.0,0.28219,0.0,0.148658,0.090836,0.0,0.0,0.030398,0.0,0.323312,0.0,0.860638,0.0,0.340734,0.269544,0.0,0.0,0.232898,3e-06,0.0,4e-06,0.186797,0.107933,0.10073,0.0,0.0,0.593816,0.0,0.0,0.0,0.047814,0.254405,0.0,0.0,0.0,0.0,0.0,0.017667,0.0,0.76483,0.211072,0.006668,0.0,0.170539,0.028446,0.0,0.251477,0.268989,0.210196,0.000336,0.000375,0.0,0.480934,0.0,0.0,0.0,1e-06,0.261571,1.5e-05,0.0,0.360521,0.356931,0.355218,0.0,0.0,0.328231,0.27567,0.023867,0.180968,0.0,0.023549,0.0,0.095966,0.0,0.0,0.365406,0.321647,0.042901,0.304059,0.0,0.078478,0.0,0.0,0.000728,0.025578,0.376059,0.443149,0.0,0.308205,0.31577,0.040669,0.028448,0.039437,0.0,0.0,0.0,0.18606,0.0,0.095905,0.127104,0.027391,0.16683,0.0,0.0,0.0,0.066374,0.0,0.0,0.205862,0.027357,0.24425,0.0,0.0,0.203025,0.0,0.188821,0.246588,0.0,0.30874,0.0,0.0,0.28545,0.0,0.044943,0.03906,0.036959,0.0,0.293557,0.0,0.05117,0.221949,0.0,0.0,1.1e-05,0.0,0.140999,0.236235,0.907661,0.208096,0.0,0.0,0.244991,0.0,0.244859,0.050043,0.261405,0.0,0.0,0.0,0.322418,0.032796,0.0,2e-06,0.036997,0.187732,0.326026,0.078351,0.0,0.269197,0.0,1.497363,0.17476,0.193978,0.0,0.129319,1.23477,0.0,0.0,0.405126,0.0,0.0,0.0,0.0,0.035461,0.0,0.991889,0.046468,0.0,0.0,0.330701,0.018547,0.310052,0.229398,0.0,0.0,0.0,0.0,0.0,0.0,0.29641,0.339592,0.19167,0.0,0.113102,0.335322,0.240438,0.259799,0.0,0.014246,0.0,0.022821,0.0,0.375266,0.2257,0.089674,0.0,0.233026,0.21037,0.422438,0.0,0.230203,0.016827,0.0,1e-06,0.0,0.212859,0.0,0.0,0.0,0.286387,0.0,0.0,0.0,0.042668,0.0,0.0,0.302291,0.203662,0.0,0.340473,0.259564,0.0,0.155369,0.130838,0.0,0.312022,0.0,0.0,0.032224,0.03259,0.2419,0.28729,0.0,0.0,0.0,0.0,0.216378,0.28342,0.225045,0.202101,0.0,0.0,0.0,0.320155,0.0,0.0,0.229536,0.030352,0.0,0.031885,0.0,0.187809,0.029828,0.172022,0.0,0.0,0.0,0.173764,0.0,0.25921,0.024678,0.0,0.194777,0.0,0.0,0.0,0.0,0.206755,0.0,0.232992,0.257704,0.313512,0.0,0.0,0.275871,0.151012,0.034834,0.034356,0.043021,0.0,0.268386,0.0,3.9e-05,0.350109,0.227885,0.0,0.0,0.0,0.181143,0.184924,0.0,0.0,0.035231,0.0,0.0,0.248237,0.267924,0.062926,0.0,0.0,0.0,0.0,0.314917,0.274541,0.0,0.046071,0.049193,0.032723,0.0,0.0,0.0,0.0,0.075003,0.0,0.308469,0.0,0.431265,0.0,0.0,0.0,0.196546,0.296241,0.327687,0.18419,0.04372,0.0,0.148183,0.0,0.326884,0.0,0.180475,0.205119,0.303924,0.158612,0.0,0.026437,0.0,0.0,0.0,0.357431,1e-06,0.0,0.0,0.025064,0.0,0.032754,0.0,0.305878,0.0,0.252649,0.0,0.057923,0.0,0.0,0.277133,0.0,4e-06,1.153859,0.0,0.015101,0.207263,0.031073,0.261075,0.25009,0.029666,0.037541,0.33794,0.263465,0.030906,0.0,0.0,0.143571,0.0,0.0,0.457629,0.256919,0.013813,2e-06,0.018253,0.0,1e-06,0.371543,1e-06,0.392075,0.0,0.263313,0.0,0.272845,0.0,0.69231,0.0,0.0,0.0,0.0,0.085056,0.28765,0.06182,0.0,0.299835,0.176942,0.0,0.0,0.0,0.0,0.423833,0.0,0.0,0.0,0.139021,0.0,0.18961,0.030585,0.623527,0.272982,0.057114,0.765497,0.266516,0.0,0.0,0.0,0.0,0.035909,0.021393,0.0,0.232996,0.0,0.158259,0.219153,0.325064,0.029128,0.237423,0.501283,0.250467,0.0,0.0,0.000228,0.383421,0.278927,0.0,0.0,0.0,0.054406,0.0,0.0,0.0,0.257723,0.0,0.0,0.203499,0.029312,0.283205,0.048184,0.0,0.263876,0.0,0.0,0.275576,0.02599,0.0,0.0
TCGA-43-3394,0.225291,0.0,0.0,0.0,0.0,0.179587,0.0,1e-06,0.122213,0.200209,0.165432,6e-06,0.0,0.0,0.0,0.165445,0.0,0.270846,0.0,0.0,0.0,0.0,0.0,0.0,0.0,0.0,0.160913,0.0,0.16068,0.142193,0.0,0.0,0.186599,1.068801,1e-06,0.106615,0.08763,0.0,0.0,0.0,0.0,0.121472,0.0,0.172243,0.0,0.301948,0.058529,0.0,0.0,0.124709,0.0,0.326773,0.0,0.972001,0.0,0.505116,0.157918,0.0,0.0,0.156398,1e-06,0.0,0.0,0.093544,0.081079,0.191171,0.0,0.0,0.69186,0.0,0.0,0.0,0.182152,0.125289,0.0,0.0,0.0,0.0,0.0,0.012659,0.0,0.89559,0.130047,0.000786,0.0,0.113007,0.110326,0.0,0.14737,0.161608,0.131289,0.000101,0.001887,0.0,0.637759,0.0,0.0,0.0,0.0,0.157929,1.2e-05,0.0,0.207634,0.181846,0.190796,0.0,0.0,0.374679,0.150547,0.079005,0.098649,5e-06,0.099226,0.0,0.216085,6e-06,0.0,0.532297,0.201424,0.143199,0.4386,0.0,0.24083,0.0,0.0,0.003566,0.102189,0.402138,0.207794,7e-06,0.18252,0.167186,0.128023,0.106015,0.131853,0.0,0.0,0.0,0.129446,0.0,0.201638,0.155092,0.081686,0.270533,0.0,0.0,0.0,0.232892,0.0,0.0,0.12024,0.121396,0.428261,0.0,0.0,0.118236,0.0,0.082458,0.138857,0.0,0.476947,0.0,0.0,0.145466,0.0,0.131783,0.14265,0.088792,0.0,0.40413,0.0,0.121328,0.117857,0.0,0.0,0.0,0.0,0.077688,0.125544,1.093544,0.142058,0.0,3.5e-05,0.147342,0.0,0.144697,0.180029,0.16616,0.0,0.0,0.0,0.149694,0.117831,0.0,0.0,0.128035,0.127266,0.356313,0.129375,0.0,0.137044,0.0,1.764757,0.118631,0.084414,0.0,0.200198,1.475974,0.0,0.0,0.208057,0.0,0.0,0.0,0.0,0.062622,0.0,1.180176,0.18702,0.0,0.0,0.166507,0.075435,0.148493,0.116111,0.0,0.0,0.0,0.0,0.0,0.0,0.192555,0.160749,0.106056,0.0,0.082117,0.178085,0.116781,0.124845,0.0,0.049409,0.0,0.090382,0.0,0.182911,0.304448,0.216887,0.0,0.149293,0.12716,0.562901,0.0,0.145422,0.017212,0.0,0.0,0.0,0.140963,0.0,0.0,0.0,0.19748,0.0,0.0,0.0,0.102644,0.0,0.0,0.155175,0.134852,0.0,0.178258,0.125459,0.0,0.23119,0.130636,0.0,0.164325,0.0,0.0,0.109038,0.136474,0.153209,0.165037,0.0,0.0,0.0,0.0,0.124455,0.202597,0.12959,0.168386,0.0,0.0,0.0,0.178642,0.0,0.0,0.15723,0.135926,0.0,0.11534,0.0,0.187631,0.071293,0.223341,0.0,0.0,2e-06,0.116395,0.0,0.347247,0.10452,0.0,0.311303,1e-06,0.0,0.0,0.0,0.148282,0.0,0.132269,0.15301,0.433582,0.0,0.0,0.146554,0.11645,0.124084,0.095093,0.081267,0.0,0.406356,0.0,0.0,0.180254,0.136568,0.0,0.0,0.0,0.392056,0.13139,0.0,0.0,0.127976,0.0,0.0,0.134778,0.144201,0.193107,0.0,0.0,0.0,0.0,0.183932,0.184647,0.0,0.184472,0.14029,0.106822,0.0,0.0,0.0,0.0,0.25516,0.0,0.175264,0.0,0.521093,0.0,0.0,0.0,0.069787,0.185883,0.178291,0.267886,0.148678,0.0,0.138344,0.0,0.189636,0.0,0.238787,0.147416,0.157203,0.092044,0.0,0.100754,0.0,0.0,0.0,0.182425,0.0,0.0,0.0,0.129044,0.0,0.127261,0.0,0.212079,0.0,0.173554,0.0,0.213683,0.0,0.0,0.155264,0.0,1e-06,1.385314,0.0,0.03243,0.122373,0.139556,0.142942,0.386321,0.129459,0.159233,0.30647,0.143925,0.12108,0.0,1e-06,0.151414,0.0,0.0,0.242167,0.177466,0.074821,0.0,0.061885,0.0,0.0,0.568246,0.0,0.581447,0.0,0.247856,0.0,0.138404,0.0,0.867747,1e-06,0.0,0.0,0.0,0.296372,0.153055,0.150828,0.0,0.13143,0.139151,0.0,0.0,0.0,0.0,0.508967,0.0,0.0,0.0,0.08021,0.0,0.320919,0.105667,0.776585,0.163939,0.04654,0.968055,0.155796,0.0,0.0,0.0,0.0,0.136252,0.062883,0.0,0.240323,0.0,0.247147,0.131607,0.178377,0.118074,0.151425,0.629659,0.105916,0.0,2.1e-05,0.00168,0.204549,0.156248,0.0,1e-05,0.0,0.199886,0.0,0.0,0.0,0.14583,0.0,0.0,0.123005,0.125625,0.222455,0.182713,0.0,0.187065,0.0,0.0,0.16159,0.11162,0.0,0.0
TCGA-43-5668,0.286069,0.0,0.0,0.0,0.0,0.201714,0.0,5e-06,0.093367,0.248084,0.201784,1e-06,0.0,0.0,0.0,0.228642,0.0,0.280595,0.0,0.0,0.0,0.0,0.0,0.0,0.0,0.0,0.181156,0.0,0.13801,0.166948,1e-06,0.0,0.208267,1.026883,0.0,0.092966,0.069801,0.0,0.0,0.0,0.0,0.099958,0.0,0.213833,0.0,0.240376,0.072315,0.0,0.0,0.09153,0.0,0.322774,0.0,0.9797,0.0,0.475234,0.181001,0.0,0.0,0.175133,1e-06,0.0,0.0,0.095861,0.06768,0.18905,9e-06,0.0,0.663514,0.0,0.0,0.0,0.138964,0.153142,0.0,0.0,0.0,0.0,0.0,0.021515,0.0,0.890902,0.147997,0.012933,0.0,0.119275,0.093051,0.0,0.169278,0.191961,0.136914,1e-06,0.000305,0.0,0.601205,0.0,0.0,0.0,0.0,0.179664,0.0,0.0,0.26076,0.23398,0.25381,0.0,0.0,0.363029,0.173437,0.075404,0.103124,3e-06,0.083756,0.0,0.195052,0.0,0.0,0.482528,0.255998,0.116035,0.417806,0.0,0.19086,0.0,0.0,0.00082,0.092248,0.392054,0.295994,0.0,0.213866,0.199116,0.11543,0.087082,0.107483,0.0,0.0,0.0,0.148752,0.0,0.167008,0.135074,0.076242,0.257388,0.0,0.0,0.0,0.172894,0.0,0.0,0.150296,0.097967,0.389538,0.0,0.0,0.150817,0.0,0.111223,0.170323,0.0,0.449747,0.0,0.0,0.168988,0.0,0.108919,0.110974,0.088984,0.0,0.358695,0.0,0.111682,0.145677,0.0,0.0,0.0,0.0,0.109428,0.143055,1.082888,0.157472,0.0,0.0,0.183063,0.0,0.185677,0.139677,0.192064,0.0,0.0,0.0,0.192098,0.098432,1e-06,0.0,0.108325,0.128707,0.348571,0.118164,0.0,0.166832,0.0,1.745479,0.111165,0.108936,0.0,0.199789,1.453282,0.0,0.0,0.278196,0.0,0.0,0.0,0.0,0.037955,0.0,1.150832,0.146785,0.0,0.0,0.212957,0.053948,0.206709,0.142429,0.0,0.0,0.0,0.0,0.0,0.0,0.224328,0.23465,0.133436,0.0,0.080349,0.216281,0.136147,0.153342,0.0,0.038565,0.0,0.073139,0.0,0.239184,0.295121,0.164861,0.0,0.168816,0.138822,0.528606,0.0,0.177255,0.010378,0.0,0.0,0.0,0.164525,0.0,0.0,0.0,0.221887,0.0,0.0,0.0,0.077119,0.0,0.0,0.19898,0.150811,0.0,0.223197,0.151234,0.0,0.222244,0.139908,0.0,0.207783,0.0,0.0,0.08519,0.105181,0.172529,0.221138,0.0,0.0,0.0,0.0,0.153826,0.222685,0.156239,0.181414,0.0,0.0,0.0,0.21696,0.0,0.0,0.161614,0.112986,0.0,0.091625,1e-06,0.182149,0.06088,0.222635,0.0,0.0,0.0,0.132546,0.0,0.321573,0.089589,0.0,0.295137,1e-06,1e-06,4.7e-05,0.0,0.170068,0.0,0.152357,0.178605,0.399569,0.0,0.0,0.184377,0.121833,0.092932,0.088698,0.064506,0.0,0.396145,0.0,0.0,0.217703,0.158135,0.0,0.0,0.0,0.315289,0.148727,0.0,0.0,0.103276,0.0,0.0,0.156431,0.1698,0.160143,0.0,0.0,0.0,0.0,0.205762,0.211041,0.0,0.146993,0.127062,0.088153,0.0,0.0,0.0,0.0,0.20748,0.0,0.215631,0.0,0.487245,0.0,0.0,0.0,0.085695,0.212507,0.207161,0.235529,0.117837,0.0,0.127339,0.0,0.227687,0.0,0.23334,0.147519,0.187689,0.111317,0.0,0.076052,0.0,0.0,0.0,0.207983,0.0,0.0,0.0,0.109759,0.0,0.093537,0.0,0.229698,0.0,0.209196,0.0,0.175386,0.0,0.0,0.187811,0.0,1.8e-05,1.360438,1e-06,0.047681,0.139958,0.119158,0.172716,0.36765,0.106072,0.1214,0.304019,0.159121,0.097585,0.0,0.0,0.14307,0.0,0.0,0.340448,0.193531,0.054582,0.0,0.04247,0.0,0.0,0.517196,0.0,0.536997,0.0,0.249942,0.0,0.173129,0.0,0.827248,5e-06,0.0,0.0,0.0,0.245342,0.199803,0.133877,0.0,0.165959,0.156023,0.0,0.0,0.0,0.0,0.487867,0.0,0.0,0.0,0.08473,0.0,0.306274,0.081501,0.782017,0.197708,0.081532,0.93393,0.189413,0.0,0.0,0.0,0.0,0.111845,0.049037,0.0,0.225923,0.0,0.242442,0.145785,0.216226,0.103348,0.180219,0.60444,0.151723,0.0,4e-06,0.000399,0.258076,0.194324,0.0,5e-06,0.0,0.165136,0.0,0.0,0.0,0.171056,0.0,0.0,0.147201,0.097573,0.23282,0.14345,0.0,0.210746,0.0,0.0,0.201693,0.095102,0.0,0.0
TCGA-43-A475,0.288853,0.0,0.0,0.0,0.0,0.201213,0.0,0.0,0.092173,0.249363,0.205393,0.0,0.0,0.0,0.0,0.224418,0.0,0.271297,0.0,0.0,0.0,0.0,0.0,0.0,0.0,0.0,0.18136,0.0,0.138854,0.164207,0.0,0.0,0.206869,0.982177,0.0,0.086015,0.069234,0.0,0.0,0.0,0.0,0.088027,0.0,0.223314,0.0,0.224923,0.068737,0.0,0.0,0.083821,0.0,0.314254,0.0,0.928054,0.0,0.449935,0.166585,0.0,0.0,0.177886,0.0,0.0,0.0,0.098597,0.069765,0.173519,0.0,0.0,0.624844,0.0,0.0,0.0,0.124647,0.153723,0.0,0.0,0.0,0.0,0.0,0.019237,0.0,0.835566,0.159334,0.005374,0.0,0.120809,0.082486,0.0,0.156076,0.187802,0.143315,8e-06,9.6e-05,0.0,0.564611,0.0,0.0,0.0,0.0,0.176206,0.0,0.0,0.260577,0.234231,0.246881,0.0,0.0,0.340469,0.177821,0.059011,0.105468,4e-06,0.068739,0.0,0.17989,0.0,0.0,0.449344,0.248299,0.100971,0.381525,0.0,0.170979,0.0,0.0,0.000536,0.082371,0.371822,0.290916,0.0,0.221424,0.197337,0.092703,0.070872,0.094504,0.0,0.0,0.0,0.135593,0.0,0.154053,0.137927,0.067102,0.233392,0.0,0.0,0.0,0.168673,0.0,0.0,0.150907,0.094572,0.362987,0.0,0.0,0.150299,0.0,0.110884,0.169196,0.0,0.422217,0.0,0.0,0.160782,0.0,0.101506,0.099022,0.074614,0.0,0.330207,0.0,0.093355,0.136194,0.0,0.0,0.0,0.0,0.104987,0.137686,1.025983,0.158614,0.0,0.0,0.1821,0.0,0.18544,0.123222,0.1833,0.0,0.0,0.0,0.195368,0.084203,0.0,0.0,0.08926,0.134625,0.327855,0.104618,0.0,0.162387,0.0,1.663704,0.109927,0.109267,0.0,0.192339,1.382984,0.0,0.0,0.270554,0.0,0.0,0.0,0.0,0.040122,0.0,1.086303,0.132694,0.0,0.0,0.207722,0.049853,0.197413,0.139517,0.0,0.0,0.0,0.0,0.0,0.0,0.217687,0.224821,0.133466,0.0,0.080275,0.215979,0.136586,0.153626,0.0,0.029814,0.0,0.071321,0.0,0.243189,0.278124,0.161405,0.0,0.171722,0.135776,0.500868,0.0,0.16753,0.008004,0.0,0.0,0.0,0.161846,0.0,0.0,0.0,0.219515,0.0,0.0,0.0,0.072091,0.0,1e-06,0.187589,0.145453,0.0,0.218861,0.150584,0.0,0.19407,0.12451,0.0,0.21148,0.0,0.0,0.06955,0.095346,0.165663,0.211992,0.0,0.0,1e-06,0.0,0.148801,0.221006,0.15106,0.181696,0.0,0.0,0.0,0.220361,0.0,0.0,0.169018,0.101633,0.0,0.078946,1e-06,0.182469,0.051974,0.20607,0.0,0.0,0.0,0.131448,0.0,0.305677,0.071217,0.0,0.27245,0.0,0.0,0.0,0.0,0.161727,0.0,0.152681,0.176026,0.37136,0.0,2e-06,0.179674,0.121101,0.077465,0.089333,0.061736,0.0,0.369584,0.0,0.0,0.220113,0.156618,0.0,0.0,0.0,0.288854,0.153475,0.0,0.0,0.098567,0.0,0.0,0.158133,0.16796,0.148375,0.0,0.0,0.0,0.0,0.206859,0.212087,0.0,0.130969,0.112333,0.081886,0.0,0.0,0.0,0.0,0.183771,0.0,0.212724,0.0,0.460945,0.0,0.0,0.0,0.081082,0.211242,0.209166,0.225099,0.098357,0.0,0.129922,0.0,0.220859,0.0,0.216981,0.157896,0.194181,0.114052,0.0,0.064797,0.0,0.0,0.0,0.211924,0.0,0.0,0.0,0.098266,0.0,0.088438,0.0,0.218659,0.0,0.199792,0.0,0.148988,0.0,0.0,0.188092,0.0,1.1e-05,1.290091,0.0,0.026921,0.135262,0.109785,0.1658,0.351238,0.092367,0.110401,0.291876,0.158238,0.091461,0.0,0.0,0.135602,0.0,0.0,0.333015,0.182696,0.047759,0.0,0.041757,0.0,0.0,0.493695,0.0,0.508184,0.0,0.246044,0.0,0.166765,0.0,0.794027,0.0,0.0,0.0,0.0,0.215951,0.190845,0.124372,0.0,0.173506,0.156351,0.0,0.0,0.0,0.0,0.458692,0.0,0.0,0.0,0.087289,0.0,0.282379,0.071516,0.733391,0.196762,0.077082,0.882832,0.189575,0.0,0.0,0.0,0.0,0.103041,0.036177,0.0,0.216709,0.0,0.222125,0.153592,0.223838,0.096675,0.190675,0.572126,0.157336,0.0,0.0,0.000416,0.251247,0.195382,0.0,6e-06,0.0,0.149031,0.0,0.0,0.0,0.179739,0.0,0.0,0.149457,0.087093,0.217575,0.132463,0.0,0.21032,0.0,0.0,0.20251,0.077725,0.0,0.0
TCGA-43-A56U,0.272987,0.0,0.0,0.0,0.0,0.198095,0.0,0.0,0.092571,0.240377,0.193705,0.0,0.0,0.0,0.0,0.21176,0.0,0.267556,0.0,0.0,0.0,0.0,0.0,0.0,0.0,0.0,0.174109,0.0,0.138815,0.162886,0.0,0.0,0.203775,0.982614,0.0,0.086602,0.070102,0.0,0.0,0.0,0.0,0.09117,0.0,0.206939,0.0,0.239667,0.059604,0.0,0.0,0.089414,0.0,0.308962,0.0,0.92267,0.0,0.45485,0.167787,0.0,0.0,0.173569,0.0,0.0,0.0,0.09793,0.065917,0.170679,0.0,0.0,0.631218,0.0,0.0,0.0,0.131261,0.149432,0.0,0.0,0.0,0.0,0.0,0.014409,0.0,0.836591,0.149233,0.003618,0.0,0.127288,0.084982,0.0,0.157904,0.183259,0.139704,1e-05,0.00012,0.0,0.575905,0.0,0.0,0.0,0.0,0.172509,1e-06,0.0,0.248701,0.220587,0.230549,0.0,0.0,0.344912,0.179461,0.057597,0.105285,0.0,0.073854,0.0,0.179212,0.0,0.0,0.466546,0.236408,0.109074,0.384683,0.0,0.19003,0.0,0.0,0.00078,0.07958,0.369712,0.268269,0.0,0.20998,0.20224,0.09574,0.074438,0.093886,0.0,0.0,0.0,0.130339,0.0,0.156917,0.146036,0.064994,0.23725,0.0,0.0,0.0,0.181829,0.0,0.0,0.139198,0.096224,0.370322,0.0,0.0,0.141809,0.0,0.108108,0.162534,0.0,0.420259,0.0,0.0,0.164559,0.0,0.101271,0.107545,0.071925,0.0,0.338951,0.0,0.098305,0.135229,0.0,0.0,0.0,0.0,0.099268,0.132772,1.020209,0.154876,0.0,0.0,0.178777,0.0,0.177637,0.126077,0.184804,0.0,0.0,0.0,0.186563,0.083884,0.0,0.0,0.094147,0.144752,0.330521,0.099867,0.0,0.158512,0.0,1.661435,0.117513,0.1026,0.0,0.190591,1.38437,0.0,0.0,0.25962,0.0,0.0,0.0,0.0,0.045021,0.0,1.087899,0.140417,0.0,0.0,0.20136,0.053334,0.191376,0.135898,0.0,0.0,0.0,0.0,0.0,0.0,0.21675,0.206057,0.127142,0.0,0.079486,0.206111,0.12918,0.145999,0.0,0.030099,0.0,0.067478,0.0,0.222992,0.266884,0.174861,0.0,0.167276,0.130936,0.504211,0.0,0.16815,0.012665,0.0,0.0,0.0,0.16178,0.0,0.0,0.0,0.214363,0.0,0.0,0.0,0.081912,0.0,0.0,0.177732,0.141477,0.0,0.210732,0.147708,0.0,0.198264,0.119124,0.0,0.20064,0.0,0.0,0.081067,0.098854,0.163401,0.205445,0.0,0.0,1e-06,0.0,0.143085,0.218986,0.147287,0.189347,0.0,0.0,0.0,0.21621,0.0,0.0,0.16768,0.097745,0.0,0.082931,0.0,0.178107,0.045818,0.209055,0.0,0.0,0.0,0.133878,0.0,0.308574,0.077471,0.0,0.273989,0.0,0.0,0.0,0.0,0.158419,0.0,0.155094,0.172338,0.375345,0.0,0.0,0.169041,0.117874,0.081951,0.084248,0.05775,0.0,0.367722,0.0,0.0,0.209801,0.152652,0.0,0.0,0.0,0.305749,0.145934,0.0,0.0,0.096426,0.0,0.0,0.150279,0.164407,0.150576,0.0,0.0,0.0,0.0,0.202228,0.207018,0.0,0.140541,0.113456,0.077478,0.0,0.0,0.0,0.0,0.19254,0.0,0.205232,0.0,0.472644,0.0,0.0,0.0,0.080597,0.20434,0.203594,0.227333,0.108711,0.0,0.128441,0.0,0.212246,0.0,0.214732,0.154328,0.182285,0.08974,0.0,0.068307,0.0,0.0,0.0,0.207368,0.0,0.0,0.0,0.099703,0.0,0.098942,0.0,0.219218,0.0,0.194175,0.0,0.155657,0.0,0.0,0.185741,0.0,4e-06,1.289872,0.0,0.023099,0.134357,0.109841,0.15834,0.351235,0.092563,0.120984,0.294461,0.156737,0.092745,0.0,0.0,0.139568,0.0,0.0,0.312554,0.184753,0.049546,0.0,0.045655,0.0,0.0,0.506143,0.0,0.507897,0.0,0.240558,0.0,0.164492,0.0,0.791838,0.0,0.0,0.0,0.0,0.222433,0.185733,0.123419,0.0,0.170299,0.147393,0.0,0.0,0.0,0.0,0.467212,0.0,0.0,0.0,0.073371,0.0,0.28042,0.082628,0.731898,0.185436,0.062514,0.885039,0.175637,0.0,0.0,0.0,0.0,0.10116,0.03877,0.0,0.216794,0.0,0.218871,0.150141,0.220671,0.104398,0.179237,0.573934,0.14452,0.0,2e-05,0.000558,0.240626,0.18349,0.0,1e-06,0.0,0.150364,0.0,0.0,0.0,0.176042,0.0,0.0,0.127775,0.09249,0.218113,0.142404,0.0,0.209763,0.0,0.0,0.194249,0.084009,0.0,0.0
TCGA-44-2656,0.251152,0.0,0.0,0.0,0.0,0.174647,0.0,0.0,0.142755,0.215601,0.166739,0.0,0.0,0.0,0.0,0.197456,0.0,0.28573,0.0,0.0,0.0,0.0,0.0,0.0,0.0,0.0,0.157723,0.0,0.153028,0.166272,0.0,0.0,0.196429,1.118141,0.0,0.119024,0.108971,0.0,0.0,0.0,0.0,0.139642,0.0,0.186097,0.0,0.300094,0.059277,0.0,0.0,0.128732,0.0,0.318293,0.0,1.027958,0.0,0.545125,0.162385,0.0,0.0,0.157771,0.0,0.0,0.0,0.107305,0.077105,0.213338,0.0,0.0,0.733676,0.0,0.0,0.0,0.205131,0.132108,0.0,0.0,1e-06,0.0,0.0,0.007994,0.0,0.948647,0.141504,0.005771,0.0,0.101976,0.117172,0.0,0.158411,0.175168,0.123636,2e-06,0.001678,0.0,0.672471,0.0,0.0,0.0,0.0,0.154044,1e-06,0.0,0.226391,0.202254,0.194865,0.0,0.0,0.39352,0.162806,0.096603,0.113634,1e-06,0.118191,0.0,0.244057,1e-06,0.0,0.54963,0.211723,0.16455,0.461411,0.0,0.235528,0.0,0.0,0.003484,0.113244,0.422609,0.246373,0.0,0.191124,0.171967,0.142935,0.117405,0.141205,0.0,0.0,0.0,0.149555,0.0,0.224455,0.135342,0.093066,0.290262,0.0,0.0,0.0,0.2388,0.0,0.0,0.119103,0.128976,0.449544,0.0,0.0,0.130399,0.0,0.09101,0.149864,0.0,0.517258,0.0,0.0,0.166857,0.0,0.143629,0.151622,0.109038,0.0,0.420845,0.0,0.129576,0.125425,0.0,0.0,0.0,0.0,0.091049,0.138774,1.152311,0.137104,0.0,0.0,0.161918,0.0,0.150285,0.167956,0.174122,0.0,0.0,0.0,0.170694,0.133663,0.0,0.0,0.144791,0.127244,0.372469,0.157803,0.0,0.138205,0.0,1.849406,0.124154,0.097397,0.0,0.223897,1.546233,0.0,0.0,0.246322,0.0,0.0,0.0,0.0,0.036855,0.0,1.245529,0.185505,0.0,0.0,0.186406,0.08463,0.168554,0.130769,0.0,0.0,0.0,0.0,0.0,0.0,0.191316,0.176147,0.108562,0.0,0.078996,0.187052,0.117728,0.129617,0.0,0.061379,0.0,0.101719,0.0,0.204567,0.340726,0.207012,0.0,0.157548,0.12923,0.590617,0.0,0.149013,0.016577,0.0,0.0,0.0,0.135519,0.0,0.0,0.0,0.206741,0.0,0.0,0.0,0.102477,0.0,0.0,0.187123,0.147938,0.0,0.193573,0.141801,0.0,0.265838,0.138156,0.0,0.181952,0.0,0.0,0.12542,0.154049,0.157382,0.180305,0.0,0.0,0.0,0.0,0.12672,0.20433,0.136442,0.159001,0.0,0.0,0.0,0.180598,0.0,0.0,0.150559,0.144026,0.0,0.124647,1e-06,0.185019,0.068021,0.23352,0.0,0.0,1.4e-05,0.110524,0.0,0.340957,0.120291,0.0,0.33312,0.0,0.0,0.0,0.0,0.149981,0.0,0.13704,0.152576,0.45423,0.0,0.0,0.149999,0.108621,0.146204,0.11353,0.093898,0.0,0.429702,0.0,0.0,0.201469,0.137634,0.0,0.0,0.0,0.408743,0.1307,0.0,0.0,0.144404,0.0,0.0,0.137062,0.1491,0.195093,0.0,0.0,0.0,0.0,0.20391,0.188985,0.0,0.188433,0.152305,0.11025,0.0,0.0,0.0,0.0,0.26837,0.0,0.188645,0.0,0.542295,0.0,0.0,0.0,0.085224,0.184483,0.187172,0.29804,0.158988,0.0,0.118127,0.0,0.210387,0.0,0.26393,0.138132,0.165956,0.089355,0.0,0.111819,0.0,0.0,0.0,0.197311,0.0,0.0,0.0,0.134142,0.0,0.135719,0.0,0.223041,0.0,0.177903,0.0,0.213521,0.0,0.0,0.161017,0.0,0.0,1.436462,0.0,0.050632,0.139497,0.149021,0.149315,0.415327,0.133776,0.178794,0.316769,0.146758,0.136765,0.0,0.0,0.174191,0.0,0.0,0.276703,0.185874,0.090736,0.0,0.066456,0.0,0.0,0.587668,0.0,0.604395,0.0,0.248653,0.0,0.152815,0.0,0.914649,0.0,0.0,0.0,0.0,0.317592,0.159706,0.161,0.0,0.149612,0.13076,0.0,0.0,0.0,0.0,0.522213,0.0,0.0,0.0,0.106314,0.0,0.352602,0.134958,0.826962,0.172361,0.07046,1.013417,0.172135,0.0,0.0,0.0,0.0,0.150832,0.084208,0.0,0.236768,0.0,0.265567,0.138151,0.193701,0.123381,0.156458,0.654004,0.122971,0.0,3.2e-05,0.001208,0.230895,0.171897,0.0,7e-06,0.0,0.205907,0.0,0.0,0.0,0.153625,0.0,0.0,0.125909,0.131156,0.23695,0.199525,0.0,0.190437,0.0,0.0,0.178594,0.125321,0.0,0.0
TCGA-44-4112,0.245248,0.0,0.0,0.0,0.0,0.181061,0.0,0.0,0.135027,0.221092,0.178398,0.0,0.0,0.0,0.0,0.181769,0.0,0.282994,0.0,0.0,0.0,0.0,0.0,0.0,0.0,0.0,0.169017,0.0,0.161019,0.16103,0.0,0.0,0.203258,1.120569,0.0,0.10742,0.095924,0.0,0.0,0.0,0.0,0.130143,0.0,0.188437,0.0,0.321035,0.056163,0.0,0.0,0.118783,0.0,0.324626,0.0,1.02787,0.0,0.539767,0.167136,0.0,0.0,0.164691,1e-06,0.0,0.0,0.098105,0.074738,0.209857,0.0,0.0,0.731957,0.0,0.0,0.0,0.194606,0.128726,0.0,0.0,0.0,0.0,0.0,0.0069,0.0,0.953126,0.140129,0.006365,0.0,0.106196,0.114644,0.0,0.158474,0.180214,0.128277,0.0,0.000711,0.0,0.669989,0.0,0.0,0.0,0.0,0.15591,5e-06,0.0,0.222883,0.202867,0.194708,0.0,0.0,0.39562,0.158059,0.087323,0.098504,5e-06,0.107437,0.0,0.227149,1e-06,0.0,0.550974,0.217095,0.163423,0.457421,0.0,0.25799,0.0,0.0,0.001463,0.112917,0.428742,0.236591,0.0,0.194759,0.175715,0.14263,0.108484,0.142236,0.0,0.0,0.0,0.141087,0.0,0.221474,0.153147,0.086777,0.282257,0.0,0.0,0.0,0.245688,0.0,0.0,0.1308,0.123781,0.447459,0.0,0.0,0.129182,0.0,0.086929,0.145618,0.0,0.504257,0.0,0.0,0.156102,0.0,0.137011,0.146,0.102866,0.0,0.420818,0.0,0.137578,0.12045,0.0,0.0,0.0,0.0,0.087167,0.134201,1.149712,0.147232,0.0,0.0,0.147866,0.0,0.157024,0.180594,0.167874,0.0,0.0,0.0,0.159919,0.124394,0.0,0.0,0.134882,0.125215,0.377022,0.136213,0.0,0.150012,0.0,1.848893,0.11515,0.085971,0.0,0.220081,1.55756,0.0,0.0,0.239704,0.0,0.0,0.0,0.0,0.053135,0.0,1.23461,0.188723,0.0,0.0,0.185274,0.078003,0.163755,0.121892,0.0,0.0,0.0,0.0,0.0,0.0,0.203594,0.172543,0.101823,0.0,0.078233,0.195683,0.109774,0.131685,0.0,0.045286,0.0,0.090643,0.0,0.208317,0.331697,0.228657,0.0,0.152766,0.133207,0.592728,0.0,0.146522,0.017124,0.0,0.0,0.0,0.148318,0.0,0.0,0.0,0.205352,0.0,0.0,0.0,0.100217,0.0,0.0,0.17758,0.141256,0.0,0.198496,0.132477,0.0,0.25083,0.131595,0.0,0.181275,0.0,0.0,0.11821,0.142536,0.16116,0.177415,0.0,0.0,0.0,0.0,0.120192,0.208567,0.135575,0.17675,0.0,0.0,0.0,0.185584,0.0,0.0,0.157662,0.137305,0.0,0.11278,1e-06,0.188277,0.060706,0.226438,0.0,0.0,0.0,0.116217,0.0,0.359366,0.115717,0.0,0.323227,0.0,0.0,1e-06,0.0,0.148922,0.0,0.143099,0.156929,0.452572,0.0,0.0,0.145972,0.106553,0.136409,0.110889,0.082028,0.0,0.420586,0.0,0.0,0.200106,0.137868,0.0,0.0,0.0,0.413698,0.133146,0.0,0.0,0.137744,0.0,0.0,0.13461,0.151511,0.192307,0.0,0.0,0.0,0.0,0.202087,0.195369,0.0,0.187381,0.145431,0.11012,0.0,0.0,0.0,0.0,0.268166,0.0,0.185651,0.0,0.547507,0.0,0.0,0.0,0.078071,0.189413,0.186813,0.287537,0.156504,0.0,0.135516,0.0,0.206401,0.0,0.259444,0.143907,0.171959,0.080195,0.0,0.100816,0.0,0.0,0.0,0.199444,0.0,0.0,0.0,0.1197,0.0,0.129984,0.0,0.226001,0.0,0.177179,0.0,0.219497,0.0,0.0,0.162211,0.0,0.0,1.45352,0.0,0.041804,0.129939,0.143355,0.150137,0.409066,0.128414,0.172629,0.311825,0.153231,0.128963,0.0,1e-06,0.160449,0.0,0.0,0.270455,0.183835,0.077507,0.0,0.05958,0.0,0.0,0.593131,0.0,0.60391,0.0,0.257799,0.0,0.151692,0.0,0.907255,0.0,0.0,0.0,0.0,0.311662,0.149895,0.156097,0.0,0.13704,0.127033,0.0,0.0,0.0,3e-06,0.535531,0.0,0.0,0.0,0.07944,0.0,0.348084,0.120499,0.83033,0.171995,0.054358,1.014885,0.17218,0.0,0.0,0.0,0.0,0.142142,0.06419,0.0,0.241352,0.0,0.257342,0.134284,0.18894,0.125561,0.159644,0.664886,0.107152,0.0,5.1e-05,0.00064,0.230741,0.166355,0.0,5.7e-05,0.0,0.199015,0.0,0.0,0.0,0.149759,0.0,0.0,0.121869,0.125254,0.235269,0.198798,0.0,0.2057,0.0,0.0,0.176299,0.112572,0.0,0.0
TCGA-44-5643,0.338944,0.0,0.0,0.0,0.0,0.224341,0.0,0.0,0.056465,0.287488,0.228821,0.0,0.0,0.0,0.0,0.270917,0.0,0.265701,0.0,0.0,0.0,0.0,0.0,0.0,0.0,0.0,0.206613,0.0,0.118954,0.194935,0.0,0.0,0.238873,0.915199,0.0,0.061826,0.043701,0.0,0.0,0.0,0.0,0.062099,0.0,0.247021,0.0,0.182501,0.079172,0.0,0.0,0.056336,0.0,0.314635,0.0,0.914359,0.0,0.396542,0.204261,0.0,0.0,0.193534,0.0,0.0,0.0,0.112873,0.075335,0.148484,0.0,0.0,0.592562,0.0,0.0,0.0,0.093925,0.18103,0.0,0.0,3e-06,0.0,0.0,0.016908,0.0,0.797734,0.168748,0.017889,0.0,0.133618,0.057279,0.0,0.187759,0.207252,0.159007,1.4e-05,0.000365,0.0,0.529053,0.0,0.0,0.0,0.0,0.20395,0.0,0.0,0.309372,0.273551,0.294709,0.0,0.0,0.323982,0.200645,0.047085,0.122259,0.000145,0.051503,0.0,0.152475,2e-06,0.0,0.411877,0.28994,0.068809,0.354856,0.0,0.14154,0.0,0.0,0.000718,0.058308,0.354065,0.351944,0.0,0.253494,0.235069,0.074123,0.051607,0.065623,0.0,0.0,0.0,0.14926,0.0,0.121124,0.135743,0.049153,0.207308,0.0,0.0,0.0,0.125392,0.0,0.0,0.164894,0.057247,0.321528,0.0,0.0,0.174327,0.0,0.129683,0.193438,0.0,0.37431,0.0,0.0,0.205182,0.0,0.072218,0.064987,0.056601,0.0,0.297518,0.0,0.0757,0.163531,0.0,0.0,0.0,0.0,0.119002,0.16753,0.970397,0.169425,0.0,0.0,0.217164,0.0,0.216517,0.093467,0.217945,0.0,0.0,0.0,0.232592,0.059156,0.0,0.0,0.06196,0.146125,0.334514,0.086434,0.0,0.192453,0.0,1.598717,0.125751,0.130783,0.0,0.168156,1.325849,0.0,0.0,0.321478,0.0,0.0,0.0,0.0,0.03596,0.0,1.039247,0.092447,0.0,0.0,0.248164,0.031919,0.240538,0.165924,0.0,0.0,0.0,0.0,0.0,0.0,0.252982,0.272936,0.155693,0.0,0.089722,0.249899,0.164515,0.177862,0.0,0.021501,0.0,0.043483,0.0,0.285553,0.25306,0.129438,0.0,0.196075,0.151755,0.455184,0.0,0.199923,0.00419,0.0,0.0,0.0,0.186369,0.0,0.0,0.0,0.239268,0.0,0.0,0.0,0.047745,0.0,0.0,0.228241,0.164362,0.0,0.254745,0.184671,0.0,0.179738,0.132704,0.0,0.245301,0.0,0.0,0.053177,0.062251,0.190041,0.252198,0.0,0.0,1e-06,0.0,0.179114,0.244713,0.179122,0.19384,0.0,0.0,0.0,0.258657,0.0,0.0,0.185062,0.077196,0.0,0.05755,0.0,0.176466,0.043589,0.203936,0.0,0.0,0.0,0.143704,0.0,0.291956,0.051865,0.0,0.245792,0.0,0.0,0.0,0.0,0.18557,0.0,0.1789,0.206561,0.331893,0.0,0.0,0.220591,0.136572,0.058334,0.057826,0.054761,0.0,0.341057,0.0,0.0,0.253139,0.179687,0.0,0.0,0.0,0.23561,0.162779,0.0,0.0,0.063972,0.0,0.0,0.180532,0.204245,0.10507,0.0,0.0,1e-06,0.0,0.239009,0.238305,0.0,0.098399,0.090188,0.052871,0.0,0.0,0.0,0.0,0.13797,0.0,0.250268,0.0,0.43843,0.0,0.0,0.0,0.098363,0.238149,0.241539,0.198977,0.069699,0.0,0.127396,0.0,0.265595,0.0,0.210585,0.166405,0.212948,0.119948,0.0,0.048152,0.0,0.0,0.0,0.251899,0.0,0.0,0.0,0.075385,0.0,0.060282,0.0,0.242764,0.0,0.23687,0.0,0.116511,0.0,0.0,0.217202,0.0,2e-06,1.249806,0.0,0.034968,0.160041,0.078634,0.193125,0.312718,0.066437,0.071028,0.289183,0.180502,0.066236,0.0,0.0,0.126605,0.0,0.0,0.400413,0.210493,0.03103,0.0,0.029534,0.0,0.0,0.435771,0.0,0.460461,0.0,0.248576,0.0,0.201163,0.0,0.73653,0.0,0.0,0.0,0.0,0.154896,0.229526,0.105203,0.0,0.202894,0.181754,0.0,0.0,0.0,0.0,0.447509,0.0,0.0,0.0,0.080414,0.0,0.245527,0.050065,0.702688,0.226,0.075075,0.827151,0.220053,0.0,0.0,0.0,0.0,0.067684,0.025483,0.0,0.218969,0.0,0.199732,0.166923,0.256422,0.064082,0.210009,0.551736,0.187631,0.0,1e-06,0.000291,0.296269,0.226709,0.0,0.0,0.0,0.101567,0.0,0.0,0.0,0.201721,0.0,0.0,0.160788,0.060583,0.238693,0.095793,0.0,0.236729,0.0,0.0,0.235495,0.058431,0.0,0.0
TCGA-44-6776,0.058044,0.0,0.0,0.0,0.0,0.060215,0.0,1e-06,0.257614,0.056649,0.052846,6e-06,0.0,0.0,0.0,0.041016,0.0,0.235282,0.0,0.0,0.0,0.0,0.0,0.0,0.0,0.0,0.045673,0.0,0.130424,0.035811,2e-06,0.0,0.058279,1.205496,0.0,0.220247,0.198436,0.0,0.0,0.0,0.0,0.25068,0.0,0.053361,0.0,0.325421,0.031622,0.0,0.0,0.253331,0.0,0.286222,0.0,1.00143,0.0,0.636515,0.052751,0.0,0.0,0.057411,7e-06,4e-06,0.0,0.019117,0.029897,0.290553,0.0,0.0,0.728366,0.0,0.0,0.0,0.317442,0.034382,0.0,0.0,0.0,0.0,0.0,0.003269,0.0,0.975942,0.037391,0.001801,0.0,0.039736,0.221651,0.0,0.048325,0.080372,0.049707,0.0,0.027155,0.0,0.737667,0.0,0.0,0.0,0.0,0.047032,0.0,0.0,0.058072,0.050627,0.053485,0.0,0.0,0.342194,0.035174,0.154758,0.050975,0.0,0.203877,0.0,0.331088,0.0,0.0,0.609885,0.071466,0.216235,0.55437,0.0,0.244116,0.0,0.0,0.034657,0.196284,0.397017,0.053847,0.0,0.076586,0.049522,0.239933,0.254982,0.205907,0.0,0.0,0.0,0.070129,0.0,0.322081,0.073139,0.17217,0.390036,0.0,0.0,0.0,0.300847,0.0,0.0,0.042749,0.239759,0.507925,0.0,0.0,0.039679,0.0,0.038033,0.036339,0.0,0.610976,0.0,0.0,0.033552,0.0,0.273153,0.282435,0.197017,0.0,0.486144,0.0,0.230389,0.029344,0.0,0.0,0.0,0.0,0.029439,0.030835,1.184563,0.045737,0.0,0.0,0.043857,0.0,0.04409,0.207067,0.054503,0.0,0.0,0.0,0.02979,0.250346,2e-06,0.0,0.280226,0.037188,0.308061,0.24667,0.0,0.044648,0.0,1.860059,0.038257,0.03101,0.0,0.275491,1.551174,0.0,0.0,0.053581,0.0,0.0,0.0,0.0,0.030775,0.0,1.311068,0.318923,0.0,0.0,0.048747,0.171311,0.040356,0.033856,0.0,0.0,0.0,0.0,0.0,0.0,0.068984,0.051149,0.028061,0.0,0.023708,0.051498,0.022749,0.031475,0.0,0.158947,0.0,0.210918,0.0,0.057741,0.396218,0.201708,0.0,0.047377,0.038035,0.669693,0.0,0.049009,0.021786,0.0,0.0,0.0,0.049157,0.0,0.0,0.0,0.09666,0.0,0.0,0.0,0.201804,0.0,0.0,0.0397,0.040837,5e-06,0.060599,0.033381,0.0,0.338144,0.11263,0.0,0.042698,0.0,0.0,0.238292,0.256524,0.069344,0.058151,0.0,0.0,0.0,0.0,0.03784,0.072774,0.037295,0.070653,0.0,0.0,0.0,0.062495,0.0,0.0,0.055524,0.254903,0.0,0.236091,0.0,0.145364,0.189813,0.200994,0.0,0.0,0.0,0.042198,0.0,0.322713,0.201039,0.0,0.412717,0.0,0.0,5e-06,0.0,0.053653,0.0,0.039837,0.054103,0.483974,0.0,0.0,0.049116,0.041142,0.24665,0.188039,0.188157,0.0,0.518812,0.0,0.0,0.048936,0.042182,0.0,0.0,0.0,0.484804,0.053629,0.0,0.0,0.252566,0.0,0.0,0.036254,0.038289,0.343215,0.0,0.0,0.0,0.0,0.056205,0.060104,0.0,0.285191,0.26683,0.218348,0.0,0.0,0.0,0.0,0.384739,0.0,0.052658,0.0,0.523406,0.0,0.0,0.0,0.012227,0.058963,0.051768,0.329021,0.265921,0.0,0.058079,0.0,0.05375,0.0,0.293624,0.051012,0.050583,0.098645,0.0,0.224627,0.0,0.0,0.0,0.047595,0.0,0.0,0.0,0.22216,2e-06,0.265997,0.0,0.124474,0.0,0.059882,0.0,0.28904,0.0,0.0,0.0528,0.0,4e-06,1.441829,0.0,0.117622,0.033503,0.24968,0.037915,0.51457,0.278755,0.280348,0.274668,0.048073,0.245403,0.0,5e-06,0.192721,0.0,0.0,0.070068,0.083001,0.170708,0.0,0.163924,0.0,4e-06,0.698614,0.0,0.682038,0.0,0.170759,0.0,0.040283,0.0,0.983987,0.0,0.0,0.0,0.0,0.509836,0.03951,0.232783,0.0,0.02959,0.076498,0.0,0.0,0.0,1e-06,0.473051,0.0,0.0,0.0,0.109951,0.0,0.435018,0.200563,0.819982,0.05853,0.113242,1.08865,0.046074,0.0,0.0,0.0,0.0,0.270199,0.186611,0.0,0.195498,0.0,0.331943,0.042688,0.048798,0.229096,0.043573,0.612232,0.082197,0.0,1.9e-05,0.018695,0.057602,0.044474,0.0,6.2e-05,0.0,0.335213,0.0,0.0,0.0,0.04398,0.0,0.0,0.137999,0.224178,0.14333,0.294392,0.0,0.080883,0.0,0.0,0.043433,0.232696,0.0,0.0
TCGA-44-7670,0.123835,0.0,0.0,0.0,0.0,0.097949,0.0,0.0,0.215808,0.113081,0.095284,0.0,0.0,0.0,0.0,0.100352,0.0,0.241576,0.0,0.0,0.0,0.0,0.0,0.0,0.0,0.0,0.076808,0.0,0.117899,0.074315,0.0,0.0,0.10179,1.128089,0.0,0.189033,0.16403,0.0,0.0,0.0,0.0,0.210019,0.0,0.099828,0.0,0.286778,0.037566,0.0,0.0,0.204496,0.0,0.281952,0.0,0.977917,0.0,0.583903,0.08568,0.0,0.0,0.09031,0.0,1e-06,0.0,0.037706,0.030154,0.261977,0.0,0.0,0.694048,0.0,0.0,0.0,0.267953,0.064898,0.0,0.0,0.0,0.0,0.0,0.001891,0.0,0.931725,0.06863,0.011214,0.0,0.053791,0.181362,0.0,0.086892,0.111218,0.067795,0.0,0.023102,1e-06,0.688613,0.0,0.0,0.0,0.0,0.075364,3e-06,0.0,0.121232,0.102667,0.101554,0.0,0.0,0.332501,0.07084,0.126504,0.068346,2e-06,0.165379,0.0,0.286644,0.0,0.0,0.555519,0.123087,0.181545,0.499545,0.0,0.216993,0.0,0.0,0.027545,0.168869,0.383035,0.125515,0.0,0.126601,0.089923,0.209231,0.207534,0.173817,0.0,0.0,0.0,0.088431,0.0,0.275826,0.092579,0.144052,0.343519,0.0,0.0,0.0,0.262157,0.0,0.0,0.067665,0.193775,0.462814,0.0,0.0,0.068639,0.0,0.056446,0.067526,0.0,0.551108,0.0,0.0,0.073163,0.0,0.227888,0.233233,0.162602,0.0,0.425286,0.0,0.195573,0.057753,0.0,0.0,0.0,0.0,0.045781,0.06585,1.134594,0.07081,3e-06,0.0,0.077862,0.0,0.085066,0.174812,0.087435,0.0,0.0,0.0,0.073463,0.195792,0.0,0.0,0.228046,0.060142,0.309717,0.206735,0.0,0.074678,0.0,1.788872,0.054477,0.05218,0.0,0.257512,1.497148,0.0,0.0,0.120762,0.0,0.0,0.0,0.0,0.027728,0.0,1.244135,0.263641,0.0,0.0,0.095471,0.136463,0.08322,0.060546,0.0,0.0,0.0,0.0,0.0,0.0,0.105277,0.104187,0.055051,0.0,0.034673,0.096283,0.049208,0.059378,0.0,0.134911,0.0,0.174071,0.0,0.11836,0.367032,0.188525,0.0,0.076096,0.059643,0.622247,0.0,0.080697,0.013335,0.0,0.0,0.0,0.0835,0.0,0.0,0.0,0.122375,0.0,0.0,0.0,0.169285,0.0,0.0,0.088409,0.072017,0.0,0.104428,0.07205,0.0,0.302852,0.111936,0.0,0.092927,0.0,0.0,0.190587,0.210898,0.09807,0.100781,0.0,0.0,0.0,0.0,0.063701,0.113501,0.068585,0.104524,0.0,0.0,0.0,0.110204,0.0,0.0,0.079155,0.210043,0.0,0.193662,1e-06,0.144302,0.155166,0.201005,0.0,0.0,0.0,0.062065,0.0,0.312508,0.166766,0.0,0.374833,0.0,0.0,3e-06,0.0,0.079804,0.0,0.074294,0.085939,0.437984,0.0,0.0,0.082655,0.053257,0.204437,0.162546,0.163235,0.0,0.475856,0.0,0.0,0.097071,0.067993,0.0,0.0,0.0,0.423277,0.068868,0.0,0.0,0.208218,0.0,0.0,0.065242,0.078515,0.283867,0.0,0.0,0.0,0.0,0.100104,0.105871,0.0,0.238605,0.22563,0.180726,0.0,0.0,0.0,0.0,0.33124,0.0,0.104738,0.0,0.500744,0.0,0.0,0.0,0.026213,0.09814,0.090991,0.303614,0.218851,0.0,0.066076,0.0,0.10487,0.0,0.284628,0.068612,0.086216,0.094622,0.0,0.181497,0.0,0.0,0.0,0.091044,0.0,0.0,0.0,0.191066,0.0,0.220094,0.0,0.144527,0.0,0.099318,0.0,0.244792,0.0,0.0,0.086598,0.0,1e-06,1.391037,0.0,0.098524,0.061969,0.213057,0.073477,0.465797,0.221825,0.23359,0.26914,0.069613,0.201487,0.0,1e-06,0.181752,0.0,0.0,0.151636,0.117401,0.146566,0.0,0.136374,0.0,1e-06,0.630983,0.0,0.628936,0.0,0.187277,0.0,0.078488,0.0,0.923026,0.0,0.0,0.0,0.0,0.420581,0.079749,0.195871,0.0,0.06623,0.100908,0.0,0.0,0.0,1e-06,0.469113,0.0,0.0,0.0,0.095575,0.0,0.393422,0.172134,0.789353,0.096042,0.101015,1.019892,0.088547,0.0,0.0,0.0,0.0,0.225049,0.149637,0.0,0.195981,0.0,0.302804,0.06928,0.093397,0.186749,0.078026,0.592517,0.10234,0.0,1.7e-05,0.014037,0.118518,0.089674,0.0,6.2e-05,0.0,0.277472,0.0,1e-06,0.0,0.076584,0.0,0.0,0.136934,0.182769,0.161404,0.251782,0.0,0.125767,0.0,0.0,0.094355,0.185458,0.0,0.0
TCGA-46-3766,0.278725,0.0,0.0,0.0,0.0,0.190535,0.0,3e-06,0.100694,0.236682,0.189681,0.0,0.0,0.0,0.0,0.205975,0.0,0.272145,0.0,0.0,0.0,0.0,0.0,0.0,0.0,0.0,0.176116,0.0,0.148833,0.171467,0.0,0.0,0.209277,1.038703,0.0,0.087087,0.078985,0.0,0.0,0.0,0.0,0.109061,0.0,0.20278,0.0,0.265181,0.065513,0.0,0.0,0.099,0.0,0.322122,0.0,0.975342,0.0,0.484447,0.177151,0.0,0.0,0.174382,1e-06,2e-06,0.0,0.099094,0.071561,0.187348,0.0,0.0,0.678582,0.0,0.0,0.0,0.152203,0.152973,0.0,0.0,0.0,0.0,0.0,0.011772,0.0,0.88908,0.139928,0.006176,0.0,0.117104,0.095139,0.0,0.175103,0.190051,0.133749,0.0,0.000858,0.0,0.622078,0.0,0.0,0.0,0.0,0.18199,2e-06,0.0,0.2498,0.220937,0.228952,0.0,0.0,0.362351,0.164382,0.070508,0.110781,0.0,0.086367,0.0,0.205269,0.0,0.0,0.500076,0.238618,0.130655,0.420178,0.0,0.216724,0.0,0.0,0.001826,0.091314,0.396384,0.27114,1e-06,0.205392,0.199322,0.11988,0.096381,0.112602,0.0,0.0,0.0,0.139079,0.0,0.181973,0.139344,0.072545,0.255763,0.0,0.0,0.0,0.198254,0.0,0.0,0.140747,0.100489,0.399825,0.0,0.0,0.143638,0.0,0.099671,0.15742,0.0,0.446254,0.0,0.0,0.175451,0.0,0.110535,0.11754,0.088718,0.0,0.381235,0.0,0.117189,0.13227,0.0,0.0,0.0,0.0,0.098162,0.145302,1.076612,0.150429,0.0,0.0,0.170756,0.0,0.175638,0.148217,0.184532,0.0,0.0,0.0,0.185277,0.100344,0.0,0.0,0.109624,0.132599,0.353804,0.116136,0.0,0.169756,0.0,1.747194,0.11985,0.103724,0.0,0.198143,1.464517,0.0,0.0,0.260296,0.0,0.0,0.0,0.0,0.051229,0.0,1.165526,0.15114,0.0,0.0,0.210437,0.059039,0.186523,0.143052,0.0,0.0,0.0,0.0,0.0,0.0,0.221806,0.212779,0.126815,0.0,0.078112,0.21547,0.132759,0.15008,0.0,0.040647,0.0,0.073039,0.0,0.224793,0.300068,0.185986,0.0,0.170632,0.13499,0.543247,0.0,0.165278,0.013839,0.0,0.0,0.0,0.156862,0.0,0.0,0.0,0.216588,0.0,0.0,0.0,0.084333,0.0,0.0,0.188618,0.148189,0.0,0.220128,0.152914,0.0,0.225617,0.127938,0.0,0.206385,0.0,0.0,0.097408,0.109479,0.169934,0.204936,0.0,0.0,0.0,0.0,0.142351,0.21861,0.154729,0.176815,0.0,0.0,0.0,0.210551,0.0,0.0,0.172173,0.111082,0.0,0.098259,0.0,0.184766,0.052803,0.216769,0.0,0.0,0.0,0.126314,0.0,0.33631,0.088057,0.0,0.298985,0.0,0.0,0.0,0.0,0.158884,0.0,0.1583,0.173279,0.416257,0.0,0.0,0.169834,0.113092,0.103062,0.085753,0.076048,0.0,0.386843,0.0,0.0,0.216101,0.150312,0.0,0.0,0.0,0.346942,0.13951,0.0,0.0,0.109027,0.0,0.0,0.147378,0.170099,0.159968,0.0,0.0,0.0,0.0,0.21366,0.204436,0.0,0.151997,0.125742,0.093997,0.0,0.0,0.0,0.0,0.213005,0.0,0.208576,0.0,0.505777,0.0,0.0,0.0,0.090239,0.205486,0.199992,0.254916,0.130102,0.0,0.129957,0.0,0.217248,0.0,0.238812,0.150142,0.184765,0.095584,0.0,0.085347,0.0,0.0,0.0,0.214009,0.0,0.0,0.0,0.101639,0.0,0.109171,0.0,0.237974,0.0,0.192892,0.0,0.178467,0.0,0.0,0.179677,0.0,0.0,1.361791,0.0,0.042272,0.141087,0.123885,0.16576,0.380543,0.105129,0.128306,0.308355,0.168525,0.10476,0.0,7e-06,0.146698,0.0,0.0,0.311262,0.192269,0.053962,0.0,0.053984,0.0,0.0,0.535116,0.0,0.547045,0.0,0.255243,0.0,0.175585,0.0,0.840348,0.0,0.0,0.0,0.0,0.256112,0.175238,0.137049,0.0,0.16837,0.143577,0.0,0.0,0.0,0.0,0.503602,0.0,0.0,0.0,0.081618,0.0,0.30717,0.098998,0.773101,0.190136,0.05659,0.935766,0.18536,0.0,0.0,0.0,0.0,0.11344,0.052046,0.0,0.235324,0.0,0.231229,0.14742,0.208521,0.104671,0.165435,0.61922,0.137222,0.0,5e-06,0.000734,0.24529,0.187156,0.0,1e-05,0.0,0.161865,0.0,0.0,0.0,0.169676,0.0,0.0,0.138326,0.097077,0.233516,0.159842,0.0,0.217586,0.0,0.0,0.190892,0.095388,0.0,0.0
TCGA-46-3767,0.178084,0.0,0.0,0.0,0.0,0.144774,0.0,2e-06,0.164411,0.162042,0.134867,1e-06,0.0,0.0,0.0,0.124777,0.0,0.271189,0.0,0.0,0.0,0.0,0.0,0.0,0.0,0.0,0.125552,0.0,0.16505,0.114005,0.0,0.0,0.156164,1.176952,0.0,0.138298,0.126647,0.0,0.0,0.0,0.0,0.171152,0.0,0.140406,0.0,0.353124,0.048101,0.0,0.0,0.160261,0.0,0.321652,0.0,1.040603,0.0,0.585696,0.131891,0.0,0.0,0.134172,0.0,1e-06,0.0,0.066733,0.05629,0.245026,0.0,0.0,0.751789,0.0,0.0,0.0,0.231677,0.098352,0.0,0.0,0.0,0.0,0.0,0.007067,0.0,0.986784,0.099002,0.002084,0.0,0.086947,0.152913,0.0,0.128433,0.148797,0.102311,5e-06,0.001542,0.0,0.717545,0.0,0.0,0.0,0.0,0.134687,3e-06,0.0,0.167354,0.141619,0.146058,0.0,0.0,0.394739,0.107535,0.109365,0.076654,1e-06,0.141134,0.0,0.271287,1e-06,0.0,0.596983,0.172143,0.196552,0.501674,0.0,0.296198,0.0,0.0,0.003365,0.141168,0.430997,0.162005,2e-06,0.147461,0.135411,0.176302,0.152182,0.171151,0.0,0.0,0.0,0.114376,0.0,0.257259,0.139113,0.111214,0.32157,0.0,0.0,0.0,0.286418,0.0,0.0,0.097606,0.160493,0.488968,0.0,0.0,0.098756,0.0,0.057602,0.103346,0.0,0.539549,0.0,0.0,0.114073,0.0,0.168934,0.185111,0.132725,0.0,0.459682,0.0,0.169539,0.086595,0.0,0.0,0.0,0.0,0.066811,0.096884,1.192674,0.116657,0.0,0.0,0.116103,0.0,0.120063,0.21283,0.132883,0.0,0.0,0.0,0.107847,0.16217,0.0,0.0,0.17537,0.101338,0.366128,0.156641,0.0,0.117449,0.0,1.901803,0.094346,0.057509,0.0,0.235084,1.603457,0.0,0.0,0.168768,0.0,0.0,0.0,0.0,0.060647,0.0,1.288357,0.235905,0.0,0.0,0.138812,0.101033,0.116826,0.093351,0.0,0.0,0.0,0.0,0.0,0.0,0.168858,0.12492,0.079255,0.0,0.060635,0.148147,0.081302,0.095062,0.0,0.0687,0.0,0.121245,0.0,0.141218,0.351059,0.250299,0.0,0.123727,0.099626,0.637439,0.0,0.118262,0.02081,0.0,0.0,0.0,0.119518,0.0,0.0,0.0,0.172141,0.0,0.0,0.0,0.126555,0.0,0.0,0.120837,0.109755,0.0,0.153523,0.091246,0.0,0.280397,0.131245,0.0,0.135202,0.0,0.0,0.155714,0.178658,0.129244,0.139558,0.0,0.0,0.0,0.0,0.09036,0.173152,0.108225,0.149907,0.0,0.0,0.0,0.142844,0.0,0.0,0.132666,0.171796,0.0,0.156581,1e-06,0.183808,0.080938,0.231414,0.0,0.0,0.0,0.09622,0.0,0.37245,0.143581,0.0,0.364144,1e-06,1e-06,0.0,0.0,0.12476,0.0,0.112237,0.123554,0.494102,0.0,0.0,0.109411,0.089118,0.16719,0.133747,0.101854,0.0,0.458401,0.0,0.0,0.145956,0.106446,0.0,0.0,0.0,0.465862,0.109551,0.0,0.0,0.170796,0.0,0.0,0.099913,0.11588,0.241112,0.0,0.0,0.0,0.0,0.158572,0.154676,0.0,0.230796,0.184644,0.147279,0.0,0.0,0.0,0.0,0.314285,0.0,0.141186,0.0,0.563246,0.0,0.0,0.0,0.047979,0.148927,0.13795,0.306306,0.204355,0.0,0.121344,0.0,0.149879,0.0,0.270626,0.1196,0.126722,0.066965,0.0,0.13891,0.0,0.0,0.0,0.144735,0.0,0.0,0.0,0.154301,0.0,0.171898,0.0,0.201329,0.0,0.140788,0.0,0.262736,0.0,0.0,0.122741,0.0,0.0,1.490763,0.0,0.060814,0.098204,0.184099,0.109023,0.456363,0.170162,0.206616,0.306491,0.121689,0.162569,0.0,1.2e-05,0.164733,0.0,0.0,0.196116,0.151823,0.095054,0.0,0.088862,0.0,1e-06,0.649908,0.0,0.648666,0.0,0.246106,0.0,0.116449,0.0,0.953589,0.0,0.0,0.0,0.0,0.387818,0.10975,0.179572,0.0,0.098288,0.106061,0.0,0.0,0.0,0.0,0.550515,0.0,0.0,0.0,0.070807,0.0,0.385358,0.15111,0.861652,0.137675,0.0578,1.065615,0.130251,0.0,0.0,0.0,0.0,0.178274,0.088223,0.0,0.241101,0.0,0.280909,0.106208,0.140809,0.163017,0.117237,0.681242,0.072204,0.0,9.4e-05,0.001309,0.166244,0.124457,0.0,1.7e-05,0.0,0.243633,0.0,0.0,0.0,0.113892,0.0,0.0,0.109262,0.155869,0.209914,0.241776,0.0,0.175114,0.0,0.0,0.128932,0.152572,0.0,0.0
TCGA-49-4488,0.156126,0.0,0.0,0.0,0.0,0.094643,0.0,0.0,0.224268,0.132199,0.107185,3e-06,0.0,0.0,0.0,0.127428,0.0,0.263863,0.0,0.0,0.0,0.0,0.0,0.0,0.0,0.0,0.090166,0.0,0.132898,0.09634,0.0,0.0,0.12061,1.244576,0.0,0.19711,0.181579,0.0,0.0,0.0,0.0,0.225284,0.0,0.118416,0.0,0.333282,0.036759,0.0,0.0,0.201573,0.0,0.304777,0.0,1.09027,0.0,0.661241,0.097229,0.0,0.0,0.091543,0.0,0.0,0.0,0.055647,0.030733,0.304341,0.0,0.0,0.787279,0.0,0.0,0.0,0.300023,0.083377,0.0,0.0,0.0,0.0,0.0,0.001137,0.0,1.047484,0.078657,0.018448,0.0,0.050597,0.204291,0.0,0.103341,0.127488,0.068106,0.0,0.004258,0.0,0.766541,0.0,0.0,0.0,0.0,0.089037,1.5e-05,0.0,0.146629,0.127602,0.11809,0.0,0.0,0.384714,0.082805,0.154025,0.072012,1e-06,0.199338,0.0,0.317276,0.0,0.0,0.621184,0.150461,0.234228,0.555549,0.0,0.262961,0.0,0.0,0.011832,0.182835,0.44603,0.16518,0.0,0.132276,0.102188,0.237671,0.22235,0.213478,0.0,0.0,0.0,0.10571,0.0,0.314008,0.084412,0.159617,0.376138,0.0,0.0,0.0,0.30344,0.0,0.0,0.076628,0.208808,0.516312,0.0,0.0,0.081651,0.0,0.055543,0.081282,0.0,0.615698,0.0,0.0,0.09807,0.0,0.238566,0.240869,0.201827,0.0,0.483839,0.0,0.208698,0.068711,0.0,0.0,0.0,0.0,0.052476,0.08449,1.257774,0.070077,0.0,0.0,0.094124,0.0,0.097818,0.203465,0.093321,0.0,0.0,0.0,0.096249,0.224577,0.0,0.0,0.244166,0.059039,0.352696,0.231443,0.0,0.085755,0.0,1.983974,0.055928,0.055504,0.0,0.292435,1.658335,0.0,0.0,0.1553,0.0,0.0,0.0,0.0,0.020553,0.0,1.37485,0.279651,0.0,0.0,0.113809,0.142946,0.100076,0.072746,0.0,0.0,0.0,0.0,0.0,0.0,0.12109,0.114879,0.062201,0.0,0.037852,0.118646,0.065338,0.071286,0.0,0.125469,0.0,0.1875,0.0,0.136899,0.415074,0.221276,0.0,0.082944,0.073393,0.688388,0.0,0.085056,0.021081,0.0,0.0,0.0,0.083844,0.0,0.0,0.0,0.141073,0.0,0.0,0.0,0.157875,0.0,0.0,0.117165,0.080468,0.0,0.129465,0.080586,0.0,0.347422,0.130631,0.0,0.114003,0.0,0.0,0.20776,0.250043,0.101275,0.116759,0.0,0.0,0.0,0.0,0.067005,0.118561,0.077557,0.104629,0.0,0.0,0.0,0.115336,0.0,0.0,0.079779,0.222399,0.0,0.206881,1e-06,0.155262,0.130411,0.224865,0.0,1e-06,0.0,0.058699,0.0,0.336093,0.190365,0.0,0.422505,0.0,0.0,0.0,0.0,0.082177,2e-06,0.082098,0.092287,0.505069,0.0,0.0,0.093811,0.056907,0.227381,0.188318,0.15791,0.0,0.51215,0.0,0.0,0.124556,0.077643,0.0,0.0,0.0,0.492345,0.071461,0.0,0.0,0.24323,0.0,0.0,0.072769,0.097587,0.302867,0.0,0.0,0.0,0.0,0.116147,0.117381,0.0,0.265537,0.243649,0.200015,0.0,0.0,0.0,0.0,0.360835,0.0,0.11927,0.0,0.564289,0.0,0.0,0.0,0.039498,0.106936,0.111766,0.352748,0.249217,0.0,0.06596,0.0,0.130981,0.0,0.310814,0.068341,0.106093,0.086491,0.0,0.203478,0.0,0.0,0.0,0.116044,0.0,0.0,0.0,0.204301,0.0,0.234184,0.0,0.174926,0.0,0.112255,0.0,0.288584,0.0,0.0,0.090514,0.0,1e-06,1.529152,0.0,0.114279,0.080633,0.224608,0.090947,0.507578,0.230456,0.268754,0.294207,0.08076,0.218793,0.0,4e-06,0.205254,0.0,0.0,0.18416,0.132401,0.142732,0.0,0.126963,0.0,1e-06,0.690069,0.0,0.692124,0.0,0.218003,0.0,0.096269,0.0,1.025184,0.0,0.0,0.0,0.0,0.481632,0.092204,0.21619,0.0,0.083781,0.084235,0.0,0.0,0.0,1e-06,0.529688,0.0,0.0,0.0,0.106989,0.0,0.442747,0.207657,0.901611,0.114404,0.119031,1.133175,0.105422,0.0,0.0,0.0,0.0,0.246697,0.158142,0.0,0.223741,0.0,0.331866,0.08027,0.111994,0.19886,0.086087,0.675283,0.094437,0.0,2e-06,0.004307,0.145753,0.103542,0.0,0.000105,0.0,0.297516,0.0,0.0,0.0,0.092528,0.0,0.0,0.132723,0.200946,0.193858,0.290037,0.0,0.146889,0.0,0.0,0.110743,0.210421,0.0,0.0
TCGA-49-4490,0.112845,0.0,0.0,0.0,0.0,0.090824,0.0,0.0,0.226747,0.106609,0.09207,1e-06,0.0,0.0,0.0,0.084445,0.0,0.265191,0.0,0.0,0.0,0.0,0.0,0.0,0.0,0.0,0.082425,0.0,0.162632,0.075458,0.0,0.0,0.111401,1.285656,0.0,0.193635,0.180033,0.0,0.0,0.0,1e-06,0.232446,0.0,0.094992,0.0,0.398461,0.026106,0.0,0.0,0.207758,0.0,0.310245,0.0,1.105851,0.0,0.683641,0.084663,0.0,0.0,0.091253,0.0,0.0,0.0,0.040195,0.033465,0.315667,0.0,0.0,0.814232,0.0,0.0,0.0,0.310982,0.058808,0.0,0.0,1e-06,0.0,0.0,0.001172,0.0,1.075837,0.064983,0.005443,0.0,0.050652,0.211702,0.0,0.091229,0.117412,0.063834,0.0,0.002752,0.0,0.798445,0.0,0.0,0.0,0.0,0.080444,9.4e-05,0.0,0.111302,0.093119,0.085216,0.0,0.0,0.409486,0.061897,0.152408,0.053653,0.0,0.199264,0.0,0.329943,2e-06,0.0,0.667745,0.13338,0.256012,0.57275,0.0,0.330159,0.0,0.0,0.006827,0.187865,0.460691,0.107337,0.0,0.109134,0.081442,0.241485,0.2202,0.227032,0.0,0.0,0.0,0.095008,0.0,0.327701,0.114271,0.153786,0.385585,0.0,0.0,0.0,0.349099,0.0,0.0,0.066226,0.21088,0.554689,0.0,0.0,0.06466,0.0,0.033143,0.060191,0.0,0.630294,0.0,0.0,0.074153,0.0,0.234227,0.244136,0.19671,0.0,0.517947,0.0,0.221483,0.049195,0.0,0.0,0.0,0.0,0.036404,0.069296,1.288571,0.072083,0.0,0.0,0.072175,0.0,0.078753,0.239787,0.082256,0.0,0.0,0.0,0.060724,0.226067,0.0,0.0,0.24633,0.05711,0.368944,0.213013,0.0,0.072862,0.0,2.038373,0.058978,0.031702,0.0,0.287856,1.719942,0.0,0.0,0.111739,0.0,0.0,0.0,0.0,0.043088,0.0,1.405477,0.30026,0.0,0.0,0.086739,0.146335,0.066118,0.054072,0.0,0.0,0.0,0.0,0.0,0.0,0.11646,0.069931,0.041332,0.0,0.039307,0.102017,0.04642,0.053364,0.0,0.110852,0.0,0.184133,0.0,0.096533,0.413756,0.283694,0.0,0.072059,0.067324,0.716791,0.0,0.070363,0.025549,0.0,0.0,0.0,0.078038,0.0,0.0,0.0,0.130231,0.0,0.0,0.0,0.167346,0.0,0.0,0.085214,0.071293,1e-06,0.108505,0.051306,0.0,0.343655,0.128765,0.0,0.09016,0.0,0.0,0.21257,0.25451,0.094234,0.091342,0.0,0.0,0.0,0.0,0.046353,0.121279,0.066775,0.115396,0.0,0.0,0.0,0.09026,0.0,0.0,0.082863,0.224795,0.0,0.212543,1.1e-05,0.166466,0.114998,0.233804,0.0,0.0,0.0,0.060701,0.0,0.375798,0.196493,0.0,0.430972,0.0,1e-06,0.0,0.0,0.076349,1e-06,0.073689,0.079832,0.544492,0.0,0.0,0.068156,0.057051,0.237189,0.187792,0.146919,0.0,0.520549,0.0,0.0,0.101432,0.066418,0.0,0.0,0.0,0.545069,0.069393,0.0,0.0,0.241885,0.0,0.0,0.059494,0.077156,0.31317,0.0,0.0,1e-06,0.0,0.105984,0.109904,0.0,0.28745,0.245545,0.203313,0.0,0.0,0.0,0.0,0.394893,0.0,0.094232,0.0,0.59763,0.0,0.0,0.0,0.024812,0.095198,0.091182,0.35998,0.267112,0.0,0.090167,0.0,0.105735,0.0,0.313222,0.073953,0.08954,0.053226,0.0,0.204033,0.0,0.0,0.0,0.092092,0.0,0.0,0.0,0.210076,1e-06,0.237919,0.0,0.169608,0.0,0.097532,0.0,0.316807,0.0,0.0,0.074286,0.0,0.0,1.589189,0.0,0.100263,0.065552,0.235002,0.071775,0.522509,0.230462,0.278767,0.295656,0.080112,0.218027,0.0,3.2e-05,0.202284,0.0,0.0,0.126572,0.125736,0.141458,0.0,0.126432,0.0,1e-06,0.73721,0.0,0.726006,0.0,0.227351,0.0,0.075735,0.0,1.053469,0.0,0.0,0.0,0.0,0.503093,0.059238,0.220138,0.0,0.052811,0.068248,0.0,0.0,0.0,0.0,0.572776,0.0,0.0,0.0,0.074869,0.0,0.459567,0.214116,0.934164,0.09823,0.083309,1.173167,0.08825,0.0,0.0,0.0,0.0,0.251381,0.140297,0.0,0.235711,0.0,0.33476,0.068513,0.088316,0.206734,0.073147,0.714853,0.045932,0.0,2.2e-05,0.002533,0.112979,0.076043,0.0,0.000103,0.0,0.309056,0.0,0.0,0.0,0.07247,0.0,0.0,0.09902,0.209007,0.190586,0.314352,0.0,0.140946,0.0,0.0,0.089102,0.209008,0.0,0.0
TCGA-49-4494,0.13496,0.0,0.0,0.0,0.0,0.101289,0.0,0.0,0.219246,0.123402,0.101755,0.0,0.0,0.0,0.0,0.104652,0.0,0.275033,0.0,0.0,0.0,0.0,0.0,0.0,0.0,0.0,0.091488,0.0,0.159516,0.091123,0.0,0.0,0.123858,1.280008,0.0,0.188531,0.177744,0.0,0.0,0.0,0.0,0.223774,0.0,0.108173,0.0,0.388908,0.031624,0.0,0.0,0.196898,0.0,0.31351,0.0,1.109478,0.0,0.679166,0.094132,0.0,0.0,0.099981,1e-06,0.0,0.0,0.055675,0.044366,0.30763,0.0,0.0,0.814863,0.0,0.0,0.0,0.30299,0.070542,0.0,0.0,1e-06,0.0,0.0,0.002416,0.0,1.07231,0.077955,0.002822,0.0,0.056386,0.20117,0.0,0.099895,0.125302,0.068395,0.0,0.001996,0.0,0.795288,0.0,0.0,0.0,0.0,0.09258,7.7e-05,0.0,0.128764,0.110022,0.101658,0.0,0.0,0.414118,0.079866,0.153232,0.065172,4e-06,0.194295,0.0,0.328788,1e-06,0.0,0.661654,0.144027,0.250068,0.56749,0.0,0.319682,0.0,0.0,0.005593,0.182458,0.463662,0.129855,0.0,0.11851,0.091366,0.229575,0.211576,0.220431,0.0,0.0,0.0,0.103332,0.0,0.318725,0.110389,0.148313,0.378586,0.0,0.0,0.0,0.340322,0.0,0.0,0.068793,0.199747,0.549764,1e-06,0.0,0.075114,0.0,0.041405,0.075842,0.0,0.627558,0.0,0.0,0.089196,0.0,0.225501,0.234878,0.18918,0.0,0.513718,0.0,0.210144,0.062485,0.0,0.0,0.0,0.0,0.04594,0.083394,1.288716,0.079937,0.0,0.0,0.087864,0.0,0.089625,0.233657,0.097033,0.0,0.0,0.0,0.080684,0.218695,0.0,0.0,0.236205,0.069306,0.37268,0.214376,0.0,0.079725,0.0,2.038169,0.069109,0.042578,0.0,0.283114,1.71378,0.0,0.0,0.132522,0.0,0.0,0.0,0.0,0.039442,0.0,1.404703,0.286023,0.0,0.0,0.100553,0.139109,0.081351,0.068513,0.0,0.0,0.0,0.0,0.0,0.0,0.122926,0.085689,0.053634,0.0,0.046842,0.112322,0.060447,0.064346,0.0,0.107652,0.0,0.177021,0.0,0.110278,0.413604,0.272179,0.0,0.085542,0.077466,0.712298,0.0,0.081733,0.023393,0.0,0.0,0.0,0.084777,0.0,0.0,0.0,0.142902,0.0,0.0,0.0,0.155377,0.0,0.0,0.10226,0.084562,0.0,0.117997,0.066556,0.0,0.340363,0.135883,0.0,0.104547,0.0,0.0,0.202648,0.2483,0.100596,0.105598,0.0,0.0,0.0,0.0,0.059298,0.13453,0.078008,0.119722,0.0,0.0,0.0,0.101091,0.0,0.0,0.091197,0.218053,0.0,0.204265,2e-06,0.172784,0.109784,0.240619,0.0,0.0,1e-06,0.065916,0.0,0.371741,0.189849,0.0,0.428647,0.0,0.0,0.0,0.0,0.08787,0.0,0.081448,0.088993,0.543163,0.0,0.0,0.080565,0.066583,0.230266,0.182339,0.145692,0.0,0.516312,0.0,0.0,0.117718,0.075902,0.0,0.0,0.0,0.536697,0.078261,0.0,0.0,0.235412,0.0,0.0,0.071692,0.088539,0.301408,0.0,0.0,0.0,0.0,0.12134,0.121451,0.0,0.278114,0.237492,0.197422,0.0,0.0,0.0,0.0,0.382465,0.0,0.108204,0.0,0.598735,0.0,0.0,0.0,0.033456,0.108623,0.106388,0.361079,0.25621,0.0,0.09227,0.0,0.122858,0.0,0.312149,0.084522,0.09793,0.060778,0.0,0.196597,0.0,0.0,0.0,0.10917,0.0,0.0,0.0,0.204864,1e-06,0.225986,0.0,0.179024,0.0,0.107966,0.0,0.307431,0.0,0.0,0.085046,0.0,0.0,1.582884,0.0,0.095547,0.078959,0.22696,0.083768,0.515347,0.220169,0.270563,0.302957,0.087179,0.214035,0.0,2.4e-05,0.202746,0.0,0.0,0.150462,0.135719,0.139155,0.0,0.118224,0.0,0.0,0.725794,0.0,0.722883,0.0,0.232972,0.0,0.085537,0.0,1.051768,0.0,0.0,0.0,0.0,0.487021,0.076888,0.215863,0.0,0.070284,0.077932,0.0,0.0,0.0,0.0,0.57308,0.0,0.0,0.0,0.086963,0.0,0.452521,0.207946,0.933799,0.109345,0.085948,1.167191,0.101382,0.0,0.0,0.0,0.0,0.242872,0.137173,0.0,0.24011,0.0,0.331959,0.079591,0.10806,0.195689,0.087484,0.714952,0.052361,0.0,6e-06,0.00204,0.131436,0.092457,0.0,4.2e-05,0.0,0.298452,0.0,0.0,0.0,0.085036,0.0,0.0,0.101178,0.202349,0.200793,0.305754,0.0,0.145611,0.0,0.0,0.103964,0.202113,0.0,0.0
TCGA-49-4505,0.079145,0.0,0.0,0.0,0.0,0.058062,0.0,0.0,0.268766,0.068669,0.059321,0.0,0.0,0.0,0.0,0.059488,0.0,0.266469,0.0,0.0,0.0,0.0,0.0,0.0,0.0,0.0,0.052141,0.0,0.152266,0.050239,0.0,0.0,0.072666,1.35988,0.0,0.234424,0.215376,0.0,0.0,0.0,0.0,0.27281,0.0,0.065918,0.0,0.390534,0.025523,0.0,0.0,0.248252,0.0,0.309453,0.0,1.142759,0.0,0.743129,0.057465,0.0,0.0,0.059298,0.0,1e-06,0.0,0.029019,0.01741,0.347108,0.0,0.0,0.849863,0.0,0.0,0.0,0.359669,0.044681,0.0,0.0,0.0,0.0,0.0,0.001589,0.0,1.126624,0.043123,0.00407,0.0,0.032636,0.251447,0.0,0.065556,0.101063,0.042814,0.0,0.005273,0.0,0.847706,0.0,0.0,0.0,0.0,0.053385,2.9e-05,0.0,0.076464,0.066025,0.061031,0.0,0.0,0.41215,0.040263,0.184725,0.047593,0.0,0.242813,0.0,0.373203,1e-06,0.0,0.698161,0.094631,0.282285,0.627646,0.0,0.313108,0.0,0.0,0.013455,0.22214,0.471909,0.078839,0.0,0.074979,0.055051,0.287481,0.275246,0.260924,0.0,0.0,0.0,0.086696,0.0,0.374804,0.079268,0.19581,0.434107,0.0,0.0,0.0,0.363304,0.0,0.0,0.046032,0.257121,0.587887,1e-06,0.0,0.044808,0.0,0.030715,0.044236,0.0,0.689038,0.0,0.0,0.048618,0.0,0.287229,0.295195,0.242074,0.0,0.556963,0.0,0.250778,0.034531,0.0,0.0,0.0,0.0,0.031502,0.045377,1.346558,0.046057,0.0,0.0,0.052311,0.0,0.054604,0.249221,0.054504,0.0,0.0,0.0,0.043044,0.279272,0.0,0.0,0.298256,0.034666,0.363319,0.271245,0.0,0.05061,0.0,2.115837,0.038051,0.026698,0.0,0.318813,1.769972,0.0,0.0,0.077392,0.0,0.0,0.0,0.0,0.028582,0.0,1.478822,0.344615,0.0,0.0,0.060004,0.177271,0.047833,0.039189,0.0,0.0,0.0,0.0,0.0,0.0,0.082821,0.054623,0.031679,0.0,0.025001,0.064491,0.031804,0.037728,0.0,0.149388,0.0,0.225923,0.0,0.066302,0.457046,0.253639,0.0,0.048605,0.050041,0.765675,0.0,0.050897,0.029163,0.0,0.0,0.0,0.049943,0.0,0.0,0.0,0.11183,0.0,0.0,0.0,0.19095,0.0,0.0,0.057806,0.047493,0.0,0.076823,0.040213,0.0,0.391438,0.132002,0.0,0.057957,0.0,0.0,0.255555,0.302319,0.069813,0.068378,0.0,0.0,0.0,0.0,0.036923,0.074,0.044532,0.076495,0.0,0.0,0.0,0.061582,0.0,0.0,0.054872,0.271078,0.0,0.252999,0.0,0.162239,0.156189,0.234955,0.0,0.0,0.0,0.041603,0.0,0.365329,0.232634,0.0,0.478907,0.0,0.0,0.0,0.0,0.056986,0.0,0.049057,0.055649,0.578647,0.0,0.0,0.046667,0.040736,0.268744,0.222953,0.175214,0.0,0.567756,0.0,0.0,0.067249,0.04501,0.0,0.0,0.0,0.582079,0.04965,0.0,0.0,0.292695,0.0,0.0,0.037439,0.051341,0.367596,0.0,0.0,0.0,0.0,0.066839,0.067745,0.0,0.325428,0.292924,0.243444,0.0,0.0,0.0,0.0,0.431277,0.0,0.063205,0.0,0.612042,0.0,0.0,0.0,0.019541,0.065147,0.060406,0.394038,0.306641,0.0,0.05917,0.0,0.070286,0.0,0.327259,0.045066,0.057041,0.072697,0.0,0.245774,0.0,0.0,0.0,0.0595,0.0,0.0,0.0,0.244678,0.0,0.286218,0.0,0.154386,0.0,0.07113,0.0,0.351059,0.0,0.0,0.048622,0.0,0.0,1.629098,0.0,0.132874,0.045736,0.276089,0.048707,0.570482,0.283007,0.322013,0.299839,0.054477,0.262815,0.0,4e-06,0.216573,0.0,0.0,0.090438,0.094861,0.169263,0.0,0.151335,0.0,1e-06,0.78793,0.0,0.774636,0.0,0.212423,0.0,0.052994,0.0,1.120698,0.0,0.0,0.0,0.0,0.588042,0.042616,0.256945,0.0,0.036916,0.054584,0.0,0.0,0.0,3e-06,0.567751,0.0,0.0,0.0,0.115119,0.0,0.504429,0.246967,0.967837,0.073313,0.121643,1.238664,0.059774,0.0,0.0,0.0,0.0,0.298045,0.19114,0.0,0.23445,0.0,0.368781,0.045177,0.057836,0.24585,0.047168,0.728273,0.054484,0.0,4e-06,0.005399,0.074958,0.054421,0.0,5e-05,0.0,0.360277,0.0,0.0,0.0,0.052269,0.0,0.0,0.120558,0.242265,0.177955,0.35107,0.0,0.108726,0.0,0.0,0.059768,0.259016,0.0,0.0
TCGA-49-4512,0.093644,0.0,0.0,0.0,0.0,0.066737,0.0,0.0,0.257647,0.083855,0.07021,1e-06,0.0,0.0,0.0,0.073182,0.0,0.247847,0.0,0.0,0.0,0.0,0.0,0.0,0.0,0.0,0.060819,0.0,0.126764,0.06184,0.0,0.0,0.081578,1.232295,0.0,0.21952,0.197588,1e-06,0.0,0.0,2e-06,0.25081,0.0,0.073045,0.0,0.331743,0.032169,0.0,0.0,0.233097,0.0,0.286913,0.0,1.043798,0.0,0.659044,0.064804,0.0,3e-06,0.066683,3e-06,1e-06,0.0,0.034742,0.02502,0.310909,0.0,0.0,0.764043,0.0,0.0,0.0,0.319936,0.049629,0.0,0.0,1e-06,0.0,0.0,0.000553,0.0,1.019908,0.050968,0.005282,0.0,0.036061,0.219902,0.0,0.06826,0.09807,0.049963,0.0,0.013664,0.0,0.763536,0.0,0.0,0.0,0.0,0.057896,7.2e-05,0.0,0.089677,0.077549,0.069285,0.0,0.0,0.35884,0.051823,0.158971,0.06108,2e-06,0.210198,0.0,0.334035,1e-06,0.0,0.621291,0.098233,0.232271,0.562162,0.0,0.251424,0.0,0.0,0.026054,0.198627,0.420207,0.092523,0.0,0.099284,0.064248,0.254477,0.249774,0.218767,0.0,0.0,0.0,0.080668,0.0,0.329703,0.076017,0.17494,0.388026,0.0,0.0,0.0,0.312979,0.0,0.0,0.049544,0.231974,0.520992,0.0,0.0,0.050935,0.0,0.040904,0.048852,0.0,0.619909,0.0,0.0,0.060158,0.0,0.266025,0.271378,0.209398,0.0,0.48975,0.0,0.228269,0.039832,0.0,0.0,0.0,0.0,0.030964,0.054527,1.223558,0.050345,0.0,0.0,0.057789,0.0,0.061162,0.206184,0.062951,0.0,0.0,0.0,0.054075,0.245081,0.0,0.0,0.269595,0.042406,0.326501,0.245767,0.0,0.054288,0.0,1.925386,0.041716,0.037174,0.0,0.291078,1.611112,0.0,0.0,0.093043,0.0,0.0,0.0,0.0,0.025299,0.0,1.354763,0.30739,0.0,0.0,0.070461,0.160648,0.055319,0.045674,0.0,0.0,0.0,0.0,0.0,0.0,0.083682,0.069546,0.037161,0.0,0.028133,0.075621,0.037766,0.042345,0.0,0.154141,0.0,0.211812,0.0,0.086529,0.413223,0.213626,0.0,0.054726,0.049863,0.691435,0.0,0.05404,0.016589,0.0,0.0,0.0,0.057282,0.0,0.0,0.0,0.107475,0.0,0.0,0.0,0.186714,0.0,0.0,0.07224,0.054404,1e-06,0.080853,0.050503,0.0,0.352989,0.115116,0.0,0.070319,0.0,0.0,0.229465,0.271866,0.077337,0.070165,0.0,0.0,0.0,0.0,0.041671,0.087766,0.051656,0.081003,0.0,0.0,0.0,0.076615,0.0,0.0,0.058723,0.244991,0.0,0.232587,4e-06,0.143144,0.165765,0.208632,0.0,0.0,0.0,0.045462,0.0,0.327867,0.203827,0.0,0.430935,0.0,0.0,0.0,0.0,0.055077,8e-05,0.056163,0.064414,0.496751,0.0,0.0,0.058538,0.043756,0.253414,0.19848,0.186119,0.0,0.523568,0.0,0.0,0.080539,0.049937,0.0,0.0,0.0,0.503572,0.05094,0.0,0.0,0.25919,0.0,0.0,0.046197,0.059613,0.331772,0.0,0.0,0.0,0.0,0.078279,0.080724,0.0,0.283178,0.265433,0.221563,0.0,0.0,0.0,0.0,0.386688,0.0,0.077131,0.0,0.54617,0.0,0.0,0.0,0.021267,0.072383,0.070586,0.353136,0.267342,0.0,0.055235,0.0,0.083046,0.0,0.313982,0.05094,0.068938,0.087436,0.0,0.224259,0.0,0.0,0.0,0.072165,0.0,0.0,0.0,0.221383,1e-06,0.2668,0.0,0.138913,0.0,0.076044,0.0,0.291366,0.0,0.0,0.058886,0.0,1e-06,1.481113,0.0,0.120395,0.052628,0.248077,0.05712,0.517717,0.261171,0.287378,0.277252,0.056724,0.237135,0.0,6.7e-05,0.205947,0.0,0.0,0.107353,0.099395,0.170192,0.0,0.154529,0.0,0.0,0.707268,0.0,0.700936,0.0,0.191369,0.0,0.060676,0.0,1.018873,1e-06,0.0,0.0,0.0,0.509032,0.054101,0.232054,0.0,0.046901,0.071139,0.0,0.0,0.0,1e-06,0.50361,0.0,0.0,0.0,0.108244,0.0,0.450591,0.218514,0.862686,0.075368,0.11616,1.113441,0.068797,0.0,0.0,0.0,0.0,0.271847,0.184444,0.0,0.209116,0.0,0.338869,0.053072,0.069634,0.218328,0.055298,0.644967,0.077579,0.0,7e-06,0.012132,0.089899,0.064766,0.0,0.000466,0.0,0.321872,0.0,0.0,0.0,0.059378,0.0,0.0,0.133937,0.219033,0.160547,0.304663,0.0,0.109931,0.0,0.0,0.071193,0.227199,0.0,0.0
TCGA-49-4514,0.196866,0.0,0.0,0.0,0.0,0.12779,0.0,0.0,0.189653,0.169432,0.135251,3e-05,0.0,0.0,0.0,0.160858,0.0,0.261428,0.0,0.0,0.0,0.0,0.0,0.0,0.0,0.0,0.111792,0.0,0.125058,0.125086,0.0,0.0,0.156906,1.157183,0.0,0.165195,0.15146,0.0,0.0,0.0,6e-06,0.193166,0.0,0.146406,0.0,0.304272,0.045911,0.0,0.0,0.163071,0.0,0.293952,0.0,1.041503,0.0,0.590305,0.125269,0.0,1e-06,0.116603,2e-06,3e-06,0.0,0.070628,0.044442,0.268298,0.0,0.0,0.729284,0.0,0.0,0.0,0.242878,0.099931,0.0,0.0,2e-06,0.0,0.0,0.002313,0.0,0.978615,0.098473,0.016319,0.0,0.064548,0.155068,0.0,0.121988,0.143078,0.083023,0.0,0.006074,0.0,0.704801,0.0,0.0,0.0,0.0,0.112255,0.0004,0.0,0.187585,0.15735,0.146577,0.0,0.0,0.367964,0.107151,0.123611,0.08593,2e-06,0.157433,0.0,0.285148,1e-06,0.0,0.567459,0.180512,0.186238,0.496278,0.0,0.238121,0.0,0.0,0.011907,0.148276,0.414941,0.201377,1.4e-05,0.164047,0.127147,0.190364,0.17201,0.16178,0.0,0.0,0.0,0.114911,0.0,0.267405,0.105597,0.127795,0.329599,0.0,0.0,0.0,0.265575,0.0,0.0,0.08685,0.161952,0.472457,0.0,0.0,0.10543,0.0,0.06628,0.100995,0.0,0.5467,0.0,0.0,0.124723,0.0,0.185365,0.18646,0.157375,0.0,0.42905,0.0,0.174037,0.081598,0.0,0.0,0.0,0.0,0.067715,0.107211,1.184431,0.094467,0.0,0.0,0.12233,0.0,0.121985,0.166894,0.122448,0.0,0.0,0.0,0.122485,0.168276,0.0,1e-06,0.191517,0.081324,0.342988,0.184776,0.0,0.10023,0.0,1.875766,0.072684,0.069885,0.0,0.254963,1.568216,0.0,0.0,0.19452,0.0,0.0,0.0,0.0,0.025102,0.0,1.281178,0.221301,0.0,0.0,0.140925,0.106405,0.120226,0.096162,0.0,0.0,0.0,0.0,0.0,0.0,0.146901,0.14299,0.084381,0.0,0.051048,0.144231,0.076975,0.080053,0.0,0.100464,0.0,0.147851,0.0,0.167424,0.370169,0.21706,0.0,0.1139,0.082464,0.626676,0.0,0.108528,0.010896,0.0,0.0,0.0,0.107546,0.0,0.0,0.0,0.162829,0.0,0.0,0.0,0.131108,0.0,0.0,0.144273,0.10923,0.0,0.149311,0.103091,0.0,0.304021,0.130312,0.0,0.146745,0.0,0.0,0.158062,0.202446,0.122702,0.143608,0.0,1e-06,0.0,0.0,0.090777,0.159164,0.102793,0.131037,0.0,0.0,0.0,0.144266,0.0,0.0,0.101392,0.182893,0.0,0.170619,1.3e-05,0.155675,0.103974,0.225759,0.0,0.0,0.0,0.074962,0.0,0.334429,0.150773,0.0,0.381196,0.0,4e-06,0.0,0.0,0.107131,1.8e-05,0.102986,0.119533,0.454759,0.0,0.0,0.120322,0.072115,0.188614,0.153083,0.139213,0.0,0.475175,0.0,0.0,0.157083,0.096325,0.0,0.0,0.0,0.427434,0.090023,0.0,0.0,0.185976,0.0,0.0,0.09288,0.116303,0.243654,0.0,0.0,1e-06,0.0,0.151175,0.155612,0.0,0.213882,0.200578,0.160533,0.0,0.0,0.0,0.0,0.307667,0.0,0.155286,0.0,0.531472,0.0,0.0,0.0,0.042199,0.139976,0.13417,0.315072,0.196093,0.0,0.08149,0.0,0.165137,0.0,0.300386,0.096135,0.129004,0.087135,0.0,0.159303,0.0,0.0,0.0,0.144572,0.0,0.0,0.0,0.174816,4e-06,0.180121,0.0,0.188794,0.0,0.145275,0.0,0.231565,0.0,0.0,0.112242,0.0,0.0,1.454844,0.0,0.093229,0.098414,0.184131,0.108683,0.463603,0.182244,0.21483,0.28616,0.098132,0.176155,0.0,0.000222,0.183661,0.0,0.0,0.235348,0.155411,0.128479,5e-06,0.107399,0.0,0.0,0.628234,0.0,0.642102,0.0,0.226311,0.0,0.116053,0.0,0.945542,0.0,0.0,0.0,0.0,0.377494,0.119843,0.183239,0.0,0.104809,0.107983,0.0,0.0,0.0,0.0,0.514491,0.0,0.0,0.0,0.084914,0.0,0.390796,0.165642,0.846734,0.13479,0.098408,1.04992,0.135124,0.0,0.0,0.0,0.0,0.196227,0.118307,0.0,0.213097,0.0,0.299147,0.103452,0.146663,0.158076,0.113194,0.63908,0.106416,0.0,3e-06,0.00534,0.18033,0.13257,0.0,0.000474,0.0,0.237608,0.0,0.0,0.0,0.116851,0.0,0.0,0.125164,0.16272,0.198645,0.240729,0.0,0.170362,0.0,0.0,0.144464,0.162646,0.0,0.0
TCGA-49-6742,0.144921,0.0,0.0,0.0,0.0,0.111716,0.0,0.0,0.201034,0.137124,0.11814,7.8e-05,0.0,0.0,0.0,0.1117,0.0,0.254399,0.0,0.0,0.0,0.0,0.0,0.0,0.0,0.0,0.099748,0.0,0.148967,0.092029,1e-06,0.0,0.132404,1.20602,0.0,0.172485,0.158953,7e-06,0.0,0.0,3e-06,0.205046,0.0,0.118033,0.0,0.363165,0.030247,0.0,0.0,0.181501,0.0,0.303237,0.0,1.059527,0.0,0.626169,0.102287,0.0,3e-06,0.105389,2.2e-05,1e-06,0.0,0.046888,0.037102,0.286419,0.0,0.0,0.760549,0.0,0.0,0.0,0.273008,0.071668,0.0,0.0,0.0,0.0,0.0,0.000978,0.0,1.009501,0.075668,0.008988,0.0,0.059566,0.183816,0.0,0.103277,0.126346,0.077791,0.0,0.002762,0.0,0.744225,0.0,0.0,0.0,0.0,0.090746,8.6e-05,0.0,0.141943,0.120187,0.110398,0.0,0.0,0.387401,0.07921,0.128035,0.059968,9e-06,0.172535,0.0,0.293245,0.0,0.0,0.616131,0.15658,0.218631,0.524924,0.0,0.301613,0.0,0.0,0.00656,0.166298,0.434881,0.140468,0.0,0.136471,0.105074,0.213692,0.193168,0.192562,0.0,0.0,0.0,0.097808,0.0,0.292221,0.118639,0.135271,0.350227,0.0,0.0,0.0,0.312314,0.0,0.0,0.079856,0.179799,0.512588,0.0,0.0,0.082167,0.0,0.046646,0.073854,0.0,0.575835,0.0,0.0,0.092625,0.0,0.204518,0.212428,0.167928,0.0,0.468819,0.0,0.201075,0.058321,0.0,0.0,0.0,0.0,0.046794,0.08316,1.21855,0.08324,0.0,0.0,0.086477,0.0,0.101791,0.209976,0.100286,0.0,0.0,0.0,0.082209,0.188037,1.6e-05,0.0,0.212045,0.067032,0.352468,0.184053,0.0,0.088093,0.0,1.930772,0.061853,0.042387,0.0,0.264627,1.630295,0.0,0.0,0.141777,0.0,0.0,0.0,0.0,0.041556,0.0,1.320612,0.263187,0.0,0.0,0.108441,0.125768,0.086332,0.068216,0.0,0.0,0.0,0.0,0.0,0.0,0.134635,0.097679,0.056377,0.0,0.045716,0.124604,0.054193,0.066444,0.0,0.100132,0.0,0.157647,0.0,0.127298,0.383732,0.260624,0.0,0.087383,0.074598,0.66569,5e-06,0.086541,0.017879,0.0,0.0,0.0,0.095673,0.0,0.0,0.0,0.138069,0.0,0.0,0.0,0.150251,0.0,1e-06,0.107229,0.082984,0.000113,0.125009,0.068192,0.0,0.311614,0.124513,0.0,0.114818,0.0,0.0,0.183635,0.218057,0.109577,0.109174,0.0,1e-06,0.0,0.0,0.062428,0.143149,0.084356,0.131627,0.0,0.0,0.0,0.116199,0.0,0.0,0.09646,0.200983,0.0,0.182712,2.8e-05,0.159234,0.106192,0.223885,0.0,0.0,0.0,0.070727,0.0,0.359923,0.169999,0.0,0.393475,0.0,0.0,2e-06,0.0,0.08967,6e-05,0.08919,0.098431,0.494922,0.0,0.0,0.087805,0.061715,0.207597,0.161622,0.137841,0.0,0.48781,0.0,0.0,0.125097,0.07796,0.0,0.0,0.0,0.485541,0.079086,0.0,0.0,0.210187,0.0,0.0,0.075402,0.093091,0.278385,0.0,0.0,0.0,0.0,0.12556,0.135011,0.0,0.248217,0.21903,0.177891,0.0,0.0,0.0,0.0,0.352925,0.0,0.119668,0.0,0.556572,0.0,0.0,0.0,0.028984,0.114616,0.107201,0.327717,0.2295,0.0,0.092217,0.0,0.128887,0.0,0.305807,0.085044,0.109814,0.057841,0.0,0.174689,0.0,0.0,0.0,0.115868,0.0,0.0,0.0,0.182271,0.0,0.210322,0.0,0.173689,0.0,0.118199,0.0,0.277113,0.0,0.0,0.090717,0.0,8e-06,1.516691,0.0,0.088868,0.072897,0.205324,0.085896,0.483936,0.204085,0.243802,0.284532,0.090827,0.195451,0.0,4.5e-05,0.185602,0.0,0.0,0.168326,0.139457,0.128793,0.0,0.120662,0.0,0.0,0.67727,0.0,0.676234,0.0,0.229438,0.0,0.092067,0.0,0.98319,0.0,0.0,0.0,0.0,0.434768,0.080176,0.197284,0.0,0.071188,0.083406,0.0,0.0,0.0,1e-06,0.545898,0.0,0.0,0.0,0.059403,0.0,0.417572,0.18294,0.87723,0.114292,0.075267,1.09859,0.109701,0.0,0.0,0.0,0.0,0.2199,0.120121,0.0,0.224845,0.0,0.309411,0.081518,0.109508,0.186117,0.092217,0.673309,0.062935,0.0,3.6e-05,0.003913,0.139428,0.097835,0.0,0.00127,0.0,0.269202,0.0,0.0,0.0,0.087737,0.0,0.0,0.10465,0.187694,0.188534,0.277093,0.0,0.162638,0.0,0.0,0.109706,0.17788,0.0,0.0
TCGA-49-6743,0.196126,0.0,0.0,0.0,0.0,0.138611,0.0,0.0,0.165597,0.176453,0.143909,0.0,0.0,0.0,0.0,0.150164,0.0,0.264924,0.0,0.0,0.0,0.0,0.0,0.0,0.0,0.0,0.127493,0.0,0.142906,0.124595,0.0,0.0,0.160937,1.143887,0.0,0.140668,0.134417,0.0,0.0,0.0,0.0,0.17187,0.0,0.149804,0.0,0.321814,0.045585,0.0,0.0,0.150377,0.0,0.312489,0.0,1.030518,0.0,0.577724,0.131542,0.0,0.0,0.1303,0.0,0.0,0.0,0.070999,0.056492,0.252201,0.0,0.0,0.731723,0.0,0.0,0.0,0.229777,0.104372,0.0,0.0,0.0,0.0,0.0,0.003634,0.0,0.970691,0.104152,0.011617,0.0,0.077174,0.154994,0.0,0.127325,0.149414,0.099837,0.0,0.002208,0.0,0.698388,0.0,0.0,0.0,0.0,0.12527,1.8e-05,0.0,0.187472,0.16144,0.159373,0.0,0.0,0.377028,0.113451,0.111998,0.076912,0.0,0.147467,0.0,0.265083,0.0,0.0,0.572102,0.186803,0.188222,0.488387,0.0,0.264483,0.0,0.0,0.004812,0.142307,0.419619,0.197738,0.0,0.16389,0.140683,0.179396,0.16004,0.163653,0.0,0.0,0.0,0.117544,0.0,0.254796,0.120081,0.11624,0.32115,0.0,0.0,0.0,0.270461,0.0,0.0,0.09864,0.15325,0.468518,0.0,0.0,0.106335,0.0,0.063461,0.108423,0.0,0.530855,0.0,0.0,0.122953,0.0,0.168443,0.176882,0.144798,0.0,0.431788,0.0,0.171226,0.087506,0.0,0.0,0.0,0.0,0.06778,0.11001,1.170393,0.109582,0.0,0.0,0.124043,0.0,0.127274,0.183416,0.132838,0.0,0.0,0.0,0.122537,0.163208,0.0,0.0,0.176296,0.091697,0.352177,0.165665,0.0,0.112461,0.0,1.868874,0.085132,0.066959,0.0,0.242483,1.569582,0.0,0.0,0.189692,0.0,0.0,0.0,0.0,0.040512,0.0,1.26897,0.224542,0.0,0.0,0.148895,0.103181,0.130223,0.093426,0.0,0.0,0.0,0.0,0.0,0.0,0.162694,0.142252,0.086012,0.0,0.05883,0.159538,0.08678,0.100359,0.0,0.07604,0.0,0.131895,0.0,0.16818,0.354319,0.224623,0.0,0.120307,0.099628,0.620217,0.0,0.117528,0.014066,0.0,0.0,0.0,0.117379,0.0,0.0,0.0,0.171872,0.0,0.0,0.0,0.123116,0.0,0.0,0.139884,0.106878,0.0,0.164794,0.099808,0.0,0.28214,0.127628,0.0,0.147731,0.0,0.0,0.154112,0.182667,0.130986,0.149889,0.0,0.0,0.0,0.0,0.090982,0.167634,0.107767,0.144264,0.0,0.0,0.0,0.150365,0.0,0.0,0.122631,0.170824,0.0,0.154184,4e-06,0.170227,0.086813,0.217818,0.0,0.0,0.0,0.085802,0.0,0.343599,0.14421,0.0,0.356277,0.0,0.0,2e-06,0.0,0.113914,1e-06,0.110665,0.125891,0.464134,0.0,0.0,0.125424,0.083332,0.17251,0.142612,0.119324,0.0,0.4514,0.0,0.0,0.159264,0.105001,0.0,0.0,0.0,0.435735,0.10049,0.0,0.0,0.175097,0.0,0.0,0.104416,0.121827,0.235697,0.0,0.0,0.0,0.0,0.156654,0.158416,0.0,0.217852,0.187437,0.150483,0.0,0.0,0.0,0.0,0.305035,0.0,0.154673,0.0,0.531539,0.0,0.0,0.0,0.048981,0.149361,0.147405,0.297869,0.197567,0.0,0.103176,0.0,0.165287,0.0,0.277917,0.111838,0.134631,0.080502,0.0,0.148287,0.0,0.0,0.0,0.157056,0.0,0.0,0.0,0.15738,0.0,0.173454,0.0,0.199125,0.0,0.14849,0.0,0.242098,0.0,0.0,0.125992,0.0,0.0,1.460845,0.0,0.073848,0.101065,0.174056,0.112861,0.446106,0.167741,0.202618,0.294797,0.11826,0.162553,0.0,6.2e-05,0.172643,0.0,0.0,0.226314,0.156168,0.099439,0.0,0.09301,0.0,0.0,0.62747,0.0,0.631102,0.0,0.236724,0.0,0.121453,0.0,0.935222,0.0,0.0,0.0,0.0,0.370623,0.11883,0.174508,0.0,0.105253,0.106971,0.0,0.0,0.0,0.0,0.528051,0.0,0.0,0.0,0.077034,0.0,0.377511,0.15309,0.842742,0.146041,0.078699,1.04161,0.138187,0.0,0.0,0.0,0.0,0.180698,0.097458,0.0,0.228812,0.0,0.288464,0.103689,0.156042,0.153042,0.125714,0.648848,0.093061,0.0,2e-05,0.001856,0.186724,0.13327,0.0,4.9e-05,0.0,0.234772,0.0,0.0,0.0,0.115174,0.0,0.0,0.119529,0.156029,0.20789,0.233313,0.0,0.174578,0.0,0.0,0.144137,0.152142,0.0,0.0
TCGA-49-6745,0.139252,0.0,0.0,0.0,0.0,0.102037,0.0,0.0,0.216811,0.129957,0.107621,8e-06,0.0,0.0,0.0,0.112008,0.0,0.25818,0.0,0.0,0.0,0.0,0.0,0.0,0.0,0.0,0.093169,0.0,0.138707,0.09569,0.0,0.0,0.12451,1.200716,0.0,0.180303,0.169156,0.0,0.0,0.0,3e-06,0.210941,0.0,0.110909,0.0,0.337925,0.032689,0.0,0.0,0.193317,0.0,0.297332,0.0,1.047351,0.0,0.629377,0.097935,0.0,1e-06,0.098467,1e-06,1e-06,0.0,0.054344,0.042412,0.286209,0.0,0.0,0.757759,0.0,0.0,0.0,0.282015,0.070786,0.0,0.0,2e-06,0.0,0.0,0.001266,0.0,1.003458,0.075083,0.006029,0.0,0.056622,0.186404,0.0,0.100846,0.124036,0.071731,0.0,0.006792,0.0,0.740325,0.0,0.0,0.0,0.0,0.083489,0.000151,0.0,0.133886,0.117809,0.104522,0.0,0.0,0.379671,0.085649,0.131712,0.070842,2e-06,0.177415,0.0,0.300237,1e-06,0.0,0.606979,0.142925,0.212795,0.525534,0.0,0.266833,0.0,0.0,0.01373,0.168507,0.425588,0.137461,1e-06,0.129704,0.097558,0.213637,0.199427,0.195424,0.0,0.0,0.0,0.097671,0.0,0.295334,0.103765,0.138355,0.35624,0.0,0.0,0.0,0.302902,0.0,0.0,0.07309,0.18937,0.504504,0.0,0.0,0.07582,0.0,0.05181,0.072932,0.0,0.585634,0.0,0.0,0.090622,0.0,0.216788,0.221626,0.17596,0.0,0.462972,0.0,0.198367,0.060533,0.0,0.0,0.0,0.0,0.045858,0.08415,1.211822,0.077802,0.0,0.0,0.085114,0.0,0.092162,0.197894,0.096046,0.0,0.0,0.0,0.085414,0.198684,0.0,0.0,0.223261,0.066969,0.342886,0.204677,0.0,0.07716,0.0,1.911728,0.063922,0.049484,0.0,0.270614,1.606658,0.0,0.0,0.141516,0.0,0.0,0.0,0.0,0.03177,0.0,1.321287,0.264526,0.0,0.0,0.102927,0.127899,0.080906,0.072402,0.0,0.0,0.0,0.0,0.0,0.0,0.118881,0.093149,0.05718,0.0,0.044191,0.114298,0.055455,0.063426,0.0,0.116235,0.0,0.172983,0.0,0.122995,0.389524,0.23394,0.0,0.082304,0.072172,0.664233,2e-06,0.083405,0.015674,0.0,0.0,0.0,0.085078,0.0,0.0,0.0,0.139556,0.0,0.0,0.0,0.160106,0.0,0.0,0.110169,0.081535,7e-06,0.116417,0.070705,0.0,0.321188,0.124455,0.0,0.109526,0.0,0.0,0.188334,0.229621,0.10584,0.102845,0.0,5e-06,2e-06,0.0,0.060821,0.131266,0.076842,0.120128,0.0,0.0,0.0,0.11037,0.0,0.0,0.085486,0.205264,0.0,0.191664,1.6e-05,0.156471,0.122764,0.22491,0.0,0.0,0.0,0.066106,0.0,0.341964,0.173125,0.0,0.399958,0.0,0.0,0.0,0.0,0.083063,0.000133,0.08262,0.092688,0.483541,0.0,0.0,0.088696,0.062316,0.216023,0.173832,0.153604,0.0,0.490564,0.0,0.0,0.120566,0.073408,0.0,0.0,0.0,0.481501,0.075132,0.0,0.0,0.219848,0.0,0.0,0.072577,0.086956,0.286119,0.0,0.0,1e-06,0.0,0.120001,0.121896,0.0,0.251171,0.224032,0.183197,0.0,0.0,0.0,0.0,0.354578,0.0,0.111245,0.0,0.552447,0.0,0.0,0.0,0.027762,0.108991,0.108349,0.335107,0.230816,0.0,0.081394,0.0,0.12568,0.0,0.303847,0.077897,0.102964,0.077174,0.0,0.184618,0.0,0.0,0.0,0.111175,0.0,0.0,0.0,0.192526,1e-06,0.218488,0.0,0.168952,0.0,0.111039,0.0,0.272581,0.0,0.0,0.08617,0.0,0.0,1.483551,0.0,0.090642,0.076602,0.209542,0.084628,0.482113,0.209752,0.249559,0.285794,0.083195,0.200524,0.0,8.7e-05,0.194994,0.0,0.0,0.162325,0.131264,0.137338,2e-06,0.125102,0.0,0.0,0.677743,0.0,0.675247,0.0,0.217304,0.0,0.085641,0.0,0.986084,1e-06,0.0,0.0,0.0,0.438773,0.082627,0.201695,0.0,0.072255,0.085972,0.0,0.0,0.0,1e-06,0.527234,0.0,0.0,0.0,0.085235,0.0,0.416333,0.193107,0.861724,0.106438,0.090368,1.089668,0.104578,0.0,0.0,0.0,0.0,0.229339,0.137259,0.0,0.219642,0.0,0.31666,0.079323,0.106252,0.185986,0.088796,0.654633,0.074649,0.0,9e-06,0.00546,0.135284,0.095717,0.0,0.001099,0.0,0.278362,0.0,0.0,0.0,0.08846,0.0,0.0,0.116374,0.19105,0.184724,0.274469,0.0,0.146511,0.0,0.0,0.110229,0.184929,0.0,0.0
TCGA-50-5045,0.14039,0.0,0.0,0.0,0.0,0.113392,0.0,0.0,0.20296,0.131993,0.109299,0.000131,2e-05,0.0,0.0,0.10985,0.0,0.263016,0.0,0.0,0.0,0.0,0.0,1e-06,0.0,0.0,0.095258,0.0,0.154839,0.095127,0.0,0.0,0.122246,1.188663,0.0,0.169469,0.157443,3.6e-05,0.0,0.0,0.0,0.199632,0.0,0.110278,0.0,0.342664,0.037054,0.0,0.0,0.187358,0.0,0.306417,0.0,1.032352,0.0,0.61262,0.101706,0.0,0.0,0.111063,5.5e-05,4e-06,0.0,0.05051,0.042022,0.27135,0.0,4e-06,0.758983,0.0,0.0,0.0,0.268294,0.080897,0.0,1e-06,0.0,0.0,0.0,0.003494,0.0,0.991467,0.086071,0.004199,0.0,0.069276,0.175324,0.0,0.104829,0.135451,0.085396,0.0,0.004304,1.7e-05,0.730998,0.0,0.0,0.0,0.0,0.097523,1e-06,0.0,0.130831,0.118552,0.118711,0.0,0.0,0.382099,0.091071,0.128263,0.073312,0.0,0.16437,7e-06,0.294347,1e-06,0.0,0.606086,0.145255,0.217399,0.520035,0.0,0.275283,0.0,0.0,0.009325,0.156391,0.42687,0.140025,0.0,0.129765,0.105552,0.209223,0.189034,0.195207,0.0,0.0,0.0,0.103928,0.0,0.282281,0.115073,0.130527,0.346343,0.0,0.0,0.0,0.294343,0.0,0.0,0.077698,0.187291,0.500611,0.0,0.0,0.075416,0.0,0.053627,0.081532,0.0,0.577245,0.0,8e-06,0.092462,0.0,0.206088,0.222195,0.162886,1e-06,0.47215,0.0,0.195661,0.071076,0.0,0.0,0.0,0.0,0.050705,0.080839,1.201264,0.08993,3e-05,1e-06,0.092866,0.0,0.097171,0.209158,0.105819,0.0,0.0,0.0,0.089193,0.188126,8.5e-05,0.0,0.208151,0.079686,0.343804,0.189838,0.0,0.092887,0.0,1.896931,0.075177,0.050127,0.0,0.263666,1.601931,0.0,0.0,0.143011,0.0,0.0,0.0,0.0,0.046176,0.0,1.313843,0.26335,0.0,0.0,0.115719,0.126027,0.099204,0.077863,0.0,0.0,0.0,0.0,0.0,0.0,0.132595,0.104626,0.060519,0.0,0.042911,0.122227,0.064454,0.075805,0.0,0.099039,0.0,0.15382,0.0,0.118371,0.376792,0.241418,0.0,0.094965,0.080353,0.657451,1e-06,0.091633,0.028576,0.0,0.0,0.0,0.09242,0.0,0.0,0.0,0.140497,0.0,0.0,0.0,0.155198,0.0,5.2e-05,0.110133,0.089501,6.6e-05,0.130706,0.076463,0.0,0.310233,0.12422,0.0,0.106134,0.0,0.0,0.182484,0.21354,0.109424,0.113394,0.0,0.0,0.0,0.0,0.068337,0.142934,0.086289,0.129043,0.0,0.0,0.0,0.119079,0.0,0.0,0.102053,0.193808,0.0,0.182243,0.0,0.170061,0.11094,0.223326,0.0,1e-06,0.0,0.07218,0.0,0.353071,0.166277,0.0,0.382293,0.0,1e-06,0.0,0.0,0.09102,5e-06,0.092594,0.100793,0.490229,0.0,0.0,0.087294,0.065536,0.19744,0.157337,0.132972,0.0,0.475509,0.0,2e-06,0.122529,0.084957,0.0,0.0,0.0,0.475965,0.090306,0.0,0.0,0.207869,0.0,0.0,0.081932,0.091684,0.273483,0.0,0.0,0.0,0.0,0.126641,0.124982,0.0,0.250801,0.212439,0.166716,0.0,0.0,0.0,0.0,0.339292,0.0,0.120652,0.0,0.550765,0.0,0.0,0.0,0.040153,0.116408,0.112855,0.322742,0.231159,0.0,0.092935,0.0,0.122575,0.0,0.281454,0.086217,0.112564,0.06548,0.0,0.170732,0.0,0.0,0.0,0.113069,1e-06,0.0,0.0,0.181406,1e-06,0.212238,0.0,0.173836,0.0,0.108904,0.0,0.26701,0.0,0.0,0.102142,0.0,6.8e-05,1.475877,0.0,0.079486,0.084155,0.208305,0.091789,0.484996,0.197757,0.245227,0.29414,0.096783,0.184094,0.0,7e-06,0.190628,0.0,0.0,0.163716,0.135628,0.120123,0.0,0.111504,0.0,0.0,0.667101,0.0,0.657711,0.0,0.216596,0.0,0.095802,0.0,0.974803,0.0,0.0,0.0,0.0,0.437903,0.087497,0.193335,0.0,0.088122,0.088729,0.0,0.0,0.0,1e-06,0.530852,0.0,0.0,0.0,0.082733,0.0,0.41161,0.179145,0.858561,0.112888,0.074913,1.077812,0.104193,0.0,0.0,0.0,0.0,0.212959,0.126635,0.0,0.222956,0.0,0.303608,0.093558,0.112396,0.189821,0.091423,0.661974,0.072898,0.0,3.5e-05,0.006251,0.141587,0.096885,0.0,0.000356,3e-06,0.276111,0.0,0.0,0.0,0.097345,1.2e-05,0.0,0.110874,0.181659,0.190374,0.267437,0.0,0.147176,0.0,0.0,0.108424,0.17951,1.2e-05,0.0
TCGA-50-5066,0.279568,0.0,0.0,0.0,0.0,0.189683,0.0,0.0,0.121099,0.245712,0.19091,3e-06,1.2e-05,0.0,0.0,0.212673,0.0,0.27398,0.0,0.0,0.0,0.0,0.0,1e-06,0.0,0.0,0.185588,0.0,0.149965,0.179367,0.0,0.0,0.216848,1.036292,0.0,0.087341,0.081491,1e-06,0.0,0.0,0.0,0.106938,0.0,0.205845,0.0,0.251273,0.06215,0.0,0.0,0.105103,0.0,0.313686,0.0,0.96453,0.0,0.482441,0.174874,0.0,0.0,0.172149,2e-06,1e-06,0.0,0.118198,0.072391,0.179479,0.0,0.0,0.679919,0.0,0.0,0.0,0.161665,0.158321,0.0,0.0,0.0,0.0,0.0,0.0093,0.0,0.876817,0.149562,0.0073,0.0,0.11926,0.094767,0.0,0.164275,0.198653,0.145746,2e-05,0.000809,0.0,0.60661,0.0,0.0,0.0,1e-06,0.164094,3e-06,0.0,0.244948,0.236795,0.231143,0.0,0.0,0.36677,0.191156,0.066731,0.123747,0.0,0.084166,0.0,0.189366,0.0,0.0,0.484155,0.231147,0.127106,0.407271,0.0,0.18383,0.0,0.0,0.002299,0.086398,0.398047,0.276902,0.0,0.216668,0.208755,0.119238,0.092609,0.115881,0.0,0.0,0.0,0.142181,0.0,0.186263,0.142046,0.074357,0.247132,0.0,0.0,0.0,0.196402,0.0,0.0,0.146529,0.108752,0.387839,0.0,0.0,0.141873,0.0,0.114577,0.166428,0.0,0.453854,0.0,0.0,0.180059,0.0,0.121233,0.124453,0.085306,0.0,0.373962,0.0,0.109364,0.139564,0.0,0.0,0.0,0.0,0.095871,0.14783,1.060368,0.151738,0.0,2e-06,0.174168,0.0,0.169854,0.141033,0.181215,0.0,0.0,0.0,0.197197,0.099593,0.0,0.0,0.112667,0.138747,0.347493,0.124364,0.0,0.171957,0.0,1.718998,0.12688,0.113539,0.0,0.201588,1.438948,0.0,0.0,0.274912,0.0,0.0,0.0,0.0,0.047163,0.0,1.156299,0.152965,0.0,0.0,0.217343,0.064815,0.194772,0.149096,0.0,0.0,0.0,0.0,0.0,0.0,0.220548,0.213837,0.121353,0.0,0.074851,0.214784,0.135806,0.152845,0.0,0.04133,0.0,0.076698,0.0,0.238647,0.303765,0.174051,0.0,0.166797,0.144248,0.536756,4e-06,0.165965,0.01667,0.0,0.0,0.0,0.163494,0.0,0.0,0.0,0.22156,0.0,0.0,0.0,0.095492,0.0,2.1e-05,0.202974,0.149517,2e-06,0.224365,0.168802,0.0,0.229994,0.112998,0.0,0.207752,0.0,0.0,0.098253,0.123675,0.172658,0.198541,0.0,6e-06,0.0,0.0,0.141663,0.210119,0.150329,0.178178,0.0,0.0,0.0,0.219547,0.0,0.0,0.17059,0.108984,0.0,0.095848,0.0,0.188057,0.059972,0.206554,0.0,0.0,0.0,0.126618,0.0,0.31751,0.092153,0.0,0.290783,0.0,0.0,0.0,0.0,0.147834,1e-06,0.169873,0.175611,0.39323,0.0,0.0,0.170248,0.116243,0.108097,0.092032,0.073533,0.0,0.379897,0.0,0.0,0.230704,0.155189,0.0,0.0,0.0,0.346402,0.146007,0.0,0.0,0.116557,0.0,0.0,0.152237,0.175272,0.165874,0.0,0.0,0.0,0.0,0.2172,0.20427,0.0,0.146353,0.118408,0.090684,0.0,0.0,0.0,0.0,0.211369,0.0,0.215924,0.0,0.503517,0.0,1e-06,0.0,0.105639,0.205919,0.214751,0.260838,0.127867,0.0,0.123957,6e-06,0.22373,0.0,0.230236,0.145652,0.197141,0.097788,0.0,0.08504,0.0,0.0,0.0,0.226481,0.0,0.0,0.0,0.097311,0.0,0.117931,0.0,0.240482,0.0,0.186361,0.0,0.164883,0.0,0.0,0.186675,0.0,2e-06,1.338782,0.0,0.035271,0.15013,0.116431,0.181682,0.375796,0.09768,0.139699,0.311835,0.171305,0.102233,0.0,2e-06,0.161705,0.0,0.0,0.309481,0.196572,0.060244,0.0,0.052684,0.0,1e-06,0.533628,1e-06,0.530866,0.0,0.242126,0.0,0.179313,0.0,0.842582,0.0,0.0,0.0,0.0,0.254357,0.180891,0.13328,0.0,0.184184,0.146282,0.0,0.0,0.0,9e-06,0.481969,0.0,0.0,0.0,0.097542,0.0,0.303337,0.105516,0.75466,0.189522,0.066422,0.931587,0.180464,0.0,0.0,0.0,0.0,0.122324,0.057656,0.0,0.228856,0.0,0.231368,0.151497,0.216205,0.10468,0.171739,0.610186,0.159644,0.0,1.4e-05,0.001644,0.256442,0.187942,0.0,0.000465,0.0,0.16299,0.0,0.0,0.0,0.18675,0.0,0.0,0.150854,0.102997,0.240893,0.158421,0.0,0.217152,0.0,0.0,0.200944,0.091898,0.0,0.0
TCGA-50-5939,0.191775,0.0,0.0,0.0,0.0,0.144295,0.0,1e-06,0.15819,0.170766,0.146245,0.0,0.0,0.0,0.0,0.146155,0.0,0.260403,0.0,0.0,0.0,0.0,0.0,0.0,0.0,0.0,0.136557,0.0,0.149748,0.10908,0.0,0.0,0.154111,1.132302,0.0,0.138135,0.11932,3e-06,0.0,0.0,0.0,0.165158,0.0,0.145321,0.0,0.283431,0.056598,0.0,0.0,0.16531,1e-06,0.318665,0.0,1.009251,0.0,0.551508,0.130971,0.0,0.0,0.125059,0.0,0.0,0.0,0.065336,0.046847,0.234573,1e-06,0.0,0.718329,0.0,0.0,0.0,0.214344,0.117788,0.0,0.0,0.0,0.0,0.0,0.016439,0.0,0.963376,0.098138,0.006983,0.0,0.086288,0.156341,0.0,0.117912,0.151837,0.1066,2.2e-05,0.000997,0.0,0.662057,0.0,0.0,0.0,6e-06,0.133182,2e-06,0.0,0.173105,0.163954,0.181104,0.0,0.0,0.369014,0.127226,0.114536,0.075923,0.0,0.138408,0.0,0.246653,0.0,0.0,0.539472,0.183897,0.179451,0.48624,0.0,0.221745,0.0,0.0,0.003016,0.132154,0.410887,0.194608,0.0,0.153302,0.146998,0.175674,0.150291,0.161443,0.0,0.0,0.0,0.111219,0.0,0.233883,0.103726,0.119186,0.314547,0.0,0.0,0.0,0.234485,0.0,0.0,0.113069,0.164676,0.447723,0.0,0.0,0.102168,0.0,0.082349,0.110343,0.0,0.526854,0.0,0.0,0.127399,0.0,0.177713,0.184831,0.147954,0.0,0.418169,0.0,0.164247,0.101207,0.0,0.0,0.0,0.0,0.079138,0.094858,1.147427,0.116074,0.0,4.8e-05,0.132443,0.0,0.131046,0.18105,0.131807,0.0,0.0,1e-06,0.130198,0.167647,0.0,0.0,0.179143,0.093333,0.344643,0.167957,0.0,0.134479,0.0,1.829299,0.073829,0.074215,0.0,0.233025,1.536519,0.0,0.0,0.19214,0.0,0.0,0.0,0.0,0.042059,0.0,1.241486,0.224987,0.0,0.0,0.156454,0.103409,0.146582,0.102993,0.0,0.0,0.0,0.0,0.0,0.0,0.182054,0.166814,0.08601,0.0,0.045468,0.158029,0.098853,0.107031,0.0,0.070574,0.0,0.126164,0.0,0.163154,0.336867,0.193414,0.0,0.12962,0.108527,0.595856,0.0,0.122692,0.01918,0.0,0.0,0.0,0.121516,0.0,0.0,0.0,0.176182,0.0,0.0,0.0,0.126691,0.0,1.1e-05,0.130939,0.100106,0.0,0.173186,0.103455,0.0,0.279686,0.1218,0.0,0.145544,0.0,0.0,0.153686,0.178505,0.125653,0.159599,0.0,0.0,0.0,0.0,0.101685,0.158374,0.108795,0.134222,0.0,0.0,0.0,0.164956,0.0,0.0,0.120919,0.165426,0.0,0.161882,0.0,0.171782,0.103341,0.213161,0.0,0.0,0.0,0.10113,0.0,0.332037,0.147697,0.0,0.351403,0.0,0.0,3e-06,0.0,0.118433,0.0,0.121535,0.132044,0.447726,0.0,0.0,0.125619,0.090074,0.151524,0.133068,0.090914,0.0,0.447877,0.0,0.0,0.158617,0.11244,0.0,0.0,0.0,0.401415,0.11833,0.0,0.0,0.166401,0.0,0.0,0.108978,0.12526,0.237974,0.0,0.0,0.0,0.0,0.148281,0.15068,0.0,0.216484,0.186817,0.149561,0.0,0.0,0.0,0.0,0.276781,0.0,0.152631,0.0,0.519541,0.0,0.0,0.0,0.069182,0.151284,0.149533,0.272595,0.193909,0.0,0.106788,0.0,0.148763,0.0,0.24766,0.102641,0.138972,0.094542,0.0,0.136548,0.0,0.0,0.0,0.151988,0.0,0.0,0.0,0.147207,0.0,0.170961,0.0,0.197002,0.0,0.13846,0.0,0.223042,0.0,0.0,0.142832,0.0,1.2e-05,1.42455,0.0,0.081581,0.104468,0.175129,0.126223,0.441689,0.162178,0.19631,0.297752,0.127448,0.150415,0.0,0.0,0.165934,0.0,0.0,0.232734,0.142777,0.086541,0.0,0.074698,0.0,0.0,0.609781,0.0,0.597375,0.0,0.22459,0.0,0.127716,0.0,0.916198,0.0,0.0,0.0,0.0,0.36887,0.141939,0.178318,0.0,0.1232,0.114284,0.0,0.0,0.0,0.0,0.496957,0.0,0.0,0.0,0.087861,0.0,0.378983,0.139819,0.830296,0.136418,0.103981,1.019229,0.130066,0.0,0.0,0.0,0.0,0.178237,0.091884,0.0,0.216699,0.0,0.276263,0.105049,0.154787,0.16208,0.11685,0.644805,0.121532,0.0,0.0,0.002757,0.180046,0.127944,0.0,4e-06,0.0,0.235863,0.0,0.0,0.0,0.135587,0.0,0.0,0.153504,0.151253,0.214942,0.213076,0.0,0.16873,0.0,0.0,0.13643,0.151251,0.0,0.0
TCGA-50-8459,0.21942,0.0,0.0,0.0,0.0,0.154643,0.0,2e-06,0.160415,0.195389,0.150459,0.000532,1e-06,0.0,0.0,0.15849,0.0,0.26913,0.0,0.0,0.0,0.0,0.0,0.0,0.0,0.0,0.146855,0.0,0.14271,0.13993,0.0,0.0,0.170473,1.12357,0.0,0.132748,0.115899,2.2e-05,0.0,0.0,0.0,0.153064,0.0,0.16476,0.0,0.296776,0.056996,0.0,0.0,0.146461,0.0,0.312302,0.0,1.011513,0.0,0.540872,0.146176,0.0,0.0,0.138991,0.000182,0.0,2e-06,0.090818,0.057479,0.218703,0.0,1.1e-05,0.724336,0.0,0.0,0.0,0.211518,0.126116,0.0,0.0,2e-06,0.0,0.0,0.006014,6e-06,0.946068,0.122131,0.010723,0.0,0.09379,0.13416,1e-06,0.13078,0.163937,0.125905,3.2e-05,0.003435,8.5e-05,0.66842,0.0,0.0,0.0,1e-06,0.144798,4e-06,0.0,0.199525,0.182186,0.177258,0.0,0.0,0.369666,0.136593,0.101051,0.095871,0.0,0.128884,3e-06,0.247718,1e-06,0.0,0.540346,0.191798,0.170994,0.460451,0.0,0.229875,0.0,0.0,0.007306,0.121768,0.415776,0.217235,3e-06,0.183653,0.160654,0.160329,0.14039,0.150187,0.0,0.0,0.0,0.128055,0.0,0.240561,0.129306,0.103877,0.298745,0.0,0.0,0.0,0.239341,0.0,0.0,0.112663,0.151118,0.442078,0.0,0.0,0.115861,0.0,0.082844,0.129419,0.0,0.508037,0.0,3e-06,0.142375,0.0,0.166063,0.176521,0.131497,1e-06,0.42291,0.0,0.154417,0.109902,0.0,0.0,0.0,0.0,0.081013,0.111078,1.138515,0.125889,8.8e-05,2e-06,0.135552,0.0,0.136439,0.175066,0.146953,0.0,0.0,0.0,0.143008,0.147874,2.4e-05,2e-06,0.160008,0.107263,0.351526,0.165689,0.0,0.13734,0.0,1.825182,0.09734,0.081206,0.0,0.226371,1.525178,0.0,0.0,0.213397,0.0,0.0,0.0,0.0,0.049077,0.0,1.235354,0.212552,0.0,0.0,0.17031,0.098893,0.1581,0.104339,0.0,0.0,0.0,0.0,0.0,0.0,0.185165,0.162918,0.094942,0.0,0.063755,0.173006,0.102185,0.120897,0.0,0.068512,0.0,0.1218,0.0,0.192135,0.33912,0.209132,1e-06,0.136177,0.113952,0.596667,0.0,0.129179,0.021088,0.0,0.0,0.0,0.132848,0.0,0.0,0.0,0.188141,0.0,0.0,0.0,0.11771,0.0,7e-06,0.154931,0.115168,1.9e-05,0.183155,0.12085,0.0,0.266054,0.121693,0.0,0.154571,0.0,0.0,0.144326,0.169327,0.141604,0.156329,0.0,0.0,0.0,0.0,0.107341,0.180551,0.120589,0.145548,0.0,0.0,0.0,0.175206,0.0,0.0,0.137956,0.158823,0.0,0.143188,3e-06,0.174247,0.088779,0.207286,0.0,1e-06,0.0,0.099356,0.0,0.333895,0.131689,0.0,0.333255,0.0,2e-05,0.0,0.0,0.123089,0.0,0.127962,0.14181,0.447629,0.0,0.0,0.139078,0.093931,0.154268,0.125513,0.10199,0.0,0.433527,3e-06,3e-06,0.181299,0.126192,0.0,0.0,0.0,0.405799,0.118743,1e-06,0.0,0.159257,0.0,0.0,0.119017,0.139099,0.22312,0.0,0.0,0.0,0.0,0.173432,0.169648,0.0,0.20047,0.174187,0.134982,0.0,0.0,0.0,0.0,0.273741,0.0,0.170848,0.0,0.523885,0.0,0.0,0.0,0.069883,0.166345,0.166302,0.287053,0.178254,0.0,0.114605,0.0,0.176944,0.0,0.259306,0.122325,0.156522,0.091133,0.0,0.129757,0.0,0.0,0.0,0.177431,1e-06,0.0,0.0,0.136761,0.0,0.161943,0.0,0.21009,0.0,0.15721,0.0,0.220896,0.0,0.0,0.15126,0.0,2.8e-05,1.420503,0.0,0.062297,0.114242,0.157671,0.129375,0.426044,0.159059,0.191374,0.303515,0.138494,0.148615,0.0,1.1e-05,0.168166,0.0,0.0,0.245427,0.163411,0.094124,2e-06,0.081169,0.0,2e-06,0.594604,0.0,0.600321,0.0,0.2364,0.0,0.145496,0.0,0.917391,0.0,0.0,0.0,0.0,0.348623,0.142597,0.163871,0.0,0.131363,0.120069,0.0,0.0,0.0,0.0,0.508563,0.0,0.0,0.0,0.096181,0.0,0.362388,0.13253,0.808789,0.151879,0.084711,1.013416,0.145101,0.0,0.0,0.0,0.0,0.169932,0.094556,0.0,0.225916,0.0,0.26348,0.127104,0.17299,0.14767,0.140185,0.643692,0.12178,0.0,1.1e-05,0.007202,0.201881,0.145413,0.0,0.00029,0.0,0.223227,0.0,0.0,0.0,0.140567,2.2e-05,0.0,0.139396,0.144102,0.219605,0.208724,0.0,0.184324,0.0,0.0,0.148965,0.140329,0.0,3e-06
TCGA-52-7622,0.23132,0.0,0.0,0.0,0.0,0.177418,0.0,3.3e-05,0.118598,0.204913,0.173863,0.0,0.0,0.0,0.0,0.16902,0.0,0.277212,0.0,0.0,0.0,0.0,0.0,0.0,0.0,0.0,0.167613,0.0,0.164892,0.145957,1e-06,0.0,0.182925,1.083048,0.0,0.100368,0.083706,0.0,0.0,0.0,0.0,0.119717,0.0,0.172487,0.0,0.283358,0.065881,0.0,0.0,0.131179,0.0,0.33102,0.0,0.982153,0.0,0.505872,0.163411,0.0,0.0,0.15756,1.1e-05,1.2e-05,1e-06,0.094395,0.076575,0.198343,1.2e-05,0.0,0.703505,0.0,0.0,0.0,0.173713,0.142445,0.0,0.0,0.0,0.0,0.0,0.018964,0.0,0.915333,0.12715,0.001304,0.0,0.116814,0.114481,0.0,0.155965,0.177309,0.135126,0.000396,0.00105,0.0,0.633887,0.0,0.0,0.0,1e-06,0.169342,6e-06,0.0,0.2022,0.191652,0.213733,0.0,0.0,0.375613,0.155313,0.079831,0.099833,0.0,0.099438,0.0,0.212848,3e-06,0.0,0.526185,0.212724,0.14672,0.44523,0.0,0.218751,0.0,0.0,0.002288,0.102967,0.40601,0.225475,2e-06,0.17835,0.17709,0.139731,0.116264,0.141074,0.0,0.0,0.0,0.131477,0.0,0.198354,0.140129,0.084626,0.279311,0.0,0.0,0.0,0.21234,0.0,0.0,0.132654,0.125384,0.416461,0.0,0.0,0.122902,0.0,0.096281,0.13855,0.0,0.479783,0.0,0.0,0.151486,0.0,0.137173,0.144277,0.108231,0.0,0.415807,0.0,0.135155,0.127466,0.0,0.0,0.0,0.0,0.08104,0.124047,1.101763,0.148148,0.0,2e-06,0.146636,0.0,0.150946,0.180657,0.167273,0.0,0.0,0.0,0.159929,0.128248,0.0,0.0,0.138073,0.121108,0.352883,0.13801,0.0,0.161711,0.0,1.773716,0.106605,0.095436,0.0,0.201694,1.487244,0.0,0.0,0.218734,0.0,0.0,0.0,0.0,0.061744,0.0,1.200927,0.187947,1e-06,0.0,0.185809,0.07438,0.165127,0.129158,0.0,0.0,0.0,0.0,0.0,0.0,0.208951,0.184755,0.109518,0.0,0.073907,0.193192,0.129071,0.140011,0.0,0.048699,0.0,0.091334,0.0,0.194718,0.307609,0.196925,0.0,0.150424,0.134559,0.564307,0.0,0.149501,0.025427,0.0,0.0,0.0,0.142823,0.0,0.0,0.0,0.204091,0.0,0.0,0.0,0.109469,0.0,0.0,0.160225,0.129063,1e-06,0.203215,0.136612,0.0,0.238079,0.130777,0.0,0.168765,0.0,0.0,0.11605,0.136006,0.161285,0.179426,0.0,0.0,0.0,0.0,0.130932,0.199598,0.137651,0.166967,0.0,0.0,0.0,0.194123,0.0,0.0,0.1602,0.12874,0.0,0.121968,0.0,0.192169,0.073674,0.212912,0.0,0.0,0.0,0.120122,0.0,0.342751,0.110998,0.0,0.311296,3e-06,1e-06,0.0,0.0,0.145894,0.0,0.145646,0.164425,0.436079,0.0,1e-06,0.158194,0.117357,0.121058,0.097005,0.075244,0.0,0.404823,0.0,0.0,0.191036,0.141686,0.0,0.0,0.0,0.375698,0.141764,0.0,0.0,0.125897,0.0,0.0,0.136656,0.150501,0.195856,0.0,0.0,4e-06,0.0,0.181927,0.179095,0.0,0.181198,0.144552,0.115763,0.0,0.0,0.0,0.0,0.242835,0.0,0.176708,0.0,0.52117,0.0,0.0,0.0,0.092095,0.191886,0.185668,0.260075,0.158987,0.0,0.13842,0.0,0.189048,0.0,0.23365,0.138055,0.173904,0.104136,0.0,0.102991,0.0,0.0,0.0,0.189364,0.0,0.0,0.0,0.118473,2e-06,0.133703,0.0,0.232908,0.0,0.16894,0.0,0.206943,0.0,0.0,0.170952,0.0,8e-06,1.38361,0.0,0.045413,0.130951,0.14054,0.156661,0.394283,0.128779,0.155709,0.315515,0.16335,0.115557,0.0,1e-06,0.153119,0.0,0.0,0.259352,0.17943,0.061823,0.0,0.060662,0.0,2.8e-05,0.568219,0.0,0.567485,0.0,0.251115,0.0,0.154467,0.0,0.872756,0.0,0.0,0.0,0.0,0.305496,0.162825,0.151051,0.0,0.148295,0.141169,0.0,0.0,0.0,2e-06,0.507906,0.0,0.0,0.0,0.090549,0.0,0.326316,0.105434,0.782838,0.170574,0.063374,0.971551,0.155734,0.0,0.0,0.0,0.0,0.139107,0.065256,0.0,0.240346,0.0,0.244373,0.136727,0.178157,0.125011,0.144404,0.631369,0.127023,0.0,2e-06,0.001144,0.210702,0.157597,0.0,4.5e-05,0.0,0.198551,0.0,0.0,0.0,0.159669,0.0,0.0,0.148893,0.12116,0.231452,0.176708,0.0,0.197001,0.0,0.0,0.161763,0.115032,0.0,0.0
TCGA-52-7812,0.255661,0.0,0.0,0.0,0.0,0.189819,0.0,3e-06,0.10098,0.227463,0.190802,0.0,0.0,0.0,0.0,0.187442,0.0,0.272566,0.0,0.0,0.0,0.0,0.0,0.0,0.0,0.0,0.177907,0.0,0.154023,0.154488,1e-06,0.0,0.200988,1.035628,0.0,0.086258,0.073509,0.0,0.0,0.0,0.0,0.100379,0.0,0.192846,0.0,0.27143,0.068602,0.0,0.0,0.100416,0.0,0.32676,0.0,0.957931,0.0,0.478556,0.171494,0.0,0.0,0.170646,1e-06,1e-06,0.0,0.095602,0.079566,0.184939,0.0,0.0,0.665756,0.0,0.0,0.0,0.151371,0.1462,0.0,0.0,0.0,0.0,0.0,0.015467,0.0,0.877923,0.141505,0.002962,0.0,0.118514,0.095162,0.0,0.155826,0.177678,0.141895,3e-05,0.000472,1e-05,0.605225,0.0,0.0,0.0,0.0,0.173126,3e-06,0.0,0.229105,0.207369,0.226967,0.0,0.0,0.362681,0.164025,0.069677,0.098696,0.0,0.082264,0.0,0.195007,0.0,0.0,0.49816,0.232028,0.124797,0.412927,0.0,0.215076,0.0,0.0,0.000688,0.096537,0.389784,0.249356,0.0,0.198485,0.191028,0.114524,0.090194,0.115645,0.0,0.0,0.0,0.128235,0.0,0.180708,0.145335,0.072748,0.252644,0.0,0.0,0.0,0.198424,0.0,0.0,0.141784,0.102624,0.394276,0.0,0.0,0.136234,0.0,0.091664,0.153373,0.0,0.449963,0.0,0.0,0.153891,0.0,0.116414,0.113768,0.085882,0.0,0.380404,0.0,0.115142,0.126316,0.0,0.0,0.0,0.0,0.090399,0.13121,1.06073,0.154252,0.0,0.0,0.162459,0.0,0.165567,0.160137,0.175456,0.0,0.0,0.0,0.172867,0.104408,0.0,0.0,0.108508,0.131495,0.35195,0.114585,0.0,0.163206,0.0,1.723184,0.113896,0.095896,0.0,0.191756,1.448271,0.0,0.0,0.235628,0.0,0.0,0.0,0.0,0.060175,0.0,1.145652,0.161585,0.0,0.0,0.197827,0.05916,0.174423,0.131241,0.0,0.0,0.0,0.0,0.0,0.0,0.220989,0.197172,0.118088,0.0,0.079317,0.204975,0.134101,0.144666,0.0,0.030063,0.0,0.071925,0.0,0.21422,0.291002,0.192871,0.0,0.161466,0.133917,0.535643,0.0,0.155483,0.011894,0.0,0.0,0.0,0.153789,0.0,0.0,0.0,0.210474,0.0,0.0,0.0,0.084689,0.0,1e-06,0.167949,0.137188,1e-06,0.213059,0.14128,0.0,0.211039,0.126722,0.0,0.187929,0.0,0.0,0.091513,0.111305,0.16231,0.192643,0.0,0.0,0.0,0.0,0.133044,0.211082,0.144454,0.177688,0.0,0.0,0.0,0.204597,0.0,0.0,0.169043,0.114321,0.0,0.100291,0.0,0.190421,0.060408,0.210709,0.0,0.0,0.0,0.123572,0.0,0.336621,0.090417,0.0,0.288787,1e-06,1e-06,0.0,0.0,0.153583,0.0,0.152721,0.172084,0.405876,0.0,0.0,0.171351,0.120099,0.100805,0.091645,0.069568,0.0,0.379334,0.0,0.0,0.204459,0.150365,0.0,0.0,0.0,0.345727,0.144021,0.0,0.0,0.107094,0.0,0.0,0.143806,0.162006,0.169738,0.0,0.0,0.0,0.0,0.199768,0.196388,0.0,0.16284,0.123485,0.096413,0.0,0.0,0.0,0.0,0.219708,0.0,0.193062,0.0,0.499612,0.0,0.0,0.0,0.080825,0.202681,0.199711,0.240771,0.127111,0.0,0.139749,0.0,0.205053,0.0,0.226356,0.153193,0.177765,0.099832,0.0,0.082799,0.0,0.0,0.0,0.211807,0.0,0.0,0.0,0.102988,0.0,0.108354,0.0,0.231201,0.0,0.183427,0.0,0.181924,0.0,0.0,0.177321,0.0,6e-06,1.355237,0.0,0.03234,0.133356,0.124092,0.159426,0.37213,0.105833,0.126986,0.302596,0.164821,0.104085,0.0,1e-06,0.137889,0.0,0.0,0.288745,0.180203,0.047674,0.0,0.049322,0.0,1.2e-05,0.53954,0.0,0.546226,0.0,0.253128,0.0,0.157968,0.0,0.832868,0.0,0.0,0.0,0.0,0.257281,0.16747,0.138479,0.0,0.156396,0.148368,0.0,0.0,0.0,0.0,0.497369,0.0,0.0,0.0,0.077463,0.0,0.303902,0.086113,0.76769,0.1844,0.055302,0.93024,0.173879,0.0,0.0,0.0,0.0,0.113907,0.041708,0.0,0.239804,0.0,0.233667,0.14139,0.197827,0.104998,0.17356,0.614956,0.124816,0.0,1e-06,0.000507,0.231834,0.177589,0.0,5e-06,0.0,0.161301,0.0,0.0,0.0,0.162109,0.0,0.0,0.144144,0.104352,0.230974,0.160226,0.0,0.20735,0.0,0.0,0.180695,0.095194,0.0,0.0
TCGA-53-7624,0.220596,0.0,0.0,0.0,0.0,0.18022,0.0,1e-06,0.140639,0.195544,0.161929,4e-06,0.0,0.0,0.0,0.160577,0.0,0.278409,0.0,0.0,0.0,0.0,0.0,0.0,0.0,0.0,0.15405,0.0,0.167011,0.141322,2e-06,0.0,0.18757,1.106706,0.0,0.106237,0.09686,0.0,0.0,0.0,0.0,0.129614,0.0,0.161783,0.0,0.315989,0.058721,0.0,0.0,0.132641,0.0,0.320221,0.0,0.999618,0.0,0.534908,0.153171,0.0,0.0,0.155178,1e-06,1e-06,0.0,0.087075,0.076112,0.204538,0.0,0.0,0.713044,0.0,0.0,0.0,0.190871,0.124759,0.0,0.0,1e-06,0.0,0.0,0.013089,0.0,0.939072,0.124529,0.002558,0.0,0.10737,0.116421,0.0,0.144573,0.171578,0.125672,4.5e-05,0.000915,0.0,0.656534,0.0,0.0,0.0,0.0,0.147985,1e-06,0.0,0.189528,0.183293,0.18786,0.0,0.0,0.390248,0.152637,0.087827,0.091116,0.0,0.107936,0.0,0.224262,0.0,0.0,0.552427,0.19874,0.161286,0.45593,0.0,0.251654,0.0,0.0,0.001764,0.121648,0.413759,0.206562,0.0,0.172507,0.171721,0.146358,0.114545,0.140206,0.0,0.0,0.0,0.130671,0.0,0.217522,0.14593,0.088321,0.281892,0.0,0.0,0.0,0.243813,0.0,0.0,0.12528,0.134457,0.441239,0.0,0.0,0.119743,0.0,0.078756,0.135522,0.0,0.496004,0.0,0.0,0.134668,0.0,0.141328,0.152926,0.109074,0.0,0.423925,0.0,0.144187,0.111337,0.0,0.0,0.0,0.0,0.082244,0.114997,1.12384,0.141737,0.0,0.0,0.139292,0.0,0.144171,0.183281,0.16059,0.0,0.0,0.0,0.14689,0.133697,0.0,0.0,0.143117,0.126598,0.3581,0.138609,0.0,0.148241,0.0,1.803805,0.109057,0.082145,0.0,0.213421,1.526666,0.0,0.0,0.210257,0.0,0.0,0.0,0.0,0.052969,0.0,1.215846,0.200103,0.0,0.0,0.177625,0.083616,0.154715,0.114203,0.0,0.0,0.0,0.0,0.0,0.0,0.195304,0.166155,0.092105,0.0,0.072904,0.180468,0.106289,0.121112,0.0,0.047579,0.0,0.08741,0.0,0.177744,0.318176,0.220565,0.0,0.147264,0.126291,0.583809,0.0,0.138512,0.017312,0.0,0.0,0.0,0.137927,0.0,0.0,0.0,0.193478,0.0,0.0,0.0,0.108655,0.0,0.0,0.152226,0.129693,0.0,0.191502,0.127472,0.0,0.238155,0.12526,0.0,0.159649,0.0,0.0,0.125006,0.146728,0.151896,0.170144,0.0,0.0,0.0,0.0,0.113339,0.192333,0.118826,0.167112,0.0,0.0,0.0,0.180075,0.0,0.0,0.153419,0.139585,0.0,0.122004,0.0,0.193878,0.065873,0.214491,0.0,0.0,0.0,0.109524,0.0,0.347523,0.117978,0.0,0.31874,0.0,0.0,0.0,0.0,0.138941,0.0,0.140564,0.146685,0.445468,0.0,0.0,0.136836,0.105983,0.135648,0.111222,0.077817,0.0,0.409346,0.0,0.0,0.178194,0.134483,0.0,0.0,0.0,0.404766,0.134177,0.0,0.0,0.13483,0.0,0.0,0.117792,0.138761,0.198424,0.0,0.0,0.0,0.0,0.181387,0.180538,0.0,0.199643,0.142432,0.116124,0.0,0.0,0.0,0.0,0.267641,0.0,0.162117,0.0,0.532026,0.0,0.0,0.0,0.076778,0.174225,0.177712,0.269292,0.169172,0.0,0.13319,0.0,0.178897,0.0,0.243217,0.141346,0.163208,0.081317,0.0,0.103085,0.0,0.0,0.0,0.186987,0.0,0.0,0.0,0.119813,0.0,0.137004,0.0,0.22185,0.0,0.16356,0.0,0.217447,0.0,0.0,0.156976,0.0,4e-06,1.4202,0.0,0.040161,0.124893,0.153671,0.141677,0.41485,0.132583,0.175502,0.312032,0.14499,0.128425,0.0,7e-06,0.155366,0.0,0.0,0.238842,0.169822,0.070215,0.0,0.063412,0.0,0.0,0.601101,0.0,0.591564,0.0,0.249307,0.0,0.137273,0.0,0.888222,3e-06,0.0,0.0,0.0,0.320484,0.139645,0.158629,0.0,0.138002,0.123827,0.0,0.0,0.0,0.0,0.513982,0.0,0.0,0.0,0.078115,0.0,0.344859,0.11877,0.821427,0.166621,0.05528,0.996407,0.14676,0.0,0.0,0.0,0.0,0.143531,0.065913,0.0,0.239625,0.0,0.261796,0.121766,0.178971,0.133312,0.139543,0.651612,0.103941,0.0,0.000157,0.000898,0.212057,0.157114,0.0,0.000171,0.0,0.20515,0.0,0.0,0.0,0.143865,0.0,0.0,0.127792,0.130732,0.227392,0.20604,0.0,0.192149,0.0,0.0,0.157626,0.11725,0.0,0.0
TCGA-55-6980,0.19626,0.0,0.0,0.0,0.0,0.142962,0.0,0.0,0.170944,0.175447,0.142373,0.0,0.0,0.0,0.0,0.136686,0.0,0.279777,0.0,0.0,0.0,0.0,0.0,0.0,0.0,0.0,0.140349,0.0,0.164126,0.124403,0.0,0.0,0.166338,1.202887,0.0,0.14174,0.124415,0.0,0.0,0.0,0.0,0.171088,0.0,0.151338,0.0,0.340274,0.057971,0.0,0.0,0.159942,0.0,0.325537,0.0,1.067711,0.0,0.597146,0.13963,0.0,0.0,0.134047,0.0,1e-06,0.0,0.079268,0.05453,0.24945,1e-06,0.0,0.774988,0.0,0.0,0.0,0.234492,0.103815,0.0,0.0,0.0,0.0,0.0,0.009236,0.0,1.008544,0.110955,0.004396,0.0,0.082651,0.154254,0.0,0.13065,0.158924,0.108584,0.0,0.002516,0.0,0.72404,0.0,0.0,0.0,0.0,0.134785,1e-06,0.0,0.171792,0.158546,0.159039,0.0,0.0,0.401177,0.118358,0.116439,0.08493,0.0,0.142483,0.0,0.26867,2e-06,0.0,0.592354,0.175467,0.200164,0.508666,0.0,0.273169,0.0,0.0,0.00507,0.144927,0.445287,0.185792,0.0,0.159283,0.14312,0.183883,0.15577,0.176771,0.0,0.0,0.0,0.12419,0.0,0.268626,0.133057,0.118018,0.323571,0.0,0.0,0.0,0.275115,0.0,0.0,0.114932,0.166684,0.491185,0.0,0.0,0.104088,0.0,0.071104,0.11723,0.0,0.55964,0.0,0.0,0.122125,0.0,0.182995,0.190716,0.141628,0.0,0.470153,0.0,0.170969,0.093263,0.0,0.0,0.0,0.0,0.072078,0.103071,1.213396,0.12324,0.0,0.0,0.121723,0.0,0.126206,0.211666,0.136076,0.0,0.0,0.0,0.121739,0.171094,0.0,0.0,0.182603,0.097642,0.375288,0.175177,0.0,0.12726,0.0,1.938634,0.094174,0.067825,0.0,0.246201,1.630962,0.0,0.0,0.18865,0.0,0.0,0.0,0.0,0.054669,0.0,1.315615,0.235642,0.0,0.0,0.15327,0.104623,0.127194,0.100006,0.0,0.0,0.0,0.0,0.0,0.0,0.178467,0.139692,0.084299,0.0,0.058812,0.160454,0.090564,0.10697,0.0,0.069307,0.0,0.12514,0.0,0.16585,0.365645,0.235045,0.0,0.123139,0.108304,0.645817,6e-06,0.123034,0.023259,0.0,0.0,0.0,0.122015,0.0,0.0,0.0,0.182712,0.0,0.0,0.0,0.128296,0.0,0.0,0.137562,0.116941,0.0,0.166749,0.104139,0.0,0.293865,0.128227,0.0,0.14607,0.0,0.0,0.159738,0.187677,0.134205,0.142917,0.0,0.0,0.0,0.0,0.096068,0.169573,0.107366,0.144753,0.0,0.0,0.0,0.148078,0.0,0.0,0.133876,0.177627,0.0,0.155045,0.0,0.182022,0.091933,0.227857,0.0,1e-06,0.0,0.102027,0.0,0.371326,0.148448,0.0,0.36795,0.0,0.0,0.0,0.0,0.122089,0.0,0.118386,0.131779,0.498697,0.0,0.0,0.117071,0.089733,0.171843,0.141885,0.105099,0.0,0.467882,0.0,0.0,0.163005,0.111421,0.0,0.0,0.0,0.467264,0.112797,0.0,0.0,0.177445,0.0,0.0,0.110118,0.126867,0.24946,0.0,0.0,0.0,0.0,0.16631,0.152499,0.0,0.229953,0.18859,0.153208,0.0,0.0,0.0,0.0,0.311233,0.0,0.151832,0.0,0.570976,0.0,0.0,0.0,0.063352,0.155133,0.151339,0.316907,0.200187,0.0,0.118653,0.0,0.160429,0.0,0.273434,0.113765,0.14065,0.08085,0.0,0.142552,0.0,0.0,0.0,0.161507,0.0,0.0,0.0,0.151802,0.0,0.177759,0.0,0.21341,0.0,0.140996,0.0,0.264381,0.0,0.0,0.130531,0.0,8e-06,1.514116,0.0,0.068371,0.104465,0.185359,0.122739,0.459766,0.170132,0.204415,0.312677,0.133573,0.169665,0.0,0.0,0.172353,0.0,0.0,0.213016,0.151934,0.100654,0.0,0.083808,0.0,1e-06,0.65063,0.0,0.65598,0.0,0.246262,0.0,0.130265,0.0,0.972903,0.0,0.0,0.0,0.0,0.393467,0.118862,0.1869,0.0,0.105761,0.110487,0.0,0.0,0.0,0.0,0.548831,0.0,0.0,0.0,0.095779,0.0,0.398294,0.155372,0.875749,0.141809,0.075382,1.084189,0.139495,0.0,0.0,0.0,0.0,0.18773,0.095664,0.0,0.246617,0.0,0.28312,0.109294,0.144662,0.159098,0.127498,0.693022,0.094471,0.0,6e-06,0.001984,0.183355,0.133558,0.0,0.000298,0.0,0.246483,0.0,0.0,0.0,0.11998,0.0,0.0,0.132841,0.157414,0.223276,0.238295,0.0,0.178378,0.0,0.0,0.13811,0.152452,0.0,0.0
TCGA-55-7727,0.080733,0.0,0.0,0.0,0.0,0.061112,0.0,0.0,0.265961,0.07229,0.061977,1e-06,0.0,0.0,0.0,0.058074,0.0,0.262975,0.0,0.0,0.0,0.0,0.0,0.0,0.0,0.0,0.05539,0.0,0.142336,0.049652,0.0,0.0,0.07194,1.31108,0.0,0.230052,0.204053,0.0,0.0,0.0,0.0,0.263096,0.0,0.067555,0.0,0.352207,0.038172,0.0,0.0,0.249911,0.0,0.309336,0.0,1.097234,0.0,0.702447,0.064362,0.0,0.0,0.058696,0.0,0.0,0.0,0.037269,0.02229,0.318358,0.0,0.0,0.818731,0.0,0.0,0.0,0.338571,0.046912,0.0,0.0,0.0,0.0,0.0,0.004308,0.0,1.075859,0.046066,0.0032,0.0,0.035572,0.235252,0.0,0.059082,0.10226,0.055433,1e-06,0.011454,0.0,0.809466,0.0,0.0,0.0,0.0,0.05863,0.0,0.0,0.070205,0.068074,0.066864,0.0,0.0,0.387215,0.045972,0.181226,0.062154,0.0,0.227983,0.0,0.358418,1e-06,0.0,0.661691,0.083108,0.250748,0.601404,0.0,0.269616,0.0,0.0,0.020841,0.214447,0.455799,0.076236,0.0,0.077749,0.059372,0.264214,0.266963,0.237447,0.0,0.0,0.0,0.089806,0.0,0.353374,0.065467,0.1894,0.418641,0.0,0.0,0.0,0.323501,0.0,0.0,0.05317,0.257636,0.557261,0.0,0.0,0.048306,0.0,0.046945,0.052908,0.0,0.667524,0.0,0.0,0.050801,0.0,0.286571,0.29442,0.223561,0.0,0.537078,0.0,0.235714,0.040833,0.0,0.0,0.0,0.0,0.041512,0.043139,1.292986,0.052569,0.0,0.0,0.057522,0.0,0.052289,0.236008,0.063602,0.0,0.0,0.0,0.045976,0.271881,0.0,0.0,0.289582,0.040919,0.351454,0.270925,0.0,0.054139,0.0,2.032141,0.046939,0.036746,0.0,0.30421,1.690179,0.0,0.0,0.077044,0.0,0.0,0.0,0.0,0.029971,0.0,1.427098,0.334354,0.0,0.0,0.062774,0.169868,0.054057,0.04742,0.0,0.0,0.0,0.0,0.0,0.0,0.087787,0.064031,0.035442,0.0,0.0253,0.062341,0.035066,0.046503,0.0,0.154505,0.0,0.222599,0.0,0.069123,0.43566,0.209821,0.0,0.052841,0.049659,0.731439,0.0,0.062072,0.024576,0.0,0.0,0.0,0.056018,0.0,0.0,0.0,0.119175,0.0,0.0,0.0,0.190969,0.0,2e-06,0.059823,0.050507,0.0,0.074682,0.045792,0.0,0.378314,0.126784,0.0,0.058727,0.0,0.0,0.247753,0.283155,0.073007,0.066995,0.0,0.0,0.0,0.0,0.04209,0.073278,0.046024,0.066222,0.0,0.0,0.0,0.061721,0.0,0.0,0.059193,0.266712,0.0,0.242397,0.0,0.1582,0.179173,0.22691,0.0,0.0,0.0,0.05174,0.0,0.345156,0.221681,0.0,0.454468,0.0,0.0,0.0,0.0,0.062064,0.0,0.050092,0.060876,0.549105,0.0,0.0,0.050625,0.047213,0.254735,0.20601,0.1763,0.0,0.555067,0.0,0.0,0.067738,0.049363,0.0,0.0,0.0,0.548035,0.058033,0.0,0.0,0.276785,0.0,0.0,0.047074,0.0519,0.362674,0.0,0.0,0.0,0.0,0.069012,0.06442,0.0,0.313002,0.286206,0.231853,0.0,0.0,0.0,0.0,0.406918,0.0,0.062246,0.0,0.583318,0.0,0.0,0.0,0.026605,0.06798,0.066381,0.375092,0.290173,0.0,0.059975,0.0,0.068593,0.0,0.312576,0.048105,0.057272,0.098263,0.0,0.233616,0.0,0.0,0.0,0.063779,0.0,0.0,0.0,0.230517,0.0,0.28181,0.0,0.148452,0.0,0.066001,0.0,0.33389,0.0,0.0,0.05403,0.0,2e-06,1.559133,0.0,0.125746,0.046232,0.263952,0.053075,0.548832,0.282705,0.302279,0.300302,0.057914,0.258681,0.0,0.0,0.204156,0.0,0.0,0.092429,0.088276,0.16706,0.0,0.154578,0.0,1e-06,0.749624,0.0,0.73925,0.0,0.203834,0.0,0.056159,0.0,1.08082,0.0,0.0,0.0,0.0,0.562075,0.049993,0.252977,0.0,0.041722,0.067138,0.0,0.0,0.0,3e-06,0.529417,0.0,0.0,0.0,0.135556,0.0,0.481007,0.230309,0.915798,0.067863,0.125802,1.187391,0.057013,0.0,0.0,0.0,0.0,0.288811,0.194919,0.0,0.227082,0.0,0.351846,0.046831,0.058573,0.238447,0.052922,0.694779,0.080375,0.0,6e-06,0.009472,0.074243,0.057746,0.0,4.3e-05,0.0,0.3558,0.0,0.0,0.0,0.053461,0.0,0.0,0.144386,0.233986,0.175121,0.318235,0.0,0.096005,0.0,0.0,0.056451,0.252225,0.0,0.0
TCGA-55-8302,0.063624,0.0,0.0,0.0,0.0,0.066166,0.0,0.0,0.260543,0.065023,0.058039,0.0,0.0,0.0,0.0,0.040132,0.0,0.260669,0.0,0.0,0.0,0.0,0.0,0.0,0.0,0.0,0.057937,0.0,0.166625,0.03888,0.0,0.0,0.067617,1.335625,0.0,0.219369,0.206541,1.8e-05,0.0,0.0,0.0,0.264351,0.0,0.060961,0.0,0.39426,0.029573,0.0,0.0,0.249851,2e-06,0.325239,0.0,1.104433,0.0,0.713131,0.059865,0.0,0.0,0.062039,0.0,5e-06,0.0,0.026576,0.021572,0.322659,0.0,0.0,0.843749,0.0,0.0,0.0,0.340644,0.039056,0.0,0.0,0.0,0.0,0.0,0.003316,0.0,1.098484,0.045511,1.5e-05,0.0,0.041445,0.246483,2e-06,0.057192,0.09879,0.060418,1e-06,0.001974,0.0,0.833659,0.0,0.0,0.0,2e-06,0.062818,1e-06,0.0,0.06327,0.055219,0.054516,0.0,0.0,0.412927,0.039782,0.175698,0.045159,0.0,0.229143,0.0,0.363623,0.0,0.0,0.693264,0.080106,0.27487,0.616615,0.0,0.321694,0.0,0.0,0.006845,0.203183,0.469098,0.052612,0.0,0.074634,0.054617,0.259828,0.24831,0.263133,0.0,0.0,0.0,0.081583,0.0,0.359563,0.104727,0.185925,0.410514,0.0,0.0,0.0,0.364113,0.0,0.0,0.052273,0.25607,0.58256,0.0,0.0,0.036006,0.0,0.024751,0.040404,0.0,0.666375,0.0,0.0,0.042626,0.0,0.275947,0.29392,0.221636,0.0,0.542277,0.0,0.23492,0.035451,0.0,0.0,0.0,0.0,0.034225,0.038312,1.325301,0.052849,0.0,2.6e-05,0.045581,0.0,0.050364,0.264338,0.050582,0.0,0.0,0.0,0.034408,0.262746,0.0,0.0,0.277709,0.047433,0.360378,0.247717,0.0,0.051224,0.0,2.068398,0.052104,0.018142,0.0,0.302029,1.744561,0.0,0.0,0.0589,0.0,0.0,0.0,0.0,0.050536,0.0,1.432574,0.350806,0.0,0.0,0.052819,0.168794,0.044504,0.034331,0.0,0.0,0.0,0.0,0.0,0.0,0.089197,0.039905,0.030073,0.0,0.02458,0.057263,0.034101,0.037368,0.0,0.127461,0.0,0.216616,0.0,0.052711,0.430103,0.266552,0.0,0.055179,0.052846,0.756189,0.0,0.05629,0.036244,0.0,0.0,0.0,0.061432,0.0,0.0,0.0,0.112845,0.0,0.0,0.0,0.193317,0.0,6e-05,0.04292,0.044486,1e-06,0.070933,0.02738,0.0,0.375106,0.128495,0.0,0.048715,0.0,0.0,0.24222,0.291746,0.061202,0.057633,0.0,0.0,0.0,0.0,0.032168,0.079265,0.042361,0.085144,0.0,0.0,0.0,0.058721,0.0,0.0,0.062531,0.260595,0.0,0.249239,1e-06,0.16325,0.158506,0.248638,0.0,0.0,0.0,0.05072,0.0,0.374579,0.221308,0.0,0.461399,5e-06,0.0,6e-06,0.0,0.065995,0.0,0.047316,0.058079,0.578045,0.0,0.0,0.042653,0.042259,0.244279,0.217185,0.142294,0.0,0.559431,0.0,0.0,0.057992,0.043606,0.0,0.0,0.0,0.596849,0.052784,0.0,0.0,0.287068,0.0,0.0,0.044988,0.051767,0.370693,0.0,0.0,0.0,0.0,0.068028,0.064412,0.0,0.334278,0.278939,0.227878,0.0,0.0,0.0,0.0,0.423674,0.0,0.061937,0.0,0.617338,0.0,0.0,0.0,0.014753,0.068995,0.060807,0.375157,0.305633,0.0,0.078754,0.0,0.058691,0.0,0.292433,0.054493,0.056783,0.068465,0.0,0.222491,0.0,0.0,0.0,0.053477,0.0,0.0,0.0,0.234014,0.0,0.274309,0.0,0.150978,0.0,0.063216,0.0,0.356842,1e-06,0.0,0.051607,0.0,0.000106,1.605574,0.0,0.114886,0.037404,0.267484,0.048785,0.557018,0.264221,0.309929,0.299217,0.052608,0.243937,0.0,0.0,0.204145,0.0,0.0,0.06831,0.081458,0.155305,0.0,0.136647,0.0,1e-06,0.783234,0.0,0.758312,0.0,0.20948,0.0,0.048427,0.0,1.102077,0.0,0.0,0.0,0.0,0.581727,0.04162,0.251705,0.0,0.034014,0.055907,0.0,0.0,0.0,0.0,0.567305,0.0,0.0,0.0,0.105163,0.0,0.497349,0.223594,0.943108,0.058616,0.097505,1.224232,0.052725,0.0,0.0,0.0,0.0,0.28185,0.168644,0.0,0.236999,0.0,0.351387,0.050015,0.05198,0.251076,0.052025,0.73291,0.030018,0.0,4e-06,0.009168,0.06231,0.045424,0.0,0.0,0.0,0.36061,0.0,0.0,0.0,0.053163,0.0,0.0,0.112518,0.241387,0.171749,0.332579,0.0,0.094603,0.0,0.0,0.048789,0.242579,0.0,0.0
TCGA-55-8514,0.142614,0.0,0.0,0.0,0.0,0.128063,0.0,4e-05,0.187914,0.135176,0.113948,6.2e-05,0.0,0.0,0.0,0.089208,0.0,0.273767,0.0,0.0,0.0,0.0,0.0,0.0,0.0,0.0,0.121925,0.0,0.181357,0.09147,2e-06,0.0,0.138058,1.248231,0.0,0.153321,0.137436,0.0,1e-06,0.0,1e-06,0.184334,0.0,0.119374,0.0,0.395311,0.043963,0.0,0.0,0.186725,0.0,0.329914,0.0,1.080402,0.0,0.622617,0.120781,0.0,0.0,0.115741,1e-06,2e-06,0.0,0.062208,0.049453,0.263662,3.6e-05,0.0,0.796759,0.0,0.0,0.0,0.259522,0.087316,0.0,0.0,0.0,0.0,0.0,0.003802,1e-06,1.031888,0.086885,0.002431,0.0,0.083821,0.174117,0.0,0.114874,0.140324,0.108197,0.000122,0.002194,0.0,0.755991,0.0,0.0,0.0,0.0,0.114193,0.000179,0.0,0.135328,0.11871,0.121657,0.0,0.0,0.411655,0.089172,0.1194,0.064005,0.0,0.160209,0.0,0.277399,1e-05,0.0,0.637522,0.151737,0.221002,0.537908,0.0,0.31803,0.0,0.0,0.003876,0.156427,0.448445,0.122632,7e-06,0.12959,0.119154,0.207782,0.18079,0.204441,0.0,0.0,0.0,0.107928,0.0,0.291699,0.158834,0.131013,0.350032,0.0,0.0,0.0,0.318784,0.0,0.0,0.09242,0.18706,0.517039,0.0,0.0,0.079275,0.0,0.050278,0.085153,0.0,0.582226,0.0,0.0,0.092538,0.0,0.201264,0.218494,0.156678,0.0,0.506175,0.0,0.193744,0.074038,0.0,0.0,0.0,0.0,0.046339,0.078764,1.241408,0.108099,0.0,3e-06,0.087879,0.0,0.093839,0.249616,0.11452,0.0,0.0,0.0,0.078974,0.194979,0.0,4.8e-05,0.204631,0.085692,0.382897,0.179026,0.0,0.108215,0.0,1.985002,0.082286,0.043008,0.0,0.2512,1.672552,0.0,0.0,0.128534,0.0,0.0,0.0,0.0,0.072241,0.0,1.351992,0.276518,0.0,0.0,0.116055,0.126309,0.091936,0.071077,0.0,0.0,0.0,0.0,0.0,0.0,0.161904,0.09515,0.062675,0.0,0.058418,0.129887,0.073249,0.084372,0.0,0.07743,0.0,0.141361,0.0,0.121991,0.374909,0.274761,0.0,0.101899,0.096299,0.674168,0.0,0.099449,0.035216,0.0,0.0,0.0,0.10725,0.0,0.0,0.0,0.164581,0.0,0.0,0.0,0.152843,0.0,0.0,0.098104,0.091331,5.4e-05,0.139184,0.075876,0.0,0.306861,0.128636,0.0,0.101771,0.0,0.0,0.182565,0.213788,0.128215,0.111566,0.0,0.0,0.0,0.0,0.076499,0.150263,0.085247,0.135714,0.0,0.0,0.0,0.122478,0.0,0.0,0.122985,0.196069,0.0,0.179543,2e-06,0.183716,0.101051,0.228958,0.0,0.0,0.0,0.089443,0.0,0.393169,0.163356,0.0,0.390647,0.0,9e-06,1.1e-05,0.0,0.109099,0.0,0.096176,0.112098,0.531191,0.0,0.0,0.096267,0.088929,0.192418,0.151168,0.105517,0.0,0.488573,0.0,0.0,0.124863,0.101095,0.0,0.0,0.0,0.512433,0.101307,0.0,0.0,0.198559,0.0,0.0,0.085495,0.104471,0.2792,0.0,0.0,1e-06,0.0,0.127219,0.130608,0.0,0.258896,0.206494,0.173593,0.0,0.0,0.0,1e-06,0.354802,0.0,0.117854,0.0,0.601793,0.0,0.0,0.0,0.044806,0.133022,0.124059,0.331735,0.233169,0.0,0.126861,0.0,0.133385,0.0,0.278012,0.102508,0.118307,0.058849,0.0,0.160626,0.0,0.0,0.0,0.122423,0.0,0.0,0.0,0.175145,3e-06,0.205309,0.0,0.202916,0.0,0.131252,0.0,0.303808,0.0,0.0,0.107654,0.0,1e-06,1.55904,0.0,0.064843,0.08334,0.204608,0.09954,0.480413,0.200268,0.234506,0.31095,0.119697,0.181675,0.0,3.4e-05,0.172743,0.0,0.0,0.148308,0.147952,0.11157,2e-05,0.095973,0.0,1e-05,0.699039,0.0,0.690172,0.0,0.251658,0.0,0.100259,0.0,1.00872,0.0,0.0,0.0,0.0,0.446051,0.088613,0.201267,0.0,0.07187,0.098034,0.0,0.0,0.0,2e-05,0.575412,0.0,0.0,0.0,0.077473,0.0,0.417446,0.167629,0.893089,0.121833,0.060913,1.136742,0.103859,0.0,0.0,0.0,0.0,0.211366,0.107911,0.0,0.24747,0.0,0.298664,0.094377,0.10636,0.184095,0.098204,0.712632,0.060125,0.0,7.5e-05,0.001666,0.133306,0.097517,0.0,1.1e-05,0.0,0.280226,0.0,0.0,0.0,0.101352,0.0,0.0,0.118894,0.182618,0.206846,0.273005,0.0,0.160922,0.0,0.0,0.100726,0.17462,0.0,0.0
TCGA-55-A490,0.241967,0.0,0.0,0.0,0.0,0.190833,0.0,7e-06,0.114963,0.22,0.17195,1e-06,0.0,0.0,0.0,0.176109,0.0,0.28306,0.0,0.0,0.0,0.0,0.0,0.0,0.0,0.0,0.18413,0.0,0.165117,0.166957,0.0,0.0,0.20134,1.072641,0.0,0.086491,0.077134,0.0,0.0,0.0,0.0,0.10529,0.0,0.173691,0.0,0.309653,0.064514,0.0,0.0,0.115816,0.0,0.331602,0.0,0.981094,0.0,0.500625,0.175658,0.0,0.0,0.166156,5e-06,2e-06,0.0,0.110038,0.093858,0.185807,2e-06,0.0,0.707056,0.0,0.0,0.0,0.169293,0.148694,0.0,0.0,0.0,0.0,0.0,0.011475,0.0,0.912492,0.145718,0.002775,0.0,0.128182,0.100239,0.0,0.166146,0.182246,0.155636,0.002172,0.000817,0.0,0.633287,0.0,0.0,0.0,0.0,0.173966,1.5e-05,0.0,0.217734,0.202976,0.212047,0.0,0.0,0.385532,0.172427,0.068118,0.105286,0.0,0.092163,0.0,0.19594,2.3e-05,0.0,0.535719,0.220367,0.145228,0.434413,0.0,0.241476,0.0,0.0,0.001534,0.094713,0.404324,0.23212,1e-06,0.192877,0.192757,0.133688,0.103264,0.132072,0.0,0.0,0.0,0.143993,0.0,0.200837,0.174544,0.079289,0.267577,0.0,0.0,0.0,0.227232,0.0,0.0,0.130019,0.113844,0.411533,0.0,0.0,0.124158,0.0,0.090477,0.153806,0.0,0.462792,0.0,0.0,0.159984,0.0,0.125149,0.135572,0.095354,0.0,0.418448,0.0,0.132437,0.132585,0.0,0.0,0.0,0.0,0.076943,0.136294,1.088898,0.160168,0.0,1e-05,0.151582,0.0,0.152923,0.180459,0.178777,0.0,0.0,0.0,0.169409,0.116611,0.0,0.0,0.120719,0.140915,0.366528,0.12479,0.0,0.162865,0.0,1.773388,0.121328,0.095834,0.0,0.192483,1.490606,0.0,0.0,0.224613,0.0,0.0,0.0,0.0,0.066568,0.0,1.194622,0.183804,1e-06,0.0,0.197912,0.077995,0.171869,0.125673,0.0,0.0,0.0,0.0,0.0,0.0,0.216469,0.177611,0.11215,0.0,0.09145,0.207873,0.137202,0.147379,0.0,0.033831,0.0,0.077335,0.0,0.207335,0.299384,0.217242,0.0,0.160445,0.146594,0.558212,0.0,0.150298,0.030803,0.0,0.0,0.0,0.146078,0.0,0.0,0.0,0.21491,0.0,0.0,0.0,0.106215,0.0,0.0,0.170022,0.139692,0.0,0.218856,0.14651,0.0,0.227242,0.125957,0.0,0.169951,0.0,0.0,0.111368,0.132099,0.178654,0.182457,0.0,0.0,0.0,0.0,0.132553,0.210028,0.138543,0.176839,0.0,0.0,0.0,0.203627,0.0,0.0,0.170686,0.118322,0.0,0.106899,0.0,0.195263,0.054662,0.201751,0.0,0.0,0.0,0.117734,0.0,0.348812,0.099686,0.0,0.296608,0.0,1e-06,0.0,0.0,0.149592,0.0,0.149785,0.168767,0.431184,0.0,0.0,0.166829,0.127033,0.122574,0.095183,0.065358,0.0,0.386484,0.0,0.0,0.198086,0.15886,0.0,0.0,0.0,0.383701,0.144126,0.0,0.0,0.120822,0.0,0.0,0.139615,0.160879,0.176327,0.0,0.0,0.0,0.0,0.195574,0.194185,0.0,0.177339,0.124923,0.102576,0.0,0.0,0.0,0.0,0.24898,0.0,0.182303,0.0,0.53201,0.0,0.0,0.0,0.097883,0.199262,0.201356,0.259796,0.152364,0.0,0.15084,0.0,0.209085,0.0,0.230084,0.151514,0.185126,0.086686,0.0,0.09443,0.0,0.0,0.0,0.213849,0.0,0.0,0.0,0.11032,1e-06,0.124405,0.0,0.244706,0.0,0.188229,0.0,0.205398,0.0,0.0,0.181545,0.0,0.0,1.392682,0.0,0.02814,0.14421,0.126232,0.157023,0.381702,0.118884,0.155888,0.316472,0.175964,0.106626,0.0,2e-06,0.153858,0.0,0.0,0.25961,0.193528,0.060463,0.0,0.052439,0.0,0.0,0.570019,0.0,0.567765,0.0,0.261394,0.0,0.159377,0.0,0.866899,0.0,0.0,0.0,0.0,0.287378,0.164033,0.143034,0.0,0.151639,0.139682,0.0,0.0,0.0,0.0,0.517961,0.0,0.0,0.0,0.08848,0.0,0.31641,0.100919,0.781762,0.183325,0.043251,0.969586,0.159696,0.0,0.0,0.0,0.0,0.126911,0.059248,0.0,0.249317,0.0,0.240662,0.147786,0.194765,0.111221,0.160442,0.63589,0.120713,0.0,7.6e-05,0.000609,0.230078,0.16952,0.0,3e-06,0.0,0.188027,0.0,0.0,0.0,0.160235,0.0,0.0,0.134252,0.115106,0.238202,0.182589,0.0,0.204321,0.0,0.0,0.170092,0.101317,0.0,0.0
TCGA-55-A492,0.027456,0.0,0.0,0.0,0.0,0.032064,0.0,2e-06,0.292856,0.02963,0.031006,0.0,0.0,0.0,0.0,0.016693,0.0,0.255103,0.0,0.0,0.0,0.0,0.0,0.0,0.0,0.0,0.027784,0.0,0.151632,0.016793,1e-06,0.0,0.038308,1.378892,0.0,0.255376,0.22983,0.0,0.0,0.0,0.0,0.29903,0.0,0.031414,0.0,0.39447,0.02451,0.0,0.0,0.282342,0.0,0.309266,0.0,1.124046,0.0,0.750691,0.038147,0.0,0.0,0.033783,0.0,5e-06,0.0,0.017058,0.011222,0.349287,0.0,0.0,0.85635,0.0,0.0,0.0,0.379322,0.019954,0.0,0.0,0.0,0.0,0.0,0.001271,0.0,1.123861,0.018068,3.4e-05,0.0,0.019855,0.273832,0.0,0.034059,0.080682,0.035049,0.0,0.009,0.0,0.857038,0.0,0.0,0.0,0.0,0.031186,4e-06,0.0,0.028616,0.026033,0.024984,0.0,0.0,0.401733,0.01441,0.200184,0.038481,0.0,0.26098,0.0,0.39356,2e-06,0.0,0.707796,0.047542,0.288017,0.646386,0.0,0.305102,0.0,0.0,0.018902,0.23375,0.467569,0.022879,0.0,0.044469,0.025283,0.297363,0.301184,0.272747,0.0,0.0,0.0,0.067718,0.0,0.393089,0.061052,0.214979,0.454122,0.0,0.0,0.0,0.3654,0.0,0.0,0.028969,0.290638,0.601287,0.0,0.0,0.022785,0.0,0.02312,0.018629,0.0,0.713165,0.0,0.0,0.020491,0.0,0.321081,0.326733,0.251255,0.0,0.573204,0.0,0.263487,0.014878,0.0,0.0,0.0,0.0,0.020777,0.01851,1.351024,0.027036,0.0,0.0,0.025409,0.0,0.023885,0.268066,0.028766,0.0,0.0,0.0,0.010768,0.308962,0.0,0.0,0.327107,0.019799,0.355476,0.29304,0.0,0.026883,0.0,2.106403,0.026392,0.01392,0.0,0.320356,1.755816,0.0,0.0,0.027469,0.0,0.0,0.0,0.0,0.03251,0.0,1.483638,0.37789,0.0,0.0,0.025349,0.193958,0.017185,0.020371,0.0,0.0,0.0,0.0,0.0,0.0,0.05848,0.022026,0.012759,0.0,0.011804,0.026934,0.011642,0.018381,0.0,0.168646,0.0,0.251194,0.0,0.027517,0.462399,0.239662,0.0,0.026942,0.031251,0.778867,0.0,0.031067,0.02752,0.0,0.0,0.0,0.031618,0.0,0.0,0.0,0.094095,0.0,0.0,0.0,0.210572,0.0,0.0,0.021171,0.023253,0.0,0.037016,0.01363,0.0,0.411033,0.12806,0.0,0.022365,0.0,0.0,0.279673,0.318921,0.047414,0.030364,0.0,0.0,0.0,0.0,0.016243,0.042812,0.019829,0.050057,0.0,0.0,0.0,0.02808,0.0,0.0,0.035593,0.300266,0.0,0.275377,0.0,0.14998,0.194398,0.233515,0.0,0.0,0.0,0.035203,0.0,0.363625,0.249671,0.0,0.49142,0.0,2e-06,0.0,0.0,0.041444,0.0,0.022852,0.036158,0.588595,0.0,0.0,0.022625,0.029291,0.285489,0.235017,0.186464,0.0,0.590506,0.0,0.0,0.029154,0.02317,0.0,0.0,0.0,0.605485,0.033571,0.0,0.0,0.312493,0.0,0.0,0.01936,0.025488,0.408201,0.0,0.0,0.0,0.0,0.034822,0.031807,0.0,0.353253,0.321616,0.264357,0.0,0.0,0.0,0.0,0.453969,0.0,0.027859,0.0,0.609768,0.0,0.0,0.0,0.006261,0.036733,0.030271,0.401291,0.329867,0.0,0.050399,0.0,0.028892,0.0,0.324835,0.025465,0.026356,0.083952,0.0,0.266928,0.0,0.0,0.0,0.024693,0.0,0.0,0.0,0.258021,0.0,0.314715,0.0,0.128333,0.0,0.035756,0.0,0.376613,0.0,0.0,0.026154,0.0,3e-06,1.61897,0.0,0.139841,0.01943,0.293805,0.023373,0.589033,0.317051,0.338443,0.299406,0.03214,0.286756,0.0,0.0,0.211686,0.0,0.0,0.03406,0.064915,0.186188,0.0,0.168443,0.0,1e-06,0.812654,0.0,0.787685,0.0,0.192901,0.0,0.025144,0.0,1.134378,0.0,0.0,0.0,0.0,0.632181,0.01859,0.275416,0.0,0.010431,0.044694,0.0,0.0,0.0,0.0,0.55385,0.0,0.0,0.0,0.130847,0.0,0.521586,0.256315,0.950257,0.037924,0.130379,1.252778,0.028203,0.0,0.0,0.0,0.0,0.321267,0.212932,0.0,0.227373,0.0,0.374894,0.022704,0.020403,0.268446,0.023821,0.723234,0.051101,0.0,5e-06,0.008115,0.0281,0.023131,0.0,6e-06,0.0,0.397958,0.0,0.0,0.0,0.025418,0.0,0.0,0.128545,0.261042,0.156575,0.36169,0.0,0.072108,0.0,0.0,0.02349,0.284785,0.0,0.0
TCGA-55-A494,0.124052,0.0,0.0,0.0,0.0,0.131881,0.0,2.4e-05,0.189713,0.121248,0.110987,9e-06,0.0,0.0,0.0,0.081601,0.0,0.273346,0.0,0.0,0.0,0.0,0.0,0.0,0.0,0.0,0.114896,0.0,0.180917,0.0846,0.0,0.0,0.129175,1.235688,0.0,0.153715,0.135011,1e-06,0.0,0.0,0.0,0.178768,0.0,0.10161,0.0,0.398194,0.041022,0.0,0.0,0.194588,0.0,0.333217,0.0,1.060779,0.0,0.621128,0.114936,0.0,0.0,0.111148,6e-06,0.0,0.0,0.055782,0.056154,0.258308,1e-05,0.0,0.782878,0.0,0.0,0.0,0.257708,0.079748,0.0,0.0,0.0,0.0,0.0,0.006284,0.0,1.030812,0.082183,3e-06,0.0,0.089431,0.173484,0.0,0.110966,0.129973,0.104026,4.4e-05,0.001032,0.0,0.744498,0.0,0.0,0.0,0.0,0.10988,0.000104,0.0,0.12131,0.107414,0.110951,0.0,0.0,0.413524,0.086114,0.116647,0.056622,0.0,0.156365,0.0,0.277276,0.0,0.0,0.641409,0.146432,0.218169,0.538893,0.0,0.324238,0.0,0.0,0.002593,0.155976,0.440967,0.10755,1e-05,0.12141,0.109573,0.207965,0.180701,0.20086,0.0,0.0,0.0,0.104304,0.0,0.289195,0.165602,0.133494,0.346511,0.0,0.0,0.0,0.319633,0.0,0.0,0.083192,0.184627,0.510735,0.0,0.0,0.068031,0.0,0.042621,0.083345,0.0,0.569401,0.0,0.0,0.083406,0.0,0.201553,0.224628,0.158737,0.0,0.506196,0.0,0.203232,0.074635,0.0,0.0,0.0,0.0,0.038729,0.072714,1.23349,0.107244,0.0,0.0,0.079489,0.0,0.08987,0.251534,0.104579,0.0,0.0,0.0,0.067866,0.189237,0.0,0.0,0.204089,0.085875,0.366358,0.174783,0.0,0.104078,0.0,1.956833,0.077324,0.036867,0.0,0.24588,1.649964,0.0,0.0,0.110879,0.0,0.0,0.0,0.0,0.073766,0.0,1.335392,0.28195,0.0,0.0,0.105223,0.124347,0.086213,0.06304,0.0,0.0,0.0,0.0,0.0,0.0,0.146304,0.081524,0.055051,0.0,0.060016,0.123707,0.069479,0.073097,0.0,0.077182,0.0,0.137354,0.0,0.104387,0.363518,0.279539,0.0,0.095141,0.096061,0.669192,0.0,0.095853,0.038061,0.0,0.0,0.0,0.100879,0.0,0.0,0.0,0.152348,0.0,0.0,0.0,0.159323,0.0,0.0,0.08425,0.086017,1e-06,0.132853,0.067607,0.0,0.295446,0.129747,0.0,0.084634,0.0,0.0,0.177638,0.210332,0.124752,0.108466,0.0,0.0,0.0,0.0,0.073865,0.147198,0.082276,0.141101,0.0,0.0,0.0,0.123545,0.0,0.0,0.113336,0.192577,0.0,0.179802,0.0,0.184761,0.100213,0.220684,0.0,0.0,0.0,0.080504,0.0,0.38884,0.164276,0.0,0.386195,0.0,0.0,0.0,0.0,0.108523,0.0,0.090568,0.110268,0.518993,0.0,0.0,0.087657,0.08641,0.187648,0.148175,0.100828,0.0,0.48305,1e-06,1e-06,0.105471,0.099131,0.0,0.0,0.0,0.509276,0.101113,0.0,0.0,0.200682,0.0,0.0,0.078035,0.093405,0.277695,0.0,0.0,0.0,0.0,0.115296,0.128051,0.0,0.265742,0.201333,0.17219,0.0,0.0,0.0,0.0,0.361293,0.0,0.104016,0.0,0.595436,0.0,1e-06,0.0,0.03907,0.126278,0.116845,0.319144,0.239903,0.0,0.126853,0.0,0.119062,0.0,0.274193,0.104292,0.112191,0.056967,0.0,0.157915,0.0,0.0,0.0,0.113829,0.0,0.0,0.0,0.178894,0.0,0.202578,0.0,0.193766,0.0,0.124498,0.0,0.30471,0.0,0.0,0.103103,0.0,0.0,1.540458,0.0,0.062968,0.079506,0.203101,0.092711,0.474424,0.204942,0.24202,0.307249,0.110504,0.175224,0.0,2e-06,0.173117,0.0,0.0,0.127437,0.143448,0.109473,0.0,0.098615,0.0,2e-06,0.697666,0.0,0.688109,0.0,0.248291,0.0,0.089037,0.0,0.991457,0.0,0.0,0.0,0.0,0.447374,0.085129,0.198656,0.0,0.0666,0.09587,0.0,0.0,0.0,1e-06,0.563318,0.0,0.0,0.0,0.065839,0.0,0.414914,0.158032,0.884897,0.118147,0.055691,1.12551,0.08511,0.0,0.0,0.0,0.0,0.207363,0.108473,0.0,0.246368,0.0,0.301875,0.091298,0.100879,0.18622,0.088953,0.700513,0.045504,0.0,0.000139,0.000964,0.127878,0.092835,0.0,0.000205,0.0,0.282601,0.0,0.0,0.0,0.094115,0.0,0.0,0.106733,0.185968,0.197614,0.27576,0.0,0.156941,0.0,0.0,0.088899,0.172033,0.0,0.0
TCGA-56-7223,0.249071,0.0,0.0,0.0,0.0,0.198596,0.0,3.9e-05,0.088168,0.228475,0.184901,0.0,0.0,0.0,0.0,0.173985,0.0,0.27415,0.0,0.0,0.0,0.0,0.0,0.0,0.0,0.0,0.191806,0.0,0.166985,0.166981,0.0,0.0,0.205112,1.009104,0.0,0.065738,0.057957,0.0,0.0,0.0,0.0,0.079912,0.0,0.186104,0.0,0.286018,0.069479,0.0,0.0,0.100525,0.0,0.332256,0.0,0.923999,0.0,0.455371,0.183433,0.0,0.0,0.177669,1e-06,0.0,0.0,0.114714,0.096863,0.161723,5.2e-05,0.0,0.662582,0.0,0.0,0.0,0.137138,0.159254,0.0,0.0,0.0,0.0,0.0,0.015053,0.0,0.848154,0.146548,0.000288,0.0,0.138566,0.080298,0.0,0.174273,0.180774,0.162069,0.000757,0.001231,0.0,0.586533,0.0,0.0,0.0,0.0,0.183531,3e-06,0.0,0.223434,0.208597,0.226568,0.0,0.0,0.365116,0.178109,0.043906,0.109554,0.0,0.064604,0.0,0.16507,1e-06,0.0,0.495667,0.223316,0.114331,0.399848,0.0,0.21355,0.0,0.0,0.001942,0.075561,0.382455,0.232672,1e-06,0.197001,0.202179,0.112346,0.082662,0.112265,0.0,0.0,0.0,0.137002,0.0,0.168301,0.178438,0.063198,0.239375,0.0,0.0,0.0,0.200142,0.0,0.0,0.144095,0.094374,0.373439,0.0,0.0,0.127912,0.0,0.101273,0.154572,0.0,0.424982,0.0,0.0,0.161515,0.0,0.103054,0.111972,0.067127,0.0,0.39163,0.0,0.109682,0.138894,0.0,0.0,0.0,0.0,0.077293,0.139344,1.023889,0.171359,0.0,2e-06,0.156305,0.0,0.158477,0.1733,0.187414,0.0,0.0,0.0,0.176651,0.087832,0.0,0.0,0.093726,0.146816,0.34853,0.099243,0.0,0.169889,0.0,1.670289,0.126788,0.104037,0.0,0.173941,1.401866,0.0,0.0,0.227391,0.0,0.0,0.0,0.0,0.080735,0.0,1.12838,0.157994,0.0,0.0,0.20402,0.055897,0.169999,0.14041,0.0,0.0,0.0,0.0,0.0,0.0,0.227596,0.19122,0.125233,0.0,0.095851,0.214598,0.147703,0.155424,0.0,0.024708,0.0,0.057444,0.0,0.210747,0.270402,0.195394,0.0,0.164958,0.147273,0.520312,0.0,0.163709,0.0286,0.0,0.0,0.0,0.159253,0.0,0.0,0.0,0.218119,0.0,0.0,0.0,0.098646,0.0,0.0,0.169253,0.146566,1e-06,0.222504,0.160644,0.0,0.201053,0.120164,0.0,0.180596,0.0,0.0,0.08164,0.105173,0.182181,0.185918,0.0,0.0,0.0,0.0,0.143541,0.21936,0.150066,0.186433,0.0,0.0,0.0,0.213658,0.0,0.0,0.182916,0.097017,0.0,0.089153,0.0,0.198429,0.050828,0.201875,0.0,0.0,0.0,0.129533,0.0,0.34559,0.076074,0.0,0.270127,0.0,0.0,0.0,0.0,0.156238,0.0,0.161937,0.180645,0.402022,0.0,0.0,0.175912,0.136127,0.090397,0.070836,0.056746,0.0,0.359717,0.0,0.0,0.206569,0.161603,0.0,0.0,0.0,0.349673,0.153615,0.0,0.0,0.091435,0.0,0.0,0.150302,0.16612,0.156869,0.0,0.0,1e-06,0.0,0.201347,0.198141,0.0,0.147686,0.105082,0.088485,0.0,0.0,0.0,0.0,0.215697,0.0,0.196855,0.0,0.505526,0.0,0.0,0.0,0.102699,0.214479,0.208257,0.239561,0.126389,0.0,0.160655,0.0,0.214332,0.0,0.208711,0.160654,0.190816,0.09757,0.0,0.069752,0.0,0.0,0.0,0.217757,0.0,0.0,0.0,0.091131,0.0,0.106506,0.0,0.248922,0.0,0.19112,0.0,0.178969,0.0,0.0,0.182807,0.0,3e-06,1.316712,0.0,0.014411,0.148356,0.108438,0.175148,0.348807,0.093333,0.121176,0.314503,0.187133,0.083277,0.0,1e-06,0.13977,0.0,0.0,0.266303,0.200173,0.040906,0.0,0.048544,0.0,3e-06,0.531169,0.0,0.52803,0.0,0.263068,0.0,0.167081,0.0,0.810175,0.0,0.0,0.0,0.0,0.239498,0.176315,0.125111,0.0,0.164684,0.157081,0.0,0.0,0.0,0.0,0.499985,0.0,0.0,0.0,0.082331,0.0,0.279906,0.075106,0.719424,0.1853,0.031201,0.908326,0.163251,0.0,0.0,0.0,0.0,0.102764,0.038379,0.0,0.2479,0.0,0.219005,0.155434,0.193358,0.095261,0.167035,0.598536,0.13122,0.0,1.3e-05,0.000868,0.231626,0.175399,0.0,5e-06,0.0,0.162858,0.0,0.0,0.0,0.173536,0.0,0.0,0.146364,0.094728,0.230092,0.147654,0.0,0.215328,0.0,0.0,0.173828,0.078363,0.0,0.0
TCGA-56-7730,0.149611,0.0,0.0,0.0,0.0,0.140078,0.0,3e-06,0.172593,0.15031,0.123533,7e-06,0.0,0.0,0.0,0.103172,0.0,0.276418,0.0,0.0,0.0,0.0,0.0,0.0,0.0,0.0,0.134401,0.0,0.17887,0.106053,0.0,0.0,0.149192,1.21054,0.0,0.133639,0.121729,1.9e-05,2e-06,0.0,0.0,0.162466,0.0,0.121667,0.0,0.378648,0.047102,0.0,0.0,0.175451,0.0,0.332428,0.0,1.053853,0.0,0.599225,0.131795,0.0,0.0,0.125878,1.6e-05,5e-06,0.0,0.073336,0.063447,0.246725,4e-06,0.0,0.780395,0.0,0.0,0.0,0.239707,0.099229,0.0,0.0,0.0,0.0,0.0,0.006701,0.0,1.007697,0.098284,0.00039,0.0,0.093521,0.157906,0.0,0.124063,0.146846,0.119736,0.000318,0.001814,0.0,0.724064,0.0,0.0,0.0,0.0,0.127128,5e-05,0.0,0.140943,0.131245,0.139773,0.0,0.0,0.40866,0.109251,0.105922,0.071201,0.0,0.142703,0.0,0.258852,5e-06,0.0,0.619882,0.159441,0.208517,0.517285,0.0,0.29951,0.0,0.0,0.00316,0.143195,0.436179,0.137642,0.0,0.136175,0.132754,0.192753,0.163479,0.186676,0.0,0.0,0.0,0.114699,0.0,0.273236,0.16015,0.120679,0.330835,0.0,0.0,0.0,0.298781,0.0,0.0,0.101566,0.174645,0.494784,0.0,0.0,0.084216,0.0,0.057675,0.095829,0.0,0.559032,0.0,0.0,0.104109,0.0,0.185828,0.202111,0.144858,0.0,0.491665,0.0,0.187537,0.086047,0.0,0.0,0.0,0.0,0.048271,0.086092,1.205402,0.122098,0.0,2e-06,0.098949,0.0,0.10282,0.235383,0.125108,0.0,0.0,0.0,0.095807,0.177225,0.0,0.0,0.187442,0.101406,0.373773,0.167371,0.0,0.119757,0.0,1.924484,0.086366,0.053982,0.0,0.24074,1.627804,0.0,0.0,0.139636,0.0,0.0,0.0,0.0,0.071729,0.0,1.318304,0.259757,0.0,0.0,0.132687,0.11596,0.105128,0.080203,0.0,0.0,0.0,0.0,0.0,0.0,0.169946,0.105876,0.069075,0.0,0.065221,0.143968,0.086242,0.09573,0.0,0.063309,0.0,0.124197,0.0,0.131056,0.35454,0.263803,0.0,0.113523,0.107054,0.650521,0.0,0.107283,0.036761,0.0,0.0,0.0,0.111593,0.0,0.0,0.0,0.171839,0.0,0.0,0.0,0.148526,0.0,0.0,0.109268,0.100212,0.0,0.158647,0.090301,0.0,0.28939,0.127607,0.0,0.111069,0.0,0.0,0.165847,0.196762,0.136675,0.126614,0.0,0.0,0.0,0.0,0.084945,0.159753,0.091873,0.143996,0.0,0.0,0.0,0.139936,0.0,0.0,0.13163,0.176204,0.0,0.164657,0.0,0.188441,0.090882,0.220934,0.0,0.0,0.0,0.092157,0.0,0.38466,0.154213,0.0,0.367428,0.0,0.0,0.0,0.0,0.114362,0.0,0.106762,0.124549,0.504264,0.0,0.0,0.107717,0.096817,0.176602,0.141082,0.090789,0.0,0.465312,0.0,0.0,0.134209,0.111959,0.0,0.0,0.0,0.4886,0.112048,0.0,0.0,0.18004,0.0,0.0,0.09367,0.109979,0.258611,0.0,0.0,0.0,0.0,0.141045,0.138964,0.0,0.243636,0.18632,0.158515,0.0,0.0,0.0,0.0,0.33414,0.0,0.12563,0.0,0.583752,0.0,0.0,0.0,0.060423,0.141817,0.13856,0.307998,0.222049,0.0,0.135838,1e-06,0.139999,0.0,0.261848,0.109424,0.132564,0.064164,0.0,0.145346,0.0,0.0,0.0,0.141413,0.0,0.0,0.0,0.159546,3e-06,0.18751,0.0,0.213613,0.0,0.134938,0.0,0.279053,0.0,0.0,0.123491,0.0,1.6e-05,1.514781,0.0,0.054463,0.100215,0.187455,0.114029,0.463663,0.179952,0.221766,0.314403,0.133722,0.165308,4e-06,2e-05,0.170948,0.0,0.0,0.163108,0.153895,0.094812,0.0,0.085235,0.0,7e-06,0.67657,0.0,0.659561,0.0,0.252727,0.0,0.108286,0.0,0.975081,0.0,0.0,0.0,0.0,0.412068,0.10488,0.187571,0.0,0.088957,0.104354,0.0,0.0,0.0,4e-06,0.558618,0.0,0.0,0.0,0.080908,0.0,0.396982,0.151811,0.865974,0.130832,0.055575,1.096314,0.107475,0.0,0.0,0.0,0.0,0.191753,0.095956,0.0,0.249954,0.0,0.288177,0.10465,0.122578,0.168006,0.107224,0.692732,0.071008,0.0,5.8e-05,0.001488,0.153633,0.108322,0.0,4.4e-05,0.0,0.262952,0.0,0.0,0.0,0.111202,0.0,0.0,0.120725,0.168585,0.216544,0.254783,0.0,0.16882,0.0,0.0,0.110622,0.157876,0.0,0.0
TCGA-56-8307,0.216152,0.0,0.0,0.0,0.0,0.173088,0.0,0.0,0.104157,0.202369,0.171179,0.0,0.0,0.0,0.0,0.152074,0.0,0.254595,0.0,0.0,0.0,0.0,0.0,0.0,0.0,0.0,0.158794,0.0,0.154312,0.131473,0.0,0.0,0.169073,1.01022,0.0,0.081642,0.082556,1e-06,0.0,0.0,0.0,0.098211,0.0,0.172876,0.0,0.274141,0.053807,0.0,0.0,0.111708,0.0,0.319991,0.0,0.909013,0.0,0.461343,0.148132,0.0,0.0,0.157098,0.0,1e-06,0.0,0.080614,0.066561,0.184983,1e-06,0.0,0.640127,0.0,0.0,0.0,0.141427,0.13224,0.0,0.0,0.0,0.0,0.0,0.009715,1e-06,0.838661,0.12808,0.000222,0.0,0.116296,0.108737,0.0,0.143394,0.156717,0.144501,0.000285,1.2e-05,0.0,0.588637,0.0,0.0,0.0,0.0,0.154004,6e-06,0.0,0.203185,0.187644,0.195359,0.0,0.0,0.33777,0.140495,0.055206,0.078973,1e-06,0.078606,0.0,0.181905,0.0,0.0,0.48822,0.210257,0.115681,0.402798,0.0,0.220881,0.0,0.0,0.000191,0.086183,0.37128,0.207568,0.0,0.18758,0.175114,0.12234,0.095196,0.121804,0.0,0.0,0.0,0.104676,0.0,0.179567,0.155364,0.075196,0.247823,0.0,0.0,0.0,0.216082,0.0,0.0,0.133351,0.105964,0.378811,0.0,0.0,0.105179,0.0,0.084989,0.125028,0.0,0.424867,0.0,0.0,0.127634,0.0,0.118779,0.125293,0.089014,0.0,0.364137,0.0,0.125878,0.111669,0.0,0.0,0.0,0.0,0.072596,0.11413,1.030288,0.137789,0.0,0.0,0.134806,0.0,0.146371,0.165016,0.150354,0.0,0.0,0.0,0.143503,0.096414,0.0,0.0,0.109436,0.122049,0.321595,0.09906,0.0,0.142906,0.0,1.652858,0.100438,0.079826,0.0,0.192891,1.39519,0.0,0.0,0.199269,0.0,0.0,0.0,0.0,0.075943,0.0,1.107692,0.172872,0.0,0.0,0.169568,0.062662,0.153857,0.108596,0.0,0.0,0.0,0.0,0.0,0.0,0.198945,0.170878,0.112857,0.0,0.076694,0.187514,0.118196,0.129982,0.0,0.034909,0.0,0.079314,0.0,0.191801,0.281426,0.197983,0.0,0.14125,0.117307,0.534376,0.0,0.139628,0.02559,0.0,0.0,0.0,0.146205,0.0,0.0,0.0,0.193453,0.0,0.0,0.0,0.101649,0.0,0.0,0.146851,0.113371,4e-06,0.193641,0.120737,0.0,0.206497,0.111088,0.0,0.158191,0.0,0.0,0.094855,0.123634,0.156614,0.167991,0.0,0.0,0.0,0.0,0.116645,0.195196,0.131327,0.174208,0.0,0.0,0.0,0.189254,0.0,0.0,0.156783,0.107169,0.0,0.102027,2e-06,0.178657,0.065472,0.191952,0.0,0.0,0.0,0.108763,0.0,0.329801,0.080873,0.0,0.282569,1e-06,1e-06,0.0,0.0,0.132878,0.0,0.13565,0.15664,0.384981,0.0,1e-06,0.154709,0.110225,0.096612,0.101644,0.074177,0.0,0.381975,0.0,0.0,0.177287,0.124553,0.0,0.0,0.0,0.351546,0.134231,1e-06,0.0,0.119745,0.0,0.0,0.130674,0.138339,0.178184,0.0,0.0,0.0,0.0,0.170364,0.176606,0.0,0.155102,0.126714,0.109265,0.0,0.0,0.0,0.0,0.221226,0.0,0.177432,0.0,0.481148,0.0,0.0,0.0,0.062787,0.185548,0.174659,0.230274,0.139157,0.0,0.141237,0.0,0.178879,0.0,0.215673,0.143545,0.169926,0.087222,0.0,0.083617,0.0,0.0,0.0,0.180744,0.0,0.0,0.0,0.110311,0.0,0.126004,0.0,0.209383,0.0,0.169869,0.0,0.18607,0.0,0.0,0.155184,0.0,5e-06,1.297665,0.0,0.019848,0.113734,0.126638,0.14225,0.362955,0.110871,0.134432,0.282265,0.15133,0.096358,9e-06,0.0,0.13638,0.0,0.0,0.241223,0.170225,0.046014,0.0,0.067612,0.0,0.0,0.538417,0.0,0.537665,0.0,0.243634,0.0,0.136706,0.0,0.811257,0.0,0.0,0.0,0.0,0.257742,0.152953,0.134608,0.0,0.1329,0.137637,0.0,0.0,0.0,0.0,0.484539,0.0,0.0,0.0,0.055958,0.0,0.29721,0.081244,0.722442,0.156877,0.041215,0.905115,0.145725,0.0,0.0,0.0,0.0,0.116919,0.042261,0.0,0.223442,0.0,0.227608,0.139176,0.172065,0.12308,0.153388,0.572941,0.10457,0.0,1e-06,0.001085,0.195789,0.156257,0.0,9e-06,0.0,0.172026,0.0,0.0,0.0,0.152161,7e-06,0.0,0.134593,0.111008,0.198665,0.163286,0.0,0.199001,0.0,0.0,0.154048,0.088699,0.0,0.0
TCGA-56-8309,0.302484,0.0,0.0,0.0,0.0,0.195311,0.0,2e-06,0.083181,0.257602,0.207435,0.0,0.0,0.0,0.0,0.221795,0.0,0.270198,0.0,0.0,0.0,0.0,0.0,0.0,0.0,0.0,0.196534,0.0,0.14576,0.176388,0.0,0.0,0.223161,0.999218,0.0,0.069518,0.065633,0.0,0.0,0.0,0.0,0.084034,0.0,0.227933,0.0,0.242734,0.066764,0.0,0.0,0.076451,0.0,0.327623,0.0,0.947751,0.0,0.446612,0.185342,0.0,0.0,0.177456,0.0,0.0,0.0,0.1169,0.072262,0.161599,0.0,0.0,0.653051,0.0,0.0,0.0,0.129277,0.174486,0.0,0.0,0.0,0.0,0.0,0.007755,0.0,0.846252,0.163374,0.007264,0.0,0.121995,0.072915,0.0,0.169233,0.197923,0.155505,0.000106,0.000143,0.0,0.588675,0.0,0.0,0.0,0.0,0.188525,3e-06,0.0,0.270865,0.246302,0.244807,0.0,0.0,0.345677,0.184772,0.058389,0.121582,0.0,0.063496,0.0,0.171952,0.0,0.0,0.46966,0.25186,0.109375,0.387776,0.0,0.181134,0.0,0.0,0.000638,0.070936,0.384483,0.294324,0.0,0.227991,0.223319,0.100329,0.076373,0.101161,0.0,0.0,0.0,0.133919,0.0,0.160521,0.148791,0.06364,0.222387,0.0,0.0,0.0,0.17697,0.0,0.0,0.155271,0.084432,0.363469,0.0,0.0,0.157462,0.0,0.109589,0.176003,0.0,0.418106,0.0,0.0,0.191647,0.0,0.100011,0.101434,0.073898,0.0,0.361846,0.0,0.08876,0.142276,0.0,0.0,0.0,0.0,0.099987,0.159915,1.021036,0.153743,0.0,3e-06,0.190404,0.0,0.182921,0.135224,0.186545,0.0,0.0,0.0,0.205516,0.084681,0.0,0.0,0.084163,0.144983,0.358903,0.106367,0.0,0.179716,0.0,1.688826,0.131009,0.112422,0.0,0.181284,1.410664,0.0,0.0,0.274608,0.0,0.0,0.0,0.0,0.058425,0.0,1.11922,0.126601,0.0,0.0,0.225653,0.051542,0.20136,0.149903,0.0,0.0,0.0,0.0,0.0,0.0,0.245603,0.22515,0.136625,0.0,0.079231,0.230575,0.15978,0.168229,0.0,0.025709,0.0,0.064024,0.0,0.251955,0.289497,0.172642,0.0,0.18095,0.14834,0.513109,0.0,0.167892,0.012242,0.0,0.0,0.0,0.169166,0.0,0.0,0.0,0.23211,0.0,0.0,0.0,0.07008,0.0,2e-06,0.201602,0.147335,0.0,0.243312,0.173069,0.0,0.211694,0.109757,0.0,0.218992,0.0,0.0,0.075521,0.1036,0.172105,0.210001,0.0,0.0,0.0,0.0,0.147108,0.224308,0.162534,0.179706,0.0,0.0,0.0,0.227718,0.0,0.0,0.187274,0.089086,0.0,0.081497,0.0,0.183438,0.048851,0.196229,0.0,0.0,0.0,0.132518,0.0,0.320703,0.069896,0.0,0.27627,0.0,0.0,0.0,0.0,0.155451,0.0,0.179346,0.189954,0.383253,0.0,0.0,0.1829,0.127045,0.083909,0.075885,0.068922,0.0,0.364304,0.0,0.0,0.246725,0.167503,0.0,0.0,0.0,0.316788,0.148559,0.0,0.0,0.098098,0.0,0.0,0.164879,0.188698,0.140244,0.0,0.0,0.0,0.0,0.228944,0.214618,0.0,0.121172,0.104865,0.087524,0.0,0.0,0.0,0.0,0.169343,0.0,0.234647,0.0,0.488644,0.0,0.0,0.0,0.10135,0.215816,0.227066,0.2474,0.101498,0.0,0.135283,0.0,0.231007,0.0,0.222158,0.160572,0.206227,0.10163,0.0,0.066344,0.0,0.0,0.0,0.244325,0.0,0.0,0.0,0.082417,5e-06,0.096476,0.0,0.246718,0.0,0.201164,0.0,0.146827,0.0,0.0,0.194109,0.0,3e-06,1.315751,0.0,0.0254,0.156002,0.100641,0.185262,0.352803,0.080695,0.111356,0.304474,0.18072,0.092249,0.0,1e-06,0.1406,0.0,0.0,0.332032,0.20516,0.043461,0.0,0.041845,0.0,0.0,0.502559,0.0,0.510961,0.0,0.256498,0.0,0.195323,0.0,0.814022,0.0,0.0,0.0,0.0,0.21452,0.187885,0.125698,0.0,0.199656,0.159499,0.0,0.0,0.0,2e-06,0.482844,0.0,0.0,0.0,0.091448,0.0,0.289368,0.079702,0.738993,0.203975,0.056198,0.896589,0.190885,0.0,0.0,0.0,0.0,0.102251,0.035426,0.0,0.23787,0.0,0.211573,0.163567,0.22707,0.081224,0.185664,0.605238,0.151311,0.0,1e-06,0.000866,0.262259,0.204707,0.0,2e-06,0.0,0.126217,0.0,0.0,0.0,0.197575,0.0,0.0,0.162142,0.082296,0.244758,0.136688,0.0,0.228602,0.0,0.0,0.202929,0.074229,0.0,0.0
TCGA-56-8622,0.261037,0.0,0.0,0.0,0.0,0.190335,0.0,7e-06,0.111188,0.227576,0.181238,0.0,0.0,0.0,0.0,0.187577,0.0,0.286633,0.0,0.0,0.0,0.0,0.0,0.0,0.0,0.0,0.183555,0.0,0.172817,0.16714,0.0,0.0,0.206717,1.082857,0.0,0.0884,0.081396,0.0,0.0,0.0,0.0,0.111009,0.0,0.190435,0.0,0.311494,0.07199,0.0,0.0,0.117604,0.0,0.336262,0.0,0.990306,0.0,0.501214,0.18281,0.0,0.0,0.176261,1.5e-05,3e-06,0.0,0.111878,0.091461,0.192114,1.7e-05,0.0,0.713153,0.0,0.0,0.0,0.171462,0.151001,0.0,0.0,0.0,0.0,0.0,0.018347,0.0,0.919286,0.145687,0.006735,0.0,0.122991,0.105454,0.0,0.174096,0.188141,0.151071,0.000218,0.000603,0.0,0.637423,0.0,0.0,0.0,0.0,0.186016,1e-06,0.0,0.219815,0.210854,0.2212,0.0,0.0,0.382413,0.17197,0.072986,0.113588,0.0,0.089481,0.0,0.204089,0.0,0.0,0.531292,0.230285,0.155133,0.440208,0.0,0.250708,0.0,0.0,0.001191,0.100965,0.420913,0.245567,0.0,0.20128,0.191598,0.128588,0.103512,0.133811,0.0,0.0,0.0,0.147132,0.0,0.195245,0.156929,0.073586,0.266669,0.0,0.0,0.0,0.227007,0.0,0.0,0.142709,0.116834,0.411216,0.0,0.0,0.133734,0.0,0.097964,0.161628,0.0,0.473511,0.0,0.0,0.171174,0.0,0.125731,0.136901,0.09036,0.0,0.428988,0.0,0.13125,0.142819,0.0,0.0,0.0,0.0,0.088649,0.140832,1.103702,0.162652,0.0,0.0,0.15889,0.0,0.160491,0.189232,0.186853,0.0,0.0,0.0,0.175788,0.119242,0.0,0.0,0.125223,0.139082,0.368434,0.121199,0.0,0.175189,0.0,1.789781,0.126365,0.100359,0.0,0.201849,1.50579,0.0,0.0,0.241529,0.0,0.0,0.0,0.0,0.072863,0.0,1.204972,0.182078,0.0,0.0,0.208715,0.07502,0.185579,0.138775,0.0,0.0,0.0,0.0,0.0,0.0,0.225707,0.197322,0.111676,0.0,0.089337,0.218935,0.144644,0.15693,0.0,0.038154,0.0,0.076871,0.0,0.213898,0.303612,0.218982,0.0,0.168927,0.147766,0.563387,0.0,0.162598,0.031855,0.0,0.0,0.0,0.159126,0.0,0.0,0.0,0.212773,0.0,0.0,0.0,0.097813,0.0,0.0,0.184684,0.154052,0.0,0.224339,0.152998,0.0,0.230298,0.13089,0.0,0.185473,0.0,0.0,0.108355,0.128005,0.180088,0.195584,0.0,0.0,0.0,0.0,0.13431,0.226863,0.15015,0.176475,0.0,0.0,0.0,0.199405,0.0,0.0,0.179199,0.123461,0.0,0.109021,0.0,0.199337,0.053001,0.210283,0.0,0.0,0.0,0.128984,0.0,0.353136,0.103019,0.0,0.300148,2e-06,0.0,0.0,0.0,0.154584,0.0,0.158989,0.172269,0.442864,0.0,0.0,0.165457,0.129214,0.1251,0.08873,0.069038,0.0,0.391585,1e-06,0.0,0.211572,0.162505,0.0,0.0,0.0,0.387753,0.155829,0.0,0.0,0.117594,0.0,0.0,0.150912,0.170444,0.177325,0.0,0.0,0.0,0.0,0.212045,0.20248,0.0,0.175917,0.126769,0.10653,0.0,0.0,0.0,0.0,0.249834,0.0,0.192456,0.0,0.540895,0.0,0.0,0.0,0.113469,0.20187,0.210959,0.267096,0.154564,0.0,0.150957,0.0,0.218437,0.0,0.229893,0.157247,0.195379,0.08557,0.0,0.092535,0.0,0.0,0.0,0.221914,0.0,0.0,0.0,0.107402,2e-06,0.125684,0.0,0.246645,0.0,0.184187,0.0,0.214148,0.0,0.0,0.182487,0.0,3e-06,1.400749,0.0,0.028852,0.149192,0.133027,0.170175,0.384201,0.119495,0.152896,0.323704,0.178992,0.109736,9e-06,5.1e-05,0.156212,0.0,0.0,0.272878,0.199466,0.062215,0.0,0.054437,0.0,1e-06,0.562897,0.0,0.564603,0.0,0.263848,0.0,0.169313,0.0,0.87176,0.0,0.0,0.0,0.0,0.295557,0.170283,0.141423,0.0,0.165254,0.144919,0.0,0.0,0.0,0.0,0.519611,0.0,0.0,0.0,0.08996,0.0,0.323613,0.107237,0.797568,0.192194,0.045774,0.979344,0.171735,0.0,0.0,0.0,0.0,0.127828,0.056533,0.0,0.250756,0.0,0.237195,0.15038,0.20037,0.111298,0.162913,0.64614,0.12156,0.0,6.1e-05,0.000501,0.241678,0.176113,0.0,2.8e-05,0.0,0.191155,0.0,0.0,0.0,0.1669,0.0,0.0,0.136756,0.112395,0.245079,0.180626,0.0,0.214555,0.0,0.0,0.177148,0.10674,0.0,0.0
TCGA-56-A4BY,0.234817,0.0,0.0,0.0,0.0,0.184424,0.0,4e-06,0.114086,0.218457,0.173633,0.0,0.0,0.0,0.0,0.171891,0.0,0.277217,0.0,0.0,0.0,0.0,0.0,0.0,0.0,0.0,0.180048,0.0,0.167282,0.161782,0.0,0.0,0.196583,1.057188,0.0,0.085831,0.077894,0.0,0.0,0.0,0.0,0.103418,0.0,0.174216,0.0,0.30036,0.060653,0.0,0.0,0.118192,0.0,0.330863,0.0,0.966599,0.0,0.494853,0.173969,0.0,0.0,0.166766,2e-06,0.0,0.0,0.11106,0.088606,0.185205,6e-06,0.0,0.702813,0.0,0.0,0.0,0.170916,0.14415,0.0,0.0,4e-06,0.0,0.0,0.009596,0.0,0.890959,0.141681,0.001628,0.0,0.127986,0.102912,0.0,0.16052,0.181413,0.15011,0.001032,0.001071,0.0,0.625157,0.0,0.0,0.0,0.0,0.164208,4e-06,0.0,0.210196,0.202736,0.209944,0.0,0.0,0.381592,0.173549,0.066307,0.109013,0.0,0.091546,0.0,0.191306,3e-06,0.0,0.530272,0.210454,0.138388,0.42871,0.0,0.227116,0.0,0.0,0.002309,0.091328,0.403714,0.226354,0.0,0.188353,0.190711,0.130103,0.104585,0.133279,0.0,0.0,0.0,0.139971,0.0,0.199163,0.166226,0.077869,0.264984,0.0,0.0,0.0,0.222023,0.0,0.0,0.13312,0.11552,0.40808,0.0,0.0,0.124519,0.0,0.100471,0.148361,0.0,0.466828,0.0,0.0,0.163352,0.0,0.125646,0.136343,0.089419,0.0,0.414661,0.0,0.124328,0.130809,0.0,0.0,0.0,0.0,0.075133,0.13789,1.072065,0.155922,0.0,2.6e-05,0.150307,0.0,0.149512,0.180124,0.177959,0.0,0.0,0.0,0.168705,0.114001,0.0,0.0,0.123177,0.137783,0.36041,0.126823,0.0,0.15945,0.0,1.744847,0.125147,0.099539,0.0,0.193601,1.463746,0.0,0.0,0.223509,0.0,0.0,0.0,0.0,0.067112,0.0,1.181122,0.18007,0.0,0.0,0.192999,0.074167,0.163732,0.13033,0.0,0.0,0.0,0.0,0.0,0.0,0.213109,0.173156,0.11548,0.0,0.08699,0.203222,0.133807,0.1467,0.0,0.040116,0.0,0.079082,0.0,0.20465,0.299593,0.203624,0.0,0.154787,0.143433,0.553813,0.0,0.15449,0.029327,0.0,0.0,0.0,0.148221,0.0,0.0,0.0,0.213303,0.0,0.0,0.0,0.111797,0.0,0.0,0.172575,0.138754,1e-06,0.209722,0.147213,0.0,0.231833,0.123874,0.0,0.173027,0.0,0.0,0.108613,0.131481,0.174182,0.175439,0.0,0.0,0.0,0.0,0.132689,0.207203,0.13948,0.174946,0.0,0.0,0.0,0.197874,0.0,0.0,0.170785,0.118951,0.0,0.106681,0.0,0.19348,0.063726,0.205444,0.0,0.0,0.0,0.122975,0.0,0.342461,0.098431,0.0,0.294536,0.0,0.0,0.0,0.0,0.146441,0.0,0.151042,0.16948,0.427059,0.0,0.0,0.164335,0.1273,0.117495,0.092374,0.071785,0.0,0.387487,0.0,3e-06,0.200266,0.151638,0.0,0.0,0.0,0.385869,0.141653,0.0,0.0,0.122934,0.0,0.0,0.14439,0.155176,0.185635,0.0,0.0,0.0,0.0,0.194362,0.186706,0.0,0.170146,0.127648,0.100905,0.0,0.0,0.0,0.0,0.245492,0.0,0.187054,0.0,0.524504,0.0,0.0,0.0,0.099162,0.197735,0.199641,0.264702,0.148896,0.0,0.146406,0.0,0.204908,0.0,0.228303,0.145427,0.184427,0.090411,0.0,0.093756,0.0,0.0,0.0,0.206461,0.0,0.0,0.0,0.110124,2e-06,0.128102,0.0,0.24015,0.0,0.182011,0.0,0.201713,0.0,0.0,0.174817,0.0,1.1e-05,1.368395,0.0,0.027553,0.142132,0.125255,0.163991,0.379028,0.117511,0.151306,0.319619,0.175314,0.107687,0.0,1e-06,0.155994,0.0,0.0,0.254632,0.193078,0.060834,0.0,0.058461,0.0,2e-06,0.564784,0.0,0.560147,0.0,0.255733,0.0,0.160152,0.0,0.860082,0.0,0.0,0.0,0.0,0.283872,0.165478,0.140391,0.0,0.154357,0.137133,0.0,0.0,0.0,2e-06,0.512309,0.0,0.0,0.0,0.096051,0.0,0.310464,0.103163,0.760025,0.175648,0.042779,0.958514,0.156923,0.0,0.0,0.0,0.0,0.13121,0.06092,0.0,0.248228,0.0,0.239138,0.145094,0.186994,0.112069,0.156935,0.623622,0.124722,0.0,6.8e-05,0.000835,0.222515,0.164445,0.0,0.000242,0.0,0.189727,0.0,0.0,0.0,0.162453,0.0,0.0,0.138712,0.119249,0.234689,0.174739,0.0,0.202186,0.0,0.0,0.171143,0.102368,0.0,0.0
TCGA-60-2698,0.262993,0.0,0.0,0.0,0.0,0.179884,0.0,3.9e-05,0.087228,0.231799,0.187409,5e-06,0.0,0.0,0.0,0.20551,0.0,0.27662,0.0,0.0,2e-06,0.0,0.0,5e-06,0.0,0.0,0.199059,0.0,0.1565,0.169603,0.0,0.0,0.19814,1.027933,0.0,0.069389,0.061255,0.0,0.0,0.0,0.0,0.090554,0.0,0.192019,0.0,0.255461,0.07604,0.0,0.0,0.105922,0.0,0.33004,0.0,0.948612,0.0,0.454548,0.193835,0.0,0.0,0.169386,3e-05,1e-06,0.0,0.121141,0.092323,0.18137,0.000125,0.0,0.684081,0.0,0.0,0.0,0.13692,0.17182,0.0,1e-06,0.0,0.0,0.0,0.01974,0.0,0.872257,0.147144,0.001003,0.0,0.130366,0.089861,0.0,0.169979,0.192492,0.178209,0.002452,0.000673,0.0,0.593681,0.0,0.0,0.0,3.9e-05,0.20186,5.7e-05,0.0,0.230504,0.223625,0.255369,0.0,0.0,0.356404,0.180079,0.06063,0.131738,0.0,0.072354,0.0,0.189138,6e-06,0.0,0.496848,0.24645,0.117018,0.413359,0.0,0.181253,0.0,0.0,0.002134,0.066942,0.399595,0.270159,8e-06,0.209847,0.2085,0.116183,0.096977,0.113983,0.0,0.0,0.0,0.143962,0.0,0.182002,0.136975,0.067135,0.251639,0.0,0.0,0.0,0.163669,0.0,0.0,0.14289,0.090997,0.369551,0.0,0.0,0.137189,0.0,0.123122,0.15969,0.0,0.435889,0.0,3e-06,0.185758,0.0,0.115993,0.111439,0.092559,0.0,0.399989,0.0,0.11654,0.149127,0.0,0.0,0.0,0.0,0.084195,0.145937,1.041439,0.16028,0.0,1e-05,0.172034,0.0,0.166931,0.154171,0.189802,0.0,0.0,0.0,0.197733,0.098803,0.0,1.9e-05,0.104675,0.136432,0.343721,0.120772,0.0,0.186441,0.0,1.699439,0.126368,0.124246,0.0,0.18002,1.420271,0.0,0.0,0.248004,0.0,0.0,0.0,0.0,0.072136,0.0,1.164703,0.148479,2.5e-05,0.0,0.224682,0.065356,0.200635,0.156182,0.0,0.0,0.0,0.0,0.0,0.0,0.238724,0.218182,0.131507,0.0,0.088725,0.236309,0.169266,0.178572,0.0,0.036729,0.0,0.073948,0.0,0.240609,0.287006,0.174501,0.0,0.175837,0.152305,0.53331,5e-06,0.167816,0.040042,0.0,0.0,0.0,0.155622,0.0,0.0,0.0,0.219057,0.0,0.0,0.0,0.098946,0.0,1e-06,0.195018,0.145381,4e-06,0.240998,0.167448,0.0,0.227914,0.135775,0.0,0.194301,0.0,0.0,0.092291,0.103578,0.184036,0.194704,0.0,1e-06,0.0,0.0,0.146106,0.225119,0.167463,0.166701,0.0,1e-06,0.0,0.226039,0.0,0.0,0.177701,0.09571,0.0,0.107276,0.0,0.192583,0.074706,0.195406,0.0,0.0,0.0,0.12919,0.0,0.326349,0.081852,0.0,0.276207,0.0,0.0,0.0,0.0,0.152398,1e-06,0.165178,0.196755,0.407599,0.0,0.0,0.197112,0.132412,0.10242,0.07213,0.071587,2e-06,0.37198,0.0,0.0,0.22835,0.164948,0.0,0.0,0.0,0.331822,0.15925,0.0,0.0,0.09739,0.0,0.0,0.168237,0.180356,0.165381,0.0,0.0,0.0,0.0,0.21451,0.193609,0.0,0.133673,0.126804,0.089748,0.0,0.0,0.0,0.0,0.199077,0.0,0.203467,0.0,0.498191,0.0,0.0,0.0,0.125428,0.213706,0.217172,0.243346,0.131266,0.0,0.145151,0.0,0.224104,0.0,0.219433,0.149124,0.212897,0.120069,0.0,0.08705,0.0,0.0,0.0,0.234561,0.0,0.0,0.0,0.090901,0.0,0.110453,0.0,0.253057,0.0,0.182347,0.0,0.165395,0.0,0.0,0.201463,0.0,0.000178,1.319889,0.0,0.041078,0.155484,0.097754,0.182398,0.36239,0.097764,0.116748,0.323283,0.1995,0.087413,0.0,3e-06,0.157302,0.0,0.0,0.299802,0.199662,0.0444,0.0,0.054829,0.0,0.000725,0.521703,0.0,0.51294,0.0,0.255087,0.0,0.184499,0.0,0.837208,0.0,0.0,0.0,0.0,0.251355,0.193076,0.125293,1.5e-05,0.187919,0.15548,0.0,0.0,0.0,2.2e-05,0.483434,0.0,0.0,0.0,0.110835,0.0,0.298334,0.07979,0.729469,0.193301,0.059731,0.917934,0.180688,0.0,0.0,0.0,0.0,0.106707,0.059676,0.0,0.248611,0.0,0.210814,0.166995,0.206468,0.093795,0.169713,0.59681,0.161621,0.0,1e-05,0.002014,0.238448,0.183153,0.0,0.000152,2e-06,0.162377,0.0,0.0,0.0,0.178308,0.0,0.0,0.177779,0.089378,0.24668,0.134782,0.0,0.207404,0.0,0.0,0.177583,0.087607,0.0,0.0
TCGA-60-2709,0.276179,0.0,0.0,0.0,0.0,0.202391,0.0,0.000109,0.086427,0.243599,0.196535,3e-06,0.0,0.0,0.0,0.19584,0.0,0.279317,0.0,0.0,0.0,0.0,0.0,0.0,0.0,0.0,0.197016,0.0,0.166999,0.1766,0.0,0.0,0.216155,1.025464,0.0,0.069818,0.06248,0.0,0.0,0.0,0.0,0.088925,0.0,0.201893,0.0,0.271933,0.075041,0.0,0.0,0.095345,0.0,0.337905,0.0,0.951221,0.0,0.461903,0.19016,0.0,0.0,0.181344,2e-06,3e-06,0.0,0.119527,0.093603,0.17144,1.5e-05,0.0,0.678127,0.0,0.0,0.0,0.138548,0.165869,0.0,0.0,0.0,0.0,0.0,0.018758,0.0,0.867249,0.148762,0.00175,0.0,0.135297,0.083255,0.0,0.179274,0.195957,0.15807,0.000611,0.000508,0.0,0.602193,0.0,0.0,0.0,0.0,0.197072,1e-06,0.0,0.237252,0.227172,0.242568,0.0,0.0,0.364826,0.183115,0.05898,0.122335,0.0,0.070202,0.0,0.181914,1e-06,0.0,0.49566,0.243381,0.116201,0.408353,0.0,0.209138,0.0,0.0,0.000954,0.07998,0.398049,0.262473,2e-06,0.206288,0.210031,0.109797,0.088617,0.108691,0.0,0.0,0.0,0.144329,0.0,0.167219,0.151426,0.061528,0.246481,0.0,0.0,0.0,0.192896,0.0,0.0,0.151432,0.094777,0.38256,0.0,0.0,0.144722,0.0,0.113615,0.169167,0.0,0.437011,0.0,0.0,0.182576,0.0,0.103322,0.108348,0.076926,0.0,0.397015,0.0,0.110133,0.146574,0.0,0.0,0.0,0.0,0.096725,0.151516,1.046581,0.17024,0.0,0.0,0.17096,0.0,0.168741,0.163342,0.197533,0.0,0.0,0.0,0.194679,0.092645,0.0,0.0,0.09836,0.145852,0.356086,0.109497,0.0,0.184835,0.0,1.711346,0.132368,0.116239,0.0,0.182365,1.430607,0.0,0.0,0.254644,0.0,0.0,0.0,0.0,0.073788,0.0,1.152703,0.149707,0.0,0.0,0.218723,0.054365,0.191361,0.155332,0.0,0.0,0.0,0.0,0.0,0.0,0.236756,0.218304,0.132326,0.0,0.093746,0.23057,0.157478,0.167797,0.0,0.029557,0.0,0.061855,0.0,0.226341,0.283806,0.179807,0.0,0.177746,0.149721,0.532733,0.0,0.173032,0.026055,0.0,0.0,0.0,0.172334,0.0,0.0,0.0,0.227331,0.0,0.0,0.0,0.088059,0.0,1e-06,0.192424,0.152288,6e-06,0.234747,0.170423,0.0,0.208854,0.125591,0.0,0.202924,0.0,0.0,0.086457,0.100938,0.183076,0.201654,0.0,0.0,0.0,0.0,0.150276,0.229372,0.163666,0.180267,0.0,0.0,0.0,0.218087,0.0,0.0,0.188721,0.101153,0.0,0.088208,0.0,0.202388,0.050498,0.204901,0.0,0.0,0.0,0.138527,0.0,0.337208,0.078144,0.0,0.277241,1.4e-05,9e-06,0.0,0.0,0.16272,0.0,0.169451,0.188436,0.413259,0.0,0.0,0.184085,0.138791,0.092843,0.069312,0.068569,0.0,0.367943,0.0,0.0,0.225333,0.168714,0.0,0.0,0.0,0.348189,0.162503,0.0,0.0,0.095361,0.0,0.0,0.163047,0.175671,0.154066,0.0,0.0,1e-06,0.0,0.217752,0.205562,0.0,0.14441,0.108541,0.088574,0.0,0.0,0.0,0.0,0.204268,0.0,0.205575,0.0,0.511118,0.0,0.0,0.0,0.117399,0.220373,0.219926,0.243956,0.126517,0.0,0.152178,0.0,0.229725,0.0,0.217293,0.165922,0.20312,0.106161,0.0,0.075871,0.0,0.0,0.0,0.233953,0.0,0.0,0.0,0.089217,1e-06,0.106383,0.0,0.257328,0.0,0.196863,0.0,0.177711,0.0,0.0,0.19136,0.0,1.5e-05,1.335664,0.0,0.024442,0.155004,0.108774,0.182274,0.360813,0.098942,0.115461,0.324328,0.190913,0.088748,0.0,2.2e-05,0.139289,0.0,0.0,0.299307,0.205417,0.040304,0.0,0.051645,0.0,2.4e-05,0.530618,0.0,0.5275,0.0,0.267516,0.0,0.178109,0.0,0.831433,0.0,0.0,0.0,0.0,0.242526,0.187886,0.128434,0.0,0.182546,0.156087,0.0,0.0,0.0,0.0,0.504777,0.0,0.0,0.0,0.094225,0.0,0.287075,0.08273,0.742788,0.196769,0.043186,0.924583,0.18205,0.0,0.0,0.0,0.0,0.104128,0.044618,0.0,0.248764,0.0,0.219292,0.156379,0.210613,0.095216,0.174571,0.615668,0.144148,0.0,1e-06,0.000482,0.244239,0.18623,0.0,2e-05,0.0,0.160431,0.0,0.0,0.0,0.185545,0.0,0.0,0.150126,0.092436,0.242957,0.14171,0.0,0.221163,0.0,0.0,0.18727,0.08697,0.0,0.0
TCGA-60-2714,0.346161,0.0,0.0,0.0,0.0,0.216143,0.0,2e-06,0.038828,0.304648,0.247523,1e-06,0.0,0.0,0.0,0.275734,0.0,0.273112,0.0,0.0,3.4e-05,0.0,0.0,0.0,0.0,0.0,0.234096,0.0,0.136975,0.219107,0.0,0.0,0.244268,0.885418,0.0,0.029504,0.027752,0.0,0.0,0.0,0.0,0.04265,0.0,0.246811,0.0,0.182391,0.074546,0.0,0.0,0.040364,0.0,0.323232,0.0,0.874903,0.0,0.372295,0.222951,0.0,0.0,0.209745,6e-06,0.0,0.0,0.136738,0.094699,0.135619,1e-06,0.0,0.603137,0.0,0.0,0.0,0.070766,0.202305,0.0,0.0,0.0,0.0,0.0,0.012579,0.0,0.773318,0.184737,0.006376,0.0,0.152842,0.043042,0.0,0.20867,0.227453,0.187451,6.7e-05,2.4e-05,0.0,0.504725,0.0,0.0,0.0,2.8e-05,0.216586,2e-06,0.0,0.309451,0.300494,0.316924,0.0,0.0,0.329108,0.229425,0.025684,0.14741,0.0,0.031228,0.0,0.125549,1e-06,0.0,0.409485,0.309258,0.05791,0.332496,0.0,0.111885,0.0,0.0,0.000235,0.029883,0.377305,0.370355,0.0,0.269979,0.26361,0.067226,0.045251,0.06697,0.0,0.0,0.0,0.164207,0.0,0.1115,0.143152,0.029879,0.186817,0.0,0.0,0.0,0.097084,0.0,0.0,0.184155,0.038058,0.288486,0.0,0.0,0.178554,0.0,0.149077,0.194698,0.0,0.35311,0.0,3e-06,0.227666,0.0,0.062377,0.048262,0.041787,0.0,0.304523,0.0,0.070767,0.179389,0.0,0.0,0.0,0.0,0.104995,0.193007,0.938516,0.182159,0.0,0.0,0.205243,0.0,0.221871,0.086174,0.223072,0.0,0.0,0.0,0.259029,0.039019,0.0,3.1e-05,0.046766,0.154058,0.318344,0.078392,0.0,0.222671,0.0,1.542482,0.141735,0.156041,0.0,0.154128,1.28532,0.0,0.0,0.33469,0.0,0.0,0.0,0.0,0.046933,0.0,1.031677,0.069833,0.0,0.0,0.272987,0.024237,0.254885,0.185592,0.0,0.0,0.0,0.0,0.0,0.0,0.267237,0.286754,0.165642,0.0,0.099474,0.294576,0.197077,0.218229,0.0,0.019109,0.0,0.037601,0.0,0.323225,0.247249,0.133705,0.0,0.197958,0.180979,0.453276,0.0,0.19831,0.020141,0.0,0.0,0.0,0.185917,0.0,0.0,0.0,0.247478,0.0,0.0,0.0,0.062821,0.0,0.0,0.261696,0.17324,1.3e-05,0.291013,0.209774,0.0,0.179244,0.135604,0.0,0.260257,0.0,0.0,0.037331,0.041082,0.214266,0.242861,0.0,0.0,0.0,0.0,0.180462,0.261813,0.204886,0.211628,0.0,0.0,0.0,0.283748,0.0,0.0,0.199148,0.03818,0.0,0.04311,0.0,0.185322,0.047429,0.188057,0.0,0.0,0.0,0.147997,0.0,0.283131,0.033574,0.0,0.215134,4e-06,0.0,0.0,0.0,0.175174,0.0,0.202986,0.227999,0.321777,0.0,1e-06,0.245139,0.133588,0.0523,0.041941,0.061507,0.0,0.307705,0.0,0.0,0.286059,0.189532,0.0,0.0,0.0,0.221252,0.170756,0.0,0.0,0.047907,0.0,0.0,0.208735,0.216208,0.091358,0.0,0.0,5e-06,0.0,0.257876,0.245505,0.0,0.063507,0.073065,0.037832,0.0,0.0,0.0,0.0,0.115691,0.0,0.267808,0.0,0.428806,0.0,1e-06,0.0,0.136386,0.258741,0.270867,0.200026,0.058038,0.0,0.143358,0.0,0.282321,0.0,0.201525,0.175238,0.262593,0.135577,0.0,0.037472,0.0,0.0,0.0,0.286804,0.0,0.0,0.0,0.047415,0.0,0.052539,0.0,0.2687,0.0,0.226547,0.0,0.081704,0.0,0.0,0.23473,0.0,6e-06,1.197642,0.0,0.016487,0.176562,0.044404,0.236843,0.283746,0.037627,0.056676,0.309232,0.221799,0.036544,1e-06,0.0,0.145037,0.0,0.0,0.403569,0.235154,0.016567,1e-06,0.030412,0.0,3.1e-05,0.411178,0.0,0.426898,0.0,0.251475,0.0,0.228379,0.0,0.724739,0.0,0.0,0.0,0.0,0.124812,0.243599,0.076632,0.0,0.236861,0.175971,0.0,0.0,0.0,1e-06,0.446268,0.0,0.0,0.0,0.092168,0.0,0.222114,0.036752,0.644683,0.230513,0.0481,0.791048,0.234516,0.0,0.0,0.0,0.0,0.047942,0.024725,0.0,0.236209,0.0,0.180669,0.190268,0.264415,0.043022,0.211126,0.517629,0.202831,0.0,1e-06,0.000223,0.309163,0.237257,0.0,3.2e-05,0.0,0.084468,0.0,0.0,0.0,0.216525,1e-06,0.0,0.181846,0.042205,0.250572,0.067821,0.0,0.246483,0.0,0.0,0.247957,0.033428,0.0,0.0
TCGA-60-2715,0.276474,0.0,0.0,0.0,0.0,0.178146,0.0,3e-06,0.08626,0.24509,0.199635,0.0,0.0,0.0,0.0,0.208664,0.0,0.271802,0.0,0.0,0.0,0.0,0.0,0.0,0.0,0.0,0.196681,0.0,0.151549,0.178185,0.0,0.0,0.196749,1.005712,0.0,0.071739,0.06886,0.0,0.0,0.0,0.0,0.095623,0.0,0.199959,0.0,0.239509,0.066009,0.0,0.0,0.093467,3e-06,0.326898,0.0,0.941373,0.0,0.455082,0.190691,0.0,0.0,0.176342,0.0,2e-06,0.0,0.111875,0.083089,0.185758,0.0,0.0,0.674374,0.0,0.0,0.0,0.136856,0.169057,0.0,0.0,1e-06,0.0,0.0,0.010941,0.0,0.860023,0.152013,0.00086,0.0,0.126825,0.091337,0.0,0.174235,0.198348,0.165277,0.000105,0.000418,0.0,0.595734,0.0,0.0,0.0,4e-05,0.183838,2e-06,0.0,0.240521,0.233604,0.25294,0.0,0.0,0.348264,0.179252,0.060958,0.130641,0.0,0.07949,0.0,0.183562,3e-06,0.0,0.488745,0.251592,0.109109,0.405669,0.0,0.181196,0.0,0.0,0.002836,0.067006,0.405282,0.285956,0.0,0.21694,0.211203,0.114003,0.097553,0.120102,0.0,0.0,0.0,0.139919,0.0,0.17752,0.131441,0.065069,0.248688,0.0,0.0,0.0,0.164892,0.0,0.0,0.152274,0.087248,0.367345,0.0,0.0,0.140489,0.0,0.125768,0.158416,0.0,0.433129,0.0,2e-06,0.185539,0.0,0.105999,0.110036,0.088885,0.0,0.385274,0.0,0.116034,0.148151,0.0,0.0,0.0,0.0,0.087464,0.153995,1.035176,0.154341,0.0,0.0,0.172032,0.0,0.178578,0.144684,0.189748,0.0,0.0,0.0,0.202668,0.093457,0.0,0.0,0.103438,0.128337,0.338606,0.117103,0.0,0.186201,0.0,1.689841,0.131185,0.123846,0.0,0.189305,1.409287,0.0,0.0,0.266592,0.0,0.0,0.0,0.0,0.064238,0.0,1.151716,0.1367,0.0,0.0,0.220035,0.058708,0.202624,0.155937,0.0,0.0,0.0,0.0,0.0,0.0,0.23365,0.221633,0.138373,0.0,0.085372,0.242791,0.159093,0.18188,0.0,0.043286,0.0,0.073365,0.0,0.255189,0.294901,0.164907,0.0,0.163918,0.151362,0.531277,0.0,0.174259,0.028491,0.0,0.0,0.0,0.160481,0.0,0.0,0.0,0.216667,0.0,0.0,0.0,0.094093,0.0,4e-06,0.208031,0.141128,5e-06,0.238827,0.168507,0.0,0.229586,0.13291,0.0,0.206408,0.0,0.0,0.088919,0.101869,0.184581,0.19596,0.0,4e-06,0.0,0.0,0.148447,0.231067,0.170853,0.183824,0.0,0.0,0.0,0.223335,0.0,0.0,0.181157,0.092512,0.0,0.097393,0.0,0.187277,0.069321,0.201124,0.0,0.0,0.0,0.13289,0.0,0.320823,0.075299,0.0,0.271753,0.0,0.0,0.0,0.0,0.149009,0.0,0.164103,0.194508,0.396733,0.0,0.0,0.196583,0.12405,0.10363,0.075051,0.091396,0.0,0.365755,0.0,4.1e-05,0.237076,0.155463,0.0,0.0,0.0,0.329063,0.150593,0.0,0.0,0.105447,0.0,0.0,0.174306,0.175657,0.160356,0.0,0.0,1e-06,0.0,0.217881,0.197798,0.0,0.12857,0.128758,0.084779,0.0,0.0,0.0,0.0,0.191206,0.0,0.216487,0.0,0.481067,0.0,0.0,0.0,0.115159,0.214147,0.218284,0.250673,0.12074,0.0,0.135821,0.0,0.231806,0.0,0.223236,0.14606,0.214814,0.119324,0.0,0.088388,0.0,0.0,0.0,0.227698,0.0,0.0,0.0,0.091009,5e-06,0.113257,0.0,0.243708,0.0,0.184876,0.0,0.156207,0.0,0.0,0.192896,0.0,6e-06,1.307224,0.0,0.041423,0.149139,0.096658,0.189587,0.359754,0.089866,0.115673,0.315853,0.194325,0.085554,0.0,3e-06,0.157959,0.0,0.0,0.311765,0.198307,0.044697,0.0,0.060058,0.0,3e-05,0.514953,0.0,0.513504,0.0,0.248583,0.0,0.191431,0.0,0.825927,0.0,0.0,0.0,0.0,0.243731,0.190538,0.116592,0.0,0.189333,0.148315,0.0,0.0,0.0,3e-06,0.489198,0.0,0.0,0.0,0.102983,0.0,0.290988,0.086356,0.724042,0.19155,0.054713,0.901598,0.190535,1e-06,0.0,0.0,0.0,0.105405,0.058875,0.0,0.247744,0.0,0.214379,0.156849,0.207462,0.096257,0.173867,0.585198,0.158368,0.0,5e-06,0.002445,0.246745,0.188417,0.0,4.6e-05,1e-06,0.153135,0.0,0.0,0.0,0.181917,0.0,0.0,0.17006,0.089794,0.237031,0.127901,0.0,0.217952,0.0,0.0,0.19476,0.083669,0.0,0.0
TCGA-60-2723,0.369395,0.0,0.0,0.0,0.0,0.222323,0.0,0.0,0.051135,0.317885,0.254245,0.0,5e-06,0.0,0.0,0.300749,0.0,0.28598,0.0,0.0,0.0,0.0,0.0,0.0,0.0,0.0,0.252048,0.0,0.132725,0.246393,0.0,0.0,0.250558,0.896977,0.0,0.037432,0.035463,0.0,0.0,0.0,0.0,0.050841,0.0,0.257802,0.0,0.164837,0.080045,0.0,0.0,0.046866,2e-06,0.325774,0.0,0.888904,0.0,0.370013,0.235541,0.0,0.0,0.213744,3.5e-05,0.0,0.0,0.166779,0.107972,0.133174,0.0,0.0,0.630673,0.0,0.0,0.0,0.073042,0.223415,0.0,0.0,0.0,0.0,0.0,0.015555,0.0,0.793034,0.210056,0.002594,0.0,0.157508,0.043379,0.0,0.211302,0.245801,0.198492,0.000132,0.000771,0.0,0.501901,0.0,0.0,0.0,4e-06,0.23107,1.1e-05,0.0,0.314544,0.32448,0.33835,0.0,0.0,0.339355,0.253299,0.034133,0.175957,1e-06,0.039273,0.0,0.132793,0.0,0.0,0.4087,0.314886,0.055537,0.331563,0.0,0.089822,0.0,0.0,0.003328,0.032082,0.396651,0.410173,0.0,0.289887,0.28161,0.063457,0.049816,0.063054,0.0,0.0,0.0,0.187466,0.0,0.121608,0.125056,0.037015,0.186934,0.0,0.0,0.0,0.079704,0.0,0.0,0.185643,0.043835,0.284293,0.0,0.0,0.191353,0.0,0.173497,0.222464,0.0,0.365833,0.0,0.0,0.26453,0.0,0.064173,0.059083,0.047138,0.0,0.317201,0.0,0.071384,0.202894,0.0,0.0,0.0,0.0,0.127915,0.208278,0.951654,0.197197,0.0,1e-06,0.233809,0.0,0.218467,0.074987,0.239357,0.0,0.0,0.0,0.293689,0.046112,0.0,4e-06,0.054913,0.169837,0.3212,0.103253,0.0,0.237797,0.0,1.564027,0.166974,0.183446,0.0,0.15547,1.288874,0.0,0.0,0.370332,0.0,0.0,0.0,0.0,0.036444,0.0,1.055559,0.066887,0.0,0.0,0.299908,0.030466,0.281924,0.213191,0.0,0.0,0.0,0.0,0.0,0.0,0.272945,0.305955,0.18203,0.0,0.103065,0.317296,0.220429,0.24605,0.0,0.027309,0.0,0.042861,0.0,0.350037,0.254569,0.108998,0.0,0.213706,0.200994,0.452341,0.0,0.214366,0.029625,0.0,0.0,0.0,0.191611,0.0,0.0,0.0,0.259072,0.0,0.0,0.0,0.063203,0.0,1.3e-05,0.290485,0.187678,3.1e-05,0.308202,0.239833,0.0,0.189891,0.143708,0.0,0.270516,0.0,0.0,0.045409,0.052491,0.222147,0.252406,0.0,1.8e-05,0.0,0.0,0.200472,0.27927,0.21717,0.20202,0.0,6e-06,0.0,0.296391,0.0,0.0,0.208643,0.044517,0.0,0.048758,1e-06,0.185725,0.052644,0.18182,1.4e-05,1e-06,0.0,0.154939,0.0,0.265626,0.040498,0.0,0.211227,0.0,0.0,0.0,0.0,0.179112,1e-06,0.213865,0.244157,0.326282,0.0,0.0,0.262587,0.146456,0.058761,0.039481,0.071191,0.0,0.300733,0.0,1e-05,0.312549,0.212546,0.0,0.0,0.0,0.211389,0.185646,0.0,0.0,0.058395,0.0,0.0,0.235425,0.231571,0.091358,0.0,0.0,0.0,0.0,0.279584,0.256817,0.0,0.061881,0.076505,0.042065,0.0,0.0,0.0,0.0,0.104277,0.0,0.286145,0.0,0.434357,0.0,5e-06,0.0,0.174603,0.268981,0.297975,0.208607,0.062638,0.0,0.135612,0.0,0.303128,0.0,0.205856,0.17764,0.288233,0.15791,0.0,0.04841,0.0,0.0,0.0,0.324462,0.0,0.0,0.0,0.046589,3e-06,0.059038,0.0,0.279342,0.0,0.231453,0.0,0.076057,0.0,0.0,0.262795,0.0,1e-06,1.19906,0.0,0.024219,0.197522,0.044138,0.251548,0.289922,0.045082,0.062992,0.338949,0.242134,0.04281,0.0,2.3e-05,0.167089,0.0,0.0,0.425666,0.245507,0.02556,1.6e-05,0.035385,0.0,2.5e-05,0.40595,3e-06,0.425956,0.0,0.249271,0.0,0.244067,0.0,0.742441,0.0,0.0,0.0,0.0,0.129604,0.273857,0.069277,7e-06,0.273996,0.171834,0.0,0.0,0.0,0.0,0.435986,0.0,0.0,1.5e-05,0.133613,0.0,0.226656,0.044199,0.638803,0.247528,0.065021,0.802247,0.250321,0.0,0.0,0.0,0.0,0.053545,0.043831,0.0,0.240065,0.0,0.184573,0.210397,0.293314,0.046062,0.230328,0.516324,0.233124,0.0,0.0,0.003041,0.336825,0.247646,0.0,0.000479,0.0,0.088915,0.0,0.0,0.0,0.236734,0.0,0.0,0.20093,0.046593,0.270267,0.062894,0.0,0.247503,0.0,0.0,0.255319,0.04083,0.0,0.0
TCGA-60-2725,0.280523,0.0,0.0,0.0,0.0,0.199169,0.0,1.9e-05,0.088173,0.239476,0.199138,0.0,0.0,0.0,0.0,0.214288,0.0,0.283442,0.0,0.0,0.0,0.0,0.0,0.0,0.0,0.0,0.19604,0.0,0.160839,0.167474,0.0,0.0,0.218452,1.035213,0.0,0.075897,0.063196,0.0,0.0,0.0,0.0,0.088924,0.0,0.207718,0.0,0.249175,0.084246,0.0,0.0,0.105123,0.0,0.336313,0.0,0.961571,0.0,0.460067,0.190655,0.0,0.0,0.177466,4e-06,1e-06,0.0,0.122245,0.096811,0.174098,1e-06,0.0,0.678302,0.0,0.0,0.0,0.138838,0.170371,0.0,0.0,0.0,0.0,0.0,0.030802,0.0,0.879401,0.150478,0.001239,0.0,0.129216,0.08597,0.0,0.172602,0.19143,0.155908,0.002391,0.000557,0.0,0.591338,0.0,0.0,0.0,0.0,0.206454,0.0,0.0,0.232668,0.228639,0.259447,0.0,0.0,0.364461,0.189412,0.067244,0.123816,0.0,0.069466,0.0,0.186181,1e-06,0.0,0.486714,0.248696,0.119492,0.411832,0.0,0.185729,0.0,0.0,0.001019,0.08664,0.391846,0.275742,0.0,0.200411,0.208869,0.107657,0.087416,0.104241,0.0,0.0,0.0,0.149212,0.0,0.163209,0.127685,0.065053,0.254169,0.0,0.0,0.0,0.169808,0.0,0.0,0.154124,0.10005,0.381476,0.0,0.0,0.153152,0.0,0.119756,0.177308,0.0,0.451233,0.0,0.0,0.188412,0.0,0.108293,0.1098,0.090277,0.0,0.393478,0.0,0.110843,0.152377,0.0,0.0,0.0,0.0,0.109326,0.14095,1.052395,0.172286,0.0,0.0,0.185547,0.0,0.168312,0.154755,0.20327,0.0,0.0,0.0,0.203946,0.107171,0.0,0.0,0.109385,0.14835,0.35532,0.123785,0.0,0.188241,0.0,1.718674,0.126236,0.125141,0.0,0.184768,1.433775,0.0,0.0,0.261343,0.0,0.0,0.0,0.0,0.056211,0.0,1.16152,0.14935,1e-06,0.0,0.229142,0.05693,0.200049,0.162278,0.0,0.0,0.0,0.0,0.0,0.0,0.244707,0.234685,0.131832,0.0,0.088206,0.228716,0.167594,0.167839,0.0,0.030711,0.0,0.069122,0.0,0.226095,0.284073,0.15931,0.0,0.189137,0.150741,0.517653,0.0,0.17662,0.025761,0.0,0.0,0.0,0.162736,0.0,0.0,0.0,0.227127,0.0,0.0,0.0,0.089184,0.0,0.0,0.194664,0.154464,0.0,0.239626,0.176084,0.0,0.210152,0.131508,0.0,0.205936,0.0,0.0,0.091968,0.106179,0.179175,0.215138,0.0,0.0,0.0,0.0,0.155141,0.226074,0.162338,0.164616,0.0,0.0,0.0,0.219501,0.0,0.0,0.182715,0.107205,0.0,0.094634,0.0,0.201432,0.058186,0.200762,0.0,0.0,0.0,0.140015,0.0,0.322095,0.094799,0.0,0.283015,1e-06,1e-06,1e-06,0.0,0.167217,0.0,0.167532,0.193322,0.410901,0.0,0.0,0.188197,0.144258,0.090283,0.069383,0.06156,0.0,0.377315,0.0,0.0,0.227301,0.173629,0.0,0.0,0.0,0.321241,0.1711,0.0,0.0,0.091371,0.0,0.0,0.163656,0.175081,0.160931,0.0,0.0,0.0,0.0,0.215483,0.206855,0.0,0.147289,0.114164,0.093798,0.0,0.0,0.0,0.0,0.195608,0.0,0.202314,0.0,0.509064,0.0,0.0,0.0,0.133527,0.218371,0.227267,0.230684,0.128235,0.0,0.146941,0.0,0.225851,0.0,0.220559,0.161177,0.203538,0.122742,0.0,0.080858,0.0,0.0,0.0,0.242622,0.0,0.0,0.0,0.093559,0.0,0.101787,0.0,0.25726,0.0,0.190051,0.0,0.169372,0.0,0.0,0.205116,0.0,3e-06,1.333666,0.0,0.037253,0.162416,0.115895,0.17953,0.365036,0.102248,0.115119,0.332314,0.190671,0.095892,0.0,1e-06,0.143479,0.0,0.0,0.3163,0.198371,0.042075,0.0,0.046478,0.0,2.3e-05,0.524131,0.0,0.516888,0.0,0.264298,0.0,0.175048,0.0,0.830596,0.0,0.0,0.0,0.0,0.24456,0.19997,0.136074,0.0,0.190194,0.162595,0.0,0.0,0.0,0.0,0.481605,0.0,0.0,0.0,0.111752,0.0,0.297603,0.084258,0.758422,0.202201,0.072502,0.921154,0.181725,0.0,0.0,0.0,0.0,0.110351,0.052265,0.0,0.241539,0.0,0.222404,0.159305,0.21592,0.094637,0.174052,0.614572,0.163867,0.0,0.0,0.000525,0.249978,0.190955,0.0,1.1e-05,0.0,0.164888,0.0,0.0,0.0,0.189292,0.0,0.0,0.168818,0.094113,0.252021,0.135971,0.0,0.20979,0.0,0.0,0.1893,0.093608,0.0,0.0
TCGA-60-2726,0.38343,0.0,0.0,0.0,0.0,0.230698,0.0,2e-06,0.027644,0.327757,0.268963,1e-05,0.0,0.0,0.0,0.30132,0.0,0.276861,0.0,0.0,0.0,0.0,0.0,0.0,0.0,0.0,0.255998,0.0,0.137451,0.238495,0.0,0.0,0.25652,0.873488,0.0,0.02823,0.022186,0.0,0.0,0.0,0.0,0.03645,0.0,0.266478,0.0,0.16492,0.083792,0.0,0.0,0.034409,0.0,0.331589,0.0,0.886291,0.0,0.352662,0.242984,0.0,0.0,0.222518,7e-06,6e-06,2e-06,0.151395,0.095119,0.136895,9e-06,0.0,0.609015,0.0,0.0,0.0,0.053683,0.227485,0.0,0.0,1e-06,0.0,0.0,0.012219,0.0,0.77584,0.209748,0.008324,0.0,0.158482,0.034079,0.0,0.220624,0.250247,0.206159,0.001478,9e-06,0.0,0.499431,0.0,0.0,0.0,0.0,0.241345,0.000111,0.0,0.33922,0.330146,0.346196,0.0,0.0,0.324661,0.244158,0.030064,0.163169,6e-06,0.027027,0.0,0.117364,0.0,0.0,0.397932,0.334999,0.048346,0.325183,0.0,0.104686,0.0,0.0,0.00017,0.019445,0.383303,0.427982,3e-06,0.297949,0.285292,0.062809,0.038107,0.06054,0.0,0.0,0.0,0.177092,0.0,0.099455,0.133412,0.024812,0.179749,0.0,0.0,0.0,0.080013,0.0,0.0,0.192178,0.027963,0.269369,0.0,0.0,0.196659,0.0,0.163953,0.216363,0.0,0.340682,0.0,2.6e-05,0.262137,0.0,0.043111,0.03988,0.044825,0.0,0.3062,0.0,0.068315,0.208743,0.0,0.0,0.0,0.0,0.122858,0.215115,0.932663,0.192164,0.0,1e-06,0.231676,0.0,0.23424,0.077203,0.243163,0.0,0.0,0.0,0.287125,0.032443,0.0,3.8e-05,0.041988,0.157763,0.330489,0.078763,0.0,0.246553,0.0,1.547332,0.157964,0.174155,0.0,0.148813,1.283495,0.0,0.0,0.374902,0.0,0.0,0.0,0.0,0.046888,0.0,1.03737,0.052938,0.0,0.0,0.301995,0.018407,0.296044,0.201474,0.0,0.0,0.0,0.0,0.0,0.0,0.296345,0.321753,0.186447,0.0,0.105238,0.329405,0.231456,0.247116,0.0,0.014779,0.0,0.028455,0.0,0.367431,0.249389,0.123052,0.0,0.216051,0.195795,0.443534,0.0,0.214851,0.025591,0.0,0.0,0.0,0.205396,0.0,0.0,0.0,0.259387,0.0,0.0,0.0,0.044466,0.0,0.0,0.294735,0.183272,4e-06,0.319926,0.235919,0.0,0.17527,0.134431,0.0,0.275517,0.0,0.0,0.03103,0.03549,0.23265,0.266223,0.0,0.0,0.0,0.0,0.201918,0.287058,0.223261,0.2113,0.0,7e-06,0.0,0.301982,0.0,0.0,0.218663,0.030597,0.0,0.03811,3e-06,0.189436,0.036363,0.173516,0.0,1e-06,0.0,0.16012,0.0,0.284187,0.027464,0.0,0.200088,0.0,0.0,0.0,0.0,0.184652,0.0,0.214364,0.25307,0.319416,0.0,0.0,0.274609,0.151398,0.047291,0.027936,0.070644,0.0,0.296547,0.0,4e-06,0.328244,0.208722,0.0,0.0,0.0,0.200802,0.187522,0.0,0.0,0.040431,0.0,0.0,0.238258,0.243012,0.067836,0.0,0.0,0.0,0.0,0.282497,0.264394,0.0,0.050256,0.067906,0.038966,0.0,0.0,0.0,0.0,0.084374,0.0,0.294724,0.0,0.423858,0.0,0.0,0.0,0.161129,0.277206,0.294985,0.195941,0.051424,0.0,0.144654,0.0,0.31042,0.0,0.201556,0.185562,0.294258,0.145404,0.0,0.034729,0.0,0.0,0.0,0.313602,0.0,0.0,0.0,0.037428,0.0,0.04603,0.0,0.280586,0.0,0.249188,0.0,0.067493,0.0,0.0,0.265951,0.0,6e-06,1.193877,0.0,0.021655,0.197296,0.037343,0.249892,0.280694,0.030016,0.04587,0.319491,0.242678,0.026331,0.0,0.0,0.145236,0.0,0.0,0.442436,0.259193,0.01577,2.3e-05,0.027147,0.0,0.0,0.383202,0.0,0.413062,0.0,0.26028,0.0,0.255644,0.0,0.724608,0.0,0.0,0.0,0.0,0.107602,0.273203,0.069331,0.0,0.267706,0.1848,0.0,0.0,0.0,9e-06,0.448123,0.0,0.0,9e-06,0.105934,0.0,0.216553,0.028704,0.641756,0.256097,0.056886,0.782515,0.25413,0.0,0.0,0.0,0.0,0.039291,0.023564,0.0,0.234452,0.0,0.170241,0.213118,0.29944,0.03552,0.225034,0.51393,0.219029,0.0,1e-06,0.000136,0.342579,0.250971,0.0,6e-06,0.0,0.070035,0.0,0.0,0.0,0.243901,0.0,0.0,0.190058,0.035864,0.262622,0.051544,0.0,0.266283,0.0,0.0,0.265082,0.02706,0.0,0.0
TCGA-63-5128,0.358087,0.0,0.0,0.0,0.0,0.237259,0.0,0.0,0.039097,0.293453,0.230967,0.0,0.0,0.0,0.0,0.276098,0.0,0.292418,0.0,0.0,0.0,0.0,0.0,0.0,0.0,0.0,0.245685,0.0,0.146876,0.235634,0.0,0.0,0.246247,0.897658,0.0,0.022249,0.02327,0.0,0.0,0.0,0.0,0.031681,0.0,0.2485,0.0,0.1982,0.081319,0.0,0.0,0.052447,0.0,0.322061,0.0,0.872085,0.0,0.365987,0.241754,0.0,0.0,0.220835,0.0,0.0,0.0,0.156883,0.113298,0.121426,0.0,0.0,0.620707,0.0,0.0,0.0,0.0633,0.230806,0.0,0.0,0.0,0.0,0.0,0.026089,0.0,0.786605,0.19825,0.000212,0.0,0.169386,0.036756,0.0,0.236186,0.240239,0.205958,0.002174,1.3e-05,0.0,0.500812,0.0,0.0,0.0,1e-06,0.236836,3.1e-05,0.0,0.303555,0.297786,0.327199,0.0,0.0,0.339514,0.242319,0.01861,0.163567,0.0,0.025328,0.0,0.110423,0.0,0.0,0.421659,0.295484,0.055032,0.330306,0.0,0.130885,0.0,0.0,0.000202,0.025145,0.379511,0.366738,0.0,0.264193,0.276311,0.067674,0.038378,0.056005,0.0,0.0,0.0,0.174147,0.0,0.115289,0.168812,0.036924,0.183126,0.0,0.0,0.0,0.100131,0.0,0.0,0.183924,0.035113,0.281707,0.0,0.0,0.171289,0.0,0.163348,0.21634,0.0,0.337834,0.0,5e-06,0.235579,0.0,0.055121,0.053965,0.039361,0.0,0.332203,0.0,0.076857,0.201098,0.0,0.0,0.0,0.0,0.113996,0.193154,0.94253,0.209125,0.0,0.0,0.225458,0.0,0.221226,0.092387,0.248719,0.0,0.0,0.0,0.272519,0.036053,0.0,0.0,0.043323,0.180905,0.32507,0.073311,0.0,0.235168,0.0,1.553143,0.164337,0.166604,0.0,0.147591,1.29194,0.0,0.0,0.331465,0.0,0.0,0.0,0.0,0.065728,0.0,1.043513,0.071838,0.0,0.0,0.298751,0.026756,0.273287,0.204716,0.0,0.0,0.0,0.0,0.0,0.0,0.270234,0.293705,0.176782,0.0,0.121062,0.298953,0.21934,0.229962,0.0,0.008879,0.0,0.02108,0.0,0.309063,0.232025,0.127629,0.0,0.215174,0.192649,0.443402,0.0,0.222523,0.037596,0.0,0.0,0.0,0.194816,0.0,0.0,0.0,0.26209,0.0,0.0,0.0,0.061758,0.0,0.0,0.253581,0.197799,0.0,0.307498,0.232496,0.0,0.17247,0.130993,0.0,0.255665,0.0,0.0,0.033272,0.043576,0.235978,0.26165,0.0,0.0,0.0,0.0,0.204289,0.277755,0.217651,0.210457,0.0,4e-06,0.0,0.28991,0.0,0.0,0.218654,0.039335,0.0,0.043835,0.0,0.203582,0.030614,0.183574,0.0,0.0,0.0,0.162126,0.0,0.298379,0.028233,0.0,0.213128,0.0,0.0,0.0,0.0,0.193244,0.0,0.212508,0.243823,0.337058,0.0,0.0,0.243939,0.151147,0.041479,0.036295,0.035882,0.0,0.293493,0.0,1.3e-05,0.287918,0.215932,0.0,0.0,0.0,0.234024,0.187143,0.0,0.0,0.038129,0.0,0.0,0.218744,0.23129,0.082964,0.0,0.0,0.0,0.0,0.273637,0.251844,0.0,0.062674,0.056093,0.03682,0.0,0.0,0.0,0.0,0.120637,0.0,0.266578,0.0,0.463841,0.0,0.0,0.0,0.175877,0.274544,0.284953,0.198039,0.067972,0.0,0.16245,0.0,0.29731,0.0,0.174661,0.185109,0.272203,0.12935,0.0,0.032221,0.0,0.0,0.0,0.303979,5e-06,0.0,0.0,0.039409,1e-06,0.050354,0.0,0.292623,0.0,0.235324,0.0,0.089603,0.0,0.0,0.251123,0.0,9e-06,1.200035,0.0,0.008605,0.200263,0.044681,0.24111,0.285292,0.033113,0.052602,0.336061,0.252647,0.029842,0.0,4.5e-05,0.145084,0.0,0.0,0.392919,0.248232,0.01178,0.0,0.027676,0.0,4.2e-05,0.426494,0.0,0.426858,0.0,0.270313,0.0,0.229969,0.0,0.717851,0.0,0.0,0.0,0.0,0.120611,0.256615,0.06625,0.0,0.251771,0.188131,0.0,0.0,0.0,0.0,0.448507,0.0,0.0,0.0,0.114295,0.0,0.224664,0.033843,0.647729,0.247319,0.034427,0.801722,0.22592,0.0,0.0,0.0,0.0,0.039567,0.023244,0.0,0.238724,0.0,0.170431,0.210731,0.276561,0.042015,0.214402,0.528191,0.21362,0.0,1e-06,0.00019,0.326562,0.251233,0.0,6e-05,0.0,0.081878,0.0,0.0,0.0,0.230004,0.0,0.0,0.17956,0.03568,0.266643,0.068813,0.0,0.257065,0.0,0.0,0.233108,0.029676,0.0,0.0
TCGA-64-1680,0.082859,0.0,0.0,0.0,0.0,0.076953,0.0,0.0,0.250983,0.076781,0.073071,0.0,9e-06,0.0,0.0,0.054628,0.0,0.282756,0.0,0.0,0.0,0.0,0.0,0.0,0.0,0.0,0.060027,0.0,0.191847,0.050967,0.0,0.0,0.084752,1.421372,0.0,0.21424,0.202305,0.0,0.0,0.0,0.0,0.266518,0.0,0.082697,0.0,0.428068,0.036927,0.0,0.0,0.244415,0.0,0.336756,0.0,1.187236,0.0,0.754563,0.073664,0.0,0.0,0.072084,0.0,0.0,0.0,0.028935,0.018259,0.342234,0.0,0.0,0.89326,0.0,0.0,0.0,0.349584,0.049539,0.0,0.0,0.0,0.0,0.0,0.005406,0.0,1.169643,0.049124,0.000556,0.0,0.043175,0.246422,0.0,0.066314,0.121611,0.064328,0.0,0.000388,0.0,0.870875,0.0,0.0,0.0,1e-06,0.070097,1e-06,0.0,0.07729,0.072907,0.072603,0.0,0.0,0.454368,0.041016,0.181019,0.051086,0.0,0.229962,0.0,0.375477,0.0,0.0,0.727036,0.103176,0.294924,0.638822,0.0,0.355429,0.0,0.0,0.001932,0.207543,0.507216,0.075569,0.0,0.080369,0.060451,0.277496,0.25077,0.269355,0.0,0.0,0.0,0.101227,0.0,0.372863,0.099403,0.183682,0.428185,0.0,0.0,0.0,0.377562,0.0,0.0,0.066033,0.254041,0.617146,0.0,0.0,0.053479,0.0,0.034419,0.049463,0.0,0.700278,0.0,0.0,0.048484,0.0,0.264678,0.282121,0.231578,0.0,0.587054,0.0,0.2384,0.042406,0.0,0.0,0.0,0.0,0.044966,0.04284,1.399962,0.065556,0.0,0.0,0.060423,0.0,0.065354,0.280795,0.068064,0.0,0.0,0.0,0.037437,0.27092,0.0,0.0,0.280734,0.038582,0.386238,0.247983,0.0,0.066808,0.0,2.1997,0.055324,0.023911,0.0,0.316555,1.845112,0.0,0.0,0.077596,0.0,0.0,0.0,0.0,0.053982,0.0,1.519787,0.346378,0.0,0.0,0.070531,0.165397,0.058874,0.051231,0.0,0.0,0.0,0.0,0.0,0.0,0.11062,0.057841,0.033638,0.0,0.028102,0.069025,0.030195,0.041266,0.0,0.115618,0.0,0.196972,0.0,0.064586,0.457599,0.29611,0.0,0.062233,0.060854,0.790524,0.0,0.072541,0.047101,0.0,0.0,0.0,0.07765,0.0,0.0,0.0,0.125676,0.0,0.0,0.0,0.180123,0.0,0.0,0.056979,0.064676,0.0,0.089088,0.036934,0.0,0.392627,0.141056,0.0,0.058059,0.0,0.0,0.234439,0.279892,0.078081,0.079096,0.0,0.0,0.0,0.0,0.043145,0.09659,0.054187,0.093212,0.0,0.0,0.0,0.068639,0.0,0.0,0.076403,0.26667,0.0,0.245964,0.0,0.18607,0.138657,0.257603,0.0,0.0,0.0,0.063464,0.0,0.40126,0.217805,0.0,0.474375,0.0,0.0,0.0,0.0,0.079668,0.0,0.059007,0.06656,0.622209,0.0,0.0,0.050872,0.051972,0.249916,0.206075,0.138961,0.0,0.576119,0.0,0.0,0.076993,0.055461,0.0,0.0,0.0,0.613944,0.078734,0.0,0.0,0.281527,0.0,0.0,0.046832,0.061308,0.36334,0.0,0.0,0.0,0.0,0.082766,0.079039,0.0,0.329703,0.283404,0.22982,0.0,0.0,0.0,0.0,0.430965,0.0,0.073112,0.0,0.645309,0.0,0.0,0.0,0.025612,0.084365,0.069687,0.399702,0.305334,0.0,0.087476,0.0,0.073259,0.0,0.315687,0.065528,0.073401,0.07013,0.0,0.22197,0.0,0.0,0.0,0.064143,0.0,0.0,0.0,0.223317,0.0,0.269736,0.0,0.179498,0.0,0.072422,0.0,0.377816,0.0,0.0,0.055498,0.0,4e-05,1.713555,0.0,0.119913,0.05237,0.26834,0.059188,0.58699,0.268667,0.308082,0.322211,0.074298,0.251336,0.0,1e-06,0.20482,0.0,0.0,0.092336,0.09678,0.145023,0.0,0.128645,0.0,1e-06,0.811606,0.0,0.791256,0.0,0.238007,0.0,0.069572,0.0,1.159984,0.0,0.0,0.0,0.0,0.601909,0.041921,0.257427,0.0,0.040686,0.061607,0.0,0.0,0.0,2e-06,0.613728,0.0,0.0,0.0,0.108561,0.0,0.516981,0.228765,1.019044,0.087852,0.100894,1.292845,0.065928,0.0,0.0,0.0,0.0,0.282495,0.158363,0.0,0.253818,0.0,0.358956,0.058483,0.061378,0.256559,0.058272,0.791452,0.034823,0.0,6e-06,0.001123,0.078297,0.054848,0.0,3.2e-05,0.0,0.364549,0.0,0.0,0.0,0.071619,0.0,0.0,0.11588,0.239929,0.198979,0.343056,0.0,0.128806,0.0,0.0,0.059164,0.247976,0.0,0.0
TCGA-69-7760,0.16859,0.0,0.0,0.0,0.0,0.131677,0.0,0.0,0.194595,0.151008,0.12482,0.0,0.0,0.0,0.0,0.122084,0.0,0.284116,0.0,0.0,0.0,0.0,0.0,0.0,0.0,0.0,0.119122,0.0,0.171386,0.108292,0.0,0.0,0.151772,1.261564,0.0,0.158716,0.146261,0.0,0.0,0.0,0.0,0.19427,0.0,0.133614,0.0,0.370187,0.044964,0.0,0.0,0.177293,0.0,0.327019,0.0,1.106534,0.0,0.647482,0.121143,0.0,0.0,0.120046,1.4e-05,0.0,0.0,0.06912,0.050914,0.272566,0.0,0.0,0.809022,0.0,0.0,0.0,0.267267,0.088911,0.0,0.0,0.0,0.0,0.0,0.00693,0.0,1.056891,0.09736,0.001973,0.0,0.074149,0.17345,0.0,0.11598,0.150493,0.093685,1e-06,0.001732,3e-06,0.769034,0.0,0.0,0.0,0.0,0.11416,1e-06,0.0,0.152626,0.138747,0.13572,0.0,0.0,0.425819,0.104829,0.135748,0.076164,0.0,0.165294,0.0,0.29982,1e-06,0.0,0.637822,0.161376,0.224946,0.54381,0.0,0.30147,0.0,0.0,0.003614,0.164876,0.462145,0.158607,0.0,0.135659,0.126212,0.204804,0.175304,0.197017,0.0,0.0,0.0,0.123649,0.0,0.293906,0.128925,0.134191,0.35148,0.0,0.0,0.0,0.309193,0.0,0.0,0.098328,0.185836,0.531117,0.0,0.0,0.095895,0.0,0.057174,0.1036,0.0,0.600952,0.0,0.0,0.104106,0.0,0.202391,0.213121,0.161186,0.0,0.497129,0.0,0.185123,0.078357,0.0,0.0,0.0,0.0,0.067676,0.093267,1.270783,0.108506,0.0,0.0,0.110739,0.0,0.109561,0.225421,0.123502,0.0,0.0,0.0,0.102567,0.195869,0.0,0.0,0.207496,0.089609,0.385326,0.195025,0.0,0.107828,0.0,2.019497,0.089814,0.056375,0.0,0.264281,1.698864,0.0,0.0,0.162756,0.0,0.0,0.0,0.0,0.045941,0.0,1.374945,0.263572,0.0,0.0,0.131159,0.120689,0.108431,0.087614,0.0,0.0,0.0,0.0,0.0,0.0,0.154907,0.113148,0.068996,0.0,0.053901,0.134775,0.074578,0.089053,0.0,0.080256,0.0,0.146766,0.0,0.135978,0.393523,0.254264,0.0,0.11127,0.099657,0.68658,0.0,0.108096,0.024818,0.0,0.0,0.0,0.108003,0.0,0.0,0.0,0.171947,0.0,0.0,0.0,0.140164,0.0,0.0,0.121046,0.104825,0.0,0.147132,0.085661,0.0,0.317102,0.136047,0.0,0.125064,0.0,0.0,0.179678,0.212403,0.120025,0.129832,0.0,0.0,0.0,0.0,0.082343,0.150674,0.094786,0.133703,0.0,0.0,0.0,0.128632,0.0,0.0,0.119733,0.197592,0.0,0.174754,0.0,0.189837,0.095956,0.242018,0.0,0.0,0.0,0.090109,0.0,0.377206,0.169273,0.0,0.398963,0.0,0.0,0.0,0.0,0.113996,0.0,0.103173,0.111981,0.534584,0.0,0.0,0.098986,0.081133,0.193963,0.162331,0.112222,0.0,0.492802,0.0,0.0,0.140912,0.099926,0.0,0.0,0.0,0.511338,0.10297,3e-06,0.0,0.204407,0.0,0.0,0.09273,0.108181,0.275967,0.0,0.0,0.0,0.0,0.148614,0.138775,0.0,0.259465,0.208221,0.168321,0.0,0.0,0.0,0.0,0.349438,0.0,0.130183,0.0,0.598797,0.0,0.0,0.0,0.050552,0.135508,0.134808,0.338336,0.230076,0.0,0.111094,0.0,0.142424,0.0,0.289286,0.106788,0.122354,0.074292,0.0,0.160289,0.0,0.0,0.0,0.140209,0.0,0.0,0.0,0.173073,0.0,0.197446,0.0,0.205269,0.0,0.129612,0.0,0.292544,0.0,0.0,0.114235,0.0,1e-06,1.576991,0.0,0.076643,0.09542,0.205876,0.107688,0.493829,0.191008,0.23834,0.31938,0.114175,0.189557,0.0,1e-06,0.184375,0.0,0.0,0.186441,0.143401,0.111889,0.0,0.09417,0.0,2e-06,0.699626,0.0,0.69726,0.0,0.246158,0.0,0.108911,0.0,1.027427,0.0,0.0,0.0,0.0,0.44337,0.098462,0.204993,0.0,0.088003,0.095373,0.0,0.0,0.0,1e-06,0.567267,0.0,0.0,0.0,0.097192,0.0,0.428317,0.178613,0.921136,0.13288,0.078304,1.143025,0.122384,0.0,0.0,0.0,0.0,0.211413,0.110958,0.0,0.248828,0.0,0.313281,0.094954,0.132304,0.178939,0.113398,0.724299,0.071553,0.0,4e-06,0.001696,0.160141,0.115574,0.0,8.1e-05,0.0,0.274883,0.0,0.0,0.0,0.107581,0.0,0.0,0.118364,0.181307,0.221314,0.27103,0.0,0.163446,0.0,0.0,0.121007,0.176037,0.0,0.0
TCGA-69-8453,0.228973,0.0,0.0,0.0,0.0,0.171932,0.0,1.4e-05,0.144927,0.205745,0.163218,2e-06,2e-06,0.0,0.0,0.160383,0.0,0.287614,0.0,0.0,0.0,0.0,0.0,0.0,0.0,0.0,0.169626,0.0,0.172562,0.145892,0.0,0.0,0.189116,1.149895,0.0,0.112263,0.100498,0.0,0.0,0.0,0.0,0.133217,0.0,0.176072,0.0,0.332078,0.066883,0.0,0.0,0.140258,0.0,0.329753,0.0,1.032866,0.0,0.544038,0.16305,0.0,0.0,0.158044,3e-06,1e-06,0.0,0.10177,0.071334,0.217915,4e-06,0.0,0.750408,0.0,0.0,0.0,0.197733,0.13774,0.0,0.0,0.0,0.0,0.0,0.01493,0.0,0.977438,0.131108,0.006906,0.0,0.108974,0.128375,0.0,0.151635,0.180189,0.137287,4.9e-05,0.000254,0.0,0.676267,0.0,0.0,0.0,2e-06,0.166284,4e-06,0.0,0.196363,0.190839,0.195912,0.0,0.0,0.396204,0.15279,0.09276,0.099566,0.0,0.112381,0.0,0.228523,1e-06,0.0,0.557365,0.20774,0.183291,0.471779,0.0,0.263909,0.0,0.0,0.000749,0.11683,0.436472,0.218459,1e-06,0.183173,0.172984,0.158421,0.12093,0.156315,0.0,0.0,0.0,0.133531,0.0,0.228228,0.149925,0.093525,0.293728,0.0,0.0,0.0,0.249567,0.0,0.0,0.131281,0.144323,0.447766,0.0,0.0,0.117999,0.0,0.087542,0.139443,0.0,0.5153,0.0,0.0,0.150421,0.0,0.153212,0.167216,0.120411,0.0,0.446552,0.0,0.153339,0.125416,0.0,0.0,0.0,0.0,0.081285,0.116802,1.164227,0.149162,0.0,3e-06,0.142337,0.0,0.145113,0.202499,0.160035,0.0,0.0,0.0,0.152033,0.143401,0.0,0.0,0.152137,0.125203,0.375469,0.14349,0.0,0.16254,0.0,1.875448,0.109703,0.08371,0.0,0.224841,1.581907,0.0,0.0,0.222429,0.0,0.0,0.0,0.0,0.07021,0.0,1.264901,0.211321,0.0,0.0,0.18925,0.093301,0.167834,0.122724,0.0,0.0,0.0,0.0,0.0,0.0,0.213267,0.175462,0.096144,0.0,0.07248,0.195624,0.119951,0.135802,0.0,0.042643,0.0,0.096653,0.0,0.19536,0.327428,0.232913,0.0,0.151462,0.1323,0.602585,0.0,0.141929,0.03229,0.0,0.0,0.0,0.14757,0.0,0.0,0.0,0.203965,0.0,0.0,0.0,0.112641,0.0,6e-06,0.161686,0.134568,1e-06,0.207591,0.128826,0.0,0.259605,0.122412,0.0,0.166666,0.0,0.0,0.131193,0.157916,0.160526,0.172222,0.0,0.0,0.0,0.0,0.112599,0.199363,0.130031,0.162207,0.0,0.0,0.0,0.181225,0.0,0.0,0.158457,0.143646,0.0,0.134276,1e-06,0.193972,0.067676,0.217872,0.0,0.0,0.0,0.120704,0.0,0.364482,0.12796,0.0,0.334279,0.0,0.0,0.0,0.0,0.139093,0.0,0.144965,0.157599,0.469586,0.0,0.0,0.140487,0.110101,0.141121,0.11732,0.071768,0.0,0.42949,0.0,0.0,0.194695,0.143532,0.0,0.0,0.0,0.428462,0.141956,0.0,0.0,0.139189,0.0,0.0,0.131277,0.156638,0.211346,0.0,0.0,0.0,0.0,0.192109,0.179442,0.0,0.203181,0.151936,0.128276,0.0,0.0,0.0,0.0,0.279264,0.0,0.171883,0.0,0.564709,0.0,0.0,0.0,0.096696,0.183877,0.18562,0.286622,0.18001,0.0,0.14369,0.0,0.190155,0.0,0.241141,0.1343,0.176476,0.077384,0.0,0.112503,0.0,0.0,0.0,0.194482,0.0,0.0,0.0,0.122381,0.0,0.147819,0.0,0.234901,0.0,0.160015,0.0,0.23737,0.0,0.0,0.166329,0.0,2.3e-05,1.461955,0.0,0.044345,0.129091,0.154484,0.15105,0.423901,0.138213,0.181209,0.317546,0.163232,0.129752,0.0,4e-06,0.16665,0.0,0.0,0.245355,0.178446,0.073768,1e-06,0.059318,0.0,3e-06,0.610445,0.0,0.600786,0.0,0.255384,0.0,0.154814,0.0,0.924897,0.0,0.0,0.0,0.0,0.343548,0.151224,0.161588,0.0,0.14481,0.126007,0.0,0.0,0.0,1e-06,0.53503,0.0,0.0,0.0,0.086443,0.0,0.365771,0.128772,0.846829,0.163908,0.062792,1.03872,0.153318,0.0,0.0,0.0,0.0,0.156258,0.068935,0.0,0.241826,0.0,0.251511,0.135355,0.179018,0.138652,0.145843,0.674804,0.112999,0.0,4.2e-05,0.000554,0.217682,0.154404,0.0,1.9e-05,0.0,0.219104,0.0,0.0,0.0,0.150833,0.0,0.0,0.137156,0.131074,0.238394,0.210537,0.0,0.19988,0.0,0.0,0.160552,0.126285,0.0,0.0
TCGA-69-A59K,0.127828,0.0,0.0,0.0,0.0,0.114763,0.0,1e-06,0.210714,0.123305,0.101081,0.0,1.3e-05,0.0,0.0,0.08793,0.0,0.27328,0.0,0.0,0.0,0.0,0.0,0.0,0.0,0.0,0.105742,0.0,0.164546,0.085174,0.0,0.0,0.122069,1.23044,0.0,0.16505,0.152779,1.3e-05,0.0,0.0,0.0,0.194818,0.0,0.101857,0.0,0.351388,0.054573,0.0,0.0,0.201228,0.0,0.320353,0.0,1.048986,0.0,0.618088,0.110052,0.0,0.0,0.103129,6e-06,0.0,0.0,0.062546,0.047564,0.261148,0.0,0.0,0.77898,0.0,0.0,0.0,0.267668,0.08313,0.0,0.0,0.0,0.0,0.0,0.009852,0.0,1.018302,0.081707,0.000517,0.0,0.075758,0.178261,0.0,0.098814,0.13081,0.099195,5.9e-05,0.004677,0.0,0.741977,0.0,0.0,0.0,1e-06,0.105398,0.0,0.0,0.111516,0.112199,0.118414,0.0,0.0,0.394287,0.093634,0.13495,0.07692,0.0,0.169447,0.0,0.291658,0.0,0.0,0.620277,0.128334,0.220627,0.540493,0.0,0.277257,0.0,0.0,0.009991,0.164077,0.440151,0.113123,0.0,0.117985,0.110645,0.211399,0.190922,0.196708,0.0,0.0,0.0,0.110125,0.0,0.290591,0.123584,0.141969,0.351605,0.0,0.0,0.0,0.29824,0.0,0.0,0.082658,0.204312,0.504647,0.0,0.0,0.073495,0.0,0.055909,0.084902,0.0,0.586863,0.0,0.0,0.087183,0.0,0.217379,0.237416,0.165576,0.0,0.50001,1e-06,0.201714,0.076782,0.0,0.0,0.0,0.0,0.053963,0.071187,1.222394,0.095044,0.0,7.2e-05,0.090295,0.0,0.084782,0.22635,0.102272,0.0,0.0,0.0,0.080771,0.20386,0.0,0.0,0.217406,0.088691,0.353595,0.199589,0.0,0.100929,0.0,1.92799,0.081962,0.049663,0.0,0.262411,1.626199,0.0,0.0,0.123842,0.0,0.0,0.0,0.0,0.06126,0.0,1.338164,0.28115,1e-06,0.0,0.112607,0.136438,0.099332,0.072939,0.0,0.0,0.0,0.0,0.0,0.0,0.143749,0.09867,0.058104,0.0,0.046719,0.11497,0.071077,0.080624,0.0,0.091739,0.0,0.148757,0.0,0.103395,0.372663,0.233697,0.0,0.100552,0.089006,0.672045,0.0,0.100325,0.034449,0.0,0.0,0.0,0.100374,0.0,0.0,0.0,0.150955,0.0,0.0,0.0,0.1603,0.0,0.000603,0.090953,0.087974,1.5e-05,0.132686,0.078736,0.0,0.316316,0.125097,0.0,0.093601,0.0,0.0,0.189272,0.22436,0.105497,0.110663,0.0,0.0,0.0,0.0,0.068433,0.135244,0.079718,0.115492,0.0,0.0,0.0,0.115275,0.0,0.0,0.10754,0.205873,0.0,0.192754,0.0,0.185848,0.123227,0.224567,0.0,0.0,0.0,0.07889,0.0,0.359628,0.173365,0.0,0.389754,0.0,0.0,0.0,0.0,0.100365,0.0,0.091839,0.098352,0.507463,0.0,0.0,0.08532,0.077899,0.195328,0.162128,0.117459,0.0,0.485154,0.0,0.0,0.109359,0.090069,0.0,0.0,0.0,0.500898,0.104474,0.0,0.0,0.207987,0.0,0.0,0.077072,0.093608,0.28966,0.0,0.0,0.0,0.0,0.12383,0.109033,0.0,0.264378,0.211834,0.177334,0.0,0.0,0.0,0.0,0.348451,0.0,0.105026,0.0,0.573963,0.0,0.0,0.0,0.05538,0.11783,0.120037,0.324052,0.245771,0.0,0.106608,0.0,0.115322,0.0,0.266416,0.094948,0.105688,0.07363,0.0,0.168428,0.0,0.0,0.0,0.117427,0.0,0.0,0.0,0.174593,0.0,0.221209,0.0,0.186943,0.0,0.106247,0.0,0.284595,0.0,0.0,0.10108,0.0,3e-06,1.501236,0.0,0.077708,0.086322,0.20952,0.09612,0.49542,0.205063,0.247299,0.306776,0.103645,0.184679,0.0,8e-06,0.18584,0.0,0.0,0.135046,0.126981,0.115083,0.0,0.10426,0.0,2e-06,0.695319,0.0,0.670602,0.0,0.224528,0.0,0.093964,0.0,0.99932,0.0,0.0,0.0,0.0,0.460556,0.087993,0.203836,0.0,0.08452,0.092746,0.0,0.0,0.0,7e-06,0.532701,0.0,0.0,0.0,0.099845,0.0,0.421797,0.171483,0.875819,0.108706,0.080124,1.114278,0.08898,0.0,0.0,0.0,0.0,0.217992,0.128589,0.0,0.23838,0.0,0.307279,0.082334,0.104608,0.196346,0.089674,0.691419,0.074744,0.0,9.4e-05,0.007681,0.129094,0.09425,0.0,0.000438,0.0,0.287555,0.0,0.0,0.0,0.103016,0.0,0.0,0.13061,0.19042,0.201919,0.267562,0.0,0.141378,0.0,0.0,0.09312,0.187381,0.0,0.0
TCGA-70-6722,0.180213,0.0,0.0,0.0,0.0,0.167144,0.0,6e-06,0.133169,0.179848,0.158298,9e-06,0.0,0.0,0.0,0.112738,0.0,0.275944,0.0,0.0,0.0,0.0,0.0,0.0,0.0,0.0,0.154264,0.0,0.197869,0.126831,1e-06,0.0,0.163581,1.164005,1e-06,0.112409,0.095531,0.0,0.0,0.0,0.0,0.137102,0.0,0.150222,0.0,0.380664,0.049074,0.0,0.0,0.146488,0.0,0.337008,0.0,1.019538,0.0,0.555358,0.147616,0.0,0.0,0.150031,7e-06,1e-06,0.0,0.072847,0.072571,0.231699,5e-06,0.0,0.742825,0.0,0.0,0.0,0.206288,0.109372,0.0,0.0,0.0,0.0,0.0,0.005763,0.0,0.968414,0.113559,0.0,0.0,0.118252,0.132306,0.0,0.1429,0.160442,0.130724,1.1e-05,0.000398,0.0,0.692182,0.0,0.0,0.0,0.0,0.149309,0.000159,0.0,0.181289,0.150542,0.160802,0.0,0.0,0.407618,0.122138,0.0833,0.071865,0.0,0.114461,0.0,0.230393,0.0,0.0,0.589203,0.199518,0.174567,0.4801,0.0,0.309856,0.0,0.0,0.001,0.111182,0.432041,0.161959,2e-06,0.166623,0.143032,0.160387,0.131167,0.177073,0.0,0.0,0.0,0.118827,0.0,0.235555,0.191805,0.086422,0.302917,0.0,0.0,0.0,0.285156,0.0,0.0,0.111254,0.135182,0.46361,0.0,0.0,0.099767,0.0,0.064262,0.102985,0.0,0.51411,0.0,0.0,0.119483,0.0,0.150693,0.163656,0.108731,0.0,0.465123,0.0,0.152493,0.102476,0.0,0.0,0.0,0.0,0.046686,0.10531,1.171807,0.142595,0.0,1.1e-05,0.103656,0.0,0.131245,0.237573,0.138135,0.0,0.0,0.0,0.107904,0.133574,0.0,0.0,0.1473,0.103948,0.378433,0.127523,0.0,0.141734,0.0,1.879646,0.099533,0.055255,0.0,0.213566,1.591235,0.0,0.0,0.169895,0.0,0.0,0.0,0.0,0.097858,0.0,1.261856,0.227613,0.0,0.0,0.142534,0.088186,0.119075,0.093677,0.0,0.0,0.0,0.0,0.0,0.0,0.194476,0.121021,0.089337,0.0,0.081692,0.172036,0.097784,0.104173,0.0,0.051173,0.0,0.095411,0.0,0.165465,0.326116,0.290195,0.0,0.125876,0.120224,0.619458,0.0,0.122329,0.036991,0.0,0.0,0.0,0.136857,0.0,0.0,0.0,0.183842,0.0,0.0,0.0,0.128346,0.0,0.0,0.126556,0.11728,1e-06,0.17046,0.098845,0.0,0.253925,0.131534,0.0,0.134703,0.0,0.0,0.124941,0.151856,0.152738,0.143596,0.0,0.0,0.0,0.0,0.105081,0.201396,0.119272,0.183721,0.0,0.0,0.0,0.16801,0.0,0.0,0.149824,0.144202,0.0,0.138394,0.0,0.196645,0.076662,0.234276,0.0,0.0,0.0,0.108949,0.0,0.40382,0.117593,0.0,0.333345,0.0,0.0,0.0,0.0,0.140337,0.0,0.118479,0.144492,0.488896,0.0,0.0,0.128587,0.113444,0.146567,0.109505,0.080581,0.0,0.432779,0.0,0.0,0.156031,0.125831,0.0,0.0,0.0,0.455293,0.133697,0.0,0.0,0.151186,0.0,0.0,0.115625,0.124659,0.221067,0.0,0.0,0.0,0.0,0.166398,0.165644,0.0,0.217622,0.160296,0.129191,0.0,0.0,0.0,0.0,0.308621,0.0,0.152044,0.0,0.571372,0.0,0.0,0.0,0.057425,0.180367,0.150734,0.30088,0.186441,0.0,0.157471,0.0,0.171003,0.0,0.256864,0.13986,0.149736,0.060077,0.0,0.111559,0.0,0.0,0.0,0.149778,0.0,0.0,0.0,0.140202,1e-06,0.15487,0.0,0.212451,0.0,0.15988,0.0,0.258568,0.0,0.0,0.13968,0.0,6e-06,1.486315,0.0,0.039422,0.105275,0.160825,0.127916,0.428025,0.150102,0.193803,0.3061,0.146203,0.125528,0.0,2e-06,0.156464,0.0,0.0,0.187572,0.177045,0.077526,2e-06,0.069682,0.0,4e-06,0.634902,0.0,0.638591,0.0,0.266916,0.0,0.128995,0.0,0.938463,0.0,0.0,0.0,0.0,0.360761,0.118076,0.162582,0.0,0.096448,0.126866,0.0,0.0,0.0,0.0,0.574968,0.0,0.0,0.0,0.050113,0.0,0.356304,0.113603,0.834807,0.14936,0.024194,1.057798,0.139188,0.0,0.0,0.0,0.0,0.160922,0.059727,0.0,0.257905,0.0,0.258931,0.129297,0.134687,0.142233,0.128237,0.688628,0.054501,0.0,4.8e-05,0.000353,0.169447,0.120443,0.0,3.5e-05,0.0,0.231723,0.0,0.0,0.0,0.135632,0.0,0.0,0.109827,0.143772,0.214407,0.217594,0.0,0.197621,0.0,0.0,0.135686,0.121617,0.0,0.0
TCGA-70-6723,0.31099,0.0,0.0,0.0,0.0,0.230252,0.0,0.0,0.074968,0.277856,0.220461,0.0,0.0,0.0,0.0,0.235633,0.0,0.274527,0.0,0.0,0.0,0.0,0.0,0.0,0.0,0.0,0.208937,0.0,0.15227,0.211214,0.0,0.0,0.246361,0.931032,0.0,0.044858,0.044927,0.0,0.0,0.0,0.0,0.063806,0.0,0.222388,0.0,0.228408,0.06673,0.0,0.0,0.06939,0.0,0.315689,0.0,0.888862,0.0,0.412079,0.200887,0.0,0.0,0.196098,1e-06,0.0,0.0,0.133485,0.107339,0.128134,0.0,0.0,0.617103,0.0,0.0,0.0,0.114635,0.17763,0.0,0.0,0.0,0.0,0.0,0.008754,1e-06,0.79651,0.171017,0.002335,1e-06,0.150544,0.048147,0.0,0.199222,0.202029,0.16351,8.7e-05,0.000432,0.0,0.539093,0.0,0.0,0.0,0.0,0.189316,7e-06,0.0,0.283093,0.268141,0.264256,0.0,0.0,0.356508,0.224534,0.026721,0.131114,0.0,0.041303,0.0,0.140485,0.0,0.0,0.438136,0.26155,0.080618,0.345268,0.0,0.157423,0.0,0.0,0.000915,0.053931,0.36557,0.301291,0.0,0.233425,0.239563,0.080406,0.053858,0.079429,0.0,0.0,0.0,0.160029,0.0,0.140697,0.164327,0.041944,0.207984,0.0,0.0,0.0,0.162356,0.0,0.0,0.159702,0.058925,0.335966,0.0,0.0,0.155785,0.0,0.125834,0.185647,0.0,0.375231,0.0,0.0,0.197225,0.0,0.068351,0.070418,0.04058,0.0,0.332541,0.0,0.069333,0.158466,0.0,0.0,0.0,0.0,0.097413,0.17492,0.95807,0.192249,0.0,0.0,0.18616,0.0,0.197171,0.114888,0.218171,0.0,0.0,0.0,0.228069,0.047809,0.0,0.0,0.056735,0.163093,0.332283,0.083687,0.0,0.186134,0.0,1.575811,0.146668,0.134964,0.0,0.156443,1.315987,0.0,0.0,0.294664,0.0,0.0,0.0,0.0,0.053397,0.0,1.055861,0.107707,0.0,0.0,0.240114,0.034468,0.206338,0.173081,0.0,0.0,0.0,0.0,0.0,0.0,0.236295,0.236988,0.142547,0.0,0.106398,0.247586,0.15669,0.174413,0.0,0.02001,0.0,0.042142,0.0,0.268352,0.253999,0.160159,0.0,0.187237,0.169931,0.473465,0.0,0.188626,0.013047,0.0,0.0,0.0,0.176739,0.0,0.0,0.0,0.23512,0.0,0.0,0.0,0.080454,0.0,0.0,0.21395,0.171679,0.0,0.241322,0.199813,1e-06,0.173086,0.119275,0.0,0.232961,0.0,0.0,0.055989,0.067978,0.203206,0.215526,0.0,0.0,0.0,0.0,0.171633,0.241266,0.176626,0.208322,0.0,0.0,0.0,0.262671,0.0,0.0,0.190915,0.062991,0.0,0.050627,0.0,0.196894,0.032717,0.197327,0.0,0.0,1.6e-05,0.139054,0.0,0.304042,0.04783,0.0,0.232705,0.0,0.0,0.0,0.0,0.16816,0.0,0.187554,0.193796,0.345833,0.0,0.0,0.204033,0.136157,0.065323,0.053768,0.053025,0.0,0.316656,0.0,0.0,0.249118,0.175545,0.0,0.0,0.0,0.285094,0.164057,0.0,0.0,0.065628,0.0,0.0,0.176893,0.192823,0.111888,0.0,0.0,0.0,0.0,0.237346,0.232626,0.0,0.106481,0.07463,0.045987,0.0,0.0,0.0,0.0,0.16932,0.0,0.237009,0.0,0.464918,0.0,0.0,0.0,0.116542,0.241095,0.240478,0.21935,0.081609,0.0,0.15118,0.0,0.261735,0.0,0.207488,0.18217,0.21926,0.112672,0.0,0.044317,0.0,0.0,0.0,0.259068,0.0,0.0,0.0,0.063871,0.0,0.07155,0.0,0.2624,0.0,0.214058,0.0,0.120962,0.0,0.0,0.207423,0.0,1e-06,1.2441,0.0,0.011289,0.168473,0.07577,0.199929,0.306134,0.054381,0.094684,0.306391,0.201196,0.059432,0.0,0.0,0.141031,0.0,0.0,0.339579,0.219236,0.026946,0.0,0.03824,0.0,1e-06,0.468299,1.4e-05,0.477171,0.0,0.255713,0.0,0.188301,0.0,0.748872,0.0,0.0,0.0,0.0,0.163222,0.200124,0.103084,0.0,0.201249,0.166966,0.0,0.0,0.0,0.0,0.462676,0.0,0.0,0.0,0.085821,0.0,0.234326,0.061855,0.668876,0.216175,0.03156,0.830261,0.204791,0.0,0.0,0.0,0.0,0.076832,0.024524,0.0,0.232785,0.0,0.200783,0.173738,0.247032,0.067115,0.196058,0.56094,0.173599,0.0,1.6e-05,0.000323,0.285779,0.21391,0.0,9e-06,0.0,0.120634,0.0,0.0,0.0,0.202141,0.0,0.0,0.147294,0.066116,0.243252,0.108406,0.0,0.232215,0.0,0.0,0.2242,0.040394,0.0,0.0
TCGA-71-8520,0.103383,0.0,0.0,0.0,0.0,0.109039,1e-06,7e-06,0.203369,0.103102,0.09706,6.8e-05,5e-06,0.0,0.0,0.065712,0.0,0.27073,0.0,0.0,1e-06,0.0,0.0,0.0,0.0,0.0,0.097321,0.0,0.184108,0.062023,1e-06,0.0,0.102865,1.290924,1e-06,0.176001,0.158122,0.000267,0.0,0.0,0.0,0.212998,0.0,0.09611,0.0,0.395161,0.039896,0.0,0.0,0.21985,0.0,0.32705,0.0,1.090415,0.0,0.655283,0.095004,0.0,0.0,0.091928,1.7e-05,1e-06,0.0,0.039291,0.034502,0.289038,0.0,0.0,0.806939,0.0,0.0,0.0,0.283484,0.069811,0.0,0.0,0.0,0.0,0.0,0.011209,0.0,1.069989,0.06527,0.000389,0.0,0.069588,0.209329,0.0,0.08871,0.126467,0.087097,6.8e-05,0.001412,8e-06,0.772425,0.0,0.0,0.0,2e-06,0.102034,3e-06,0.0,0.099992,0.085112,0.099854,0.0,0.0,0.419877,0.064976,0.141311,0.051922,0.0,0.184882,4e-06,0.310377,2e-06,0.0,0.657018,0.130204,0.23794,0.574356,0.0,0.324508,0.0,0.0,0.003713,0.166729,0.462524,0.08991,0.0,0.107249,0.088651,0.227609,0.195525,0.226532,0.0,0.0,0.0,0.094123,0.0,0.30679,0.131369,0.142784,0.367897,0.0,0.0,0.0,0.330264,0.0,0.0,0.079631,0.213885,0.53695,0.0,0.0,0.064709,0.0,0.042734,0.057814,0.0,0.615361,0.0,2e-06,0.072677,0.0,0.227105,0.242088,0.182304,2e-06,0.521429,0.0,0.209119,0.064916,0.0,0.0,0.0,0.0,0.045521,0.054357,1.287051,0.083256,4e-06,1e-06,0.074905,0.0,0.081691,0.257384,0.081702,0.0,0.0,0.0,0.05513,0.217224,0.000383,0.0,0.237617,0.068586,0.373586,0.197952,0.0,0.097076,0.0,2.018089,0.061364,0.031091,0.0,0.264719,1.704917,0.0,0.0,0.099762,0.0,0.0,0.0,0.0,0.067967,0.0,1.382868,0.304207,0.0,0.0,0.090081,0.141295,0.081633,0.056048,0.0,0.0,0.0,0.0,0.0,0.0,0.136323,0.073684,0.048649,0.0,0.039238,0.101054,0.057392,0.055905,0.0,0.094775,0.0,0.159858,0.0,0.088508,0.38556,0.284163,4e-06,0.087704,0.081058,0.701625,0.0,0.082492,0.0396,0.0,0.0,0.0,0.097076,0.0,0.0,0.0,0.14072,0.0,0.0,0.0,0.162194,0.0,1e-06,0.067356,0.073006,5e-06,0.116245,0.04637,0.0,0.329968,0.137282,0.0,0.076031,0.0,0.0,0.198797,0.233303,0.093096,0.102621,0.0,0.0,0.0,0.0,0.062787,0.134063,0.06926,0.12057,0.0,0.0,0.0,0.103363,0.0,0.0,0.10178,0.219643,0.0,0.213731,0.0,0.184663,0.12277,0.240848,0.0,0.0,0.0,0.079015,0.0,0.388071,0.186732,0.0,0.418396,0.0,0.0,1.7e-05,0.0,0.103098,0.0,0.076537,0.093908,0.543263,0.0,0.0,0.073324,0.074492,0.211271,0.171082,0.112432,0.0,0.512312,1e-06,2.8e-05,0.093262,0.076856,0.0,0.0,0.0,0.531905,0.097487,0.0,0.0,0.221595,0.0,0.0,0.065751,0.082368,0.309756,0.0,0.0,2e-06,0.0,0.108836,0.105098,0.0,0.288796,0.229494,0.193154,0.0,0.0,0.0,0.0,0.379875,0.0,0.089022,0.0,0.600043,0.0,0.0,0.0,0.03125,0.110716,0.095747,0.340427,0.262204,0.0,0.116721,0.0,0.093527,0.0,0.279537,0.088343,0.098686,0.06348,0.0,0.178452,0.0,0.0,0.0,0.086312,0.0,0.0,0.0,0.194168,0.0,0.22206,0.0,0.173672,0.0,0.099081,0.0,0.318564,0.0,0.0,0.095692,0.0,7.3e-05,1.581026,0.0,0.090005,0.072548,0.222763,0.079827,0.521821,0.224585,0.265623,0.308447,0.088574,0.194713,0.0,1e-06,0.180694,0.0,0.0,0.114002,0.115846,0.120516,0.0,0.10446,0.0,1e-06,0.734309,0.0,0.707162,0.0,0.231587,0.0,0.079726,0.0,1.043903,0.0,0.0,0.0,0.0,0.503712,0.076864,0.215646,0.0,0.057501,0.089418,3e-06,0.0,0.0,1e-06,0.569789,0.0,0.0,0.0,0.082763,0.0,0.449119,0.173236,0.926218,0.100966,0.079859,1.171539,0.084407,0.0,0.0,0.0,0.0,0.229841,0.121533,0.0,0.243503,0.0,0.313438,0.077817,0.08417,0.21282,0.076003,0.727352,0.04385,0.0,9.8e-05,0.003009,0.103114,0.073667,0.0,0.000474,5e-06,0.312976,0.0,0.0,0.0,0.096673,0.0,0.0,0.114713,0.202204,0.195521,0.289514,0.0,0.143408,0.0,0.0,0.076557,0.201395,3.6e-05,0.0
TCGA-73-4676,0.335169,0.0,0.0,0.0,0.0,0.21131,0.0,5.5e-05,0.088028,0.271416,0.22365,5.1e-05,8e-06,0.0,0.0,0.250739,0.0,0.261427,0.0,0.0,0.0,0.0,0.0,0.0,0.0,0.0,0.195973,0.0,0.127833,0.198338,1e-06,0.0,0.233409,0.986691,1e-06,0.071816,0.058776,0.0,0.0,0.0,0.0,0.086847,0.0,0.228183,0.0,0.19885,0.076192,0.0,0.0,0.085972,0.0,0.309185,0.0,0.966461,0.0,0.439729,0.202012,0.0,0.0,0.177192,2e-06,1e-05,0.0,0.110076,0.043204,0.172205,8e-06,1.1e-05,0.641142,0.0,0.0,0.0,0.109699,0.195775,0.0,0.0,0.0,0.0,0.0,0.006226,0.0,0.863502,0.153819,0.026288,0.0,0.117317,0.07489,0.0,0.189207,0.222687,0.159841,4.3e-05,0.000858,1e-06,0.573508,0.0,0.0,0.0,1.1e-05,0.189541,0.0,0.0,0.292709,0.273532,0.286558,0.0,0.0,0.342526,0.190095,0.0585,0.115865,0.0,0.070691,0.0,0.154906,3e-06,0.0,0.438612,0.266907,0.091903,0.384423,0.0,0.145047,0.0,0.0,0.001832,0.075178,0.371312,0.348944,0.0,0.24013,0.253179,0.121729,0.083902,0.091476,0.0,0.0,0.0,0.149942,0.0,0.157641,0.142372,0.078248,0.237333,0.0,0.0,0.0,0.143887,0.0,0.0,0.167459,0.084224,0.334231,0.0,0.0,0.176576,0.0,0.126593,0.182523,0.0,0.396734,0.0,0.0,0.208164,0.0,0.097166,0.098696,0.100701,0.0,0.340813,0.0,0.110863,0.149064,0.0,0.0,0.0,0.0,0.121287,0.149372,1.02371,0.156367,1e-06,0.0,0.199164,0.0,0.198915,0.112603,0.198607,0.0,0.0,0.0,0.220338,0.088047,0.0,0.0,0.091116,0.132461,0.344911,0.118342,0.0,0.206901,0.0,1.677853,0.107976,0.128206,0.0,0.183272,1.391512,0.0,0.0,0.316508,0.0,8e-06,0.0,0.0,0.036347,0.0,1.122424,0.119179,0.0,0.0,0.255879,0.049644,0.231989,0.168724,0.0,0.0,0.0,0.0,0.0,0.0,0.2689,0.282189,0.155685,0.0,0.066101,0.239253,0.158729,0.168817,0.0,0.035059,1e-06,0.058772,0.0,0.283491,0.282311,0.132866,0.0,0.181678,0.141672,0.484197,0.0,0.189023,0.014206,0.0,0.0,0.0,0.172191,0.0,0.0,0.0,0.242518,0.0,0.0,0.0,0.083334,0.0,4e-05,0.221579,0.150786,9e-06,0.271471,0.205253,5e-06,0.216198,0.114935,0.0,0.226174,0.0,0.0,0.082233,0.09426,0.188341,0.243265,0.0,0.0,0.0,0.0,0.17762,0.216913,0.163744,0.172755,0.0,0.0,0.0,0.262896,0.0,0.0,0.187587,0.090494,0.0,0.086875,0.0,0.16928,0.062007,0.186526,0.0,0.0,0.0,0.130341,0.0,0.298436,0.074499,0.0,0.266318,2e-06,3e-06,0.0,0.0,0.173284,0.0,0.189614,0.204098,0.358616,0.0,0.0,0.210579,0.124172,0.081223,0.069792,0.063653,0.0,0.3616,0.0,0.0,0.252051,0.180406,0.0,0.0,0.0,0.256189,0.152999,0.0,0.0,0.088945,0.0,0.0,0.164274,0.201508,0.131301,0.0,0.0,1e-06,0.0,0.225935,0.223211,0.0,0.112383,0.109461,0.08834,0.0,0.0,0.0,0.0,0.156415,0.0,0.253742,0.0,0.457682,0.0,0.0,0.0,0.111438,0.230247,0.231148,0.223641,0.104837,0.0,0.105606,2e-06,0.240574,0.0,0.234109,0.144956,0.220672,0.112088,0.0,0.070206,0.0,0.0,0.0,0.251001,0.0,0.0,0.0,0.079735,0.0,0.096216,0.0,0.268167,0.0,0.23539,0.0,0.128096,0.0,0.0,0.208721,0.0,3e-06,1.313299,0.0,0.060114,0.16134,0.100103,0.194142,0.368406,0.088451,0.100788,0.309664,0.18162,0.081292,0.0,1e-05,0.132765,0.0,0.0,0.386973,0.213631,0.04565,2e-06,0.048852,0.0,2.5e-05,0.479375,0.0,0.487802,0.0,0.261305,0.0,0.218195,0.0,0.791601,0.0,0.0,0.0,0.0,0.204449,0.214984,0.117538,0.0,0.214612,0.161762,0.0,0.0,0.0,1e-06,0.463705,0.0,0.0,0.0,0.092247,0.0,0.281204,0.072834,0.748668,0.221141,0.091082,0.894003,0.193555,0.0,0.0,0.0,0.0,0.095637,0.046475,0.0,0.216317,0.0,0.221665,0.161549,0.23522,0.093445,0.173122,0.584637,0.198466,0.0,3e-06,0.002107,0.283949,0.217273,0.0,0.000704,0.0,0.122317,0.0,0.0,0.0,0.218184,0.0,0.0,0.196439,0.083997,0.238683,0.119648,0.0,0.256197,0.0,0.0,0.210888,0.075669,0.0,0.0
TCGA-73-4677,0.265845,0.0,0.0,0.0,0.0,0.191448,0.0,5e-06,0.101784,0.230201,0.19092,0.0,0.0,0.0,0.0,0.192803,0.0,0.270412,0.0,0.0,0.0,0.0,0.0,0.0,0.0,0.0,0.176318,0.0,0.163684,0.163032,1e-06,0.0,0.203633,1.055174,0.0,0.086762,0.078768,0.0,0.0,0.0,0.0,0.108705,0.0,0.197479,0.0,0.278745,0.063349,0.0,0.0,0.106159,0.0,0.330217,0.0,0.976737,0.0,0.491351,0.170806,0.0,0.0,0.171609,8e-06,0.0,0.0,0.092378,0.06991,0.193618,1e-06,0.0,0.685081,0.0,0.0,0.0,0.154421,0.150693,0.0,0.0,0.0,0.0,0.0,0.012932,0.0,0.894429,0.137347,0.004381,0.0,0.121228,0.099971,0.0,0.173594,0.192255,0.137028,0.000113,0.000576,0.0,0.627231,0.0,0.0,0.0,0.0,0.175115,2e-06,0.0,0.233314,0.217346,0.224009,0.0,0.0,0.36665,0.162196,0.068462,0.106149,0.0,0.084111,0.0,0.196937,0.0,0.0,0.509684,0.235936,0.133304,0.428415,0.0,0.226462,0.0,0.0,0.001059,0.095796,0.403001,0.252736,0.0,0.197835,0.196217,0.129952,0.104882,0.122267,0.0,0.0,0.0,0.134183,0.0,0.18141,0.147503,0.074214,0.261042,0.0,0.0,0.0,0.215067,0.0,0.0,0.147504,0.106195,0.403463,0.0,0.0,0.137415,0.0,0.101061,0.154409,0.0,0.453383,0.0,0.0,0.162742,0.0,0.11487,0.124305,0.093529,0.0,0.397062,0.0,0.124901,0.129796,0.0,0.0,0.0,0.0,0.090245,0.139506,1.082734,0.149162,0.0,0.0,0.162159,0.0,0.168962,0.164858,0.180919,0.0,0.0,0.0,0.176328,0.105451,0.0,0.0,0.115744,0.126852,0.354433,0.11371,0.0,0.168445,0.0,1.757196,0.115788,0.10006,0.0,0.203137,1.475654,0.0,0.0,0.243416,0.0,0.0,0.0,0.0,0.062657,0.0,1.181237,0.162526,0.0,0.0,0.203836,0.06195,0.177079,0.143329,0.0,0.0,0.0,0.0,0.0,0.0,0.22267,0.211684,0.120618,0.0,0.078941,0.21102,0.132284,0.147279,0.0,0.038813,0.0,0.071316,0.0,0.212841,0.302563,0.192287,0.0,0.160778,0.135712,0.55229,0.0,0.163476,0.022177,0.0,0.0,0.0,0.160864,0.0,0.0,0.0,0.21379,0.0,0.0,0.0,0.095989,0.0,0.0,0.182737,0.142981,0.0,0.220765,0.155104,0.0,0.228869,0.121763,0.0,0.195982,0.0,0.0,0.098407,0.114801,0.17275,0.199931,0.0,0.0,0.0,0.0,0.14173,0.215136,0.148166,0.177086,0.0,0.0,0.0,0.204781,0.0,0.0,0.174674,0.111861,0.0,0.099688,0.0,0.191856,0.054515,0.212873,0.0,0.0,0.0,0.12866,0.0,0.341446,0.089238,0.0,0.303497,0.0,0.0,0.0,0.0,0.154367,0.0,0.158397,0.170482,0.420658,0.0,0.0,0.163624,0.119363,0.107407,0.085516,0.072817,0.0,0.390725,0.0,0.0,0.208287,0.152489,0.0,0.0,0.0,0.360703,0.149005,0.0,0.0,0.115375,0.0,0.0,0.144781,0.161881,0.167117,0.0,0.0,0.0,0.0,0.202938,0.199221,0.0,0.157545,0.125873,0.103328,0.0,0.0,0.0,0.0,0.219069,0.0,0.200879,0.0,0.512636,0.0,0.0,0.0,0.097221,0.202179,0.199435,0.254361,0.138992,0.0,0.135778,0.0,0.214561,0.0,0.232566,0.149119,0.187548,0.090116,0.0,0.088046,0.0,0.0,0.0,0.206689,0.0,0.0,0.0,0.106147,0.0,0.120688,0.0,0.240981,0.0,0.189891,0.0,0.186848,0.0,0.0,0.172322,0.0,2e-06,1.374302,0.0,0.036568,0.138285,0.131647,0.17092,0.386141,0.108419,0.136118,0.311867,0.168666,0.105028,0.0,2.7e-05,0.145775,0.0,0.0,0.295134,0.198376,0.053324,0.0,0.058595,0.0,1e-06,0.550195,0.0,0.549533,0.0,0.260047,0.0,0.167404,0.0,0.847903,0.0,0.0,0.0,0.0,0.270108,0.169866,0.140725,0.0,0.165054,0.145984,0.0,0.0,0.0,0.0,0.51132,0.0,0.0,0.0,0.074407,0.0,0.311043,0.09891,0.778581,0.187607,0.049355,0.948299,0.17279,0.0,0.0,0.0,0.0,0.120853,0.050398,0.0,0.237251,0.0,0.236465,0.144878,0.194976,0.112855,0.155653,0.627194,0.128795,0.0,8e-06,0.000442,0.232257,0.17814,0.0,3.6e-05,0.0,0.169691,0.0,0.0,0.0,0.174714,0.0,0.0,0.141195,0.102851,0.231479,0.164819,0.0,0.223488,0.0,0.0,0.18257,0.096858,0.0,0.0
TCGA-75-7030,0.269222,0.0,0.0,0.0,0.0,0.171195,0.0,1e-05,0.090754,0.244451,0.199584,0.0,0.0,0.0,0.0,0.216686,0.0,0.283532,0.0,0.0,0.0,0.0,0.0,0.0,0.0,0.0,0.206951,0.0,0.158126,0.176387,0.0,0.0,0.201405,1.078098,1e-06,0.077111,0.069646,0.0,0.0,0.0,0.0,0.095352,0.0,0.19671,0.0,0.263737,0.069524,0.0,0.0,0.097828,1e-06,0.341811,0.0,1.008701,0.0,0.495474,0.19893,0.0,0.0,0.168748,6e-06,1e-06,0.0,0.112905,0.072033,0.202964,0.0,0.0,0.722947,0.0,0.0,0.0,0.149672,0.172993,0.0,0.0,0.0,0.0,0.0,0.012927,0.0,0.938575,0.155561,0.002331,0.0,0.114087,0.104404,0.0,0.173779,0.205592,0.171902,0.000413,2.8e-05,0.0,0.639801,0.0,0.0,0.0,6e-06,0.193854,2.7e-05,0.0,0.244382,0.235506,0.256712,0.0,0.0,0.376974,0.175834,0.083835,0.121786,0.0,0.08844,0.0,0.20271,0.0,0.0,0.521045,0.250603,0.136667,0.442673,0.0,0.195244,0.0,0.0,0.00042,0.078254,0.430768,0.293511,0.0,0.21844,0.220631,0.133169,0.100233,0.12484,0.0,0.0,0.0,0.149694,0.0,0.20343,0.124166,0.078641,0.26634,0.0,0.0,0.0,0.171196,0.0,0.0,0.148166,0.092859,0.396354,0.0,0.0,0.142949,0.0,0.121777,0.162944,0.0,0.467468,0.0,4e-06,0.191005,0.0,0.124289,0.122329,0.114245,0.0,0.409466,0.0,0.138703,0.151099,0.0,0.0,0.0,0.0,0.092528,0.152155,1.116804,0.146314,0.0,0.0,0.175361,0.0,0.17786,0.147104,0.181757,0.0,0.0,0.0,0.199958,0.112905,0.0,0.0,0.116774,0.130315,0.362915,0.138078,0.0,0.190512,0.0,1.792386,0.122791,0.118485,0.0,0.206395,1.502887,0.0,0.0,0.268843,0.0,0.0,0.0,0.0,0.05091,0.0,1.224976,0.153343,9e-06,0.0,0.222491,0.069534,0.213096,0.147823,0.0,0.0,0.0,0.0,0.0,0.0,0.243027,0.215673,0.129341,0.0,0.075527,0.242651,0.165754,0.179638,0.0,0.034213,0.0,0.079363,0.0,0.257047,0.31703,0.18726,0.0,0.168849,0.15361,0.567827,0.0,0.169273,0.029838,0.0,0.0,0.0,0.154498,0.0,0.0,0.0,0.230734,0.0,0.0,0.0,0.089846,0.0,3e-06,0.208533,0.139714,2e-06,0.253342,0.160099,0.0,0.251634,0.141543,0.0,0.205964,0.0,0.0,0.102062,0.119466,0.174041,0.20581,0.0,0.0,0.0,0.0,0.139183,0.218114,0.161261,0.163957,0.0,7.2e-05,0.0,0.223059,0.0,0.0,0.171444,0.103827,0.0,0.110967,0.0,0.189062,0.073945,0.206001,0.0,0.0,0.0,0.125917,0.0,0.339692,0.098465,0.0,0.299882,6e-06,0.0,0.0,0.0,0.157912,0.0,0.160239,0.196653,0.430996,0.0,0.0,0.192633,0.118182,0.112006,0.092498,0.072056,0.0,0.393727,0.0,1.1e-05,0.237212,0.154905,0.0,0.0,0.0,0.354697,0.14786,0.0,0.0,0.115191,0.0,0.0,0.173664,0.181168,0.177334,0.0,0.0,0.0,0.0,0.223962,0.19214,0.0,0.145183,0.146776,0.099185,0.0,0.0,0.0,0.0,0.206003,0.0,0.214897,0.0,0.508359,0.0,2e-06,0.0,0.120324,0.210106,0.218406,0.257206,0.142522,0.0,0.131666,0.0,0.223092,0.0,0.236909,0.138545,0.212604,0.110496,0.0,0.091977,0.0,0.0,0.0,0.236603,0.0,0.0,0.0,0.098281,0.0,0.11338,0.0,0.25072,0.0,0.188545,0.0,0.168401,0.0,0.0,0.197938,0.0,1.1e-05,1.395831,0.0,0.057959,0.150681,0.105107,0.18444,0.385663,0.099604,0.130316,0.329658,0.192373,0.100302,0.0,0.0,0.165971,0.0,0.0,0.315437,0.20115,0.043453,0.0,0.047786,0.0,3.6e-05,0.546056,0.0,0.54404,0.0,0.259076,0.0,0.194633,0.0,0.884948,0.0,0.0,0.0,0.0,0.274975,0.194632,0.134295,0.0,0.180516,0.133831,0.0,0.0,0.0,0.0,0.51124,0.0,0.0,0.0,0.112024,0.0,0.330123,0.091537,0.792145,0.190593,0.072545,0.96995,0.183524,0.0,0.0,0.0,0.0,0.117491,0.062236,0.0,0.252611,0.0,0.232757,0.156743,0.212228,0.10379,0.16433,0.631292,0.149671,0.0,1e-06,0.000419,0.258857,0.186203,0.0,1.6e-05,0.0,0.157873,0.0,0.0,0.0,0.178963,0.0,0.0,0.173204,0.10155,0.260148,0.152435,0.0,0.215514,0.0,0.0,0.185706,0.089273,0.0,0.0
TCGA-77-7138,0.31273,0.0,0.0,0.0,0.0,0.204175,0.0,0.0,0.088223,0.260222,0.208664,0.0,0.0,0.0,0.0,0.239663,0.0,0.279019,0.0,0.0,0.0,0.0,0.0,0.0,0.0,0.0,0.188488,0.0,0.150967,0.195672,0.0,0.0,0.228715,1.019699,0.0,0.072783,0.072319,0.0,0.0,0.0,0.0,0.09344,0.0,0.223609,0.0,0.246847,0.069183,0.0,0.0,0.083012,0.0,0.319565,0.0,0.97219,0.0,0.468116,0.190182,0.0,0.0,0.183715,2e-06,0.0,0.0,0.115228,0.07843,0.183044,1e-06,0.0,0.667313,0.0,0.0,0.0,0.140224,0.176621,0.0,0.0,1e-06,0.0,0.0,0.010378,0.0,0.876603,0.156878,0.006651,0.0,0.124169,0.079911,0.0,0.190603,0.207053,0.14116,9e-06,0.000377,0.0,0.603864,0.0,0.0,0.0,0.0,0.187314,7e-06,0.0,0.275974,0.252635,0.253883,0.0,0.0,0.364296,0.18904,0.061888,0.128362,0.0,0.073751,0.0,0.184657,0.0,0.0,0.483223,0.263619,0.114116,0.404925,0.0,0.189408,0.0,0.0,0.000873,0.080659,0.392445,0.305282,0.0,0.22385,0.222504,0.112967,0.086296,0.103539,0.0,0.0,0.0,0.156566,0.0,0.167431,0.142097,0.066196,0.244261,0.0,0.0,0.0,0.184082,0.0,0.0,0.15758,0.085189,0.378408,0.0,0.0,0.160334,0.0,0.115544,0.17734,0.0,0.440826,0.0,0.0,0.195389,0.0,0.093199,0.097135,0.081926,0.0,0.371286,0.0,0.103775,0.149142,0.0,0.0,0.0,0.0,0.104884,0.160678,1.057812,0.160016,0.0,0.0,0.191768,0.0,0.187271,0.129356,0.201464,0.0,0.0,0.0,0.212229,0.087036,0.0,0.0,0.096495,0.138484,0.356526,0.111751,0.0,0.18199,0.0,1.724948,0.130123,0.12241,0.0,0.199406,1.442248,0.0,0.0,0.292389,0.0,0.0,0.0,0.0,0.043575,0.0,1.156578,0.127274,0.0,0.0,0.23464,0.052709,0.205893,0.16495,0.0,0.0,0.0,0.0,0.0,0.0,0.236475,0.239851,0.1407,0.0,0.086078,0.234673,0.151706,0.16318,0.0,0.034086,0.0,0.059517,0.0,0.254197,0.29784,0.168443,0.0,0.182621,0.149209,0.525005,0.0,0.181241,0.015893,0.0,0.0,0.0,0.167553,0.0,0.0,0.0,0.231305,0.0,0.0,0.0,0.079253,0.0,0.0,0.216501,0.166252,0.0,0.246615,0.188717,0.0,0.22301,0.123838,0.0,0.228345,0.0,0.0,0.080137,0.100373,0.185557,0.229944,0.0,0.0,0.0,0.0,0.161043,0.233198,0.166784,0.184281,0.0,0.0,0.0,0.23249,0.0,0.0,0.18574,0.093652,0.0,0.085226,0.0,0.19288,0.043714,0.212094,0.0,0.0,0.0,0.129653,0.0,0.322936,0.076805,0.0,0.286039,0.0,0.0,0.0,0.0,0.166009,0.0,0.175557,0.187952,0.394262,0.0,0.0,0.188205,0.128157,0.094233,0.073604,0.07051,0.0,0.372227,0.0,0.0,0.244091,0.165635,0.0,0.0,0.0,0.32012,0.155555,0.0,0.0,0.098012,0.0,0.0,0.161263,0.182057,0.139366,0.0,0.0,1e-06,0.0,0.232683,0.219093,0.0,0.1267,0.106549,0.083596,0.0,0.0,0.0,0.0,0.191707,0.0,0.235988,0.0,0.494267,0.0,0.0,0.0,0.115194,0.21975,0.225264,0.251954,0.111139,0.0,0.129913,0.0,0.247193,0.0,0.236955,0.157331,0.20819,0.100441,0.0,0.074084,0.0,0.0,0.0,0.240622,0.0,0.0,0.0,0.090877,0.0,0.096302,0.0,0.256692,0.0,0.210244,0.0,0.148636,0.0,0.0,0.191679,0.0,0.0,1.342495,0.0,0.038883,0.167128,0.110831,0.194518,0.371538,0.084975,0.116937,0.314909,0.181566,0.089322,1e-06,2e-06,0.152086,0.0,0.0,0.347031,0.217747,0.047471,0.0,0.046065,0.0,1e-06,0.51799,0.0,0.522851,0.0,0.263594,0.0,0.192134,0.0,0.821978,0.0,0.0,0.0,0.0,0.22523,0.193631,0.123346,0.0,0.194694,0.155086,0.0,0.0,0.0,1e-06,0.492202,0.0,0.0,0.0,0.094344,0.0,0.292422,0.089084,0.765237,0.212325,0.060784,0.912669,0.197029,0.0,0.0,0.0,0.0,0.103467,0.044811,0.0,0.236747,0.0,0.228401,0.16026,0.229686,0.085454,0.17671,0.611076,0.157913,0.0,1e-05,0.000311,0.275129,0.209672,0.0,2.6e-05,0.0,0.139468,0.0,0.0,0.0,0.197628,0.0,0.0,0.153407,0.085482,0.247476,0.142696,0.0,0.235037,0.0,0.0,0.215798,0.078998,0.0,0.0
TCGA-77-7141,0.386197,0.0,0.0,0.0,0.0,0.215512,0.0,1e-06,0.062862,0.305293,0.252155,0.0,0.0,0.0,0.0,0.301172,0.0,0.244434,0.0,0.0,0.0,0.0,0.0,1e-06,0.0,0.0,0.218151,0.0,0.110116,0.20474,0.0,0.0,0.255636,0.906899,1e-06,0.056528,0.048252,0.0,0.0,0.0,0.0,0.067429,0.0,0.265948,0.0,0.156176,0.080525,0.0,0.0,0.059727,0.0,0.309666,0.0,0.939379,0.0,0.389436,0.214941,0.0,0.0,0.190077,1e-06,0.0,0.0,0.107296,0.036001,0.160511,4e-06,0.0,0.579646,0.0,0.0,0.0,0.089618,0.20615,0.0,0.0,5e-06,0.0,0.0,0.002469,0.0,0.799401,0.170356,0.05445,0.0,0.11686,0.056857,0.0,0.203506,0.230717,0.162563,1e-06,0.000452,0.0,0.52287,0.0,0.0,0.0,0.0,0.204914,1.7e-05,0.0,0.350385,0.307873,0.32035,0.0,0.0,0.306565,0.19851,0.045885,0.126759,2e-06,0.052482,0.0,0.128624,2e-06,0.0,0.382407,0.316755,0.071899,0.348918,0.0,0.114001,0.0,0.0,0.001263,0.058481,0.350187,0.406959,0.0,0.282851,0.274427,0.098305,0.066405,0.067207,0.0,0.0,0.0,0.148332,0.0,0.123243,0.139906,0.058985,0.189647,0.0,0.0,0.0,0.113947,0.0,0.0,0.194839,0.057934,0.286427,0.0,0.0,0.205243,0.0,0.125817,0.198084,0.0,0.350732,0.0,0.0,0.226637,0.0,0.073441,0.069701,0.075203,0.0,0.296639,0.0,0.090178,0.16179,0.0,0.0,0.0,0.0,0.118083,0.177705,0.954939,0.148243,0.0,0.0,0.218842,0.0,0.23097,0.081856,0.205586,0.0,0.0,0.0,0.247007,0.062958,0.0,0.0,0.068084,0.124364,0.337587,0.092808,0.0,0.224451,0.0,1.583668,0.10713,0.136212,0.0,0.185576,1.327664,0.0,0.0,0.352883,0.0,0.0,0.0,0.0,0.026925,0.0,1.053284,0.085806,0.0,0.0,0.285807,0.037541,0.259736,0.166087,0.0,0.0,0.0,0.0,0.0,0.0,0.285508,0.327701,0.162929,0.0,0.053887,0.274574,0.175777,0.183742,0.0,0.026714,0.0,0.046326,0.0,0.33423,0.265747,0.119871,0.0,0.194258,0.147965,0.437125,0.0,0.200006,0.007302,0.0,0.0,0.0,0.196135,0.0,0.0,0.0,0.239742,0.0,0.0,0.0,0.055882,0.0,0.0,0.250821,0.16938,1e-06,0.305995,0.217335,2e-06,0.197558,0.116604,0.0,0.269445,0.0,0.0,0.057594,0.071236,0.192966,0.279055,0.0,0.0,0.0,0.0,0.186587,0.23514,0.180327,0.1829,0.0,0.0,0.0,0.29906,0.0,0.0,0.193257,0.067017,0.0,0.065323,0.0,0.158278,0.051451,0.179468,0.0,0.0,0.0,0.127264,0.0,0.282145,0.055816,0.0,0.243905,0.0,3e-06,0.0,0.0,0.176407,0.0,0.205537,0.222163,0.305089,0.0,0.0,0.238505,0.118866,0.06117,0.05378,0.06143,0.0,0.327868,0.0,0.0,0.284691,0.18853,0.0,0.0,0.0,0.200055,0.153959,0.0,0.0,0.068298,0.0,0.0,0.176136,0.237838,0.097197,0.0,0.0,5e-06,0.0,0.250638,0.246195,0.0,0.085124,0.09143,0.067819,0.0,0.0,0.0,0.0,0.115473,0.0,0.292748,0.0,0.424218,0.0,0.0,0.0,0.109394,0.248694,0.258048,0.200873,0.075042,0.0,0.099498,1e-06,0.275819,0.0,0.230042,0.154296,0.24389,0.114262,0.0,0.055291,0.0,0.0,0.0,0.278887,0.0,0.0,0.0,0.060692,9e-06,0.072489,0.0,0.267955,0.0,0.253,0.0,0.092471,0.0,0.0,0.223988,0.0,0.0,1.257522,0.0,0.064968,0.173886,0.078183,0.222943,0.331491,0.062122,0.072456,0.282231,0.181293,0.065122,0.0,1.5e-05,0.132899,0.0,0.0,0.452365,0.237131,0.035069,0.0,0.034178,0.0,2e-06,0.417808,0.0,0.434117,0.0,0.248738,0.0,0.242408,0.0,0.724651,0.0,0.0,0.0,0.0,0.152184,0.229842,0.103018,0.0,0.239453,0.185082,0.0,0.0,0.0,0.0,0.43262,0.0,0.0,0.0,0.070046,0.0,0.252036,0.05529,0.710828,0.246895,0.099262,0.821022,0.221399,0.0,0.0,0.0,0.0,0.071615,0.032561,0.0,0.209476,0.0,0.196305,0.167773,0.258294,0.063119,0.195825,0.553275,0.221619,0.0,4e-06,0.000468,0.326651,0.245376,0.0,0.000163,0.0,0.084497,0.0,0.0,0.0,0.233275,0.0,0.0,0.208506,0.059378,0.238423,0.093357,0.0,0.278305,0.0,0.0,0.244098,0.055012,0.0,0.0
TCGA-77-8139,0.154935,0.0,0.0,0.0,0.0,0.140484,0.0,2.6e-05,0.155974,0.147711,0.123382,1e-05,2e-06,0.0,0.0,0.097648,0.0,0.259283,0.0,0.0,1e-06,0.0,0.0,1e-06,0.0,0.0,0.132554,0.0,0.17087,0.107521,0.0,0.0,0.137514,1.136195,0.0,0.127545,0.113918,2.1e-05,0.0,0.0,0.0,0.156664,0.0,0.124603,0.0,0.339423,0.055447,0.0,0.0,0.172729,0.0,0.320503,0.0,0.974415,0.0,0.548491,0.136528,0.0,0.0,0.124376,4.2e-05,1e-05,0.0,0.069928,0.063497,0.223636,1.8e-05,0.0,0.709491,0.0,0.0,0.0,0.21102,0.108286,0.0,0.0,0.0,0.0,0.0,0.01015,0.0,0.92932,0.09471,5e-06,0.0,0.096441,0.142734,0.0,0.127727,0.137428,0.126408,0.000363,0.006097,3e-06,0.670652,0.0,0.0,0.0,0.0,0.132787,2e-06,0.0,0.140138,0.124831,0.144554,0.0,0.0,0.366027,0.101789,0.0851,0.079404,0.0,0.12177,0.0,0.242807,9e-06,0.0,0.566469,0.160406,0.171941,0.48425,0.0,0.266835,0.0,0.0,0.009731,0.132183,0.404376,0.13511,6e-06,0.140165,0.132927,0.178675,0.163812,0.161073,0.0,0.0,0.0,0.102193,0.0,0.237094,0.157843,0.109182,0.305123,0.0,0.0,0.0,0.271158,0.0,0.0,0.097779,0.157536,0.440157,0.0,0.0,0.081203,0.0,0.066493,0.093179,0.0,0.511811,0.0,0.0,0.098546,0.0,0.177268,0.1942,0.124599,0.0,0.464871,0.0,0.174932,0.088982,0.0,0.0,1e-06,0.0,0.043728,0.082174,1.128255,0.118773,9e-06,3e-06,0.096841,0.0,0.102336,0.221291,0.121207,0.0,0.0,0.0,0.096122,0.155306,5.2e-05,0.0,0.167671,0.098046,0.338591,0.151927,0.0,0.12301,0.0,1.794638,0.088088,0.058537,0.0,0.221844,1.509146,0.0,0.0,0.133718,0.0,2e-06,0.0,0.0,0.088324,0.0,1.242308,0.238133,1e-06,0.0,0.133727,0.108522,0.108574,0.094179,0.0,0.0,0.0,0.0,0.0,0.0,0.165131,0.122161,0.078552,0.0,0.067122,0.145829,0.095816,0.099915,0.0,0.07639,0.0,0.111871,0.0,0.126495,0.325363,0.237122,0.0,0.113405,0.096031,0.612324,0.0,0.11684,0.039338,0.0,0.0,0.0,0.121373,0.0,0.0,0.0,0.158402,0.0,2e-06,0.0,0.147975,0.0,6e-06,0.101914,0.102766,1.4e-05,0.158031,0.104204,0.0,0.265611,0.118654,0.0,0.109491,0.0,0.0,0.148455,0.169044,0.139212,0.129203,0.0,0.0,0.0,0.0,0.093202,0.164456,0.099986,0.142988,0.0,0.0,0.0,0.144438,0.0,0.0,0.135576,0.165591,0.0,0.157535,1e-06,0.183015,0.102094,0.210706,0.0,0.0,0.0,0.093196,0.0,0.370084,0.12768,0.0,0.338482,0.0,1e-06,1e-06,0.0,0.11357,0.0,0.110685,0.126366,0.464091,0.0,0.0,0.118621,0.095848,0.158936,0.112414,0.105674,0.0,0.431158,0.0,0.0,0.128522,0.114932,0.0,0.0,0.0,0.436945,0.124001,0.0,0.0,0.156966,0.0,0.0,0.096058,0.112979,0.235174,0.0,0.0,2e-06,0.0,0.140726,0.135585,0.0,0.218407,0.17164,0.147439,0.0,0.0,0.0,0.0,0.302491,0.0,0.127914,0.0,0.545412,0.0,0.0,0.0,0.06259,0.145735,0.134383,0.287184,0.200535,0.0,0.128314,0.0,0.144425,0.0,0.247288,0.117769,0.128808,0.07488,0.0,0.134224,0.0,0.0,0.0,0.141633,0.0,0.0,0.0,0.148024,1e-06,0.186601,0.0,0.203146,0.0,0.135682,0.0,0.250321,1e-06,0.0,0.122094,0.0,9e-06,1.409336,0.0,0.049539,0.098415,0.17688,0.118164,0.433396,0.172827,0.192401,0.296451,0.134405,0.145429,0.0,7.8e-05,0.157033,0.0,0.0,0.162111,0.151275,0.088992,0.0,0.09882,0.0,6.7e-05,0.625475,0.0,0.609998,0.0,0.244052,0.0,0.114384,0.0,0.906673,1e-06,0.0,0.0,0.0,0.377919,0.106861,0.170573,0.0,0.105134,0.126581,0.0,0.0,0.0,0.0,0.521207,0.0,0.0,0.0,0.071415,0.0,0.359607,0.129533,0.79413,0.132761,0.05023,1.027777,0.109206,0.0,0.0,0.0,0.0,0.173822,0.090531,0.0,0.236852,0.0,0.26347,0.107936,0.117828,0.163322,0.105324,0.6373,0.086171,0.0,4.1e-05,0.005703,0.146751,0.10976,0.0,0.000205,0.0,0.241609,0.0,0.0,0.0,0.12804,0.0,0.0,0.133799,0.149874,0.191021,0.224277,0.0,0.174925,0.0,0.0,0.100178,0.143867,0.0,0.0
TCGA-77-8144,0.266768,0.0,0.0,0.0,0.0,0.172224,0.0,0.0,0.137931,0.216185,0.17352,3e-06,0.0,0.0,0.0,0.204186,0.0,0.269707,0.0,0.0,0.0,0.0,0.0,0.0,0.0,0.0,0.154447,0.0,0.135908,0.152457,0.0,0.0,0.19396,1.101664,0.0,0.122307,0.104198,8e-06,0.0,0.0,9e-06,0.144074,0.0,0.191349,0.0,0.271538,0.064799,0.0,0.0,0.125941,0.0,0.311208,0.0,1.024199,0.0,0.531423,0.160506,0.0,0.0,0.14829,1e-06,3e-06,0.0,0.085341,0.049642,0.227394,0.0,0.0,0.699431,0.0,0.0,0.0,0.182557,0.138269,0.0,0.0,6e-06,0.0,0.0,0.009189,0.0,0.942601,0.124612,0.020653,0.0,0.093134,0.122269,0.0,0.153804,0.180868,0.117634,0.0,0.002852,0.0,0.658001,0.0,0.0,0.0,1e-06,0.157347,1e-06,0.0,0.234873,0.210259,0.212295,0.0,0.0,0.360966,0.143248,0.097228,0.102496,3e-06,0.118086,0.0,0.237279,6e-06,0.0,0.51874,0.228225,0.149,0.462171,0.0,0.21404,0.0,0.0,0.006142,0.121581,0.408422,0.26808,0.0,0.198618,0.179077,0.157457,0.134179,0.132031,0.0,0.0,0.0,0.133152,0.0,0.217124,0.117969,0.106983,0.29191,0.0,0.0,0.0,0.212281,0.0,0.0,0.132251,0.131006,0.419634,0.0,0.0,0.140142,0.0,0.092871,0.147613,0.0,0.488139,0.0,0.0,0.15985,0.0,0.14831,0.150495,0.129007,0.0,0.40698,0.0,0.147984,0.118481,0.0,0.0,0.0,0.0,0.095326,0.128466,1.126108,0.127684,0.0,0.0,0.160789,0.0,0.165178,0.153016,0.16314,0.0,0.0,0.0,0.170512,0.139187,4e-06,0.0,0.147837,0.10564,0.354054,0.151323,0.0,0.160721,0.0,1.826207,0.094132,0.0959,0.0,0.227495,1.525489,0.0,0.0,0.248132,0.0,0.0,0.0,0.0,0.034469,0.0,1.223252,0.18075,0.0,0.0,0.198626,0.087343,0.180894,0.127653,0.0,0.0,0.0,0.0,0.0,0.0,0.204907,0.214961,0.109812,0.0,0.061439,0.194461,0.117506,0.130214,1e-06,0.066467,0.0,0.101994,0.0,0.218736,0.33211,0.180721,0.0,0.1516,0.119022,0.57406,0.0,0.148317,0.016123,0.0,0.0,0.0,0.144122,0.0,0.0,0.0,0.196358,0.0,0.0,0.0,0.100868,0.0,4e-06,0.177287,0.135338,8e-06,0.208073,0.144334,1e-06,0.262204,0.129162,0.0,0.189848,0.0,0.0,0.125828,0.144917,0.157074,0.197943,0.0,0.0,0.0,0.0,0.13371,0.189733,0.134625,0.146741,0.0,0.0,0.0,0.193025,0.0,0.0,0.146601,0.145163,0.0,0.129922,5e-06,0.173471,0.08001,0.210941,0.0,0.0,0.0,0.110284,0.0,0.327977,0.115931,0.0,0.338913,0.0,0.0,0.0,0.0,0.144796,0.0,0.141794,0.158281,0.43215,0.0,0.0,0.156647,0.100746,0.137825,0.11204,0.09802,0.0,0.42825,0.0,1e-06,0.198666,0.142802,0.0,0.0,0.0,0.361328,0.127794,0.0,0.0,0.142237,0.0,0.0,0.126365,0.16307,0.19257,0.0,0.0,1e-06,0.0,0.18866,0.190418,0.0,0.177226,0.157269,0.124195,0.0,0.0,0.0,0.0,0.242495,0.0,0.190716,0.0,0.519332,0.0,0.0,0.0,0.082922,0.179499,0.184051,0.276442,0.15713,0.0,0.101434,0.0,0.204744,0.0,0.261549,0.1275,0.171851,0.098155,0.0,0.117604,0.0,0.0,0.0,0.196959,0.0,0.0,0.0,0.124819,2e-06,0.140768,0.0,0.222762,0.0,0.184475,0.0,0.196732,0.0,0.0,0.162213,0.0,1e-06,1.420466,0.0,0.079843,0.125204,0.153644,0.150837,0.425505,0.144027,0.159617,0.300088,0.140203,0.136005,0.0,1.4e-05,0.159304,0.0,0.0,0.305735,0.179795,0.086223,0.0,0.073102,0.0,1.4e-05,0.573318,0.0,0.579545,0.0,0.245737,0.0,0.160728,0.0,0.884677,0.0,0.0,0.0,0.0,0.312674,0.161764,0.16396,0.0,0.155268,0.135828,0.0,0.0,0.0,0.0,0.496324,0.0,0.0,0.0,0.088794,0.0,0.352828,0.120657,0.825329,0.184212,0.092276,0.99705,0.167978,0.0,0.0,0.0,0.0,0.149344,0.085723,0.0,0.221699,0.0,0.260726,0.125325,0.193448,0.129619,0.147712,0.633531,0.14637,0.0,5.1e-05,0.003442,0.230659,0.173935,0.0,0.000166,0.0,0.191558,0.0,0.0,0.0,0.156617,0.0,0.0,0.153735,0.121984,0.219792,0.191232,0.0,0.207285,0.0,0.0,0.178256,0.128475,0.0,0.0
TCGA-77-A5G8,0.193624,0.0,0.0,0.0,0.0,0.153562,0.0,9e-06,0.131039,0.179191,0.154788,1e-06,0.0,0.0,0.0,0.126347,0.0,0.249784,0.0,0.0,0.0,0.0,0.0,0.0,0.0,0.0,0.147113,0.0,0.160621,0.110218,0.0,0.0,0.164428,1.072426,0.0,0.109662,0.099483,0.0,0.0,0.0,0.0,0.134566,0.0,0.15684,0.0,0.304527,0.050713,0.0,0.0,0.139229,0.0,0.326699,0.0,0.953228,0.0,0.504098,0.141621,0.0,0.0,0.133384,0.0,3e-06,0.0,0.076672,0.056535,0.197517,0.0,0.0,0.68742,0.0,0.0,0.0,0.177951,0.113532,0.0,0.0,0.0,0.0,0.0,0.007563,0.0,0.877806,0.106311,0.002169,0.0,0.098341,0.123058,0.0,0.121902,0.144709,0.131892,6.4e-05,0.000375,0.0,0.635545,0.0,0.0,0.0,5e-06,0.147265,3e-06,0.0,0.176033,0.160052,0.169704,0.0,0.0,0.346259,0.128383,0.081353,0.085169,0.0,0.10186,0.0,0.214249,1e-06,0.0,0.529369,0.179156,0.153606,0.4427,0.0,0.243386,0.0,0.0,0.001172,0.109482,0.399765,0.171508,0.0,0.16172,0.160393,0.140946,0.126693,0.135443,0.0,0.0,0.0,0.092701,0.0,0.206117,0.136719,0.091325,0.268835,0.0,0.0,0.0,0.240423,0.0,0.0,0.12425,0.145644,0.424219,0.0,0.0,0.105231,0.0,0.075653,0.115408,0.0,0.472277,0.0,0.0,0.125295,0.0,0.147783,0.160141,0.101303,0.0,0.416115,0.0,0.133336,0.095226,0.0,0.0,0.0,0.0,0.06982,0.100551,1.068997,0.122616,0.0,5e-06,0.128688,0.0,0.129719,0.191787,0.139111,1e-06,0.0,0.0,0.125937,0.135074,0.0,0.0,0.138639,0.112629,0.342259,0.126978,0.0,0.138446,0.0,1.732112,0.099803,0.071192,0.0,0.207341,1.454544,0.0,0.0,0.164966,0.0,0.0,0.0,0.0,0.082216,0.0,1.172236,0.201847,0.0,0.0,0.155644,0.082328,0.131835,0.100775,0.0,0.0,0.0,0.0,0.0,0.0,0.190592,0.154074,0.09325,0.0,0.059208,0.167806,0.105591,0.116927,0.0,0.042571,0.0,0.100931,0.0,0.157476,0.301446,0.210516,0.0,0.136577,0.108083,0.571962,0.0,0.12203,0.024004,0.0,0.0,0.0,0.144403,0.0,0.0,0.0,0.180364,0.0,0.0,0.0,0.114552,0.0,0.0,0.121119,0.100899,0.0,0.171688,0.107086,0.0,0.242692,0.105362,0.0,0.150059,0.0,0.0,0.123714,0.149638,0.129903,0.143096,0.0,0.0,0.0,0.0,0.100797,0.173094,0.115042,0.146917,0.0,0.0,0.0,0.168479,0.0,0.0,0.15166,0.135117,0.0,0.130748,0.0,0.178054,0.07927,0.203777,0.0,0.0,0.0,0.10986,0.0,0.343355,0.112012,0.0,0.314138,0.0,7e-06,0.0,0.0,0.117302,0.0,0.130928,0.144367,0.431375,0.0,0.0,0.129011,0.100661,0.125112,0.102242,0.088282,0.0,0.410606,0.0,0.0,0.1669,0.117329,0.0,0.0,0.0,0.406888,0.121005,0.0,0.0,0.134345,0.0,0.0,0.117901,0.139433,0.209385,0.0,0.0,0.0,0.0,0.162862,0.159631,0.0,0.188975,0.155711,0.131043,0.0,0.0,0.0,0.0,0.242372,0.0,0.159763,0.0,0.516991,0.0,0.0,0.0,0.066056,0.161289,0.161005,0.262088,0.165374,0.0,0.131256,0.0,0.149945,0.0,0.227406,0.12941,0.147308,0.084855,0.0,0.112803,0.0,0.0,0.0,0.16742,0.0,0.0,0.0,0.121299,4e-06,0.160371,0.0,0.207323,0.0,0.135901,0.0,0.209226,0.0,0.0,0.141773,0.0,2.4e-05,1.361346,0.0,0.039097,0.103162,0.149728,0.132343,0.40614,0.137316,0.16308,0.293466,0.143906,0.135698,0.0,3e-06,0.141835,0.0,0.0,0.208893,0.154207,0.061656,0.0,0.081958,0.0,0.0,0.579714,0.0,0.564952,0.0,0.238638,0.0,0.132223,0.0,0.863967,0.0,0.0,0.0,0.0,0.317923,0.129371,0.160295,0.0,0.130789,0.125094,0.0,0.0,0.0,0.0,0.496293,0.0,0.0,0.0,0.067155,0.0,0.33076,0.116109,0.760802,0.139478,0.050795,0.966824,0.128952,0.0,0.0,0.0,0.0,0.146578,0.058869,0.0,0.231531,0.0,0.235394,0.113526,0.155521,0.144078,0.133511,0.624169,0.103278,0.0,0.0,0.000946,0.168108,0.132717,0.0,3e-06,0.0,0.202222,0.0,0.0,0.0,0.143442,2e-06,0.0,0.136126,0.132993,0.210095,0.188646,0.0,0.189469,0.0,0.0,0.129991,0.125142,0.0,0.0
TCGA-77-A5GF,0.196653,0.0,0.0,0.0,0.0,0.146209,0.0,0.0,0.165979,0.179042,0.143407,0.0,0.0,0.0,0.0,0.140609,0.0,0.261865,0.0,0.0,0.0,0.0,0.0,0.0,0.0,0.0,0.138802,0.0,0.158307,0.124928,0.0,0.0,0.171175,1.128514,0.0,0.126843,0.122212,2e-06,0.0,0.0,0.0,0.159246,0.0,0.152528,0.0,0.321893,0.043172,0.0,0.0,0.147575,0.0,0.307648,0.0,1.002805,0.0,0.556751,0.135454,0.0,0.0,0.136115,1e-06,2e-06,0.0,0.07748,0.051741,0.226527,1e-06,0.0,0.719846,0.0,0.0,0.0,0.22133,0.111644,0.0,0.0,0.0,0.0,0.0,0.002551,0.0,0.941568,0.102638,0.003892,0.0,0.089981,0.138383,0.0,0.131231,0.159617,0.108661,2e-06,0.002161,0.0,0.682894,0.0,0.0,0.0,1e-06,0.123942,1.8e-05,0.0,0.180058,0.165833,0.154207,0.0,0.0,0.373519,0.126975,0.091423,0.089487,1e-06,0.124579,0.0,0.240879,0.0,0.0,0.554951,0.180243,0.178221,0.47138,0.0,0.252248,0.0,0.0,0.004761,0.127277,0.414762,0.180844,0.0,0.164039,0.151828,0.170004,0.143415,0.156112,0.0,0.0,0.0,0.107078,0.0,0.240584,0.139256,0.10468,0.29721,0.0,0.0,0.0,0.268675,0.0,0.0,0.110722,0.149194,0.452287,0.0,0.0,0.102329,0.0,0.072301,0.109542,0.0,0.51467,0.0,0.0,0.124284,0.0,0.167507,0.175662,0.123565,0.0,0.429886,1e-06,0.154943,0.091178,0.0,0.0,0.0,0.0,0.062123,0.105621,1.134497,0.11389,0.0,3.7e-05,0.118916,0.0,0.128645,0.186788,0.130217,0.0,0.0,0.0,0.125613,0.146002,0.0,0.0,0.162019,0.101983,0.352299,0.146982,0.0,0.12919,0.0,1.820699,0.09368,0.066981,0.0,0.23326,1.537656,0.0,0.0,0.190127,0.0,0.0,0.0,0.0,0.055972,0.0,1.237929,0.214848,0.0,0.0,0.154873,0.096831,0.126876,0.101452,0.0,0.0,0.0,0.0,0.0,0.0,0.17641,0.141171,0.078254,0.0,0.056265,0.160851,0.087418,0.103304,0.0,0.068216,0.0,0.115424,0.0,0.164034,0.342124,0.227272,0.0,0.121895,0.108253,0.60887,0.0,0.11757,0.017664,0.0,0.0,0.0,0.127841,0.0,0.0,0.0,0.17425,0.0,0.0,0.0,0.128606,0.0,2.1e-05,0.140903,0.109482,0.0,0.167659,0.110953,0.0,0.271703,0.11169,0.0,0.152583,0.0,0.0,0.141804,0.1736,0.138262,0.142047,0.0,0.0,0.0,0.0,0.092351,0.168617,0.110163,0.156532,0.0,0.0,0.0,0.15853,0.0,0.0,0.135733,0.153171,0.0,0.14323,2e-06,0.176097,0.081138,0.214946,0.0,0.0,0.0,0.098039,0.0,0.349815,0.129787,0.0,0.348094,0.0,0.0,0.0,0.0,0.113223,0.0,0.130758,0.129662,0.449639,0.0,0.0,0.114229,0.085193,0.157184,0.127584,0.101886,0.0,0.432841,0.0,0.0,0.170126,0.112627,0.0,0.0,0.0,0.43391,0.110164,0.0,0.0,0.163371,0.0,0.0,0.103562,0.128633,0.22159,0.0,0.0,0.0,0.0,0.167697,0.163965,0.0,0.202291,0.166822,0.136846,0.0,0.0,0.0,0.0,0.284423,0.0,0.157264,0.0,0.540806,0.0,0.0,0.0,0.060517,0.153072,0.154451,0.299098,0.182619,0.0,0.115435,0.0,0.162832,0.0,0.259935,0.114901,0.144759,0.069294,0.0,0.126981,0.0,0.0,0.0,0.160988,0.0,0.0,0.0,0.135825,3e-06,0.16996,0.0,0.20464,0.0,0.141716,0.0,0.224047,1e-06,0.0,0.129079,0.0,3e-06,1.425638,0.0,0.05062,0.105079,0.16903,0.130652,0.434426,0.149865,0.198582,0.299,0.128212,0.148678,0.0,6e-06,0.171096,0.0,0.0,0.21413,0.16308,0.090296,0.0,0.083749,0.0,3e-06,0.620422,0.0,0.608142,0.0,0.235186,0.0,0.128914,0.0,0.913649,0.0,0.0,0.0,0.0,0.350934,0.117549,0.168055,0.0,0.121108,0.112559,0.0,0.0,0.0,6e-06,0.517766,0.0,0.0,0.0,0.068012,0.0,0.362477,0.146984,0.814564,0.143271,0.061066,1.017252,0.134902,0.0,0.0,0.0,0.0,0.17084,0.082556,0.0,0.226213,0.0,0.267185,0.110477,0.150043,0.14954,0.121001,0.648173,0.096625,0.0,3.9e-05,0.003474,0.184017,0.132035,0.0,0.000196,0.0,0.215469,0.0,0.0,0.0,0.134647,0.0,0.0,0.125153,0.141174,0.210018,0.225519,0.0,0.187806,0.0,0.0,0.145536,0.13427,0.0,0.0
TCGA-78-7535,0.1396,0.0,0.0,0.0,0.0,0.130211,0.0,1e-06,0.197974,0.132027,0.121206,0.0,0.0,0.0,0.0,0.096292,0.0,0.274951,0.0,0.0,0.0,0.0,0.0,0.0,0.0,0.0,0.109855,0.0,0.176557,0.086342,2e-06,0.0,0.141302,1.260401,1e-06,0.165059,0.14563,0.0,0.0,0.0,0.0,0.20354,0.0,0.114621,0.0,0.383907,0.036056,0.0,0.0,0.184951,0.0,0.324775,0.0,1.097009,0.0,0.652604,0.109657,0.0,0.0,0.108801,0.0,4e-06,0.0,0.050117,0.046219,0.275778,0.0,0.0,0.793513,0.0,0.0,0.0,0.277685,0.074779,0.0,0.0,0.0,0.0,0.0,0.00569,0.0,1.057719,0.076223,0.000734,0.0,0.071805,0.185688,0.0,0.104059,0.139952,0.079887,0.0,0.00112,0.0,0.765983,0.0,0.0,0.0,0.0,0.102119,4e-06,0.0,0.134192,0.1169,0.116394,0.0,0.0,0.424127,0.090306,0.135931,0.056056,0.0,0.172562,0.0,0.297182,0.0,0.0,0.641956,0.154737,0.226708,0.550605,0.0,0.314043,0.0,0.0,0.002411,0.173533,0.45262,0.124512,0.0,0.119475,0.113602,0.212213,0.18403,0.202946,0.0,0.0,0.0,0.106212,0.0,0.295192,0.130526,0.136355,0.357464,0.0,0.0,0.0,0.323578,0.0,0.0,0.094001,0.194569,0.535934,1e-06,0.0,0.086677,0.0,0.041968,0.083808,0.0,0.600267,0.0,0.0,0.083396,0.0,0.209468,0.213819,0.166071,0.0,0.490833,0.0,0.191909,0.063031,0.0,0.0,0.0,0.0,0.055947,0.077591,1.261576,0.101024,0.0,1e-06,0.092249,0.0,0.101917,0.23235,0.104506,0.0,0.0,0.0,0.078955,0.203289,0.0,0.0,0.21754,0.078438,0.38039,0.189349,0.0,0.104247,0.0,2.004196,0.072183,0.040908,0.0,0.258866,1.694165,0.0,0.0,0.135641,0.0,0.0,0.0,0.0,0.047476,0.0,1.357021,0.279673,0.0,0.0,0.110001,0.125204,0.085195,0.068421,0.0,0.0,0.0,0.0,0.0,0.0,0.150054,0.093361,0.0549,0.0,0.045074,0.119139,0.057177,0.069266,0.0,0.082646,0.0,0.149203,0.0,0.112425,0.382819,0.268682,0.0,0.09643,0.094048,0.686929,0.0,0.091793,0.015279,0.0,0.0,0.0,0.105137,0.0,0.0,0.0,0.159236,0.0,0.0,0.0,0.144928,0.0,0.0,0.093461,0.08597,0.0,0.132471,0.062556,0.0,0.309736,0.1326,0.0,0.110805,0.0,0.0,0.182672,0.216315,0.109158,0.115005,0.0,0.0,0.0,0.0,0.072206,0.139693,0.078207,0.140583,0.0,0.0,0.0,0.120055,0.0,0.0,0.1087,0.203228,0.0,0.185059,0.0,0.187337,0.098968,0.236136,0.0,0.0,0.0,0.082804,0.0,0.380881,0.177856,0.0,0.40255,0.0,0.0,0.0,0.0,0.109839,0.0,0.096214,0.102883,0.528316,0.0,0.0,0.084349,0.07924,0.200391,0.166891,0.10793,0.0,0.493022,0.0,0.0,0.118989,0.089865,0.0,0.0,0.0,0.5135,0.095292,0.0,0.0,0.21018,0.0,0.0,0.072696,0.09252,0.289746,0.0,0.0,0.0,0.0,0.125716,0.130418,0.0,0.276538,0.212109,0.176142,0.0,0.0,0.0,0.0,0.361948,0.0,0.108552,0.0,0.589573,0.0,0.0,0.0,0.030785,0.125701,0.119446,0.330556,0.237711,0.0,0.112579,0.0,0.117277,0.0,0.286197,0.102126,0.1048,0.068864,0.0,0.165413,0.0,0.0,0.0,0.118541,0.0,0.0,0.0,0.179956,2e-06,0.200531,0.0,0.190421,0.0,0.12228,0.0,0.297946,0.0,0.0,0.101134,0.0,1e-06,1.580713,0.0,0.081123,0.077711,0.213865,0.095586,0.499043,0.203183,0.248212,0.31297,0.094184,0.195991,0.0,0.0,0.173159,0.0,0.0,0.15756,0.133354,0.112377,0.0,0.092423,0.0,2e-06,0.718851,0.0,0.699452,0.0,0.24089,0.0,0.088046,0.0,1.019833,0.0,0.0,0.0,0.0,0.45839,0.08119,0.207856,0.0,0.06658,0.088271,0.0,0.0,0.0,0.0,0.566059,0.0,0.0,0.0,0.071712,0.0,0.427028,0.17389,0.922525,0.120729,0.076102,1.141796,0.103345,0.0,0.0,0.0,0.0,0.22005,0.103896,0.0,0.247612,0.0,0.318187,0.075112,0.11369,0.189204,0.095213,0.726245,0.054106,0.0,4e-06,0.00077,0.136985,0.098887,0.0,5e-06,0.0,0.282135,0.0,0.0,0.0,0.096851,0.0,0.0,0.111878,0.190324,0.2101,0.282472,0.0,0.1561,0.0,0.0,0.109734,0.179576,0.0,0.0
TCGA-78-7542,0.258231,0.0,0.0,0.0,0.0,0.16849,0.0,0.0,0.131052,0.218556,0.180756,1e-06,0.0,0.0,0.0,0.197571,0.0,0.269541,0.0,0.0,0.0,0.0,0.0,0.0,0.0,0.0,0.159523,0.0,0.142714,0.148197,0.0,0.0,0.195838,1.096222,0.0,0.116169,0.104236,0.0,0.0,0.0,0.0,0.142648,0.0,0.193797,0.0,0.272642,0.061989,0.0,0.0,0.119317,0.0,0.314033,0.0,1.015843,0.0,0.530363,0.162573,0.0,1e-06,0.151376,1e-06,0.0,0.0,0.084512,0.050171,0.220925,0.0,0.0,0.696208,0.0,0.0,0.0,0.18741,0.132278,0.0,0.0,4e-06,0.0,0.0,0.007954,0.0,0.933231,0.122534,0.013333,0.0,0.093059,0.123589,0.0,0.153813,0.178685,0.110629,0.0,0.001535,0.0,0.656161,0.0,0.0,0.0,0.0,0.154032,1.5e-05,0.0,0.233721,0.207215,0.207425,0.0,0.0,0.365485,0.142681,0.094853,0.100922,1.2e-05,0.112021,0.0,0.231714,0.0,0.0,0.51874,0.224941,0.147853,0.45744,0.0,0.216677,0.0,0.0,0.003405,0.118654,0.411482,0.253779,0.0,0.195211,0.179613,0.147773,0.125883,0.131345,0.0,0.0,0.0,0.128947,0.0,0.211842,0.12125,0.097574,0.280123,0.0,0.0,0.0,0.221138,0.0,0.0,0.13716,0.124294,0.427857,0.0,0.0,0.140004,0.0,0.091079,0.141964,0.0,0.494539,0.0,0.0,0.153585,0.0,0.143211,0.140305,0.110889,0.0,0.399859,0.0,0.133771,0.11456,0.0,0.0,0.0,0.0,0.092591,0.129468,1.126987,0.127723,0.0,0.0,0.158826,0.0,0.161915,0.158739,0.157493,0.0,0.0,0.0,0.165114,0.129128,0.0,0.0,0.142342,0.103782,0.358592,0.141754,0.0,0.152376,0.0,1.815935,0.099914,0.091667,0.0,0.225683,1.518012,0.0,0.0,0.243383,0.0,0.0,0.0,0.0,0.040659,0.0,1.217372,0.176109,0.0,0.0,0.190365,0.075568,0.163571,0.128465,0.0,0.0,0.0,0.0,0.0,0.0,0.203214,0.201493,0.110548,0.0,0.059563,0.191823,0.112797,0.124067,0.0,0.062549,0.0,0.099403,0.0,0.211214,0.331984,0.18634,0.0,0.147835,0.116548,0.580912,0.0,0.15075,0.009374,0.0,0.0,0.0,0.151664,0.0,0.0,0.0,0.201018,0.0,0.0,0.0,0.098366,0.0,0.0,0.173906,0.136638,0.0,0.200362,0.137897,0.0,0.261454,0.126069,0.0,0.197205,0.0,0.0,0.116457,0.140527,0.148555,0.191615,0.0,0.0,0.0,0.0,0.127246,0.192824,0.135905,0.15931,0.0,0.0,0.0,0.189586,0.0,0.0,0.147619,0.142008,0.0,0.124794,1e-06,0.177422,0.077841,0.224532,0.0,0.0,0.0,0.114268,0.0,0.335195,0.113777,0.0,0.338636,0.0,0.0,0.0,0.0,0.145936,0.0,0.143455,0.156412,0.432397,0.0,0.0,0.151021,0.098739,0.128759,0.111326,0.095443,0.0,0.427327,0.0,0.0,0.199824,0.132891,0.0,0.0,0.0,0.375815,0.127351,0.0,0.0,0.138815,0.0,0.0,0.129338,0.158497,0.197809,0.0,0.0,0.0,0.0,0.197414,0.187515,0.0,0.175258,0.151994,0.120767,0.0,0.0,0.0,0.0,0.243788,0.0,0.195318,0.0,0.520231,0.0,0.0,0.0,0.073717,0.184234,0.182959,0.278693,0.149695,0.0,0.1103,0.0,0.202246,0.0,0.262202,0.129297,0.167095,0.097573,0.0,0.108428,0.0,0.0,0.0,0.191679,0.0,0.0,0.0,0.123634,0.0,0.134013,0.0,0.220026,0.0,0.179118,0.0,0.198774,0.0,0.0,0.156106,0.0,1e-06,1.418854,0.0,0.068199,0.125777,0.149257,0.15799,0.420542,0.131049,0.154455,0.303253,0.138263,0.134902,0.0,0.0,0.156382,0.0,0.0,0.298717,0.180338,0.08039,0.0,0.06875,0.0,0.0,0.57506,0.0,0.583854,0.0,0.245292,0.0,0.159032,0.0,0.883541,2e-06,0.0,0.0,0.0,0.305514,0.157344,0.159547,0.0,0.146831,0.136577,0.0,0.0,0.0,0.0,0.506383,0.0,0.0,0.0,0.084285,0.0,0.34447,0.118555,0.817506,0.175894,0.080227,0.993451,0.169994,0.0,0.0,0.0,0.0,0.148062,0.070153,0.0,0.233067,0.0,0.26,0.122209,0.185229,0.125303,0.151655,0.640685,0.131135,0.0,6e-06,0.001313,0.22726,0.17085,0.0,2.7e-05,0.0,0.186558,0.0,0.0,0.0,0.157657,0.0,0.0,0.148108,0.121174,0.222863,0.187409,0.0,0.207686,0.0,0.0,0.178181,0.120783,0.0,0.0
TCGA-78-8662,0.19143,0.0,0.0,0.0,0.0,0.135278,0.0,2e-06,0.172848,0.166501,0.136427,0.0,8e-06,0.0,0.0,0.137989,0.0,0.25857,0.0,0.0,0.0,0.0,0.0,0.0,0.0,0.0,0.126946,0.0,0.145129,0.109243,0.0,0.0,0.148769,1.134914,0.0,0.145169,0.13046,1e-06,0.0,0.0,0.0,0.166396,0.0,0.1493,0.0,0.29582,0.054714,0.0,0.0,0.160438,0.0,0.311966,0.0,1.005567,0.0,0.560256,0.125268,0.0,0.0,0.12317,2e-06,1e-06,0.0,0.067916,0.040065,0.233822,0.0,0.0,0.717096,0.0,0.0,0.0,0.223681,0.110529,0.0,0.0,0.0,0.0,0.0,0.007031,0.0,0.943638,0.100468,0.010046,0.0,0.08398,0.148318,0.0,0.117702,0.151429,0.108973,9e-06,0.00549,0.0,0.680414,0.0,0.0,0.0,1e-06,0.12191,1e-06,0.0,0.1702,0.159635,0.160618,0.0,0.0,0.35947,0.113155,0.10558,0.087304,0.0,0.137555,0.0,0.249698,0.0,0.0,0.550462,0.173769,0.176162,0.484961,0.0,0.229139,0.0,0.0,0.010114,0.137765,0.411062,0.184681,0.0,0.159273,0.142731,0.183181,0.163672,0.161199,0.0,0.0,0.0,0.106352,0.0,0.245033,0.119407,0.121428,0.311743,0.0,0.0,0.0,0.248892,0.0,0.0,0.109747,0.167752,0.44749,0.0,0.0,0.100943,0.0,0.075907,0.112345,0.0,0.524424,0.0,0.0,0.112593,0.0,0.18508,0.193702,0.142201,0.0,0.436459,0.0,0.166153,0.091296,0.0,0.0,0.0,0.0,0.069044,0.092633,1.139262,0.10476,0.0,3.6e-05,0.118813,0.0,0.122647,0.183785,0.1253,0.0,0.0,0.0,0.120165,0.168722,0.0,0.0,0.177276,0.091246,0.342678,0.169409,0.0,0.125933,0.0,1.82797,0.082211,0.070144,0.0,0.244136,1.529224,0.0,0.0,0.175725,0.0,0.0,0.0,0.0,0.049674,0.0,1.248247,0.227527,0.0,0.0,0.151315,0.108536,0.135586,0.096451,0.0,0.0,0.0,0.0,0.0,0.0,0.171539,0.156384,0.082125,0.0,0.05113,0.150306,0.090849,0.103118,0.0,0.081967,0.0,0.128634,0.0,0.158353,0.347756,0.193132,0.0,0.11469,0.096749,0.607151,0.0,0.116245,0.024682,0.0,0.0,0.0,0.122465,0.0,0.0,0.0,0.16757,0.0,0.0,0.0,0.131792,0.0,2.9e-05,0.129864,0.099988,4e-06,0.165762,0.107379,0.0,0.285138,0.114454,0.0,0.137394,0.0,0.0,0.153342,0.181315,0.128109,0.144936,0.0,0.0,0.0,0.0,0.094931,0.152519,0.103811,0.133284,0.0,0.0,0.0,0.151769,0.0,0.0,0.126269,0.170448,0.0,0.156516,2e-06,0.172335,0.104729,0.207761,0.0,0.0,0.0,0.093367,0.0,0.33095,0.137607,0.0,0.356513,0.0,0.0,0.0,0.0,0.111082,0.0,0.120003,0.126064,0.451468,0.0,0.0,0.116641,0.079789,0.160834,0.13351,0.112226,0.0,0.446372,0.0,0.0,0.154298,0.111954,0.0,0.0,0.0,0.417065,0.109947,0.0,0.0,0.175887,0.0,0.0,0.09954,0.12595,0.236922,0.0,0.0,0.0,0.0,0.146783,0.146112,0.0,0.210011,0.184975,0.151775,0.0,0.0,0.0,0.0,0.282162,0.0,0.149166,0.0,0.52781,0.0,0.0,0.0,0.063604,0.143582,0.147328,0.293382,0.191549,0.0,0.098614,0.0,0.151666,0.0,0.256071,0.104977,0.138266,0.091411,0.0,0.139711,0.0,0.0,0.0,0.150011,0.0,0.0,0.0,0.146368,0.0,0.186612,0.0,0.197644,0.0,0.135688,0.0,0.230743,4e-06,0.0,0.126884,0.0,1.4e-05,1.421514,0.0,0.070483,0.097647,0.180981,0.12236,0.448557,0.176114,0.20062,0.296104,0.120945,0.162672,0.0,9e-06,0.169879,0.0,0.0,0.215312,0.149597,0.098106,0.0,0.094914,0.0,3e-06,0.61362,0.0,0.606996,0.0,0.225465,0.0,0.127012,0.0,0.920314,0.0,0.0,0.0,0.0,0.37753,0.118771,0.182637,0.0,0.12024,0.117375,0.0,0.0,0.0,1e-06,0.496193,0.0,0.0,0.0,0.090022,0.0,0.376193,0.144012,0.815952,0.140794,0.086799,1.02609,0.122749,0.0,0.0,0.0,0.0,0.183034,0.106489,0.0,0.220016,0.0,0.276833,0.104483,0.14035,0.164388,0.115465,0.636932,0.115381,0.0,7e-06,0.008158,0.169212,0.129512,0.0,9.5e-05,0.0,0.232292,0.0,0.0,0.0,0.130804,0.0,0.0,0.148632,0.153184,0.198666,0.222801,0.0,0.176219,0.0,0.0,0.129532,0.154839,0.0,0.0
TCGA-85-6561,0.372759,0.0,0.0,0.0,0.0,0.231973,0.0,5e-06,0.080679,0.298985,0.231975,2e-06,0.0,0.0,0.0,0.293171,0.0,0.300135,0.0,0.0,0.0,0.0,0.0,0.0,0.0,0.0,0.213209,0.0,0.133303,0.229293,0.0,0.0,0.250081,0.996387,0.0,0.067737,0.055002,0.0,0.0,0.0,0.0,0.079475,0.0,0.251542,0.0,0.195211,0.094253,0.0,0.0,0.074447,0.0,0.320555,0.0,0.977592,0.0,0.438739,0.220028,0.0,0.0,0.199262,1e-06,1e-06,0.0,0.143555,0.089704,0.166731,1e-06,0.0,0.657662,0.0,0.0,0.0,0.113209,0.212051,0.0,0.0,0.0,0.0,0.0,0.028831,0.0,0.885109,0.192265,0.018364,0.0,0.135435,0.066267,0.0,0.205322,0.235352,0.163282,0.000441,0.000564,0.0,0.567309,0.0,0.0,0.0,0.0,0.221408,0.0,0.0,0.313629,0.305204,0.317802,0.0,0.0,0.365971,0.227757,0.068143,0.148906,0.0,0.066787,0.0,0.179263,2e-06,0.0,0.442928,0.300822,0.091242,0.389528,0.0,0.141136,0.0,0.0,0.001332,0.069835,0.393714,0.395456,2e-06,0.260258,0.252551,0.097505,0.065685,0.082773,0.0,0.0,0.0,0.189563,0.0,0.150764,0.118477,0.067231,0.239399,0.0,0.0,0.0,0.132072,0.0,0.0,0.16815,0.075044,0.337566,0.0,0.0,0.189546,0.0,0.145584,0.226482,0.0,0.417065,0.0,0.0,0.237052,0.0,0.087085,0.083463,0.086265,0.0,0.344244,0.0,0.089173,0.190232,0.0,0.0,0.0,0.0,0.143317,0.182139,1.05036,0.184195,2e-06,1e-05,0.233458,0.0,0.213867,0.105065,0.232443,0.0,0.0,0.0,0.264583,0.084322,0.0,0.0,0.087103,0.159082,0.354295,0.131774,0.0,0.214413,0.0,1.722824,0.139074,0.158285,0.0,0.18092,1.421289,0.0,0.0,0.362538,0.0,0.0,0.0,0.0,0.028283,0.0,1.135963,0.109464,0.0,0.0,0.283461,0.046745,0.277025,0.193402,0.0,0.0,0.0,0.0,0.0,0.0,0.268003,0.306702,0.16913,0.0,0.099995,0.272488,0.189504,0.198538,0.0,0.031177,0.0,0.056075,0.0,0.310615,0.283364,0.122228,0.0,0.213472,0.175959,0.484261,0.0,0.211792,0.014036,0.0,0.0,0.0,0.183851,0.0,0.0,0.0,0.264222,0.0,0.0,0.0,0.058576,0.0,0.0,0.263339,0.190432,0.0,0.289991,0.219718,0.0,0.205267,0.141387,0.0,0.252205,0.0,0.0,0.071907,0.086071,0.212211,0.276962,0.0,0.0,0.0,0.0,0.198794,0.253629,0.194937,0.180535,0.0,0.0,0.0,0.266217,0.0,0.0,0.195652,0.087248,0.0,0.073874,0.0,0.195771,0.045199,0.199719,0.0,0.0,1e-05,0.148793,0.0,0.285854,0.070539,0.0,0.26896,0.0,0.0,0.0,0.0,0.195317,0.0,0.191808,0.220904,0.371484,0.0,0.0,0.232419,0.147389,0.080099,0.06959,0.063308,0.0,0.359062,0.0,0.0,0.280117,0.205743,0.0,0.0,0.0,0.257168,0.183846,0.0,0.0,0.079947,0.0,0.0,0.195216,0.219004,0.116805,0.0,0.0,1e-06,0.0,0.257216,0.248082,0.0,0.115376,0.093703,0.067875,0.0,0.0,0.0,0.0,0.161085,0.0,0.26415,0.0,0.475615,0.0,0.0,0.0,0.150363,0.25319,0.269681,0.226,0.095999,0.0,0.122618,0.0,0.292597,0.0,0.223344,0.174215,0.249469,0.142504,0.0,0.064098,0.0,0.0,0.0,0.285999,0.0,0.0,0.0,0.078825,0.0,0.07113,0.0,0.273686,0.0,0.248524,0.0,0.131264,0.0,0.0,0.242092,0.0,0.0,1.319709,0.0,0.051358,0.192136,0.087439,0.209838,0.349202,0.079524,0.096486,0.333025,0.197023,0.071815,0.0,0.0,0.152856,0.0,0.0,0.427355,0.227457,0.041771,0.0,0.03118,0.0,3e-06,0.470677,0.0,0.489575,0.0,0.26242,0.0,0.222858,0.0,0.803445,0.0,0.0,0.0,0.0,0.195333,0.253013,0.115337,0.0,0.234739,0.180559,0.0,0.0,0.0,0.0,0.460535,0.0,0.0,0.0,0.134012,0.0,0.280523,0.067996,0.765545,0.252312,0.099402,0.895412,0.229629,0.0,0.0,0.0,0.0,0.086249,0.053715,0.0,0.228378,0.0,0.221787,0.185297,0.28463,0.070154,0.208165,0.591391,0.21049,0.0,1e-06,0.000489,0.32944,0.245837,0.0,1e-05,0.0,0.131103,0.0,0.0,0.0,0.223704,0.0,0.0,0.183629,0.073236,0.265638,0.112391,0.0,0.237663,0.0,0.0,0.25005,0.075277,0.0,0.0
TCGA-85-6798,0.21589,0.0,0.0,0.0,0.0,0.16246,0.0,9e-06,0.143073,0.190026,0.150499,0.000218,1e-06,0.0,0.0,0.157403,0.0,0.274396,0.0,0.0,0.0,0.0,0.0,0.0,0.0,0.0,0.149179,0.0,0.154917,0.137411,0.0,0.0,0.163935,1.083226,0.0,0.125082,0.104479,2.6e-05,0.0,1e-06,0.0,0.140174,0.0,0.159992,0.0,0.289689,0.063988,0.0,0.0,0.141081,0.0,0.309444,0.0,0.970807,0.0,0.51355,0.141959,0.0,0.0,0.147963,2.4e-05,0.0,0.0,0.089555,0.075549,0.216865,1e-06,0.0,0.690877,0.0,0.0,0.0,0.194395,0.120736,0.0,0.0,0.0,0.0,0.0,0.016233,0.0,0.911752,0.122728,0.001113,0.0,0.105375,0.122132,0.0,0.140501,0.159569,0.117568,0.000241,0.009365,0.0,0.642368,0.0,0.0,0.0,0.0,0.150342,0.0,0.0,0.186951,0.171618,0.180068,0.0,0.0,0.358174,0.138384,0.091794,0.104156,0.0,0.109916,0.0,0.237136,0.0,0.0,0.529194,0.1999,0.145393,0.451648,0.0,0.213827,0.0,0.0,0.013585,0.114454,0.397685,0.203863,3e-06,0.17843,0.14891,0.147604,0.132382,0.141283,0.0,0.0,0.0,0.126144,0.0,0.21617,0.131031,0.094621,0.290508,0.0,0.0,0.0,0.220754,0.0,0.0,0.110145,0.131111,0.417116,0.0,0.0,0.108926,0.0,0.082474,0.128895,0.0,0.494573,0.0,0.0,0.14062,0.0,0.159658,0.158757,0.11336,0.0,0.417051,0.0,0.145715,0.119194,0.0,0.0,0.0,0.0,0.072396,0.117518,1.102337,0.12891,1e-06,2e-06,0.13187,0.0,0.13235,0.172455,0.149953,0.0,0.0,0.0,0.145911,0.134054,2.6e-05,0.0,0.155811,0.107934,0.345958,0.157303,0.0,0.137903,0.0,1.77637,0.101779,0.087966,0.0,0.211729,1.479467,0.0,0.0,0.204044,0.0,0.0,0.0,0.0,0.057163,0.0,1.204364,0.194438,0.0,0.0,0.163956,0.089791,0.150657,0.112657,0.0,0.0,0.0,0.0,0.0,0.0,0.177689,0.167741,0.099045,0.0,0.076668,0.175021,0.120854,0.120325,0.0,0.076887,0.0,0.107149,0.0,0.183471,0.325234,0.197841,0.0,0.134205,0.11683,0.570774,0.0,0.131126,0.021752,0.0,0.0,0.0,0.131079,0.0,0.0,0.0,0.185592,0.0,0.0,0.0,0.113956,0.0,0.0,0.154607,0.128716,0.000459,0.175239,0.123682,0.0,0.25131,0.127333,0.0,0.151894,0.0,0.0,0.130845,0.147246,0.155012,0.158451,0.0,1e-06,0.0,0.0,0.116835,0.194328,0.129913,0.148331,0.0,0.0,0.0,0.163342,0.0,0.0,0.141736,0.148261,0.0,0.136484,0.0,0.17986,0.096392,0.209657,0.0,0.0,0.0,0.107987,0.0,0.329783,0.116353,0.0,0.326799,0.0,0.0,0.0,0.0,0.130294,0.0,0.125255,0.145104,0.432082,0.0,0.0,0.139552,0.110858,0.149175,0.106477,0.11613,0.0,0.417892,0.0,0.0,0.173474,0.132026,0.0,0.0,0.0,0.380184,0.124753,0.0,0.0,0.139832,0.0,0.0,0.124028,0.135004,0.208277,0.0,0.0,1e-06,0.0,0.171308,0.168643,0.0,0.185217,0.155846,0.126408,0.0,0.0,0.0,0.0,0.267,0.0,0.163538,0.0,0.516797,0.0,0.0,0.0,0.083927,0.173088,0.165118,0.278782,0.160655,0.0,0.121091,0.0,0.185042,0.0,0.253681,0.131003,0.155568,0.09747,0.0,0.117269,0.0,0.0,0.0,0.168824,0.0,0.0,0.0,0.141503,0.0,0.14781,0.0,0.204116,0.0,0.162131,0.0,0.206103,0.0,0.0,0.152846,0.0,0.0,1.36759,0.0,0.053319,0.121785,0.155049,0.134506,0.403949,0.150952,0.168332,0.306249,0.136683,0.127783,0.0,1.4e-05,0.16251,0.0,0.0,0.23092,0.176249,0.091567,0.0,0.082996,0.0,0.0,0.57519,0.0,0.583108,0.0,0.236567,0.0,0.140272,0.0,0.888498,0.0,0.0,0.0,0.0,0.319917,0.1466,0.157711,0.0,0.1308,0.136426,0.0,0.0,0.0,0.0,0.497087,0.0,0.0,0.0,0.098644,0.0,0.338558,0.116967,0.779445,0.15577,0.067374,0.976689,0.145545,0.0,0.0,0.0,0.0,0.156924,0.09283,0.0,0.232542,0.0,0.258112,0.127944,0.165165,0.124064,0.13446,0.61459,0.111671,0.0,4e-06,0.008642,0.193703,0.145322,0.0,0.000976,0.0,0.214688,0.0,0.0,0.0,0.137763,0.0,0.0,0.140377,0.131555,0.20875,0.18895,0.0,0.177605,0.0,0.0,0.149394,0.132004,0.0,0.0
TCGA-85-8072,0.272542,0.0,0.0,0.0,0.0,0.174921,0.0,0.0,0.10763,0.232382,0.18545,0.000185,0.0,0.0,0.0,0.211467,0.0,0.259337,0.0,0.0,3e-06,0.0,0.0,0.0,0.0,0.0,0.173891,0.0,0.135809,0.169824,0.0,1e-06,0.194449,0.980656,0.0,0.096701,0.085872,1.6e-05,0.0,2e-06,0.0,0.109914,0.0,0.195264,0.0,0.231102,0.059778,0.0,0.0,0.104198,0.0,0.301019,0.0,0.921172,0.0,0.448619,0.16628,0.0,0.0,0.163615,2.3e-05,0.0,0.0,0.101128,0.069441,0.188753,0.0,0.0,0.63814,0.0,0.0,0.0,0.153763,0.150461,0.0,0.0,1e-06,0.0,0.0,0.007979,0.0,0.834144,0.146589,0.010579,0.0,0.110998,0.097391,0.0,0.167289,0.179804,0.135185,0.000125,0.004705,0.0,0.582772,0.0,0.0,0.0,0.0,0.167923,4e-06,0.0,0.245986,0.216845,0.223298,0.0,0.0,0.326722,0.164266,0.071142,0.117335,1e-06,0.086787,0.0,0.194219,0.0,0.0,0.467395,0.241216,0.10729,0.395178,0.0,0.167966,0.0,0.0,0.006811,0.082247,0.372032,0.27859,0.0,0.220816,0.19127,0.115448,0.104306,0.110906,0.0,0.0,0.0,0.131013,0.0,0.174849,0.128498,0.071739,0.240836,0.0,0.0,0.0,0.17572,0.0,0.0,0.131825,0.09642,0.359265,0.0,0.0,0.137442,0.0,0.107044,0.146687,0.0,0.432225,0.0,0.0,0.177215,0.0,0.121737,0.118323,0.087573,0.0,0.354864,0.0,0.114531,0.134249,0.0,0.0,0.0,0.0,0.083788,0.146973,1.019513,0.13302,4e-06,3e-06,0.164199,0.0,0.167474,0.128192,0.168922,0.0,0.0,0.0,0.187735,0.097591,2.1e-05,0.0,0.11613,0.11975,0.329047,0.125488,0.0,0.159173,0.0,1.648462,0.11336,0.108175,0.0,0.19504,1.378892,0.0,0.0,0.261506,0.0,0.0,0.0,0.0,0.044809,0.0,1.112331,0.144187,0.0,0.0,0.204875,0.06625,0.186728,0.135705,0.0,0.0,0.0,0.0,0.0,0.0,0.205766,0.211902,0.127104,0.0,0.071626,0.214545,0.143168,0.14616,0.0,0.061225,0.0,0.085843,0.0,0.240969,0.29863,0.167306,0.0,0.157081,0.127595,0.512446,0.0,0.153665,0.014271,0.0,0.0,0.0,0.153928,0.0,0.0,0.0,0.200284,0.0,0.0,0.0,0.093695,0.0,0.0,0.195355,0.140487,0.000205,0.216098,0.154769,0.0,0.225812,0.121151,0.0,0.197259,0.0,0.0,0.099307,0.118536,0.167088,0.192052,0.0,6e-06,0.0,0.0,0.137575,0.213823,0.153474,0.163874,0.0,0.0,0.0,0.206792,0.0,0.0,0.157522,0.11215,0.0,0.10303,0.0,0.162429,0.078849,0.197674,0.0,8e-06,1e-06,0.113016,0.0,0.301787,0.086871,0.0,0.281129,0.0,0.0,0.0,0.0,0.14123,0.0,0.149512,0.172659,0.371066,0.0,7e-06,0.178297,0.112229,0.115625,0.086061,0.102415,3e-06,0.369229,0.0,0.0,0.216518,0.145984,0.0,0.0,0.0,0.306271,0.13036,0.0,0.0,0.112907,0.0,0.0,0.153434,0.168797,0.161295,0.0,0.0,1.5e-05,0.0,0.204614,0.194772,0.0,0.138766,0.129455,0.096424,0.0,0.0,0.000131,0.0,0.201003,0.0,0.213636,0.0,0.463392,0.0,0.0,0.0,0.091681,0.20106,0.198769,0.24851,0.120031,0.0,0.110075,0.0,0.221654,0.0,0.242306,0.136048,0.187501,0.101642,0.0,0.09021,0.0,0.0,0.0,0.210354,1e-06,0.0,0.0,0.1114,4e-06,0.120899,0.0,0.214605,0.0,0.184818,0.0,0.151948,0.0,0.0,0.178576,0.0,4e-06,1.278027,0.0,0.050877,0.142925,0.116226,0.162157,0.357681,0.108562,0.132244,0.289941,0.154681,0.101399,0.0,1.1e-05,0.156699,0.0,0.0,0.309312,0.198242,0.069146,2e-06,0.072739,0.0,9e-06,0.495482,0.0,0.513412,0.0,0.234997,0.0,0.174202,0.0,0.805864,1e-06,0.0,0.0,0.0,0.243441,0.180544,0.128895,0.0,0.174408,0.148594,0.0,0.0,0.0,0.0,0.468956,0.0,0.0,0.0,0.090841,0.0,0.289026,0.096606,0.716206,0.180458,0.065496,0.883563,0.181583,0.0,0.0,0.0,0.0,0.117107,0.069718,0.0,0.219975,0.0,0.22648,0.150802,0.199207,0.095289,0.160212,0.566742,0.146399,0.0,4e-06,0.0058,0.240862,0.177212,0.0,0.000285,0.0,0.156465,0.0,0.0,0.0,0.172554,0.0,0.0,0.153963,0.100573,0.214898,0.145693,0.0,0.205198,0.0,0.0,0.186728,0.098336,0.0,0.0
TCGA-85-8276,0.16793,0.0,0.0,0.0,0.0,0.121256,0.0,3e-06,0.182473,0.147535,0.116847,0.00018,0.0,0.0,0.0,0.12943,0.0,0.261124,0.0,0.0,7e-06,0.0,0.0,5e-06,0.0,0.0,0.109299,0.0,0.141514,0.11085,1e-06,7e-06,0.12497,1.106997,0.0,0.162292,0.138743,1e-05,0.0,2e-06,0.0,0.170103,0.0,0.127155,0.0,0.284376,0.055733,0.0,0.0,0.171707,0.0,0.282314,0.0,0.965622,0.0,0.545903,0.10834,0.0,0.0,0.113487,2.8e-05,0.0,0.0,0.068153,0.054641,0.249314,3.6e-05,0.0,0.688173,0.0,0.0,0.0,0.230525,0.095064,0.0,0.0,1e-06,0.0,0.0,0.011986,0.0,0.915918,0.105619,0.002197,0.0,0.073478,0.152463,0.0,0.105896,0.134478,0.095396,0.000134,0.009,2.1e-05,0.658189,0.0,0.0,0.0,0.0,0.113269,8e-06,0.0,0.145609,0.131553,0.14113,0.0,0.0,0.338542,0.103586,0.119077,0.093047,3e-06,0.141432,0.0,0.272164,3e-06,0.0,0.53525,0.164732,0.146888,0.469019,0.0,0.198265,0.0,0.0,0.015322,0.137781,0.39047,0.166859,0.0,0.156347,0.11129,0.172216,0.174481,0.163125,0.0,0.0,0.0,0.106544,0.0,0.252603,0.102568,0.122282,0.311217,0.0,0.0,0.0,0.229204,0.0,0.0,0.084557,0.16073,0.43423,0.0,1e-06,0.083594,0.0,0.076053,0.095317,0.0,0.529415,0.0,0.0,0.104073,0.0,0.19561,0.190001,0.141519,0.0,0.423445,0.0,0.168685,0.092675,0.0,0.0,0.0,0.0,0.057937,0.083394,1.114749,0.099524,4e-06,2e-06,0.104634,0.0,0.104067,0.172728,0.113528,0.0,0.0,0.0,0.109845,0.16221,3.9e-05,0.0,0.19148,0.079078,0.315117,0.192385,0.0,0.100788,0.0,1.77202,0.075395,0.072434,0.0,0.237639,1.470647,0.0,0.0,0.163798,0.0,0.0,0.0,0.0,0.044195,0.0,1.220866,0.225619,0.0,0.0,0.129668,0.114356,0.118741,0.091298,0.0,0.0,0.0,0.0,0.0,0.0,0.137836,0.135461,0.080682,0.0,0.050043,0.131682,0.089396,0.086817,0.0,0.109835,0.0,0.14644,0.0,0.157074,0.350181,0.191371,2e-06,0.103469,0.084811,0.591757,0.0,0.106236,0.020419,0.0,0.0,0.0,0.106862,0.0,0.0,0.0,0.15183,0.0,0.0,0.0,0.149879,0.0,0.0,0.121203,0.105249,0.000213,0.13638,0.101017,0.0,0.278639,0.119705,0.0,0.115017,0.0,0.0,0.155639,0.187613,0.126397,0.124743,0.0,3e-06,0.0,0.0,0.090128,0.152896,0.103164,0.115588,0.0,0.0,0.0,0.128902,0.0,0.0,0.108404,0.181655,0.0,0.168708,3e-06,0.154526,0.139137,0.202159,0.0,2e-06,3e-06,0.079208,0.0,0.307825,0.13826,0.0,0.350132,1.4e-05,0.0,0.0,0.0,0.097476,0.0,0.097794,0.118894,0.433611,0.0,3e-06,0.116324,0.086914,0.178694,0.1314,0.14391,1e-06,0.442102,0.0,0.0,0.13813,0.101393,0.0,0.0,0.0,0.388795,0.101091,0.0,0.0,0.175335,0.0,0.0,0.101489,0.104891,0.250476,0.0,0.0,6.7e-05,0.0,0.128975,0.130647,0.0,0.211041,0.195832,0.155405,0.0,0.0,0.001239,0.0,0.296313,0.0,0.138197,0.0,0.496345,0.0,0.0,0.0,0.059596,0.140914,0.126602,0.294701,0.182183,0.0,0.086301,0.0,0.147649,0.0,0.272547,0.096008,0.123603,0.095666,0.0,0.143905,0.0,0.0,0.0,0.127309,1e-06,0.0,0.0,0.171481,0.0,0.191473,0.0,0.164457,0.0,0.122621,0.0,0.218351,0.0,0.0,0.117436,0.0,2.3e-05,1.360111,0.0,0.08465,0.097769,0.185825,0.100486,0.430742,0.183618,0.202424,0.284032,0.10169,0.157833,0.0,4.1e-05,0.17969,0.0,0.0,0.189937,0.146587,0.118631,2e-06,0.118434,0.0,3.5e-05,0.59595,0.0,0.607837,0.0,0.214902,0.0,0.111621,0.0,0.906339,3e-06,0.0,0.0,0.0,0.376362,0.115386,0.177001,0.0,0.108832,0.118316,8.5e-05,0.0,0.0,1e-06,0.481409,0.0,0.0,0.0,0.109053,0.0,0.369041,0.142806,0.783823,0.124377,0.088674,0.991887,0.114581,0.0,0.0,0.0,0.0,0.190392,0.128242,0.0,0.211248,0.0,0.281882,0.104349,0.124801,0.153114,0.10409,0.595937,0.10408,0.0,1.9e-05,0.013916,0.150937,0.109694,0.0,0.000277,1e-06,0.24221,0.0,0.0,0.0,0.111797,0.0,0.0,0.155909,0.158711,0.179046,0.214667,0.0,0.144711,0.0,0.0,0.11523,0.161517,1e-06,0.0
TCGA-85-8350,0.184051,0.0,0.0,0.0,0.0,0.135418,0.0,1.6e-05,0.166458,0.159801,0.129223,0.0,0.0,0.0,0.0,0.132757,0.0,0.286784,0.0,0.0,0.0,0.0,0.0,0.0,0.0,0.0,0.131035,0.0,0.169863,0.115171,0.0,0.0,0.1436,1.224437,0.0,0.145921,0.129153,0.0,0.0,0.0,0.0,0.17482,0.0,0.144083,0.0,0.343311,0.061208,0.0,0.0,0.173426,0.0,0.327142,0.0,1.068976,0.0,0.603076,0.137745,0.0,0.0,0.125361,1e-06,0.0,0.0,0.078814,0.057404,0.262923,4e-06,0.0,0.776262,0.0,0.0,0.0,0.238514,0.11401,0.0,0.0,0.0,0.0,0.0,0.018137,0.0,1.024155,0.10615,0.003203,0.0,0.090372,0.166724,0.0,0.130531,0.155519,0.107719,0.000145,0.002493,0.0,0.731274,0.0,0.0,0.0,0.0,0.142127,1e-06,0.0,0.15848,0.147882,0.1638,0.0,0.0,0.402741,0.109549,0.121919,0.090146,0.0,0.15174,0.0,0.280379,2e-06,0.0,0.607387,0.180248,0.200418,0.528805,0.0,0.276906,0.0,0.0,0.005005,0.146517,0.443613,0.177235,0.0,0.143493,0.135471,0.193054,0.17047,0.185272,0.0,0.0,0.0,0.12842,0.0,0.268013,0.127124,0.127121,0.344508,0.0,0.0,0.0,0.276483,0.0,0.0,0.101568,0.171777,0.48216,0.0,0.0,0.099296,0.0,0.075386,0.113091,0.0,0.570895,0.0,0.0,0.120506,0.0,0.186693,0.198023,0.15818,0.0,0.489852,0.0,0.181092,0.105378,0.0,0.0,0.0,0.0,0.069679,0.096236,1.22867,0.114989,0.0,2e-06,0.12196,0.0,0.112683,0.221903,0.134176,0.0,0.0,0.0,0.116906,0.185885,0.0,0.0,0.196621,0.094233,0.375529,0.186184,0.0,0.125869,0.0,1.963579,0.093268,0.071306,0.0,0.249234,1.641338,0.0,0.0,0.176997,0.0,0.0,0.0,0.0,0.0602,0.0,1.342502,0.245932,0.0,0.0,0.148663,0.115265,0.1311,0.102842,0.0,0.0,0.0,0.0,0.0,0.0,0.179612,0.141845,0.088325,0.0,0.066023,0.15443,0.103502,0.106566,0.0,0.08185,0.0,0.132963,0.0,0.148029,0.36882,0.230207,0.0,0.123275,0.103447,0.652577,0.0,0.128335,0.035838,0.0,0.0,0.0,0.120514,0.0,0.0,0.0,0.179999,0.0,0.0,0.0,0.134733,0.0,0.0,0.130067,0.115807,0.0,0.168804,0.104615,0.0,0.303796,0.140773,0.0,0.126731,0.0,0.0,0.169052,0.196172,0.137827,0.151434,0.0,0.0,0.0,0.0,0.100747,0.172853,0.112653,0.131713,0.0,0.0,0.0,0.138396,0.0,0.0,0.134107,0.186333,0.0,0.172382,0.0,0.191301,0.099635,0.230317,0.0,0.0,0.0,0.101736,0.0,0.367145,0.15328,0.0,0.381816,0.0,0.0,0.0,0.0,0.125064,0.0,0.107783,0.132576,0.512175,0.0,0.0,0.122291,0.10516,0.176538,0.138763,0.112829,0.0,0.476712,0.0,0.0,0.149249,0.117114,0.0,0.0,0.0,0.465867,0.125724,0.0,0.0,0.181928,0.0,0.0,0.107346,0.118352,0.256602,0.0,0.0,3e-06,0.0,0.156885,0.141745,0.0,0.236094,0.194113,0.163621,0.0,0.0,0.0,0.0,0.323331,0.0,0.137464,0.0,0.57913,0.0,0.0,0.0,0.076731,0.15346,0.147189,0.318886,0.217487,0.0,0.11868,0.0,0.16307,0.0,0.270904,0.113573,0.140582,0.084086,0.0,0.1531,0.0,0.0,0.0,0.149211,0.0,0.0,0.0,0.161604,0.0,0.184353,0.0,0.214123,0.0,0.146625,0.0,0.276327,0.0,0.0,0.135103,0.0,2e-06,1.516348,0.0,0.07553,0.114716,0.190983,0.117127,0.472658,0.184667,0.211272,0.3226,0.127735,0.166918,0.0,3e-06,0.175716,0.0,0.0,0.201281,0.158843,0.103401,0.0,0.09098,0.0,4e-06,0.667232,0.0,0.658162,0.0,0.249398,0.0,0.127674,0.0,0.991956,0.0,0.0,0.0,0.0,0.417941,0.123171,0.189732,0.0,0.108036,0.118772,0.0,0.0,0.0,2e-06,0.554125,0.0,0.0,0.0,0.110525,0.0,0.402239,0.153903,0.886767,0.146708,0.085492,1.1041,0.126386,0.0,0.0,0.0,0.0,0.194822,0.111894,0.0,0.250439,0.0,0.290943,0.114453,0.137943,0.165917,0.115606,0.693092,0.092191,0.0,7e-06,0.001859,0.167924,0.125152,0.0,6.2e-05,0.0,0.26619,0.0,0.0,0.0,0.128331,0.0,0.0,0.138281,0.162969,0.215092,0.241069,0.0,0.169574,0.0,0.0,0.124856,0.16898,0.0,0.0
TCGA-85-8355,0.175733,0.0,0.0,0.0,0.0,0.14854,0.0,3e-06,0.169091,0.156466,0.129627,2e-06,0.0,0.0,0.0,0.124326,0.0,0.285092,0.0,0.0,0.0,0.0,0.0,5e-06,0.0,0.0,0.133061,0.0,0.177037,0.113672,1e-06,0.0,0.150081,1.220718,1e-06,0.140845,0.124753,1e-06,0.0,0.0,0.0,0.168185,0.0,0.134904,0.0,0.371123,0.056974,0.0,0.0,0.172542,0.0,0.329318,0.0,1.06725,0.0,0.602787,0.134234,0.0,0.0,0.128683,3e-06,0.0,0.0,0.073152,0.065243,0.251564,4e-05,0.0,0.773848,0.0,0.0,0.0,0.236805,0.104536,0.0,0.0,0.0,0.0,0.0,0.015898,0.0,1.025155,0.103401,0.00326,0.0,0.093671,0.15851,0.0,0.133488,0.150283,0.112057,5.7e-05,0.001443,0.0,0.729885,0.0,0.0,0.0,0.0,0.138164,1.1e-05,0.0,0.156274,0.140955,0.152939,0.0,0.0,0.412788,0.113781,0.113421,0.076274,0.0,0.143755,0.0,0.273002,4.6e-05,0.0,0.614699,0.174868,0.207407,0.523932,0.0,0.302723,0.0,0.0,0.003357,0.147947,0.442781,0.161778,1e-06,0.142759,0.134276,0.188525,0.159918,0.185547,0.0,0.0,0.0,0.125603,0.0,0.267036,0.151688,0.118707,0.337096,0.0,0.0,0.0,0.290393,0.0,0.0,0.100177,0.169231,0.489952,0.0,0.0,0.095494,0.0,0.060943,0.10966,0.0,0.559901,0.0,0.0,0.110782,0.0,0.18296,0.197683,0.149074,0.0,0.49046,0.0,0.185789,0.100651,0.0,0.0,0.0,0.0,0.063509,0.092492,1.231039,0.122067,0.0,0.0,0.110921,0.0,0.113365,0.231428,0.133847,0.0,0.0,0.0,0.110688,0.177494,0.0,0.0,0.188972,0.101365,0.376688,0.174491,0.0,0.12464,0.0,1.954558,0.091137,0.061755,0.0,0.241575,1.646462,0.0,0.0,0.166574,0.0,0.0,0.0,0.0,0.066062,0.0,1.331054,0.253453,0.0,0.0,0.142362,0.113632,0.127099,0.090888,0.0,0.0,0.0,0.0,0.0,0.0,0.174154,0.130025,0.078301,0.0,0.068572,0.151169,0.09315,0.099663,0.0,0.069365,0.0,0.122587,0.0,0.139732,0.358102,0.260481,0.0,0.122073,0.107576,0.651992,0.0,0.121445,0.034123,0.0,0.0,0.0,0.118144,0.0,0.0,0.0,0.17565,0.0,0.0,0.0,0.133577,0.0,0.0,0.120795,0.114439,2e-06,0.163711,0.097481,0.0,0.287775,0.141704,0.0,0.121607,0.0,0.0,0.164639,0.191093,0.138148,0.144426,0.0,0.0,0.0,0.0,0.095561,0.172733,0.102552,0.143409,0.0,0.0,0.0,0.141522,0.0,0.0,0.131262,0.181868,0.0,0.165276,0.0,0.193158,0.088013,0.232214,0.0,0.0,0.0,0.09499,0.0,0.379395,0.154396,0.0,0.37455,0.0,9e-06,0.0,0.0,0.129043,0.0,0.107949,0.125551,0.514855,0.0,0.0,0.114845,0.100657,0.173865,0.139803,0.094912,0.0,0.469391,0.0,0.0,0.138655,0.118131,0.0,0.0,0.0,0.475344,0.122328,0.0,0.0,0.174487,0.0,0.0,0.099732,0.116907,0.252022,0.0,0.0,1.5e-05,0.0,0.150752,0.148837,0.0,0.244967,0.183583,0.157807,0.0,0.0,0.0,0.0,0.334607,0.0,0.129177,0.0,0.585784,0.0,0.0,0.0,0.065311,0.151728,0.144316,0.311793,0.218787,0.0,0.129955,0.0,0.155428,0.0,0.268586,0.121785,0.134103,0.068418,0.0,0.142814,0.0,0.0,0.0,0.147391,0.0,0.0,0.0,0.160527,1e-06,0.177657,0.0,0.208828,0.0,0.148249,0.0,0.282666,0.0,0.0,0.12999,0.0,1e-06,1.528813,0.0,0.06468,0.10691,0.190985,0.112087,0.465711,0.182838,0.216701,0.316783,0.123683,0.161307,0.0,2e-05,0.169978,0.0,0.0,0.187134,0.158629,0.099818,0.0,0.08272,0.0,2.9e-05,0.672033,0.0,0.664216,0.0,0.253022,0.0,0.11711,0.0,0.980807,0.0,0.0,0.0,0.0,0.415753,0.116154,0.187045,0.0,0.100689,0.112205,0.0,0.0,0.0,0.0,0.561424,0.0,0.0,0.0,0.083771,0.0,0.401696,0.14624,0.893425,0.143036,0.069002,1.109095,0.120615,0.0,0.0,0.0,0.0,0.188784,0.098651,0.0,0.249871,0.0,0.291104,0.109482,0.138111,0.168309,0.113695,0.702319,0.075656,0.0,7.1e-05,0.001452,0.168118,0.122108,0.0,0.000303,0.0,0.263827,0.0,0.0,0.0,0.117789,0.0,0.0,0.121178,0.163451,0.213197,0.248736,0.0,0.169348,0.0,0.0,0.12099,0.160647,0.0,0.0
TCGA-85-8580,0.357856,0.0,0.0,0.0,0.0,0.238093,0.0,5e-06,0.063769,0.297131,0.23062,5e-06,0.0,0.0,0.0,0.275038,0.0,0.291816,0.0,0.0,0.0,0.0,0.0,0.0,0.0,0.0,0.226171,0.0,0.146462,0.225734,0.0,0.0,0.251478,0.955281,0.0,0.055693,0.045219,1e-06,0.0,0.0,0.0,0.067668,0.0,0.247336,0.0,0.206456,0.094491,0.0,0.0,0.070833,0.0,0.332547,0.0,0.935553,0.0,0.411712,0.221451,0.0,0.0,0.207314,2e-06,0.0,0.0,0.145692,0.106054,0.142993,6e-06,0.0,0.643185,0.0,0.0,0.0,0.10487,0.203111,0.0,0.0,1e-06,0.0,0.0,0.028707,0.0,0.835841,0.188493,0.009257,0.0,0.150806,0.060239,0.0,0.211157,0.223852,0.172603,0.001614,0.000632,0.0,0.547102,0.0,0.0,0.0,0.0,0.229844,0.0,0.0,0.303894,0.287642,0.307931,0.0,0.0,0.356642,0.232962,0.04834,0.150753,0.0,0.052575,0.0,0.157444,0.0,0.0,0.435422,0.29157,0.087105,0.368408,0.0,0.152826,0.0,0.0,0.001167,0.059672,0.379495,0.362985,1e-06,0.25349,0.249626,0.081421,0.059927,0.080171,0.0,0.0,0.0,0.181579,0.0,0.129348,0.138174,0.045613,0.218637,0.0,0.0,0.0,0.137144,0.0,0.0,0.171354,0.068853,0.329594,0.0,0.0,0.178419,0.0,0.1435,0.219171,0.0,0.393842,0.0,0.0,0.23647,0.0,0.074975,0.076165,0.061787,0.0,0.342507,0.0,0.077942,0.190875,0.0,0.0,1e-06,0.0,0.129515,0.186177,1.003467,0.191194,0.0,2e-06,0.222823,0.0,0.206886,0.117225,0.238069,0.0,0.0,0.0,0.258138,0.069362,2e-06,0.0,0.076922,0.16772,0.351471,0.105798,0.0,0.213716,0.0,1.653054,0.148822,0.154706,0.0,0.161,1.370592,0.0,0.0,0.342311,0.0,0.0,0.0,0.0,0.045481,0.0,1.093806,0.106525,0.0,0.0,0.2734,0.039496,0.259488,0.191554,0.0,0.0,0.0,0.0,0.0,0.0,0.269875,0.287748,0.167856,0.0,0.107517,0.275175,0.19609,0.204359,0.0,0.02559,0.0,0.045878,0.0,0.293894,0.261084,0.133764,0.0,0.216051,0.181189,0.470378,0.0,0.210413,0.018123,0.0,0.0,0.0,0.187318,0.0,0.0,0.0,0.259499,0.0,0.0,0.0,0.061847,0.0,0.0,0.253846,0.190292,5e-06,0.280346,0.216417,0.0,0.185349,0.133068,0.0,0.248749,0.0,0.0,0.063984,0.074368,0.213713,0.260814,0.0,1e-06,0.0,0.0,0.197884,0.262867,0.195515,0.188915,0.0,0.0,0.0,0.260338,0.0,0.0,0.206738,0.077993,0.0,0.065614,0.0,0.198858,0.036995,0.197555,0.0,0.0,0.0,0.152463,0.0,0.299988,0.060481,0.0,0.242792,0.0,0.0,1e-06,0.0,0.194507,0.0,0.194219,0.219414,0.368296,0.0,0.0,0.230918,0.161607,0.071306,0.050231,0.055143,0.0,0.337705,0.0,0.0,0.27794,0.204258,0.0,0.0,0.0,0.265329,0.186678,0.0,0.0,0.070125,0.0,0.0,0.198186,0.21105,0.10957,0.0,0.0,0.0,0.0,0.257981,0.247194,0.0,0.10706,0.080689,0.06138,0.0,0.0,0.0,0.0,0.156406,0.0,0.257655,0.0,0.471417,0.0,0.0,0.0,0.150389,0.257753,0.26481,0.214913,0.089254,0.0,0.144596,0.0,0.286524,0.0,0.208474,0.185897,0.242516,0.134046,0.0,0.054754,0.0,0.0,0.0,0.285354,0.0,0.0,0.0,0.072953,3e-06,0.068091,0.0,0.276205,0.0,0.244633,0.0,0.132607,0.0,0.0,0.242434,0.0,0.0,1.275475,0.0,0.027012,0.192911,0.082304,0.212913,0.317258,0.072169,0.08723,0.33094,0.213207,0.06445,0.0,1e-06,0.140863,1e-06,0.0,0.39428,0.232469,0.037231,0.0,0.030628,0.0,1.4e-05,0.454472,0.0,0.473834,0.0,0.264918,0.0,0.221295,0.0,0.773758,0.0,0.0,0.0,0.0,0.179583,0.247868,0.10667,0.0,0.232865,0.183488,0.0,0.0,0.0,2e-06,0.465188,0.0,0.0,0.0,0.124022,0.0,0.25155,0.060862,0.718532,0.244128,0.070098,0.859338,0.226183,0.0,0.0,0.0,0.0,0.078713,0.039165,0.0,0.24062,0.0,0.203939,0.189092,0.273736,0.064535,0.210231,0.578185,0.197301,0.0,2.4e-05,0.000536,0.316283,0.238773,0.0,0.000174,0.0,0.128039,0.0,0.0,0.0,0.221558,0.0,0.0,0.17055,0.068207,0.26793,0.102616,0.0,0.236752,0.0,0.0,0.239425,0.066623,0.0,0.0
TCGA-85-8664,0.206827,0.0,0.0,0.0,0.0,0.14403,0.0,0.0,0.164074,0.17608,0.14396,0.0,0.0,0.0,0.0,0.156772,0.0,0.260671,0.0,0.0,0.0,0.0,0.0,0.0,0.0,0.0,0.130681,0.0,0.161362,0.132771,0.0,0.0,0.161927,1.138631,0.0,0.137444,0.129597,0.0,0.0,0.0,0.0,0.168403,0.0,0.155154,0.0,0.312047,0.046466,0.0,0.0,0.154721,0.0,0.310842,0.0,1.014471,0.0,0.565202,0.134788,0.0,0.0,0.129431,1e-06,1e-06,0.0,0.076899,0.057833,0.235218,1e-06,0.0,0.732662,0.0,0.0,0.0,0.235594,0.114679,0.0,0.0,0.0,0.0,0.0,0.001553,0.0,0.951117,0.100486,0.002444,0.0,0.09035,0.149083,0.0,0.134021,0.150473,0.09729,4e-06,0.00267,0.0,0.692971,0.0,0.0,0.0,0.0,0.1279,8e-06,0.0,0.191921,0.164337,0.157955,0.0,0.0,0.380871,0.130688,0.101679,0.090718,0.0,0.144122,0.0,0.26187,0.0,0.0,0.567915,0.176378,0.182108,0.483374,0.0,0.236039,0.0,0.0,0.006309,0.130132,0.415365,0.197071,0.0,0.159331,0.152163,0.177919,0.160493,0.168161,0.0,0.0,0.0,0.116816,0.0,0.254234,0.117359,0.106292,0.314709,0.0,0.0,0.0,0.26249,0.0,0.0,0.104798,0.158625,0.466475,0.0,0.0,0.105107,0.0,0.079735,0.109746,0.0,0.531432,0.0,0.0,0.139166,0.0,0.170144,0.177263,0.136759,0.0,0.443509,0.0,0.153105,0.096634,0.0,0.0,0.0,0.0,0.066453,0.110545,1.150008,0.10834,0.0,0.0,0.122004,0.0,0.127327,0.18494,0.136813,0.0,0.0,0.0,0.138642,0.156041,0.0,0.0,0.17662,0.093664,0.350882,0.175108,0.0,0.122447,0.0,1.837361,0.095657,0.080859,0.0,0.234953,1.53798,0.0,0.0,0.194692,0.0,0.0,0.0,0.0,0.044065,0.0,1.256553,0.21719,0.0,0.0,0.153221,0.100257,0.127256,0.10902,0.0,0.0,0.0,0.0,0.0,0.0,0.162142,0.147836,0.092112,0.0,0.065034,0.15696,0.092904,0.102482,0.0,0.087722,0.0,0.1277,0.0,0.168693,0.352446,0.21259,0.0,0.121981,0.103476,0.617196,0.0,0.11994,0.024525,0.0,0.0,0.0,0.11547,0.0,0.0,0.0,0.17197,0.0,0.0,0.0,0.130217,0.0,0.0,0.145437,0.112718,0.0,0.160234,0.119124,0.0,0.288409,0.125195,0.0,0.156904,0.0,0.0,0.153877,0.175796,0.129963,0.139489,0.0,1e-06,0.0,0.0,0.106776,0.166966,0.112081,0.139784,0.0,0.0,0.0,0.157305,0.0,0.0,0.129712,0.164299,0.0,0.15622,0.0,0.171657,0.094732,0.218708,0.0,0.0,0.0,0.094865,0.0,0.336465,0.137379,0.0,0.354656,0.0,0.0,0.0,0.0,0.116239,0.0,0.120344,0.130519,0.46837,0.0,0.0,0.126056,0.089488,0.165784,0.126985,0.11706,0.0,0.450556,0.0,0.0,0.175628,0.108367,0.0,0.0,0.0,0.434949,0.103993,0.0,0.0,0.177117,0.0,0.0,0.11196,0.122035,0.235149,0.0,0.0,0.0,0.0,0.161363,0.156411,0.0,0.208693,0.181458,0.141668,0.0,0.0,0.0,0.0,0.289857,0.0,0.162985,0.0,0.532077,0.0,0.0,0.0,0.064886,0.154455,0.147914,0.314205,0.186008,0.0,0.102619,2e-06,0.165534,0.0,0.275209,0.113001,0.143576,0.087661,0.0,0.142468,0.0,0.0,0.0,0.160889,0.0,0.0,0.0,0.150235,0.0,0.176865,0.0,0.206326,0.0,0.142704,0.0,0.237227,0.0,0.0,0.128988,0.0,0.0,1.426398,0.0,0.06982,0.110166,0.174754,0.127256,0.4409,0.169114,0.204283,0.307048,0.125828,0.163577,0.0,9e-06,0.173991,0.0,0.0,0.224038,0.165997,0.102208,0.0,0.098566,0.0,1e-06,0.617514,0.0,0.619546,0.0,0.235301,0.0,0.135105,0.0,0.928942,0.0,0.0,0.0,0.0,0.372245,0.12878,0.175813,0.0,0.129998,0.11044,0.0,0.0,0.0,0.0,0.51887,0.0,0.0,0.0,0.100909,0.0,0.364716,0.150784,0.814152,0.143546,0.072301,1.026401,0.140086,0.0,0.0,0.0,0.0,0.181632,0.103968,0.0,0.236793,0.0,0.274032,0.118073,0.154377,0.154738,0.117103,0.646346,0.110355,0.0,4.6e-05,0.00261,0.182915,0.135964,0.0,6.1e-05,0.0,0.235545,0.0,0.0,0.0,0.137385,0.0,0.0,0.132424,0.154165,0.2109,0.226361,0.0,0.175465,0.0,0.0,0.141762,0.157293,0.0,0.0
TCGA-85-A4CL,0.379151,0.0,0.0,0.0,0.0,0.22863,0.0,3e-06,0.067215,0.312594,0.241393,5e-06,1e-06,0.0,0.0,0.297088,0.0,0.278503,0.0,0.0,0.0,0.0,0.0,0.0,0.0,0.0,0.22165,0.0,0.130372,0.234127,0.0,0.0,0.256152,0.91803,0.0,0.053131,0.049936,5.9e-05,0.0,0.0,0.0,0.064214,0.0,0.267473,0.0,0.17856,0.082686,0.0,0.0,0.060225,0.0,0.306718,0.0,0.91158,0.0,0.391425,0.218766,0.0,0.0,0.210431,3.2e-05,0.0,0.0,0.146663,0.08428,0.143793,7.1e-05,0.0,0.61782,0.0,0.0,0.0,0.093494,0.215644,0.0,0.0,1e-06,0.0,0.0,0.012331,0.0,0.806098,0.189279,0.019839,0.0,0.141788,0.053376,0.0,0.215401,0.234182,0.16787,2.9e-05,0.000395,0.0,0.520733,0.0,0.0,0.0,5e-06,0.216182,1.3e-05,0.0,0.328911,0.308642,0.309703,0.0,0.0,0.33386,0.232493,0.040047,0.152445,0.0,0.049415,0.0,0.140392,0.0,0.0,0.398795,0.302282,0.080795,0.336342,0.0,0.119665,0.0,0.0,0.001306,0.048549,0.368251,0.394593,2e-06,0.276946,0.260251,0.076748,0.055445,0.072804,0.0,0.0,0.0,0.172026,0.0,0.123463,0.135668,0.044433,0.201614,0.0,0.0,0.0,0.11935,0.0,0.0,0.177047,0.060577,0.301009,0.0,0.0,0.186919,0.0,0.152436,0.211928,0.0,0.375303,0.0,0.0,0.244449,0.0,0.069997,0.071909,0.0589,0.0,0.309461,0.0,0.072345,0.185436,0.0,0.0,0.0,0.0,0.126089,0.189835,0.975268,0.180827,1e-06,9e-06,0.220952,0.0,0.219446,0.089833,0.227972,0.0,0.0,0.0,0.268809,0.057781,1.5e-05,0.0,0.065943,0.159389,0.333665,0.095486,0.0,0.221509,0.0,1.599106,0.141175,0.156353,0.0,0.173302,1.326766,0.0,0.0,0.371115,0.0,0.0,0.0,0.0,0.034869,0.0,1.055153,0.087292,0.0,0.0,0.289578,0.038205,0.268851,0.193222,0.0,0.0,0.0,0.0,0.0,0.0,0.268497,0.303906,0.166879,0.0,0.095816,0.285769,0.186481,0.204791,0.0,0.02778,0.0,0.045927,0.0,0.326189,0.262827,0.122843,0.0,0.205878,0.169962,0.45276,0.0,0.207743,0.015633,0.0,0.0,0.0,0.19006,0.0,0.0,0.0,0.252968,0.0,0.0,0.0,0.057798,0.0,0.0,0.272191,0.18659,1e-06,0.29372,0.226468,0.0,0.18904,0.121786,0.0,0.273321,0.0,0.0,0.057293,0.068626,0.216448,0.262097,0.0,0.0,0.0,0.0,0.188953,0.262971,0.199385,0.199343,0.0,0.0,0.0,0.27699,0.0,0.0,0.199045,0.064074,0.0,0.060655,0.0,0.179326,0.03614,0.189521,0.0,0.0,0.0,0.153366,0.0,0.280139,0.052757,0.0,0.234335,0.0,0.0,0.0,0.0,0.181169,0.0,0.206071,0.220196,0.333968,0.0,0.0,0.22996,0.134173,0.064571,0.055664,0.061271,0.0,0.323725,0.0,0.0,0.299912,0.196499,0.0,0.0,0.0,0.230087,0.173206,0.0,0.0,0.066072,0.0,0.0,0.197867,0.223174,0.097381,0.0,0.0,5e-06,0.0,0.268025,0.253743,0.0,0.084416,0.077284,0.053892,0.0,0.0,0.0,0.0,0.131145,0.0,0.2827,0.0,0.448076,0.0,0.0,0.0,0.14614,0.255197,0.271081,0.21744,0.073849,0.0,0.127508,0.0,0.292729,0.0,0.213547,0.169614,0.257016,0.124731,0.0,0.050433,0.0,0.0,0.0,0.289714,0.0,0.0,0.0,0.06124,2e-06,0.067481,0.0,0.270091,0.0,0.236385,0.0,0.104121,0.0,0.0,0.241251,0.0,1e-06,1.225301,0.0,0.029946,0.188187,0.070455,0.222354,0.312326,0.058916,0.081673,0.31444,0.2086,0.058649,0.0,2.8e-05,0.150783,0.0,0.0,0.426732,0.238018,0.036219,0.0,0.031062,0.0,1e-06,0.422895,0.0,0.439707,0.0,0.254184,0.0,0.238082,0.0,0.740829,0.0,0.0,0.0,0.0,0.154662,0.246297,0.090369,0.0,0.251001,0.179507,0.0,0.0,0.0,1.2e-05,0.444914,0.0,0.0,0.0,0.10888,0.0,0.241647,0.062758,0.686915,0.245831,0.076871,0.823043,0.237627,0.0,0.0,0.0,0.0,0.072139,0.036782,0.0,0.217628,0.0,0.188004,0.199552,0.280289,0.061154,0.209024,0.544231,0.216478,0.0,1e-06,0.000882,0.334803,0.247364,0.0,0.000417,0.0,0.103003,0.0,0.0,0.0,0.233882,0.0,0.0,0.172603,0.058199,0.255498,0.091841,0.0,0.25607,0.0,0.0,0.255893,0.056781,2e-06,0.0
TCGA-85-A4PA,0.368876,0.0,0.0,0.0,0.0,0.214815,0.0,1e-06,0.066653,0.298008,0.239479,3.6e-05,1e-06,0.0,0.0,0.293482,0.0,0.243538,0.0,0.0,0.0,0.0,0.0,0.0,0.0,0.0,0.205464,0.0,0.11382,0.207258,0.0,0.0,0.244347,0.878453,0.0,0.059312,0.053079,0.000231,0.0,0.0,0.0,0.067319,0.0,0.261657,0.0,0.163999,0.076279,0.0,0.0,0.061139,0.0,0.295119,0.0,0.895649,0.0,0.3746,0.205115,0.0,0.0,0.194196,5.5e-05,0.0,0.0,0.118804,0.054364,0.150765,3.1e-05,0.0,0.580433,0.0,0.0,0.0,0.091643,0.197539,0.0,0.0,0.0,0.0,0.0,0.00417,0.0,0.765566,0.175451,0.04536,0.0,0.123955,0.05369,0.0,0.196692,0.216297,0.164555,1.4e-05,0.001332,0.0,0.506729,0.0,0.0,0.0,1e-06,0.199441,4e-06,0.0,0.337512,0.288022,0.29397,0.0,0.0,0.305403,0.20343,0.03979,0.132335,0.0,0.050906,1e-06,0.135979,0.0,0.0,0.383679,0.294622,0.076502,0.325632,0.0,0.115807,0.0,0.0,0.002397,0.047746,0.337827,0.388824,1e-06,0.278437,0.255309,0.084011,0.060463,0.069445,0.0,0.0,0.0,0.155726,0.0,0.122539,0.13962,0.042432,0.188579,0.0,0.0,0.0,0.118915,0.0,0.0,0.170515,0.060214,0.289635,0.0,0.0,0.190069,0.0,0.133327,0.187486,0.0,0.350852,0.0,1e-06,0.232652,0.0,0.067599,0.070397,0.064135,1e-06,0.287178,0.0,0.072299,0.16092,0.0,0.0,0.0,0.0,0.112971,0.180608,0.935999,0.150523,9e-06,3e-06,0.206016,0.0,0.214929,0.084246,0.21092,0.0,0.0,0.0,0.242755,0.056481,4.6e-05,6e-06,0.065687,0.134113,0.322355,0.088667,0.0,0.202897,0.0,1.539834,0.117203,0.136859,0.0,0.179378,1.281417,0.0,0.0,0.350098,0.0,0.0,0.0,0.0,0.029863,0.0,1.013352,0.086761,0.0,0.0,0.272086,0.038153,0.251132,0.163308,0.0,0.0,0.0,0.0,0.0,0.0,0.263019,0.295705,0.163407,0.0,0.073872,0.26947,0.168458,0.181295,0.0,0.032759,0.0,0.050717,0.0,0.321976,0.258504,0.133933,0.0,0.192779,0.144725,0.432031,0.0,0.188775,0.014011,0.0,0.0,0.0,0.181539,0.0,0.0,0.0,0.229596,0.0,0.0,0.0,0.059194,0.0,1e-06,0.257383,0.169378,1e-06,0.279165,0.201772,1e-06,0.191443,0.11606,0.0,0.255943,0.0,0.0,0.057866,0.070545,0.198817,0.244333,0.0,2e-06,0.0,0.0,0.173853,0.248113,0.182805,0.188929,0.0,0.0,0.0,0.271121,0.0,0.0,0.190839,0.065506,0.0,0.066148,2e-06,0.153018,0.043057,0.180142,0.0,0.0,0.0,0.131496,0.0,0.273555,0.052373,0.0,0.224738,0.0,0.0,0.0,0.0,0.16425,2e-06,0.190397,0.213987,0.311247,0.0,0.0,0.228894,0.117731,0.067098,0.053657,0.075647,0.0,0.322226,1e-06,0.0,0.289342,0.178076,0.0,0.0,0.0,0.208745,0.147084,0.0,0.0,0.067764,0.0,0.0,0.179805,0.219943,0.098664,0.0,0.0,3e-06,0.0,0.246446,0.246145,0.0,0.082044,0.08906,0.058593,0.0,0.0,0.0,0.0,0.123641,0.0,0.285347,0.0,0.409564,0.0,0.0,0.0,0.103418,0.243634,0.242617,0.210838,0.071859,0.0,0.108903,6e-06,0.270207,0.0,0.231197,0.156788,0.246127,0.113214,0.0,0.052403,0.0,0.0,0.0,0.268537,0.0,0.0,0.0,0.064175,0.0,0.073378,0.0,0.250814,0.0,0.23612,0.0,0.097506,0.0,0.0,0.225339,0.0,2e-06,1.196822,0.0,0.04455,0.174408,0.072038,0.195386,0.313904,0.061353,0.082104,0.283907,0.180804,0.065784,0.0,1.1e-05,0.137276,0.0,0.0,0.425764,0.234807,0.043065,0.0,0.040099,0.0,0.0,0.401289,0.0,0.428951,0.0,0.24117,0.0,0.235866,0.0,0.714312,0.0,0.0,0.0,0.0,0.149966,0.226851,0.091901,0.0,0.234048,0.177425,0.0,0.0,0.0,9e-06,0.427105,0.0,0.0,0.0,0.084584,0.0,0.232378,0.060458,0.666687,0.238016,0.087175,0.78858,0.228928,0.0,0.0,0.0,0.0,0.072401,0.037301,0.0,0.204068,0.0,0.185482,0.188118,0.258886,0.063371,0.196121,0.519745,0.209297,0.0,8e-06,0.002177,0.315219,0.233624,0.0,0.001052,1e-06,0.097389,0.0,4e-06,0.0,0.222325,0.0,0.0,0.173848,0.062244,0.226806,0.092835,0.0,0.25695,0.0,0.0,0.241312,0.057977,5e-06,0.0
TCGA-85-A4QQ,0.229806,0.0,0.0,0.0,0.0,0.168969,0.0,0.0,0.13898,0.206228,0.160288,0.000117,3e-06,0.0,0.0,0.171916,0.0,0.268126,0.0,0.0,0.0,0.0,0.0,0.0,0.0,0.0,0.157791,0.0,0.166662,0.155155,0.0,0.0,0.18446,1.065208,0.0,0.105692,0.103515,0.000485,0.0,0.0,0.0,0.127919,0.0,0.172971,0.0,0.309789,0.052001,0.0,0.0,0.125737,0.0,0.305218,0.0,0.961131,0.0,0.506573,0.14805,0.0,0.0,0.160328,0.000183,0.0,0.0,0.104912,0.077443,0.203881,5.8e-05,1e-06,0.699985,0.0,0.0,0.0,0.187346,0.132377,0.0,0.0,0.0,0.0,0.0,0.003523,0.0,0.89176,0.134431,0.001747,0.0,0.114575,0.104735,0.0,0.15199,0.168663,0.13185,3e-06,0.001852,0.0,0.638805,0.0,0.0,0.0,0.0,0.149716,1.5e-05,0.0,0.207276,0.191103,0.181333,0.0,0.0,0.37219,0.160947,0.073768,0.108334,0.0,0.097558,1.9e-05,0.217313,1e-06,0.0,0.526885,0.205868,0.157041,0.424718,0.0,0.230715,0.0,0.0,0.003944,0.093982,0.403484,0.218215,2e-06,0.191124,0.167252,0.133272,0.113565,0.142335,0.0,0.0,0.0,0.134232,0.0,0.215001,0.153976,0.074211,0.276502,0.0,0.0,0.0,0.23791,0.0,0.0,0.11457,0.120519,0.417713,0.0,0.0,0.114951,0.0,0.092667,0.132044,0.0,0.481738,0.0,3e-06,0.156048,0.0,0.133771,0.148707,0.09599,2e-06,0.413269,0.0,0.127389,0.120408,0.0,0.0,0.0,0.0,0.067934,0.129421,1.08625,0.141054,4.1e-05,3e-06,0.134447,0.0,0.140135,0.175037,0.161711,0.0,0.0,0.0,0.159284,0.110591,0.000157,0.0,0.129136,0.122327,0.34617,0.134038,0.0,0.137804,0.0,1.749658,0.117026,0.089794,0.0,0.210279,1.470108,0.0,0.0,0.224858,0.0,0.0,0.0,0.0,0.062848,0.0,1.187757,0.181279,0.0,0.0,0.179966,0.082052,0.152543,0.123545,0.0,0.0,0.0,0.0,0.0,0.0,0.191244,0.161605,0.101763,0.0,0.078553,0.19009,0.113244,0.130118,0.0,0.058561,0.0,0.096665,0.0,0.19693,0.318386,0.224437,0.0,0.143163,0.124918,0.568991,0.0,0.13756,0.031077,0.0,0.0,0.0,0.136345,0.0,0.0,0.0,0.189224,0.0,0.0,0.0,0.114912,0.0,0.0,0.171506,0.136117,1.5e-05,0.188198,0.139466,0.0,0.244103,0.120804,0.0,0.172871,0.0,0.0,0.117707,0.141733,0.161129,0.154341,0.0,0.0,0.0,0.0,0.110858,0.206582,0.135915,0.168899,0.0,0.0,0.0,0.18093,0.0,0.0,0.152677,0.124287,0.0,0.11748,6e-06,0.180755,0.064711,0.21511,0.0,0.0,0.0,0.111439,0.0,0.338254,0.106011,0.0,0.306147,0.0,0.0,0.0,0.0,0.126885,9e-06,0.142549,0.149909,0.433459,0.0,0.0,0.140722,0.104903,0.132748,0.099634,0.093087,0.0,0.395944,0.0,3e-06,0.200177,0.132847,0.0,0.0,0.0,0.391751,0.130384,0.0,0.0,0.132635,0.0,0.0,0.134924,0.145312,0.189258,0.0,0.0,1.4e-05,0.0,0.190501,0.184643,0.0,0.171785,0.140467,0.1054,0.0,0.0,0.0,0.0,0.256683,0.0,0.186655,0.0,0.522456,0.0,0.0,0.0,0.085506,0.182287,0.178922,0.284801,0.152478,0.0,0.131585,0.0,0.196788,0.0,0.25307,0.135233,0.173493,0.072621,0.0,0.102443,0.0,0.0,0.0,0.187906,1e-06,0.0,0.0,0.121201,2e-06,0.142554,0.0,0.215975,0.0,0.158995,0.0,0.196887,0.0,0.0,0.154852,0.0,2e-06,1.358994,0.0,0.035936,0.128251,0.135233,0.145853,0.392815,0.121362,0.17161,0.302927,0.156519,0.116153,0.0,5.5e-05,0.176235,0.0,0.0,0.244306,0.189054,0.081063,1e-06,0.073916,0.0,0.0,0.563981,0.0,0.56796,0.0,0.243809,0.0,0.153508,0.0,0.871497,0.0,0.0,0.0,0.0,0.297224,0.143005,0.140464,0.0,0.154307,0.125827,0.0,0.0,0.0,3e-06,0.511993,0.0,0.0,0.0,0.082863,0.0,0.324216,0.125807,0.764023,0.162125,0.047438,0.963552,0.158687,0.0,0.0,0.0,0.0,0.144108,0.074086,0.0,0.229642,0.0,0.240917,0.148822,0.179534,0.122001,0.145889,0.619535,0.111325,0.0,3.2e-05,0.003892,0.209698,0.151112,0.0,0.00083,0.0,0.197672,0.0,0.0,0.0,0.155559,0.0,0.0,0.120678,0.123362,0.216534,0.186338,0.0,0.193926,0.0,0.0,0.165858,0.108372,3.1e-05,0.0
TCGA-85-A510,0.263414,0.0,0.0,0.0,0.0,0.182905,0.0,9e-06,0.11019,0.225659,0.174795,1.5e-05,0.0,0.0,0.0,0.195535,0.0,0.268551,0.0,0.0,0.0,0.0,0.0,0.0,0.0,0.0,0.174148,0.0,0.147432,0.154028,0.0,0.0,0.190136,1.05383,0.0,0.09754,0.078335,0.000289,0.0,0.0,0.0,0.107782,0.0,0.201833,0.0,0.249655,0.079952,0.0,0.0,0.117307,0.0,0.323094,0.0,0.968561,0.0,0.473748,0.16848,0.0,0.0,0.156134,3.2e-05,0.0,0.0,0.105391,0.069135,0.191524,0.000414,0.0,0.671394,0.0,0.0,0.0,0.14901,0.163814,0.0,0.0,0.0,0.0,0.0,0.017754,0.0,0.875897,0.144083,0.004608,0.0,0.118484,0.098302,0.0,0.148377,0.18329,0.154476,0.00077,0.003178,2e-06,0.601841,0.0,0.0,0.0,0.0,0.182249,0.0,0.0,0.226751,0.210036,0.23943,0.0,0.0,0.35771,0.163995,0.071387,0.115132,0.0,0.087319,0.0,0.207821,1e-06,0.0,0.489044,0.231743,0.120465,0.421801,0.0,0.169026,0.0,0.0,0.005385,0.087926,0.383246,0.260943,0.0,0.202892,0.198865,0.132945,0.107643,0.115247,0.0,0.0,0.0,0.142166,0.0,0.185682,0.142294,0.080294,0.259457,0.0,0.0,0.0,0.188215,0.0,0.0,0.137166,0.114112,0.374611,0.0,0.0,0.140731,0.0,0.106611,0.155228,0.0,0.453469,0.0,0.0,0.168983,0.0,0.124137,0.121421,0.108548,0.0,0.395166,0.0,0.120089,0.134251,0.0,0.0,0.0,0.0,0.09782,0.124465,1.05562,0.144698,2e-06,2e-06,0.175393,0.0,0.144642,0.154342,0.178023,0.0,0.0,0.0,0.17844,0.110766,1.3e-05,0.0,0.115785,0.129326,0.34437,0.129741,0.0,0.169395,0.0,1.726948,0.111897,0.110063,0.0,0.196115,1.429197,0.0,0.0,0.241251,0.0,0.0,0.0,0.0,0.058525,0.0,1.17261,0.161839,0.0,0.0,0.21256,0.071882,0.192986,0.141431,0.0,0.0,0.0,0.0,0.0,0.0,0.231942,0.221976,0.134112,0.0,0.07808,0.198938,0.155959,0.138339,0.0,0.045853,0.0,0.082722,0.0,0.216971,0.298276,0.171123,0.0,0.166143,0.122439,0.529242,0.0,0.161421,0.034496,0.0,0.0,0.0,0.161717,0.0,0.0,0.0,0.205184,0.0,2e-06,0.0,0.095999,0.0,1e-06,0.173064,0.143294,2e-06,0.228945,0.163265,0.0,0.233904,0.126524,0.0,0.174475,0.0,0.0,0.104391,0.131076,0.161478,0.201418,0.0,0.0,0.0,0.0,0.149072,0.204153,0.149061,0.148016,0.0,0.0,0.0,0.213022,0.0,0.0,0.174932,0.125948,0.0,0.124195,0.0,0.189163,0.075698,0.198526,0.0,0.0,0.0,0.122632,0.0,0.320573,0.094991,0.0,0.29528,0.0,0.0,0.0,0.0,0.148988,0.0,0.160853,0.179342,0.40722,0.0,0.0,0.186208,0.130497,0.105124,0.08104,0.078783,0.0,0.392784,0.0,0.0,0.210767,0.15872,0.0,0.0,0.0,0.327398,0.154286,0.0,0.0,0.108932,0.0,0.0,0.145775,0.165688,0.169341,0.0,0.0,1e-06,0.0,0.189485,0.187711,0.0,0.149985,0.134519,0.107338,0.0,0.0,0.0,0.0,0.203971,0.0,0.212081,0.0,0.494743,0.0,0.0,0.0,0.104791,0.200245,0.201481,0.246942,0.135094,0.0,0.123902,0.0,0.209796,0.0,0.225491,0.142857,0.18833,0.114518,0.0,0.095862,0.0,0.0,0.0,0.212648,0.0,0.0,0.0,0.106477,0.0,0.126291,0.0,0.244242,0.0,0.189646,0.0,0.171393,0.0,0.0,0.187299,0.0,0.000212,1.340517,0.0,0.049076,0.152053,0.125616,0.162651,0.390211,0.122079,0.13018,0.311205,0.167471,0.105336,0.0,0.0,0.147725,2.3e-05,0.0,0.299221,0.195982,0.064143,0.0,0.062179,0.0,0.000105,0.540404,0.0,0.531202,0.0,0.24925,0.0,0.180235,0.0,0.855468,0.0,0.0,0.0,0.0,0.272245,0.185705,0.143645,0.0,0.184518,0.168252,1e-06,0.0,0.0,1e-06,0.484814,0.0,0.0,0.0,0.112532,0.0,0.314239,0.089871,0.760246,0.192771,0.088436,0.93977,0.160796,0.0,0.0,0.0,0.0,0.124038,0.068009,0.0,0.234878,0.0,0.234896,0.162336,0.196913,0.11494,0.162243,0.605374,0.155662,0.0,3e-06,0.00442,0.225954,0.171382,0.0,0.001029,0.0,0.175545,0.0,0.0,0.0,0.191909,0.0,0.0,0.175575,0.110317,0.22704,0.154395,0.0,0.213913,0.0,0.0,0.16611,0.110992,0.0,0.0
TCGA-85-A513,0.379023,0.0,0.0,0.0,0.0,0.232884,0.0,0.0,0.051809,0.315648,0.2426,9e-06,0.0,0.0,0.0,0.299135,0.0,0.27798,0.0,0.0,0.0,0.0,0.0,0.0,0.0,0.0,0.229428,0.0,0.141718,0.243863,0.0,0.0,0.260889,0.899545,0.0,0.040178,0.039018,6.7e-05,0.0,0.0,0.0,0.049533,0.0,0.263204,0.0,0.179689,0.079681,0.0,0.0,0.046644,0.0,0.312843,0.0,0.895142,0.0,0.381796,0.215877,0.0,0.0,0.21394,1.4e-05,0.0,0.0,0.153655,0.098683,0.134849,0.0,0.0,0.615321,0.0,0.0,0.0,0.07928,0.217862,0.0,0.0,0.0,0.0,0.0,0.014181,0.0,0.786194,0.200587,0.009729,0.0,0.148876,0.03777,0.0,0.214048,0.237885,0.17532,0.000228,0.000344,0.0,0.512141,0.0,0.0,0.0,0.0,0.220842,0.0,0.0,0.327336,0.313697,0.30966,0.0,0.0,0.338797,0.247614,0.030948,0.160585,0.0,0.034254,0.0,0.134547,0.0,0.0,0.398175,0.302405,0.070338,0.326718,0.0,0.112717,0.0,0.0,0.000657,0.03419,0.363775,0.393313,0.0,0.277108,0.262536,0.065895,0.039951,0.064063,0.0,0.0,0.0,0.179659,0.0,0.112954,0.142222,0.030239,0.191051,0.0,0.0,0.0,0.115035,0.0,0.0,0.17554,0.047547,0.298246,0.0,0.0,0.184658,0.0,0.154652,0.217262,0.0,0.369018,0.0,0.0,0.25028,0.0,0.050673,0.055962,0.049262,0.0,0.306281,0.0,0.062442,0.1931,0.0,0.0,0.0,0.0,0.123773,0.202041,0.952039,0.18764,2e-06,0.0,0.227528,0.0,0.215407,0.080936,0.233515,0.0,0.0,0.0,0.276774,0.041331,3e-06,0.0,0.051064,0.166987,0.332604,0.089546,0.0,0.216904,0.0,1.571447,0.150999,0.162394,0.0,0.164269,1.301956,0.0,0.0,0.372101,0.0,0.0,0.0,0.0,0.036332,0.0,1.044235,0.069177,0.0,0.0,0.291345,0.028583,0.267219,0.196182,0.0,0.0,0.0,0.0,0.0,0.0,0.269015,0.299248,0.171596,0.0,0.097893,0.29221,0.196739,0.212399,0.0,0.017736,0.0,0.034806,0.0,0.324225,0.253893,0.126187,0.0,0.216619,0.179917,0.447699,0.0,0.207647,0.021391,0.0,0.0,0.0,0.193866,0.0,0.0,0.0,0.259158,0.0,0.0,0.0,0.053888,0.0,0.0,0.279195,0.193425,3e-06,0.298364,0.233077,0.0,0.178169,0.114964,0.0,0.270966,0.0,0.0,0.043025,0.056765,0.216366,0.260387,0.0,0.0,0.0,0.0,0.193658,0.273839,0.202426,0.201475,0.0,0.0,0.0,0.281491,0.0,0.0,0.213045,0.046497,0.0,0.045119,0.0,0.187518,0.020566,0.183167,0.0,4e-06,0.0,0.150755,0.0,0.280207,0.040171,0.0,0.218693,0.0,0.0,0.0,0.0,0.177755,0.0,0.211479,0.226851,0.326641,0.0,0.0,0.233507,0.148888,0.058493,0.039879,0.057076,0.0,0.30829,0.0,0.0,0.307892,0.201405,0.0,0.0,0.0,0.22641,0.181499,0.0,0.0,0.05416,0.0,0.0,0.205084,0.219988,0.075733,0.0,0.0,0.0,0.0,0.275038,0.256649,0.0,0.067147,0.062786,0.04252,0.0,0.0,0.0,0.0,0.11456,0.0,0.288114,0.0,0.439173,0.0,0.0,0.0,0.155267,0.261224,0.276604,0.21292,0.059127,0.0,0.133537,0.0,0.294255,0.0,0.208134,0.178802,0.266575,0.120771,0.0,0.03814,0.0,0.0,0.0,0.296673,0.0,0.0,0.0,0.054088,0.0,0.053591,0.0,0.276531,0.0,0.238361,0.0,0.082533,0.0,0.0,0.249225,0.0,1e-06,1.204307,0.0,0.015728,0.204826,0.057507,0.228756,0.302864,0.038829,0.073558,0.322193,0.218034,0.041399,0.0,4e-06,0.156588,0.0,0.0,0.421828,0.249712,0.026696,0.0,0.023398,0.0,0.0,0.413578,0.0,0.428381,0.0,0.253127,0.0,0.240675,0.0,0.735918,0.0,0.0,0.0,0.0,0.127778,0.249218,0.083424,0.0,0.260451,0.180587,0.0,0.0,0.0,4e-06,0.445344,0.0,0.0,0.0,0.115661,0.0,0.227379,0.054433,0.668281,0.248778,0.067613,0.79582,0.237101,0.0,0.0,0.0,0.0,0.05756,0.028409,0.0,0.220989,0.0,0.184795,0.209629,0.288246,0.044841,0.211531,0.541491,0.214323,0.0,0.0,0.000517,0.338919,0.247011,0.0,0.000109,0.0,0.093594,0.0,0.0,0.0,0.246004,0.0,0.0,0.166087,0.04695,0.264356,0.07856,0.0,0.258988,0.0,0.0,0.261027,0.040612,0.0,0.0
TCGA-86-8055,0.112611,0.0,0.0,0.0,0.0,0.103806,0.0,5e-06,0.206415,0.113777,0.093581,0.00022,1e-06,0.0,0.0,0.079291,0.0,0.259113,0.0,0.0,3e-06,0.0,0.0,0.0,0.0,0.0,0.093227,0.0,0.163078,0.077307,2e-06,0.0,0.104366,1.180984,0.0,0.177893,0.157884,6e-05,0.0,1e-06,0.0,0.19898,0.0,0.094897,0.0,0.351288,0.043589,0.0,0.0,0.200871,0.0,0.294994,0.0,1.005352,0.0,0.598997,0.088177,0.0,0.0,0.099946,4.6e-05,0.0,0.0,0.047728,0.047547,0.269027,6.7e-05,0.0,0.737877,0.0,0.0,0.0,0.269584,0.063939,0.0,0.0,1e-06,0.0,0.0,0.008611,0.0,0.969588,0.078754,0.000778,0.0,0.064677,0.179623,0.0,0.091713,0.117482,0.085679,1.2e-05,0.01057,5e-06,0.718023,0.0,0.0,0.0,0.0,0.088603,2.5e-05,0.0,0.106684,0.087935,0.095066,0.0,0.0,0.36424,0.073675,0.133203,0.069685,0.0,0.163346,0.0,0.292501,2e-06,0.0,0.597682,0.132322,0.18937,0.510794,0.0,0.262097,0.0,0.0,0.012817,0.16023,0.414657,0.10128,0.0,0.122343,0.083651,0.199369,0.198582,0.195127,0.0,0.0,0.0,0.09516,0.0,0.286123,0.119277,0.132991,0.341103,0.0,0.0,0.0,0.28413,0.0,0.0,0.070055,0.189678,0.489637,0.0,0.0,0.060893,0.0,0.048087,0.06595,0.0,0.575584,1e-06,1e-06,0.070891,0.0,0.224858,0.224555,0.154812,0.0,0.474996,0.0,0.196653,0.066479,0.0,0.0,0.0,0.0,0.038063,0.06282,1.189905,0.084776,5e-06,1e-06,0.068771,0.0,0.077156,0.221447,0.086829,0.0,0.0,0.0,0.065989,0.186427,0.000122,0.0,0.218497,0.062382,0.335216,0.19622,0.0,0.079512,0.0,1.865246,0.062652,0.040509,0.0,0.252682,1.561711,0.0,0.0,0.110951,0.0,0.0,0.0,0.0,0.057934,0.0,1.287245,0.27245,0.0,0.0,0.089333,0.133556,0.076468,0.061871,0.0,0.0,0.0,0.0,0.0,0.0,0.115402,0.083468,0.051595,0.0,0.041824,0.099583,0.059281,0.061862,0.0,0.113692,0.0,0.160486,0.0,0.102988,0.376258,0.247014,0.0,0.077394,0.06948,0.644403,0.0,0.080221,0.029704,0.0,0.0,0.0,0.090478,0.0,0.0,0.0,0.135994,0.0,0.0,0.0,0.166816,0.0,0.0,0.085934,0.085718,0.000227,0.102586,0.061744,0.0,0.305113,0.122702,0.0,0.082269,0.0,0.0,0.182675,0.215262,0.11079,0.088718,0.0,1.9e-05,0.0,0.0,0.060559,0.13277,0.079083,0.112635,0.0,0.0,0.0,0.095041,0.0,0.0,0.09008,0.21063,0.0,0.191845,0.0,0.158742,0.141514,0.221967,0.0,2e-06,0.0,0.067898,0.0,0.348287,0.165236,0.0,0.38144,6e-06,0.0,1e-06,0.0,0.085735,0.0,0.07759,0.09367,0.486906,0.0,8e-06,0.07838,0.06951,0.203302,0.14714,0.143169,2e-06,0.472716,0.0,0.0,0.097999,0.082264,0.0,0.0,0.0,0.467536,0.082004,0.0,0.0,0.205072,0.0,0.0,0.075409,0.078944,0.292002,0.0,0.0,0.000336,0.0,0.102213,0.107088,0.0,0.253986,0.2216,0.174878,0.0,0.0,0.0005,0.0,0.350111,0.0,0.103035,0.0,0.539953,0.0,0.0,0.0,0.036219,0.117486,0.091426,0.320042,0.222877,0.0,0.092292,0.0,0.110259,0.0,0.285466,0.082705,0.092373,0.069616,1e-06,0.165113,0.0,0.0,0.0,0.089601,3e-06,0.0,0.0,0.198515,1e-06,0.221442,0.0,0.154484,0.0,0.097455,0.0,0.273525,0.0,0.0,0.087563,0.0,2.2e-05,1.446952,0.0,0.082192,0.067525,0.212993,0.07768,0.462368,0.212229,0.243137,0.28728,0.084745,0.181893,0.0,0.000101,0.182244,0.0,0.0,0.123909,0.132827,0.127331,2e-06,0.131572,0.0,3.6e-05,0.659665,0.0,0.662671,0.0,0.218271,0.0,0.084679,0.0,0.967654,2e-06,0.0,0.0,0.0,0.444199,0.075144,0.194779,0.0,0.067305,0.092866,6.8e-05,0.0,0.0,2e-06,0.524693,0.0,0.0,0.0,0.084248,0.0,0.405224,0.170582,0.833227,0.093209,0.07112,1.073516,0.087439,0.0,0.0,0.0,0.0,0.218978,0.132399,0.0,0.224542,0.0,0.302627,0.080039,0.080656,0.183041,0.078843,0.643052,0.057897,0.0,3.2e-05,0.012686,0.109785,0.073923,0.0,0.000699,0.0,0.282139,0.0,0.0,0.0,0.08165,0.0,0.0,0.1251,0.189894,0.173298,0.259068,0.0,0.131481,0.0,0.0,0.080579,0.187261,4e-06,0.0
TCGA-86-8074,0.079581,0.0,0.0,0.0,0.0,0.087183,0.0,3e-06,0.229869,0.085682,0.074513,0.000146,0.0,0.0,0.0,0.059203,0.0,0.25996,0.0,0.0,1e-05,0.0,0.0,0.0,0.0,0.0,0.071934,0.0,0.158812,0.054189,3e-06,1e-06,0.083411,1.23518,0.0,0.200792,0.176478,2.1e-05,0.0,0.0,0.0,0.22491,0.0,0.073365,0.0,0.36433,0.037783,0.0,0.0,0.226268,0.0,0.29889,0.0,1.040153,0.0,0.643236,0.070728,0.0,0.0,0.079945,1.4e-05,0.0,0.0,0.035939,0.038014,0.29333,6e-06,0.0,0.767492,0.0,0.0,0.0,0.302514,0.047507,0.0,0.0,0.0,0.0,0.0,0.009006,0.0,1.015517,0.063024,0.000156,0.0,0.052964,0.208375,0.0,0.071715,0.104165,0.069478,3.7e-05,0.009002,2e-06,0.751514,0.0,0.0,0.0,0.0,0.071143,1e-06,0.0,0.078265,0.065225,0.072907,0.0,0.0,0.37651,0.05525,0.151237,0.057808,0.0,0.188049,0.0,0.320975,1e-06,0.0,0.6318,0.107815,0.216519,0.54993,0.0,0.275259,0.0,0.0,0.013472,0.183366,0.424663,0.072864,1e-06,0.098037,0.061926,0.226055,0.223514,0.217462,0.0,0.0,0.0,0.087522,0.0,0.31482,0.105023,0.154539,0.371515,0.0,0.0,0.0,0.307656,0.0,0.0,0.057484,0.217601,0.525121,0.0,0.0,0.048256,0.0,0.038627,0.051263,0.0,0.614891,0.0,0.0,0.052407,0.0,0.251524,0.25305,0.184339,0.0,0.495864,0.0,0.214975,0.051894,0.0,0.0,0.0,0.0,0.034757,0.047118,1.233369,0.069683,0.0,0.0,0.05655,0.0,0.060403,0.230684,0.069995,0.0,0.0,0.0,0.044918,0.220826,3.3e-05,0.0,0.251402,0.051976,0.338514,0.225475,0.0,0.063558,0.0,1.930566,0.049408,0.031036,0.0,0.270332,1.617897,0.0,0.0,0.080347,0.0,0.0,0.0,0.0,0.048188,0.0,1.336783,0.306166,0.0,0.0,0.067186,0.151629,0.05826,0.046358,0.0,0.0,0.0,0.0,0.0,0.0,0.095782,0.058811,0.037441,0.0,0.031154,0.074027,0.044064,0.044222,0.0,0.128272,0.0,0.189862,0.0,0.077266,0.395296,0.249141,1e-06,0.064729,0.059751,0.68033,0.0,0.063863,0.027793,0.0,0.0,0.0,0.071957,0.0,0.0,0.0,0.12242,0.0,0.0,0.0,0.183063,0.0,0.0,0.062845,0.066372,0.000208,0.082963,0.042298,0.0,0.326943,0.124313,0.0,0.058478,0.0,0.0,0.21176,0.244344,0.090601,0.07461,0.0,0.0,0.0,0.0,0.046123,0.107292,0.057476,0.096186,0.0,0.0,0.0,0.073775,0.0,0.0,0.072147,0.236932,0.0,0.215916,0.0,0.15716,0.158911,0.222907,0.0,0.0,0.0,0.055342,0.0,0.347643,0.193179,0.0,0.412122,1e-06,0.0,9e-06,0.0,0.07407,0.0,0.058026,0.075871,0.511234,0.0,9e-06,0.05984,0.060614,0.227399,0.174814,0.152562,6e-06,0.505245,0.0,0.0,0.072614,0.064158,0.0,0.0,0.0,0.500445,0.069824,0.0,0.0,0.234105,0.0,0.0,0.054558,0.059118,0.328393,0.0,0.0,8e-06,0.0,0.080436,0.084863,0.0,0.286184,0.248133,0.20145,0.0,0.0,0.000458,0.0,0.385185,0.0,0.077346,0.0,0.55778,0.0,0.0,0.0,0.023947,0.093071,0.073017,0.335972,0.252902,0.0,0.083386,0.0,0.081903,0.0,0.293513,0.068216,0.070194,0.075067,0.0,0.190401,0.0,0.0,0.0,0.066721,0.0,0.0,0.0,0.219964,2e-06,0.243885,0.0,0.143843,0.0,0.08098,0.0,0.300691,0.0,0.0,0.071515,0.0,1.7e-05,1.500469,0.0,0.099037,0.054499,0.238081,0.058674,0.497876,0.24181,0.272414,0.290563,0.065585,0.212512,0.0,3.7e-05,0.190675,0.0,0.0,0.093594,0.108989,0.146836,0.0,0.137829,0.0,2.4e-05,0.704206,0.0,0.697872,0.0,0.208464,0.0,0.062644,0.0,1.010967,0.0,0.0,0.0,0.0,0.497822,0.057676,0.219547,0.0,0.04576,0.081281,2.2e-05,0.0,0.0,3e-06,0.529333,0.0,0.0,0.0,0.098084,0.0,0.439007,0.192972,0.870357,0.077673,0.090414,1.121132,0.065475,0.0,0.0,0.0,0.0,0.247556,0.155088,0.0,0.22382,0.0,0.326666,0.062831,0.062591,0.205899,0.060954,0.663856,0.051083,0.0,1.3e-05,0.012384,0.084158,0.057318,0.0,0.000361,0.0,0.31981,0.0,0.0,0.0,0.062833,0.0,0.0,0.12441,0.212608,0.17259,0.288454,0.0,0.109468,0.0,0.0,0.061829,0.21224,1e-06,0.0
TCGA-86-8076,0.223555,0.0,0.0,0.0,0.0,0.15901,0.0,0.0,0.147019,0.198695,0.157186,5.6e-05,0.0,0.0,0.0,0.177753,0.0,0.265543,0.0,0.0,6e-06,0.0,0.0,0.0,0.0,0.0,0.136958,0.0,0.140904,0.149441,0.0,0.0,0.171582,1.059088,0.0,0.125303,0.109672,1.6e-05,0.0,1e-06,0.0,0.142445,0.0,0.16202,0.0,0.260901,0.056103,0.0,0.0,0.13377,0.0,0.288524,0.0,0.961891,0.0,0.514599,0.13929,0.0,0.0,0.141299,1.1e-05,0.0,0.0,0.082684,0.059023,0.221261,0.0,0.0,0.674212,0.0,0.0,0.0,0.191064,0.122819,0.0,0.0,0.0,0.0,0.0,0.010785,0.0,0.894045,0.12219,0.001959,0.0,0.092394,0.119261,0.0,0.141901,0.167434,0.110624,2e-06,0.004319,1e-06,0.631308,0.0,0.0,0.0,0.0,0.132842,7e-06,0.0,0.200619,0.182677,0.187577,0.0,0.0,0.348707,0.144377,0.093478,0.103552,0.0,0.111696,0.0,0.238219,0.0,0.0,0.504134,0.206454,0.126352,0.433657,0.0,0.185784,0.0,0.0,0.007972,0.112089,0.385512,0.227451,0.0,0.179772,0.156846,0.147505,0.134458,0.136473,0.0,0.0,0.0,0.126153,0.0,0.212616,0.115723,0.094664,0.283524,0.0,0.0,0.0,0.206219,0.0,0.0,0.111977,0.125887,0.415405,0.0,0.0,0.115919,0.0,0.095378,0.125088,0.0,0.491691,0.0,1e-06,0.135484,0.0,0.15091,0.144557,0.111159,0.0,0.382654,0.0,0.138005,0.108554,0.0,0.0,0.0,0.0,0.079032,0.115208,1.087618,0.126372,1e-06,0.0,0.138098,0.0,0.144298,0.147217,0.147445,0.0,0.0,0.0,0.152424,0.12172,8e-06,0.0,0.147992,0.10241,0.322916,0.154046,0.0,0.128461,0.0,1.73607,0.091986,0.091932,0.0,0.218471,1.447138,0.0,0.0,0.226938,0.0,0.0,0.0,0.0,0.036152,0.0,1.179394,0.180233,0.0,0.0,0.170122,0.08147,0.150807,0.123867,0.0,0.0,0.0,0.0,0.0,0.0,0.174198,0.178945,0.105103,0.0,0.058319,0.170123,0.102173,0.112428,0.0,0.079745,0.0,0.108686,0.0,0.197856,0.328009,0.178078,1e-06,0.134451,0.109099,0.560656,0.0,0.135363,0.01141,0.0,0.0,0.0,0.130567,0.0,0.0,0.0,0.185598,0.0,0.0,0.0,0.124136,0.0,0.0,0.164537,0.12752,0.000106,0.174967,0.132356,0.0,0.254284,0.118939,0.0,0.164517,0.0,0.0,0.120308,0.1485,0.151961,0.165997,0.0,1.1e-05,0.0,0.0,0.118365,0.18375,0.128142,0.153791,0.0,0.0,0.0,0.175501,0.0,0.0,0.130469,0.142998,0.0,0.12938,0.0,0.165783,0.09546,0.211721,0.0,2e-06,1e-06,0.097941,0.0,0.310823,0.109732,0.0,0.321534,5e-06,0.0,0.0,0.0,0.126277,1e-06,0.131568,0.145297,0.406409,0.0,1.5e-05,0.144938,0.098369,0.140793,0.112016,0.111282,1.1e-05,0.410951,0.0,0.0,0.178648,0.12363,0.0,0.0,0.0,0.352632,0.120575,0.0,0.0,0.140705,0.0,0.0,0.119597,0.132281,0.201163,0.0,0.0,2.8e-05,0.0,0.169947,0.168268,0.0,0.173219,0.159428,0.11658,0.0,0.0,0.000805,0.0,0.251859,0.0,0.176342,0.0,0.481869,0.0,0.0,0.0,0.068408,0.176424,0.159296,0.271923,0.146995,0.0,0.097625,0.0,0.186235,0.0,0.260151,0.114574,0.15359,0.095496,0.0,0.108624,0.0,0.0,0.0,0.166132,1e-06,0.0,0.0,0.138824,3e-06,0.148694,0.0,0.197877,0.0,0.159049,0.0,0.181962,0.0,0.0,0.14709,0.0,4e-06,1.341114,0.0,0.068233,0.122959,0.149786,0.135808,0.405417,0.134229,0.17036,0.291142,0.129624,0.12602,0.0,1.1e-05,0.167912,0.0,0.0,0.266789,0.173686,0.087373,0.0,0.0902,0.0,5e-06,0.559445,0.0,0.567829,0.0,0.229529,0.0,0.1404,0.0,0.858417,8e-06,0.0,0.0,0.0,0.304771,0.148783,0.152408,0.0,0.140405,0.130236,6.4e-05,0.0,0.0,8e-06,0.484478,0.0,0.0,0.0,0.091866,0.0,0.33203,0.120668,0.768688,0.15446,0.077062,0.948262,0.15343,0.0,0.0,0.0,0.0,0.150594,0.088478,0.0,0.213938,0.0,0.262134,0.123777,0.164485,0.130312,0.134306,0.592781,0.127857,0.0,3e-06,0.008083,0.202452,0.147517,0.0,0.000358,0.0,0.198058,0.0,0.0,0.0,0.145649,0.0,0.0,0.148378,0.128106,0.204606,0.182131,0.0,0.181664,0.0,0.0,0.163366,0.125287,0.0,0.0
TCGA-86-A456,0.321876,0.0,0.0,0.0,0.0,0.207817,0.0,0.0,0.092826,0.272302,0.211519,1.1e-05,2e-06,0.0,0.0,0.251985,0.0,0.281585,0.0,0.0,0.0,0.0,0.0,0.0,0.0,0.0,0.204701,0.0,0.155051,0.201,0.0,0.0,0.223851,1.012198,0.0,0.078428,0.069956,3.4e-05,0.0,0.0,0.0,0.090576,0.0,0.229501,0.0,0.23846,0.078056,0.0,0.0,0.09677,0.0,0.319062,0.0,0.961864,0.0,0.452127,0.197403,0.0,0.0,0.191057,1.5e-05,0.0,0.0,0.130671,0.075492,0.186628,1.3e-05,0.0,0.673235,0.0,0.0,0.0,0.131738,0.195751,0.0,0.0,1e-05,0.0,0.0,0.014078,0.0,0.873776,0.182743,0.012369,0.0,0.134761,0.08252,0.0,0.192712,0.222452,0.167756,0.000765,0.000183,0.0,0.585148,0.0,0.0,0.0,0.0,0.203772,1e-06,0.0,0.277666,0.270814,0.275483,0.0,0.0,0.361957,0.204104,0.066948,0.139369,0.0,0.069838,0.0,0.179101,0.0,0.0,0.470414,0.277254,0.120457,0.392249,0.0,0.182381,0.0,0.0,0.000681,0.067497,0.398456,0.33746,0.0,0.249923,0.229267,0.106894,0.081612,0.109124,0.0,0.0,0.0,0.167919,0.0,0.163129,0.150382,0.064226,0.236186,0.0,0.0,0.0,0.181278,0.0,0.0,0.156202,0.086893,0.350045,0.0,0.0,0.158902,0.0,0.130101,0.188716,0.0,0.430391,0.0,7e-06,0.212887,0.0,0.095568,0.10896,0.085073,0.0,0.372722,0.0,0.107455,0.173452,0.0,0.0,0.0,0.0,0.106557,0.169978,1.052636,0.169714,2e-06,3e-06,0.199081,0.0,0.185224,0.140406,0.206753,0.0,0.0,0.0,0.226896,0.08855,9e-06,0.0,0.100307,0.148133,0.35058,0.113349,0.0,0.195817,0.0,1.712396,0.134923,0.130873,0.0,0.199682,1.434343,0.0,0.0,0.314755,0.0,0.0,0.0,0.0,0.053158,0.0,1.155916,0.133713,0.0,0.0,0.257125,0.057118,0.240121,0.166139,0.0,0.0,0.0,0.0,0.0,0.0,0.253898,0.259271,0.14727,0.0,0.084567,0.25711,0.178444,0.182866,0.0,0.033893,0.0,0.06692,0.0,0.279769,0.289392,0.174412,0.0,0.190823,0.156876,0.518417,0.0,0.18927,0.036631,0.0,0.0,0.0,0.178735,0.0,0.0,0.0,0.233005,0.0,0.0,0.0,0.081212,0.0,0.0,0.235321,0.172029,1e-06,0.272409,0.194482,0.0,0.217288,0.126727,0.0,0.222773,0.0,0.0,0.084098,0.105659,0.19616,0.242932,0.0,0.0,0.0,0.0,0.162028,0.252228,0.17723,0.188219,0.0,0.0,0.0,0.252854,0.0,0.0,0.193547,0.093257,0.0,0.092777,0.0,0.192966,0.044112,0.201502,0.0,0.0,0.0,0.136038,0.0,0.319768,0.080407,0.0,0.266917,0.0,0.0,0.0,0.0,0.166779,0.0,0.181774,0.204053,0.387867,0.0,0.0,0.207087,0.134963,0.092313,0.075333,0.066722,0.0,0.353208,0.0,0.0,0.256602,0.17819,0.0,0.0,0.0,0.309165,0.174839,0.0,0.0,0.096561,0.0,0.0,0.181499,0.201666,0.13799,0.0,0.0,0.0,0.0,0.243292,0.222702,0.0,0.13455,0.104693,0.084532,0.0,0.0,0.0,0.0,0.186513,0.0,0.249679,0.0,0.497692,0.0,0.0,0.0,0.136673,0.233659,0.247396,0.243594,0.122757,0.0,0.128546,0.0,0.262137,0.0,0.222528,0.156138,0.236147,0.096832,0.0,0.076626,0.0,0.0,0.0,0.253608,0.0,0.0,0.0,0.086109,0.0,0.101716,0.0,0.25872,0.0,0.213097,0.0,0.150365,0.0,0.0,0.222,0.0,4.9e-05,1.322688,0.0,0.034918,0.180322,0.100956,0.196817,0.362701,0.081446,0.11892,0.318715,0.194267,0.075766,0.0,2e-06,0.168394,0.0,0.0,0.361569,0.227467,0.051707,0.0,0.03971,0.0,0.0,0.497242,0.0,0.499423,0.0,0.255102,0.0,0.210406,0.0,0.823172,0.0,0.0,0.0,0.0,0.230932,0.209569,0.114116,0.0,0.220391,0.165839,0.0,0.0,0.0,4e-06,0.49267,0.0,0.0,0.0,0.102575,0.0,0.293499,0.085989,0.75537,0.224375,0.0711,0.906691,0.20397,0.0,0.0,0.0,0.0,0.103487,0.04922,0.0,0.228722,0.0,0.215624,0.184892,0.245672,0.091487,0.184975,0.597393,0.170948,0.0,1e-06,0.000372,0.292603,0.209596,0.0,0.000135,0.0,0.150495,0.0,0.0,0.0,0.218458,0.0,0.0,0.149909,0.088736,0.24963,0.137747,0.0,0.244421,0.0,0.0,0.219514,0.07906,2e-06,0.0
TCGA-86-A4P7,0.11751,0.0,0.0,0.0,0.0,0.080933,0.0,2e-06,0.237756,0.09555,0.077076,0.000106,1e-06,0.0,0.0,0.088337,0.0,0.258951,0.0,0.0,0.0,0.0,0.0,0.0,0.0,0.0,0.072279,0.0,0.135022,0.069944,0.0,0.0,0.085245,1.23125,0.0,0.206727,0.18406,0.000913,0.0,0.0,0.0,0.230548,0.0,0.092256,0.0,0.311718,0.050786,0.0,0.0,0.227207,0.0,0.301746,0.0,1.046154,0.0,0.638551,0.08097,0.0,0.0,0.075135,0.000217,0.0,0.0,0.047787,0.026478,0.291026,7e-06,0.0,0.772181,0.0,0.0,0.0,0.298539,0.073028,0.0,0.0,0.0,0.0,0.0,0.00775,0.0,1.012021,0.068039,0.002816,0.0,0.055408,0.207151,0.0,0.074891,0.114674,0.071653,0.000221,0.006397,0.0,0.748944,0.0,0.0,0.0,5e-06,0.083499,0.0,0.0,0.103927,0.095587,0.099134,0.0,0.0,0.366756,0.066042,0.15021,0.078264,0.0,0.203139,0.0,0.32669,0.0,0.0,0.614711,0.109125,0.228401,0.559132,0.0,0.234416,0.0,0.0,0.017367,0.177515,0.427168,0.11802,0.0,0.103689,0.077984,0.235918,0.231704,0.21217,0.0,0.0,0.0,0.101326,0.0,0.314137,0.07603,0.167786,0.381272,0.0,0.0,0.0,0.2893,0.0,0.0,0.06482,0.231141,0.508049,0.0,0.0,0.062974,0.0,0.058239,0.069464,0.0,0.615762,0.0,1.4e-05,0.074874,0.0,0.24909,0.259245,0.207608,5e-06,0.491452,1e-06,0.211157,0.06256,0.0,0.0,0.0,0.0,0.048917,0.057735,1.219412,0.065156,5e-06,1.5e-05,0.078381,0.0,0.072528,0.203851,0.083129,0.0,0.0,0.0,0.072345,0.236608,0.000152,0.0,0.251309,0.054213,0.330874,0.245032,0.0,0.072417,0.0,1.930455,0.055757,0.051528,0.0,0.285234,1.603492,0.0,0.0,0.108659,0.0,0.0,0.0,0.0,0.033173,0.0,1.348494,0.293171,0.0,0.0,0.092276,0.153545,0.085196,0.064914,0.0,0.0,0.0,0.0,0.0,0.0,0.109197,0.093295,0.055695,0.0,0.033521,0.088706,0.059152,0.064511,0.0,0.133852,0.0,0.193399,0.0,0.095754,0.403793,0.19172,0.0,0.077481,0.062966,0.676635,0.0,0.079158,0.032429,0.0,0.0,0.0,0.069972,0.0,0.0,0.0,0.126916,0.0,0.0,0.0,0.174399,0.0,1e-06,0.083293,0.069491,5e-06,0.102402,0.06415,0.0,0.350097,0.124384,0.0,0.077306,0.0,0.0,0.21593,0.250573,0.084792,0.09152,0.0,0.0,0.0,0.0,0.064602,0.103042,0.069087,0.076276,0.0,0.0,0.0,0.089635,0.0,0.0,0.081149,0.233558,0.0,0.223161,0.0,0.159101,0.153669,0.215991,0.0,0.0,0.0,0.060608,0.0,0.321994,0.187506,0.0,0.418291,0.0,0.0,0.0,0.0,0.073028,0.0,0.065359,0.080068,0.510267,0.0,0.0,0.078215,0.060162,0.223502,0.184466,0.161443,0.0,0.516772,1e-06,0.0,0.098448,0.069842,0.0,0.0,0.0,0.484287,0.072946,0.0,0.0,0.246333,0.0,0.0,0.063539,0.074356,0.319939,0.0,0.0,2e-06,0.0,0.09156,0.085612,0.0,0.268456,0.252443,0.206086,0.0,0.0,0.0,0.0,0.354088,0.0,0.091502,0.0,0.548937,0.0,0.0,0.0,0.04267,0.091296,0.090077,0.34132,0.254516,0.0,0.06736,1e-06,0.093616,0.0,0.289144,0.06309,0.089708,0.103703,0.0,0.206084,0.0,0.0,0.0,0.086442,0.0,0.0,0.0,0.204933,0.0,0.25178,0.0,0.163234,0.0,0.088068,0.0,0.28606,4e-06,0.0,0.083434,6e-06,4e-06,1.468935,0.0,0.115427,0.071569,0.23684,0.069177,0.5183,0.246893,0.268585,0.295094,0.07956,0.221984,0.0,1e-06,0.201819,0.0,0.0,0.133673,0.103831,0.149909,0.0,0.132229,0.0,0.0,0.691432,0.0,0.680446,0.0,0.2035,0.0,0.082287,0.0,1.017956,0.0,0.0,0.0,0.0,0.500698,0.075719,0.223277,0.0,0.07315,0.084932,0.0,0.0,0.0,6e-06,0.501007,0.0,0.0,0.0,0.135461,0.0,0.441273,0.194717,0.859778,0.093936,0.127082,1.109414,0.078848,0.0,0.0,0.0,0.0,0.253023,0.178653,0.0,0.217573,0.0,0.323639,0.077391,0.088097,0.214271,0.071372,0.655361,0.1,0.0,7e-06,0.012712,0.102565,0.078769,0.0,0.000813,0.0,0.317954,0.0,0.0,0.0,0.083755,0.0,0.0,0.150474,0.209463,0.171448,0.276358,0.0,0.109125,0.0,0.0,0.077189,0.223752,1e-05,0.0
TCGA-86-A4P8,0.215299,0.0,0.0,0.0,0.0,0.150873,1e-06,0.0,0.152083,0.187793,0.14614,0.000198,0.0,0.0,0.0,0.167339,0.0,0.260523,0.0,0.0,0.0,0.0,0.0,0.0,0.0,0.0,0.14041,0.0,0.14513,0.141666,0.0,0.0,0.162493,1.031861,0.0,0.125896,0.115607,0.001293,0.0,0.0,0.0,0.140347,0.0,0.16368,0.0,0.267179,0.055136,0.0,0.0,0.137095,0.0,0.287824,0.0,0.927923,0.0,0.495483,0.131871,0.0,1e-06,0.146229,0.000257,1e-06,0.0,0.090176,0.069971,0.208438,2e-06,1e-06,0.667033,0.0,0.0,0.0,0.195948,0.120835,0.0,0.0,0.0,0.0,0.0,0.008609,0.0,0.861892,0.129119,0.003648,0.0,0.098273,0.117762,0.0,0.135863,0.152997,0.113181,1.3e-05,0.009915,0.0,0.615469,0.0,0.0,0.0,0.0,0.139652,5e-06,0.0,0.191671,0.175439,0.173975,0.0,0.0,0.33953,0.14067,0.080976,0.105851,0.0,0.10488,2e-06,0.227705,0.0,0.0,0.500619,0.190575,0.14586,0.423729,0.0,0.187491,0.0,0.0,0.011701,0.103866,0.379068,0.214699,0.0,0.181018,0.148504,0.14187,0.124679,0.135834,0.0,0.0,0.0,0.123663,0.0,0.214324,0.121448,0.084869,0.277203,0.0,0.0,0.0,0.211612,0.0,0.0,0.108994,0.132182,0.401622,0.0,0.0,0.107821,0.0,0.08615,0.122442,0.0,0.485556,0.0,3e-06,0.140688,0.0,0.151304,0.159685,0.10668,2e-06,0.388417,0.0,0.138823,0.113342,0.0,0.0,0.0,0.0,0.070407,0.114967,1.058234,0.123034,0.00011,5e-06,0.129561,0.0,0.130824,0.152435,0.144051,0.0,0.0,0.0,0.151501,0.122252,0.000155,0.0,0.147086,0.105888,0.321857,0.153823,0.0,0.125253,0.0,1.689798,0.10061,0.087964,0.0,0.216322,1.417026,0.0,0.0,0.212795,0.0,1e-06,0.0,0.0,0.04211,0.0,1.157221,0.18502,0.0,0.0,0.168831,0.09198,0.14627,0.113395,0.0,0.0,0.0,0.0,0.0,0.0,0.165828,0.162275,0.096965,0.0,0.065949,0.175697,0.110344,0.119366,0.0,0.079592,0.0,0.114318,0.0,0.18787,0.323057,0.188682,0.0,0.132565,0.111049,0.552087,0.0,0.122099,0.022045,0.0,0.0,0.0,0.121105,0.0,0.0,0.0,0.171205,0.0,0.0,0.0,0.122911,0.0,1e-06,0.160603,0.126591,3.2e-05,0.174637,0.123306,0.0,0.247482,0.114673,0.0,0.157275,0.0,0.0,0.13083,0.150979,0.144338,0.147204,0.0,1e-06,0.0,0.0,0.106892,0.186468,0.12439,0.142545,0.0,0.0,0.0,0.163966,0.0,0.0,0.137169,0.139178,0.0,0.133399,1e-06,0.165625,0.091269,0.20103,0.0,0.0,1e-06,0.097727,0.0,0.307697,0.11351,0.0,0.310354,3e-06,0.0,4e-06,0.0,0.114778,0.0,0.125599,0.136725,0.40867,0.0,0.0,0.135252,0.094502,0.147083,0.112868,0.116955,0.0,0.398642,4e-06,2e-06,0.185407,0.123948,0.0,0.0,0.0,0.35801,0.115504,0.0,0.0,0.143739,0.0,0.0,0.126745,0.130745,0.202264,0.0,0.0,9e-06,0.0,0.174826,0.1688,0.0,0.170829,0.15182,0.119106,0.0,0.0,0.0,0.0,0.252927,0.0,0.173332,0.0,0.479487,0.0,0.0,0.0,0.077903,0.16489,0.16342,0.26814,0.149539,0.0,0.109351,5e-06,0.178128,0.0,0.25099,0.118662,0.162392,0.09623,0.0,0.114416,0.0,0.0,0.0,0.172132,0.0,0.0,0.0,0.134913,0.0,0.152291,0.0,0.189144,0.0,0.145972,0.0,0.182071,0.0,0.0,0.147516,0.0,3e-06,1.304139,0.0,0.05213,0.121117,0.151277,0.131406,0.393715,0.138017,0.17437,0.292171,0.136107,0.128396,0.0,4.2e-05,0.174466,0.0,0.0,0.23945,0.17025,0.096555,0.0,0.090089,0.0,4e-06,0.546404,0.0,0.55558,0.0,0.220643,0.0,0.137669,0.0,0.850111,0.0,0.0,0.0,0.0,0.304786,0.140811,0.14444,0.0,0.143747,0.125116,3e-05,0.0,0.0,3e-06,0.468904,0.0,0.0,0.0,0.098783,0.0,0.32624,0.124144,0.735591,0.150113,0.074149,0.928628,0.150155,0.0,0.0,0.0,0.0,0.154125,0.093666,0.0,0.209978,0.0,0.251842,0.136332,0.166871,0.123113,0.136943,0.576272,0.122165,0.0,1e-06,0.013096,0.197916,0.14202,0.0,0.001045,1.3e-05,0.206712,0.0,0.0,0.0,0.139894,0.0,0.0,0.144232,0.133221,0.193999,0.184713,0.0,0.16993,0.0,0.0,0.150116,0.124328,2.1e-05,0.0
TCGA-92-8063,0.283616,0.0,0.0,0.0,0.0,0.198383,0.0,1.6e-05,0.117332,0.244912,0.187311,8e-06,0.0,0.0,0.0,0.215515,0.0,0.282303,0.0,0.0,0.0,0.0,0.0,0.0,0.0,0.0,0.180921,0.0,0.151319,0.192324,0.0,0.0,0.225631,1.050743,0.0,0.084135,0.087696,1e-06,0.0,0.0,0.0,0.110705,0.0,0.20225,0.0,0.287678,0.060831,0.0,0.0,0.098168,0.0,0.309621,0.0,0.978164,0.0,0.494826,0.1823,0.0,0.0,0.176832,0.0,0.0,0.0,0.129622,0.090345,0.181956,5e-06,0.0,0.696356,0.0,0.0,0.0,0.168183,0.156952,0.0,0.0,0.0,0.0,0.0,0.005162,1.5e-05,0.898053,0.152189,0.003507,0.0,0.118776,0.084304,0.0,0.17578,0.189667,0.139363,2e-06,0.001154,0.0,0.630159,0.0,0.0,0.0,0.0,0.171264,3.7e-05,0.0,0.251802,0.229096,0.219259,0.0,0.0,0.382228,0.189982,0.067725,0.12338,0.0,0.085979,0.0,0.209394,5.4e-05,0.0,0.510068,0.236296,0.136871,0.411987,0.0,0.220724,0.0,0.0,0.001939,0.087721,0.401444,0.271251,2e-06,0.212047,0.204094,0.118054,0.086898,0.114286,0.0,0.0,0.0,0.154606,0.0,0.193782,0.153041,0.068661,0.260682,0.0,0.0,0.0,0.219293,0.0,0.0,0.126867,0.097433,0.409616,0.0,0.0,0.141684,0.0,0.104275,0.164414,0.0,0.460948,0.0,0.0,0.191006,0.0,0.110242,0.117503,0.080211,0.0,0.392338,0.0,0.109214,0.138146,0.0,0.0,0.0,0.0,0.096832,0.156713,1.084711,0.160737,0.0,2e-06,0.173818,0.0,0.164486,0.148055,0.192597,0.0,0.0,0.0,0.19655,0.093943,0.0,0.0,0.105407,0.148792,0.361876,0.123486,0.0,0.161406,0.0,1.758172,0.138542,0.110913,0.0,0.199647,1.469984,0.0,0.0,0.277979,0.0,2e-06,0.0,0.0,0.047419,0.0,1.178894,0.150528,0.0,0.0,0.212538,0.062433,0.186591,0.147933,0.0,0.0,0.0,0.0,0.0,0.0,0.21282,0.197846,0.122262,0.0,0.092602,0.216853,0.1321,0.146899,0.0,0.043853,0.0,0.074343,0.0,0.232007,0.307236,0.200755,0.0,0.173581,0.141397,0.551275,0.0,0.16478,0.016031,0.0,0.0,0.0,0.157527,0.0,0.0,0.0,0.220162,0.0,0.0,0.0,0.090809,0.0,0.0,0.20819,0.16226,1e-06,0.219027,0.169157,0.0,0.231809,0.125817,0.0,0.208083,0.0,0.0,0.097992,0.123206,0.179752,0.191443,0.0,0.0,0.0,0.0,0.138425,0.226994,0.154202,0.182955,0.0,0.0,0.0,0.210876,0.0,0.0,0.169721,0.110445,0.0,0.094875,4e-06,0.189525,0.044775,0.218913,0.0,0.0,1e-05,0.123483,0.0,0.334493,0.092579,0.0,0.295449,0.0,1e-06,0.0,0.0,0.156092,0.0,0.163959,0.173957,0.416209,0.0,0.0,0.170319,0.120644,0.116743,0.088508,0.081666,0.0,0.386727,2e-06,0.0,0.229978,0.156438,0.0,0.0,0.0,0.369492,0.144034,0.0,0.0,0.10829,0.0,0.0,0.150881,0.171575,0.154833,0.0,0.0,5e-06,0.0,0.22792,0.216536,0.0,0.153229,0.116033,0.08618,0.0,0.0,0.0,0.0,0.23328,0.0,0.212159,0.0,0.523519,0.0,0.0,0.0,0.098476,0.208471,0.211226,0.272588,0.129294,0.0,0.1356,0.0,0.238213,0.0,0.248635,0.15823,0.193981,0.087994,0.0,0.086829,0.0,0.0,0.0,0.230051,0.0,0.0,0.0,0.101288,0.0,0.106803,0.0,0.246005,0.0,0.196593,0.0,0.179697,0.0,0.0,0.180764,0.0,1e-06,1.369297,0.0,0.027393,0.154742,0.114367,0.168232,0.377371,0.098213,0.146043,0.317309,0.168417,0.102989,0.0,2.5e-05,0.162545,0.0,0.0,0.305947,0.207404,0.066966,0.0,0.057899,0.0,1e-06,0.548455,0.0,0.557539,0.0,0.256919,0.0,0.173258,0.0,0.856434,0.0,0.0,0.0,0.0,0.249769,0.1784,0.132691,0.0,0.175673,0.139342,0.0,0.0,0.0,0.0,0.509941,0.0,0.0,0.0,0.092397,0.0,0.306999,0.109349,0.773662,0.193063,0.049373,0.951564,0.188053,0.0,0.0,0.0,0.0,0.116905,0.05786,0.0,0.234398,0.0,0.237971,0.154628,0.223006,0.097159,0.173232,0.622614,0.13664,0.0,8e-05,0.000812,0.259832,0.191762,0.0,4.8e-05,0.0,0.167066,0.0,0.0,0.0,0.176048,0.0,0.0,0.123504,0.10165,0.239169,0.168801,0.0,0.21364,0.0,0.0,0.201338,0.090102,0.0,0.0
TCGA-93-A4JO,0.283883,0.0,0.0,0.0,0.0,0.191437,0.0,0.0,0.109483,0.242184,0.189629,0.0,2e-06,0.0,0.0,0.215207,0.0,0.272224,0.0,0.0,0.0,0.0,0.0,0.0,0.0,0.0,0.184707,0.0,0.158266,0.18039,0.0,0.0,0.212556,1.028492,0.0,0.082697,0.080064,1e-06,0.0,0.0,0.0,0.100943,0.0,0.205485,0.0,0.258004,0.059517,0.0,0.0,0.101831,0.0,0.314039,0.0,0.955362,0.0,0.476836,0.174942,0.0,0.0,0.173787,2e-06,0.0,0.0,0.114104,0.069219,0.181679,0.0,0.0,0.675,0.0,0.0,0.0,0.152388,0.167225,0.0,0.0,0.0,0.0,0.0,0.008061,0.0,0.869677,0.151878,0.007466,0.0,0.128401,0.090191,0.0,0.171851,0.202858,0.147953,4.1e-05,0.000726,0.0,0.604232,0.0,0.0,0.0,1e-06,0.169811,4e-06,0.0,0.24706,0.238121,0.234607,0.0,0.0,0.363683,0.186852,0.061363,0.125691,0.0,0.079807,0.0,0.179314,0.0,0.0,0.487819,0.241125,0.128288,0.406992,0.0,0.192285,0.0,1e-06,0.001965,0.082279,0.396022,0.276467,0.0,0.216112,0.210445,0.12355,0.097571,0.116742,0.0,0.0,0.0,0.140859,0.0,0.176543,0.151851,0.073151,0.244585,0.0,0.0,0.0,0.199267,0.0,0.0,0.148654,0.104064,0.377724,0.0,0.0,0.143029,0.0,0.117523,0.168383,0.0,0.445986,0.0,0.0,0.181712,0.0,0.114363,0.12343,0.085413,0.0,0.382644,0.0,0.108174,0.143052,0.0,0.0,0.0,0.0,0.087889,0.146133,1.048101,0.150679,0.0,5e-06,0.174332,0.0,0.175123,0.145573,0.18546,0.0,0.0,0.0,0.197375,0.099193,0.0,0.0,0.108878,0.137971,0.346262,0.116779,0.0,0.177583,0.0,1.713018,0.123812,0.112604,0.0,0.202681,1.435249,0.0,0.0,0.268338,0.0,0.0,0.0,0.0,0.053622,0.0,1.154259,0.15015,0.0,0.0,0.221132,0.068651,0.199335,0.152165,0.0,0.0,0.0,0.0,0.0,0.0,0.227799,0.219778,0.122859,0.0,0.077778,0.220993,0.143726,0.159821,0.0,0.041142,0.0,0.072484,0.0,0.237058,0.297757,0.177896,0.0,0.165563,0.146655,0.531374,0.0,0.167784,0.027566,0.0,0.0,0.0,0.161953,0.0,0.0,0.0,0.218953,0.0,0.0,0.0,0.097789,0.0,7e-06,0.201046,0.149632,1e-06,0.23416,0.176099,0.0,0.229517,0.109574,0.0,0.207082,0.0,0.0,0.093389,0.117657,0.179919,0.206607,0.0,0.0,0.0,0.0,0.146183,0.216348,0.15567,0.181907,0.0,0.0,0.0,0.222367,0.0,0.0,0.182006,0.099585,0.0,0.092874,0.0,0.189216,0.051209,0.200768,0.0,1e-06,0.0,0.127959,0.0,0.317692,0.084738,0.0,0.290429,0.0,0.0,0.0,0.0,0.146805,0.0,0.173396,0.17754,0.395415,0.0,0.0,0.169271,0.119474,0.105913,0.083067,0.068725,0.0,0.368983,0.0,0.0,0.232416,0.162445,0.0,0.0,0.0,0.338911,0.149961,0.0,0.0,0.114795,0.0,0.0,0.152007,0.176703,0.155911,0.0,0.0,4e-06,0.0,0.214631,0.204872,0.0,0.141015,0.114565,0.091505,0.0,0.0,0.0,0.0,0.203627,0.0,0.219943,0.0,0.503632,0.0,0.0,0.0,0.11815,0.205773,0.217856,0.261486,0.127431,0.0,0.126064,0.0,0.227072,0.0,0.22629,0.14671,0.204786,0.08684,0.0,0.082519,0.0,0.0,0.0,0.227369,0.0,0.0,0.0,0.096062,1e-06,0.120033,0.0,0.244294,0.0,0.188886,0.0,0.160817,1e-06,0.0,0.188114,0.0,4e-06,1.3293,0.0,0.032288,0.153177,0.117504,0.187428,0.375642,0.096486,0.140013,0.3131,0.179473,0.09722,0.0,1e-06,0.164725,0.0,0.0,0.309311,0.208736,0.056132,0.0,0.053125,0.0,1e-06,0.527907,0.0,0.520381,0.0,0.247555,0.0,0.18707,0.0,0.829204,2e-06,0.0,0.0,0.0,0.252163,0.178776,0.127383,0.0,0.193382,0.149238,0.0,0.0,0.0,1.1e-05,0.483152,0.0,0.0,0.0,0.091514,0.0,0.299889,0.101632,0.752129,0.198861,0.057187,0.92027,0.175416,0.0,0.0,0.0,0.0,0.119513,0.055326,0.0,0.231693,0.0,0.225638,0.156555,0.2141,0.102527,0.164637,0.60879,0.154408,0.0,1.7e-05,0.001457,0.251832,0.189544,0.0,4.4e-05,0.0,0.158379,0.0,0.0,0.0,0.195754,0.0,0.0,0.148816,0.098571,0.240476,0.157514,0.0,0.226515,0.0,0.0,0.200121,0.090145,0.0,0.0
TCGA-93-A4JP,0.105997,0.0,0.0,0.0,0.0,0.094749,0.0,0.0,0.238075,0.107726,0.089802,0.0,3e-06,0.0,0.0,0.077395,0.0,0.257338,0.0,0.0,0.0,0.0,0.0,1e-06,0.0,0.0,0.081399,0.0,0.163747,0.082371,0.0,0.0,0.113733,1.247118,0.0,0.182264,0.180821,3e-06,0.0,0.0,0.0,0.217238,0.0,0.091052,0.0,0.379782,0.024994,0.0,0.0,0.20853,0.0,0.304337,0.0,1.060596,0.0,0.657492,0.088333,0.0,2e-06,0.095363,2e-06,1e-06,0.0,0.053728,0.032539,0.288139,0.0,0.0,0.799593,0.0,0.0,0.0,0.303422,0.064032,0.0,0.0,0.0,0.0,0.0,0.000223,0.0,1.020011,0.071184,0.000178,0.0,0.061494,0.191987,0.0,0.086642,0.118696,0.076896,0.0,0.003722,0.0,0.775563,0.0,0.0,0.0,0.0,0.069579,2.8e-05,0.0,0.101961,0.10097,0.077504,0.0,0.0,0.404843,0.079887,0.132878,0.068851,0.0,0.18297,0.0,0.308383,0.0,0.0,0.647022,0.113047,0.236848,0.543314,0.0,0.300752,0.0,0.0,0.009971,0.170099,0.446419,0.095494,1e-06,0.107194,0.090339,0.227099,0.20671,0.220199,0.0,0.0,0.0,0.093166,0.0,0.318485,0.122312,0.143353,0.368359,0.0,0.0,0.0,0.33693,0.0,0.0,0.064608,0.212535,0.536957,0.0,0.0,0.061456,0.0,0.046036,0.06483,0.0,0.612993,0.0,0.0,0.075936,0.0,0.222725,0.247344,0.176154,0.0,0.50426,0.0,0.200064,0.052151,0.0,0.0,0.0,0.0,0.036021,0.065327,1.238686,0.07717,0.0,1.6e-05,0.066113,0.0,0.072394,0.237784,0.087958,0.0,0.0,0.0,0.061067,0.206159,1e-06,0.0,0.229883,0.070629,0.349347,0.209802,0.0,0.068619,0.0,1.953145,0.070425,0.035202,0.0,0.277691,1.643004,0.0,0.0,0.111572,0.0,0.0,0.0,0.0,0.049207,0.0,1.355154,0.292053,0.0,0.0,0.086498,0.139805,0.06576,0.064972,0.0,0.0,0.0,0.0,0.0,0.0,0.115862,0.060994,0.04621,0.0,0.039597,0.094914,0.039645,0.056805,0.0,0.112772,0.0,0.175233,0.0,0.090802,0.405326,0.260515,0.0,0.06695,0.069875,0.695361,2e-06,0.079016,0.02953,0.0,0.0,0.0,0.08133,0.0,0.0,0.0,0.129002,0.0,0.0,0.0,0.181606,0.0,8e-06,0.09041,0.079129,0.0,0.099005,0.06194,0.0,0.336458,0.115507,0.0,0.087893,0.0,0.0,0.20011,0.241817,0.100569,0.078437,0.0,1e-06,0.0,0.0,0.048577,0.120217,0.068987,0.123066,0.0,0.0,0.0,0.093991,0.0,0.0,0.093464,0.214704,0.0,0.196773,3.1e-05,0.167529,0.119103,0.231241,0.0,0.0,0.0,0.064383,0.0,0.361189,0.180625,0.0,0.406396,0.0,0.0,0.0,0.0,0.070775,0.001063,0.08564,0.07805,0.520983,0.0,0.0,0.066239,0.05783,0.215551,0.173182,0.144071,0.0,0.502142,0.0,0.0,0.113711,0.066649,0.0,0.0,0.0,0.53361,0.074845,0.0,0.0,0.240389,0.0,0.0,0.068077,0.073369,0.307674,0.0,0.0,0.0,0.0,0.105021,0.110499,0.0,0.26893,0.23107,0.187845,0.0,0.0,0.0,0.0,0.378676,0.0,0.105424,0.0,0.581617,0.0,0.0,0.0,0.026667,0.09669,0.096788,0.357671,0.251107,0.0,0.088058,5e-06,0.102797,0.0,0.305216,0.072822,0.096199,0.057059,0.0,0.188357,0.0,0.0,0.0,0.095997,0.0,0.0,0.0,0.192878,0.0,0.243761,0.0,0.169192,0.0,0.091576,0.0,0.300555,2e-06,0.0,0.070798,0.0,2e-06,1.517351,0.0,0.081419,0.06571,0.221901,0.08002,0.508199,0.219351,0.275461,0.299621,0.086138,0.209607,0.0,4.7e-05,0.202411,0.0,0.0,0.115647,0.124197,0.137735,0.0,0.131176,0.0,0.0,0.711771,0.0,0.702072,0.0,0.220168,0.0,0.084502,0.0,1.019868,4e-06,0.0,0.0,0.0,0.48042,0.0588,0.20626,0.0,0.06765,0.071681,0.0,0.0,0.0,1.5e-05,0.550167,0.0,0.0,0.0,0.085274,0.0,0.437147,0.207319,0.88173,0.093334,0.073408,1.131188,0.080138,0.0,0.0,0.0,0.0,0.249467,0.14091,0.0,0.22795,0.0,0.323989,0.077455,0.088319,0.213845,0.072066,0.685964,0.049552,0.0,0.000102,0.00631,0.107059,0.072325,0.0,0.004115,0.0,0.299252,0.0,0.0,0.0,0.0857,0.0,0.0,0.103985,0.210775,0.182133,0.298251,0.0,0.140619,0.0,0.0,0.088329,0.197093,0.0,0.0
TCGA-95-7039,0.124628,0.0,0.0,0.0,0.0,0.107407,0.0,2e-06,0.209917,0.124443,0.104341,1e-06,0.0,0.0,0.0,0.089305,0.0,0.280035,0.0,0.0,0.0,0.0,0.0,0.0,0.0,0.0,0.107792,0.0,0.179884,0.078498,0.0,0.0,0.11803,1.30007,0.0,0.176763,0.158039,7e-06,0.0,0.0,0.0,0.203534,0.0,0.115997,0.0,0.386272,0.038129,0.0,0.0,0.198745,0.0,0.329029,0.0,1.120849,0.0,0.665199,0.095053,0.0,0.0,0.100309,1e-06,0.0,0.0,0.052249,0.036486,0.302879,1e-06,0.0,0.824068,0.0,0.0,0.0,0.290516,0.074659,0.0,0.0,0.0,0.0,0.0,0.005832,0.0,1.086262,0.081958,0.001532,0.0,0.068102,0.200942,0.0,0.099618,0.140193,0.085881,2.3e-05,0.000849,0.0,0.785508,0.0,0.0,0.0,0.0,0.098565,4e-06,0.0,0.117126,0.111297,0.118574,0.0,0.0,0.421476,0.082795,0.148428,0.057656,0.0,0.184124,0.0,0.309146,0.0,0.0,0.659592,0.15194,0.249703,0.571282,0.0,0.312015,0.0,0.0,0.002731,0.172742,0.464372,0.128137,0.0,0.118528,0.098099,0.231611,0.196948,0.226232,0.0,0.0,0.0,0.109073,0.0,0.314262,0.128575,0.150401,0.3761,0.0,0.0,0.0,0.330743,0.0,0.0,0.088178,0.204653,0.539087,0.0,0.0,0.071599,0.0,0.045223,0.077309,0.0,0.634202,0.0,0.0,0.079935,0.0,0.223438,0.236226,0.195148,0.0,0.514508,0.0,0.212741,0.066796,0.0,0.0,0.0,0.0,0.044347,0.073405,1.296596,0.088798,0.0,9e-06,0.08702,0.0,0.085223,0.244893,0.095286,0.0,0.0,0.0,0.072559,0.22142,0.0,0.0,0.236402,0.071509,0.386633,0.206807,0.0,0.088883,0.0,2.060939,0.071991,0.039147,0.0,0.285097,1.743536,0.0,0.0,0.130668,0.0,0.0,0.0,0.0,0.053775,0.0,1.415565,0.292785,0.0,0.0,0.106006,0.136603,0.088942,0.061801,0.0,0.0,0.0,0.0,0.0,0.0,0.147197,0.088556,0.056595,0.0,0.043123,0.116167,0.068663,0.072473,0.0,0.089281,0.0,0.168156,0.0,0.115201,0.409364,0.275721,0.0,0.087548,0.08858,0.703196,0.0,0.088367,0.034817,0.0,0.0,0.0,0.094609,0.0,0.0,0.0,0.156055,0.0,0.0,0.0,0.157841,0.0,3e-06,0.099423,0.077233,1e-06,0.135106,0.060371,0.0,0.340014,0.132565,0.0,0.09028,0.0,0.0,0.203362,0.247665,0.105181,0.113269,0.0,0.0,0.0,0.0,0.05755,0.133062,0.078175,0.119901,0.0,0.0,0.0,0.10127,0.0,0.0,0.103695,0.207657,0.0,0.201921,1e-06,0.185331,0.115575,0.238147,0.0,0.0,0.0,0.078562,0.0,0.380927,0.195855,0.0,0.419005,0.0,0.0,1e-06,0.0,0.092909,0.0,0.085054,0.099462,0.546135,0.0,0.0,0.083126,0.078808,0.210951,0.184158,0.121939,0.0,0.518518,0.0,0.0,0.114485,0.082808,0.0,0.0,0.0,0.534816,0.095003,0.0,0.0,0.226382,0.0,0.0,0.075675,0.085713,0.30627,0.0,0.0,0.0,0.0,0.11542,0.110399,0.0,0.280234,0.232917,0.193735,0.0,0.0,0.0,0.0,0.37827,0.0,0.108545,0.0,0.606086,0.0,1e-06,0.0,0.041933,0.114666,0.116544,0.348338,0.258149,0.0,0.111281,0.0,0.115859,0.0,0.293546,0.0829,0.105204,0.056063,0.0,0.181531,0.0,0.0,0.0,0.103716,0.0,0.0,0.0,0.196816,0.0,0.229582,0.0,0.191862,0.0,0.112182,0.0,0.309902,0.0,0.0,0.099651,0.0,2.3e-05,1.603864,0.0,0.090889,0.08528,0.223404,0.089696,0.516794,0.214352,0.26225,0.307879,0.09992,0.194873,0.0,1e-06,0.194972,0.0,0.0,0.145259,0.133711,0.120567,0.0,0.094238,0.0,0.0,0.734021,0.0,0.716791,0.0,0.238322,0.0,0.091403,0.0,1.066053,0.0,0.0,0.0,0.0,0.488954,0.079675,0.221895,0.0,0.061218,0.083155,0.0,0.0,0.0,4.8e-05,0.583694,0.0,0.0,0.0,0.090239,0.0,0.45505,0.196306,0.948707,0.108298,0.092944,1.180914,0.095465,0.0,0.0,0.0,0.0,0.240394,0.124717,0.0,0.245743,0.0,0.324481,0.084497,0.097673,0.19867,0.08863,0.73551,0.053847,0.0,0.0,0.002146,0.124819,0.085551,0.0,3.9e-05,0.0,0.302375,0.0,0.0,0.0,0.094358,0.0,0.0,0.122057,0.198623,0.210187,0.295631,0.0,0.146459,0.0,0.0,0.101924,0.195701,0.0,0.0
TCGA-95-7567,0.160995,0.0,0.0,0.0,0.0,0.12406,0.0,2e-06,0.195722,0.141676,0.123856,0.0,0.0,0.0,0.0,0.124346,0.0,0.271746,0.0,0.0,0.0,0.0,0.0,0.0,0.0,0.0,0.104116,0.0,0.15723,0.084608,1e-06,0.0,0.129301,1.25248,0.0,0.174169,0.151701,7e-06,0.0,0.0,0.0,0.199782,0.0,0.133598,0.0,0.3446,0.04525,0.0,0.0,0.180582,1e-06,0.322099,0.0,1.10592,0.0,0.641123,0.101642,0.0,0.0,0.108446,1e-06,0.0,0.0,0.044711,0.025627,0.300396,0.0,0.0,0.778099,0.0,0.0,0.0,0.259564,0.088416,0.0,0.0,2e-06,0.0,0.0,0.00823,0.0,1.063307,0.084213,0.009767,0.0,0.062619,0.185518,0.0,0.104187,0.148638,0.078805,7e-06,0.000869,0.0,0.757568,0.0,0.0,0.0,0.0,0.104871,3.9e-05,0.0,0.158043,0.135891,0.144103,0.0,0.0,0.40339,0.084704,0.148233,0.053024,2.7e-05,0.172609,0.0,0.303074,0.0,0.0,0.61676,0.177483,0.220389,0.546992,0.0,0.280586,0.0,0.0,0.002435,0.171618,0.437391,0.172764,0.0,0.136382,0.112832,0.219013,0.188049,0.203411,0.0,0.0,0.0,0.109907,0.0,0.291448,0.113308,0.151253,0.364542,0.0,0.0,0.0,0.29886,0.0,0.0,0.092289,0.183673,0.513286,0.0,0.0,0.092499,0.0,0.051497,0.091646,0.0,0.594787,0.0,0.0,0.091063,0.0,0.20483,0.210964,0.192356,0.0,0.464417,0.0,0.200489,0.070528,0.0,0.0,0.0,0.0,0.063399,0.080819,1.268093,0.088296,0.0,1.2e-05,0.105493,0.0,0.108221,0.206404,0.102471,0.0,0.0,0.0,0.09452,0.204996,0.0,0.0,0.217587,0.069774,0.367411,0.195191,0.0,0.096355,0.0,2.013314,0.058733,0.049665,0.0,0.276097,1.697691,0.0,0.0,0.162454,0.0,0.0,0.0,0.0,0.035532,0.0,1.36246,0.264131,0.0,0.0,0.123574,0.12157,0.110599,0.073528,0.0,0.0,0.0,0.0,0.0,0.0,0.159003,0.131952,0.070917,0.0,0.036168,0.123565,0.069523,0.071554,0.0,0.08776,0.0,0.158,0.0,0.138474,0.398924,0.245145,0.0,0.101079,0.082597,0.674474,0.0,0.100819,0.018803,0.0,0.0,0.0,0.102814,0.0,0.0,0.0,0.16059,0.0,0.0,0.0,0.138955,0.0,3e-06,0.111611,0.080206,0.0,0.148191,0.073669,0.0,0.32236,0.136678,0.0,0.119056,0.0,0.0,0.180947,0.224428,0.105729,0.140274,0.0,0.0,0.0,0.0,0.075768,0.136623,0.086472,0.124503,0.0,0.0,0.0,0.127136,0.0,0.0,0.099034,0.201435,0.0,0.190107,2e-06,0.175551,0.106569,0.235005,0.0,0.0,0.0,0.080671,0.0,0.362196,0.176183,0.0,0.412241,0.0,1e-06,2e-06,0.0,0.108094,0.0,0.090061,0.10785,0.511701,0.0,0.0,0.099226,0.076132,0.191116,0.179073,0.117013,0.0,0.50838,0.0,0.0,0.124159,0.088564,0.0,0.0,0.0,0.472679,0.097269,1e-06,0.0,0.212245,0.0,0.0,0.077049,0.095708,0.283852,0.0,0.0,0.0,0.0,0.121795,0.125827,0.0,0.259082,0.224789,0.183811,0.0,0.0,0.0,0.0,0.341289,0.0,0.128836,0.0,0.569339,0.0,0.0,0.0,0.03559,0.127684,0.122348,0.322113,0.229836,0.0,0.092941,0.0,0.130032,0.0,0.291925,0.086488,0.110828,0.072059,0.0,0.171281,0.0,0.0,0.0,0.113396,0.0,0.0,0.0,0.188539,0.0,0.203774,0.0,0.185933,0.0,0.136505,0.0,0.276671,1e-06,0.0,0.104643,0.0,1e-05,1.569867,0.0,0.102986,0.082146,0.214634,0.090646,0.506656,0.20336,0.232337,0.297329,0.086206,0.18596,1e-06,0.0,0.181234,0.0,0.0,0.203746,0.134368,0.114311,0.0,0.089223,0.0,0.0,0.698341,0.0,0.692656,0.0,0.236476,0.0,0.099769,0.0,1.020058,1e-06,0.0,0.0,0.0,0.446093,0.099025,0.213546,0.0,0.08089,0.096335,0.0,0.0,0.0,3e-06,0.558423,0.0,0.0,0.0,0.075955,0.0,0.441592,0.174685,0.934962,0.128499,0.111404,1.140046,0.112736,0.0,0.0,0.0,0.0,0.224191,0.11143,0.0,0.223919,0.0,0.322261,0.086776,0.117626,0.192583,0.098797,0.707991,0.076353,0.0,2e-06,0.002039,0.145603,0.109698,0.0,7.6e-05,0.0,0.269132,0.0,0.0,0.0,0.108434,0.0,0.0,0.127901,0.184494,0.199899,0.273929,0.0,0.160532,0.0,0.0,0.122839,0.180072,0.0,0.0
TCGA-96-8169,0.246827,0.0,0.0,0.0,0.0,0.154241,0.0,0.0,0.154121,0.208703,0.164408,0.0,3.9e-05,0.0,0.0,0.187112,0.0,0.276331,0.0,0.0,0.0,0.0,0.0,2e-06,0.0,0.0,0.153102,0.0,0.135187,0.146685,0.0,0.0,0.170434,1.09086,0.0,0.136234,0.117794,0.0,0.0,0.0,0.0,0.146643,0.0,0.186668,0.0,0.255012,0.070444,0.0,0.0,0.13204,0.0,0.310113,0.0,0.996129,0.0,0.526705,0.14433,0.0,0.0,0.144657,0.0,0.0,0.0,0.096785,0.055664,0.224854,1e-06,0.0,0.697844,0.0,0.0,0.0,0.205568,0.133685,0.0,0.0,0.0,0.0,0.0,0.00903,0.0,0.921716,0.13915,0.012942,0.0,0.093248,0.130232,0.0,0.136998,0.170836,0.122198,7.8e-05,0.003617,0.0,0.649415,0.0,0.0,0.0,2e-06,0.15267,1e-06,0.0,0.221323,0.199299,0.198468,0.0,0.0,0.35336,0.145954,0.107221,0.110008,0.0,0.129437,0.0,0.239717,0.0,0.0,0.513149,0.206196,0.153607,0.459296,0.0,0.188894,0.0,0.0,0.009773,0.118726,0.405805,0.253724,0.0,0.19577,0.160488,0.155834,0.135628,0.148721,0.0,0.0,0.0,0.135098,0.0,0.228176,0.108818,0.110642,0.292354,0.0,0.0,0.0,0.208259,0.0,0.0,0.118169,0.14274,0.414727,0.0,0.0,0.123893,0.0,0.098039,0.142539,0.0,0.508762,0.0,0.0,0.153965,0.0,0.165796,0.166419,0.130173,0.0,0.403034,0.0,0.136277,0.123651,0.0,0.0,0.0,0.0,0.086129,0.127752,1.115481,0.118704,0.0,2e-06,0.151737,0.0,0.148469,0.154319,0.147533,0.0,0.0,0.0,0.164688,0.149012,0.0,0.0,0.159448,0.107533,0.348957,0.173788,0.0,0.136838,0.0,1.794993,0.095153,0.095504,0.0,0.232262,1.490449,0.0,0.0,0.238713,0.0,0.0,0.0,0.0,0.034954,0.0,1.211209,0.193672,0.0,0.0,0.177507,0.097411,0.170079,0.11582,0.0,0.0,0.0,0.0,0.0,0.0,0.189158,0.187984,0.110183,0.0,0.065093,0.183994,0.122262,0.133678,0.0,0.076682,0.0,0.121152,0.0,0.217469,0.344608,0.167061,0.0,0.139902,0.118668,0.574398,0.0,0.136518,0.016209,0.0,0.0,0.0,0.133165,0.0,0.0,0.0,0.190213,0.0,0.0,0.0,0.109492,0.0,0.00021,0.172297,0.124856,1.6e-05,0.194402,0.134401,0.0,0.273229,0.127417,0.0,0.172508,0.0,0.0,0.136433,0.165332,0.140151,0.170635,0.0,0.0,0.0,0.0,0.120173,0.180482,0.131362,0.134853,0.0,0.0,0.0,0.171846,0.0,0.0,0.139498,0.155889,0.0,0.140211,1e-06,0.172175,0.102695,0.209329,0.0,0.0,0.0,0.106422,0.0,0.310495,0.121958,0.0,0.333439,0.0,0.0,0.0,0.0,0.133622,0.0,0.123274,0.146787,0.428518,0.0,0.0,0.152097,0.10442,0.148546,0.126581,0.110837,0.0,0.431391,0.0,0.0,0.196319,0.129764,0.0,0.0,0.0,0.369887,0.122569,0.0,0.0,0.162707,0.0,0.0,0.13374,0.14632,0.216373,0.0,0.0,0.0,0.0,0.181401,0.168139,0.0,0.185354,0.171332,0.131012,0.0,0.0,0.0,0.0,0.252445,0.0,0.184841,0.0,0.500143,0.0,0.0,0.0,0.0814,0.177441,0.177589,0.290302,0.158198,0.0,0.100691,0.0,0.195541,0.0,0.255727,0.121266,0.164722,0.114785,0.0,0.123267,0.0,0.0,0.0,0.18287,0.0,0.0,0.0,0.135583,0.0,0.155499,0.0,0.203944,0.0,0.16615,0.0,0.198542,0.0,0.0,0.156305,0.0,1.6e-05,1.3816,0.0,0.072864,0.124167,0.154229,0.139361,0.4187,0.153895,0.179925,0.296636,0.134015,0.148355,0.0,0.0,0.1711,0.0,0.0,0.276635,0.164649,0.100439,0.0,0.075669,0.0,0.0,0.565726,0.0,0.583974,0.0,0.22743,0.0,0.15738,0.0,0.907111,0.0,0.0,0.0,0.0,0.334804,0.159005,0.171712,0.0,0.145991,0.131433,0.0,0.0,0.0,1.7e-05,0.486251,0.0,0.0,0.0,0.124842,0.0,0.350498,0.126738,0.794098,0.163897,0.102212,0.985772,0.159903,0.0,0.0,0.0,0.0,0.166801,0.105854,0.0,0.222986,0.0,0.264454,0.13515,0.180219,0.134541,0.153013,0.618961,0.14458,0.0,0.0,0.008082,0.215169,0.160793,0.0,0.000314,0.0,0.211153,0.0,0.0,0.0,0.151388,0.0,0.0,0.164714,0.133691,0.212038,0.187373,0.0,0.176806,0.0,0.0,0.168559,0.137929,0.0,0.0
TCGA-96-A4JK,0.381193,0.0,0.0,0.0,0.0,0.23914,0.0,0.0,0.07347,0.320294,0.246123,0.0,0.0,0.0,0.0,0.292873,0.0,0.286959,0.0,0.0,0.0,0.0,0.0,0.0,0.0,0.0,0.232723,0.0,0.135689,0.236772,0.0,0.0,0.267996,0.946572,0.0,0.054847,0.04897,0.0,0.0,0.0,0.0,0.06305,0.0,0.271913,0.0,0.18845,0.086957,0.0,0.0,0.059179,0.0,0.319104,0.0,0.933516,0.0,0.408515,0.220745,0.0,0.0,0.208627,0.0,0.0,0.0,0.160939,0.088025,0.13321,2e-06,0.0,0.631505,0.0,0.0,0.0,0.101584,0.214822,0.0,0.0,0.0,0.0,0.0,0.01295,0.0,0.823322,0.198436,0.016311,0.0,0.14136,0.050416,0.0,0.205044,0.239702,0.176882,5.5e-05,0.000315,0.0,0.537035,0.0,0.0,0.0,0.0,0.218902,1e-05,0.0,0.328807,0.314833,0.304436,0.0,0.0,0.348996,0.252636,0.047745,0.154346,0.0,0.047663,0.0,0.14384,0.0,0.0,0.408346,0.290974,0.083535,0.347181,0.0,0.127214,0.0,6e-06,0.000987,0.054376,0.383744,0.389956,0.0,0.278281,0.265047,0.069909,0.047645,0.0701,0.0,0.0,0.0,0.175042,0.0,0.130382,0.133151,0.0474,0.201597,0.0,0.0,0.0,0.129382,0.0,0.0,0.182779,0.063943,0.316276,0.0,0.0,0.187598,0.0,0.152647,0.227269,0.0,0.387295,0.0,0.0,0.247448,0.0,0.073287,0.073627,0.060619,0.0,0.32135,0.0,0.065056,0.191418,0.0,0.0,0.0,0.0,0.135009,0.195955,0.988521,0.186117,0.0,2e-06,0.2342,0.0,0.21623,0.089937,0.233029,0.0,0.0,0.0,0.272899,0.061907,0.0,0.0,0.065774,0.17155,0.354056,0.107121,0.0,0.218919,0.0,1.627198,0.152485,0.157462,0.0,0.172586,1.348603,0.0,0.0,0.371687,0.0,0.0,0.0,0.0,0.03213,0.0,1.072085,0.089559,0.0,0.0,0.283178,0.037027,0.270228,0.194937,0.0,0.0,0.0,0.0,0.0,0.0,0.272089,0.297707,0.160051,0.0,0.09714,0.278271,0.188826,0.205658,0.0,0.021786,0.0,0.043758,0.0,0.326904,0.262664,0.124702,0.0,0.212536,0.179371,0.463383,0.0,0.20985,0.009495,0.0,0.0,0.0,0.195574,0.0,0.0,0.0,0.266185,0.0,0.0,0.0,0.053338,0.0,0.0,0.26916,0.190216,0.0,0.290558,0.229511,0.0,0.189282,0.1159,0.0,0.270758,0.0,0.0,0.056968,0.071307,0.20891,0.263193,0.0,0.0,1e-06,0.0,0.19116,0.255714,0.189143,0.190769,0.0,0.0,0.0,0.274735,0.0,0.0,0.205478,0.066984,0.0,0.056331,8e-06,0.190728,0.035268,0.195844,0.0,0.0,2e-06,0.153302,0.0,0.28225,0.058124,0.0,0.238998,0.0,0.0,0.0,0.0,0.189873,0.0,0.206266,0.218847,0.342473,0.0,0.0,0.227901,0.146438,0.066164,0.0599,0.052909,0.0,0.330949,0.0,0.0,0.304923,0.202146,0.0,0.0,0.0,0.253623,0.181351,0.0,0.0,0.066376,0.0,0.0,0.200797,0.230103,0.100833,0.0,0.0,1e-06,0.0,0.276237,0.255396,0.0,0.093867,0.074259,0.05356,0.0,0.0,0.0,0.0,0.135045,0.0,0.279615,0.0,0.464728,0.0,0.0,0.0,0.152027,0.257774,0.281291,0.222368,0.073012,0.0,0.13607,0.0,0.294872,0.0,0.209418,0.182386,0.252525,0.127975,0.0,0.046762,0.0,0.0,0.0,0.300262,0.0,0.0,0.0,0.05752,0.0,0.063598,0.0,0.273833,0.0,0.238758,0.0,0.107652,0.0,0.0,0.242305,0.0,3e-06,1.256906,0.0,0.025085,0.192249,0.069047,0.223817,0.314544,0.056913,0.08731,0.318922,0.208192,0.065026,0.0,0.0,0.147521,0.0,0.0,0.418119,0.231482,0.035084,0.0,0.024512,0.0,0.0,0.441082,0.0,0.454068,0.0,0.256446,0.0,0.233951,0.0,0.770809,0.0,0.0,0.0,0.0,0.156708,0.24604,0.105872,0.0,0.253355,0.175182,0.0,0.0,0.0,2e-06,0.443959,0.0,0.0,0.0,0.121223,0.0,0.250589,0.063696,0.713592,0.24278,0.081511,0.850876,0.232377,0.0,0.0,0.0,0.0,0.07476,0.034209,0.0,0.224917,0.0,0.193549,0.190346,0.294871,0.061498,0.220523,0.569861,0.220331,0.0,8e-06,0.000639,0.342843,0.248947,0.0,6e-06,0.0,0.10545,0.0,0.0,0.0,0.240678,0.0,0.0,0.174669,0.062956,0.271232,0.093214,0.0,0.252483,0.0,0.0,0.257866,0.054589,0.0,0.0
TCGA-97-7553,0.321904,0.0,0.0,0.0,0.0,0.197124,0.0,0.0,0.112484,0.269324,0.211321,0.0,0.0,0.0,0.0,0.247702,0.0,0.285333,0.0,0.0,0.0,0.0,0.0,0.0,0.0,0.0,0.188083,0.0,0.136252,0.202387,0.0,0.0,0.226936,1.043097,0.0,0.097011,0.088019,0.0,0.0,0.0,0.0,0.114419,0.0,0.231306,0.0,0.23563,0.076016,0.0,0.0,0.098107,0.0,0.315637,0.0,0.993602,0.0,0.482377,0.191332,0.0,0.0,0.180485,0.0,0.0,0.0,0.129512,0.073021,0.196512,0.0,0.0,0.689311,0.0,0.0,0.0,0.154999,0.171903,0.0,0.0,1e-06,0.0,0.0,0.010419,0.0,0.900636,0.169527,0.01782,0.0,0.113995,0.094216,0.0,0.185557,0.208305,0.137914,0.0,0.003091,0.0,0.615664,0.0,0.0,0.0,0.0,0.185281,1e-06,0.0,0.2803,0.26103,0.252035,0.0,0.0,0.365395,0.190381,0.082336,0.133478,1e-06,0.094437,0.0,0.20452,0.0,0.0,0.478015,0.257657,0.125158,0.419244,0.0,0.178004,0.0,0.0,0.005915,0.089905,0.406405,0.331482,0.0,0.238342,0.211513,0.120667,0.098576,0.115512,0.0,0.0,0.0,0.162348,0.0,0.18791,0.120398,0.078973,0.259012,0.0,0.0,0.0,0.182295,0.0,0.0,0.148363,0.100309,0.383015,0.0,0.0,0.162058,0.0,0.128509,0.186084,0.0,0.463782,0.0,0.0,0.210563,0.0,0.114472,0.119822,0.095726,0.0,0.374748,0.0,0.108842,0.154475,0.0,0.0,0.0,0.0,0.114678,0.170372,1.088188,0.155242,1e-06,0.0,0.193812,0.0,0.184959,0.131391,0.195097,0.0,0.0,0.0,0.219929,0.105124,0.0,0.0,0.118596,0.132032,0.35563,0.140611,0.0,0.176689,0.0,1.763776,0.125903,0.128585,0.0,0.208494,1.463061,0.0,0.0,0.31907,0.0,0.0,0.0,0.0,0.033176,0.0,1.178032,0.140338,0.0,0.0,0.235595,0.063467,0.218445,0.164858,0.0,0.0,0.0,0.0,0.0,0.0,0.230541,0.245082,0.142478,0.0,0.084553,0.238955,0.149033,0.166845,0.0,0.054226,0.0,0.080696,0.0,0.273995,0.319133,0.150196,0.0,0.175566,0.147973,0.538058,0.0,0.18138,0.014287,0.0,0.0,0.0,0.166266,0.0,0.0,0.0,0.229687,0.0,0.0,0.0,0.084486,0.0,0.0,0.235214,0.166885,0.0,0.24289,0.184308,0.0,0.243381,0.12956,0.0,0.23231,0.0,0.0,0.097441,0.118723,0.183105,0.224471,0.0,0.0,0.0,0.0,0.159141,0.231296,0.170622,0.174763,0.0,0.0,0.0,0.221042,0.0,0.0,0.173079,0.115904,0.0,0.097428,1e-06,0.178399,0.060992,0.213225,0.0,0.0,0.0,0.135296,0.0,0.31087,0.091956,0.0,0.29648,0.0,0.0,0.0,0.0,0.165492,0.0,0.16465,0.186642,0.401792,0.0,0.0,0.190614,0.120785,0.115636,0.094246,0.097206,0.0,0.39459,0.0,0.0,0.254326,0.163291,0.0,0.0,0.0,0.331543,0.15203,0.0,0.0,0.118273,0.0,0.0,0.170744,0.185617,0.15511,0.0,0.0,0.0,0.0,0.237927,0.216909,0.0,0.141487,0.12686,0.095583,0.0,0.0,0.0,0.0,0.205585,0.0,0.241168,0.0,0.499114,0.0,0.0,0.0,0.115915,0.221225,0.229074,0.270391,0.124206,0.0,0.113774,0.0,0.259439,0.0,0.25352,0.148692,0.215469,0.118353,0.0,0.093131,0.0,0.0,0.0,0.242805,0.0,0.0,0.0,0.102252,0.0,0.108886,0.0,0.246575,0.0,0.208166,0.0,0.167044,0.0,0.0,0.196562,0.0,0.0,1.35469,0.0,0.053943,0.160407,0.11475,0.184326,0.379547,0.105465,0.132962,0.316379,0.173591,0.109686,0.0,0.0,0.164717,0.0,0.0,0.362341,0.208586,0.072225,0.0,0.05656,0.0,0.0,0.514051,0.0,0.537538,0.0,0.253049,0.0,0.200823,0.0,0.851064,0.0,0.0,0.0,0.0,0.249914,0.203515,0.136128,0.0,0.194708,0.155254,0.0,0.0,0.0,0.0,0.490278,0.0,0.0,0.0,0.119152,0.0,0.308525,0.104614,0.774867,0.208246,0.084465,0.93812,0.211312,0.0,0.0,0.0,0.0,0.123164,0.0715,0.0,0.227044,0.0,0.23647,0.163151,0.23554,0.0959,0.184946,0.609325,0.172063,0.0,0.0,0.002204,0.28462,0.209217,0.0,1.9e-05,0.0,0.165999,0.0,0.0,0.0,0.19323,0.0,0.0,0.156108,0.099404,0.244677,0.147864,0.0,0.226078,0.0,0.0,0.222552,0.100107,0.0,0.0
TCGA-97-8177,0.225712,0.0,0.0,0.0,0.0,0.165761,0.0,0.0,0.156398,0.206673,0.161213,0.0,0.0,0.0,0.0,0.164606,0.0,0.277721,0.0,0.0,0.0,0.0,0.0,0.0,0.0,0.0,0.156728,0.0,0.165093,0.145344,0.0,0.0,0.183139,1.138706,0.0,0.125649,0.113013,0.0,0.0,0.0,0.0,0.145914,0.0,0.176677,0.0,0.313157,0.059781,0.0,0.0,0.1355,0.0,0.319134,0.0,1.017907,0.0,0.553414,0.146939,0.0,0.0,0.148163,0.0,0.0,0.0,0.100375,0.065159,0.220485,2e-06,0.0,0.734471,0.0,0.0,0.0,0.207846,0.123207,0.0,0.0,0.0,0.0,0.0,0.00854,0.0,0.955298,0.133362,0.006581,0.0,0.098707,0.1298,0.0,0.134382,0.173152,0.126346,5e-06,0.001,0.0,0.677591,0.0,0.0,0.0,0.0,0.149661,2e-06,0.0,0.205101,0.190395,0.178167,0.0,0.0,0.392172,0.154516,0.098972,0.096642,0.0,0.121063,0.0,0.238745,0.0,0.0,0.547233,0.193871,0.176386,0.464337,0.0,0.240415,0.0,0.0,0.002913,0.118868,0.424374,0.217252,0.0,0.184483,0.161038,0.151005,0.120258,0.157192,0.0,0.0,0.0,0.135741,0.0,0.234085,0.137589,0.096253,0.295778,0.0,0.0,0.0,0.255203,0.0,0.0,0.119375,0.148261,0.452178,0.0,0.0,0.119562,0.0,0.08502,0.136182,0.0,0.51925,0.0,0.0,0.144944,0.0,0.154433,0.16347,0.120867,0.0,0.425713,0.0,0.135579,0.113526,0.0,0.0,0.0,0.0,0.082265,0.122227,1.152035,0.135966,0.0,1.1e-05,0.139443,0.0,0.141063,0.18485,0.152746,0.0,0.0,0.0,0.150321,0.145041,0.0,0.0,0.152579,0.116562,0.365996,0.156688,0.0,0.134121,0.0,1.849398,0.104609,0.082699,0.0,0.225361,1.546602,0.0,0.0,0.223344,0.0,0.0,0.0,0.0,0.049642,0.0,1.240668,0.208928,0.0,0.0,0.169731,0.093078,0.153911,0.112874,0.0,0.0,0.0,0.0,0.0,0.0,0.191406,0.159151,0.096836,0.0,0.068413,0.175713,0.103681,0.123056,0.0,0.05719,0.0,0.113479,0.0,0.195997,0.337245,0.221404,0.0,0.13946,0.124396,0.603984,0.0,0.131318,0.020718,0.0,0.0,0.0,0.138808,0.0,0.0,0.0,0.198177,0.0,0.0,0.0,0.111549,0.0,1e-06,0.160851,0.124881,0.0,0.18374,0.122743,0.0,0.260702,0.122054,0.0,0.165166,0.0,0.0,0.135082,0.164069,0.142855,0.157218,0.0,0.0,0.0,0.0,0.106912,0.188776,0.118593,0.157995,0.0,0.0,0.0,0.172339,0.0,0.0,0.150201,0.153421,0.0,0.132263,9e-06,0.186545,0.07426,0.220065,0.0,0.0,0.0,0.111648,0.0,0.341925,0.127549,0.0,0.331685,0.0,0.0,0.0,0.0,0.132537,0.0,0.130795,0.140022,0.461898,0.0,0.0,0.135115,0.106186,0.149927,0.129667,0.088661,0.0,0.432094,0.0,0.0,0.192233,0.126972,0.0,0.0,0.0,0.420948,0.129979,0.0,0.0,0.155372,0.0,0.0,0.125752,0.141649,0.218036,0.0,0.0,0.0,0.0,0.185183,0.172471,0.0,0.204753,0.161323,0.130977,0.0,0.0,0.0,0.0,0.277283,0.0,0.17339,0.0,0.538578,0.0,0.0,0.0,0.073198,0.176023,0.177972,0.295929,0.170453,0.0,0.126878,0.0,0.185875,0.0,0.256533,0.13846,0.164532,0.088161,0.0,0.115298,0.0,0.0,0.0,0.183948,0.0,0.0,0.0,0.130226,0.0,0.148432,0.0,0.213786,0.0,0.160064,0.0,0.227551,0.0,0.0,0.151661,0.0,7e-06,1.438958,0.0,0.048604,0.118007,0.151503,0.133612,0.421402,0.145394,0.191807,0.313459,0.139645,0.144862,0.0,0.0,0.167416,0.0,0.0,0.24541,0.164762,0.088505,0.0,0.065589,0.0,0.0,0.606654,0.0,0.607942,0.0,0.242571,0.0,0.146785,0.0,0.930397,0.0,0.0,0.0,0.0,0.341486,0.141664,0.168304,0.0,0.1337,0.120646,0.0,0.0,0.0,0.0,0.522934,0.0,0.0,0.0,0.098643,0.0,0.358295,0.13187,0.825597,0.160829,0.076817,1.027262,0.153002,0.0,0.0,0.0,0.0,0.166489,0.078239,0.0,0.236702,0.0,0.265306,0.129408,0.181532,0.142395,0.152333,0.660474,0.112562,0.0,4e-06,0.00181,0.208806,0.146002,0.0,1.5e-05,0.0,0.224914,0.0,0.0,0.0,0.149935,0.0,0.0,0.132181,0.14409,0.225795,0.208412,0.0,0.187521,0.0,0.0,0.161785,0.130122,0.0,0.0
TCGA-97-A4M0,0.070742,0.0,0.0,0.0,0.0,0.054566,0.0,0.0,0.283099,0.066843,0.057144,0.0,1.3e-05,0.0,0.0,0.048323,0.0,0.252394,0.0,0.0,0.0,0.0,0.0,0.0,0.0,0.0,0.051466,0.0,0.144237,0.043359,0.0,0.0,0.066959,1.308508,0.0,0.242571,0.218094,7e-06,0.0,0.0,0.0,0.275275,0.0,0.060273,0.0,0.365339,0.034896,0.0,0.0,0.253505,0.0,0.297358,0.0,1.082792,0.0,0.709564,0.05339,0.0,0.0,0.05317,0.0,0.0,0.0,0.029098,0.014541,0.325255,0.0,0.0,0.814442,0.0,0.0,0.0,0.352116,0.039302,0.0,0.0,0.0,0.0,0.0,0.000762,0.0,1.066709,0.0413,0.004123,0.0,0.032782,0.243322,0.0,0.05002,0.091272,0.047122,0.0,0.008358,0.0,0.816812,0.0,0.0,0.0,1e-06,0.04924,1.7e-05,0.0,0.066503,0.061488,0.054536,0.0,0.0,0.381968,0.042919,0.182232,0.050794,0.0,0.236803,0.0,0.361663,1e-06,0.0,0.661114,0.070924,0.272035,0.607231,0.0,0.282024,0.0,0.0,0.020514,0.218674,0.452849,0.065959,0.0,0.076552,0.053196,0.275428,0.270748,0.249685,0.0,0.0,0.0,0.073272,0.0,0.365355,0.067055,0.195713,0.416482,0.0,0.0,0.0,0.340492,0.0,0.0,0.044364,0.26665,0.567769,0.0,0.0,0.038342,0.0,0.035275,0.040476,0.0,0.671742,0.0,0.0,0.043526,0.0,0.29486,0.306614,0.227443,0.0,0.532987,0.0,0.242106,0.032871,0.0,0.0,0.0,0.0,0.027263,0.036426,1.28268,0.043312,0.0,4e-06,0.044819,0.0,0.050177,0.238276,0.048578,0.0,0.0,0.0,0.040564,0.276133,0.0,0.0,0.293582,0.036688,0.342617,0.268696,0.0,0.05,0.0,2.014082,0.034723,0.025428,0.0,0.313364,1.685401,0.0,0.0,0.070029,0.0,0.0,0.0,0.0,0.029772,0.0,1.414837,0.345872,0.0,0.0,0.055702,0.181181,0.046986,0.035952,0.0,0.0,0.0,0.0,0.0,0.0,0.079293,0.053759,0.027257,0.0,0.017494,0.059041,0.02762,0.037623,0.0,0.154437,0.0,0.226506,0.0,0.063784,0.43963,0.225904,0.0,0.04337,0.043281,0.740816,0.0,0.044366,0.02591,0.0,0.0,0.0,0.052333,0.0,0.0,0.0,0.09786,0.0,0.0,0.0,0.201052,0.0,0.000168,0.048724,0.041651,4e-06,0.065816,0.035381,0.0,0.386738,0.113913,0.0,0.055384,0.0,0.0,0.254161,0.293535,0.057257,0.053541,0.0,0.0,0.0,0.0,0.031386,0.064711,0.036762,0.067463,0.0,0.0,0.0,0.056717,0.0,0.0,0.054545,0.270889,0.0,0.249648,8e-06,0.150904,0.178052,0.223157,0.0,0.0,0.0,0.042625,0.0,0.345291,0.22666,0.0,0.45966,0.0,0.0,0.0,0.0,0.048279,0.0,0.047558,0.050467,0.549994,0.0,0.0,0.040873,0.033027,0.26321,0.219122,0.179349,0.0,0.559326,0.0,0.0,0.067324,0.040487,0.0,0.0,0.0,0.562927,0.045969,0.0,0.0,0.289919,0.0,0.0,0.037843,0.052446,0.372716,0.0,0.0,0.0,0.0,0.063038,0.060632,0.0,0.321273,0.291043,0.239427,0.0,0.0,0.0,0.0,0.415655,0.0,0.05951,0.0,0.578192,0.0,0.0,0.0,0.02023,0.058031,0.056758,0.377849,0.294155,0.0,0.054995,0.0,0.05807,0.0,0.311922,0.042044,0.054906,0.081309,0.0,0.239587,0.0,0.0,0.0,0.05706,0.0,0.0,0.0,0.225938,0.0,0.296683,0.0,0.134292,0.0,0.052452,0.0,0.332402,0.0,0.0,0.046482,0.0,3.3e-05,1.554246,0.0,0.130559,0.036229,0.27463,0.046375,0.564565,0.288528,0.31908,0.283744,0.049981,0.267218,0.0,0.0,0.211297,0.0,0.0,0.078225,0.075193,0.176586,0.0,0.153295,0.0,0.0,0.757119,0.0,0.744335,0.0,0.185564,0.0,0.053257,0.0,1.078709,0.0,0.0,0.0,0.0,0.580152,0.038831,0.260829,0.0,0.040563,0.051855,0.0,0.0,0.0,1e-06,0.524087,0.0,0.0,0.0,0.11553,0.0,0.489701,0.233892,0.912256,0.056934,0.120995,1.187848,0.05152,0.0,0.0,0.0,0.0,0.300669,0.196699,0.0,0.215192,0.0,0.35313,0.041391,0.054175,0.254924,0.045874,0.692638,0.067478,0.0,3.5e-05,0.015172,0.067406,0.046094,0.0,0.000316,0.0,0.357937,0.0,0.0,0.0,0.048708,0.0,0.0,0.133148,0.244749,0.156393,0.333248,0.0,0.090441,0.0,0.0,0.05201,0.254427,0.0,0.0
TCGA-97-A4M2,0.259743,0.0,0.0,0.0,0.0,0.14597,0.0,0.0,0.155735,0.215658,0.170642,0.0,1e-06,0.0,0.0,0.192373,0.0,0.257782,0.0,0.0,0.0,0.0,0.0,0.0,0.0,0.0,0.155832,0.0,0.126047,0.143855,0.0,0.0,0.180793,1.092398,0.0,0.138033,0.122508,9e-06,0.0,0.0,0.0,0.154464,0.0,0.192289,0.0,0.247621,0.064043,0.0,0.0,0.135282,0.0,0.305062,0.0,1.006473,0.0,0.529028,0.148379,0.0,0.0,0.137409,0.0,0.0,0.0,0.092771,0.030884,0.224404,0.0,0.0,0.694127,0.0,0.0,0.0,0.202364,0.137289,0.0,0.0,9e-06,0.0,0.0,0.001164,0.0,0.917815,0.130543,0.025124,0.0,0.08486,0.132326,0.0,0.137802,0.174618,0.122041,0.0,0.003552,0.0,0.6543,0.0,0.0,0.0,0.0,0.149001,6e-06,0.0,0.236614,0.207797,0.197333,0.0,0.0,0.337969,0.14352,0.108092,0.106067,1e-06,0.13187,0.0,0.236064,2e-06,0.0,0.499725,0.207051,0.158208,0.458472,0.0,0.181021,0.0,0.0,0.009941,0.121199,0.402249,0.266142,0.0,0.206009,0.177432,0.159561,0.146858,0.144247,0.0,0.0,0.0,0.119584,0.0,0.232167,0.102449,0.114114,0.284047,0.0,0.0,0.0,0.207309,0.0,0.0,0.128542,0.144723,0.407732,0.0,0.0,0.131439,0.0,0.099128,0.138009,0.0,0.495798,0.0,0.0,0.161807,0.0,0.169226,0.169809,0.136381,0.0,0.400708,0.0,0.139232,0.115465,0.0,0.0,0.0,0.0,0.082259,0.12917,1.098524,0.107814,0.0,2e-06,0.153889,0.0,0.152971,0.141031,0.140999,0.0,0.0,0.0,0.166002,0.151077,0.0,0.0,0.16034,0.09962,0.349334,0.172702,0.0,0.149189,0.0,1.781312,0.089747,0.09354,0.0,0.239972,1.484583,0.0,0.0,0.246409,0.0,0.0,0.0,0.0,0.028145,0.0,1.209475,0.187827,0.0,0.0,0.189369,0.096775,0.173937,0.114797,0.0,0.0,0.0,0.0,0.0,0.0,0.199085,0.19971,0.107398,0.0,0.046586,0.190573,0.119277,0.129225,0.0,0.082826,0.0,0.123626,0.0,0.232108,0.345748,0.160319,0.0,0.138366,0.109606,0.577578,0.0,0.134104,0.014295,0.0,0.0,0.0,0.140849,0.0,0.0,0.0,0.184239,0.0,0.0,0.0,0.111059,0.0,9e-06,0.170096,0.120324,0.0,0.203612,0.142474,0.0,0.283634,0.113313,0.0,0.186687,0.0,0.0,0.142534,0.165949,0.134832,0.177982,0.0,0.0,0.0,0.0,0.120942,0.169248,0.124348,0.131437,0.0,0.0,0.0,0.189485,0.0,0.0,0.138237,0.152557,0.0,0.142167,6e-06,0.158065,0.099203,0.202281,0.0,1e-06,0.0,0.098879,0.0,0.312976,0.125733,0.0,0.335985,0.0,0.0,0.0,0.0,0.125229,0.0,0.136088,0.151764,0.42147,0.0,0.0,0.153875,0.089801,0.145512,0.128183,0.116209,0.0,0.432631,0.0,0.0,0.210249,0.124262,0.0,0.0,0.0,0.364864,0.112341,0.0,0.0,0.164949,0.0,0.0,0.127596,0.166762,0.209834,0.0,0.0,2e-06,0.0,0.186839,0.166277,0.0,0.179258,0.174905,0.138233,0.0,0.0,0.0,0.0,0.231805,0.0,0.199597,0.0,0.505837,0.0,0.0,0.0,0.078037,0.17262,0.180838,0.292051,0.161849,0.0,0.086828,0.0,0.195508,0.0,0.264215,0.114104,0.165794,0.105636,0.0,0.132184,0.0,0.0,0.0,0.191645,0.0,0.0,0.0,0.12539,0.0,0.164847,0.0,0.212411,0.0,0.164505,0.0,0.189786,1e-06,0.0,0.154512,0.0,2.2e-05,1.380822,0.0,0.087527,0.121773,0.154992,0.145012,0.426783,0.15428,0.174558,0.282857,0.135767,0.153323,0.0,1e-06,0.168765,0.0,0.0,0.292622,0.163043,0.096783,0.0,0.081149,0.0,0.0,0.562039,0.0,0.57423,0.0,0.224728,0.0,0.17004,0.0,0.898723,0.0,0.0,0.0,0.0,0.330347,0.151945,0.177167,0.0,0.158527,0.124646,0.0,0.0,0.0,0.0,0.47953,0.0,0.0,0.0,0.111219,0.0,0.353299,0.133071,0.795832,0.165423,0.111703,0.986244,0.161217,0.0,0.0,0.0,0.0,0.167817,0.107303,0.0,0.219046,0.0,0.2542,0.124813,0.184356,0.139566,0.146054,0.619028,0.160353,0.0,3.5e-05,0.007016,0.225386,0.160848,0.0,6e-05,0.0,0.19629,0.0,0.0,0.0,0.160624,0.0,0.0,0.170628,0.133915,0.210528,0.188828,0.0,0.193343,0.0,0.0,0.168956,0.139075,0.0,0.0
TCGA-97-A4M3,0.1191,0.0,0.0,0.0,0.0,0.09199,0.0,0.0,0.238872,0.110648,0.092121,0.0,0.0,0.0,0.0,0.080961,0.0,0.261298,0.0,0.0,0.0,0.0,0.0,0.0,0.0,0.0,0.088627,0.0,0.152258,0.075217,0.0,0.0,0.108752,1.258347,0.0,0.197978,0.177983,7e-06,0.0,0.0,0.0,0.227845,0.0,0.097399,0.0,0.35252,0.042008,0.0,0.0,0.214598,0.0,0.311472,0.0,1.071688,0.0,0.658823,0.087278,0.0,0.0,0.084893,1e-06,0.0,0.0,0.050851,0.027801,0.285188,3e-06,0.0,0.797227,0.0,0.0,0.0,0.30398,0.068536,0.0,0.0,0.0,0.0,0.0,0.001494,0.0,1.035784,0.069171,0.004101,0.0,0.055518,0.201858,0.0,0.080753,0.121009,0.076498,2e-06,0.00501,0.0,0.776603,0.0,0.0,0.0,0.0,0.083597,8e-06,0.0,0.107187,0.103555,0.09258,0.0,0.0,0.389308,0.076642,0.149961,0.066171,0.0,0.194131,0.0,0.319134,1e-06,0.0,0.630555,0.112286,0.245212,0.560998,0.0,0.27588,0.0,0.0,0.012503,0.183774,0.450808,0.110469,0.0,0.110686,0.091534,0.233348,0.220363,0.21832,0.0,0.0,0.0,0.092123,0.0,0.323039,0.097312,0.160395,0.37472,0.0,0.0,0.0,0.313922,0.0,0.0,0.074489,0.227473,0.533742,0.0,0.0,0.064847,0.0,0.049024,0.071202,0.0,0.617288,0.0,0.0,0.075644,0.0,0.247644,0.260477,0.191193,0.0,0.504515,0.0,0.211368,0.058266,0.0,0.0,0.0,0.0,0.04449,0.062914,1.243528,0.075692,0.0,2.9e-05,0.074343,0.0,0.080708,0.225389,0.082519,0.0,0.0,0.0,0.071402,0.230593,0.0,0.0,0.243767,0.063783,0.354745,0.22731,0.0,0.08304,0.0,1.970439,0.060985,0.040818,0.0,0.282609,1.654245,0.0,0.0,0.114004,0.0,0.0,0.0,0.0,0.042347,0.0,1.364403,0.30027,0.0,0.0,0.093981,0.148136,0.078264,0.060934,0.0,0.0,0.0,0.0,0.0,0.0,0.121099,0.082918,0.046932,0.0,0.031709,0.099256,0.05105,0.064828,0.0,0.113278,0.0,0.18618,0.0,0.102181,0.403557,0.232578,0.0,0.074951,0.070713,0.698433,0.0,0.07476,0.027575,0.0,0.0,0.0,0.083239,0.0,0.0,0.0,0.133975,0.0,0.0,0.0,0.172283,0.0,9e-06,0.081672,0.068106,0.0,0.109506,0.061752,0.0,0.34425,0.114728,0.0,0.090395,0.0,0.0,0.213788,0.248131,0.085849,0.087908,0.0,0.0,0.0,0.0,0.053153,0.105496,0.063355,0.102445,0.0,0.0,0.0,0.098263,0.0,0.0,0.088739,0.224501,0.0,0.208523,2e-06,0.164956,0.136271,0.222869,0.0,0.0,0.0,0.066943,0.0,0.352003,0.191509,0.0,0.417652,0.0,0.0,0.0,0.0,0.074926,0.0,0.080381,0.081351,0.524907,0.0,0.0,0.069745,0.054457,0.220469,0.186178,0.141206,0.0,0.514371,0.0,0.0,0.109736,0.070373,0.0,0.0,0.0,0.522486,0.073541,0.0,0.0,0.242851,0.0,0.0,0.065722,0.085515,0.319643,0.0,0.0,0.0,0.0,0.104138,0.09878,0.0,0.281436,0.246455,0.202068,0.0,0.0,0.0,0.0,0.365671,0.0,0.097902,0.0,0.57584,0.0,0.0,0.0,0.037952,0.095853,0.098002,0.350027,0.256854,0.0,0.083878,0.0,0.09583,0.0,0.290288,0.07134,0.092434,0.079092,0.0,0.197079,0.0,0.0,0.0,0.100006,0.0,0.0,0.0,0.190802,1e-06,0.247789,0.0,0.171796,0.0,0.085259,0.0,0.300393,2e-06,0.0,0.080067,0.0,1.9e-05,1.527287,0.0,0.098617,0.062165,0.233968,0.079747,0.516626,0.235161,0.274924,0.294398,0.086332,0.22326,0.0,1e-06,0.197395,0.0,0.0,0.12744,0.10762,0.137788,0.0,0.121087,0.0,0.0,0.711765,0.0,0.698716,0.0,0.210072,0.0,0.087625,0.0,1.033788,0.0,0.0,0.0,0.0,0.501257,0.067128,0.228383,0.0,0.072898,0.071396,0.0,0.0,0.0,1e-06,0.530836,0.0,0.0,0.0,0.103947,0.0,0.449034,0.202705,0.88912,0.090586,0.0993,1.141314,0.082301,0.0,0.0,0.0,0.0,0.252572,0.151512,0.0,0.2268,0.0,0.320535,0.071004,0.094472,0.217095,0.077721,0.693833,0.076997,0.0,2.7e-05,0.010488,0.111912,0.078186,0.0,3.1e-05,0.0,0.307017,0.0,0.0,0.0,0.083488,0.0,0.0,0.132791,0.208594,0.18809,0.293044,0.0,0.129979,0.0,0.0,0.083525,0.210413,0.0,0.0
TCGA-97-A4M6,0.07878,0.0,0.0,0.0,0.0,0.058326,0.0,0.0,0.271175,0.07294,0.061032,0.0,1e-06,0.0,0.0,0.053799,0.0,0.253093,0.0,0.0,0.0,0.0,0.0,0.0,0.0,0.0,0.058043,0.0,0.14325,0.049346,0.0,0.0,0.074577,1.285018,0.0,0.230651,0.21015,2e-06,0.0,0.0,0.0,0.263101,0.0,0.068655,0.0,0.352638,0.036763,0.0,0.0,0.244393,0.0,0.300444,0.0,1.068719,0.0,0.686333,0.059882,0.0,0.0,0.061612,0.0,2e-06,0.0,0.038081,0.018026,0.313942,0.0,0.0,0.801171,0.0,0.0,0.0,0.339336,0.044358,0.0,0.0,0.0,0.0,0.0,0.000583,0.0,1.045036,0.049531,0.002167,0.0,0.036191,0.23104,0.0,0.05453,0.097416,0.053971,0.0,0.007624,0.0,0.799216,0.0,0.0,0.0,8e-06,0.058919,9e-06,0.0,0.073763,0.067458,0.057697,0.0,0.0,0.376429,0.046492,0.172663,0.059266,0.0,0.223044,0.0,0.35634,0.0,0.0,0.647675,0.076586,0.259524,0.589314,0.0,0.267315,0.0,0.0,0.020228,0.203149,0.44563,0.072232,0.0,0.0885,0.057225,0.255563,0.254932,0.237534,0.0,0.0,0.0,0.077727,0.0,0.353511,0.073237,0.1877,0.400279,0.0,0.0,0.0,0.328672,0.0,0.0,0.049695,0.253699,0.550007,0.0,0.0,0.043511,0.0,0.037658,0.04629,0.0,0.654738,0.0,0.0,0.051923,0.0,0.283537,0.293715,0.213345,0.0,0.519665,0.0,0.230111,0.038589,0.0,0.0,0.0,0.0,0.029781,0.043682,1.264665,0.048895,0.0,1e-05,0.050927,0.0,0.053703,0.231866,0.052594,0.0,0.0,0.0,0.043741,0.260421,0.0,0.0,0.279356,0.042443,0.34083,0.259704,0.0,0.051917,0.0,1.985474,0.044887,0.028757,0.0,0.303276,1.660709,0.0,0.0,0.076639,0.0,0.0,0.0,0.0,0.034144,0.0,1.392473,0.329367,0.0,0.0,0.060913,0.169507,0.051008,0.041094,0.0,0.0,0.0,0.0,0.0,0.0,0.083569,0.055079,0.030658,0.0,0.019952,0.064344,0.033787,0.042401,0.0,0.145579,0.0,0.218575,0.0,0.07045,0.431593,0.22402,0.0,0.050478,0.048236,0.722788,0.0,0.051568,0.023576,0.0,0.0,0.0,0.05752,0.0,0.0,0.0,0.106057,0.0,0.0,0.0,0.190613,0.0,9e-06,0.055583,0.049344,0.0,0.071435,0.039234,0.0,0.371959,0.115137,0.0,0.060863,0.0,0.0,0.242335,0.282601,0.060588,0.058645,0.0,0.0,0.0,0.0,0.034272,0.072883,0.042908,0.070853,0.0,0.0,0.0,0.061599,0.0,0.0,0.059848,0.260793,0.0,0.238725,6e-06,0.151221,0.173297,0.225305,0.0,0.0,0.0,0.047152,0.0,0.346461,0.215391,0.0,0.447,0.0,0.0,0.0,0.0,0.053887,0.0,0.0509,0.058346,0.53683,0.0,0.0,0.046806,0.037589,0.248199,0.210011,0.171206,0.0,0.546366,0.0,0.0,0.076452,0.044571,0.0,0.0,0.0,0.548005,0.049159,0.0,0.0,0.276707,0.0,0.0,0.0466,0.060942,0.358859,0.0,0.0,0.0,0.0,0.074764,0.065587,0.0,0.307508,0.279849,0.228794,0.0,0.0,0.0,0.0,0.397511,0.0,0.07063,0.0,0.574865,0.0,0.0,0.0,0.022802,0.067001,0.064676,0.370071,0.28354,0.0,0.058984,0.0,0.067327,0.0,0.30558,0.046729,0.059826,0.085183,0.0,0.228668,0.0,0.0,0.0,0.064996,0.0,0.0,0.0,0.2195,1e-06,0.280282,0.0,0.141515,0.0,0.057006,0.0,0.318352,0.0,0.0,0.05038,0.0,3.6e-05,1.528961,0.0,0.12158,0.041074,0.260724,0.05243,0.548077,0.272756,0.299832,0.285328,0.057223,0.254146,0.0,0.0,0.209301,0.0,0.0,0.084478,0.082974,0.169618,0.0,0.14627,0.0,0.0,0.739181,0.0,0.728916,0.0,0.188548,0.0,0.059199,0.0,1.060573,0.0,0.0,0.0,0.0,0.551832,0.043572,0.250128,0.0,0.045171,0.060731,0.0,0.0,0.0,1e-06,0.521145,0.0,0.0,0.0,0.120634,0.0,0.477333,0.224025,0.890443,0.063278,0.117784,1.167159,0.059702,0.0,0.0,0.0,0.0,0.283745,0.187388,0.0,0.215867,0.0,0.342141,0.050991,0.061332,0.238494,0.053903,0.684442,0.069335,0.0,7e-06,0.014421,0.075388,0.050776,0.0,6.6e-05,0.0,0.340764,0.0,0.0,0.0,0.055433,0.0,0.0,0.133458,0.230309,0.16011,0.317494,0.0,0.09531,0.0,0.0,0.056661,0.242512,0.0,0.0
TCGA-98-A53H,0.190829,0.0,0.0,0.0,0.0,0.152015,0.0,0.0,0.150843,0.17847,0.148521,0.0,0.0,0.0,0.0,0.135507,0.0,0.264479,0.0,0.0,0.0,0.0,0.0,0.0,0.0,0.0,0.133448,0.0,0.162087,0.119738,0.0,0.0,0.161236,1.117495,0.0,0.121906,0.114413,0.0,0.0,0.0,0.0,0.147251,0.0,0.153405,0.0,0.323768,0.040069,0.0,0.0,0.14193,0.0,0.315792,0.0,0.989078,0.0,0.546211,0.133293,0.0,0.0,0.142843,0.0,0.0,0.0,0.071083,0.055302,0.224101,0.0,0.0,0.717055,0.0,0.0,0.0,0.205905,0.112999,0.0,0.0,0.0,0.0,0.0,0.004592,0.0,0.931629,0.112829,0.002778,0.0,0.098402,0.135611,0.0,0.127884,0.155003,0.112717,4e-06,0.000169,0.0,0.67077,0.0,0.0,0.0,0.0,0.128941,2e-06,0.0,0.180198,0.16353,0.159086,0.0,0.0,0.378537,0.125903,0.088609,0.076544,0.0,0.121254,0.0,0.236389,0.0,0.0,0.557674,0.18319,0.171523,0.460296,0.0,0.259375,0.0,0.0,0.001233,0.117993,0.412212,0.181049,0.0,0.160669,0.14865,0.156183,0.130186,0.159211,0.0,0.0,0.0,0.108063,0.0,0.233057,0.14313,0.097467,0.296284,0.0,0.0,0.0,0.259349,0.0,0.0,0.11059,0.147246,0.448777,0.0,0.0,0.10216,0.0,0.072798,0.110902,0.0,0.506721,0.0,0.0,0.1162,0.0,0.15501,0.169012,0.118349,0.0,0.421448,0.0,0.14949,0.094843,0.0,0.0,0.0,0.0,0.068307,0.100162,1.132034,0.12222,0.0,0.0,0.119876,0.0,0.130552,0.192382,0.135884,0.0,0.0,0.0,0.121865,0.137541,0.0,0.0,0.153016,0.107857,0.348382,0.141106,0.0,0.122928,0.0,1.813322,0.095719,0.064912,0.0,0.226488,1.524086,0.0,0.0,0.186587,0.0,0.0,0.0,0.0,0.060739,0.0,1.216469,0.213606,0.0,0.0,0.150934,0.086379,0.130417,0.097565,0.0,0.0,0.0,0.0,0.0,0.0,0.178442,0.137906,0.088528,0.0,0.061058,0.15913,0.085436,0.10627,0.0,0.058009,0.0,0.112766,0.0,0.162203,0.329856,0.232133,0.0,0.122191,0.104313,0.599457,0.0,0.122943,0.021844,0.0,0.0,0.0,0.130068,0.0,0.0,0.0,0.178342,0.0,0.0,0.0,0.11969,0.0,0.0,0.132736,0.107939,0.0,0.166314,0.10038,0.0,0.256385,0.11967,0.0,0.14602,0.0,0.0,0.131651,0.160614,0.135659,0.144667,0.0,0.0,0.0,0.0,0.094917,0.177793,0.113214,0.166679,0.0,0.0,0.0,0.159771,0.0,0.0,0.137648,0.146645,0.0,0.133616,6e-06,0.178069,0.074374,0.219225,0.0,0.0,0.0,0.103682,0.0,0.350942,0.122984,0.0,0.334758,0.0,1e-06,0.0,0.0,0.119319,0.0,0.124111,0.134317,0.451324,0.0,0.0,0.118579,0.087216,0.13938,0.125821,0.090924,0.0,0.430856,0.0,0.0,0.163993,0.112622,0.0,0.0,0.0,0.420941,0.113726,0.0,0.0,0.157936,0.0,0.0,0.10954,0.121489,0.220774,0.0,0.0,0.0,0.0,0.159029,0.16357,0.0,0.20455,0.165653,0.130437,0.0,0.0,0.0,0.0,0.278512,0.0,0.158649,0.0,0.533216,0.0,0.0,0.0,0.05157,0.160265,0.154018,0.287194,0.177327,0.0,0.12361,0.0,0.157892,0.0,0.250294,0.121292,0.147168,0.07254,0.0,0.118948,0.0,0.0,0.0,0.151491,0.0,0.0,0.0,0.137602,3e-06,0.15913,0.0,0.200172,0.0,0.143245,0.0,0.232301,0.0,0.0,0.134346,0.0,1.4e-05,1.416052,0.0,0.042822,0.099917,0.162377,0.123269,0.424691,0.146206,0.189618,0.299864,0.127627,0.139345,0.0,1e-06,0.161605,0.0,0.0,0.216622,0.157083,0.076368,0.0,0.078561,0.0,0.0,0.610169,0.0,0.602137,0.0,0.240224,0.0,0.127389,0.0,0.905201,0.0,0.0,0.0,0.0,0.345595,0.122378,0.162588,0.0,0.118386,0.113517,1e-06,0.0,0.0,0.0,0.521198,0.0,0.0,0.0,0.066585,0.0,0.355438,0.133401,0.806587,0.141195,0.054698,1.007481,0.132276,0.0,0.0,0.0,0.0,0.161036,0.072835,0.0,0.225359,0.0,0.263163,0.119595,0.153329,0.154436,0.128867,0.640366,0.087613,0.0,1.7e-05,0.000721,0.177547,0.130966,0.0,5e-06,0.0,0.220239,0.0,0.0,0.0,0.131507,0.0,0.0,0.114025,0.141131,0.203658,0.217248,0.0,0.185384,0.0,0.0,0.142221,0.131346,0.0,0.0
TCGA-L9-A50W,0.171969,0.0,0.0,0.0,0.0,0.137488,0.0,0.0,0.189991,0.160862,0.135586,0.0,2.2e-05,0.0,0.0,0.125344,0.0,0.274576,0.0,0.0,0.0,0.0,0.0,0.0,0.0,0.0,0.12352,0.0,0.154084,0.106149,0.0,0.0,0.149586,1.204238,0.0,0.156651,0.136991,1e-06,0.0,0.0,0.0,0.182632,0.0,0.137631,0.0,0.334374,0.048468,0.0,0.0,0.17128,0.0,0.317963,0.0,1.059637,0.0,0.608043,0.120319,0.0,0.0,0.120482,0.0,0.0,0.0,0.066033,0.044055,0.252055,0.0,0.0,0.761039,0.0,0.0,0.0,0.248131,0.10158,0.0,0.0,0.0,0.0,0.0,0.006508,0.0,1.012675,0.094008,0.004501,0.0,0.078445,0.165625,0.0,0.110601,0.147066,0.09931,1e-06,0.001294,0.0,0.722253,0.0,0.0,0.0,2e-06,0.115821,1e-05,0.0,0.164297,0.149751,0.146919,0.0,0.0,0.396412,0.11351,0.122181,0.069464,0.0,0.153348,0.0,0.274624,0.0,0.0,0.587817,0.16847,0.206317,0.510751,0.0,0.268622,0.0,0.0,0.003712,0.153968,0.436106,0.172429,0.0,0.146986,0.134892,0.193958,0.164149,0.180597,0.0,0.0,0.0,0.107166,0.0,0.274039,0.117424,0.12958,0.335448,0.0,0.0,0.0,0.277165,0.0,0.0,0.102537,0.18062,0.493036,0.0,0.0,0.095687,0.0,0.061985,0.100581,0.0,0.561707,0.0,0.0,0.104342,0.0,0.198075,0.20508,0.159276,0.0,0.456447,0.0,0.181462,0.085609,0.0,0.0,0.0,0.0,0.06826,0.086273,1.210268,0.111754,0.0,9e-06,0.109644,0.0,0.118349,0.202353,0.117771,0.0,0.0,0.0,0.110204,0.180369,0.0,1e-06,0.19378,0.092365,0.360575,0.181038,0.0,0.117947,0.0,1.925237,0.073492,0.058554,0.0,0.251996,1.617761,0.0,0.0,0.174886,0.0,0.0,0.0,0.0,0.042609,0.0,1.300606,0.252382,0.0,0.0,0.140103,0.113909,0.123486,0.084506,0.0,0.0,0.0,0.0,0.0,0.0,0.164701,0.131786,0.070497,0.0,0.050754,0.14449,0.074363,0.09276,0.0,0.073502,0.0,0.139675,0.0,0.150711,0.366822,0.230928,0.0,0.108636,0.096769,0.648801,0.0,0.105867,0.015339,0.0,0.0,0.0,0.115459,0.0,0.0,0.0,0.167331,0.0,0.0,0.0,0.133839,0.0,6.6e-05,0.117784,0.092415,1e-05,0.155589,0.087561,0.0,0.298833,0.119752,0.0,0.132318,0.0,0.0,0.16819,0.197828,0.119101,0.130772,0.0,0.0,0.0,0.0,0.082294,0.150354,0.095586,0.142597,0.0,0.0,0.0,0.147259,0.0,0.0,0.111495,0.184328,0.0,0.171208,0.0,0.176086,0.100344,0.221029,0.0,0.0,0.0,0.09044,0.0,0.356397,0.159303,0.0,0.37519,1e-06,0.0,0.0,0.0,0.109511,0.0,0.11148,0.118714,0.486867,0.0,0.0,0.103954,0.076209,0.172913,0.157865,0.101988,0.0,0.474758,0.0,0.0,0.149448,0.102774,0.0,0.0,0.0,0.461977,0.104877,0.0,0.0,0.189729,0.0,0.0,0.089636,0.114444,0.263245,0.0,0.0,0.0,0.0,0.1406,0.144242,0.0,0.24006,0.202023,0.16094,0.0,0.0,0.0,0.0,0.318555,0.0,0.133631,0.0,0.555668,0.0,0.0,0.0,0.048762,0.137735,0.137183,0.307627,0.212052,0.0,0.108203,0.0,0.139094,0.0,0.272244,0.102277,0.126319,0.080712,0.0,0.150375,0.0,0.0,0.0,0.142382,0.0,0.0,0.0,0.15458,0.0,0.188418,0.0,0.196122,0.0,0.129038,0.0,0.261457,0.0,0.0,0.120256,0.0,7.6e-05,1.505528,0.0,0.075174,0.087626,0.191343,0.110308,0.468222,0.186043,0.225157,0.303876,0.113044,0.178758,0.0,0.0,0.172811,0.0,0.0,0.201501,0.134728,0.098483,0.0,0.08463,0.0,0.0,0.663339,0.0,0.651774,0.0,0.231451,0.0,0.112072,0.0,0.976044,0.0,0.0,0.0,0.0,0.414746,0.110106,0.193405,0.0,0.102464,0.096877,0.0,0.0,0.0,1e-06,0.531661,0.0,0.0,0.0,0.079531,0.0,0.408032,0.159043,0.876394,0.128303,0.090479,1.088591,0.11662,0.0,0.0,0.0,0.0,0.200935,0.100428,0.0,0.227617,0.0,0.294706,0.097852,0.140779,0.183808,0.115475,0.681429,0.093176,0.0,5e-06,0.003191,0.168125,0.11912,0.0,6.4e-05,0.0,0.253616,0.0,0.0,0.0,0.11226,0.0,0.0,0.127914,0.169269,0.210493,0.249142,0.0,0.16648,0.0,0.0,0.123994,0.164966,0.0,0.0
TCGA-L9-A7SV,0.25081,0.0,0.0,0.0,0.0,0.170157,0.0,2e-06,0.132318,0.225231,0.177681,5e-06,3e-06,0.0,0.0,0.182134,0.0,0.277048,0.0,0.0,0.0,0.0,0.0,0.0,0.0,0.0,0.173706,0.0,0.156087,0.158137,0.0,0.0,0.19546,1.107848,0.0,0.108578,0.096305,0.0,0.0,0.0,0.0,0.132101,0.0,0.191346,0.0,0.298304,0.061576,0.0,0.0,0.122718,0.0,0.322462,0.0,1.020734,0.0,0.526959,0.166673,0.0,0.0,0.157619,1e-06,1e-06,0.0,0.098685,0.064783,0.214319,7e-06,0.0,0.720528,0.0,0.0,0.0,0.188774,0.147564,0.0,0.0,0.0,0.0,0.0,0.006327,0.0,0.951255,0.135255,0.013632,0.0,0.098392,0.118378,0.0,0.156576,0.183022,0.131817,0.0,0.000201,0.0,0.657271,0.0,0.0,0.0,0.0,0.162558,3.6e-05,0.0,0.227006,0.210533,0.205476,0.0,0.0,0.37634,0.157116,0.088844,0.098426,0.0,0.109624,0.0,0.21836,0.0,0.0,0.529016,0.222967,0.162382,0.452865,0.0,0.232954,0.0,0.0,0.000758,0.106394,0.423849,0.25224,6e-06,0.202001,0.18252,0.146914,0.113488,0.143239,0.0,0.0,0.0,0.13318,0.0,0.22032,0.139711,0.09052,0.283361,0.0,0.0,0.0,0.228971,0.0,0.0,0.135142,0.126696,0.424625,0.0,0.0,0.128333,0.0,0.090556,0.139683,0.0,0.496255,0.0,0.0,0.163569,0.0,0.138119,0.14848,0.122099,0.0,0.411963,0.0,0.142036,0.127998,0.0,0.0,0.0,0.0,0.082355,0.13362,1.13495,0.137387,0.0,1e-06,0.154467,0.0,0.156095,0.17073,0.160287,0.0,0.0,0.0,0.165331,0.130656,0.0,0.0,0.139536,0.11364,0.372226,0.139753,0.0,0.156716,0.0,1.831876,0.104839,0.088649,0.0,0.223355,1.541126,0.0,0.0,0.253334,0.0,0.0,0.0,0.0,0.051194,0.0,1.231049,0.185244,0.0,0.0,0.193854,0.082514,0.175889,0.120792,0.0,0.0,0.0,0.0,0.0,0.0,0.215438,0.187214,0.105396,0.0,0.06816,0.20652,0.121598,0.140071,0.0,0.046454,0.0,0.097367,0.0,0.224708,0.329665,0.216091,0.0,0.147708,0.131566,0.581673,0.0,0.145795,0.018334,0.0,0.0,0.0,0.149445,0.0,0.0,0.0,0.209374,0.0,0.0,0.0,0.100518,0.0,3e-06,0.181545,0.131415,2e-06,0.215035,0.135082,0.0,0.259913,0.120835,0.0,0.183151,0.0,0.0,0.123903,0.1492,0.161746,0.180926,0.0,1e-06,0.0,0.0,0.114401,0.204081,0.133401,0.167579,0.0,0.0,0.0,0.192302,0.0,0.0,0.153752,0.131682,0.0,0.125542,1e-06,0.179548,0.066057,0.210256,0.0,0.0,0.0,0.114806,0.0,0.346206,0.117478,0.0,0.321293,0.0,1e-06,0.0,0.0,0.136536,0.0,0.147538,0.162914,0.439468,0.0,0.0,0.153611,0.106262,0.139002,0.113555,0.086801,0.0,0.419253,0.0,0.0,0.212258,0.13964,0.0,0.0,0.0,0.395244,0.13428,0.0,0.0,0.13714,0.0,0.0,0.137299,0.161745,0.193925,0.0,0.0,2e-06,0.0,0.199443,0.192633,0.0,0.180595,0.15131,0.121647,0.0,0.0,0.0,0.0,0.252956,0.0,0.196642,0.0,0.52805,0.0,0.0,0.0,0.084062,0.185888,0.193511,0.28033,0.156695,0.0,0.129049,0.0,0.203788,0.0,0.252314,0.130101,0.182193,0.083261,0.0,0.109123,0.0,0.0,0.0,0.200584,0.0,0.0,0.0,0.119005,1e-06,0.138396,0.0,0.227384,0.0,0.175149,0.0,0.204762,0.0,0.0,0.167946,0.0,8e-06,1.430144,0.0,0.052502,0.13224,0.140577,0.156071,0.407815,0.126036,0.169439,0.306478,0.156145,0.122695,0.0,1e-06,0.165292,0.0,0.0,0.282243,0.184422,0.07403,3e-06,0.058271,0.0,0.0,0.579627,0.0,0.582289,0.0,0.252151,0.0,0.169796,0.0,0.904921,0.0,0.0,0.0,0.0,0.309416,0.160076,0.151677,0.0,0.150578,0.126622,0.0,0.0,0.0,4e-06,0.52221,0.0,0.0,0.0,0.080068,0.0,0.349854,0.123283,0.826454,0.170746,0.078263,1.001525,0.16427,0.0,0.0,0.0,0.0,0.14808,0.06567,0.0,0.232947,0.0,0.251967,0.137411,0.193158,0.123094,0.151385,0.650835,0.124302,0.0,2e-06,0.000546,0.238444,0.165656,0.0,5.7e-05,0.0,0.195256,0.0,0.0,0.0,0.160079,0.0,0.0,0.14468,0.123365,0.236204,0.191426,0.0,0.209339,0.0,0.0,0.178137,0.114367,0.0,0.0
TCGA-LA-A7SW,0.407269,0.0,0.0,0.0,0.0,0.233551,0.0,0.0,0.052945,0.3249,0.25919,0.0,2e-06,0.0,0.0,0.312882,0.0,0.279108,0.0,0.0,0.0,0.0,0.0,0.0,0.0,0.0,0.22759,0.0,0.108075,0.232148,0.0,0.0,0.263308,0.902592,0.0,0.044579,0.041345,0.0,0.0,0.0,0.0,0.055992,0.0,0.275603,0.0,0.136475,0.094829,0.0,0.0,0.051329,0.0,0.306738,0.0,0.918206,0.0,0.372246,0.229477,0.0,0.0,0.206946,0.0,1e-06,0.0,0.139007,0.067245,0.143662,0.0,0.0,0.588293,0.0,0.0,0.0,0.070156,0.242295,0.0,0.0,0.0,0.0,0.0,0.02053,0.0,0.810926,0.197139,0.024316,0.0,0.134539,0.049931,0.0,0.209905,0.245769,0.174485,5e-06,3.8e-05,0.0,0.509498,0.0,0.0,0.0,0.0,0.225302,2e-06,0.0,0.344477,0.334525,0.354643,0.0,0.0,0.315644,0.231654,0.048157,0.149072,0.0,0.047573,0.0,0.13717,3e-06,0.0,0.378257,0.320555,0.060915,0.336667,0.0,0.102549,0.0,0.0,0.0002,0.048403,0.364499,0.433639,0.0,0.284251,0.292321,0.07688,0.049517,0.058687,0.0,0.0,0.0,0.174412,0.0,0.1086,0.111952,0.056801,0.197836,0.0,0.0,0.0,0.092692,0.0,0.0,0.185329,0.052355,0.268195,0.0,0.0,0.210138,0.0,0.158734,0.229007,0.0,0.339069,0.0,0.0,0.24855,0.0,0.056216,0.061296,0.066746,0.0,0.284411,0.0,0.077031,0.190194,0.0,0.0,0.0,0.0,0.154327,0.188469,0.96358,0.177663,0.0,0.0,0.256562,0.0,0.23487,0.069674,0.235771,0.0,0.0,0.0,0.284022,0.058035,0.0,0.0,0.05971,0.159077,0.323875,0.087527,0.0,0.236692,0.0,1.594925,0.137789,0.166858,0.0,0.166499,1.312043,0.0,0.0,0.388904,0.0,0.0,0.0,0.0,0.027341,0.0,1.051115,0.074167,0.0,0.0,0.310875,0.032866,0.305383,0.205827,0.0,0.0,0.0,0.0,0.0,0.0,0.298887,0.352739,0.197539,0.0,0.083204,0.294751,0.203374,0.215544,0.0,0.018291,0.0,0.03892,0.0,0.344945,0.250631,0.089198,0.0,0.223251,0.165658,0.429576,0.0,0.229098,0.011123,0.0,0.0,0.0,0.206686,0.0,0.0,0.0,0.272236,0.0,0.0,0.0,0.043555,0.0,1e-06,0.268796,0.183735,0.0,0.321894,0.246735,0.0,0.184461,0.123571,0.0,0.277869,0.0,0.0,0.048677,0.061859,0.212854,0.306891,0.0,0.0,0.0,0.0,0.205932,0.260367,0.21163,0.187967,0.0,0.0,0.0,0.306888,0.0,0.0,0.214523,0.056538,0.0,0.054039,0.0,0.188131,0.038662,0.179649,0.0,0.0,0.0,0.154596,0.0,0.26403,0.046875,0.0,0.231241,0.0,1e-06,0.0,0.0,0.193429,0.0,0.21528,0.24448,0.307627,0.0,0.0,0.259767,0.139492,0.048701,0.050351,0.057435,0.0,0.321314,0.0,0.0,0.30413,0.202802,0.0,0.0,0.0,0.177443,0.185694,0.0,0.0,0.054452,0.0,0.0,0.207076,0.237828,0.085134,0.0,0.0,1e-06,0.0,0.269887,0.256084,0.0,0.073877,0.073669,0.056938,0.0,0.0,0.0,0.0,0.100275,0.0,0.302928,0.0,0.416107,0.0,1e-06,0.0,0.15273,0.267262,0.284452,0.18333,0.068596,0.0,0.112145,0.0,0.297232,0.0,0.202141,0.178062,0.261293,0.144905,0.0,0.046239,0.0,0.0,0.0,0.309991,0.0,0.0,0.0,0.049597,0.0,0.058664,0.0,0.28313,0.0,0.260028,0.0,0.082293,0.0,0.0,0.250756,0.0,3e-06,1.226077,0.0,0.046337,0.195231,0.063186,0.233336,0.323626,0.05093,0.061418,0.311134,0.213522,0.048512,0.0,1e-06,0.130074,0.0,0.0,0.47958,0.235007,0.024132,0.0,0.027171,0.0,0.0,0.410942,0.0,0.423748,0.0,0.260262,0.0,0.250382,0.0,0.72363,0.0,0.0,0.0,0.0,0.131544,0.271647,0.083382,0.0,0.272021,0.18506,0.0,0.0,0.0,1e-06,0.426124,0.0,0.0,0.0,0.110468,0.0,0.242549,0.046644,0.703873,0.261111,0.100694,0.804467,0.242673,0.0,0.0,0.0,0.0,0.058003,0.027405,0.0,0.212726,0.0,0.194021,0.191764,0.304794,0.055138,0.223564,0.535242,0.242734,0.0,6e-06,0.000138,0.35091,0.268554,0.0,2.1e-05,0.0,0.078678,0.0,0.0,0.0,0.253815,0.0,0.0,0.206042,0.051071,0.255233,0.078539,0.0,0.269175,0.0,0.0,0.266673,0.048938,0.0,0.0
TCGA-MN-A4N4,0.171413,0.0,0.0,0.0,0.0,0.132175,0.0,0.0,0.19485,0.161393,0.128638,1e-06,2e-06,0.0,0.0,0.1201,0.0,0.273019,0.0,0.0,0.0,0.0,0.0,0.0,0.0,0.0,0.125204,0.0,0.165999,0.111639,0.0,0.0,0.146707,1.217367,0.0,0.157021,0.141469,1.3e-05,0.0,0.0,0.0,0.182302,0.0,0.137941,0.0,0.351519,0.049793,0.0,0.0,0.176784,0.0,0.321102,0.0,1.066463,0.0,0.611955,0.12497,0.0,0.0,0.122161,6e-06,0.0,0.0,0.076348,0.044981,0.261694,7e-06,0.0,0.787275,0.0,0.0,0.0,0.25701,0.097522,0.0,0.0,0.0,0.0,0.0,0.003877,0.0,1.014121,0.104056,0.008392,0.0,0.083215,0.168585,0.0,0.114495,0.151189,0.11064,1e-05,0.001765,0.0,0.737453,0.0,0.0,0.0,0.0,0.118764,1.9e-05,0.0,0.156611,0.146835,0.138554,0.0,0.0,0.40209,0.113898,0.124507,0.080715,0.0,0.159011,0.0,0.275659,0.0,0.0,0.607854,0.158734,0.216346,0.519311,0.0,0.282818,0.0,0.0,0.004951,0.14693,0.449622,0.163167,0.0,0.150358,0.129852,0.195576,0.168586,0.195413,0.0,0.0,0.0,0.117702,0.0,0.282167,0.131741,0.126334,0.339107,0.0,0.0,0.0,0.295644,0.0,0.0,0.098311,0.186596,0.503916,0.0,0.0,0.091329,0.0,0.068504,0.102988,0.0,0.577778,0.0,0.0,0.114498,0.0,0.197287,0.2128,0.153881,0.0,0.477659,0.0,0.176925,0.090815,0.0,0.0,0.0,0.0,0.062533,0.09226,1.222406,0.109627,0.0,3e-06,0.108467,0.0,0.111753,0.221842,0.122962,0.0,0.0,0.0,0.106218,0.183614,0.0,1e-06,0.1977,0.093772,0.370773,0.186092,0.0,0.112069,0.0,1.948469,0.088814,0.058679,0.0,0.258336,1.635879,0.0,0.0,0.170663,0.0,0.0,0.0,0.0,0.057668,0.0,1.327963,0.258834,0.0,0.0,0.134827,0.120651,0.121741,0.088812,0.0,0.0,0.0,0.0,0.0,0.0,0.165497,0.118958,0.074392,0.0,0.05386,0.141301,0.078234,0.098013,0.0,0.077184,0.0,0.140861,0.0,0.150475,0.374639,0.244606,0.0,0.10796,0.101536,0.661222,0.0,0.111783,0.031773,0.0,0.0,0.0,0.115903,0.0,0.0,0.0,0.172821,0.0,0.0,0.0,0.142845,0.0,2e-05,0.129012,0.101653,2e-06,0.151724,0.092283,0.0,0.30964,0.12057,0.0,0.126423,0.0,0.0,0.175759,0.2059,0.126261,0.125551,0.0,0.0,0.0,0.0,0.080726,0.155594,0.098348,0.139084,0.0,0.0,0.0,0.134421,0.0,0.0,0.124115,0.186901,0.0,0.169115,1.4e-05,0.178244,0.10254,0.228707,0.0,0.0,0.0,0.093616,0.0,0.364022,0.160801,0.0,0.377238,0.0,0.0,0.0,0.0,0.108631,0.0,0.106177,0.116683,0.50475,0.0,0.0,0.10385,0.083831,0.184593,0.154569,0.108676,0.0,0.480389,0.0,0.0,0.151612,0.102186,0.0,0.0,0.0,0.491582,0.106714,0.0,0.0,0.199445,0.0,0.0,0.101106,0.116317,0.27015,0.0,0.0,0.0,0.0,0.147172,0.139198,0.0,0.246225,0.203437,0.163852,0.0,0.0,0.0,0.0,0.332027,0.0,0.141325,0.0,0.575113,0.0,0.0,0.0,0.057952,0.140234,0.138834,0.331445,0.219441,0.0,0.112481,0.0,0.147021,0.0,0.276295,0.101693,0.132031,0.068135,0.0,0.155199,0.0,0.0,0.0,0.140799,0.0,0.0,0.0,0.163591,1e-06,0.199097,0.0,0.198065,0.0,0.129918,0.0,0.278706,0.0,0.0,0.120392,0.0,2.7e-05,1.516033,0.0,0.070726,0.094511,0.190702,0.111083,0.475668,0.186417,0.235174,0.306814,0.120879,0.178833,1e-06,5e-06,0.183874,0.0,0.0,0.185904,0.147096,0.112181,0.0,0.091682,0.0,0.0,0.666989,0.0,0.663695,0.0,0.236452,0.0,0.122192,0.0,0.995042,0.0,0.0,0.0,0.0,0.427038,0.107975,0.192659,0.0,0.099558,0.095656,0.0,0.0,0.0,6e-06,0.550749,0.0,0.0,0.0,0.092108,0.0,0.409352,0.169382,0.878056,0.124321,0.077886,1.10543,0.119928,0.0,0.0,0.0,0.0,0.208417,0.111103,0.0,0.238919,0.0,0.291598,0.106892,0.134371,0.181847,0.115413,0.693618,0.085785,0.0,3.4e-05,0.003639,0.16179,0.112549,0.0,0.000171,0.0,0.270349,0.0,0.0,0.0,0.115758,0.0,0.0,0.122944,0.177269,0.21391,0.254099,0.0,0.165449,0.0,0.0,0.125292,0.170503,0.0,0.0
TCGA-MP-A4T4,0.232381,0.0,0.0,0.0,0.0,0.174289,0.0,0.0,0.128457,0.216363,0.174262,0.0,0.0,0.0,0.0,0.165525,0.0,0.275798,0.0,0.0,0.0,0.0,0.0,0.0,0.0,0.0,0.170965,0.0,0.158238,0.147903,0.0,0.0,0.194339,1.084048,0.0,0.099338,0.091816,0.0,0.0,0.0,0.0,0.120932,0.0,0.179288,0.0,0.306134,0.057292,0.0,0.0,0.119895,0.0,0.323999,0.0,0.98415,0.0,0.514007,0.163026,0.0,0.0,0.161336,0.0,0.0,0.0,0.098963,0.074939,0.196831,0.0,0.0,0.70862,0.0,0.0,0.0,0.179314,0.134182,0.0,0.0,0.0,0.0,0.0,0.009395,0.0,0.918259,0.132144,0.00429,0.0,0.11167,0.114714,0.0,0.149771,0.17271,0.136539,5e-06,0.000188,0.0,0.644622,0.0,0.0,0.0,0.0,0.159652,5e-06,0.0,0.207972,0.196946,0.193593,0.0,0.0,0.37387,0.15837,0.079509,0.097258,0.0,0.100294,0.0,0.211291,0.0,0.0,0.529851,0.209171,0.158095,0.438052,0.0,0.244027,0.0,0.0,0.000716,0.103626,0.417287,0.22217,0.0,0.190891,0.180508,0.134219,0.104714,0.132709,0.0,0.0,0.0,0.123999,0.0,0.2091,0.146111,0.079927,0.270031,0.0,0.0,0.0,0.230843,0.0,0.0,0.130041,0.124348,0.425235,0.0,0.0,0.122521,0.0,0.08929,0.136925,0.0,0.480544,0.0,0.0,0.151341,0.0,0.136993,0.14626,0.097469,0.0,0.409429,0.0,0.135229,0.121541,0.0,0.0,0.0,0.0,0.083101,0.125895,1.106113,0.146616,0.0,1e-06,0.144508,0.0,0.151474,0.176732,0.159992,0.0,0.0,0.0,0.157052,0.118359,0.0,0.0,0.1303,0.129905,0.358631,0.125891,0.0,0.154261,0.0,1.784231,0.113241,0.084641,0.0,0.21195,1.503392,0.0,0.0,0.227866,0.0,2e-06,0.0,0.0,0.065416,0.0,1.193365,0.187473,0.0,0.0,0.185709,0.076399,0.164696,0.119458,0.0,0.0,0.0,0.0,0.0,0.0,0.207129,0.171038,0.101124,0.0,0.073289,0.198199,0.115763,0.139612,0.0,0.037557,0.0,0.087426,0.0,0.200116,0.309623,0.216294,0.0,0.150923,0.129771,0.575929,0.0,0.14413,0.019666,0.0,0.0,0.0,0.151919,0.0,0.0,0.0,0.202698,0.0,0.0,0.0,0.099447,0.0,5e-06,0.164683,0.129095,0.0,0.199412,0.127544,0.0,0.235275,0.116443,0.0,0.177318,0.0,0.0,0.114969,0.136238,0.1571,0.167952,0.0,0.0,0.0,0.0,0.110704,0.202352,0.133999,0.175015,0.0,0.0,0.0,0.186768,0.0,0.0,0.156754,0.127247,0.0,0.111696,0.0,0.184425,0.062028,0.212938,0.0,0.0,0.0,0.122061,0.0,0.348409,0.108789,0.0,0.311047,0.0,0.0,0.0,0.0,0.13705,0.0,0.146395,0.158649,0.43476,0.0,0.0,0.14255,0.105524,0.121218,0.109696,0.076635,0.0,0.404205,0.0,0.0,0.198606,0.13612,0.0,0.0,0.0,0.399303,0.134925,0.0,0.0,0.127844,0.0,0.0,0.136082,0.155946,0.192341,0.0,0.0,0.0,0.0,0.195461,0.186622,0.0,0.182076,0.139,0.111239,0.0,0.0,0.0,0.0,0.251116,0.0,0.178259,0.0,0.532125,0.0,0.0,0.0,0.08109,0.186225,0.18677,0.270127,0.156055,0.0,0.141415,0.0,0.192795,0.0,0.236354,0.141433,0.174507,0.079664,0.0,0.096729,0.0,0.0,0.0,0.198215,0.0,0.0,0.0,0.10966,2e-06,0.132258,0.0,0.224138,0.0,0.163399,0.0,0.210489,0.0,0.0,0.164739,0.0,1e-05,1.394473,0.0,0.03204,0.123538,0.133727,0.15027,0.395196,0.119844,0.161594,0.306514,0.158268,0.11903,0.0,5e-06,0.154352,0.0,0.0,0.253804,0.175092,0.061378,0.0,0.058283,0.0,0.0,0.576876,0.0,0.572535,0.0,0.249706,0.0,0.151836,0.0,0.879455,0.0,0.0,0.0,0.0,0.300316,0.151128,0.147065,0.0,0.14701,0.125257,0.0,0.0,0.0,0.0,0.515592,0.0,0.0,0.0,0.073491,0.0,0.332155,0.114192,0.791988,0.160843,0.051944,0.980527,0.158609,0.0,0.0,0.0,0.0,0.135389,0.056984,0.0,0.237422,0.0,0.240231,0.133616,0.188529,0.126995,0.156978,0.637915,0.113634,0.0,2e-05,0.000639,0.219876,0.158815,0.0,5e-06,0.0,0.193267,0.0,0.0,0.0,0.150461,0.0,0.0,0.12486,0.117331,0.229133,0.188092,0.0,0.199093,0.0,0.0,0.166855,0.109718,0.0,0.0
TCGA-MP-A4T8,0.213224,0.0,0.0,0.0,0.0,0.154122,0.0,0.0,0.150557,0.195815,0.155836,0.0,4e-06,0.0,0.0,0.154418,0.0,0.275929,0.0,0.0,0.0,0.0,0.0,0.0,0.0,0.0,0.154362,0.0,0.157947,0.135593,0.0,0.0,0.176816,1.142267,0.0,0.122337,0.112357,0.0,0.0,0.0,0.0,0.145137,0.0,0.167803,0.0,0.318439,0.053608,0.0,0.0,0.136974,0.0,0.323937,0.0,1.027988,0.0,0.556772,0.148435,0.0,0.0,0.144135,1e-06,0.0,0.0,0.093223,0.060288,0.220764,0.0,0.0,0.743681,0.0,0.0,0.0,0.214331,0.128296,0.0,0.0,0.0,0.0,0.0,0.005945,0.0,0.965458,0.1255,0.005123,0.0,0.096931,0.13728,0.0,0.133185,0.167581,0.127225,7e-06,0.000304,0.0,0.685053,0.0,0.0,0.0,1e-06,0.147225,4e-06,0.0,0.195464,0.182023,0.176543,0.0,0.0,0.387634,0.139554,0.103002,0.092686,4e-06,0.125445,0.0,0.241239,0.0,0.0,0.564946,0.193141,0.182845,0.47387,0.0,0.253498,0.0,0.0,0.001118,0.119282,0.430002,0.210188,0.0,0.178676,0.164325,0.157786,0.127302,0.156805,0.0,0.0,0.0,0.122431,0.0,0.242072,0.136435,0.102594,0.297616,0.0,0.0,0.0,0.254132,0.0,0.0,0.118081,0.148692,0.457505,0.0,0.0,0.113915,0.0,0.079875,0.127659,0.0,0.52362,0.0,0.0,0.142922,0.0,0.16293,0.17115,0.124892,0.0,0.434538,0.0,0.148725,0.110255,0.0,0.0,0.0,0.0,0.077677,0.113996,1.158954,0.12933,0.0,1e-06,0.138998,0.0,0.137345,0.188273,0.145134,0.0,0.0,0.0,0.14132,0.147128,0.0,0.0,0.156293,0.115949,0.370004,0.15646,0.0,0.136967,0.0,1.865913,0.104506,0.07653,0.0,0.232612,1.567463,0.0,0.0,0.208869,0.0,0.0,0.0,0.0,0.053943,0.0,1.254312,0.211586,0.0,0.0,0.168084,0.096341,0.150453,0.107666,0.0,0.0,0.0,0.0,0.0,0.0,0.191028,0.150292,0.092982,0.0,0.065225,0.177504,0.10671,0.124134,0.0,0.051534,0.0,0.112367,0.0,0.185643,0.34159,0.22411,0.0,0.13959,0.118311,0.611239,0.0,0.130659,0.021899,0.0,0.0,0.0,0.134252,0.0,0.0,0.0,0.194254,0.0,0.0,0.0,0.111452,0.0,5e-06,0.151179,0.116169,1e-06,0.186515,0.114985,0.0,0.269257,0.120375,0.0,0.159433,0.0,0.0,0.141272,0.167164,0.139657,0.15634,0.0,0.0,0.0,0.0,0.100202,0.181997,0.116618,0.155139,0.0,0.0,0.0,0.171399,0.0,0.0,0.144493,0.152301,0.0,0.13703,0.0,0.182494,0.075098,0.218019,2e-06,0.0,0.0,0.10798,0.0,0.351472,0.129849,0.0,0.34045,0.0,0.0,0.0,0.0,0.12663,0.0,0.13069,0.14465,0.463141,0.0,0.0,0.132155,0.097438,0.147051,0.130179,0.088403,0.0,0.433842,0.0,0.0,0.184394,0.124783,0.0,0.0,0.0,0.432833,0.121121,0.0,0.0,0.160242,0.0,0.0,0.123587,0.144828,0.222267,0.0,0.0,0.0,0.0,0.18241,0.167165,0.0,0.206185,0.166618,0.134177,0.0,0.0,0.0,0.0,0.27577,0.0,0.167418,0.0,0.547974,0.0,0.0,0.0,0.072046,0.166305,0.172501,0.295063,0.178639,0.0,0.124648,0.0,0.176277,0.0,0.252775,0.123856,0.159422,0.079037,0.0,0.123439,0.0,0.0,0.0,0.182734,0.0,0.0,0.0,0.131959,0.0,0.156798,0.0,0.216532,0.0,0.152603,0.0,0.233157,0.0,0.0,0.150724,0.0,9e-06,1.453896,0.0,0.050062,0.116349,0.155865,0.134746,0.430133,0.146391,0.188269,0.310052,0.144663,0.1478,0.0,0.0,0.167177,0.0,0.0,0.237497,0.160827,0.079729,0.0,0.06879,0.0,0.0,0.614148,0.0,0.609778,0.0,0.244644,0.0,0.143487,0.0,0.934758,0.0,0.0,0.0,0.0,0.350623,0.135578,0.166642,0.0,0.13131,0.112163,0.0,0.0,0.0,0.0,0.529161,0.0,0.0,0.0,0.091827,0.0,0.368078,0.137897,0.836424,0.152981,0.071953,1.036854,0.14823,0.0,0.0,0.0,0.0,0.163439,0.079215,0.0,0.240394,0.0,0.26465,0.124558,0.173907,0.143211,0.145137,0.666115,0.107311,0.0,8e-06,0.000921,0.202998,0.145615,0.0,6e-06,0.0,0.218034,0.0,0.0,0.0,0.141065,0.0,0.0,0.129561,0.14169,0.229039,0.215562,0.0,0.185712,0.0,0.0,0.15109,0.133839,0.0,0.0
TCGA-MP-A4TC,0.247699,0.0,0.0,0.0,0.0,0.165847,0.0,0.0,0.127569,0.22175,0.175492,0.0,2e-06,0.0,0.0,0.172981,0.0,0.265848,0.0,0.0,0.0,0.0,0.0,0.0,0.0,0.0,0.175806,0.0,0.153828,0.144571,0.0,0.0,0.193425,1.085781,0.0,0.106486,0.096096,1e-06,0.0,0.0,0.0,0.128468,0.0,0.190192,0.0,0.298736,0.060828,0.0,0.0,0.120556,0.0,0.326463,0.0,0.993499,0.0,0.506388,0.164007,0.0,1e-06,0.156819,1e-06,1e-06,0.0,0.098177,0.058907,0.200889,0.0,0.0,0.706812,0.0,0.0,0.0,0.18212,0.141657,0.0,0.0,0.0,0.0,0.0,0.005591,0.0,0.914235,0.137142,0.014321,0.0,0.104898,0.122245,0.0,0.149226,0.173758,0.143917,7e-06,0.00035,0.0,0.645715,0.0,0.0,0.0,1e-06,0.166722,1.1e-05,0.0,0.223654,0.203674,0.20256,0.0,0.0,0.360437,0.148451,0.084202,0.099199,3e-06,0.104318,0.0,0.209447,1e-06,0.0,0.519687,0.216065,0.1629,0.441181,0.0,0.240024,0.0,0.0,0.001136,0.10529,0.416116,0.239151,0.0,0.205999,0.186408,0.139773,0.115958,0.140392,0.0,0.0,0.0,0.118625,0.0,0.214546,0.14595,0.088787,0.26578,0.0,0.0,0.0,0.232873,0.0,0.0,0.138121,0.130498,0.414362,0.0,0.0,0.124164,0.0,0.089315,0.143067,0.0,0.47557,0.0,0.0,0.160962,0.0,0.145202,0.152316,0.103919,0.0,0.408811,0.0,0.133699,0.122469,0.0,0.0,0.0,0.0,0.081573,0.126234,1.101414,0.135935,0.0,1e-06,0.151045,0.0,0.154621,0.179797,0.155903,0.0,0.0,0.0,0.160773,0.127912,1e-06,0.0,0.134546,0.121181,0.365262,0.128047,0.0,0.160532,0.0,1.788527,0.10991,0.084428,0.0,0.214953,1.505585,0.0,0.0,0.232135,0.0,0.0,0.0,0.0,0.067082,0.0,1.197166,0.190603,0.0,0.0,0.190955,0.085628,0.174182,0.116709,0.0,0.0,0.0,0.0,0.0,0.0,0.217863,0.183963,0.105766,0.0,0.065712,0.20596,0.128153,0.14505,0.0,0.043303,0.0,0.095694,0.0,0.21621,0.316057,0.214199,0.0,0.15219,0.127521,0.572475,0.0,0.14249,0.023471,0.0,0.0,0.0,0.155994,0.0,0.0,0.0,0.201545,0.0,0.0,0.0,0.099718,0.0,8e-06,0.167339,0.125238,0.0,0.209691,0.132362,0.0,0.245514,0.113733,0.0,0.18135,0.0,0.0,0.123942,0.147199,0.152969,0.175623,0.0,0.0,0.0,0.0,0.11429,0.196952,0.133478,0.161272,0.0,0.0,0.0,0.191878,0.0,0.0,0.162889,0.13458,0.0,0.120429,5e-06,0.1762,0.067445,0.205588,0.0,0.0,0.0,0.118975,0.0,0.347656,0.11177,0.0,0.313787,0.0,0.0,0.0,0.0,0.133097,0.0,0.146025,0.162369,0.432505,0.0,0.0,0.152131,0.104285,0.129967,0.110548,0.080573,0.0,0.407651,0.0,0.0,0.205715,0.138274,0.0,0.0,0.0,0.395016,0.131142,0.0,0.0,0.136287,0.0,0.0,0.140813,0.170429,0.196655,0.0,0.0,0.0,0.0,0.199133,0.183348,0.0,0.182197,0.147504,0.12208,0.0,0.0,0.0,0.0,0.244994,0.0,0.196012,0.0,0.530282,0.0,0.0,0.0,0.085588,0.185608,0.191098,0.274644,0.158145,0.0,0.132776,0.0,0.197665,0.0,0.236542,0.135378,0.177581,0.078922,0.0,0.107792,0.0,0.0,0.0,0.206377,0.0,0.0,0.0,0.114409,1e-06,0.144466,0.0,0.22442,0.0,0.165832,0.0,0.211651,0.0,0.0,0.16756,0.0,3.5e-05,1.402072,0.0,0.041558,0.123411,0.139399,0.152168,0.396262,0.127985,0.160425,0.296303,0.161094,0.128691,0.0,1e-06,0.154475,0.0,0.0,0.266226,0.176243,0.069207,0.0,0.064271,0.0,0.0,0.564401,0.0,0.568639,0.0,0.247812,0.0,0.166334,0.0,0.883457,0.0,0.0,0.0,0.0,0.30967,0.15322,0.152945,0.0,0.152126,0.130702,0.0,0.0,0.0,0.0,0.511309,0.0,0.0,0.0,0.079428,0.0,0.338727,0.120013,0.794281,0.167398,0.063569,0.984655,0.165535,0.0,0.0,0.0,0.0,0.143693,0.062126,0.0,0.235261,0.0,0.235596,0.135829,0.187151,0.128164,0.160018,0.640854,0.122131,0.0,8e-06,0.001055,0.223446,0.161875,0.0,9e-06,0.0,0.190745,0.0,0.0,0.0,0.158868,0.0,0.0,0.140882,0.122258,0.230088,0.192026,0.0,0.207825,0.0,0.0,0.16793,0.116649,0.0,0.0
TCGA-MP-A4TJ,0.278506,0.0,0.0,0.0,0.0,0.198894,0.0,0.0,0.101611,0.242222,0.199861,0.0,0.0,0.0,0.0,0.204457,0.0,0.270627,0.0,0.0,0.0,0.0,0.0,0.0,0.0,0.0,0.183412,0.0,0.151068,0.164745,0.0,0.0,0.214675,1.021779,0.0,0.080992,0.072872,0.0,0.0,0.0,0.0,0.099263,0.0,0.209773,0.0,0.249448,0.063918,0.0,0.0,0.099301,0.0,0.320869,0.0,0.954157,0.0,0.472333,0.17241,0.0,0.0,0.173866,1e-06,3e-06,0.0,0.101052,0.064606,0.172752,0.0,0.0,0.658418,0.0,0.0,0.0,0.136845,0.154869,0.0,0.0,0.0,0.0,0.0,0.014511,0.0,0.868257,0.139474,0.004325,0.0,0.127454,0.089714,0.0,0.165954,0.195758,0.137506,0.0,5.5e-05,0.0,0.5984,0.0,0.0,0.0,0.0,0.172699,1e-06,0.0,0.242893,0.233572,0.234834,0.0,0.0,0.35607,0.18165,0.067083,0.106073,0.0,0.073611,0.0,0.183269,0.0,0.0,0.48384,0.237542,0.116667,0.405391,0.0,0.197184,0.0,0.0,0.000324,0.091464,0.394764,0.268588,0.0,0.206082,0.209649,0.107521,0.086406,0.1017,0.0,0.0,0.0,0.126526,0.0,0.167087,0.137987,0.070089,0.242572,0.0,0.0,0.0,0.189803,0.0,0.0,0.152368,0.105822,0.387312,0.0,0.0,0.144279,0.0,0.108769,0.166552,0.0,0.43331,0.0,0.0,0.165632,0.0,0.111201,0.116942,0.078325,0.0,0.363832,0.0,0.103621,0.133937,0.0,0.0,0.0,0.0,0.101968,0.137505,1.048903,0.15696,0.0,2e-06,0.175836,0.0,0.178536,0.14088,0.182751,0.0,0.0,0.0,0.189452,0.093629,0.0,0.0,0.105583,0.139761,0.342071,0.104334,0.0,0.173535,0.0,1.713332,0.121444,0.106061,0.0,0.197758,1.433288,0.0,0.0,0.262898,0.0,0.0,0.0,0.0,0.053552,0.0,1.132908,0.148299,0.0,0.0,0.212154,0.052915,0.19068,0.147243,0.0,0.0,0.0,0.0,0.0,0.0,0.22803,0.219843,0.126123,0.0,0.073779,0.211959,0.12702,0.149328,0.0,0.029712,0.0,0.066004,0.0,0.222671,0.280522,0.165147,0.0,0.168893,0.136635,0.530069,0.0,0.173736,0.01193,0.0,0.0,0.0,0.16976,0.0,0.0,0.0,0.22608,0.0,0.0,0.0,0.087838,0.0,0.0,0.185824,0.142498,0.0,0.220178,0.155628,0.0,0.21045,0.113238,0.0,0.212958,0.0,0.0,0.085308,0.103867,0.167625,0.209701,0.0,0.0,0.0,0.0,0.144549,0.210798,0.148828,0.186704,0.0,0.0,0.0,0.21878,0.0,0.0,0.175235,0.100188,0.0,0.084443,0.0,0.188322,0.052403,0.215976,0.0,0.0,0.0,0.13555,0.0,0.319726,0.080962,0.0,0.295858,0.0,0.0,0.0,0.0,0.159191,0.0,0.170817,0.174877,0.391795,0.0,0.0,0.164061,0.112539,0.083321,0.086602,0.061318,0.0,0.377497,0.0,0.0,0.21588,0.153775,0.0,0.0,0.0,0.332168,0.149008,0.0,0.0,0.101511,0.0,0.0,0.14968,0.174301,0.158665,0.0,0.0,0.0,0.0,0.207332,0.206112,0.0,0.149949,0.11188,0.088322,0.0,0.0,0.0,0.0,0.197436,0.0,0.206272,0.0,0.496379,0.0,0.0,0.0,0.095915,0.208602,0.210072,0.235881,0.120183,0.0,0.13163,0.0,0.213777,0.0,0.218533,0.154103,0.190899,0.09704,0.0,0.071055,0.0,0.0,0.0,0.21342,0.0,0.0,0.0,0.094462,0.0,0.106925,0.0,0.236483,0.0,0.192128,0.0,0.164887,0.0,0.0,0.181719,0.0,3e-06,1.334032,0.0,0.027316,0.13694,0.11775,0.179845,0.374235,0.098175,0.122208,0.304764,0.167907,0.094562,0.0,7e-06,0.142755,0.0,0.0,0.314612,0.1904,0.041146,0.0,0.047644,0.0,0.0,0.528468,0.0,0.524583,0.0,0.248901,0.0,0.173349,0.0,0.815978,0.0,0.0,0.0,0.0,0.239525,0.181226,0.137995,0.0,0.179368,0.144687,0.0,0.0,0.0,0.0,0.480641,0.0,0.0,0.0,0.07014,0.0,0.294596,0.089945,0.76102,0.186534,0.057271,0.919636,0.17581,0.0,0.0,0.0,0.0,0.112815,0.038682,0.0,0.225358,0.0,0.223498,0.142299,0.217823,0.112732,0.166758,0.604557,0.150441,0.0,5e-06,0.000326,0.244097,0.187347,0.0,1e-06,0.0,0.155057,0.0,0.0,0.0,0.18361,0.0,0.0,0.142554,0.095818,0.231339,0.151114,0.0,0.219145,0.0,0.0,0.197729,0.087099,0.0,0.0
TCGA-NC-A5HQ,0.207176,0.0,0.0,0.0,0.0,0.14017,0.0,2e-06,0.178871,0.183167,0.140923,0.0,0.000127,0.0,0.0,0.158879,0.0,0.271758,0.0,0.0,0.0,0.0,0.0,1e-06,0.0,0.0,0.137956,0.0,0.13819,0.134202,0.0,0.0,0.161676,1.13193,0.0,0.136685,0.129771,1e-06,0.0,0.0,0.0,0.160974,0.0,0.152529,0.0,0.292337,0.051929,0.0,0.0,0.151184,0.0,0.303885,0.0,1.019397,0.0,0.560645,0.134665,0.0,0.0,0.129299,0.0,0.0,0.0,0.087115,0.053303,0.237194,1e-06,0.0,0.726491,0.0,0.0,0.0,0.225797,0.130884,0.0,0.0,0.0,0.0,0.0,0.00388,0.0,0.966796,0.112942,0.009703,0.0,0.085177,0.14413,0.0,0.133251,0.16349,0.111059,3.9e-05,0.002024,0.0,0.685564,0.0,0.0,0.0,9e-06,0.130554,1.9e-05,0.0,0.195695,0.177579,0.172652,0.0,0.0,0.372631,0.132738,0.110596,0.088003,0.0,0.138979,0.0,0.252534,0.0,0.0,0.549465,0.187148,0.182441,0.477913,0.0,0.219861,0.0,0.0,0.006012,0.131644,0.407688,0.218465,0.0,0.170689,0.155291,0.180443,0.15302,0.163865,0.0,0.0,0.0,0.120744,0.0,0.256069,0.120511,0.121437,0.314994,0.0,0.0,0.0,0.244531,0.0,0.0,0.100487,0.156716,0.443608,0.0,0.0,0.10655,0.0,0.074879,0.119404,0.0,0.518558,0.0,0.0,0.135085,0.0,0.177809,0.186649,0.151206,0.0,0.421827,0.0,0.170026,0.103489,0.0,0.0,0.0,0.0,0.067495,0.112134,1.149038,0.110787,0.0,6e-06,0.127377,0.0,0.129355,0.167134,0.129326,0.0,0.0,0.0,0.14047,0.162427,0.0,1e-06,0.173249,0.101316,0.347809,0.174281,0.0,0.127229,0.0,1.84054,0.087153,0.076695,0.0,0.237624,1.546508,0.0,0.0,0.211241,0.0,0.0,0.0,0.0,0.036371,0.0,1.25875,0.220157,0.0,0.0,0.165543,0.107285,0.151131,0.097664,0.0,0.0,0.0,0.0,0.0,0.0,0.176223,0.155369,0.092252,0.0,0.058141,0.166763,0.101123,0.113468,0.0,0.074626,0.0,0.133382,0.0,0.186036,0.355103,0.199535,0.0,0.127456,0.109102,0.609937,0.0,0.11715,0.018208,0.0,0.0,0.0,0.115838,0.0,0.0,0.0,0.18256,0.0,0.0,0.0,0.126112,0.0,0.000302,0.152652,0.104252,6e-05,0.185653,0.118591,0.0,0.285941,0.116697,0.0,0.148699,0.0,0.0,0.156269,0.187467,0.133489,0.1552,0.0,0.0,0.0,0.0,0.095066,0.160673,0.109271,0.140422,0.0,0.0,0.0,0.170212,0.0,0.0,0.122815,0.160398,0.0,0.155235,0.0,0.170091,0.094463,0.200977,0.0,0.0,0.0,0.086972,0.0,0.327172,0.140441,0.0,0.351969,0.0,0.0,0.0,0.0,0.114281,0.0,0.123523,0.135259,0.441816,0.0,0.0,0.13009,0.083948,0.163331,0.1439,0.107383,0.0,0.441566,0.0,0.0,0.171158,0.115038,0.0,0.0,0.0,0.408728,0.106967,0.0,0.0,0.174873,0.0,0.0,0.104451,0.133434,0.232399,0.0,0.0,0.0,0.0,0.162622,0.156098,0.0,0.20751,0.180877,0.149246,0.0,0.0,0.0,0.0,0.28222,0.0,0.162438,0.0,0.522054,0.0,0.0,0.0,0.067098,0.153502,0.162149,0.292257,0.191295,0.0,0.098791,0.0,0.165892,0.0,0.262149,0.104107,0.147322,0.088753,0.0,0.141056,0.0,0.0,0.0,0.168851,0.0,0.0,0.0,0.145411,2e-06,0.174142,0.0,0.206369,0.0,0.149907,0.0,0.216372,0.0,0.0,0.138948,0.0,4e-06,1.427424,0.0,0.073638,0.114753,0.16716,0.123301,0.441858,0.161607,0.206871,0.297099,0.125191,0.152608,0.0,0.0,0.179351,0.0,0.0,0.239723,0.157592,0.096606,0.0,0.080029,0.0,1e-06,0.616439,0.0,0.609048,0.0,0.227654,0.0,0.140645,0.0,0.933346,0.0,0.0,0.0,0.0,0.363611,0.133127,0.173388,0.0,0.129246,0.107785,0.0,0.0,0.0,1e-05,0.507375,0.0,0.0,0.0,0.096264,0.0,0.378527,0.148428,0.825356,0.149397,0.094177,1.024201,0.132963,0.0,0.0,0.0,0.0,0.182145,0.103935,0.0,0.219075,0.0,0.280312,0.118465,0.165419,0.149991,0.122347,0.641672,0.11646,0.0,3e-06,0.005902,0.200278,0.144297,0.0,0.000274,0.0,0.221964,0.0,0.0,0.0,0.13403,0.0,0.0,0.144788,0.148507,0.212371,0.224867,0.0,0.174451,0.0,0.0,0.151318,0.143673,0.0,0.0
TCGA-NJ-A55O,0.10644,0.0,0.0,0.0,0.0,0.084236,0.0,1e-06,0.248786,0.100524,0.08465,2.6e-05,1.5e-05,0.0,0.0,0.077458,0.0,0.269968,0.0,0.0,1e-06,0.0,0.0,1e-06,0.0,0.0,0.073362,0.0,0.156946,0.066496,0.0,0.0,0.095984,1.318432,0.0,0.216557,0.196654,0.000114,0.0,0.0,0.0,0.242941,0.0,0.095266,0.0,0.383249,0.037158,0.0,0.0,0.222282,0.0,0.312115,0.0,1.11504,0.0,0.699709,0.081266,0.0,0.0,0.080253,7e-06,0.0,0.0,0.049265,0.025646,0.319722,3e-06,0.0,0.829823,0.0,0.0,0.0,0.318021,0.055038,0.0,0.0,1e-06,0.0,0.0,0.003379,0.0,1.088165,0.068515,0.003303,0.0,0.046891,0.224495,0.0,0.072669,0.111391,0.070284,0.0,0.002092,4e-06,0.810446,0.0,0.0,0.0,1e-06,0.080075,2e-05,0.0,0.103757,0.09059,0.078824,0.0,0.0,0.407871,0.061044,0.17135,0.056281,1.7e-05,0.218122,1.7e-05,0.34831,0.0,0.0,0.670363,0.110149,0.260925,0.589861,0.0,0.315996,0.0,0.0,0.00848,0.197966,0.474212,0.097028,0.0,0.102859,0.071835,0.243503,0.227567,0.232323,0.0,0.0,0.0,0.097598,0.0,0.345258,0.09284,0.17173,0.397767,0.0,0.0,0.0,0.343557,0.0,0.0,0.060163,0.238744,0.569332,0.0,0.0,0.060802,0.0,0.04119,0.06207,0.0,0.65608,0.0,1e-05,0.066738,0.0,0.253348,0.271403,0.207813,0.0,0.52896,0.0,0.220832,0.05402,0.0,0.0,0.0,0.0,0.048851,0.056182,1.318852,0.069836,0.0,1e-06,0.069391,0.0,0.072857,0.242298,0.078536,0.0,0.0,0.0,0.056995,0.239457,0.000469,0.0,0.259436,0.058865,0.361184,0.239235,0.0,0.064998,0.0,2.064481,0.052129,0.032015,0.0,0.301737,1.720928,0.0,0.0,0.103487,0.0,0.0,0.0,0.0,0.042342,0.0,1.419039,0.316676,0.0,0.0,0.076557,0.156518,0.073536,0.052322,0.0,0.0,0.0,0.0,0.0,0.0,0.108069,0.06846,0.042842,0.0,0.037569,0.084747,0.040926,0.053398,0.0,0.123359,0.0,0.195878,0.0,0.089512,0.429451,0.258798,0.0,0.067383,0.060548,0.736815,0.0,0.075389,0.024997,0.0,0.0,0.0,0.079089,0.0,0.0,0.0,0.127535,0.0,1e-06,0.0,0.169615,0.0,1.1e-05,0.079649,0.071025,1e-06,0.093491,0.047953,0.0,0.364631,0.13351,0.0,0.080608,0.0,0.0,0.220368,0.26392,0.080215,0.081975,0.0,0.0,0.0,0.0,0.04652,0.110559,0.065916,0.095172,0.0,0.0,0.0,0.076617,0.0,0.0,0.077981,0.249211,0.0,0.222872,3.9e-05,0.165003,0.141163,0.241905,0.0,0.0,0.0,0.060848,0.0,0.364825,0.205963,0.0,0.444204,0.0,2e-06,2e-06,0.0,0.078434,0.0,0.060802,0.071099,0.562604,0.0,0.0,0.06083,0.053308,0.23929,0.204026,0.150819,0.0,0.551311,4e-06,1.6e-05,0.094232,0.060539,0.0,0.0,0.0,0.557276,0.072572,0.0,0.0,0.260778,0.0,0.0,0.06224,0.06897,0.341095,0.0,0.0,4.2e-05,0.0,0.096317,0.095469,0.0,0.300381,0.266055,0.219989,0.0,0.0,0.0,0.0,0.402562,0.0,0.086829,0.0,0.597074,0.0,0.0,0.0,0.02644,0.090403,0.084415,0.373395,0.270854,0.0,0.084105,0.0,0.092438,0.0,0.316732,0.072522,0.081966,0.067687,0.0,0.20938,0.0,0.0,0.0,0.082289,0.0,0.0,0.0,0.213853,0.0,0.253237,0.0,0.15589,0.0,0.086558,0.0,0.334611,1e-06,0.0,0.068434,0.0,2.6e-05,1.592551,0.0,0.110601,0.055,0.243357,0.06341,0.544847,0.256048,0.293671,0.301088,0.069638,0.239007,0.0,2.3e-05,0.203391,0.0,0.0,0.118298,0.102749,0.157715,0.0,0.131842,0.0,0.0,0.743218,0.0,0.749582,0.0,0.223212,0.0,0.074544,0.0,1.085438,0.0,0.0,0.0,0.0,0.535768,0.063545,0.235642,0.0,0.051437,0.062477,0.0,0.0,0.0,1e-06,0.563975,0.0,0.0,0.0,0.100416,0.0,0.476979,0.211118,0.945353,0.083131,0.107047,1.197686,0.07945,0.0,0.0,0.0,0.0,0.268316,0.161978,0.0,0.230134,0.0,0.345221,0.071993,0.085408,0.234027,0.077152,0.720146,0.056653,0.0,3.2e-05,0.006615,0.100501,0.071151,0.0,0.000331,0.0,0.337855,0.0,0.0,0.0,0.069337,3e-06,0.0,0.111426,0.225544,0.181773,0.313527,0.0,0.124771,0.0,0.0,0.075975,0.228733,0.0,0.0
TCGA-NJ-A55R,0.248561,0.0,0.0,0.0,0.0,0.168911,0.0,2e-06,0.13336,0.221676,0.170846,1e-06,2.5e-05,0.0,0.0,0.165821,0.0,0.282226,0.0,0.0,0.0,0.0,0.0,0.0,0.0,0.0,0.17429,0.0,0.162979,0.150148,0.0,0.0,0.198383,1.155624,0.0,0.109878,0.098561,0.0,0.0,0.0,0.0,0.13362,0.0,0.1925,0.0,0.316152,0.068982,0.0,0.0,0.119399,0.0,0.335214,0.0,1.044666,0.0,0.542848,0.165324,0.0,0.0,0.156061,1e-06,0.0,0.0,0.108422,0.056326,0.212798,0.0,0.0,0.745689,0.0,0.0,0.0,0.186551,0.145473,0.0,0.0,0.0,0.0,0.0,0.008959,0.0,0.967109,0.14096,0.004187,0.0,0.105138,0.119707,0.0,0.14601,0.181106,0.144611,1e-06,0.000144,0.0,0.688562,0.0,0.0,0.0,4e-06,0.174454,4e-06,0.0,0.225146,0.20304,0.19793,0.0,0.0,0.391039,0.151828,0.101469,0.102767,2e-06,0.108912,0.0,0.234855,0.0,0.0,0.54997,0.21085,0.166078,0.468662,0.0,0.253814,0.0,0.0,0.000767,0.107597,0.439872,0.231312,0.0,0.199652,0.18485,0.142104,0.110394,0.146322,0.0,0.0,0.0,0.130684,0.0,0.230767,0.151176,0.09722,0.286586,0.0,0.0,0.0,0.245108,0.0,0.0,0.133925,0.133731,0.444338,0.0,0.0,0.125805,0.0,0.087259,0.14903,0.0,0.503247,0.0,0.0,0.157316,0.0,0.145675,0.159277,0.109929,0.0,0.435522,0.0,0.129931,0.123269,0.0,0.0,0.0,0.0,0.092585,0.126394,1.169369,0.141148,0.0,0.0,0.161221,0.0,0.150635,0.189313,0.159417,0.0,0.0,0.0,0.15892,0.128259,0.0,1e-06,0.132161,0.126434,0.384117,0.138718,0.0,0.15567,0.0,1.888594,0.118426,0.083765,0.0,0.221365,1.580277,0.0,0.0,0.236199,0.0,0.0,0.0,0.0,0.067873,0.0,1.261282,0.192018,0.0,0.0,0.186848,0.082578,0.171615,0.123091,0.0,0.0,0.0,0.0,0.0,0.0,0.221561,0.17948,0.112516,0.0,0.070605,0.192506,0.124589,0.136086,0.0,0.039815,0.0,0.094561,0.0,0.209911,0.338847,0.224647,0.0,0.155811,0.12542,0.612435,0.0,0.150954,0.019727,0.0,0.0,0.0,0.161327,0.0,0.0,0.0,0.215901,0.0,0.0,0.0,0.094599,0.0,6e-06,0.163208,0.132537,2e-06,0.20598,0.13654,0.0,0.266041,0.124082,0.0,0.180751,0.0,0.0,0.123276,0.152535,0.148606,0.177479,0.0,0.0,0.0,0.0,0.117412,0.199669,0.136786,0.161491,0.0,0.0,0.0,0.189356,0.0,0.0,0.165037,0.143158,0.0,0.125464,2e-06,0.194757,0.069629,0.230616,0.0,0.0,0.0,0.121191,0.0,0.372772,0.115822,0.0,0.336172,0.0,0.0,0.0,0.0,0.14887,0.0,0.147006,0.161202,0.470304,0.0,0.0,0.146327,0.112419,0.126229,0.115395,0.075182,0.0,0.439995,0.0,0.0,0.204395,0.135645,0.0,0.0,0.0,0.42824,0.140226,0.0,0.0,0.141247,0.0,0.0,0.138865,0.166422,0.204021,0.0,0.0,0.0,0.0,0.206742,0.180569,0.0,0.190132,0.152219,0.127879,0.0,0.0,0.0,0.0,0.250266,0.0,0.195924,0.0,0.561618,0.0,0.0,0.0,0.083196,0.193039,0.188131,0.29698,0.160779,0.0,0.136657,0.0,0.198646,0.0,0.247788,0.145005,0.164888,0.082265,0.0,0.106974,0.0,0.0,0.0,0.201199,0.0,0.0,0.0,0.116351,0.0,0.139605,0.0,0.235326,0.0,0.170952,0.0,0.222845,0.0,0.0,0.160709,0.0,1.1e-05,1.473374,0.0,0.046459,0.127017,0.142282,0.15196,0.422997,0.128673,0.161924,0.314398,0.157926,0.131882,0.0,0.0,0.152825,0.0,0.0,0.264532,0.174326,0.069962,3e-06,0.059259,0.0,0.0,0.601845,0.0,0.613428,0.0,0.264155,0.0,0.169559,0.0,0.943972,0.0,0.0,0.0,0.0,0.324282,0.155502,0.16487,0.0,0.148504,0.132118,0.0,0.0,0.0,0.0,0.546073,0.0,0.0,0.0,0.088973,0.0,0.363123,0.116749,0.847186,0.16376,0.06516,1.044788,0.167812,0.0,0.0,0.0,0.0,0.147456,0.059407,0.0,0.251375,0.0,0.251971,0.139094,0.188592,0.133198,0.162637,0.687067,0.114032,0.0,3e-06,0.000665,0.221235,0.166439,0.0,1.4e-05,0.0,0.195799,0.0,0.0,0.0,0.163763,1e-06,0.0,0.139089,0.125772,0.241503,0.192357,0.0,0.209914,0.0,0.0,0.1687,0.119271,0.0,0.0
TCGA-S2-AA1A,0.114927,0.0,0.0,0.0,0.0,0.106586,0.0,1e-06,0.209041,0.111394,0.093698,0.0,2.4e-05,0.0,0.0,0.082574,0.0,0.273909,0.0,0.0,1e-06,0.0,0.0,0.0,0.0,0.0,0.093746,0.0,0.171082,0.065734,3e-06,0.0,0.109501,1.287339,0.0,0.1752,0.160862,0.0,0.0,0.0,0.0,0.210114,0.0,0.104361,0.0,0.373947,0.035267,0.0,0.0,0.214917,0.0,0.330439,0.0,1.099146,0.0,0.651774,0.09754,0.0,0.0,0.09221,1.1e-05,9e-06,0.0,0.04842,0.036884,0.282818,0.0,0.0,0.814391,0.0,0.0,0.0,0.282124,0.075833,0.0,0.0,0.0,0.0,0.0,0.011217,0.0,1.064568,0.069615,0.001645,0.0,0.071282,0.202972,0.0,0.089776,0.129019,0.092958,8.2e-05,0.000724,0.0,0.774681,0.0,0.0,0.0,1.4e-05,0.100738,0.0,0.0,0.102537,0.09826,0.110933,0.0,0.0,0.412932,0.077717,0.146819,0.060768,0.0,0.182314,0.0,0.307489,1e-06,0.0,0.659237,0.130135,0.239152,0.566226,0.0,0.309725,0.0,0.0,0.001918,0.171743,0.457333,0.105469,0.0,0.100294,0.101876,0.218921,0.200668,0.209329,0.0,0.0,0.0,0.105299,0.0,0.30173,0.117614,0.149521,0.375713,0.0,0.0,0.0,0.321776,0.0,0.0,0.082968,0.220704,0.544206,0.0,0.0,0.074441,0.0,0.051692,0.075321,0.0,0.620965,0.0,0.0,0.073847,0.0,0.223297,0.247113,0.188089,0.0,0.52118,0.0,0.208416,0.065083,0.0,0.0,0.0,0.0,0.062389,0.055642,1.279455,0.085649,0.0,6e-06,0.094833,0.0,0.077001,0.242712,0.100348,0.0,0.0,0.0,0.067881,0.222972,0.0,0.0,0.23176,0.081335,0.371545,0.201236,0.0,0.089997,0.0,2.023699,0.076958,0.041801,0.0,0.274466,1.700162,0.0,0.0,0.109775,0.0,0.0,0.0,0.0,0.054273,0.0,1.393904,0.29756,2e-06,0.0,0.101059,0.140674,0.087564,0.07162,0.0,0.0,0.0,0.0,0.0,0.0,0.137575,0.089368,0.052111,0.0,0.039609,0.098066,0.058031,0.066113,0.0,0.084843,0.0,0.16288,0.0,0.08655,0.391831,0.255547,0.0,0.09531,0.077413,0.695787,0.0,0.098972,0.039081,0.0,0.0,0.0,0.097928,0.0,0.0,0.0,0.151395,0.0,0.0,0.0,0.163932,0.0,4.3e-05,0.081291,0.072893,0.000109,0.124632,0.059571,0.0,0.338484,0.133927,0.0,0.084496,0.0,0.0,0.201901,0.239048,0.097122,0.110508,0.0,0.0,0.0,0.0,0.064748,0.124818,0.07567,0.111195,0.0,0.0,4e-06,0.103942,0.0,0.0,0.099454,0.218067,0.0,0.206598,0.0,0.18626,0.118448,0.238084,0.0,0.0,0.0,0.079383,0.0,0.372034,0.191667,0.0,0.416253,0.0,1e-06,0.0,0.0,0.098414,0.0,0.083944,0.095967,0.539664,0.0,0.0,0.075539,0.073158,0.201765,0.1681,0.109111,0.0,0.514595,0.0,3.9e-05,0.094624,0.085243,0.0,0.0,0.0,0.530018,0.096991,0.0,0.0,0.221025,0.0,0.0,0.074433,0.082539,0.309882,0.0,0.0,0.0,0.0,0.107475,0.104579,0.0,0.283665,0.235474,0.186086,0.0,0.0,0.0,0.0,0.366813,0.0,0.096451,0.0,0.598785,0.0,0.0,0.0,0.04334,0.108061,0.106956,0.335314,0.264558,0.0,0.105383,0.0,0.100629,0.0,0.274581,0.083064,0.097846,0.068334,0.0,0.182473,0.0,0.0,0.0,0.094332,6e-06,0.0,0.0,0.197822,0.0,0.230959,0.0,0.188147,0.0,0.098736,0.0,0.314178,0.0,0.0,0.099168,0.0,1.5e-05,1.577437,0.0,0.088019,0.076847,0.221224,0.083045,0.517109,0.222761,0.2606,0.316028,0.096828,0.202112,0.0,2e-05,0.183661,0.0,0.0,0.134962,0.121712,0.110649,0.0,0.109478,0.0,2e-05,0.728258,0.0,0.69344,0.0,0.231924,0.0,0.083732,0.0,1.043928,0.0,0.0,0.0,0.0,0.493816,0.080762,0.216322,0.0,0.070362,0.084523,0.0,0.0,0.0,5e-06,0.559794,0.0,0.0,0.0,0.090207,0.0,0.446447,0.19383,0.930335,0.097559,0.08927,1.165256,0.080152,0.0,0.0,0.0,0.0,0.230685,0.128612,0.0,0.235971,0.0,0.315635,0.079953,0.093956,0.215425,0.082807,0.72142,0.063455,0.0,1e-06,0.002123,0.110399,0.082182,0.0,9.1e-05,0.0,0.311704,0.0,0.0,0.0,0.094789,0.0,0.0,0.117123,0.200924,0.206607,0.282182,0.0,0.136391,0.0,0.0,0.082949,0.208107,0.0,0.0
