gene,mean_LUAD,mean_LUSC,log2FC_LUAD_vs_LUSC,p,q_BH
DSG3,3.19,175.74,-5.399,3.2768659075745496e-15,2.7821736590816814e-11
KRT74,0.03,1.82,-1.447,3.6624414652559484e-15,2.7821736590816814e-11
CERS3,0.25,13.13,-3.495,1.8623896964958034e-14,7.073821664715186e-11
SERPINB13,1.12,81.09,-5.273,1.494681733458978e-14,7.073821664715186e-11
KRT5,194.17,3408.17,-4.127,3.2748007527911415e-14,9.950809567431163e-11
C10orf99,0.83,41.82,-4.55,6.653479036530123e-14,1.391281802288422e-10
TMPRSS11A,0.85,20.53,-3.544,6.703099396654382e-14,1.391281802288422e-10
SPRR2E,0.49,153.05,-6.694,7.325909575664698e-14,1.391281802288422e-10
KRT6C,0.48,87.62,-5.902,1.0490893836616108e-13,1.4680360436869005e-10
DSC3,5.23,114.88,-4.216,9.341135708478245e-14,1.4680360436869005e-10
GAST,0.17,14.73,-3.754,1.062883991348378e-13,1.4680360436869005e-10
LCE3D,0.03,15.89,-4.03,1.202570741301982e-13,1.5225547727167508e-10
SPRR2A,2.3,339.75,-6.688,1.6325360148376746e-13,1.7716514052449137e-10
CLCA2,2.26,189.2,-5.868,1.6102163262385098e-13,1.7716514052449137e-10
PKP1,23.31,422.09,-4.121,2.6166563219048935e-13,2.3385211469824145e-10
KRT6B,9.73,421.41,-5.299,2.5610148083900194e-13,2.3385211469824145e-10
FAM83C,1.24,13.04,-2.648,2.385356664282267e-13,2.3385211469824145e-10
KRT6A,71.33,3080.57,-5.413,6.473368836673706e-13,5.463882929754645e-10
KRT14,18.51,1177.17,-5.916,8.375353155137573e-13,6.697196867684482e-10
TMEM53,15.74,7.37,1.0,9.359345256937297e-13,7.109826624432417e-10
VSNL1,2.41,34.84,-3.396,1.5779506769967328e-12,1.1385172284693994e-09
CALML3,0.75,12.28,-2.928,1.6486131130340808e-12,1.1385172284693994e-09
FAT2,1.45,25.63,-3.443,1.8438041765386568e-12,1.2179529067022526e-09
KRT13,48.42,584.44,-3.566,3.0879932855916102e-12,1.7376252588145678e-09
CSTA,32.73,444.77,-3.724,2.7865164825572086e-12,1.7376252588145678e-09
HNF1B,17.79,2.64,2.37,3.085980063125586e-12,1.7376252588145678e-09
BNC1,1.45,20.87,-3.159,2.922933663329687e-12,1.7376252588145678e-09
C9orf152,26.68,4.77,2.261,3.2505018753017794e-12,1.7637455354092833e-09
HR,1.07,13.91,-2.846,3.790002384196822e-12,1.9855691801069766e-09
RASEF,23.56,7.85,1.472,4.417014490576733e-12,2.23692337184441e-09
KRT33A,0.07,1.17,-1.021,4.8048362025566454e-12,2.3548347234013904e-09
CAPN8,59.77,7.91,2.77,5.6950904286570745e-12,2.7039221525808417e-09
GJB5,6.77,65.12,-3.088,5.991125627530136e-12,2.7582779290625866e-09
ARHGEF38,6.98,1.52,1.665,6.3022270330157685e-12,2.816168685664958e-09
LCE3E,0.0,5.61,-2.719,7.134046144049247e-12,3.096787516186863e-09
KRTAP19-1,0.01,3.82,-2.252,7.430736466073577e-12,3.135977198029329e-09
SLC41A2,22.07,7.19,1.494,8.111280112349484e-12,3.330666993160154e-09
DAPL1,5.79,168.31,-4.641,9.349514504581146e-12,3.348092709578659e-09
RORC,30.59,6.05,2.164,9.916683468112924e-12,3.348092709578659e-09
S1PR5,3.41,18.44,-2.139,8.528525822559454e-12,3.348092709578659e-09
SMIM14,93.75,35.94,1.359,9.431493164821074e-12,3.348092709578659e-09
MUC3A,19.83,0.37,3.93,8.969583572039164e-12,3.348092709578659e-09
GALM,67.8,26.06,1.346,9.916683468112924e-12,3.348092709578659e-09
SPRR1A,17.23,815.09,-5.484,8.614809883769543e-12,3.348092709578659e-09
TMPRSS11F,0.13,3.15,-1.879,9.654033699096687e-12,3.348092709578659e-09
TMPRSS11D,0.44,28.52,-4.356,1.0902875991536909e-11,3.6010303247700058e-09
LRRC31,6.71,0.38,2.482,1.151478379941421e-11,3.7222151120106407e-09
MSGN1,0.01,2.82,-1.924,1.254737113565649e-11,3.948310228360001e-09
HPN,57.27,11.02,2.277,1.2733969669560984e-11,3.948310228360001e-09
SPRR4,0.02,18.48,-4.25,1.325444895153506e-11,3.987402949740996e-09
DDAH1,82.62,26.69,1.594,1.3384950334811479e-11,3.987402949740996e-09
TSPAN15,126.43,57.62,1.12,1.4068491935395548e-11,4.110434576432011e-09
TRIM29,18.06,136.03,-2.846,1.4786185748273013e-11,4.160120742102072e-09
EDDM13,0.43,4.67,-1.987,1.4786185748273013e-11,4.160120742102072e-09
ATP1B3,108.48,426.62,-1.966,1.6330777946051823e-11,4.511154715170279e-09
RBM47,57.11,23.86,1.225,1.7161252435046846e-11,4.569510508001972e-09
TP63,12.0,185.57,-3.843,1.7161252435046846e-11,4.569510508001972e-09
MUC1,583.4,120.55,2.265,1.8948144672159826e-11,4.569510508001972e-09
SPRR2B,0.02,16.02,-4.059,1.8657787634270118e-11,4.569510508001972e-09
MPPED1,0.05,2.86,-1.88,1.8876645860154823e-11,4.569510508001972e-09
KRT16,46.85,809.79,-4.083,1.8948144672159826e-11,4.569510508001972e-09
RGL3,25.11,5.0,2.12,1.8948144672159826e-11,4.569510508001972e-09
SFTA2,502.41,69.74,2.831,1.8948144672159826e-11,4.569510508001972e-09
HID1,49.96,16.34,1.556,1.9908672386146468e-11,4.5829160539806554e-09
NKX2-1,152.83,25.76,2.523,1.9908672386146468e-11,4.5829160539806554e-09
ICA1,30.48,10.38,1.468,1.9908672386146468e-11,4.5829160539806554e-09
GLOD5,5.18,1.11,1.551,2.30507129968304e-11,5.227007202400661e-09
KRT17,156.25,2196.38,-3.805,2.4250634021308355e-11,5.41823356890791e-09
ERBB3,80.32,31.94,1.304,2.6756575446536397e-11,5.891487692162717e-09
FMO5,28.75,5.13,2.28,2.9515444037409494e-11,6.340418060008439e-09
SPRR2G,0.14,36.05,-5.022,2.9630071892358265e-11,6.340418060008439e-09
TMEM125,179.35,46.41,1.928,3.099741526750602e-11,6.540885141100263e-09
AP3B2,0.37,3.22,-1.622,3.418309117698158e-11,6.924582723358415e-09
FA2H,22.4,4.31,2.14,3.418309117698158e-11,6.924582723358415e-09
ACSL5,89.83,23.91,1.867,3.418309117698158e-11,6.924582723358415e-09
WFDC5,0.9,12.86,-2.864,3.68832217840162e-11,7.373247217954712e-09
SPRR2D,3.25,191.17,-5.5,4.0553043031559755e-11,8.001589386733602e-09
OCLN,19.86,5.8,1.618,4.361524038255222e-11,8.317646387638896e-09
CGN,93.09,24.31,1.894,4.361524038255222e-11,8.317646387638896e-09
SPRR3,6.21,265.28,-5.206,4.379725603969669e-11,8.317646387638896e-09
TMC5,59.81,13.69,2.049,4.578647435134294e-11,8.58807289901177e-09
IRF6,47.87,200.95,-2.047,4.8063344359675797e-11,8.797908323572944e-09
TMEM92,24.84,6.09,1.865,4.8063344359675797e-11,8.797908323572944e-09
PNMA2,14.09,3.1,1.878,5.045086556783301e-11,9.125000006810557e-09
A2ML1,17.22,26.6,-0.599,5.295428506160817e-11,9.46511121107074e-09
DLK2,4.91,20.27,-1.849,6.424060170045955e-11,1.1277863139529862e-08
UGT1A7,0.07,13.72,-3.78,6.458066827743685e-11,1.1277863139529862e-08
AMTN,0.43,13.64,-3.359,6.566449327911448e-11,1.1336825527154389e-08
SLC6A15,0.23,4.92,-2.261,6.684242295549049e-11,1.1410527325424348e-08
USH1G,0.66,5.45,-1.961,6.953125653333268e-11,1.1608663522098059e-08
SPRR1B,26.79,732.92,-4.723,6.908487654824783e-11,1.1608663522098059e-08
SERPINB5,17.4,151.0,-3.046,7.420728702237861e-11,1.2254688170989113e-08
SMPDL3B,44.37,10.08,2.034,8.169528673225809e-11,1.3346198831432228e-08
PRSS8,220.01,80.43,1.44,8.570537559625944e-11,1.3852359270574144e-08
CD55,296.71,80.65,1.866,8.990772035152767e-11,1.4228833284382917e-08
FAM83B,1.69,14.25,-2.502,8.989501590293278e-11,1.4228833284382917e-08
HOXD11,0.46,2.02,-1.046,9.137485131124294e-11,1.4311939339914578e-08
SLC44A3,30.46,12.17,1.256,9.892553878896257e-11,1.518157283657281e-08
C17orf99,0.15,1.4,-1.064,9.864751849273998e-11,1.518157283657281e-08
KCNK5,55.5,11.85,2.137,1.0376023359352692e-10,1.5455188519475042e-08
VSTM2L,147.49,25.82,2.469,1.0376023359352692e-10,1.5455188519475042e-08
C1orf210,53.44,19.66,1.397,1.0376023359352692e-10,1.5455188519475042e-08
GBP6,4.32,64.55,-3.624,1.1413256385952833e-10,1.667323117997898e-08
MACC1,25.61,6.35,1.856,1.1413256385952833e-10,1.667323117997898e-08
KPRP,0.01,1.65,-1.387,1.2961280406870913e-10,1.8754355544913313e-08
SERPINB12,0.13,13.68,-3.693,1.3794312950002994e-10,1.9771414778244857e-08
DLX5,2.31,41.55,-3.682,1.4470011041575682e-10,2.035582201432031e-08
BCL2L15,5.76,0.51,2.166,1.446801064118687e-10,2.035582201432031e-08
DSG1,0.14,5.02,-2.407,1.493358959019203e-10,2.081523180218234e-08
SPINK13,7.34,0.69,2.298,1.553240389700876e-10,2.1453073855204916e-08
HKDC1,14.72,2.48,2.174,1.6673965649437022e-10,2.241836815149528e-08
PERP,254.02,911.23,-1.839,1.6673965649437022e-10,2.241836815149528e-08
CLDN3,309.45,51.14,2.574,1.6673965649437022e-10,2.241836815149528e-08
S100A7,6.06,370.63,-5.719,1.7171263429930225e-10,2.2884474148327186e-08
TMEM40,3.76,19.57,-2.111,1.7479057026315457e-10,2.3092114208766152e-08
CAPNS2,4.51,49.82,-3.206,1.7810169655979242e-10,2.3326716170973504e-08
BSPRY,48.1,19.41,1.266,1.832208834122917e-10,2.379209300583716e-08
GABRQ,0.37,5.91,-2.338,1.9358981533498597e-10,2.451008386987035e-08
ADAM23,3.15,59.09,-3.856,1.920480155758817e-10,2.451008386987035e-08
TJP3,38.88,13.04,1.506,1.920480155758817e-10,2.451008386987035e-08
GOLT1A,49.51,10.06,2.191,2.0129016404957237e-10,2.5274392251282258e-08
BMP7,7.7,46.92,-2.462,2.1096633746543155e-10,2.6058630610669118e-08
NMNAT3,0.77,3.39,-1.314,2.1093768392213385e-10,2.6058630610669118e-08
RAET1L,1.86,20.15,-2.885,2.1744305506454779e-10,2.6642034964481247e-08
RAB27A,44.05,21.27,1.016,2.3170106231231141e-10,2.7938366981832916e-08
CDHR1,1.15,5.87,-1.672,2.3170106231231141e-10,2.7938366981832916e-08
SCP2,64.73,37.65,0.766,2.665842204804805e-10,3.164229735749953e-08
CEACAM6,1637.41,319.13,2.356,2.665842204804805e-10,3.164229735749953e-08
ST3GAL5,18.17,5.02,1.671,2.7931377031942115e-10,3.264318548048435e-08
TMEM45B,70.64,24.09,1.514,2.7931377031942115e-10,3.264318548048435e-08
GAL3ST1,5.95,0.76,1.983,2.9263626261982443e-10,3.36819904392651e-08
FAM107B,77.1,29.06,1.377,2.9263626261982443e-10,3.36819904392651e-08
CELSR2,6.46,25.37,-1.821,3.065785907667166e-10,3.4041027666444026e-08
COQ3,12.85,27.59,-1.045,3.065785907667166e-10,3.4041027666444026e-08
ZNF488,1.16,4.46,-1.335,3.0514990749827773e-10,3.4041027666444026e-08
SLC39A2,0.16,3.09,-1.821,3.06958519732958e-10,3.4041027666444026e-08
KRT31,1.05,13.36,-2.812,2.9957155087209777e-10,3.4041027666444026e-08
CLDN23,25.46,10.24,1.235,3.2116883333506324e-10,3.51044466536663e-08
TENM2,0.6,15.21,-3.337,3.211260795224809e-10,3.51044466536663e-08
ATP11A,79.2,21.12,1.858,3.3643630471187625e-10,3.525156398267266e-08
MARK1,1.58,6.98,-1.631,3.3643630471187625e-10,3.525156398267266e-08
FAM174B,39.85,15.64,1.296,3.3643630471187625e-10,3.525156398267266e-08
GPRC5A,308.44,103.7,1.563,3.3643630471187625e-10,3.525156398267266e-08
MUC21,94.65,9.13,3.239,3.3643630471187625e-10,3.525156398267266e-08
SNX31,0.24,5.18,-2.312,3.291351737017225e-10,3.525156398267266e-08
DQX1,1.18,8.03,-2.049,3.524116078073948e-10,3.667253121519006e-08
LONRF3,7.14,2.16,1.363,3.691266889384693e-10,3.7892849898933537e-08
KPNA7,6.76,1.62,1.569,3.691266889384693e-10,3.7892849898933537e-08
KLHL13,2.06,12.01,-2.09,3.86614894970162e-10,3.8899603306501135e-08
MYBPHL,8.95,0.86,2.423,3.848333155817024e-10,3.8899603306501135e-08
LMO7,67.93,27.51,1.273,3.86614894970162e-10,3.8899603306501135e-08
DENND2C,1.81,7.88,-1.66,4.0491103280509595e-10,4.0207930205279887e-08
SMIM22,23.94,6.78,1.681,4.0491103280509595e-10,4.0207930205279887e-08
AP2M1,219.59,463.19,-1.073,4.440740057987044e-10,4.352784754903043e-08
HAP1,0.49,10.12,-2.898,4.440740057987044e-10,4.352784754903043e-08
IYD,3.03,0.33,1.602,4.64957527802726e-10,4.500014912922815e-08
STK32A,7.96,1.36,1.927,4.650183251029302e-10,4.500014912922815e-08
B3GNT7,133.59,23.94,2.432,4.869256814489244e-10,4.566581406329326e-08
ARHGAP12,31.41,16.83,0.862,4.869256814489244e-10,4.566581406329326e-08
FRRS1,4.4,12.58,-1.329,4.869256814489244e-10,4.566581406329326e-08
DPP4,29.18,5.34,2.252,4.869256814489244e-10,4.566581406329326e-08
PRR15L,135.99,42.34,1.66,4.869256814489244e-10,4.566581406329326e-08
DSC1,0.05,1.49,-1.245,5.090579303588215e-10,4.723162442367896e-08
SIAH2,37.15,102.0,-1.433,5.098391631332422e-10,4.723162442367896e-08
JAG1,24.92,94.47,-1.881,5.338037301780022e-10,4.885590405177341e-08
NECTIN1,26.32,179.8,-2.726,5.338037301780022e-10,4.885590405177341e-08
SMIM6,14.65,2.75,2.061,5.85000163777216e-10,5.3221002923755945e-08
MLPH,93.76,23.11,1.974,6.124832953569361e-10,5.538963515689244e-08
SERPINB3,4.88,69.88,-3.593,6.52390045445111e-10,5.8649479055902787e-08
FOLR1,427.62,76.58,2.466,6.71107660048208e-10,5.962654198311359e-08
SPINK1,269.71,5.18,5.452,6.71107660048208e-10,5.962654198311359e-08
TRIQK,26.0,13.51,0.896,7.024380493694038e-10,6.204733304691484e-08
CACFD1,47.53,23.76,0.971,7.351936844423381e-10,6.456530432215285e-08
PTTG1IP,459.22,246.16,0.897,7.694376180605145e-10,6.68003756068194e-08
CD63,1361.65,710.74,0.937,7.694376180605145e-10,6.68003756068194e-08
SLC34A2,1453.39,342.73,2.081,8.426562365514065e-10,7.2741342056395e-08
S100A7A,0.08,11.96,-3.585,8.826364701403936e-10,7.449942161579445e-08
NKAIN2,0.18,4.69,-2.266,8.683517236001586e-10,7.449942161579445e-08
RHCG,0.98,111.25,-5.826,8.778704000086589e-10,7.449942161579445e-08
ABCC5,18.59,102.23,-2.398,8.817710131341032e-10,7.449942161579445e-08
PARD6G,6.06,19.41,-1.531,9.226545101411247e-10,7.618418463355494e-08
KCTD1,5.99,19.96,-1.584,9.226545101411247e-10,7.618418463355494e-08
CD2AP,59.0,30.07,0.95,9.226545101411247e-10,7.618418463355494e-08
NAPSA,864.57,155.73,2.465,9.226545101411247e-10,7.618418463355494e-08
C12orf54,0.49,6.13,-2.255,9.396231168852249e-10,7.716591359371471e-08
KCNG1,0.4,6.3,-2.38,9.629533249361577e-10,7.84336173173696e-08
CRYM,23.55,7.4,1.547,9.653844822186609e-10,7.84336173173696e-08
PI3,19.68,985.25,-5.576,1.0100419991513948e-09,8.076614785845864e-08
FAM181B,0.25,3.15,-1.73,9.994217403436782e-10,8.076614785845864e-08
CCPG1,8.42,4.7,0.724,1.0100419991513948e-09,8.076614785845864e-08
TESC,106.65,6.8,3.787,1.0567115825511302e-09,8.191132180458838e-08
GPD1L,50.28,22.38,1.133,1.0567115825511302e-09,8.191132180458838e-08
BICD2,23.87,59.52,-1.283,1.0567115825511302e-09,8.191132180458838e-08
GALE,66.18,28.55,1.185,1.0567115825511302e-09,8.191132180458838e-08
LPCAT1,383.17,117.96,1.691,1.0567115825511302e-09,8.191132180458838e-08
TOX3,12.19,2.18,2.05,1.0565789951065773e-09,8.191132180458838e-08
LMO3,42.01,8.42,2.191,1.1054813479765392e-09,8.525674172491148e-08
CACNA1B,0.42,3.95,-1.801,1.1389413159658371e-09,8.73936131993382e-08
PON3,37.3,12.51,1.503,1.1564431526908714e-09,8.829065738106738e-08
MBIP,88.17,31.04,1.477,1.2096927492722616e-09,9.053626571277572e-08
KRT84,0.01,1.33,-1.204,1.2006102323127364e-09,9.053626571277572e-08
SLC22A31,157.38,23.27,2.706,1.2096927492722616e-09,9.053626571277572e-08
XXYLT1,12.12,37.74,-1.562,1.2095420165241342e-09,9.053626571277572e-08
KCTD15,9.36,27.23,-1.446,1.265329945298904e-09,9.423606793591299e-08
DLX6,0.89,8.53,-2.335,1.283271786417494e-09,9.510608902946822e-08
CDIN1,2.09,5.82,-1.144,1.3234587693396119e-09,9.66697552046958e-08
RAB19,5.65,1.97,1.164,1.3234587693396119e-09,9.66697552046958e-08
STAR,0.39,5.86,-2.305,1.3234587693396119e-09,9.66697552046958e-08
NTRK2,3.72,65.4,-3.815,1.3841876434882279e-09,1.0062183190199352e-07
SLC6A8,24.59,153.47,-2.593,1.4476295626895788e-09,1.0374450917897533e-07
RPS6KA2,58.12,22.04,1.359,1.4476295626895788e-09,1.0374450917897533e-07
RAB17,27.3,9.38,1.447,1.4476295626895788e-09,1.0374450917897533e-07
MGLL,63.6,24.32,1.351,1.5139022811127099e-09,1.0798458853026009e-07
CRACR2B,29.11,6.88,1.934,1.5831285058374024e-09,1.1239472611769932e-07
MICALL1,21.32,59.58,-1.44,1.6554360981284414e-09,1.1644000295771024e-07
USP31,4.16,11.24,-1.247,1.6554360981284414e-09,1.1644000295771024e-07
DEPTOR,34.31,9.63,1.731,1.809833864444744e-09,1.255561913356575e-07
SPDEF,79.51,10.34,2.828,1.809833864444744e-09,1.255561913356575e-07
STEAP4,39.45,11.55,1.688,1.809833864444744e-09,1.255561913356575e-07
EFNB1,37.31,111.91,-1.559,1.892207455393645e-09,1.300828410397993e-07
SLC16A1,19.58,61.99,-1.614,1.892207455393645e-09,1.300828410397993e-07
SLC16A4,35.07,6.97,2.179,1.9782297081222746e-09,1.3477687872422293e-07
FAM13A,17.04,5.94,1.378,1.9782297081222746e-09,1.3477687872422293e-07
FAM83F,1.55,7.95,-1.81,2.068057560031914e-09,1.3964443782028833e-07
CD151,282.55,138.16,1.027,2.068057560031914e-09,1.3964443782028833e-07
LLGL2,66.61,28.94,1.175,2.1618544863840985e-09,1.4342818869708998e-07
WDFY2,2.62,4.73,-0.662,2.1618544863840985e-09,1.4342818869708998e-07
COL7A1,11.55,78.03,-2.655,2.1618544863840985e-09,1.4342818869708998e-07
ALPK3,17.56,3.3,2.109,2.1618544863840985e-09,1.4342818869708998e-07
STON2,3.6,16.25,-1.907,2.259790763260356e-09,1.479870735612698e-07
SMIM1,14.6,4.94,1.393,2.259790763260356e-09,1.479870735612698e-07
FBXO27,9.42,37.84,-1.898,2.259790763260356e-09,1.479870735612698e-07
COL4A6,0.87,12.21,-2.82,2.362043740693334e-09,1.5336124167672574e-07
SLC9A3R2,137.92,54.81,1.316,2.362043740693334e-09,1.5336124167672574e-07
TCEA3,65.42,25.83,1.308,2.5802462801283197e-09,1.661088209067354e-07
ALDH3B1,69.54,26.87,1.34,2.5802462801283197e-09,1.661088209067354e-07
S100A2,123.29,1294.54,-3.382,2.6965885201557462e-09,1.7286611555580695e-07
TMEM150A,40.01,18.91,1.042,2.81803344046563e-09,1.7765303759748678e-07
HOXA13,0.19,2.94,-1.727,2.809072415762172e-09,1.7765303759748678e-07
SIGIRR,50.25,23.75,1.05,2.81803344046563e-09,1.7765303759748678e-07
HDGFL3,5.43,13.15,-1.138,2.81803344046563e-09,1.7765303759748678e-07
PTHLH,4.78,105.3,-4.201,2.944798240925161e-09,1.8336196587859004e-07
SDK2,4.93,11.77,-1.108,2.944798240925161e-09,1.8336196587859004e-07
NIPAL4,0.58,8.61,-2.608,2.944798240925161e-09,1.8336196587859004e-07
AGR2,712.39,134.9,2.392,3.0771090697770568e-09,1.900427564923692e-07
FBP1,120.24,49.31,1.269,3.0771090697770568e-09,1.900427564923692e-07
PLEKHB1,27.54,10.39,1.325,3.2152013792866446e-09,1.9696997804637902e-07
SNAI2,12.35,45.96,-1.815,3.2152013792866446e-09,1.9696997804637902e-07
PAK5,0.12,2.17,-1.494,3.2730420043784625e-09,1.9970814125510834e-07
FOXE1,11.22,71.89,-2.576,3.355356334953934e-09,2.0173183099390276e-07
RPH3AL,13.48,5.21,1.22,3.3593202949685644e-09,2.0173183099390276e-07
PGAP1,3.84,11.38,-1.354,3.3593202949685644e-09,2.0173183099390276e-07
ZIC5,0.55,3.39,-1.502,3.3358221385535318e-09,2.0173183099390276e-07
PTP4A2,113.57,71.94,0.651,3.5097209988890766e-09,2.0911055347498722e-07
TRAM1,427.07,208.27,1.032,3.5097209988890766e-09,2.0911055347498722e-07
PAM,93.37,46.03,1.005,3.6666691275566422e-09,2.1676149437730766e-07
CRIP2,129.82,48.7,1.396,3.6666691275566422e-09,2.1676149437730766e-07
SLC43A3,34.97,13.51,1.31,3.830441184931126e-09,2.246945672689521e-07
NCMAP,13.07,3.35,1.692,3.830441184931126e-09,2.246945672689521e-07
ANXA8,4.12,23.1,-2.233,3.999453698305393e-09,2.3370653860905323e-07
ADGRD1,8.01,2.9,1.208,4.179620027191052e-09,2.414485440042344e-07
COL4A5,5.15,22.45,-1.932,4.179620027191052e-09,2.414485440042344e-07
EPOR,16.47,6.82,1.16,4.179620027191052e-09,2.414485440042344e-07
PON2,153.45,65.28,1.22,4.365638097103972e-09,2.5029109286528544e-07
IGFL1,1.95,25.98,-3.193,4.353322938770128e-09,2.5029109286528544e-07
ADH7,3.07,150.99,-5.224,4.515426465142661e-09,2.5790554242448287e-07
ELFN2,6.39,1.26,1.708,4.559174237995318e-09,2.584909585679803e-07
ZNF254,10.85,4.66,1.065,4.559703606675358e-09,2.584909585679803e-07
SNTB1,36.51,12.42,1.483,4.762154160898046e-09,2.679681783945334e-07
KRT7,395.75,122.69,1.682,4.762154160898046e-09,2.679681783945334e-07
TM4SF4,126.92,0.32,6.603,4.879321562412537e-09,2.735480903975412e-07
AC015802.6,0.28,1.18,-0.763,4.973341059848646e-09,2.737680098633351e-07
RBP1,14.21,91.16,-2.599,4.973341059848646e-09,2.737680098633351e-07
GNA14,18.29,6.55,1.353,4.973341059848646e-09,2.737680098633351e-07
SERPINB4,2.09,36.35,-3.593,4.905948600059015e-09,2.737680098633351e-07
TMCO4,29.64,17.31,0.743,4.973341059848646e-09,2.737680098633351e-07
MAGEA4,12.57,134.25,-3.317,5.046359633102611e-09,2.767846278185125e-07
TLE6,5.99,1.89,1.274,5.19362983399311e-09,2.8181006452806186e-07
CADPS2,31.56,11.89,1.337,5.19362983399311e-09,2.8181006452806186e-07
LCE1C,0.1,2.88,-1.82,5.164686914137397e-09,2.8181006452806186e-07
KRT77,0.23,2.22,-1.382,5.272376628987864e-09,2.8506483318225126e-07
DLX1,0.1,2.26,-1.568,5.374215635240895e-09,2.8954063172416637e-07
SLC44A4,140.11,37.72,1.866,5.423400799565066e-09,2.911580506989118e-07
BTBD11,1.54,10.52,-2.184,5.663049634735314e-09,3.00834661190677e-07
RNASE1,1802.13,528.65,1.767,5.663049634735314e-09,3.00834661190677e-07
RHOF,1.15,0.45,0.572,5.663049634735314e-09,3.00834661190677e-07
SFN,457.46,1874.7,-2.033,5.912987977314177e-09,3.1085130221222936e-07
CMPK1,179.64,112.86,0.666,5.912987977314177e-09,3.1085130221222936e-07
HOPX,169.95,32.63,2.346,5.912987977314177e-09,3.1085130221222936e-07
LY6G6C,4.98,16.93,-1.583,6.1490198038479845e-09,3.2121977387653784e-07
C1orf116,156.05,46.39,1.729,6.173644044754101e-09,3.2121977387653784e-07
PLA2G10,19.57,3.29,2.262,6.173644044754101e-09,3.2121977387653784e-07
ENPP5,27.91,10.11,1.38,6.445463277246665e-09,3.3083082287570466e-07
C4BPB,7.88,1.77,1.679,6.444729264804328e-09,3.3083082287570466e-07
CCNJL,15.36,4.9,1.471,6.445463277246665e-09,3.3083082287570466e-07
MVP,213.97,104.73,1.024,6.445463277246665e-09,3.3083082287570466e-07
SDR9C7,0.08,3.25,-1.98,6.509294347191761e-09,3.329821852420351e-07
TP53AIP1,0.42,4.58,-1.97,6.713634868487551e-09,3.3964224089336476e-07
C1orf74,2.95,7.51,-1.109,6.728909004732627e-09,3.3964224089336476e-07
RNF168,13.43,34.17,-1.285,6.728909004732627e-09,3.3964224089336476e-07
ARMC9,14.15,4.34,1.504,6.728144567518205e-09,3.3964224089336476e-07
CISH,30.55,13.22,1.15,7.0244631386731645e-09,3.5338631942338206e-07
TBCCD1,10.59,25.08,-1.169,7.3326268894586555e-09,3.6406732134491947e-07
ADA,9.55,27.51,-1.434,7.3326268894586555e-09,3.6406732134491947e-07
TCAIM,12.36,6.91,0.756,7.3326268894586555e-09,3.6406732134491947e-07
LPAR3,5.15,22.35,-1.925,7.3326268894586555e-09,3.6406732134491947e-07
SORBS2,8.44,2.09,1.611,7.98888906895146e-09,3.927999728950794e-07
GPR39,9.25,3.05,1.34,7.98888906895146e-09,3.927999728950794e-07
PLEKHA6,19.31,4.32,1.932,7.98888906895146e-09,3.927999728950794e-07
AQP7,2.52,0.5,1.226,8.338093246993025e-09,4.0733328199860137e-07
SH2D4A,38.01,17.53,1.074,8.338093246993025e-09,4.0733328199860137e-07
EN1,0.09,7.87,-3.022,8.46435744508039e-09,4.1217622648431533e-07
HSD17B11,119.45,53.18,1.153,8.702120169734897e-09,4.197184499643882e-07
TMEM63A,38.09,15.71,1.227,8.702120169734897e-09,4.197184499643882e-07
GJB6,6.46,70.98,-3.27,8.698223633433398e-09,4.197184499643882e-07
TMEM59,145.6,83.45,0.796,9.081579265711264e-09,4.258531906912075e-07
SGMS2,31.4,13.56,1.154,9.081579265711264e-09,4.258531906912075e-07
QSOX1,223.37,99.67,1.156,9.081579265711264e-09,4.258531906912075e-07
ACOX2,12.34,3.98,1.42,9.081579265711264e-09,4.258531906912075e-07
GJB4,1.34,7.33,-1.83,8.915571199196984e-09,4.258531906912075e-07
GGTLC1,59.57,10.22,2.432,9.061312644570157e-09,4.258531906912075e-07
FABP5,17.57,108.48,-2.559,9.081579265711264e-09,4.258531906912075e-07
SOWAHC,18.38,38.21,-1.016,9.081579265711264e-09,4.258531906912075e-07
PRRT1B,6.25,1.55,1.507,9.060300363664273e-09,4.258531906912075e-07
CITED2,217.42,79.8,1.435,9.477104158068088e-09,4.4032306872638674e-07
TREM1,72.21,15.54,2.146,9.477104158068088e-09,4.4032306872638674e-07
FCHO2,34.12,17.49,0.926,9.477104158068088e-09,4.4032306872638674e-07
CRCT1,0.3,14.9,-3.611,9.786209410908393e-09,4.532984133534489e-07
SERPINB2,2.91,20.05,-2.43,9.878367385141104e-09,4.539243174338122e-07
HSPA4L,2.83,9.32,-1.431,9.889353588533656e-09,4.539243174338122e-07
HTR7,0.47,3.39,-1.578,9.889353588533656e-09,4.539243174338122e-07
MACROH2A2,3.11,9.58,-1.365,1.0319012375166748e-08,4.6659748516639406e-07
FUCA1,195.51,99.3,0.97,1.0319012375166748e-08,4.6659748516639406e-07
LTA4H,95.16,52.77,0.839,1.0319012375166748e-08,4.6659748516639406e-07
CMTM8,54.14,27.18,0.968,1.0319012375166748e-08,4.6659748516639406e-07
GHDC,36.05,21.97,0.69,1.0319012375166748e-08,4.6659748516639406e-07
BCL11A,1.27,7.51,-1.91,1.076679240505788e-08,4.825365103541133e-07
RAPGEFL1,13.11,53.31,-1.945,1.076679240505788e-08,4.825365103541133e-07
LGALS7B,2.54,96.66,-4.785,1.074299911998834e-08,4.825365103541133e-07
SH3BGRL2,39.7,17.44,1.142,1.1233433663197639e-08,4.975788852622791e-07
PEDS1,17.83,35.15,-0.941,1.1233433663197639e-08,4.975788852622791e-07
ERBB2,101.62,55.35,0.865,1.1233433663197639e-08,4.975788852622791e-07
TMF1,20.49,12.58,0.662,1.1233433663197639e-08,4.975788852622791e-07
TSPAN13,541.18,219.73,1.296,1.1719705298762853e-08,5.16108645229287e-07
MCC,4.41,11.53,-1.213,1.1719705298762853e-08,5.16108645229287e-07
RNASE7,0.72,9.34,-2.591,1.1992965656204796e-08,5.250983493219581e-07
C11orf54,11.57,5.53,0.945,1.1969135340674259e-08,5.250983493219581e-07
PNKD,83.29,42.92,0.94,1.2226406730116652e-08,5.322515686265395e-07
IGSF11,0.95,5.14,-1.656,1.2225064478476702e-08,5.322515686265395e-07
KRT75,0.87,43.5,-4.569,1.2343210599656605e-08,5.358011389730937e-07
PHGDH,10.86,41.35,-1.836,1.2754368789856406e-08,5.505031960917284e-07
ZDHHC16,64.32,40.71,0.647,1.2754368789856406e-08,5.505031960917284e-07
LSG1,33.67,66.98,-0.972,1.3877562357767923e-08,5.972855662933939e-07
KDR,44.42,14.84,1.52,1.4474623496327283e-08,6.19473112055494e-07
ADGRF5,148.54,39.43,1.887,1.4474623496327283e-08,6.19473112055494e-07
P2RY1,4.64,21.89,-2.021,1.5096607117189943e-08,6.424726944859014e-07
PRKX,12.13,40.62,-1.664,1.5096607117189943e-08,6.424726944859014e-07
NRARP,12.4,35.74,-1.455,1.5744519800657296e-08,6.663133407559507e-07
MMP24,11.83,3.35,1.56,1.5744519800657296e-08,6.663133407559507e-07
SDSL,25.39,12.41,0.976,1.64194073330315e-08,6.872177840516462e-07
CHRM3,0.99,4.36,-1.43,1.64194073330315e-08,6.872177840516462e-07
TMEM117,4.64,16.36,-1.621,1.64194073330315e-08,6.872177840516462e-07
SELENBP1,243.52,73.74,1.71,1.64194073330315e-08,6.872177840516462e-07
GPR87,0.39,1.9,-1.058,1.7161804776631657e-08,7.124024589381551e-07
PTPRZ1,3.82,34.35,-2.876,1.7122356173229494e-08,7.124024589381551e-07
GRAMD2B,17.64,9.01,0.896,1.7122356173229494e-08,7.124024589381551e-07
CALML5,33.71,99.07,-1.528,1.7680209807592096e-08,7.319221460674298e-07
OAZ3,1.33,0.54,0.594,1.785449497181131e-08,7.33144167856025e-07
YPEL3,77.31,41.36,0.887,1.785449497181131e-08,7.33144167856025e-07
SMO,10.25,35.37,-1.692,1.785449497181131e-08,7.33144167856025e-07
PRDM13,0.21,1.63,-1.117,1.8087809803087434e-08,7.407226262488069e-07
KRT34,0.17,1.82,-1.266,1.8443825873441334e-08,7.532716303634252e-07
EPHA10,5.15,0.85,1.734,1.8616996144198944e-08,7.583056901308702e-07
AADACL2,0.08,1.13,-0.977,1.9078971362687576e-08,7.750449516398726e-07
FST,15.21,92.0,-2.521,1.9411077499921902e-08,7.838627193405163e-07
LGALS7,0.45,13.15,-3.287,1.9450815848836612e-08,7.838627193405163e-07
PRTG,1.52,0.44,0.812,1.9411077499921902e-08,7.838627193405163e-07
CEP19,4.87,12.04,-1.151,2.0238003929779318e-08,8.091473518556242e-07
DLG1,12.44,26.45,-1.031,2.0238003929779318e-08,8.091473518556242e-07
BTBD9,19.07,9.08,0.993,2.0238003929779318e-08,8.091473518556242e-07
TTC39A,16.14,6.8,1.135,2.109908915287248e-08,8.413607913375108e-07
TENT5A,30.03,12.8,1.169,2.2929245914131077e-08,9.09566666249069e-07
TPCN1,33.78,17.72,0.894,2.2929245914131077e-08,9.09566666249069e-07
LIMCH1,61.16,22.31,1.415,2.3901205634191685e-08,9.407539305706588e-07
RBPMS,30.92,13.59,1.13,2.3901205634191685e-08,9.407539305706588e-07
PBXIP1,200.12,107.42,0.891,2.3901205634191685e-08,9.407539305706588e-07
PNCK,1.36,10.99,-2.343,2.491310445755058e-08,9.780485685363461e-07
NKX2-5,0.51,4.12,-1.763,2.537712432580601e-08,9.936975512421926e-07
SEMA3F,28.22,61.07,-1.087,2.5966528690309768e-08,1.0115627445945546e-06
SLAIN1,11.48,4.56,1.165,2.5966528690309768e-08,1.0115627445945546e-06
RPTN,0.02,4.33,-2.383,2.6836011789373406e-08,1.0427609389154736e-06
ERRFI1,274.22,92.25,1.561,2.7063125323653118e-08,1.046234257104992e-06
ZNF69,5.15,2.22,0.932,2.7063125323653118e-08,1.046234257104992e-06
LCE3A,0.05,4.31,-2.335,2.8108038395209617e-08,1.0766647048313189e-06
RARA,42.71,23.54,0.832,2.820460426004508e-08,1.0766647048313189e-06
YBX3,70.74,120.54,-0.761,2.820460426004508e-08,1.0766647048313189e-06
FANCE,13.07,31.35,-1.201,2.820460426004508e-08,1.0766647048313189e-06
ARRB1,23.25,9.95,1.147,2.820460426004508e-08,1.0766647048313189e-06
WFDC10B,7.97,1.36,1.926,2.868777472406193e-08,1.092364314242288e-06
PLCH1,15.34,4.71,1.515,2.9392740617295245e-08,1.1164097704964167e-06
CLIC6,108.62,28.42,1.898,3.0629377113068456e-08,1.151861699205072e-06
GPC1,42.32,174.21,-2.016,3.0629377113068456e-08,1.151861699205072e-06
SLC47A2,0.33,2.76,-1.503,3.062619434960129e-08,1.151861699205072e-06
E2F7,2.66,8.96,-1.443,3.0629377113068456e-08,1.151861699205072e-06
KRTDAP,0.6,75.16,-5.574,3.073185098612521e-08,1.1528617581041984e-06
SYNE4,16.57,6.93,1.147,3.191642653249625e-08,1.188495755657391e-06
LIPH,58.07,20.76,1.441,3.191642653249625e-08,1.188495755657391e-06
KCNQ3,7.98,1.86,1.648,3.191642653249625e-08,1.188495755657391e-06
HES2,3.48,15.15,-1.849,3.325587428162763e-08,1.2204263235767357e-06
KRT18,743.59,301.45,1.3,3.325587428162763e-08,1.2204263235767357e-06
LRATD1,8.78,30.17,-1.672,3.325587428162763e-08,1.2204263235767357e-06
FRMD6,10.34,31.45,-1.517,3.325587428162763e-08,1.2204263235767357e-06
LRRN4,32.11,5.33,2.387,3.325587428162763e-08,1.2204263235767357e-06
FN3K,25.75,11.9,1.052,3.325587428162763e-08,1.2204263235767357e-06
ACP7,0.67,8.49,-2.508,3.4223286245477884e-08,1.2529021395844467e-06
PNPLA1,0.3,1.23,-0.776,3.4646207794272444e-08,1.2624319500764714e-06
PPP1R9A,7.16,3.15,0.976,3.4649781029545756e-08,1.2624319500764714e-06
KLHDC7A,7.12,1.88,1.494,3.532777062652966e-08,1.2840545912173809e-06
ERGIC1,59.13,34.22,0.772,3.6100285442057e-08,1.2996958216141516e-06
RHOU,52.93,20.21,1.346,3.6100285442057e-08,1.2996958216141516e-06
TFRC,87.81,356.35,-2.009,3.6100285442057e-08,1.2996958216141516e-06
CYB561D2,28.01,18.46,0.576,3.6100285442057e-08,1.2996958216141516e-06
DLX2,0.11,1.34,-1.083,3.767969483727421e-08,1.340673544877534e-06
TSPAN12,54.78,20.31,1.388,3.760960700995527e-08,1.340673544877534e-06
CENPP,1.08,2.13,-0.591,3.760960700995527e-08,1.340673544877534e-06
ARSL,20.87,4.6,1.966,3.760960700995527e-08,1.340673544877534e-06
NRCAM,2.79,29.98,-3.03,3.760960700995527e-08,1.340673544877534e-06
LYPD3,31.6,192.48,-2.569,3.918004897495209e-08,1.3908001964402968e-06
OTOP3,0.02,3.62,-2.173,3.9598684365518905e-08,1.4023841761429575e-06
PLA2G2C,1.19,0.26,0.791,3.9968500994164666e-08,1.4121893851263809e-06
ST6GALNAC2,5.56,17.45,-1.491,4.08140013564564e-08,1.4254876381807863e-06
CCDC186,17.72,10.31,0.728,4.08140013564564e-08,1.4254876381807863e-06
PREP,12.65,20.12,-0.629,4.08140013564564e-08,1.4254876381807863e-06
AGPAT2,231.94,111.22,1.054,4.08140013564564e-08,1.4254876381807863e-06
ASAH1,89.03,41.36,1.088,4.08140013564564e-08,1.4254876381807863e-06
METTL8,4.49,8.74,-0.827,4.251394408249114e-08,1.4679871646483815e-06
KRT15,92.71,519.16,-2.473,4.251394408249114e-08,1.4679871646483815e-06
SUCLG2,78.6,43.33,0.844,4.251394408249114e-08,1.4679871646483815e-06
MACO1,38.09,26.31,0.518,4.251394408249114e-08,1.4679871646483815e-06
STARD5,0.48,1.56,-0.791,4.251394408249114e-08,1.4679871646483815e-06
TMEM219,176.22,112.77,0.639,4.428245022812435e-08,1.5186981180945673e-06
FZD10,5.07,17.78,-1.628,4.428245022812435e-08,1.5186981180945673e-06
ANXA8L1,3.83,15.36,-1.759,4.419258121374027e-08,1.5186981180945673e-06
CLCA4,0.64,6.58,-2.21,4.5033051004455635e-08,1.5409620358348975e-06
AHCYL2,72.76,23.29,1.602,4.612218936490424e-08,1.5676385302483001e-06
LPIN2,52.52,24.49,1.07,4.612218936490424e-08,1.5676385302483001e-06
TOR4A,33.3,14.53,1.143,4.612218936490424e-08,1.5676385302483001e-06
UCN2,0.91,6.13,-1.897,4.690321416430412e-08,1.5906261892818581e-06
NRP1,56.14,21.7,1.331,4.803593102488724e-08,1.6182037695368332e-06
ARTN,3.47,33.35,-2.941,4.803593102488724e-08,1.6182037695368332e-06
CNTNAP3,0.34,1.13,-0.668,4.8031077544771486e-08,1.6182037695368332e-06
LIMK2,34.07,65.75,-0.929,5.002654828295597e-08,1.6741263173192735e-06
CCDC125,8.78,5.15,0.671,5.002654828295597e-08,1.6741263173192735e-06
KIF12,10.49,2.22,1.837,5.002654828295597e-08,1.6741263173192735e-06
SHROOM3,18.66,9.44,0.913,5.2097021461241663e-08,1.735767647062817e-06
PAFAH2,24.45,14.79,0.688,5.2097021461241663e-08,1.735767647062817e-06
CXXC5,44.31,23.35,0.896,5.4250441959571496e-08,1.7957014481302173e-06
SVIP,20.51,12.02,0.724,5.4250441959571496e-08,1.7957014481302173e-06
HPCAL1,55.19,31.79,0.777,5.4250441959571496e-08,1.7957014481302173e-06
PPIF,71.63,156.41,-1.116,5.6490016215985365e-08,1.857690078721787e-06
ATAD3C,11.77,3.62,1.466,5.6490016215985365e-08,1.857690078721787e-06
TICRR,2.12,6.76,-1.313,5.6490016215985365e-08,1.857690078721787e-06
NPPC,1.19,38.22,-4.164,5.791051092132052e-08,1.9002902644225111e-06
SBSN,1.4,59.4,-4.656,5.811285298862293e-08,1.9028202057244573e-06
FSCN2,4.91,1.15,1.459,5.881906980148406e-08,1.9094831784058705e-06
FETUB,0.5,8.62,-2.679,5.8616246905343634e-08,1.9094831784058705e-06
ZDHHC9,126.71,52.68,1.25,5.881906980148406e-08,1.9094831784058705e-06
CPM,73.47,134.85,-0.867,5.881906980148406e-08,1.9094831784058705e-06
SERPINB7,1.69,18.03,-2.824,6.051367168254928e-08,1.960307492266463e-06
SGPP1,37.37,19.03,0.938,6.124105165329527e-08,1.9796495697202446e-06
PLD1,5.58,13.7,-1.16,6.37595384510726e-08,2.026566250391519e-06
TMEM62,22.02,12.05,0.818,6.37595384510726e-08,2.026566250391519e-06
ITGA6,49.06,167.0,-1.747,6.37595384510726e-08,2.026566250391519e-06
GOLM1,211.97,71.95,1.546,6.37595384510726e-08,2.026566250391519e-06
MUCL3,63.34,1.25,4.839,6.373423394371467e-08,2.026566250391519e-06
PPP2R2C,2.77,11.87,-1.769,6.37595384510726e-08,2.026566250391519e-06
XCL1,2.85,8.41,-1.289,6.37595384510726e-08,2.026566250391519e-06
UPK1B,17.3,161.48,-3.15,6.369629355449084e-08,2.026566250391519e-06
TMPRSS2,57.55,22.12,1.341,6.637823914057191e-08,2.1010095567973107e-06
CDKL2,9.63,2.92,1.439,6.637823914057191e-08,2.1010095567973107e-06
CTSV,5.03,28.36,-2.283,6.910099960948457e-08,2.1736055632855054e-06
SP5,8.27,5.12,0.599,6.909417809089751e-08,2.1736055632855054e-06
HGD,15.71,1.57,2.703,6.909417809089751e-08,2.1736055632855054e-06
MYO5C,19.75,9.83,0.938,7.193180752024377e-08,2.2486830280968388e-06
CENPW,26.42,72.6,-1.424,7.193180752024377e-08,2.2486830280968388e-06
HPGD,93.42,19.89,2.176,7.193180752024377e-08,2.2486830280968388e-06
NFE2,8.89,3.22,1.227,7.487479730476569e-08,2.3310917939575925e-06
UCK2,7.35,19.92,-1.326,7.487479730476569e-08,2.3310917939575925e-06
ABCF3,40.12,72.29,-0.834,7.793425532622644e-08,2.4115175991270025e-06
BEAN1,5.27,0.72,1.869,7.793425532622644e-08,2.4115175991270025e-06
ACTL6A,40.3,104.16,-1.349,7.793425532622644e-08,2.4115175991270025e-06
CLRN3,1.28,0.22,0.903,7.913222899560524e-08,2.4436096648988427e-06
AP1M2,124.86,70.98,0.806,8.11146252131334e-08,2.4846260098047094e-06
CDH15,4.18,0.78,1.538,8.11146252131334e-08,2.4846260098047094e-06
PCYT1A,24.84,53.5,-1.076,8.11146252131334e-08,2.4846260098047094e-06
RHOBTB2,49.97,18.57,1.381,8.11146252131334e-08,2.4846260098047094e-06
EIF5A2,4.54,13.74,-1.413,8.442051337109117e-08,2.5755037342309e-06
HAL,3.98,0.62,1.616,8.442051337109117e-08,2.5755037342309e-06
SOST,2.5,35.89,-3.399,8.68371982445636e-08,2.643922951762835e-06
PTDSS1,45.1,111.09,-1.282,9.142811836724668e-08,2.7670665385529458e-06
EDARADD,1.72,9.22,-1.909,9.142811836724668e-08,2.7670665385529458e-06
SERPINB11,0.31,4.25,-2.003,9.133827374329628e-08,2.7670665385529458e-06
IGFBP2,93.1,388.43,-2.049,9.513991410826502e-08,2.8510073275086203e-06
OCEL1,34.08,22.28,0.591,9.513991410826502e-08,2.8510073275086203e-06
ZNF639,15.38,32.59,-1.036,9.513991410826502e-08,2.8510073275086203e-06
HOXA1,1.87,5.68,-1.221,9.513991410826502e-08,2.8510073275086203e-06
ABCC6,9.17,3.57,1.154,9.513991410826502e-08,2.8510073275086203e-06
STXBP5L,0.08,1.59,-1.267,9.707968432006917e-08,2.903408747785061e-06
RGS3,18.3,11.1,0.673,9.899739828472139e-08,2.949151906156416e-06
SLC49A3,19.95,8.56,1.132,9.899739828472139e-08,2.949151906156416e-06
SPRR2F,2.18,18.13,-2.589,1.0031614788448123e-07,2.9825895006045465e-06
PTPRE,19.81,10.27,0.884,1.0300608048237259e-07,3.032890272807532e-06
YEATS2,15.41,39.86,-1.316,1.0300608048237259e-07,3.032890272807532e-06
STS,13.29,5.58,1.12,1.0300608048237259e-07,3.032890272807532e-06
EPB41L5,20.79,9.97,0.99,1.0300608048237259e-07,3.032890272807532e-06
ZNF385A,47.7,102.91,-1.093,1.0300608048237259e-07,3.032890272807532e-06
MGRN1,38.59,22.23,0.769,1.071716701895152e-07,3.1373009348541512e-06
TLE2,42.5,19.03,1.119,1.071716701895152e-07,3.1373009348541512e-06
LRP4,4.71,14.87,-1.473,1.071716701895152e-07,3.1373009348541512e-06
CLDN17,0.0,1.03,-1.014,1.1118600362723517e-07,3.2144606677886415e-06
FNBP1L,53.81,28.47,0.895,1.1150008371780519e-07,3.2144606677886415e-06
STARD10,108.4,59.17,0.862,1.1150008371780519e-07,3.2144606677886415e-06
SENP5,18.34,34.1,-0.86,1.1150008371780519e-07,3.2144606677886415e-06
ACOXL,4.29,1.91,0.865,1.1150008371780519e-07,3.2144606677886415e-06
NTS,20.52,402.9,-4.231,1.1148941682992279e-07,3.2144606677886415e-06
UNC93B1,81.38,46.14,0.805,1.1150008371780519e-07,3.2144606677886415e-06
OXGR1,0.45,2.18,-1.133,1.1065602762926518e-07,3.2144606677886415e-06
DMRT2,1.23,15.93,-2.926,1.1595318521682891e-07,3.325187317663018e-06
TMTC3,16.84,34.26,-0.983,1.1599745135005591e-07,3.325187317663018e-06
QPRT,52.28,13.91,1.838,1.1599745135005591e-07,3.325187317663018e-06
APOH,19.7,2.19,2.696,1.1646380540242931e-07,3.332268541391918e-06
HS6ST1,29.43,63.65,-1.087,1.206701247220011e-07,3.4140432121068205e-06
B3GNT6,26.48,3.49,2.615,1.197678775779758e-07,3.4140432121068205e-06
FJX1,7.12,20.35,-1.394,1.206701247220011e-07,3.4140432121068205e-06
ACBD4,14.74,7.42,0.902,1.206701247220011e-07,3.4140432121068205e-06
TINCR,7.2,15.07,-0.97,1.206701247220011e-07,3.4140432121068205e-06
WDR72,5.29,21.23,-1.822,1.2065864134843433e-07,3.4140432121068205e-06
PLS1,33.68,16.39,0.995,1.2552468444520777e-07,3.5186282855646526e-06
CDK2AP2,175.92,88.66,0.981,1.2552468444520777e-07,3.5186282855646526e-06
DDIAS,3.91,10.23,-1.193,1.2552468444520777e-07,3.5186282855646526e-06
FNIP2,24.09,9.98,1.192,1.2552468444520777e-07,3.5186282855646526e-06
CD46,175.68,100.07,0.806,1.2552468444520777e-07,3.5186282855646526e-06
NGFR,3.69,21.31,-2.25,1.2801015789383714e-07,3.581691213408964e-06
MALL,32.4,11.38,1.432,1.305679479785077e-07,3.646541973598286e-06
GNGT1,1.06,4.03,-1.288,1.3188193302184764e-07,3.676481116331984e-06
C1QL3,2.0,0.64,0.872,1.357556977076355e-07,3.751482569163988e-06
EZR,702.37,412.01,0.768,1.3580697775555804e-07,3.751482569163988e-06
LRFN1,3.11,7.57,-1.059,1.3580697775555804e-07,3.751482569163988e-06
MMP15,76.58,30.77,1.288,1.3580697775555804e-07,3.751482569163988e-06
SYNGR1,4.31,10.99,-1.175,1.3580697775555804e-07,3.751482569163988e-06
LGSN,10.41,1.27,2.332,1.4123578956555224e-07,3.8943654280752e-06
LCE1F,0.03,3.38,-2.087,1.44381877979215e-07,3.973901942279373e-06
ARHGEF4,3.89,12.41,-1.455,1.469018612705158e-07,4.014172622811055e-06
SLC37A1,21.49,11.68,0.827,1.469018612705158e-07,4.014172622811055e-06
BHMT2,14.09,1.19,2.788,1.469018612705158e-07,4.014172622811055e-06
CLDN7,154.43,86.28,0.832,1.469018612705158e-07,4.014172622811055e-06
CAPN2,208.51,113.34,0.874,1.5277314164122477e-07,4.130039752589195e-06
RFC4,21.47,59.79,-1.436,1.5277314164122477e-07,4.130039752589195e-06
DYNC1I1,1.92,9.29,-1.816,1.5277314164122477e-07,4.130039752589195e-06
BOK,71.99,35.8,0.988,1.5277314164122477e-07,4.130039752589195e-06
ANG,12.53,5.4,1.081,1.5277314164122477e-07,4.130039752589195e-06
TSPAN3,160.59,90.3,0.824,1.5277314164122477e-07,4.130039752589195e-06
INHBE,0.18,1.35,-0.997,1.5677609608125328e-07,4.230726869915597e-06
BCL11B,2.26,7.53,-1.39,1.5887105969724287e-07,4.249521144331358e-06
LZTS3,33.27,15.57,1.048,1.5887105969724287e-07,4.249521144331358e-06
GALNT10,37.88,18.55,0.992,1.5887105969724287e-07,4.249521144331358e-06
ENPP4,40.63,17.0,1.21,1.5887105969724287e-07,4.249521144331358e-06
FAM83D,20.23,66.37,-1.666,1.5887105969724287e-07,4.249521144331358e-06
EMB,60.28,22.52,1.382,1.652040341827849e-07,4.3880155442990406e-06
EFCAB2,4.74,2.34,0.783,1.652040341827849e-07,4.3880155442990406e-06
LARP6,5.43,11.01,-0.902,1.652040341827849e-07,4.3880155442990406e-06
ARL6IP5,291.68,153.39,0.923,1.652040341827849e-07,4.3880155442990406e-06
HTR2C,0.39,1.87,-1.042,1.7001013312228417e-07,4.507790493066079e-06
MAGIX,6.92,3.28,0.887,1.7178078341356998e-07,4.5310163930596675e-06
DGKA,10.62,26.71,-1.254,1.7178078341356998e-07,4.5310163930596675e-06
CDCA4,20.39,50.45,-1.266,1.7178078341356998e-07,4.5310163930596675e-06
SLC1A7,19.94,1.17,3.269,1.7861033542846882e-07,4.678666941663322e-06
TMEM233,2.86,0.76,1.132,1.7861033542846882e-07,4.678666941663322e-06
RAE1,19.28,34.25,-0.798,1.7861033542846882e-07,4.678666941663322e-06
FOXD1,0.64,3.43,-1.436,1.782795670466456e-07,4.678666941663322e-06
UGT1A1,0.85,3.63,-1.326,1.806012221032e-07,4.722675331177139e-06
DST,10.9,35.34,-1.611,1.8570203846618204e-07,4.822856530626844e-06
TSLP,0.72,2.4,-0.983,1.8570203846618204e-07,4.822856530626844e-06
ATP11B,24.03,62.71,-1.348,1.8570203846618204e-07,4.822856530626844e-06
CRIP1,4.9,2.15,0.907,1.8570203846618204e-07,4.822856530626844e-06
PIGX,19.25,44.51,-1.168,1.9306557177667892e-07,4.9885122993249706e-06
PLAAT3,83.29,35.27,1.216,1.9306557177667892e-07,4.9885122993249706e-06
GDPD1,7.37,3.6,0.863,1.9306557177667892e-07,4.9885122993249706e-06
VANGL2,14.76,51.45,-1.735,2.0071095677736486e-07,5.133672670569873e-06
MYO6,47.02,27.06,0.775,2.0071095677736486e-07,5.133672670569873e-06
NPL,15.32,48.28,-1.594,2.0071095677736486e-07,5.133672670569873e-06
PGM2,26.48,54.15,-1.005,2.0071095677736486e-07,5.133672670569873e-06
FXYD3,1.32,6.15,-1.62,2.0071095677736486e-07,5.133672670569873e-06
ZNF626,6.01,1.73,1.361,2.0071095677736486e-07,5.133672670569873e-06
NCBP2AS2,56.85,107.68,-0.91,2.086485685642716e-07,5.292149753250381e-06
DSC2,15.72,39.69,-1.283,2.086485685642716e-07,5.292149753250381e-06
SOX15,8.31,58.96,-2.687,2.086485685642716e-07,5.292149753250381e-06
ACAP2,22.4,38.05,-0.739,2.086485685642716e-07,5.292149753250381e-06
TNFSF15,10.03,3.52,1.287,2.086485685642716e-07,5.292149753250381e-06
IRX4,0.69,9.19,-2.589,2.1034566516813892e-07,5.326302818165891e-06
PRR13,72.67,49.65,0.54,2.1688914778879256e-07,5.446606317942356e-06
TMEM50A,161.53,117.36,0.458,2.1688914778879256e-07,5.446606317942356e-06
TMED5,41.78,22.96,0.837,2.1688914778879256e-07,5.446606317942356e-06
MMS22L,1.82,3.67,-0.729,2.1688914778879256e-07,5.446606317942356e-06
NXPH4,8.84,38.07,-1.99,2.1688914778879256e-07,5.446606317942356e-06
LIFR,24.75,10.97,1.105,2.25443812910802e-07,5.633499752555617e-06
ANXA11,125.41,81.66,0.613,2.25443812910802e-07,5.633499752555617e-06
CEL,3.34,35.57,-3.074,2.25443812910802e-07,5.633499752555617e-06
ZIC2,2.08,9.86,-1.817,2.341110612026533e-07,5.836205964995704e-06
UBL3,77.88,35.89,1.096,2.3432407283929308e-07,5.836205964995704e-06
FAM43A,14.37,42.03,-1.485,2.4354183997193634e-07,6.0262722714879944e-06
IQCD,8.7,4.58,0.798,2.4354183997193634e-07,6.0262722714879944e-06
ATP8A1,18.83,6.75,1.355,2.4354183997193634e-07,6.0262722714879944e-06
MFSD4A,26.35,4.56,2.298,2.4354183997193634e-07,6.0262722714879944e-06
PADI3,6.82,45.1,-2.56,2.466340138886005e-07,6.092862720340662e-06
PPP1R14D,63.77,4.78,3.487,2.531094436453275e-07,6.212426134577482e-06
TSPAN4,43.27,21.51,0.976,2.531094436453275e-07,6.212426134577482e-06
GRHL3,4.78,21.84,-1.984,2.531094436453275e-07,6.212426134577482e-06
CRKL,58.97,93.61,-0.658,2.531094436453275e-07,6.212426134577482e-06
TMPRSS6,10.75,1.4,2.294,2.630396440079538e-07,6.383963756250546e-06
MPP7,28.46,14.84,0.895,2.630396440079538e-07,6.383963756250546e-06
TMEM144,7.31,4.13,0.695,2.630396440079538e-07,6.383963756250546e-06
ACKR3,45.84,270.05,-2.533,2.630396440079538e-07,6.383963756250546e-06
GDA,0.75,6.24,-2.046,2.629921929879543e-07,6.383963756250546e-06
TPRG1,2.01,7.63,-1.521,2.630396440079538e-07,6.383963756250546e-06
NSUN7,5.52,2.85,0.761,2.630396440079538e-07,6.383963756250546e-06
KRT1,0.41,60.65,-5.45,2.728542221734707e-07,6.571108235229769e-06
RASSF7,106.04,48.43,1.115,2.733456463282573e-07,6.571108235229769e-06
KIAA0319L,50.18,27.89,0.825,2.733456463282573e-07,6.571108235229769e-06
MRAP2,3.05,24.23,-2.638,2.7332105713567433e-07,6.571108235229769e-06
ARHGAP23,19.66,42.92,-1.088,2.733456463282573e-07,6.571108235229769e-06
SNCA,1.1,3.18,-0.993,2.733456463282573e-07,6.571108235229769e-06
UST,7.32,18.98,-1.265,2.840411157505185e-07,6.774625858081047e-06
SH3BP1,4.79,10.79,-1.025,2.840411157505185e-07,6.774625858081047e-06
GINS3,4.23,9.7,-1.032,2.840411157505185e-07,6.774625858081047e-06
SERPINE2,9.77,34.21,-1.709,2.840411157505185e-07,6.774625858081047e-06
ZSCAN16,13.12,7.71,0.697,2.840411157505185e-07,6.774625858081047e-06
SPP2,1.21,0.05,1.071,2.911707512929572e-07,6.9337887529684935e-06
C16orf89,437.27,78.73,2.459,2.951401925115697e-07,6.995421130777345e-06
GJB1,10.75,2.37,1.803,2.9503458182395464e-07,6.995421130777345e-06
CALB1,0.64,15.4,-3.318,2.951137868084363e-07,6.995421130777345e-06
OR7A5,0.39,1.31,-0.734,2.9565809812966404e-07,6.996781129102781e-06
RNF217,5.03,12.3,-1.141,3.0665750763177374e-07,7.2233294782163385e-06
NUDT11,2.93,11.75,-1.698,3.0665750763177374e-07,7.2233294782163385e-06
GMPS,26.04,54.97,-1.049,3.0665750763177374e-07,7.2233294782163385e-06
MISP,77.93,30.36,1.332,3.1860819909398714e-07,7.470083902523067e-06
AK1,15.91,6.99,1.082,3.1860819909398714e-07,7.470083902523067e-06
RIPK3,10.37,5.53,0.8,3.1860819909398714e-07,7.470083902523067e-06
TMEM205,45.33,29.03,0.626,3.310079285246239e-07,7.689607734059038e-06
PIP5KL1,8.0,3.67,0.946,3.310079285246239e-07,7.689607734059038e-06
GLTP,88.53,167.04,-0.908,3.310079285246239e-07,7.689607734059038e-06
FGFBP1,39.31,233.5,-2.541,3.310079285246239e-07,7.689607734059038e-06
PHF24,0.25,4.48,-2.129,3.309785552812409e-07,7.689607734059038e-06
MAPKBP1,5.29,11.19,-0.956,3.310079285246239e-07,7.689607734059038e-06
MRPL47,78.15,156.91,-0.996,3.438728983913199e-07,7.964117294602627e-06
SHROOM1,16.18,7.8,0.965,3.438728983913199e-07,7.964117294602627e-06
MMP10,10.33,202.16,-4.165,3.571883436043109e-07,8.23557129110573e-06
MICAL3,1.94,4.39,-0.871,3.5721986973202633e-07,8.23557129110573e-06
SOX2,34.43,264.2,-2.904,3.5721986973202633e-07,8.23557129110573e-06
PRIMA1,0.68,4.71,-1.766,3.639190877187713e-07,8.377307120774687e-06
XKRX,14.36,3.06,1.918,3.710661804308254e-07,8.477606735767715e-06
CASD1,24.8,14.05,0.777,3.710661804308254e-07,8.477606735767715e-06
NEK6,56.0,28.99,0.927,3.710661804308254e-07,8.477606735767715e-06
ENPP3,10.22,1.1,2.415,3.710661804308254e-07,8.477606735767715e-06
ABHD14A,8.75,4.81,0.748,3.710661804308254e-07,8.477606735767715e-06
LGALS3,608.19,328.39,0.887,3.8542976405609684e-07,8.740051351200418e-06
PRR36,15.2,5.01,1.432,3.8542976405609684e-07,8.740051351200418e-06
ALOX15B,106.36,26.85,1.947,3.8542976405609684e-07,8.740051351200418e-06
PIK3CA,5.59,10.85,-0.845,3.8542976405609684e-07,8.740051351200418e-06
CHST7,6.97,19.93,-1.392,3.8542976405609684e-07,8.740051351200418e-06
RAB20,83.49,45.31,0.868,4.0029412859155086e-07,9.02403719410519e-06
MAGI3,21.49,10.45,0.974,4.0032916927709454e-07,9.02403719410519e-06
SLC2A1,116.93,390.14,-1.73,4.0032916927709454e-07,9.02403719410519e-06
UBTD1,79.4,46.14,0.77,4.0032916927709454e-07,9.02403719410519e-06
TCIM,603.73,158.1,1.926,4.157835798754147e-07,9.31710903989259e-06
RSRC1,12.44,24.28,-0.911,4.157835798754147e-07,9.31710903989259e-06
C1GALT1C1,62.12,41.97,0.555,4.157835798754147e-07,9.31710903989259e-06
XKR8,9.66,6.49,0.508,4.157835798754147e-07,9.31710903989259e-06
ATRNL1,0.23,1.59,-1.075,4.223234620686476e-07,9.449720705756942e-06
PITX1,24.44,65.2,-1.38,4.318128353682687e-07,9.535657569404224e-06
CCDC68,9.66,3.28,1.316,4.318128353682687e-07,9.535657569404224e-06
STC2,8.81,29.56,-1.639,4.318128353682687e-07,9.535657569404224e-06
GLB1L2,22.03,6.71,1.578,4.318128353682687e-07,9.535657569404224e-06
FBXO45,14.73,30.55,-1.004,4.3177524674178787e-07,9.535657569404224e-06
ACAD8,27.97,11.97,1.16,4.318128353682687e-07,9.535657569404224e-06
LRATD2,63.62,25.09,1.309,4.318128353682687e-07,9.535657569404224e-06
TRPA1,0.28,10.16,-3.125,4.3143707445330967e-07,9.535657569404224e-06
CHDH,5.61,2.65,0.856,4.318128353682687e-07,9.535657569404224e-06
ALDH3A1,37.15,344.89,-3.181,4.484374522608616e-07,9.859783230389682e-06
GET1,7.59,4.67,0.601,4.484374522608616e-07,9.859783230389682e-06
TRIM8,111.09,64.68,0.771,4.484374522608616e-07,9.859783230389682e-06
DOK1,21.43,13.25,0.655,4.656786459457031e-07,1.0150725491898232e-05
FSCN1,120.22,362.99,-1.586,4.656786459457031e-07,1.0150725491898232e-05
CATSPER1,4.96,1.72,1.135,4.656383328325074e-07,1.0150725491898232e-05
ARFGEF3,15.64,7.58,0.956,4.656786459457031e-07,1.0150725491898232e-05
MAGED2,267.9,176.84,0.596,4.656786459457031e-07,1.0150725491898232e-05
TP73,3.27,13.04,-1.716,4.656786459457031e-07,1.0150725491898232e-05
TDRD1,1.19,0.11,0.977,4.800209364074477e-07,1.0448364021258385e-05
LDLRAD3,6.73,14.91,-1.043,4.835583532670674e-07,1.0510303377949293e-05
FOXL2,1.0,4.0,-1.325,4.858758657468024e-07,1.0545588611844525e-05
JADE1,12.78,7.32,0.728,5.020992557693043e-07,1.0882159761630584e-05
GJA3,0.51,2.11,-1.042,5.107019487204172e-07,1.1052841462833758e-05
B3GNT5,13.18,45.65,-1.718,5.213248036482063e-07,1.1250692815095453e-05
TAF4B,4.67,9.45,-0.882,5.213248036482063e-07,1.1250692815095453e-05
PLA2G12B,6.58,2.32,1.191,5.246128970836205e-07,1.130559396509425e-05
GOLM2,52.67,33.95,0.619,5.412592404250504e-07,1.1517299215375057e-05
DOK4,48.49,21.17,1.159,5.412592404250504e-07,1.1517299215375057e-05
GPRC5C,40.43,16.05,1.281,5.412592404250504e-07,1.1517299215375057e-05
NTHL1,34.08,20.19,0.727,5.412592404250504e-07,1.1517299215375057e-05
BTD,5.77,3.55,0.572,5.412592404250504e-07,1.1517299215375057e-05
INKA1,8.87,19.59,-1.061,5.412592404250504e-07,1.1517299215375057e-05
ARSD,45.57,19.7,1.17,5.412592404250504e-07,1.1517299215375057e-05
SGK1,46.17,125.47,-1.423,5.412592404250504e-07,1.1517299215375057e-05
CTSD,492.8,268.23,0.875,5.412592404250504e-07,1.1517299215375057e-05
ISL2,0.36,1.2,-0.695,5.475045535208042e-07,1.1633897456841368e-05
ANXA9,18.18,10.24,0.771,5.619276283635452e-07,1.1907066189298942e-05
TG,0.3,1.09,-0.688,5.619276283635452e-07,1.1907066189298942e-05
CFI,7.2,2.78,1.116,5.833558746503056e-07,1.2224725246292544e-05
RARG,27.07,50.22,-0.868,5.833558746503056e-07,1.2224725246292544e-05
FYTTD1,30.77,54.12,-0.795,5.833558746503056e-07,1.2224725246292544e-05
PGAP4,6.19,19.75,-1.529,5.833558746503056e-07,1.2224725246292544e-05
SLC4A4,14.11,4.32,1.505,5.833558746503056e-07,1.2224725246292544e-05
IGFALS,4.14,1.19,1.233,5.833062094840633e-07,1.2224725246292544e-05
PSMD2,175.57,367.81,-1.063,5.833558746503056e-07,1.2224725246292544e-05
SRGAP3,1.08,2.4,-0.708,5.833558746503056e-07,1.2224725246292544e-05
FBL,160.12,293.17,-0.869,6.055707583600632e-07,1.2637962268907198e-05
C16orf74,5.33,16.93,-1.502,6.055707583600632e-07,1.2637962268907198e-05
CACNA2D1,2.91,12.63,-1.801,6.055707583600632e-07,1.2637962268907198e-05
HOXD13,2.71,9.89,-1.551,6.162513144869825e-07,1.2843218410151886e-05
GJB3,21.93,53.72,-1.255,6.285999582273632e-07,1.3082628993627847e-05
HSBP1L1,34.84,19.41,0.812,6.524720812469488e-07,1.3560886908871261e-05
NDNF,80.25,27.81,1.496,6.772166921257285e-07,1.4017647416166477e-05
NELL2,4.88,18.28,-1.712,6.772166921257285e-07,1.4017647416166477e-05
HDHD5,21.6,40.51,-0.877,6.772166921257285e-07,1.4017647416166477e-05
NINJ2,25.96,11.06,1.16,7.028643436096578e-07,1.441109038118965e-05
KIF13B,14.71,6.74,1.021,7.028643436096578e-07,1.441109038118965e-05
CYP2S1,43.07,149.07,-1.768,7.028643436096578e-07,1.441109038118965e-05
FANCI,6.71,15.83,-1.126,7.028643436096578e-07,1.441109038118965e-05
SYTL3,22.32,12.15,0.826,7.028643436096578e-07,1.441109038118965e-05
KLHL30,1.64,0.44,0.873,7.028643436096578e-07,1.441109038118965e-05
CCDC149,7.88,4.72,0.635,7.028643436096578e-07,1.441109038118965e-05
DPPA2,1.12,1.66,-0.328,7.174177769356102e-07,1.4689660761432245e-05
SH2D5,0.64,3.73,-1.526,7.292023632327084e-07,1.4895809557702634e-05
ME3,13.24,7.56,0.735,7.294466077095215e-07,1.4895809557702634e-05
IRS4,0.03,1.45,-1.252,7.500046435361882e-07,1.5295061139926585e-05
EPCAM,660.18,323.06,1.029,7.569961078501738e-07,1.5314303417533543e-05
SLC22A18AS,6.65,2.06,1.319,7.569961078501738e-07,1.5314303417533543e-05
CYB561,98.52,62.12,0.657,7.569961078501738e-07,1.5314303417533543e-05
TMEM158,9.13,43.19,-2.125,7.569961078501738e-07,1.5314303417533543e-05
CCDC107,6.6,3.89,0.636,7.569961078501738e-07,1.5314303417533543e-05
PDE4A,20.74,12.17,0.723,7.569961078501738e-07,1.5314303417533543e-05
LYSMD4,3.75,6.6,-0.677,7.855465519683576e-07,1.5745130295587412e-05
RTN4RL2,16.56,3.69,1.904,7.855465519683576e-07,1.5745130295587412e-05
CNTNAP2,1.14,12.48,-2.656,7.854811573037155e-07,1.5745130295587412e-05
C5AR2,3.14,1.56,0.689,7.855465519683576e-07,1.5745130295587412e-05
FZD7,16.54,50.22,-1.546,7.855465519683576e-07,1.5745130295587412e-05
ORMDL3,109.02,69.48,0.642,7.855465519683576e-07,1.5745130295587412e-05
TMEM61,4.61,1.4,1.228,7.842395321767908e-07,1.5745130295587412e-05
KISS1,5.3,2.45,0.869,8.127672646945152e-07,1.6231077487188247e-05
ESYT2,94.53,56.44,0.734,8.151327665849163e-07,1.6231077487188247e-05
AGR3,276.37,61.22,2.156,8.15065100237952e-07,1.6231077487188247e-05
CDC45,12.34,32.13,-1.312,8.151327665849163e-07,1.6231077487188247e-05
PNPLA2,53.23,30.81,0.77,8.151327665849163e-07,1.6231077487188247e-05
CARD18,0.25,2.63,-1.538,8.232457458573259e-07,1.6371168346610408e-05
FAAH,33.81,16.76,0.97,8.457907318777763e-07,1.6731899204972726e-05
MAL2,352.3,196.48,0.839,8.457907318777763e-07,1.6731899204972726e-05
FGFRL1,33.52,17.65,0.888,8.457907318777763e-07,1.6731899204972726e-05
RUVBL1,26.36,45.74,-0.772,8.457907318777763e-07,1.6731899204972726e-05
IL37,73.11,0.57,5.557,8.514507517971956e-07,1.6821965243244207e-05
COL4A3,9.03,2.92,1.356,9.104718211497285e-07,1.7871832530656104e-05
DUSP6,195.52,74.31,1.384,9.104718211497285e-07,1.7871832530656104e-05
PTER,20.23,11.11,0.81,9.104718211497285e-07,1.7871832530656104e-05
HNMT,36.24,18.76,0.914,9.104718211497285e-07,1.7871832530656104e-05
DIPK2A,14.43,44.12,-1.548,9.104718211497285e-07,1.7871832530656104e-05
NR0B2,18.37,2.31,2.549,9.353078357012994e-07,1.8335654126206248e-05
SNX21,26.28,11.8,1.091,9.445730039830477e-07,1.8351531521118213e-05
ABCC1,34.02,128.87,-1.891,9.445730039830477e-07,1.8351531521118213e-05
MGME1,27.16,51.15,-0.889,9.445730039830477e-07,1.8351531521118213e-05
NFE2L2,86.11,181.87,-1.07,9.445730039830477e-07,1.8351531521118213e-05
CRB3,58.7,33.26,0.801,9.445730039830477e-07,1.8351531521118213e-05
TNFRSF10C,6.82,2.17,1.303,9.445730039830477e-07,1.8351531521118213e-05
FLVCR2,11.77,6.87,0.698,9.445730039830477e-07,1.8351531521118213e-05
XG,1.86,5.94,-1.28,9.799021327943255e-07,1.8869015340360186e-05
NOP56,52.12,91.01,-0.793,9.799021327943255e-07,1.8869015340360186e-05
BIN1,23.6,15.31,0.593,9.799021327943255e-07,1.8869015340360186e-05
DLC1,28.7,12.15,1.176,9.799021327943255e-07,1.8869015340360186e-05
SLC10A6,0.63,2.82,-1.232,9.795813679670198e-07,1.8869015340360186e-05
SLC1A3,6.35,17.5,-1.332,9.799021327943255e-07,1.8869015340360186e-05
IL17RC,18.66,12.22,0.572,9.799021327943255e-07,1.8869015340360186e-05
TTL,7.81,12.76,-0.644,9.979587777418555e-07,1.91923895066228e-05
CLDN9,20.5,3.26,2.337,1.016501519098277e-06,1.945051332450897e-05
COBL,8.87,3.68,1.076,1.016501519098277e-06,1.945051332450897e-05
FOXP1,4.93,2.9,0.606,1.016501519098277e-06,1.945051332450897e-05
ZNF429,6.13,3.37,0.707,1.016501519098277e-06,1.945051332450897e-05
SGSM1,2.82,1.16,0.821,1.035206787516906e-06,1.975866422455321e-05
CYP4F3,2.57,69.32,-4.3,1.0351224216573661e-06,1.975866422455321e-05
CSE1L,80.17,141.01,-0.807,1.0544148610814776e-06,1.9999656659689e-05
B4GALNT1,2.27,6.78,-1.251,1.0544148610814776e-06,1.9999656659689e-05
SHISA4,39.85,20.27,0.941,1.0544148610814776e-06,1.9999656659689e-05
CSK,52.97,81.16,-0.606,1.0544148610814776e-06,1.9999656659689e-05
NOSTRIN,11.87,4.03,1.355,1.0544148610814776e-06,1.9999656659689e-05
FOXL2NB,0.37,1.67,-0.961,1.0692511603458069e-06,2.025577665727412e-05
DHX36,17.2,29.14,-0.728,1.093687286475414e-06,2.0641479432821074e-05
FAXDC2,27.37,8.95,1.512,1.093687286475414e-06,2.0641479432821074e-05
GPNMB,155.86,573.99,-1.874,1.093687286475414e-06,2.0641479432821074e-05
TFAP2A,7.15,15.7,-1.036,1.1343653966656795e-06,2.117249812228706e-05
PPARGC1B,1.6,3.27,-0.714,1.1343653966656795e-06,2.117249812228706e-05
DHRS7,69.06,41.94,0.706,1.1343653966656795e-06,2.117249812228706e-05
SLC1A1,30.52,10.24,1.488,1.1343653966656795e-06,2.117249812228706e-05
ACSM3,4.29,1.98,0.826,1.1343653966656795e-06,2.117249812228706e-05
INTS13,25.34,44.18,-0.778,1.1343653966656795e-06,2.117249812228706e-05
ADGRE5,72.34,45.07,0.671,1.1343653966656795e-06,2.117249812228706e-05
SRD5A3,26.89,12.29,1.069,1.1343653966656795e-06,2.117249812228706e-05
DUSP9,3.36,13.1,-1.692,1.1343653966656795e-06,2.117249812228706e-05
PLEKHA7,13.35,7.37,0.777,1.176497312070002e-06,2.1824815216458534e-05
OAF,18.63,36.1,-0.918,1.176497312070002e-06,2.1824815216458534e-05
KPNA4,24.03,39.62,-0.698,1.176497312070002e-06,2.1824815216458534e-05
SPSB2,38.35,18.89,0.984,1.176497312070002e-06,2.1824815216458534e-05
MISP3,12.27,6.46,0.831,1.176497312070002e-06,2.1824815216458534e-05
CLEC2L,1.23,6.16,-1.685,1.2040250711514076e-06,2.2308235251223582e-05
PAG1,15.9,7.77,0.946,1.2201327188185132e-06,2.2469668360011725e-05
TMC4,131.86,69.51,0.914,1.2201327188185132e-06,2.2469668360011725e-05
ICAM1,333.13,138.42,1.261,1.2201327188185132e-06,2.2469668360011725e-05
CSRP2,7.13,23.56,-1.595,1.2201327188185132e-06,2.2469668360011725e-05
MCM5,28.88,52.16,-0.831,1.2201327188185132e-06,2.2469668360011725e-05
TDRKH,19.41,9.92,0.902,1.2653229167705032e-06,2.3189446410728893e-05
PRKAG2,6.16,4.29,0.437,1.2653229167705032e-06,2.3189446410728893e-05
PGAP6,94.9,55.75,0.757,1.2653229167705032e-06,2.3189446410728893e-05
FZD6,49.53,95.55,-0.934,1.2653229167705032e-06,2.3189446410728893e-05
POLQ,2.23,6.3,-1.176,1.3121208689025833e-06,2.3840723544818273e-05
CABP4,2.85,0.6,1.265,1.3121208689025833e-06,2.3840723544818273e-05
KREMEN1,25.33,54.04,-1.064,1.3121208689025833e-06,2.3840723544818273e-05
GABRR1,0.59,1.97,-0.907,1.3149823162349578e-06,2.3840723544818273e-05
TDRD10,6.84,2.11,1.336,1.3121208689025833e-06,2.3840723544818273e-05
KIAA0930,36.31,58.2,-0.666,1.3121208689025833e-06,2.3840723544818273e-05
PAK2,65.72,105.43,-0.674,1.3121208689025833e-06,2.3840723544818273e-05
VPS37B,29.42,20.61,0.493,1.3121208689025833e-06,2.3840723544818273e-05
SPRR5,0.04,1.21,-1.089,1.3141953862811119e-06,2.3840723544818273e-05
TAOK3,17.78,10.82,0.668,1.3605812521041735e-06,2.4521128070247578e-05
SDR16C5,75.22,33.5,1.144,1.3605812521041735e-06,2.4521128070247578e-05
PRMT1,78.22,129.15,-0.716,1.3605812521041735e-06,2.4521128070247578e-05
ANKS4B,1.24,0.03,1.129,1.360117821598513e-06,2.4521128070247578e-05
PRDM11,2.99,5.15,-0.623,1.3605812521041735e-06,2.4521128070247578e-05
FOXA2,36.83,9.46,1.855,1.410311744172861e-06,2.527557124949449e-05
UBXN10,16.08,7.36,1.031,1.4107605094169241e-06,2.527557124949449e-05
NAB1,20.18,31.62,-0.623,1.4107605094169241e-06,2.527557124949449e-05
PLCH2,2.8,10.73,-1.626,1.4107605094169241e-06,2.527557124949449e-05
LYSMD3,23.41,15.24,0.588,1.4107605094169241e-06,2.527557124949449e-05
C3orf18,7.77,4.81,0.594,1.4627169037555284e-06,2.596151626023101e-05
TRAF3IP2,10.32,16.85,-0.656,1.4627169037555284e-06,2.596151626023101e-05
DHRS12,4.4,2.74,0.531,1.4627169037555284e-06,2.596151626023101e-05
CENPM,16.42,35.6,-1.071,1.4627169037555284e-06,2.596151626023101e-05
EEF1AKMT4,18.39,45.45,-1.261,1.4627169037555284e-06,2.596151626023101e-05
CHRNB1,13.06,7.34,0.753,1.4627169037555284e-06,2.596151626023101e-05
KCTD14,4.01,1.64,0.924,1.4627169037555284e-06,2.596151626023101e-05
TRIB1,118.13,57.18,1.034,1.4627169037555284e-06,2.596151626023101e-05
CYB5R2,4.75,12.64,-1.245,1.516510573148351e-06,2.679109899749174e-05
USP46,6.17,11.03,-0.746,1.516510573148351e-06,2.679109899749174e-05
SLC35A1,22.05,12.13,0.812,1.516510573148351e-06,2.679109899749174e-05
RAB2A,101.85,75.21,0.432,1.516510573148351e-06,2.679109899749174e-05
KBTBD12,2.52,0.4,1.33,1.5652742332923408e-06,2.762045461836299e-05
SLC2A9,2.2,6.26,-1.18,1.572203587537036e-06,2.7678434652897087e-05
LAMA1,6.1,6.45,-0.071,1.572203587537036e-06,2.7678434652897087e-05
UBAC1,42.4,60.07,-0.493,1.629860007175269e-06,2.8528183282274037e-05
CREB3L2,61.19,34.72,0.8,1.629860007175269e-06,2.8528183282274037e-05
MROH6,43.2,16.56,1.332,1.629860007175269e-06,2.8528183282274037e-05
PGAP3,54.3,33.74,0.67,1.629860007175269e-06,2.8528183282274037e-05
ATP5F1B,670.63,940.71,-0.488,1.629860007175269e-06,2.8528183282274037e-05
FUT3,36.07,15.48,1.17,1.6895459426677301e-06,2.936987586607646e-05
EIF2B5,27.98,50.62,-0.833,1.6895459426677301e-06,2.936987586607646e-05
TXNDC11,82.33,55.65,0.557,1.6895459426677301e-06,2.936987586607646e-05
MFN1,24.68,47.55,-0.919,1.6895459426677301e-06,2.936987586607646e-05
LACTB2,39.38,21.69,0.831,1.6895459426677301e-06,2.936987586607646e-05
TMEM163,16.87,5.29,1.508,1.6895459426677301e-06,2.936987586607646e-05
FZD5,20.74,11.12,0.843,1.7513296166911288e-06,3.0270706332637453e-05
ARHGDIB,417.57,244.21,0.771,1.7513296166911288e-06,3.0270706332637453e-05
CMSS1,8.43,16.71,-0.91,1.7513296166911288e-06,3.0270706332637453e-05
KIF9,4.11,2.78,0.433,1.7513296166911288e-06,3.0270706332637453e-05
GAB2,23.49,13.26,0.78,1.7513296166911288e-06,3.0270706332637453e-05
UMPS,13.94,24.89,-0.794,1.8152814274403558e-06,3.1093089883992476e-05
BLMH,20.57,45.61,-1.111,1.8152814274403558e-06,3.1093089883992476e-05
MGAT4A,19.82,11.2,0.771,1.8152814274403558e-06,3.1093089883992476e-05
WDR53,19.11,34.06,-0.802,1.8152814274403558e-06,3.1093089883992476e-05
EVA1A,38.61,16.76,1.158,1.8152814274403558e-06,3.1093089883992476e-05
REEP3,64.99,43.8,0.559,1.8152814274403558e-06,3.1093089883992476e-05
SFXN3,54.05,30.49,0.806,1.8152814274403558e-06,3.1093089883992476e-05
SYTL2,13.65,5.76,1.116,1.8152814274403558e-06,3.1093089883992476e-05
FXR1,32.73,69.76,-1.069,1.8814740138434805e-06,3.201034120081075e-05
CXCL16,176.36,108.52,0.696,1.8814740138434805e-06,3.201034120081075e-05
MPZL3,32.66,20.3,0.66,1.8814740138434805e-06,3.201034120081075e-05
MAP1LC3C,12.53,2.67,1.883,1.8813278063498875e-06,3.201034120081075e-05
KLHL21,21.15,38.85,-0.847,1.8814740138434805e-06,3.201034120081075e-05
DRD2,0.21,3.29,-1.821,1.8762165095515432e-06,3.201034120081075e-05
SHE,10.28,3.55,1.309,1.949982322590558e-06,3.2881333437423254e-05
TMEM59L,23.51,3.34,2.499,1.949982322590558e-06,3.2881333437423254e-05
OIP5,2.21,4.71,-0.832,1.949982322590558e-06,3.2881333437423254e-05
GRAMD2A,24.8,8.42,1.454,1.949982322590558e-06,3.2881333437423254e-05
SKP2,4.75,11.21,-1.086,1.949982322590558e-06,3.2881333437423254e-05
KBTBD11,5.78,2.75,0.854,1.949982322590558e-06,3.2881333437423254e-05
CARD17,0.39,1.4,-0.786,1.9415363216571386e-06,3.2881333437423254e-05
DHX35,9.18,17.46,-0.858,1.949982322590558e-06,3.2881333437423254e-05
CD47,110.56,64.14,0.776,2.0208836770220626e-06,3.3851472662619844e-05
FBN2,2.27,16.96,-2.457,2.0208836770220626e-06,3.3851472662619844e-05
TNFSF13,20.97,11.9,0.768,2.0208836770220626e-06,3.3851472662619844e-05
DPF1,0.36,3.09,-1.582,2.0208836770220626e-06,3.3851472662619844e-05
IFI16,72.5,131.33,-0.848,2.0208836770220626e-06,3.3851472662619844e-05
DVL3,61.13,134.92,-1.13,2.0208836770220626e-06,3.3851472662619844e-05
CHIA,3.8,1.02,1.251,2.074972957485236e-06,3.4719233637745805e-05
SCEL,52.87,19.69,1.38,2.0942578479237314e-06,3.4888223117878565e-05
ABCC3,75.09,25.28,1.534,2.0942578479237314e-06,3.4888223117878565e-05
KANK2,46.82,27.76,0.734,2.0942578479237314e-06,3.4888223117878565e-05
KLHL42,10.95,19.42,-0.773,2.0942578479237314e-06,3.4888223117878565e-05
MYC,44.6,86.21,-0.936,2.170187126275872e-06,3.5916833343692073e-05
UPK3A,10.55,0.88,2.618,2.170187126275872e-06,3.5916833343692073e-05
P4HTM,19.27,12.37,0.6,2.170187126275872e-06,3.5916833343692073e-05
NR3C2,9.31,4.4,0.934,2.170187126275872e-06,3.5916833343692073e-05
HOXD10,1.54,6.83,-1.624,2.16419330829088e-06,3.5916833343692073e-05
VDAC2,70.95,112.61,-0.659,2.170187126275872e-06,3.5916833343692073e-05
TRA2B,28.79,46.83,-0.683,2.2487563980059076e-06,3.6935519951247305e-05
SLC7A8,32.96,93.35,-1.474,2.2487563980059076e-06,3.6935519951247305e-05
RASSF3,46.75,24.94,0.88,2.2487563980059076e-06,3.6935519951247305e-05
P2RX4,22.79,13.17,0.748,2.2487563980059076e-06,3.6935519951247305e-05
CSF2,9.1,3.33,1.221,2.2485841885775445e-06,3.6935519951247305e-05
CACNA1D,2.15,0.76,0.839,2.2487563980059076e-06,3.6935519951247305e-05
FOXN1,1.56,13.83,-2.535,2.2487563980059076e-06,3.6935519951247305e-05
ATG4D,21.64,35.34,-0.683,2.3300532207943188e-06,3.798336757889279e-05
CNGA3,5.48,0.15,2.496,2.320322539386757e-06,3.798336757889279e-05
SOD3,76.03,39.35,0.933,2.3300532207943188e-06,3.798336757889279e-05
CLDN12,37.05,20.76,0.806,2.3300532207943188e-06,3.798336757889279e-05
MCM2,19.98,52.45,-1.349,2.3300532207943188e-06,3.798336757889279e-05
NAP1L2,3.19,9.09,-1.268,2.3300532207943188e-06,3.798336757889279e-05
GALNT5,20.12,8.26,1.189,2.3300532207943188e-06,3.798336757889279e-05
BDH1,6.52,13.18,-0.914,2.414167902985034e-06,3.9186381356892754e-05
EFS,19.53,42.48,-1.083,2.414167902985034e-06,3.9186381356892754e-05
YPEL1,3.52,2.47,0.38,2.414167902985034e-06,3.9186381356892754e-05
BORCS7,29.81,17.34,0.748,2.414167902985034e-06,3.9186381356892754e-05
CERKL,1.8,0.77,0.663,2.500434229713455e-06,4.029759717033354e-05
ST7,18.41,11.99,0.579,2.5011935846524406e-06,4.029759717033354e-05
TGFBR2,113.49,59.58,0.918,2.5011935846524406e-06,4.029759717033354e-05
BMF,25.08,12.49,0.951,2.5011935846524406e-06,4.029759717033354e-05
REPS1,12.54,20.91,-0.694,2.5011935846524406e-06,4.029759717033354e-05
ABCA13,2.34,11.11,-1.858,2.5011935846524406e-06,4.029759717033354e-05
SLC22A3,35.88,12.53,1.447,2.5011935846524406e-06,4.029759717033354e-05
AKR1B10,49.64,621.81,-3.62,2.5873064426536156e-06,4.126677305357087e-05
ZNF737,5.07,2.53,0.783,2.591226320878471e-06,4.126677305357087e-05
PCYT1B,0.94,4.93,-1.609,2.591030210037761e-06,4.126677305357087e-05
PARPBP,2.84,6.66,-0.995,2.591226320878471e-06,4.126677305357087e-05
VWA1,108.8,55.18,0.967,2.591226320878471e-06,4.126677305357087e-05
MIEF1,17.36,27.74,-0.646,2.591226320878471e-06,4.126677305357087e-05
SLC17A5,36.47,23.41,0.618,2.591226320878471e-06,4.126677305357087e-05
TMEM41B,52.06,34.67,0.573,2.591226320878471e-06,4.126677305357087e-05
CACNA2D3,1.42,5.3,-1.382,2.591226320878471e-06,4.126677305357087e-05
FAM162A,36.37,83.2,-1.172,2.591226320878471e-06,4.126677305357087e-05
IGFL4,0.32,1.73,-1.051,2.580263057628405e-06,4.126677305357087e-05
DMRT3,0.42,4.4,-1.928,2.637002560841869e-06,4.1951811420806826e-05
VIT,1.63,5.03,-1.2,2.677080985978672e-06,4.2527174125860115e-05
ZNF578,1.49,0.4,0.835,2.68416260729104e-06,4.2527174125860115e-05
CNPPD1,90.43,65.34,0.463,2.6843651672941386e-06,4.2527174125860115e-05
CDK6,14.66,16.69,-0.176,2.6843651672941386e-06,4.2527174125860115e-05
SUOX,22.23,15.17,0.523,2.7807122679412654e-06,4.3689101847809356e-05
GALNT12,24.21,12.51,0.899,2.7807122679412654e-06,4.3689101847809356e-05
BCO1,2.33,0.61,1.054,2.7807122679412654e-06,4.3689101847809356e-05
SPC25,7.83,18.12,-1.114,2.7807122679412654e-06,4.3689101847809356e-05
ESR1,4.41,1.06,1.395,2.7805030580797373e-06,4.3689101847809356e-05
PON1,1.85,0.33,1.102,2.779875506739593e-06,4.3689101847809356e-05
PTPRS,17.43,37.78,-1.073,2.7807122679412654e-06,4.3689101847809356e-05
DPYSL2,85.47,46.86,0.853,2.7807122679412654e-06,4.3689101847809356e-05
MINDY1,27.03,17.0,0.639,2.8803729455111907e-06,4.497585422523281e-05
C22orf23,2.33,5.79,-1.028,2.8803729455111907e-06,4.497585422523281e-05
CYP4V2,9.33,5.01,0.78,2.8803729455111907e-06,4.497585422523281e-05
MCU,39.39,24.91,0.641,2.8803729455111907e-06,4.497585422523281e-05
TPD52L1,9.22,31.55,-1.671,2.8803729455111907e-06,4.497585422523281e-05
RIOK1,28.33,45.76,-0.673,2.8803729455111907e-06,4.497585422523281e-05
CPA4,0.57,4.51,-1.813,2.923802694108882e-06,4.560711943695713e-05
PTGFRN,48.82,108.45,-1.135,2.983455794018563e-06,4.629994267469257e-05
FEM1B,29.52,44.94,-0.59,2.983455794018563e-06,4.629994267469257e-05
FAM131C,0.89,2.91,-1.046,2.9756542737087376e-06,4.629994267469257e-05
CHODL,2.04,11.16,-1.998,2.983455794018563e-06,4.629994267469257e-05
CHKA,20.06,10.55,0.866,2.983455794018563e-06,4.629994267469257e-05
EIF4A2,177.5,296.31,-0.736,3.090072773969444e-06,4.790558740297731e-05
MRPS22,10.69,18.03,-0.703,3.20033931008421e-06,4.921331491711478e-05
ACBD5,12.69,8.67,0.502,3.20033931008421e-06,4.921331491711478e-05
ADD2,1.14,8.13,-2.091,3.20033931008421e-06,4.921331491711478e-05
TTK,7.57,18.14,-1.159,3.20033931008421e-06,4.921331491711478e-05
NRG1,0.86,2.91,-1.072,3.200101374415437e-06,4.921331491711478e-05
BATF,50.84,26.58,0.911,3.20033931008421e-06,4.921331491711478e-05
TUSC2,43.04,31.99,0.416,3.20033931008421e-06,4.921331491711478e-05
GID8,56.46,82.87,-0.546,3.20033931008421e-06,4.921331491711478e-05
TMCC2,2.39,8.12,-1.429,3.314374391637185e-06,5.081260356422175e-05
NAA50,66.25,118.55,-0.83,3.314374391637185e-06,5.081260356422175e-05
FAM3B,29.12,8.08,1.73,3.314374391637185e-06,5.081260356422175e-05
SDC4,745.54,503.63,0.565,3.4323006754758874e-06,5.2146944162505156e-05
ZDHHC21,15.61,8.11,0.867,3.4323006754758874e-06,5.2146944162505156e-05
EPDR1,81.09,38.69,1.049,3.4323006754758874e-06,5.2146944162505156e-05
IL6ST,71.31,41.32,0.773,3.4323006754758874e-06,5.2146944162505156e-05
RNF170,16.24,10.35,0.603,3.4323006754758874e-06,5.2146944162505156e-05
C12orf56,1.61,4.9,-1.176,3.418119384774063e-06,5.2146944162505156e-05
CAPN5,21.98,9.73,1.098,3.4323006754758874e-06,5.2146944162505156e-05
NLRP12,2.25,0.59,1.033,3.4320470129284216e-06,5.2146944162505156e-05
NSG1,1.13,6.32,-1.783,3.4320470129284216e-06,5.2146944162505156e-05
HS3ST3A1,1.35,5.91,-1.557,3.553982701575749e-06,5.3730983167146344e-05
TBPL1,7.57,13.58,-0.768,3.5542445917845108e-06,5.3730983167146344e-05
ZNF18,7.76,12.27,-0.6,3.5542445917845108e-06,5.3730983167146344e-05
KMT5A,23.08,35.93,-0.617,3.5542445917845108e-06,5.3730983167146344e-05
RUNX3,12.43,25.72,-0.992,3.5542445917845108e-06,5.3730983167146344e-05
NCS1,14.03,29.47,-1.019,3.6803364526569882e-06,5.541660230447733e-05
FOXD2,2.51,1.42,0.537,3.6800660826502733e-06,5.541660230447733e-05
PRKAB1,35.78,22.92,0.62,3.6803364526569882e-06,5.541660230447733e-05
FGFR2,18.38,52.7,-1.47,3.6803364526569882e-06,5.541660230447733e-05
PCBP4,25.11,16.5,0.577,3.8107105635471177e-06,5.7266197420347536e-05
UNC5CL,19.14,6.27,1.47,3.8107105635471177e-06,5.7266197420347536e-05
SHISA9,0.09,2.6,-1.722,3.903253729762924e-06,5.8598946557596935e-05
CHRNB4,0.53,1.99,-0.964,3.921363986007648e-06,5.881271770919466e-05
NECAB3,42.21,22.26,0.893,3.945505337663913e-06,5.888414793234561e-05
PPP1R7,57.08,43.65,0.379,3.945505337663913e-06,5.888414793234561e-05
CST3,328.16,191.73,0.772,3.945505337663913e-06,5.888414793234561e-05
SLC9A9,6.76,15.16,-1.059,3.945505337663913e-06,5.888414793234561e-05
MTIF3,45.8,35.33,0.365,3.945505337663913e-06,5.888414793234561e-05
RGN,8.42,3.58,1.041,4.084863413382028e-06,6.072537166292871e-05
MPHOSPH6,22.49,38.0,-0.731,4.084863413382028e-06,6.072537166292871e-05
PGRMC2,55.19,40.2,0.448,4.084863413382028e-06,6.072537166292871e-05
ENC1,48.02,19.4,1.265,4.084863413382028e-06,6.072537166292871e-05
MAGEA11,0.66,11.76,-2.938,4.148484364017817e-06,6.16108728665911e-05
SH3RF1,30.55,18.0,0.732,4.228931774738678e-06,6.225790741628364e-05
HMCES,66.3,110.62,-0.73,4.228931774738678e-06,6.225790741628364e-05
DUSP7,18.83,38.47,-0.993,4.228931774738678e-06,6.225790741628364e-05
ACAD9,26.27,38.6,-0.538,4.228931774738678e-06,6.225790741628364e-05
GDE1,83.49,57.9,0.521,4.228931774738678e-06,6.225790741628364e-05
ST6GALNAC1,68.45,21.84,1.604,4.228931774738678e-06,6.225790741628364e-05
PHLDA2,141.44,50.09,1.479,4.228931774738678e-06,6.225790741628364e-05
WASF1,8.87,36.5,-1.926,4.228931774738678e-06,6.225790741628364e-05
SEC14L6,10.6,3.72,1.299,4.228931774738678e-06,6.225790741628364e-05
FGL1,15.5,0.27,3.694,4.308303271059424e-06,6.336500638645288e-05
ATP2B1,16.53,35.72,-1.067,4.3778618750893805e-06,6.401622277981999e-05
FANCB,1.32,3.48,-0.95,4.377228272718271e-06,6.401622277981999e-05
HSD17B6,54.69,19.56,1.437,4.3778618750893805e-06,6.401622277981999e-05
TBL1XR1,44.2,80.47,-0.85,4.3778618750893805e-06,6.401622277981999e-05
FSD1,0.56,3.81,-1.624,4.3778618750893805e-06,6.401622277981999e-05
RNF152,3.44,10.15,-1.328,4.3778618750893805e-06,6.401622277981999e-05
ACVR1C,0.81,2.19,-0.817,4.4538768114567385e-06,6.506514461198291e-05
MAP7D3,4.2,7.85,-0.766,4.531809763997026e-06,6.569826884008284e-05
TAPT1,16.98,10.18,0.686,4.531809763997026e-06,6.569826884008284e-05
DCUN1D1,16.41,42.63,-1.326,4.531809763997026e-06,6.569826884008284e-05
COL4A4,10.11,4.98,0.894,4.531809763997026e-06,6.569826884008284e-05
HABP2,17.37,1.01,3.195,4.531809763997026e-06,6.569826884008284e-05
TEC,4.82,2.94,0.561,4.531809763997026e-06,6.569826884008284e-05
C20orf27,53.39,88.76,-0.723,4.531809763997026e-06,6.569826884008284e-05
AMBP,4.09,1.25,1.177,4.531809763997026e-06,6.569826884008284e-05
INSIG2,35.03,23.84,0.537,4.690936217429656e-06,6.761802082676353e-05
TIMMDC1,72.6,115.02,-0.657,4.690936217429656e-06,6.761802082676353e-05
MXD4,43.69,28.48,0.6,4.690936217429656e-06,6.761802082676353e-05
CA12,11.58,49.89,-2.016,4.690936217429656e-06,6.761802082676353e-05
CREB3L1,104.88,24.08,2.078,4.690936217429656e-06,6.761802082676353e-05
LRRC27,3.31,2.1,0.477,4.690936217429656e-06,6.761802082676353e-05
KRT2,0.05,1.24,-1.101,4.699774297931797e-06,6.768120465258559e-05
ZFP64,9.82,17.44,-0.768,4.855406871344111e-06,6.965835372646938e-05
UNG,50.76,89.05,-0.799,4.855406871344111e-06,6.965835372646938e-05
CDS1,43.03,26.36,0.686,4.855406871344111e-06,6.965835372646938e-05
RUFY1,27.59,20.08,0.44,4.855406871344111e-06,6.965835372646938e-05
CRNN,0.05,5.3,-2.58,4.887316185910898e-06,7.004999510617385e-05
TRAK2,27.16,18.22,0.551,5.02539235873414e-06,7.155650056817975e-05
SCNN1A,180.26,85.38,1.069,5.02539235873414e-06,7.155650056817975e-05
FAM177A1,33.96,20.52,0.7,5.02539235873414e-06,7.155650056817975e-05
SMCO4,86.45,56.65,0.601,5.02539235873414e-06,7.155650056817975e-05
KREMEN2,2.0,19.27,-2.756,5.02539235873414e-06,7.155650056817975e-05
CLDN20,0.51,3.94,-1.713,5.02539235873414e-06,7.155650056817975e-05
TMEM171,3.33,8.72,-1.169,5.02539235873414e-06,7.155650056817975e-05
CTDSP1,110.24,81.02,0.44,5.201068450223393e-06,7.378135664261811e-05
TRIM7,0.97,2.84,-0.961,5.201068450223393e-06,7.378135664261811e-05
WNT2B,1.12,3.58,-1.112,5.201068450223393e-06,7.378135664261811e-05
GBP3,45.91,24.2,0.896,5.201068450223393e-06,7.378135664261811e-05
SYT14,1.7,2.66,-0.438,5.335332619057128e-06,7.558048789328651e-05
S100A13,24.15,16.39,0.532,5.382616198284474e-06,7.558048789328651e-05
CCNB2,23.87,52.27,-1.099,5.382616198284474e-06,7.558048789328651e-05
WIPF3,1.82,8.89,-1.811,5.382616198284474e-06,7.558048789328651e-05
CRACDL,13.35,7.54,0.749,5.382616198284474e-06,7.558048789328651e-05
HASPIN,2.63,5.7,-0.883,5.382616198284474e-06,7.558048789328651e-05
TAX1BP1,82.62,58.86,0.482,5.382616198284474e-06,7.558048789328651e-05
PHYH,30.56,20.51,0.553,5.382616198284474e-06,7.558048789328651e-05
PARM1,111.2,60.42,0.869,5.382616198284474e-06,7.558048789328651e-05
MYCL,8.97,18.85,-0.993,5.382616198284474e-06,7.558048789328651e-05
PARP8,12.41,7.99,0.578,5.382616198284474e-06,7.558048789328651e-05
ADRA2B,1.28,7.44,-1.892,5.570222085168076e-06,7.764071939445741e-05
PLEKHH2,8.61,4.4,0.832,5.570222085168076e-06,7.764071939445741e-05
EXOC6B,10.34,16.78,-0.649,5.570222085168076e-06,7.764071939445741e-05
ABCD3,31.76,21.48,0.543,5.570222085168076e-06,7.764071939445741e-05
GFPT1,71.2,41.74,0.756,5.570222085168076e-06,7.764071939445741e-05
PRNP,134.27,278.73,-1.048,5.570222085168076e-06,7.764071939445741e-05
SFTPB,8317.0,2139.73,1.958,5.570222085168076e-06,7.764071939445741e-05
ANAPC7,21.76,33.86,-0.615,5.570222085168076e-06,7.764071939445741e-05
AUNIP,3.96,7.94,-0.849,5.764078174626689e-06,7.997592667315368e-05
EXO1,7.47,14.51,-0.873,5.764078174626689e-06,7.997592667315368e-05
RANGRF,1.63,1.03,0.376,5.764078174626689e-06,7.997592667315368e-05
CHAC2,9.26,19.6,-1.005,5.764078174626689e-06,7.997592667315368e-05
FEZ1,4.25,9.68,-1.025,5.764078174626689e-06,7.997592667315368e-05
RND1,31.98,13.9,1.146,5.964382267519526e-06,8.245392155634591e-05
VSIG2,93.8,25.35,1.847,5.964382267519526e-06,8.245392155634591e-05
CD99L2,42.76,29.5,0.521,5.964382267519526e-06,8.245392155634591e-05
SLC46A2,14.49,2.28,2.241,5.964382267519526e-06,8.245392155634591e-05
XAGE1B,1.13,0.09,0.962,6.110868659849502e-06,8.440220686281226e-05
RHBDF1,35.33,19.26,0.842,6.171338061387194e-06,8.485170965308202e-05
PHF5A,74.46,134.75,-0.847,6.171338061387194e-06,8.485170965308202e-05
NUDT2,31.71,53.5,-0.737,6.171338061387194e-06,8.485170965308202e-05
HDAC11,16.06,10.66,0.549,6.171338061387194e-06,8.485170965308202e-05
PGM5,6.75,2.96,0.968,6.171338061387194e-06,8.485170965308202e-05
SLC6A2,0.49,1.13,-0.516,6.18445500386607e-06,8.495517619686908e-05
MAPK6,28.98,56.78,-0.946,6.385155314085341e-06,8.716052532515596e-05
OPA1,25.57,41.97,-0.694,6.385155314085341e-06,8.716052532515596e-05
SMPD1,60.44,39.22,0.611,6.385155314085341e-06,8.716052532515596e-05
ANKRD2,0.85,2.0,-0.699,6.385155314085341e-06,8.716052532515596e-05
C4orf48,26.74,10.99,1.211,6.385155314085341e-06,8.716052532515596e-05
IGF2BP2,25.56,60.43,-1.21,6.385155314085341e-06,8.716052532515596e-05
SCNN1B,71.48,26.29,1.409,6.385155314085341e-06,8.716052532515596e-05
IL36A,0.03,6.65,-2.899,6.506233818255428e-06,8.873358204735612e-05
VAMP8,793.27,524.9,0.595,6.606050011569872e-06,8.937285647887895e-05
C4BPA,382.59,71.12,2.411,6.606050011569872e-06,8.937285647887895e-05
TRPS1,4.39,8.5,-0.818,6.606050011569872e-06,8.937285647887895e-05
SESN3,22.74,62.54,-1.421,6.606050011569872e-06,8.937285647887895e-05
SUSD2,171.38,70.63,1.267,6.606050011569872e-06,8.937285647887895e-05
PCDH19,0.75,7.58,-2.291,6.606050011569872e-06,8.937285647887895e-05
PCNA,186.42,324.87,-0.798,6.606050011569872e-06,8.937285647887895e-05
ORC6,5.58,13.8,-1.17,6.606050011569872e-06,8.937285647887895e-05
IGF1R,22.06,37.63,-0.744,6.606050011569872e-06,8.937285647887895e-05
CCND3,94.7,61.63,0.612,6.834244539926103e-06,9.172497994266544e-05
CDC25A,4.16,9.44,-1.015,6.834244539926103e-06,9.172497994266544e-05
SOAT1,43.56,28.25,0.608,6.834244539926103e-06,9.172497994266544e-05
PES1,58.04,91.42,-0.646,6.834244539926103e-06,9.172497994266544e-05
HEY1,12.43,32.7,-1.327,6.834244539926103e-06,9.172497994266544e-05
PSAT1,39.26,111.57,-1.483,6.834244539926103e-06,9.172497994266544e-05
FAM189A2,8.9,4.02,0.978,6.834244539926103e-06,9.172497994266544e-05
RAD51AP1,12.75,27.97,-1.075,6.834244539926103e-06,9.172497994266544e-05
CD109,16.04,36.56,-1.141,6.834244539926103e-06,9.172497994266544e-05
SNCB,0.2,1.35,-0.965,6.896928220569909e-06,9.248458116074018e-05
GHR,1.68,6.82,-1.546,7.069967861737617e-06,9.447143511291084e-05
MB21D2,9.86,17.81,-0.793,7.069967861737617e-06,9.447143511291084e-05
RPL3L,0.27,1.03,-0.676,7.068007089303142e-06,9.447143511291084e-05
DDX49,41.75,62.35,-0.568,7.069967861737617e-06,9.447143511291084e-05
GABRA3,3.04,8.16,-1.181,7.08634606147433e-06,9.460707883302241e-05
CABLES1,14.76,7.04,0.97,7.313455696891523e-06,9.721201435071996e-05
LHFPL1,0.47,1.51,-0.766,7.308401416235141e-06,9.721201435071996e-05
LRP10,146.65,94.25,0.632,7.313455696891523e-06,9.721201435071996e-05
ZWILCH,9.06,15.18,-0.686,7.313455696891523e-06,9.721201435071996e-05
BCAS3,6.13,9.91,-0.613,7.313455696891523e-06,9.721201435071996e-05
C11orf86,4.04,3.83,0.062,7.452196413997639e-06,9.896959800512774e-05
CD302,7.19,3.13,0.986,7.5649507079182595e-06,0.00010002984865570246
ERF,39.71,65.29,-0.703,7.5649507079182595e-06,0.00010002984865570246
TRIM54,2.54,4.06,-0.516,7.564429380175296e-06,0.00010002984865570246
SLC16A12,3.39,0.98,1.151,7.5649507079182595e-06,0.00010002984865570246
UBE2S,25.34,55.55,-1.102,7.5649507079182595e-06,0.00010002984865570246
ATF5,45.61,78.67,-0.773,7.693249295137153e-06,0.00010163785786175544
FYCO1,24.7,15.44,0.645,7.82470268996728e-06,0.00010239509730290514
IL12RB2,1.7,4.61,-1.055,7.82470268996728e-06,0.00010239509730290514
ACSF2,32.79,19.27,0.737,7.82470268996728e-06,0.00010239509730290514
CKAP2,19.02,33.94,-0.803,7.82470268996728e-06,0.00010239509730290514
BET1L,51.57,37.81,0.438,7.82470268996728e-06,0.00010239509730290514
HECW2,3.69,1.88,0.7,7.82470268996728e-06,0.00010239509730290514
TRPV4,10.63,25.04,-1.163,7.82470268996728e-06,0.00010239509730290514
FHOD1,37.62,21.98,0.749,7.82470268996728e-06,0.00010239509730290514
SPRED1,39.31,23.21,0.736,7.82470268996728e-06,0.00010239509730290514
MAPK12,4.34,9.2,-0.934,7.82470268996728e-06,0.00010239509730290514
AMIGO2,78.53,23.36,1.707,7.82470268996728e-06,0.00010239509730290514
SLC22A18,24.84,11.15,1.088,8.092968765520229e-06,0.00010536116062943344
SLC25A12,10.62,15.23,-0.482,8.092968765520229e-06,0.00010536116062943344
ESYT3,7.2,3.1,1.0,8.092968765520229e-06,0.00010536116062943344
CADM1,36.69,15.97,1.151,8.092968765520229e-06,0.00010536116062943344
BMP4,21.22,8.12,1.285,8.092968765520229e-06,0.00010536116062943344
CCNG2,25.23,16.84,0.556,8.092968765520229e-06,0.00010536116062943344
ANKDD1B,3.06,1.24,0.859,8.2298141829154e-06,0.00010705099904198088
ITGB6,90.4,44.19,1.016,8.370013583946086e-06,0.00010829448433557232
SERPINA11,0.1,1.48,-1.168,8.375305673290165e-06,0.00010829448433557232
KIAA1549L,0.61,5.72,-2.062,8.370013583946086e-06,0.00010829448433557232
CKMT1B,2.88,9.12,-1.383,8.370013583946086e-06,0.00010829448433557232
ATP10A,5.15,2.4,0.856,8.370013583946086e-06,0.00010829448433557232
RFX7,6.04,9.77,-0.613,8.370013583946086e-06,0.00010829448433557232
CLDN1,143.61,571.65,-1.985,8.370013583946086e-06,0.00010829448433557232
PDCD10,45.81,84.8,-0.874,8.656109526004124e-06,0.00011107455407819312
FHIT,2.22,1.35,0.45,8.656109526004124e-06,0.00011107455407819312
VPS11,33.87,25.34,0.405,8.656109526004124e-06,0.00011107455407819312
ASIC1,2.2,5.11,-0.933,8.656109526004124e-06,0.00011107455407819312
TTLL12,44.89,94.54,-1.058,8.656109526004124e-06,0.00011107455407819312
GEN1,3.57,7.65,-0.92,8.656109526004124e-06,0.00011107455407819312
IPCEF1,4.67,1.61,1.119,8.656109526004124e-06,0.00011107455407819312
ARNTL2,13.7,35.06,-1.294,8.656109526004124e-06,0.00011107455407819312
HAS3,35.09,101.89,-1.511,8.656109526004124e-06,0.00011107455407819312
CFAP20DC,1.19,2.69,-0.757,8.951536913403082e-06,0.00011447870397755305
LRP8,1.86,5.4,-1.162,8.951536913403082e-06,0.00011447870397755305
MSLN,570.24,240.8,1.24,8.951536913403082e-06,0.00011447870397755305
FERMT1,18.36,49.9,-1.394,8.951536913403082e-06,0.00011447870397755305
MAPK11,12.13,20.45,-0.708,9.256584223525478e-06,0.00011758803019065434
CLDN4,329.89,167.57,0.973,9.256584223525478e-06,0.00011758803019065434
ADM,36.21,127.84,-1.792,9.256584223525478e-06,0.00011758803019065434
SLC46A1,3.95,2.64,0.441,9.256584223525478e-06,0.00011758803019065434
TNFSF12,37.72,23.17,0.68,9.256584223525478e-06,0.00011758803019065434
PHETA1,23.65,13.65,0.751,9.256584223525478e-06,0.00011758803019065434
REEP4,47.35,82.0,-0.779,9.256584223525478e-06,0.00011758803019065434
HSPBAP1,5.76,9.07,-0.576,9.256584223525478e-06,0.00011758803019065434
MYOD1,0.02,1.1,-1.046,9.30873080080486e-06,0.00011815166838481891
AQP10,0.27,1.15,-0.76,9.359529977655243e-06,0.00011869727792196671
RBM19,15.67,36.67,-1.176,9.412172082903032e-06,0.00011926532982113909
NAGS,11.2,6.0,0.802,9.571548309430137e-06,0.00012058087352004319
PCED1B,31.64,12.16,1.311,9.571548309430137e-06,0.00012058087352004319
FGA,110.03,3.98,4.478,9.568321602601792e-06,0.00012058087352004319
RAD51,8.13,17.08,-0.986,9.571548309430137e-06,0.00012058087352004319
C5,13.73,4.79,1.348,9.571548309430137e-06,0.00012058087352004319
THOC3,8.49,19.51,-1.112,9.571548309430137e-06,0.00012058087352004319
SOX21,8.66,25.77,-1.471,9.571548309430137e-06,0.00012058087352004319
PGLYRP3,2.02,19.47,-2.76,9.597754929691786e-06,0.00012081084560630265
KLHDC9,12.12,7.81,0.574,9.732188992475279e-06,0.0001224016120551961
JARID2,13.98,27.53,-0.93,9.896734625245658e-06,0.00012375398284885373
POLR3GL,29.75,20.57,0.511,9.896734625245658e-06,0.00012375398284885373
UNC13D,45.1,18.84,1.217,9.896734625245658e-06,0.00012375398284885373
PGBD5,2.19,8.2,-1.528,9.896734625245658e-06,0.00012375398284885373
APLP2,540.77,325.44,0.731,9.896734625245658e-06,0.00012375398284885373
CDCA5,19.39,39.69,-0.997,9.896734625245658e-06,0.00012375398284885373
KEAP1,65.74,114.64,-0.793,9.896734625245658e-06,0.00012375398284885373
MAP3K4,10.29,15.33,-0.532,1.0232457457071224e-05,0.00012690753154716988
PFN2,66.71,235.96,-1.807,1.0232457457071224e-05,0.00012690753154716988
MBNL2,53.38,34.14,0.63,1.0232457457071224e-05,0.00012690753154716988
PRPF19,128.72,194.25,-0.59,1.0232457457071224e-05,0.00012690753154716988
RAP2B,25.22,43.7,-0.77,1.0232457457071224e-05,0.00012690753154716988
SLC39A8,104.32,49.01,1.075,1.0232457457071224e-05,0.00012690753154716988
NDUFA4L2,33.07,190.41,-2.49,1.0232457457071224e-05,0.00012690753154716988
CYP4F11,7.36,104.64,-3.66,1.0231086150783861e-05,0.00012690753154716988
GFM1,14.14,21.64,-0.58,1.0232457457071224e-05,0.00012690753154716988
CFAP221,5.6,2.5,0.915,1.0232457457071224e-05,0.00012690753154716988
CZIB,23.31,18.09,0.348,1.0579040159502607e-05,0.00013046051716178824
FOXM1,21.5,42.96,-0.966,1.0579040159502607e-05,0.00013046051716178824
POU3F1,0.38,2.54,-1.359,1.0579040159502607e-05,0.00013046051716178824
LMO4,31.04,67.35,-1.093,1.0579040159502607e-05,0.00013046051716178824
EPS8L2,79.25,45.98,0.772,1.0579040159502607e-05,0.00013046051716178824
TEAD4,21.07,31.7,-0.567,1.0579040159502607e-05,0.00013046051716178824
PIF1,2.73,6.57,-1.019,1.0579040159502607e-05,0.00013046051716178824
SNED1,6.79,3.39,0.828,1.0936815397902324e-05,0.0001341106023731477
MAPK3,76.79,53.52,0.513,1.0936815397902324e-05,0.0001341106023731477
BLCAP,31.96,53.96,-0.737,1.0936815397902324e-05,0.0001341106023731477
FMN1,3.73,2.06,0.629,1.0936815397902324e-05,0.0001341106023731477
ENTPD8,5.94,1.11,1.718,1.0936815397902324e-05,0.0001341106023731477
PRKAR1A,153.59,105.99,0.531,1.0936815397902324e-05,0.0001341106023731477
RMND5A,26.78,42.29,-0.64,1.0936815397902324e-05,0.0001341106023731477
CEP112,5.4,3.05,0.66,1.1305374885753494e-05,0.0001376393935493507
SLC37A2,8.51,18.64,-1.046,1.1306125396537197e-05,0.0001376393935493507
GNPTG,51.94,34.99,0.557,1.1306125396537197e-05,0.0001376393935493507
SLC9A3R1,105.94,288.63,-1.437,1.1306125396537197e-05,0.0001376393935493507
PCDH1,38.56,24.41,0.639,1.1306125396537197e-05,0.0001376393935493507
MKRN2OS,2.52,1.22,0.669,1.1306125396537197e-05,0.0001376393935493507
KLHDC1,3.28,2.03,0.498,1.1306125396537197e-05,0.0001376393935493507
UMAD1,16.18,11.54,0.455,1.1306125396537197e-05,0.0001376393935493507
IL17RE,18.46,9.79,0.851,1.1306125396537197e-05,0.0001376393935493507
BPIFA2,16.41,0.43,3.607,1.1408524560748701e-05,0.00013877479075376703
TP53I11,60.85,32.71,0.875,1.1687322192706342e-05,0.00014182546811005388
ADAL,3.31,5.3,-0.548,1.1687322192706342e-05,0.00014182546811005388
KNL1,3.2,6.32,-0.801,1.1687322192706342e-05,0.00014182546811005388
DNALI1,21.96,9.79,1.09,1.2080767896985837e-05,0.0001460167912958678
WNK2,6.09,14.12,-1.093,1.2080767896985837e-05,0.0001460167912958678
LRRC20,30.48,16.02,0.887,1.2080767896985837e-05,0.0001460167912958678
GFOD1,3.83,7.16,-0.758,1.2079971006758268e-05,0.0001460167912958678
NKAIN1,0.65,1.63,-0.676,1.2077580589921673e-05,0.0001460167912958678
GLYATL2,4.21,11.59,-1.273,1.230724126565217e-05,0.0001486358637114892
C18orf54,2.33,4.5,-0.726,1.248683495971881e-05,0.00014961552329890215
CAB39,76.19,54.32,0.481,1.248683495971881e-05,0.00014961552329890215
B3GNT8,23.52,12.25,0.888,1.248683495971881e-05,0.00014961552329890215
USP44,4.44,1.73,0.992,1.248683495971881e-05,0.00014961552329890215
NDE1,10.39,19.12,-0.821,1.248683495971881e-05,0.00014961552329890215
AKTIP,17.56,12.83,0.425,1.248683495971881e-05,0.00014961552329890215
RAG1,1.23,2.17,-0.507,1.248683495971881e-05,0.00014961552329890215
SKA1,7.6,14.54,-0.854,1.248683495971881e-05,0.00014961552329890215
DIP2B,18.61,34.58,-0.859,1.248683495971881e-05,0.00014961552329890215
SYNE1,7.68,4.01,0.793,1.248683495971881e-05,0.00014961552329890215
ALDH3B2,14.3,34.96,-1.233,1.2905060493476523e-05,0.00015354693547523347
PDE4DIP,9.2,6.12,0.52,1.2905060493476523e-05,0.00015354693547523347
UBXN7,14.97,27.7,-0.846,1.2905906443880282e-05,0.00015354693547523347
SPHK1,14.87,28.2,-0.879,1.2905906443880282e-05,0.00015354693547523347
HECA,22.35,32.45,-0.518,1.2905906443880282e-05,0.00015354693547523347
RAPGEF2,11.49,7.08,0.627,1.2905906443880282e-05,0.00015354693547523347
MSC,9.43,28.14,-1.482,1.2905906443880282e-05,0.00015354693547523347
PGC,1008.58,96.67,3.37,1.2905906443880282e-05,0.00015354693547523347
PDZK1IP1,188.04,83.06,1.169,1.2905906443880282e-05,0.00015354693547523347
CNOT8,68.47,46.79,0.54,1.3338376304450389e-05,0.00015770424217394146
CEBPG,39.06,66.2,-0.746,1.3338376304450389e-05,0.00015770424217394146
TNS4,34.51,86.61,-1.303,1.3338376304450389e-05,0.00015770424217394146
ZC3H8,4.62,7.38,-0.577,1.3338376304450389e-05,0.00015770424217394146
CFB,3.13,1.27,0.866,1.3338376304450389e-05,0.00015770424217394146
CBWD6,0.47,1.01,-0.453,1.3338376304450389e-05,0.00015770424217394146
SHANK2,5.54,2.95,0.728,1.3338376304450389e-05,0.00015770424217394146
ALG3,61.26,114.95,-0.897,1.3338376304450389e-05,0.00015770424217394146
CHP2,1.7,10.56,-2.098,1.3460924061180111e-05,0.0001590294084459638
PPP1R3B,35.55,19.47,0.836,1.355887719492809e-05,0.00015993790467588702
SLC1A6,1.04,1.58,-0.339,1.3549473705609674e-05,0.00015993790467588702
PECR,12.59,7.71,0.642,1.3784649674430104e-05,0.00016147276985629648
DUS3L,14.34,24.63,-0.741,1.3784649674430104e-05,0.00016147276985629648
TMEM237,9.2,16.51,-0.78,1.3784649674430104e-05,0.00016147276985629648
NPC2,538.98,244.6,1.137,1.3784649674430104e-05,0.00016147276985629648
IL1RN,24.56,84.25,-1.738,1.3784649674430104e-05,0.00016147276985629648
WDPCP,1.43,2.31,-0.446,1.3784649674430104e-05,0.00016147276985629648
CENPH,12.5,25.68,-0.983,1.3784649674430104e-05,0.00016147276985629648
KRI1,22.89,39.22,-0.751,1.3784649674430104e-05,0.00016147276985629648
JUP,307.92,629.25,-1.029,1.3784649674430104e-05,0.00016147276985629648
IFITM2,301.46,175.51,0.777,1.4245143157636236e-05,0.0001655902524819949
REEP5,134.15,98.38,0.444,1.4245143157636236e-05,0.0001655902524819949
ZNF486,15.77,5.08,1.465,1.4245143157636236e-05,0.0001655902524819949
STN1,18.51,12.62,0.518,1.4245143157636236e-05,0.0001655902524819949
PITPNB,42.37,60.8,-0.511,1.4245143157636236e-05,0.0001655902524819949
RANGAP1,62.13,102.65,-0.715,1.4245143157636236e-05,0.0001655902524819949
FGD4,9.69,5.25,0.773,1.4245143157636236e-05,0.0001655902524819949
MLLT11,7.07,34.13,-2.121,1.4245143157636236e-05,0.0001655902524819949
SDK1,7.92,22.79,-1.415,1.4245143157636236e-05,0.0001655902524819949
SLC3A2,110.43,196.92,-0.829,1.4245143157636236e-05,0.0001655902524819949
PIR,27.3,61.44,-1.142,1.472028512841564e-05,0.00016994323096961917
AURKB,19.46,42.32,-1.082,1.472028512841564e-05,0.00016994323096961917
MSI1,3.26,11.98,-1.607,1.472028512841564e-05,0.00016994323096961917
NECTIN2,152.01,93.67,0.693,1.472028512841564e-05,0.00016994323096961917
OCIAD1,94.25,66.98,0.487,1.472028512841564e-05,0.00016994323096961917
GUSB,114.79,66.72,0.774,1.472028512841564e-05,0.00016994323096961917
IQCB1,25.89,43.75,-0.735,1.472028512841564e-05,0.00016994323096961917
PWWP2A,10.64,7.56,0.443,1.472028512841564e-05,0.00016994323096961917
TM9SF2,170.09,121.6,0.481,1.472028512841564e-05,0.00016994323096961917
PLA2R1,2.56,7.37,-1.232,1.5210516038418531e-05,0.0001752034648761886
SYF2,47.31,37.52,0.327,1.5210516038418531e-05,0.0001752034648761886
WWC1,20.41,12.04,0.716,1.5210516038418531e-05,0.0001752034648761886
PYROXD2,11.66,5.42,0.979,1.5460434987302723e-05,0.00017794726421370473
NEFL,1.0,25.3,-3.716,1.554922677156467e-05,0.00017883376407296144
TNNC2,79.96,11.64,2.679,1.5715278052579863e-05,0.00017926244345619252
DNAJC3,83.69,54.42,0.612,1.571628873057648e-05,0.00017926244345619252
C6orf15,1.19,105.94,-5.612,1.5694376206961545e-05,0.00017926244345619252
CCDC86,13.42,21.88,-0.666,1.571628873057648e-05,0.00017926244345619252
SLC26A9,29.21,6.23,2.064,1.571628873057648e-05,0.00017926244345619252
CIP2A,7.09,15.01,-0.984,1.571628873057648e-05,0.00017926244345619252
ESCO2,1.79,4.34,-0.935,1.571628873057648e-05,0.00017926244345619252
DTL,10.52,22.33,-1.017,1.571628873057648e-05,0.00017926244345619252
LRRC28,4.21,6.2,-0.466,1.571628873057648e-05,0.00017926244345619252
RNF7,50.58,84.24,-0.725,1.571628873057648e-05,0.00017926244345619252
DISP1,5.84,3.75,0.527,1.571628873057648e-05,0.00017926244345619252
RIMS2,0.57,1.58,-0.715,1.5970020337749423e-05,0.00018201989421712453
CKMT1A,2.37,7.5,-1.334,1.623806876042949e-05,0.0001843833921354299
ZMYND12,6.43,3.24,0.81,1.623806876042949e-05,0.0001843833921354299
ZNF343,5.12,8.62,-0.654,1.623806876042949e-05,0.0001843833921354299
KBTBD3,4.49,4.12,0.101,1.6237027864188882e-05,0.0001843833921354299
SERPINB6,36.13,22.75,0.645,1.623806876042949e-05,0.0001843833921354299
TCP1,84.28,137.31,-0.698,1.677633472495096e-05,0.000189363189803997
BLM,3.24,6.46,-0.817,1.677633472495096e-05,0.000189363189803997
SULT1A2,1.52,0.68,0.591,1.6775262765783952e-05,0.000189363189803997
RAD54L,3.72,8.08,-0.944,1.677633472495096e-05,0.000189363189803997
PHPT1,123.06,81.96,0.581,1.677633472495096e-05,0.000189363189803997
RANBP1,44.06,76.04,-0.774,1.677633472495096e-05,0.000189363189803997
SPATA6,7.17,4.38,0.603,1.677633472495096e-05,0.000189363189803997
FAM83E,49.57,22.73,1.092,1.677633472495096e-05,0.000189363189803997
TLX3,0.29,1.39,-0.893,1.6871321302723307e-05,0.00019029397516872693
TOPBP1,19.04,34.38,-0.82,1.7331578599021326e-05,0.00019476233258500813
SBK3,1.77,0.39,0.996,1.730840872065142e-05,0.00019476233258500813
PRKCD,79.71,57.61,0.461,1.7331578599021326e-05,0.00019476233258500813
EPHB3,27.13,80.47,-1.534,1.7331578599021326e-05,0.00019476233258500813
DUSP8,12.58,6.7,0.82,1.7331578599021326e-05,0.00019476233258500813
VRK1,15.59,27.37,-0.774,1.790430607970278e-05,0.0002003093683865422
IGSF3,30.46,69.75,-1.169,1.790430607970278e-05,0.0002003093683865422
ITGA9,11.14,6.28,0.739,1.790430607970278e-05,0.0002003093683865422
LTB4R,7.93,22.26,-1.381,1.790430607970278e-05,0.0002003093683865422
NT5E,51.04,30.91,0.706,1.790430607970278e-05,0.0002003093683865422
HMGA2,3.53,13.68,-1.698,1.790430607970278e-05,0.0002003093683865422
PRR9,0.11,4.13,-2.213,1.7958611287588788e-05,0.0002007690811569805
XAGE1A,1.24,0.09,1.043,1.8075857861755427e-05,0.00020193125624533105
DDB2,16.61,25.25,-0.576,1.8495036938470584e-05,0.00020555603233810064
STXBP1,30.35,13.63,1.1,1.8495036938470584e-05,0.00020555603233810064
CLDN16,1.51,5.89,-1.457,1.8495036938470584e-05,0.00020555603233810064
GAP43,1.17,6.55,-1.802,1.8454106781390448e-05,0.00020555603233810064
TMEM79,11.7,25.14,-1.041,1.8495036938470584e-05,0.00020555603233810064
CDK4,59.57,98.37,-0.714,1.8495036938470584e-05,0.00020555603233810064
GPX2,113.41,624.68,-2.451,1.8495036938470584e-05,0.00020555603233810064
TEX101,0.23,1.75,-1.162,1.886343181889327e-05,0.0002094971634681619
HCAR2,11.92,25.57,-1.04,1.9104305381558683e-05,0.00021078555676254255
KIF23,10.21,18.65,-0.809,1.9104305381558683e-05,0.00021078555676254255
TBC1D32,1.86,3.5,-0.654,1.9104305381558683e-05,0.00021078555676254255
RILP,28.69,16.13,0.794,1.9104305381558683e-05,0.00021078555676254255
TLCD3A,29.31,53.32,-0.842,1.9104305381558683e-05,0.00021078555676254255
SH3KBP1,39.68,28.11,0.483,1.9104305381558683e-05,0.00021078555676254255
RND3,39.08,72.35,-0.872,1.9104305381558683e-05,0.00021078555676254255
UGT1A6,1.95,1.84,0.053,1.9047504815911738e-05,0.00021078555676254255
CTSA,72.37,46.4,0.63,1.9104305381558683e-05,0.00021078555676254255
CIDEA,0.05,1.02,-0.951,1.927761585461992e-05,0.00021254340905605258
LGALS3BP,1238.95,699.13,0.825,1.973266041857949e-05,0.00021661727582332238
DNAH2,5.06,2.54,0.774,1.973266041857949e-05,0.00021661727582332238
CSF2RA,16.51,8.88,0.825,1.973266041857949e-05,0.00021661727582332238
ARF4,368.44,256.31,0.522,1.973266041857949e-05,0.00021661727582332238
FGB,85.06,0.42,5.917,1.9675256469525207e-05,0.00021661727582332238
CNNM1,1.1,3.49,-1.095,1.9731419695925482e-05,0.00021661727582332238
DPY19L1,64.14,32.78,0.947,2.038066623958046e-05,0.00022180763766328505
DAGLA,6.86,4.38,0.548,2.038066623958046e-05,0.00022180763766328505
ZNF763,1.46,0.85,0.408,2.038066623958046e-05,0.00022180763766328505
KLF2,44.27,21.99,0.978,2.038066623958046e-05,0.00022180763766328505
ADIPOR2,53.26,69.92,-0.386,2.038066623958046e-05,0.00022180763766328505
SHISA3,62.43,1.83,4.486,2.038066623958046e-05,0.00022180763766328505
BMP5,14.46,6.06,1.13,2.038066623958046e-05,0.00022180763766328505
ADAMTS17,0.91,2.6,-0.914,2.038066623958046e-05,0.00022180763766328505
MDH1,74.73,110.63,-0.56,2.038066623958046e-05,0.00022180763766328505
GPC4,103.26,48.57,1.073,2.038066623958046e-05,0.00022180763766328505
SCN7A,9.37,3.55,1.19,2.038066623958046e-05,0.00022180763766328505
PLAAT4,247.98,103.34,1.255,2.038066623958046e-05,0.00022180763766328505
GPR50,0.59,9.25,-2.69,2.04376436741513e-05,0.00022226851849776718
CCDC138,3.19,5.91,-0.722,2.1048902600701637e-05,0.00022805090238874125
PPP1R1B,52.97,16.57,1.619,2.1048902600701637e-05,0.00022805090238874125
MPG,50.73,36.61,0.46,2.1048902600701637e-05,0.00022805090238874125
C2CD4D,2.93,1.36,0.734,2.1048902600701637e-05,0.00022805090238874125
SLURP1,0.3,4.62,-2.111,2.1059396830869742e-05,0.00022805090238874125
RNPEPL1,51.03,35.12,0.526,2.1048902600701637e-05,0.00022805090238874125
LINS1,4.95,7.29,-0.479,2.1737965218602516e-05,0.0002345631431578324
SIPA1,50.29,34.36,0.537,2.1737965218602516e-05,0.0002345631431578324
SLC38A10,91.85,57.13,0.676,2.1737965218602516e-05,0.0002345631431578324
CHRNB2,0.11,1.06,-0.889,2.1733904656053035e-05,0.0002345631431578324
GGH,7.44,14.97,-0.92,2.1737965218602516e-05,0.0002345631431578324
IL36G,1.56,29.81,-3.588,2.204247154749358e-05,0.00023768010661537968
RFTN1,46.44,26.2,0.803,2.244846617382699e-05,0.000239676420645786
REEP6,40.81,15.13,1.374,2.244846617382699e-05,0.000239676420645786
NR2F6,69.15,44.77,0.616,2.244846617382699e-05,0.000239676420645786
MARCKS,119.93,193.53,-0.686,2.244846617382699e-05,0.000239676420645786
NCAPD2,49.78,85.99,-0.777,2.244846617382699e-05,0.000239676420645786
CPEB4,15.04,9.11,0.667,2.244846617382699e-05,0.000239676420645786
HSD3B7,25.54,15.03,0.727,2.244846617382699e-05,0.000239676420645786
RBMS2,28.92,18.11,0.647,2.244846617382699e-05,0.000239676420645786
RAD54B,0.91,1.81,-0.561,2.244707288040779e-05,0.000239676420645786
TYSND1,19.34,31.87,-0.693,2.244846617382699e-05,0.000239676420645786
NCBP2,56.76,89.91,-0.654,2.244846617382699e-05,0.000239676420645786
GM2A,92.82,149.24,-0.679,2.244846617382699e-05,0.000239676420645786
CASTOR2,5.65,10.67,-0.812,2.244846617382699e-05,0.000239676420645786
AKR1C2,70.66,225.03,-1.657,2.244707288040779e-05,0.000239676420645786
NCAPH,7.77,16.09,-0.963,2.3181034323279205e-05,0.0002454281912707881
FANCD2,4.58,7.97,-0.685,2.3181034323279205e-05,0.0002454281912707881
DLL4,18.62,10.66,0.751,2.3181034323279205e-05,0.0002454281912707881
KRT78,0.65,3.33,-1.395,2.3173864601073824e-05,0.0002454281912707881
FAM178B,3.74,1.12,1.162,2.3181034323279205e-05,0.0002454281912707881
OVGP1,5.06,2.39,0.838,2.3181034323279205e-05,0.0002454281912707881
TRIP13,20.83,39.02,-0.875,2.3181034323279205e-05,0.0002454281912707881
CHAF1A,12.92,27.28,-1.022,2.3181034323279205e-05,0.0002454281912707881
BRI3,72.96,53.33,0.445,2.3181034323279205e-05,0.0002454281912707881
RAPGEF6,3.36,2.36,0.374,2.3181034323279205e-05,0.0002454281912707881
RGMA,4.13,14.63,-1.607,2.3181034323279205e-05,0.0002454281912707881
CLCF1,40.05,13.53,1.498,2.3181034323279205e-05,0.0002454281912707881
SYN2,0.47,4.69,-1.955,2.3554339908019112e-05,0.00024920688455608243
AHCY,114.4,190.37,-0.73,2.3936315721984576e-05,0.00025167089603052713
IPPK,2.58,4.57,-0.639,2.3936315721984576e-05,0.00025167089603052713
JAG2,17.43,39.54,-1.138,2.3936315721984576e-05,0.00025167089603052713
NUF2,10.22,24.6,-1.191,2.3936315721984576e-05,0.00025167089603052713
ESAM,77.93,42.36,0.864,2.3936315721984576e-05,0.00025167089603052713
TCF7L2,18.76,12.61,0.538,2.3936315721984576e-05,0.00025167089603052713
DNAJB1,65.51,113.3,-0.781,2.3936315721984576e-05,0.00025167089603052713
CDK1,27.69,61.42,-1.122,2.3936315721984576e-05,0.00025167089603052713
ARHGAP42,9.24,5.27,0.706,2.3936315721984576e-05,0.00025167089603052713
H2AC12,0.29,8.29,-2.849,2.4453317854838053e-05,0.00025692894755778323
NDUFB5,41.79,76.48,-0.856,2.4714974054313364e-05,0.00025789464341152674
HELLS,4.48,9.51,-0.94,2.4714974054313364e-05,0.00025789464341152674
POLR2H,56.83,101.68,-0.828,2.4714974054313364e-05,0.00025789464341152674
SYT17,5.75,3.41,0.615,2.4714974054313364e-05,0.00025789464341152674
ADCY3,13.51,26.58,-0.927,2.4714974054313364e-05,0.00025789464341152674
GADD45G,42.05,19.88,1.044,2.4714974054313364e-05,0.00025789464341152674
CCNP,8.62,3.77,1.011,2.4714974054313364e-05,0.00025789464341152674
ANTXR2,21.55,13.07,0.681,2.4714974054313364e-05,0.00025789464341152674
ZNF467,17.15,8.15,0.989,2.4714974054313364e-05,0.00025789464341152674
SULT1C2,7.17,1.57,1.667,2.4714974054313364e-05,0.00025789464341152674
PARD6B,14.23,8.73,0.646,2.5517691074846162e-05,0.0002642742198364947
TBC1D31,3.11,4.84,-0.505,2.5517691074846162e-05,0.0002642742198364947
CCDC134,5.51,8.37,-0.526,2.5517691074846162e-05,0.0002642742198364947
DOP1B,17.34,10.0,0.737,2.5517691074846162e-05,0.0002642742198364947
LRRC8D,19.46,37.01,-0.894,2.5517691074846162e-05,0.0002642742198364947
LTK,12.66,3.83,1.501,2.5517691074846162e-05,0.0002642742198364947
ARHGAP11A,5.96,11.51,-0.845,2.5517691074846162e-05,0.0002642742198364947
NPM3,77.9,137.67,-0.813,2.5517691074846162e-05,0.0002642742198364947
PDSS1,7.17,10.82,-0.533,2.5517691074846162e-05,0.0002642742198364947
BANK1,7.74,4.55,0.654,2.5517691074846162e-05,0.0002642742198364947
MAPK9,21.25,14.12,0.558,2.5517691074846162e-05,0.0002642742198364947
CYP2W1,0.47,2.06,-1.063,2.58728320620563e-05,0.00026776971220628153
DHRS1,18.54,13.27,0.453,2.634516705906399e-05,0.00027026476916161996
NDC80,10.9,20.21,-0.834,2.634516705906399e-05,0.00027026476916161996
SPRY4,34.4,23.16,0.551,2.634516705906399e-05,0.00027026476916161996
SIL1,44.44,30.05,0.549,2.634516705906399e-05,0.00027026476916161996
TROAP,10.03,21.25,-1.012,2.634516705906399e-05,0.00027026476916161996
KIF7,3.16,6.49,-0.849,2.634516705906399e-05,0.00027026476916161996
FAM72A,0.77,1.71,-0.615,2.634516705906399e-05,0.00027026476916161996
TRAF3,13.09,20.29,-0.595,2.634516705906399e-05,0.00027026476916161996
DCUN1D5,6.38,12.89,-0.913,2.634516705906399e-05,0.00027026476916161996
TXNL4B,10.31,16.05,-0.593,2.634516705906399e-05,0.00027026476916161996
TFPI,50.62,23.38,1.082,2.634516705906399e-05,0.00027026476916161996
HOOK3,17.92,9.37,0.867,2.634516705906399e-05,0.00027026476916161996
SORT1,58.28,37.55,0.621,2.634516705906399e-05,0.00027026476916161996
TM9SF1,4.09,2.93,0.371,2.7198121264047004e-05,0.00027714356563693235
POLD4,9.34,6.51,0.462,2.7198121264047004e-05,0.00027714356563693235
CNFN,11.61,67.54,-2.443,2.7198121264047004e-05,0.00027714356563693235
FOXJ1,56.09,30.79,0.845,2.7198121264047004e-05,0.00027714356563693235
MAD2L1,10.67,23.25,-1.056,2.7198121264047004e-05,0.00027714356563693235
SOGA1,12.23,22.25,-0.813,2.7198121264047004e-05,0.00027714356563693235
LGMN,194.96,127.83,0.605,2.7198121264047004e-05,0.00027714356563693235
ITGB8,9.76,19.54,-0.933,2.7198121264047004e-05,0.00027714356563693235
PLXND1,71.83,39.63,0.842,2.7198121264047004e-05,0.00027714356563693235
VWA2,20.65,11.15,0.834,2.7198121264047004e-05,0.00027714356563693235
H3C7,0.24,10.55,-3.221,2.736212833199568e-05,0.0002786278925925002
ZNF483,2.07,1.23,0.461,2.807729239937004e-05,0.00028400685980268245
TMEM238,25.02,12.55,0.941,2.807729239937004e-05,0.00028400685980268245
CSRNP1,84.49,43.74,0.934,2.807729239937004e-05,0.00028400685980268245
DSTN,479.58,314.86,0.606,2.807729239937004e-05,0.00028400685980268245
WSB1,104.96,50.71,1.035,2.807729239937004e-05,0.00028400685980268245
EDAR,0.67,2.58,-1.1,2.8070480062607397e-05,0.00028400685980268245
ASL,13.63,9.01,0.548,2.807729239937004e-05,0.00028400685980268245
TRIM59,3.85,7.99,-0.89,2.807729239937004e-05,0.00028400685980268245
CTSH,148.62,72.54,1.025,2.807729239937004e-05,0.00028400685980268245
ITGA3,205.16,128.67,0.669,2.807729239937004e-05,0.00028400685980268245
SMIM10,12.2,6.3,0.855,2.898343910838306e-05,0.0002920062270382386
WFDC3,18.11,3.53,2.077,2.898343910838306e-05,0.0002920062270382386
RASSF9,6.85,19.81,-1.406,2.898343910838306e-05,0.0002920062270382386
FAM184A,5.39,2.83,0.737,2.898343910838306e-05,0.0002920062270382386
HRAS,53.75,101.19,-0.9,2.898343910838306e-05,0.0002920062270382386
HSH2D,21.2,12.04,0.768,2.898343910838306e-05,0.0002920062270382386
TAGLN3,0.73,1.97,-0.783,2.9149436011477474e-05,0.0002934840167808994
SPC24,8.79,17.8,-0.942,2.99173404600711e-05,0.00030022070912144003
ZNF33A,17.9,12.05,0.534,2.99173404600711e-05,0.00030022070912144003
BICDL2,20.67,9.96,0.984,2.99173404600711e-05,0.00030022070912144003
C1orf198,85.69,53.81,0.662,2.99173404600711e-05,0.00030022070912144003
SLC12A2,21.52,10.69,0.946,2.99173404600711e-05,0.00030022070912144003
KAZN,2.55,5.26,-0.818,3.087979645168624e-05,0.00030825016260871814
EVI5,11.81,8.28,0.465,3.087979645168624e-05,0.00030825016260871814
TCF15,0.9,3.37,-1.199,3.087794167822919e-05,0.00030825016260871814
S100A8,131.92,1281.59,-3.27,3.087979645168624e-05,0.00030825016260871814
MYMX,1.41,0.6,0.592,3.087608699234735e-05,0.00030825016260871814
EME1,2.91,6.72,-0.981,3.087979645168624e-05,0.00030825016260871814
HCAR3,1.81,3.61,-0.713,3.087979645168624e-05,0.00030825016260871814
LRP2,5.23,1.84,1.134,3.087979645168624e-05,0.00030825016260871814
FILIP1,3.07,1.34,0.801,3.1871628522350675e-05,0.0003169016048037132
ADCY10,0.17,1.93,-1.325,3.1869720496491613e-05,0.0003169016048037132
MCM7,83.94,148.87,-0.819,3.1871628522350675e-05,0.0003169016048037132
TESMIN,2.38,4.72,-0.756,3.1871628522350675e-05,0.0003169016048037132
PSTPIP2,10.83,21.18,-0.907,3.1871628522350675e-05,0.0003169016048037132
MYO5A,8.98,16.98,-0.85,3.1871628522350675e-05,0.0003169016048037132
CYP26A1,0.58,6.21,-2.19,3.205882423326708e-05,0.00031855442549118815
ZNF658,1.19,2.02,-0.463,3.237688809624403e-05,0.0003215046149321801
HMGCL,28.77,20.41,0.475,3.289368007783069e-05,0.00032493737413685417
CD9,295.39,513.48,-0.796,3.289368007783069e-05,0.00032493737413685417
PCSK1,1.75,2.62,-0.395,3.289368007783069e-05,0.00032493737413685417
RNF146,32.9,24.5,0.411,3.289368007783069e-05,0.00032493737413685417
ZNF281,31.6,19.56,0.665,3.289368007783069e-05,0.00032493737413685417
GGCX,33.72,21.05,0.655,3.289368007783069e-05,0.00032493737413685417
DKC1,53.76,99.4,-0.875,3.289368007783069e-05,0.00032493737413685417
MGST1,140.89,70.83,0.982,3.289368007783069e-05,0.00032493737413685417
C2orf15,6.19,3.4,0.709,3.394681702668269e-05,0.00033317441284650524
CLIC3,121.08,48.61,1.299,3.394681702668269e-05,0.00033317441284650524
CARM1,27.03,42.72,-0.642,3.394681702668269e-05,0.00033317441284650524
TPX2,51.73,97.71,-0.905,3.394681702668269e-05,0.00033317441284650524
YEATS4,30.24,62.63,-1.026,3.394681702668269e-05,0.00033317441284650524
NDUFAF4,14.03,21.82,-0.602,3.394681702668269e-05,0.00033317441284650524
TMEM106A,9.23,6.25,0.498,3.394681702668269e-05,0.00033317441284650524
MDFIC,47.26,27.82,0.744,3.394681702668269e-05,0.00033317441284650524
DDIT4L,11.87,6.05,0.867,3.394681702668269e-05,0.00033317441284650524
GINS2,11.17,26.35,-1.168,3.394681702668269e-05,0.00033317441284650524
TLL2,0.34,1.66,-0.989,3.502985188079477e-05,0.0003433807013464394
FANK1,8.15,5.08,0.59,3.503192832797874e-05,0.0003433807013464394
LRP12,6.37,13.79,-1.004,3.614992655081711e-05,0.0003534271776618818
HPGDS,6.69,2.71,1.053,3.614992655081711e-05,0.0003534271776618818
SNX25,28.25,14.67,0.901,3.614992655081711e-05,0.0003534271776618818
GTPBP8,7.64,11.92,-0.581,3.614992655081711e-05,0.0003534271776618818
PLCXD2,0.82,1.44,-0.423,3.7301748445829355e-05,0.0003632855539342855
STARD7,136.85,214.67,-0.646,3.7301748445829355e-05,0.0003632855539342855
DUSP2,15.38,27.71,-0.81,3.7301748445829355e-05,0.0003632855539342855
FAM8A1,41.64,28.41,0.536,3.7301748445829355e-05,0.0003632855539342855
CNBP,311.08,430.56,-0.468,3.7301748445829355e-05,0.0003632855539342855
NUP93,13.87,22.23,-0.643,3.7301748445829355e-05,0.0003632855539342855
DMRT1,0.23,1.15,-0.808,3.802415738685471e-05,0.0003700839354122252
ACAA1,18.71,14.07,0.387,3.848835552889739e-05,0.0003729295826215166
CTSO,62.83,36.64,0.762,3.848835552889739e-05,0.0003729295826215166
MCM4,40.12,71.94,-0.827,3.848835552889739e-05,0.0003729295826215166
PARP3,32.74,21.97,0.555,3.848835552889739e-05,0.0003729295826215166
ARHGEF17,23.76,15.03,0.627,3.848835552889739e-05,0.0003729295826215166
MARVELD2,22.79,14.41,0.627,3.848835552889739e-05,0.0003729295826215166
DRAM1,113.88,53.76,1.069,3.848835552889739e-05,0.0003729295826215166
SOHLH1,0.13,6.2,-2.675,3.868879091301053e-05,0.00037463275993713765
PRRT4,0.35,1.16,-0.682,3.909043024702379e-05,0.0003782808323204029
ERICH2,21.21,8.62,1.207,3.971073467729356e-05,0.00038233535611668
TXNIP,821.75,444.78,0.884,3.971073467729356e-05,0.00038233535611668
SEMA6A,4.31,8.46,-0.833,3.971073467729356e-05,0.00038233535611668
EFCC1,8.38,5.34,0.565,3.971073467729356e-05,0.00038233535611668
DPH6,2.24,3.51,-0.477,3.971073467729356e-05,0.00038233535611668
UFM1,63.38,49.21,0.359,3.971073467729356e-05,0.00038233535611668
NDRG4,5.33,23.16,-1.933,3.9708412111552295e-05,0.00038233535611668
HCAR1,5.95,2.62,0.943,3.971073467729356e-05,0.00038233535611668
CCNA2,20.07,39.43,-0.941,4.096989873846537e-05,0.00039222159516918986
GRID2IP,2.12,0.97,0.663,4.096751054263326e-05,0.00039222159516918986
FOXA1,61.88,26.46,1.195,4.096989873846537e-05,0.00039222159516918986
PTTG1,36.64,69.72,-0.91,4.096989873846537e-05,0.00039222159516918986
TMEM201,8.64,14.86,-0.719,4.096989873846537e-05,0.00039222159516918986
TOM1,53.47,36.28,0.547,4.096989873846537e-05,0.00039222159516918986
SLC38A2,97.98,160.88,-0.71,4.096989873846537e-05,0.00039222159516918986
IL17RB,7.66,6.18,0.269,4.096989873846537e-05,0.00039222159516918986
MRGBP,26.96,43.51,-0.671,4.096989873846537e-05,0.00039222159516918986
TMEM132A,26.67,53.1,-0.967,4.2266887151681325e-05,0.00040286123995953224
RNF224,2.16,0.84,0.782,4.2266887151681325e-05,0.00040286123995953224
CD44,107.1,206.61,-0.942,4.2266887151681325e-05,0.00040286123995953224
PRSS16,14.27,8.77,0.644,4.2266887151681325e-05,0.00040286123995953224
MICAL2,21.76,12.2,0.786,4.2266887151681325e-05,0.00040286123995953224
ARHGAP44,8.68,4.35,0.856,4.2266887151681325e-05,0.00040286123995953224
TMBIM6,627.9,451.74,0.474,4.2266887151681325e-05,0.00040286123995953224
CEP97,4.95,7.7,-0.549,4.360276658276582e-05,0.0004091765489141205
SENP2,24.25,41.07,-0.736,4.360276658276582e-05,0.0004091765489141205
SRPK3,5.45,1.46,1.391,4.360276658276582e-05,0.0004091765489141205
DSP,136.33,298.97,-1.127,4.360276658276582e-05,0.0004091765489141205
DZIP1,3.72,7.5,-0.849,4.360276658276582e-05,0.0004091765489141205
CENPN,6.57,13.01,-0.888,4.360276658276582e-05,0.0004091765489141205
RHOB,526.89,302.49,0.799,4.360276658276582e-05,0.0004091765489141205
CYTH3,40.63,20.6,0.946,4.360276658276582e-05,0.0004091765489141205
PBLD,6.12,3.18,0.769,4.360276658276582e-05,0.0004091765489141205
DDX39A,52.79,85.32,-0.682,4.360276658276582e-05,0.0004091765489141205
IBTK,25.85,18.7,0.447,4.360276658276582e-05,0.0004091765489141205
ZNF418,2.86,1.54,0.604,4.360276658276582e-05,0.0004091765489141205
USP5,90.99,126.1,-0.466,4.360276658276582e-05,0.0004091765489141205
CDCA3,7.27,14.1,-0.868,4.360276658276582e-05,0.0004091765489141205
YIPF3,183.16,122.07,0.581,4.360276658276582e-05,0.0004091765489141205
CRLS1,1.69,0.84,0.545,4.360276658276582e-05,0.0004091765489141205
SH3GL3,1.67,2.26,-0.29,4.305007723054159e-05,0.0004091765489141205
WASL,69.92,49.97,0.477,4.360276658276582e-05,0.0004091765489141205
LRRC38,0.31,8.24,-2.819,4.31849333953338e-05,0.0004091765489141205
WFDC2,959.26,315.97,1.599,4.360276658276582e-05,0.0004091765489141205
PIGR,534.2,137.19,1.953,4.360276658276582e-05,0.0004091765489141205
CBWD5,0.82,1.44,-0.421,4.360276658276582e-05,0.0004091765489141205
PTPN18,46.67,33.7,0.458,4.360276658276582e-05,0.0004091765489141205
EIF4G1,190.19,321.89,-0.756,4.360276658276582e-05,0.0004091765489141205
XPOT,48.07,79.67,-0.717,4.360276658276582e-05,0.0004091765489141205
SLC43A1,12.84,8.69,0.514,4.497863157214362e-05,0.0004197545144198882
CENPA,11.2,20.65,-0.828,4.497863157214362e-05,0.0004197545144198882
TSPAN8,68.7,13.86,2.23,4.497863157214362e-05,0.0004197545144198882
VPS8,10.94,18.13,-0.681,4.497863157214362e-05,0.0004197545144198882
PCDHGA2,1.51,0.62,0.629,4.497863157214362e-05,0.0004197545144198882
PHLDB2,9.58,22.84,-1.172,4.497863157214362e-05,0.0004197545144198882
GOT2,74.45,116.74,-0.642,4.497863157214362e-05,0.0004197545144198882
FGFBP2,5.26,86.71,-3.808,4.4968250009803374e-05,0.0004197545144198882
IFNAR2,1.36,0.81,0.383,4.497863157214362e-05,0.0004197545144198882
FOXA3,12.71,2.74,1.874,4.639560519642707e-05,0.00043138826790043843
GDPD3,14.77,4.74,1.459,4.639560519642707e-05,0.00043138826790043843
DNAJC19,22.19,43.31,-0.934,4.639560519642707e-05,0.00043138826790043843
GPR160,28.52,16.26,0.775,4.639560519642707e-05,0.00043138826790043843
TENM4,3.06,7.05,-0.987,4.639560519642707e-05,0.00043138826790043843
PRIM2,7.79,13.16,-0.688,4.639560519642707e-05,0.00043138826790043843
SCTR,22.37,5.84,1.772,4.7117161273181295e-05,0.00043782937689507243
NEPRO,19.54,28.27,-0.511,4.7854839743773425e-05,0.00044144418957325416
NEO1,22.54,37.88,-0.724,4.7854839743773425e-05,0.00044144418957325416
DNAJB11,23.78,39.0,-0.691,4.7854839743773425e-05,0.00044144418957325416
DMGDH,1.96,0.77,0.742,4.7854839743773425e-05,0.00044144418957325416
KRTAP5-1,3.26,0.98,1.108,4.7852096779608824e-05,0.00044144418957325416
STXBP2,30.93,22.69,0.43,4.7854839743773425e-05,0.00044144418957325416
CST6,92.02,63.43,0.53,4.7854839743773425e-05,0.00044144418957325416
FFAR4,3.26,1.71,0.653,4.7854839743773425e-05,0.00044144418957325416
TRIM16L,11.32,42.54,-1.821,4.7854839743773425e-05,0.00044144418957325416
EYA2,11.98,31.24,-1.313,4.7854839743773425e-05,0.00044144418957325416
ARHGAP45,37.16,23.4,0.645,4.7854839743773425e-05,0.00044144418957325416
MCF2L2,0.24,1.83,-1.188,4.78493539374576e-05,0.00044144418957325416
ALPG,5.81,0.82,1.907,4.8205122760226616e-05,0.0004444056007864824
FDXR,18.05,28.53,-0.632,4.8597892102816385e-05,0.000447483499829145
PTPN14,7.74,12.91,-0.671,4.8597892102816385e-05,0.000447483499829145
LINC00672,2.23,1.0,0.692,4.935751740324813e-05,0.00045146824919178137
SAMM50,19.11,26.3,-0.441,4.935751740324813e-05,0.00045146824919178137
ARL4D,27.7,73.75,-1.381,4.935751740324813e-05,0.00045146824919178137
CAPN9,14.45,2.95,1.969,4.935751740324813e-05,0.00045146824919178137
SAR1B,20.55,15.04,0.427,4.935751740324813e-05,0.00045146824919178137
C21orf91,10.73,19.61,-0.814,4.935751740324813e-05,0.00045146824919178137
SORCS2,13.28,6.56,0.917,4.935751740324813e-05,0.00045146824919178137
ASPM,5.28,10.55,-0.879,4.935751740324813e-05,0.00045146824919178137
EFCAB14,36.62,25.23,0.52,4.935751740324813e-05,0.00045146824919178137
MST1R,29.24,17.91,0.677,4.935751740324813e-05,0.00045146824919178137
DLL1,7.63,17.27,-1.081,4.935751740324813e-05,0.00045146824919178137
KCMF1,27.07,37.87,-0.469,5.0904850968427864e-05,0.00046366750645283243
CPT2,4.16,3.08,0.338,5.0904850968427864e-05,0.00046366750645283243
TK2,8.91,5.77,0.55,5.0904850968427864e-05,0.00046366750645283243
PALM3,17.89,4.0,1.917,5.0904850968427864e-05,0.00046366750645283243
TMTC1,5.54,10.23,-0.78,5.0904850968427864e-05,0.00046366750645283243
ZNF835,1.57,0.8,0.519,5.0904850968427864e-05,0.00046366750645283243
ELF3,106.65,61.72,0.779,5.0904850968427864e-05,0.00046366750645283243
NOX1,2.96,1.35,0.755,5.249510588435271e-05,0.000475329796574174
TUBA1C,67.31,113.55,-0.746,5.249808455548371e-05,0.000475329796574174
CDC42SE2,48.91,34.58,0.488,5.249808455548371e-05,0.000475329796574174
DNAJC1,50.49,35.89,0.481,5.249808455548371e-05,0.000475329796574174
PRRC1,32.11,23.38,0.442,5.249808455548371e-05,0.000475329796574174
YIPF6,35.42,24.34,0.523,5.249808455548371e-05,0.000475329796574174
EIF3D,162.99,235.97,-0.531,5.249808455548371e-05,0.000475329796574174
TIPIN,6.88,10.84,-0.588,5.249808455548371e-05,0.000475329796574174
RNF165,0.75,2.76,-1.104,5.249808455548371e-05,0.000475329796574174
GNAQ,49.1,32.19,0.594,5.249808455548371e-05,0.000475329796574174
C1QL1,1.52,4.87,-1.22,5.413543301605617e-05,0.00048699002039467355
GOLIM4,52.01,99.2,-0.919,5.413849433598392e-05,0.00048699002039467355
CLCN2,2.47,5.52,-0.911,5.413849433598392e-05,0.00048699002039467355
EPGN,1.2,3.41,-1.003,5.410482717629134e-05,0.00048699002039467355
PPCS,68.86,48.19,0.506,5.413849433598392e-05,0.00048699002039467355
TMEM175,24.74,15.71,0.624,5.413849433598392e-05,0.00048699002039467355
MAGI1,9.12,5.38,0.666,5.413849433598392e-05,0.00048699002039467355
GCC2,12.9,8.63,0.53,5.413849433598392e-05,0.00048699002039467355
LEF1,5.7,14.69,-1.227,5.413849433598392e-05,0.00048699002039467355
NKX6-1,0.39,1.12,-0.61,5.3967266396466986e-05,0.00048699002039467355
FCGRT,170.42,104.67,0.698,5.413849433598392e-05,0.00048699002039467355
IQCJ-SCHIP1,1.28,2.25,-0.514,5.4973694615196556e-05,0.0004942102617092788
OSCP1,13.9,9.88,0.454,5.5827389284661234e-05,0.000498346372151503
RNF103,10.41,7.83,0.369,5.5827389284661234e-05,0.000498346372151503
PUS7,15.44,25.71,-0.7,5.582424319653761e-05,0.000498346372151503
ABHD14B,59.42,42.49,0.474,5.5827389284661234e-05,0.000498346372151503
GPR27,3.48,7.87,-0.985,5.5827389284661234e-05,0.000498346372151503
FAM214A,13.63,9.53,0.474,5.5827389284661234e-05,0.000498346372151503
RCC2,107.45,180.45,-0.743,5.5827389284661234e-05,0.000498346372151503
CA13,7.99,4.3,0.762,5.5827389284661234e-05,0.000498346372151503
PAPSS2,82.54,46.85,0.804,5.5827389284661234e-05,0.000498346372151503
RHOA,414.18,300.79,0.46,5.5827389284661234e-05,0.000498346372151503
LMAN2,314.35,228.77,0.457,5.5827389284661234e-05,0.000498346372151503
NRG4,0.79,1.7,-0.591,5.5827389284661234e-05,0.000498346372151503
HOXA11,0.52,2.68,-1.277,5.678644590051456e-05,0.000506609790115395
DGKD,20.5,12.4,0.682,5.756611194238991e-05,0.0005114631220706023
UNC13B,24.06,12.48,0.894,5.756611194238991e-05,0.0005114631220706023
DTX4,40.27,23.18,0.771,5.756611194238991e-05,0.0005114631220706023
CORO1C,77.91,120.9,-0.627,5.756611194238991e-05,0.0005114631220706023
SPATA32,1.1,0.49,0.497,5.756611194238991e-05,0.0005114631220706023
CPAMD8,12.79,5.1,1.178,5.756287891751894e-05,0.0005114631220706023
IRX5,24.65,9.0,1.359,5.756611194238991e-05,0.0005114631220706023
GUCA2A,1.93,0.34,1.124,5.840247684572103e-05,0.0005185907835868144
B3GAT1,2.68,0.56,1.241,5.844803307319369e-05,0.0005186921533183597
GMPPB,13.02,10.19,0.326,5.935603919462021e-05,0.0005233872916331195
CPEB3,3.08,2.07,0.412,5.935603919462021e-05,0.0005233872916331195
ZNF493,3.34,1.6,0.737,5.935271701430669e-05,0.0005233872916331195
B3GNT3,61.25,26.44,1.182,5.935603919462021e-05,0.0005233872916331195
TWF2,24.33,18.34,0.389,5.935603919462021e-05,0.0005233872916331195
IVL,14.16,83.9,-2.486,5.9342751333273065e-05,0.0005233872916331195
IDNK,11.16,6.88,0.626,5.935603919462021e-05,0.0005233872916331195
ZNF837,4.6,2.87,0.534,5.935603919462021e-05,0.0005233872916331195
SLCO3A1,12.4,25.27,-0.971,5.935603919462021e-05,0.0005233872916331195
IGIP,11.53,7.16,0.619,5.935603919462021e-05,0.0005233872916331195
ARHGAP29,14.35,7.07,0.928,5.935603919462021e-05,0.0005233872916331195
CACNA2D2,35.05,15.48,1.129,6.119858306552221e-05,0.0005365205265519208
PSMA7,291.93,428.64,-0.553,6.119858306552221e-05,0.0005365205265519208
ARMC8,12.31,17.63,-0.485,6.119858306552221e-05,0.0005365205265519208
ANXA5,481.04,312.2,0.622,6.119858306552221e-05,0.0005365205265519208
LMNB2,48.88,95.8,-0.957,6.119858306552221e-05,0.0005365205265519208
SNCAIP,2.04,4.09,-0.745,6.119858306552221e-05,0.0005365205265519208
ROS1,33.04,12.21,1.365,6.119858306552221e-05,0.0005365205265519208
EFNA5,18.31,8.49,1.025,6.119858306552221e-05,0.0005365205265519208
DUSP14,32.0,56.05,-0.79,6.119858306552221e-05,0.0005365205265519208
ADCY6,16.34,9.92,0.667,6.119858306552221e-05,0.0005365205265519208
LRP2BP,2.37,1.4,0.489,6.309519152809267e-05,0.0005490293498776127
ERVMER34-1,3.44,8.2,-1.05,6.309519152809267e-05,0.0005490293498776127
TMLHE,3.33,5.9,-0.672,6.309168417517772e-05,0.0005490293498776127
SH3YL1,18.9,13.43,0.464,6.309519152809267e-05,0.0005490293498776127
H2BC9,2.67,7.96,-1.288,6.309168417517772e-05,0.0005490293498776127
HROB,6.89,14.71,-0.995,6.309519152809267e-05,0.0005490293498776127
FICD,8.95,6.05,0.496,6.309519152809267e-05,0.0005490293498776127
CDT1,19.62,37.39,-0.897,6.309519152809267e-05,0.0005490293498776127
MTERF4,8.07,6.35,0.303,6.309519152809267e-05,0.0005490293498776127
ZNF19,1.27,0.86,0.285,6.309519152809267e-05,0.0005490293498776127
WDCP,8.3,13.03,-0.593,6.309519152809267e-05,0.0005490293498776127
H2AZ1,162.25,255.84,-0.654,6.309519152809267e-05,0.0005490293498776127
CCL26,2.43,12.51,-1.98,6.308116301626725e-05,0.0005490293498776127
BIRC5,36.42,78.45,-1.086,6.504734933047874e-05,0.0005643999876516068
ZSWIM5,5.83,3.2,0.702,6.504734933047874e-05,0.0005643999876516068
BUB1B,9.05,17.89,-0.91,6.504734933047874e-05,0.0005643999876516068
DUSP11,24.72,35.88,-0.52,6.504734933047874e-05,0.0005643999876516068
DNAJC28,2.13,1.3,0.444,6.504734933047874e-05,0.0005643999876516068
DSCC1,9.05,17.18,-0.855,6.705657883877947e-05,0.0005798466717686833
FAM149A,5.44,2.9,0.726,6.705657883877947e-05,0.0005798466717686833
ATP1B1,579.62,293.69,0.978,6.705657883877947e-05,0.0005798466717686833
EHBP1,12.38,19.61,-0.623,6.705657883877947e-05,0.0005798466717686833
IKZF4,7.89,5.01,0.565,6.705657883877947e-05,0.0005798466717686833
SHOX2,1.38,3.97,-1.065,6.705657883877947e-05,0.0005798466717686833
MKRN3,0.7,3.14,-1.285,6.746610704391957e-05,0.0005830560661651137
PSG4,4.76,0.75,1.719,6.80183576630036e-05,0.0005874945468868753
HAVCR1,2.25,0.13,1.522,6.88055424269914e-05,0.0005939560261893638
PRIM1,4.76,7.94,-0.634,6.912444089658133e-05,0.0005963700343791936
SLC19A2,24.55,15.44,0.636,7.125253570149623e-05,0.0006136846796558006
FGF12,1.74,5.09,-1.149,7.125253570149623e-05,0.0006136846796558006
ZBTB42,21.45,14.15,0.567,7.125253570149623e-05,0.0006136846796558006
SLC7A1,22.45,39.14,-0.775,7.233572202364312e-05,0.0006226609771700905
VASN,53.15,29.15,0.845,7.344250369896017e-05,0.0006265086797856832
GDF15,169.57,44.25,1.914,7.344250369896017e-05,0.0006265086797856832
TNS2,37.42,22.1,0.734,7.344250369896017e-05,0.0006265086797856832
CENPO,5.07,8.84,-0.697,7.343849087924056e-05,0.0006265086797856832
VKORC1L1,61.89,41.18,0.576,7.344250369896017e-05,0.0006265086797856832
CEACAM1,22.95,12.91,0.784,7.344250369896017e-05,0.0006265086797856832
SELENOW,181.88,110.5,0.714,7.344250369896017e-05,0.0006265086797856832
SLC1A5,137.84,222.38,-0.686,7.344250369896017e-05,0.0006265086797856832
CCDC85C,2.95,4.88,-0.576,7.344250369896017e-05,0.0006265086797856832
TMEM243,33.18,17.0,0.925,7.344250369896017e-05,0.0006265086797856832
FRMD5,4.39,1.38,1.178,7.344250369896017e-05,0.0006265086797856832
GCSAM,2.33,5.31,-0.922,7.344250369896017e-05,0.0006265086797856832
POMC,2.33,8.45,-1.506,7.343849087924056e-05,0.0006265086797856832
LPL,65.02,24.61,1.366,7.344250369896017e-05,0.0006265086797856832
GREM2,7.73,1.02,2.109,7.344250369896017e-05,0.0006265086797856832
SRPRB,54.88,83.52,-0.597,7.344250369896017e-05,0.0006265086797856832
SPATA7,4.03,3.01,0.329,7.455714711217078e-05,0.0006356603457212181
RBM3,156.75,116.55,0.424,7.569602649356742e-05,0.0006410533614920679
PTPRM,19.43,12.0,0.652,7.569602649356742e-05,0.0006410533614920679
HEATR5A,10.12,7.02,0.471,7.569602649356742e-05,0.0006410533614920679
PWP1,52.9,72.45,-0.446,7.569602649356742e-05,0.0006410533614920679
ECSIT,40.08,54.49,-0.434,7.569602649356742e-05,0.0006410533614920679
UTP4,23.76,36.3,-0.591,7.569602649356742e-05,0.0006410533614920679
FAM53B,17.44,29.19,-0.711,7.569602649356742e-05,0.0006410533614920679
RFK,34.53,19.94,0.763,7.569602649356742e-05,0.0006410533614920679
DAGLB,21.96,15.35,0.49,7.569602649356742e-05,0.0006410533614920679
COX16,6.59,4.24,0.534,7.569602649356742e-05,0.0006410533614920679
RAB27B,23.07,11.03,1.001,7.569602649356742e-05,0.0006410533614920679
UBA2,75.01,121.17,-0.685,7.569602649356742e-05,0.0006410533614920679
LAMB2,102.49,67.53,0.595,7.801482777820213e-05,0.0006563008186236019
SMARCB1,15.07,21.66,-0.496,7.801482777820213e-05,0.0006563008186236019
SLC13A5,0.67,1.4,-0.521,7.786676990953305e-05,0.0006563008186236019
ABCA3,135.98,75.12,0.848,7.801482777820213e-05,0.0006563008186236019
CACNB3,18.28,10.73,0.717,7.801482777820213e-05,0.0006563008186236019
ZNF770,11.67,19.85,-0.718,7.801482777820213e-05,0.0006563008186236019
EXPH5,9.6,5.92,0.615,7.801482777820213e-05,0.0006563008186236019
SULF2,29.18,59.03,-0.992,7.801482777820213e-05,0.0006563008186236019
DNAJB13,2.2,0.82,0.813,7.801482777820213e-05,0.0006563008186236019
TMEM50B,50.98,31.94,0.658,7.801482777820213e-05,0.0006563008186236019
KCNJ2,4.35,11.19,-1.189,7.801482777820213e-05,0.0006563008186236019
ANKRD13B,6.16,15.18,-1.176,7.801482777820213e-05,0.0006563008186236019
ALKAL1,4.51,1.26,1.283,7.848954055432251e-05,0.0006599289372671952
MPPED2,0.34,1.67,-0.991,8.040067428124526e-05,0.000671537902339175
FAM221A,3.72,2.61,0.385,8.040067428124526e-05,0.000671537902339175
POGLUT1,9.01,14.28,-0.611,8.040067428124526e-05,0.000671537902339175
PINK1,11.52,7.74,0.518,8.040067428124526e-05,0.000671537902339175
OVOL3,0.79,1.77,-0.634,8.035720698823812e-05,0.000671537902339175
C1GALT1,25.21,15.02,0.71,8.040067428124526e-05,0.000671537902339175
LIF,42.75,13.53,1.59,8.040067428124526e-05,0.000671537902339175
RTCB,95.45,140.67,-0.555,8.040067428124526e-05,0.000671537902339175
TNNC1,71.49,28.81,1.282,8.040067428124526e-05,0.000671537902339175
DRG1,75.09,117.29,-0.637,8.040067428124526e-05,0.000671537902339175
CYB5A,70.64,31.34,1.148,8.040067428124526e-05,0.000671537902339175
DNAJC12,29.42,3.45,2.772,8.040067428124526e-05,0.000671537902339175
GDNF,0.27,1.22,-0.804,8.260563536720634e-05,0.0006878807315252593
DDTL,2.37,3.55,-0.435,8.285537673212826e-05,0.0006878807315252593
ERP27,30.9,15.94,0.913,8.285537673212826e-05,0.0006878807315252593
KIT,36.02,15.13,1.199,8.285537673212826e-05,0.0006878807315252593
EXOSC2,16.87,26.6,-0.627,8.285537673212826e-05,0.0006878807315252593
SEZ6L2,86.55,40.13,1.09,8.285537673212826e-05,0.0006878807315252593
NT5C2,14.48,9.69,0.535,8.285537673212826e-05,0.0006878807315252593
GINS1,10.81,21.41,-0.925,8.285537673212826e-05,0.0006878807315252593
SPNS2,27.17,11.83,1.134,8.285537673212826e-05,0.0006878807315252593
HOXA10,1.76,4.75,-1.058,8.283751900462964e-05,0.0006878807315252593
PPM1K,8.37,5.55,0.516,8.285537673212826e-05,0.0006878807315252593
SLC9A4,0.9,4.78,-1.604,8.343164423421926e-05,0.0006922867126436336
HDDC2,20.23,31.3,-0.606,8.538079084550684e-05,0.0007034654855291678
SLC46A3,20.53,11.54,0.779,8.538079084550684e-05,0.0007034654855291678
RFC5,15.55,27.94,-0.806,8.538079084550684e-05,0.0007034654855291678
BAIAP3,11.91,6.66,0.753,8.538079084550684e-05,0.0007034654855291678
SEMA3B,26.54,13.29,0.947,8.538079084550684e-05,0.0007034654855291678
IL20RB,11.52,41.88,-1.776,8.538079084550684e-05,0.0007034654855291678
ADPRHL1,2.74,1.3,0.703,8.538079084550684e-05,0.0007034654855291678
DPYSL4,2.59,7.95,-1.316,8.538079084550684e-05,0.0007034654855291678
TMCO3,25.73,16.57,0.605,8.538079084550684e-05,0.0007034654855291678
CRYBG2,5.25,7.96,-0.519,8.537620606427405e-05,0.0007034654855291678
B4GALT4,15.48,33.87,-1.082,8.538079084550684e-05,0.0007034654855291678
CRYAB,13.16,39.0,-1.498,8.538079084550684e-05,0.0007034654855291678
SDR42E1,3.01,5.67,-0.736,8.538079084550684e-05,0.0007034654855291678
PDXDC1,56.63,40.17,0.485,8.797881832433984e-05,0.0007221297605627743
NUDT1,25.01,42.68,-0.748,8.797881832433984e-05,0.0007221297605627743
PHC2,104.78,70.56,0.564,8.797881832433984e-05,0.0007221297605627743
TOMM40,60.42,90.86,-0.581,8.797881832433984e-05,0.0007221297605627743
TRIM16,12.63,29.51,-1.162,8.797881832433984e-05,0.0007221297605627743
FBXO43,0.53,1.28,-0.57,8.797881832433984e-05,0.0007221297605627743
GAPDH,1735.13,3133.14,-0.852,8.797881832433984e-05,0.0007221297605627743
SNAP91,0.14,1.59,-1.176,9.006792602301682e-05,0.000738877969798971
ACOT4,9.83,5.31,0.779,9.065140788214464e-05,0.0007396706981489923
TESK2,4.82,7.76,-0.589,9.065140788214464e-05,0.0007396706981489923
PXYLP1,3.52,7.2,-0.858,9.065140788214464e-05,0.0007396706981489923
CCDC159,12.6,8.0,0.595,9.065140788214464e-05,0.0007396706981489923
FAM169A,0.85,2.02,-0.712,9.065140788214464e-05,0.0007396706981489923
MTERF3,31.93,47.66,-0.563,9.065140788214464e-05,0.0007396706981489923
FZD8,12.08,7.56,0.613,9.065140788214464e-05,0.0007396706981489923
DBR1,18.17,26.72,-0.532,9.065140788214464e-05,0.0007396706981489923
ZNF280A,0.45,1.56,-0.825,9.05086741928131e-05,0.0007396706981489923
PLA2G12A,14.62,10.43,0.45,9.065140788214464e-05,0.0007396706981489923
CLTCL1,2.06,4.04,-0.72,9.201138742637535e-05,0.0007503644708367797
MAGEA1,8.42,27.4,-1.592,9.24773016335232e-05,0.0007537594655140118
FEN1,46.83,78.48,-0.733,9.340055628471876e-05,0.0007552073718114594
RNF130,18.52,14.31,0.351,9.340055628471876e-05,0.0007552073718114594
RPA1,49.5,77.94,-0.644,9.340055628471876e-05,0.0007552073718114594
TRNP1,44.33,16.38,1.383,9.340055628471876e-05,0.0007552073718114594
PRDM16,6.49,2.32,1.174,9.340055628471876e-05,0.0007552073718114594
KIFC3,22.06,12.59,0.763,9.340055628471876e-05,0.0007552073718114594
MAP2K5,9.68,13.47,-0.438,9.340055628471876e-05,0.0007552073718114594
MTA2,77.89,112.27,-0.522,9.340055628471876e-05,0.0007552073718114594
FAM131A,8.25,14.65,-0.76,9.340055628471876e-05,0.0007552073718114594
CPLX1,9.67,3.9,1.122,9.340055628471876e-05,0.0007552073718114594
NSMAF,16.33,23.09,-0.475,9.340055628471876e-05,0.0007552073718114594
CTNNA1,183.02,135.3,0.433,9.340055628471876e-05,0.0007552073718114594
PLK1,14.4,25.44,-0.78,9.340055628471876e-05,0.0007552073718114594
LRRC75A,3.83,2.13,0.623,9.340055628471876e-05,0.0007552073718114594
SMARCA1,61.72,37.47,0.705,9.340055628471876e-05,0.0007552073718114594
HS3ST4,0.03,4.9,-2.517,9.403233804045345e-05,0.0007599113360896859
SPINK4,16.89,0.18,3.923,9.469554129805613e-05,0.0007648640930044481
RAB5A,49.79,37.02,0.418,9.622830941160795e-05,0.0007731341644053725
OCIAD2,163.66,79.49,1.033,9.622830941160795e-05,0.0007731341644053725
TEX10,10.44,16.02,-0.573,9.622830941160795e-05,0.0007731341644053725
RCCD1,8.09,13.47,-0.67,9.622830941160795e-05,0.0007731341644053725
DAAM2,8.18,3.03,1.187,9.622830941160795e-05,0.0007731341644053725
COLGALT1,90.56,147.24,-0.695,9.622830941160795e-05,0.0007731341644053725
CDCA2,5.0,10.1,-0.886,9.622830941160795e-05,0.0007731341644053725
NDFIP1,80.69,58.44,0.459,9.622830941160795e-05,0.0007731341644053725
ADAP1,6.4,3.2,0.816,9.622830941160795e-05,0.0007731341644053725
PCDHGB5,3.57,2.08,0.57,9.622830941160795e-05,0.0007731341644053725
EMILIN3,0.68,3.33,-1.366,9.766715296975577e-05,0.0007842796274151688
POP1,5.6,10.53,-0.805,9.913676333760589e-05,0.0007923118597518391
IFI27L2,37.61,57.27,-0.594,9.913676333760589e-05,0.0007923118597518391
PRKCZ,12.86,8.94,0.48,9.913676333760589e-05,0.0007923118597518391
UFD1,14.87,21.31,-0.491,9.913676333760589e-05,0.0007923118597518391
MYDGF,255.9,177.31,0.527,9.913676333760589e-05,0.0007923118597518391
GSE1,26.82,16.97,0.631,9.913676333760589e-05,0.0007923118597518391
SIRT4,3.99,2.57,0.483,9.913676333760589e-05,0.0007923118597518391
FAM234B,7.04,9.34,-0.364,9.913676333760589e-05,0.0007923118597518391
DBF4,8.74,15.54,-0.764,9.913676333760589e-05,0.0007923118597518391
OTULINL,19.88,9.84,0.946,0.00010212806543457618,0.0008110986399098358
ARPC1B,1.6,0.99,0.383,0.00010212806543457618,0.0008110986399098358
RHOBTB3,37.22,17.45,1.051,0.00010212806543457618,0.0008110986399098358
SMC6,10.87,18.08,-0.685,0.00010212269552659454,0.0008110986399098358
RAD23A,108.43,145.97,-0.425,0.00010212806543457618,0.0008110986399098358
ECT2,30.55,65.29,-1.071,0.00010212806543457618,0.0008110986399098358
EPC1,7.23,5.41,0.361,0.00010212269552659454,0.0008110986399098358
MTFMT,8.99,13.44,-0.532,0.00010212806543457618,0.0008110986399098358
CDK5R1,5.6,12.11,-0.991,0.00010212806543457618,0.0008110986399098358
ZFAND2B,27.04,20.32,0.395,0.00010212806543457618,0.0008110986399098358
TLR3,8.5,4.4,0.814,0.00010212806543457618,0.0008110986399098358
ARX,4.89,1.67,1.139,0.00010212269552659454,0.0008110986399098358
TC2N,50.62,26.63,0.901,0.00010520441549388577,0.0008316184623301803
RBKS,7.29,4.66,0.552,0.00010520441549388577,0.0008316184623301803
ACOT7,35.47,53.14,-0.57,0.00010520441549388577,0.0008316184623301803
GCA,22.6,16.33,0.446,0.00010520441549388577,0.0008316184623301803
MRPS36,42.81,29.89,0.504,0.00010520441549388577,0.0008316184623301803
CTPS1,13.86,16.61,-0.245,0.00010520441549388577,0.0008316184623301803
MSRB2,40.19,29.9,0.414,0.00010520441549388577,0.0008316184623301803
WTAP,35.36,48.95,-0.458,0.00010520441549388577,0.0008316184623301803
CCNA1,2.48,17.53,-2.412,0.00010518236805870677,0.0008316184623301803
HEMK1,4.5,3.11,0.421,0.0001067696009423021,0.0008431135899773367
AQP5,131.71,18.05,2.801,0.0001067696009423021,0.0008431135899773367
NUP37,14.81,22.47,-0.57,0.00010836806686973644,0.0008513112926328364
SLCO1A2,1.43,1.89,-0.254,0.00010832280975327897,0.0008513112926328364
GMPR,16.3,10.01,0.651,0.00010836806686973644,0.0008513112926328364
XBP1,505.1,306.5,0.719,0.00010836806686973644,0.0008513112926328364
USP10,40.98,58.95,-0.514,0.00010836806686973644,0.0008513112926328364
ASAH2B,2.47,1.87,0.274,0.00010836240895000364,0.0008513112926328364
CCT2,103.89,201.99,-0.953,0.00010836806686973644,0.0008513112926328364
ATP13A4,25.13,9.91,1.26,0.00010836806686973644,0.0008513112926328364
SLC35C1,45.13,30.61,0.545,0.00010836806686973644,0.0008513112926328364
TTC6,1.16,0.58,0.453,0.00010836806686973644,0.0008513112926328364
COLGALT2,1.61,6.76,-1.57,0.00010997188567060265,0.0008634640098157448
GLRX,25.35,13.88,0.824,0.00011162132764369627,0.0008696732466106037
LY6D,32.26,103.22,-1.648,0.00011141821167424505,0.0008696732466106037
CMTM3,70.57,42.47,0.719,0.00011162132764369627,0.0008696732466106037
GJB7,1.9,3.83,-0.734,0.00011159810027468981,0.0008696732466106037
TMEM30B,62.04,42.76,0.527,0.00011162132764369627,0.0008696732466106037
CELF2,22.54,13.47,0.702,0.00011162132764369627,0.0008696732466106037
CXCL17,618.45,280.58,1.137,0.00011162132764369627,0.0008696732466106037
SLC7A5,75.21,215.51,-1.506,0.00011162132764369627,0.0008696732466106037
STRADB,16.05,11.4,0.459,0.00011162132764369627,0.0008696732466106037
VEGFA,73.83,42.82,0.772,0.00011162132764369627,0.0008696732466106037
POLR3G,2.67,4.89,-0.68,0.00011162132764369627,0.0008696732466106037
SPIRE2,9.13,4.64,0.845,0.00011162132764369627,0.0008696732466106037
SLC9A2,1.17,8.83,-2.18,0.00011156326605258077,0.0008696732466106037
CASP6,44.8,29.71,0.577,0.00011162132764369627,0.0008696732466106037
ERLEC1,166.81,118.68,0.488,0.00011162132764369627,0.0008696732466106037
TANC2,15.18,8.39,0.784,0.00011496656181071554,0.000890712378169404
FABP3,36.82,23.5,0.626,0.00011496656181071554,0.000890712378169404
STMN1,71.47,127.34,-0.825,0.00011496656181071554,0.000890712378169404
RGS20,1.91,4.35,-0.877,0.00011496656181071554,0.000890712378169404
DIO1,3.31,1.72,0.667,0.00011496656181071554,0.000890712378169404
TOMM22,108.45,176.16,-0.695,0.00011496656181071554,0.000890712378169404
NHSL1,10.6,16.85,-0.622,0.00011496656181071554,0.000890712378169404
FAAH2,21.63,12.97,0.696,0.00011496656181071554,0.000890712378169404
AP2A2,35.47,24.83,0.498,0.00011496656181071554,0.000890712378169404
ZNF880,9.82,6.16,0.596,0.00011496656181071554,0.000890712378169404
DBNDD1,22.58,12.22,0.835,0.00011496656181071554,0.000890712378169404
TOB1,109.7,69.0,0.661,0.00011840619048693164,0.0009145629141169051
MDGA1,2.03,8.08,-1.584,0.00011840619048693164,0.0009145629141169051
GORASP1,24.07,19.42,0.296,0.00011840619048693164,0.0009145629141169051
FRAT1,8.79,5.65,0.558,0.00011840619048693164,0.0009145629141169051
RCN2,24.97,41.86,-0.723,0.00011840619048693164,0.0009145629141169051
SNRPA1,27.56,40.68,-0.545,0.00011840619048693164,0.0009145629141169051
PSG5,10.82,0.18,3.329,0.00012025203626988461,0.0009283481641505879
VCX,0.21,1.72,-1.163,0.00012091614364036346,0.0009330010006744753
DPYSL5,0.47,1.23,-0.6,0.00012132180767451662,0.0009356559512684929
BDH2,10.85,6.8,0.604,0.00012194269313955663,0.000936640716314097
TMEM185A,6.24,8.58,-0.404,0.00012194269313955663,0.000936640716314097
LRRFIP1,39.34,28.41,0.456,0.00012194269313955663,0.000936640716314097
PBK,12.89,27.47,-1.035,0.00012194269313955663,0.000936640716314097
CHST14,40.95,61.01,-0.564,0.00012194269313955663,0.000936640716314097
BTBD10,29.03,42.08,-0.521,0.00012194269313955663,0.000936640716314097
YBX1,357.78,509.82,-0.51,0.00012194269313955663,0.000936640716314097
GOLGA7B,13.31,4.52,1.373,0.00012194269313955663,0.000936640716314097
C17orf50,1.02,0.33,0.612,0.00012267342408075053,0.0009417773279731394
ZNF524,34.73,25.48,0.432,0.00012557860883914533,0.0009606826808122533
FKBP4,72.42,103.81,-0.513,0.00012557860883914533,0.0009606826808122533
LGALS4,41.08,1.22,4.248,0.00012557860883914533,0.0009606826808122533
WDR77,22.96,33.54,-0.528,0.00012557860883914533,0.0009606826808122533
ARMH1,3.48,2.58,0.322,0.00012557860883914533,0.0009606826808122533
RAPGEF3,4.46,2.45,0.661,0.00012557860883914533,0.0009606826808122533
SLC36A1,7.08,13.02,-0.795,0.00012557860883914533,0.0009606826808122533
ZSCAN5A,1.55,2.6,-0.499,0.00012931653753454783,0.0009823530773811926
RBM38,39.91,59.04,-0.554,0.00012931653753454783,0.0009823530773811926
NUP50,23.14,32.99,-0.494,0.00012931653753454783,0.0009823530773811926
PTPRJ,19.34,14.2,0.421,0.00012931653753454783,0.0009823530773811926
TGIF2,25.0,39.98,-0.656,0.00012931653753454783,0.0009823530773811926
MTMR14,26.28,20.35,0.354,0.00012931653753454783,0.0009823530773811926
KIF15,4.56,8.54,-0.779,0.00012931653753454783,0.0009823530773811926
DYNC2I1,12.96,8.75,0.518,0.00012931653753454783,0.0009823530773811926
CENPF,13.11,24.42,-0.849,0.00012931653753454783,0.0009823530773811926
RASSF1,26.04,18.67,0.459,0.00012931653753454783,0.0009823530773811926
ALAD,37.82,27.63,0.439,0.00012931653753454783,0.0009823530773811926
OTULIN,11.47,17.56,-0.574,0.00012931653753454783,0.0009823530773811926
GDF5,1.5,0.54,0.7,0.00012931653753454783,0.0009823530773811926
ATP2C1,49.58,72.94,-0.548,0.00012931653753454783,0.0009823530773811926
ACTL8,3.45,1.26,0.977,0.0001315821648528712,0.0009990643831132794
BTBD8,3.21,2.25,0.374,0.00013315914135084722,0.0010065108629569261
ADAM15,132.0,81.49,0.689,0.00013315914135084722,0.0010065108629569261
SLC39A13,46.32,32.7,0.49,0.00013315914135084722,0.0010065108629569261
MTHFD2,16.48,29.79,-0.817,0.00013315914135084722,0.0010065108629569261
AMER1,3.37,6.35,-0.751,0.00013315914135084722,0.0010065108629569261
TRIM5,17.0,12.09,0.46,0.00013315914135084722,0.0010065108629569261
C2CD2L,8.66,6.05,0.454,0.00013315914135084722,0.0010065108629569261
SF3B3,40.64,58.1,-0.505,0.00013315914135084722,0.0010065108629569261
CORO6,1.6,5.26,-1.265,0.00013315914135084722,0.0010065108629569261
C11orf53,2.27,7.0,-1.293,0.00013543392930537,0.0010231962645134195
AZGP1,94.64,93.65,0.015,0.000137109145910582,0.0010302172372994424
FXYD5,131.41,105.5,0.314,0.000137109145910582,0.0010302172372994424
SLCO2A1,77.73,33.92,1.173,0.000137109145910582,0.0010302172372994424
FOXP4,65.68,38.56,0.753,0.000137109145910582,0.0010302172372994424
MEF2D,49.4,35.31,0.473,0.000137109145910582,0.0010302172372994424
CERT1,11.97,8.52,0.446,0.000137109145910582,0.0010302172372994424
EFR3B,3.73,1.98,0.668,0.000137109145910582,0.0010302172372994424
WDR12,8.84,14.78,-0.681,0.000137109145910582,0.0010302172372994424
WWC2,16.27,8.09,0.926,0.000137109145910582,0.0010302172372994424
CLN6,8.52,12.13,-0.464,0.000137109145910582,0.0010302172372994424
TRPC6,13.06,6.25,0.956,0.000137109145910582,0.0010302172372994424
KIF18A,5.27,9.3,-0.717,0.00014116934167856293,0.001056024523940131
VAPA,58.91,42.68,0.456,0.00014116934167856293,0.001056024523940131
RNF19A,59.22,39.34,0.578,0.00014116934167856293,0.001056024523940131
MRPS11,8.0,10.61,-0.367,0.00014116934167856293,0.001056024523940131
HMGCS1,31.34,51.38,-0.695,0.00014116934167856293,0.001056024523940131
ZBTB18,39.43,23.34,0.732,0.00014116934167856293,0.001056024523940131
CRYZ,44.45,25.61,0.773,0.00014116934167856293,0.001056024523940131
PAPOLG,8.22,12.8,-0.581,0.00014116934167856293,0.001056024523940131
MN1,3.91,9.63,-1.115,0.00014116934167856293,0.001056024523940131
RPL39L,54.58,119.68,-1.118,0.00014534258533058372,0.001081915678063478
HSF2,16.82,25.21,-0.557,0.00014534258533058372,0.001081915678063478
ACADS,38.48,25.2,0.592,0.00014534258533058372,0.001081915678063478
PDZD7,1.32,0.89,0.296,0.00014534258533058372,0.001081915678063478
GPX1,827.02,623.13,0.408,0.00014534258533058372,0.001081915678063478
FOSL1,32.19,51.74,-0.668,0.00014534258533058372,0.001081915678063478
FGG,305.72,27.39,3.433,0.00014531329704643963,0.001081915678063478
C1orf131,7.71,11.82,-0.559,0.00014534258533058372,0.001081915678063478
YIPF1,72.8,53.65,0.433,0.00014534258533058372,0.001081915678063478
CDKN2D,18.66,28.18,-0.57,0.00014534258533058372,0.001081915678063478
TMEM130,13.35,3.52,1.666,0.00014963180114633615,0.0011105793623919322
RYBP,22.51,16.53,0.423,0.00014963180114633615,0.0011105793623919322
KNSTRN,15.59,26.55,-0.731,0.00014963180114633615,0.0011105793623919322
KDELR3,107.1,63.67,0.741,0.00014963180114633615,0.0011105793623919322
IL22RA1,4.77,6.72,-0.421,0.00014963180114633615,0.0011105793623919322
SORBS1,9.91,5.59,0.728,0.00014963180114633615,0.0011105793623919322
TADA2B,20.59,15.5,0.388,0.00015403998242683473,0.0011382925355111382
CRYBB3,1.31,2.87,-0.744,0.00015403227749479802,0.0011382925355111382
MAPKAPK3,57.92,42.52,0.437,0.00015403998242683473,0.0011382925355111382
AQP1,586.3,379.44,0.626,0.00015403998242683473,0.0011382925355111382
FDCSP,22.04,305.43,-3.733,0.00015360894769672568,0.0011382925355111382
CCDC34,14.66,19.38,-0.38,0.00015403998242683473,0.0011382925355111382
ULBP2,9.24,24.26,-1.303,0.00015403998242683473,0.0011382925355111382
CXorf38,18.15,13.34,0.417,0.00015403998242683473,0.0011382925355111382
OSBPL9,34.03,26.27,0.361,0.00015403998242683473,0.0011382925355111382
RAB41,1.5,0.94,0.369,0.00015857019293665623,0.0011649695073919818
DAPK1,35.65,19.91,0.809,0.00015857019293665623,0.0011649695073919818
ZNF396,2.4,1.63,0.374,0.00015857019293665623,0.0011649695073919818
SKA3,7.62,13.44,-0.744,0.00015857019293665623,0.0011649695073919818
EIF5,71.18,99.62,-0.479,0.00015857019293665623,0.0011649695073919818
ALDH4A1,16.27,30.8,-0.881,0.00015857019293665623,0.0011649695073919818
CCDC92,20.93,14.44,0.507,0.00015857019293665623,0.0011649695073919818
MTCL1,3.23,6.99,-0.917,0.00015857019293665623,0.0011649695073919818
LMBRD1,20.9,14.38,0.509,0.00015857019293665623,0.0011649695073919818
ACAT2,23.56,42.09,-0.811,0.00015857019293665623,0.0011649695073919818
ZRANB3,1.37,2.25,-0.459,0.00015857019293665623,0.0011649695073919818
SNRPB,274.68,445.02,-0.694,0.00015857019293665623,0.0011649695073919818
C11orf87,0.05,1.27,-1.108,0.0001609233329841497,0.0011816859342813856
ZFP2,1.62,0.96,0.415,0.00016322556837130656,0.0011916799905167038
KIFC1,29.2,47.42,-0.681,0.00016322556837130656,0.0011916799905167038
STK32C,14.09,9.27,0.555,0.00016322556837130656,0.0011916799905167038
ARMC6,22.67,31.44,-0.455,0.00016322556837130656,0.0011916799905167038
IL1A,3.33,35.32,-3.067,0.00016322556837130656,0.0011916799905167038
ALG1,13.09,10.72,0.266,0.00016322556837130656,0.0011916799905167038
PPT2,5.68,9.07,-0.591,0.00016322556837130656,0.0011916799905167038
RTN4IP1,5.97,8.06,-0.378,0.00016322556837130656,0.0011916799905167038
RMDN2,5.72,3.21,0.674,0.00016322556837130656,0.0011916799905167038
HAGH,24.85,18.76,0.387,0.00016322556837130656,0.0011916799905167038
CDC6,14.32,25.68,-0.801,0.00016322556837130656,0.0011916799905167038
TP53I3,51.98,32.97,0.641,0.00016322556837130656,0.0011916799905167038
RRM1,44.18,73.47,-0.721,0.00016800931785002315,0.0012195726546084097
NMNAT2,5.67,2.0,1.151,0.00016800931785002315,0.0012195726546084097
ORC1,8.1,15.05,-0.819,0.00016800931785002315,0.0012195726546084097
HAPLN3,16.16,29.83,-0.845,0.00016800931785002315,0.0012195726546084097
RBL1,7.13,10.85,-0.544,0.00016800931785002315,0.0012195726546084097
KATNA1,19.07,25.85,-0.42,0.00016800931785002315,0.0012195726546084097
RTN3,112.03,84.0,0.411,0.00016800931785002315,0.0012195726546084097
SUPV3L1,18.7,25.3,-0.417,0.00016800931785002315,0.0012195726546084097
ASRGL1,7.76,3.42,0.987,0.00016800931785002315,0.0012195726546084097
AKR1C1,73.88,209.23,-1.489,0.00016800931785002315,0.0012195726546084097
TBXAS1,15.2,9.93,0.568,0.00016800931785002315,0.0012195726546084097
NOL4L,12.88,9.0,0.474,0.00016800931785002315,0.0012195726546084097
ETFBKMT,1.87,1.38,0.27,0.00017044193776348193,0.0012366400957213853
PHB2,142.6,185.85,-0.38,0.000172924725434318,0.0012480975551180966
RAP1A,56.27,40.96,0.449,0.000172924725434318,0.0012480975551180966
TMEM14A,88.87,169.61,-0.925,0.000172924725434318,0.0012480975551180966
SECTM1,62.91,35.61,0.804,0.000172924725434318,0.0012480975551180966
CRLF1,91.64,9.94,3.083,0.000172924725434318,0.0012480975551180966
CHMP2B,25.73,19.26,0.399,0.000172924725434318,0.0012480975551180966
APOBEC2,1.85,0.74,0.709,0.00017289062691714825,0.0012480975551180966
CHEK2,11.17,17.93,-0.638,0.000172924725434318,0.0012480975551180966
FZD4,14.88,8.6,0.726,0.000172924725434318,0.0012480975551180966
NTF4,3.17,6.04,-0.757,0.000172924725434318,0.0012480975551180966
CCDC58,24.33,44.75,-0.853,0.000172924725434318,0.0012480975551180966
GABRA5,0.04,1.67,-1.362,0.0001745228291168734,0.001259033875960426
RHOV,53.16,96.86,-0.854,0.00017797515167257815,0.0012808983796122595
SLC6A14,62.35,22.1,1.455,0.00017797515167257815,0.0012808983796122595
CCDC40,3.76,2.67,0.375,0.00017797515167257815,0.0012808983796122595
MYO1C,116.65,81.95,0.504,0.00017797515167257815,0.0012808983796122595
DNAJC15,15.33,9.96,0.575,0.00017797515167257815,0.0012808983796122595
PHETA2,35.72,24.7,0.515,0.000183164035171027,0.0013120279049285304
CSNK1G1,8.04,11.61,-0.48,0.000183164035171027,0.0013120279049285304
RALGAPA2,22.39,13.7,0.67,0.000183164035171027,0.0013120279049285304
LTBP3,64.05,42.16,0.592,0.000183164035171027,0.0013120279049285304
CEP76,3.74,5.76,-0.511,0.000183164035171027,0.0013120279049285304
GTSE1,9.34,16.25,-0.738,0.000183164035171027,0.0013120279049285304
TDP1,7.25,10.96,-0.535,0.000183164035171027,0.0013120279049285304
KLF5,118.38,215.72,-0.86,0.000183164035171027,0.0013120279049285304
COL17A1,51.22,145.32,-1.486,0.000183164035171027,0.0013120279049285304
CREBL2,63.24,46.32,0.441,0.000183164035171027,0.0013120279049285304
DENND1C,21.04,14.19,0.537,0.00018849489419136195,0.0013457720523728206
TDG,16.19,23.09,-0.487,0.00018849489419136195,0.0013457720523728206
TEX264,34.39,26.79,0.349,0.00018849489419136195,0.0013457720523728206
ALDH2,69.47,43.13,0.675,0.00018849489419136195,0.0013457720523728206
TBX15,7.73,2.48,1.329,0.00018849489419136195,0.0013457720523728206
SLC2A13,5.32,3.11,0.62,0.00018849489419136195,0.0013457720523728206
SCML2,1.41,4.05,-1.068,0.00018849489419136195,0.0013457720523728206
GPRC5D,4.7,10.3,-0.988,0.0001939713282753779,0.0013790390222217204
ADAP2,14.02,9.86,0.468,0.0001939713282753779,0.0013790390222217204
LYPD6B,6.98,14.43,-0.951,0.0001939713282753779,0.0013790390222217204
WDR41,12.35,15.98,-0.347,0.0001939713282753779,0.0013790390222217204
MIXL1,1.53,3.17,-0.718,0.0001939713282753779,0.0013790390222217204
SLC25A23,56.11,37.46,0.57,0.0001939713282753779,0.0013790390222217204
SNAPC1,11.8,20.13,-0.723,0.0001939713282753779,0.0013790390222217204
B3GALNT2,6.42,9.57,-0.51,0.0001939713282753779,0.0013790390222217204
SNX14,25.49,19.03,0.403,0.0001939713282753779,0.0013790390222217204
MSLNL,4.8,0.51,1.937,0.00019643150187355544,0.0013958764302922954
ZNF844,3.01,1.83,0.501,0.0001995970198968822,0.0014111109926911731
RACGAP1,26.33,41.08,-0.623,0.0001995970198968822,0.0014111109926911731
CREG2,0.75,1.84,-0.695,0.0001995970198968822,0.0014111109926911731
RCL1,12.36,19.75,-0.635,0.0001995970198968822,0.0014111109926911731
RPUSD2,13.04,17.34,-0.385,0.0001995970198968822,0.0014111109926911731
APOBEC3A,2.74,13.7,-1.973,0.0001995970198968822,0.0014111109926911731
NCOA7,76.79,41.92,0.858,0.0001995970198968822,0.0014111109926911731
EML6,0.43,1.21,-0.622,0.0001995970198968822,0.0014111109926911731
ZNF681,3.34,2.16,0.461,0.0001995970198968822,0.0014111109926911731
TUB,3.58,7.62,-0.912,0.0001995970198968822,0.0014111109926911731
TRMT6,19.33,28.27,-0.526,0.0001995970198968822,0.0014111109926911731
MUCL1,2.34,5.63,-0.989,0.00020128579239731844,0.0014223883925081205
EFNA1,322.47,208.5,0.627,0.00020537573614121742,0.0014399047342840408
UCHL1,74.38,293.66,-1.967,0.00020537573614121742,0.0014399047342840408
BTG1,110.81,164.01,-0.562,0.00020537573614121742,0.0014399047342840408
HYAL2,59.64,41.42,0.516,0.00020537573614121742,0.0014399047342840408
ATXN10,61.3,85.64,-0.476,0.00020537573614121742,0.0014399047342840408
PIFO,17.69,10.99,0.64,0.00020537573614121742,0.0014399047342840408
C1QL4,0.26,1.86,-1.177,0.00020388406646163919,0.0014399047342840408
SEC23IP,27.12,20.85,0.364,0.00020537573614121742,0.0014399047342840408
NCAPG,8.48,13.76,-0.639,0.00020537573614121742,0.0014399047342840408
MMP3,3.48,15.8,-1.908,0.00020537573614121742,0.0014399047342840408
SPATA6L,2.0,1.24,0.422,0.00020537573614121742,0.0014399047342840408
FOXK1,14.3,22.81,-0.638,0.00020537573614121742,0.0014399047342840408
ANKK1,1.32,2.81,-0.715,0.00020537573614121742,0.0014399047342840408
MRPS12,59.54,93.3,-0.639,0.00020537573614121742,0.0014399047342840408
PCMTD1,32.4,23.92,0.423,0.00020537573614121742,0.0014399047342840408
SECISBP2L,32.44,20.14,0.661,0.00020537573614121742,0.0014399047342840408
PWWP2B,41.21,26.14,0.637,0.00020537573614121742,0.0014399047342840408
OIT3,1.48,0.72,0.523,0.00021131133041270183,0.0014753920234191998
METAP1,43.29,65.51,-0.587,0.00021131133041270183,0.0014753920234191998
AQP3,564.86,262.77,1.101,0.00021131133041270183,0.0014753920234191998
SEMA4G,5.84,2.64,0.909,0.00021131133041270183,0.0014753920234191998
HLA-DMA,194.76,103.59,0.904,0.00021131133041270183,0.0014753920234191998
ADRA1B,2.3,1.4,0.461,0.00021131133041270183,0.0014753920234191998
SLFN13,15.64,9.3,0.691,0.00021131133041270183,0.0014753920234191998
PPP1R14A,28.44,22.45,0.329,0.00021131133041270183,0.0014753920234191998
CATSPERG,2.24,1.11,0.615,0.00021131133041270183,0.0014753920234191998
CHGA,0.61,3.36,-1.441,0.00021397957424095746,0.001493335632265901
HBS1L,12.56,18.29,-0.508,0.00021740774417028936,0.0015082538160635644
E2F2,4.09,6.59,-0.576,0.00021740774417028936,0.0015082538160635644
FAM222A,2.63,6.33,-1.012,0.00021740774417028936,0.0015082538160635644
MT-ND6,5682.14,3067.96,0.889,0.00021740774417028936,0.0015082538160635644
SPRYD4,4.04,5.45,-0.356,0.0002173973354439406,0.0015082538160635644
CLDN6,64.72,17.85,1.802,0.00021736611145635853,0.0015082538160635644
DHRS7B,17.68,12.92,0.425,0.00021740774417028936,0.0015082538160635644
POLA1,3.77,6.04,-0.561,0.00021740774417028936,0.0015082538160635644
CTBS,3.16,2.21,0.373,0.00021740774417028936,0.0015082538160635644
LAYN,12.26,28.64,-1.16,0.00021740774417028936,0.0015082538160635644
SHMT2,69.73,105.16,-0.586,0.00021740774417028936,0.0015082538160635644
RAPH1,2.59,1.5,0.52,0.00021740774417028936,0.0015082538160635644
FBLN7,4.63,2.17,0.828,0.00021740774417028936,0.0015082538160635644
EHHADH,10.9,16.42,-0.55,0.00022366900869176916,0.0015453402678736012
USP40,21.1,14.83,0.481,0.00022366900869176916,0.0015453402678736012
UBE3D,1.69,2.44,-0.355,0.00022366900869176916,0.0015453402678736012
GLIS2,26.68,16.63,0.651,0.00022366900869176916,0.0015453402678736012
TLCD4,8.21,4.71,0.69,0.00022366900869176916,0.0015453402678736012
MLLT3,11.52,7.93,0.486,0.00022366900869176916,0.0015453402678736012
CHEK1,9.64,15.84,-0.663,0.00022366900869176916,0.0015453402678736012
MATN2,9.81,24.01,-1.21,0.00022366900869176916,0.0015453402678736012
VEGFB,144.73,116.47,0.311,0.00022366900869176916,0.0015453402678736012
IRX3,73.91,30.85,1.234,0.00023009924686680417,0.0015818542342295727
PRSS12,3.38,8.61,-1.134,0.00023009924686680417,0.0015818542342295727
B4GALNT4,11.68,21.47,-0.826,0.00023009924686680417,0.0015818542342295727
TMEM17,4.5,8.27,-0.754,0.00023009924686680417,0.0015818542342295727
AKR7A3,25.0,3.96,2.391,0.00023009924686680417,0.0015818542342295727
SYVN1,68.94,49.15,0.48,0.00023009924686680417,0.0015818542342295727
NCK1,17.53,31.38,-0.805,0.00023009924686680417,0.0015818542342295727
TGM1,4.06,16.52,-1.791,0.00023009924686680417,0.0015818542342295727
SLC20A2,32.76,49.74,-0.588,0.00023009924686680417,0.0015818542342295727
PPP2R2B,0.52,1.45,-0.687,0.00023009924686680417,0.0015818542342295727
TRPM7,9.36,15.06,-0.632,0.00023008831159306942,0.0015818542342295727
FAM114A1,65.32,43.36,0.58,0.0002367026750191211,0.001619920604308787
KIF18B,9.76,18.5,-0.858,0.0002367026750191211,0.001619920604308787
PPM1F,11.63,16.56,-0.476,0.0002367026750191211,0.001619920604308787
TMEM192,10.28,6.94,0.507,0.0002367026750191211,0.001619920604308787
CSNK2A1,10.59,14.65,-0.433,0.0002367026750191211,0.001619920604308787
ROR1,6.82,3.55,0.779,0.0002367026750191211,0.001619920604308787
ESPL1,5.41,9.35,-0.692,0.0002367026750191211,0.001619920604308787
IFIT5,29.97,21.44,0.465,0.0002367026750191211,0.001619920604308787
SMIM8,2.06,2.89,-0.346,0.0002367026750191211,0.001619920604308787
C1QTNF7,3.39,1.71,0.696,0.0002367026750191211,0.001619920604308787
SGK2,1.3,0.59,0.535,0.0002434721188690132,0.001655143806304568
HMGCLL1,1.24,0.67,0.421,0.0002434721188690132,0.001655143806304568
ZNF436,13.46,20.4,-0.566,0.000243483604758159,0.001655143806304568
C19orf18,3.03,1.43,0.73,0.000243483604758159,0.001655143806304568
NUP107,16.53,27.57,-0.705,0.000243483604758159,0.001655143806304568
FAM110C,9.09,30.17,-1.627,0.000243483604758159,0.001655143806304568
RAB11FIP1,44.07,25.93,0.743,0.000243483604758159,0.001655143806304568
GLI2,2.07,7.64,-1.492,0.000243483604758159,0.001655143806304568
HAUS2,13.61,18.79,-0.438,0.000243483604758159,0.001655143806304568
VAMP5,238.15,144.78,0.714,0.000243483604758159,0.001655143806304568
LPAR5,7.47,13.92,-0.816,0.000243483604758159,0.001655143806304568
NELFCD,43.04,61.68,-0.509,0.000243483604758159,0.001655143806304568
TM4SF19,0.71,3.3,-1.327,0.0002434721188690132,0.001655143806304568
FNDC3A,35.54,24.63,0.511,0.000243483604758159,0.001655143806304568
LAMTOR2,132.35,90.74,0.54,0.000243483604758159,0.001655143806304568
GKAP1,4.54,3.22,0.391,0.0002504464448604767,0.001696403404710309
NOXA1,31.49,15.24,1.001,0.0002504464448604767,0.001696403404710309
TNS1,71.9,42.91,0.732,0.0002504464448604767,0.001696403404710309
ERN1,15.37,10.37,0.526,0.0002504464448604767,0.001696403404710309
PHYHD1,15.68,9.08,0.726,0.0002504464448604767,0.001696403404710309
FGFR3,27.88,74.12,-1.379,0.0002504464448604767,0.001696403404710309
ARFIP1,37.36,28.08,0.399,0.0002504464448604767,0.001696403404710309
HOXC8,1.97,6.91,-1.414,0.00025032875777830903,0.001696403404710309
HSPB3,1.69,6.91,-1.554,0.00025387835217399095,0.0017188831571209645
DOCK5,11.0,5.42,0.901,0.00025759570318123064,0.0017294085366471221
EPAS1,282.71,162.92,0.791,0.00025759570318123064,0.0017294085366471221
STEAP1B,0.78,1.97,-0.74,0.0002575836416506305,0.0017294085366471221
MSL2,20.17,28.97,-0.501,0.00025759570318123064,0.0017294085366471221
GNS,157.92,109.05,0.53,0.00025759570318123064,0.0017294085366471221
MID1,9.67,16.46,-0.71,0.00025759570318123064,0.0017294085366471221
PIMREG,7.43,14.53,-0.881,0.00025759570318123064,0.0017294085366471221
ZNF367,5.64,10.43,-0.783,0.00025759570318123064,0.0017294085366471221
MYBL2,59.37,105.8,-0.823,0.00025759570318123064,0.0017294085366471221
ALG1L,19.49,38.25,-0.937,0.00025759570318123064,0.0017294085366471221
TCF19,22.93,36.14,-0.635,0.00025759570318123064,0.0017294085366471221
CHMP6,29.04,22.35,0.363,0.00025759570318123064,0.0017294085366471221
MCM10,5.05,8.99,-0.723,0.00025759570318123064,0.0017294085366471221
VTA1,20.1,27.8,-0.448,0.00025759570318123064,0.0017294085366471221
KRT23,4.4,16.9,-1.729,0.00025759570318123064,0.0017294085366471221
KPNA1,15.47,22.19,-0.494,0.00025759570318123064,0.0017294085366471221
TBX4,12.78,7.17,0.755,0.00025759570318123064,0.0017294085366471221
BACH2,1.58,3.14,-0.683,0.00025759570318123064,0.0017294085366471221
TCTA,47.65,32.78,0.526,0.00025759570318123064,0.0017294085366471221
CCDC190,1.19,8.49,-2.114,0.00025923271731666774,0.0017396301564452884
NKPD1,0.41,1.36,-0.75,0.0002611195994389375,0.0017515187965897472
ADGRG6,18.34,10.23,0.784,0.0002649359885960247,0.00176542652400851
SHROOM2,7.86,11.87,-0.539,0.0002649359885960247,0.00176542652400851
TMSB4X,4236.86,2645.4,0.679,0.0002649359885960247,0.00176542652400851
RAD17,21.95,17.58,0.305,0.0002649359885960247,0.00176542652400851
HPRT1,70.49,117.95,-0.735,0.0002649359885960247,0.00176542652400851
GAL,3.83,14.64,-1.694,0.0002648124169942384,0.00176542652400851
WDR75,25.54,39.12,-0.596,0.0002649359885960247,0.00176542652400851
TM9SF3,114.53,87.59,0.383,0.0002649359885960247,0.00176542652400851
RARB,6.69,14.3,-0.993,0.0002649359885960247,0.00176542652400851
C1orf127,1.03,0.4,0.535,0.0002649236295521774,0.00176542652400851
TMEM185B,30.05,39.41,-0.38,0.0002649359885960247,0.00176542652400851
EPHX3,31.25,19.95,0.622,0.0002649359885960247,0.00176542652400851
LEFTY2,1.81,0.66,0.758,0.00026447898270937233,0.00176542652400851
KIF11,16.83,26.46,-0.623,0.0002649359885960247,0.00176542652400851
MOCS3,7.99,10.32,-0.333,0.0002649359885960247,0.00176542652400851
OLFM1,6.3,38.98,-2.452,0.00027247201297342496,0.0018022060483697192
RSPH1,14.2,13.76,0.042,0.00027247201297342496,0.0018022060483697192
SMC4,19.18,32.49,-0.731,0.00027247201297342496,0.0018022060483697192
H2AC11,2.06,8.04,-1.561,0.00027247201297342496,0.0018022060483697192
GNB1L,2.93,4.26,-0.42,0.00027247201297342496,0.0018022060483697192
PRAME,32.37,69.42,-1.077,0.0002720290552858361,0.0018022060483697192
USP53,12.11,8.11,0.525,0.00027247201297342496,0.0018022060483697192
ALDH6A1,16.57,10.34,0.631,0.00027247201297342496,0.0018022060483697192
NME5,5.78,3.45,0.607,0.00027247201297342496,0.0018022060483697192
ARRDC2,33.27,24.55,0.424,0.00027247201297342496,0.0018022060483697192
NR2F1,20.55,13.27,0.594,0.00027247201297342496,0.0018022060483697192
ARMC3,3.22,2.44,0.295,0.00027247201297342496,0.0018022060483697192
ASB2,1.9,4.12,-0.821,0.00027247201297342496,0.0018022060483697192
TCF21,5.97,2.99,0.803,0.00027247201297342496,0.0018022060483697192
SLC10A5,1.24,0.77,0.341,0.00027247201297342496,0.0018022060483697192
ZNF543,4.67,6.8,-0.46,0.00027247201297342496,0.0018022060483697192
HSPB6,4.89,3.06,0.535,0.00027247201297342496,0.0018022060483697192
NOG,3.41,1.07,1.091,0.0002763021106020903,0.0018267441106951947
CNIH2,2.15,4.45,-0.792,0.0002802085931784565,0.001847747029583459
FANCA,4.1,7.09,-0.665,0.0002802085931784565,0.001847747029583459
TUBB6,59.14,103.17,-0.792,0.0002802085931784565,0.001847747029583459
C12orf66,6.01,8.53,-0.443,0.0002802085931784565,0.001847747029583459
HSPB9,3.15,1.0,1.056,0.0002802085931784565,0.001847747029583459
MTMR1,22.02,36.17,-0.691,0.0002802085931784565,0.001847747029583459
C8B,10.32,1.33,2.281,0.00028521071703438986,0.0018799160190470653
ZNF511,10.87,8.44,0.331,0.0002881506531073614,0.0018837662963253625
SH3RF2,6.23,12.07,-0.854,0.0002881506531073614,0.0018837662963253625
ZNF444,18.49,14.33,0.346,0.0002881506531073614,0.0018837662963253625
NPR1,14.3,8.31,0.717,0.0002881506531073614,0.0018837662963253625
SLC66A3,56.0,39.29,0.501,0.0002881506531073614,0.0018837662963253625
IDUA,17.2,8.99,0.866,0.0002881506531073614,0.0018837662963253625
AIP,132.51,104.54,0.339,0.0002881506531073614,0.0018837662963253625
SLC45A1,4.8,2.17,0.871,0.0002881506531073614,0.0018837662963253625
HECTD3,40.02,30.02,0.403,0.0002881506531073614,0.0018837662963253625
ELOVL4,3.46,7.22,-0.883,0.0002881506531073614,0.0018837662963253625
SLC25A16,12.68,9.16,0.43,0.0002881506531073614,0.0018837662963253625
PPM1J,1.46,2.12,-0.345,0.0002881506531073614,0.0018837662963253625
OSBPL10,7.86,5.15,0.525,0.0002881506531073614,0.0018837662963253625
MIEF2,15.89,11.21,0.468,0.0002881373612296299,0.0018837662963253625
ANO10,19.65,15.76,0.301,0.0002881506531073614,0.0018837662963253625
WDR43,39.38,60.73,-0.612,0.0002881506531073614,0.0018837662963253625
CENPI,3.98,6.86,-0.657,0.0002881506531073614,0.0018837662963253625
ALDH16A1,16.56,23.98,-0.509,0.0002881506531073614,0.0018837662963253625
THOP1,14.3,21.87,-0.58,0.0002881506531073614,0.0018837662963253625
NXPE3,7.36,13.97,-0.84,0.00029630322575393035,0.0019213550614082218
RPL35A,577.61,850.91,-0.558,0.00029630322575393035,0.0019213550614082218
DYNLL1,165.25,214.86,-0.377,0.00029630322575393035,0.0019213550614082218
PKMYT1,6.7,13.71,-0.934,0.00029630322575393035,0.0019213550614082218
SLC51A,2.23,3.98,-0.626,0.00029630322575393035,0.0019213550614082218
TGM5,0.67,2.53,-1.075,0.00029514741942404085,0.0019213550614082218
TIMELESS,25.44,38.01,-0.561,0.00029630322575393035,0.0019213550614082218
INO80C,6.53,10.24,-0.578,0.00029630322575393035,0.0019213550614082218
ANTKMT,18.74,12.16,0.585,0.00029630322575393035,0.0019213550614082218
STARD3NL,42.21,28.57,0.547,0.00029630322575393035,0.0019213550614082218
SCARF1,12.87,8.63,0.527,0.00029630322575393035,0.0019213550614082218
GLB1,66.37,48.61,0.442,0.00029630322575393035,0.0019213550614082218
SORD,4.92,8.79,-0.724,0.00029630322575393035,0.0019213550614082218
ACO1,36.24,22.39,0.671,0.00029630322575393035,0.0019213550614082218
BORA,4.87,7.74,-0.575,0.00029630322575393035,0.0019213550614082218
DNAJC9,10.03,14.85,-0.523,0.00029630322575393035,0.0019213550614082218
IDH3A,7.8,10.89,-0.435,0.00029630322575393035,0.0019213550614082218
NOD1,11.08,6.81,0.629,0.00029630322575393035,0.0019213550614082218
GNG11,63.92,31.36,1.005,0.00029630322575393035,0.0019213550614082218
DEFB126,0.83,2.39,-0.89,0.00029758754808594564,0.0019288599053198685
C1QBP,89.58,142.98,-0.669,0.0003046714553076937,0.001962218491093595
MATN3,13.27,6.31,0.965,0.0003046714553076937,0.001962218491093595
TMEM154,4.11,8.78,-0.936,0.0003046714553076937,0.001962218491093595
ALKBH2,15.4,24.08,-0.612,0.0003046714553076937,0.001962218491093595
TMEM213,2.48,0.78,0.971,0.00030461566344921494,0.001962218491093595
CEP152,2.34,4.03,-0.59,0.0003046714553076937,0.001962218491093595
TRMT10C,42.44,62.79,-0.554,0.0003046714553076937,0.001962218491093595
COMMD2,26.05,43.82,-0.728,0.0003046714553076937,0.001962218491093595
RNF187,119.47,179.87,-0.586,0.0003046714553076937,0.001962218491093595
RFWD3,20.47,32.31,-0.634,0.0003046714553076937,0.001962218491093595
COPS7A,96.43,119.35,-0.305,0.0003046714553076937,0.001962218491093595
BPIFA1,1175.06,179.17,2.707,0.00030453198947403057,0.001962218491093595
KLHL35,3.62,2.19,0.537,0.0003046714553076937,0.001962218491093595
BID,26.66,43.29,-0.679,0.0003046714553076937,0.001962218491093595
VAMP2,59.57,42.8,0.468,0.0003046714553076937,0.001962218491093595
UGT2B11,2.55,0.02,1.804,0.0003093428742448845,0.0019914602916959873
NCR3LG1,0.94,2.09,-0.67,0.00031326059928426213,0.002009019959867368
DYNC2I2,114.04,73.16,0.633,0.00031326059928426213,0.002009019959867368
TNFRSF13C,3.27,5.91,-0.694,0.00031326059928426213,0.002009019959867368
MEF2C,9.71,5.4,0.744,0.00031326059928426213,0.002009019959867368
AK4,9.48,20.48,-1.035,0.00031326059928426213,0.002009019959867368
SPAST,11.44,18.48,-0.647,0.00031326059928426213,0.002009019959867368
SMC2,14.15,21.14,-0.547,0.00031326059928426213,0.002009019959867368
NHLRC3,16.81,13.09,0.338,0.00031326059928426213,0.002009019959867368
SHROOM4,10.04,5.79,0.701,0.00031326059928426213,0.002009019959867368
ANKRD18B,0.67,1.79,-0.743,0.0003215641039612937,0.002052559200605921
C12orf75,19.83,31.86,-0.658,0.000322076030688114,0.002052559200605921
CLDND1,39.93,66.65,-0.725,0.000322076030688114,0.002052559200605921
KRT79,0.57,1.32,-0.561,0.00032192970616281533,0.002052559200605921
GPI,88.83,156.05,-0.806,0.000322076030688114,0.002052559200605921
DNA2,5.01,8.98,-0.733,0.000322076030688114,0.002052559200605921
TCF20,22.25,33.91,-0.587,0.000322076030688114,0.002052559200605921
MTFR2,5.7,9.57,-0.657,0.000322076030688114,0.002052559200605921
SV2B,0.34,2.02,-1.17,0.000322076030688114,0.002052559200605921
BOC,1.96,6.11,-1.263,0.0003220613960842926,0.002052559200605921
C4orf33,5.37,4.01,0.348,0.000322076030688114,0.002052559200605921
PARVB,8.73,14.04,-0.628,0.000322076030688114,0.002052559200605921
MT1X,14.23,30.59,-1.053,0.000322076030688114,0.002052559200605921
DTNB,7.92,12.25,-0.571,0.000322076030688114,0.002052559200605921
LEPROT,86.73,67.73,0.352,0.000322076030688114,0.002052559200605921
RPE65,1.26,1.05,0.145,0.0003229618209351966,0.0020573412769259716
PARD3B,5.6,4.55,0.25,0.0003311232402081144,0.0020970218376331314
LATS2,20.78,12.83,0.655,0.0003311232402081144,0.0020970218376331314
DGKH,3.06,5.01,-0.565,0.0003311232402081144,0.0020970218376331314
ADORA3,4.58,2.8,0.556,0.0003311232402081144,0.0020970218376331314
NIFK,31.64,45.74,-0.518,0.0003311232402081144,0.0020970218376331314
VKORC1,16.55,11.13,0.532,0.0003311232402081144,0.0020970218376331314
SNRPN,2.53,1.7,0.387,0.0003311232402081144,0.0020970218376331314
MTFR1L,15.32,12.59,0.264,0.0003311232402081144,0.0020970218376331314
CTSE,231.23,57.14,1.998,0.0003311232402081144,0.0020970218376331314
SCAMP4,45.22,33.2,0.434,0.0003311232402081144,0.0020970218376331314
NDUFA5,15.51,12.53,0.287,0.0003311232402081144,0.0020970218376331314
PAK1IP1,43.83,63.64,-0.528,0.0003311232402081144,0.0020970218376331314
STX3,31.58,21.49,0.535,0.0003311232402081144,0.0020970218376331314
PSPH,22.94,41.06,-0.813,0.0003311232402081144,0.0020970218376331314
FSTL5,0.13,1.22,-0.973,0.0003339999320704788,0.002114358736644494
KIR2DL4,0.65,1.36,-0.517,0.00033541706709500264,0.002121561823636293
NPBWR1,0.97,2.91,-0.991,0.00033541706709500264,0.002121561823636293
H2BC14,0.53,3.91,-1.685,0.00033656864911655834,0.002127959836049884
SPRY1,42.24,26.97,0.629,0.0003404078384460374,0.00213358757818096
TMEM135,8.69,6.31,0.407,0.0003404078384460374,0.00213358757818096
MTERF1,7.47,10.41,-0.43,0.0003404078384460374,0.00213358757818096
ARHGAP40,14.25,4.04,1.596,0.0003404078384460374,0.00213358757818096
APOBEC3B,15.22,23.42,-0.59,0.0003404078384460374,0.00213358757818096
LYN,66.75,44.73,0.567,0.0003404078384460374,0.00213358757818096
IL1R1,73.95,46.6,0.655,0.0003404078384460374,0.00213358757818096
EXD3,6.33,3.94,0.57,0.0003404078384460374,0.00213358757818096
DDX10,9.42,14.02,-0.527,0.0003404078384460374,0.00213358757818096
PDHB,27.52,22.02,0.309,0.0003404078384460374,0.00213358757818096
ATL3,50.03,37.28,0.415,0.0003404078384460374,0.00213358757818096
TGM2,209.82,156.41,0.422,0.0003404078384460374,0.00213358757818096
ADGRF1,26.66,4.93,2.222,0.0003404078384460374,0.00213358757818096
NEMP1,18.27,28.62,-0.62,0.0003404078384460374,0.00213358757818096
NPTXR,5.74,14.74,-1.224,0.0003404078384460374,0.00213358757818096
FAM83G,9.28,17.23,-0.826,0.0003404078384460374,0.00213358757818096
GAN,3.3,5.78,-0.656,0.0003404078384460374,0.00213358757818096
GLIS3,6.72,4.14,0.588,0.0003404078384460374,0.00213358757818096
CD1C,9.26,3.67,1.135,0.0003404078384460374,0.00213358757818096
ZNF613,5.95,4.12,0.44,0.0003404078384460374,0.00213358757818096
RAN,176.53,255.11,-0.529,0.0003404078384460374,0.00213358757818096
SLC18A3,2.21,3.09,-0.349,0.00034675391303300634,0.0021724668868909136
CHCHD6,14.87,22.87,-0.588,0.00034993555817839863,0.0021833966880510924
FBXO17,4.09,8.73,-0.935,0.00034993555817839863,0.0021833966880510924
ZNF341,7.29,4.61,0.565,0.00034991983750260586,0.0021833966880510924
KLHL25,3.98,5.45,-0.374,0.00034993555817839863,0.0021833966880510924
MYOZ1,6.32,2.69,0.987,0.00034993555817839863,0.0021833966880510924
JCAD,25.23,13.6,0.845,0.00034993555817839863,0.0021833966880510924
NFE2L1,139.95,206.2,-0.556,0.00034993555817839863,0.0021833966880510924
CKAP2L,6.24,10.43,-0.659,0.00034993555817839863,0.0021833966880510924
LRMDA,4.93,3.33,0.455,0.00034993555817839863,0.0021833966880510924
PLXNA1,36.51,62.43,-0.758,0.00034993555817839863,0.0021833966880510924
CLCNKB,1.84,0.7,0.738,0.0003547765054825697,0.0022126927125602144
TMBIM4,17.19,9.96,0.731,0.0003597122566518463,0.0022324788869736525
PTPRU,44.2,25.71,0.759,0.0003597122566518463,0.0022324788869736525
ATOH8,12.8,6.25,0.93,0.0003597122566518463,0.0022324788869736525
ACMSD,1.84,0.15,1.301,0.00035963176921532524,0.0022324788869736525
TBXA2R,4.07,2.86,0.395,0.0003597122566518463,0.0022324788869736525
LAMTOR5,66.32,52.34,0.336,0.0003597122566518463,0.0022324788869736525
XIAP,32.35,23.11,0.468,0.0003597122566518463,0.0022324788869736525
PPP1R12B,9.79,6.29,0.566,0.0003597122566518463,0.0022324788869736525
NR2C2AP,24.14,35.15,-0.524,0.0003597122566518463,0.0022324788869736525
PGF,6.26,15.3,-1.168,0.0003597122566518463,0.0022324788869736525
SLC16A5,36.72,21.54,0.743,0.0003597122566518463,0.0022324788869736525
SLC35E3,2.68,4.27,-0.519,0.0003597122566518463,0.0022324788869736525
H3C3,0.5,10.48,-2.932,0.0003639302984569586,0.002257735003861401
ALDOB,1.09,0.33,0.653,0.0003646469680118788,0.002261257708165092
SIRT1,19.85,15.71,0.319,0.00036974391791240945,0.0022761423601471787
PHLDB3,7.31,12.5,-0.7,0.00036974391791240945,0.0022761423601471787
FXYD4,11.41,1.42,2.357,0.0003686819307190325,0.0022761423601471787
RASD1,146.99,38.22,1.916,0.00036974391791240945,0.0022761423601471787
POPDC3,1.87,5.74,-1.231,0.0003694143272767008,0.0022761423601471787
CRYL1,23.27,15.97,0.516,0.00036974391791240945,0.0022761423601471787
PEBP4,120.8,39.99,1.571,0.00036974391791240945,0.0022761423601471787
CHST2,20.49,40.78,-0.959,0.00036974391791240945,0.0022761423601471787
DOCK9,24.45,14.86,0.683,0.00036974391791240945,0.0022761423601471787
TRIM31,3.6,1.44,0.913,0.00036974391791240945,0.0022761423601471787
BRIP1,2.43,5.07,-0.824,0.00036974391791240945,0.0022761423601471787
ARHGAP18,41.48,27.65,0.568,0.00036974391791240945,0.0022761423601471787
MICU2,37.09,29.68,0.312,0.00036974391791240945,0.0022761423601471787
AMOTL1,16.82,28.95,-0.749,0.00036974391791240945,0.0022761423601471787
SLC5A6,22.83,34.48,-0.574,0.00036974391791240945,0.0022761423601471787
EIF2A,49.99,68.74,-0.452,0.00036974391791240945,0.0022761423601471787
TNFRSF12A,186.98,105.59,0.818,0.00036974391791240945,0.0022761423601471787
ELOVL1,156.96,120.91,0.374,0.00036974391791240945,0.0022761423601471787
CT83,19.6,8.56,1.107,0.0003771926334159577,0.002321056168282157
DENND2A,8.65,4.79,0.736,0.00038003665516886343,0.0023300633179905335
A4GALT,31.53,64.15,-1.002,0.00038003665516886343,0.0023300633179905335
GEMIN4,16.51,24.06,-0.517,0.00038003665516886343,0.0023300633179905335
PDCD6IP,53.89,43.01,0.319,0.00038003665516886343,0.0023300633179905335
CCT5,106.11,169.56,-0.671,0.00038003665516886343,0.0023300633179905335
MARCHF10,1.38,0.95,0.289,0.00038003665516886343,0.0023300633179905335
SNRPD2,273.67,392.06,-0.517,0.00038003665516886343,0.0023300633179905335
TFPI2,168.22,37.28,2.144,0.00038003665516886343,0.0023300633179905335
JUND,275.36,195.91,0.489,0.00038003665516886343,0.0023300633179905335
LRRIQ4,1.03,0.41,0.528,0.00038468542462950393,0.002357614222023418
DAP,251.54,171.49,0.55,0.0003905967131904764,0.002381354680378374
KBTBD6,6.97,10.1,-0.477,0.0003905967131904764,0.002381354680378374
CEP128,1.79,2.61,-0.371,0.00039057943160729716,0.002381354680378374
WDR47,12.46,19.15,-0.582,0.0003905967131904764,0.002381354680378374
RUVBL2,76.88,105.74,-0.455,0.0003905967131904764,0.002381354680378374
SLC16A7,4.56,2.32,0.743,0.0003905967131904764,0.002381354680378374
UNC45A,29.65,39.84,-0.414,0.0003905967131904764,0.002381354680378374
SLC4A2,39.95,25.87,0.608,0.0003905967131904764,0.002381354680378374
SESTD1,16.89,11.08,0.567,0.0003905967131904764,0.002381354680378374
ATAD5,3.28,5.7,-0.646,0.0003905967131904764,0.002381354680378374
SLC35G1,3.53,11.05,-1.413,0.0003905967131904764,0.002381354680378374
SPAG1,13.8,9.6,0.482,0.0003905967131904764,0.002381354680378374
CCDC51,18.85,30.88,-0.683,0.0003905967131904764,0.002381354680378374
TDO2,2.95,5.96,-0.817,0.0004014304707394146,0.0024385978176505105
ZNF350,7.79,5.39,0.461,0.0004014304707394146,0.0024385978176505105
ZNF487,3.32,2.55,0.284,0.0004014304707394146,0.0024385978176505105
ICE2,6.96,9.82,-0.442,0.0004014304707394146,0.0024385978176505105
HLA-DQB2,186.32,49.08,1.903,0.0004014304707394146,0.0024385978176505105
SLC5A12,0.82,1.54,-0.481,0.0004013597022061291,0.0024385978176505105
NAT1,9.72,6.33,0.549,0.0004014304707394146,0.0024385978176505105
SELENOI,22.22,39.16,-0.791,0.0004014304707394146,0.0024385978176505105
USP25,23.65,16.7,0.478,0.0004014304707394146,0.0024385978176505105
GPAT4,30.76,17.89,0.75,0.0004069341155095342,0.002471043172236752
TMUB1,89.39,60.22,0.562,0.0004125444430380492,0.0024882047332580714
TSPAN33,13.82,31.41,-1.129,0.0004125444430380492,0.0024882047332580714
PTPN9,14.88,20.1,-0.41,0.0004125444430380492,0.0024882047332580714
APOBEC3C,61.3,89.83,-0.544,0.0004125444430380492,0.0024882047332580714
RPS6KA3,37.79,27.06,0.467,0.0004125444430380492,0.0024882047332580714
PARL,10.86,19.31,-0.775,0.0004125444430380492,0.0024882047332580714
PCTP,17.54,11.95,0.517,0.0004125444430380492,0.0024882047332580714
TRMT61B,13.74,20.27,-0.529,0.0004125444430380492,0.0024882047332580714
HLA-G,47.46,9.43,2.215,0.0004125444430380492,0.0024882047332580714
CAPN13,25.84,13.79,0.859,0.0004125444430380492,0.0024882047332580714
SPNS3,1.89,0.96,0.563,0.0004125444430380492,0.0024882047332580714
ZNF678,4.68,3.36,0.382,0.0004125444430380492,0.0024882047332580714
PRMT3,9.88,14.93,-0.55,0.0004125444430380492,0.0024882047332580714
SLC51B,8.15,2.97,1.204,0.0004125444430380492,0.0024882047332580714
CACNB1,8.67,4.56,0.797,0.0004125444430380492,0.0024882047332580714
RMDN3,39.32,31.32,0.319,0.0004125444430380492,0.0024882047332580714
KIF22,25.47,37.16,-0.528,0.0004125444430380492,0.0024882047332580714
GPR161,5.01,8.74,-0.698,0.0004181902571157025,0.0025212557842693925
PCBD1,183.43,125.02,0.549,0.00042394528427143203,0.0025388256617800025
MUC15,30.6,13.52,1.122,0.00042394528427143203,0.0025388256617800025
TTF2,7.09,11.98,-0.682,0.00042394528427143203,0.0025388256617800025
CSNK2A2,8.23,11.58,-0.447,0.00042394528427143203,0.0025388256617800025
BCAM,254.56,145.6,0.802,0.00042394528427143203,0.0025388256617800025
MTHFR,10.25,6.82,0.526,0.00042394528427143203,0.0025388256617800025
MTBP,2.3,3.89,-0.567,0.00042394528427143203,0.0025388256617800025
CCSER2,24.35,15.94,0.582,0.00042394528427143203,0.0025388256617800025
KAZALD1,8.64,5.48,0.574,0.00042394528427143203,0.0025388256617800025
IQSEC2,6.9,4.77,0.454,0.00042394528427143203,0.0025388256617800025
MFSD6L,6.6,3.34,0.806,0.00042394528427143203,0.0025388256617800025
LRRC56,11.03,6.83,0.618,0.00042394528427143203,0.0025388256617800025
SHC2,19.3,11.1,0.747,0.00042394528427143203,0.0025388256617800025
GLCCI1,18.16,9.58,0.857,0.00042394528427143203,0.0025388256617800025
CTH,10.96,5.83,0.808,0.00042394528427143203,0.0025388256617800025
CYC1,175.61,256.62,-0.545,0.00042394528427143203,0.0025388256617800025
S1PR2,19.11,13.86,0.436,0.00042394528427143203,0.0025388256617800025
ALX1,0.5,2.21,-1.1,0.00043311133111934973,0.002592695214222333
SPATA13,12.0,8.48,0.455,0.00043563979012518894,0.002596577219055314
CCT4,145.9,243.4,-0.734,0.00043563979012518894,0.002596577219055314
POU2AF1,9.1,18.26,-0.931,0.00043563979012518894,0.002596577219055314
TTC23,7.35,9.46,-0.325,0.00043563979012518894,0.002596577219055314
MCM9,3.78,4.78,-0.274,0.00043563979012518894,0.002596577219055314
FOXRED2,21.77,32.03,-0.537,0.00043563979012518894,0.002596577219055314
ATP6V0E2,15.18,9.6,0.61,0.00043563979012518894,0.002596577219055314
CFAP45,9.08,7.23,0.294,0.00043563979012518894,0.002596577219055314
LRCH4,7.02,4.82,0.464,0.00043563979012518894,0.002596577219055314
MAGEA9,0.12,1.41,-1.108,0.0004354708148377916,0.002596577219055314
SCARA3,18.85,31.44,-0.709,0.00043563979012518894,0.002596577219055314
S100A6,5778.21,3463.83,0.738,0.00044763490035906484,0.002649363864883238
TMEM98,60.9,36.79,0.712,0.00044763490035906484,0.002649363864883238
TSPAN14,25.82,32.59,-0.325,0.00044763490035906484,0.002649363864883238
FAM171B,5.28,12.11,-1.061,0.00044763490035906484,0.002649363864883238
RPF2,20.86,28.89,-0.451,0.00044763490035906484,0.002649363864883238
C9orf43,0.94,1.51,-0.373,0.00044763490035906484,0.002649363864883238
MAFK,38.99,22.54,0.765,0.00044763490035906484,0.002649363864883238
TMEM165,68.73,53.29,0.361,0.00044763490035906484,0.002649363864883238
FKBP1A,107.52,138.62,-0.364,0.00044763490035906484,0.002649363864883238
TIMM44,19.84,28.12,-0.483,0.00044763490035906484,0.002649363864883238
PI4K2B,44.43,32.07,0.458,0.00044763490035906484,0.002649363864883238
IFT57,96.01,59.71,0.676,0.00044763490035906484,0.002649363864883238
GPA33,4.6,3.11,0.446,0.00044763490035906484,0.002649363864883238
PNO1,32.78,47.82,-0.531,0.00044763490035906484,0.002649363864883238
SEMA4A,24.59,34.81,-0.485,0.00044763490035906484,0.002649363864883238
GCLC,45.37,83.42,-0.864,0.00044763490035906484,0.002649363864883238
TMEM38B,9.4,17.41,-0.824,0.00044763490035906484,0.002649363864883238
SPCS3,67.06,53.87,0.311,0.00044763490035906484,0.002649363864883238
KIF24,3.01,5.22,-0.634,0.000459937701416388,0.0027084625959764275
NXT1,57.52,83.39,-0.528,0.000459937701416388,0.0027084625959764275
PTGS2,136.27,40.53,1.725,0.000459937701416388,0.0027084625959764275
RAP1GAP,52.59,22.37,1.197,0.000459937701416388,0.0027084625959764275
MELK,17.51,31.81,-0.826,0.000459937701416388,0.0027084625959764275
GRAMD1A,66.55,46.48,0.508,0.000459937701416388,0.0027084625959764275
CEMIP2,47.75,27.65,0.767,0.000459937701416388,0.0027084625959764275
RPL4,636.58,810.57,-0.348,0.000459937701416388,0.0027084625959764275
LFNG,57.63,29.48,0.944,0.000459937701416388,0.0027084625959764275
AURKA,22.95,36.69,-0.654,0.000459937701416388,0.0027084625959764275
SIAE,20.67,11.26,0.821,0.000459937701416388,0.0027084625959764275
DYNLRB1,11.1,8.62,0.332,0.000459937701416388,0.0027084625959764275
CNOT9,35.76,47.85,-0.41,0.000459937701416388,0.0027084625959764275
MAGEA9B,0.91,4.01,-1.391,0.00046420138911944275,0.002732511315339672
MAGEA6,22.05,40.38,-0.844,0.0004644519750232013,0.0027329275199564278
FBXO22,6.97,9.16,-0.35,0.00046618662452253,0.0027420725460204406
GDAP1,1.18,2.8,-0.803,0.0004725554290696517,0.0027656142657377573
EPS8L1,32.13,17.46,0.844,0.0004725554290696517,0.0027656142657377573
HGSNAT,55.03,32.71,0.733,0.0004725554290696517,0.0027656142657377573
CAPN14,0.93,3.91,-1.348,0.000472514727280772,0.0027656142657377573
S100A12,4.4,28.59,-2.455,0.0004725554290696517,0.0027656142657377573
NOP16,13.17,19.25,-0.515,0.0004725554290696517,0.0027656142657377573
OLR1,72.9,33.86,1.084,0.0004725554290696517,0.0027656142657377573
RPP25,25.66,39.79,-0.613,0.0004725554290696517,0.0027656142657377573
IFT122,8.87,12.46,-0.448,0.0004725554290696517,0.0027656142657377573
EEFSEC,28.56,37.54,-0.383,0.0004725554290696517,0.0027656142657377573
RYK,26.34,39.14,-0.554,0.0004725554290696517,0.0027656142657377573
AP1S3,9.38,5.86,0.598,0.0004725554290696517,0.0027656142657377573
SOCS6,17.17,12.23,0.457,0.0004725554290696517,0.0027656142657377573
CST5,2.89,0.8,1.112,0.00047508539971750956,0.002779350203276135
DUOXA2,1.43,2.76,-0.628,0.0004787376769836009,0.002799638770751289
CTBP2,22.66,16.48,0.437,0.0004854954711024802,0.0028196225888608493
PRR29,4.37,3.29,0.325,0.0004854954711024802,0.0028196225888608493
ZNF672,46.35,35.21,0.387,0.0004854954711024802,0.0028196225888608493
NR4A2,28.52,13.53,1.023,0.0004854954711024802,0.0028196225888608493
NUB1,49.44,42.05,0.229,0.0004854954711024802,0.0028196225888608493
TMEM184A,20.44,9.76,0.994,0.0004854954711024802,0.0028196225888608493
FAM20A,29.07,15.41,0.874,0.0004854954711024802,0.0028196225888608493
KCNS3,64.73,43.35,0.568,0.0004854954711024802,0.0028196225888608493
LYPD6,1.8,4.41,-0.952,0.00048547464365263115,0.0028196225888608493
GGPS1,16.49,12.47,0.377,0.0004854954711024802,0.0028196225888608493
TBX18,0.92,2.59,-0.903,0.00048541216507039486,0.0028196225888608493
PISD,22.67,27.09,-0.247,0.0004854954711024802,0.0028196225888608493
TRIM69,13.64,20.07,-0.525,0.0004854954711024802,0.0028196225888608493
MARS1,47.44,63.74,-0.419,0.0004854954711024802,0.0028196225888608493
CTSS,222.38,146.19,0.602,0.0004854954711024802,0.0028196225888608493
CDKN3,13.69,28.59,-1.01,0.0004854954711024802,0.0028196225888608493
USP27X,11.4,6.59,0.709,0.0004854954711024802,0.0028196225888608493
GPR137B,30.31,45.19,-0.561,0.0004854954711024802,0.0028196225888608493
H4C2,0.21,8.32,-2.944,0.000488862387370063,0.0028380918040937586
CSAG3,2.34,8.38,-1.487,0.0004909076234740086,0.0028488768233157417
GATA5,1.66,0.7,0.646,0.0004920676416360551,0.0028545183960964433
SHH,4.79,2.76,0.622,0.0004987653700281885,0.002883463571856266
TBC1D30,1.74,0.97,0.48,0.0004987653700281885,0.002883463571856266
TTPAL,10.62,15.47,-0.503,0.0004987653700281885,0.002883463571856266
PDCD5,69.3,111.41,-0.677,0.0004987653700281885,0.002883463571856266
KCNQ1,29.5,13.8,1.043,0.0004987653700281885,0.002883463571856266
ACYP1,8.32,12.64,-0.55,0.0004987653700281885,0.002883463571856266
SEC24A,22.66,16.34,0.449,0.0004987653700281885,0.002883463571856266
FAM167A,11.6,5.23,1.016,0.0004987653700281885,0.002883463571856266
PGAM1,56.69,84.07,-0.56,0.0004987653700281885,0.002883463571856266
IGFL3,1.46,4.54,-1.174,0.0004989572541264205,0.0028834756797043387
ACP6,7.95,4.46,0.712,0.0005055048553271692,0.0029202035235687002
ACTR1A,85.87,70.45,0.282,0.0005123728258451389,0.002948666796615604
CYSTM1,139.51,81.5,0.768,0.0005123728258451389,0.002948666796615604
BCL7A,11.77,19.35,-0.672,0.0005123728258451389,0.002948666796615604
RBPJ,40.17,29.22,0.446,0.0005123728258451389,0.002948666796615604
APTX,6.05,8.84,-0.481,0.0005123728258451389,0.002948666796615604
SEMA6D,3.96,14.48,-1.643,0.0005123728258451389,0.002948666796615604
APOO,16.3,25.06,-0.591,0.0005123728258451389,0.002948666796615604
PCLAF,5.34,10.15,-0.815,0.0005123728258451389,0.002948666796615604
DUOX2,3.68,6.69,-0.716,0.0005123728258451389,0.002948666796615604
KANSL2,26.85,38.45,-0.502,0.0005123728258451389,0.002948666796615604
CERS2,85.18,58.7,0.53,0.0005263256988291466,0.003017534468796688
FAM174A,60.17,44.42,0.429,0.0005263256988291466,0.003017534468796688
HMGA1,408.61,621.16,-0.603,0.0005263256988291466,0.003017534468796688
AZIN2,3.15,1.81,0.564,0.0005263256988291466,0.003017534468796688
COLEC11,3.09,5.93,-0.76,0.0005263256988291466,0.003017534468796688
EXOSC5,48.84,74.72,-0.603,0.0005263256988291466,0.003017534468796688
KLRG2,6.75,16.54,-1.178,0.0005263256988291466,0.003017534468796688
RPL22L1,52.32,83.81,-0.67,0.0005263256988291466,0.003017534468796688
R3HDM1,12.57,18.45,-0.519,0.0005263256988291466,0.003017534468796688
CASP10,16.27,10.91,0.536,0.0005263256988291466,0.003017534468796688
MAGEA3,25.42,46.49,-0.846,0.0005277679010866937,0.0030246615319540317
HOXD1,3.87,0.7,1.522,0.0005334115938301807,0.0030558530712903225
NIT2,15.09,21.94,-0.512,0.0005406320123630947,0.003083266578015202
WNT5A,18.36,59.09,-1.634,0.0005406320123630947,0.003083266578015202
ACHE,24.17,3.37,2.526,0.0005406320123630947,0.003083266578015202
TFDP1,71.17,105.03,-0.555,0.0005406320123630947,0.003083266578015202
ZC2HC1C,1.76,1.27,0.28,0.0005406091787102296,0.003083266578015202
DVL2,20.42,30.02,-0.534,0.0005406320123630947,0.003083266578015202
NUDT15,31.61,43.31,-0.442,0.0005406320123630947,0.003083266578015202
ZUP1,9.85,12.62,-0.328,0.0005406320123630947,0.003083266578015202
ZNF711,3.06,7.01,-0.98,0.0005406320123630947,0.003083266578015202
SLC39A4,35.44,20.97,0.73,0.0005406320123630947,0.003083266578015202
KIF14,3.96,7.64,-0.8,0.0005406320123630947,0.003083266578015202
GADD45B,111.61,78.48,0.503,0.0005406320123630947,0.003083266578015202
COL8A1,55.69,28.01,0.966,0.0005552999558039996,0.0031527175741891504
EXT1,28.4,44.11,-0.618,0.0005552999558039996,0.0031527175741891504
FAM161B,3.57,2.41,0.421,0.0005552999558039996,0.0031527175741891504
ADGRL3,1.27,2.46,-0.609,0.0005552999558039996,0.0031527175741891504
TET3,10.58,17.23,-0.654,0.0005552999558039996,0.0031527175741891504
ODC1,334.6,506.12,-0.596,0.0005552999558039996,0.0031527175741891504
MYOF,114.71,69.4,0.717,0.0005552999558039996,0.0031527175741891504
RDH16,0.73,3.13,-1.256,0.0005552999558039996,0.0031527175741891504
LNX2,30.64,19.6,0.619,0.0005552999558039996,0.0031527175741891504
RRM2,19.42,34.23,-0.787,0.0005552999558039996,0.0031527175741891504
PDCD7,20.93,27.42,-0.374,0.0005552999558039996,0.0031527175741891504
NFASC,1.32,3.14,-0.835,0.0005552999558039996,0.0031527175741891504
WDR4,12.58,19.53,-0.596,0.0005703378873876967,0.0032272415355982407
GZMB,19.37,43.05,-1.113,0.0005703378873876967,0.0032272415355982407
QSER1,11.56,16.94,-0.514,0.0005703378873876967,0.0032272415355982407
EAF2,7.19,9.71,-0.387,0.0005703378873876967,0.0032272415355982407
SPRING1,56.03,28.5,0.951,0.0005703378873876967,0.0032272415355982407
KIF5B,114.21,86.43,0.398,0.0005703378873876967,0.0032272415355982407
FAN1,3.4,5.2,-0.495,0.0005703378873876967,0.0032272415355982407
CEACAM5,646.96,84.25,2.926,0.0005703378873876967,0.0032272415355982407
ANKFN1,1.3,0.91,0.272,0.0005703139873778632,0.0032272415355982407
SCARB2,53.35,40.0,0.407,0.0005857543371713312,0.00329362163014213
PARP4,61.58,41.75,0.55,0.0005857543371713312,0.00329362163014213
MYRIP,1.48,0.52,0.708,0.0005857543371713312,0.00329362163014213
FUT2,23.13,11.53,0.945,0.000585729887520915,0.00329362163014213
COX5A,170.33,245.41,-0.524,0.0005857543371713312,0.00329362163014213
INPPL1,79.91,52.76,0.59,0.0005857543371713312,0.00329362163014213
SPAG4,22.61,12.64,0.792,0.0005857543371713312,0.00329362163014213
MYNN,11.34,19.44,-0.728,0.0005857543371713312,0.00329362163014213
ATP5IF1,121.58,94.27,0.364,0.0005857543371713312,0.00329362163014213
CCRL2,10.09,6.14,0.636,0.0005857543371713312,0.00329362163014213
NEURL1,2.0,4.38,-0.845,0.000585729887520915,0.00329362163014213
GMNN,24.05,40.04,-0.712,0.0005857543371713312,0.00329362163014213
WDHD1,7.24,12.31,-0.692,0.0005857543371713312,0.00329362163014213
CBX2,9.33,21.24,-1.107,0.0005857543371713312,0.00329362163014213
ANKRD13A,30.64,22.52,0.428,0.0005857543371713312,0.00329362163014213
SH3D19,33.44,23.9,0.468,0.0005857543371713312,0.00329362163014213
DUSP4,35.24,18.83,0.87,0.0005857543371713312,0.00329362163014213
CBY2,0.62,1.6,-0.68,0.0005933105812076258,0.0033348751980345754
TUBB,548.47,789.03,-0.524,0.0006015580100138594,0.003360099575786973
TPP1,92.77,71.77,0.366,0.0006015580100138594,0.003360099575786973
TMEM167B,55.2,44.08,0.318,0.0006015580100138594,0.003360099575786973
EIF4EBP1,143.81,299.43,-1.053,0.0006015580100138594,0.003360099575786973
ZWINT,41.64,69.77,-0.731,0.0006015580100138594,0.003360099575786973
PSRC1,9.09,15.72,-0.729,0.0006015580100138594,0.003360099575786973
XPO5,22.04,29.79,-0.418,0.0006015580100138594,0.003360099575786973
RNF126,28.78,42.22,-0.537,0.0006015580100138594,0.003360099575786973
KL,4.05,1.79,0.855,0.0006015580100138594,0.003360099575786973
PRPF4,28.6,48.14,-0.731,0.0006015580100138594,0.003360099575786973
FGD1,4.52,8.96,-0.851,0.0006015580100138594,0.003360099575786973
RELL2,1.94,3.63,-0.656,0.0006015580100138594,0.003360099575786973
GRIP1,1.97,4.32,-0.838,0.0006015580100138594,0.003360099575786973
CEP85,12.78,20.24,-0.624,0.0006015580100138594,0.003360099575786973
MBD2,40.68,52.92,-0.372,0.0006015580100138594,0.003360099575786973
ARL10,1.9,3.63,-0.676,0.0006015580100138594,0.003360099575786973
FAM135A,7.05,10.25,-0.483,0.0006015580100138594,0.003360099575786973
VSIG1,80.44,3.71,4.113,0.0006177577885946895,0.00342915384805229
SRF,53.87,64.73,-0.261,0.0006177577885946895,0.00342915384805229
PLA2G15,20.1,15.99,0.313,0.0006177577885946895,0.00342915384805229
SAAL1,10.21,15.01,-0.514,0.0006177577885946895,0.00342915384805229
ARMH4,1.8,3.2,-0.588,0.0006177577885946895,0.00342915384805229
AFG3L2,18.88,26.06,-0.445,0.0006177577885946895,0.00342915384805229
TRADD,57.9,39.54,0.539,0.0006177577885946895,0.00342915384805229
RFC2,48.85,73.4,-0.578,0.0006177577885946895,0.00342915384805229
SLC30A9,36.82,27.07,0.43,0.0006177577885946895,0.00342915384805229
BRI3BP,13.43,18.79,-0.455,0.0006177577885946895,0.00342915384805229
MAGEF1,103.78,175.15,-0.749,0.0006177577885946895,0.00342915384805229
CDH17,6.16,0.49,2.268,0.0006177577885946895,0.00342915384805229
PEX5,29.0,35.92,-0.299,0.0006177577885946895,0.00342915384805229
PNPLA7,4.01,1.92,0.778,0.0006177577885946895,0.00342915384805229
RPLP1,1205.66,1657.45,-0.459,0.0006177577885946895,0.00342915384805229
WWOX,5.69,8.11,-0.446,0.0006177577885946895,0.00342915384805229
SHARPIN,99.84,70.67,0.493,0.0006177577885946895,0.00342915384805229
ITGA8,10.84,6.61,0.638,0.0006343627364706739,0.003500861988811823
GEM,53.18,31.46,0.739,0.0006343627364706739,0.003500861988811823
SCIN,16.65,5.92,1.351,0.0006343627364706739,0.003500861988811823
TECR,54.86,74.29,-0.431,0.0006343627364706739,0.003500861988811823
PCDH12,12.66,9.35,0.4,0.0006343627364706739,0.003500861988811823
SNAPC2,35.48,28.0,0.331,0.0006343627364706739,0.003500861988811823
RSU1,62.26,47.7,0.378,0.0006343627364706739,0.003500861988811823
ZNF717,2.31,1.51,0.401,0.0006343627364706739,0.003500861988811823
TM7SF2,39.88,26.23,0.586,0.0006343627364706739,0.003500861988811823
DDX21,71.7,105.67,-0.553,0.0006343627364706739,0.003500861988811823
CCDC77,8.49,11.43,-0.389,0.0006343627364706739,0.003500861988811823
PTPMT1,2.82,2.11,0.295,0.0006343627364706739,0.003500861988811823
EHD2,176.55,126.91,0.473,0.0006343627364706739,0.003500861988811823
DOK7,3.37,1.97,0.557,0.0006343627364706739,0.003500861988811823
S100A10,1774.89,1194.92,0.57,0.0006343627364706739,0.003500861988811823
NCCRP1,10.64,29.3,-1.381,0.0006343365697555055,0.003500861988811823
GGT2,1.35,0.43,0.721,0.0006413128359489066,0.003537932431580152
GNAI1,3.68,5.61,-0.498,0.0006513821011715687,0.0035804805582849647
ATR,3.53,5.36,-0.489,0.0006513821011715687,0.0035804805582849647
MSRA,9.71,6.3,0.552,0.0006513821011715687,0.0035804805582849647
BOLA3,5.05,7.52,-0.495,0.0006513821011715687,0.0035804805582849647
PDGFD,8.88,6.83,0.335,0.0006513821011715687,0.0035804805582849647
ABCA5,3.89,8.1,-0.895,0.0006513821011715687,0.0035804805582849647
CENPL,6.04,9.71,-0.606,0.0006513821011715687,0.0035804805582849647
CNTN5,0.75,1.37,-0.436,0.0006512482965781447,0.0035804805582849647
PRR5,6.36,10.31,-0.62,0.0006513821011715687,0.0035804805582849647
RBPMS2,10.67,4.35,1.125,0.0006513821011715687,0.0035804805582849647
MEAF6,38.94,30.94,0.322,0.0006600230659706829,0.003626665620720646
GSDMC,10.2,24.5,-1.187,0.0006688253173341287,0.0036512623234845193
RPP40,8.4,13.11,-0.586,0.0006688253173341287,0.0036512623234845193
COPS2,28.69,40.65,-0.488,0.0006688253173341287,0.0036512623234845193
DEPDC1,5.58,9.77,-0.71,0.0006688253173341287,0.0036512623234845193
CD34,22.47,17.45,0.347,0.0006688253173341287,0.0036512623234845193
FBXL15,17.11,11.56,0.527,0.0006688253173341287,0.0036512623234845193
MUC13,41.82,2.6,3.573,0.0006687705777624411,0.0036512623234845193
QPCT,56.26,15.42,1.802,0.0006688253173341287,0.0036512623234845193
ST6GALNAC4,50.53,34.41,0.541,0.0006688253173341287,0.0036512623234845193
RBM43,9.61,6.79,0.447,0.0006688253173341287,0.0036512623234845193
LRP5,80.45,52.95,0.594,0.0006688253173341287,0.0036512623234845193
STOX2,2.43,4.61,-0.713,0.0006688253173341287,0.0036512623234845193
KLHL24,28.29,47.34,-0.723,0.0006688253173341287,0.0036512623234845193
C18orf32,1.9,1.29,0.339,0.0006688253173341287,0.0036512623234845193
BCL2,3.47,7.79,-0.974,0.0006688253173341287,0.0036512623234845193
PCDHAC1,1.75,0.6,0.784,0.0006688253173341287,0.0036512623234845193
ARHGAP20,4.51,2.34,0.723,0.0006688253173341287,0.0036512623234845193
ZNF608,9.7,6.89,0.44,0.0006688253173341287,0.0036512623234845193
RNF128,37.12,15.9,1.174,0.0006867020098749831,0.0037354327375691432
FRAS1,3.62,6.63,-0.724,0.0006867020098749831,0.0037354327375691432
SLC6A20,3.98,1.63,0.924,0.0006867020098749831,0.0037354327375691432
RHPN1,36.18,17.69,0.992,0.0006867020098749831,0.0037354327375691432
PPIL6,5.45,3.91,0.392,0.0006867020098749831,0.0037354327375691432
HJURP,13.42,23.51,-0.765,0.0006867020098749831,0.0037354327375691432
LCMT2,5.04,7.02,-0.409,0.0006867020098749831,0.0037354327375691432
ABI1,57.31,74.43,-0.371,0.0006867020098749831,0.0037354327375691432
ENDOV,9.19,6.63,0.418,0.0006867020098749831,0.0037354327375691432
CRLF2,1.25,0.36,0.722,0.0006867020098749831,0.0037354327375691432
GAGE2A,1.85,6.15,-1.325,0.0006950464477810672,0.003779470537271923
DENND4A,7.93,10.89,-0.413,0.0007050219972023941,0.0038186806429575666
SLC12A6,10.16,17.52,-0.73,0.0007050219972023941,0.0038186806429575666
PLEKHG4,9.87,20.3,-0.97,0.0007050219972023941,0.0038186806429575666
TWNK,10.99,15.99,-0.502,0.0007050219972023941,0.0038186806429575666
MTURN,20.63,12.79,0.649,0.0007050219972023941,0.0038186806429575666
C2CD2,14.87,11.95,0.294,0.0007050219972023941,0.0038186806429575666
ACTRT3,4.24,7.16,-0.64,0.0007050219972023941,0.0038186806429575666
CAMK1,1.9,1.22,0.385,0.0007050219972023941,0.0038186806429575666
ENG,117.7,83.25,0.495,0.0007050219972023941,0.0038186806429575666
PEX11B,81.65,61.85,0.395,0.0007050219972023941,0.0038186806429575666
RAMP1,106.73,35.99,1.542,0.0007050219972023941,0.0038186806429575666
ERC2,0.47,1.28,-0.635,0.0007143224049583462,0.0038662986457186155
MYRF,21.35,6.59,1.558,0.0007143224049583462,0.0038662986457186155
MMP12,57.15,144.11,-1.319,0.0007237952944670582,0.003899511315190786
CHMP4B,452.3,347.53,0.379,0.0007237952944670582,0.003899511315190786
CYP3A5,5.47,2.26,0.988,0.0007237952944670582,0.003899511315190786
GPR108,77.82,62.18,0.319,0.0007237952944670582,0.003899511315190786
GABPB1,12.08,16.27,-0.402,0.0007237952944670582,0.003899511315190786
SPTB,7.52,1.75,1.629,0.0007237952944670582,0.003899511315190786
TWIST1,5.66,17.52,-1.476,0.0007237952944670582,0.003899511315190786
KCNN4,50.56,20.89,1.236,0.0007237952944670582,0.003899511315190786
C1orf112,4.01,7.18,-0.707,0.0007237952944670582,0.003899511315190786
HSD17B14,41.73,27.87,0.566,0.0007237952944670582,0.003899511315190786
RBSN,15.98,12.15,0.369,0.0007237952944670582,0.003899511315190786
SLC36A4,6.52,4.76,0.384,0.0007237952944670582,0.003899511315190786
SEMA3D,1.81,4.58,-0.992,0.0007237952944670582,0.003899511315190786
FGF9,1.24,0.81,0.303,0.0007331479721416814,0.0039484995181668075
ZDHHC6,37.52,29.24,0.349,0.0007430321168520217,0.0040003142988422275
SIX2,12.41,17.57,-0.47,0.0007627428829018488,0.004090488040920505
YPEL2,10.3,7.58,0.397,0.0007627428829018488,0.004090488040920505
BMP3,15.98,6.61,1.158,0.0007627428829018488,0.004090488040920505
PACC1,13.54,25.15,-0.847,0.0007627428829018488,0.004090488040920505
CBX6,29.62,46.1,-0.621,0.0007627428829018488,0.004090488040920505
MGP,165.43,135.56,0.285,0.0007627428829018488,0.004090488040920505
THAP11,37.8,47.92,-0.334,0.0007627428829018488,0.004090488040920505
FAM72C,0.53,1.12,-0.469,0.0007626205029034549,0.004090488040920505
CAD,25.92,44.23,-0.749,0.0007627428829018488,0.004090488040920505
FIP1L1,8.32,10.2,-0.266,0.0007627428829018488,0.004090488040920505
RHOBTB1,15.11,10.93,0.433,0.0007627428829018488,0.004090488040920505
METTL24,0.96,3.57,-1.222,0.0007727483703619717,0.004142683835889004
CLEC14A,64.35,41.52,0.62,0.0007829382178911192,0.004176678491720426
MCM3,94.52,133.28,-0.491,0.0007829382178911192,0.004176678491720426
PACSIN2,101.07,69.52,0.533,0.0007829382178911192,0.004176678491720426
TRIM6,5.37,2.84,0.728,0.0007829382178911192,0.004176678491720426
FARSA,75.74,102.75,-0.435,0.0007829382178911192,0.004176678491720426
BEND6,1.89,2.98,-0.466,0.0007829382178911192,0.004176678491720426
HMGB2,105.45,149.61,-0.501,0.0007829382178911192,0.004176678491720426
PSMD7,34.99,48.3,-0.454,0.0007829382178911192,0.004176678491720426
LAD1,85.8,147.84,-0.778,0.0007829382178911192,0.004176678491720426
NRGN,80.39,42.95,0.889,0.0007829382178911192,0.004176678491720426
GCNT3,16.55,5.52,1.429,0.0007829069374649414,0.004176678491720426
UQCRFS1,54.19,81.74,-0.584,0.0007829382178911192,0.004176678491720426
QTRT2,9.88,14.86,-0.544,0.0007829382178911192,0.004176678491720426
KIF20A,15.41,27.25,-0.784,0.0007829382178911192,0.004176678491720426
RETSAT,59.8,43.62,0.446,0.0008036289572323189,0.004246794694688912
MCEMP1,40.35,19.48,1.014,0.0008036289572323189,0.004246794694688912
WASF2,93.53,135.95,-0.535,0.0008036289572323189,0.004246794694688912
ALG5,58.43,43.43,0.42,0.0008036289572323189,0.004246794694688912
RAVER2,9.21,13.07,-0.463,0.0008036289572323189,0.004246794694688912
ARF1,667.4,544.1,0.294,0.0008036289572323189,0.004246794694688912
STX19,10.04,6.09,0.638,0.0008036289572323189,0.004246794694688912
NOS2,1.58,20.58,-3.062,0.0008036289572323189,0.004246794694688912
RAB10,161.61,227.22,-0.489,0.0008036289572323189,0.004246794694688912
GLS,80.89,34.75,1.196,0.0008036289572323189,0.004246794694688912
TMEM9B,89.16,67.32,0.4,0.0008036289572323189,0.004246794694688912
UBE2D4,11.78,9.1,0.34,0.0008035969791498811,0.004246794694688912
KCNH8,0.49,2.17,-1.085,0.0008035650019329167,0.004246794694688912
BBC3,11.46,8.22,0.435,0.0008036289572323189,0.004246794694688912
ARMT1,43.76,31.62,0.457,0.0008036289572323189,0.004246794694688912
CLIC5,31.74,14.28,1.099,0.0008036289572323189,0.004246794694688912
HLA-DRB1,2603.57,1512.74,0.783,0.0008036289572323189,0.004246794694688912
TEKT5,1.05,0.6,0.362,0.0008036289572323189,0.004246794694688912
CD1E,6.57,2.38,1.163,0.0008036289572323189,0.004246794694688912
TFAP4,6.01,9.89,-0.635,0.0008036289572323189,0.004246794694688912
SPTLC3,8.09,3.5,1.016,0.0008036289572323189,0.004246794694688912
KLC3,4.93,10.01,-0.894,0.0008036289572323189,0.004246794694688912
HDAC2,20.75,28.6,-0.445,0.0008036289572323189,0.004246794694688912
WDR13,41.69,31.03,0.415,0.0008036289572323189,0.004246794694688912
STK16,27.09,21.19,0.34,0.0008036289572323189,0.004246794694688912
CNDP2,57.4,44.41,0.363,0.0008036289572323189,0.004246794694688912
POLA2,3.32,4.42,-0.327,0.0008036289572323189,0.004246794694688912
CYSLTR1,5.5,2.48,0.902,0.000824826149923246,0.0043376890604997845
ABHD10,29.19,38.27,-0.38,0.000824826149923246,0.0043376890604997845
ACKR2,6.37,0.98,1.899,0.0008247607719121935,0.0043376890604997845
GINS4,3.32,4.97,-0.468,0.000824826149923246,0.0043376890604997845
DENND4C,18.0,12.05,0.542,0.000824826149923246,0.0043376890604997845
PA2G4,72.38,94.65,-0.382,0.000824826149923246,0.0043376890604997845
SYNCRIP,42.02,54.41,-0.365,0.000824826149923246,0.0043376890604997845
IL13RA1,123.0,90.69,0.436,0.000824826149923246,0.0043376890604997845
USP45,3.32,4.55,-0.36,0.000824826149923246,0.0043376890604997845
SP100,22.54,17.14,0.376,0.000824826149923246,0.0043376890604997845
GDPD2,0.29,1.44,-0.914,0.0008241398562614519,0.0043376890604997845
RGS9,3.18,6.51,-0.845,0.000824826149923246,0.0043376890604997845
ANKRD13C,17.06,13.38,0.329,0.000824826149923246,0.0043376890604997845
CRY2,29.8,21.31,0.465,0.000824826149923246,0.0043376890604997845
CKM,3.09,4.41,-0.403,0.0008465076472965044,0.004433470649941907
SCD5,19.87,36.72,-0.854,0.0008465410620339284,0.004433470649941907
GABRE,8.52,32.86,-1.831,0.0008465410620339284,0.004433470649941907
GSTK1,85.95,68.63,0.321,0.0008465410620339284,0.004433470649941907
COL9A3,1.58,9.71,-2.054,0.0008465410620339284,0.004433470649941907
C1RL,47.25,37.99,0.308,0.0008465410620339284,0.004433470649941907
GNA13,46.37,68.38,-0.551,0.0008465410620339284,0.004433470649941907
FBXO30,6.69,9.96,-0.51,0.0008465410620339284,0.004433470649941907
FYB2,2.05,1.08,0.548,0.0008458729370876122,0.004433470649941907
STOML2,151.11,241.69,-0.674,0.0008465410620339284,0.004433470649941907
ZNF131,12.65,17.88,-0.468,0.0008465410620339284,0.004433470649941907
ASF1B,32.66,59.87,-0.855,0.0008465410620339284,0.004433470649941907
STMND1,2.85,2.16,0.286,0.000852034284153979,0.004460701888060442
MTRNR2L1,2.88,0.39,1.485,0.0008563806348717149,0.004481912154876323
BPIFB2,30.5,22.19,0.442,0.0008610710528346853,0.004504907887643724
IFFO2,16.46,31.9,-0.914,0.0008687851802331611,0.004515721260103461
ZNF415,6.17,4.24,0.452,0.0008687851802331611,0.004515721260103461
OSER1,52.12,76.86,-0.552,0.0008687851802331611,0.004515721260103461
ZNF74,7.63,10.64,-0.433,0.0008687851802331611,0.004515721260103461
KHDRBS2,3.6,1.61,0.818,0.0008687510260491525,0.004515721260103461
SFTPA1,6856.16,2959.21,1.212,0.0008687851802331611,0.004515721260103461
PRDM1,13.44,19.64,-0.516,0.0008687851802331611,0.004515721260103461
ZNF701,4.1,3.02,0.342,0.0008687168727732747,0.004515721260103461
SH2D2A,7.67,14.96,-0.881,0.0008687851802331611,0.004515721260103461
CHAD,3.95,1.76,0.843,0.0008687851802331611,0.004515721260103461
ITGA1,13.49,8.81,0.564,0.0008687851802331611,0.004515721260103461
PLEKHF1,25.15,19.92,0.322,0.0008687851802331611,0.004515721260103461
ITGB3,5.91,2.33,1.054,0.0008687851802331611,0.004515721260103461
ZMAT3,8.99,12.03,-0.382,0.0008687851802331611,0.004515721260103461
OTX1,4.64,9.96,-0.958,0.0008687851802331611,0.004515721260103461
RAB30,3.95,5.8,-0.46,0.0008687851802331611,0.004515721260103461
ZMYND11,50.55,38.19,0.395,0.0008687851802331611,0.004515721260103461
XPNPEP1,23.62,30.23,-0.343,0.0008687851802331611,0.004515721260103461
NXPH3,2.69,2.53,0.064,0.0008687851802331611,0.004515721260103461
COL2A1,1.66,4.79,-1.122,0.0008796950513743388,0.004569711768826897
CRYGN,1.36,0.32,0.842,0.0008800057572840537,0.004569711768826897
CNTN1,3.75,14.9,-1.745,0.0008800748131104785,0.004569711768826897
H1-10,143.62,209.23,-0.54,0.0008915702153546752,0.004610492267489306
STK17B,46.71,34.0,0.447,0.0008915702153546752,0.004610492267489306
RNF223,4.75,2.3,0.802,0.0008915702153546752,0.004610492267489306
MB,18.7,6.51,1.393,0.0008915702153546752,0.004610492267489306
TFCP2L1,17.0,9.08,0.837,0.0008915702153546752,0.004610492267489306
VEPH1,12.15,5.68,0.977,0.0008915702153546752,0.004610492267489306
NME3,93.31,64.19,0.533,0.0008915702153546752,0.004610492267489306
DCDC2,5.91,1.64,1.387,0.0008915702153546752,0.004610492267489306
SPCS2,54.58,45.0,0.273,0.0008915702153546752,0.004610492267489306
PAQR3,4.74,7.18,-0.51,0.0008915702153546752,0.004610492267489306
PDK1,5.81,11.04,-0.823,0.0008915702153546752,0.004610492267489306
TMED4,153.23,111.57,0.454,0.0008915702153546752,0.004610492267489306
CDX1,0.7,3.35,-1.357,0.0009149081060029508,0.004702367677436681
FAM72B,1.28,2.24,-0.51,0.0009149081060029508,0.004702367677436681
EPHB6,9.31,15.37,-0.667,0.0009149081060029508,0.004702367677436681
NIP7,21.67,30.57,-0.478,0.0009149081060029508,0.004702367677436681
ZBTB7C,7.17,19.3,-1.314,0.0009149081060029508,0.004702367677436681
CDCA8,26.84,40.79,-0.586,0.0009149081060029508,0.004702367677436681
LRG1,59.85,33.87,0.803,0.0009149081060029508,0.004702367677436681
KPNA2,48.55,79.17,-0.694,0.0009149081060029508,0.004702367677436681
MYO1D,66.16,43.57,0.592,0.0009149081060029508,0.004702367677436681
AGO2,12.09,17.17,-0.473,0.0009149081060029508,0.004702367677436681
GABRB2,1.26,0.15,0.977,0.0009144443852148295,0.004702367677436681
MAN2B2,34.67,26.65,0.367,0.0009149081060029508,0.004702367677436681
RGS6,0.39,2.01,-1.112,0.0009147654058118599,0.004702367677436681
RYR1,3.14,5.63,-0.68,0.0009148724295491456,0.004702367677436681
ARL6IP6,18.96,26.63,-0.469,0.0009149081060029508,0.004702367677436681
SLC6A11,0.52,2.0,-0.986,0.0009128047987293476,0.004702367677436681
EIF3K,158.18,212.17,-0.421,0.0009149081060029508,0.004702367677436681
CDK2,22.3,29.76,-0.401,0.0009149081060029508,0.004702367677436681
TRO,3.24,6.93,-0.902,0.0009388110221987393,0.004794405331181663
AGT,23.58,5.72,1.871,0.0009388110221987393,0.004794405331181663
C1orf226,18.69,12.48,0.546,0.0009388110221987393,0.004794405331181663
TMEM86A,8.94,5.53,0.606,0.0009388110221987393,0.004794405331181663
TCIRG1,87.91,55.49,0.654,0.0009388110221987393,0.004794405331181663
DPYD,27.77,18.52,0.559,0.0009388110221987393,0.004794405331181663
SELENOO,26.32,36.48,-0.456,0.0009388110221987393,0.004794405331181663
OSGEP,21.37,17.6,0.267,0.0009388110221987393,0.004794405331181663
UBR1,12.99,9.85,0.367,0.0009388110221987393,0.004794405331181663
APPL2,23.67,33.43,-0.481,0.0009388110221987393,0.004794405331181663
GABRP,7.94,28.33,-1.713,0.0009388110221987393,0.004794405331181663
CKS1B,40.22,68.85,-0.761,0.0009388110221987393,0.004794405331181663
RNF227,5.81,7.9,-0.386,0.0009388110221987393,0.004794405331181663
PNPT1,24.11,33.17,-0.444,0.0009388110221987393,0.004794405331181663
WBP2,112.53,85.02,0.4,0.0009388110221987393,0.004794405331181663
GJB2,62.14,184.43,-1.554,0.0009388110221987393,0.004794405331181663
NOB1,43.78,62.79,-0.511,0.0009388110221987393,0.004794405331181663
TMEM44,11.83,18.61,-0.612,0.0009388110221987393,0.004794405331181663
SAE1,75.97,109.69,-0.524,0.0009388110221987393,0.004794405331181663
BBOX1,2.29,3.75,-0.529,0.0009632913690642292,0.004902943306597264
CENPE,4.06,6.04,-0.475,0.0009632913690642292,0.004902943306597264
SOSTDC1,16.44,37.67,-1.149,0.0009632913690642292,0.004902943306597264
LDLRAD1,13.38,11.79,0.169,0.0009631050882051205,0.004902943306597264
TM4SF18,10.6,4.45,1.091,0.0009632913690642292,0.004902943306597264
OPN3,6.48,2.68,1.024,0.0009632913690642292,0.004902943306597264
CLTRN,6.94,1.63,1.592,0.0009632913690642292,0.004902943306597264
BORCS5,6.37,7.29,-0.169,0.0009632913690642292,0.004902943306597264
CKMT2,1.77,2.13,-0.173,0.0009632913690642292,0.004902943306597264
CTTNBP2,1.3,3.41,-0.941,0.0009632913690642292,0.004902943306597264
MICU1,57.7,47.68,0.27,0.0009883617905479128,0.005007062582125522
BLVRA,148.71,102.67,0.53,0.0009883617905479128,0.005007062582125522
SLC16A3,60.58,30.66,0.96,0.0009883617905479128,0.005007062582125522
PCSK9,7.8,17.56,-1.078,0.0009883617905479128,0.005007062582125522
A2M,616.35,433.94,0.505,0.0009883617905479128,0.005007062582125522
GPR35,4.77,1.44,1.239,0.0009883617905479128,0.005007062582125522
ETNK2,7.01,11.9,-0.687,0.0009883617905479128,0.005007062582125522
IGSF9,15.22,33.24,-1.078,0.0009883617905479128,0.005007062582125522
TMEM161A,29.7,40.7,-0.442,0.0009883617905479128,0.005007062582125522
KIF2C,20.59,30.62,-0.551,0.0009883617905479128,0.005007062582125522
SNRPD1,29.68,45.12,-0.588,0.0009883617905479128,0.005007062582125522
BTC,13.58,8.41,0.632,0.0009883617905479128,0.005007062582125522
TSEN15,12.03,17.94,-0.54,0.0009883617905479128,0.005007062582125522
NEK2,15.4,26.34,-0.737,0.0009883617905479128,0.005007062582125522
PXMP4,27.49,15.64,0.776,0.0010140351731890984,0.0051098628146805875
IBA57,3.19,5.12,-0.547,0.0010140351731890984,0.0051098628146805875
PRXL2A,36.96,57.97,-0.636,0.0010140351731890984,0.0051098628146805875
CC2D1B,24.3,18.66,0.363,0.0010140351731890984,0.0051098628146805875
MRPL3,98.02,145.56,-0.566,0.0010140351731890984,0.0051098628146805875
DEGS2,8.57,4.5,0.8,0.0010140351731890984,0.0051098628146805875
CIR1,49.31,41.2,0.253,0.0010140351731890984,0.0051098628146805875
FAM177B,4.74,0.7,1.758,0.0010140351731890984,0.0051098628146805875
TOR3A,66.49,99.55,-0.575,0.0010140351731890984,0.0051098628146805875
PLA2G1B,37.74,11.12,1.677,0.0010132573420843624,0.0051098628146805875
TLN2,2.35,4.43,-0.695,0.0010140351731890984,0.0051098628146805875
SMCO2,0.72,1.21,-0.365,0.0010132573420843624,0.0051098628146805875
QRFPR,0.13,2.07,-1.441,0.0010108638917963513,0.0051098628146805875
ZNF750,19.62,35.19,-0.812,0.0010140351731890984,0.0051098628146805875
TFIP11,16.14,20.46,-0.324,0.0010140351731890984,0.0051098628146805875
TMEM263,53.01,40.35,0.386,0.0010140351731890984,0.0051098628146805875
ADAT2,3.21,4.53,-0.393,0.0010403246499220212,0.005228465896879016
EIF4E3,8.72,5.45,0.593,0.0010403246499220212,0.005228465896879016
NTN4,60.02,34.48,0.782,0.0010403246499220212,0.005228465896879016
BUB1,12.73,19.6,-0.585,0.0010403246499220212,0.005228465896879016
LMNB1,35.47,55.29,-0.626,0.0010403246499220212,0.005228465896879016
SLC2A12,3.64,13.32,-1.626,0.0010403246499220212,0.005228465896879016
RALGPS1,5.09,3.51,0.434,0.0010403246499220212,0.005228465896879016
ZBTB4,66.36,50.66,0.383,0.0010403246499220212,0.005228465896879016
MAGEB2,3.18,30.18,-2.9,0.0010468563711389033,0.005259553190050714
DAW1,4.36,3.23,0.341,0.001053262731489224,0.005289990307277944
PI15,2.52,5.37,-0.856,0.0010672436039195342,0.005326751667000488
PLAAT5,3.89,1.5,0.967,0.0010672029967538745,0.005326751667000488
CTSZ,590.68,464.98,0.345,0.0010672436039195342,0.005326751667000488
GSTO1,183.34,269.27,-0.552,0.0010672436039195342,0.005326751667000488
POFUT1,35.36,48.8,-0.454,0.0010672436039195342,0.005326751667000488
VWA3B,2.41,2.73,-0.128,0.0010672436039195342,0.005326751667000488
BCAS1,9.12,3.32,1.228,0.0010672436039195342,0.005326751667000488
RNGTT,11.97,16.78,-0.454,0.0010672436039195342,0.005326751667000488
VWA7,8.07,5.84,0.406,0.0010672436039195342,0.005326751667000488
BBOF1,5.43,3.88,0.396,0.0010672436039195342,0.005326751667000488
PDIK1L,14.04,10.56,0.379,0.0010672436039195342,0.005326751667000488
TRIM35,13.64,19.52,-0.488,0.0010672436039195342,0.005326751667000488
TCTEX1D4,2.44,1.87,0.261,0.0010672436039195342,0.005326751667000488
CALM2,290.9,219.39,0.405,0.0010672436039195342,0.005326751667000488
HK2,51.37,85.13,-0.718,0.0010672436039195342,0.005326751667000488
PDPN,36.94,92.16,-1.296,0.0010672436039195342,0.005326751667000488
UMODL1,2.34,0.48,1.171,0.0010672436039195342,0.005326751667000488
USHBP1,2.29,1.54,0.371,0.0010672436039195342,0.005326751667000488
SRI,71.4,54.49,0.384,0.0010672436039195342,0.005326751667000488
GBX2,0.23,1.01,-0.707,0.0010753994136742833,0.005365695662382064
LRBA,17.64,12.7,0.444,0.0010948056724763174,0.005426878493289621
HSPB1,989.23,1979.84,-1.0,0.0010948056724763174,0.005426878493289621
ZYG11B,17.63,13.66,0.346,0.0010948056724763174,0.005426878493289621
CDC40,10.58,14.41,-0.413,0.0010948056724763174,0.005426878493289621
SLC35F5,30.86,25.11,0.287,0.0010948056724763174,0.005426878493289621
PGBD4,1.5,2.29,-0.392,0.0010948056724763174,0.005426878493289621
SNX30,21.88,12.65,0.746,0.0010948056724763174,0.005426878493289621
TBX1,7.72,11.2,-0.484,0.0010948056724763174,0.005426878493289621
ADAMTSL2,15.53,8.62,0.781,0.0010948056724763174,0.005426878493289621
HEATR1,13.87,21.71,-0.611,0.0010948056724763174,0.005426878493289621
U2SURP,28.49,44.92,-0.639,0.0010948056724763174,0.005426878493289621
TYMS,6.49,11.13,-0.695,0.0010948056724763174,0.005426878493289621
PDGFRL,25.94,14.03,0.842,0.0010948056724763174,0.005426878493289621
UGT3A2,0.29,1.68,-1.062,0.0010898349825579571,0.005426878493289621
ICAM5,10.78,6.78,0.598,0.0010948056724763174,0.005426878493289621
MCM8,2.59,4.24,-0.543,0.0010947641879275264,0.005426878493289621
POLRMT,22.8,32.13,-0.477,0.0010948056724763174,0.005426878493289621
TMEM38A,11.57,8.71,0.372,0.0010948056724763174,0.005426878493289621
ERFL,2.47,0.8,0.951,0.0010948056724763174,0.005426878493289621
AGFG2,16.81,11.86,0.47,0.0010948056724763174,0.005426878493289621
ETFA,46.12,60.93,-0.394,0.0011230247509314757,0.005543247251755007
NKRF,8.28,11.66,-0.449,0.0011230247509314757,0.005543247251755007
DENND1B,7.45,5.55,0.368,0.0011230247509314757,0.005543247251755007
SHCBP1,6.25,8.76,-0.428,0.0011230247509314757,0.005543247251755007
IRF7,79.72,44.31,0.833,0.0011230247509314757,0.005543247251755007
ZNF90,2.34,0.87,0.841,0.0011230247509314757,0.005543247251755007
SPATA5L1,8.52,10.78,-0.308,0.0011230247509314757,0.005543247251755007
SLC49A4,20.62,28.78,-0.462,0.0011230247509314757,0.005543247251755007
PKM,517.92,733.34,-0.501,0.0011230247509314757,0.005543247251755007
MED11,20.78,15.89,0.367,0.0011230247509314757,0.005543247251755007
GBGT1,8.0,5.24,0.53,0.0011230247509314757,0.005543247251755007
HK1,83.82,129.02,-0.616,0.0011230247509314757,0.005543247251755007
F2RL3,8.08,5.48,0.487,0.0011230247509314757,0.005543247251755007
SHOC2,38.94,31.7,0.288,0.0011519149966305296,0.005652792165312544
PDK4,53.64,27.57,0.936,0.0011519149966305296,0.005652792165312544
ASTE1,6.71,9.05,-0.384,0.0011518717074310253,0.005652792165312544
TMSB10,9571.16,7513.34,0.349,0.0011519149966305296,0.005652792165312544
C2,26.3,12.3,1.038,0.0011519149966305296,0.005652792165312544
B4GALT6,3.35,6.14,-0.713,0.0011519149966305296,0.005652792165312544
RAB15,36.52,17.96,0.984,0.0011519149966305296,0.005652792165312544
CBX4,56.95,40.31,0.489,0.0011519149966305296,0.005652792165312544
HOGA1,0.83,1.4,-0.394,0.0011519149966305296,0.005652792165312544
ORM2,13.87,3.8,1.632,0.0011518717074310253,0.005652792165312544
BCL2L10,1.61,4.78,-1.149,0.0011517418462926765,0.005652792165312544
GPIHBP1,19.86,13.52,0.523,0.0011519149966305296,0.005652792165312544
DNAI4,3.83,2.68,0.393,0.0011519149966305296,0.005652792165312544
CFAP65,1.65,1.78,-0.068,0.0011514388746529062,0.005652792165312544
MFSD10,111.2,70.85,0.643,0.0011519149966305296,0.005652792165312544
GNG4,3.68,11.83,-1.456,0.0011519149966305296,0.005652792165312544
GTF2H3,26.97,34.67,-0.351,0.0011519149966305296,0.005652792165312544
HDAC1,109.99,145.76,-0.403,0.0011519149966305296,0.005652792165312544
SIM2,1.25,2.37,-0.582,0.0011629013459388186,0.005704862818485138
SERPINB1,232.26,160.09,0.534,0.0011814908329265887,0.005766267338468893
CSNK1D,48.31,37.83,0.345,0.0011814908329265887,0.005766267338468893
RPS17,3.72,6.57,-0.683,0.0011814908329265887,0.005766267338468893
PARP1,31.04,48.04,-0.614,0.0011814908329265887,0.005766267338468893
UCP2,185.43,129.39,0.516,0.0011814908329265887,0.005766267338468893
BRD4,24.72,35.41,-0.502,0.0011814908329265887,0.005766267338468893
CLASP1,18.51,26.81,-0.511,0.0011814908329265887,0.005766267338468893
UPRT,11.47,9.05,0.312,0.0011814908329265887,0.005766267338468893
REPS2,6.51,4.2,0.53,0.0011814908329265887,0.005766267338468893
PCSK4,4.49,2.72,0.56,0.0011814908329265887,0.005766267338468893
ACOX1,36.37,30.05,0.267,0.0011814908329265887,0.005766267338468893
FAM72D,0.83,1.48,-0.441,0.0011814908329265887,0.005766267338468893
ERP29,251.64,182.97,0.458,0.0011814908329265887,0.005766267338468893
CSF3R,28.57,13.91,0.988,0.0011814908329265887,0.005766267338468893
FLRT3,37.12,17.58,1.037,0.0011814908329265887,0.005766267338468893
RNF212,7.73,3.94,0.823,0.0011814908329265887,0.005766267338468893
ALMS1,5.63,7.93,-0.429,0.0011964957412389451,0.0058376235698918725
FKBP7,15.47,10.51,0.517,0.0012117669532206684,0.005880030444037565
TIMM21,9.4,12.82,-0.409,0.0012117669532206684,0.005880030444037565
STAC,8.77,4.55,0.816,0.0012117669532206684,0.005880030444037565
AKR1B15,4.23,5.87,-0.394,0.001206355424357647,0.005880030444037565
ZNF43,5.79,4.1,0.412,0.0012117669532206684,0.005880030444037565
SNRPF,41.0,58.26,-0.497,0.0012117669532206684,0.005880030444037565
PSMA4,54.5,74.65,-0.447,0.0012117669532206684,0.005880030444037565
SUMF1,23.61,17.75,0.392,0.0012117669532206684,0.005880030444037565
BEX1,5.03,19.28,-1.75,0.0012079772066120162,0.005880030444037565
SLC45A3,13.01,8.35,0.583,0.0012117669532206684,0.005880030444037565
ZNF718,5.66,3.29,0.633,0.0012117669532206684,0.005880030444037565
ALG10,3.22,4.4,-0.355,0.0012117669532206684,0.005880030444037565
SLC38A1,36.97,57.16,-0.615,0.0012117669532206684,0.005880030444037565
CLIC2,42.61,27.38,0.62,0.0012117669532206684,0.005880030444037565
TSHZ2,2.12,4.15,-0.723,0.0012117669532206684,0.005880030444037565
CRISPLD1,6.4,9.67,-0.529,0.0012117669532206684,0.005880030444037565
TTI2,6.64,8.73,-0.348,0.0012117669532206684,0.005880030444037565
PLK4,5.91,9.23,-0.566,0.001227126645225093,0.005950761289787692
TRIM9,0.88,1.8,-0.569,0.001227126645225093,0.005950761289787692
CATIP,1.08,0.84,0.174,0.0012427122003274714,0.005982644877169789
STRAP,182.93,246.9,-0.431,0.0012427583250409961,0.005982644877169789
AEN,13.62,17.78,-0.361,0.0012427583250409961,0.005982644877169789
MTSS1,13.28,19.19,-0.499,0.0012427583250409961,0.005982644877169789
TNRC6B,6.26,8.97,-0.458,0.0012427583250409961,0.005982644877169789
HS3ST1,12.82,6.73,0.839,0.0012427583250409961,0.005982644877169789
PRR11,10.36,16.46,-0.62,0.0012427583250409961,0.005982644877169789
NDUFAF8,37.92,54.24,-0.505,0.0012427583250409961,0.005982644877169789
MYZAP,4.39,2.17,0.768,0.0012427583250409961,0.005982644877169789
SEC22B,22.3,17.71,0.317,0.0012427583250409961,0.005982644877169789
E2F4,61.76,85.53,-0.464,0.0012427583250409961,0.005982644877169789
TNFRSF19,25.91,18.5,0.465,0.0012427583250409961,0.005982644877169789
STX12,64.67,48.86,0.397,0.0012427583250409961,0.005982644877169789
DARS2,13.39,20.24,-0.562,0.0012427583250409961,0.005982644877169789
MITF,8.12,4.77,0.66,0.0012427583250409961,0.005982644877169789
CDH13,2.18,6.0,-1.138,0.0012427583250409961,0.005982644877169789
KCNK7,1.13,2.91,-0.875,0.0012427583250409961,0.005982644877169789
GCDH,16.34,21.34,-0.366,0.0012427583250409961,0.005982644877169789
PDE1C,1.37,0.7,0.478,0.0012427583250409961,0.005982644877169789
LIN9,6.64,11.37,-0.696,0.0012427583250409961,0.005982644877169789
PDLIM2,6.45,4.75,0.374,0.0012427583250409961,0.005982644877169789
TMEM255B,3.74,3.01,0.243,0.0012427583250409961,0.005982644877169789
MTO1,4.25,5.22,-0.244,0.0012427583250409961,0.005982644877169789
DNAH5,5.22,3.87,0.353,0.001258480370884427,0.006056411870398194
HS3ST3B1,3.29,5.75,-0.654,0.0012744801941611073,0.006108257914791704
AAGAB,41.09,52.06,-0.334,0.0012744801941611073,0.006108257914791704
ZNF280C,4.54,7.71,-0.653,0.0012744801941611073,0.006108257914791704
DHX33,12.16,18.33,-0.555,0.0012744801941611073,0.006108257914791704
CP,136.71,50.61,1.416,0.0012744801941611073,0.006108257914791704
POLR1G,4.37,5.87,-0.355,0.0012744801941611073,0.006108257914791704
TMED6,2.69,1.02,0.868,0.0012744801941611073,0.006108257914791704
AOC3,65.24,40.92,0.66,0.0012744801941611073,0.006108257914791704
URB2,9.0,13.47,-0.533,0.0012744801941611073,0.006108257914791704
TDRD5,2.5,5.24,-0.836,0.0012744330889617784,0.006108257914791704
MOSPD1,26.33,18.58,0.481,0.0012744801941611073,0.006108257914791704
NUP205,29.15,44.03,-0.579,0.0012744801941611073,0.006108257914791704
FCER1A,20.68,9.31,1.073,0.0012744801941611073,0.006108257914791704
CRYBB2,0.41,1.07,-0.553,0.0012963931739359467,0.006211321820122622
DNM1L,29.83,36.76,-0.292,0.0013069480887566503,0.006234368072992084
DHX9,98.57,129.43,-0.389,0.0013069480887566503,0.006234368072992084
IFNAR1,46.27,35.32,0.38,0.0013069480887566503,0.006234368072992084
ARAF,81.36,67.68,0.262,0.0013069480887566503,0.006234368072992084
SLC1A4,20.87,45.08,-1.075,0.0013069480887566503,0.006234368072992084
SSX2IP,7.57,12.22,-0.625,0.0013069480887566503,0.006234368072992084
STX7,14.19,10.35,0.421,0.0013069480887566503,0.006234368072992084
LIMD1,9.32,6.41,0.477,0.0013069480887566503,0.006234368072992084
RNF208,27.68,17.34,0.645,0.0013069480887566503,0.006234368072992084
KLHDC10,34.39,24.44,0.476,0.0013069480887566503,0.006234368072992084
GJA1,169.34,303.26,-0.837,0.0013069480887566503,0.006234368072992084
TRAF7,67.02,95.02,-0.497,0.0013069480887566503,0.006234368072992084
SNRPG,83.22,128.98,-0.626,0.0013069480887566503,0.006234368072992084
RHBDD3,26.71,34.59,-0.361,0.0013069480887566503,0.006234368072992084
DEFB4A,1.25,4.96,-1.407,0.0013173685938122725,0.006282103278653439
SBNO1,15.17,18.91,-0.3,0.0013401778236006333,0.00635893868643486
SSRP1,72.86,101.25,-0.469,0.0013401778236006333,0.00635893868643486
CAMK2N2,2.55,8.22,-1.377,0.0013401778236006333,0.00635893868643486
HSPH1,46.04,66.32,-0.517,0.0013401778236006333,0.00635893868643486
ENOX2,12.2,16.24,-0.386,0.0013401778236006333,0.00635893868643486
SSU72,68.1,56.45,0.266,0.0013401778236006333,0.00635893868643486
ZNF540,1.29,0.83,0.321,0.0013401778236006333,0.00635893868643486
FBXO36,6.15,4.17,0.468,0.0013401778236006333,0.00635893868643486
ZNF703,32.99,46.14,-0.472,0.0013401778236006333,0.00635893868643486
ZNF860,3.0,1.9,0.461,0.0013401778236006333,0.00635893868643486
NAGLU,56.6,39.85,0.496,0.0013401778236006333,0.00635893868643486
CSTF2T,26.84,35.37,-0.386,0.0013401778236006333,0.00635893868643486
CCNB1,54.51,95.59,-0.799,0.0013401778236006333,0.00635893868643486
NOCT,7.49,12.42,-0.661,0.0013401778236006333,0.00635893868643486
RBM4B,11.09,13.99,-0.31,0.0013401778236006333,0.00635893868643486
INF2,37.22,24.98,0.557,0.0013401778236006333,0.00635893868643486
GPSM3,78.81,54.54,0.523,0.0013741855042969761,0.006500000114191768
WNT3A,3.74,6.88,-0.731,0.0013741855042969761,0.006500000114191768
AFDN,34.82,23.76,0.533,0.0013741855042969761,0.006500000114191768
DEPDC1B,6.42,11.87,-0.796,0.0013741855042969761,0.006500000114191768
PSORS1C1,2.12,1.4,0.378,0.001374135347988197,0.006500000114191768
KIZ,6.84,10.94,-0.606,0.0013741855042969761,0.006500000114191768
POLG,17.64,23.29,-0.382,0.0013741855042969761,0.006500000114191768
FAM81B,6.93,4.7,0.477,0.0013741855042969761,0.006500000114191768
SMIM13,11.95,16.07,-0.399,0.0013741855042969761,0.006500000114191768
MPV17L2,21.21,26.33,-0.299,0.0013741855042969761,0.006500000114191768
SERPIND1,36.4,5.86,2.447,0.0013914355067439624,0.006579545488316533
TCF4,6.88,11.1,-0.619,0.0014089875315521343,0.006633637299929215
AATK,6.42,3.64,0.679,0.0014089875315521343,0.006633637299929215
ZBTB8A,3.97,2.9,0.348,0.0014089875315521343,0.006633637299929215
SLC50A1,161.0,95.96,0.741,0.0014089875315521343,0.006633637299929215
CEP55,24.75,37.99,-0.598,0.0014089875315521343,0.006633637299929215
TGS1,22.65,27.48,-0.268,0.0014089875315521343,0.006633637299929215
CCDC96,5.62,4.6,0.24,0.0014089875315521343,0.006633637299929215
RPS27L,20.18,13.67,0.53,0.0014089875315521343,0.006633637299929215
GPRIN2,21.98,11.15,0.919,0.0014089875315521343,0.006633637299929215
IL6R,29.9,20.86,0.499,0.0014089875315521343,0.006633637299929215
WIZ,16.69,23.84,-0.49,0.0014089875315521343,0.006633637299929215
HEXB,99.92,74.15,0.425,0.0014089875315521343,0.006633637299929215
TRAIP,5.39,8.81,-0.619,0.0014089875315521343,0.006633637299929215
SRRM3,2.73,5.84,-0.874,0.0014089875315521343,0.006633637299929215
RDH12,0.39,1.1,-0.595,0.001426174234868002,0.006712473714482514
RAB5C,65.55,55.36,0.24,0.0014446006054845218,0.00675733281992806
PRRT3,6.04,3.65,0.597,0.0014446006054845218,0.00675733281992806
CREBRF,8.3,5.74,0.465,0.0014446006054845218,0.00675733281992806
MYADM,102.49,71.98,0.504,0.0014446006054845218,0.00675733281992806
FAM210A,12.06,15.33,-0.323,0.0014446006054845218,0.00675733281992806
KIAA1671,14.36,23.86,-0.695,0.0014446006054845218,0.00675733281992806
CXCL13,57.6,233.98,-2.004,0.0014446006054845218,0.00675733281992806
SMAD7,23.3,17.03,0.431,0.0014446006054845218,0.00675733281992806
HOXB5,8.52,3.81,0.987,0.0014446006054845218,0.00675733281992806
IRX6,3.97,10.38,-1.194,0.0014446006054845218,0.00675733281992806
NSD3,14.44,26.43,-0.829,0.0014446006054845218,0.00675733281992806
GALNT6,42.75,19.06,1.125,0.0014446006054845218,0.00675733281992806
CCDC24,14.98,10.42,0.484,0.0014446006054845218,0.00675733281992806
HMMR,9.19,15.74,-0.717,0.0014446006054845218,0.00675733281992806
THEM5,16.64,8.61,0.876,0.0014446006054845218,0.00675733281992806
CYP2J2,9.72,6.42,0.531,0.0014446006054845218,0.00675733281992806
DCTN5,20.0,25.87,-0.356,0.0014446006054845218,0.00675733281992806
MXRA8,107.39,53.83,0.983,0.0014446006054845218,0.00675733281992806
FSTL3,68.11,77.95,-0.192,0.0014446006054845218,0.00675733281992806
ATP5MC3,119.82,175.34,-0.546,0.0014446006054845218,0.00675733281992806
MARCO,168.44,113.03,0.571,0.0014810417299715543,0.006910769964206949
KCTD21,11.75,8.13,0.482,0.0014810417299715543,0.006910769964206949
GPR63,0.56,1.42,-0.626,0.0014810417299715543,0.006910769964206949
ZNF33B,11.94,9.13,0.353,0.0014810417299715543,0.006910769964206949
CTBP1,35.33,27.14,0.368,0.0014810417299715543,0.006910769964206949
TCL1A,1.54,3.48,-0.821,0.0014780545041140796,0.006910769964206949
MARCHF2,57.65,43.84,0.387,0.0014810417299715543,0.006910769964206949
CYP4F22,0.56,1.98,-0.941,0.0014810417299715543,0.006910769964206949
YWHAG,214.15,303.88,-0.503,0.001518328217033999,0.007047956187411411
VRK2,14.39,26.51,-0.838,0.001518328217033999,0.007047956187411411
XRCC3,5.75,8.58,-0.506,0.001518328217033999,0.007047956187411411
AGTR1,2.72,1.29,0.7,0.001518328217033999,0.007047956187411411
HHLA2,12.61,2.98,1.773,0.001518273726588174,0.007047956187411411
CDC20,63.07,111.68,-0.814,0.001518328217033999,0.007047956187411411
DSG2,110.75,172.9,-0.638,0.001518328217033999,0.007047956187411411
FAM20B,37.56,57.22,-0.594,0.001518328217033999,0.007047956187411411
NKAPL,1.93,0.42,1.047,0.001518328217033999,0.007047956187411411
UBE2G1,33.89,43.65,-0.356,0.001518328217033999,0.007047956187411411
SLC11A2,35.1,23.49,0.56,0.001518328217033999,0.007047956187411411
FAM117B,10.91,23.16,-1.02,0.001518328217033999,0.007047956187411411
HSPB7,6.44,3.79,0.634,0.001518328217033999,0.007047956187411411
HMGXB4,17.62,22.77,-0.352,0.001518328217033999,0.007047956187411411
ZMYND15,6.31,4.51,0.408,0.001518328217033999,0.007047956187411411
LGALSL,25.82,30.8,-0.245,0.001518328217033999,0.007047956187411411
QRSL1,9.83,12.48,-0.316,0.001518328217033999,0.007047956187411411
ACAA2,27.57,19.09,0.508,0.0015564776912573301,0.007205230214281724
RETREG2,75.97,61.58,0.299,0.0015564776912573301,0.007205230214281724
BBIP1,3.74,3.09,0.215,0.0015564776912573301,0.007205230214281724
AKIRIN2,58.61,73.48,-0.321,0.0015564776912573301,0.007205230214281724
TMEM115,59.16,51.62,0.193,0.0015564776912573301,0.007205230214281724
NEIL3,4.26,5.94,-0.4,0.0015564776912573301,0.007205230214281724
HABP4,8.42,6.73,0.285,0.0015564776912573301,0.007205230214281724
TAF1B,12.35,16.61,-0.4,0.0015564776912573301,0.007205230214281724
DALRD3,16.39,13.15,0.297,0.0015564776912573301,0.007205230214281724
SCGB1D2,0.13,1.36,-1.059,0.0015602121576854787,0.007220317792176509
ARRDC3,137.13,81.55,0.743,0.001595508094249853,0.007356769188448563
ZGRF1,1.59,2.61,-0.478,0.001595508094249853,0.007356769188448563
INCENP,18.32,26.01,-0.484,0.001595508094249853,0.007356769188448563
SLC25A33,8.55,13.48,-0.6,0.001595508094249853,0.007356769188448563
TK1,126.56,211.03,-0.733,0.001595508094249853,0.007356769188448563
PAK1,43.8,71.79,-0.7,0.001595508094249853,0.007356769188448563
INSYN1,1.47,3.57,-0.886,0.001595451317745851,0.007356769188448563
TMEM41A,19.06,27.88,-0.526,0.001595508094249853,0.007356769188448563
DECR2,13.61,9.08,0.536,0.001595508094249853,0.007356769188448563
CCT7,209.46,281.61,-0.425,0.001595508094249853,0.007356769188448563
NUCB2,31.56,23.85,0.39,0.001595508094249853,0.007356769188448563
MED30,26.15,35.58,-0.43,0.001595508094249853,0.007356769188448563
NKX2-3,0.59,1.25,-0.504,0.0016334590223090943,0.007502175365658599
YARS2,22.42,30.28,-0.418,0.0016354376891371868,0.007502175365658599
DLGAP5,13.77,22.92,-0.696,0.0016354376891371868,0.007502175365658599
GIPC3,4.9,3.26,0.469,0.0016354376891371868,0.007502175365658599
ARID4A,10.4,7.89,0.358,0.0016354376891371868,0.007502175365658599
FRMD8,43.58,61.34,-0.484,0.0016354376891371868,0.007502175365658599
TMEM19,13.17,19.8,-0.554,0.0016354376891371868,0.007502175365658599
TARS1,78.0,118.54,-0.598,0.0016354376891371868,0.007502175365658599
C14orf28,3.83,2.81,0.343,0.0016354376891371868,0.007502175365658599
ATXN7L1,2.94,4.16,-0.389,0.0016354376891371868,0.007502175365658599
SLC39A14,25.41,37.79,-0.554,0.0016354376891371868,0.007502175365658599
LRCH3,8.25,11.84,-0.474,0.0016354376891371868,0.007502175365658599
LYL1,7.26,5.17,0.421,0.0016354376891371868,0.007502175365658599
VTI1B,18.8,14.97,0.31,0.0016354376891371868,0.007502175365658599
LANCL1,29.4,40.47,-0.448,0.0016354376891371868,0.007502175365658599
C5orf34,3.17,4.99,-0.522,0.0016354376891371868,0.007502175365658599
HDAC7,33.15,25.7,0.355,0.0016354376891371868,0.007502175365658599
OGDHL,2.02,5.39,-1.08,0.0016556283911923972,0.007592502911978898
IFT88,7.17,5.95,0.235,0.001676285065092834,0.007638811935799468
SLC30A3,0.57,2.9,-1.308,0.001676285065092834,0.007638811935799468
CHIC2,37.23,50.16,-0.42,0.001676285065092834,0.007638811935799468
GFER,8.34,6.07,0.402,0.001676285065092834,0.007638811935799468
UCN,5.14,2.8,0.693,0.001676285065092834,0.007638811935799468
TTC21A,3.06,2.32,0.291,0.001676285065092834,0.007638811935799468
TTC38,29.43,22.1,0.397,0.001676285065092834,0.007638811935799468
RAB11FIP2,9.98,7.36,0.392,0.001676285065092834,0.007638811935799468
SLC4A8,1.79,1.03,0.457,0.001676285065092834,0.007638811935799468
NANOS3,1.33,0.91,0.288,0.001676285065092834,0.007638811935799468
SLC44A2,171.1,119.97,0.509,0.001676285065092834,0.007638811935799468
WDR54,21.05,32.04,-0.584,0.001676285065092834,0.007638811935799468
ACSM1,1.61,0.74,0.581,0.001676285065092834,0.007638811935799468
BEX3,241.94,343.57,-0.504,0.001676285065092834,0.007638811935799468
BRPF3,34.42,23.69,0.52,0.001676285065092834,0.007638811935799468
TBC1D12,5.35,4.29,0.265,0.001676285065092834,0.007638811935799468
XPO1,21.82,30.19,-0.451,0.001676285065092834,0.007638811935799468
TDRP,25.7,18.04,0.488,0.001676285065092834,0.007638811935799468
FCHO1,8.45,6.39,0.355,0.00167622592017713,0.007638811935799468
U2AF2,113.52,146.21,-0.362,0.001676285065092834,0.007638811935799468
IFITM3,1566.3,1134.23,0.465,0.001676285065092834,0.007638811935799468
PPBP,5.66,2.34,0.995,0.0016936552090100864,0.007715653250521813
SLC6A3,8.65,1.56,1.912,0.0016964613793538986,0.00772612042461744
ITIH2,2.84,0.68,1.189,0.001696999070207782,0.0077262531835980905
TCEAL1,33.17,24.1,0.445,0.0017180691419044567,0.007780215938287455
MED27,14.69,19.23,-0.366,0.0017180691419044567,0.007780215938287455
RETN,25.71,21.25,0.264,0.0017180691419044567,0.007780215938287455
GLI1,1.4,3.75,-0.984,0.0017180691419044567,0.007780215938287455
OPHN1,6.41,4.16,0.523,0.0017180691419044567,0.007780215938287455
IMMT,75.01,100.64,-0.419,0.0017180691419044567,0.007780215938287455
KNDC1,5.65,3.2,0.662,0.0017180691419044567,0.007780215938287455
GLB1L3,8.24,1.68,1.788,0.0017180087811781114,0.007780215938287455
OTUD6B,9.87,14.07,-0.472,0.0017180691419044567,0.007780215938287455
EZH2,13.97,26.31,-0.867,0.0017180691419044567,0.007780215938287455
CFTR,9.19,3.53,1.17,0.0017180691419044567,0.007780215938287455
GRHL2,31.76,43.97,-0.457,0.0017180691419044567,0.007780215938287455
SLC25A5,549.75,776.18,-0.497,0.0017180691419044567,0.007780215938287455
VEZT,35.91,26.03,0.449,0.0017180691419044567,0.007780215938287455
NCOR2,67.96,48.5,0.478,0.0017180087811781114,0.007780215938287455
AGPAT5,12.07,17.95,-0.536,0.0017180691419044567,0.007780215938287455
IDH3B,74.24,94.47,-0.344,0.0017180691419044567,0.007780215938287455
ZNF77,5.46,8.06,-0.488,0.0017180691419044567,0.007780215938287455
HOXA7,0.57,1.2,-0.482,0.0017392574704383147,0.007873819650884777
DKK4,0.32,4.6,-2.083,0.0017503839581174984,0.007921830049353337
ACO2,19.45,24.5,-0.318,0.0017608091745754415,0.007926510752392498
ERCC1,24.42,31.88,-0.371,0.0017608091745754415,0.007926510752392498
MAF,20.53,32.56,-0.641,0.0017608091745754415,0.007926510752392498
ZBTB39,5.98,8.57,-0.454,0.0017608091745754415,0.007926510752392498
ACOT2,21.54,17.18,0.311,0.0017608091745754415,0.007926510752392498
COLCA2,5.25,15.62,-1.41,0.0017608091745754415,0.007926510752392498
ASAP2,7.88,11.75,-0.522,0.0017608091745754415,0.007926510752392498
DDRGK1,120.07,96.0,0.32,0.0017608091745754415,0.007926510752392498
DIAPH3,4.44,5.05,-0.152,0.0017608091745754415,0.007926510752392498
RFC3,17.52,24.53,-0.463,0.0017608091745754415,0.007926510752392498
CYB5R1,67.75,52.71,0.356,0.0017608091745754415,0.007926510752392498
ABR,31.99,22.94,0.463,0.0017608091745754415,0.007926510752392498
VIM,313.34,237.3,0.4,0.0017608091745754415,0.007926510752392498
NPTX1,24.42,2.62,2.81,0.0017608091745754415,0.007926510752392498
UNC119,20.6,30.29,-0.535,0.0017608091745754415,0.007926510752392498
KIAA0232,22.54,16.94,0.392,0.0017608091745754415,0.007926510752392498
WDR62,4.47,8.02,-0.721,0.0017608091745754415,0.007926510752392498
GTF3C5,49.27,64.08,-0.373,0.0017608091745754415,0.007926510752392498
LORICRIN,0.05,1.46,-1.228,0.0017736297476071367,0.007981859228493848
VIL1,13.21,0.72,3.049,0.0017819215988729026,0.008016800370647323
ZNF438,9.06,7.39,0.262,0.0018045247579614098,0.008058831466110436
AFF4,33.11,24.53,0.418,0.0018045247579614098,0.008058831466110436
GOLPH3L,57.97,42.52,0.438,0.0018045247579614098,0.008058831466110436
RAET1G,1.56,4.04,-0.977,0.0018045247579614098,0.008058831466110436
FBXL16,8.09,6.0,0.378,0.0018045247579614098,0.008058831466110436
MIGA1,9.77,7.62,0.322,0.0018045247579614098,0.008058831466110436
IPO13,26.77,35.98,-0.413,0.0018045247579614098,0.008058831466110436
SLC40A1,170.58,120.97,0.492,0.0018045247579614098,0.008058831466110436
LSM4,98.1,139.5,-0.504,0.0018045247579614098,0.008058831466110436
C13orf46,2.81,1.5,0.605,0.001804461900940352,0.008058831466110436
SLC27A1,12.4,9.4,0.366,0.0018045247579614098,0.008058831466110436
PGPEP1,15.92,12.32,0.345,0.0018045247579614098,0.008058831466110436
CCDC198,1.08,0.03,1.017,0.0017966144345798983,0.008058831466110436
SNCG,95.73,51.9,0.871,0.0018045247579614098,0.008058831466110436
SMPDL3A,38.81,22.11,0.785,0.0018045247579614098,0.008058831466110436
CSRP1,96.54,73.58,0.387,0.0018045247579614098,0.008058831466110436
EIF3J,59.63,80.89,-0.434,0.0018045247579614098,0.008058831466110436
MCCC1,25.81,47.9,-0.867,0.0018045247579614098,0.008058831466110436
TMEM80,16.55,10.82,0.57,0.0018045247579614098,0.008058831466110436
SLC30A4,2.7,3.79,-0.372,0.0018045247579614098,0.008058831466110436
ZC3H7A,23.78,19.01,0.308,0.0018045247579614098,0.008058831466110436
ANP32B,247.01,345.04,-0.481,0.0018045247579614098,0.008058831466110436
ADAMDEC1,9.13,24.54,-1.333,0.0018045247579614098,0.008058831466110436
WDR18,43.73,58.98,-0.423,0.0018045247579614098,0.008058831466110436
PITPNM1,33.93,24.79,0.438,0.0018045247579614098,0.008058831466110436
NLRP7,3.83,6.76,-0.684,0.0018260562331178648,0.008152592521234124
LMO1,0.33,1.13,-0.685,0.0018309498212792077,0.008172038964363984
AVL9,17.21,13.44,0.334,0.0018492358314412254,0.008203048171412127
SETBP1,2.55,4.62,-0.665,0.0018491716933440436,0.008203048171412127
DDN,0.46,1.55,-0.8,0.0018489792875203252,0.008203048171412127
CCL13,48.11,25.2,0.906,0.0018492358314412254,0.008203048171412127
ETV2,1.32,2.03,-0.385,0.0018492358314412254,0.008203048171412127
N4BP2L2,11.83,8.79,0.39,0.0018492358314412254,0.008203048171412127
CXCL2,146.59,70.1,1.054,0.0018492358314412254,0.008203048171412127
DNAJC2,12.53,18.17,-0.503,0.0018492358314412254,0.008203048171412127
DCAKD,36.06,51.92,-0.514,0.0018492358314412254,0.008203048171412127
USP39,55.86,75.38,-0.426,0.0018492358314412254,0.008203048171412127
MRPS30,20.31,28.39,-0.464,0.0018492358314412254,0.008203048171412127
JAKMIP3,0.45,1.59,-0.836,0.0018492358314412254,0.008203048171412127
SFTPD,260.36,101.22,1.354,0.0018492358314412254,0.008203048171412127
NRM,30.11,39.84,-0.393,0.0018492358314412254,0.008203048171412127
ANLN,27.61,38.41,-0.462,0.0018492358314412254,0.008203048171412127
ANAPC1,4.51,6.37,-0.419,0.0018492358314412254,0.008203048171412127
KARS1,107.05,132.87,-0.309,0.0018492358314412254,0.008203048171412127
RUNDC1,22.98,18.46,0.301,0.0018492358314412254,0.008203048171412127
SRCIN1,5.17,2.08,1.002,0.0018492358314412254,0.008203048171412127
APEH,69.44,59.52,0.219,0.0018492358314412254,0.008203048171412127
PGGHG,140.73,34.88,1.982,0.0018492358314412254,0.008203048171412127
NLE1,10.8,15.18,-0.455,0.0018949626836220282,0.008364371892001591
TMEM120A,71.69,53.24,0.422,0.0018949626836220282,0.008364371892001591
KANK3,6.31,4.24,0.482,0.0018949626836220282,0.008364371892001591
SMARCD1,41.27,55.8,-0.426,0.0018949626836220282,0.008364371892001591
MSH6,19.98,31.9,-0.649,0.0018949626836220282,0.008364371892001591
C7orf50,56.38,43.28,0.374,0.0018949626836220282,0.008364371892001591
ATL1,3.26,2.29,0.371,0.0018948972420979632,0.008364371892001591
OGFOD3,24.18,18.78,0.348,0.0018949626836220282,0.008364371892001591
DDR1,124.88,184.57,-0.56,0.0018949626836220282,0.008364371892001591
SET,215.79,279.27,-0.37,0.0018949626836220282,0.008364371892001591
TREM2,81.94,48.81,0.736,0.0018949626836220282,0.008364371892001591
CDH5,38.08,27.32,0.464,0.0018949626836220282,0.008364371892001591
ZNF726,1.76,1.01,0.456,0.0018948972420979632,0.008364371892001591
KRT10,43.34,136.81,-1.636,0.0018949626836220282,0.008364371892001591
ZNF75D,8.65,6.42,0.379,0.0018949626836220282,0.008364371892001591
ABHD12,67.44,51.51,0.382,0.0018949626836220282,0.008364371892001591
MMP28,49.53,21.06,1.196,0.0018949626836220282,0.008364371892001591
TLX1,0.24,4.75,-2.218,0.001901377884204574,0.008390251000499591
KIAA1958,3.57,2.49,0.392,0.0019417259570779126,0.008536065528323127
SMAD6,6.97,4.09,0.646,0.0019417259570779126,0.008536065528323127
KCTD6,8.59,5.96,0.462,0.0019417259570779126,0.008536065528323127
DPP7,155.7,116.37,0.417,0.0019417259570779126,0.008536065528323127
HNRNPL,66.23,81.61,-0.297,0.0019417259570779126,0.008536065528323127
EMCN,18.2,7.72,1.138,0.0019417259570779126,0.008536065528323127
ARMH3,24.36,20.22,0.257,0.0019417259570779126,0.008536065528323127
KLHL2,26.08,19.09,0.431,0.0019417259570779126,0.008536065528323127
SLC10A7,6.59,5.06,0.324,0.0019417259570779126,0.008536065528323127
MRPL35,26.28,35.1,-0.404,0.0019417259570779126,0.008536065528323127
PLEKHS1,13.46,6.68,0.912,0.0019417259570779126,0.008536065528323127
FOXO3B,1.05,1.75,-0.423,0.0019417259570779126,0.008536065528323127
ALOX12,2.36,3.78,-0.506,0.0019417259570779126,0.008536065528323127
MAJIN,1.02,0.36,0.573,0.001964849169707696,0.008635219391197288
CENPQ,14.38,22.76,-0.628,0.00198954665312166,0.008705985685736573
KDM2B,6.25,8.47,-0.384,0.00198954665312166,0.008705985685736573
F10,6.98,2.95,1.014,0.00198954665312166,0.008705985685736573
NCAPH2,36.14,49.28,-0.437,0.00198954665312166,0.008705985685736573
ESM1,18.31,11.51,0.626,0.00198954665312166,0.008705985685736573
TNPO2,34.45,48.19,-0.473,0.00198954665312166,0.008705985685736573
COLEC12,24.03,15.78,0.577,0.00198954665312166,0.008705985685736573
TAGLN2,1847.3,1336.33,0.467,0.00198954665312166,0.008705985685736573
SAMD1,55.35,72.22,-0.378,0.00198954665312166,0.008705985685736573
SLC9B2,2.42,3.31,-0.336,0.00198954665312166,0.008705985685736573
CLDN2,64.07,2.38,4.267,0.00198954665312166,0.008705985685736573
ARHGAP6,2.38,1.75,0.296,0.00198954665312166,0.008705985685736573
CDC42SE1,102.93,129.59,-0.329,0.00198954665312166,0.008705985685736573
TSR1,20.15,29.47,-0.527,0.00198954665312166,0.008705985685736573
MCTP2,8.38,6.11,0.401,0.00198954665312166,0.008705985685736573
FBXO16,2.25,1.47,0.395,0.0020384461366091218,0.008879045915568345
ZFYVE28,3.98,2.6,0.469,0.0020384461366091218,0.008879045915568345
STK33,4.34,2.99,0.42,0.0020384461366091218,0.008879045915568345
CCDC15,1.71,2.54,-0.383,0.0020384461366091218,0.008879045915568345
RAB37,6.27,2.98,0.869,0.0020384461366091218,0.008879045915568345
NMD3,38.86,56.92,-0.539,0.0020384461366091218,0.008879045915568345
OXCT1,22.7,35.31,-0.616,0.0020384461366091218,0.008879045915568345
BCLAF3,5.96,4.2,0.421,0.0020384461366091218,0.008879045915568345
PTPRN2,14.44,5.94,1.153,0.0020384461366091218,0.008879045915568345
LMF1,7.15,4.62,0.536,0.0020384461366091218,0.008879045915568345
CPTP,53.32,39.79,0.413,0.0020384461366091218,0.008879045915568345
LRRC4,8.53,27.4,-1.575,0.0020384461366091218,0.008879045915568345
RMI2,13.64,21.82,-0.641,0.0020384461366091218,0.008879045915568345
USP54,16.83,11.85,0.472,0.0020384461366091218,0.008879045915568345
C5orf49,12.64,9.39,0.393,0.0020384461366091218,0.008879045915568345
ZMAT1,5.17,2.69,0.741,0.0020384461366091218,0.008879045915568345
NPC1L1,2.04,0.22,1.312,0.0020632370168584433,0.00898445399745782
BNIP3L,121.5,92.13,0.396,0.0020884461407756744,0.00903981829538599
TXNRD2,13.71,9.5,0.486,0.0020884461407756744,0.00903981829538599
TNFRSF18,25.22,45.2,-0.817,0.0020884461407756744,0.00903981829538599
LURAP1L,27.09,21.01,0.352,0.0020884461407756744,0.00903981829538599
CGGBP1,46.33,36.24,0.346,0.0020884461407756744,0.00903981829538599
SLC8B1,24.49,19.12,0.341,0.0020884461407756744,0.00903981829538599
FRY,7.35,4.46,0.612,0.0020884461407756744,0.00903981829538599
TBRG4,38.15,55.33,-0.525,0.0020884461407756744,0.00903981829538599
EPOP,7.61,14.26,-0.826,0.0020884461407756744,0.00903981829538599
LGALS12,1.64,0.32,1.003,0.0020870287313096213,0.00903981829538599
NAT10,37.41,54.1,-0.52,0.0020884461407756744,0.00903981829538599
TNXB,6.84,4.67,0.468,0.0020884461407756744,0.00903981829538599
NDUFC2,18.84,18.52,0.023,0.0020884461407756744,0.00903981829538599
PIK3R4,21.64,30.18,-0.462,0.0020884461407756744,0.00903981829538599
MESP1,6.12,3.08,0.804,0.0020884461407756744,0.00903981829538599
MCOLN3,2.83,5.64,-0.796,0.0020884461407756744,0.00903981829538599
PGM1,82.71,56.88,0.532,0.0020884461407756744,0.00903981829538599
LCLAT1,9.74,13.71,-0.455,0.0020884461407756744,0.00903981829538599
POMT1,12.0,9.71,0.28,0.0020884461407756744,0.00903981829538599
TIMP2,209.11,122.71,0.764,0.0020884461407756744,0.00903981829538599
C7orf57,4.85,3.06,0.525,0.0020884461407756744,0.00903981829538599
IL17C,1.12,0.29,0.717,0.002099317076301563,0.009084284916049458
RHCE,1.97,1.07,0.522,0.0021137941400131326,0.009139121903591212
AGGF1,10.23,8.65,0.22,0.0021137941400131326,0.009139121903591212
UBE2QL1,0.61,2.26,-1.024,0.0021137941400131326,0.009139121903591212
TMEM245,45.17,28.88,0.628,0.002139568772104173,0.009198208362925495
CCDC112,9.02,7.36,0.262,0.002139568772104173,0.009198208362925495
CCNY,56.59,44.75,0.332,0.002139568772104173,0.009198208362925495
SMURF2,32.8,21.01,0.619,0.002139568772104173,0.009198208362925495
SENP1,12.04,15.27,-0.319,0.002139568772104173,0.009198208362925495
SCFD1,6.55,5.49,0.219,0.002139568772104173,0.009198208362925495
LTV1,22.75,29.65,-0.368,0.002139568772104173,0.009198208362925495
NR0B1,9.99,17.74,-0.77,0.0021389824173491776,0.009198208362925495
RPLP0,1129.89,1513.14,-0.421,0.002139568772104173,0.009198208362925495
KRCC1,75.52,56.48,0.413,0.002139568772104173,0.009198208362925495
ARG2,4.92,9.53,-0.831,0.002139568772104173,0.009198208362925495
DHX32,36.16,27.36,0.39,0.002139568772104173,0.009198208362925495
CORO1B,86.63,67.19,0.362,0.002139568772104173,0.009198208362925495
SRSF12,1.35,3.01,-0.771,0.002139568772104173,0.009198208362925495
KDELR2,353.27,252.03,0.486,0.002139568772104173,0.009198208362925495
GID4,7.77,10.73,-0.419,0.002139568772104173,0.009198208362925495
IFNGR2,119.44,85.04,0.485,0.002139568772104173,0.009198208362925495
METRN,23.48,14.65,0.645,0.002139568772104173,0.009198208362925495
BET1,21.5,16.81,0.338,0.002139568772104173,0.009198208362925495
ZNF85,3.88,3.02,0.278,0.002139568772104173,0.009198208362925495
RTP3,0.07,1.45,-1.196,0.0021618644891873108,0.009291430603740542
ALOX5AP,111.93,73.9,0.592,0.0021918365152238974,0.009396323977369265
UQCRC1,139.99,169.49,-0.274,0.0021918365152238974,0.009396323977369265
ACE,16.33,11.12,0.516,0.0021918365152238974,0.009396323977369265
LIMA1,61.98,79.64,-0.357,0.0021918365152238974,0.009396323977369265
GNA15,35.2,54.95,-0.628,0.0021918365152238974,0.009396323977369265
EXOSC7,16.9,21.55,-0.333,0.0021918365152238974,0.009396323977369265
CCDC12,25.76,20.87,0.291,0.0021918365152238974,0.009396323977369265
ARRDC1,44.32,31.64,0.474,0.0021918365152238974,0.009396323977369265
SNX24,16.56,12.65,0.364,0.0021918365152238974,0.009396323977369265
CNTN6,2.81,1.36,0.694,0.0022094062053684056,0.009468972772401182
EPHA7,0.57,2.64,-1.216,0.002217662208823825,0.009501675673621087
SLC25A26,10.06,8.44,0.229,0.0022183324551632135,0.00950186777313073
SEMA3E,4.49,2.77,0.544,0.0022452722378398828,0.009560656140555308
MTCH2,88.84,113.81,-0.354,0.0022452722378398828,0.009560656140555308
SSH3,60.53,42.15,0.512,0.0022452722378398828,0.009560656140555308
TFEB,13.12,9.25,0.462,0.0022452722378398828,0.009560656140555308
DYSF,15.55,11.75,0.377,0.0022452722378398828,0.009560656140555308
ATP13A3,30.21,40.98,-0.428,0.0022452722378398828,0.009560656140555308
TRIM23,10.68,7.99,0.378,0.0022452722378398828,0.009560656140555308
IQCA1,3.33,6.07,-0.708,0.0022452722378398828,0.009560656140555308
HLA-DPA1,318.48,194.39,0.709,0.0022452722378398828,0.009560656140555308
MS4A15,38.49,24.05,0.657,0.0022452722378398828,0.009560656140555308
HAT1,22.23,27.74,-0.307,0.0022452722378398828,0.009560656140555308
NLGN1,0.32,1.35,-0.836,0.0022426405787106967,0.009560656140555308
SNRPD3,30.32,39.06,-0.355,0.0022452722378398828,0.009560656140555308
LAMA3,29.66,44.58,-0.572,0.0022452722378398828,0.009560656140555308
STX10,90.35,69.93,0.365,0.0022452722378398828,0.009560656140555308
PPP3CA,47.9,36.72,0.374,0.0022452722378398828,0.009560656140555308
TFF3,313.49,93.44,1.736,0.0022452722378398828,0.009560656140555308
RGCC,287.35,160.88,0.833,0.0022452722378398828,0.009560656140555308
EMC3,53.68,39.0,0.451,0.0022452722378398828,0.009560656140555308
ODR4,33.9,24.25,0.467,0.0022452722378398828,0.009560656140555308
LTC4S,6.8,4.08,0.62,0.0022452722378398828,0.009560656140555308
PSMC3IP,4.48,6.32,-0.418,0.0022723593831821616,0.009673285544602573
SQLE,58.49,75.94,-0.371,0.0022998991956919303,0.009746825238534868
TSC22D3,179.38,128.13,0.482,0.0022998991956919303,0.009746825238534868
ZNF253,7.33,5.56,0.345,0.0022998991956919303,0.009746825238534868
ASB8,25.22,21.34,0.231,0.0022998991956919303,0.009746825238534868
HIF3A,9.1,3.64,1.123,0.0022998991956919303,0.009746825238534868
CXXC4,3.41,1.78,0.664,0.00229982248554392,0.009746825238534868
AP2S1,156.52,197.98,-0.337,0.0022998991956919303,0.009746825238534868
VDR,33.18,22.62,0.533,0.0022998991956919303,0.009746825238534868
IMP3,22.97,30.39,-0.389,0.0022998991956919303,0.009746825238534868
DCAF17,7.93,9.95,-0.295,0.0022998991956919303,0.009746825238534868
RRAD,82.14,49.28,0.725,0.0022998991956919303,0.009746825238534868
POLR2L,276.29,210.13,0.393,0.0022998991956919303,0.009746825238534868
DNAH11,3.41,1.63,0.747,0.0022998991956919303,0.009746825238534868
FAM89B,9.27,7.29,0.31,0.0022998991956919303,0.009746825238534868
DRGX,1.4,0.35,0.827,0.0022925844981592403,0.009746825238534868
TMPO,35.58,52.0,-0.535,0.0022998991956919303,0.009746825238534868
PLD5,1.48,0.75,0.508,0.002355662809012173,0.009917088828868896
PSMD14,33.65,46.58,-0.458,0.002355741037542806,0.009917088828868896
BYSL,49.46,61.58,-0.31,0.002355741037542806,0.009917088828868896
KCTD2,31.8,25.08,0.331,0.002355741037542806,0.009917088828868896
PTPRB,11.71,6.08,0.845,0.002355741037542806,0.009917088828868896
GSTA4,48.23,75.18,-0.63,0.002355741037542806,0.009917088828868896
ATP5MC1,63.45,90.93,-0.512,0.002355741037542806,0.009917088828868896
PIAS2,3.82,5.51,-0.432,0.002355741037542806,0.009917088828868896
LRRC58,21.38,31.13,-0.522,0.002355741037542806,0.009917088828868896
ARHGEF2,41.05,31.13,0.388,0.002355741037542806,0.009917088828868896
RBBP8,33.94,46.77,-0.451,0.002355741037542806,0.009917088828868896
FGF18,2.67,1.73,0.427,0.002355741037542806,0.009917088828868896
EHD3,12.03,18.28,-0.565,0.002355741037542806,0.009917088828868896
CACNA1F,1.18,0.53,0.51,0.002355741037542806,0.009917088828868896
GRB7,47.75,30.7,0.621,0.002355741037542806,0.009917088828868896
DNAJC4,34.74,26.74,0.366,0.002355741037542806,0.009917088828868896
GPRC5B,9.24,14.68,-0.615,0.002355741037542806,0.009917088828868896
C15orf48,41.56,20.55,0.982,0.002355741037542806,0.009917088828868896
DUS4L-BCAP29,2.82,2.18,0.264,0.002355741037542806,0.009917088828868896
PSMD11,55.84,84.57,-0.59,0.002355741037542806,0.009917088828868896
SPAG5,15.9,26.36,-0.695,0.002355741037542806,0.009917088828868896
ABRACL,105.29,186.67,-0.82,0.002355741037542806,0.009917088828868896
HRH2,2.6,5.13,-0.769,0.002355662809012173,0.009917088828868896
PIGM,15.26,12.5,0.268,0.002355741037542806,0.009917088828868896
CLPSL2,2.26,1.01,0.697,0.002359777815904864,0.009931330846826205
ROR2,5.31,10.84,-0.908,0.002412821810194841,0.010087507364416682
PMVK,176.57,132.89,0.407,0.002412821810194841,0.010087507364416682
ARHGEF15,9.5,6.73,0.443,0.002412821810194841,0.010087507364416682
SH3BP5,7.06,4.55,0.54,0.002412821810194841,0.010087507364416682
ZNF582,1.62,1.15,0.285,0.002412742037829323,0.010087507364416682
RRM2B,35.11,26.23,0.407,0.002412821810194841,0.010087507364416682
ALOX5,58.87,38.59,0.597,0.002412821810194841,0.010087507364416682
KCNA3,7.34,3.4,0.924,0.002412821810194841,0.010087507364416682
LRFN4,11.15,15.86,-0.472,0.002412821810194841,0.010087507364416682
NFATC4,15.86,10.62,0.537,0.002412821810194841,0.010087507364416682
WDR70,14.12,19.44,-0.435,0.002412821810194841,0.010087507364416682
ELMO1,7.05,9.38,-0.366,0.002412821810194841,0.010087507364416682
NTN1,10.15,21.17,-0.992,0.002412821810194841,0.010087507364416682
SPACA4,3.89,1.94,0.731,0.002412821810194841,0.010087507364416682
SCMH1,26.57,20.06,0.388,0.002412821810194841,0.010087507364416682
CLUH,36.37,51.49,-0.49,0.002412821810194841,0.010087507364416682
CDC25C,3.69,6.26,-0.632,0.002412821810194841,0.010087507364416682
PRELP,55.57,35.04,0.65,0.002412821810194841,0.010087507364416682
MRRF,7.5,10.38,-0.42,0.002412821810194841,0.010087507364416682
FAM155B,1.52,5.32,-1.329,0.002412821810194841,0.010087507364416682
PSME3,76.36,98.49,-0.363,0.002412821810194841,0.010087507364416682
DZIP1L,3.52,6.34,-0.699,0.002412821810194841,0.010087507364416682
BCAT1,27.33,15.07,0.818,0.002412821810194841,0.010087507364416682
C2orf66,0.52,1.54,-0.738,0.0024119444036787225,0.010087507364416682
H2BC17,1.48,9.16,-2.037,0.0024240717989065038,0.01013175318866204
RIMS3,5.19,3.14,0.58,0.002471165963534296,0.010260842985508762
COCH,3.51,9.0,-1.149,0.0024710846215613854,0.010260842985508762
FBXO5,7.66,11.92,-0.577,0.002471165963534296,0.010260842985508762
CFAP298,4.67,3.57,0.31,0.002471165963534296,0.010260842985508762
CALCOCO2,45.44,36.49,0.309,0.002471165963534296,0.010260842985508762
LONRF2,3.08,1.58,0.664,0.002471165963534296,0.010260842985508762
RWDD2A,7.81,6.77,0.182,0.002471165963534296,0.010260842985508762
SLX4IP,5.36,8.41,-0.565,0.002471165963534296,0.010260842985508762
EGFL6,25.0,44.82,-0.818,0.002471165963534296,0.010260842985508762
TTBK2,2.59,4.04,-0.488,0.002471165963534296,0.010260842985508762
TNS3,53.08,37.13,0.504,0.002471165963534296,0.010260842985508762
BOP1,46.76,70.78,-0.588,0.002471165963534296,0.010260842985508762
STING1,82.17,60.19,0.443,0.002471165963534296,0.010260842985508762
ALAS1,95.36,74.73,0.348,0.002471165963534296,0.010260842985508762
SCGB3A1,852.4,352.58,1.271,0.002471165963534296,0.010260842985508762
TSKU,57.08,93.87,-0.708,0.002471165963534296,0.010260842985508762
EFHD1,22.74,18.51,0.283,0.002471165963534296,0.010260842985508762
S100A4,1141.77,471.99,1.273,0.002471165963534296,0.010260842985508762
DNAL1,7.21,5.85,0.262,0.002471165963534296,0.010260842985508762
JDP2,19.8,13.79,0.492,0.002471165963534296,0.010260842985508762
ORC3,20.86,27.17,-0.366,0.002471165963534296,0.010260842985508762
RAB33B,11.92,8.28,0.477,0.002471165963534296,0.010260842985508762
SUV39H2,7.76,10.09,-0.339,0.002471165963534296,0.010260842985508762
ATP2C2,12.23,7.87,0.577,0.002471165963534296,0.010260842985508762
POLR3B,7.71,10.28,-0.373,0.00250073742347521,0.010380793353786576
WDR61,17.04,22.22,-0.364,0.002530798355602814,0.010459852942511848
EHD1,51.26,36.81,0.467,0.002530798355602814,0.010459852942511848
ZNF491,1.52,1.12,0.251,0.002530798355602814,0.010459852942511848
ZNF239,6.77,5.36,0.289,0.002530798355602814,0.010459852942511848
MUC5B,98.49,21.56,2.141,0.002530798355602814,0.010459852942511848
TCAF2,2.33,2.83,-0.2,0.002530798355602814,0.010459852942511848
VAT1,234.93,174.75,0.425,0.002530798355602814,0.010459852942511848
MNX1,2.19,0.62,0.981,0.002530466614912738,0.010459852942511848
HSPA1B,104.05,159.5,-0.611,0.002530798355602814,0.010459852942511848
FOXO1,14.02,17.78,-0.322,0.002530798355602814,0.010459852942511848
ZBTB10,15.01,8.18,0.803,0.002530715417928103,0.010459852942511848
RPS27A,484.48,610.22,-0.332,0.002530798355602814,0.010459852942511848
XRCC6,345.24,444.23,-0.363,0.002530798355602814,0.010459852942511848
CHORDC1,7.63,11.81,-0.57,0.002530798355602814,0.010459852942511848
F12,4.08,6.64,-0.589,0.002530798355602814,0.010459852942511848
MLF1,24.04,39.66,-0.699,0.002530798355602814,0.010459852942511848
H2BC3,0.11,6.12,-2.68,0.0025375974539091537,0.01048510147327761
KISS1R,5.42,0.83,1.811,0.0025816091376806,0.010659548052832155
SMARCD3,17.29,11.47,0.553,0.0025917442576951213,0.010659548052832155
MOB1B,14.55,10.86,0.391,0.0025917442576951213,0.010659548052832155
FLOT1,249.23,198.67,0.326,0.0025917442576951213,0.010659548052832155
FUT6,6.65,1.72,1.492,0.0025917442576951213,0.010659548052832155
ZFHX2,1.82,1.18,0.368,0.0025917442576951213,0.010659548052832155
ITGB4,144.41,277.6,-0.938,0.0025917442576951213,0.010659548052832155
GRIN1,1.26,0.4,0.696,0.0025917442576951213,0.010659548052832155
SLC4A5,1.11,0.4,0.593,0.0025917442576951213,0.010659548052832155
RAB7A,134.44,170.47,-0.34,0.0025917442576951213,0.010659548052832155
RASSF4,19.72,15.02,0.371,0.0025917442576951213,0.010659548052832155
FES,21.46,15.55,0.44,0.0025917442576951213,0.010659548052832155
SERPINA1,571.12,256.04,1.154,0.0025917442576951213,0.010659548052832155
FAM50A,117.47,92.32,0.344,0.0025917442576951213,0.010659548052832155
F2RL2,1.68,17.55,-2.789,0.0025917442576951213,0.010659548052832155
ADD3,37.98,54.05,-0.498,0.0025917442576951213,0.010659548052832155
EXOC6,12.13,9.24,0.359,0.0025917442576951213,0.010659548052832155
SLC34A3,1.45,0.96,0.318,0.0026536845351094727,0.010865714917438755
AHR,88.05,51.33,0.767,0.002654029359482342,0.010865714917438755
RPS6KA1,56.33,44.28,0.341,0.002654029359482342,0.010865714917438755
TTC7B,2.38,3.43,-0.391,0.002654029359482342,0.010865714917438755
PTS,17.3,24.92,-0.502,0.002654029359482342,0.010865714917438755
GNAI2,159.5,129.4,0.3,0.002654029359482342,0.010865714917438755
TREML1,1.75,0.93,0.511,0.002654029359482342,0.010865714917438755
WWP2,28.55,22.86,0.309,0.002654029359482342,0.010865714917438755
CTDSPL2,12.5,18.31,-0.516,0.002654029359482342,0.010865714917438755
PLAGL2,26.83,37.69,-0.476,0.002654029359482342,0.010865714917438755
BAP1,55.43,69.64,-0.324,0.002654029359482342,0.010865714917438755
CST2,10.34,3.24,1.419,0.0026536845351094727,0.010865714917438755
M6PR,68.68,84.9,-0.302,0.002654029359482342,0.010865714917438755
ISG20,19.32,12.64,0.575,0.002654029359482342,0.010865714917438755
PCCB,17.59,27.09,-0.596,0.002654029359482342,0.010865714917438755
CGNL1,18.42,10.78,0.721,0.002654029359482342,0.010865714917438755
CNKSR1,33.5,23.92,0.469,0.002654029359482342,0.010865714917438755
LRRC26,2.05,0.24,1.299,0.0026732212169042883,0.010941338886968442
NAE1,26.96,38.88,-0.512,0.0027176797741600657,0.011069627026491656
EEPD1,7.91,12.41,-0.589,0.0027176797741600657,0.011069627026491656
SUV39H1,11.83,16.34,-0.435,0.0027176797741600657,0.011069627026491656
CEP68,9.24,13.4,-0.492,0.0027176797741600657,0.011069627026491656
DNAJB2,61.66,48.5,0.34,0.0027176797741600657,0.011069627026491656
SREBF2,83.85,114.2,-0.441,0.0027176797741600657,0.011069627026491656
ODF3L1,2.19,4.07,-0.668,0.0027176797741600657,0.011069627026491656
LRRC8A,66.44,90.0,-0.432,0.0027176797741600657,0.011069627026491656
SNRNP35,14.4,11.71,0.277,0.0027176797741600657,0.011069627026491656
ZNF665,1.08,0.77,0.233,0.0027176797741600657,0.011069627026491656
ICAM2,8.74,5.96,0.486,0.0027176797741600657,0.011069627026491656
ZNF117,13.98,5.75,1.151,0.0027176797741600657,0.011069627026491656
MRPL42,9.63,12.36,-0.33,0.0027176797741600657,0.011069627026491656
POLD2,93.12,134.16,-0.522,0.0027176797741600657,0.011069627026491656
MCRIP1,65.06,56.2,0.208,0.0027176797741600657,0.011069627026491656
MRPL30,21.76,27.06,-0.302,0.0027176797741600657,0.011069627026491656
CHRD,6.16,3.53,0.662,0.0027176797741600657,0.011069627026491656
ZNF620,3.1,2.4,0.27,0.0027176797741600657,0.011069627026491656
GSDMD,63.95,46.16,0.462,0.00278272204362034,0.011277112832414999
ZNF671,6.46,5.0,0.313,0.00278272204362034,0.011277112832414999
MFSD9,12.89,9.29,0.432,0.00278272204362034,0.011277112832414999
ITPRIPL1,2.04,3.75,-0.643,0.00278272204362034,0.011277112832414999
SLC25A42,10.71,8.02,0.376,0.00278272204362034,0.011277112832414999
ZSCAN9,11.77,9.0,0.353,0.00278272204362034,0.011277112832414999
MAMDC2,13.31,7.62,0.731,0.00278272204362034,0.011277112832414999
KCNK17,5.51,2.31,0.974,0.00278272204362034,0.011277112832414999
POLE3,84.42,122.89,-0.537,0.00278272204362034,0.011277112832414999
PARD6A,13.37,9.36,0.472,0.00278272204362034,0.011277112832414999
PRKDC,42.65,67.66,-0.654,0.00278272204362034,0.011277112832414999
MRPL36,47.3,68.27,-0.52,0.00278272204362034,0.011277112832414999
BICD1,3.82,4.97,-0.309,0.00278272204362034,0.011277112832414999
CENPU,15.11,22.86,-0.566,0.00278272204362034,0.011277112832414999
C1QTNF3,9.17,3.75,1.098,0.00278272204362034,0.011277112832414999
PSMC4,126.44,174.31,-0.46,0.00278272204362034,0.011277112832414999
PCSK1N,23.64,11.12,1.023,0.00278272204362034,0.011277112832414999
NDRG1,167.24,289.52,-0.788,0.00278272204362034,0.011277112832414999
MPC1,68.01,52.44,0.369,0.00278272204362034,0.011277112832414999
ADAM11,0.99,1.44,-0.295,0.0028156830867736024,0.011407646169960357
SPRTN,7.45,9.99,-0.379,0.0028491831436468647,0.011494328067293367
ALG14,3.62,3.01,0.202,0.0028491831436468647,0.011494328067293367
PARP11,5.37,7.3,-0.382,0.0028491831436468647,0.011494328067293367
PRX,12.92,7.3,0.746,0.0028491831436468647,0.011494328067293367
TBC1D7,8.01,9.48,-0.218,0.0028491831436468647,0.011494328067293367
CSDC2,6.18,3.22,0.767,0.0028491831436468647,0.011494328067293367
RSPH9,4.63,3.76,0.244,0.0028491831436468647,0.011494328067293367
KIF21A,9.09,15.9,-0.744,0.0028491831436468647,0.011494328067293367
ZNF100,5.59,3.9,0.425,0.0028491831436468647,0.011494328067293367
ST8SIA4,16.07,10.51,0.569,0.0028491831436468647,0.011494328067293367
SART3,18.94,23.82,-0.316,0.0028491831436468647,0.011494328067293367
FAM118A,10.85,13.63,-0.303,0.0028491831436468647,0.011494328067293367
STAM2,21.7,17.64,0.284,0.0028491831436468647,0.011494328067293367
SRSF9,39.95,51.7,-0.364,0.0028491831436468647,0.011494328067293367
STX18,19.41,15.21,0.332,0.0028491831436468647,0.011494328067293367
PID1,21.81,11.97,0.815,0.0028491831436468647,0.011494328067293367
TMEM217,1.3,0.73,0.409,0.002882862109974774,0.011619737205510445
LHX2,1.21,3.14,-0.908,0.0028833284581566763,0.011619737205510445
BLOC1S4,41.15,28.36,0.522,0.002882862109974774,0.011619737205510445
C9orf135,6.41,4.98,0.31,0.0028833284581566763,0.011619737205510445
F11R,133.35,171.0,-0.356,0.0029170904891323546,0.01169993553362932
MMP1,147.28,261.43,-0.824,0.0029170904891323546,0.01169993553362932
ISCU,61.0,50.18,0.277,0.0029170904891323546,0.01169993553362932
PHF1,55.91,45.82,0.282,0.0029170904891323546,0.01169993553362932
DDAH2,101.74,68.36,0.567,0.0029170904891323546,0.01169993553362932
TFCP2,32.73,42.02,-0.351,0.0029170904891323546,0.01169993553362932
SPTSSA,186.83,139.22,0.422,0.0029170904891323546,0.01169993553362932
NBR1,68.99,55.38,0.312,0.0029170904891323546,0.01169993553362932
DHCR7,61.71,128.64,-1.048,0.0029170904891323546,0.01169993553362932
PAEP,373.64,9.43,5.167,0.0029138338225368036,0.01169993553362932
RAB43,1.31,0.96,0.234,0.0029170904891323546,0.01169993553362932
MKI67,20.04,27.95,-0.46,0.0029170904891323546,0.01169993553362932
GRPEL2,12.17,16.41,-0.403,0.0029170904891323546,0.01169993553362932
IKZF5,15.09,12.01,0.307,0.0029170904891323546,0.01169993553362932
GKN2,76.37,9.8,2.841,0.0029092781782017545,0.01169993553362932
RPL11,882.44,715.5,0.302,0.0029170904891323546,0.01169993553362932
ABCB4,1.1,0.4,0.58,0.0029170904891323546,0.01169993553362932
RABEPK,18.84,26.14,-0.452,0.0029170904891323546,0.01169993553362932
NPSR1,0.41,5.18,-2.13,0.0029651902420681038,0.01188971637575632
SV2A,6.58,13.93,-0.978,0.0029864719393173592,0.011909046764842163
HOXC13,3.72,5.86,-0.541,0.0029802359013845797,0.011909046764842163
UHRF1,10.15,17.15,-0.702,0.0029864719393173592,0.011909046764842163
TUBGCP5,8.82,11.61,-0.361,0.0029864719393173592,0.011909046764842163
RNFT1,13.69,10.72,0.326,0.0029864719393173592,0.011909046764842163
SWAP70,39.82,31.18,0.343,0.0029864719393173592,0.011909046764842163
GIPR,4.56,2.28,0.761,0.0029864719393173592,0.011909046764842163
SLC25A20,31.54,23.79,0.392,0.0029864719393173592,0.011909046764842163
TMEM39B,19.92,25.14,-0.321,0.0029864719393173592,0.011909046764842163
SFTPA2,6943.21,3374.98,1.041,0.0029864719393173592,0.011909046764842163
VMA21,33.62,47.25,-0.479,0.0029864719393173592,0.011909046764842163
TRIM46,4.86,2.32,0.819,0.0029864719393173592,0.011909046764842163
CDA,83.13,27.61,1.556,0.0029864719393173592,0.011909046764842163
SYT7,28.4,13.73,0.997,0.0029864719393173592,0.011909046764842163
DDX28,19.62,25.2,-0.345,0.0029864719393173592,0.011909046764842163
ORAI2,17.06,11.79,0.498,0.0029864719393173592,0.011909046764842163
ADAM17,13.47,21.03,-0.606,0.0029864719393173592,0.011909046764842163
TCTEX1D2,2.8,5.57,-0.788,0.0029864719393173592,0.011909046764842163
RABAC1,18.62,14.92,0.301,0.0029864719393173592,0.011909046764842163
RNASET2,8.29,4.9,0.655,0.0029864719393173592,0.011909046764842163
RASGRP3,4.47,3.35,0.331,0.0029864719393173592,0.011909046764842163
ZIC1,0.3,2.56,-1.447,0.0030171019210944307,0.01202803187803403
SFXN1,20.35,32.65,-0.656,0.003057355803049527,0.01214389718058339
ZNF771,1.96,2.91,-0.401,0.003057355803049527,0.01214389718058339
BCHE,5.33,10.61,-0.876,0.003057355803049527,0.01214389718058339
ZNF460,1.53,4.28,-1.065,0.003057355803049527,0.01214389718058339
ZER1,57.84,45.6,0.336,0.003057355803049527,0.01214389718058339
AGRP,5.79,3.94,0.46,0.0030519444463952177,0.01214389718058339
CGRRF1,8.95,7.35,0.253,0.003057355803049527,0.01214389718058339
RGS17,4.52,1.94,0.91,0.003057355803049527,0.01214389718058339
EED,9.31,11.55,-0.283,0.003057355803049527,0.01214389718058339
SPATS2,14.92,20.66,-0.444,0.003057355803049527,0.01214389718058339
SHC3,4.0,2.49,0.519,0.003057355803049527,0.01214389718058339
MILR1,11.98,8.76,0.411,0.003057355803049527,0.01214389718058339
MAP9,6.5,4.63,0.415,0.003057355803049527,0.01214389718058339
TPRA1,25.73,31.93,-0.301,0.003057355803049527,0.01214389718058339
ANKRD28,14.53,11.01,0.371,0.0030932725099344998,0.012279934989290267
MALT1,7.84,10.93,-0.433,0.0030932725099344998,0.012279934989290267
EN2,1.13,3.26,-0.998,0.0030940295622328136,0.012279934989290267
POLR2G,92.79,119.74,-0.364,0.0031297708440623457,0.012334788179984232
UBA3,36.79,30.73,0.252,0.0031297708440623457,0.012334788179984232
TIMM8B,76.59,108.26,-0.494,0.0031297708440623457,0.012334788179984232
ABCB8,15.01,12.23,0.275,0.0031297708440623457,0.012334788179984232
NUCB1,307.49,249.37,0.301,0.0031297708440623457,0.012334788179984232
WDR25,9.6,7.13,0.383,0.0031297708440623457,0.012334788179984232
AFF2,1.43,2.98,-0.711,0.0031297708440623457,0.012334788179984232
PODXL,42.14,32.85,0.35,0.0031297708440623457,0.012334788179984232
CD74,2667.42,1814.44,0.556,0.0031297708440623457,0.012334788179984232
MRPL4,22.04,27.93,-0.329,0.0031297708440623457,0.012334788179984232
NUDT10,0.86,4.47,-1.554,0.003128785656477692,0.012334788179984232
CITED4,30.11,49.12,-0.688,0.0031297708440623457,0.012334788179984232
MOAP1,47.44,36.09,0.385,0.0031297708440623457,0.012334788179984232
TBC1D24,9.23,5.67,0.617,0.0031297708440623457,0.012334788179984232
NDUFAF3,77.9,63.93,0.281,0.0031297708440623457,0.012334788179984232
MFSD2A,50.11,26.62,0.888,0.0031297708440623457,0.012334788179984232
TIGD1,2.55,4.07,-0.515,0.0031297708440623457,0.012334788179984232
NR5A2,2.18,1.34,0.442,0.0031297708440623457,0.012334788179984232
HLA-DQB1,203.72,103.78,0.966,0.0031297708440623457,0.012334788179984232
SGO1,2.63,4.08,-0.486,0.0031297708440623457,0.012334788179984232
ASGR1,3.29,2.23,0.408,0.0031297708440623457,0.012334788179984232
CLNS1A,48.95,87.72,-0.829,0.0031297708440623457,0.012334788179984232
PTMS,430.78,594.7,-0.464,0.0031297708440623457,0.012334788179984232
ZNF792,5.05,3.85,0.319,0.0031297708440623457,0.012334788179984232
XCL2,3.12,4.54,-0.428,0.003129672316951829,0.012334788179984232
MCL1,297.43,229.1,0.375,0.0031297708440623457,0.012334788179984232
SUSD1,17.79,12.87,0.438,0.0031297708440623457,0.012334788179984232
KIF4A,14.56,22.72,-0.609,0.003203746286272523,0.012551448511433328
WNT16,0.29,1.68,-1.055,0.003203746286272523,0.012551448511433328
BRCA2,2.26,3.19,-0.361,0.003203746286272523,0.012551448511433328
STK39,62.83,34.94,0.828,0.003203746286272523,0.012551448511433328
MAP3K7,19.92,25.3,-0.33,0.003203746286272523,0.012551448511433328
NUMB,29.15,22.84,0.339,0.003203746286272523,0.012551448511433328
ANO8,13.05,7.69,0.693,0.003203746286272523,0.012551448511433328
CDC42EP5,28.65,18.93,0.573,0.003203746286272523,0.012551448511433328
ITSN2,18.93,14.3,0.381,0.003203746286272523,0.012551448511433328
SEC24D,33.94,23.52,0.511,0.003203746286272523,0.012551448511433328
GLI3,3.46,5.93,-0.637,0.003203746286272523,0.012551448511433328
AQP4,97.24,41.15,1.221,0.003203746286272523,0.012551448511433328
PALB2,9.64,13.17,-0.412,0.003203746286272523,0.012551448511433328
PRKAR2A,32.94,26.59,0.299,0.003203746286272523,0.012551448511433328
CEBPB,154.83,114.12,0.437,0.003203746286272523,0.012551448511433328
GBA,65.1,46.21,0.486,0.003203746286272523,0.012551448511433328
CDC7,9.73,15.31,-0.604,0.003203746286272523,0.012551448511433328
PRPSAP2,19.15,30.26,-0.634,0.003203746286272523,0.012551448511433328
TCHH,1.04,3.08,-0.999,0.003203746286272523,0.012551448511433328
CHST12,8.21,5.7,0.459,0.003203746286272523,0.012551448511433328
SLC30A1,32.04,20.33,0.631,0.003203746286272523,0.012551448511433328
UBE2N,46.13,57.7,-0.317,0.003203746286272523,0.012551448511433328
HRC,1.46,0.89,0.38,0.003203746286272523,0.012551448511433328
CTAG2,4.3,31.82,-2.631,0.0032128943354838646,0.012584043217067893
REN,1.53,0.56,0.703,0.0032403149998210803,0.012688171595948884
IGFBP1,1.46,1.01,0.29,0.003262354988556249,0.012771182515108241
COPZ2,26.02,37.97,-0.528,0.00327931181909489,0.012804570667568405
SMIM5,4.15,1.81,0.875,0.00327931181909489,0.012804570667568405
FCGBP,20.68,7.14,1.414,0.00327931181909489,0.012804570667568405
ITPKA,27.39,5.71,2.082,0.00327931181909489,0.012804570667568405
TTC25,5.49,5.09,0.094,0.00327931181909489,0.012804570667568405
TPT1,763.12,491.98,0.632,0.00327931181909489,0.012804570667568405
MIER3,13.11,10.39,0.309,0.00327931181909489,0.012804570667568405
THPO,3.34,0.84,1.24,0.00327931181909489,0.012804570667568405
CPSF6,30.24,39.91,-0.389,0.00327931181909489,0.012804570667568405
LMTK3,7.03,5.15,0.385,0.00327931181909489,0.012804570667568405
HPCAL4,1.79,0.71,0.709,0.0033175970063653894,0.01295073260989449
RAB11FIP4,9.07,6.29,0.467,0.003356497602773834,0.01305896749780867
CYBC1,48.87,37.71,0.365,0.003356497602773834,0.01305896749780867
MYBBP1A,30.71,44.45,-0.519,0.003356497602773834,0.01305896749780867
AJM1,3.86,2.45,0.495,0.003356497602773834,0.01305896749780867
HPS4,11.8,15.44,-0.361,0.003356497602773834,0.01305896749780867
PSME4,29.53,41.36,-0.473,0.003356497602773834,0.01305896749780867
SPA17,2.67,1.93,0.327,0.003356497602773834,0.01305896749780867
ATAD2,20.59,29.14,-0.481,0.003356497602773834,0.01305896749780867
DLD,45.01,56.27,-0.316,0.003356497602773834,0.01305896749780867
CCDC170,7.03,5.41,0.326,0.003356497602773834,0.01305896749780867
NUP153,35.14,45.86,-0.375,0.003356497602773834,0.01305896749780867
ASCL2,5.43,8.33,-0.537,0.003356497602773834,0.01305896749780867
DIPK2B,8.65,6.06,0.451,0.003356497602773834,0.01305896749780867
SULT1E1,0.42,2.65,-1.357,0.0033865607873527054,0.013172559662634321
GABPA,17.71,14.34,0.286,0.0034353342737303044,0.013314549393057274
FAM98B,14.19,18.38,-0.351,0.0034353342737303044,0.013314549393057274
TRDMT1,1.64,1.34,0.172,0.0034353342737303044,0.013314549393057274
SOX7,6.78,11.16,-0.644,0.0034353342737303044,0.013314549393057274
TMEM9,127.88,98.7,0.37,0.0034353342737303044,0.013314549393057274
GRWD1,23.23,30.31,-0.37,0.0034353342737303044,0.013314549393057274
COQ6,2.55,2.12,0.183,0.0034351218645503343,0.013314549393057274
UBE2J1,78.2,63.17,0.304,0.0034353342737303044,0.013314549393057274
B4GAT1,44.63,32.36,0.452,0.0034353342737303044,0.013314549393057274
POLR2F,16.13,22.11,-0.432,0.0034353342737303044,0.013314549393057274
DLG3,26.41,19.23,0.438,0.0034353342737303044,0.013314549393057274
COX6B2,1.02,5.82,-1.758,0.0034346970694872536,0.013314549393057274
IGF2BP3,6.04,9.33,-0.553,0.0034353342737303044,0.013314549393057274
VWA5A,24.29,18.3,0.39,0.0034353342737303044,0.013314549393057274
RPS19,750.32,1020.49,-0.443,0.0035158529499231656,0.013547135142831006
AFF1,27.45,19.21,0.493,0.0035158529499231656,0.013547135142831006
MINDY3,16.68,13.09,0.327,0.0035158529499231656,0.013547135142831006
IQCE,14.51,11.38,0.325,0.0035158529499231656,0.013547135142831006
EDEM1,64.86,48.43,0.414,0.0035158529499231656,0.013547135142831006
GYS1,50.25,63.44,-0.33,0.0035158529499231656,0.013547135142831006
MX2,17.39,10.32,0.7,0.0035158529499231656,0.013547135142831006
UBXN2A,11.99,15.97,-0.385,0.0035158529499231656,0.013547135142831006
SSTR1,4.4,2.25,0.734,0.003515420156940346,0.013547135142831006
CIBAR1,6.85,9.79,-0.46,0.0035158529499231656,0.013547135142831006
SDCCAG8,17.31,13.88,0.3,0.0035158529499231656,0.013547135142831006
CENPK,4.94,8.38,-0.66,0.0035158529499231656,0.013547135142831006
H2AW,27.34,73.15,-1.388,0.0035158529499231656,0.013547135142831006
LMBR1L,17.67,13.29,0.386,0.0035158529499231656,0.013547135142831006
DIS3L,14.66,19.38,-0.38,0.0035158529499231656,0.013547135142831006
FAM126B,6.23,4.77,0.323,0.0035158529499231656,0.013547135142831006
ZSWIM4,7.53,4.99,0.511,0.0035158529499231656,0.013547135142831006
RRAS,203.24,143.95,0.495,0.0035158529499231656,0.013547135142831006
SLC48A1,22.18,30.11,-0.424,0.0035158529499231656,0.013547135142831006
WDR55,12.36,10.03,0.276,0.0035158529499231656,0.013547135142831006
POGLUT2,8.32,12.44,-0.528,0.0035158529499231656,0.013547135142831006
HDAC4,4.35,6.42,-0.473,0.0035158529499231656,0.013547135142831006
AOC1,33.79,2.15,3.467,0.0035158529499231656,0.013547135142831006
MIOX,2.32,0.94,0.776,0.0035528225576547607,0.013686113873846039
LCA5L,1.52,1.12,0.247,0.003556643686697721,0.013697360591127623
KIAA1143,16.83,13.82,0.268,0.0035980852362239185,0.013787064059003781
SLC29A3,10.27,8.36,0.268,0.0035980852362239185,0.013787064059003781
PLEKHG3,9.73,16.33,-0.691,0.0035980852362239185,0.013787064059003781
IFI6,1072.91,615.54,0.801,0.0035980852362239185,0.013787064059003781
CSTF1,22.35,26.91,-0.257,0.0035980852362239185,0.013787064059003781
C3,373.95,213.64,0.805,0.0035980852362239185,0.013787064059003781
PGAM5,43.76,56.71,-0.367,0.0035980852362239185,0.013787064059003781
EMC1,27.57,35.8,-0.365,0.0035980852362239185,0.013787064059003781
INMT,75.07,27.16,1.434,0.0035980852362239185,0.013787064059003781
ZW10,22.89,32.7,-0.496,0.0035980852362239185,0.013787064059003781
ITPRIP,15.15,19.13,-0.318,0.0035980852362239185,0.013787064059003781
GCFC2,8.54,10.82,-0.308,0.0035980852362239185,0.013787064059003781
RHPN2,24.99,14.25,0.769,0.0035980852362239185,0.013787064059003781
SEL1L3,84.15,63.01,0.412,0.0035980852362239185,0.013787064059003781
NUP155,19.44,28.08,-0.509,0.0035980852362239185,0.013787064059003781
MMEL1,1.06,0.62,0.346,0.0035980852362239185,0.013787064059003781
SYCE1L,4.64,3.39,0.363,0.0035980852362239185,0.013787064059003781
SIRT3,14.61,11.41,0.331,0.0035980852362239185,0.013787064059003781
CEP78,3.76,5.38,-0.421,0.0035980852362239185,0.013787064059003781
ADSL,1.46,1.97,-0.271,0.0035980852362239185,0.013787064059003781
HMX1,0.22,1.43,-0.995,0.00361465485664659,0.01384706284342704
KRT36,0.15,10.68,-3.341,0.0036311802309121196,0.0139068619229261
PNLDC1,0.55,7.16,-2.397,0.003681838659715371,0.014069815555937316
CDC42BPA,21.74,12.41,0.762,0.003682063229803644,0.014069815555937316
ZNF91,6.39,5.05,0.288,0.003682063229803644,0.014069815555937316
MT-ND5,4012.97,2636.33,0.606,0.003682063229803644,0.014069815555937316
UBE2T,34.67,58.48,-0.738,0.003682063229803644,0.014069815555937316
DHRS13,3.47,5.87,-0.621,0.003682063229803644,0.014069815555937316
SARS2,1.72,2.76,-0.47,0.003682063229803644,0.014069815555937316
WFDC1,3.32,1.58,0.746,0.003681838659715371,0.014069815555937316
DGKG,1.48,4.32,-1.103,0.003682063229803644,0.014069815555937316
LYPD2,2.02,10.59,-1.943,0.003715987853138204,0.014195877156833979
G3BP1,25.05,32.95,-0.382,0.0037678195255309343,0.014314699187644784
PTGER2,7.74,4.12,0.772,0.0037678195255309343,0.014314699187644784
ANKRD16,6.16,7.99,-0.329,0.0037678195255309343,0.014314699187644784
LIN7B,5.72,7.8,-0.39,0.0037678195255309343,0.014314699187644784
DDC,2.73,0.7,1.134,0.0037678195255309343,0.014314699187644784
PHACTR3,9.35,3.54,1.19,0.0037678195255309343,0.014314699187644784
TMEM129,54.36,41.72,0.374,0.0037678195255309343,0.014314699187644784
SSC4D,3.41,3.04,0.124,0.0037678195255309343,0.014314699187644784
OSCAR,24.98,19.57,0.337,0.0037678195255309343,0.014314699187644784
TOMM34,70.72,86.63,-0.289,0.0037678195255309343,0.014314699187644784
PARD3,34.35,43.19,-0.322,0.0037678195255309343,0.014314699187644784
CFAP251,5.68,10.85,-0.827,0.0037678195255309343,0.014314699187644784
TUBGCP4,3.18,4.27,-0.334,0.0037678195255309343,0.014314699187644784
CXCL6,9.96,25.17,-1.255,0.0037678195255309343,0.014314699187644784
CCDC153,4.76,3.25,0.438,0.0037678195255309343,0.014314699187644784
PTPN22,6.45,4.17,0.529,0.0037678195255309343,0.014314699187644784
ASB7,10.5,12.74,-0.257,0.0037678195255309343,0.014314699187644784
MYD88,66.13,53.88,0.291,0.0037678195255309343,0.014314699187644784
TCFL5,11.15,16.66,-0.54,0.0037678195255309343,0.014314699187644784
MCM6,42.21,59.05,-0.475,0.0037678195255309343,0.014314699187644784
UBE2W,18.19,13.57,0.398,0.0037678195255309343,0.014314699187644784
SPATA2L,18.61,15.13,0.282,0.0037678195255309343,0.014314699187644784
PRKCA,11.35,6.92,0.641,0.003811259427083964,0.014476116118921667
ILF3,72.53,98.18,-0.432,0.0038553872213796885,0.014545542104400698
VAV3,5.72,11.51,-0.896,0.0038553872213796885,0.014545542104400698
EMG1,20.94,29.56,-0.479,0.0038553872213796885,0.014545542104400698
C4B,10.39,5.16,0.885,0.0038553872213796885,0.014545542104400698
ELN,48.15,39.02,0.296,0.0038553872213796885,0.014545542104400698
PCDHGB6,1.22,0.84,0.272,0.0038553872213796885,0.014545542104400698
RRBP1,191.29,131.9,0.533,0.0038553872213796885,0.014545542104400698
IRAK2,15.34,9.64,0.618,0.0038553872213796885,0.014545542104400698
MARS2,9.64,13.9,-0.486,0.0038553872213796885,0.014545542104400698
WFS1,55.17,40.06,0.452,0.0038553872213796885,0.014545542104400698
MGAT4B,79.77,60.67,0.389,0.0038553872213796885,0.014545542104400698
SCPEP1,159.1,225.33,-0.5,0.0038553872213796885,0.014545542104400698
FAT4,2.98,2.04,0.389,0.0038553872213796885,0.014545542104400698
RER1,64.08,53.88,0.246,0.0038553872213796885,0.014545542104400698
SEPTIN2,188.7,154.93,0.283,0.0038553872213796885,0.014545542104400698
PTGER1,2.75,2.0,0.325,0.0038552707234021867,0.014545542104400698
FBXO38,16.49,12.55,0.368,0.0038553872213796885,0.014545542104400698
CEBPD,318.29,197.47,0.686,0.0038553872213796885,0.014545542104400698
CASK,9.41,12.98,-0.425,0.0038553872213796885,0.014545542104400698
UBA52,300.54,367.06,-0.288,0.0038553872213796885,0.014545542104400698
CDK2AP1,62.92,82.5,-0.386,0.0038553872213796885,0.014545542104400698
SLC35A3,7.73,6.29,0.26,0.0038553872213796885,0.014545542104400698
ASS1,181.69,114.41,0.663,0.0038553872213796885,0.014545542104400698
PANK2,10.98,13.8,-0.304,0.0038553872213796885,0.014545542104400698
KDM3A,16.01,24.26,-0.57,0.0038553872213796885,0.014545542104400698
RNF115,17.62,14.55,0.261,0.0038553872213796885,0.014545542104400698
SLC37A3,16.58,12.41,0.391,0.0038553872213796885,0.014545542104400698
AZU1,1.22,0.59,0.486,0.0038899920320572675,0.014672455050408656
TMEM139,3.45,1.81,0.663,0.0038993905541832934,0.014704254328544745
GFOD2,7.6,10.01,-0.356,0.003944799923845632,0.014776465789690997
DTNBP1,22.84,19.04,0.251,0.003944799923845632,0.014776465789690997
IQANK1,25.37,41.48,-0.688,0.003944799923845632,0.014776465789690997
CABCOCO1,6.89,4.89,0.421,0.003944799923845632,0.014776465789690997
TMEM204,43.84,29.48,0.557,0.003944799923845632,0.014776465789690997
KNOP1,5.86,7.86,-0.368,0.003944799923845632,0.014776465789690997
FMO1,2.93,15.87,-2.103,0.003944799923845632,0.014776465789690997
CBR3,10.56,22.7,-1.036,0.003944799923845632,0.014776465789690997
DVL1,75.55,55.77,0.431,0.003944799923845632,0.014776465789690997
CCNE2,2.28,3.65,-0.505,0.003944799923845632,0.014776465789690997
EDF1,554.76,469.71,0.24,0.003944799923845632,0.014776465789690997
COPS3,54.49,79.85,-0.543,0.003944799923845632,0.014776465789690997
PMEL,4.13,2.05,0.751,0.003944799923845632,0.014776465789690997
ZXDC,15.14,20.11,-0.387,0.003944799923845632,0.014776465789690997
ZDHHC19,0.46,1.13,-0.538,0.003942427268296196,0.014776465789690997
TRIM32,15.85,20.82,-0.373,0.003944799923845632,0.014776465789690997
FERMT2,22.49,15.37,0.521,0.003944799923845632,0.014776465789690997
MYCBP,29.58,24.1,0.285,0.003944799923845632,0.014776465789690997
MICOS10,4.22,3.27,0.29,0.003944799923845632,0.014776465789690997
PKIB,13.85,7.33,0.834,0.003944799923845632,0.014776465789690997
CAST,52.78,42.62,0.302,0.003944799923845632,0.014776465789690997
ZCCHC24,18.84,15.85,0.236,0.003944799923845632,0.014776465789690997
PRRG2,23.13,18.33,0.32,0.003944799923845632,0.014776465789690997
ZNF347,4.47,3.24,0.368,0.003944799923845632,0.014776465789690997
ADAM8,50.57,31.75,0.655,0.003944799923845632,0.014776465789690997
NDUFB8,5.19,4.45,0.185,0.003944799923845632,0.014776465789690997
CCR10,1.06,0.54,0.42,0.003944799923845632,0.014776465789690997
HEPHL1,1.54,3.12,-0.698,0.004035850076024406,0.01506642309802255
LEPROTL1,32.44,26.11,0.303,0.004036091753370091,0.01506642309802255
TMED7,83.34,67.34,0.303,0.004036091753370091,0.01506642309802255
LIPT2,3.56,5.25,-0.453,0.004036091753370091,0.01506642309802255
KIF3C,11.19,18.34,-0.666,0.004036091753370091,0.01506642309802255
PRSS21,12.16,38.6,-1.589,0.004036091753370091,0.01506642309802255
SCFD2,16.39,21.45,-0.369,0.004036091753370091,0.01506642309802255
FCRLB,1.45,2.54,-0.531,0.004036091753370091,0.01506642309802255
IMP4,51.95,67.67,-0.375,0.004036091753370091,0.01506642309802255
MYCT1,14.35,9.02,0.616,0.004036091753370091,0.01506642309802255
TXN2,137.66,171.57,-0.316,0.004036091753370091,0.01506642309802255
ACTR3,71.6,101.8,-0.502,0.004036091753370091,0.01506642309802255
JTB,25.59,18.43,0.453,0.004036091753370091,0.01506642309802255
PSENEN,42.58,34.78,0.284,0.004036091753370091,0.01506642309802255
KCNK2,0.76,2.99,-1.184,0.004079770824463997,0.01522573277722464
CFAP43,4.28,4.25,0.01,0.004129297349770033,0.01535775144065021
NOL10,22.68,30.19,-0.398,0.004129297349770033,0.01535775144065021
C9orf64,25.97,20.05,0.358,0.004129297349770033,0.01535775144065021
RFNG,37.76,29.24,0.358,0.004129297349770033,0.01535775144065021
ZBTB7B,67.45,49.7,0.433,0.004129297349770033,0.01535775144065021
ARHGEF25,2.2,3.13,-0.368,0.004129297349770033,0.01535775144065021
CCT6A,197.97,290.66,-0.552,0.004129297349770033,0.01535775144065021
P2RY6,22.07,9.78,1.097,0.004129297349770033,0.01535775144065021
TMOD1,4.08,2.5,0.538,0.004129297349770033,0.01535775144065021
APOBEC3F,6.75,9.33,-0.413,0.004129297349770033,0.01535775144065021
PPP4R4,1.19,3.27,-0.965,0.004129297349770033,0.01535775144065021
SLC35E2B,17.93,14.01,0.335,0.004129297349770033,0.01535775144065021
GNAL,1.81,4.02,-0.836,0.004129297349770033,0.01535775144065021
LSM7,69.5,95.37,-0.451,0.004129297349770033,0.01535775144065021
MGST3,34.73,28.45,0.279,0.004224451877672854,0.015642724196315787
GAS2L2,3.4,2.92,0.164,0.004221820731875395,0.015642724196315787
STBD1,2.43,1.52,0.448,0.004224451877672854,0.015642724196315787
TSTD1,100.63,65.31,0.616,0.004224451877672854,0.015642724196315787
ZNF385B,12.44,5.03,1.155,0.004224326563656812,0.015642724196315787
ZNF615,6.19,4.63,0.353,0.004224451877672854,0.015642724196315787
NPAS1,1.73,2.36,-0.299,0.004224451877672854,0.015642724196315787
ATP6AP1L,2.2,1.67,0.262,0.004224326563656812,0.015642724196315787
ZNF576,8.69,11.41,-0.357,0.004224451877672854,0.015642724196315787
SNRPA,64.83,82.85,-0.349,0.004224451877672854,0.015642724196315787
SESN2,24.13,19.58,0.288,0.004224451877672854,0.015642724196315787
RBMXL1,14.35,20.53,-0.488,0.004224451877672854,0.015642724196315787
LDB2,14.99,8.35,0.775,0.004224451877672854,0.015642724196315787
RNF145,149.74,99.42,0.586,0.004224451877672854,0.015642724196315787
UBL7,69.15,80.95,-0.224,0.004224451877672854,0.015642724196315787
SSC5D,11.58,6.93,0.665,0.004224451877672854,0.015642724196315787
DMAC1,32.54,44.84,-0.451,0.004224451877672854,0.015642724196315787
SIGLEC10,5.86,9.54,-0.62,0.004224451877672854,0.015642724196315787
FADS6,2.2,2.57,-0.157,0.004235319962399186,0.015679146244817452
HIC2,4.44,5.54,-0.266,0.0043215910319546885,0.01594413126481
SLC25A37,29.78,18.0,0.696,0.0043215910319546885,0.01594413126481
SNTN,8.56,6.78,0.296,0.0043210806379749694,0.01594413126481
TMCC3,7.89,11.36,-0.476,0.0043215910319546885,0.01594413126481
XRCC2,4.82,8.2,-0.659,0.0043215910319546885,0.01594413126481
ZNF682,4.14,2.34,0.623,0.0043215910319546885,0.01594413126481
ITGB2,92.57,64.85,0.507,0.0043215910319546885,0.01594413126481
FBLN5,38.91,24.84,0.627,0.0043215910319546885,0.01594413126481
PLAC9,23.14,12.03,0.89,0.0043215910319546885,0.01594413126481
MOSPD3,45.26,33.95,0.404,0.0043215910319546885,0.01594413126481
SLC25A11,72.68,91.08,-0.322,0.0043215910319546885,0.01594413126481
KLHDC8B,50.55,38.31,0.391,0.0043215910319546885,0.01594413126481
PCLO,1.08,2.19,-0.617,0.0043215910319546885,0.01594413126481
SMIM31,3.03,0.91,1.077,0.004314448657707648,0.01594413126481
H3C2,0.9,17.16,-3.259,0.0043571282639707585,0.01607134006178872
RTTN,1.64,2.38,-0.36,0.004420751043180911,0.01622330207706463
SLC4A3,5.78,9.02,-0.563,0.004420751043180911,0.01622330207706463
HSD17B13,2.53,3.91,-0.479,0.004420751043180911,0.01622330207706463
LIG1,14.18,20.49,-0.501,0.004420751043180911,0.01622330207706463
TIMM8A,8.02,11.77,-0.501,0.004420751043180911,0.01622330207706463
SERPINE1,148.2,184.45,-0.314,0.004420751043180911,0.01622330207706463
ALDH1A1,127.47,279.3,-1.126,0.004420751043180911,0.01622330207706463
KEL,0.43,2.1,-1.114,0.004420751043180911,0.01622330207706463
SNTA1,48.35,30.1,0.666,0.004420751043180911,0.01622330207706463
ADGRG3,1.65,2.52,-0.41,0.004420751043180911,0.01622330207706463
MRPS25,22.62,14.82,0.578,0.004420751043180911,0.01622330207706463
UIMC1,13.61,17.07,-0.306,0.004420751043180911,0.01622330207706463
CASP4,40.52,34.93,0.209,0.004420751043180911,0.01622330207706463
PRMT6,12.45,17.79,-0.482,0.004420751043180911,0.01622330207706463
ALOX12B,0.58,3.18,-1.407,0.004420751043180911,0.01622330207706463
MMP17,8.81,3.23,1.214,0.004420751043180911,0.01622330207706463
CCDC160,2.67,1.21,0.731,0.004420751043180911,0.01622330207706463
FAIM,9.8,13.2,-0.395,0.004420751043180911,0.01622330207706463
HPDL,4.24,7.27,-0.658,0.004420751043180911,0.01622330207706463
LYPLA2,154.82,112.24,0.461,0.004420751043180911,0.01622330207706463
GALNS,11.77,15.77,-0.392,0.004420751043180911,0.01622330207706463
TRABD2A,2.91,1.47,0.661,0.004470969242537302,0.016399670618510196
TRPV3,0.65,1.62,-0.669,0.004470969242537302,0.016399670618510196
KLB,2.33,0.71,0.959,0.0045219686830473005,0.016526887226735055
ZNF470,2.54,1.84,0.316,0.0045219686830473005,0.016526887226735055
EIF4EBP3,2.22,1.47,0.38,0.0045219686830473005,0.016526887226735055
ZNF66,1.47,0.98,0.321,0.0045219686830473005,0.016526887226735055
ME1,34.39,90.61,-1.372,0.0045219686830473005,0.016526887226735055
TNFRSF10B,62.34,43.72,0.502,0.0045219686830473005,0.016526887226735055
ATG16L1,22.79,17.83,0.338,0.0045219686830473005,0.016526887226735055
ZNF677,2.78,1.8,0.433,0.0045219686830473005,0.016526887226735055
LCN12,2.8,1.09,0.865,0.0045218364030338775,0.016526887226735055
MRC1,74.69,44.24,0.743,0.0045219686830473005,0.016526887226735055
WBP11,62.95,72.06,-0.192,0.0045219686830473005,0.016526887226735055
MED10,59.24,76.46,-0.363,0.0045219686830473005,0.016526887226735055
C12orf76,9.39,6.77,0.419,0.0045219686830473005,0.016526887226735055
ZNF710,24.62,15.94,0.597,0.0045219686830473005,0.016526887226735055
MKKS,8.7,11.54,-0.371,0.0045219686830473005,0.016526887226735055
SERPINI1,10.41,25.72,-1.228,0.00462528126982066,0.01683562489994856
BRCA1,6.65,8.98,-0.384,0.00462528126982066,0.01683562489994856
PAICS,55.42,72.59,-0.383,0.00462528126982066,0.01683562489994856
ARL8A,105.08,87.25,0.266,0.00462528126982066,0.01683562489994856
ADGRG2,1.76,1.07,0.413,0.00462528126982066,0.01683562489994856
DENND2D,23.25,18.14,0.341,0.00462528126982066,0.01683562489994856
ZNF454,1.46,0.79,0.461,0.00462528126982066,0.01683562489994856
TFDP2,12.62,18.35,-0.506,0.00462528126982066,0.01683562489994856
CAP1,360.39,290.27,0.311,0.00462528126982066,0.01683562489994856
KDELR1,385.03,309.2,0.316,0.00462528126982066,0.01683562489994856
MAT1A,2.86,2.9,-0.015,0.004624742598087722,0.01683562489994856
ZNF556,0.18,1.31,-0.975,0.004617743101773547,0.01683562489994856
TRNAU1AP,20.7,16.0,0.352,0.00462528126982066,0.01683562489994856
C19orf47,11.87,17.35,-0.512,0.00462528126982066,0.01683562489994856
ANXA4,46.97,34.84,0.42,0.00462528126982066,0.01683562489994856
GYG2,11.26,6.07,0.793,0.00462528126982066,0.01683562489994856
VAV2,36.7,26.1,0.476,0.00462528126982066,0.01683562489994856
SPINK7,0.07,1.98,-1.471,0.004646204719519826,0.016907733725428677
TMEM108,4.67,3.49,0.337,0.004677599100974785,0.01701790305103207
FARSB,21.62,29.19,-0.417,0.004730726673777232,0.017141409576603265
PTDSS2,16.26,12.78,0.325,0.004730726673777232,0.017141409576603265
TMEM161B,5.4,4.55,0.204,0.004730726673777232,0.017141409576603265
LIG3,8.94,12.11,-0.4,0.004730726673777232,0.017141409576603265
SMAD3,30.0,40.77,-0.431,0.004730726673777232,0.017141409576603265
ADRM1,72.78,93.33,-0.354,0.004730726673777232,0.017141409576603265
SEM1,24.09,35.47,-0.54,0.004730726673777232,0.017141409576603265
PRICKLE3,14.13,20.79,-0.526,0.004730726673777232,0.017141409576603265
ZNF433,3.9,3.04,0.278,0.004730726673777232,0.017141409576603265
SIN3A,19.13,24.51,-0.342,0.004730726673777232,0.017141409576603265
TRIM25,15.66,21.2,-0.415,0.004730726673777232,0.017141409576603265
RNF125,5.0,3.44,0.433,0.004730726673777232,0.017141409576603265
FAAP24,8.07,9.72,-0.242,0.004730726673777232,0.017141409576603265
TBL1X,15.18,24.8,-0.673,0.004730726673777232,0.017141409576603265
F11,2.32,0.9,0.804,0.004725216236894375,0.017141409576603265
SQOR,49.36,36.97,0.407,0.004730726673777232,0.017141409576603265
SLC25A15,9.28,11.62,-0.296,0.004730726673777232,0.017141409576603265
ZBTB32,1.22,2.03,-0.448,0.0047841228446841395,0.017330753070883675
PLIN2,66.47,41.88,0.654,0.004838343322637616,0.01741918248834912
PHF11,20.13,16.49,0.273,0.004838343322637616,0.01741918248834912
TBP,20.27,25.03,-0.291,0.004838343322637616,0.01741918248834912
HNRNPM,105.34,136.42,-0.37,0.004838343322637616,0.01741918248834912
PTPRH,14.42,4.94,1.376,0.004838343322637616,0.01741918248834912
PHLDB1,9.43,6.84,0.412,0.004838343322637616,0.01741918248834912
CCNT1,17.1,21.82,-0.334,0.004838343322637616,0.01741918248834912
TPST1,29.98,38.55,-0.353,0.004838343322637616,0.01741918248834912
EMC8,18.23,24.23,-0.392,0.004838343322637616,0.01741918248834912
CCNE1,15.82,25.86,-0.675,0.004838343322637616,0.01741918248834912
NEXN,11.76,7.21,0.635,0.004838203762921511,0.01741918248834912
ATG3,25.45,31.94,-0.317,0.004838343322637616,0.01741918248834912
EGFL7,83.46,49.57,0.74,0.004838343322637616,0.01741918248834912
HLA-DRB5,908.37,492.09,0.883,0.004838343322637616,0.01741918248834912
INTS14,33.24,43.17,-0.368,0.004838343322637616,0.01741918248834912
MANEA,12.94,17.3,-0.392,0.004838343322637616,0.01741918248834912
NAV1,7.25,13.95,-0.857,0.004838343322637616,0.01741918248834912
TBKBP1,14.95,10.57,0.464,0.004838343322637616,0.01741918248834912
GATA2,15.6,8.8,0.759,0.004838343322637616,0.01741918248834912
CDKN1C,26.2,17.21,0.579,0.004838343322637616,0.01741918248834912
TGOLN2,147.31,117.77,0.32,0.004838343322637616,0.01741918248834912
TMEM167A,76.26,62.79,0.276,0.004838343322637616,0.01741918248834912
GAK,26.65,18.44,0.508,0.004838343322637616,0.01741918248834912
SCN2B,1.1,0.6,0.397,0.004838203762921511,0.01741918248834912
EIF4A3,54.0,69.56,-0.359,0.004838343322637616,0.01741918248834912
CPNE4,2.21,0.74,0.887,0.004838343322637616,0.01741918248834912
UGT2B15,6.42,0.17,2.661,0.004841891961784747,0.01742782861298168
CHST3,16.11,26.24,-0.671,0.004948170206996593,0.017759874782636246
SGPP2,105.79,61.29,0.778,0.004948170206996593,0.017759874782636246
THAP10,4.29,5.76,-0.356,0.004948170206996593,0.017759874782636246
TES,88.16,70.06,0.327,0.004948170206996593,0.017759874782636246
MPHOSPH9,4.75,5.97,-0.278,0.004948170206996593,0.017759874782636246
BAZ2B,6.03,4.72,0.298,0.004948170206996593,0.017759874782636246
TIAM2,1.17,1.6,-0.257,0.004948170206996593,0.017759874782636246
WNT11,3.72,21.27,-2.238,0.004948170206996593,0.017759874782636246
MTIF2,34.98,45.67,-0.375,0.004948170206996593,0.017759874782636246
PRODH,21.89,5.83,1.744,0.004948170206996593,0.017759874782636246
FAM53C,13.48,17.61,-0.362,0.004948170206996593,0.017759874782636246
SP110,14.48,11.62,0.295,0.004948170206996593,0.017759874782636246
LRRC6,5.42,3.45,0.53,0.005060246885746287,0.018085234282555478
VMO1,28.57,17.3,0.692,0.005060246885746287,0.018085234282555478
FBXW11,34.98,28.11,0.306,0.005060246885746287,0.018085234282555478
IL1R2,4.4,12.81,-1.355,0.005060246885746287,0.018085234282555478
LRRK2,35.07,14.66,1.204,0.005060246885746287,0.018085234282555478
TNFAIP6,12.75,23.15,-0.813,0.005060246885746287,0.018085234282555478
ADH5,85.11,118.17,-0.469,0.005060246885746287,0.018085234282555478
SPRY2,39.68,33.71,0.229,0.005060246885746287,0.018085234282555478
SEC31A,82.04,67.63,0.275,0.005060246885746287,0.018085234282555478
SAMD4A,8.13,5.81,0.424,0.005060246885746287,0.018085234282555478
UBAP2,13.85,19.02,-0.431,0.005060246885746287,0.018085234282555478
PYCR2,37.7,48.68,-0.36,0.005060246885746287,0.018085234282555478
S100P,1071.66,195.58,2.448,0.005060246885746287,0.018085234282555478
LRCOL1,1.09,0.53,0.444,0.005057355490398201,0.018085234282555478
SLC39A7,296.89,209.51,0.501,0.005060246885746287,0.018085234282555478
PNRC2,78.73,63.1,0.315,0.005060246885746287,0.018085234282555478
INHBB,36.47,21.78,0.718,0.005060246885746287,0.018085234282555478
YIPF2,72.11,56.36,0.35,0.005060246885746287,0.018085234282555478
GATA4,0.52,2.78,-1.309,0.0050941967665670525,0.01820228868166821
ADRA2C,3.54,11.15,-1.422,0.005174613491491218,0.018407375971956467
TMEM222,32.24,27.13,0.241,0.005174613491491218,0.018407375971956467
HOMEZ,12.36,16.14,-0.359,0.005174613491491218,0.018407375971956467
CFAP410,3.14,2.52,0.233,0.005174613491491218,0.018407375971956467
GJC2,4.05,2.15,0.684,0.005174319169063744,0.018407375971956467
PUF60,103.25,125.81,-0.283,0.005174613491491218,0.018407375971956467
CFHR3,0.69,1.19,-0.373,0.005174613491491218,0.018407375971956467
DNAJB9,79.55,63.0,0.332,0.005174613491491218,0.018407375971956467
DHDH,7.92,5.04,0.562,0.005174613491491218,0.018407375971956467
PTAR1,11.85,9.74,0.259,0.005174613491491218,0.018407375971956467
SYNDIG1L,1.21,1.41,-0.127,0.005174613491491218,0.018407375971956467
TRMT1,29.82,41.59,-0.466,0.005174613491491218,0.018407375971956467
SHPRH,1.34,1.96,-0.336,0.005174613491491218,0.018407375971956467
GSTP1,1279.01,1556.16,-0.283,0.005174613491491218,0.018407375971956467
TIE1,17.42,13.87,0.309,0.005174613491491218,0.018407375971956467
UBTD2,37.4,31.35,0.247,0.005174613491491218,0.018407375971956467
STK35,23.96,32.87,-0.44,0.005174613491491218,0.018407375971956467
PLEKHG5,9.41,16.45,-0.746,0.005174613491491218,0.018407375971956467
GTF3C3,16.61,22.06,-0.389,0.005174613491491218,0.018407375971956467
CARNS1,2.68,1.24,0.718,0.005232519755094558,0.018609005767591672
RIIAD1,1.45,0.79,0.451,0.005236949888223929,0.018620402446006587
NFIC,49.54,37.03,0.41,0.005291310735953599,0.01876099976927492
CTC1,12.47,9.24,0.395,0.005291310735953599,0.01876099976927492
APEX2,39.74,51.29,-0.36,0.005291310735953599,0.01876099976927492
WDR5,41.01,56.41,-0.451,0.005291310735953599,0.01876099976927492
WDR86,7.6,2.93,1.129,0.005291310735953599,0.01876099976927492
NME6,9.84,8.13,0.247,0.005291310735953599,0.01876099976927492
MCEE,21.45,16.86,0.33,0.005291310735953599,0.01876099976927492
ZSCAN2,3.37,2.57,0.292,0.005291160965990602,0.01876099976927492
BICRAL,14.85,11.3,0.366,0.005291310735953599,0.01876099976927492
UAP1L1,12.01,17.35,-0.497,0.005291310735953599,0.01876099976927492
ZNF597,4.86,3.62,0.343,0.005291310735953599,0.01876099976927492
CYP27A1,88.45,57.82,0.605,0.005291310735953599,0.01876099976927492
GALK1,40.24,28.36,0.49,0.0054103799153671535,0.01913405541298258
KNTC1,8.05,11.82,-0.502,0.0054103799153671535,0.01913405541298258
SH3GL1,67.8,86.07,-0.34,0.0054103799153671535,0.01913405541298258
MFSD13A,14.76,11.68,0.313,0.0054103799153671535,0.01913405541298258
MAN1A1,47.93,37.4,0.349,0.0054103799153671535,0.01913405541298258
DUSP1,680.4,440.86,0.625,0.0054103799153671535,0.01913405541298258
ATG4A,22.21,18.09,0.282,0.0054103799153671535,0.01913405541298258
CYCS,65.51,94.8,-0.526,0.0054103799153671535,0.01913405541298258
IKZF2,5.11,4.11,0.256,0.0054103799153671535,0.01913405541298258
NEK7,56.75,39.1,0.526,0.0054103799153671535,0.01913405541298258
NOL11,37.31,48.79,-0.378,0.0054103799153671535,0.01913405541298258
ZNF799,2.46,1.86,0.277,0.005470663295619794,0.019342747835781136
ERCC6L,3.69,6.06,-0.59,0.005531862915858037,0.019491093061370864
AJUBA,21.12,36.48,-0.761,0.005531862915858037,0.019491093061370864
THNSL2,17.82,12.16,0.516,0.005531862915858037,0.019491093061370864
TRIM28,228.05,312.57,-0.453,0.005531862915858037,0.019491093061370864
UBE2E3,59.16,69.52,-0.229,0.005531862915858037,0.019491093061370864
FAM222B,28.13,22.44,0.314,0.005531862915858037,0.019491093061370864
GNG5,13.94,10.77,0.345,0.005531862915858037,0.019491093061370864
TMPRSS3,10.2,5.09,0.879,0.005531862915858037,0.019491093061370864
ZNF496,10.61,14.63,-0.428,0.005531862915858037,0.019491093061370864
SLC7A10,1.85,1.11,0.434,0.005518688202331975,0.019491093061370864
POM121,11.14,16.13,-0.496,0.005531862915858037,0.019491093061370864
ARRB2,44.62,37.74,0.236,0.005531862915858037,0.019491093061370864
ZC3H6,4.29,3.31,0.295,0.005531862915858037,0.019491093061370864
DIXDC1,7.68,5.29,0.464,0.005531862915858037,0.019491093061370864
CLSPN,3.48,5.21,-0.471,0.005531862915858037,0.019491093061370864
LIN28B,0.2,1.2,-0.876,0.00555917572974591,0.01958278619569432
H1-5,0.42,12.77,-3.277,0.005565588170319853,0.019600830104698545
IVNS1ABP,57.7,86.22,-0.571,0.005593366398415586,0.01969409401880139
LHX5,0.95,2.2,-0.714,0.0056006099025408,0.019715029251460237
RANBP10,12.46,16.27,-0.36,0.005655802218810903,0.01978554066552937
CCNL1,26.92,41.49,-0.606,0.005655802218810903,0.01978554066552937
DNTTIP1,126.33,70.58,0.831,0.005655802218810903,0.01978554066552937
PRAF2,16.73,11.7,0.481,0.005655802218810903,0.01978554066552937
LAT2,15.67,11.6,0.404,0.005655802218810903,0.01978554066552937
PNMT,3.34,2.04,0.512,0.005655644401250837,0.01978554066552937
WDR89,12.79,10.99,0.202,0.005655802218810903,0.01978554066552937
TXNDC17,73.78,49.1,0.578,0.005655802218810903,0.01978554066552937
SMU1,31.91,40.84,-0.346,0.005655802218810903,0.01978554066552937
TMED9,213.91,187.64,0.188,0.005655802218810903,0.01978554066552937
ZBTB5,15.24,23.45,-0.59,0.005655802218810903,0.01978554066552937
TMA7,21.72,17.75,0.277,0.005655802218810903,0.01978554066552937
IKBKB,22.24,15.13,0.527,0.005655802218810903,0.01978554066552937
ADNP,42.42,52.31,-0.296,0.005655644401250837,0.01978554066552937
KLF9,45.91,29.85,0.604,0.005655802218810903,0.01978554066552937
CRTC1,10.73,8.56,0.295,0.005655802218810903,0.01978554066552937
IGFBPL1,9.65,6.36,0.533,0.005655802218810903,0.01978554066552937
MID1IP1,64.91,44.37,0.539,0.005655802218810903,0.01978554066552937
SRSF7,91.49,111.99,-0.289,0.005655802218810903,0.01978554066552937
RDH14,31.31,26.67,0.223,0.005655802218810903,0.01978554066552937
PPP1R14C,37.53,66.12,-0.801,0.005655802218810903,0.01978554066552937
MTHFD1L,22.44,31.38,-0.467,0.005655802218810903,0.01978554066552937
SNRNP40,33.58,44.7,-0.402,0.005655802218810903,0.01978554066552937
GNG7,6.74,4.77,0.423,0.005655802218810903,0.01978554066552937
ZNF473,5.0,6.75,-0.369,0.005655802218810903,0.01978554066552937
GSTM4,8.31,17.97,-1.027,0.005655802218810903,0.01978554066552937
SLC44A1,38.72,51.11,-0.392,0.005655802218810903,0.01978554066552937
ESCO1,14.88,18.36,-0.286,0.00578224090621864,0.020158234531477696
FOSL2,95.91,123.78,-0.365,0.00578224090621864,0.020158234531477696
KIAA0895,7.36,5.37,0.393,0.00578224090621864,0.020158234531477696
USP12,27.63,21.35,0.357,0.00578224090621864,0.020158234531477696
ABCE1,29.58,38.87,-0.383,0.00578224090621864,0.020158234531477696
F8,6.91,5.42,0.302,0.00578224090621864,0.020158234531477696
MORN4,10.57,8.16,0.337,0.00578224090621864,0.020158234531477696
RHEB,96.12,74.49,0.363,0.00578224090621864,0.020158234531477696
KANSL1L,6.32,4.6,0.386,0.00578224090621864,0.020158234531477696
CBY1,30.92,23.77,0.366,0.00578224090621864,0.020158234531477696
EML1,6.05,9.37,-0.556,0.00578224090621864,0.020158234531477696
CASS4,5.71,3.4,0.61,0.00578224090621864,0.020158234531477696
CLSTN1,161.48,251.24,-0.635,0.00578224090621864,0.020158234531477696
PTN,21.71,65.27,-1.545,0.00578224090621864,0.020158234531477696
MLF2,212.35,259.08,-0.286,0.00578224090621864,0.020158234531477696
ITPRID1,2.05,0.18,1.376,0.005875176922819072,0.020477532229499922
ZNF706,29.3,39.43,-0.416,0.005911222666013942,0.020551305712757397
SCGB3A2,983.57,269.88,1.862,0.005911222666013942,0.020551305712757397
HERC2,9.53,12.89,-0.399,0.005911222666013942,0.020551305712757397
LPAR6,14.33,23.22,-0.66,0.005911222666013942,0.020551305712757397
ZNF318,11.7,15.36,-0.366,0.005911222666013942,0.020551305712757397
RBMS3,3.69,2.33,0.495,0.005911222666013942,0.020551305712757397
CBLN3,6.21,4.33,0.435,0.005911222666013942,0.020551305712757397
COX14,85.28,67.4,0.335,0.005911222666013942,0.020551305712757397
ATXN7,8.21,6.15,0.366,0.005911222666013942,0.020551305712757397
STAG1,10.27,14.11,-0.423,0.005911222666013942,0.020551305712757397
RHNO1,42.57,53.85,-0.332,0.005911222666013942,0.020551305712757397
MYL12A,275.14,206.78,0.41,0.006042791797380865,0.020946414733654453
TARBP1,18.73,26.2,-0.463,0.006042791797380865,0.020946414733654453
ZNF740,11.49,14.88,-0.346,0.006042791797380865,0.020946414733654453
FLT4,8.34,6.08,0.4,0.006042791797380865,0.020946414733654453
TBC1D8B,5.84,4.22,0.389,0.006042791797380865,0.020946414733654453
BST2,529.09,354.56,0.576,0.006042791797380865,0.020946414733654453
TXNDC15,38.57,31.03,0.305,0.006042791797380865,0.020946414733654453
STARD13,8.2,5.74,0.45,0.006042791797380865,0.020946414733654453
PCNX2,3.26,4.87,-0.461,0.006042791797380865,0.020946414733654453
ATP23,5.66,7.68,-0.382,0.006042791797380865,0.020946414733654453
FBXL2,4.25,2.88,0.437,0.006042791797380865,0.020946414733654453
SEPTIN10,51.96,64.68,-0.311,0.006042791797380865,0.020946414733654453
GABPB2,5.9,7.78,-0.348,0.006042791797380865,0.020946414733654453
H2AC16,0.43,3.01,-1.492,0.0060938473091903264,0.0211185725749381
GMPR2,59.24,49.38,0.258,0.006176993216044742,0.021309504525742002
EIF1,504.88,606.83,-0.265,0.006176993216044742,0.021309504525742002
MAFB,41.53,57.14,-0.451,0.006176993216044742,0.021309504525742002
ELOVL2,1.36,5.21,-1.393,0.006176993216044742,0.021309504525742002
TANGO6,5.95,7.52,-0.295,0.006176993216044742,0.021309504525742002
HLA-DPB1,249.35,147.42,0.754,0.006176993216044742,0.021309504525742002
TECPR1,14.8,10.74,0.428,0.006176993216044742,0.021309504525742002
NDUFAF5,4.13,5.41,-0.321,0.006176993216044742,0.021309504525742002
RADX,2.55,5.31,-0.829,0.006176993216044742,0.021309504525742002
ASB9,8.2,6.14,0.365,0.006176993216044742,0.021309504525742002
NCAPD3,9.66,13.12,-0.405,0.006176993216044742,0.021309504525742002
OSMR,107.0,65.91,0.691,0.006176993216044742,0.021309504525742002
FBXL17,9.95,7.65,0.34,0.006176993216044742,0.021309504525742002
EIF5A,285.22,388.73,-0.445,0.006176993216044742,0.021309504525742002
SRSF8,46.72,40.28,0.209,0.006176993216044742,0.021309504525742002
JKAMP,31.31,26.4,0.238,0.006176993216044742,0.021309504525742002
TRIP10,53.21,40.46,0.387,0.006176993216044742,0.021309504525742002
TPGS2,20.7,30.11,-0.52,0.006176993216044742,0.021309504525742002
GPR158,1.18,1.5,-0.196,0.006176655048735332,0.021309504525742002
NSA2,49.62,37.87,0.381,0.006176993216044742,0.021309504525742002
MYOM1,1.45,1.01,0.283,0.006244924701727536,0.021534076485099057
COL19A1,0.07,1.28,-1.089,0.006244924701727536,0.021534076485099057
EIF2S2,124.88,152.5,-0.286,0.006313872459538527,0.021658763666238166
TMEM260,5.36,7.8,-0.469,0.006313872459538527,0.021658763666238166
TAF1A,6.41,9.3,-0.476,0.006313872459538527,0.021658763666238166
RFX1,14.8,11.9,0.293,0.006313872459538527,0.021658763666238166
C16orf70,9.63,12.56,-0.351,0.006313872459538527,0.021658763666238166
EFTUD2,38.84,50.58,-0.373,0.006313872459538527,0.021658763666238166
NUMBL,14.15,21.31,-0.559,0.006313872459538527,0.021658763666238166
RAB6B,9.95,33.01,-1.635,0.006313872459538527,0.021658763666238166
YDJC,44.95,65.98,-0.544,0.006313872459538527,0.021658763666238166
HMGB3,184.08,81.27,1.17,0.006313872459538527,0.021658763666238166
GPR132,7.79,5.38,0.464,0.006313872459538527,0.021658763666238166
BIRC7,8.58,2.38,1.503,0.006313872459538527,0.021658763666238166
MAPKAP1,30.38,39.34,-0.363,0.006313872459538527,0.021658763666238166
SLC25A45,4.91,3.28,0.467,0.006313872459538527,0.021658763666238166
PGBD2,7.94,5.72,0.413,0.006313700459639985,0.021658763666238166
ZNF277,17.54,14.28,0.279,0.006313872459538527,0.021658763666238166
PDXK,51.97,41.26,0.326,0.006313872459538527,0.021658763666238166
KRBA1,6.21,9.04,-0.477,0.006313872459538527,0.021658763666238166
RARS2,39.73,48.78,-0.289,0.006313872459538527,0.021658763666238166
ZNF76,20.28,15.81,0.34,0.006313872459538527,0.021658763666238166
BCL2L13,26.63,35.63,-0.407,0.006313872459538527,0.021658763666238166
ATP2A2,89.46,116.75,-0.38,0.006313872459538527,0.021658763666238166
DUT,37.81,54.82,-0.524,0.006313872459538527,0.021658763666238166
MTRNR2L12,4.64,2.75,0.591,0.0063831571950450985,0.02189149148178785
ASCC1,13.85,18.45,-0.389,0.006453475692443636,0.022057965398266852
LTB4R2,1.01,1.91,-0.536,0.006453475692443636,0.022057965398266852
B3GNTL1,3.89,2.73,0.393,0.006453475692443636,0.022057965398266852
SAMD13,1.12,0.99,0.091,0.006453475692443636,0.022057965398266852
MANEAL,7.74,5.0,0.542,0.006453475692443636,0.022057965398266852
PRAM1,6.99,5.28,0.348,0.006453475692443636,0.022057965398266852
PODN,27.32,15.83,0.751,0.006453475692443636,0.022057965398266852
UFC1,146.17,119.21,0.292,0.006453475692443636,0.022057965398266852
CAPS,71.57,62.83,0.185,0.006453475692443636,0.022057965398266852
AKR1C3,77.29,293.81,-1.913,0.006453475692443636,0.022057965398266852
IRAG2,3.12,5.72,-0.707,0.006453475692443636,0.022057965398266852
MCRIP2,19.81,15.12,0.368,0.006453475692443636,0.022057965398266852
CCND2,19.3,39.57,-0.999,0.006453475692443636,0.022057965398266852
CAMSAP1,14.93,18.85,-0.318,0.006453475692443636,0.022057965398266852
PMM1,21.76,14.77,0.53,0.006453475692443636,0.022057965398266852
ARL15,15.4,20.48,-0.389,0.0065958497116036475,0.022448643518905513
NEURL1B,27.09,15.77,0.744,0.0065958497116036475,0.022448643518905513
MTMR11,17.15,10.32,0.682,0.0065958497116036475,0.022448643518905513
GBP5,8.82,15.02,-0.707,0.0065958497116036475,0.022448643518905513
IQCG,7.48,13.94,-0.818,0.0065958497116036475,0.022448643518905513
CANT1,102.89,71.15,0.526,0.0065958497116036475,0.022448643518905513
SMOX,14.33,23.96,-0.703,0.0065958497116036475,0.022448643518905513
SETD7,26.86,19.59,0.436,0.0065958497116036475,0.022448643518905513
FAM122C,1.92,1.48,0.233,0.0065958497116036475,0.022448643518905513
PRSS23,49.25,33.29,0.551,0.0065958497116036475,0.022448643518905513
DPY19L3,10.05,7.93,0.307,0.0065958497116036475,0.022448643518905513
TMEM88,13.21,7.71,0.707,0.0065958497116036475,0.022448643518905513
CDC42EP1,198.3,123.05,0.684,0.0065958497116036475,0.022448643518905513
CYS1,8.97,5.03,0.726,0.0065958497116036475,0.022448643518905513
C5orf24,33.63,26.25,0.345,0.0065958497116036475,0.022448643518905513
RCN1,39.39,28.66,0.446,0.0065958497116036475,0.022448643518905513
CDNF,3.09,2.37,0.282,0.0065958497116036475,0.022448643518905513
ATP6V1E2,4.4,6.99,-0.563,0.0065958497116036475,0.022448643518905513
FLT1,16.2,11.38,0.475,0.0065958497116036475,0.022448643518905513
UGT2B4,1.18,0.22,0.837,0.006639735356313852,0.02259294496494431
IL36RN,6.69,13.48,-0.913,0.006689385321071065,0.022756791577033742
BAK1,41.61,57.13,-0.448,0.006741041951308621,0.02286085945674819
CKAP5,40.92,55.22,-0.424,0.006741041951308621,0.02286085945674819
EXOSC3,4.8,7.1,-0.481,0.006741041951308621,0.02286085945674819
NEU1,99.45,66.1,0.582,0.006741041951308621,0.02286085945674819
PPP1R2,43.49,56.2,-0.363,0.006741041951308621,0.02286085945674819
NOP53,148.11,117.72,0.329,0.006741041951308621,0.02286085945674819
CCNYL1,20.03,15.27,0.37,0.006741041951308621,0.02286085945674819
SF3B5,310.31,405.46,-0.385,0.006741041951308621,0.02286085945674819
PKN1,109.23,92.78,0.233,0.006741041951308621,0.02286085945674819
TRMT12,20.1,23.06,-0.19,0.006741041951308621,0.02286085945674819
SNU13,128.43,156.25,-0.281,0.006741041951308621,0.02286085945674819
CAND1,31.02,45.33,-0.533,0.006741041951308621,0.02286085945674819
OVOL2,14.57,11.17,0.356,0.006741041951308621,0.02286085945674819
KCNF1,1.11,1.35,-0.153,0.006741041951308621,0.02286085945674819
ZDHHC7,82.73,61.7,0.417,0.0068891004884483655,0.02326947614962117
KIAA0513,11.22,7.91,0.455,0.0068891004884483655,0.02326947614962117
SLC25A4,30.25,22.1,0.436,0.0068891004884483655,0.02326947614962117
TLR2,28.88,18.46,0.619,0.0068891004884483655,0.02326947614962117
LYAR,25.1,33.16,-0.388,0.0068891004884483655,0.02326947614962117
EXT2,26.81,36.29,-0.424,0.0068891004884483655,0.02326947614962117
PGD,233.28,510.94,-1.128,0.0068891004884483655,0.02326947614962117
MYCBP2,9.54,13.91,-0.5,0.0068891004884483655,0.02326947614962117
DUSP19,2.05,2.9,-0.351,0.0068891004884483655,0.02326947614962117
EIF3M,39.73,50.29,-0.332,0.0068891004884483655,0.02326947614962117
CMIP,27.48,32.31,-0.226,0.0068891004884483655,0.02326947614962117
BATF2,19.4,11.5,0.707,0.0068891004884483655,0.02326947614962117
PNPLA3,1.48,2.46,-0.484,0.006888916426071284,0.02326947614962117
KAT2B,16.07,11.63,0.434,0.0068891004884483655,0.02326947614962117
MPP5,8.9,6.87,0.332,0.0068891004884483655,0.02326947614962117
CCNQ,43.12,59.4,-0.453,0.0068891004884483655,0.02326947614962117
ARL1,69.9,58.64,0.249,0.0068891004884483655,0.02326947614962117
LMBRD2,12.48,9.39,0.376,0.0068891004884483655,0.02326947614962117
CBLC,40.88,63.02,-0.612,0.007040074047632584,0.023689888151867518
ALDOC,30.8,54.92,-0.814,0.007040074047632584,0.023689888151867518
GSTA1,64.04,234.5,-1.856,0.007040074047632584,0.023689888151867518
PCYOX1,91.46,66.11,0.462,0.007040074047632584,0.023689888151867518
EDC3,19.49,24.69,-0.327,0.007040074047632584,0.023689888151867518
GPR19,1.42,2.4,-0.49,0.007040074047632584,0.023689888151867518
ARSI,5.47,8.98,-0.626,0.007040074047632584,0.023689888151867518
NRBP1,78.01,97.6,-0.32,0.007040074047632584,0.023689888151867518
GLYR1,64.38,54.81,0.228,0.007040074047632584,0.023689888151867518
MRPL51,177.2,233.17,-0.394,0.007040074047632584,0.023689888151867518
ECSCR,3.99,2.37,0.566,0.007040074047632584,0.023689888151867518
KRT8,585.96,358.84,0.706,0.007040074047632584,0.023689888151867518
ZNF506,6.15,4.76,0.311,0.007040074047632584,0.023689888151867518
CTU1,3.95,5.39,-0.367,0.007040074047632584,0.023689888151867518
METTL7B,32.87,15.95,0.999,0.007040074047632584,0.023689888151867518
PRB3,1.07,9.99,-2.406,0.0070363309411354425,0.023689888151867518
GMPPA,34.39,27.45,0.315,0.007040074047632584,0.023689888151867518
KRT32,0.66,1.61,-0.65,0.007124903068373247,0.0239700292997774
NCBP1,23.41,31.82,-0.427,0.007194012006275802,0.024111763602768205
NUDT12,12.18,8.22,0.515,0.007194012006275802,0.024111763602768205
APLN,16.92,11.32,0.541,0.007194012006275802,0.024111763602768205
URI1,40.44,66.0,-0.693,0.007194012006275802,0.024111763602768205
UTP18,46.9,62.08,-0.397,0.007194012006275802,0.024111763602768205
ARHGAP28,2.43,4.38,-0.648,0.007194012006275802,0.024111763602768205
TIMM10,85.71,112.46,-0.388,0.007194012006275802,0.024111763602768205
TRIM45,4.82,8.58,-0.719,0.007194012006275802,0.024111763602768205
SCN1B,4.52,2.41,0.694,0.007194012006275802,0.024111763602768205
SKAP2,39.21,30.31,0.361,0.007194012006275802,0.024111763602768205
POLR1B,11.2,15.6,-0.444,0.007194012006275802,0.024111763602768205
GAS2L1,23.21,30.63,-0.386,0.007194012006275802,0.024111763602768205
ZFYVE19,26.46,19.14,0.447,0.007194012006275802,0.024111763602768205
ISY1,14.12,18.07,-0.334,0.007194012006275802,0.024111763602768205
TMPRSS4,32.44,71.44,-1.115,0.007194012006275802,0.024111763602768205
PIGA,16.76,11.66,0.489,0.007194012006275802,0.024111763602768205
LRRC10B,9.28,9.6,-0.044,0.007194012006275802,0.024111763602768205
HEXD,21.51,15.31,0.465,0.007271916310549682,0.024367495479969414
MTMR7,1.11,0.7,0.317,0.007350964399645192,0.024534974104527547
HSPD1,128.0,178.39,-0.476,0.007350964399645192,0.024534974104527547
ACSS2,46.47,34.94,0.401,0.007350964399645192,0.024534974104527547
PPP3R1,39.88,49.09,-0.293,0.007350964399645192,0.024534974104527547
FITM2,13.24,9.78,0.401,0.007350964399645192,0.024534974104527547
FRZB,16.34,11.34,0.491,0.007350964399645192,0.024534974104527547
RAB40C,42.41,31.99,0.396,0.007350964399645192,0.024534974104527547
PMEPA1,77.85,52.6,0.557,0.007350964399645192,0.024534974104527547
ZNF720,5.45,4.51,0.228,0.007350964399645192,0.024534974104527547
ADCY9,15.95,11.44,0.446,0.007350964399645192,0.024534974104527547
ZSWIM7,21.49,16.89,0.33,0.007350964399645192,0.024534974104527547
PRDX1,456.82,784.08,-0.778,0.007350964399645192,0.024534974104527547
GRAMD4,47.58,34.02,0.472,0.007350964399645192,0.024534974104527547
CD164L2,7.18,5.99,0.227,0.007350964399645192,0.024534974104527547
ARFIP2,42.2,35.24,0.253,0.007350964399645192,0.024534974104527547
SLC22A1,0.6,3.31,-1.427,0.007350577320478823,0.024534974104527547
DNM3,2.49,1.5,0.485,0.007350964399645192,0.024534974104527547
PRDM6,2.83,1.83,0.437,0.007350964399645192,0.024534974104527547
SLC4A11,13.22,21.75,-0.678,0.0075107851415214194,0.024953935797010985
PDRG1,35.64,49.11,-0.452,0.007510981925869231,0.024953935797010985
RNF8,10.55,13.07,-0.285,0.007510981925869231,0.024953935797010985
GAL3ST4,10.54,16.68,-0.615,0.007510981925869231,0.024953935797010985
DEK,64.38,81.85,-0.342,0.007510981925869231,0.024953935797010985
CD207,19.31,8.14,1.151,0.007510981925869231,0.024953935797010985
HLA-DRA,4729.15,2858.04,0.726,0.007510981925869231,0.024953935797010985
SPEF1,4.84,4.41,0.111,0.007510981925869231,0.024953935797010985
NOS1AP,1.32,1.01,0.204,0.0075107851415214194,0.024953935797010985
FLYWCH1,14.27,20.53,-0.496,0.007510981925869231,0.024953935797010985
SALL2,10.04,7.61,0.359,0.007510981925869231,0.024953935797010985
ANOS1,29.66,16.65,0.797,0.007510981925869231,0.024953935797010985
GTPBP3,13.37,18.14,-0.413,0.007510981925869231,0.024953935797010985
MTMR2,9.81,12.1,-0.277,0.007510981925869231,0.024953935797010985
GSTM3,17.39,70.63,-1.962,0.007510981925869231,0.024953935797010985
POLE2,5.65,9.02,-0.59,0.007510981925869231,0.024953935797010985
NECTIN3,9.24,6.06,0.537,0.007510981925869231,0.024953935797010985
GPD1,10.96,7.05,0.571,0.007510981925869231,0.024953935797010985
ANKMY1,4.96,3.81,0.309,0.007510981925869231,0.024953935797010985
C22orf31,0.5,1.1,-0.485,0.007499572868131756,0.024953935797010985
PLTP,196.06,262.64,-0.42,0.007510981925869231,0.024953935797010985
H4C3,0.46,17.79,-3.691,0.007562301297930344,0.025118942636522895
H2BC10,0.13,4.96,-2.399,0.007596254081219375,0.02522620508327125
ROBO1,9.68,19.16,-0.917,0.007674115950904925,0.025351781613850516
UGP2,66.05,54.84,0.264,0.007674115950904925,0.025351781613850516
GPBAR1,1.71,1.35,0.203,0.007674115950904925,0.025351781613850516
PCBD2,5.57,4.59,0.235,0.007674115950904925,0.025351781613850516
PYCR1,105.26,61.89,0.757,0.007674115950904925,0.025351781613850516
SERTAD2,28.82,42.31,-0.539,0.007674115950904925,0.025351781613850516
GJA5,25.62,17.62,0.516,0.007674115950904925,0.025351781613850516
NT5M,4.47,7.4,-0.617,0.007674115950904925,0.025351781613850516
PDHA1,35.49,47.96,-0.424,0.007674115950904925,0.025351781613850516
SCOC,44.74,35.29,0.334,0.007674115950904925,0.025351781613850516
ORC5,16.71,22.31,-0.396,0.007674115950904925,0.025351781613850516
ASPHD1,17.23,6.62,1.258,0.007674115950904925,0.025351781613850516
FARP1,7.31,5.6,0.333,0.007674115950904925,0.025351781613850516
ALDH1L2,3.8,7.08,-0.752,0.007674115950904925,0.025351781613850516
TMEM170B,4.51,3.3,0.359,0.007674115950904925,0.025351781613850516
CCDC90B,13.97,17.61,-0.314,0.007674115950904925,0.025351781613850516
MXD1,17.46,25.36,-0.514,0.007674115950904925,0.025351781613850516
HGF,4.31,2.76,0.496,0.007674115950904925,0.025351781613850516
PMF1,28.42,21.7,0.374,0.007674115950904925,0.025351781613850516
RPL6,378.41,523.12,-0.466,0.007674115950904925,0.025351781613850516
PPFIA3,6.58,9.32,-0.446,0.007674115950904925,0.025351781613850516
UGGT2,9.61,8.14,0.214,0.007674115950904925,0.025351781613850516
MDH2,181.54,228.64,-0.331,0.007674115950904925,0.025351781613850516
ORM1,22.56,8.51,1.31,0.007672115369873393,0.025351781613850516
NOBOX,0.01,2.65,-1.859,0.007680378648026611,0.025366954956406153
CHTF18,9.99,16.89,-0.703,0.007756666156915213,0.02561335121104387
LAMTOR4,106.35,162.17,-0.604,0.007840418513461778,0.025761132888197404
TLCD1,47.12,32.72,0.513,0.007840418513461778,0.025761132888197404
NOTCH3,73.35,126.99,-0.784,0.007840418513461778,0.025761132888197404
HSDL2,58.01,41.92,0.459,0.007840418513461778,0.025761132888197404
GALNT11,20.92,19.42,0.102,0.007840418513461778,0.025761132888197404
CCL17,20.33,8.69,1.139,0.007840418513461778,0.025761132888197404
FANCC,3.68,5.0,-0.359,0.007840418513461778,0.025761132888197404
ODF2L,12.47,9.36,0.378,0.007840418513461778,0.025761132888197404
IMPACT,26.93,33.98,-0.325,0.007840418513461778,0.025761132888197404
METTL26,98.16,72.49,0.432,0.007840418513461778,0.025761132888197404
TYRP1,3.07,1.22,0.874,0.007840418513461778,0.025761132888197404
GTF2E1,16.23,20.48,-0.318,0.007840418513461778,0.025761132888197404
HACD4,10.19,7.02,0.481,0.007840215114497005,0.025761132888197404
LIX1L,25.19,20.63,0.276,0.007840418513461778,0.025761132888197404
TOP2A,64.45,93.79,-0.534,0.007840418513461778,0.025761132888197404
SLC12A7,87.17,63.17,0.458,0.007840418513461778,0.025761132888197404
TTC39C,10.72,11.9,-0.139,0.007840418513461778,0.025761132888197404
B3GALT4,24.19,19.64,0.288,0.007840418513461778,0.025761132888197404
SEC16A,56.5,42.76,0.394,0.007840418513461778,0.025761132888197404
UEVLD,17.83,14.59,0.272,0.007840418513461778,0.025761132888197404
NTPCR,7.66,10.05,-0.351,0.007840418513461778,0.025761132888197404
PLEKHA3,6.04,5.36,0.145,0.007840418513461778,0.025761132888197404
OLFML3,68.17,42.92,0.655,0.007840418513461778,0.025761132888197404
LRRC49,1.61,2.33,-0.349,0.008009942329880039,0.026199150445181365
ARPC2,148.64,177.96,-0.258,0.008009942329880039,0.026199150445181365
PDE7A,9.27,12.39,-0.382,0.008009942329880039,0.026199150445181365
CDKN2A,15.73,35.42,-1.122,0.008009942329880039,0.026199150445181365
BRIX1,26.85,38.26,-0.495,0.008009942329880039,0.026199150445181365
S100A11,2849.73,4277.93,-0.586,0.008009942329880039,0.026199150445181365
GSK3B,12.63,16.37,-0.35,0.008009942329880039,0.026199150445181365
ZNF697,5.25,6.65,-0.292,0.008009942329880039,0.026199150445181365
LHFPL2,26.36,20.23,0.366,0.008009942329880039,0.026199150445181365
TRIM38,17.35,14.93,0.204,0.008009942329880039,0.026199150445181365
GRK6,30.83,38.3,-0.304,0.008009942329880039,0.026199150445181365
CIB2,9.45,13.29,-0.451,0.008009942329880039,0.026199150445181365
ZNF227,4.24,5.98,-0.414,0.008009942329880039,0.026199150445181365
RECQL,18.76,24.46,-0.365,0.008009942329880039,0.026199150445181365
DEPDC5,1.99,2.49,-0.223,0.008009942329880039,0.026199150445181365
NPRL2,19.74,16.52,0.244,0.008009942329880039,0.026199150445181365
SSR2,112.24,99.25,0.176,0.008009942329880039,0.026199150445181365
RGS10,83.0,59.78,0.467,0.008009942329880039,0.026199150445181365
PRXL2B,31.79,24.34,0.372,0.008009942329880039,0.026199150445181365
TMEM25,16.09,12.49,0.341,0.008009942329880039,0.026199150445181365
DGKZ,19.21,26.7,-0.455,0.008009942329880039,0.026199150445181365
PDPK1,9.61,7.54,0.314,0.008182740798961342,0.02667819333875959
KIN,6.35,5.36,0.208,0.008182740798961342,0.02667819333875959
HINT3,45.32,33.68,0.418,0.008182740798961342,0.02667819333875959
CCNB1IP1,30.57,39.37,-0.355,0.008182740798961342,0.02667819333875959
RBM14,24.92,30.01,-0.258,0.008182740798961342,0.02667819333875959
ANXA3,68.38,36.12,0.903,0.008182740798961342,0.02667819333875959
ZNHIT1,56.29,48.22,0.219,0.008182740798961342,0.02667819333875959
HOXD9,3.74,7.98,-0.921,0.008182740798961342,0.02667819333875959
LY86,33.46,22.03,0.581,0.008182740798961342,0.02667819333875959
TMEM220,5.1,3.13,0.562,0.008182740798961342,0.02667819333875959
ELF4,32.08,39.88,-0.305,0.008182740798961342,0.02667819333875959
LYRM4,20.79,25.91,-0.304,0.008182740798961342,0.02667819333875959
RPAP1,13.42,18.27,-0.419,0.008182740798961342,0.02667819333875959
STX2,16.12,12.08,0.388,0.008182740798961342,0.02667819333875959
SGMS1,33.94,22.06,0.6,0.008182740798961342,0.02667819333875959
PRAC1,0.02,2.21,-1.656,0.008188496365268257,0.026691230482197084
NOS1,0.94,2.62,-0.897,0.008269749181716999,0.02694590141248071
FAM151B,1.21,1.07,0.095,0.008270172993246729,0.02694590141248071
ADAMTSL4,15.08,9.89,0.562,0.00835886800674944,0.027147559133506676
UBE2C,105.48,165.62,-0.646,0.00835886800674944,0.027147559133506676
SPAAR,2.06,1.3,0.41,0.00835886800674944,0.027147559133506676
RAB38,33.54,71.8,-1.076,0.00835886800674944,0.027147559133506676
KLHL29,3.25,4.59,-0.396,0.00835886800674944,0.027147559133506676
PIGQ,20.31,14.94,0.419,0.00835886800674944,0.027147559133506676
FAM227A,3.02,1.37,0.764,0.00835886800674944,0.027147559133506676
NR4A1,64.61,31.65,1.007,0.00835886800674944,0.027147559133506676
ZHX2,23.77,31.77,-0.404,0.00835886800674944,0.027147559133506676
EWSR1,67.53,82.02,-0.277,0.00835886800674944,0.027147559133506676
TDRD9,2.6,0.62,1.151,0.00835886800674944,0.027147559133506676
PCDHAC2,1.49,0.87,0.416,0.00835886800674944,0.027147559133506676
CNN3,262.67,191.56,0.453,0.00835886800674944,0.027147559133506676
GLRB,7.54,4.67,0.591,0.00835886800674944,0.027147559133506676
DCAF15,33.14,40.69,-0.288,0.00835886800674944,0.027147559133506676
FBN3,2.77,1.0,0.916,0.008447766199891227,0.02743041501922364
SLC35D2,3.8,3.05,0.245,0.008538378731258657,0.02758315714735547
CPB2,5.51,1.67,1.284,0.00853620737990572,0.02758315714735547
EREG,22.5,9.01,1.232,0.008538378731258657,0.02758315714735547
RASGRF1,7.25,3.14,0.993,0.008538378731258657,0.02758315714735547
CRADD,6.74,8.95,-0.362,0.008538378731258657,0.02758315714735547
ARID3B,4.96,8.17,-0.622,0.008538378731258657,0.02758315714735547
SCYL1,86.07,71.09,0.272,0.008538378731258657,0.02758315714735547
MLEC,117.14,82.6,0.499,0.008538378731258657,0.02758315714735547
CLDN18,230.59,81.26,1.493,0.008538378731258657,0.02758315714735547
MEOX1,1.78,3.03,-0.533,0.008538378731258657,0.02758315714735547
AMY2B,2.64,1.5,0.543,0.008538378731258657,0.02758315714735547
KCNJ11,5.61,3.51,0.552,0.00853816158354059,0.02758315714735547
ZNF610,3.51,2.64,0.307,0.008538378731258657,0.02758315714735547
ZNF214,1.14,0.81,0.242,0.008538378731258657,0.02758315714735547
GTDC1,4.04,5.29,-0.32,0.008538378731258657,0.02758315714735547
UQCRH,233.14,295.02,-0.338,0.008538378731258657,0.02758315714735547
TRIM39,10.41,8.75,0.227,0.008538378731258657,0.02758315714735547
DHFR,7.86,10.67,-0.396,0.008538378731258657,0.02758315714735547
NIN,9.49,12.48,-0.362,0.008538378731258657,0.02758315714735547
SMIM10L1,15.54,19.78,-0.329,0.008538378731258657,0.02758315714735547
CEACAM21,6.71,4.04,0.614,0.008538378731258657,0.02758315714735547
ZNF688,14.14,11.58,0.267,0.008538378731258657,0.02758315714735547
CHSY1,30.31,38.52,-0.336,0.008538378731258657,0.02758315714735547
ZMYND10,14.69,13.05,0.16,0.008538378731258657,0.02758315714735547
H2BC11,6.23,20.33,-1.561,0.008629201305031564,0.02787063253132325
SCGB2A1,7.57,5.33,0.437,0.008641181565191749,0.027903394584475716
NPDC1,36.08,25.22,0.5,0.008721328447148124,0.0280489295295346
PPM1L,3.44,6.79,-0.811,0.008721328447148124,0.0280489295295346
C5orf15,146.18,112.53,0.375,0.008721328447148124,0.0280489295295346
TLR6,2.96,4.76,-0.542,0.008721328447148124,0.0280489295295346
DNAJC22,6.61,2.17,1.261,0.008721328447148124,0.0280489295295346
KLF6,129.45,79.47,0.697,0.008721328447148124,0.0280489295295346
TOP3A,11.32,15.14,-0.389,0.008721328447148124,0.0280489295295346
CHCHD1,69.8,60.75,0.197,0.008721328447148124,0.0280489295295346
ZNF141,4.06,3.15,0.283,0.008721328447148124,0.0280489295295346
BOD1,48.18,68.16,-0.492,0.008721328447148124,0.0280489295295346
CCDC120,17.54,13.57,0.348,0.008721328447148124,0.0280489295295346
NUDT16L1,52.62,43.06,0.283,0.008721328447148124,0.0280489295295346
NEK8,6.49,4.58,0.423,0.008721328447148124,0.0280489295295346
GPR137C,1.11,0.84,0.198,0.008721107752272217,0.0280489295295346
KLC4,15.36,12.04,0.327,0.008721328447148124,0.0280489295295346
NACC2,16.7,13.15,0.323,0.008721328447148124,0.0280489295295346
ANGPTL4,93.44,36.37,1.337,0.008721328447148124,0.0280489295295346
KLHDC2,17.27,13.71,0.312,0.008721328447148124,0.0280489295295346
CPEB2,10.93,9.45,0.192,0.008721328447148124,0.0280489295295346
HNRNPA1L2,6.22,8.19,-0.349,0.008907773330339215,0.02850374899070002
CBR1,186.85,251.3,-0.426,0.008907773330339215,0.02850374899070002
THUMPD1,28.64,24.08,0.241,0.008907773330339215,0.02850374899070002
DIP2C,10.96,8.41,0.346,0.008907773330339215,0.02850374899070002
AAAS,25.43,30.93,-0.273,0.008907773330339215,0.02850374899070002
SLC52A1,3.01,5.87,-0.778,0.008907773330339215,0.02850374899070002
MOB1A,91.18,106.43,-0.221,0.008907773330339215,0.02850374899070002
RCAN2,17.63,10.75,0.665,0.008907773330339215,0.02850374899070002
TMEM87B,41.19,34.74,0.239,0.008907773330339215,0.02850374899070002
TADA2A,10.01,12.9,-0.336,0.008907773330339215,0.02850374899070002
FBXO8,31.45,26.65,0.231,0.008907773330339215,0.02850374899070002
C1orf162,30.35,21.92,0.452,0.008907773330339215,0.02850374899070002
ISG20L2,31.86,41.17,-0.36,0.008907773330339215,0.02850374899070002
PPP1R16A,16.14,11.72,0.43,0.008907549043736463,0.02850374899070002
TTC19,27.84,21.74,0.343,0.008907773330339215,0.02850374899070002
IHH,2.12,0.86,0.745,0.00887080437289596,0.02850374899070002
CFL2,25.32,15.86,0.643,0.008907773330339215,0.02850374899070002
KCNJ8,17.36,10.29,0.702,0.008907773330339215,0.02850374899070002
HFE,13.06,9.4,0.435,0.008907773330339215,0.02850374899070002
NLRC4,4.99,3.82,0.314,0.008907773330339215,0.02850374899070002
CBWD2,3.56,4.68,-0.318,0.008907773330339215,0.02850374899070002
PPP1R26,23.16,17.7,0.369,0.008907773330339215,0.02850374899070002
GNB4,12.26,17.86,-0.509,0.008907773330339215,0.02850374899070002
LRPAP1,48.31,36.71,0.387,0.008907773330339215,0.02850374899070002
SPINK14,1.58,0.47,0.811,0.00898307520971055,0.02873865269764843
DCC,0.55,1.99,-0.948,0.009002098108254296,0.028793447696570003
MAPRE2,25.82,20.24,0.337,0.009097770262574089,0.028941043467187632
ANKRD18A,0.8,1.68,-0.575,0.009097542339391456,0.028941043467187632
KRT86,4.42,2.36,0.689,0.009097770262574089,0.028941043467187632
ERMP1,24.17,47.8,-0.955,0.009097770262574089,0.028941043467187632
DBI,157.22,208.55,-0.405,0.009097770262574089,0.028941043467187632
RPS6KA5,1.19,1.71,-0.305,0.009097770262574089,0.028941043467187632
ADAM19,11.5,18.15,-0.615,0.009097770262574089,0.028941043467187632
HEBP1,43.95,35.45,0.302,0.009097770262574089,0.028941043467187632
FAM160B1,17.9,14.0,0.334,0.009097770262574089,0.028941043467187632
HNRNPA3,122.72,158.45,-0.366,0.009097770262574089,0.028941043467187632
RNPEP,80.01,64.95,0.297,0.009097770262574089,0.028941043467187632
ACE2,1.15,0.32,0.7,0.009097542339391456,0.028941043467187632
PER1,53.44,35.14,0.591,0.009097770262574089,0.028941043467187632
CD177,91.58,9.7,3.113,0.009097770262574089,0.028941043467187632
DGKE,3.08,4.17,-0.339,0.009097770262574089,0.028941043467187632
HNRNPA1,222.9,274.8,-0.301,0.009097770262574089,0.028941043467187632
PPM1M,26.69,21.25,0.315,0.009097770262574089,0.028941043467187632
EIF4H,116.76,145.26,-0.313,0.009097770262574089,0.028941043467187632
CARMIL3,0.82,1.62,-0.528,0.009097542339391456,0.028941043467187632
NEU3,5.72,7.65,-0.364,0.009097770262574089,0.028941043467187632
ETNK1,19.04,15.67,0.265,0.009097770262574089,0.028941043467187632
SEH1L,13.01,15.67,-0.251,0.009097770262574089,0.028941043467187632
ABHD11,76.92,49.4,0.629,0.009097770262574089,0.028941043467187632
GLDN,4.55,2.58,0.632,0.009097770262574089,0.028941043467187632
H4C5,2.74,7.34,-1.158,0.009097542339391456,0.028941043467187632
MANF,123.56,90.72,0.442,0.009097770262574089,0.028941043467187632
TFF1,266.49,5.15,5.444,0.00912852439007091,0.029032796955902728
PCP4,35.29,11.84,1.498,0.009186078874445645,0.02920973133935803
POU3F3,0.04,1.04,-0.973,0.009245316036108212,0.029391941104120536
OMA1,11.15,9.25,0.246,0.009291376835912952,0.029427535598921303
YIF1B,26.14,38.85,-0.554,0.009291376835912952,0.029427535598921303
C16orf71,2.34,1.95,0.177,0.009291376835912952,0.029427535598921303
SLC30A5,30.16,24.53,0.288,0.009291376835912952,0.029427535598921303
GNPDA1,39.32,48.67,-0.301,0.009291376835912952,0.029427535598921303
BCL2L1,107.42,85.63,0.324,0.009291376835912952,0.029427535598921303
PRKCI,45.63,62.56,-0.447,0.009291376835912952,0.029427535598921303
TRERF1,6.63,8.73,-0.35,0.009291376835912952,0.029427535598921303
CDAN1,6.99,9.46,-0.389,0.009291376835912952,0.029427535598921303
POLR1A,13.95,20.22,-0.505,0.009291376835912952,0.029427535598921303
PLCB4,4.63,9.02,-0.83,0.009291376835912952,0.029427535598921303
FANCL,17.29,26.78,-0.603,0.009291376835912952,0.029427535598921303
EDEM2,101.78,82.59,0.298,0.009291376835912952,0.029427535598921303
ACY3,7.24,2.86,1.093,0.009291376835912952,0.029427535598921303
SLC25A35,6.73,4.99,0.368,0.009291376835912952,0.029427535598921303
GPX3,323.43,204.29,0.66,0.009291376835912952,0.029427535598921303
SLC11A1,17.48,13.64,0.336,0.009291376835912952,0.029427535598921303
RHEBL1,5.23,7.11,-0.381,0.009291376835912952,0.029427535598921303
FOLH1,2.39,5.18,-0.864,0.009389318468072012,0.029731537199962084
GLRX3,38.92,53.15,-0.44,0.009488651357167572,0.029871753018948805
CKB,194.55,110.19,0.814,0.009488651357167572,0.029871753018948805
ALPP,6.28,3.29,0.764,0.009460197129570948,0.029871753018948805
HLA-DMB,47.53,31.48,0.579,0.009488651357167572,0.029871753018948805
CYFIP1,45.75,52.24,-0.188,0.009488651357167572,0.029871753018948805
FOS,517.66,337.24,0.617,0.009488651357167572,0.029871753018948805
CCDC91,10.77,14.97,-0.44,0.009488651357167572,0.029871753018948805
PIN4,12.77,10.68,0.238,0.009488651357167572,0.029871753018948805
PLLP,16.25,9.04,0.781,0.009488651357167572,0.029871753018948805
RASL12,21.65,13.75,0.619,0.009488651357167572,0.029871753018948805
ADAMTS1,29.95,36.19,-0.265,0.009488651357167572,0.029871753018948805
SRRD,8.52,10.69,-0.297,0.009488651357167572,0.029871753018948805
ASIP,0.38,1.0,-0.533,0.009460432115322914,0.029871753018948805
MRPL11,52.58,69.45,-0.395,0.009488651357167572,0.029871753018948805
ABO,20.07,13.97,0.493,0.009488651357167572,0.029871753018948805
SPCS1,59.11,49.48,0.252,0.009488651357167572,0.029871753018948805
AK6,15.63,13.68,0.179,0.009488651357167572,0.029871753018948805
TOP1,123.46,101.18,0.285,0.009488651357167572,0.029871753018948805
SUSD4,14.15,26.77,-0.874,0.009488651357167572,0.029871753018948805
KHSRP,115.04,155.65,-0.433,0.009488651357167572,0.029871753018948805
HCST,5.61,3.94,0.42,0.009488651357167572,0.029871753018948805
ITGAE,8.8,11.31,-0.329,0.009488651357167572,0.029871753018948805
POLR2A,89.32,114.78,-0.358,0.009488651357167572,0.029871753018948805
ARHGEF39,2.77,4.83,-0.628,0.009488651357167572,0.029871753018948805
CPA6,1.16,2.69,-0.774,0.009488416025150409,0.029871753018948805
ATP12A,2.99,8.55,-1.259,0.009488651357167572,0.029871753018948805
PSMC1,8.39,10.89,-0.341,0.009488651357167572,0.029871753018948805
ABLIM3,11.55,5.76,0.891,0.009488651357167572,0.029871753018948805
TNIP3,2.27,4.78,-0.82,0.009588445302966788,0.030179666353423333
LRRN3,3.45,1.73,0.704,0.009689652852268946,0.03039118410085097
WWC3,42.7,30.83,0.457,0.009689652852268946,0.03039118410085097
GRB14,6.0,3.63,0.596,0.009689652852268946,0.03039118410085097
EFEMP1,131.88,94.17,0.482,0.009689652852268946,0.03039118410085097
GOLGA5,74.2,60.85,0.282,0.009689652852268946,0.03039118410085097
ACVRL1,33.76,25.63,0.385,0.009689652852268946,0.03039118410085097
P4HA2,26.03,21.11,0.29,0.009689652852268946,0.03039118410085097
HMGCR,28.91,37.61,-0.368,0.009689652852268946,0.03039118410085097
AOAH,8.92,20.53,-1.119,0.009689652852268946,0.03039118410085097
ACD,18.35,25.02,-0.428,0.009689652852268946,0.03039118410085097
SLC43A2,19.19,15.51,0.291,0.009689652852268946,0.03039118410085097
ZFYVE16,6.06,4.99,0.238,0.009689652852268946,0.03039118410085097
BPNT1,50.55,40.74,0.305,0.009689652852268946,0.03039118410085097
CLIP2,10.46,16.63,-0.621,0.009689652852268946,0.03039118410085097
VIPR1,12.52,6.53,0.843,0.009689652852268946,0.03039118410085097
COP1,39.66,51.37,-0.365,0.009689652852268946,0.03039118410085097
SGCA,7.8,4.83,0.593,0.009689652852268946,0.03039118410085097
GABRD,1.21,1.04,0.111,0.009791328849875387,0.0307037480322305
ITGA10,2.86,1.62,0.561,0.00989444107056639,0.030893186022424
ROBO4,14.96,10.36,0.49,0.00989444107056639,0.030893186022424
TMX4,37.73,29.46,0.347,0.00989444107056639,0.030893186022424
C15orf61,1.79,2.19,-0.194,0.00989444107056639,0.030893186022424
CFAP20,37.11,45.49,-0.287,0.00989444107056639,0.030893186022424
ERAL1,69.11,92.06,-0.409,0.00989444107056639,0.030893186022424
PRRT1,1.1,1.87,-0.449,0.00989444107056639,0.030893186022424
SAMD4B,46.78,66.73,-0.503,0.00989444107056639,0.030893186022424
TMEM87A,56.19,44.33,0.335,0.00989444107056639,0.030893186022424
NDC1,24.79,33.66,-0.427,0.00989444107056639,0.030893186022424
BDNF,1.28,1.96,-0.377,0.00989444107056639,0.030893186022424
CORO7,4.38,3.34,0.309,0.00989444107056639,0.030893186022424
SHTN1,23.57,19.09,0.291,0.00989444107056639,0.030893186022424
HIGD1B,18.3,8.71,0.992,0.00989444107056639,0.030893186022424
AGMO,0.72,1.17,-0.34,0.009893469393800584,0.030893186022424
CAT,133.72,85.04,0.647,0.00989444107056639,0.030893186022424
CPT1A,33.2,43.07,-0.366,0.00989444107056639,0.030893186022424
IL27RA,45.8,30.91,0.553,0.00989444107056639,0.030893186022424
SYT1,7.17,7.05,0.021,0.00989444107056639,0.030893186022424
ADAMTS8,9.12,5.41,0.658,0.00989444107056639,0.030893186022424
NNMT,218.14,129.45,0.748,0.00989444107056639,0.030893186022424
DIPK1C,0.42,1.82,-0.996,0.00998480457410057,0.03116892046318265
HHIP,9.36,4.05,1.036,0.009998029221181686,0.03120379169215558
ZNF888,11.12,8.36,0.373,0.010103076489055892,0.031473455218008234
POF1B,12.24,20.73,-0.715,0.010103076489055892,0.031473455218008234
RPL7L1,51.05,55.68,-0.123,0.010103076489055892,0.031473455218008234
BST1,8.6,8.97,-0.056,0.010103076489055892,0.031473455218008234
SERTAD3,70.54,70.74,-0.004,0.010103076489055892,0.031473455218008234
TPI1,706.81,967.77,-0.453,0.010103076489055892,0.031473455218008234
TMEM138,15.39,18.31,-0.236,0.010103076489055892,0.031473455218008234
TPRN,16.04,13.29,0.254,0.010103076489055892,0.031473455218008234
NTAQ1,8.97,10.56,-0.214,0.010103076489055892,0.031473455218008234
ATXN2,10.17,7.91,0.325,0.010208607259007808,0.03178917197911573
PCDHGA10,1.42,0.98,0.292,0.010208607259007808,0.03178917197911573
MYOM2,0.96,1.5,-0.35,0.010315369616581648,0.031984738667166855
PIGK,23.08,21.44,0.102,0.010315620316535089,0.031984738667166855
TCEAL3,29.85,24.23,0.29,0.010315620316535089,0.031984738667166855
RPL22,69.22,59.62,0.212,0.010315620316535089,0.031984738667166855
MUC20,24.56,20.56,0.246,0.010315620316535089,0.031984738667166855
PPIP5K1,4.3,5.62,-0.321,0.010315620316535089,0.031984738667166855
EPHB1,1.29,3.91,-1.102,0.010315620316535089,0.031984738667166855
LY96,71.75,57.67,0.31,0.010315620316535089,0.031984738667166855
XRN1,12.2,15.73,-0.342,0.010315620316535089,0.031984738667166855
CALCOCO1,32.09,25.34,0.329,0.010315620316535089,0.031984738667166855
TFAP2C,26.38,35.76,-0.425,0.010315620316535089,0.031984738667166855
CX3CR1,5.03,3.62,0.384,0.010315620316535089,0.031984738667166855
NEK5,1.72,1.5,0.126,0.010315620316535089,0.031984738667166855
GOLGA2,54.06,41.6,0.37,0.010315620316535089,0.031984738667166855
RAB3B,1.58,4.56,-1.108,0.010315620316535089,0.031984738667166855
PREX2,2.76,1.92,0.361,0.010315620316535089,0.031984738667166855
PDK3,7.29,10.43,-0.463,0.010315620316535089,0.031984738667166855
TUBA1B,96.21,124.24,-0.366,0.010315620316535089,0.031984738667166855
NUP54,29.02,36.74,-0.33,0.010315620316535089,0.031984738667166855
SGSH,25.17,19.4,0.36,0.010315620316535089,0.031984738667166855
MTA1,19.36,26.42,-0.429,0.010315620316535089,0.031984738667166855
CIT,11.89,4.46,1.239,0.010532134497682588,0.03252331695595357
CLOCK,12.53,9.61,0.351,0.010532134497682588,0.03252331695595357
SEC22C,16.57,13.67,0.261,0.010532134497682588,0.03252331695595357
PECAM1,117.41,84.13,0.476,0.010532134497682588,0.03252331695595357
RGS5,47.43,32.65,0.525,0.010532134497682588,0.03252331695595357
SAP30,15.85,20.17,-0.329,0.010532134497682588,0.03252331695595357
CREB3,120.64,105.81,0.188,0.010532134497682588,0.03252331695595357
OGN,9.32,4.63,0.874,0.010532134497682588,0.03252331695595357
CALB2,7.23,29.77,-1.902,0.010532134497682588,0.03252331695595357
GATC,12.71,16.08,-0.317,0.010532134497682588,0.03252331695595357
SPOCK1,7.61,11.29,-0.514,0.010532134497682588,0.03252331695595357
C3AR1,21.33,18.11,0.225,0.010532134497682588,0.03252331695595357
DDX60L,9.03,6.07,0.504,0.010532134497682588,0.03252331695595357
INPP4B,6.47,4.41,0.464,0.010532134497682588,0.03252331695595357
TMPRSS11E,22.11,45.84,-1.02,0.010532134497682588,0.03252331695595357
SINHCAF,38.66,55.45,-0.509,0.010532134497682588,0.03252331695595357
ZMPSTE24,76.41,58.93,0.369,0.010532134497682588,0.03252331695595357
LASP1,133.58,97.59,0.449,0.010532134497682588,0.03252331695595357
CIAPIN1,44.82,56.86,-0.337,0.010532134497682588,0.03252331695595357
CCDC200,1.59,1.17,0.257,0.010532134497682588,0.03252331695595357
SLC7A2,40.17,13.68,1.488,0.010752681717058945,0.03310344343004591
SPN,12.64,9.54,0.373,0.010752681717058945,0.03310344343004591
POLL,14.77,12.15,0.262,0.010752681717058945,0.03310344343004591
AEBP2,20.55,24.37,-0.236,0.010752681717058945,0.03310344343004591
BHLHE40,289.4,225.15,0.361,0.010752681717058945,0.03310344343004591
PPFIBP1,15.08,20.28,-0.405,0.010752681717058945,0.03310344343004591
DNASE1L1,9.72,7.98,0.255,0.010752681717058945,0.03310344343004591
SHLD2,20.65,17.07,0.261,0.010752681717058945,0.03310344343004591
UROD,49.4,42.06,0.227,0.010752681717058945,0.03310344343004591
TRIT1,11.19,14.9,-0.383,0.010752681717058945,0.03310344343004591
SCCPDH,96.9,71.03,0.443,0.010752681717058945,0.03310344343004591
PLA2G6,5.48,8.01,-0.476,0.010752681717058945,0.03310344343004591
SH3GLB1,62.43,52.63,0.242,0.010752681717058945,0.03310344343004591
MEGF10,0.69,2.12,-0.887,0.010752423053845743,0.03310344343004591
MYO1G,20.08,11.31,0.775,0.010752681717058945,0.03310344343004591
CTCFL,0.02,4.73,-2.494,0.01079267358265857,0.03321983179524547
HYKK,1.96,2.78,-0.352,0.01097732540302692,0.033658628627283145
TXK,1.89,1.07,0.486,0.01097732540302692,0.033658628627283145
PTPN21,12.69,7.61,0.669,0.01097732540302692,0.033658628627283145
SOD2,68.37,93.23,-0.442,0.01097732540302692,0.033658628627283145
UBAP1,130.06,96.36,0.429,0.01097732540302692,0.033658628627283145
DOCK8,11.97,8.66,0.426,0.01097732540302692,0.033658628627283145
ZNF816,7.95,6.43,0.268,0.01097732540302692,0.033658628627283145
NOL8,11.98,15.52,-0.348,0.01097732540302692,0.033658628627283145
TBC1D4,11.38,15.18,-0.387,0.01097732540302692,0.033658628627283145
PRDM8,2.96,2.23,0.295,0.01097732540302692,0.033658628627283145
BANF1,249.5,320.76,-0.361,0.01097732540302692,0.033658628627283145
HOXD8,2.23,4.06,-0.646,0.01097732540302692,0.033658628627283145
LEO1,24.56,30.54,-0.303,0.01097732540302692,0.033658628627283145
ULBP3,5.94,9.83,-0.642,0.01097732540302692,0.033658628627283145
PRKG2,2.88,3.41,-0.184,0.01097732540302692,0.033658628627283145
ZNF441,4.05,3.07,0.312,0.01097732540302692,0.033658628627283145
HMSD,0.73,1.72,-0.65,0.01097732540302692,0.033658628627283145
UXS1,39.89,31.75,0.32,0.01097732540302692,0.033658628627283145
ARHGEF3,20.26,16.37,0.291,0.01097732540302692,0.033658628627283145
CALY,2.19,0.22,1.383,0.011015076929994509,0.033767567352180505
TM4SF5,5.01,0.08,2.473,0.011071947879135772,0.033935062361853896
ALDH1A2,3.48,2.95,0.18,0.011090938687199306,0.033986412157042976
ELAPOR1,31.61,15.92,0.947,0.011206129731588424,0.03419456296686542
AMOTL2,37.75,27.62,0.437,0.011206129731588424,0.03419456296686542
JPH4,1.29,0.91,0.26,0.011206129731588424,0.03419456296686542
PTCD3,18.34,22.67,-0.291,0.011206129731588424,0.03419456296686542
MFN2,39.46,50.4,-0.345,0.011206129731588424,0.03419456296686542
SUSD6,55.94,70.48,-0.328,0.011206129731588424,0.03419456296686542
POMZP3,7.77,11.82,-0.548,0.011206129731588424,0.03419456296686542
AMACR,1.11,0.88,0.17,0.011206129731588424,0.03419456296686542
UNC119B,19.26,23.61,-0.281,0.011206129731588424,0.03419456296686542
BAAT,4.53,0.91,1.53,0.011205062488425545,0.03419456296686542
TMEM109,197.26,237.59,-0.267,0.011206129731588424,0.03419456296686542
COX7A1,46.53,28.22,0.702,0.011206129731588424,0.03419456296686542
ASF1A,27.21,38.56,-0.488,0.011206129731588424,0.03419456296686542
PRCP,22.96,29.59,-0.352,0.011206129731588424,0.03419456296686542
METTL1,27.38,35.68,-0.37,0.011206129731588424,0.03419456296686542
CAMK2N1,66.41,30.99,1.075,0.011206129731588424,0.03419456296686542
HAUS8,5.16,6.72,-0.325,0.011206129731588424,0.03419456296686542
PRPS2,56.91,79.23,-0.47,0.011206129731588424,0.03419456296686542
TXNRD3,9.34,12.59,-0.394,0.011206129731588424,0.03419456296686542
ELP4,1.18,1.47,-0.179,0.011206129731588424,0.03419456296686542
MAP3K19,1.23,1.08,0.099,0.01120586291628172,0.03419456296686542
CASP14,2.44,2.75,-0.125,0.011302237715766064,0.03448090313566944
CKS2,141.43,224.62,-0.664,0.011439159630135566,0.03474513239917026
PLXNB1,27.62,39.76,-0.51,0.011439159630135566,0.03474513239917026
TUBE1,4.91,6.23,-0.29,0.011439159630135566,0.03474513239917026
ANO9,24.05,16.99,0.478,0.011439159630135566,0.03474513239917026
SHFL,12.41,9.87,0.303,0.011439159630135566,0.03474513239917026
PPP4R2,32.17,26.99,0.245,0.011439159630135566,0.03474513239917026
GYG1,19.88,30.14,-0.577,0.011439159630135566,0.03474513239917026
RBP4,19.32,12.86,0.552,0.011439159630135566,0.03474513239917026
TENM3,2.2,3.69,-0.552,0.011439159630135566,0.03474513239917026
GCLM,29.55,97.32,-1.686,0.011439159630135566,0.03474513239917026
C20orf96,22.04,17.8,0.293,0.011439159630135566,0.03474513239917026
KCNH3,1.24,3.33,-0.951,0.011439159630135566,0.03474513239917026
PDCD2,20.61,25.63,-0.301,0.011439159630135566,0.03474513239917026
BORCS6,11.45,9.74,0.213,0.011439159630135566,0.03474513239917026
VPS41,33.67,27.75,0.27,0.011439159630135566,0.03474513239917026
HEYL,21.79,15.39,0.475,0.011439159630135566,0.03474513239917026
TMEM236,1.03,0.52,0.415,0.011439159630135566,0.03474513239917026
MMP24OS,27.3,20.44,0.4,0.011439159630135566,0.03474513239917026
EOMES,1.63,2.64,-0.47,0.011439159630135566,0.03474513239917026
CMTM4,26.02,21.97,0.234,0.011439159630135566,0.03474513239917026
CHPF2,78.14,62.5,0.317,0.011439159630135566,0.03474513239917026
RGS12,8.29,11.86,-0.469,0.011439159630135566,0.03474513239917026
NEFM,0.21,6.37,-2.602,0.011529525033254596,0.03501260720172638
OLFM4,4.44,8.38,-0.786,0.01157597608361297,0.035146643612776154
KMT5B,21.44,17.65,0.267,0.011676480781113345,0.03533176110485064
SLC15A4,20.28,16.62,0.273,0.011676480781113345,0.03533176110485064
SFT2D1,49.81,44.77,0.151,0.011676480781113345,0.03533176110485064
CCDC154,1.64,0.86,0.508,0.011676480781113345,0.03533176110485064
ARHGEF16,25.8,18.58,0.453,0.011676480781113345,0.03533176110485064
USP38,18.08,14.34,0.315,0.011676480781113345,0.03533176110485064
ATRN,28.08,42.81,-0.591,0.011676480781113345,0.03533176110485064
NMT2,5.16,6.76,-0.334,0.011676480781113345,0.03533176110485064
RPS7,318.45,412.64,-0.373,0.011676480781113345,0.03533176110485064
SDC1,624.58,983.16,-0.654,0.011676480781113345,0.03533176110485064
ARHGEF10L,17.84,12.99,0.43,0.011676480781113345,0.03533176110485064
LY6G5C,3.29,2.31,0.374,0.011676480781113345,0.03533176110485064
PARVA,27.74,22.28,0.304,0.011676480781113345,0.03533176110485064
HNRNPK,306.0,349.31,-0.19,0.011676480781113345,0.03533176110485064
PAMR1,4.81,11.74,-1.133,0.011676480781113345,0.03533176110485064
CACNA2D4,1.83,1.37,0.257,0.011676480781113345,0.03533176110485064
SPOPL,16.36,13.32,0.277,0.011676480781113345,0.03533176110485064
TMEM88B,1.72,0.64,0.732,0.01172887248631775,0.03548322574365304
RHBDL2,12.14,7.1,0.697,0.011796494035553601,0.03568069557677998
TMEM200C,0.59,1.06,-0.375,0.01191815962559122,0.035870166242394495
VTCN1,16.4,25.82,-0.624,0.01191815962559122,0.035870166242394495
TAF6L,8.55,10.6,-0.28,0.01191815962559122,0.035870166242394495
ZBTB16,9.06,4.38,0.904,0.01191815962559122,0.035870166242394495
CPSF2,15.22,19.08,-0.307,0.01191815962559122,0.035870166242394495
MT1G,23.38,25.98,-0.146,0.01191815962559122,0.035870166242394495
ZNF879,2.66,2.01,0.281,0.01191815962559122,0.035870166242394495
LAPTM4A,826.91,688.48,0.264,0.01191815962559122,0.035870166242394495
RUNX1,31.59,24.36,0.362,0.01191815962559122,0.035870166242394495
PTP4A3,85.04,56.31,0.586,0.01191815962559122,0.035870166242394495
MASTL,11.0,13.13,-0.236,0.01191815962559122,0.035870166242394495
NCL,196.74,244.25,-0.311,0.01191815962559122,0.035870166242394495
YIPF5,59.61,49.82,0.254,0.01191815962559122,0.035870166242394495
ZNF320,8.06,6.13,0.346,0.01191815962559122,0.035870166242394495
MRTO4,58.75,72.8,-0.305,0.01191815962559122,0.035870166242394495
OVOL1,4.11,6.43,-0.539,0.01191815962559122,0.035870166242394495
SCX,5.84,5.9,-0.012,0.01191815962559122,0.035870166242394495
ACADM,32.86,28.06,0.221,0.01191815962559122,0.035870166242394495
GPC3,50.94,143.48,-1.476,0.01191815962559122,0.035870166242394495
ALYREF,135.0,173.78,-0.362,0.01191815962559122,0.035870166242394495
NFIB,22.07,15.32,0.499,0.01191815962559122,0.035870166242394495
MPP2,2.33,3.68,-0.491,0.01191815962559122,0.035870166242394495
PLIN5,2.87,1.65,0.548,0.01191815962559122,0.035870166242394495
TNK2,15.74,26.38,-0.71,0.01191815962559122,0.035870166242394495
RAB31,96.76,70.75,0.446,0.01191815962559122,0.035870166242394495
C8orf34,1.3,0.76,0.391,0.012040372612589587,0.03623081424105241
ITGB1,97.49,70.15,0.469,0.012164263366741049,0.03646638779220536
KCNG2,1.0,0.4,0.517,0.012163695983021484,0.03646638779220536
NBEA,4.71,2.78,0.597,0.012164263366741049,0.03646638779220536
C19orf73,2.8,4.2,-0.451,0.012164263366741049,0.03646638779220536
PYGB,186.3,127.65,0.542,0.012164263366741049,0.03646638779220536
FEM1C,21.29,17.03,0.306,0.012164263366741049,0.03646638779220536
TMEM126B,45.33,37.81,0.256,0.012164263366741049,0.03646638779220536
ZNF326,7.47,9.74,-0.343,0.012164263366741049,0.03646638779220536
TUSC3,34.86,45.65,-0.38,0.012164263366741049,0.03646638779220536
NAPEPLD,9.36,7.64,0.261,0.012164263366741049,0.03646638779220536
GATA6,12.88,7.08,0.78,0.012164263366741049,0.03646638779220536
ZFR,47.38,56.73,-0.255,0.012164263366741049,0.03646638779220536
TOR1AIP2,18.57,15.23,0.27,0.012164263366741049,0.03646638779220536
MARK3,10.14,12.89,-0.319,0.012164263366741049,0.03646638779220536
S1PR4,15.16,10.42,0.5,0.012164263366741049,0.03646638779220536
SOX6,1.27,2.61,-0.67,0.012164263366741049,0.03646638779220536
GALNT7,26.7,18.2,0.529,0.012164263366741049,0.03646638779220536
DAPK2,6.03,4.13,0.455,0.012164263366741049,0.03646638779220536
CD81,261.46,209.7,0.317,0.012164263366741049,0.03646638779220536
STARD8,9.23,6.51,0.447,0.012414859973218815,0.03707862543210408
BEX2,37.48,60.84,-0.685,0.012414859973218815,0.03707862543210408
AAMDC,7.5,6.62,0.157,0.012414859973218815,0.03707862543210408
PPM1G,121.28,150.74,-0.311,0.012414859973218815,0.03707862543210408
CHMP4C,41.69,31.98,0.373,0.012414859973218815,0.03707862543210408
ANO6,39.87,31.05,0.35,0.012414859973218815,0.03707862543210408
ACSL1,72.57,58.46,0.307,0.012414859973218815,0.03707862543210408
DHCR24,388.71,296.22,0.391,0.012414859973218815,0.03707862543210408
NAA20,88.1,125.85,-0.51,0.012414859973218815,0.03707862543210408
SIGLEC11,1.11,0.75,0.269,0.012414859973218815,0.03707862543210408
WNT7B,29.59,51.88,-0.79,0.012414859973218815,0.03707862543210408
ART4,2.92,0.59,1.298,0.012413419835259858,0.03707862543210408
CPD,79.76,47.94,0.723,0.012414859973218815,0.03707862543210408
NAV2,18.0,12.27,0.518,0.012414859973218815,0.03707862543210408
SURF4,347.19,284.2,0.288,0.012414859973218815,0.03707862543210408
BMPR2,33.19,24.89,0.401,0.012414859973218815,0.03707862543210408
VCP,128.0,177.02,-0.465,0.012414859973218815,0.03707862543210408
USP28,17.8,22.4,-0.316,0.012414859973218815,0.03707862543210408
TET1,1.5,1.49,0.007,0.012414859973218815,0.03707862543210408
WDR19,8.36,7.01,0.225,0.012670018182447217,0.03768511868557568
EYA3,13.64,16.84,-0.285,0.012670018182447217,0.03768511868557568
XRCC4,12.58,10.67,0.219,0.012670018182447217,0.03768511868557568
RASA1,21.53,16.19,0.39,0.012670018182447217,0.03768511868557568
ITIH3,1.17,0.72,0.331,0.012670018182447217,0.03768511868557568
CCDC74B,1.48,2.33,-0.425,0.012670018182447217,0.03768511868557568
FTCDNL1,2.37,3.99,-0.568,0.012670018182447217,0.03768511868557568
MRPL14,314.3,225.46,0.477,0.012670018182447217,0.03768511868557568
SLC25A28,52.52,63.18,-0.262,0.012670018182447217,0.03768511868557568
ADD1,56.37,45.88,0.291,0.012670018182447217,0.03768511868557568
PPP1R11,107.37,87.84,0.287,0.012670018182447217,0.03768511868557568
RTN2,9.44,6.64,0.45,0.012670018182447217,0.03768511868557568
ZNF862,6.41,4.43,0.45,0.012670018182447217,0.03768511868557568
GFI1,2.01,2.88,-0.364,0.012670018182447217,0.03768511868557568
PTPRF,143.84,224.0,-0.635,0.012670018182447217,0.03768511868557568
ATF4,294.28,377.83,-0.359,0.012670018182447217,0.03768511868557568
TSPAN18,13.12,25.73,-0.921,0.012670018182447217,0.03768511868557568
CCN5,11.14,6.13,0.768,0.012670018182447217,0.03768511868557568
INTS6L,4.14,6.19,-0.485,0.012670018182447217,0.03768511868557568
INTS12,9.14,7.75,0.214,0.012670018182447217,0.03768511868557568
GPAT2,4.14,1.74,0.907,0.012670018182447217,0.03768511868557568
XKR9,2.75,1.4,0.646,0.012929510642909254,0.03827797455284229
CYP4B1,129.63,85.8,0.59,0.01292980750379692,0.03827797455284229
DUSP23,196.59,151.09,0.378,0.01292980750379692,0.03827797455284229
SPATA33,3.85,4.93,-0.29,0.01292980750379692,0.03827797455284229
KCNG3,0.96,1.39,-0.28,0.012928620078859135,0.03827797455284229
PLA2G4E,1.77,4.81,-1.069,0.01292980750379692,0.03827797455284229
DNAJB4,18.73,32.39,-0.759,0.01292980750379692,0.03827797455284229
CFAP52,4.97,4.6,0.093,0.01292980750379692,0.03827797455284229
DIRAS3,10.92,3.4,1.436,0.01292980750379692,0.03827797455284229
HDDC3,2.93,3.8,-0.289,0.01292980750379692,0.03827797455284229
ZFAT,4.02,4.98,-0.251,0.01292980750379692,0.03827797455284229
COL21A1,5.95,6.97,-0.198,0.01292980750379692,0.03827797455284229
REX1BD,20.63,26.74,-0.359,0.01292980750379692,0.03827797455284229
CKAP4,138.59,186.97,-0.429,0.01292980750379692,0.03827797455284229
TBX5,8.47,6.24,0.387,0.01292980750379692,0.03827797455284229
CAB39L,10.42,7.36,0.45,0.01292980750379692,0.03827797455284229
HSD17B1,2.05,3.24,-0.474,0.01292980750379692,0.03827797455284229
PSMB1,210.15,277.49,-0.399,0.01292980750379692,0.03827797455284229
PPM1B,12.36,11.08,0.146,0.01292980750379692,0.03827797455284229
FAM95C,0.56,1.68,-0.779,0.012923870875478928,0.03827797455284229
SLC5A9,2.45,1.62,0.397,0.012929510642909254,0.03827797455284229
MYH3,0.95,1.4,-0.301,0.01292980750379692,0.03827797455284229
COL13A1,2.8,1.98,0.351,0.01292980750379692,0.03827797455284229
TAF2,18.16,22.54,-0.297,0.01292980750379692,0.03827797455284229
NIBAN2,314.83,249.53,0.334,0.013194298221663238,0.0389244607537339
ADCY4,4.43,3.31,0.332,0.013194298221663238,0.0389244607537339
PDE2A,3.74,2.99,0.249,0.013194298221663238,0.0389244607537339
VWCE,0.62,1.16,-0.418,0.013194298221663238,0.0389244607537339
HIP1,37.0,25.28,0.532,0.013194298221663238,0.0389244607537339
RAB11B,152.09,126.5,0.264,0.013194298221663238,0.0389244607537339
SLC27A3,25.77,18.5,0.457,0.013194298221663238,0.0389244607537339
JOSD1,72.68,85.58,-0.233,0.013194298221663238,0.0389244607537339
EXOC8,15.51,12.86,0.252,0.013194298221663238,0.0389244607537339
WDR31,4.1,3.27,0.256,0.013194298221663238,0.0389244607537339
USP14,44.0,57.67,-0.383,0.013194298221663238,0.0389244607537339
DHRSX,24.84,19.8,0.313,0.013194298221663238,0.0389244607537339
APBB1IP,16.04,11.48,0.449,0.013194298221663238,0.0389244607537339
EPS8,45.15,39.25,0.197,0.013194298221663238,0.0389244607537339
PKP2,10.32,12.76,-0.281,0.013194298221663238,0.0389244607537339
CMPK2,15.74,12.21,0.342,0.013194298221663238,0.0389244607537339
MFSD8,6.74,5.68,0.213,0.013194298221663238,0.0389244607537339
CBX1,83.49,109.66,-0.389,0.013194298221663238,0.0389244607537339
ITPR1,4.27,2.91,0.432,0.013328025170701304,0.039311334967669365
ASCL5,1.68,0.9,0.501,0.013463561398435953,0.039557510796062165
NUBP1,16.75,13.73,0.269,0.013463561398435953,0.039557510796062165
IFIT1,35.38,32.78,0.107,0.013463561398435953,0.039557510796062165
CIB1,298.98,255.88,0.224,0.013463561398435953,0.039557510796062165
COL5A3,12.3,16.44,-0.391,0.013463561398435953,0.039557510796062165
ZBED4,15.94,19.95,-0.306,0.013463561398435953,0.039557510796062165
CTSF,43.13,31.08,0.46,0.013463561398435953,0.039557510796062165
NSDHL,50.98,68.74,-0.424,0.013463561398435953,0.039557510796062165
METTL4,6.61,8.93,-0.384,0.013463561398435953,0.039557510796062165
NNAT,1.71,3.13,-0.607,0.013463561398435953,0.039557510796062165
PPAT,11.27,14.87,-0.372,0.013463561398435953,0.039557510796062165
TYW3,12.0,16.28,-0.41,0.013463561398435953,0.039557510796062165
AC092835.1,0.64,1.26,-0.467,0.013463561398435953,0.039557510796062165
ADGRE3,1.59,1.0,0.371,0.013463561398435953,0.039557510796062165
C12orf29,7.82,9.56,-0.259,0.013463561398435953,0.039557510796062165
GSDMB,16.01,9.62,0.68,0.013463561398435953,0.039557510796062165
SOWAHB,13.76,9.95,0.43,0.013463561398435953,0.039557510796062165
CHMP2A,189.18,156.9,0.268,0.013463561398435953,0.039557510796062165
NOP10,367.44,475.59,-0.371,0.013463561398435953,0.039557510796062165
SLU7,35.43,29.92,0.237,0.013463561398435953,0.039557510796062165
GLUD2,2.79,2.08,0.298,0.013737668877359457,0.04016866883251005
METTL5,24.55,30.93,-0.321,0.013737668877359457,0.04016866883251005
YWHAQ,345.88,480.75,-0.474,0.013737668877359457,0.04016866883251005
ECHDC3,32.64,23.73,0.444,0.013737668877359457,0.04016866883251005
NOTCH1,20.01,26.72,-0.4,0.013737668877359457,0.04016866883251005
RNF39,15.5,7.86,0.898,0.013737668877359457,0.04016866883251005
MSANTD3,18.98,25.02,-0.381,0.013737668877359457,0.04016866883251005
NAB2,52.31,63.49,-0.275,0.013737668877359457,0.04016866883251005
HSD17B10,186.67,237.79,-0.348,0.013737668877359457,0.04016866883251005
COL27A1,5.91,9.6,-0.618,0.013737668877359457,0.04016866883251005
MMADHC,109.97,140.98,-0.356,0.013737668877359457,0.04016866883251005
BAG4,18.27,27.7,-0.575,0.013737668877359457,0.04016866883251005
IL3RA,24.97,23.7,0.073,0.013737668877359457,0.04016866883251005
SYNJ1,7.58,5.42,0.418,0.013737668877359457,0.04016866883251005
C1orf174,17.26,21.03,-0.271,0.013737668877359457,0.04016866883251005
SLC35B4,7.86,10.06,-0.32,0.01373735840687752,0.04016866883251005
ETFDH,12.37,10.01,0.28,0.013737668877359457,0.04016866883251005
DES,34.03,17.32,0.935,0.013737668877359457,0.04016866883251005
NEGR1,1.74,0.89,0.535,0.013737668877359457,0.04016866883251005
ECEL1,5.01,4.23,0.2,0.013736116556299985,0.04016866883251005
CEP63,6.55,8.04,-0.261,0.013737668877359457,0.04016866883251005
ELK1,36.79,49.64,-0.422,0.013737668877359457,0.04016866883251005
VIPR2,1.01,0.23,0.714,0.013737668877359457,0.04016866883251005
PRR7,5.12,6.95,-0.377,0.013737668877359457,0.04016866883251005
FBXL20,10.69,8.16,0.352,0.013737668877359457,0.04016866883251005
ANKUB1,0.59,1.14,-0.427,0.013865303719386091,0.040534069541780425
TNNT3,1.42,2.97,-0.714,0.014015432879816478,0.04081173267214685
FAM216A,3.89,6.16,-0.549,0.014016693285280211,0.04081173267214685
CLPTM1L,141.75,116.06,0.286,0.014016693285280211,0.04081173267214685
STIL,6.05,7.98,-0.349,0.014016693285280211,0.04081173267214685
IL1RAP,10.04,15.62,-0.59,0.014016693285280211,0.04081173267214685
NEDD1,17.92,47.26,-1.351,0.014016693285280211,0.04081173267214685
CSGALNACT1,10.98,7.53,0.49,0.014016693285280211,0.04081173267214685
TNIP1,95.57,84.6,0.174,0.014016693285280211,0.04081173267214685
FIGNL1,13.31,20.08,-0.559,0.014016693285280211,0.04081173267214685
PM20D2,16.26,22.16,-0.425,0.014016693285280211,0.04081173267214685
RXYLT1,4.02,4.78,-0.205,0.014016693285280211,0.04081173267214685
ADAM12,10.73,14.92,-0.44,0.014016693285280211,0.04081173267214685
FN1,1087.53,396.9,1.452,0.014016693285280211,0.04081173267214685
CACYBP,49.57,68.34,-0.455,0.014016693285280211,0.04081173267214685
DPM3,138.79,115.69,0.261,0.014016693285280211,0.04081173267214685
SMG7,42.61,56.95,-0.41,0.014016693285280211,0.04081173267214685
LUZP1,12.74,16.04,-0.311,0.014016693285280211,0.04081173267214685
RNASE6,59.39,51.74,0.196,0.014016693285280211,0.04081173267214685
DDIT4,98.66,149.09,-0.591,0.014016693285280211,0.04081173267214685
MRPL34,64.55,81.59,-0.334,0.014016693285280211,0.04081173267214685
MLX,50.22,41.9,0.256,0.014016693285280211,0.04081173267214685
RGS7BP,1.26,0.54,0.554,0.014157437366466694,0.04121363209594337
TRIML2,0.35,1.31,-0.77,0.014183297910856148,0.04128100481985392
MT4,0.0,1.54,-1.341,0.014232632617441843,0.04141666105282397
ZFP36L1,360.96,254.95,0.5,0.01430070803527932,0.04144014060270813
ADO,21.24,28.46,-0.405,0.01430070803527932,0.04144014060270813
HTR1D,4.35,1.27,1.238,0.01430070803527932,0.04144014060270813
SPATA5,3.24,4.32,-0.326,0.01430070803527932,0.04144014060270813
GAS8,8.02,6.21,0.324,0.01430070803527932,0.04144014060270813
ABCC9,4.06,3.08,0.313,0.01430070803527932,0.04144014060270813
L1CAM,3.17,4.49,-0.396,0.014300388243788358,0.04144014060270813
XPNPEP3,7.43,9.36,-0.298,0.01430070803527932,0.04144014060270813
S100A9,1346.09,4570.69,-1.763,0.01430070803527932,0.04144014060270813
LY6E,661.03,399.94,0.724,0.01430070803527932,0.04144014060270813
GSDME,8.72,10.43,-0.235,0.01430070803527932,0.04144014060270813
COX7B,80.85,109.49,-0.433,0.01430070803527932,0.04144014060270813
GPBP1L1,62.73,52.48,0.253,0.01430070803527932,0.04144014060270813
AHCYL1,112.83,90.53,0.315,0.01430070803527932,0.04144014060270813
SERINC1,240.92,180.14,0.417,0.01430070803527932,0.04144014060270813
HAUS5,14.64,20.17,-0.436,0.01430070803527932,0.04144014060270813
CD1B,2.8,1.09,0.86,0.01430070803527932,0.04144014060270813
TAMM41,3.44,4.15,-0.212,0.01430070803527932,0.04144014060270813
PTPN1,73.71,89.9,-0.283,0.01430070803527932,0.04144014060270813
ESRP2,46.13,34.46,0.41,0.01430070803527932,0.04144014060270813
AMMECR1,11.15,13.92,-0.297,0.01430070803527932,0.04144014060270813
USP43,8.15,5.06,0.594,0.01430070803527932,0.04144014060270813
DMBX1,1.48,0.72,0.532,0.014518467688157375,0.04206313493252765
INVS,5.67,7.48,-0.346,0.014589787329186803,0.04215721546069515
HELB,1.59,2.36,-0.376,0.014589787329186803,0.04215721546069515
LAG3,6.52,10.91,-0.663,0.014589787329186803,0.04215721546069515
DNM2,43.78,35.77,0.284,0.014589787329186803,0.04215721546069515
TRIB2,34.6,53.91,-0.625,0.014589787329186803,0.04215721546069515
ARID2,8.28,11.19,-0.394,0.014589787329186803,0.04215721546069515
RDM1,1.31,1.82,-0.292,0.014589787329186803,0.04215721546069515
CDR2,32.69,23.62,0.452,0.014589787329186803,0.04215721546069515
WSB2,58.51,69.41,-0.243,0.014589787329186803,0.04215721546069515
PDE9A,12.11,8.95,0.398,0.014589787329186803,0.04215721546069515
HIF1A,129.99,178.95,-0.458,0.014589787329186803,0.04215721546069515
GRAP,1.1,0.87,0.168,0.014589787329186803,0.04215721546069515
DLG5,15.75,20.88,-0.386,0.014589787329186803,0.04215721546069515
TAL1,3.08,2.0,0.444,0.014589787329186803,0.04215721546069515
LMX1B,0.56,1.29,-0.557,0.014734615049539225,0.04256328386738093
EBF3,0.29,1.07,-0.688,0.01473592267112642,0.04256328386738093
CFLAR,23.41,17.2,0.423,0.014884006159975332,0.04279574291985337
BIRC3,44.46,35.64,0.311,0.014884006159975332,0.04279574291985337
RB1CC1,29.78,37.06,-0.306,0.014884006159975332,0.04279574291985337
SLC30A7,20.39,16.94,0.254,0.014884006159975332,0.04279574291985337
MET,190.4,67.74,1.477,0.014884006159975332,0.04279574291985337
HCFC1R1,109.26,83.89,0.377,0.014884006159975332,0.04279574291985337
DDX19B,11.07,9.98,0.136,0.014884006159975332,0.04279574291985337
NKAP,7.56,6.72,0.149,0.014884006159975332,0.04279574291985337
SLC25A36,21.86,30.94,-0.483,0.014884006159975332,0.04279574291985337
RAB25,266.12,189.03,0.491,0.014884006159975332,0.04279574291985337
PSMD8,154.59,229.12,-0.565,0.014884006159975332,0.04279574291985337
MAMSTR,3.26,4.58,-0.388,0.014884006159975332,0.04279574291985337
NSF,39.63,32.76,0.267,0.014884006159975332,0.04279574291985337
CABYR,6.04,12.89,-0.98,0.014884006159975332,0.04279574291985337
CCS,52.78,45.25,0.218,0.014884006159975332,0.04279574291985337
TMEM200B,6.91,4.52,0.52,0.014884006159975332,0.04279574291985337
TAB1,23.69,27.49,-0.207,0.014884006159975332,0.04279574291985337
TRPM8,1.63,0.28,1.042,0.014882688929726617,0.04279574291985337
BCL2L12,27.09,35.72,-0.387,0.014884006159975332,0.04279574291985337
OSTF1,118.15,154.83,-0.387,0.014884006159975332,0.04279574291985337
PIPOX,2.66,4.95,-0.7,0.014884006159975332,0.04279574291985337
SIPA1L2,21.36,29.37,-0.441,0.014884006159975332,0.04279574291985337
SLC7A11,9.7,30.11,-1.54,0.014884006159975332,0.04279574291985337
PPP1CC,63.56,76.7,-0.267,0.014884006159975332,0.04279574291985337
CTNND1,7.5,6.12,0.256,0.015032734830010075,0.04319885384383262
BCKDK,56.56,48.05,0.231,0.015032734830010075,0.04319885384383262
ADH1B,33.87,13.01,1.316,0.015032734830010075,0.04319885384383262
RIPK1,16.84,14.57,0.196,0.015183440314030511,0.04343475968575891
NUDT13,3.5,2.83,0.234,0.015183440314030511,0.04343475968575891
HTR3A,3.88,2.37,0.532,0.015183440314030511,0.04343475968575891
DPM2,87.24,67.86,0.358,0.015183440314030511,0.04343475968575891
ABHD18,5.9,4.96,0.213,0.015183440314030511,0.04343475968575891
LIMS2,12.56,8.49,0.515,0.015183440314030511,0.04343475968575891
RIBC1,4.23,3.45,0.234,0.015183440314030511,0.04343475968575891
ISM1,10.4,6.24,0.654,0.015183440314030511,0.04343475968575891
SOX18,16.8,11.46,0.514,0.015183440314030511,0.04343475968575891
SLC6A12,2.01,1.54,0.242,0.015183440314030511,0.04343475968575891
POM121C,15.95,21.91,-0.435,0.015183440314030511,0.04343475968575891
ZNF133,8.42,10.52,-0.29,0.015183440314030511,0.04343475968575891
PHLPP1,8.18,11.54,-0.45,0.015183440314030511,0.04343475968575891
HSD17B4,36.09,28.13,0.348,0.015183440314030511,0.04343475968575891
RIMS4,0.76,2.19,-0.856,0.015179430747676014,0.04343475968575891
CHMP7,35.37,28.94,0.281,0.015183440314030511,0.04343475968575891
IDH2,144.83,181.27,-0.322,0.015183440314030511,0.04343475968575891
SYNRG,14.71,11.57,0.322,0.015183440314030511,0.04343475968575891
HOXB6,5.14,1.67,1.201,0.015183440314030511,0.04343475968575891
RNF13,66.43,83.51,-0.326,0.015183440314030511,0.04343475968575891
EXOC3L1,6.64,5.31,0.275,0.015183440314030511,0.04343475968575891
SPOCK3,1.79,4.96,-1.097,0.015183106166009236,0.04343475968575891
CUTA,194.69,158.01,0.299,0.015183440314030511,0.04343475968575891
PCGF2,22.34,17.67,0.322,0.015183440314030511,0.04343475968575891
ABCA8,4.23,2.77,0.475,0.015334463871691248,0.043858529669165126
GART,28.49,39.95,-0.474,0.015488166373294508,0.04411543151658483
MRPL18,110.96,140.62,-0.339,0.015488166373294508,0.04411543151658483
TMEM178B,1.4,3.52,-0.912,0.01548681025608037,0.04411543151658483
SYAP1,45.75,37.94,0.264,0.015488166373294508,0.04411543151658483
RASGRP4,3.01,2.52,0.187,0.015488166373294508,0.04411543151658483
ADCY8,1.03,6.17,-1.819,0.01547346099547199,0.04411543151658483
BNIP1,15.06,12.99,0.199,0.015488166373294508,0.04411543151658483
CDR2L,44.44,28.79,0.609,0.015488166373294508,0.04411543151658483
ARL3,25.14,22.84,0.133,0.015488166373294508,0.04411543151658483
PBDC1,71.04,59.56,0.25,0.015488166373294508,0.04411543151658483
PRKAB2,15.54,20.12,-0.352,0.015488166373294508,0.04411543151658483
SPACA9,12.46,11.33,0.126,0.015488166373294508,0.04411543151658483
STK38L,21.54,28.92,-0.408,0.015488166373294508,0.04411543151658483
CPOX,21.66,29.17,-0.413,0.015488166373294508,0.04411543151658483
TIMP3,475.33,295.5,0.684,0.015488166373294508,0.04411543151658483
ELMOD2,16.82,14.44,0.207,0.015488166373294508,0.04411543151658483
TNFRSF10D,11.57,10.95,0.072,0.015488166373294508,0.04411543151658483
SLC25A30,7.67,5.95,0.318,0.015488166373294508,0.04411543151658483
HSPBP1,64.29,81.4,-0.336,0.015488166373294508,0.04411543151658483
SIDT1,5.73,3.28,0.651,0.015488166373294508,0.04411543151658483
TCF3,45.25,61.06,-0.424,0.015488166373294508,0.04411543151658483
CHP1,137.17,102.3,0.42,0.015488166373294508,0.04411543151658483
SAGE1,0.39,3.49,-1.69,0.015602269984468455,0.04443210644311701
DRC7,1.34,1.65,-0.177,0.015638781736347775,0.04452773817847297
C4A,8.59,5.14,0.644,0.015798261717280885,0.04479712397735134
MIA3,27.79,21.8,0.337,0.015798261717280885,0.04479712397735134
JAKMIP2,1.01,4.22,-1.373,0.015798261717280885,0.04479712397735134
IFT46,20.83,24.97,-0.251,0.015798261717280885,0.04479712397735134
OSBPL5,15.33,11.28,0.411,0.015798261717280885,0.04479712397735134
SENP3,8.58,10.82,-0.304,0.015798261717280885,0.04479712397735134
SPINDOC,34.03,44.86,-0.389,0.015798261717280885,0.04479712397735134
OTUB1,57.71,66.85,-0.209,0.015798261717280885,0.04479712397735134
GTPBP4,30.67,34.54,-0.166,0.015798261717280885,0.04479712397735134
CDC42EP3,26.62,21.69,0.284,0.015798261717280885,0.04479712397735134
CYBA,166.25,132.86,0.321,0.015798261717280885,0.04479712397735134
SIDT2,23.58,20.47,0.195,0.015798261717280885,0.04479712397735134
MT-ATP8,2313.37,1837.78,0.332,0.015798261717280885,0.04479712397735134
RNF181,216.48,180.6,0.26,0.015798261717280885,0.04479712397735134
FAM149B1,8.19,7.14,0.175,0.015798261717280885,0.04479712397735134
MED8,48.48,38.78,0.315,0.015798261717280885,0.04479712397735134
MAP4K4,33.44,40.12,-0.256,0.015798261717280885,0.04479712397735134
MFAP1,48.84,60.18,-0.296,0.015798261717280885,0.04479712397735134
POP7,97.26,125.04,-0.359,0.015798261717280885,0.04479712397735134
KCNK3,10.72,6.6,0.624,0.015798261717280885,0.04479712397735134
WNT3,9.3,5.62,0.638,0.015798261717280885,0.04479712397735134
CAMLG,16.78,14.44,0.204,0.015798261717280885,0.04479712397735134
CCL23,8.76,4.73,0.767,0.01595500081282551,0.045233126954517255
NETO2,10.88,15.91,-0.51,0.016113804524957448,0.045564308979653544
VASP,129.1,105.81,0.285,0.016113804524957448,0.045564308979653544
FILIP1L,38.07,20.85,0.839,0.016113804524957448,0.045564308979653544
GPN1,35.88,46.65,-0.37,0.016113804524957448,0.045564308979653544
GDF10,7.47,5.07,0.481,0.016113804524957448,0.045564308979653544
HLA-DQA1,142.51,97.28,0.546,0.016113804524957448,0.045564308979653544
OAT,121.77,96.44,0.333,0.016113804524957448,0.045564308979653544
HERC6,17.25,13.37,0.345,0.016113804524957448,0.045564308979653544
GPATCH2,6.71,8.51,-0.303,0.016113804524957448,0.045564308979653544
NRBF2,40.35,68.81,-0.756,0.016113804524957448,0.045564308979653544
COIL,26.63,33.29,-0.311,0.016113804524957448,0.045564308979653544
SLC26A1,3.27,2.09,0.468,0.016113804524957448,0.045564308979653544
PCDHGC3,9.35,13.46,-0.482,0.016113455567188243,0.045564308979653544
GRN,706.05,609.77,0.211,0.016113804524957448,0.045564308979653544
ASPA,1.15,0.61,0.413,0.016434873776494,0.0463170167475929
RAB21,14.5,18.0,-0.294,0.016434873776494,0.0463170167475929
KPTN,7.0,9.76,-0.427,0.016434873776494,0.0463170167475929
CAMSAP2,24.82,31.17,-0.317,0.016434873776494,0.0463170167475929
TNFAIP3,42.16,67.84,-0.674,0.016434873776494,0.0463170167475929
CPSF3,42.67,53.26,-0.313,0.016434873776494,0.0463170167475929
CHADL,4.99,3.33,0.468,0.016434873776494,0.0463170167475929
CACNG4,23.38,9.78,1.178,0.016434873776494,0.0463170167475929
IARS1,53.18,69.36,-0.377,0.016434873776494,0.0463170167475929
SYNPO,48.67,37.52,0.367,0.016434873776494,0.0463170167475929
YWHAH,217.87,189.45,0.201,0.016434873776494,0.0463170167475929
BBS9,6.45,5.42,0.215,0.016434873776494,0.0463170167475929
ZNF404,3.41,2.63,0.283,0.016434873776494,0.0463170167475929
LRR1,10.24,14.11,-0.427,0.016434873776494,0.0463170167475929
VAPB,19.65,24.13,-0.283,0.016434873776494,0.0463170167475929
C2orf92,1.79,1.15,0.378,0.016434165788498017,0.0463170167475929
TMEM52B,1.85,1.63,0.114,0.016434873776494,0.0463170167475929
KDM1B,17.69,23.87,-0.413,0.016434873776494,0.0463170167475929
VWA5B2,0.37,1.41,-0.819,0.01659714918593352,0.046765669061922845
GSC,0.89,1.86,-0.598,0.01668262817415679,0.0469978063879036
KATNB1,18.8,23.56,-0.311,0.016761549254873085,0.04701093184960066
ERVH48-1,19.18,1.92,2.791,0.016731038567529923,0.04701093184960066
ECHDC2,18.78,13.95,0.404,0.016761549254873085,0.04701093184960066
RHBDL3,0.78,3.26,-1.262,0.016761549254873085,0.04701093184960066
RAD51C,7.78,9.8,-0.299,0.016761549254873085,0.04701093184960066
GANC,6.85,5.26,0.327,0.016761549254873085,0.04701093184960066
CAMK2G,24.7,20.23,0.275,0.016761549254873085,0.04701093184960066
VWA3A,2.99,2.72,0.101,0.01675975386589257,0.04701093184960066
TNFSF18,1.36,3.07,-0.784,0.016761549254873085,0.04701093184960066
POLK,6.63,5.12,0.317,0.016761549254873085,0.04701093184960066
TMIGD3,3.51,2.39,0.414,0.016761549254873085,0.04701093184960066
DNMBP,15.34,11.09,0.434,0.016761549254873085,0.04701093184960066
ZNF584,8.04,10.32,-0.324,0.016761549254873085,0.04701093184960066
OSBPL7,11.17,7.08,0.591,0.016761549254873085,0.04701093184960066
UBE2Z,82.39,96.45,-0.225,0.016761549254873085,0.04701093184960066
ZNF273,3.05,4.07,-0.321,0.016761549254873085,0.04701093184960066
CD93,59.91,45.19,0.399,0.016761549254873085,0.04701093184960066
BCL6B,14.12,10.38,0.41,0.016761549254873085,0.04701093184960066
E2F6,11.23,14.71,-0.361,0.016761549254873085,0.04701093184960066
SF3A2,64.2,82.87,-0.363,0.016761549254873085,0.04701093184960066
RHOJ,11.97,8.86,0.395,0.016761549254873085,0.04701093184960066
IFIT2,25.05,23.41,0.094,0.016761549254873085,0.04701093184960066
DNAJA4,17.34,23.39,-0.411,0.016761549254873085,0.04701093184960066
FCN1,5.49,4.15,0.334,0.016761549254873085,0.04701093184960066
CCDC85A,1.22,0.88,0.235,0.01692665283359235,0.04745647471872459
INA,3.3,5.48,-0.591,0.01692665283359235,0.04745647471872459
KCNJ14,1.1,1.66,-0.339,0.017093911547359654,0.047722858900962
RAP1B,10.93,16.99,-0.592,0.017093911547359654,0.047722858900962
LLGL1,18.0,24.17,-0.405,0.017093911547359654,0.047722858900962
WDR3,12.8,18.23,-0.479,0.017093911547359654,0.047722858900962
EPB41L2,16.58,21.05,-0.326,0.017093911547359654,0.047722858900962
ZNF317,18.45,22.61,-0.28,0.017093911547359654,0.047722858900962
SOX17,4.86,3.87,0.269,0.017093911547359654,0.047722858900962
GIMAP1,5.28,3.57,0.46,0.017093911547359654,0.047722858900962
NDUFA13,1.44,1.85,-0.227,0.017093911547359654,0.047722858900962
COX4I2,37.91,20.36,0.865,0.017093911547359654,0.047722858900962
C2orf50,1.15,0.94,0.152,0.017093911547359654,0.047722858900962
HDLBP,197.2,167.94,0.23,0.017093911547359654,0.047722858900962
SOS2,20.9,16.56,0.318,0.017093911547359654,0.047722858900962
RAB40A,1.16,0.76,0.295,0.017093547323649004,0.047722858900962
DNAH12,1.21,1.29,-0.047,0.017093911547359654,0.047722858900962
ZNF585B,5.11,4.06,0.272,0.017093911547359654,0.047722858900962
SELE,2.82,7.13,-1.088,0.017093911547359654,0.047722858900962
MRPL43,43.29,36.68,0.233,0.017093911547359654,0.047722858900962
THEM6,50.8,33.96,0.567,0.017093911547359654,0.047722858900962
LSM2,120.5,155.17,-0.362,0.017093911547359654,0.047722858900962
SRMS,4.89,2.38,0.8,0.017093911547359654,0.047722858900962
IL24,0.53,3.42,-1.533,0.0170902694550216,0.047722858900962
CNNM3,23.13,18.54,0.304,0.017093911547359654,0.047722858900962
SIRT5,9.67,10.93,-0.162,0.017261883840108228,0.04817410014378477
SYT12,8.0,2.82,1.238,0.017261883840108228,0.04817410014378477
CASP8,18.42,15.09,0.272,0.01743204204682791,0.04842658892255557
SLC39A6,71.71,94.06,-0.387,0.01743204204682791,0.04842658892255557
PPP1R3G,2.17,3.6,-0.536,0.01743204204682791,0.04842658892255557
LMOD1,16.02,10.96,0.509,0.01743204204682791,0.04842658892255557
MDN1,7.54,10.66,-0.449,0.01743204204682791,0.04842658892255557
HOXC6,3.45,5.46,-0.538,0.01743204204682791,0.04842658892255557
SCNN1D,4.36,2.24,0.728,0.01743204204682791,0.04842658892255557
SMPD3,4.09,2.98,0.356,0.01743204204682791,0.04842658892255557
RNF2,21.79,27.65,-0.33,0.01743204204682791,0.04842658892255557
RBM7,11.55,9.65,0.237,0.01743204204682791,0.04842658892255557
TKFC,16.82,19.95,-0.234,0.01743204204682791,0.04842658892255557
THADA,9.29,11.16,-0.242,0.01743204204682791,0.04842658892255557
CCDC59,21.98,27.86,-0.328,0.01743204204682791,0.04842658892255557
SPSB4,0.53,7.3,-2.436,0.01743204204682791,0.04842658892255557
PITPNC1,16.32,11.08,0.52,0.01743204204682791,0.04842658892255557
PHC3,11.63,16.18,-0.444,0.01743204204682791,0.04842658892255557
IFNLR1,6.22,8.3,-0.364,0.01743204204682791,0.04842658892255557
CDCA7,20.42,27.44,-0.409,0.01743204204682791,0.04842658892255557
UBA7,42.94,32.07,0.41,0.01743204204682791,0.04842658892255557
UBE2B,69.54,59.61,0.219,0.01743204204682791,0.04842658892255557
ZC3HAV1L,10.21,16.23,-0.62,0.01743204204682791,0.04842658892255557
UBE2L3,81.76,96.74,-0.24,0.01743204204682791,0.04842658892255557
ABHD17B,16.39,21.64,-0.38,0.01743204204682791,0.04842658892255557
PDE4D,10.85,6.05,0.75,0.01743204204682791,0.04842658892255557
SPATS2L,34.53,24.79,0.462,0.01743204204682791,0.04842658892255557
MAGEA12,10.65,19.22,-0.796,0.017548304431159522,0.048740656165010346
RANBP17,2.22,1.91,0.146,0.01760292400154208,0.04888342612967078
MAB21L4,24.79,14.51,0.733,0.017776022952942,0.049184322841749735
HRCT1,8.2,7.22,0.162,0.017776022952942,0.049184322841749735
EID3,6.71,7.62,-0.161,0.017776022952942,0.049184322841749735
TST,93.26,71.73,0.374,0.017776022952942,0.049184322841749735
SEC22A,10.2,12.38,-0.258,0.017776022952942,0.049184322841749735
TTC7A,35.51,30.19,0.227,0.017776022952942,0.049184322841749735
ARCN1,187.72,152.33,0.3,0.017776022952942,0.049184322841749735
NADK2,14.58,18.05,-0.29,0.017776022952942,0.049184322841749735
PDCD11,22.67,28.95,-0.339,0.017776022952942,0.049184322841749735
APOBEC3G,10.38,16.12,-0.589,0.017776022952942,0.049184322841749735
SGO2,5.54,7.47,-0.373,0.017776022952942,0.049184322841749735
DNM1,4.17,7.1,-0.649,0.017776022952942,0.049184322841749735
PLAUR,66.75,53.09,0.325,0.017776022952942,0.049184322841749735
FAM83A,65.53,42.14,0.625,0.017776022952942,0.049184322841749735
OAS1,49.61,38.62,0.353,0.017776022952942,0.049184322841749735
SMAD1,15.81,16.67,-0.072,0.017776022952942,0.049184322841749735
LPGAT1,35.83,28.18,0.336,0.017776022952942,0.049184322841749735
XK,4.85,2.83,0.611,0.017776022952942,0.049184322841749735
USP11,52.05,69.28,-0.406,0.017776022952942,0.049184322841749735
SDCBP,161.66,129.22,0.321,0.017776022952942,0.049184322841749735
GPR20,1.18,0.67,0.381,0.017949478629053897,0.04964721664156934
GPR155,3.78,5.82,-0.514,0.017949855921288775,0.04964721664156934
JMJD1C,17.87,17.82,0.004,0.018125937273187412,0.04997048902042031
HAUS6,7.97,10.65,-0.378,0.018125937273187412,0.04997048902042031
GLB1L,9.86,8.81,0.146,0.018125937273187412,0.04997048902042031
L2HGDH,4.5,6.1,-0.369,0.018125937273187412,0.04997048902042031
TCTN3,57.8,47.99,0.263,0.018125937273187412,0.04997048902042031
PSMG1,34.56,46.22,-0.409,0.018125937273187412,0.04997048902042031
C8orf48,2.39,2.0,0.177,0.018125937273187412,0.04997048902042031
DENND6B,8.02,6.1,0.345,0.018125937273187412,0.04997048902042031
LRRC36,6.75,3.04,0.938,0.018125937273187412,0.04997048902042031
PLSCR4,22.52,15.9,0.477,0.018125937273187412,0.04997048902042031
METTL18,16.24,13.64,0.236,0.018125937273187412,0.04997048902042031
MANBAL,89.4,106.4,-0.249,0.018125937273187412,0.04997048902042031
FCGR2A,37.14,31.69,0.222,0.018125937273187412,0.04997048902042031
TMEM187,26.52,21.52,0.289,0.018125937273187412,0.04997048902042031
CCDC150,0.73,1.2,-0.345,0.018125937273187412,0.04997048902042031
DENND3,12.99,9.84,0.368,0.018125937273187412,0.04997048902042031
PLCB2,15.24,10.34,0.518,0.018125937273187412,0.04997048902042031
WIPF2,36.97,28.3,0.374,0.018125937273187412,0.04997048902042031
PEX26,8.27,9.98,-0.244,0.018481868823750882,0.050776678668941616
C9orf116,10.59,9.14,0.194,0.018481868823750882,0.050776678668941616
NANP,8.58,10.64,-0.282,0.018481868823750882,0.050776678668941616
ACTR10,46.83,41.21,0.18,0.018481868823750882,0.050776678668941616
PPDPF,720.8,596.41,0.273,0.018481868823750882,0.050776678668941616
MSX1,2.75,5.16,-0.716,0.018481868823750882,0.050776678668941616
NAPG,26.03,20.46,0.333,0.018481868823750882,0.050776678668941616
GLT8D1,41.05,35.51,0.204,0.018481868823750882,0.050776678668941616
BAD,23.96,19.46,0.287,0.018481868823750882,0.050776678668941616
COG3,16.69,14.32,0.207,0.018481868823750882,0.050776678668941616
FAM118B,22.78,18.23,0.307,0.018481868823750882,0.050776678668941616
DPP9,35.33,26.69,0.392,0.018481868823750882,0.050776678668941616
CPSF7,46.71,56.15,-0.261,0.018481868823750882,0.050776678668941616
TEX30,5.08,6.71,-0.344,0.018481868823750882,0.050776678668941616
DNAJB12,35.78,30.98,0.202,0.018481868823750882,0.050776678668941616
DDX18,38.81,50.01,-0.358,0.018481868823750882,0.050776678668941616
CCDC181,1.93,1.61,0.164,0.018481868823750882,0.050776678668941616
RB1,23.93,33.13,-0.453,0.018481868823750882,0.050776678668941616
S100A16,446.5,617.64,-0.467,0.018481868823750882,0.050776678668941616
ALOXE3,0.91,2.79,-0.992,0.018660953535812153,0.05125942272095354
SEC14L3,1.4,0.68,0.517,0.01866647426846291,0.05126531879261696
NUP62,38.31,49.15,-0.351,0.018843902230245634,0.05152905086107306
RUNX1T1,1.42,1.17,0.159,0.018843902230245634,0.05152905086107306
ARHGEF28,4.77,6.65,-0.407,0.018843902230245634,0.05152905086107306
AIF1L,17.37,12.22,0.475,0.018843902230245634,0.05152905086107306
CMTM1,2.53,1.7,0.384,0.01884351154374769,0.05152905086107306
RNF180,4.67,2.34,0.763,0.018843902230245634,0.05152905086107306
HOMER3,11.8,15.53,-0.369,0.018843902230245634,0.05152905086107306
TMEM106B,30.68,22.95,0.404,0.018843902230245634,0.05152905086107306
H1-4,1.64,21.75,-3.109,0.018842339503642423,0.05152905086107306
AK2,51.21,43.65,0.226,0.018843902230245634,0.05152905086107306
PDPR,9.52,13.47,-0.46,0.018843902230245634,0.05152905086107306
SNAPC5,26.8,31.39,-0.22,0.018843902230245634,0.05152905086107306
AADAC,21.49,27.78,-0.356,0.01884351154374769,0.05152905086107306
SOWAHD,3.45,2.41,0.383,0.018843902230245634,0.05152905086107306
MTUS1,42.14,26.51,0.649,0.018843902230245634,0.05152905086107306
GSS,30.72,38.66,-0.322,0.018843902230245634,0.05152905086107306
SH2D3C,19.01,15.0,0.322,0.018843902230245634,0.05152905086107306
AMD1,29.32,34.07,-0.21,0.018843902230245634,0.05152905086107306
LHPP,22.89,16.39,0.458,0.018843902230245634,0.05152905086107306
NOVA2,2.16,1.86,0.148,0.018843902230245634,0.05152905086107306
ADORA1,8.87,3.48,1.139,0.018843902230245634,0.05152905086107306
CAPZA2,73.47,53.67,0.446,0.018843902230245634,0.05152905086107306
RSL24D1,42.13,54.15,-0.355,0.018843902230245634,0.05152905086107306
GAREM2,6.49,9.69,-0.512,0.018843902230245634,0.05152905086107306
MAEL,13.91,1.08,2.84,0.019013466612194888,0.05198337200631221
FAM110D,3.57,1.96,0.624,0.0192121229282787,0.05239450433483006
HDAC3,30.67,36.23,-0.233,0.0192121229282787,0.05239450433483006
RRAGB,14.11,19.17,-0.416,0.0192121229282787,0.05239450433483006
SIK1,5.19,2.5,0.821,0.0192121229282787,0.05239450433483006
MFSD1,52.62,63.66,-0.27,0.0192121229282787,0.05239450433483006
MEIS1,6.31,6.91,-0.114,0.0192121229282787,0.05239450433483006
FBLN1,96.07,134.72,-0.484,0.0192121229282787,0.05239450433483006
SNRPE,73.21,96.03,-0.387,0.0192121229282787,0.05239450433483006
CMC2,2.97,4.07,-0.353,0.0192121229282787,0.05239450433483006
ATG4C,14.6,12.5,0.208,0.0192121229282787,0.05239450433483006
NUMA1,42.75,34.42,0.305,0.0192121229282787,0.05239450433483006
DAXX,59.54,72.54,-0.281,0.0192121229282787,0.05239450433483006
LRPPRC,47.84,60.17,-0.325,0.0192121229282787,0.05239450433483006
AK9,2.16,1.88,0.134,0.0192121229282787,0.05239450433483006
LHX8,0.33,1.93,-1.138,0.01936175330524482,0.05279309367670219
BRINP1,8.05,1.5,1.856,0.019394591831206558,0.05287314439108581
PRRC2B,36.51,49.62,-0.433,0.019586617163858427,0.05319618780309279
TULP4,9.58,11.85,-0.281,0.019586617163858427,0.05319618780309279
ADGRL4,11.85,8.49,0.438,0.019586617163858427,0.05319618780309279
CLEC3B,45.31,19.22,1.196,0.019586617163858427,0.05319618780309279
YWHAE,388.11,492.57,-0.343,0.019586617163858427,0.05319618780309279
MED21,28.06,34.76,-0.299,0.019586617163858427,0.05319618780309279
MEOX2,6.96,5.61,0.269,0.019586617163858427,0.05319618780309279
DELE1,28.72,24.2,0.238,0.019586617163858427,0.05319618780309279
GSTM2,2.12,5.91,-1.148,0.019586617163858427,0.05319618780309279
PFKM,22.6,26.25,-0.207,0.019586617163858427,0.05319618780309279
TP53INP1,48.23,35.78,0.421,0.019586617163858427,0.05319618780309279
COQ10B,47.99,42.95,0.157,0.019586617163858427,0.05319618780309279
ATP6V0A4,8.59,2.03,1.663,0.019586617163858427,0.05319618780309279
KLHL31,0.75,1.22,-0.342,0.019586617163858427,0.05319618780309279
ELP5,29.24,36.93,-0.327,0.019586617163858427,0.05319618780309279
GANAB,300.25,361.79,-0.268,0.019586617163858427,0.05319618780309279
SFRP1,5.87,30.41,-2.192,0.019586617163858427,0.05319618780309279
RIOX2,9.89,12.42,-0.301,0.019586617163858427,0.05319618780309279
CORIN,1.63,0.8,0.545,0.019586215534282397,0.05319618780309279
ANKRD54,16.98,19.68,-0.202,0.019586617163858427,0.05319618780309279
SLC12A8,15.47,22.05,-0.485,0.019586617163858427,0.05319618780309279
CRYGS,2.47,4.19,-0.58,0.01996747199363824,0.05403737121470357
STX1A,13.86,7.46,0.813,0.01996747199363824,0.05403737121470357
KDM1A,51.49,61.01,-0.24,0.01996747199363824,0.05403737121470357
SMARCD2,110.51,129.28,-0.224,0.01996747199363824,0.05403737121470357
CLCN4,5.71,4.18,0.374,0.01996747199363824,0.05403737121470357
UTRN,27.25,20.46,0.396,0.01996747199363824,0.05403737121470357
KIAA1109,10.29,7.98,0.33,0.01996747199363824,0.05403737121470357
CADM4,34.47,53.23,-0.613,0.01996747199363824,0.05403737121470357
RNF185,30.25,35.56,-0.226,0.01996747199363824,0.05403737121470357
STPG1,5.31,7.0,-0.343,0.01996747199363824,0.05403737121470357
ATXN7L2,3.44,4.68,-0.353,0.01996747199363824,0.05403737121470357
VAMP3,151.06,126.0,0.26,0.01996747199363824,0.05403737121470357
MRPS6,27.09,19.0,0.49,0.01996747199363824,0.05403737121470357
CD59,109.49,84.75,0.366,0.01996747199363824,0.05403737121470357
LIG4,11.71,9.9,0.222,0.01996747199363824,0.05403737121470357
RNF213,42.17,29.17,0.517,0.01996747199363824,0.05403737121470357
ABCD4,13.27,11.64,0.175,0.01996747199363824,0.05403737121470357
TMEM273,11.29,7.3,0.566,0.01996747199363824,0.05403737121470357
DSE,4.99,7.87,-0.566,0.01996747199363824,0.05403737121470357
INPP5K,31.07,26.08,0.244,0.01996747199363824,0.05403737121470357
PSORS1C2,0.6,1.97,-0.893,0.02026404217114207,0.0548302035095568
METAP2,65.39,75.66,-0.208,0.02035477528499455,0.054880230861565606
PLAC1,1.28,3.37,-0.941,0.020346520350613576,0.054880230861565606
PHEX,1.62,2.76,-0.521,0.02035477528499455,0.054880230861565606
CDV3,121.25,152.44,-0.328,0.02035477528499455,0.054880230861565606
ZNF469,2.59,3.36,-0.28,0.02035477528499455,0.054880230861565606
IER2,73.44,59.13,0.308,0.02035477528499455,0.054880230861565606
CRYZL1,10.05,7.98,0.3,0.02035477528499455,0.054880230861565606
WNT6,0.51,2.15,-1.06,0.020353124194707892,0.054880230861565606
PSEN1,32.54,27.14,0.254,0.02035477528499455,0.054880230861565606
C15orf65,6.17,4.82,0.3,0.02035477528499455,0.054880230861565606
TOMM70,54.12,66.07,-0.283,0.02035477528499455,0.054880230861565606
ZNF577,2.8,1.91,0.387,0.02035477528499455,0.054880230861565606
DUOXA1,14.53,17.97,-0.288,0.02035477528499455,0.054880230861565606
TERF1,5.01,6.09,-0.24,0.02035477528499455,0.054880230861565606
ASAP3,23.17,16.85,0.437,0.02035477528499455,0.054880230861565606
MEGF6,23.06,15.1,0.58,0.02035477528499455,0.054880230861565606
PTGES3,288.21,350.52,-0.281,0.02035477528499455,0.054880230861565606
SAMD10,16.35,12.12,0.403,0.02035477528499455,0.054880230861565606
HSP90AA1,667.9,841.04,-0.332,0.02035477528499455,0.054880230861565606
GNL3L,10.2,13.08,-0.33,0.02035477528499455,0.054880230861565606
CCDC136,1.05,1.52,-0.303,0.02055045718761521,0.055388166764491376
MUC16,5.03,1.69,1.167,0.02055045718761521,0.055388166764491376
ST14,264.84,189.4,0.482,0.020748615715935937,0.05579357850835658
POLR2J3,2.09,2.76,-0.282,0.020748615715935937,0.05579357850835658
ZNF207,27.44,32.81,-0.25,0.020748615715935937,0.05579357850835658
MGMT,14.26,11.6,0.275,0.020748615715935937,0.05579357850835658
DPEP2,5.37,3.89,0.382,0.020748615715935937,0.05579357850835658
MTMR6,24.95,20.33,0.283,0.020748615715935937,0.05579357850835658
KDM5A,19.09,21.96,-0.193,0.020748615715935937,0.05579357850835658
CARD9,3.33,2.29,0.397,0.020748615715935937,0.05579357850835658
CHAF1B,8.62,12.23,-0.459,0.020748615715935937,0.05579357850835658
G6PD,122.29,182.99,-0.578,0.020748615715935937,0.05579357850835658
PPP1R3C,14.98,10.23,0.509,0.020748615715935937,0.05579357850835658
PTH1R,5.44,3.07,0.66,0.020748615715935937,0.05579357850835658
PHOSPHO2,4.32,3.79,0.149,0.020748615715935937,0.05579357850835658
AKR1C4,0.25,1.09,-0.741,0.020912076434811588,0.0562231777161728
OSBPL11,19.93,25.47,-0.339,0.02094759401959477,0.056308704164844896
H1-3,1.17,10.08,-2.349,0.021055428589795224,0.056588559448922486
TYRO3,5.46,7.68,-0.425,0.021149082774840032,0.05663987565629201
NPEPPS,27.58,20.63,0.402,0.021149082774840032,0.05663987565629201
METTL15,5.31,4.62,0.167,0.021149082774840032,0.05663987565629201
FBXO31,11.62,14.59,-0.305,0.021149082774840032,0.05663987565629201
KLF12,3.5,4.69,-0.336,0.021149082774840032,0.05663987565629201
C1QTNF2,2.86,1.91,0.407,0.021149082774840032,0.05663987565629201
LILRA2,2.72,1.78,0.42,0.021149082774840032,0.05663987565629201
CCBE1,6.42,3.21,0.819,0.021149082774840032,0.05663987565629201
PRG4,5.23,1.29,1.442,0.021149082774840032,0.05663987565629201
PLA2G4A,61.72,22.45,1.419,0.021149082774840032,0.05663987565629201
LRP3,13.39,18.27,-0.421,0.021149082774840032,0.05663987565629201
LYRM7,7.05,8.45,-0.231,0.021149082774840032,0.05663987565629201
MEGF9,45.76,34.55,0.395,0.021149082774840032,0.05663987565629201
CCND1,178.43,162.03,0.138,0.021149082774840032,0.05663987565629201
CHST15,44.25,30.66,0.515,0.021149082774840032,0.05663987565629201
SERHL2,2.11,2.45,-0.152,0.021149082774840032,0.05663987565629201
KLHDC7B,6.33,13.33,-0.966,0.021149082774840032,0.05663987565629201
TSGA10,2.71,2.28,0.177,0.021149082774840032,0.05663987565629201
ZNF286A,2.01,2.69,-0.293,0.021149082774840032,0.05663987565629201
KCNMA1,1.03,1.52,-0.313,0.021149082774840032,0.05663987565629201
SLC35F3,2.58,5.92,-0.951,0.021349694508539997,0.057167061802652124
GCAT,27.98,34.67,-0.3,0.02155626676001633,0.057487161819365994
HARBI1,5.68,6.57,-0.182,0.02155626676001633,0.057487161819365994
ANAPC5,32.83,38.41,-0.22,0.02155626676001633,0.057487161819365994
ACP3,5.66,8.95,-0.579,0.02155626676001633,0.057487161819365994
HERPUD1,104.46,91.21,0.194,0.02155626676001633,0.057487161819365994
CCNI,296.26,254.81,0.217,0.02155626676001633,0.057487161819365994
VPS26C,17.89,15.67,0.18,0.02155626676001633,0.057487161819365994
SDHC,107.97,130.41,-0.27,0.02155626676001633,0.057487161819365994
PLA1A,13.58,5.81,1.099,0.02155626676001633,0.057487161819365994
C15orf40,3.87,4.87,-0.27,0.02155626676001633,0.057487161819365994
KITLG,52.41,37.96,0.455,0.02155626676001633,0.057487161819365994
TRANK1,11.28,8.21,0.416,0.02155626676001633,0.057487161819365994
SNUPN,8.11,9.44,-0.196,0.02155626676001633,0.057487161819365994
SLC25A3,111.29,123.01,-0.143,0.02155626676001633,0.057487161819365994
LYRM2,13.45,15.9,-0.226,0.02155626676001633,0.057487161819365994
FOXJ3,34.11,28.0,0.276,0.02155626676001633,0.057487161819365994
GALC,21.94,16.71,0.373,0.02155626676001633,0.057487161819365994
UNKL,5.64,8.46,-0.511,0.021555836877144408,0.057487161819365994
CCNF,9.05,12.63,-0.439,0.02155626676001633,0.057487161819365994
PTPRD,2.55,11.17,-1.777,0.02155626676001633,0.057487161819365994
ZFAND5,97.62,76.81,0.342,0.02155626676001633,0.057487161819365994
YJU2,29.84,37.1,-0.305,0.02155626676001633,0.057487161819365994
ITPKB,23.89,36.6,-0.595,0.02155626676001633,0.057487161819365994
SLC7A3,0.12,1.3,-1.045,0.02161538019985145,0.057634691361239575
ARHGEF9,4.63,3.86,0.21,0.02176197326100738,0.05801538160282244
ETV1,17.44,11.17,0.6,0.021970258779091267,0.05844758214511182
H2BU1,1.36,3.0,-0.759,0.02196982309222865,0.05844758214511182
PPAN,2.91,3.67,-0.255,0.021970258779091267,0.05844758214511182
ZNF684,3.57,2.79,0.272,0.021970258779091267,0.05844758214511182
DSN1,28.04,35.35,-0.324,0.021970258779091267,0.05844758214511182
PTBP1,116.11,141.96,-0.288,0.021970258779091267,0.05844758214511182
SAMD11,2.48,1.88,0.273,0.021970258779091267,0.05844758214511182
CHUK,15.45,13.01,0.231,0.021970258779091267,0.05844758214511182
CYB5R4,8.26,10.18,-0.271,0.021970258779091267,0.05844758214511182
CD164,166.59,147.73,0.172,0.021970258779091267,0.05844758214511182
POLD1,19.07,25.61,-0.407,0.021970258779091267,0.05844758214511182
DNAH10,1.14,1.1,0.029,0.02196982309222865,0.05844758214511182
TTR,1.03,0.19,0.77,0.02214942973383144,0.058913915606810405
CNTFR,1.85,3.39,-0.623,0.02217545055853889,0.058972802439328086
TIMM50,26.88,35.16,-0.375,0.022391150748213032,0.05932834902643889
WSCD1,1.46,1.98,-0.277,0.022391150748213032,0.05932834902643889
CANX,359.27,312.72,0.2,0.022391150748213032,0.05932834902643889
ZBTB24,7.87,10.23,-0.339,0.022391150748213032,0.05932834902643889
COMP,49.51,14.6,1.695,0.022391150748213032,0.05932834902643889
TCN2,74.48,56.18,0.401,0.022391150748213032,0.05932834902643889
GATD3B,1.14,0.84,0.213,0.022391150748213032,0.05932834902643889
FP565260.6,1.12,0.89,0.164,0.022391150748213032,0.05932834902643889
VMP1,130.55,107.31,0.28,0.022391150748213032,0.05932834902643889
TMEM33,38.65,30.03,0.354,0.022391150748213032,0.05932834902643889
DIRAS2,0.37,3.59,-1.739,0.022382320522259854,0.05932834902643889
DCAF13,18.07,21.85,-0.261,0.022391150748213032,0.05932834902643889
NF2,20.2,25.22,-0.306,0.022391150748213032,0.05932834902643889
G0S2,105.41,107.21,-0.024,0.022391150748213032,0.05932834902643889
WTIP,4.4,3.35,0.312,0.022391150748213032,0.05932834902643889
ZSWIM3,7.08,5.98,0.211,0.022391150748213032,0.05932834902643889
PLP2,238.51,312.93,-0.39,0.022391150748213032,0.05932834902643889
METTL21A,7.66,6.36,0.235,0.022391150748213032,0.05932834902643889
RAB5B,105.7,88.93,0.247,0.022391150748213032,0.05932834902643889
ARID5B,23.22,29.8,-0.347,0.022391150748213032,0.05932834902643889
DHX29,26.24,23.39,0.159,0.022391150748213032,0.05932834902643889
CASP8AP2,6.86,8.68,-0.301,0.02281903539107366,0.06028336023240865
AHSA1,101.58,125.92,-0.307,0.02281903539107366,0.06028336023240865
PPP1R3F,4.32,2.95,0.43,0.02281903539107366,0.06028336023240865
SURF1,83.79,70.5,0.246,0.02281903539107366,0.06028336023240865
DNASE1,4.17,2.81,0.439,0.02281903539107366,0.06028336023240865
MRTFB,12.8,9.78,0.356,0.02281903539107366,0.06028336023240865
EPS15,35.0,29.8,0.225,0.02281903539107366,0.06028336023240865
ZNF384,12.68,15.95,-0.309,0.02281903539107366,0.06028336023240865
FANCM,2.2,3.06,-0.342,0.02281903539107366,0.06028336023240865
APOBR,17.29,12.9,0.395,0.02281903539107366,0.06028336023240865
SCNN1G,15.64,9.42,0.675,0.02281903539107366,0.06028336023240865
SORL1,20.05,27.8,-0.452,0.02281903539107366,0.06028336023240865
SACM1L,24.09,19.35,0.302,0.02281903539107366,0.06028336023240865
WBP1L,34.67,29.31,0.235,0.02281903539107366,0.06028336023240865
VEZF1,49.35,41.16,0.256,0.02281903539107366,0.06028336023240865
MRPS16,74.94,92.22,-0.296,0.02281903539107366,0.06028336023240865
MDFI,48.09,55.47,-0.202,0.02281903539107366,0.06028336023240865
PDCD1LG2,7.7,11.61,-0.534,0.0232540062377447,0.061272652925781344
ARHGEF12,27.43,20.78,0.384,0.0232540062377447,0.061272652925781344
ERBIN,31.71,26.64,0.243,0.0232540062377447,0.061272652925781344
CYB561A3,8.13,9.35,-0.18,0.0232540062377447,0.061272652925781344
ARMCX5,8.24,7.78,0.074,0.0232540062377447,0.061272652925781344
NHLRC2,12.05,9.67,0.291,0.023253552833256984,0.061272652925781344
PPP2R3B,4.71,6.23,-0.341,0.0232540062377447,0.061272652925781344
TMUB2,45.63,39.69,0.197,0.0232540062377447,0.061272652925781344
CYB5D2,26.06,20.83,0.31,0.0232540062377447,0.061272652925781344
ACP5,152.24,122.72,0.309,0.0232540062377447,0.061272652925781344
TIMP1,1079.55,734.02,0.556,0.0232540062377447,0.061272652925781344
ZNRF1,9.33,10.79,-0.191,0.0232540062377447,0.061272652925781344
RPL26L1,44.36,54.18,-0.283,0.0232540062377447,0.061272652925781344
TOP1MT,16.85,22.17,-0.376,0.0232540062377447,0.061272652925781344
P2RY14,5.36,3.19,0.603,0.0232540062377447,0.061272652925781344
FZR1,25.65,32.46,-0.328,0.023473722033932477,0.06184086333648971
FABP7,0.74,17.3,-3.398,0.02352868502599756,0.0619749153259329
SOX13,18.16,24.14,-0.392,0.02369615762332477,0.062189622175016966
EPS15L1,14.66,18.44,-0.312,0.02369615762332477,0.062189622175016966
EPM2A,0.87,1.02,-0.118,0.023695698211362453,0.062189622175016966
PCED1A,39.57,45.36,-0.193,0.02369615762332477,0.062189622175016966
TMEM179,0.5,1.53,-0.751,0.023654880354213037,0.062189622175016966
TSN,67.51,82.46,-0.285,0.02369615762332477,0.062189622175016966
RPL36AL,659.36,560.56,0.234,0.02369615762332477,0.062189622175016966
PPIL1,76.77,99.77,-0.374,0.02369615762332477,0.062189622175016966
ATP1A2,1.96,1.33,0.344,0.02369615762332477,0.062189622175016966
ANP32A,51.05,60.82,-0.248,0.02369615762332477,0.062189622175016966
NUFIP1,7.7,9.08,-0.211,0.02369615762332477,0.062189622175016966
SNTB2,11.38,14.04,-0.28,0.02369615762332477,0.062189622175016966
SBK1,20.95,12.2,0.733,0.02369615762332477,0.062189622175016966
MCOLN2,4.93,6.42,-0.323,0.02369615762332477,0.062189622175016966
ABTB1,20.63,17.25,0.245,0.02369615762332477,0.062189622175016966
IRAK4,14.77,18.66,-0.318,0.02369615762332477,0.062189622175016966
TIAM1,5.5,8.19,-0.5,0.02369615762332477,0.062189622175016966
SRSF3,112.18,137.3,-0.289,0.02369615762332477,0.062189622175016966
IGFL2,5.31,5.45,-0.032,0.02369615762332477,0.062189622175016966
SLC2A8,14.97,18.51,-0.288,0.02369615762332477,0.062189622175016966
SERBP1,109.87,135.43,-0.299,0.02369615762332477,0.062189622175016966
ATRIP,6.1,7.1,-0.19,0.0241455846863954,0.06312921496135009
SBDS,153.84,126.82,0.277,0.0241455846863954,0.06312921496135009
SULT1A1,8.0,5.8,0.405,0.0241455846863954,0.06312921496135009
NSMF,40.08,31.22,0.351,0.0241455846863954,0.06312921496135009
FAHD2A,8.45,10.9,-0.333,0.0241455846863954,0.06312921496135009
ANKRD42,5.85,5.15,0.156,0.0241455846863954,0.06312921496135009
MYO19,10.94,14.49,-0.376,0.0241455846863954,0.06312921496135009
PCM1,31.87,21.0,0.579,0.0241455846863954,0.06312921496135009
HLA-C,2064.1,1624.54,0.345,0.0241455846863954,0.06312921496135009
NFKBIZ,38.77,24.5,0.641,0.0241455846863954,0.06312921496135009
METAP1D,4.41,5.45,-0.254,0.0241455846863954,0.06312921496135009
CAMK2D,30.41,23.42,0.363,0.0241455846863954,0.06312921496135009
PSME3IP1,47.66,56.3,-0.236,0.0241455846863954,0.06312921496135009
HHIPL2,8.01,2.24,1.478,0.02414093012927535,0.06312921496135009
PLA2G2D,7.49,13.97,-0.818,0.0241455846863954,0.06312921496135009
TNFRSF14,32.74,25.16,0.367,0.0241455846863954,0.06312921496135009
DPY19L2,0.69,1.32,-0.458,0.0241455846863954,0.06312921496135009
RMI1,14.47,19.25,-0.388,0.0241455846863954,0.06312921496135009
BFAR,70.08,57.2,0.288,0.0241455846863954,0.06312921496135009
ZNF274,13.07,10.7,0.265,0.0241455846863954,0.06312921496135009
JMJD7-PLA2G4B,1.27,2.33,-0.551,0.0241455846863954,0.06312921496135009
APLF,1.41,1.96,-0.299,0.0241455846863954,0.06312921496135009
RANBP3L,1.52,0.84,0.454,0.024601911788612207,0.0641909686586168
TMEM183A,31.48,43.83,-0.465,0.02460238336728267,0.0641909686586168
ADM2,13.89,11.53,0.249,0.02460238336728267,0.0641909686586168
APOD,82.17,43.5,0.902,0.02460238336728267,0.0641909686586168
CACNA1H,6.16,2.65,0.972,0.02460238336728267,0.0641909686586168
SUCNR1,6.08,3.56,0.633,0.02460238336728267,0.0641909686586168
SNRK,14.14,11.64,0.26,0.02460238336728267,0.0641909686586168
NAALADL2,4.17,2.53,0.55,0.02460238336728267,0.0641909686586168
ZNF575,1.87,2.36,-0.225,0.02460238336728267,0.0641909686586168
TIRAP,4.5,3.53,0.28,0.02460238336728267,0.0641909686586168
CHRNA5,1.35,1.77,-0.236,0.024601440213122404,0.0641909686586168
ZNF516,8.09,10.24,-0.306,0.024601440213122404,0.0641909686586168
FOXN3,14.78,18.56,-0.31,0.02506665040612222,0.06513384977256967
POLR1C,14.8,16.63,-0.158,0.02506665040612222,0.06513384977256967
RBBP7,47.62,60.49,-0.339,0.02506665040612222,0.06513384977256967
DHX34,16.5,21.31,-0.35,0.02506665040612222,0.06513384977256967
PDHX,26.29,30.89,-0.224,0.02506665040612222,0.06513384977256967
ERI3,61.13,71.63,-0.225,0.02506665040612222,0.06513384977256967
GASK1A,1.4,1.17,0.148,0.02506665040612222,0.06513384977256967
NDUFA3,53.41,46.84,0.186,0.02506665040612222,0.06513384977256967
PLAG1,3.76,4.84,-0.293,0.02506665040612222,0.06513384977256967
GPR88,0.4,1.93,-1.063,0.02506473947456223,0.06513384977256967
LSM14B,52.05,65.4,-0.324,0.02506665040612222,0.06513384977256967
MEAK7,8.63,11.6,-0.388,0.02506665040612222,0.06513384977256967
ZMIZ2,75.69,59.68,0.338,0.02506665040612222,0.06513384977256967
UBE3A,10.93,13.3,-0.262,0.02506665040612222,0.06513384977256967
SELENOF,325.11,283.28,0.198,0.02506665040612222,0.06513384977256967
P2RX5,1.19,1.82,-0.362,0.02506665040612222,0.06513384977256967
QSOX2,18.45,26.66,-0.508,0.02506665040612222,0.06513384977256967
KIF3A,8.44,6.82,0.272,0.02506665040612222,0.06513384977256967
CEP41,3.54,2.93,0.208,0.02506665040612222,0.06513384977256967
LSR,290.63,233.89,0.312,0.02506665040612222,0.06513384977256967
CYTH2,24.65,20.78,0.236,0.02506665040612222,0.06513384977256967
COG1,20.67,17.02,0.266,0.02506665040612222,0.06513384977256967
FHOD3,3.89,7.08,-0.725,0.02506665040612222,0.06513384977256967
FAM111B,9.76,13.11,-0.391,0.02506665040612222,0.06513384977256967
ASCL4,0.08,5.45,-2.58,0.025091487321360555,0.06518723783745399
CPLX2,0.49,17.35,-3.625,0.025209168451131983,0.0654817740259956
LBP,8.37,5.83,0.456,0.025261235830057897,0.06560580443864439
PREB,71.72,85.89,-0.257,0.025301134173264503,0.06569819372661213
NLGN4X,1.46,2.27,-0.411,0.025538483340724175,0.06596500805773926
NUP43,24.94,30.41,-0.276,0.025538483340724175,0.06596500805773926
STMP1,43.45,58.78,-0.428,0.025538483340724175,0.06596500805773926
PIGN,4.56,6.02,-0.337,0.025538483340724175,0.06596500805773926
TENT5C,34.3,27.46,0.311,0.025538483340724175,0.06596500805773926
IREB2,17.34,20.21,-0.21,0.025538483340724175,0.06596500805773926
CYP4F12,1.64,2.32,-0.331,0.02553751545019292,0.06596500805773926
BCL9L,29.94,21.35,0.469,0.025538483340724175,0.06596500805773926
SMIM15,68.53,58.75,0.219,0.025538483340724175,0.06596500805773926
PLEKHG6,15.94,19.98,-0.309,0.025538483340724175,0.06596500805773926
THAP12,17.0,21.64,-0.331,0.025538483340724175,0.06596500805773926
DGCR6L,101.25,122.32,-0.27,0.025538483340724175,0.06596500805773926
PJA2,74.69,60.59,0.297,0.025538483340724175,0.06596500805773926
MYL3,1.31,0.98,0.222,0.025538483340724175,0.06596500805773926
SNPH,3.04,2.85,0.071,0.025538483340724175,0.06596500805773926
CPSF4,20.69,26.33,-0.333,0.025538483340724175,0.06596500805773926
SSB,46.19,53.03,-0.195,0.025538483340724175,0.06596500805773926
SARAF,266.14,223.17,0.253,0.025538483340724175,0.06596500805773926
QTRT1,25.05,32.09,-0.345,0.025538483340724175,0.06596500805773926
HIBADH,82.25,66.64,0.3,0.025538483340724175,0.06596500805773926
DNAJC17,7.29,6.0,0.242,0.025538483340724175,0.06596500805773926
MELTF,16.07,21.03,-0.368,0.025538483340724175,0.06596500805773926
GPC2,1.65,2.3,-0.318,0.025538483340724175,0.06596500805773926
POLR3H,12.47,12.34,0.013,0.025538483340724175,0.06596500805773926
MPDU1,62.79,53.54,0.226,0.025538483340724175,0.06596500805773926
ILF2,346.94,431.92,-0.315,0.025538483340724175,0.06596500805773926
RND2,3.87,7.75,-0.845,0.025538483340724175,0.06596500805773926
RUSF1,41.36,33.29,0.305,0.025538483340724175,0.06596500805773926
PLK3,23.54,18.02,0.368,0.025538483340724175,0.06596500805773926
TMEM51,40.53,29.57,0.442,0.025538483340724175,0.06596500805773926
ST13,189.92,228.9,-0.268,0.025538483340724175,0.06596500805773926
RGL1,27.3,21.88,0.307,0.02601798050423603,0.06685120544577339
CSNK1G2,54.53,67.54,-0.304,0.02601798050423603,0.06685120544577339
WNT10B,1.82,3.95,-0.811,0.02601798050423603,0.06685120544577339
SLC35E4,3.02,3.7,-0.224,0.02601798050423603,0.06685120544577339
ANKRD12,12.36,9.71,0.318,0.02601798050423603,0.06685120544577339
AKAP9,14.61,10.96,0.385,0.02601798050423603,0.06685120544577339
CLEC5A,7.35,3.97,0.748,0.02601798050423603,0.06685120544577339
MAP2K6,2.22,2.63,-0.174,0.02601798050423603,0.06685120544577339
TTC14,8.38,16.13,-0.868,0.02601798050423603,0.06685120544577339
BCL2L14,2.55,1.88,0.302,0.02601798050423603,0.06685120544577339
ADGRB2,3.4,5.11,-0.475,0.02601798050423603,0.06685120544577339
EPHA1,16.82,24.9,-0.54,0.02601798050423603,0.06685120544577339
TADA3,68.57,58.21,0.233,0.02601798050423603,0.06685120544577339
FOXB1,1.45,0.23,0.989,0.025908253115142454,0.06685120544577339
CROT,11.81,14.71,-0.294,0.02601798050423603,0.06685120544577339
PCNX1,9.21,11.21,-0.259,0.02601798050423603,0.06685120544577339
ADCYAP1,0.48,1.87,-0.958,0.026016019698708197,0.06685120544577339
FTH1,138.5,106.18,0.38,0.02601798050423603,0.06685120544577339
TYROBP,356.21,274.98,0.372,0.02601798050423603,0.06685120544577339
FBXO33,18.19,14.05,0.351,0.02601798050423603,0.06685120544577339
FAM189B,30.81,40.34,-0.378,0.02601798050423603,0.06685120544577339
MFSD6,44.15,36.83,0.255,0.02601798050423603,0.06685120544577339
MEIS2,3.57,4.86,-0.359,0.02601798050423603,0.06685120544577339
SNAI3,4.32,3.37,0.283,0.02601798050423603,0.06685120544577339
COA7,17.91,22.33,-0.303,0.02601798050423603,0.06685120544577339
CYP20A1,9.29,8.57,0.104,0.02601798050423603,0.06685120544577339
COMMD10,27.85,25.88,0.102,0.02601798050423603,0.06685120544577339
GPR1,1.48,1.92,-0.235,0.02601798050423603,0.06685120544577339
AAK1,6.09,7.82,-0.314,0.02601798050423603,0.06685120544577339
TCOF1,15.24,21.65,-0.48,0.02601798050423603,0.06685120544577339
VENTX,2.24,1.33,0.48,0.02601798050423603,0.06685120544577339
CCDC187,1.21,1.35,-0.09,0.026260140763337932,0.06746200855890991
OXT,1.47,0.48,0.742,0.026344617226769288,0.06766758571873302
GNAZ,2.83,4.8,-0.601,0.02650524102260044,0.06783930708496774
SPON1,31.29,23.55,0.395,0.02650524102260044,0.06783930708496774
RTN4R,9.02,12.22,-0.401,0.02650524102260044,0.06783930708496774
ATP6V1A,61.0,76.24,-0.317,0.02650524102260044,0.06783930708496774
MFNG,21.57,15.94,0.414,0.02650524102260044,0.06783930708496774
SNRNP200,80.57,101.8,-0.334,0.02650524102260044,0.06783930708496774
MAPK15,12.96,10.82,0.24,0.02650524102260044,0.06783930708496774
KIAA1191,92.78,77.96,0.248,0.02650524102260044,0.06783930708496774
TOX,10.12,6.62,0.544,0.02650524102260044,0.06783930708496774
INSR,23.42,17.73,0.383,0.02650524102260044,0.06783930708496774
TMEM60,67.53,57.02,0.24,0.02650524102260044,0.06783930708496774
GTF2IRD2,1.19,0.86,0.237,0.02650524102260044,0.06783930708496774
ITLN1,58.12,1.05,4.847,0.026495311313830202,0.06783930708496774
NAA38,66.95,52.98,0.332,0.02650524102260044,0.06783930708496774
COL16A1,18.62,32.36,-0.766,0.02650524102260044,0.06783930708496774
SPIN4,9.25,6.71,0.411,0.02650524102260044,0.06783930708496774
IFT140,14.08,11.36,0.287,0.02650524102260044,0.06783930708496774
FHL5,7.05,3.81,0.743,0.02650524102260044,0.06783930708496774
EMP3,95.57,79.81,0.257,0.02650524102260044,0.06783930708496774
SMIM20,50.24,40.13,0.317,0.02650524102260044,0.06783930708496774
SCG2,2.64,33.12,-3.227,0.02650524102260044,0.06783930708496774
DNAH3,2.1,1.91,0.089,0.026751314044334847,0.06845759041192173
SLC17A7,0.6,1.5,-0.639,0.027000364811805132,0.06875905842872199
AKT2,22.5,30.86,-0.439,0.027000364811805132,0.06875905842872199
PCP4L1,47.95,24.29,0.953,0.027000364811805132,0.06875905842872199
CAPG,312.58,260.82,0.26,0.027000364811805132,0.06875905842872199
NFATC2,8.51,6.35,0.371,0.027000364811805132,0.06875905842872199
TTC5,5.69,7.65,-0.372,0.027000364811805132,0.06875905842872199
TRMU,9.42,11.45,-0.257,0.027000364811805132,0.06875905842872199
GOLGA3,43.07,32.08,0.414,0.027000364811805132,0.06875905842872199
ANKRD24,1.92,1.13,0.457,0.02699935906671487,0.06875905842872199
CNTN4,1.15,0.92,0.163,0.027000364811805132,0.06875905842872199
ACBD6,15.23,18.61,-0.273,0.027000364811805132,0.06875905842872199
LEXM,0.6,1.11,-0.396,0.026999861937697083,0.06875905842872199
NOC3L,14.22,18.19,-0.334,0.027000364811805132,0.06875905842872199
HSD11B2,10.58,13.39,-0.314,0.027000364811805132,0.06875905842872199
MT-ND1,8590.14,6531.53,0.395,0.027000364811805132,0.06875905842872199
MMAA,3.82,3.25,0.18,0.027000364811805132,0.06875905842872199
RPN1,336.21,397.96,-0.243,0.027000364811805132,0.06875905842872199
ANKRD34A,1.98,1.13,0.483,0.027000364811805132,0.06875905842872199
MOB3C,14.78,18.33,-0.293,0.027000364811805132,0.06875905842872199
SPOP,37.02,32.47,0.184,0.027000364811805132,0.06875905842872199
AARS1,53.63,65.57,-0.285,0.027000364811805132,0.06875905842872199
MRPL13,28.34,34.85,-0.289,0.027000364811805132,0.06875905842872199
PGGT1B,7.68,6.55,0.202,0.027000364811805132,0.06875905842872199
PHKA2,7.06,9.4,-0.369,0.027000364811805132,0.06875905842872199
C18orf25,10.24,12.69,-0.283,0.027000364811805132,0.06875905842872199
CLEC16A,11.73,10.65,0.129,0.027000364811805132,0.06875905842872199
SEC13,76.12,63.59,0.256,0.027000364811805132,0.06875905842872199
PATL1,43.12,49.57,-0.197,0.027000364811805132,0.06875905842872199
PIGZ,6.79,8.85,-0.339,0.027000364811805132,0.06875905842872199
VPREB3,7.37,11.0,-0.519,0.02750345257492251,0.06973630757189547
MRPL40,51.77,61.93,-0.254,0.02750345257492251,0.06973630757189547
PDK2,11.85,10.51,0.159,0.02750345257492251,0.06973630757189547
ELK3,55.27,45.68,0.269,0.02750345257492251,0.06973630757189547
SRD5A2,2.35,1.99,0.161,0.027493267517118756,0.06973630757189547
UPF3B,17.34,23.76,-0.433,0.02750345257492251,0.06973630757189547
BMPR1A,10.73,8.98,0.234,0.02750345257492251,0.06973630757189547
CCSAP,7.29,9.44,-0.332,0.02750345257492251,0.06973630757189547
NUDT21,48.64,61.32,-0.328,0.02750345257492251,0.06973630757189547
ACTB,4638.15,3977.67,0.222,0.02750345257492251,0.06973630757189547
CGREF1,5.54,7.21,-0.326,0.027502943292462285,0.06973630757189547
IL18RAP,1.51,2.16,-0.33,0.02750345257492251,0.06973630757189547
UBA6,15.43,19.87,-0.345,0.02750345257492251,0.06973630757189547
UPP1,53.2,49.9,0.091,0.02750345257492251,0.06973630757189547
GMEB2,17.36,21.91,-0.319,0.02750345257492251,0.06973630757189547
SLC13A4,0.61,1.61,-0.698,0.02750345257492251,0.06973630757189547
NAP1L4,82.85,97.02,-0.225,0.02750345257492251,0.06973630757189547
PINX1,4.94,6.29,-0.294,0.02750345257492251,0.06973630757189547
TCEAL8,138.46,116.07,0.252,0.02750345257492251,0.06973630757189547
SH3GLB2,40.36,30.33,0.401,0.02750345257492251,0.06973630757189547
EPHX1,586.99,322.08,0.864,0.02750345257492251,0.06973630757189547
BPIFB1,372.86,390.68,-0.067,0.02750345257492251,0.06973630757189547
KLHL11,2.12,2.96,-0.343,0.02750345257492251,0.06973630757189547
IL32,91.89,73.96,0.309,0.02750345257492251,0.06973630757189547
HOOK1,20.95,20.45,0.033,0.02750345257492251,0.06973630757189547
INSL3,1.58,1.14,0.27,0.027502943292462285,0.06973630757189547
C19orf84,1.2,1.11,0.064,0.0277575021257177,0.07036871847088753
SAMD8,15.57,18.53,-0.237,0.028014605798936495,0.07077251511527138
MIER1,20.99,17.45,0.253,0.028014605798936495,0.07077251511527138
CCDC57,11.11,8.38,0.368,0.028014090058836986,0.07077251511527138
COL6A5,2.12,1.6,0.265,0.028014605798936495,0.07077251511527138
RMND5B,15.62,13.51,0.196,0.028014605798936495,0.07077251511527138
SWSAP1,5.65,4.89,0.175,0.028014605798936495,0.07077251511527138
NCALD,8.76,6.63,0.355,0.028014605798936495,0.07077251511527138
ZSCAN18,7.82,6.52,0.231,0.028014605798936495,0.07077251511527138
OCA2,1.21,4.64,-1.353,0.028009448537354424,0.07077251511527138
TTC21B,6.46,7.94,-0.262,0.028014605798936495,0.07077251511527138
EEF1A2,56.36,28.27,0.971,0.028014605798936495,0.07077251511527138
FMNL1,18.08,14.21,0.327,0.028014605798936495,0.07077251511527138
ITPRID2,45.63,55.52,-0.278,0.028014605798936495,0.07077251511527138
OLA1,45.41,61.17,-0.422,0.028014605798936495,0.07077251511527138
NDUFA9,3.16,3.87,-0.227,0.028014605798936495,0.07077251511527138
USP4,29.19,25.77,0.173,0.028014605798936495,0.07077251511527138
G6PC3,44.3,36.36,0.278,0.028014605798936495,0.07077251511527138
POLR3D,14.91,17.56,-0.222,0.028014605798936495,0.07077251511527138
FBXO6,49.74,39.13,0.338,0.028014605798936495,0.07077251511527138
MAD2L2,30.17,41.82,-0.458,0.028014605798936495,0.07077251511527138
PRB1,0.23,3.5,-1.867,0.027954083914976953,0.07077251511527138
ZNF268,5.43,4.15,0.32,0.028272719899652164,0.0714127071380574
ZNF331,13.2,8.57,0.57,0.028533926751353425,0.07183362868820424
XRCC1,30.68,37.31,-0.275,0.028533926751353425,0.07183362868820424
CDC37L1,17.27,15.22,0.172,0.028533926751353425,0.07183362868820424
ZBED9,1.27,2.0,-0.405,0.028533926751353425,0.07183362868820424
SMS,142.34,229.65,-0.686,0.028533926751353425,0.07183362868820424
ARPC4,101.04,83.99,0.264,0.028533926751353425,0.07183362868820424
PTCD2,2.46,2.97,-0.2,0.028533926751353425,0.07183362868820424
MAP4K2,13.25,15.96,-0.251,0.028533926751353425,0.07183362868820424
PROK2,0.51,1.22,-0.555,0.028490068771822866,0.07183362868820424
FBXO2,19.33,15.79,0.275,0.028533926751353425,0.07183362868820424
PIH1D2,2.61,2.13,0.204,0.028533926751353425,0.07183362868820424
CLPX,26.91,30.08,-0.155,0.028533926751353425,0.07183362868820424
UBE2F,11.49,10.16,0.162,0.028533926751353425,0.07183362868820424
LDAH,14.2,16.99,-0.244,0.028533926751353425,0.07183362868820424
ISCA2,18.23,16.33,0.151,0.028533926751353425,0.07183362868820424
TRAPPC11,20.7,18.26,0.172,0.028533926751353425,0.07183362868820424
TRABD,43.29,51.73,-0.252,0.028533926751353425,0.07183362868820424
PET117,1.15,1.01,0.097,0.028533926751353425,0.07183362868820424
RPS25,988.26,831.68,0.249,0.028533926751353425,0.07183362868820424
RPP38,14.1,11.93,0.224,0.028533926751353425,0.07183362868820424
OPRK1,0.76,2.33,-0.922,0.028605072762364982,0.07200080690500515
IRF2BP2,105.27,87.26,0.268,0.029061518476594897,0.07286000828628816
FBXO25,8.06,6.73,0.23,0.029061518476594897,0.07286000828628816
MSH2,9.67,12.62,-0.353,0.029061518476594897,0.07286000828628816
ABCA7,16.18,9.91,0.655,0.029061518476594897,0.07286000828628816
SEPSECS,7.45,6.15,0.24,0.029061518476594897,0.07286000828628816
PINLYP,1.7,3.24,-0.649,0.029061518476594897,0.07286000828628816
ENOPH1,75.02,87.6,-0.221,0.029061518476594897,0.07286000828628816
KIAA0040,38.92,30.53,0.34,0.029061518476594897,0.07286000828628816
BIK,27.19,37.91,-0.465,0.029061518476594897,0.07286000828628816
AUH,15.93,13.56,0.218,0.029061518476594897,0.07286000828628816
RNF138,22.05,29.33,-0.396,0.029061518476594897,0.07286000828628816
ABAT,5.91,3.71,0.554,0.029061518476594897,0.07286000828628816
DIMT1,5.35,6.35,-0.211,0.02906098967428022,0.07286000828628816
ZNF83,13.97,10.93,0.327,0.029061518476594897,0.07286000828628816
SSR4,218.25,162.26,0.425,0.029061518476594897,0.07286000828628816
TBCEL,10.1,8.1,0.286,0.029061518476594897,0.07286000828628816
OSBPL6,2.46,3.7,-0.445,0.029061518476594897,0.07286000828628816
MT1A,14.09,14.63,-0.051,0.029061518476594897,0.07286000828628816
SPI1,78.06,62.48,0.317,0.029061518476594897,0.07286000828628816
DIPK1B,8.6,4.65,0.765,0.029061518476594897,0.07286000828628816
PSMC2,37.74,47.44,-0.323,0.029061518476594897,0.07286000828628816
FAAP20,13.12,11.08,0.225,0.029061518476594897,0.07286000828628816
GHRL,1.25,0.79,0.333,0.029061518476594897,0.07286000828628816
DPM1,89.58,115.81,-0.367,0.029061518476594897,0.07286000828628816
PIGW,12.3,15.97,-0.351,0.02959748479217025,0.07393531510151967
MAGOHB,10.85,14.72,-0.408,0.02959748479217025,0.07393531510151967
PRDX3,143.6,120.47,0.251,0.02959748479217025,0.07393531510151967
METTL2B,12.13,10.09,0.244,0.02959748479217025,0.07393531510151967
EIF2S1,42.54,56.01,-0.389,0.02959748479217025,0.07393531510151967
MPP6,4.38,6.39,-0.459,0.02959748479217025,0.07393531510151967
POLR1E,24.69,33.37,-0.42,0.02959748479217025,0.07393531510151967
PBX3,17.5,14.14,0.289,0.02959748479217025,0.07393531510151967
NUP188,29.05,37.0,-0.338,0.02959748479217025,0.07393531510151967
BCOR,16.55,13.13,0.312,0.02959748479217025,0.07393531510151967
CCDC71,41.92,36.09,0.211,0.02959748479217025,0.07393531510151967
FAM219B,5.88,7.25,-0.262,0.02959748479217025,0.07393531510151967
PRR14L,12.9,16.16,-0.305,0.02959748479217025,0.07393531510151967
RIPOR3,1.54,3.76,-0.904,0.02959748479217025,0.07393531510151967
SLC39A11,44.1,33.45,0.389,0.02959748479217025,0.07393531510151967
CDC23,21.08,25.71,-0.275,0.02959748479217025,0.07393531510151967
RELT,4.17,5.47,-0.325,0.02959748479217025,0.07393531510151967
TSPAN7,31.66,54.64,-0.769,0.02959748479217025,0.07393531510151967
TMEM128,49.97,38.76,0.358,0.02959748479217025,0.07393531510151967
PPP5C,25.85,31.15,-0.26,0.02959748479217025,0.07393531510151967
TRABD2B,1.17,0.8,0.268,0.02959748479217025,0.07393531510151967
PALLD,53.41,71.1,-0.406,0.02959748479217025,0.07393531510151967
B3GALT2,1.42,1.45,-0.013,0.029868102348144365,0.07459905950605906
TMEM63B,89.85,71.44,0.327,0.03014193028462511,0.07491351984529843
SYPL1,161.94,198.35,-0.291,0.03014193028462511,0.07491351984529843
SIVA1,38.34,52.25,-0.437,0.03014193028462511,0.07491351984529843
MTPN,163.95,205.37,-0.323,0.03014193028462511,0.07491351984529843
FAM168B,67.46,84.11,-0.314,0.03014193028462511,0.07491351984529843
QRFP,0.79,1.34,-0.392,0.03014193028462511,0.07491351984529843
EIPR1,18.16,21.46,-0.23,0.03014193028462511,0.07491351984529843
KCNMB4,14.07,6.7,0.968,0.03014193028462511,0.07491351984529843
NDUFAF7,11.63,13.92,-0.24,0.03014193028462511,0.07491351984529843
FBXL8,6.76,4.65,0.458,0.03014193028462511,0.07491351984529843
RENBP,34.24,25.96,0.386,0.03014193028462511,0.07491351984529843
ZNF552,14.42,12.55,0.186,0.03014193028462511,0.07491351984529843
PRKAG1,41.21,47.41,-0.198,0.03014193028462511,0.07491351984529843
TRPV1,4.13,2.75,0.454,0.03014193028462511,0.07491351984529843
SEMA5B,1.24,2.15,-0.489,0.03014193028462511,0.07491351984529843
FAM162B,13.3,7.38,0.772,0.03014193028462511,0.07491351984529843
ZSCAN21,5.52,6.65,-0.232,0.03014193028462511,0.07491351984529843
AMN1,3.79,5.06,-0.34,0.03014193028462511,0.07491351984529843
H2AX,103.26,136.75,-0.402,0.03014193028462511,0.07491351984529843
OSR1,5.41,4.46,0.233,0.03014193028462511,0.07491351984529843
YIF1A,121.77,105.12,0.21,0.03014193028462511,0.07491351984529843
HSPA4,74.82,93.16,-0.312,0.03014193028462511,0.07491351984529843
AVEN,9.23,11.28,-0.263,0.03014193028462511,0.07491351984529843
DPH3,22.85,18.41,0.298,0.03014193028462511,0.07491351984529843
P2RY12,2.3,1.55,0.372,0.03014193028462511,0.07491351984529843
ZNF468,15.86,12.08,0.366,0.03014193028462511,0.07491351984529843
SCAMP5,13.8,17.97,-0.358,0.03014193028462511,0.07491351984529843
NXF3,1.76,0.91,0.531,0.030139762067761,0.07491351984529843
TRIM47,52.38,36.97,0.491,0.03014193028462511,0.07491351984529843
VWDE,1.6,3.4,-0.761,0.03014193028462511,0.07491351984529843
NLGN4Y,0.86,1.83,-0.601,0.030278183563664237,0.07523984999717873
ENDOU,0.38,1.25,-0.71,0.03041682021174388,0.07557199500850774
DOT1L,8.76,11.52,-0.36,0.03069496030526497,0.07596490176215845
H2AC20,3.64,17.75,-2.015,0.03069496030526497,0.07596490176215845
GATAD2A,39.85,47.44,-0.246,0.03069496030526497,0.07596490176215845
C6orf62,204.96,172.44,0.248,0.03069496030526497,0.07596490176215845
LHB,2.34,1.04,0.708,0.03069276528677665,0.07596490176215845
CAMK4,0.89,1.28,-0.27,0.03069496030526497,0.07596490176215845
AGRN,135.2,119.6,0.176,0.03069496030526497,0.07596490176215845
UBA5,15.85,18.97,-0.245,0.03069496030526497,0.07596490176215845
AP4E1,6.78,7.94,-0.2,0.03069496030526497,0.07596490176215845
TRAP1,26.87,35.95,-0.407,0.03069496030526497,0.07596490176215845
FAM83H,67.93,90.71,-0.412,0.03069496030526497,0.07596490176215845
LTF,80.11,171.66,-1.09,0.03069496030526497,0.07596490176215845
CD33,3.71,2.77,0.319,0.03069496030526497,0.07596490176215845
APAF1,8.26,6.63,0.279,0.03069496030526497,0.07596490176215845
RGL2,68.41,53.77,0.342,0.03069496030526497,0.07596490176215845
YWHAZ,381.53,463.87,-0.281,0.03069496030526497,0.07596490176215845
CAVIN3,11.7,8.52,0.415,0.030694411546123908,0.07596490176215845
PRKCE,7.87,6.05,0.331,0.03069496030526497,0.07596490176215845
GLRX2,8.72,7.69,0.163,0.03069496030526497,0.07596490176215845
TMEM101,51.1,43.9,0.214,0.03069496030526497,0.07596490176215845
COA3,107.95,90.65,0.249,0.03069496030526497,0.07596490176215845
SIGLEC6,5.7,1.24,1.582,0.03069496030526497,0.07596490176215845
MBD5,2.17,1.94,0.106,0.03069496030526497,0.07596490176215845
ACOT9,25.42,22.38,0.176,0.03069496030526497,0.07596490176215845
TFAP2D,2.57,0.29,1.471,0.030858094246651042,0.07635619314159109
RUNDC3B,1.18,0.5,0.537,0.03125612545842286,0.07711639394464474
SASS6,5.53,7.3,-0.346,0.031256680965650124,0.07711639394464474
LRRC1,19.22,21.58,-0.159,0.031256680965650124,0.07711639394464474
LIPA,103.77,82.19,0.333,0.031256680965650124,0.07711639394464474
ABCB1,2.99,1.7,0.56,0.031256680965650124,0.07711639394464474
RP1,1.13,1.02,0.075,0.031256680965650124,0.07711639394464474
ZDHHC5,81.82,95.57,-0.222,0.031256680965650124,0.07711639394464474
STRBP,13.97,20.14,-0.498,0.031256680965650124,0.07711639394464474
SLC9A3,1.43,1.58,-0.084,0.031256680965650124,0.07711639394464474
DHX57,11.83,14.54,-0.276,0.031256680965650124,0.07711639394464474
LSM12,12.38,14.62,-0.223,0.031256680965650124,0.07711639394464474
GTF2F1,85.25,104.9,-0.296,0.031256680965650124,0.07711639394464474
THAP1,12.0,9.88,0.256,0.031256680965650124,0.07711639394464474
MDM1,5.36,7.67,-0.446,0.031256680965650124,0.07711639394464474
FOXF1,14.29,10.34,0.431,0.031256680965650124,0.07711639394464474
MARF1,24.22,20.44,0.235,0.031256680965650124,0.07711639394464474
TMEM216,32.94,39.97,-0.272,0.031256680965650124,0.07711639394464474
ZNF561,14.6,16.8,-0.191,0.031256680965650124,0.07711639394464474
CT45A10,0.66,7.69,-2.389,0.03143945687764208,0.07755474400747137
CFD,103.52,61.87,0.733,0.03182719913286013,0.07820647524268866
TNFSF10,199.13,268.86,-0.431,0.03182719913286013,0.07820647524268866
CCR1,22.41,20.63,0.114,0.03182719913286013,0.07820647524268866
DGUOK,69.41,82.23,-0.241,0.03182719913286013,0.07820647524268866
ETV6,34.37,30.81,0.153,0.03182719913286013,0.07820647524268866
TMEM159,86.85,69.59,0.315,0.03182719913286013,0.07820647524268866
EPB41L4B,13.97,11.73,0.234,0.03182719913286013,0.07820647524268866
ASPN,60.08,32.52,0.866,0.03182719913286013,0.07820647524268866
MAK16,10.11,12.09,-0.236,0.03182719913286013,0.07820647524268866
ARID5A,27.16,32.06,-0.231,0.03182719913286013,0.07820647524268866
ENTPD7,9.88,11.6,-0.212,0.03182719913286013,0.07820647524268866
HNF4G,3.95,1.88,0.779,0.03182719913286013,0.07820647524268866
ZC3H18,18.45,22.26,-0.258,0.03182719913286013,0.07820647524268866
SRP19,3.18,2.72,0.167,0.03182719913286013,0.07820647524268866
MMP25,1.88,2.54,-0.297,0.03182719913286013,0.07820647524268866
RPRM,2.76,5.22,-0.728,0.03182494993986018,0.07820647524268866
PUS1,13.36,16.54,-0.289,0.03182719913286013,0.07820647524268866
GXYLT1,11.59,8.72,0.374,0.03182719913286013,0.07820647524268866
GTF2IRD2B,2.54,2.0,0.237,0.03182719913286013,0.07820647524268866
DDIT3,33.03,40.65,-0.292,0.03182719913286013,0.07820647524268866
TMEM100,30.91,18.39,0.719,0.03182719913286013,0.07820647524268866
TGFB2,9.92,7.31,0.394,0.03182719913286013,0.07820647524268866
CERS6,14.37,19.3,-0.401,0.03182719913286013,0.07820647524268866
WRAP53,8.46,10.03,-0.221,0.03182719913286013,0.07820647524268866
SYNGR4,1.85,0.47,0.954,0.03199083927541831,0.07859586369848487
TRIM68,16.9,11.88,0.475,0.03240662242452557,0.0793223480740804
MRPL41,162.34,144.88,0.163,0.03240662242452557,0.0793223480740804
PHOSPHO1,1.16,1.61,-0.272,0.03240662242452557,0.0793223480740804
TEP1,13.51,11.08,0.264,0.03240662242452557,0.0793223480740804
ANKRD33B,1.97,4.49,-0.886,0.03240662242452557,0.0793223480740804
NSFL1C,40.55,49.33,-0.277,0.03240662242452557,0.0793223480740804
PBX1,8.56,12.16,-0.461,0.03240662242452557,0.0793223480740804
CPXM1,21.19,34.14,-0.663,0.03240662242452557,0.0793223480740804
GATD1,31.61,24.6,0.349,0.03240662242452557,0.0793223480740804
VSIG4,99.57,80.34,0.306,0.03240662242452557,0.0793223480740804
SP6,9.24,8.69,0.079,0.03240662242452557,0.0793223480740804
RCHY1,10.88,8.62,0.305,0.03240662242452557,0.0793223480740804
POLR1D,23.21,27.4,-0.23,0.03240662242452557,0.0793223480740804
ADGRF4,7.06,10.85,-0.555,0.03240662242452557,0.0793223480740804
INTS6,3.99,4.46,-0.13,0.03240662242452557,0.0793223480740804
PPP1R3D,10.74,14.3,-0.382,0.03240662242452557,0.0793223480740804
LIMD2,20.31,24.44,-0.255,0.03240662242452557,0.0793223480740804
TRPM4,34.05,23.24,0.532,0.03240662242452557,0.0793223480740804
SACS,3.13,5.09,-0.56,0.03240662242452557,0.0793223480740804
HAUS4,17.24,14.7,0.216,0.03240662242452557,0.0793223480740804
SMPD4,30.46,36.69,-0.261,0.03240662242452557,0.0793223480740804
TIGD5,7.34,9.02,-0.264,0.03240662242452557,0.0793223480740804
PABPC3,0.87,1.04,-0.128,0.03240662242452557,0.0793223480740804
PFAS,10.97,15.31,-0.446,0.03269913474241969,0.08001255502360806
MPLKIP,11.77,14.13,-0.245,0.03269913474241969,0.08001255502360806
C1orf87,2.44,2.36,0.033,0.03273195979311285,0.08007997828289268
KDM4A,12.35,15.89,-0.339,0.032995059203623854,0.08037420786927325
EHMT1,8.14,9.87,-0.249,0.032995059203623854,0.08037420786927325
TRPV2,27.06,21.32,0.331,0.032995059203623854,0.08037420786927325
CTSL,86.85,78.1,0.151,0.032995059203623854,0.08037420786927325
RIPK2,31.11,24.96,0.307,0.032995059203623854,0.08037420786927325
SPINT1,290.72,228.05,0.349,0.032995059203623854,0.08037420786927325
ZNF202,8.03,9.78,-0.256,0.032995059203623854,0.08037420786927325
MACROD1,28.54,23.04,0.297,0.032995059203623854,0.08037420786927325
RNASEH2B,3.51,4.04,-0.159,0.032995059203623854,0.08037420786927325
EFHB,2.51,1.89,0.278,0.032995059203623854,0.08037420786927325
B2M,2127.07,1770.63,0.264,0.032995059203623854,0.08037420786927325
C11orf96,41.76,26.54,0.635,0.032995059203623854,0.08037420786927325
C1orf122,48.97,40.6,0.264,0.032995059203623854,0.08037420786927325
STAM,23.83,20.02,0.24,0.032995059203623854,0.08037420786927325
DPAGT1,32.66,26.35,0.299,0.032995059203623854,0.08037420786927325
FBXL13,2.22,1.92,0.142,0.032995059203623854,0.08037420786927325
GPR34,12.5,12.42,0.009,0.032995059203623854,0.08037420786927325
COL11A2,1.23,1.4,-0.106,0.032995059203623854,0.08037420786927325
GDF11,5.03,7.23,-0.448,0.032995059203623854,0.08037420786927325
ZNF266,15.89,20.45,-0.345,0.032995059203623854,0.08037420786927325
TTLL11,3.85,3.07,0.251,0.032995059203623854,0.08037420786927325
RRP8,9.75,8.39,0.194,0.032995059203623854,0.08037420786927325
TMEM70,34.37,27.57,0.308,0.032995059203623854,0.08037420786927325
LEPR,8.25,5.4,0.533,0.032995059203623854,0.08037420786927325
STT3B,130.31,116.94,0.155,0.032995059203623854,0.08037420786927325
EMC2,28.38,24.02,0.232,0.032995059203623854,0.08037420786927325
SLC25A24,25.98,21.11,0.287,0.032995059203623854,0.08037420786927325
IPO9,27.06,33.16,-0.284,0.033292112220293185,0.08108481259424725
DUS2,8.7,10.58,-0.256,0.033592618573038,0.0815943491575006
TBCD,26.36,21.12,0.307,0.033592618573038,0.0815943491575006
KLF4,54.09,57.09,-0.076,0.033592618573038,0.0815943491575006
C9orf72,7.73,11.2,-0.483,0.033592618573038,0.0815943491575006
SYBU,14.93,7.74,0.866,0.033592618573038,0.0815943491575006
SH3BGRL,177.8,140.5,0.338,0.033592618573038,0.0815943491575006
C9orf85,5.21,6.08,-0.188,0.033592618573038,0.0815943491575006
STK11,17.65,21.13,-0.247,0.033592618573038,0.0815943491575006
GYPE,1.64,0.93,0.45,0.03358095972172054,0.0815943491575006
RECQL4,16.11,24.39,-0.57,0.033592618573038,0.0815943491575006
ISOC1,40.35,36.27,0.15,0.033592618573038,0.0815943491575006
MAGED1,160.45,134.43,0.254,0.033592618573038,0.0815943491575006
PTGES2,23.54,28.82,-0.281,0.033592618573038,0.0815943491575006
DHX58,24.2,18.87,0.343,0.033592618573038,0.0815943491575006
NAAA,16.39,13.37,0.275,0.033592618573038,0.0815943491575006
RCC1L,43.59,51.84,-0.245,0.033592618573038,0.0815943491575006
HNRNPC,167.65,200.11,-0.254,0.033592618573038,0.0815943491575006
ERVV-1,0.71,1.55,-0.579,0.03369717453373877,0.08183522581379367
SALL1,0.62,2.36,-1.052,0.03388033949144156,0.08226690073413324
FAM124B,2.15,1.67,0.239,0.0341994103698754,0.08267170115346331
VWA8,8.4,9.78,-0.198,0.0341994103698754,0.08267170115346331
MMRN2,20.28,18.34,0.138,0.0341994103698754,0.08267170115346331
SPTBN1,90.81,67.49,0.423,0.0341994103698754,0.08267170115346331
MTHFD1,11.81,15.88,-0.397,0.0341994103698754,0.08267170115346331
JAML,10.88,8.04,0.393,0.0341994103698754,0.08267170115346331
KCNQ4,2.53,1.32,0.606,0.0341994103698754,0.08267170115346331
DOCK11,12.58,9.71,0.344,0.0341994103698754,0.08267170115346331
POFUT2,19.57,14.82,0.379,0.0341994103698754,0.08267170115346331
PTK6,32.26,24.14,0.404,0.0341994103698754,0.08267170115346331
CCDC163,3.52,4.52,-0.289,0.0341994103698754,0.08267170115346331
C1orf194,12.84,12.43,0.043,0.03419705058002573,0.08267170115346331
FANCG,0.56,1.03,-0.374,0.0341994103698754,0.08267170115346331
DCP1A,17.58,14.21,0.288,0.0341994103698754,0.08267170115346331
RPL18A,322.63,367.63,-0.188,0.0341994103698754,0.08267170115346331
DCUN1D3,11.0,9.18,0.238,0.0341994103698754,0.08267170115346331
SOX4,159.46,114.73,0.472,0.0341994103698754,0.08267170115346331
H3-5,1.13,1.32,-0.123,0.0341994103698754,0.08267170115346331
CLPB,5.68,7.15,-0.288,0.0341994103698754,0.08267170115346331
EXOC3L2,6.09,4.39,0.395,0.0341994103698754,0.08267170115346331
EIF3L,84.18,100.53,-0.253,0.0341994103698754,0.08267170115346331
SAA1,58.67,120.16,-1.022,0.0341994103698754,0.08267170115346331
FKBP1B,4.55,3.15,0.419,0.0341994103698754,0.08267170115346331
CARHSP1,25.12,20.5,0.281,0.0341994103698754,0.08267170115346331
ELP1,5.74,7.18,-0.278,0.0341994103698754,0.08267170115346331
MUC4,24.41,13.2,0.839,0.0341994103698754,0.08267170115346331
CCDC32,2.94,2.59,0.136,0.0341994103698754,0.08267170115346331
ATP6V0A1,23.81,19.1,0.304,0.0341994103698754,0.08267170115346331
UCN3,3.83,2.05,0.661,0.034410261569848395,0.08316816799724891
ZFAND6,52.94,45.71,0.208,0.03481554515954396,0.08388084009022381
RORA,4.01,5.47,-0.367,0.03481554515954396,0.08388084009022381
SUSD5,3.23,3.71,-0.156,0.03481554515954396,0.08388084009022381
TMEM170A,14.53,12.22,0.232,0.03481554515954396,0.08388084009022381
SPRED2,43.14,32.42,0.402,0.03481554515954396,0.08388084009022381
PIGV,11.82,9.88,0.237,0.03481554515954396,0.08388084009022381
RBMX,83.74,103.07,-0.296,0.03481554515954396,0.08388084009022381
CDH3,70.98,133.0,-0.896,0.03481554515954396,0.08388084009022381
METTL22,4.58,5.98,-0.325,0.03481554515954396,0.08388084009022381
POLDIP2,145.73,177.45,-0.282,0.03481554515954396,0.08388084009022381
UAP1,69.6,57.91,0.261,0.03481554515954396,0.08388084009022381
AGA,44.23,29.58,0.564,0.03481554515954396,0.08388084009022381
C12orf73,4.79,6.26,-0.327,0.03481554515954396,0.08388084009022381
FPGS,57.66,48.46,0.246,0.03481554515954396,0.08388084009022381
FAM102B,8.55,9.1,-0.081,0.03481554515954396,0.08388084009022381
GCOM1,1.26,0.81,0.32,0.03481554515954396,0.08388084009022381
CTNNBL1,37.24,42.34,-0.181,0.03481554515954396,0.08388084009022381
NPC1,25.91,30.43,-0.224,0.03481554515954396,0.08388084009022381
EVA1C,18.58,14.8,0.31,0.03481554515954396,0.08388084009022381
STUB1,35.87,31.99,0.16,0.03481554515954396,0.08388084009022381
NHLRC4,3.62,3.23,0.129,0.03512594990966953,0.08461527778303618
LPCAT4,24.73,32.35,-0.374,0.035441134229584524,0.08510465502609098
DHX37,14.42,17.1,-0.231,0.035441134229584524,0.08510465502609098
RSPH3,11.52,9.77,0.217,0.035441134229584524,0.08510465502609098
SMAD2,7.44,9.66,-0.337,0.035441134229584524,0.08510465502609098
PPP2R2D,15.33,12.88,0.235,0.035441134229584524,0.08510465502609098
SLK,40.8,34.26,0.246,0.035441134229584524,0.08510465502609098
FAM167B,18.01,13.8,0.361,0.035441134229584524,0.08510465502609098
ZNF44,6.46,5.31,0.242,0.035441134229584524,0.08510465502609098
FGF2,2.63,3.76,-0.391,0.035441134229584524,0.08510465502609098
PALM2AKAP2,25.76,17.27,0.551,0.035441134229584524,0.08510465502609098
LAMB1,26.77,34.43,-0.352,0.035441134229584524,0.08510465502609098
SIGLEC14,7.42,5.9,0.289,0.03543871804085075,0.08510465502609098
ILDR1,19.39,16.2,0.245,0.035441134229584524,0.08510465502609098
ECM2,9.37,6.09,0.549,0.035441134229584524,0.08510465502609098
ZNF154,3.11,2.46,0.251,0.035441134229584524,0.08510465502609098
TMEM240,1.38,1.11,0.169,0.035441134229584524,0.08510465502609098
EDNRA,24.57,18.02,0.426,0.035441134229584524,0.08510465502609098
HUNK,3.47,3.4,0.02,0.035441134229584524,0.08510465502609098
ZNF211,9.95,8.59,0.192,0.035440530178159936,0.08510465502609098
RNF20,33.14,41.52,-0.317,0.035441134229584524,0.08510465502609098
SLC29A1,71.86,52.77,0.438,0.03607628958325637,0.08631607364384473
METTL25,4.67,4.21,0.122,0.03607628958325637,0.08631607364384473
TLR7,4.2,3.25,0.293,0.03607628958325637,0.08631607364384473
WDR76,8.58,11.82,-0.421,0.03607628958325637,0.08631607364384473
ZNF425,2.89,2.2,0.281,0.03607628958325637,0.08631607364384473
AP1B1,75.94,87.38,-0.2,0.03607628958325637,0.08631607364384473
CTF1,22.84,17.7,0.35,0.03607628958325637,0.08631607364384473
R3HCC1,37.82,32.69,0.204,0.03607628958325637,0.08631607364384473
EMC4,27.37,32.19,-0.226,0.03607628958325637,0.08631607364384473
COX18,10.85,8.68,0.293,0.03607567841463804,0.08631607364384473
RPS2,1161.09,1276.14,-0.136,0.03607628958325637,0.08631607364384473
GJC3,1.33,1.78,-0.256,0.03606406674292727,0.08631607364384473
ZNF551,5.41,7.19,-0.355,0.03607628958325637,0.08631607364384473
ZSCAN25,8.52,9.89,-0.195,0.03607628958325637,0.08631607364384473
KLHL41,1.28,0.34,0.767,0.03607628958325637,0.08631607364384473
GPBP1,44.77,40.35,0.146,0.03607628958325637,0.08631607364384473
FKBP1C,1.57,1.79,-0.121,0.03607628958325637,0.08631607364384473
PSME1,360.51,317.42,0.183,0.03607628958325637,0.08631607364384473
ID1,139.06,198.59,-0.511,0.03607628958325637,0.08631607364384473
SULT4A1,1.87,3.08,-0.506,0.03600235852543083,0.08631607364384473
H2AC8,10.02,29.95,-1.49,0.03607628958325637,0.08631607364384473
TOB2,64.57,51.85,0.311,0.03607628958325637,0.08631607364384473
CISD3,33.63,28.17,0.248,0.03607628958325637,0.08631607364384473
C6orf58,0.52,4.8,-1.935,0.03637597543397928,0.08701939769618126
BTBD19,5.75,4.17,0.387,0.036396875067672294,0.0870282850020688
CFAP94,3.02,2.49,0.203,0.036396875067672294,0.0870282850020688
DLGAP1,0.81,1.58,-0.509,0.036396875067672294,0.0870282850020688
ADAMTS4,7.93,10.5,-0.365,0.03672112393287419,0.08747319471811814
SRPK2,24.42,28.63,-0.221,0.03672112393287419,0.08747319471811814
KDM4D,1.7,2.27,-0.28,0.03672112393287419,0.08747319471811814
KLK1,3.92,2.47,0.501,0.03672112393287419,0.08747319471811814
ZNF800,13.61,12.01,0.167,0.03672112393287419,0.08747319471811814
TANK,26.91,24.7,0.119,0.03672112393287419,0.08747319471811814
MAP1S,26.12,21.67,0.259,0.03672112393287419,0.08747319471811814
DDX50,46.95,57.79,-0.294,0.03672112393287419,0.08747319471811814
AKAP6,1.42,1.07,0.225,0.03672112393287419,0.08747319471811814
ZNF649,6.0,3.86,0.525,0.03672112393287419,0.08747319471811814
HDAC8,1.58,1.3,0.161,0.03672112393287419,0.08747319471811814
DPCD,33.0,29.5,0.156,0.03672112393287419,0.08747319471811814
LHFPL6,27.59,21.17,0.367,0.03672112393287419,0.08747319471811814
ACADSB,20.61,16.9,0.272,0.03672112393287419,0.08747319471811814
NES,42.24,34.04,0.304,0.03672112393287419,0.08747319471811814
CDK8,14.81,17.88,-0.256,0.03672112393287419,0.08747319471811814
C6,3.96,3.41,0.168,0.036669193866926526,0.08747319471811814
DCLRE1C,6.41,5.34,0.225,0.03672112393287419,0.08747319471811814
MPRIP,30.08,23.22,0.36,0.03672112393287419,0.08747319471811814
PUM3,37.65,79.82,-1.064,0.03672112393287419,0.08747319471811814
GPM6A,6.65,2.46,1.147,0.03671494075608598,0.08747319471811814
CDO1,6.24,3.6,0.653,0.03672112393287419,0.08747319471811814
EFL1,14.82,16.62,-0.155,0.03672112393287419,0.08747319471811814
TACC3,21.45,25.77,-0.254,0.03672112393287419,0.08747319471811814
PTCRA,1.95,1.44,0.273,0.037045962293899705,0.08823315647142471
ST3GAL6,5.5,3.75,0.451,0.037375750692894755,0.08860193170184896
FEZ2,20.47,17.12,0.244,0.037375750692894755,0.08860193170184896
HLA-DOA,60.06,42.35,0.494,0.037375750692894755,0.08860193170184896
SNX18,23.68,18.47,0.342,0.037375750692894755,0.08860193170184896
TMEM30A,166.61,126.96,0.389,0.037375750692894755,0.08860193170184896
ZNF121,15.16,20.22,-0.393,0.037375750692894755,0.08860193170184896
POLE,8.46,11.04,-0.348,0.037375750692894755,0.08860193170184896
FAM228B,1.92,1.81,0.057,0.037375750692894755,0.08860193170184896
CUEDC1,40.95,29.01,0.483,0.037375750692894755,0.08860193170184896
MORC1,0.01,1.88,-1.512,0.03736000486236632,0.08860193170184896
GRHL1,9.34,13.34,-0.472,0.037375750692894755,0.08860193170184896
SHB,10.58,9.13,0.192,0.037375125157327056,0.08860193170184896
AKT1S1,31.07,37.39,-0.26,0.037375750692894755,0.08860193170184896
NRL,1.29,1.1,0.126,0.037375750692894755,0.08860193170184896
DOK2,34.06,27.04,0.322,0.037375750692894755,0.08860193170184896
BEND3,3.68,4.56,-0.25,0.037375750692894755,0.08860193170184896
PTPN2,16.6,19.55,-0.224,0.037375750692894755,0.08860193170184896
GOLGA4,29.44,23.65,0.304,0.037375750692894755,0.08860193170184896
RPSA,409.58,478.61,-0.224,0.037375750692894755,0.08860193170184896
ZNF721,8.73,7.06,0.27,0.037375750692894755,0.08860193170184896
H2BC13,0.97,6.19,-1.869,0.037238199027689566,0.08860193170184896
KANK4,2.63,3.21,-0.214,0.037375750692894755,0.08860193170184896
BNIP5,2.03,0.46,1.053,0.037340724925048537,0.08860193170184896
KCNC4,1.41,2.19,-0.407,0.037375750692894755,0.08860193170184896
SEC62,83.5,78.18,0.094,0.037375750692894755,0.08860193170184896
EIF4ENIF1,11.88,13.56,-0.177,0.037375750692894755,0.08860193170184896
CEP250,9.0,11.57,-0.33,0.037375750692894755,0.08860193170184896
KRT19,1630.0,2184.07,-0.422,0.037375750692894755,0.08860193170184896
ZSCAN30,6.07,5.07,0.219,0.037375125157327056,0.08860193170184896
NT5DC1,15.84,18.38,-0.203,0.037375750692894755,0.08860193170184896
CALCA,72.23,0.51,5.597,0.03768635093831849,0.08932429482150903
RAD21,117.92,138.4,-0.229,0.03804028397275012,0.0898408261150307
CNPY2,3.13,2.64,0.182,0.03804028397275012,0.0898408261150307
MACF1,26.19,19.22,0.428,0.03804028397275012,0.0898408261150307
APOBEC1,1.51,0.33,0.911,0.03799240337581375,0.0898408261150307
MZT2A,22.59,29.51,-0.371,0.03804028397275012,0.0898408261150307
POLDIP3,80.28,93.35,-0.215,0.03804028397275012,0.0898408261150307
NWD1,2.39,2.6,-0.087,0.03804028397275012,0.0898408261150307
FAM214B,16.81,13.88,0.26,0.03804028397275012,0.0898408261150307
PCDHB14,3.78,5.47,-0.438,0.03804028397275012,0.0898408261150307
MIDN,103.57,78.02,0.404,0.03804028397275012,0.0898408261150307
FAIM2,1.89,0.74,0.732,0.03804028397275012,0.0898408261150307
METRNL,53.09,41.12,0.361,0.03804028397275012,0.0898408261150307
CEP83,4.54,5.68,-0.27,0.03804028397275012,0.0898408261150307
ZNF724,0.66,1.16,-0.381,0.03803965118834796,0.0898408261150307
TJP1,38.5,30.13,0.343,0.03804028397275012,0.0898408261150307
SOCS1,16.16,27.96,-0.755,0.03804028397275012,0.0898408261150307
AGBL3,1.24,0.93,0.217,0.03804028397275012,0.0898408261150307
HIPK2,20.93,15.64,0.398,0.03804028397275012,0.0898408261150307
RPS5,562.54,668.64,-0.249,0.03804028397275012,0.0898408261150307
PLEKHA1,9.87,13.32,-0.397,0.03804028397275012,0.0898408261150307
ZNF146,73.22,103.44,-0.493,0.03804028397275012,0.0898408261150307
CLSTN2,1.34,6.68,-1.715,0.03804028397275012,0.0898408261150307
RNF5,150.37,123.02,0.287,0.03804028397275012,0.0898408261150307
REEP2,2.25,4.22,-0.684,0.038714838569427215,0.09102360606395972
ADGRA3,10.35,14.45,-0.444,0.038714838569427215,0.09102360606395972
C1orf56,14.2,11.16,0.322,0.038714838569427215,0.09102360606395972
BMP8B,6.33,4.22,0.49,0.038714838569427215,0.09102360606395972
SUGT1,9.79,8.32,0.212,0.038714838569427215,0.09102360606395972
ZMYND19,28.49,38.03,-0.404,0.038714838569427215,0.09102360606395972
COMMD7,58.18,53.46,0.12,0.038714838569427215,0.09102360606395972
POU6F1,5.12,4.27,0.217,0.038714838569427215,0.09102360606395972
CCDC9B,8.98,6.22,0.468,0.038714838569427215,0.09102360606395972
BX255925.3,40.3,31.36,0.352,0.038714838569427215,0.09102360606395972
NABP2,50.74,58.33,-0.198,0.038714838569427215,0.09102360606395972
PANK3,18.15,21.73,-0.247,0.038714838569427215,0.09102360606395972
HLA-A,1742.34,1338.69,0.38,0.038714838569427215,0.09102360606395972
MAPRE1,186.26,213.67,-0.197,0.038714838569427215,0.09102360606395972
DICER1,15.52,19.04,-0.279,0.038714838569427215,0.09102360606395972
CEBPZ,31.37,38.99,-0.305,0.038714838569427215,0.09102360606395972
TLE3,21.54,25.85,-0.253,0.038714838569427215,0.09102360606395972
AXL,45.75,35.27,0.366,0.038714838569427215,0.09102360606395972
ABI2,7.2,6.42,0.145,0.038714838569427215,0.09102360606395972
KIF20B,7.13,8.0,-0.147,0.038714838569427215,0.09102360606395972
CTCF,18.47,21.11,-0.184,0.038714838569427215,0.09102360606395972
TEFM,5.96,7.46,-0.281,0.038714838569427215,0.09102360606395972
CCDC3,16.56,22.14,-0.399,0.038714838569427215,0.09102360606395972
NANS,21.56,19.42,0.144,0.038714838569427215,0.09102360606395972
SLC44A5,5.81,8.48,-0.477,0.038714838569427215,0.09102360606395972
SLC26A11,18.05,14.12,0.333,0.038714838569427215,0.09102360606395972
PLCG2,5.65,7.12,-0.287,0.038714838569427215,0.09102360606395972
SPPL3,35.62,39.9,-0.159,0.038714838569427215,0.09102360606395972
ATMIN,33.45,37.48,-0.16,0.038714838569427215,0.09102360606395972
GOLGA6L9,1.36,2.38,-0.516,0.039055266183755384,0.09179558464260452
SMTNL2,2.51,1.78,0.337,0.039055266183755384,0.09179558464260452
IQSEC1,22.5,19.09,0.226,0.039399529959789924,0.09224796712576487
MPHOSPH8,33.69,28.0,0.258,0.039399529959789924,0.09224796712576487
CCDC47,101.72,87.19,0.22,0.039399529959789924,0.09224796712576487
NCKIPSD,26.98,23.99,0.163,0.039399529959789924,0.09224796712576487
ZNF462,5.65,8.44,-0.505,0.039399529959789924,0.09224796712576487
CEP20,55.68,81.61,-0.544,0.039399529959789924,0.09224796712576487
DLL3,1.56,1.91,-0.184,0.039363279057035606,0.09224796712576487
EMD,95.5,115.72,-0.274,0.039399529959789924,0.09224796712576487
SPTY2D1,21.86,18.67,0.217,0.039399529959789924,0.09224796712576487
SLC38A9,5.95,4.95,0.223,0.039399529959789924,0.09224796712576487
ASAP1,22.22,29.42,-0.389,0.039399529959789924,0.09224796712576487
UCKL1,33.59,41.62,-0.301,0.039399529959789924,0.09224796712576487
WDTC1,55.37,46.83,0.237,0.039399529959789924,0.09224796712576487
PDGFC,22.29,14.89,0.551,0.039399529959789924,0.09224796712576487
IQGAP2,8.6,6.43,0.37,0.039399529959789924,0.09224796712576487
POU6F2,3.3,2.4,0.339,0.03939888254942304,0.09224796712576487
TSPAN31,26.3,21.6,0.273,0.039399529959789924,0.09224796712576487
NDUFA2,50.24,43.44,0.205,0.039399529959789924,0.09224796712576487
CACHD1,15.5,16.76,-0.106,0.039399529959789924,0.09224796712576487
DEPP1,152.42,145.53,0.066,0.039399529959789924,0.09224796712576487
CCDC173,2.9,2.54,0.14,0.039399529959789924,0.09224796712576487
MOK,2.54,4.41,-0.614,0.039399529959789924,0.09224796712576487
PROB1,2.51,4.29,-0.591,0.039399529959789924,0.09224796712576487
ZIK1,4.38,3.36,0.304,0.039399529959789924,0.09224796712576487
ZBTB46,3.44,2.95,0.169,0.039399529959789924,0.09224796712576487
KLK8,1.61,3.74,-0.859,0.0394342329102394,0.09231499238910126
PIP,29.55,16.16,0.832,0.0395610434097863,0.09259758627713499
NPHP1,1.41,1.23,0.111,0.039745062129863125,0.09299965022932549
RNPC3,6.27,4.47,0.411,0.039745062129863125,0.09299965022932549
AOX1,9.1,4.85,0.788,0.04009447429264326,0.09334009781163768
CCDC174,16.38,14.39,0.175,0.04009447429264326,0.09334009781163768
CDKL5,3.85,3.15,0.223,0.04009447429264326,0.09334009781163768
TRIM21,49.64,41.34,0.258,0.04009447429264326,0.09334009781163768
TCAP,2.37,2.06,0.142,0.040093819506164835,0.09334009781163768
ADGRE2,3.48,4.3,-0.243,0.04009447429264326,0.09334009781163768
FCSK,12.45,9.89,0.304,0.04009447429264326,0.09334009781163768
GEMIN2,11.32,14.05,-0.289,0.04009447429264326,0.09334009781163768
ACSS3,2.34,1.57,0.379,0.04009447429264326,0.09334009781163768
DNMT1,20.02,26.03,-0.363,0.04009447429264326,0.09334009781163768
NCAPG2,13.73,18.87,-0.432,0.04009447429264326,0.09334009781163768
MAP1B,13.37,38.24,-1.449,0.04009447429264326,0.09334009781163768
SLC35A2,63.12,50.33,0.321,0.04009447429264326,0.09334009781163768
FCRL6,2.34,1.88,0.214,0.04009447429264326,0.09334009781163768
C2orf42,8.74,10.15,-0.194,0.04009447429264326,0.09334009781163768
XRN2,89.47,107.02,-0.256,0.04009447429264326,0.09334009781163768
OR6T1,3.32,0.09,1.993,0.040099441743997835,0.09334009781163768
MED20,27.61,28.29,-0.034,0.04009447429264326,0.09334009781163768
RERE,30.92,26.58,0.211,0.04009447429264326,0.09334009781163768
H4-16,1.69,2.96,-0.557,0.04009447429264326,0.09334009781163768
PGLYRP4,2.36,9.92,-1.699,0.04009447429264326,0.09334009781163768
REXO2,31.25,26.76,0.217,0.04009447429264326,0.09334009781163768
CD300LF,17.35,12.05,0.492,0.04009447429264326,0.09334009781163768
GPCPD1,43.76,29.92,0.533,0.04009447429264326,0.09334009781163768
DCST2,3.04,1.62,0.629,0.040093819506164835,0.09334009781163768
IL17D,1.79,1.42,0.205,0.040093819506164835,0.09334009781163768
PPA1,119.78,103.57,0.208,0.04009447429264326,0.09334009781163768
FXN,2.2,2.75,-0.231,0.040093819506164835,0.09334009781163768
ATG5,23.73,29.19,-0.288,0.04009447429264326,0.09334009781163768
MT-ND3,9557.66,7411.71,0.367,0.04009447429264326,0.09334009781163768
PLIN3,85.89,67.65,0.34,0.04009447429264326,0.09334009781163768
MS4A8,15.87,14.31,0.14,0.03995048433100204,0.09334009781163768
HSPA9,68.47,82.32,-0.262,0.04009447429264326,0.09334009781163768
IQCK,3.83,3.22,0.196,0.04009447429264326,0.09334009781163768
H2AC21,0.18,3.3,-1.864,0.04022034937658764,0.09360719486496569
INSL4,5.53,0.21,2.431,0.040250141483638056,0.09366218403444831
HBA1,2.08,0.88,0.716,0.04026029329951918,0.0936714603521585
DENR,71.24,82.93,-0.216,0.040799788380537515,0.09443497636586022
SYNGAP1,5.45,7.29,-0.362,0.040799788380537515,0.09443497636586022
SLC13A3,2.65,1.69,0.441,0.040799788380537515,0.09443497636586022
ZMYM6,4.55,4.0,0.15,0.040799788380537515,0.09443497636586022
PRELID3A,3.51,4.42,-0.265,0.040799788380537515,0.09443497636586022
PCGF5,23.96,20.84,0.193,0.040799788380537515,0.09443497636586022
CAPZB,44.95,38.64,0.213,0.040799788380537515,0.09443497636586022
UBTF,52.74,61.1,-0.209,0.040799788380537515,0.09443497636586022
HS6ST2,32.39,18.78,0.755,0.040799788380537515,0.09443497636586022
PPP2R3C,11.7,9.84,0.229,0.040799788380537515,0.09443497636586022
INKA2,4.7,6.0,-0.298,0.040799788380537515,0.09443497636586022
NKIRAS1,6.63,5.93,0.138,0.040799788380537515,0.09443497636586022
ALKBH3,23.28,27.31,-0.221,0.040799788380537515,0.09443497636586022
MYO15B,13.59,7.16,0.839,0.040799788380537515,0.09443497636586022
TPST2,20.64,24.11,-0.215,0.040799788380537515,0.09443497636586022
INO80E,22.76,18.6,0.278,0.040799788380537515,0.09443497636586022
KIF13A,19.39,23.53,-0.266,0.040799788380537515,0.09443497636586022
PRDX5,1121.96,945.91,0.246,0.040799788380537515,0.09443497636586022
FMC1,1.15,0.99,0.107,0.040799788380537515,0.09443497636586022
CMC1,4.92,4.29,0.161,0.040799788380537515,0.09443497636586022
PIM1,69.57,80.44,-0.207,0.040799788380537515,0.09443497636586022
LY6H,1.65,2.09,-0.224,0.040799788380537515,0.09443497636586022
RNF135,45.82,37.62,0.278,0.040799788380537515,0.09443497636586022
THOC1,8.3,10.76,-0.339,0.040799788380537515,0.09443497636586022
DUOX1,26.12,30.27,-0.205,0.040799788380537515,0.09443497636586022
SERPING1,169.74,134.91,0.329,0.040799788380537515,0.09443497636586022
SYN1,1.14,1.37,-0.144,0.040799126176567904,0.09443497636586022
RPL14,174.48,138.14,0.335,0.040799788380537515,0.09443497636586022
ASPRV1,1.58,4.92,-1.201,0.040799788380537515,0.09443497636586022
BNIP2,24.95,28.59,-0.189,0.040799788380537515,0.09443497636586022
CLEC4F,1.07,0.52,0.442,0.040799126176567904,0.09443497636586022
ZNF528,6.88,5.31,0.32,0.040799788380537515,0.09443497636586022
MLXIP,29.61,24.16,0.283,0.040799788380537515,0.09443497636586022
CCDC6,49.88,40.83,0.283,0.040799788380537515,0.09443497636586022
KLK6,10.05,7.81,0.327,0.040966019950350256,0.09480529186681973
ELANE,1.33,0.48,0.653,0.041210488492547506,0.09535652629717853
VPS13C,12.9,10.88,0.226,0.04151558969130968,0.09577077955968236
HSPB11,27.07,22.12,0.28,0.04151558969130968,0.09577077955968236
PPP2CB,74.63,59.48,0.322,0.04151558969130968,0.09577077955968236
ZNF257,1.22,0.71,0.382,0.04151558969130968,0.09577077955968236
ALG2,46.19,40.83,0.174,0.04151558969130968,0.09577077955968236
NUP35,9.54,11.88,-0.29,0.04151558969130968,0.09577077955968236
TCF25,40.02,33.52,0.249,0.04151558969130968,0.09577077955968236
TRIM27,35.09,29.35,0.25,0.04151558969130968,0.09577077955968236
FAR1,27.26,32.05,-0.226,0.04151558969130968,0.09577077955968236
HNRNPR,50.08,57.12,-0.186,0.04151558969130968,0.09577077955968236
AR,3.57,1.45,0.896,0.04151558969130968,0.09577077955968236
ARHGAP19,7.31,8.49,-0.191,0.04151558969130968,0.09577077955968236
C20orf194,9.49,12.66,-0.381,0.04151558969130968,0.09577077955968236
ADGRV1,1.59,2.44,-0.406,0.04151558969130968,0.09577077955968236
PHACTR2,12.13,9.04,0.387,0.04151558969130968,0.09577077955968236
DDX1,34.77,42.2,-0.272,0.04151558969130968,0.09577077955968236
STK24,19.42,21.06,-0.112,0.04151558969130968,0.09577077955968236
COA6,24.41,40.07,-0.693,0.04151558969130968,0.09577077955968236
FSBP,1.31,1.92,-0.334,0.04151558969130968,0.09577077955968236
VPS26B,30.3,26.64,0.179,0.04151558969130968,0.09577077955968236
PHF8,18.58,22.83,-0.284,0.04224199633936182,0.09704863910236265
NCAM2,2.99,2.11,0.357,0.04224199633936182,0.09704863910236265
ATP5F1A,102.47,126.8,-0.305,0.04224199633936182,0.09704863910236265
HRH1,8.48,7.61,0.139,0.04224199633936182,0.09704863910236265
CNOT1,38.43,48.7,-0.334,0.04224199633936182,0.09704863910236265
ZNF34,7.53,6.19,0.246,0.04224199633936182,0.09704863910236265
GULP1,9.68,6.91,0.434,0.04224199633936182,0.09704863910236265
AKAP8,24.25,28.26,-0.213,0.04224199633936182,0.09704863910236265
PLEKHA2,18.37,24.13,-0.376,0.04224199633936182,0.09704863910236265
USE1,25.34,30.02,-0.236,0.04224199633936182,0.09704863910236265
SYNJ2BP,17.18,14.94,0.19,0.04224199633936182,0.09704863910236265
PLEKHM1,16.07,13.74,0.212,0.04224199633936182,0.09704863910236265
HUS1,14.39,18.08,-0.31,0.04224199633936182,0.09704863910236265
TMEM91,8.63,6.34,0.393,0.04224199633936182,0.09704863910236265
ANKRD44,6.04,4.66,0.313,0.04224199633936182,0.09704863910236265
MYO1B,66.92,54.81,0.283,0.04224199633936182,0.09704863910236265
ZNF852,1.67,1.41,0.151,0.04224199633936182,0.09704863910236265
CAPN10,9.86,7.46,0.361,0.04224199633936182,0.09704863910236265
THBD,48.58,79.14,-0.693,0.04224199633936182,0.09704863910236265
GZMA,30.19,44.6,-0.548,0.04224199633936182,0.09704863910236265
NEDD8,23.78,21.12,0.164,0.04224199633936182,0.09704863910236265
ZC3H15,70.87,88.41,-0.315,0.04224199633936182,0.09704863910236265
LBR,37.86,50.54,-0.408,0.04224199633936182,0.09704863910236265
ALCAM,128.94,102.31,0.331,0.04224199633936182,0.09704863910236265
MRPL20,70.33,64.85,0.115,0.04224199633936182,0.09704863910236265
MRPL21,33.09,42.61,-0.355,0.04224199633936182,0.09704863910236265
SVIL,21.77,26.49,-0.272,0.04224199633936182,0.09704863910236265
RRS1,33.33,40.9,-0.288,0.042979127076674235,0.0983999212893176
TUFT1,44.09,68.66,-0.628,0.042979127076674235,0.0983999212893176
THUMPD2,9.85,11.82,-0.241,0.042979127076674235,0.0983999212893176
MOB2,22.78,20.5,0.146,0.042979127076674235,0.0983999212893176
C2orf88,1.5,1.9,-0.217,0.042979127076674235,0.0983999212893176
CLP1,19.56,23.18,-0.234,0.042979127076674235,0.0983999212893176
TBC1D14,12.17,15.64,-0.338,0.042979127076674235,0.0983999212893176
EFHC2,5.25,3.59,0.448,0.042979127076674235,0.0983999212893176
HILPDA,31.13,49.16,-0.642,0.042979127076674235,0.0983999212893176
GPAM,8.31,5.29,0.564,0.042979127076674235,0.0983999212893176
TMEM177,13.96,17.3,-0.291,0.042979127076674235,0.0983999212893176
SMPD2,19.29,23.99,-0.3,0.042979127076674235,0.0983999212893176
DDB1,62.9,71.77,-0.188,0.042979127076674235,0.0983999212893176
THYN1,55.24,48.68,0.179,0.042979127076674235,0.0983999212893176
CSAG1,16.17,22.26,-0.438,0.04295114054867636,0.0983999212893176
ZFYVE27,27.93,24.14,0.202,0.042979127076674235,0.0983999212893176
TNNI2,14.45,6.35,1.072,0.042979127076674235,0.0983999212893176
FMO4,6.59,12.24,-0.802,0.042979127076674235,0.0983999212893176
DCTPP1,59.95,84.08,-0.481,0.042979127076674235,0.0983999212893176
MUL1,55.73,47.37,0.23,0.042979127076674235,0.0983999212893176
BCL9,24.64,18.81,0.372,0.042979127076674235,0.0983999212893176
ERN2,12.54,3.06,1.739,0.042978442377544904,0.0983999212893176
CATSPERB,2.32,0.91,0.793,0.042979127076674235,0.0983999212893176
P2RY4,2.49,0.32,1.397,0.04305674481679871,0.09856277293982565
CHURC1,26.12,22.11,0.231,0.043727101283550895,0.09958714582536182
CCN1,223.76,144.89,0.624,0.043727101283550895,0.09958714582536182
EPHX4,6.69,3.56,0.754,0.043727101283550895,0.09958714582536182
C6orf89,55.42,46.42,0.251,0.043727101283550895,0.09958714582536182
RIC8B,4.93,5.92,-0.223,0.043727101283550895,0.09958714582536182
PTEN,26.84,22.86,0.223,0.043727101283550895,0.09958714582536182
NFIL3,61.12,72.19,-0.237,0.043727101283550895,0.09958714582536182
GTF2H1,18.44,21.82,-0.232,0.043727101283550895,0.09958714582536182
IER5,49.28,43.84,0.165,0.043727101283550895,0.09958714582536182
FAM114A2,9.97,8.5,0.208,0.043727101283550895,0.09958714582536182
HIKESHI,21.91,26.84,-0.281,0.043727101283550895,0.09958714582536182
FER1L6,1.0,0.97,0.023,0.04368833754337101,0.09958714582536182
PHF6,12.96,16.74,-0.346,0.043727101283550895,0.09958714582536182
TTC22,11.3,18.36,-0.655,0.043727101283550895,0.09958714582536182
NOL12,2.8,3.47,-0.232,0.043727101283550895,0.09958714582536182
SNX2,28.05,23.85,0.225,0.043727101283550895,0.09958714582536182
FRAT2,23.65,25.31,-0.094,0.043727101283550895,0.09958714582536182
TMEM39A,25.69,32.3,-0.319,0.043727101283550895,0.09958714582536182
GALNT1,73.71,87.23,-0.24,0.043727101283550895,0.09958714582536182
GTF2A2,37.53,47.95,-0.345,0.043727101283550895,0.09958714582536182
PROM1,9.36,5.1,0.764,0.043727101283550895,0.09958714582536182
NECAB2,1.25,1.99,-0.407,0.043724332192268296,0.09958714582536182
FAM210B,74.95,99.48,-0.404,0.043727101283550895,0.09958714582536182
AKAP13,27.05,20.78,0.365,0.043727101283550895,0.09958714582536182
GOLPH3,223.06,176.56,0.336,0.043727101283550895,0.09958714582536182
SAR1A,62.53,57.89,0.11,0.043727101283550895,0.09958714582536182
MPI,13.0,15.3,-0.219,0.04372640900708745,0.09958714582536182
N6AMT1,6.89,5.72,0.231,0.043727101283550895,0.09958714582536182
ATG2A,22.88,19.62,0.212,0.043727101283550895,0.09958714582536182
DDX11,9.56,13.56,-0.463,0.043727101283550895,0.09958714582536182
CLEC17A,0.7,1.11,-0.318,0.043727101283550895,0.09958714582536182
SLC7A7,26.54,20.39,0.365,0.043727101283550895,0.09958714582536182
HMGB1,81.87,95.43,-0.219,0.043727101283550895,0.09958714582536182
SLC35B1,41.16,35.46,0.21,0.043727101283550895,0.09958714582536182
NAA11,0.79,2.0,-0.747,0.04387856712341651,0.09991712684443452
TTC29,2.41,2.19,0.098,0.04398967598834101,0.10015512472514088
SAFB,40.84,50.09,-0.288,0.04448603895909752,0.10101276190488248
ITGAM,18.7,17.64,0.079,0.04448603895909752,0.10101276190488248
USP6NL,8.21,6.54,0.289,0.04448603895909752,0.10101276190488248
SLC41A3,22.22,25.87,-0.21,0.04448603895909752,0.10101276190488248
ZNF440,8.0,10.24,-0.32,0.04448603895909752,0.10101276190488248
AP3M2,12.29,13.67,-0.143,0.04448603895909752,0.10101276190488248
GPSM2,3.19,4.07,-0.277,0.04448603895909752,0.10101276190488248
MDC1,17.61,20.41,-0.203,0.04448603895909752,0.10101276190488248
ZNF574,16.49,19.45,-0.225,0.04448603895909752,0.10101276190488248
PLXDC1,5.77,3.79,0.498,0.04448603895909752,0.10101276190488248
JAM2,9.62,7.33,0.35,0.04448603895909752,0.10101276190488248
GDAP2,7.25,6.34,0.169,0.04448603895909752,0.10101276190488248
SNRNP27,37.21,31.35,0.24,0.04448603895909752,0.10101276190488248
MORN1,2.13,1.78,0.169,0.04448603895909752,0.10101276190488248
SLCO4C1,12.79,6.62,0.857,0.04448603895909752,0.10101276190488248
LEMD3,19.91,29.0,-0.521,0.044485339066842405,0.10101276190488248
CDCA7L,20.06,29.52,-0.535,0.04448603895909752,0.10101276190488248
GTF2B,41.74,35.4,0.232,0.04448603895909752,0.10101276190488248
IFNG,1.35,2.24,-0.466,0.0448689530497673,0.1018670059302323
RABGAP1L,12.98,10.72,0.255,0.045256060711428854,0.10234821827757348
ZFYVE9,9.63,11.63,-0.249,0.045256060711428854,0.10234821827757348
PRRG1,5.27,3.48,0.486,0.045256060711428854,0.10234821827757348
SOX10,0.09,2.04,-1.485,0.04524654547460274,0.10234821827757348
CS,72.49,82.33,-0.181,0.045256060711428854,0.10234821827757348
NUP160,24.26,29.82,-0.287,0.045256060711428854,0.10234821827757348
FIS1,171.47,146.99,0.221,0.045256060711428854,0.10234821827757348
LRRC4B,2.63,2.27,0.147,0.045256060711428854,0.10234821827757348
LRRK1,4.73,5.73,-0.231,0.045256060711428854,0.10234821827757348
NONO,103.14,126.69,-0.294,0.045256060711428854,0.10234821827757348
MNDA,32.78,27.47,0.246,0.045256060711428854,0.10234821827757348
TMEM242,9.21,11.72,-0.316,0.045256060711428854,0.10234821827757348
MRFAP1L1,103.85,89.01,0.22,0.045256060711428854,0.10234821827757348
COX6B1,330.19,432.33,-0.388,0.045256060711428854,0.10234821827757348
PDE7B,1.96,1.85,0.055,0.045256060711428854,0.10234821827757348
FLNB,74.31,55.2,0.422,0.04525535316556014,0.10234821827757348
KAT8,23.05,20.12,0.187,0.045256060711428854,0.10234821827757348
SMNDC1,21.42,24.64,-0.193,0.045256060711428854,0.10234821827757348
FAM241A,5.49,3.87,0.413,0.045256060711428854,0.10234821827757348
CDYL,25.03,31.76,-0.332,0.045256060711428854,0.10234821827757348
LAMA5,47.02,64.22,-0.441,0.045256060711428854,0.10234821827757348
SDHAF3,39.22,58.64,-0.568,0.045256060711428854,0.10234821827757348
YY1,43.74,48.48,-0.145,0.045256060711428854,0.10234821827757348
HAUS1,23.13,36.94,-0.653,0.045256060711428854,0.10234821827757348
RGS11,1.94,1.39,0.301,0.045256060711428854,0.10234821827757348
CEP192,9.68,11.4,-0.216,0.045256060711428854,0.10234821827757348
KLK5,5.01,12.92,-1.212,0.04573641886891943,0.10341917128672316
SAPCD2,9.27,14.06,-0.553,0.0460365725109536,0.1038676140108949
PHF13,26.15,30.77,-0.227,0.04603728774760523,0.1038676140108949
RAD52,6.41,7.68,-0.229,0.04603728774760523,0.1038676140108949
SYNDIG1,5.1,6.52,-0.303,0.04603728774760523,0.1038676140108949
FBXL4,10.34,11.52,-0.143,0.04603728774760523,0.1038676140108949
GLMP,52.44,41.23,0.339,0.04603728774760523,0.1038676140108949
DPF2,21.51,25.36,-0.228,0.04603728774760523,0.1038676140108949
C4orf47,5.36,4.0,0.348,0.04603728774760523,0.1038676140108949
EMP2,139.4,97.67,0.509,0.04603728774760523,0.1038676140108949
STK4,16.73,19.86,-0.235,0.04603728774760523,0.1038676140108949
HPS6,31.8,28.0,0.178,0.04603728774760523,0.1038676140108949
GABRB3,1.2,2.12,-0.505,0.0460365725109536,0.1038676140108949
GNAS,223.01,263.82,-0.241,0.04603728774760523,0.1038676140108949
PATJ,19.95,16.47,0.262,0.04603728774760523,0.1038676140108949
LMNTD2,6.62,3.52,0.754,0.04603728774760523,0.1038676140108949
AP4S1,4.09,3.41,0.207,0.04682911889936249,0.1053896885541494
EAF1,15.69,13.53,0.199,0.046829841863296424,0.1053896885541494
THEMIS2,37.24,32.08,0.209,0.046829841863296424,0.1053896885541494
EFNA3,8.09,13.43,-0.668,0.046829841863296424,0.1053896885541494
KRR1,8.31,10.08,-0.25,0.046829841863296424,0.1053896885541494
PXDN,50.94,42.85,0.244,0.046829841863296424,0.1053896885541494
DNAJC5B,2.41,1.7,0.341,0.046829841863296424,0.1053896885541494
CA4,14.78,9.07,0.648,0.046826950021129715,0.1053896885541494
CFAP36,50.45,43.63,0.205,0.046829841863296424,0.1053896885541494
BLOC1S1,9.06,8.22,0.125,0.046829841863296424,0.1053896885541494
NIPAL1,3.81,4.72,-0.248,0.046829841863296424,0.1053896885541494
C7,50.53,35.6,0.493,0.046829841863296424,0.1053896885541494
CCN4,13.15,18.0,-0.425,0.046829841863296424,0.1053896885541494
ADAMTS2,15.81,18.38,-0.205,0.046829841863296424,0.1053896885541494
HOXA3,4.07,4.12,-0.014,0.046829841863296424,0.1053896885541494
PANX2,18.51,28.76,-0.609,0.046829841863296424,0.1053896885541494
MAN2A1,16.46,13.65,0.253,0.046829841863296424,0.1053896885541494
PLIN4,1.1,1.62,-0.322,0.047229677954401104,0.10625803304623367
PVALB,1.34,4.48,-1.227,0.047229677954401104,0.10625803304623367
CCDC167,85.71,107.59,-0.325,0.04763384543217156,0.10669335303714911
USP3,9.18,7.76,0.217,0.04763384543217156,0.10669335303714911
ARSA,50.79,38.74,0.382,0.04763384543217156,0.10669335303714911
PCOLCE2,9.51,13.2,-0.434,0.04763384543217156,0.10669335303714911
MAMDC4,5.02,3.45,0.437,0.04763384543217156,0.10669335303714911
AKR1B1,88.59,104.27,-0.233,0.04763384543217156,0.10669335303714911
ZNF595,6.04,5.14,0.197,0.04763384543217156,0.10669335303714911
UBE2O,26.73,34.49,-0.356,0.04763384543217156,0.10669335303714911
VGLL3,10.73,4.6,1.067,0.04763384543217156,0.10669335303714911
KIRREL1,18.81,26.03,-0.448,0.04763384543217156,0.10669335303714911
MT1H,3.96,4.06,-0.03,0.04763092253736044,0.10669335303714911
SLFN5,34.15,25.92,0.385,0.04763384543217156,0.10669335303714911
NEBL,15.36,10.63,0.492,0.04763384543217156,0.10669335303714911
USF2,66.02,78.24,-0.242,0.04763384543217156,0.10669335303714911
CYFIP2,11.22,8.64,0.342,0.04763384543217156,0.10669335303714911
PSMD3,111.98,126.69,-0.177,0.04763384543217156,0.10669335303714911
ENTPD3,13.99,22.64,-0.657,0.04763384543217156,0.10669335303714911
MDM2,15.93,27.47,-0.75,0.04763384543217156,0.10669335303714911
BTBD2,44.83,54.29,-0.271,0.04763384543217156,0.10669335303714911
LONRF1,11.22,14.04,-0.299,0.04763384543217156,0.10669335303714911
C17orf100,4.29,5.42,-0.28,0.04763384543217156,0.10669335303714911
CENATAC,16.59,11.95,0.442,0.04763384543217156,0.10669335303714911
CSTF3,15.74,17.84,-0.17,0.04763384543217156,0.10669335303714911
THOC5,15.72,19.38,-0.286,0.04763384543217156,0.10669335303714911
MOCS2,18.2,15.66,0.204,0.04763311470514327,0.10669335303714911
CSTF2,28.4,34.55,-0.274,0.04763384543217156,0.10669335303714911
GSK3A,21.57,26.78,-0.3,0.04763384543217156,0.10669335303714911
PPP2R1A,107.45,124.12,-0.206,0.04763384543217156,0.10669335303714911
PIGP,12.83,10.51,0.264,0.04763384543217156,0.10669335303714911
MS4A14,2.52,1.58,0.447,0.04763384543217156,0.10669335303714911
H2AC4,0.28,3.24,-1.731,0.048036253042253084,0.10757012245384179
AC010980.1,1.04,2.17,-0.634,0.04803944453691283,0.10757012245384179
GGTA1,6.39,4.65,0.388,0.04844942139501382,0.10820109646544833
GNB5,4.46,5.62,-0.278,0.04844942139501382,0.10820109646544833
CT55,0.18,1.42,-1.036,0.04836135894485353,0.10820109646544833
MS4A2,4.31,2.94,0.43,0.04844942139501382,0.10820109646544833
C17orf75,11.4,14.65,-0.336,0.04844942139501382,0.10820109646544833
C11orf49,18.61,15.73,0.229,0.04844942139501382,0.10820109646544833
CAPN12,3.7,2.61,0.382,0.04844942139501382,0.10820109646544833
PSMB7,182.78,223.29,-0.287,0.04844942139501382,0.10820109646544833
PSMA6,3.09,2.58,0.192,0.04844942139501382,0.10820109646544833
SEMA4B,94.43,139.22,-0.555,0.04844942139501382,0.10820109646544833
JAGN1,75.67,59.73,0.336,0.04844868286978391,0.10820109646544833
VPS35L,17.71,14.89,0.236,0.04844942139501382,0.10820109646544833
NDUFB4,140.5,187.15,-0.411,0.04844942139501382,0.10820109646544833
WASHC4,23.38,20.21,0.201,0.04844942139501382,0.10820109646544833
POLD3,14.44,16.25,-0.16,0.04844942139501382,0.10820109646544833
AGPAT3,30.31,26.91,0.166,0.04844942139501382,0.10820109646544833
NPM1,171.38,221.94,-0.371,0.04844942139501382,0.10820109646544833
ITPRIPL2,22.81,20.02,0.18,0.04844942139501382,0.10820109646544833
AGER,791.36,400.32,0.981,0.04927669324855935,0.10967782017658398
ACOT1,7.32,6.06,0.238,0.04927669324855935,0.10967782017658398
WDFY4,5.43,3.89,0.396,0.04927669324855935,0.10967782017658398
SLC7A6,3.76,4.53,-0.217,0.04927669324855935,0.10967782017658398
MCFD2,79.33,67.77,0.224,0.04927669324855935,0.10967782017658398
GMIP,27.73,24.26,0.186,0.04927669324855935,0.10967782017658398
PALD1,14.2,11.33,0.302,0.04927669324855935,0.10967782017658398
SKAP1,13.84,9.39,0.514,0.04927669324855935,0.10967782017658398
API5,64.48,72.26,-0.162,0.04927669324855935,0.10967782017658398
KMO,1.82,1.36,0.257,0.04927669324855935,0.10967782017658398
GASK1B,23.61,13.83,0.73,0.04927669324855935,0.10967782017658398
LRRC46,11.17,11.55,-0.045,0.04927594689074277,0.10967782017658398
GORASP2,118.69,97.25,0.285,0.04927669324855935,0.10967782017658398
DPH2,26.71,33.01,-0.296,0.04927669324855935,0.10967782017658398
IRF2BPL,54.58,43.25,0.329,0.04927669324855935,0.10967782017658398
DNAJB5,6.68,10.31,-0.558,0.04927669324855935,0.10967782017658398
ZNF589,7.79,11.77,-0.539,0.04927669324855935,0.10967782017658398
SMYD2,30.3,34.94,-0.2,0.04927669324855935,0.10967782017658398
ADAMTSL1,1.06,1.88,-0.482,0.04927669324855935,0.10967782017658398
RAD51B,2.28,2.74,-0.186,0.04927669324855935,0.10967782017658398
B9D1,4.6,6.34,-0.39,0.04927669324855935,0.10967782017658398
IFITM10,1.15,0.83,0.231,0.04927669324855935,0.10967782017658398
GNLY,13.37,17.78,-0.386,0.04927669324855935,0.10967782017658398
CD5L,1.08,0.63,0.353,0.04950028266492638,0.1101593371214628
BRDT,6.83,2.85,1.025,0.0495709850349536,0.11030052367253222
PRR20G,1.89,1.24,0.368,0.04966165959537794,0.1104861025380842
CSKMT,2.49,3.05,-0.215,0.04969400358951114,0.11054187357766367
EFR3A,59.82,52.3,0.19,0.05011578503405839,0.1111221719238834
HEBP2,19.8,23.63,-0.243,0.05011578503405839,0.1111221719238834
RIN1,6.74,12.04,-0.753,0.05011578503405839,0.1111221719238834
TEX29,0.61,1.06,-0.356,0.05011503081000999,0.1111221719238834
DEF6,34.12,41.39,-0.271,0.05011578503405839,0.1111221719238834
PLVAP,120.73,95.39,0.337,0.05011578503405839,0.1111221719238834
YOD1,9.98,8.34,0.233,0.05011578503405839,0.1111221719238834
H2AC6,107.62,85.12,0.335,0.05011578503405839,0.1111221719238834
MAP3K13,16.88,23.67,-0.464,0.05011578503405839,0.1111221719238834
GIPC2,3.92,2.77,0.386,0.05011578503405839,0.1111221719238834
HBEGF,47.32,52.78,-0.155,0.05011578503405839,0.1111221719238834
BRK1,396.86,330.88,0.262,0.05011578503405839,0.1111221719238834
BROX,49.27,42.16,0.22,0.05011578503405839,0.1111221719238834
ATG101,18.84,21.99,-0.212,0.05011578503405839,0.1111221719238834
ACOX3,17.56,14.15,0.293,0.05011578503405839,0.1111221719238834
FOXO3,24.26,29.34,-0.265,0.05011578503405839,0.1111221719238834
CCDC88A,3.32,3.92,-0.188,0.05011578503405839,0.1111221719238834
LNP1,5.82,7.72,-0.354,0.05011578503405839,0.1111221719238834
H4C4,0.84,14.11,-3.039,0.05002529299641269,0.1111221719238834
MYPOP,13.87,16.27,-0.216,0.05011578503405839,0.1111221719238834
CCDC121,5.44,4.43,0.247,0.05011578503405839,0.1111221719238834
SREK1IP1,13.47,11.18,0.249,0.05011578503405839,0.1111221719238834
MLKL,11.27,9.55,0.218,0.05096682132555875,0.11266389006244931
LCA5,6.32,4.76,0.346,0.05096682132555875,0.11266389006244931
ITGBL1,9.3,5.34,0.7,0.05096682132555875,0.11266389006244931
TSC2,16.28,13.83,0.221,0.05096682132555875,0.11266389006244931
TEDC1,4.79,6.36,-0.346,0.05096682132555875,0.11266389006244931
RUFY3,14.32,12.14,0.222,0.05096682132555875,0.11266389006244931
TMCO1,79.85,70.6,0.175,0.05096682132555875,0.11266389006244931
RAB42,10.61,8.56,0.28,0.05096682132555875,0.11266389006244931
CERK,37.96,46.88,-0.297,0.05096682132555875,0.11266389006244931
KLHL15,6.01,7.66,-0.305,0.05096682132555875,0.11266389006244931
ATAD2B,5.18,6.66,-0.311,0.05096682132555875,0.11266389006244931
TPPP3,102.14,88.25,0.209,0.05096682132555875,0.11266389006244931
TUBA4B,7.24,6.44,0.147,0.05096682132555875,0.11266389006244931
SSH1,13.53,16.77,-0.29,0.05096682132555875,0.11266389006244931
PDIA6,200.03,218.34,-0.126,0.05096682132555875,0.11266389006244931
ZNF25,9.4,7.61,0.273,0.05096682132555875,0.11266389006244931
EID2,28.18,38.48,-0.436,0.05096682132555875,0.11266389006244931
TTC13,18.35,14.72,0.3,0.05096682132555875,0.11266389006244931
VSTM4,8.71,6.86,0.304,0.05096682132555875,0.11266389006244931
RPL10A,1241.24,1327.91,-0.097,0.05096682132555875,0.11266389006244931
TPRKB,29.18,34.71,-0.243,0.05096682132555875,0.11266389006244931
HMGCS2,3.68,13.3,-1.611,0.051202226898048854,0.11316779651761075
KIF1A,5.54,6.57,-0.211,0.05139532556555482,0.11357806273708716
ZNF431,6.93,4.86,0.437,0.05182992721790968,0.11430571697223134
ZNF662,2.36,1.79,0.27,0.05182992721790968,0.11430571697223134
TONSL,10.67,14.63,-0.422,0.05182992721790968,0.11430571697223134
ZNF135,2.47,2.07,0.174,0.05182992721790968,0.11430571697223134
BCKDHB,13.29,11.67,0.173,0.05182992721790968,0.11430571697223134
TM2D3,10.7,11.63,-0.11,0.05182992721790968,0.11430571697223134
FAM204A,7.47,6.66,0.144,0.05182992721790968,0.11430571697223134
CD1A,17.89,8.09,1.056,0.05182992721790968,0.11430571697223134
CD200,10.87,26.97,-1.237,0.05182992721790968,0.11430571697223134
MRPS9,19.88,23.48,-0.23,0.05182992721790968,0.11430571697223134
NIF3L1,39.72,49.12,-0.3,0.05182992721790968,0.11430571697223134
NTF3,1.19,2.43,-0.649,0.05182992721790968,0.11430571697223134
CCDC130,22.96,26.72,-0.211,0.05182992721790968,0.11430571697223134
LARS1,13.15,16.01,-0.266,0.05182992721790968,0.11430571697223134
FTHL17,0.3,5.95,-2.418,0.051991248121192934,0.11464485235200061
PRKY,2.71,5.15,-0.73,0.05217584858831011,0.11503521515051451
DMRTA1,2.84,2.41,0.169,0.052265271464124845,0.11519893650869704
HOXC9,3.04,5.55,-0.698,0.052258305265689045,0.11519893650869704
CAAP1,21.55,19.29,0.153,0.05270522831448604,0.11586608794414505
TEK,15.08,9.89,0.562,0.052704450297534386,0.11586608794414505
PPARG,16.41,11.52,0.476,0.05270522831448604,0.11586608794414505
RPL24,653.87,758.89,-0.215,0.05270522831448604,0.11586608794414505
OMD,7.92,4.29,0.753,0.05270522831448604,0.11586608794414505
SVBP,24.77,21.14,0.219,0.05270522831448604,0.11586608794414505
GTPBP2,57.37,44.67,0.354,0.05270522831448604,0.11586608794414505
SRP54,30.75,25.91,0.239,0.05270522831448604,0.11586608794414505
SERINC2,208.9,172.33,0.276,0.05270522831448604,0.11586608794414505
CDHR4,5.4,5.79,-0.085,0.05268966834158904,0.11586608794414505
TBX3,10.4,13.1,-0.306,0.05270522831448604,0.11586608794414505
TIMM29,26.37,30.39,-0.197,0.05270522831448604,0.11586608794414505
KCTD7,7.55,6.09,0.271,0.05270522831448604,0.11586608794414505
CARF,2.73,2.33,0.166,0.05270522831448604,0.11586608794414505
KATNBL1,10.67,13.43,-0.307,0.05270522831448604,0.11586608794414505
MMRN1,8.05,5.24,0.537,0.05270522831448604,0.11586608794414505
SUMF2,151.03,114.47,0.397,0.05270522831448604,0.11586608794414505
IP6K1,34.57,30.58,0.172,0.05270522831448604,0.11586608794414505
NKX1-2,2.27,2.94,-0.27,0.052923132941235025,0.11632829264701733
PROKR2,0.01,1.3,-1.184,0.05299629196860741,0.11647224994634058
DEFA5,0.01,1.26,-1.169,0.05303660816731182,0.11654399593375304
DDO,5.26,4.19,0.27,0.0531467094416592,0.11676904649994624
RAB34,109.09,92.3,0.239,0.05359285071463141,0.1173250981134575
ELF5,10.59,3.68,1.308,0.05359206470461905,0.1173250981134575
ARHGEF19,32.18,40.35,-0.318,0.05359285071463141,0.1173250981134575
MORC2,17.31,20.33,-0.221,0.05359285071463141,0.1173250981134575
PDLIM1,264.63,333.32,-0.332,0.05359285071463141,0.1173250981134575
ZBTB47,9.49,7.87,0.243,0.05359285071463141,0.1173250981134575
JMJD8,19.13,16.79,0.178,0.05359285071463141,0.1173250981134575
PHF20L1,6.71,7.69,-0.172,0.05359285071463141,0.1173250981134575
ZNF583,1.58,1.35,0.137,0.05359285071463141,0.1173250981134575
PCDHB15,2.69,2.12,0.242,0.05359285071463141,0.1173250981134575
DNMT3B,6.38,6.5,-0.022,0.05359285071463141,0.1173250981134575
SURF2,40.52,49.76,-0.29,0.05359285071463141,0.1173250981134575
DNPEP,39.29,42.54,-0.112,0.05359285071463141,0.1173250981134575
ZNRF2,17.54,14.21,0.286,0.05359285071463141,0.1173250981134575
GLTPD2,4.1,1.53,1.012,0.05359285071463141,0.1173250981134575
NOP58,46.14,62.35,-0.426,0.05359285071463141,0.1173250981134575
GNB3,1.39,1.76,-0.208,0.05359285071463141,0.1173250981134575
MYO9A,5.75,4.46,0.306,0.05359285071463141,0.1173250981134575
ESF1,19.35,23.99,-0.296,0.05359285071463141,0.1173250981134575
PPP1R32,4.58,4.12,0.124,0.05359285071463141,0.1173250981134575
TOM1L1,16.23,13.08,0.292,0.05359285071463141,0.1173250981134575
C1QTNF12,3.06,4.82,-0.519,0.05359285071463141,0.1173250981134575
S100A3,13.93,22.27,-0.64,0.05359285071463141,0.1173250981134575
NEK11,7.26,5.71,0.3,0.05359285071463141,0.1173250981134575
TCF12,21.08,25.01,-0.236,0.05359285071463141,0.1173250981134575
TSHZ3,3.6,5.69,-0.54,0.05404053192432492,0.1182881143244876
ANKRD66,1.72,1.38,0.192,0.05423791238585865,0.1187030542895924
TOMM20,233.61,280.05,-0.261,0.054492921000820316,0.11878205864640791
MFAP2,29.42,41.36,-0.477,0.054492921000820316,0.11878205864640791
PTPN23,41.41,36.29,0.186,0.054492921000820316,0.11878205864640791
TFG,35.68,43.15,-0.268,0.054492921000820316,0.11878205864640791
ZDHHC8,25.77,30.53,-0.236,0.054492921000820316,0.11878205864640791
PKIG,64.85,45.01,0.517,0.054492921000820316,0.11878205864640791
FHL2,37.97,21.49,0.793,0.054492921000820316,0.11878205864640791
KCTD3,32.63,40.8,-0.314,0.054492921000820316,0.11878205864640791
MRI1,8.4,11.28,-0.385,0.054492921000820316,0.11878205864640791
PIGO,18.32,23.99,-0.371,0.054492921000820316,0.11878205864640791
IGBP1,94.9,82.2,0.205,0.054492921000820316,0.11878205864640791
CSF1,50.03,35.92,0.467,0.054492921000820316,0.11878205864640791
AMZ2,48.08,61.29,-0.344,0.054492921000820316,0.11878205864640791
CCDC69,38.37,26.79,0.503,0.054492921000820316,0.11878205864640791
IQCN,3.81,2.13,0.619,0.05449212696806669,0.11878205864640791
TTI1,24.65,28.78,-0.215,0.054492921000820316,0.11878205864640791
KAT14,10.4,12.95,-0.292,0.054492921000820316,0.11878205864640791
CIITA,8.05,7.28,0.129,0.054492921000820316,0.11878205864640791
ZNF2,4.64,5.55,-0.216,0.054492921000820316,0.11878205864640791
DAAM1,12.45,10.57,0.216,0.054492921000820316,0.11878205864640791
SLC25A17,24.08,26.59,-0.137,0.054492921000820316,0.11878205864640791
AGBL5,19.26,25.29,-0.376,0.054492921000820316,0.11878205864640791
CTNND2,4.74,0.85,1.632,0.054488950855261516,0.11878205864640791
RBFOX2,27.77,31.87,-0.192,0.054492921000820316,0.11878205864640791
FLAD1,44.61,50.63,-0.179,0.054492921000820316,0.11878205864640791
MYOC,1.33,3.04,-0.793,0.054472205735513056,0.11878205864640791
IQGAP3,14.36,18.28,-0.328,0.054492921000820316,0.11878205864640791
DNAAF3,2.32,2.5,-0.077,0.054492921000820316,0.11878205864640791
APOBEC4,1.9,1.95,-0.024,0.05495667754223864,0.11977575697880243
CRLF3,13.69,16.26,-0.232,0.0554055662255378,0.12025382395208511
HS3ST2,8.99,7.28,0.27,0.0554055662255378,0.12025382395208511
HNRNPA2B1,166.13,191.73,-0.206,0.0554055662255378,0.12025382395208511
IGFLR1,1.52,1.2,0.197,0.0554055662255378,0.12025382395208511
PIP4K2A,32.99,27.54,0.252,0.0554055662255378,0.12025382395208511
EGLN1,2.38,2.79,-0.166,0.0554055662255378,0.12025382395208511
IL4R,54.46,48.23,0.172,0.0554055662255378,0.12025382395208511
ABCG2,5.06,3.23,0.521,0.0554055662255378,0.12025382395208511
ACTR3B,3.77,4.92,-0.312,0.0554055662255378,0.12025382395208511
UTP25,9.49,12.0,-0.309,0.0554055662255378,0.12025382395208511
CCDC114,4.4,4.64,-0.062,0.0554055662255378,0.12025382395208511
CLMN,5.92,4.27,0.394,0.0554055662255378,0.12025382395208511
LBX2,2.11,1.5,0.317,0.0554055662255378,0.12025382395208511
PSMC3,176.8,198.58,-0.167,0.0554055662255378,0.12025382395208511
ADPRS,90.8,76.11,0.252,0.0554055662255378,0.12025382395208511
SEPHS2,161.7,124.55,0.374,0.0554055662255378,0.12025382395208511
TEAD1,27.92,21.94,0.334,0.0554055662255378,0.12025382395208511
DNASE1L3,7.39,5.07,0.466,0.0554055662255378,0.12025382395208511
RRNAD1,35.95,30.54,0.228,0.0554055662255378,0.12025382395208511
CPLANE2,8.93,7.67,0.195,0.0554055662255378,0.12025382395208511
PPP6R1,49.13,57.86,-0.231,0.0554055662255378,0.12025382395208511
KRTAP5-10,0.5,2.19,-1.089,0.0553188873236523,0.12025382395208511
TUBD1,11.13,12.92,-0.199,0.0554055662255378,0.12025382395208511
HSD11B1L,6.29,5.18,0.237,0.0554055662255378,0.12025382395208511
ARNT,38.72,33.15,0.218,0.0554055662255378,0.12025382395208511
RPS12,3793.23,4149.55,-0.129,0.0554055662255378,0.12025382395208511
ING1,11.76,10.59,0.139,0.0554055662255378,0.12025382395208511
MIPOL1,1.98,1.7,0.145,0.0554055662255378,0.12025382395208511
RGS14,22.02,19.27,0.184,0.0554055662255378,0.12025382395208511
SERPINA6,0.38,1.0,-0.536,0.055521096588362,0.1204873618721588
GLRA3,1.26,0.18,0.931,0.055857777037341426,0.12120068645077525
ELP2,17.14,21.0,-0.278,0.05586583814831194,0.12120086805473416
FBLL1,0.9,1.74,-0.531,0.05615271917857182,0.12180586271845256
EDNRB,25.93,11.91,1.061,0.0563309138978769,0.12193126867793756
USP34,10.71,13.86,-0.344,0.0563309138978769,0.12193126867793756
AKNA,16.19,13.39,0.257,0.0563309138978769,0.12193126867793756
LPCAT3,12.55,14.0,-0.147,0.0563309138978769,0.12193126867793756
GPRIN1,6.45,9.28,-0.465,0.0563309138978769,0.12193126867793756
THEMIS,1.76,4.22,-0.92,0.0563309138978769,0.12193126867793756
XPO6,48.37,59.33,-0.289,0.0563309138978769,0.12193126867793756
ATP10D,9.38,10.29,-0.121,0.0563309138978769,0.12193126867793756
DEFB1,39.5,120.08,-1.58,0.0563309138978769,0.12193126867793756
NEK3,7.09,5.52,0.312,0.0563309138978769,0.12193126867793756
MERTK,17.03,26.01,-0.583,0.0563309138978769,0.12193126867793756
APOC1,117.13,80.5,0.535,0.0563309138978769,0.12193126867793756
SFTPC,5953.11,2626.97,1.18,0.0563309138978769,0.12193126867793756
HLA-E,1173.56,909.8,0.367,0.0563309138978769,0.12193126867793756
DUSP16,33.79,26.38,0.346,0.0563309138978769,0.12193126867793756
GCKR,1.23,0.31,0.768,0.05679024905708632,0.1229080133795317
DGAT1,45.33,34.98,0.365,0.057269091969852984,0.12350451586912368
IL1B,9.88,21.61,-1.056,0.057269091969852984,0.12350451586912368
ELAVL1,36.73,43.21,-0.229,0.057269091969852984,0.12350451586912368
TCTE3,2.04,3.31,-0.506,0.057269091969852984,0.12350451586912368
MR1,22.14,17.8,0.3,0.057269091969852984,0.12350451586912368
CD300C,10.11,8.09,0.289,0.057269091969852984,0.12350451586912368
ZNF502,6.57,5.12,0.307,0.057269091969852984,0.12350451586912368
DYNC2LI1,13.59,12.28,0.136,0.057269091969852984,0.12350451586912368
TWIST2,5.04,7.78,-0.539,0.057269091969852984,0.12350451586912368
ERC1,13.21,15.26,-0.195,0.057269091969852984,0.12350451586912368
MEPCE,55.87,66.45,-0.246,0.057269091969852984,0.12350451586912368
FOXC1,12.46,16.37,-0.368,0.057269091969852984,0.12350451586912368
PDAP1,125.98,149.97,-0.25,0.057269091969852984,0.12350451586912368
MYB,3.98,11.8,-1.363,0.057269091969852984,0.12350451586912368
PNPLA6,37.56,33.92,0.143,0.057269091969852984,0.12350451586912368
NEIL1,8.06,5.45,0.49,0.057269091969852984,0.12350451586912368
RNF10,93.39,81.64,0.192,0.057269091969852984,0.12350451586912368
MAP2K2,65.38,72.66,-0.15,0.057269091969852984,0.12350451586912368
YES1,44.6,53.86,-0.267,0.057269091969852984,0.12350451586912368
PRR5L,8.61,11.45,-0.374,0.057269091969852984,0.12350451586912368
DCLK2,3.42,3.03,0.133,0.057269091969852984,0.12350451586912368
BAHCC1,8.19,5.85,0.424,0.057269091969852984,0.12350451586912368
BTN2A2,11.62,10.98,0.075,0.057269091969852984,0.12350451586912368
PUM2,70.83,81.28,-0.196,0.057269091969852984,0.12350451586912368
RASSF8,13.92,9.81,0.465,0.057269091969852984,0.12350451586912368
MAGEB17,0.09,1.33,-1.102,0.05752360392823113,0.12403578122077996
KLLN,1.05,1.2,-0.103,0.0577422101746867,0.12448948477139422
MS4A7,31.46,25.35,0.301,0.058220228822434654,0.12502331257939925
PPFIA4,1.63,2.46,-0.393,0.058220228822434654,0.12502331257939925
SLC9A5,2.94,1.94,0.422,0.0582194024191045,0.12502331257939925
STAT3,102.06,90.29,0.175,0.058220228822434654,0.12502331257939925
PCCA,6.63,5.3,0.277,0.058220228822434654,0.12502331257939925
CDCP1,41.3,49.67,-0.26,0.058220228822434654,0.12502331257939925
TATDN1,11.61,11.76,-0.018,0.058220228822434654,0.12502331257939925
HDAC6,17.4,15.5,0.158,0.058220228822434654,0.12502331257939925
GAS2,1.09,1.06,0.02,0.058220228822434654,0.12502331257939925
SELENOT,94.64,125.11,-0.399,0.058220228822434654,0.12502331257939925
KMT2C,15.67,11.92,0.368,0.058220228822434654,0.12502331257939925
CCDC151,3.54,3.38,0.054,0.0582194024191045,0.12502331257939925
NIPSNAP1,74.98,92.99,-0.307,0.058220228822434654,0.12502331257939925
PILRA,21.77,18.46,0.227,0.058220228822434654,0.12502331257939925
ALDH8A1,0.62,6.79,-2.265,0.058220228822434654,0.12502331257939925
PHYKPL,13.15,10.86,0.254,0.058220228822434654,0.12502331257939925
UVSSA,6.44,4.44,0.45,0.058220228822434654,0.12502331257939925
GPR75,1.63,2.33,-0.342,0.058220228822434654,0.12502331257939925
MAOB,25.94,17.74,0.524,0.058220228822434654,0.12502331257939925
ECHS1,309.75,266.27,0.217,0.058220228822434654,0.12502331257939925
PSMD10,73.23,89.97,-0.293,0.058220228822434654,0.12502331257939925
ATP6AP1,123.17,110.28,0.158,0.058220228822434654,0.12502331257939925
ZNF823,7.69,6.51,0.209,0.058220228822434654,0.12502331257939925
IKBKE,16.97,22.99,-0.417,0.058220228822434654,0.12502331257939925
CMAS,70.83,85.49,-0.268,0.058220228822434654,0.12502331257939925
HCN2,1.17,1.89,-0.411,0.058220228822434654,0.12502331257939925
RRP9,45.76,54.78,-0.255,0.058220228822434654,0.12502331257939925
CASP3,44.0,51.34,-0.218,0.058220228822434654,0.12502331257939925
IGF2BP1,2.98,6.5,-0.915,0.05865336220765745,0.1259356319984369
LBHD2,0.21,1.12,-0.805,0.058667468445880985,0.12594812040388156
ECRG4,9.04,8.11,0.14,0.058699866545020185,0.1259998689486425
KRT80,54.89,39.43,0.467,0.05918445325129111,0.1266285591109514
RPS19BP1,51.06,59.51,-0.217,0.05918445325129111,0.1266285591109514
INPP5B,8.38,6.6,0.303,0.05918445325129111,0.1266285591109514
DNAAF1,3.04,3.61,-0.188,0.05918445325129111,0.1266285591109514
SAMD9L,22.03,16.47,0.398,0.05918445325129111,0.1266285591109514
SCN8A,0.76,1.2,-0.327,0.05918445325129111,0.1266285591109514
BAALC,4.09,5.54,-0.361,0.05918445325129111,0.1266285591109514
THG1L,12.02,13.9,-0.194,0.05918445325129111,0.1266285591109514
LILRA4,0.86,1.46,-0.403,0.05917610770623187,0.1266285591109514
SRSF2,114.16,140.85,-0.301,0.05918445325129111,0.1266285591109514
KHDC1,2.28,3.48,-0.448,0.05918445325129111,0.1266285591109514
CCNK,3.01,3.65,-0.213,0.05918445325129111,0.1266285591109514
P4HB,608.87,460.59,0.402,0.05918445325129111,0.1266285591109514
UVRAG,12.99,15.8,-0.264,0.05918445325129111,0.1266285591109514
THNSL1,7.77,9.2,-0.218,0.05918445325129111,0.1266285591109514
GJA4,21.84,17.49,0.304,0.05918445325129111,0.1266285591109514
VOPP1,37.69,42.62,-0.173,0.05918445325129111,0.1266285591109514
AHCTF1,16.2,20.91,-0.349,0.05918445325129111,0.1266285591109514
ZNF330,39.7,34.63,0.192,0.05918445325129111,0.1266285591109514
CD40LG,2.6,1.93,0.296,0.05918445325129111,0.1266285591109514
HES6,26.26,22.02,0.244,0.05918445325129111,0.1266285591109514
ATG13,38.52,43.29,-0.164,0.05918445325129111,0.1266285591109514
KIFBP,13.21,12.33,0.092,0.05918445325129111,0.1266285591109514
RGS22,1.75,1.45,0.167,0.059670675015639725,0.12765088221805326
DRG2,10.19,11.48,-0.157,0.0601618944522557,0.12805262852523408
CNOT3,24.2,29.0,-0.251,0.0601618944522557,0.12805262852523408
SPP1,784.58,1293.38,-0.72,0.0601618944522557,0.12805262852523408
NDUFS6,229.94,291.69,-0.342,0.0601618944522557,0.12805262852523408
LAMC2,170.68,283.92,-0.731,0.0601618944522557,0.12805262852523408
MINK1,40.92,50.39,-0.294,0.0601618944522557,0.12805262852523408
CCL28,11.4,7.44,0.555,0.0601618944522557,0.12805262852523408
SDC3,55.54,42.26,0.386,0.0601618944522557,0.12805262852523408
IFI35,88.1,67.91,0.371,0.0601618944522557,0.12805262852523408
ROM1,6.31,4.82,0.33,0.0601618944522557,0.12805262852523408
AFAP1L1,8.4,7.14,0.208,0.0601618944522557,0.12805262852523408
SETD6,5.59,6.89,-0.26,0.0601618944522557,0.12805262852523408
DROSHA,27.72,34.32,-0.298,0.0601618944522557,0.12805262852523408
SUB1,50.26,66.47,-0.396,0.0601618944522557,0.12805262852523408
EIF4E2,35.38,31.84,0.148,0.0601618944522557,0.12805262852523408
ZNF507,8.36,10.04,-0.237,0.0601618944522557,0.12805262852523408
ZC4H2,3.88,2.71,0.394,0.0601618944522557,0.12805262852523408
ABCF2,11.88,14.14,-0.233,0.0601618944522557,0.12805262852523408
ZNF432,7.43,5.82,0.305,0.0601618944522557,0.12805262852523408
GIMAP8,17.7,13.65,0.353,0.0601618944522557,0.12805262852523408
ELAC2,28.46,33.17,-0.214,0.0601618944522557,0.12805262852523408
PRRX1,18.06,31.62,-0.775,0.0601618944522557,0.12805262852523408
ZNF200,4.34,5.18,-0.211,0.0601618944522557,0.12805262852523408
TVP23A,1.2,1.0,0.136,0.0601618944522557,0.12805262852523408
INAVA,25.14,18.49,0.424,0.0601618944522557,0.12805262852523408
ZBTB38,20.56,26.46,-0.349,0.0601618944522557,0.12805262852523408
RAMAC,8.09,9.18,-0.164,0.0601618944522557,0.12805262852523408
MAP3K7CL,4.84,4.19,0.17,0.0601618944522557,0.12805262852523408
ATP9A,42.63,29.82,0.502,0.0601618944522557,0.12805262852523408
CCNG1,67.0,54.47,0.294,0.0601618944522557,0.12805262852523408
SYNM,5.96,7.76,-0.33,0.0601618944522557,0.12805262852523408
ARHGEF18,23.06,18.06,0.336,0.0601618944522557,0.12805262852523408
ADK,42.02,33.76,0.307,0.0601618944522557,0.12805262852523408
AP002495.1,0.99,1.35,-0.243,0.0601618944522557,0.12805262852523408
NBEAL1,2.9,2.47,0.172,0.0601618944522557,0.12805262852523408
KCTD11,20.48,27.86,-0.426,0.0601618944522557,0.12805262852523408
RTP1,2.45,0.41,1.293,0.060385993398391916,0.12851161194869987
C11orf97,4.36,3.45,0.268,0.06044808454474477,0.12862573508239597
GOLGA6L7,0.34,1.11,-0.658,0.060636671789278146,0.12900895595777942
MORF4L1,108.76,123.37,-0.18,0.06065476497786575,0.12902938172902748
ACTR6,19.8,23.2,-0.218,0.06115268200650566,0.1296890979515411
FOCAD,15.67,12.91,0.261,0.06115268200650566,0.1296890979515411
CIART,7.71,11.65,-0.537,0.06115268200650566,0.1296890979515411
MRE11,11.28,13.59,-0.249,0.06115268200650566,0.1296890979515411
CD276,64.26,78.17,-0.279,0.06115268200650566,0.1296890979515411
DEAF1,26.5,22.62,0.22,0.06115268200650566,0.1296890979515411
SPTSSB,5.58,8.27,-0.495,0.06115268200650566,0.1296890979515411
TTC3,33.74,29.11,0.206,0.06115268200650566,0.1296890979515411
PMS2,7.13,8.64,-0.245,0.06115268200650566,0.1296890979515411
LAX1,4.72,6.04,-0.299,0.06115268200650566,0.1296890979515411
MAZ,10.35,11.92,-0.188,0.06115268200650566,0.1296890979515411
WHAMM,9.81,11.36,-0.193,0.06115268200650566,0.1296890979515411
UBE2G2,40.78,36.37,0.161,0.06115268200650566,0.1296890979515411
USPL1,12.57,11.67,0.1,0.06115268200650566,0.1296890979515411
ITPR2,8.99,7.19,0.288,0.06115268200650566,0.1296890979515411
RIMKLA,4.09,3.2,0.277,0.06115268200650566,0.1296890979515411
BTBD1,45.94,52.88,-0.199,0.06115268200650566,0.1296890979515411
ETFRF1,23.34,18.52,0.318,0.06115268200650566,0.1296890979515411
PSPC1,22.0,23.54,-0.093,0.06115268200650566,0.1296890979515411
SLCO2B1,27.8,22.83,0.273,0.06115268200650566,0.1296890979515411
CDH24,13.96,18.04,-0.348,0.06115268200650566,0.1296890979515411
SEPTIN6,21.32,18.44,0.199,0.06115268200650566,0.1296890979515411
CCKBR,0.41,1.12,-0.591,0.06189960994559737,0.13125481840941533
ABCF1,74.38,89.86,-0.269,0.062156945865457565,0.13128742924147044
NKG7,39.44,48.35,-0.288,0.062156945865457565,0.13128742924147044
NKX3-1,3.49,5.62,-0.562,0.062156945865457565,0.13128742924147044
NFKBIA,370.72,308.65,0.264,0.062156945865457565,0.13128742924147044
ITIH5,5.52,4.44,0.261,0.062156945865457565,0.13128742924147044
PPIA,189.84,231.03,-0.282,0.062156945865457565,0.13128742924147044
RPS15,365.85,438.29,-0.26,0.062156945865457565,0.13128742924147044
IER3IP1,30.84,28.59,0.106,0.062156945865457565,0.13128742924147044
SLC35B3,24.2,22.05,0.129,0.062156945865457565,0.13128742924147044
PHKG1,1.26,1.22,0.025,0.062156945865457565,0.13128742924147044
ATP2A3,34.41,21.17,0.676,0.062156945865457565,0.13128742924147044
BCL6,43.21,53.22,-0.295,0.062156945865457565,0.13128742924147044
MAP3K8,20.57,17.07,0.256,0.062156945865457565,0.13128742924147044
DNAI1,3.61,3.66,-0.013,0.06215350916209131,0.13128742924147044
PF4,1.8,1.12,0.405,0.06201519987051229,0.13128742924147044
TOR1AIP1,55.02,46.23,0.246,0.062156945865457565,0.13128742924147044
BDP1,8.73,7.37,0.217,0.062156945865457565,0.13128742924147044
TRA2A,74.07,64.34,0.2,0.062156945865457565,0.13128742924147044
MBD4,42.15,49.6,-0.23,0.062156945865457565,0.13128742924147044
C3orf80,2.6,1.89,0.317,0.062156945865457565,0.13128742924147044
GTF2F2,21.99,25.78,-0.22,0.062156945865457565,0.13128742924147044
APBB1,15.39,12.62,0.267,0.062156945865457565,0.13128742924147044
CTDSPL,35.34,27.58,0.346,0.062156945865457565,0.13128742924147044
PRRG3,0.76,3.31,-1.292,0.06215608668758703,0.13128742924147044
DCSTAMP,2.19,1.52,0.342,0.062156945865457565,0.13128742924147044
EVI5L,11.89,10.4,0.177,0.062156945865457565,0.13128742924147044
CHIT1,32.5,17.18,0.882,0.062156945865457565,0.13128742924147044
FBXL3,21.86,18.16,0.255,0.062156945865457565,0.13128742924147044
IP6K3,5.09,2.57,0.771,0.06266330881639748,0.13233856697908353
TUBG1,59.01,66.24,-0.164,0.06317481633537943,0.13299362402430645
ADRA1D,0.8,1.67,-0.57,0.0631739489078738,0.13299362402430645
ATP6V0D1,52.22,45.27,0.202,0.06317481633537943,0.13299362402430645
SLC23A2,14.33,17.72,-0.289,0.06317481633537943,0.13299362402430645
TLE4,8.93,11.56,-0.339,0.06317481633537943,0.13299362402430645
TTC30B,9.03,10.74,-0.227,0.06317481633537943,0.13299362402430645
KLRF1,3.88,2.2,0.607,0.06317481633537943,0.13299362402430645
CPED1,6.21,4.08,0.504,0.06317481633537943,0.13299362402430645
HSDL1,22.55,21.15,0.088,0.06317481633537943,0.13299362402430645
STAT6,99.87,90.72,0.137,0.06317481633537943,0.13299362402430645
CSPG5,4.47,3.18,0.386,0.06317481633537943,0.13299362402430645
HYLS1,8.78,10.96,-0.29,0.06317481633537943,0.13299362402430645
TAC4,3.06,0.87,1.118,0.06317481633537943,0.13299362402430645
WRN,5.97,7.56,-0.296,0.06317481633537943,0.13299362402430645
CHERP,15.48,19.44,-0.31,0.06317481633537943,0.13299362402430645
ZDHHC15,1.72,1.04,0.416,0.06317481633537943,0.13299362402430645
MIB1,20.27,25.19,-0.3,0.06317481633537943,0.13299362402430645
HS3ST6,2.88,3.84,-0.32,0.06314445714011772,0.13299362402430645
IRGQ,9.74,12.42,-0.322,0.06317481633537943,0.13299362402430645
TCF7L1,21.71,28.33,-0.369,0.06317481633537943,0.13299362402430645
EYA1,0.83,1.42,-0.409,0.06317481633537943,0.13299362402430645
GGACT,4.55,3.67,0.249,0.06317481633537943,0.13299362402430645
PFKFB4,7.89,10.39,-0.357,0.06317481633537943,0.13299362402430645
KRT24,1.28,2.18,-0.476,0.0633730444217957,0.13339244443063758
RAB39A,0.94,1.94,-0.604,0.06368802330330027,0.13401830166856524
TEKT1,8.12,7.38,0.122,0.06368802330330027,0.13401830166856524
ASCC3,14.31,16.84,-0.221,0.06420642406171845,0.13456865785207456
NOS3,9.14,4.92,0.778,0.06420642406171845,0.13456865785207456
SLC18B1,18.94,21.79,-0.193,0.06420642406171845,0.13456865785207456
ATP2A1,1.01,1.54,-0.338,0.06420642406171845,0.13456865785207456
GPER1,4.76,3.35,0.407,0.06420642406171845,0.13456865785207456
SEC11C,52.03,37.84,0.449,0.06420642406171845,0.13456865785207456
GPD2,31.41,38.24,-0.276,0.06420642406171845,0.13456865785207456
ZNF296,5.64,8.56,-0.527,0.06420642406171845,0.13456865785207456
UTP15,7.63,9.26,-0.249,0.06420642406171845,0.13456865785207456
RPP25L,50.07,69.87,-0.473,0.06420642406171845,0.13456865785207456
MZT1,37.02,49.67,-0.414,0.06420642406171845,0.13456865785207456
ZNF75A,8.18,6.83,0.229,0.06420642406171845,0.13456865785207456
GABBR2,2.86,1.0,0.951,0.06420467266783793,0.13456865785207456
ISG15,438.2,291.51,0.586,0.06420642406171845,0.13456865785207456
KXD1,23.75,27.5,-0.204,0.06420642406171845,0.13456865785207456
HSPE1,32.41,47.28,-0.531,0.06420642406171845,0.13456865785207456
SECISBP2,15.72,13.33,0.222,0.06420642406171845,0.13456865785207456
MT-CO1,19197.72,15090.07,0.347,0.06420642406171845,0.13456865785207456
ZSCAN29,9.64,11.48,-0.229,0.06420642406171845,0.13456865785207456
SETD3,43.32,37.95,0.186,0.06420642406171845,0.13456865785207456
ZNF563,3.03,2.71,0.122,0.06420642406171845,0.13456865785207456
CLEC1A,4.91,3.88,0.275,0.06420642406171845,0.13456865785207456
RPAP3,18.95,21.43,-0.169,0.06420642406171845,0.13456865785207456
DNAH6,1.22,1.12,0.068,0.06420554836416602,0.13456865785207456
MYBPH,5.66,1.34,1.509,0.06418803467031027,0.13456865785207456
PELI2,8.5,11.65,-0.412,0.06420642406171845,0.13456865785207456
TRAPPC4,28.0,24.09,0.209,0.06420642406171845,0.13456865785207456
POP5,30.46,37.42,-0.288,0.06420642406171845,0.13456865785207456
TAF5,6.0,6.93,-0.18,0.06420642406171845,0.13456865785207456
FOXG1,0.07,1.47,-1.208,0.06489517399763174,0.13599343152358884
CARD10,17.91,14.85,0.255,0.06525190001314614,0.13619619685392625
UBR7,31.67,38.28,-0.266,0.06525190001314614,0.13619619685392625
STRN4,37.24,44.25,-0.243,0.06525190001314614,0.13619619685392625
PDLIM4,25.18,32.8,-0.369,0.06525190001314614,0.13619619685392625
TSG101,72.41,63.36,0.19,0.06525190001314614,0.13619619685392625
HLTF,12.58,17.03,-0.408,0.06525190001314614,0.13619619685392625
INTS7,20.21,24.74,-0.279,0.06525190001314614,0.13619619685392625
C12orf4,13.2,15.94,-0.254,0.06525190001314614,0.13619619685392625
NUPR1,4.54,3.73,0.23,0.06525190001314614,0.13619619685392625
WDR74,15.69,18.94,-0.257,0.06525190001314614,0.13619619685392625
HOXB7,24.18,32.81,-0.425,0.06525190001314614,0.13619619685392625
JAK1,45.59,39.8,0.191,0.06525190001314614,0.13619619685392625
IGFBP5,187.67,297.42,-0.661,0.06525190001314614,0.13619619685392625
MAPK1IP1L,46.95,41.93,0.16,0.06525190001314614,0.13619619685392625
SPATA24,6.31,7.52,-0.221,0.06525190001314614,0.13619619685392625
DBF4B,4.53,5.81,-0.3,0.06525190001314614,0.13619619685392625
LPAR2,22.94,27.65,-0.259,0.06525190001314614,0.13619619685392625
ZNF148,16.53,19.91,-0.254,0.06525190001314614,0.13619619685392625
CDK18,18.35,16.77,0.123,0.06525190001314614,0.13619619685392625
FAM160A2,27.06,22.78,0.239,0.06525190001314614,0.13619619685392625
FGD5,11.46,8.66,0.368,0.06525190001314614,0.13619619685392625
UBOX5,7.28,8.43,-0.187,0.06525190001314614,0.13619619685392625
ZNF256,6.6,8.73,-0.355,0.06525190001314614,0.13619619685392625
ZFP36L2,85.7,71.63,0.255,0.06525190001314614,0.13619619685392625
ZNF529,4.26,5.31,-0.262,0.06525190001314614,0.13619619685392625
NCOA3,26.91,33.99,-0.326,0.06525190001314614,0.13619619685392625
ATP6V1E1,130.82,156.43,-0.256,0.06525190001314614,0.13619619685392625
ARMCX3,46.56,39.22,0.242,0.06525190001314614,0.13619619685392625
NIPAL3,17.55,14.57,0.252,0.06525190001314614,0.13619619685392625
PSAPL1,0.53,1.1,-0.456,0.06570487069985247,0.1371228160086344
RC3H2,14.37,16.18,-0.161,0.06631137546531964,0.1379149524222589
FAM91A1,36.09,37.15,-0.041,0.06631137546531964,0.1379149524222589
DPH1,5.91,6.94,-0.2,0.06631137546531964,0.1379149524222589
PUDP,23.4,19.76,0.233,0.06631137546531964,0.1379149524222589
TMEM208,84.66,77.92,0.118,0.06631137546531964,0.1379149524222589
SH3TC1,9.25,8.73,0.075,0.06631137546531964,0.1379149524222589
ZFP3,6.19,4.99,0.262,0.06631137546531964,0.1379149524222589
PCBP2,56.74,65.06,-0.194,0.06631137546531964,0.1379149524222589
DCAF11,34.37,29.71,0.204,0.06631137546531964,0.1379149524222589
PMAIP1,45.05,47.41,-0.072,0.06631137546531964,0.1379149524222589
SLC15A3,26.2,22.06,0.238,0.06631137546531964,0.1379149524222589
VPS33A,7.35,6.27,0.2,0.06631137546531964,0.1379149524222589
MIS18A,26.52,31.85,-0.256,0.06631137546531964,0.1379149524222589
PRPSAP1,21.39,25.49,-0.243,0.06631137546531964,0.1379149524222589
SNAP25,1.3,2.32,-0.527,0.06631137546531964,0.1379149524222589
SBF2,4.03,4.88,-0.225,0.06631137546531964,0.1379149524222589
CFAP91,1.08,0.96,0.091,0.06631137546531964,0.1379149524222589
ARHGEF5,11.95,16.76,-0.456,0.06631137546531964,0.1379149524222589
ANKRD10,58.01,48.68,0.248,0.06631137546531964,0.1379149524222589
SIRT2,26.69,33.49,-0.317,0.06631137546531964,0.1379149524222589
SLC37A4,15.27,12.81,0.236,0.06631137546531964,0.1379149524222589
MDK,480.81,354.45,0.439,0.06631137546531964,0.1379149524222589
ZCCHC3,29.66,36.02,-0.272,0.06631137546531964,0.1379149524222589
PXDC1,68.01,51.91,0.383,0.06631137546531964,0.1379149524222589
ART3,0.19,2.23,-1.444,0.06611331292896916,0.1379149524222589
ZNF653,5.19,4.57,0.153,0.06684550765251213,0.1389877922217896
CCDC110,1.53,0.96,0.368,0.06684550765251213,0.1389877922217896
SCARB1,17.63,18.47,-0.064,0.0673849819843608,0.139403599031644
PDE1B,2.09,1.53,0.285,0.0673849819843608,0.139403599031644
RSPRY1,24.75,20.76,0.243,0.0673849819843608,0.139403599031644
ZFP82,2.29,2.04,0.116,0.0673849819843608,0.139403599031644
NECAP1,14.09,12.67,0.142,0.0673849819843608,0.139403599031644
NDUFS8,60.57,52.6,0.2,0.0673849819843608,0.139403599031644
SPEG,2.09,2.95,-0.352,0.0673840813645399,0.139403599031644
STX4,42.99,36.79,0.219,0.0673849819843608,0.139403599031644
TP53RK,20.35,23.62,-0.206,0.0673849819843608,0.139403599031644
RANBP3,25.2,29.54,-0.221,0.0673849819843608,0.139403599031644
PSMF1,38.98,46.87,-0.26,0.0673849819843608,0.139403599031644
LSM5,25.59,30.3,-0.235,0.0673849819843608,0.139403599031644
RAB11FIP5,24.76,21.43,0.199,0.0673849819843608,0.139403599031644
TMEM14B,33.11,29.49,0.162,0.0673849819843608,0.139403599031644
FBXW5,128.17,105.06,0.284,0.0673849819843608,0.139403599031644
EGFR,72.43,81.98,-0.176,0.0673849819843608,0.139403599031644
ZNF3,19.75,22.65,-0.189,0.0673849819843608,0.139403599031644
EFCAB10,1.66,1.4,0.148,0.0673849819843608,0.139403599031644
SLC2A4,0.69,1.22,-0.387,0.06738318074574226,0.139403599031644
ADGRB1,3.56,1.84,0.682,0.0673849819843608,0.139403599031644
EFEMP2,34.55,26.58,0.366,0.0673849819843608,0.139403599031644
RBM28,6.56,8.03,-0.257,0.0673849819843608,0.139403599031644
TNFRSF8,1.64,2.22,-0.29,0.0673849819843608,0.139403599031644
PPP6R3,39.36,34.5,0.185,0.0673849819843608,0.139403599031644
VAV1,19.71,15.38,0.338,0.0673849819843608,0.139403599031644
KRT81,76.11,45.51,0.729,0.0673849819843608,0.139403599031644
NR3C1,32.76,26.42,0.3,0.0673849819843608,0.139403599031644
PRKAR2B,10.94,9.37,0.203,0.0673849819843608,0.139403599031644
ATP11C,9.1,13.46,-0.518,0.0673849819843608,0.139403599031644
ATF7,13.6,11.95,0.172,0.0673849819843608,0.139403599031644
CES1,166.73,671.42,-2.003,0.0673849819843608,0.139403599031644
GDI1,84.4,100.52,-0.249,0.0673849819843608,0.139403599031644
HCCS,33.43,40.51,-0.27,0.0673849819843608,0.139403599031644
PDE12,11.31,9.82,0.187,0.0673849819843608,0.139403599031644
SPTAN1,60.26,48.8,0.299,0.0673849819843608,0.139403599031644
EXOSC4,42.2,48.84,-0.207,0.0673849819843608,0.139403599031644
ACOT8,15.08,12.89,0.211,0.0673849819843608,0.139403599031644
PRKAA2,4.49,2.89,0.498,0.06847285141005303,0.14126942306802495
CNTN3,1.59,1.27,0.186,0.06847285141005303,0.14126942306802495
ENTR1,37.15,44.62,-0.258,0.06847285141005303,0.14126942306802495
F3,200.24,121.31,0.718,0.06847285141005303,0.14126942306802495
GPR156,0.84,1.74,-0.57,0.06847285141005303,0.14126942306802495
MAL,19.75,13.28,0.539,0.06847285141005303,0.14126942306802495
STK40,50.27,42.91,0.224,0.06847285141005303,0.14126942306802495
ZNF592,18.9,21.91,-0.203,0.06847285141005303,0.14126942306802495
DCTD,73.37,68.02,0.108,0.06847285141005303,0.14126942306802495
NSUN6,7.75,8.3,-0.089,0.06847285141005303,0.14126942306802495
MED18,27.6,24.63,0.158,0.06847285141005303,0.14126942306802495
GFUS,102.92,84.85,0.276,0.06847285141005303,0.14126942306802495
NRBP2,19.47,14.44,0.406,0.06847285141005303,0.14126942306802495
C6orf136,22.58,27.2,-0.258,0.06847285141005303,0.14126942306802495
TRIM61,1.93,1.19,0.418,0.06847285141005303,0.14126942306802495
CCL20,69.35,74.84,-0.108,0.06847285141005303,0.14126942306802495
FOLR2,44.16,36.98,0.25,0.06847285141005303,0.14126942306802495
WDR38,12.54,13.1,-0.058,0.06846921557144528,0.14126942306802495
FBF1,2.82,3.66,-0.287,0.06847285141005303,0.14126942306802495
ATP8B4,1.17,1.18,-0.008,0.06847194244896995,0.14126942306802495
CDH12,0.16,1.32,-1.002,0.06897052955889264,0.14227688466914543
C20orf85,67.9,61.82,0.133,0.06937332741041177,0.14308837406277303
ERV3-1,19.73,9.59,0.969,0.06957511583875642,0.14309662040587875
TIMM22,19.71,22.14,-0.161,0.06957511583875642,0.14309662040587875
PELP1,33.65,41.5,-0.294,0.06957511583875642,0.14309662040587875
SNX33,24.3,20.88,0.21,0.06957511583875642,0.14309662040587875
ROGDI,11.27,9.53,0.22,0.06957511583875642,0.14309662040587875
FDFT1,83.47,99.87,-0.256,0.06957511583875642,0.14309662040587875
PPME1,27.82,30.11,-0.111,0.06957511583875642,0.14309662040587875
RET,1.28,4.98,-1.388,0.06957511583875642,0.14309662040587875
CASP2,19.57,24.16,-0.291,0.06957511583875642,0.14309662040587875
RIN3,14.11,12.17,0.198,0.06957511583875642,0.14309662040587875
SOCS7,9.65,12.91,-0.386,0.06957511583875642,0.14309662040587875
MMP14,306.76,358.07,-0.222,0.06957511583875642,0.14309662040587875
DNAJC14,11.52,12.89,-0.15,0.06957511583875642,0.14309662040587875
RFTN2,2.64,2.02,0.271,0.06957511583875642,0.14309662040587875
CDK5RAP2,18.48,27.02,-0.524,0.06957511583875642,0.14309662040587875
TIGD7,1.13,0.98,0.108,0.06957511583875642,0.14309662040587875
TRIL,6.4,6.42,-0.004,0.0695741985213043,0.14309662040587875
MMP9,65.61,137.55,-1.057,0.06957511583875642,0.14309662040587875
PLBD2,66.62,78.64,-0.236,0.06957511583875642,0.14309662040587875
MEGF8,14.88,20.34,-0.427,0.06957511583875642,0.14309662040587875
SYS1,23.34,20.8,0.159,0.06957511583875642,0.14309662040587875
MAGEC1,2.91,5.97,-0.834,0.07025013322360436,0.14446538631107486
CFAP73,4.65,4.8,-0.037,0.07069190760604266,0.14472741574701606
KCP,1.49,1.76,-0.146,0.07069190760604266,0.14472741574701606
LARGE2,45.72,52.55,-0.197,0.07069190760604266,0.14472741574701606
TMEM141,47.65,38.85,0.288,0.07069190760604266,0.14472741574701606
SNRPC,204.68,237.49,-0.213,0.07069190760604266,0.14472741574701606
ENKUR,4.45,3.96,0.137,0.07069190760604266,0.14472741574701606
ATP5MG,21.85,17.75,0.285,0.07069190760604266,0.14472741574701606
MINPP1,29.74,25.89,0.193,0.07069190760604266,0.14472741574701606
BLOC1S6,25.15,29.46,-0.22,0.07069190760604266,0.14472741574701606
GJC1,3.87,5.76,-0.473,0.07069190760604266,0.14472741574701606
N4BP2L1,8.84,6.37,0.417,0.07069190760604266,0.14472741574701606
PPP2R5D,25.35,26.53,-0.063,0.07069190760604266,0.14472741574701606
RPRD1A,22.31,28.13,-0.322,0.07069190760604266,0.14472741574701606
ADM5,1.82,3.19,-0.568,0.07069098191822885,0.14472741574701606
EAPP,68.07,57.02,0.252,0.07069190760604266,0.14472741574701606
MARK4,19.05,21.92,-0.193,0.07069190760604266,0.14472741574701606
SFXN2,6.63,5.53,0.224,0.07069190760604266,0.14472741574701606
AXIN2,10.87,13.19,-0.258,0.07069190760604266,0.14472741574701606
NUCKS1,167.21,200.42,-0.26,0.07069190760604266,0.14472741574701606
SLC35F2,38.81,32.14,0.265,0.07069190760604266,0.14472741574701606
TEX13B,1.49,1.15,0.216,0.0705691295987684,0.14472741574701606
IFIT3,80.51,68.98,0.22,0.07069190760604266,0.14472741574701606
GPR17,1.02,0.97,0.031,0.07068820485966107,0.14472741574701606
FUCA2,59.74,51.34,0.215,0.07069190760604266,0.14472741574701606
CDC27,30.36,34.06,-0.161,0.07069190760604266,0.14472741574701606
GOLGA8A,10.94,19.52,-0.782,0.07069190760604266,0.14472741574701606
TRAPPC3,59.28,52.21,0.18,0.07069190760604266,0.14472741574701606
CD4,79.99,66.97,0.253,0.07069190760604266,0.14472741574701606
COPS4,31.96,36.89,-0.201,0.07069190760604266,0.14472741574701606
FRMPD3,1.48,0.57,0.663,0.07069190760604266,0.14472741574701606
ZNF471,2.46,1.97,0.222,0.07069190760604266,0.14472741574701606
TP53INP2,44.5,35.18,0.331,0.07069190760604266,0.14472741574701606
PRUNE2,2.63,2.27,0.15,0.07069190760604266,0.14472741574701606
PWWP3B,2.58,1.36,0.604,0.07125300302625487,0.14582100353071775
MUC5AC,63.69,19.74,1.641,0.07125486277970437,0.14582100353071775
COQ9,28.02,32.61,-0.212,0.07125486277970437,0.14582100353071775
UBE2D1,27.31,25.14,0.115,0.07182335926904967,0.14643213867078256
LARS2,5.43,6.68,-0.256,0.07182335926904967,0.14643213867078256
NECAP2,55.8,50.31,0.147,0.07182335926904967,0.14643213867078256
NRXN2,0.74,1.5,-0.523,0.07182335926904967,0.14643213867078256
ADGRL1,16.29,21.47,-0.378,0.07182335926904967,0.14643213867078256
SPINK5,23.34,20.48,0.181,0.07182335926904967,0.14643213867078256
ACP2,55.6,48.96,0.18,0.07182335926904967,0.14643213867078256
MCMBP,40.82,45.85,-0.164,0.07182335926904967,0.14643213867078256
COMMD9,20.16,16.66,0.261,0.07182335926904967,0.14643213867078256
ZNF16,6.5,7.36,-0.156,0.07182335926904967,0.14643213867078256
ATXN2L,65.94,79.72,-0.27,0.07182335926904967,0.14643213867078256
ANAPC4,12.55,10.89,0.188,0.07182335926904967,0.14643213867078256
CHD2,19.9,16.27,0.275,0.07182335926904967,0.14643213867078256
MT1E,134.66,96.79,0.472,0.07182335926904967,0.14643213867078256
TEX11,0.3,1.28,-0.81,0.07178973317821229,0.14643213867078256
NDUFS7,2.2,2.45,-0.108,0.07182335926904967,0.14643213867078256
ZKSCAN5,8.87,10.22,-0.185,0.07182335926904967,0.14643213867078256
MBOAT7,73.79,59.49,0.306,0.07182335926904967,0.14643213867078256
TENT4A,19.91,25.56,-0.345,0.07182335926904967,0.14643213867078256
MBOAT1,23.07,18.34,0.316,0.07182335926904967,0.14643213867078256
PPP3CB,33.25,33.11,0.006,0.07182335926904967,0.14643213867078256
PRRT2,2.03,1.62,0.21,0.07182335926904967,0.14643213867078256
SYT8,17.27,5.38,1.517,0.07182335926904967,0.14643213867078256
HEXA,6.95,5.87,0.212,0.07182335926904967,0.14643213867078256
ZNF165,7.49,6.37,0.203,0.07182335926904967,0.14643213867078256
DIS3,13.97,17.04,-0.27,0.07182335926904967,0.14643213867078256
ADAMTS10,4.63,3.26,0.403,0.07182335926904967,0.14643213867078256
AARS2,15.57,17.48,-0.157,0.07182335926904967,0.14643213867078256
C1orf158,1.48,1.35,0.078,0.07216564042031465,0.14711023412127205
SLC27A2,14.77,9.23,0.624,0.07239368577462124,0.14755530828733843
ZNF670,3.3,4.39,-0.327,0.07296960358855717,0.14823200793166855
GTSF1,9.54,16.34,-0.718,0.07296960358855717,0.14823200793166855
LRRC23,20.39,18.83,0.109,0.07296960358855717,0.14823200793166855
RRP7A,24.35,26.62,-0.124,0.07296960358855717,0.14823200793166855
RAB18,51.37,48.06,0.094,0.07296960358855717,0.14823200793166855
DHX8,21.15,24.39,-0.197,0.07296960358855717,0.14823200793166855
STIP1,134.69,152.79,-0.181,0.07296960358855717,0.14823200793166855
MAPK10,0.75,1.07,-0.248,0.07296960358855717,0.14823200793166855
MZB1,49.86,72.72,-0.535,0.07296960358855717,0.14823200793166855
STON1,4.14,5.42,-0.321,0.07296960358855717,0.14823200793166855
SPINK2,5.95,3.57,0.607,0.0729658337286718,0.14823200793166855
CRTAC1,39.63,26.73,0.551,0.07296960358855717,0.14823200793166855
CPQ,33.15,26.55,0.31,0.07296960358855717,0.14823200793166855
TEDC2,7.43,10.73,-0.476,0.07296960358855717,0.14823200793166855
FCRL5,2.98,4.09,-0.356,0.07296960358855717,0.14823200793166855
NBN,30.32,35.85,-0.235,0.07296960358855717,0.14823200793166855
DMAP1,21.59,18.34,0.224,0.07296960358855717,0.14823200793166855
BAZ1B,49.72,60.34,-0.274,0.07296960358855717,0.14823200793166855
CTSW,21.09,21.03,0.004,0.07296960358855717,0.14823200793166855
MPND,17.4,15.08,0.194,0.07296960358855717,0.14823200793166855
ANO7,2.27,1.37,0.46,0.07296960358855717,0.14823200793166855
CXCL1,64.64,146.8,-1.171,0.07296960358855717,0.14823200793166855
MPHOSPH10,32.86,35.39,-0.104,0.07296960358855717,0.14823200793166855
NRN1,17.41,42.56,-1.243,0.07296960358855717,0.14823200793166855
RSBN1,13.44,11.78,0.176,0.07296960358855717,0.14823200793166855
NTSR1,0.87,8.94,-2.408,0.0733892832725735,0.14906462309628465
ZNF598,23.01,30.01,-0.369,0.07413077351078441,0.15006913283802098
SELPLG,50.27,43.06,0.218,0.07413077351078441,0.15006913283802098
EHD4,27.53,24.1,0.184,0.07413077351078441,0.15006913283802098
ARAP1,38.18,34.84,0.129,0.07413077351078441,0.15006913283802098
SUGP2,23.98,30.76,-0.347,0.07413077351078441,0.15006913283802098
FECH,10.05,14.36,-0.475,0.07413077351078441,0.15006913283802098
POC1A,14.22,17.07,-0.247,0.07413077351078441,0.15006913283802098
ESS2,11.86,13.04,-0.126,0.07413077351078441,0.15006913283802098
C19orf54,16.64,20.94,-0.315,0.07413077351078441,0.15006913283802098
PLEKHB2,76.99,67.07,0.196,0.07413077351078441,0.15006913283802098
NME1,17.81,23.29,-0.369,0.07413077351078441,0.15006913283802098
RPS28,325.58,357.96,-0.136,0.07413077351078441,0.15006913283802098
SLC19A1,9.91,8.12,0.258,0.07413077351078441,0.15006913283802098
NANOS1,2.9,2.55,0.137,0.07413077351078441,0.15006913283802098
TAS1R3,5.15,3.14,0.571,0.07413077351078441,0.15006913283802098
LTO1,6.8,13.61,-0.905,0.07413077351078441,0.15006913283802098
ZNF185,38.83,44.35,-0.187,0.07413077351078441,0.15006913283802098
TRAPPC1,152.07,132.74,0.195,0.07413077351078441,0.15006913283802098
COG2,8.68,7.77,0.142,0.07413077351078441,0.15006913283802098
TEKT2,9.06,8.68,0.056,0.07412982263933543,0.15006913283802098
LSP1,29.49,22.25,0.391,0.07413077351078441,0.15006913283802098
FZD1,35.44,31.84,0.15,0.07413077351078441,0.15006913283802098
FADS3,15.49,13.24,0.211,0.07413077351078441,0.15006913283802098
ROCK2,22.69,20.23,0.158,0.07413077351078441,0.15006913283802098
LARP7,24.49,21.95,0.151,0.07413077351078441,0.15006913283802098
OBSCN,2.3,3.16,-0.332,0.07471604208700257,0.1512337899584106
ZNF324,5.06,6.28,-0.263,0.07530700214891124,0.1520450875280277
CNGA4,2.39,2.59,-0.081,0.07530508357685067,0.1520450875280277
CATSPER2,1.07,1.62,-0.342,0.07530700214891124,0.1520450875280277
CCM2,30.79,26.82,0.192,0.07530700214891124,0.1520450875280277
FASTKD1,10.03,11.75,-0.21,0.07530700214891124,0.1520450875280277
RAB39B,1.47,2.4,-0.46,0.07530700214891124,0.1520450875280277
CYP2F1,2.34,6.72,-1.21,0.07519093226898121,0.1520450875280277
MLLT6,37.39,30.52,0.285,0.07530700214891124,0.1520450875280277
PPA2,41.01,34.9,0.227,0.07530700214891124,0.1520450875280277
ADAM28,10.35,6.59,0.581,0.07530700214891124,0.1520450875280277
MAK,1.77,1.56,0.117,0.07530700214891124,0.1520450875280277
ZFP69B,2.77,3.79,-0.343,0.07530700214891124,0.1520450875280277
CYBRD1,109.67,77.26,0.5,0.07530700214891124,0.1520450875280277
NAP1L1,64.63,76.57,-0.241,0.07530700214891124,0.1520450875280277
PIEZO2,3.12,2.02,0.448,0.07530700214891124,0.1520450875280277
AFAP1,3.92,3.06,0.279,0.07530700214891124,0.1520450875280277
ENDOD1,59.32,52.38,0.176,0.07530700214891124,0.1520450875280277
CXADR,35.89,48.08,-0.412,0.07530700214891124,0.1520450875280277
C8orf88,1.04,1.94,-0.526,0.07530700214891124,0.1520450875280277
ABCD1,22.47,16.75,0.403,0.07649842276432316,0.1539799333675625
ZNF627,16.07,14.64,0.126,0.07649842276432316,0.1539799333675625
TUFM,264.89,287.32,-0.117,0.07649842276432316,0.1539799333675625
MACROD2,5.65,2.89,0.775,0.07649842276432316,0.1539799333675625
PDE1A,3.1,2.64,0.171,0.07649842276432316,0.1539799333675625
CCT3,263.92,323.66,-0.293,0.07649842276432316,0.1539799333675625
WAC,36.31,31.82,0.185,0.07649842276432316,0.1539799333675625
SSBP2,6.29,7.75,-0.264,0.07649842276432316,0.1539799333675625
ZNF786,8.81,10.65,-0.248,0.07649842276432316,0.1539799333675625
PRLR,2.12,1.78,0.166,0.07649842276432316,0.1539799333675625
KLF16,19.24,24.1,-0.31,0.07649842276432316,0.1539799333675625
ANKRD37,7.52,6.23,0.237,0.07649842276432316,0.1539799333675625
SPDL1,7.67,9.72,-0.306,0.07649842276432316,0.1539799333675625
SARM1,1.71,1.54,0.097,0.07649842276432316,0.1539799333675625
FBXW4,39.35,33.51,0.226,0.07649842276432316,0.1539799333675625
PRCC,57.77,65.85,-0.186,0.07649842276432316,0.1539799333675625
ERI2,5.01,6.14,-0.248,0.07649842276432316,0.1539799333675625
TLE1,24.11,20.48,0.226,0.07649842276432316,0.1539799333675625
MAP3K3,21.91,18.75,0.214,0.07649842276432316,0.1539799333675625
CD274,15.12,26.09,-0.749,0.07649842276432316,0.1539799333675625
CLDN10,23.58,10.13,1.142,0.07649842276432316,0.1539799333675625
EFCAB11,1.97,2.26,-0.134,0.07649842276432316,0.1539799333675625
BRD2,78.51,89.81,-0.192,0.07649842276432316,0.1539799333675625
XAGE2,32.07,4.2,2.669,0.07715858916012905,0.1552881765942298
ANKRD34B,3.5,0.94,1.214,0.07765050550782006,0.15589259590413612
ZNF689,9.59,10.64,-0.137,0.07770516874758264,0.15589259590413612
S1PR1,26.87,18.07,0.548,0.07770516874758264,0.15589259590413612
AP5S1,7.82,8.96,-0.175,0.07770516874758264,0.15589259590413612
DMWD,14.1,15.71,-0.146,0.07770516874758264,0.15589259590413612
ULBP1,2.45,4.46,-0.664,0.07770516874758264,0.15589259590413612
GRID1,1.0,1.16,-0.106,0.07770516874758264,0.15589259590413612
TTC27,20.44,24.08,-0.226,0.07770516874758264,0.15589259590413612
TIGIT,3.81,4.7,-0.244,0.07770516874758264,0.15589259590413612
TSC22D1,125.0,87.38,0.512,0.07770516874758264,0.15589259590413612
ARPIN,17.1,14.6,0.215,0.07770516874758264,0.15589259590413612
ATP1B2,2.45,2.78,-0.133,0.07770516874758264,0.15589259590413612
PROC,3.75,1.39,0.991,0.07770516874758264,0.15589259590413612
MFHAS1,25.75,29.12,-0.171,0.07770516874758264,0.15589259590413612
YBEY,17.4,14.11,0.284,0.07770516874758264,0.15589259590413612
CBFA2T2,12.73,15.88,-0.297,0.07770516874758264,0.15589259590413612
DZANK1,2.51,2.34,0.072,0.07770516874758264,0.15589259590413612
SLC7A6OS,2.71,3.31,-0.217,0.07770516874758264,0.15589259590413612
RHBDD2,190.46,177.36,0.102,0.07770516874758264,0.15589259590413612
UROS,14.34,12.81,0.152,0.07770516874758264,0.15589259590413612
DDX27,30.13,36.46,-0.267,0.07770516874758264,0.15589259590413612
NFS1,9.71,11.5,-0.223,0.07770516874758264,0.15589259590413612
MAFG,24.57,36.48,-0.551,0.07770516874758264,0.15589259590413612
PCDHB16,3.59,2.52,0.383,0.07770321646949627,0.15589259590413612
CLN5,1.33,1.18,0.096,0.07831335011087402,0.15709198946851188
ZBTB22,36.06,32.36,0.152,0.07892737359912669,0.15767831519941247
RARRES1,47.62,65.62,-0.455,0.07892737359912669,0.15767831519941247
HOMER2,4.3,5.06,-0.194,0.07892737359912669,0.15767831519941247
CENPT,11.0,14.62,-0.381,0.07892737359912669,0.15767831519941247
GLA,16.27,21.6,-0.388,0.07892737359912669,0.15767831519941247
SNX27,12.98,10.85,0.238,0.07892737359912669,0.15767831519941247
BUB3,33.72,39.03,-0.205,0.07892737359912669,0.15767831519941247
RNF216,27.6,32.43,-0.225,0.07892737359912669,0.15767831519941247
H3-3A,29.7,38.07,-0.347,0.07892737359912669,0.15767831519941247
MAP6,4.7,4.62,0.019,0.07892737359912669,0.15767831519941247
CDKN1B,95.08,83.96,0.177,0.07892737359912669,0.15767831519941247
ATP6V1D,45.36,42.21,0.101,0.07892737359912669,0.15767831519941247
NDUFB9,20.85,21.69,-0.055,0.07892737359912669,0.15767831519941247
DPH5,19.66,24.11,-0.281,0.07892737359912669,0.15767831519941247
TNFAIP1,65.88,79.56,-0.268,0.07892737359912669,0.15767831519941247
AIF1,88.73,75.83,0.224,0.07892737359912669,0.15767831519941247
GDPD5,6.66,4.1,0.586,0.07892737359912669,0.15767831519941247
DACT2,10.25,9.93,0.041,0.07892737359912669,0.15767831519941247
RAB40B,10.95,15.44,-0.461,0.07892737359912669,0.15767831519941247
NUDT9,33.03,28.97,0.183,0.07892737359912669,0.15767831519941247
PFDN1,71.69,66.22,0.113,0.07892737359912669,0.15767831519941247
NSUN3,5.99,9.62,-0.604,0.07892737359912669,0.15767831519941247
TSC22D4,60.47,51.32,0.232,0.07892737359912669,0.15767831519941247
TMED2,324.44,273.77,0.244,0.07892737359912669,0.15767831519941247
NADK,47.13,39.09,0.264,0.07892737359912669,0.15767831519941247
PLPPR2,33.08,28.63,0.202,0.07892737359912669,0.15767831519941247
ELOVL7,10.65,7.8,0.405,0.07892737359912669,0.15767831519941247
XYLB,3.45,4.1,-0.195,0.07892737359912669,0.15767831519941247
ABCA12,4.73,6.79,-0.442,0.07892737359912669,0.15767831519941247
MRPL22,12.72,11.84,0.095,0.07892737359912669,0.15767831519941247
UBE2M,121.92,139.1,-0.189,0.07892737359912669,0.15767831519941247
GALNT2,42.58,53.16,-0.314,0.08016517090969441,0.15960548311243444
KLHDC3,181.35,175.95,0.043,0.08016517090969441,0.15960548311243444
DHRS9,12.97,13.22,-0.026,0.08016517090969441,0.15960548311243444
NKD1,3.22,6.87,-0.898,0.08016517090969441,0.15960548311243444
NGRN,15.3,19.23,-0.312,0.08016517090969441,0.15960548311243444
THOC6,47.29,56.52,-0.252,0.08016517090969441,0.15960548311243444
S100A5,3.98,4.18,-0.058,0.08016517090969441,0.15960548311243444
KCNC3,6.86,5.82,0.204,0.08016517090969441,0.15960548311243444
RFLNA,5.85,6.49,-0.127,0.08016517090969441,0.15960548311243444
DBT,8.81,9.9,-0.152,0.08016517090969441,0.15960548311243444
ABHD17A,16.69,17.94,-0.099,0.08016517090969441,0.15960548311243444
TUBB4A,2.46,4.05,-0.547,0.08016417789473672,0.15960548311243444
ARHGAP31,18.75,13.79,0.417,0.08016517090969441,0.15960548311243444
SLC52A2,62.2,51.23,0.275,0.08016517090969441,0.15960548311243444
DIRAS1,6.1,5.68,0.09,0.08016417789473672,0.15960548311243444
MYL9,285.02,220.58,0.368,0.08016517090969441,0.15960548311243444
NCOA2,20.11,16.68,0.255,0.08016517090969441,0.15960548311243444
TRIAP1,60.17,69.24,-0.2,0.08016517090969441,0.15960548311243444
ASIC3,3.33,1.67,0.696,0.08016417789473672,0.15960548311243444
RCAN1,23.24,24.58,-0.078,0.08016517090969441,0.15960548311243444
MRPS26,128.96,158.59,-0.296,0.08016517090969441,0.15960548311243444
CREB5,2.98,4.19,-0.383,0.08016517090969441,0.15960548311243444
STUM,1.49,0.37,0.859,0.08016517090969441,0.15960548311243444
FBXO34,39.63,34.19,0.207,0.08016517090969441,0.15960548311243444
WIPI1,24.56,31.44,-0.344,0.08016517090969441,0.15960548311243444
KCTD17,18.71,22.05,-0.226,0.08016517090969441,0.15960548311243444
LRRC43,3.6,3.18,0.138,0.08078896126775524,0.16080527820529353
AC093512.2,1.07,0.79,0.21,0.08078896126775524,0.16080527820529353
MRPS2,29.43,33.78,-0.193,0.0814186943404837,0.16152967133911839
TAF1C,19.2,24.91,-0.359,0.0814186943404837,0.16152967133911839
SERPINF2,24.81,15.72,0.626,0.0814186943404837,0.16152967133911839
M1AP,1.43,1.09,0.22,0.0814186943404837,0.16152967133911839
APOL1,185.03,266.01,-0.521,0.0814186943404837,0.16152967133911839
CNTLN,2.27,3.32,-0.404,0.0814186943404837,0.16152967133911839
CNKSR3,2.3,2.59,-0.121,0.0814186943404837,0.16152967133911839
DNASE2B,1.7,1.57,0.075,0.0814186943404837,0.16152967133911839
INTS8,15.03,17.4,-0.199,0.0814186943404837,0.16152967133911839
SSBP3,39.05,38.71,0.012,0.0814186943404837,0.16152967133911839
NUP88,18.98,21.57,-0.176,0.0814186943404837,0.16152967133911839
BAG5,33.85,37.7,-0.151,0.0814186943404837,0.16152967133911839
TSC22D2,13.41,13.44,-0.003,0.0814186943404837,0.16152967133911839
MBOAT2,25.28,19.49,0.359,0.0814186943404837,0.16152967133911839
KCTD10,28.04,24.85,0.168,0.0814186943404837,0.16152967133911839
RFXANK,41.06,46.64,-0.18,0.0814186943404837,0.16152967133911839
GLRX5,48.77,58.22,-0.251,0.0814186943404837,0.16152967133911839
ZP3,8.03,11.06,-0.418,0.0814186943404837,0.16152967133911839
GUCY1A1,11.55,8.53,0.397,0.0814186943404837,0.16152967133911839
DYNC2H1,3.01,5.3,-0.652,0.0814186943404837,0.16152967133911839
DR1,23.22,25.57,-0.133,0.0814186943404837,0.16152967133911839
IL2RB,13.78,18.11,-0.371,0.0814186943404837,0.16152967133911839
CMTM7,28.38,23.25,0.277,0.0814186943404837,0.16152967133911839
IGDCC4,1.45,2.03,-0.306,0.0814186943404837,0.16152967133911839
SRGAP1,1.69,2.27,-0.279,0.0814186943404837,0.16152967133911839
PNMA3,1.76,2.35,-0.277,0.08205038945374832,0.16276166170137069
MIS18BP1,12.44,14.36,-0.193,0.08268807760304073,0.16338665145311454
POC1B,9.04,7.66,0.214,0.08268807760304073,0.16338665145311454
AP3S2,6.77,5.82,0.187,0.08268807760304073,0.16338665145311454
HCK,40.32,56.23,-0.47,0.08268807760304073,0.16338665145311454
VAMP1,6.36,8.09,-0.305,0.08268807760304073,0.16338665145311454
ARL13B,12.36,15.63,-0.316,0.08268807760304073,0.16338665145311454
TNFAIP2,85.06,111.18,-0.382,0.08268807760304073,0.16338665145311454
P2RY13,7.49,6.49,0.18,0.08268807760304073,0.16338665145311454
RNF26,46.09,49.34,-0.096,0.08268807760304073,0.16338665145311454
MSR1,35.3,29.11,0.27,0.08268807760304073,0.16338665145311454
EIF2AK1,152.69,128.26,0.25,0.08268807760304073,0.16338665145311454
LIN7C,28.59,30.91,-0.109,0.08268807760304073,0.16338665145311454
HSD17B12,20.09,16.79,0.245,0.08268807760304073,0.16338665145311454
SPPL2A,29.52,34.49,-0.218,0.08268807760304073,0.16338665145311454
SPAG16,6.38,5.13,0.267,0.08268807760304073,0.16338665145311454
TGFB3,13.93,18.29,-0.37,0.08268807760304073,0.16338665145311454
POLR2D,24.9,28.37,-0.181,0.08268807760304073,0.16338665145311454
GFPT2,10.13,13.48,-0.38,0.08268807760304073,0.16338665145311454
EOLA2,22.11,27.38,-0.296,0.08268807760304073,0.16338665145311454
PTPRT,1.02,1.62,-0.374,0.08266787954223456,0.16338665145311454
CTSB,409.81,579.23,-0.498,0.08268807760304073,0.16338665145311454
SRGAP2C,3.46,2.65,0.288,0.08268807760304073,0.16338665145311454
STX6,29.81,34.72,-0.213,0.08268807760304073,0.16338665145311454
MFAP4,213.44,186.0,0.198,0.08268807760304073,0.16338665145311454
PREPL,19.38,18.14,0.091,0.08268807760304073,0.16338665145311454
DDX41,53.06,47.78,0.148,0.08268807760304073,0.16338665145311454
BRF2,7.81,9.99,-0.319,0.08268807760304073,0.16338665145311454
CRABP1,8.27,8.41,-0.021,0.08261801696032156,0.16338665145311454
PMP22,24.99,19.71,0.327,0.08268807760304073,0.16338665145311454
KYNU,4.63,7.78,-0.641,0.08268807760304073,0.16338665145311454
PCYOX1L,6.18,8.09,-0.34,0.08397345443888306,0.16534586486391267
TPBG,41.57,57.37,-0.455,0.08397345443888306,0.16534586486391267
GFRA3,27.5,8.93,1.52,0.08397345443888306,0.16534586486391267
PBRM1,18.27,16.17,0.167,0.08397345443888306,0.16534586486391267
DDX60,26.0,16.54,0.622,0.08397345443888306,0.16534586486391267
SIGLEC1,15.77,12.68,0.294,0.08397345443888306,0.16534586486391267
SMAD9,4.74,3.76,0.269,0.08397345443888306,0.16534586486391267
DGKQ,20.7,17.8,0.207,0.08397345443888306,0.16534586486391267
IGSF6,20.89,16.66,0.31,0.08397345443888306,0.16534586486391267
TM7SF3,51.24,62.02,-0.271,0.08397345443888306,0.16534586486391267
RASSF6,5.32,8.73,-0.622,0.08397345443888306,0.16534586486391267
HIPK1,32.83,28.62,0.191,0.08397345443888306,0.16534586486391267
SLC66A1,26.66,22.93,0.209,0.08397345443888306,0.16534586486391267
EI24,126.85,146.01,-0.202,0.08397345443888306,0.16534586486391267
MYLIP,49.14,43.05,0.187,0.08397345443888306,0.16534586486391267
CENPJ,6.56,7.94,-0.241,0.08397345443888306,0.16534586486391267
USP7,40.62,50.52,-0.308,0.08397345443888306,0.16534586486391267
ANKLE1,1.44,2.19,-0.383,0.08397345443888306,0.16534586486391267
ZNF695,0.76,1.12,-0.27,0.08397243608972384,0.16534586486391267
UGT8,11.11,14.33,-0.339,0.08397345443888306,0.16534586486391267
RPS6KC1,15.35,19.78,-0.346,0.08397345443888306,0.16534586486391267
LPCAT2,13.25,16.38,-0.287,0.08397345443888306,0.16534586486391267
SLC66A2,33.65,29.27,0.195,0.08397345443888306,0.16534586486391267
HLA-F,75.49,57.35,0.39,0.08397345443888306,0.16534586486391267
GNL1,28.62,32.17,-0.163,0.08397345443888306,0.16534586486391267
NOL3,42.22,34.35,0.29,0.08397345443888306,0.16534586486391267
ATP6V1C2,8.95,3.8,1.05,0.08397345443888306,0.16534586486391267
CT45A1,2.1,6.16,-1.209,0.08453722595871345,0.16643437527416527
ENHO,1.31,2.06,-0.403,0.08461195652169472,0.16655645535704033
HACE1,3.79,4.4,-0.173,0.08462115967228293,0.16655645535704033
SLCO1B3,1.77,2.3,-0.251,0.08476936631531636,0.16682655212805717
COL25A1,2.03,0.31,1.203,0.085268797831768,0.16719350187023652
C1orf50,1.25,1.09,0.107,0.08527495859885886,0.16719350187023652
FAM217B,13.44,17.29,-0.34,0.08527495859885886,0.16719350187023652
PDZD2,7.21,5.42,0.353,0.08527495859885886,0.16719350187023652
SULF1,66.42,67.05,-0.013,0.08527495859885886,0.16719350187023652
TASOR,23.27,20.5,0.175,0.08527495859885886,0.16719350187023652
SPAG9,33.06,28.93,0.187,0.08527495859885886,0.16719350187023652
CRAT,40.37,36.13,0.156,0.08527495859885886,0.16719350187023652
CLTC,151.66,125.99,0.266,0.08527495859885886,0.16719350187023652
KLRD1,0.83,1.03,-0.144,0.08527495859885886,0.16719350187023652
SCG5,12.79,7.78,0.651,0.08527495859885886,0.16719350187023652
TP53,30.53,46.13,-0.58,0.08527495859885886,0.16719350187023652
MSL3,10.44,12.24,-0.211,0.08527495859885886,0.16719350187023652
SNX12,79.22,88.0,-0.15,0.08527495859885886,0.16719350187023652
SLC17A9,19.64,9.3,1.003,0.08527495859885886,0.16719350187023652
RPL7,633.77,709.58,-0.163,0.08527495859885886,0.16719350187023652
MBD1,24.7,30.61,-0.299,0.08527495859885886,0.16719350187023652
RERGL,1.37,0.62,0.553,0.08518665382899872,0.16719350187023652
SFRP4,59.59,40.69,0.539,0.08527495859885886,0.16719350187023652
CXCL14,440.01,260.15,0.756,0.08527495859885886,0.16719350187023652
FAM120B,19.29,22.09,-0.187,0.08527495859885886,0.16719350187023652
MFSD14B,65.2,72.82,-0.157,0.08527495859885886,0.16719350187023652
ZFP91,39.6,44.69,-0.17,0.08527495859885886,0.16719350187023652
PFKFB2,14.59,11.82,0.282,0.08527495859885886,0.16719350187023652
STAMBP,22.16,24.71,-0.151,0.08527495859885886,0.16719350187023652
FIG4,2.68,2.37,0.13,0.08527495859885886,0.16719350187023652
TTC17,22.73,20.03,0.174,0.08527495859885886,0.16719350187023652
STAT4,4.09,3.15,0.297,0.08527495859885886,0.16719350187023652
PRSS22,46.02,37.65,0.283,0.08527495859885886,0.16719350187023652
MYO16,0.44,1.31,-0.683,0.0859307692039349,0.16841410945760873
TPK1,2.04,1.6,0.224,0.0859307692039349,0.16841410945760873
EDA2R,2.32,1.35,0.496,0.0859307692039349,0.16841410945760873
PNLIPRP3,0.18,4.38,-2.194,0.08608246088067545,0.16868964635110306
AC093323.1,15.95,14.33,0.145,0.08659272382224407,0.16901377865253778
TMIE,1.57,1.31,0.153,0.08659272382224407,0.16901377865253778
ENPP2,29.07,22.97,0.327,0.08659272382224407,0.16901377865253778
PLEKHO1,24.74,27.96,-0.17,0.08659272382224407,0.16901377865253778
GIT1,51.62,61.47,-0.248,0.08659272382224407,0.16901377865253778
SMARCC1,48.92,58.39,-0.251,0.08659272382224407,0.16901377865253778
SUCO,27.86,25.14,0.143,0.08659272382224407,0.16901377865253778
RASSF2,21.33,18.81,0.173,0.08659272382224407,0.16901377865253778
LCN2,271.74,220.43,0.301,0.08659272382224407,0.16901377865253778
AMFR,54.04,63.63,-0.232,0.08659272382224407,0.16901377865253778
ARIH1,11.0,11.98,-0.113,0.08659272382224407,0.16901377865253778
ITPR3,69.77,54.97,0.339,0.08659272382224407,0.16901377865253778
RELB,35.04,55.61,-0.651,0.08659272382224407,0.16901377865253778
PKIA,10.09,11.2,-0.137,0.08659272382224407,0.16901377865253778
C2CD4B,6.83,3.84,0.694,0.08659272382224407,0.16901377865253778
TTLL5,6.13,7.04,-0.173,0.08659272382224407,0.16901377865253778
LDB3,1.02,0.84,0.134,0.08659272382224407,0.16901377865253778
KTI12,7.91,7.0,0.156,0.08659272382224407,0.16901377865253778
ZBTB11,13.83,16.18,-0.213,0.08659272382224407,0.16901377865253778
TARDBP,43.65,50.25,-0.199,0.08659272382224407,0.16901377865253778
DCTN2,35.99,39.67,-0.137,0.08659272382224407,0.16901377865253778
CENPV,7.24,10.68,-0.503,0.08659272382224407,0.16901377865253778
BMERB1,12.29,7.52,0.642,0.08659272382224407,0.16901377865253778
ZCCHC4,8.0,6.72,0.222,0.08659272382224407,0.16901377865253778
FBXL5,78.41,64.04,0.288,0.08659272382224407,0.16901377865253778
C17orf80,12.96,15.72,-0.26,0.08659272382224407,0.16901377865253778
CTXN1,21.38,17.04,0.311,0.08659272382224407,0.16901377865253778
DDX55,11.71,13.4,-0.18,0.08659272382224407,0.16901377865253778
VPS51,44.81,41.44,0.11,0.08659272382224407,0.16901377865253778
C1orf53,21.17,14.6,0.507,0.08659272382224407,0.16901377865253778
SIRPG,3.73,5.11,-0.37,0.08659272382224407,0.16901377865253778
XAGE3,9.8,0.2,3.175,0.08680158720371667,0.16939968071754238
ZNF557,4.43,5.4,-0.236,0.08725670666043076,0.17024414335327143
SGSM2,17.52,12.94,0.411,0.08725670666043076,0.17024414335327143
SPON2,28.75,16.15,0.795,0.08792688381557967,0.1708059258164048
TTC9,27.73,21.84,0.331,0.08792688381557967,0.1708059258164048
UBAC2,61.01,52.97,0.2,0.08792688381557967,0.1708059258164048
C1orf21,12.89,15.04,-0.207,0.08792688381557967,0.1708059258164048
H2BC7,2.32,3.3,-0.374,0.08769726777444653,0.1708059258164048
CA3,4.78,2.7,0.642,0.0879258401388771,0.1708059258164048
SLC2A10,24.35,16.1,0.568,0.08792688381557967,0.1708059258164048
TMTC4,15.24,11.85,0.338,0.08792688381557967,0.1708059258164048
NKIRAS2,33.51,36.66,-0.126,0.08792688381557967,0.1708059258164048
IL17RA,14.39,16.59,-0.193,0.08792688381557967,0.1708059258164048
SH2D3A,19.74,16.0,0.287,0.08792688381557967,0.1708059258164048
DTX3,21.84,27.33,-0.311,0.08792688381557967,0.1708059258164048
TNFRSF21,190.75,139.01,0.454,0.08792688381557967,0.1708059258164048
ANO5,1.79,1.08,0.424,0.08792688381557967,0.1708059258164048
ATP6V0E1,410.03,338.13,0.277,0.08792688381557967,0.1708059258164048
PIM2,74.66,92.8,-0.31,0.08792688381557967,0.1708059258164048
ASPHD2,5.01,4.97,0.011,0.08792688381557967,0.1708059258164048
NME2,1.69,2.1,-0.203,0.08792688381557967,0.1708059258164048
WDR36,13.61,16.14,-0.23,0.08792688381557967,0.1708059258164048
NOTCH4,9.81,8.44,0.195,0.08792688381557967,0.1708059258164048
BMPR1B,3.32,3.15,0.056,0.08792688381557967,0.1708059258164048
HCLS1,42.43,61.29,-0.52,0.08792688381557967,0.1708059258164048
GUK1,156.17,138.88,0.168,0.08792688381557967,0.1708059258164048
NACA,95.0,106.76,-0.167,0.08792688381557967,0.1708059258164048
PHLDA1,30.12,40.27,-0.407,0.08792688381557967,0.1708059258164048
LMO2,16.93,15.64,0.108,0.08792688381557967,0.1708059258164048
PSD4,17.88,15.05,0.234,0.08792688381557967,0.1708059258164048
ARMCX4,2.54,1.94,0.264,0.08792688381557967,0.1708059258164048
SRRT,69.37,81.45,-0.228,0.08792688381557967,0.1708059258164048
RASGRP1,6.2,4.54,0.378,0.08792688381557967,0.1708059258164048
SLFN11,29.24,23.79,0.286,0.08792688381557967,0.1708059258164048
THSD4,5.34,6.65,-0.271,0.08792688381557967,0.1708059258164048
GPC5,1.9,1.58,0.169,0.08792166542904616,0.1708059258164048
COX10,7.31,8.58,-0.205,0.08792688381557967,0.1708059258164048
HHATL,2.54,1.83,0.322,0.08821638612026088,0.17134640172911322
ISLR2,1.39,2.03,-0.341,0.08859805783017478,0.1720657410985358
GPRIN3,4.9,3.64,0.345,0.08927757223125134,0.1729873938157635
ZZZ3,13.6,16.78,-0.285,0.08927757223125134,0.1729873938157635
ATG14,17.88,16.21,0.133,0.08927757223125134,0.1729873938157635
ECHDC1,39.17,31.32,0.314,0.08927757223125134,0.1729873938157635
RCAN3,14.16,12.56,0.161,0.08927757223125134,0.1729873938157635
CEP135,4.21,5.36,-0.286,0.08927757223125134,0.1729873938157635
SGCD,3.47,2.41,0.391,0.08927757223125134,0.1729873938157635
ARNTL,7.32,8.07,-0.124,0.08927757223125134,0.1729873938157635
LRRC57,7.04,7.74,-0.121,0.08927757223125134,0.1729873938157635
HSPA14,18.51,21.06,-0.178,0.08927757223125134,0.1729873938157635
EDIL3,44.16,23.1,0.906,0.08927757223125134,0.1729873938157635
QARS1,114.87,103.48,0.149,0.08927757223125134,0.1729873938157635
LZTFL1,12.12,10.29,0.217,0.08927757223125134,0.1729873938157635
PHTF2,14.26,16.66,-0.211,0.08927757223125134,0.1729873938157635
ZNF503,29.14,24.02,0.269,0.08927757223125134,0.1729873938157635
PAN2,10.82,13.12,-0.256,0.08927757223125134,0.1729873938157635
SLCO5A1,1.43,0.86,0.384,0.08927652011978755,0.1729873938157635
PLEKHF2,32.19,38.01,-0.233,0.08927757223125134,0.1729873938157635
REG4,5.57,0.07,2.616,0.0894463204888704,0.173292265644913
MAGEA10,6.07,7.36,-0.241,0.08980291067497143,0.17396093610669908
PLAAT1,5.78,12.91,-1.036,0.08995810001707923,0.17423934390100518
ZNFX1,34.8,29.57,0.228,0.09064492264581402,0.17516768122079016
GUCY2D,1.03,0.75,0.211,0.09064492264581402,0.17516768122079016
NEDD9,57.55,38.33,0.574,0.09064492264581402,0.17516768122079016
ERP44,62.77,57.85,0.116,0.09064492264581402,0.17516768122079016
GSTM5,2.52,1.68,0.391,0.09064492264581402,0.17516768122079016
ANKRD1,57.55,10.02,2.409,0.09064280156522841,0.17516768122079016
MXRA5,48.62,53.25,-0.129,0.09064492264581402,0.17516768122079016
CEACAM4,5.75,2.98,0.764,0.09064492264581402,0.17516768122079016
PAQR5,5.15,4.03,0.288,0.09064492264581402,0.17516768122079016
ANKMY2,25.27,21.77,0.207,0.09064492264581402,0.17516768122079016
VWF,86.9,73.21,0.244,0.09064492264581402,0.17516768122079016
MKX,1.49,1.65,-0.086,0.09064386210576016,0.17516768122079016
CNOT6,24.22,21.66,0.154,0.09064492264581402,0.17516768122079016
PIGH,11.83,13.83,-0.208,0.09064492264581402,0.17516768122079016
DOCK1,29.21,23.29,0.314,0.09064492264581402,0.17516768122079016
ZCCHC12,1.32,1.54,-0.128,0.09064492264581402,0.17516768122079016
GK5,6.7,8.26,-0.267,0.09064492264581402,0.17516768122079016
RPL41,619.55,686.37,-0.148,0.09064492264581402,0.17516768122079016
HSD3B1,1.17,0.02,1.092,0.0911573972059817,0.17613561436480735
STAP2,44.01,59.49,-0.426,0.09202906853806421,0.17727876737654488
RNF169,6.1,7.44,-0.25,0.09202906853806421,0.17727876737654488
GPR15,2.74,17.25,-2.286,0.09202906853806421,0.17727876737654488
THOC2,22.42,19.21,0.213,0.09202906853806421,0.17727876737654488
FRA10AC1,7.6,6.78,0.144,0.09202906853806421,0.17727876737654488
FAM220A,32.87,40.06,-0.277,0.09202799957699183,0.17727876737654488
GSN,159.34,138.81,0.198,0.09202906853806421,0.17727876737654488
C3orf52,8.31,6.86,0.244,0.09202906853806421,0.17727876737654488
KCNIP3,1.72,1.29,0.248,0.09202906853806421,0.17727876737654488
CD72,5.48,6.91,-0.287,0.09202906853806421,0.17727876737654488
CTNS,13.86,11.77,0.218,0.09202906853806421,0.17727876737654488
TMCO6,8.31,9.97,-0.236,0.09202906853806421,0.17727876737654488
C2orf76,12.96,16.54,-0.329,0.09202906853806421,0.17727876737654488
ZNF276,5.11,6.48,-0.291,0.09202906853806421,0.17727876737654488
JPH1,9.81,13.66,-0.44,0.09202906853806421,0.17727876737654488
OGFOD1,18.16,21.23,-0.214,0.09202906853806421,0.17727876737654488
NDUFA12,65.46,71.78,-0.131,0.09202906853806421,0.17727876737654488
RABIF,23.61,20.75,0.178,0.09202906853806421,0.17727876737654488
RBM5,17.59,14.63,0.251,0.09202906853806421,0.17727876737654488
MOB4,21.28,18.94,0.16,0.09202906853806421,0.17727876737654488
TFAP2E,4.17,2.93,0.398,0.09202799957699183,0.17727876737654488
OGA,62.58,52.04,0.262,0.09202906853806421,0.17727876737654488
FRS3,9.64,7.79,0.276,0.09202906853806421,0.17727876737654488
CMTM6,104.66,95.85,0.126,0.09202906853806421,0.17727876737654488
CSAG2,0.67,1.2,-0.398,0.09284774721120631,0.17883314190921115
SAYSD1,23.65,20.61,0.19,0.0934301432668615,0.17938634735920975
SRRM5,1.01,1.53,-0.334,0.0934301432668615,0.17938634735920975
SRR,3.62,3.16,0.151,0.0934301432668615,0.17938634735920975
SSBP1,39.44,46.9,-0.244,0.0934301432668615,0.17938634735920975
KCTD12,72.29,56.14,0.359,0.0934301432668615,0.17938634735920975
CD8B,1.74,2.77,-0.46,0.0934301432668615,0.17938634735920975
FAM171A1,12.96,18.29,-0.467,0.0934301432668615,0.17938634735920975
CHID1,57.89,44.82,0.362,0.0934301432668615,0.17938634735920975
POLR3F,15.22,18.63,-0.275,0.0934301432668615,0.17938634735920975
DNAJC5,69.05,85.79,-0.309,0.0934301432668615,0.17938634735920975
TRAM2,24.89,29.04,-0.215,0.0934301432668615,0.17938634735920975
SMN1,4.74,5.99,-0.286,0.0934301432668615,0.17938634735920975
PDE3B,4.08,4.37,-0.08,0.0934301432668615,0.17938634735920975
RAI2,17.74,14.8,0.246,0.0934301432668615,0.17938634735920975
ZNF790,3.92,3.49,0.131,0.0934301432668615,0.17938634735920975
SKI,55.87,49.0,0.186,0.0934301432668615,0.17938634735920975
TM6SF1,3.11,2.34,0.298,0.0934290658937582,0.17938634735920975
FCRLA,3.08,4.18,-0.344,0.0934301432668615,0.17938634735920975
ZNF530,3.06,4.04,-0.31,0.0934290658937582,0.17938634735920975
ZNF292,8.47,9.7,-0.176,0.0934290658937582,0.17938634735920975
ATP9B,4.61,4.03,0.158,0.0934301432668615,0.17938634735920975
CAPSL,12.4,10.71,0.195,0.0933008538149007,0.17938634735920975
PLCB1,3.67,4.54,-0.247,0.0934301432668615,0.17938634735920975
IL17RD,2.56,4.8,-0.706,0.0934301432668615,0.17938634735920975
EFCAB12,1.14,1.19,-0.037,0.0934301432668615,0.17938634735920975
TAS2R5,1.54,1.64,-0.056,0.09413598900599843,0.18071873653880896
MYPN,2.0,0.06,1.504,0.0944029894402615,0.18120841674869148
CD82,59.9,76.0,-0.338,0.09484828004870367,0.1814670594106479
SELENON,89.27,75.54,0.238,0.09484828004870367,0.1814670594106479
ETF1,89.09,103.28,-0.211,0.09484828004870367,0.1814670594106479
DUSP3,66.08,56.54,0.221,0.09484828004870367,0.1814670594106479
CLIC1,764.59,644.64,0.246,0.09484828004870367,0.1814670594106479
EFNA4,47.65,38.36,0.305,0.09484828004870367,0.1814670594106479
SLC45A4,17.68,12.37,0.483,0.09484828004870367,0.1814670594106479
VPS45,23.32,19.05,0.278,0.09484828004870367,0.1814670594106479
NECTIN4,60.43,81.2,-0.42,0.09484828004870367,0.1814670594106479
PER3,9.75,7.35,0.364,0.09484828004870367,0.1814670594106479
SDF2,53.27,51.08,0.06,0.09484828004870367,0.1814670594106479
PPP2R5E,22.73,19.96,0.179,0.09484828004870367,0.1814670594106479
ZNF704,8.32,6.91,0.238,0.09484828004870367,0.1814670594106479
CHI3L2,19.81,14.54,0.421,0.09484828004870367,0.1814670594106479
SHPK,3.24,2.79,0.161,0.09484828004870367,0.1814670594106479
CILK1,17.76,25.94,-0.522,0.09484828004870367,0.1814670594106479
SP4,7.48,6.86,0.109,0.09484828004870367,0.1814670594106479
SRM,113.95,130.23,-0.191,0.09484828004870367,0.1814670594106479
FOXI1,0.24,1.12,-0.77,0.09457236502821016,0.1814670594106479
NBL1,189.59,147.94,0.356,0.09484828004870367,0.1814670594106479
IKBKG,6.37,8.09,-0.302,0.09484828004870367,0.1814670594106479
NPR2,6.25,11.26,-0.758,0.09484828004870367,0.1814670594106479
ITSN1,5.48,4.43,0.255,0.09484828004870367,0.1814670594106479
ETV3,22.44,26.06,-0.207,0.09484828004870367,0.1814670594106479
ZDHHC11,3.76,2.68,0.37,0.09484828004870367,0.1814670594106479
OBSL1,28.42,19.08,0.551,0.09484828004870367,0.1814670594106479
TMEM259,69.65,79.19,-0.183,0.09628361193505634,0.1836350635361927
DPH7,13.21,15.77,-0.239,0.09628361193505634,0.1836350635361927
ANGPTL1,3.49,2.3,0.445,0.096282517770595,0.1836350635361927
E2F5,5.41,4.78,0.149,0.09628361193505634,0.1836350635361927
NCF4,26.69,23.99,0.148,0.09628361193505634,0.1836350635361927
CFAP74,1.18,1.4,-0.137,0.09628361193505634,0.1836350635361927
TGFA,28.45,39.24,-0.451,0.09628361193505634,0.1836350635361927
MRPL33,83.47,74.02,0.171,0.09628361193505634,0.1836350635361927
PFKFB3,80.01,60.31,0.402,0.09628361193505634,0.1836350635361927
ZNF605,4.52,3.69,0.234,0.09628361193505634,0.1836350635361927
NTM,12.82,8.16,0.593,0.09628361193505634,0.1836350635361927
TBCC,61.76,50.62,0.282,0.09628361193505634,0.1836350635361927
MAPK13,71.42,60.21,0.242,0.09628361193505634,0.1836350635361927
PCDHB2,2.51,2.58,-0.026,0.09628361193505634,0.1836350635361927
PLCXD1,22.42,13.05,0.738,0.09628361193505634,0.1836350635361927
NT5C3A,29.11,27.59,0.075,0.09628361193505634,0.1836350635361927
NMB,36.62,50.54,-0.454,0.09628361193505634,0.1836350635361927
RHOC,109.23,95.59,0.19,0.09628361193505634,0.1836350635361927
EPB41,9.32,7.53,0.275,0.09628361193505634,0.1836350635361927
PPID,29.3,34.46,-0.227,0.09628361193505634,0.1836350635361927
KCNQ5,2.49,2.55,-0.023,0.09628361193505634,0.1836350635361927
TMEM214,95.32,87.1,0.129,0.09628361193505634,0.1836350635361927
COL9A2,28.37,20.07,0.479,0.09628361193505634,0.1836350635361927
RMC1,20.77,21.57,-0.052,0.09628361193505634,0.1836350635361927
NOM1,9.91,11.83,-0.234,0.09628361193505634,0.1836350635361927
CGB3,1.8,0.04,1.427,0.09677984361833403,0.1845583235965042
SCAMP2,100.18,86.31,0.213,0.09700666921581945,0.18492124534453513
PAK3,1.01,0.88,0.099,0.09700666921581945,0.18492124534453513
RHEX,3.41,5.7,-0.605,0.09700666921581945,0.18492124534453513
FIBP,56.05,59.32,-0.08,0.09773627178944229,0.185822447415467
FAM102A,53.4,62.53,-0.224,0.09773627178944229,0.185822447415467
BTG3,96.51,76.28,0.335,0.09773627178944229,0.185822447415467
SMYD4,6.23,7.54,-0.241,0.09773627178944229,0.185822447415467
LTN1,13.42,11.16,0.246,0.09773627178944229,0.185822447415467
LRRN2,3.15,6.95,-0.939,0.09773627178944229,0.185822447415467
EMID1,8.04,10.52,-0.349,0.09773627178944229,0.185822447415467
TOX2,9.62,11.93,-0.284,0.09773627178944229,0.185822447415467
POP4,24.11,31.93,-0.391,0.09773627178944229,0.185822447415467
CHGB,2.9,15.13,-2.048,0.0977307590756971,0.185822447415467
HDX,1.59,1.25,0.207,0.09773627178944229,0.185822447415467
MARCHF9,25.35,23.02,0.134,0.09773627178944229,0.185822447415467
NOL7,76.3,63.44,0.263,0.09773627178944229,0.185822447415467
ULK3,38.42,43.8,-0.184,0.09773627178944229,0.185822447415467
RPS18,2752.76,3015.85,-0.132,0.09773627178944229,0.185822447415467
ASXL2,11.98,14.45,-0.251,0.09773627178944229,0.185822447415467
ASTN1,0.35,1.33,-0.79,0.09772193868511561,0.185822447415467
MEX3C,15.36,18.11,-0.224,0.09773516924856256,0.185822447415467
CALHM2,19.45,16.95,0.188,0.09773627178944229,0.185822447415467
PTK2B,23.23,27.05,-0.211,0.09773627178944229,0.185822447415467
FAM20C,33.6,25.45,0.388,0.09773627178944229,0.185822447415467
C12orf60,1.09,1.28,-0.125,0.09846803444378552,0.18719029620926345
RAMP2,72.41,48.73,0.562,0.09920639226429148,0.18777161052340605
TPP2,18.02,15.78,0.181,0.09920639226429148,0.18777161052340605
CNNM4,32.96,24.68,0.403,0.09920639226429148,0.18777161052340605
C1S,166.14,218.58,-0.394,0.09920639226429148,0.18777161052340605
RANBP9,47.38,39.49,0.257,0.09920639226429148,0.18777161052340605
RUBCN,4.11,4.85,-0.197,0.09920639226429148,0.18777161052340605
MAP1LC3B,58.12,52.29,0.15,0.09920639226429148,0.18777161052340605
RPS27AP5,1.39,1.81,-0.232,0.09920528136179747,0.18777161052340605
SNX13,10.94,9.21,0.227,0.09920639226429148,0.18777161052340605
GPR18,1.34,1.65,-0.177,0.09920639226429148,0.18777161052340605
C1QC,540.57,544.13,-0.009,0.09920639226429148,0.18777161052340605
IMMP1L,2.83,3.41,-0.202,0.09920639226429148,0.18777161052340605
HSPA12B,10.43,8.42,0.278,0.09920639226429148,0.18777161052340605
CSNK1A1,29.01,33.44,-0.199,0.09920639226429148,0.18777161052340605
IFT20,19.46,19.8,-0.024,0.09920639226429148,0.18777161052340605
WDR6,65.52,56.95,0.199,0.09920639226429148,0.18777161052340605
SLC30A2,3.18,0.38,1.597,0.09920417045827462,0.18777161052340605
PSMB10,39.65,33.08,0.254,0.09920639226429148,0.18777161052340605
APOL6,34.01,27.87,0.278,0.09920639226429148,0.18777161052340605
CUL3,16.56,14.45,0.184,0.09920639226429148,0.18777161052340605
TIMM23B,2.45,2.78,-0.13,0.09920639226429148,0.18777161052340605
C7orf31,4.47,5.61,-0.272,0.09920639226429148,0.18777161052340605
SIRPA,40.4,50.43,-0.313,0.09920639226429148,0.18777161052340605
ZNF71,5.56,5.26,0.067,0.09920528136179747,0.18777161052340605
CARD8,7.09,6.11,0.185,0.09920639226429148,0.18777161052340605
KRT4,47.37,75.19,-0.656,0.09920639226429148,0.18777161052340605
FAM234A,64.3,55.06,0.22,0.09920639226429148,0.18777161052340605
SLC2A11,3.42,2.83,0.206,0.09920639226429148,0.18777161052340605
PDCD1,4.91,6.24,-0.291,0.09920639226429148,0.18777161052340605
IL17REL,0.54,2.9,-1.341,0.09914195822069966,0.18777161052340605
CISD2,13.06,11.81,0.134,0.09920639226429148,0.18777161052340605
NUDCD1,8.39,9.92,-0.217,0.09920639226429148,0.18777161052340605
LOXL3,4.38,4.8,-0.108,0.09920639226429148,0.18777161052340605
PHAX,26.75,24.7,0.111,0.09920639226429148,0.18777161052340605
VDAC3,90.26,102.88,-0.187,0.09920639226429148,0.18777161052340605
AK7,4.42,4.04,0.104,0.10069410577755622,0.19001932046682546
RIOK3,62.37,70.13,-0.167,0.10069410577755622,0.19001932046682546
P3H3,23.47,27.45,-0.218,0.10069410577755622,0.19001932046682546
WDR48,16.48,14.8,0.145,0.10069410577755622,0.19001932046682546
CSGALNACT2,29.88,28.57,0.062,0.10069410577755622,0.19001932046682546
KLK13,14.94,11.76,0.321,0.10069410577755622,0.19001932046682546
KLK14,44.88,9.85,2.081,0.10069298652974348,0.19001932046682546
CYRIB,33.55,38.8,-0.204,0.10069410577755622,0.19001932046682546
ZNF267,9.18,11.09,-0.248,0.10069410577755622,0.19001932046682546
BZW1,58.38,51.21,0.186,0.10069410577755622,0.19001932046682546
TUBGCP2,33.01,29.31,0.166,0.10069410577755622,0.19001932046682546
SIK1B,12.08,8.45,0.47,0.10069410577755622,0.19001932046682546
CSNK1E,34.94,40.57,-0.21,0.10069410577755622,0.19001932046682546
BRSK2,1.36,0.87,0.332,0.10069410577755622,0.19001932046682546
RBM17,37.52,40.02,-0.091,0.10069410577755622,0.19001932046682546
TPGS1,1.65,1.33,0.187,0.10069410577755622,0.19001932046682546
DAD1,556.98,524.06,0.088,0.10069410577755622,0.19001932046682546
AURKAIP1,148.23,133.83,0.146,0.10069410577755622,0.19001932046682546
PIP4P1,32.6,29.6,0.135,0.10069410577755622,0.19001932046682546
UQCRHL,2.82,3.46,-0.225,0.10069410577755622,0.19001932046682546
SMC1A,34.85,40.71,-0.218,0.10069410577755622,0.19001932046682546
LETM1,22.66,27.17,-0.252,0.10069410577755622,0.19001932046682546
ADGRG7,0.78,1.67,-0.585,0.10045457026111333,0.19001932046682546
GBF1,17.67,15.41,0.186,0.10069410577755622,0.19001932046682546
DPPA5,1.51,0.09,1.211,0.10138068295869306,0.19129119674508488
ZNF112,3.12,3.93,-0.26,0.1014434778203909,0.19136215030111733
TRAK1,24.9,22.03,0.169,0.1014434778203909,0.19136215030111733
FCER1G,195.88,175.36,0.159,0.10219954448909395,0.1922870191235671
ZNF248,5.87,4.83,0.236,0.10219954448909395,0.1922870191235671
TTC1,78.88,71.74,0.135,0.10219954448909395,0.1922870191235671
EPB41L4A,2.12,1.74,0.184,0.10219954448909395,0.1922870191235671
PARP14,55.3,46.98,0.231,0.10219954448909395,0.1922870191235671
CPNE5,4.66,5.96,-0.298,0.10219954448909395,0.1922870191235671
PCSK5,3.15,4.29,-0.35,0.10219954448909395,0.1922870191235671
CTTN,139.44,146.82,-0.074,0.10219954448909395,0.1922870191235671
PLPPR3,2.26,3.0,-0.292,0.10219503418045438,0.1922870191235671
ST3GAL4,22.0,16.93,0.36,0.10219954448909395,0.1922870191235671
CCDC28A,76.14,59.34,0.354,0.10219954448909395,0.1922870191235671
ITM2A,50.25,27.4,0.852,0.10219954448909395,0.1922870191235671
NKAIN4,1.67,1.31,0.211,0.10218714109337682,0.1922870191235671
IMMP2L,6.79,6.02,0.15,0.10219954448909395,0.1922870191235671
NPTX2,5.58,36.62,-2.516,0.10219954448909395,0.1922870191235671
PPIC,61.65,53.5,0.201,0.10219954448909395,0.1922870191235671
CYP2U1,5.99,4.96,0.229,0.10219954448909395,0.1922870191235671
CRELD1,1.89,1.44,0.24,0.10219841691376388,0.1922870191235671
FOXO4,18.36,15.13,0.264,0.10219954448909395,0.1922870191235671
ACCS,8.92,6.73,0.359,0.10219954448909395,0.1922870191235671
SPATA20,50.1,39.7,0.328,0.10219954448909395,0.1922870191235671
KLHL32,1.32,1.38,-0.037,0.10295782028579557,0.19366573772466164
DCDC2B,2.13,2.03,0.048,0.10295782028579557,0.19366573772466164
PRMT5,21.19,28.77,-0.424,0.10372284027682233,0.19474309346586277
TEX2,18.64,22.33,-0.249,0.10372284027682233,0.19474309346586277
NR1H3,22.8,19.81,0.194,0.10372284027682233,0.19474309346586277
MRPL37,88.81,103.4,-0.217,0.10372284027682233,0.19474309346586277
PDCD4,40.75,46.89,-0.198,0.10372284027682233,0.19474309346586277
IDS,4.27,3.27,0.305,0.10372284027682233,0.19474309346586277
TXLNB,1.24,1.56,-0.191,0.10372284027682233,0.19474309346586277
DIO2,5.89,9.71,-0.636,0.10372284027682233,0.19474309346586277
NAA15,17.14,20.46,-0.243,0.10372284027682233,0.19474309346586277
MARCHF3,3.6,4.21,-0.178,0.10372284027682233,0.19474309346586277
FNDC11,1.56,1.43,0.073,0.10372284027682233,0.19474309346586277
SEMA4C,42.29,36.45,0.209,0.10372284027682233,0.19474309346586277
TET2,5.43,6.52,-0.225,0.10372284027682233,0.19474309346586277
PPP1R15B,67.45,55.69,0.272,0.10372284027682233,0.19474309346586277
MSX2,4.46,10.04,-1.016,0.10372284027682233,0.19474309346586277
GREB1,2.88,1.16,0.842,0.10449008567319519,0.19615938114825832
DOC2B,8.46,12.08,-0.468,0.10526412471264848,0.19695539984720054
CSAD,8.97,11.43,-0.318,0.10526412471264848,0.19695539984720054
P3H2,32.41,44.59,-0.448,0.10526412471264848,0.19695539984720054
NFKBIB,38.15,45.19,-0.238,0.10526412471264848,0.19695539984720054
COPB2,38.49,45.07,-0.222,0.10526412471264848,0.19695539984720054
COX15,19.86,17.54,0.17,0.10526412471264848,0.19695539984720054
AKT3,6.07,10.06,-0.645,0.10526412471264848,0.19695539984720054
SIX1,16.58,9.96,0.683,0.10526412471264848,0.19695539984720054
PCIF1,52.13,56.73,-0.12,0.10526412471264848,0.19695539984720054
SMAP1,5.55,6.26,-0.15,0.10526412471264848,0.19695539984720054
SEC24C,35.2,31.5,0.155,0.10526412471264848,0.19695539984720054
KYAT3,32.02,28.11,0.182,0.10526412471264848,0.19695539984720054
PLPP1,35.72,30.59,0.217,0.10526412471264848,0.19695539984720054
HDGF,342.47,381.43,-0.155,0.10526412471264848,0.19695539984720054
WRNIP1,52.95,59.46,-0.164,0.10526412471264848,0.19695539984720054
SUDS3,36.71,38.56,-0.069,0.10526412471264848,0.19695539984720054
SEC14L4,5.95,3.97,0.484,0.10526412471264848,0.19695539984720054
KIAA1614,1.01,1.31,-0.196,0.10526412471264848,0.19695539984720054
HNRNPUL1,118.55,138.05,-0.218,0.10526412471264848,0.19695539984720054
ENKD1,20.11,16.89,0.238,0.10526412471264848,0.19695539984720054
SAMD9,16.61,24.44,-0.531,0.10526412471264848,0.19695539984720054
GNAI3,37.0,41.65,-0.167,0.10526412471264848,0.19695539984720054
HMGN1,102.64,89.57,0.195,0.10526412471264848,0.19695539984720054
ANKRD9,11.69,9.47,0.278,0.10526412471264848,0.19695539984720054
DHDDS,24.08,20.92,0.194,0.10526412471264848,0.19695539984720054
SLC27A5,1.9,2.65,-0.333,0.10526412471264848,0.19695539984720054
KIF1C,59.27,50.54,0.226,0.10526412471264848,0.19695539984720054
ZNF324B,3.92,4.97,-0.278,0.10682352903817696,0.19921073728697958
AP2A1,37.86,42.92,-0.176,0.10682352903817696,0.19921073728697958
CPT1C,2.76,5.07,-0.692,0.10682352903817696,0.19921073728697958
NBPF14,1.32,1.06,0.168,0.10682352903817696,0.19921073728697958
PPP1R8,49.53,55.99,-0.174,0.10682352903817696,0.19921073728697958
RNF122,20.37,22.15,-0.116,0.10682352903817696,0.19921073728697958
EVI2B,34.44,28.82,0.249,0.10682352903817696,0.19921073728697958
PCDH7,7.37,9.04,-0.263,0.10682352903817696,0.19921073728697958
TFB2M,41.08,49.39,-0.26,0.10682352903817696,0.19921073728697958
B3GLCT,10.19,13.3,-0.354,0.10682352903817696,0.19921073728697958
SLC2A3,58.42,40.98,0.501,0.10682352903817696,0.19921073728697958
ZNF594,2.72,3.61,-0.311,0.10682352903817696,0.19921073728697958
ZNF708,5.55,4.84,0.164,0.10682352903817696,0.19921073728697958
MAP3K9,6.46,5.78,0.139,0.10682352903817696,0.19921073728697958
ZNF652,11.95,10.59,0.16,0.10682352903817696,0.19921073728697958
IFRD2,37.62,33.13,0.179,0.10682352903817696,0.19921073728697958
C6orf132,20.58,23.1,-0.159,0.10682352903817696,0.19921073728697958
UBASH3B,5.94,6.97,-0.2,0.10682352903817696,0.19921073728697958
FAF2,44.34,40.12,0.141,0.10682352903817696,0.19921073728697958
SGPL1,49.49,56.87,-0.197,0.10682352903817696,0.19921073728697958
ELFN1,1.64,4.14,-0.962,0.10682352903817696,0.19921073728697958
TAOK2,31.47,25.75,0.279,0.10682352903817696,0.19921073728697958
ZSWIM6,14.65,15.67,-0.091,0.10682237660237148,0.19921073728697958
AGO1,11.8,14.13,-0.241,0.10682352903817696,0.19921073728697958
TMSB15A,6.05,14.09,-1.098,0.10682352903817696,0.19921073728697958
EPN3,13.17,16.72,-0.323,0.10682352903817696,0.19921073728697958
DIAPH1,83.95,75.92,0.143,0.10682352903817696,0.19921073728697958
CYREN,9.78,11.4,-0.202,0.10760891051685055,0.20062611087035348
CHFR,6.54,5.45,0.224,0.10760891051685055,0.20062611087035348
PSG2,1.88,0.01,1.508,0.10763153680613273,0.20064218737050132
CIDEC,1.66,0.13,1.23,0.1076439458472294,0.20064218737050132
SIGMAR1,91.21,124.63,-0.446,0.10840118414020038,0.2013619257417856
CDC16,47.55,45.06,0.076,0.10840118414020038,0.2013619257417856
NOTCH2,30.03,25.49,0.228,0.10840118414020038,0.2013619257417856
NOP14,24.34,28.28,-0.208,0.10840118414020038,0.2013619257417856
REM1,2.47,2.55,-0.031,0.10840118414020038,0.2013619257417856
LSM6,11.86,14.03,-0.225,0.10840118414020038,0.2013619257417856
DCBLD1,14.1,13.43,0.065,0.10840118414020038,0.2013619257417856
TNFRSF11A,3.44,2.55,0.321,0.10840118414020038,0.2013619257417856
ASPG,1.6,1.49,0.065,0.10840118414020038,0.2013619257417856
PANX1,28.92,33.29,-0.197,0.10840118414020038,0.2013619257417856
ZG16B,9.36,5.0,0.787,0.10840118414020038,0.2013619257417856
UNC5B,24.86,32.36,-0.368,0.10840118414020038,0.2013619257417856
SLMAP,12.03,10.66,0.16,0.10840118414020038,0.2013619257417856
ZNF532,17.25,20.64,-0.246,0.10840118414020038,0.2013619257417856
TIMM10B,35.22,30.78,0.189,0.10840118414020038,0.2013619257417856
PLEKHG7,1.07,1.0,0.051,0.10840002346342066,0.2013619257417856
RUFY2,6.76,6.21,0.106,0.10840118414020038,0.2013619257417856
SLC2A5,3.78,4.27,-0.141,0.10840118414020038,0.2013619257417856
HDHD3,47.76,41.55,0.197,0.10840118414020038,0.2013619257417856
GPLD1,1.34,2.09,-0.402,0.10840118414020038,0.2013619257417856
TAP1,94.73,109.01,-0.201,0.10840118414020038,0.2013619257417856
GRB10,22.48,23.32,-0.051,0.10840118414020038,0.2013619257417856
EXTL3,13.21,16.47,-0.297,0.10840118414020038,0.2013619257417856
COG6,12.82,10.96,0.209,0.10840118414020038,0.2013619257417856
KMT2E,27.63,23.26,0.239,0.10840118414020038,0.2013619257417856
DCAF12L2,0.77,1.69,-0.602,0.10806627888995737,0.2013619257417856
AGL,13.89,16.01,-0.192,0.10840118414020038,0.2013619257417856
PNKP,24.53,28.12,-0.19,0.10840118414020038,0.2013619257417856
VPS25,76.53,84.04,-0.134,0.10999722052597592,0.20357994535889296
RHBG,1.24,0.42,0.66,0.10995630827968184,0.20357994535889296
PNN,62.73,78.09,-0.312,0.10999722052597592,0.20357994535889296
ZNF358,44.26,37.8,0.222,0.10999722052597592,0.20357994535889296
IRAK3,8.91,6.77,0.352,0.10999722052597592,0.20357994535889296
B3GNT10,3.42,4.32,-0.269,0.10999722052597592,0.20357994535889296
CPNE1,96.14,110.49,-0.199,0.10999722052597592,0.20357994535889296
SAMHD1,39.04,34.94,0.156,0.10999722052597592,0.20357994535889296
TNRC18,51.66,38.86,0.402,0.10999722052597592,0.20357994535889296
ACSL3,54.39,44.37,0.288,0.10999722052597592,0.20357994535889296
PHTF1,9.37,8.35,0.15,0.10999722052597592,0.20357994535889296
KIAA1586,8.57,9.48,-0.131,0.10999722052597592,0.20357994535889296
NT5DC2,43.25,48.79,-0.17,0.10999722052597592,0.20357994535889296
RNH1,90.28,82.67,0.126,0.10999722052597592,0.20357994535889296
RAB13,18.73,16.92,0.138,0.10999722052597592,0.20357994535889296
PPM1A,18.11,16.08,0.163,0.10999722052597592,0.20357994535889296
NRXN3,1.55,2.86,-0.597,0.10999722052597592,0.20357994535889296
CENPS,2.52,2.27,0.106,0.10999722052597592,0.20357994535889296
GPR4,8.61,7.1,0.246,0.10999722052597592,0.20357994535889296
NDUFAB1,96.17,117.07,-0.281,0.10999722052597592,0.20357994535889296
LYRM9,3.04,2.51,0.205,0.10999722052597592,0.20357994535889296
LHFPL3,2.65,1.33,0.648,0.10980433017429679,0.20357994535889296
ERI1,9.96,8.32,0.234,0.10999722052597592,0.20357994535889296
DNAJC13,19.1,22.88,-0.249,0.10999722052597592,0.20357994535889296
MYEF2,3.13,2.78,0.125,0.10999722052597592,0.20357994535889296
CCL11,7.51,10.57,-0.443,0.10999722052597592,0.20357994535889296
SFPQ,116.78,132.23,-0.178,0.10999722052597592,0.20357994535889296
NCLN,73.44,83.1,-0.176,0.10999722052597592,0.20357994535889296
VAX2,1.37,1.73,-0.203,0.10999722052597592,0.20357994535889296
CA9,32.61,37.87,-0.21,0.10999722052597592,0.20357994535889296
LGI3,13.81,10.75,0.333,0.11161176829829224,0.20586592154376032
ZNF250,5.08,4.47,0.152,0.11161176829829224,0.20586592154376032
TRPC4AP,129.94,117.56,0.143,0.11161176829829224,0.20586592154376032
VPS16,24.82,28.82,-0.208,0.11161176829829224,0.20586592154376032
INPP5E,8.15,10.11,-0.281,0.11161176829829224,0.20586592154376032
NDUFA8,149.7,181.35,-0.275,0.11161176829829224,0.20586592154376032
C2orf72,4.66,1.45,1.206,0.11161176829829224,0.20586592154376032
DHFR2,7.16,9.32,-0.338,0.11161176829829224,0.20586592154376032
MAOA,96.84,63.74,0.596,0.11161176829829224,0.20586592154376032
AIMP2,26.1,30.18,-0.203,0.11161176829829224,0.20586592154376032
SPTLC2,30.81,27.29,0.169,0.11161176829829224,0.20586592154376032
GIMAP2,18.69,15.49,0.256,0.11161176829829224,0.20586592154376032
REPIN1,70.91,61.83,0.195,0.11161176829829224,0.20586592154376032
NFATC3,7.51,8.55,-0.168,0.11161176829829224,0.20586592154376032
SYNGR2,318.72,288.56,0.143,0.11161176829829224,0.20586592154376032
PLCG1,24.3,27.92,-0.193,0.11161176829829224,0.20586592154376032
TSPAN1,188.26,162.95,0.207,0.11161176829829224,0.20586592154376032
SC5D,46.48,35.09,0.396,0.11161176829829224,0.20586592154376032
TWF1,60.0,68.9,-0.196,0.11161176829829224,0.20586592154376032
SLC16A2,13.77,13.64,0.013,0.11161176829829224,0.20586592154376032
METTL6,5.77,6.43,-0.134,0.11161176829829224,0.20586592154376032
ACAT1,20.39,17.24,0.231,0.11161176829829224,0.20586592154376032
SGTA,30.53,35.23,-0.2,0.11161176829829224,0.20586592154376032
SLC22A4,4.74,4.34,0.102,0.11161176829829224,0.20586592154376032
METTL14,10.47,9.52,0.124,0.11161176829829224,0.20586592154376032
SUPT16H,57.47,68.99,-0.259,0.11161176829829224,0.20586592154376032
SPAG7,52.56,47.57,0.141,0.11161176829829224,0.20586592154376032
RFFL,7.63,9.49,-0.282,0.11161059121776679,0.20586592154376032
COX11,19.03,17.23,0.136,0.11242484333073668,0.20734045213933994
VDAC1,175.08,198.89,-0.183,0.11324495713033038,0.20812031373909634
FAM107A,26.6,15.56,0.737,0.11324495713033038,0.20812031373909634
FUT10,4.28,5.14,-0.217,0.11324495713033038,0.20812031373909634
GNA12,56.64,49.87,0.18,0.11324495713033038,0.20812031373909634
HACD3,54.56,63.57,-0.217,0.11324495713033038,0.20812031373909634
FBXO41,6.04,7.7,-0.306,0.11324495713033038,0.20812031373909634
YME1L1,73.45,61.75,0.247,0.11324495713033038,0.20812031373909634
TNFAIP8L2,19.05,14.99,0.326,0.11324495713033038,0.20812031373909634
ABHD3,21.97,29.73,-0.42,0.11324495713033038,0.20812031373909634
CMTR2,12.8,11.62,0.129,0.11324495713033038,0.20812031373909634
PLXNB3,12.69,7.18,0.743,0.11324495713033038,0.20812031373909634
KAT6B,3.27,3.79,-0.163,0.11324495713033038,0.20812031373909634
NOSIP,30.04,35.57,-0.236,0.11324495713033038,0.20812031373909634
HPS1,43.7,40.55,0.105,0.11324495713033038,0.20812031373909634
MT1M,41.79,24.5,0.746,0.11324495713033038,0.20812031373909634
CSRNP2,26.78,22.36,0.25,0.11324495713033038,0.20812031373909634
RPS21,1067.75,1249.42,-0.226,0.11324495713033038,0.20812031373909634
MRPL19,16.05,17.73,-0.135,0.11324495713033038,0.20812031373909634
BLOC1S3,18.59,20.91,-0.161,0.11324495713033038,0.20812031373909634
CHAC1,9.17,13.13,-0.474,0.11324495713033038,0.20812031373909634
GLMN,8.3,11.22,-0.394,0.11324495713033038,0.20812031373909634
DYNLL2,76.64,68.85,0.153,0.11324495713033038,0.20812031373909634
THSD7A,2.43,3.31,-0.332,0.11324495713033038,0.20812031373909634
CCNO,18.54,11.67,0.624,0.11324495713033038,0.20812031373909634
KCNJ10,0.47,1.13,-0.538,0.11324495713033038,0.20812031373909634
CORO2A,32.71,40.82,-0.311,0.11324495713033038,0.20812031373909634
MPZL2,141.85,117.76,0.266,0.11324495713033038,0.20812031373909634
CTNNB1,160.48,133.17,0.267,0.11324495713033038,0.20812031373909634
CEACAM7,2.54,5.77,-0.936,0.11323310464303893,0.20812031373909634
PLEKHH1,1.9,2.68,-0.344,0.1148969162403229,0.21041813505776588
TCTEX1D1,2.08,1.95,0.063,0.1148945294995949,0.21041813505776588
MT-ND2,9559.46,7586.35,0.333,0.1148969162403229,0.21041813505776588
TM2D1,18.38,16.73,0.128,0.1148969162403229,0.21041813505776588
UBE2H,102.97,92.13,0.159,0.1148969162403229,0.21041813505776588
ZNF329,9.37,8.34,0.151,0.1148969162403229,0.21041813505776588
ELP6,18.84,20.92,-0.144,0.1148969162403229,0.21041813505776588
RNMT,23.04,25.36,-0.133,0.1148969162403229,0.21041813505776588
MAEA,22.25,19.9,0.154,0.1148969162403229,0.21041813505776588
ARSG,2.35,2.8,-0.18,0.1148969162403229,0.21041813505776588
PLEKHG2,18.6,14.03,0.383,0.1148969162403229,0.21041813505776588
PIK3C2A,22.15,19.58,0.17,0.1148969162403229,0.21041813505776588
DAZAP1,36.42,41.75,-0.192,0.1148969162403229,0.21041813505776588
TRIM58,1.73,1.13,0.355,0.11489214275079423,0.21041813505776588
CD52,162.04,108.63,0.573,0.1148969162403229,0.21041813505776588
DNAI3,2.17,2.1,0.032,0.1148969162403229,0.21041813505776588
OLFML2A,17.05,22.39,-0.374,0.1148969162403229,0.21041813505776588
CCDC126,11.24,9.93,0.164,0.1148969162403229,0.21041813505776588
ATP7B,1.92,1.18,0.421,0.1148969162403229,0.21041813505776588
NDRG2,22.11,24.79,-0.158,0.1148969162403229,0.21041813505776588
SEMA4F,9.21,10.99,-0.232,0.1148969162403229,0.21041813505776588
TRMT2A,26.88,28.26,-0.07,0.1148969162403229,0.21041813505776588
PLN,11.25,7.78,0.48,0.1148969162403229,0.21041813505776588
SH3PXD2B,27.02,28.94,-0.096,0.1148969162403229,0.21041813505776588
PALM,12.95,12.58,0.039,0.1148969162403229,0.21041813505776588
MAP3K11,31.97,28.11,0.179,0.1148969162403229,0.21041813505776588
STX5,63.07,57.58,0.129,0.1148969162403229,0.21041813505776588
FHAD1,1.74,1.79,-0.023,0.1148969162403229,0.21041813505776588
BCL10,26.01,21.01,0.295,0.1148969162403229,0.21041813505776588
DEPDC4,0.85,1.05,-0.147,0.11572877747747569,0.2118649615875754
SERPINA5,1.86,1.05,0.481,0.11572877747747569,0.2118649615875754
PTCH2,0.89,1.16,-0.194,0.11572877747747569,0.2118649615875754
TMEM198,4.2,5.43,-0.304,0.11656777436601629,0.2128367018318574
RBM22,42.89,41.98,0.03,0.11656777436601629,0.2128367018318574
GAS6,61.92,61.36,0.013,0.11656777436601629,0.2128367018318574
MKS1,4.85,5.7,-0.196,0.11656777436601629,0.2128367018318574
CTPS2,18.11,15.81,0.185,0.11656777436601629,0.2128367018318574
DACT3,4.71,3.93,0.211,0.11656777436601629,0.2128367018318574
ZNF180,5.8,6.94,-0.223,0.11656777436601629,0.2128367018318574
TP53BP1,9.87,12.08,-0.267,0.11656777436601629,0.2128367018318574
SMARCA2,15.4,26.22,-0.731,0.11656777436601629,0.2128367018318574
INTS5,41.08,36.17,0.179,0.11656777436601629,0.2128367018318574
DGCR8,12.38,14.61,-0.222,0.11656777436601629,0.2128367018318574
C11orf24,50.81,45.09,0.169,0.11656777436601629,0.2128367018318574
ELAC1,3.66,4.42,-0.218,0.11656777436601629,0.2128367018318574
ABRAXAS2,26.83,23.84,0.164,0.11656777436601629,0.2128367018318574
PRXL2C,19.86,17.04,0.209,0.11656777436601629,0.2128367018318574
NCR1,0.69,1.2,-0.376,0.1165617670116164,0.2128367018318574
TAF3,9.72,8.42,0.187,0.11656777436601629,0.2128367018318574
RIC8A,57.65,51.36,0.164,0.11656777436601629,0.2128367018318574
TAPBP,239.85,224.04,0.098,0.11656777436601629,0.2128367018318574
VN1R1,1.23,1.04,0.13,0.11656777436601629,0.2128367018318574
EPM2AIP1,14.3,13.04,0.123,0.11656777436601629,0.2128367018318574
MAPK1,77.51,87.7,-0.176,0.11656777436601629,0.2128367018318574
IFITM5,4.99,0.21,2.306,0.11667611381198155,0.21300891578291703
CFAP100,1.69,1.92,-0.114,0.11740791964485053,0.2143191785611215
ZBTB8OS,19.93,18.53,0.1,0.11825765973894034,0.21527541629687522
PTPRN,0.57,1.58,-0.719,0.11825161206508943,0.21527541629687522
H2BC15,1.39,1.31,0.051,0.11825765973894034,0.21527541629687522
RASGRF2,2.95,2.24,0.286,0.11825765973894034,0.21527541629687522
GTF2H2C,1.54,1.33,0.121,0.11825765973894034,0.21527541629687522
ZNF449,4.0,3.57,0.127,0.11825765973894034,0.21527541629687522
LCORL,2.01,1.83,0.09,0.11825765973894034,0.21527541629687522
ANXA2,304.18,381.48,-0.326,0.11825765973894034,0.21527541629687522
PSME2,118.86,114.56,0.053,0.11825765973894034,0.21527541629687522
MSI2,10.62,15.65,-0.518,0.11825765973894034,0.21527541629687522
VLDLR,4.51,9.01,-0.862,0.11825765973894034,0.21527541629687522
TRPM2,6.37,7.94,-0.279,0.11825765973894034,0.21527541629687522
ZNF132,4.73,4.24,0.127,0.11825765973894034,0.21527541629687522
ALKBH5,82.58,95.22,-0.203,0.11825765973894034,0.21527541629687522
TRIP11,14.88,12.88,0.194,0.11825765973894034,0.21527541629687522
RNPS1,53.43,61.06,-0.189,0.11825765973894034,0.21527541629687522
MAP4K3,24.36,23.48,0.051,0.11825765973894034,0.21527541629687522
SPIB,2.93,24.17,-2.677,0.11825765973894034,0.21527541629687522
HIGD1A,42.95,36.76,0.219,0.11825765973894034,0.21527541629687522
NID1,48.67,71.04,-0.536,0.11825765973894034,0.21527541629687522
OMG,4.48,4.7,-0.057,0.11825765973894034,0.21527541629687522
CAMTA1,11.0,10.31,0.086,0.11825765973894034,0.21527541629687522
PLD4,6.21,3.94,0.547,0.11825765973894034,0.21527541629687522
H3C12,0.63,2.67,-1.169,0.1195195652828337,0.21754651435750477
SLC4A7,7.27,8.92,-0.262,0.11996670005848849,0.2178123893389837
FNDC4,26.98,16.43,0.683,0.11996670005848849,0.2178123893389837
MARCHF8,16.72,15.07,0.141,0.11996670005848849,0.2178123893389837
RAB14,113.09,96.1,0.233,0.11996670005848849,0.2178123893389837
DYNLT1,105.26,103.49,0.024,0.11996670005848849,0.2178123893389837
MAP1LC3B2,2.35,3.03,-0.266,0.11996670005848849,0.2178123893389837
APOOL,11.17,9.89,0.161,0.11996670005848849,0.2178123893389837
CYP2C18,3.28,3.56,-0.091,0.11996670005848849,0.2178123893389837
RPRD1B,27.26,31.5,-0.202,0.11996670005848849,0.2178123893389837
USP16,26.38,23.73,0.147,0.11996670005848849,0.2178123893389837
NDUFV3,21.12,19.12,0.137,0.11996670005848849,0.2178123893389837
MVB12B,12.85,10.29,0.295,0.11996670005848849,0.2178123893389837
CHST9,2.56,3.82,-0.439,0.11989851318066873,0.2178123893389837
TAF13,80.71,74.06,0.122,0.11996670005848849,0.2178123893389837
PTRHD1,21.33,17.21,0.294,0.11996670005848849,0.2178123893389837
LDHD,14.48,9.86,0.511,0.11996670005848849,0.2178123893389837
TDRD7,21.62,18.91,0.184,0.11996670005848849,0.2178123893389837
CSF1R,50.31,43.79,0.196,0.11996670005848849,0.2178123893389837
PSMB6,196.92,224.87,-0.191,0.11996670005848849,0.2178123893389837
XPO7,35.62,39.7,-0.153,0.11996670005848849,0.2178123893389837
NAA25,9.95,12.86,-0.34,0.11996670005848849,0.2178123893389837
TSKS,0.82,1.95,-0.699,0.12082722151814798,0.21932233889190228
TCTE1,1.75,1.97,-0.112,0.12081622737781429,0.21932233889190228
NYNRIN,23.68,20.22,0.218,0.12169502246581555,0.21984690562700782
SNX9,49.66,39.11,0.337,0.12169502246581555,0.21984690562700782
ITGA5,61.02,57.26,0.09,0.12169502246581555,0.21984690562700782
VSTM5,0.86,1.46,-0.405,0.12169502246581555,0.21984690562700782
POU2F2,3.54,4.62,-0.307,0.12169502246581555,0.21984690562700782
DYNC1H1,26.62,34.09,-0.345,0.12169502246581555,0.21984690562700782
CFAP300,6.78,6.95,-0.031,0.12169502246581555,0.21984690562700782
GPKOW,54.73,48.67,0.166,0.12169502246581555,0.21984690562700782
SLC6A9,12.37,15.76,-0.326,0.12169502246581555,0.21984690562700782
TRMT112,337.38,399.19,-0.242,0.12169502246581555,0.21984690562700782
LRCH2,4.03,2.81,0.402,0.12169502246581555,0.21984690562700782
ZNF224,4.47,3.93,0.148,0.12169502246581555,0.21984690562700782
PDS5A,39.33,34.2,0.197,0.12169502246581555,0.21984690562700782
GUCA1B,1.85,1.54,0.166,0.12169502246581555,0.21984690562700782
ZBED3,5.59,4.78,0.189,0.12169502246581555,0.21984690562700782
ALG8,38.11,36.16,0.074,0.12169502246581555,0.21984690562700782
TRMT11,6.52,7.23,-0.131,0.12169502246581555,0.21984690562700782
CDH11,25.9,18.84,0.439,0.12169502246581555,0.21984690562700782
AIM2,12.21,17.78,-0.508,0.12169502246581555,0.21984690562700782
MORC4,18.28,21.92,-0.25,0.12169502246581555,0.21984690562700782
IL11,2.3,3.7,-0.513,0.12169502246581555,0.21984690562700782
IFTAP,2.51,2.15,0.153,0.12169502246581555,0.21984690562700782
MRAS,12.73,10.57,0.246,0.12169502246581555,0.21984690562700782
CCDC74A,6.41,8.01,-0.281,0.12169502246581555,0.21984690562700782
NRIP3,6.45,8.69,-0.378,0.12169502246581555,0.21984690562700782
DDX3Y,13.45,18.9,-0.461,0.12134196348160844,0.21984690562700782
GIMAP4,52.95,45.55,0.213,0.12169502246581555,0.21984690562700782
UBXN2B,20.99,18.09,0.204,0.12169502246581555,0.21984690562700782
B3GALNT1,8.07,11.02,-0.406,0.12169502246581555,0.21984690562700782
H3C8,0.88,3.71,-1.326,0.12168276685341858,0.21984690562700782
TMEM179B,66.35,55.79,0.246,0.12169502246581555,0.21984690562700782
COX5B,209.7,272.59,-0.377,0.12169502246581555,0.21984690562700782
ARPC3,186.61,179.58,0.055,0.12169502246581555,0.21984690562700782
AKR7A2,83.23,72.83,0.19,0.12169502246581555,0.21984690562700782
YPEL5,130.31,117.05,0.154,0.12169502246581555,0.21984690562700782
NAGA,61.66,54.74,0.169,0.12169502246581555,0.21984690562700782
YJEFN3,2.68,3.63,-0.331,0.12169502246581555,0.21984690562700782
PCDHB9,1.53,1.62,-0.052,0.12169502246581555,0.21984690562700782
SLAIN2,36.94,31.47,0.225,0.12169502246581555,0.21984690562700782
SLC4A1AP,22.64,25.67,-0.174,0.12169502246581555,0.21984690562700782
ZNF562,6.63,7.68,-0.186,0.12256522449322003,0.22136631665780931
CCDC18,2.32,3.17,-0.329,0.12256522449322003,0.22136631665780931
MAST2,26.48,21.87,0.265,0.12344275351755553,0.2221326251560134
RBM10,58.59,66.09,-0.171,0.12344275351755553,0.2221326251560134
ANKS3,7.23,5.83,0.269,0.12344275351755553,0.2221326251560134
ATP13A5,0.79,2.22,-0.849,0.12344275351755553,0.2221326251560134
DACH1,3.73,5.05,-0.353,0.12344275351755553,0.2221326251560134
LY75,5.15,4.54,0.15,0.12344275351755553,0.2221326251560134
ERCC6L2,3.4,4.08,-0.206,0.12344275351755553,0.2221326251560134
PURB,30.0,34.87,-0.211,0.12344275351755553,0.2221326251560134
QRICH1,42.23,38.47,0.131,0.12344275351755553,0.2221326251560134
FGD6,21.17,14.47,0.519,0.12344275351755553,0.2221326251560134
ANK2,1.63,1.43,0.117,0.12344275351755553,0.2221326251560134
AP5Z1,19.77,17.28,0.184,0.12344275351755553,0.2221326251560134
KLRB1,7.92,5.38,0.484,0.12344275351755553,0.2221326251560134
LIMS1,32.42,37.23,-0.194,0.12344275351755553,0.2221326251560134
PHKB,25.46,21.38,0.242,0.12344275351755553,0.2221326251560134
ZNF596,1.87,1.36,0.283,0.12344275351755553,0.2221326251560134
PRKCSH,177.12,203.61,-0.2,0.12344275351755553,0.2221326251560134
SLC13A2,7.82,0.39,2.667,0.12317132164120126,0.2221326251560134
USP21,29.68,33.94,-0.188,0.12344275351755553,0.2221326251560134
ABHD13,14.78,13.01,0.171,0.12344275351755553,0.2221326251560134
BTN2A1,29.1,25.72,0.172,0.12344275351755553,0.2221326251560134
EXOSC8,17.59,20.08,-0.181,0.12344275351755553,0.2221326251560134
GPALPP1,6.99,6.41,0.108,0.12344152001432965,0.2221326251560134
POLR2E,82.13,89.55,-0.123,0.12344275351755553,0.2221326251560134
PRKD2,38.76,43.74,-0.17,0.12344275351755553,0.2221326251560134
KIF21B,3.45,2.7,0.268,0.12344275351755553,0.2221326251560134
GCNT2,11.63,10.28,0.164,0.12344275351755553,0.2221326251560134
EDEM3,29.32,24.45,0.252,0.12344275351755553,0.2221326251560134
STK19,10.95,9.75,0.152,0.12344275351755553,0.2221326251560134
ACTN4,288.84,331.71,-0.199,0.12344275351755553,0.2221326251560134
CD19,4.34,6.13,-0.419,0.12344275351755553,0.2221326251560134
WDR45,15.24,13.56,0.157,0.12432269920298389,0.2236895747265436
COL10A1,74.54,25.67,1.502,0.12521001915936586,0.22451502668337608
CABLES2,13.63,16.72,-0.277,0.12521001915936586,0.22451502668337608
UBXN11,19.58,17.04,0.19,0.12521001915936586,0.22451502668337608
PFN4,2.77,2.18,0.245,0.12521001915936586,0.22451502668337608
LAMC3,9.12,8.25,0.129,0.12521001915936586,0.22451502668337608
NDUFS3,43.55,49.2,-0.173,0.12521001915936586,0.22451502668337608
JUN,256.91,202.96,0.339,0.12521001915936586,0.22451502668337608
KCNA5,1.15,1.1,0.034,0.12519760488103507,0.22451502668337608
HBA2,100.47,38.36,1.366,0.12521001915936586,0.22451502668337608
BUD13,31.98,36.14,-0.171,0.12521001915936586,0.22451502668337608
DEPDC7,3.31,3.82,-0.162,0.12521001915936586,0.22451502668337608
NR2F2,29.25,22.77,0.348,0.12521001915936586,0.22451502668337608
CLEC10A,11.58,9.01,0.33,0.12521001915936586,0.22451502668337608
GAPT,2.76,2.22,0.222,0.12521001915936586,0.22451502668337608
PFDN2,272.79,316.13,-0.212,0.12521001915936586,0.22451502668337608
LIN7A,3.39,3.89,-0.156,0.1252087777434524,0.22451502668337608
STAU2,17.94,14.69,0.272,0.12521001915936586,0.22451502668337608
EPC2,17.94,16.23,0.137,0.12521001915936586,0.22451502668337608
ZNF485,3.66,4.49,-0.235,0.12521001915936586,0.22451502668337608
C18orf21,19.86,23.39,-0.225,0.12521001915936586,0.22451502668337608
PIK3C3,6.33,7.57,-0.226,0.12521001915936586,0.22451502668337608
TSEN2,4.19,4.88,-0.181,0.12521001915936586,0.22451502668337608
ZNF205,15.29,12.8,0.239,0.12521001915936586,0.22451502668337608
LST1,30.47,22.62,0.414,0.12521001915936586,0.22451502668337608
GRPR,0.16,1.33,-1.006,0.12516656802655202,0.22451502668337608
PLD6,5.25,6.82,-0.322,0.12521001915936586,0.22451502668337608
ZNF101,7.07,6.53,0.1,0.12521001915936586,0.22451502668337608
ANKH,16.67,27.15,-0.672,0.12521001915936586,0.22451502668337608
RNF150,1.72,3.7,-0.786,0.12521001915936586,0.22451502668337608
IFRD1,4.05,3.75,0.09,0.12609977127932087,0.2260837650515367
IVD,36.77,32.81,0.16,0.12699694469930228,0.2267823907870827
MTARC2,26.89,18.88,0.488,0.12699694469930228,0.2267823907870827
LTBP2,79.48,63.46,0.32,0.12699694469930228,0.2267823907870827
HLA-B,2306.47,1872.21,0.301,0.12699694469930228,0.2267823907870827
ANKRD52,22.53,26.22,-0.21,0.12699694469930228,0.2267823907870827
TTC37,19.96,18.33,0.117,0.12699694469930228,0.2267823907870827
CAPN1,152.34,168.38,-0.144,0.12699694469930228,0.2267823907870827
CTU2,12.14,14.91,-0.276,0.12699694469930228,0.2267823907870827
PGK1,393.38,497.29,-0.337,0.12699694469930228,0.2267823907870827
ERCC3,22.36,25.56,-0.185,0.12699694469930228,0.2267823907870827
BICDL1,12.21,15.22,-0.295,0.12699694469930228,0.2267823907870827
SFRP2,262.32,320.88,-0.29,0.12699694469930228,0.2267823907870827
SLC12A4,23.59,20.32,0.206,0.12699694469930228,0.2267823907870827
SMPX,1.71,2.42,-0.337,0.12663953653135537,0.2267823907870827
ZNF140,10.11,8.37,0.245,0.12699694469930228,0.2267823907870827
PTPN11,54.4,71.17,-0.382,0.12699694469930228,0.2267823907870827
THRA,19.22,17.46,0.132,0.12699694469930228,0.2267823907870827
THEM4,12.39,10.43,0.228,0.12699694469930228,0.2267823907870827
LARP4B,26.84,22.21,0.262,0.12699694469930228,0.2267823907870827
RLN2,1.37,1.34,0.015,0.12699194753616552,0.2267823907870827
EXOSC6,19.28,22.87,-0.235,0.12699694469930228,0.2267823907870827
NOMO1,30.65,40.04,-0.375,0.12699694469930228,0.2267823907870827
VBP1,78.98,99.24,-0.326,0.12699694469930228,0.2267823907870827
FAM161A,3.79,4.9,-0.303,0.12699694469930228,0.2267823907870827
PYDC1,0.36,3.86,-1.839,0.12673842929574541,0.2267823907870827
IGLL5,5.68,7.47,-0.343,0.12699569541265268,0.2267823907870827
UPF1,52.14,61.11,-0.225,0.12699694469930228,0.2267823907870827
TMEM169,1.34,0.89,0.306,0.12699694469930228,0.2267823907870827
TRIM13,10.46,9.5,0.127,0.12699694469930228,0.2267823907870827
TNKS2,42.73,36.82,0.209,0.12699694469930228,0.2267823907870827
ADRA2A,8.69,4.97,0.699,0.12699694469930228,0.2267823907870827
RAB1B,135.05,125.47,0.105,0.12699694469930228,0.2267823907870827
MAP2K1,58.39,65.48,-0.163,0.12699694469930228,0.2267823907870827
ENTPD1,8.01,6.98,0.175,0.12699694469930228,0.2267823907870827
MEPE,1.09,0.17,0.84,0.12776527934352092,0.2281276165314506
PKNOX1,9.25,9.7,-0.062,0.12789656570314709,0.22833519656027187
FAM172A,13.16,14.56,-0.137,0.12880365478102998,0.22906636159290514
HNRNPAB,165.62,195.27,-0.236,0.12880365478102998,0.22906636159290514
AZI2,7.64,7.01,0.109,0.12880365478102998,0.22906636159290514
MRM3,14.68,13.2,0.144,0.12880365478102998,0.22906636159290514
CRTC3,13.35,14.81,-0.139,0.12880365478102998,0.22906636159290514
LIN37,1.07,1.02,0.035,0.12880365478102998,0.22906636159290514
KLHL6,4.96,6.55,-0.34,0.12880365478102998,0.22906636159290514
ATRX,11.06,9.45,0.207,0.12880365478102998,0.22906636159290514
HENMT1,12.7,16.97,-0.392,0.12880365478102998,0.22906636159290514
SMDT1,77.49,66.18,0.224,0.12880365478102998,0.22906636159290514
TRIM24,19.29,17.32,0.147,0.12880365478102998,0.22906636159290514
PTGIR,5.4,5.62,-0.048,0.12880365478102998,0.22906636159290514
TLCD2,8.92,8.03,0.135,0.12880365478102998,0.22906636159290514
DOCK4,8.78,6.93,0.302,0.12880365478102998,0.22906636159290514
RPL10,747.03,694.89,0.104,0.12880365478102998,0.22906636159290514
CLCN7,27.13,22.94,0.233,0.12880365478102998,0.22906636159290514
SNIP1,11.69,10.41,0.154,0.12880365478102998,0.22906636159290514
CXCR3,9.87,7.86,0.295,0.12880365478102998,0.22906636159290514
BARD1,5.84,6.72,-0.176,0.12880365478102998,0.22906636159290514
PSMD1,23.51,25.34,-0.104,0.12880365478102998,0.22906636159290514
CELSR1,32.93,40.06,-0.275,0.12880365478102998,0.22906636159290514
RPL35,919.66,1081.64,-0.234,0.12880365478102998,0.22906636159290514
ZDHHC1,17.47,15.77,0.14,0.12880365478102998,0.22906636159290514
PHKG2,15.31,12.74,0.248,0.12880365478102998,0.22906636159290514
SYT5,1.55,1.35,0.122,0.12880365478102998,0.22906636159290514
PSG11,2.64,0.01,1.85,0.1284432067236623,0.22906636159290514
TMEM69,59.85,68.36,-0.189,0.12880365478102998,0.22906636159290514
ZKSCAN1,23.14,26.64,-0.195,0.12880365478102998,0.22906636159290514
RASIP1,13.07,12.19,0.093,0.12880365478102998,0.22906636159290514
CSTB,278.85,358.28,-0.36,0.12880365478102998,0.22906636159290514
THAP4,58.09,63.12,-0.118,0.12880365478102998,0.22906636159290514
ZNF839,4.9,4.22,0.174,0.12880365478102998,0.22906636159290514
NUAK1,15.22,22.12,-0.511,0.12880365478102998,0.22906636159290514
PLA2G3,3.63,8.22,-0.993,0.12970185755287442,0.23062992985034608
MYCBPAP,1.07,1.03,0.027,0.12971320677754278,0.23062992985034608
NATD1,11.66,9.94,0.211,0.13063027335687513,0.231799315943822
PTPRG,10.0,7.61,0.353,0.13063027335687513,0.231799315943822
NEMP2,4.1,4.86,-0.199,0.13063027335687513,0.231799315943822
USP1,44.32,51.84,-0.221,0.13063027335687513,0.231799315943822
EMC10,40.83,36.88,0.143,0.13063027335687513,0.231799315943822
CDKN1A,161.69,192.64,-0.251,0.13063027335687513,0.231799315943822
EXTL2,11.66,14.84,-0.323,0.13063027335687513,0.231799315943822
PLPP3,38.81,34.31,0.173,0.13063027335687513,0.231799315943822
SERTAD1,48.42,48.13,0.009,0.13063027335687513,0.231799315943822
ITGA2,40.08,56.97,-0.497,0.13063027335687513,0.231799315943822
TERT,1.01,0.74,0.202,0.13058600024731068,0.231799315943822
FIGN,1.78,1.33,0.253,0.13063027335687513,0.231799315943822
RASL11A,17.99,14.81,0.264,0.13063027335687513,0.231799315943822
CREG1,152.11,213.97,-0.49,0.13063027335687513,0.231799315943822
SLC5A1,7.78,4.42,0.696,0.13062521375722985,0.231799315943822
ALDH7A1,8.56,7.41,0.185,0.13063027335687513,0.231799315943822
UFSP2,18.62,16.35,0.177,0.13063027335687513,0.231799315943822
PHYHIPL,0.51,2.42,-1.185,0.13153586144452722,0.23337899602086912
STRIT1,0.13,1.67,-1.233,0.13188012727083204,0.233962491081942
ETNPPL,1.23,0.07,1.064,0.13205642888316307,0.23424790706618756
TFB1M,6.83,8.19,-0.231,0.13247692366072367,0.23428260984488125
PAIP1,63.89,77.19,-0.269,0.13247692366072367,0.23428260984488125
C3orf14,9.39,7.54,0.283,0.13247692366072367,0.23428260984488125
ADI1,71.86,63.25,0.181,0.13247692366072367,0.23428260984488125
TAB3,9.77,8.49,0.182,0.13247692366072367,0.23428260984488125
RAB32,80.47,95.31,-0.241,0.13247692366072367,0.23428260984488125
RELCH,9.31,10.63,-0.175,0.13247692366072367,0.23428260984488125
ZNF558,6.69,7.88,-0.207,0.13247692366072367,0.23428260984488125
PTPN3,14.64,12.47,0.216,0.13247692366072367,0.23428260984488125
UBE4B,22.32,27.56,-0.292,0.13247692366072367,0.23428260984488125
LILRA6,6.57,5.76,0.163,0.13247692366072367,0.23428260984488125
NSD2,14.37,15.38,-0.092,0.13247692366072367,0.23428260984488125
DCAF4,7.88,9.2,-0.199,0.13247692366072367,0.23428260984488125
NUP133,29.23,34.31,-0.224,0.13247692366072367,0.23428260984488125
DMXL1,7.36,6.48,0.162,0.13247692366072367,0.23428260984488125
CD70,1.94,8.53,-1.699,0.13247692366072367,0.23428260984488125
TMEM178A,5.12,4.46,0.164,0.13247692366072367,0.23428260984488125
CHD6,14.26,17.37,-0.268,0.13247692366072367,0.23428260984488125
RPAP2,3.83,4.58,-0.209,0.13247692366072367,0.23428260984488125
TMEM45A,22.19,33.26,-0.563,0.13247692366072367,0.23428260984488125
ABCA2,15.69,14.49,0.108,0.13247692366072367,0.23428260984488125
IFI44L,17.09,11.79,0.499,0.13247692366072367,0.23428260984488125
GZMH,14.0,18.94,-0.41,0.13247692366072367,0.23428260984488125
OSM,10.72,8.33,0.33,0.13247692366072367,0.23428260984488125
ZSWIM1,15.62,18.12,-0.202,0.13247692366072367,0.23428260984488125
CNIH4,43.48,38.71,0.164,0.13247692366072367,0.23428260984488125
MBLAC1,2.65,3.26,-0.225,0.1334065225388816,0.23587167426198397
EIF3CL,1.36,0.64,0.527,0.1334052460565392,0.23587167426198397
UBR5,22.09,25.27,-0.186,0.1343437281807712,0.23659258864616398
PLEKHN1,8.3,6.07,0.396,0.1343437281807712,0.23659258864616398
OLFM2,24.35,35.68,-0.533,0.1343437281807712,0.23659258864616398
PIGS,46.0,55.36,-0.262,0.1343437281807712,0.23659258864616398
MCRS1,56.63,61.05,-0.107,0.1343437281807712,0.23659258864616398
TNPO1,30.4,38.27,-0.323,0.1343437281807712,0.23659258864616398
DTD1,6.26,7.22,-0.179,0.13434244786486668,0.23659258864616398
PEX12,9.49,11.09,-0.205,0.1343437281807712,0.23659258864616398
BTN3A1,33.97,28.12,0.264,0.1343437281807712,0.23659258864616398
FOXRED1,15.15,17.36,-0.185,0.1343437281807712,0.23659258864616398
ADCY5,4.44,4.02,0.117,0.1343437281807712,0.23659258864616398
ETHE1,31.71,39.7,-0.315,0.1343437281807712,0.23659258864616398
LSS,28.62,34.64,-0.267,0.1343437281807712,0.23659258864616398
ATP6V1H,38.57,32.93,0.222,0.1343437281807712,0.23659258864616398
CXorf56,32.09,37.58,-0.222,0.1343437281807712,0.23659258864616398
CCDC88C,14.48,16.75,-0.197,0.1343437281807712,0.23659258864616398
PGLS,58.13,50.17,0.208,0.1343437281807712,0.23659258864616398
USP8,5.97,6.62,-0.129,0.1343437281807712,0.23659258864616398
BECN1,28.3,24.05,0.226,0.1343437281807712,0.23659258864616398
PPP1R36,1.5,1.13,0.228,0.13434244786486668,0.23659258864616398
TSSK6,3.61,4.02,-0.122,0.1343437281807712,0.23659258864616398
L3HYPDH,6.19,8.18,-0.354,0.1343437281807712,0.23659258864616398
SLF1,5.96,4.78,0.268,0.1343437281807712,0.23659258864616398
OXR1,23.18,20.79,0.15,0.1343437281807712,0.23659258864616398
FPR3,35.95,36.01,-0.003,0.1343437281807712,0.23659258864616398
ZNF813,3.91,3.44,0.145,0.1343437281807712,0.23659258864616398
EVC2,4.05,3.65,0.121,0.1343437281807712,0.23659258864616398
MAP3K20,13.62,15.58,-0.182,0.1343437281807712,0.23659258864616398
NRDC,59.63,66.19,-0.148,0.1343437281807712,0.23659258864616398
LANCL2,15.05,19.68,-0.365,0.13434244786486668,0.23659258864616398
ANKRD27,19.52,22.96,-0.224,0.1343437281807712,0.23659258864616398
TRIM33,18.29,15.84,0.196,0.1343437281807712,0.23659258864616398
FCHSD2,26.32,23.4,0.163,0.1343437281807712,0.23659258864616398
CHST1,5.04,7.17,-0.435,0.1343437281807712,0.23659258864616398
COL22A1,1.76,7.95,-1.7,0.13528344219882715,0.23821990465076273
MOCS1,9.89,8.4,0.212,0.13623080863213047,0.2389465106843637
MAP1A,6.33,10.54,-0.654,0.13623080863213047,0.2389465106843637
LAS1L,11.64,13.32,-0.18,0.13623080863213047,0.2389465106843637
EPB41L1,24.84,24.08,0.043,0.13623080863213047,0.2389465106843637
C14orf119,64.67,62.41,0.051,0.13623080863213047,0.2389465106843637
STARD3,37.15,32.14,0.203,0.13623080863213047,0.2389465106843637
DUSP22,25.7,23.27,0.138,0.13623080863213047,0.2389465106843637
KLF7,15.43,12.93,0.238,0.13623080863213047,0.2389465106843637
NDUFAF2,6.88,6.48,0.075,0.13623080863213047,0.2389465106843637
RWDD3,2.77,2.46,0.127,0.13623080863213047,0.2389465106843637
GCN1,47.8,57.02,-0.25,0.13623080863213047,0.2389465106843637
TBRG1,12.84,11.51,0.146,0.13623080863213047,0.2389465106843637
CEP57L1,1.91,2.29,-0.175,0.13623080863213047,0.2389465106843637
UGCG,69.22,57.48,0.264,0.13623080863213047,0.2389465106843637
C1QB,639.05,598.55,0.094,0.13623080863213047,0.2389465106843637
C2CD6,1.1,0.7,0.309,0.13622952068096014,0.2389465106843637
MEI1,3.18,3.51,-0.111,0.13623080863213047,0.2389465106843637
MBD3,17.33,21.76,-0.312,0.13623080863213047,0.2389465106843637
MROH1,20.79,16.38,0.326,0.13623080863213047,0.2389465106843637
BATF3,6.42,4.32,0.48,0.13623080863213047,0.2389465106843637
LGR4,33.36,22.53,0.546,0.13623080863213047,0.2389465106843637
GTF3C2,32.12,35.62,-0.145,0.13623080863213047,0.2389465106843637
EIF4G3,24.71,26.28,-0.086,0.13623080863213047,0.2389465106843637
PIP5K1B,8.66,5.31,0.614,0.13623080863213047,0.2389465106843637
MPDZ,7.26,6.01,0.238,0.13623080863213047,0.2389465106843637
HYAL1,26.76,15.0,0.795,0.13623080863213047,0.2389465106843637
IL7,3.68,2.8,0.299,0.13623080863213047,0.2389465106843637
FUT8,30.74,25.37,0.267,0.13623080863213047,0.2389465106843637
ZFP28,3.42,2.95,0.162,0.13623080863213047,0.2389465106843637
TMEM256,26.41,22.95,0.195,0.13623080863213047,0.2389465106843637
MRPS21,151.62,127.82,0.245,0.13623080863213047,0.2389465106843637
BNIP3,47.47,44.52,0.09,0.13623080863213047,0.2389465106843637
CYBB,75.69,67.97,0.153,0.13623080863213047,0.2389465106843637
TNFRSF10A,19.46,15.57,0.304,0.13623080863213047,0.2389465106843637
KIRREL2,1.37,1.1,0.172,0.13712902567555155,0.24049420375027755
TTLL7,2.27,3.42,-0.434,0.13718069840056255,0.24055705803321178
RILPL2,16.97,15.39,0.133,0.13813828592930194,0.2416227237075621
PCDHGA6,1.09,1.27,-0.113,0.13813828592930194,0.2416227237075621
TCERG1,15.97,19.45,-0.269,0.13813828592930194,0.2416227237075621
NUDT19,32.6,34.87,-0.094,0.13813828592930194,0.2416227237075621
MPZL1,89.38,78.47,0.186,0.13813828592930194,0.2416227237075621
REXO1,15.13,18.15,-0.247,0.13813828592930194,0.2416227237075621
HDAC5,32.04,27.77,0.2,0.13813828592930194,0.2416227237075621
NAA60,28.48,26.16,0.118,0.13813828592930194,0.2416227237075621
AKAP11,18.03,15.52,0.204,0.13813828592930194,0.2416227237075621
SMYD5,35.88,40.69,-0.177,0.13813828592930194,0.2416227237075621
GAS1,14.19,13.22,0.095,0.13813828592930194,0.2416227237075621
NEK1,5.18,6.35,-0.25,0.13813828592930194,0.2416227237075621
HOXA6,0.92,1.16,-0.17,0.1381123745981066,0.2416227237075621
MAP1LC3A,56.38,51.33,0.133,0.13813828592930194,0.2416227237075621
FAM3D,4.48,6.31,-0.415,0.13813828592930194,0.2416227237075621
TGFBR3,14.42,11.68,0.282,0.13813828592930194,0.2416227237075621
ELOA,44.02,38.58,0.186,0.13813828592930194,0.2416227237075621
CD69,13.32,12.84,0.05,0.13813828592930194,0.2416227237075621
NISCH,30.98,25.98,0.245,0.13813828592930194,0.2416227237075621
NDUFS2,35.93,39.21,-0.123,0.13813828592930194,0.2416227237075621
H3C1,0.63,4.13,-1.655,0.13803702482384683,0.2416227237075621
HNRNPH2,127.89,114.3,0.161,0.13813828592930194,0.2416227237075621
SLC29A4,12.98,7.49,0.72,0.1400662801585127,0.2442919291066793
ZBTB33,23.8,29.88,-0.317,0.1400662801585127,0.2442919291066793
TMEM221,0.71,1.76,-0.687,0.1400662801585127,0.2442919291066793
AGO4,15.51,13.21,0.217,0.1400662801585127,0.2442919291066793
TPM2,131.5,106.16,0.306,0.1400662801585127,0.2442919291066793
ZXDB,9.07,8.26,0.122,0.1400662801585127,0.2442919291066793
RTN4RL1,4.04,5.83,-0.438,0.1400662801585127,0.2442919291066793
CCDC65,6.27,6.18,0.019,0.1400662801585127,0.2442919291066793
SMC3,36.12,38.97,-0.107,0.1400662801585127,0.2442919291066793
CA11,23.9,20.51,0.211,0.1400662801585127,0.2442919291066793
PGBD1,5.22,6.65,-0.298,0.1400662801585127,0.2442919291066793
BMS1,24.54,28.66,-0.216,0.1400662801585127,0.2442919291066793
SAMD15,1.86,2.5,-0.288,0.1400662801585127,0.2442919291066793
VCPKMT,11.33,13.14,-0.197,0.1400662801585127,0.2442919291066793
C6orf141,4.2,9.81,-1.055,0.1400662801585127,0.2442919291066793
ABCA4,13.54,16.75,-0.288,0.1400662801585127,0.2442919291066793
ZNF184,9.86,11.43,-0.195,0.1400662801585127,0.2442919291066793
CRABP2,596.45,287.58,1.05,0.1400662801585127,0.2442919291066793
COMMD4,25.39,29.0,-0.185,0.1400662801585127,0.2442919291066793
ZBTB21,10.58,9.09,0.198,0.1400662801585127,0.2442919291066793
CLPP,37.32,40.89,-0.129,0.1400662801585127,0.2442919291066793
RIPOR2,5.33,4.61,0.172,0.1400662801585127,0.2442919291066793
ARHGAP27,18.63,14.72,0.32,0.1400662801585127,0.2442919291066793
LRRC45,28.34,24.03,0.229,0.1400662801585127,0.2442919291066793
CPPED1,13.09,16.21,-0.288,0.1400662801585127,0.2442919291066793
NUGGC,1.46,1.72,-0.143,0.14201360001378724,0.2468687112111081
RAPGEF1,44.98,52.74,-0.225,0.1420149105499299,0.2468687112111081
COPS5,16.77,18.26,-0.116,0.1420149105499299,0.2468687112111081
ZNF70,3.6,4.27,-0.195,0.1420149105499299,0.2468687112111081
PILRB,2.74,4.83,-0.639,0.1420149105499299,0.2468687112111081
STAT5A,17.94,17.63,0.024,0.1420149105499299,0.2468687112111081
CEP72,7.52,8.96,-0.224,0.1420149105499299,0.2468687112111081
PHF21A,10.91,12.74,-0.206,0.1420149105499299,0.2468687112111081
ZNF830,22.3,25.29,-0.174,0.1420149105499299,0.2468687112111081
CACNG6,4.61,5.32,-0.17,0.14185630928582943,0.2468687112111081
ACBD3,78.18,70.22,0.153,0.1420149105499299,0.2468687112111081
AGAP3,27.53,24.37,0.17,0.1420149105499299,0.2468687112111081
ICE1,20.8,24.75,-0.241,0.1420149105499299,0.2468687112111081
GET3,147.69,179.14,-0.277,0.1420149105499299,0.2468687112111081
ZDBF2,3.26,4.13,-0.27,0.14201360001378724,0.2468687112111081
PCDHGB7,2.68,3.72,-0.359,0.1420149105499299,0.2468687112111081
SNN,39.54,53.63,-0.43,0.1420149105499299,0.2468687112111081
MPZ,1.89,2.73,-0.364,0.1420149105499299,0.2468687112111081
DNTTIP2,31.4,37.09,-0.233,0.1420149105499299,0.2468687112111081
KCNAB1,1.87,1.61,0.14,0.1420149105499299,0.2468687112111081
RAB8A,12.46,13.58,-0.115,0.1420149105499299,0.2468687112111081
PIAS4,19.64,22.31,-0.176,0.1420149105499299,0.2468687112111081
LRSAM1,9.49,8.12,0.201,0.1420149105499299,0.2468687112111081
CCDC17,8.32,9.93,-0.231,0.1420149105499299,0.2468687112111081
ARMC7,29.16,25.55,0.184,0.1420149105499299,0.2468687112111081
ZNF654,8.54,7.3,0.2,0.1420149105499299,0.2468687112111081
L3MBTL2,16.04,17.03,-0.081,0.1420149105499299,0.2468687112111081
MTX3,8.32,9.87,-0.223,0.1420149105499299,0.2468687112111081
LYST,6.22,5.27,0.203,0.1420149105499299,0.2468687112111081
C6orf118,3.39,3.31,0.026,0.1423973201613612,0.24750514646053778
SYTL5,3.78,3.01,0.255,0.1429956870737428,0.24848833051714223
PTCH1,3.01,4.13,-0.357,0.1429956870737428,0.24848833051714223
ZMYND8,28.73,27.68,0.052,0.14398429544975438,0.24966370700389393
DMTN,32.08,29.27,0.128,0.14398429544975438,0.24966370700389393
NR2C1,10.52,9.64,0.114,0.14398429544975438,0.24966370700389393
LGR5,1.7,4.34,-0.986,0.14398429544975438,0.24966370700389393
ERG,10.06,8.47,0.224,0.14398429544975438,0.24966370700389393
POLM,18.03,16.08,0.156,0.14398429544975438,0.24966370700389393
KLF15,11.58,7.02,0.65,0.14398429544975438,0.24966370700389393
ARL8B,101.8,109.99,-0.11,0.14398429544975438,0.24966370700389393
FBXO11,11.8,14.35,-0.262,0.14398429544975438,0.24966370700389393
GLG1,51.72,60.35,-0.219,0.14398429544975438,0.24966370700389393
SBSPON,4.73,8.51,-0.732,0.14398429544975438,0.24966370700389393
INPP4A,10.3,11.12,-0.101,0.14398429544975438,0.24966370700389393
ZRSR2,20.28,18.33,0.139,0.14398429544975438,0.24966370700389393
ATF2,30.73,28.31,0.115,0.14398429544975438,0.24966370700389393
MRPL50,23.8,29.49,-0.298,0.14398429544975438,0.24966370700389393
SPEN,19.24,22.7,-0.228,0.14398429544975438,0.24966370700389393
SLC9A6,7.34,8.14,-0.131,0.14398429544975438,0.24966370700389393
MBD6,30.68,36.91,-0.259,0.14398429544975438,0.24966370700389393
COL3A1,1156.83,1437.18,-0.313,0.14398429544975438,0.24966370700389393
CLPSL1,2.11,1.07,0.586,0.14421337814704935,0.25003239235286095
AGTR2,9.46,6.33,0.513,0.1448657767850102,0.25113484101947287
TF,1.47,0.86,0.411,0.1449754859376479,0.25126768855243947
MYH7B,0.95,1.38,-0.288,0.1449754859376479,0.25126768855243947
H3C13,0.71,3.53,-1.406,0.14523044885476863,0.25168087252771754
IRAG1,8.37,6.18,0.384,0.14597455229220108,0.2523084610893528
POLR2B,51.6,56.76,-0.135,0.14597455229220108,0.2523084610893528
SOX5,1.36,1.55,-0.112,0.14597455229220108,0.2523084610893528
EIF4B,138.24,154.82,-0.162,0.14597455229220108,0.2523084610893528
KATNIP,10.1,8.99,0.152,0.14597455229220108,0.2523084610893528
DUSP15,0.78,1.05,-0.2,0.14597455229220108,0.2523084610893528
PI16,4.5,3.18,0.394,0.14597455229220108,0.2523084610893528
TMEM14C,277.33,235.98,0.232,0.14597455229220108,0.2523084610893528
ZNF346,5.7,6.64,-0.189,0.14597455229220108,0.2523084610893528
FAM163A,0.3,1.02,-0.638,0.14594539462880832,0.2523084610893528
ZNF366,1.36,0.99,0.242,0.14597455229220108,0.2523084610893528
TMEM120B,7.06,5.71,0.265,0.14597455229220108,0.2523084610893528
C21orf58,4.85,6.47,-0.351,0.14597455229220108,0.2523084610893528
PKP4,29.3,32.98,-0.166,0.14597455229220108,0.2523084610893528
PRPF18,9.26,7.79,0.223,0.14597455229220108,0.2523084610893528
AFF3,2.39,1.51,0.432,0.14597455229220108,0.2523084610893528
PCDHB3,1.28,2.68,-0.687,0.14597322698440274,0.2523084610893528
SCML1,5.74,7.74,-0.373,0.14597455229220108,0.2523084610893528
E2F1,29.55,32.2,-0.12,0.14597455229220108,0.2523084610893528
RABGGTA,31.39,28.75,0.123,0.14597455229220108,0.2523084610893528
ANKEF1,7.36,9.54,-0.335,0.14597455229220108,0.2523084610893528
SAMD14,1.52,1.16,0.219,0.14597455229220108,0.2523084610893528
TNFSF13B,16.85,17.02,-0.014,0.14597455229220108,0.2523084610893528
APLP1,15.83,5.77,1.314,0.14697621517075476,0.254010878977281
DTX1,2.8,3.38,-0.206,0.14798579757137162,0.2550593559276062
ANKRD11,14.94,17.12,-0.185,0.14798579757137162,0.2550593559276062
ZNF785,5.6,4.88,0.167,0.14798579757137162,0.2550593559276062
USP24,19.34,18.47,0.063,0.14798579757137162,0.2550593559276062
ARL4C,89.05,92.18,-0.049,0.14798579757137162,0.2550593559276062
NSUN2,51.71,61.76,-0.252,0.14798579757137162,0.2550593559276062
TSPAN2,7.67,5.82,0.347,0.14798579757137162,0.2550593559276062
MID2,8.11,9.22,-0.165,0.14798579757137162,0.2550593559276062
CLDN5,47.22,36.41,0.366,0.14798579757137162,0.2550593559276062
BCL2L11,15.94,18.34,-0.191,0.14798579757137162,0.2550593559276062
FASTKD5,22.51,25.9,-0.194,0.14798579757137162,0.2550593559276062
HERPUD2,40.97,36.82,0.15,0.14798579757137162,0.2550593559276062
SZT2,5.56,4.68,0.207,0.14798579757137162,0.2550593559276062
CAMK1D,23.4,15.65,0.551,0.14798579757137162,0.2550593559276062
CHST10,10.16,18.37,-0.796,0.14798579757137162,0.2550593559276062
CCDC50,22.82,27.21,-0.244,0.14798579757137162,0.2550593559276062
RBAK,10.29,11.6,-0.158,0.14798579757137162,0.2550593559276062
TMEM140,32.16,28.34,0.177,0.14798579757137162,0.2550593559276062
MTRNR2L8,1.46,1.3,0.096,0.14798579757137162,0.2550593559276062
APBA3,8.52,9.52,-0.145,0.14798579757137162,0.2550593559276062
ASMTL,21.1,19.63,0.099,0.14798579757137162,0.2550593559276062
ATG12,14.76,13.69,0.101,0.14798579757137162,0.2550593559276062
EIF4EBP2,71.03,67.8,0.066,0.14798579757137162,0.2550593559276062
CDC123,59.38,60.37,-0.024,0.14798579757137162,0.2550593559276062
TMEM212,1.65,1.61,0.02,0.1482325625805435,0.25545568549072106
FAM216B,12.9,9.91,0.35,0.14898596456562394,0.25672493587904327
HTT,18.24,15.5,0.222,0.15001814681302547,0.25751053039546895
KCNK15,3.08,1.62,0.643,0.15001814681302547,0.25751053039546895
LRRN4CL,2.38,1.81,0.265,0.15001814681302547,0.25751053039546895
CXorf21,6.53,5.87,0.132,0.15001814681302547,0.25751053039546895
PARP16,11.43,12.79,-0.149,0.15001814681302547,0.25751053039546895
ADRB1,8.17,4.5,0.738,0.15001814681302547,0.25751053039546895
NIPA2,22.41,24.37,-0.116,0.15001814681302547,0.25751053039546895
SMAP2,65.97,58.63,0.167,0.15001814681302547,0.25751053039546895
RIPK4,22.43,31.72,-0.482,0.15001814681302547,0.25751053039546895
SH3BP4,37.14,48.01,-0.362,0.15001814681302547,0.25751053039546895
SERPINB8,8.43,9.6,-0.168,0.15001814681302547,0.25751053039546895
COPB1,106.79,100.36,0.089,0.15001814681302547,0.25751053039546895
SLC22A17,16.57,12.55,0.374,0.15001814681302547,0.25751053039546895
ZC2HC1A,10.81,11.01,-0.024,0.15001814681302547,0.25751053039546895
APOL4,13.81,17.51,-0.322,0.15001814681302547,0.25751053039546895
RAB2B,23.72,21.18,0.157,0.15001814681302547,0.25751053039546895
FBXW9,12.81,16.12,-0.31,0.15001814681302547,0.25751053039546895
CBFA2T3,3.08,4.23,-0.36,0.15001814681302547,0.25751053039546895
GK,8.35,7.41,0.154,0.15001814681302547,0.25751053039546895
WRAP73,11.12,13.46,-0.255,0.15001814681302547,0.25751053039546895
MESD,29.64,32.4,-0.125,0.15001814681302547,0.25751053039546895
DNAJA3,28.16,33.57,-0.246,0.15001814681302547,0.25751053039546895
KLC2,19.95,26.41,-0.388,0.15001814681302547,0.25751053039546895
XCR1,1.22,1.55,-0.2,0.15001814681302547,0.25751053039546895
CCM2L,3.18,2.67,0.19,0.15001814681302547,0.25751053039546895
MED7,11.39,10.09,0.161,0.15001814681302547,0.25751053039546895
GTF2E2,39.72,47.8,-0.261,0.15001814681302547,0.25751053039546895
NTNG1,1.15,0.81,0.25,0.1500127874490245,0.25751053039546895
ACSL4,53.83,41.77,0.358,0.15001814681302547,0.25751053039546895
ARHGAP1,86.41,76.05,0.182,0.15001814681302547,0.25751053039546895
PEX6,48.09,35.28,0.436,0.15001814681302547,0.25751053039546895
GNMT,2.91,1.83,0.467,0.15001814681302547,0.25751053039546895
HEATR6,11.13,12.66,-0.171,0.15001814681302547,0.25751053039546895
COX7C,299.78,254.27,0.237,0.15001814681302547,0.25751053039546895
CALHM6,2.76,4.38,-0.516,0.15104092782309025,0.2592075925015486
CXCL5,19.39,21.13,-0.118,0.15103958439220266,0.2592075925015486
UBR2,22.66,19.03,0.241,0.15207171454625645,0.2603003108496253
CHD1,12.48,11.34,0.128,0.15207171454625645,0.2603003108496253
ARHGAP39,11.97,9.7,0.278,0.15207171454625645,0.2603003108496253
KLHL12,48.5,54.3,-0.16,0.15207171454625645,0.2603003108496253
SLC12A9,24.09,18.97,0.329,0.15207171454625645,0.2603003108496253
ZFP1,8.17,9.47,-0.192,0.15207171454625645,0.2603003108496253
CDH6,2.2,2.64,-0.186,0.15207171454625645,0.2603003108496253
TMX2,104.73,113.85,-0.119,0.15207171454625645,0.2603003108496253
MAP4K1,7.14,8.5,-0.223,0.15207171454625645,0.2603003108496253
ASB13,28.54,32.04,-0.162,0.15207171454625645,0.2603003108496253
TRMT1L,19.38,18.09,0.095,0.15207171454625645,0.2603003108496253
AK8,4.04,3.86,0.052,0.15207171454625645,0.2603003108496253
CD79B,5.14,5.87,-0.164,0.15207171454625645,0.2603003108496253
DFFA,23.03,26.43,-0.191,0.15207171454625645,0.2603003108496253
C1QA,628.34,607.95,0.048,0.15207171454625645,0.2603003108496253
ETAA1,7.5,8.47,-0.156,0.15207171454625645,0.2603003108496253
B4GALT1,208.61,184.23,0.178,0.15207171454625645,0.2603003108496253
BAIAP2L1,48.56,40.81,0.245,0.15207171454625645,0.2603003108496253
GATAD1,27.74,23.55,0.227,0.15207171454625645,0.2603003108496253
TMEM104,24.76,21.68,0.184,0.15207171454625645,0.2603003108496253
SELENOK,68.7,62.15,0.142,0.15207171454625645,0.2603003108496253
LDHB,16.27,12.42,0.364,0.15207171454625645,0.2603003108496253
NCOA6,19.89,22.24,-0.154,0.15207171454625645,0.2603003108496253
CCK,1.16,0.98,0.13,0.15267481942371527,0.2613032028280394
HOXD3,0.98,1.24,-0.18,0.15310514029699163,0.26201018208292337
LYVE1,15.7,9.92,0.613,0.1541466142750807,0.2632883092390445
RPL34,370.58,311.11,0.252,0.1541466142750807,0.2632883092390445
MS4A4A,26.13,26.04,0.005,0.1541466142750807,0.2632883092390445
CRMP1,7.6,16.37,-1.014,0.1541466142750807,0.2632883092390445
HPX,1.72,0.89,0.527,0.1541466142750807,0.2632883092390445
C5orf22,29.47,33.2,-0.166,0.1541466142750807,0.2632883092390445
SLC24A3,9.9,7.9,0.293,0.1541466142750807,0.2632883092390445
ARHGAP24,5.21,6.21,-0.214,0.1541466142750807,0.2632883092390445
CTLA4,5.26,6.47,-0.255,0.1541466142750807,0.2632883092390445
DAB2,30.77,25.99,0.236,0.1541466142750807,0.2632883092390445
MYO1F,13.47,11.95,0.16,0.1541466142750807,0.2632883092390445
GALNT15,3.01,2.02,0.409,0.1541466142750807,0.2632883092390445
REXO4,34.16,38.76,-0.177,0.1541466142750807,0.2632883092390445
ZBTB49,5.52,5.03,0.113,0.1541466142750807,0.2632883092390445
RLF,15.48,16.83,-0.113,0.1541466142750807,0.2632883092390445
RORB,0.66,1.18,-0.397,0.15414390606471287,0.2632883092390445
ATP5MC2,180.22,189.46,-0.072,0.1541466142750807,0.2632883092390445
CAP2,9.69,8.46,0.176,0.15624295844994213,0.2659421093132389
ADPRH,13.48,11.47,0.216,0.15624295844994213,0.2659421093132389
LYPD5,3.17,4.37,-0.362,0.15624295844994213,0.2659421093132389
TRAF3IP1,19.47,17.55,0.142,0.15624295844994213,0.2659421093132389
LRRTM1,1.61,0.34,0.964,0.15597341425736894,0.2659421093132389
INPP5D,13.16,11.21,0.215,0.15624295844994213,0.2659421093132389
PODXL2,96.97,60.8,0.665,0.15624295844994213,0.2659421093132389
TYMP,106.91,140.29,-0.389,0.15624295844994213,0.2659421093132389
SYNC,2.31,1.71,0.286,0.15624295844994213,0.2659421093132389
ENAH,33.6,37.14,-0.14,0.15624295844994213,0.2659421093132389
RAD54L2,7.67,8.65,-0.155,0.15624295844994213,0.2659421093132389
ACAN,1.02,1.38,-0.237,0.15624295844994213,0.2659421093132389
PRICKLE2,3.24,2.86,0.135,0.15624295844994213,0.2659421093132389
SEC61A1,310.3,338.43,-0.125,0.15624295844994213,0.2659421093132389
LRTOMT,5.03,4.69,0.085,0.15624295844994213,0.2659421093132389
CDC5L,34.64,34.61,0.001,0.15624295844994213,0.2659421093132389
NMRK1,21.74,20.49,0.081,0.15624295844994213,0.2659421093132389
CXCL10,86.31,169.81,-0.968,0.15624295844994213,0.2659421093132389
DTD2,4.98,6.79,-0.383,0.15624295844994213,0.2659421093132389
MTOR,18.0,20.19,-0.158,0.15624295844994213,0.2659421093132389
PLK2,48.92,40.96,0.251,0.15624295844994213,0.2659421093132389
ELK4,15.54,18.31,-0.223,0.15624295844994213,0.2659421093132389
SMG1,10.98,13.37,-0.263,0.15624295844994213,0.2659421093132389
MAN2B1,59.17,52.9,0.159,0.15624295844994213,0.2659421093132389
SPTY2D1OS,1.29,1.62,-0.192,0.15624295844994213,0.2659421093132389
PRR16,3.3,5.12,-0.508,0.15624295844994213,0.2659421093132389
OR2A7,1.26,1.12,0.092,0.15624295844994213,0.2659421093132389
SIGLEC9,6.53,6.15,0.073,0.15624295844994213,0.2659421093132389
MEST,36.98,49.18,-0.402,0.15624295844994213,0.2659421093132389
DOHH,17.02,19.84,-0.21,0.15624295844994213,0.2659421093132389
HEY2,3.28,5.16,-0.528,0.15624295844994213,0.2659421093132389
CHSY3,4.01,3.17,0.266,0.1572978424247205,0.2676776568054188
MUC6,17.02,0.58,3.513,0.15728283124743478,0.2676776568054188
ATP6AP2,63.01,59.08,0.091,0.15836085843914327,0.2686440958313872
COX4I1,156.42,199.26,-0.347,0.15836085843914327,0.2686440958313872
TBX2,19.6,14.88,0.376,0.15836085843914327,0.2686440958313872
RNF141,27.94,25.07,0.151,0.15836085843914327,0.2686440958313872
CXCR4,116.52,169.51,-0.537,0.15836085843914327,0.2686440958313872
ZNF777,22.3,25.24,-0.172,0.15836085843914327,0.2686440958313872
FOXI3,2.56,2.02,0.238,0.15809536067053231,0.2686440958313872
ADPRM,9.36,10.6,-0.163,0.15836085843914327,0.2686440958313872
ETV4,40.9,35.01,0.219,0.15836085843914327,0.2686440958313872
RAB23,7.32,8.74,-0.227,0.15836085843914327,0.2686440958313872
ERCC8,2.27,2.16,0.049,0.15836085843914327,0.2686440958313872
NCF2,59.85,51.46,0.214,0.15836085843914327,0.2686440958313872
GALNT17,3.6,4.28,-0.198,0.15836085843914327,0.2686440958313872
TRIP6,107.82,123.42,-0.193,0.15836085843914327,0.2686440958313872
MECR,15.23,13.34,0.178,0.15836085843914327,0.2686440958313872
RABEP1,14.17,16.29,-0.189,0.15836085843914327,0.2686440958313872
ARHGEF40,14.41,12.36,0.205,0.15836085843914327,0.2686440958313872
BMP2,23.38,18.12,0.35,0.15836085843914327,0.2686440958313872
CCNJ,9.17,7.68,0.228,0.15836085843914327,0.2686440958313872
EYA4,3.03,2.0,0.425,0.15836085843914327,0.2686440958313872
TARBP2,24.37,26.92,-0.138,0.15836085843914327,0.2686440958313872
FAM151A,0.56,1.9,-0.892,0.15836085843914327,0.2686440958313872
CNGA1,2.11,1.02,0.625,0.15836085843914327,0.2686440958313872
MLC1,1.31,3.38,-0.92,0.15836085843914327,0.2686440958313872
GGN,0.85,1.06,-0.161,0.15836085843914327,0.2686440958313872
GSAP,13.24,10.63,0.292,0.15836085843914327,0.2686440958313872
LACTB,18.74,17.27,0.111,0.15836085843914327,0.2686440958313872
AIDA,23.14,20.27,0.183,0.15836085843914327,0.2686440958313872
DENND5B,3.82,3.01,0.266,0.1594265548116096,0.2704217536287579
AKAP1,59.22,50.32,0.231,0.16050042450020563,0.2713344775154806
CDKN2B,27.44,38.61,-0.478,0.16050042450020563,0.2713344775154806
CBL,11.08,12.07,-0.114,0.16050042450020563,0.2713344775154806
ZNF526,10.25,11.43,-0.144,0.16050042450020563,0.2713344775154806
PCP2,2.36,1.73,0.3,0.1604990495119547,0.2713344775154806
NTNG2,0.92,1.0,-0.057,0.16050042450020563,0.2713344775154806
TNIK,10.43,7.37,0.45,0.16050042450020563,0.2713344775154806
NPIPA1,1.21,1.39,-0.111,0.16050042450020563,0.2713344775154806
DDHD2,12.17,14.36,-0.222,0.16050042450020563,0.2713344775154806
FBXL19,17.07,20.12,-0.226,0.1604990495119547,0.2713344775154806
DIAPH2,8.42,13.62,-0.635,0.16050042450020563,0.2713344775154806
MTPAP,8.61,8.81,-0.03,0.16050042450020563,0.2713344775154806
CROCC,10.73,15.43,-0.486,0.16050042450020563,0.2713344775154806
PPP4R1,60.6,49.5,0.287,0.16050042450020563,0.2713344775154806
ME2,8.65,9.75,-0.155,0.16050042450020563,0.2713344775154806
VGLL4,17.24,21.19,-0.282,0.16050042450020563,0.2713344775154806
IPMK,9.93,9.15,0.108,0.16050042450020563,0.2713344775154806
CTSK,30.84,36.61,-0.24,0.16050042450020563,0.2713344775154806
DONSON,12.21,14.24,-0.206,0.16050042450020563,0.2713344775154806
TNPO3,48.02,53.94,-0.164,0.16050042450020563,0.2713344775154806
FGR,25.35,23.3,0.117,0.16050042450020563,0.2713344775154806
TPPP,12.4,11.86,0.059,0.16050042450020563,0.2713344775154806
PAX9,7.99,14.71,-0.805,0.16050042450020563,0.2713344775154806
MSRB1,89.22,75.02,0.247,0.16050042450020563,0.2713344775154806
ZDHHC17,11.23,9.7,0.193,0.16050042450020563,0.2713344775154806
BLOC1S5,16.08,13.47,0.239,0.16050042450020563,0.2713344775154806
SMURF1,36.42,31.81,0.19,0.16050042450020563,0.2713344775154806
PXN,24.53,22.38,0.127,0.16050042450020563,0.2713344775154806
SBF1,32.31,37.75,-0.218,0.16050042450020563,0.2713344775154806
ALG11,1.66,1.45,0.122,0.16050042450020563,0.2713344775154806
TAF10,1.36,1.09,0.176,0.1615769880464708,0.2730936899977785
CAMP,6.34,5.0,0.29,0.1615769880464708,0.2730936899977785
DHPS,2.3,2.92,-0.246,0.16266176575117097,0.2742255001173481
STX8,22.57,20.51,0.132,0.16266176575117097,0.2742255001173481
SCAF8,20.09,21.82,-0.114,0.16266176575117097,0.2742255001173481
BRMS1,67.4,79.01,-0.226,0.16266176575117097,0.2742255001173481
P4HA3,5.82,5.4,0.092,0.16266176575117097,0.2742255001173481
PEAK3,1.09,0.92,0.12,0.16266176575117097,0.2742255001173481
SGCE,5.42,4.58,0.203,0.16266176575117097,0.2742255001173481
UGT1A10,0.23,4.56,-2.176,0.16262332680369218,0.2742255001173481
P2RX7,3.09,2.35,0.289,0.16266176575117097,0.2742255001173481
MYL6,403.11,349.3,0.206,0.16266176575117097,0.2742255001173481
ZNF439,3.49,3.05,0.149,0.16266176575117097,0.2742255001173481
CASP1,24.76,31.38,-0.33,0.16266176575117097,0.2742255001173481
SCLT1,2.91,3.57,-0.226,0.16266176575117097,0.2742255001173481
KANSL3,22.78,25.96,-0.182,0.16266176575117097,0.2742255001173481
AKAP8L,16.66,18.52,-0.144,0.16266176575117097,0.2742255001173481
MPV17L,3.01,4.28,-0.397,0.16266176575117097,0.2742255001173481
CEBPA,13.99,15.49,-0.137,0.16266176575117097,0.2742255001173481
EEF1AKNMT,38.39,43.35,-0.171,0.16266176575117097,0.2742255001173481
COPG2,21.64,24.42,-0.167,0.16266176575117097,0.2742255001173481
PLXNC1,10.39,8.38,0.28,0.16266176575117097,0.2742255001173481
HELZ2,20.61,16.82,0.279,0.16266176575117097,0.2742255001173481
AQP9,11.99,11.31,0.077,0.16266176575117097,0.2742255001173481
NCKAP5,4.59,3.54,0.302,0.16266176575117097,0.2742255001173481
LRRC25,14.63,13.37,0.121,0.16484499014184428,0.2771679875193714
DEXI,2.45,2.1,0.155,0.16484499014184428,0.2771679875193714
CRHR2,0.4,1.47,-0.82,0.16484499014184428,0.2771679875193714
ARID1B,5.47,6.24,-0.164,0.16484499014184428,0.2771679875193714
RPL18,549.15,602.86,-0.134,0.16484499014184428,0.2771679875193714
AGPAT1,30.24,27.37,0.139,0.16484499014184428,0.2771679875193714
SLC15A1,3.01,2.62,0.146,0.16484499014184428,0.2771679875193714
GALNT14,18.95,27.65,-0.522,0.16484499014184428,0.2771679875193714
PLXNA3,20.87,15.13,0.439,0.16484499014184428,0.2771679875193714
C11orf80,15.46,13.74,0.159,0.16484499014184428,0.2771679875193714
MTM1,14.79,12.73,0.202,0.16484499014184428,0.2771679875193714
FLYWCH2,56.58,50.43,0.163,0.16484499014184428,0.2771679875193714
WDR91,17.52,24.4,-0.456,0.16484499014184428,0.2771679875193714
COX7A2L,61.41,72.4,-0.234,0.16484499014184428,0.2771679875193714
NMT1,48.71,53.08,-0.122,0.16484499014184428,0.2771679875193714
CCDC61,12.17,10.68,0.174,0.16484499014184428,0.2771679875193714
PABPC4L,1.49,1.97,-0.25,0.16484499014184428,0.2771679875193714
OSBP2,5.48,8.08,-0.487,0.16484499014184428,0.2771679875193714
LYPD1,1.5,1.06,0.28,0.16484499014184428,0.2771679875193714
LRP6,15.49,13.67,0.169,0.16484499014184428,0.2771679875193714
UBXN1,126.84,117.77,0.106,0.16484499014184428,0.2771679875193714
NOL6,40.86,49.72,-0.277,0.16484499014184428,0.2771679875193714
CFAP57,2.97,3.95,-0.317,0.16484499014184428,0.2771679875193714
SENP6,18.1,20.25,-0.154,0.16484499014184428,0.2771679875193714
EPS8L3,5.44,0.14,2.498,0.1651873532512974,0.2777128978584665
CCDC82,5.18,4.58,0.148,0.16594345003483235,0.2789531795064404
BTN3A3,21.92,18.67,0.221,0.16705020442499086,0.27985376070447526
C2orf69,13.94,16.06,-0.191,0.16705020442499086,0.27985376070447526
DDX5,227.05,213.35,0.089,0.16705020442499086,0.27985376070447526
SLC29A2,28.22,23.71,0.242,0.16705020442499086,0.27985376070447526
ACACB,3.73,2.88,0.286,0.16705020442499086,0.27985376070447526
VANGL1,13.41,15.13,-0.163,0.16705020442499086,0.27985376070447526
KLK11,46.84,17.91,1.339,0.16705020442499086,0.27985376070447526
ZFHX3,6.91,5.64,0.253,0.16705020442499086,0.27985376070447526
FOXK2,25.74,29.23,-0.177,0.16705020442499086,0.27985376070447526
AVPR2,2.04,1.14,0.508,0.16705020442499086,0.27985376070447526
STXBP3,23.64,21.27,0.146,0.16705020442499086,0.27985376070447526
CLDND2,1.47,1.87,-0.216,0.16705020442499086,0.27985376070447526
DYRK2,12.25,14.36,-0.214,0.16705020442499086,0.27985376070447526
CD99,124.09,144.44,-0.217,0.16705020442499086,0.27985376070447526
LATS1,13.93,15.0,-0.1,0.16705020442499086,0.27985376070447526
GGT7,34.22,28.12,0.274,0.16705020442499086,0.27985376070447526
ZNF568,2.42,2.21,0.093,0.16705020442499086,0.27985376070447526
RAB8B,26.94,21.12,0.337,0.16705020442499086,0.27985376070447526
DARS1,64.21,75.92,-0.238,0.16705020442499086,0.27985376070447526
TMEM150B,7.35,6.57,0.141,0.16704880921543785,0.27985376070447526
FCGR3A,138.78,126.69,0.13,0.16705020442499086,0.27985376070447526
SLC9A7,9.51,12.78,-0.391,0.16705020442499086,0.27985376070447526
C10orf143,1.32,1.02,0.202,0.16704880921543785,0.27985376070447526
NR1H2,62.11,56.59,0.132,0.16705020442499086,0.27985376070447526
PRR22,2.61,4.01,-0.476,0.16705020442499086,0.27985376070447526
NKD2,16.87,21.73,-0.347,0.16704880921543785,0.27985376070447526
C8orf33,43.92,50.91,-0.209,0.16704880921543785,0.27985376070447526
JAZF1,9.23,8.24,0.147,0.16705020442499086,0.27985376070447526
MORN5,10.25,9.59,0.088,0.1667431378135672,0.27985376070447526
HMG20A,10.42,11.42,-0.121,0.16705020442499086,0.27985376070447526
FLOT2,157.81,185.82,-0.234,0.16705020442499086,0.27985376070447526
DNAAF6,2.49,1.9,0.268,0.16740860683081316,0.2804232594906884
CUEDC2,107.57,100.03,0.104,0.16927751412749104,0.28265010134508967
RBM45,6.65,7.55,-0.161,0.16927751412749104,0.28265010134508967
ZNF174,9.2,10.01,-0.11,0.16927751412749104,0.28265010134508967
PFDN4,35.52,45.89,-0.361,0.16927751412749104,0.28265010134508967
CFH,41.23,33.1,0.309,0.16927751412749104,0.28265010134508967
ZNF624,2.42,2.86,-0.173,0.16927751412749104,0.28265010134508967
SCUBE1,2.26,1.36,0.465,0.16927751412749104,0.28265010134508967
HNRNPD,91.65,106.21,-0.211,0.16927751412749104,0.28265010134508967
TBC1D19,5.11,4.53,0.144,0.16927751412749104,0.28265010134508967
LSM1,18.98,24.24,-0.337,0.16927751412749104,0.28265010134508967
ATP5MPL,51.64,64.08,-0.306,0.16927751412749104,0.28265010134508967
TTLL4,11.8,18.14,-0.58,0.16927751412749104,0.28265010134508967
SNX20,6.31,5.45,0.18,0.16927751412749104,0.28265010134508967
C5orf51,27.93,31.03,-0.146,0.16927751412749104,0.28265010134508967
ELP3,19.87,17.7,0.158,0.16927751412749104,0.28265010134508967
FBXO46,21.44,24.26,-0.171,0.16927751412749104,0.28265010134508967
CCSER1,1.39,1.44,-0.032,0.16927751412749104,0.28265010134508967
CRYBG1,19.43,24.98,-0.346,0.16927751412749104,0.28265010134508967
CCL22,13.44,12.48,0.1,0.16927751412749104,0.28265010134508967
NOC2L,52.96,62.18,-0.228,0.16927751412749104,0.28265010134508967
SIRPB1,3.91,2.67,0.419,0.16927751412749104,0.28265010134508967
CRBN,10.34,8.76,0.216,0.16927751412749104,0.28265010134508967
RPLP2,1363.01,1211.36,0.17,0.16927751412749104,0.28265010134508967
RSAD2,18.76,18.83,-0.005,0.16927751412749104,0.28265010134508967
KLK10,11.18,19.86,-0.777,0.16927751412749104,0.28265010134508967
ZNF501,3.15,2.7,0.164,0.16927611233353534,0.28265010134508967
NAA40,18.48,21.2,-0.189,0.16927751412749104,0.28265010134508967
FREM2,2.73,7.36,-1.164,0.16927751412749104,0.28265010134508967
HIPK3,44.3,39.57,0.159,0.16927751412749104,0.28265010134508967
DDX58,26.32,26.95,-0.033,0.1715270235214621,0.28584074458282044
VTN,1.59,1.29,0.175,0.1715270235214621,0.28584074458282044
RAPGEF5,17.58,14.19,0.291,0.1715270235214621,0.28584074458282044
IL6,16.52,31.24,-0.879,0.1715270235214621,0.28584074458282044
HCFC1,41.61,49.34,-0.241,0.1715270235214621,0.28584074458282044
PABPC1,528.94,539.86,-0.029,0.1715270235214621,0.28584074458282044
DHX38,27.65,32.22,-0.214,0.1715270235214621,0.28584074458282044
KCND2,1.62,1.7,-0.044,0.1715270235214621,0.28584074458282044
ACTN1,67.89,96.66,-0.503,0.1715270235214621,0.28584074458282044
MARCHF4,0.34,1.37,-0.823,0.1714960397718659,0.28584074458282044
SYTL1,30.17,37.47,-0.303,0.1715270235214621,0.28584074458282044
TMC6,43.61,37.43,0.215,0.1715270235214621,0.28584074458282044
NSD1,14.35,17.58,-0.276,0.1715270235214621,0.28584074458282044
NARS1,103.97,120.45,-0.21,0.1715270235214621,0.28584074458282044
ARID4B,16.59,14.45,0.187,0.1715270235214621,0.28584074458282044
IL13RA2,3.2,23.02,-2.515,0.1715270235214621,0.28584074458282044
GPR162,6.55,7.13,-0.107,0.1715270235214621,0.28584074458282044
CUL1,58.92,68.84,-0.221,0.1715270235214621,0.28584074458282044
NPY,0.75,60.1,-5.128,0.1722308010558078,0.28698207506480455
REG1A,1.3,0.46,0.654,0.17242249890603867,0.2872699885820206
WSCD2,0.35,1.98,-1.146,0.17265731229626524,0.28760048141548605
FAS,15.56,14.39,0.105,0.17265872381956482,0.28760048141548605
CHRNA9,1.55,0.5,0.767,0.1730057564668871,0.28814694781861605
FIBCD1,2.21,1.47,0.381,0.17379883559535203,0.2883299529591814
CYP26B1,4.63,5.56,-0.22,0.17379883559535203,0.2883299529591814
GLCE,18.91,25.93,-0.435,0.17379883559535203,0.2883299529591814
KLHL22,15.59,14.0,0.145,0.17379883559535203,0.2883299529591814
ZNF749,3.03,3.87,-0.274,0.17379883559535203,0.2883299529591814
ADAMTS3,1.85,1.14,0.415,0.17379883559535203,0.2883299529591814
POLI,6.26,5.82,0.09,0.17379883559535203,0.2883299529591814
ATP13A2,39.77,37.07,0.099,0.17379883559535203,0.2883299529591814
NAT14,33.15,27.68,0.252,0.17379883559535203,0.2883299529591814
CYP24A1,53.76,23.61,1.154,0.17379883559535203,0.2883299529591814
IGSF9B,2.7,2.38,0.131,0.17379883559535203,0.2883299529591814
FAM174C,53.63,60.39,-0.168,0.17379883559535203,0.2883299529591814
LILRB5,3.37,2.63,0.267,0.17379883559535203,0.2883299529591814
RNF6,28.22,31.04,-0.133,0.17379883559535203,0.2883299529591814
ACTR8,16.37,15.04,0.114,0.17379883559535203,0.2883299529591814
RICTOR,11.15,9.86,0.163,0.17379883559535203,0.2883299529591814
CD79A,53.29,72.51,-0.437,0.17379883559535203,0.2883299529591814
PRPF40A,38.8,43.04,-0.146,0.17379883559535203,0.2883299529591814
NFYB,21.66,23.73,-0.126,0.17379883559535203,0.2883299529591814
DNAJC11,18.43,20.67,-0.157,0.17379883559535203,0.2883299529591814
ABHD5,15.36,13.52,0.172,0.17379883559535203,0.2883299529591814
ZNF22,32.6,33.06,-0.02,0.17379742087758632,0.2883299529591814
ZNF780B,3.87,4.81,-0.255,0.17379883559535203,0.2883299529591814
DCBLD2,40.75,27.03,0.575,0.17379883559535203,0.2883299529591814
UNC50,60.82,53.82,0.173,0.17379883559535203,0.2883299529591814
SMOC2,22.15,46.6,-1.04,0.17379883559535203,0.2883299529591814
PDE10A,1.18,0.76,0.313,0.17379883559535203,0.2883299529591814
YTHDF2,80.5,73.97,0.121,0.17379883559535203,0.2883299529591814
ZMIZ1,30.38,35.83,-0.231,0.17379883559535203,0.2883299529591814
CES2,22.11,29.12,-0.382,0.17379883559535203,0.2883299529591814
SYTL4,2.81,2.02,0.332,0.17379883559535203,0.2883299529591814
SPIN2B,3.97,4.84,-0.232,0.17379883559535203,0.2883299529591814
SEC14L2,5.86,6.31,-0.092,0.17379883559535203,0.2883299529591814
ORAI1,50.87,44.72,0.182,0.17379883559535203,0.2883299529591814
ETV7,17.95,13.09,0.428,0.17379883559535203,0.2883299529591814
CYP51A1,2.93,2.38,0.217,0.17379883559535203,0.2883299529591814
UTS2,1.29,0.77,0.373,0.17489208928840472,0.2901119677430651
SCART1,1.1,0.84,0.193,0.17494171906668987,0.29013093961142006
GGT6,15.24,15.47,-0.021,0.17494171906668987,0.29013093961142006
TENT2,25.52,23.82,0.095,0.17609305202501535,0.2911187964544133
DMD,3.32,4.02,-0.217,0.17609305202501535,0.2911187964544133
ZNF669,8.1,9.45,-0.2,0.17609305202501535,0.2911187964544133
R3HCC1L,15.09,16.53,-0.124,0.17609305202501535,0.2911187964544133
KDM3B,39.47,37.15,0.085,0.17609305202501535,0.2911187964544133
TMEM209,20.46,17.91,0.183,0.17609305202501535,0.2911187964544133
ARHGAP35,27.15,31.86,-0.223,0.17609305202501535,0.2911187964544133
IGSF10,2.99,3.49,-0.17,0.17609305202501535,0.2911187964544133
DOCK7,4.22,4.83,-0.161,0.17609305202501535,0.2911187964544133
CCDC188,1.27,1.26,0.007,0.17609305202501535,0.2911187964544133
UQCRQ,79.21,72.32,0.13,0.17609305202501535,0.2911187964544133
MLST8,28.89,33.68,-0.214,0.17609305202501535,0.2911187964544133
RIF1,10.19,11.93,-0.209,0.17609305202501535,0.2911187964544133
QRICH2,1.97,2.8,-0.354,0.17609305202501535,0.2911187964544133
AKAP5,1.97,1.72,0.13,0.17609305202501535,0.2911187964544133
PAPPA,1.08,1.62,-0.332,0.17609305202501535,0.2911187964544133
POMK,12.01,11.81,0.022,0.17609305202501535,0.2911187964544133
VCPIP1,11.86,10.3,0.187,0.17609305202501535,0.2911187964544133
ARL5A,18.66,16.29,0.185,0.17609305202501535,0.2911187964544133
MX1,52.45,36.36,0.516,0.17609305202501535,0.2911187964544133
TNFSF4,3.83,4.19,-0.104,0.17609305202501535,0.2911187964544133
FOXN2,15.71,18.57,-0.227,0.17609305202501535,0.2911187964544133
APCDD1L,1.71,4.17,-0.934,0.17608736777815193,0.2911187964544133
PRTFDC1,10.83,15.55,-0.484,0.17609305202501535,0.2911187964544133
TCF7,4.05,5.09,-0.269,0.17609305202501535,0.2911187964544133
RASGEF1B,7.78,7.12,0.112,0.17609305202501535,0.2911187964544133
LRRC17,6.21,9.28,-0.512,0.17609305202501535,0.2911187964544133
HOXB2,17.79,6.35,1.353,0.17609305202501535,0.2911187964544133
DEDD,33.78,36.59,-0.112,0.17609305202501535,0.2911187964544133
ZBBX,2.41,2.19,0.096,0.1771973189959084,0.2929125087046933
BGLAP,1.2,0.82,0.275,0.17724147228041853,0.2929536214486944
TRUB2,18.63,20.47,-0.129,0.17840977314477502,0.2937979279632091
SEC24B,29.61,26.54,0.152,0.17840977314477502,0.2937979279632091
ORMDL2,19.08,16.91,0.165,0.17840977314477502,0.2937979279632091
DOCK10,6.7,5.84,0.171,0.17840977314477502,0.2937979279632091
MICALL2,22.97,17.02,0.412,0.17840977314477502,0.2937979279632091
ABT1,44.75,48.7,-0.119,0.17840977314477502,0.2937979279632091
CEP126,3.62,3.27,0.113,0.17840977314477502,0.2937979279632091
CASKIN2,26.16,22.41,0.214,0.17840977314477502,0.2937979279632091
PARP10,49.65,39.17,0.335,0.17840977314477502,0.2937979279632091
ATG7,10.02,9.4,0.084,0.17840977314477502,0.2937979279632091
CPNE3,67.81,73.25,-0.11,0.17840977314477502,0.2937979279632091
DNAJB6,20.52,23.35,-0.178,0.17840977314477502,0.2937979279632091
FKBP14,12.95,14.84,-0.183,0.17840977314477502,0.2937979279632091
KDF1,41.86,36.81,0.181,0.17840977314477502,0.2937979279632091
CD86,18.52,18.45,0.005,0.17840977314477502,0.2937979279632091
PTPRR,2.35,1.22,0.592,0.17840977314477502,0.2937979279632091
CAMSAP3,24.76,20.94,0.232,0.17840977314477502,0.2937979279632091
FRMD3,3.03,1.89,0.481,0.17840977314477502,0.2937979279632091
ZAP70,5.21,6.8,-0.328,0.17840977314477502,0.2937979279632091
ZNF707,7.05,8.45,-0.232,0.17840977314477502,0.2937979279632091
THBS1,152.25,122.64,0.31,0.17840977314477502,0.2937979279632091
IGSF1,2.26,1.1,0.636,0.17840406390035513,0.2937979279632091
COL23A1,1.71,4.31,-0.973,0.17840977314477502,0.2937979279632091
PYHIN1,2.08,2.47,-0.17,0.17840977314477502,0.2937979279632091
IPO8,29.29,30.72,-0.066,0.17840977314477502,0.2937979279632091
ZNF383,3.14,3.61,-0.156,0.17840977314477502,0.2937979279632091
DENND10,8.89,8.05,0.127,0.17840977314477502,0.2937979279632091
IGLON5,1.25,2.69,-0.714,0.17840834584203968,0.2937979279632091
GUCY1A2,3.26,2.31,0.365,0.17840977314477502,0.2937979279632091
TCAF1,10.08,8.44,0.23,0.17840977314477502,0.2937979279632091
ZNF521,5.27,5.34,-0.017,0.17840977314477502,0.2937979279632091
ACOT13,16.9,14.87,0.174,0.17840977314477502,0.2937979279632091
MCOLN1,20.75,19.32,0.098,0.17840977314477502,0.2937979279632091
SASH1,13.34,9.92,0.394,0.17840977314477502,0.2937979279632091
PARP6,16.08,18.62,-0.2,0.1807490979184817,0.2965253260636532
SLC35C2,29.25,31.16,-0.088,0.1807490979184817,0.2965253260636532
RAVER1,14.61,16.6,-0.173,0.1807490979184817,0.2965253260636532
FAM32A,126.97,143.18,-0.172,0.1807490979184817,0.2965253260636532
ECM1,96.59,46.47,1.04,0.1807490979184817,0.2965253260636532
ANXA6,76.86,70.47,0.124,0.1807490979184817,0.2965253260636532
AP002990.1,2.08,1.77,0.155,0.1807490979184817,0.2965253260636532
STXBP5,6.19,6.87,-0.131,0.1807490979184817,0.2965253260636532
AC136428.1,4.27,7.02,-0.607,0.1805124993686763,0.2965253260636532
LILRB3,9.51,8.9,0.086,0.1807490979184817,0.2965253260636532
CCNDBP1,26.47,23.9,0.142,0.1807490979184817,0.2965253260636532
RTL8A,127.75,136.93,-0.099,0.1807490979184817,0.2965253260636532
DCTN6,25.14,22.38,0.161,0.1807490979184817,0.2965253260636532
NAT9,32.9,27.84,0.233,0.1807490979184817,0.2965253260636532
MEX3D,36.94,28.01,0.387,0.1807490979184817,0.2965253260636532
TGIF1,37.55,41.46,-0.139,0.1807490979184817,0.2965253260636532
CD163L1,2.91,3.9,-0.327,0.1807490979184817,0.2965253260636532
FH,92.41,107.21,-0.212,0.1807490979184817,0.2965253260636532
APH1B,11.41,8.78,0.344,0.1807490979184817,0.2965253260636532
TRIM22,47.55,40.33,0.232,0.1807490979184817,0.2965253260636532
RIC1,9.79,12.09,-0.279,0.1807490979184817,0.2965253260636532
MTMR4,21.83,26.94,-0.291,0.1807490979184817,0.2965253260636532
SLC6A16,2.21,1.98,0.11,0.1807490979184817,0.2965253260636532
THAP3,11.3,11.08,0.026,0.1807490979184817,0.2965253260636532
TBX6,4.08,4.31,-0.064,0.1807490979184817,0.2965253260636532
GGA3,27.93,25.32,0.137,0.1807490979184817,0.2965253260636532
ZDHHC13,11.86,12.72,-0.093,0.1807490979184817,0.2965253260636532
FRYL,9.69,8.23,0.211,0.1807490979184817,0.2965253260636532
UNC5C,2.48,1.87,0.275,0.1807490979184817,0.2965253260636532
PIP4K2B,48.89,43.33,0.17,0.1807490979184817,0.2965253260636532
SMG5,88.82,78.4,0.178,0.1807490979184817,0.2965253260636532
AMPD2,13.83,15.77,-0.177,0.1807490979184817,0.2965253260636532
MAVS,28.17,33.02,-0.222,0.1807490979184817,0.2965253260636532
THBS3,14.98,12.24,0.271,0.1807490979184817,0.2965253260636532
TAP2,20.7,22.67,-0.126,0.1807490979184817,0.2965253260636532
TSPY9P,0.02,1.46,-1.267,0.18122223216036004,0.2972694205584485
SST,1.62,1.03,0.363,0.18139054623435802,0.29751339403417915
CCDC157,1.47,1.34,0.075,0.1819243941935471,0.29826256026448833
ZNF730,1.11,0.72,0.293,0.18192008461085996,0.29826256026448833
KLHL5,30.14,34.55,-0.191,0.181925830709604,0.29826256026448833
ART5,1.55,2.26,-0.355,0.181925830709604,0.29826256026448833
GBP1,55.12,65.43,-0.243,0.1831111239105747,0.2991405704917593
FAM110B,3.16,4.15,-0.308,0.1831111239105747,0.2991405704917593
INAFM2,25.59,21.65,0.232,0.1831111239105747,0.2991405704917593
TNFAIP8,11.98,12.92,-0.101,0.1831111239105747,0.2991405704917593
C15orf62,3.33,2.93,0.137,0.1831111239105747,0.2991405704917593
ABLIM1,48.69,55.5,-0.185,0.1831111239105747,0.2991405704917593
USP42,9.1,10.37,-0.171,0.1831111239105747,0.2991405704917593
HACL1,14.57,16.39,-0.159,0.1831111239105747,0.2991405704917593
GCNA,1.55,1.27,0.169,0.1831111239105747,0.2991405704917593
SEPTIN7,33.56,31.96,0.068,0.1831111239105747,0.2991405704917593
SPACA6,2.93,2.51,0.163,0.1831111239105747,0.2991405704917593
RINT1,15.2,17.53,-0.194,0.1831111239105747,0.2991405704917593
KAT2A,58.78,66.64,-0.178,0.1831111239105747,0.2991405704917593
WBP4,21.49,19.66,0.122,0.1831111239105747,0.2991405704917593
OARD1,15.38,12.76,0.251,0.1831111239105747,0.2991405704917593
RPL37,284.97,334.89,-0.232,0.1831111239105747,0.2991405704917593
MMS19,41.26,36.85,0.159,0.1831111239105747,0.2991405704917593
SPATA17,1.66,1.5,0.093,0.1831111239105747,0.2991405704917593
TAF11,43.62,46.76,-0.098,0.1831111239105747,0.2991405704917593
SMIM10L2A,5.55,5.05,0.114,0.1831111239105747,0.2991405704917593
CSPG4,8.8,15.83,-0.781,0.1831111239105747,0.2991405704917593
ZNF45,8.56,10.86,-0.311,0.1831111239105747,0.2991405704917593
ZNF79,7.08,8.19,-0.187,0.1831111239105747,0.2991405704917593
PEX3,13.5,14.64,-0.109,0.1831111239105747,0.2991405704917593
GSKIP,24.09,22.67,0.084,0.1831111239105747,0.2991405704917593
TRIM37,19.12,22.92,-0.249,0.1831111239105747,0.2991405704917593
EEF1AKMT1,13.48,12.06,0.149,0.1831111239105747,0.2991405704917593
VPS50,9.61,7.59,0.305,0.1831111239105747,0.2991405704917593
TSPOAP1,5.98,4.2,0.425,0.1831111239105747,0.2991405704917593
PCGF6,9.07,10.17,-0.151,0.1831111239105747,0.2991405704917593
ADAMTS15,3.12,7.13,-0.98,0.1831111239105747,0.2991405704917593
AHNAK,160.1,168.58,-0.074,0.1831111239105747,0.2991405704917593
RNF157,1.8,1.12,0.399,0.1831111239105747,0.2991405704917593
RNASE10,0.69,1.05,-0.281,0.18406258225816963,0.30066259673673484
DMBT1,95.92,36.48,1.371,0.18429923742744925,0.30098444740785085
SMN2,3.09,4.22,-0.353,0.18429923742744925,0.30098444740785085
RMDN1,20.83,22.84,-0.127,0.18549594725715313,0.301965062324861
LETMD1,27.8,25.33,0.129,0.18549594725715313,0.301965062324861
PSMD12,48.01,52.46,-0.126,0.18549594725715313,0.301965062324861
SAP130,26.53,31.08,-0.221,0.18549594725715313,0.301965062324861
LPIN1,11.07,10.34,0.089,0.18549594725715313,0.301965062324861
ADNP2,17.84,20.99,-0.223,0.18549594725715313,0.301965062324861
PPP2R5A,88.43,78.49,0.17,0.18549594725715313,0.301965062324861
MTRR,25.43,22.89,0.146,0.18549594725715313,0.301965062324861
PTPN12,70.0,65.73,0.089,0.18549594725715313,0.301965062324861
PYGM,1.19,0.75,0.328,0.18549594725715313,0.301965062324861
ORC2,14.45,18.24,-0.316,0.18549594725715313,0.301965062324861
PMPCA,25.21,28.13,-0.152,0.18549594725715313,0.301965062324861
FAM13C,1.46,1.19,0.166,0.18549594725715313,0.301965062324861
CLASP2,8.24,7.42,0.134,0.18549594725715313,0.301965062324861
GPR65,3.79,3.3,0.154,0.18549594725715313,0.301965062324861
STARD9,1.92,1.41,0.278,0.18549594725715313,0.301965062324861
CETP,2.13,1.91,0.106,0.18549594725715313,0.301965062324861
EFNA2,1.87,1.31,0.31,0.184969389021453,0.301965062324861
UBE2V1,1.48,1.87,-0.207,0.18549594725715313,0.301965062324861
FDX1,39.1,28.56,0.44,0.18549594725715313,0.301965062324861
STXBP6,4.86,3.56,0.362,0.18549594725715313,0.301965062324861
ROPN1L,7.85,7.54,0.051,0.18549594725715313,0.301965062324861
ANGPT1,8.02,5.62,0.446,0.18549594725715313,0.301965062324861
NLGN2,16.76,20.1,-0.249,0.18549594725715313,0.301965062324861
UTP6,24.81,29.91,-0.26,0.18549594725715313,0.301965062324861
CCL19,72.04,214.9,-1.564,0.18549594725715313,0.301965062324861
IK,75.23,73.42,0.035,0.18549594725715313,0.301965062324861
H4C8,10.3,16.87,-0.661,0.18549594725715313,0.301965062324861
TBC1D2,57.02,66.38,-0.216,0.18549594725715313,0.301965062324861
PPP6R2,38.06,41.86,-0.134,0.18549594725715313,0.301965062324861
HNF4A,1.6,0.16,1.161,0.18666506992420884,0.30383569823853707
SP7,0.07,1.3,-1.102,0.18671439991255168,0.3038834363011674
KCTD9,20.31,22.46,-0.139,0.1879036626370666,0.30467666450853287
THSD7B,0.46,1.76,-0.922,0.1879036626370666,0.30467666450853287
TNC,116.46,141.58,-0.28,0.1879036626370666,0.30467666450853287
DPP3,46.04,51.84,-0.168,0.1879036626370666,0.30467666450853287
TMEM168,13.67,15.33,-0.155,0.1879036626370666,0.30467666450853287
AFMID,24.75,30.39,-0.286,0.1879036626370666,0.30467666450853287
LLPH,5.98,9.56,-0.597,0.1879036626370666,0.30467666450853287
PPIP5K2,6.68,6.1,0.114,0.1879036626370666,0.30467666450853287
SLA2,3.87,4.99,-0.297,0.1879036626370666,0.30467666450853287
BCORL1,11.74,9.46,0.285,0.1879036626370666,0.30467666450853287
NDP,1.27,0.94,0.223,0.18778027226757343,0.30467666450853287
EML2,19.46,20.55,-0.075,0.1879036626370666,0.30467666450853287
MT-CO3,19487.59,16276.65,0.26,0.1879036626370666,0.30467666450853287
SFRP5,3.4,6.29,-0.728,0.1878891483883518,0.30467666450853287
HAGHL,4.44,3.35,0.322,0.1879036626370666,0.30467666450853287
TMEM230,110.93,127.28,-0.197,0.1879036626370666,0.30467666450853287
FOXO6,8.11,5.06,0.588,0.1879036626370666,0.30467666450853287
PEBP1,525.76,475.25,0.145,0.1879036626370666,0.30467666450853287
LAMC1,98.54,119.61,-0.277,0.1879036626370666,0.30467666450853287
MAU2,18.27,20.72,-0.173,0.1879036626370666,0.30467666450853287
S100B,20.89,10.13,0.976,0.1879036626370666,0.30467666450853287
NDUFB6,73.29,89.7,-0.288,0.1879036626370666,0.30467666450853287
NLRP3,3.63,3.04,0.196,0.1879036626370666,0.30467666450853287
EDC4,18.77,22.08,-0.223,0.1879036626370666,0.30467666450853287
TRAF2,29.54,25.76,0.19,0.1879036626370666,0.30467666450853287
GNGT2,4.63,4.02,0.166,0.1879036626370666,0.30467666450853287
AMIGO1,7.54,6.73,0.144,0.1879036626370666,0.30467666450853287
HERC1,9.38,10.75,-0.179,0.1879036626370666,0.30467666450853287
SRGN,413.09,406.11,0.025,0.1879036626370666,0.30467666450853287
JADE2,20.18,24.15,-0.248,0.1879036626370666,0.30467666450853287
SEPHS1,42.23,44.29,-0.067,0.1879036626370666,0.30467666450853287
ZBTB14,9.25,10.41,-0.155,0.1879036626370666,0.30467666450853287
RELA,67.64,64.31,0.072,0.1879036626370666,0.30467666450853287
BTLA,1.19,1.45,-0.164,0.1879036626370666,0.30467666450853287
KLHL3,1.55,1.92,-0.192,0.187902211239378,0.30467666450853287
WDR93,1.15,1.09,0.042,0.18911467971675944,0.30660754764024395
HOXB13,4.53,14.03,-1.443,0.18940691470167925,0.30704857608435904
SMIM24,8.25,1.24,2.046,0.1903343632430301,0.3076984444298102
HSPA1L,2.98,2.65,0.124,0.1903343632430301,0.3076984444298102
CCDC33,1.65,2.01,-0.181,0.1903343632430301,0.3076984444298102
OPA3,9.79,10.76,-0.124,0.1903343632430301,0.3076984444298102
GIGYF2,13.87,12.5,0.139,0.1903343632430301,0.3076984444298102
ULK4,2.69,2.58,0.043,0.1903343632430301,0.3076984444298102
TRMT10A,5.97,5.11,0.19,0.1903343632430301,0.3076984444298102
STARD4,12.53,15.05,-0.246,0.1903343632430301,0.3076984444298102
ZBED2,11.96,20.13,-0.705,0.1903343632430301,0.3076984444298102
RAD51D,4.1,5.33,-0.311,0.1903343632430301,0.3076984444298102
SMC5,22.62,20.22,0.154,0.1903343632430301,0.3076984444298102
RALY,94.05,82.96,0.179,0.1903343632430301,0.3076984444298102
CAMKK1,5.76,6.4,-0.129,0.1903343632430301,0.3076984444298102
KIAA1328,2.14,1.94,0.096,0.1903343632430301,0.3076984444298102
CA14,1.0,1.1,-0.069,0.19033290605620357,0.3076984444298102
TBC1D16,18.25,15.76,0.2,0.1903343632430301,0.3076984444298102
TMEM42,14.42,12.93,0.147,0.1903343632430301,0.3076984444298102
LPAR1,21.23,28.92,-0.429,0.1903343632430301,0.3076984444298102
CCDC124,105.05,113.46,-0.11,0.1903343632430301,0.3076984444298102
ALG10B,4.2,3.76,0.129,0.1903343632430301,0.3076984444298102
GTF2IRD1,17.47,20.64,-0.228,0.1903343632430301,0.3076984444298102
FLVCR1,9.88,12.37,-0.297,0.1903343632430301,0.3076984444298102
TMX1,40.93,50.1,-0.285,0.1903343632430301,0.3076984444298102
COMMD8,31.53,36.11,-0.19,0.1903343632430301,0.3076984444298102
RUNDC3A,1.47,3.49,-0.863,0.1903343632430301,0.3076984444298102
SIPA1L3,25.47,35.58,-0.467,0.1903343632430301,0.3076984444298102
TTYH2,5.49,6.91,-0.286,0.19155690167008532,0.30964187754799516
GPR37,5.44,2.11,1.052,0.19278814075277406,0.3104759616765843
TLR10,2.1,6.11,-1.198,0.19278814075277406,0.3104759616765843
BAG1,42.75,36.32,0.23,0.19278814075277406,0.3104759616765843
HPS5,18.91,19.49,-0.041,0.19278814075277406,0.3104759616765843
PTCD1,1.43,1.71,-0.16,0.19278814075277406,0.3104759616765843
GATM,5.98,7.51,-0.286,0.19278814075277406,0.3104759616765843
SMARCA4,35.11,38.38,-0.125,0.19278814075277406,0.3104759616765843
RBMX2,26.52,30.04,-0.174,0.19278814075277406,0.3104759616765843
ZNF580,19.3,21.78,-0.166,0.19278814075277406,0.3104759616765843
TBC1D8,19.66,20.12,-0.032,0.19278814075277406,0.3104759616765843
FAM76A,12.42,11.24,0.133,0.19278814075277406,0.3104759616765843
FAM120C,4.48,5.02,-0.136,0.19278814075277406,0.3104759616765843
COL14A1,13.81,16.7,-0.257,0.19278814075277406,0.3104759616765843
CAMKMT,4.29,4.77,-0.127,0.19278814075277406,0.3104759616765843
ZFPM2,2.83,2.06,0.32,0.19278814075277406,0.3104759616765843
NOL9,11.46,13.5,-0.218,0.19278814075277406,0.3104759616765843
MED28,16.48,18.35,-0.146,0.19278814075277406,0.3104759616765843
PFDN5,1.89,2.4,-0.232,0.19278814075277406,0.3104759616765843
MMAB,15.17,16.63,-0.125,0.19278814075277406,0.3104759616765843
SCIMP,5.21,4.25,0.242,0.19278814075277406,0.3104759616765843
IGFBP4,759.51,708.81,0.1,0.19278814075277406,0.3104759616765843
FBXO10,2.36,3.04,-0.267,0.19278814075277406,0.3104759616765843
ADARB2,0.32,1.03,-0.618,0.19278814075277406,0.3104759616765843
ANKLE2,17.31,18.83,-0.115,0.19278814075277406,0.3104759616765843
TXNDC16,6.8,8.9,-0.345,0.19278814075277406,0.3104759616765843
TNFSF9,12.79,10.06,0.318,0.1927866778742917,0.3104759616765843
GPX7,28.2,37.58,-0.402,0.19278814075277406,0.3104759616765843
RRP1,27.65,34.81,-0.322,0.19278814075277406,0.3104759616765843
EVPL,65.11,51.12,0.343,0.19278814075277406,0.3104759616765843
GUCY1B1,17.4,14.87,0.213,0.19278814075277406,0.3104759616765843
LCK,11.39,13.82,-0.258,0.19278814075277406,0.3104759616765843
RGS16,56.8,43.49,0.378,0.19278814075277406,0.3104759616765843
HOXA2,1.24,1.32,-0.047,0.19278814075277406,0.3104759616765843
EMP1,80.45,94.45,-0.229,0.19278814075277406,0.3104759616765843
PRDX2,147.15,213.85,-0.536,0.19278814075277406,0.3104759616765843
MYSM1,7.4,6.77,0.112,0.19402224588732342,0.31243031073302646
TKTL1,9.12,2.7,1.452,0.19426357751255963,0.3127857707872317
KHDRBS1,152.29,168.45,-0.145,0.195265085300235,0.3133357035241308
RPF1,43.51,49.48,-0.181,0.195265085300235,0.3133357035241308
ZNF335,12.7,14.04,-0.135,0.195265085300235,0.3133357035241308
NRP2,26.95,21.24,0.329,0.195265085300235,0.3133357035241308
FRMD4B,10.29,10.87,-0.072,0.195265085300235,0.3133357035241308
NFKBIL1,30.85,30.04,0.037,0.195265085300235,0.3133357035241308
NEDD4L,11.34,9.62,0.217,0.195265085300235,0.3133357035241308
BMP2K,2.93,3.73,-0.269,0.195265085300235,0.3133357035241308
NOLC1,94.88,107.49,-0.178,0.195265085300235,0.3133357035241308
USP9Y,2.55,4.15,-0.538,0.19507919562542242,0.3133357035241308
ZNF219,11.82,13.5,-0.177,0.195265085300235,0.3133357035241308
PRKCQ,5.26,5.74,-0.106,0.195265085300235,0.3133357035241308
HCFC2,7.68,6.78,0.157,0.195265085300235,0.3133357035241308
AGK,8.82,9.56,-0.105,0.195265085300235,0.3133357035241308
SP1,44.89,48.36,-0.105,0.195265085300235,0.3133357035241308
FAM229A,2.4,1.88,0.241,0.195265085300235,0.3133357035241308
PRDX6,365.86,400.99,-0.132,0.195265085300235,0.3133357035241308
CBX8,10.99,9.77,0.154,0.195265085300235,0.3133357035241308
RBM11,2.54,3.42,-0.322,0.195265085300235,0.3133357035241308
STK26,31.25,36.42,-0.215,0.195265085300235,0.3133357035241308
TBC1D22A,27.84,30.02,-0.105,0.195265085300235,0.3133357035241308
ST6GAL2,1.12,3.01,-0.921,0.195265085300235,0.3133357035241308
ADCY7,8.06,6.76,0.225,0.195265085300235,0.3133357035241308
MIA2,16.1,15.28,0.072,0.195265085300235,0.3133357035241308
ZNF93,3.08,3.23,-0.054,0.195265085300235,0.3133357035241308
HES4,21.95,21.72,0.015,0.195265085300235,0.3133357035241308
EHMT2,21.66,25.01,-0.199,0.195265085300235,0.3133357035241308
FAM193A,15.53,14.12,0.129,0.195265085300235,0.3133357035241308
MIF4GD,26.68,24.87,0.098,0.195265085300235,0.3133357035241308
MRPS7,63.47,73.97,-0.218,0.195265085300235,0.3133357035241308
GRIPAP1,31.06,27.58,0.166,0.195265085300235,0.3133357035241308
CYTH1,40.13,36.96,0.116,0.195265085300235,0.3133357035241308
ENTPD5,7.87,6.53,0.236,0.19651080172153979,0.3152680686964471
PTPN20,1.44,2.44,-0.496,0.19650491674026194,0.3152680686964471
BUD31,42.13,48.1,-0.187,0.1977652854467964,0.31644528507563746
LRRC32,33.95,28.26,0.256,0.1977652854467964,0.31644528507563746
DNAJC16,11.11,10.2,0.112,0.1977652854467964,0.31644528507563746
OSGIN2,27.88,24.62,0.173,0.1977652854467964,0.31644528507563746
EVI2A,8.35,7.08,0.211,0.1977652854467964,0.31644528507563746
BARX1,20.96,17.38,0.256,0.19771369290687124,0.31644528507563746
HSP90AB1,1624.17,1704.27,-0.069,0.1977652854467964,0.31644528507563746
PRPF8,80.47,91.57,-0.184,0.1977652854467964,0.31644528507563746
CCDC142,4.96,5.77,-0.183,0.1977652854467964,0.31644528507563746
CINP,15.99,18.68,-0.212,0.1977652854467964,0.31644528507563746
DYRK4,6.22,6.74,-0.1,0.1977652854467964,0.31644528507563746
ABI3,22.56,20.45,0.135,0.1977652854467964,0.31644528507563746
PUSL1,14.63,12.44,0.218,0.1977652854467964,0.31644528507563746
ZNF579,12.0,10.64,0.159,0.1977652854467964,0.31644528507563746
CCNI2,1.75,1.34,0.229,0.1977652854467964,0.31644528507563746
ELOVL6,9.78,10.34,-0.072,0.1977652854467964,0.31644528507563746
PSMB8,105.67,95.45,0.145,0.1977652854467964,0.31644528507563746
IRS1,17.23,14.78,0.209,0.1977652854467964,0.31644528507563746
OTUD5,72.59,67.47,0.104,0.1977652854467964,0.31644528507563746
RBL2,31.45,27.59,0.183,0.1977652854467964,0.31644528507563746
EDA,1.43,1.56,-0.075,0.1977652854467964,0.31644528507563746
CCZ1B,5.02,4.48,0.135,0.19776381148470967,0.31644528507563746
ZNF544,10.72,12.42,-0.196,0.1977652854467964,0.31644528507563746
DCLK1,3.91,3.13,0.25,0.1977652854467964,0.31644528507563746
ZBTB2,20.66,22.56,-0.121,0.1977652854467964,0.31644528507563746
PEMT,15.5,17.71,-0.181,0.20028882815258564,0.3194738232149327
EXOC3,30.61,32.85,-0.098,0.20028882815258564,0.3194738232149327
ITFG1,26.62,23.03,0.201,0.20028882815258564,0.3194738232149327
ZNF302,16.36,14.37,0.176,0.20028882815258564,0.3194738232149327
ADA2,34.38,30.18,0.182,0.20028882815258564,0.3194738232149327
FOLR3,4.06,3.35,0.216,0.2002592398878671,0.3194738232149327
YAP1,67.7,64.82,0.062,0.20028882815258564,0.3194738232149327
SLC38A7,13.7,16.29,-0.235,0.20028882815258564,0.3194738232149327
FKRP,11.09,12.75,-0.186,0.20028882815258564,0.3194738232149327
VPS28,102.43,90.77,0.172,0.20028882815258564,0.3194738232149327
INTS10,26.39,29.15,-0.139,0.20028882815258564,0.3194738232149327
MFAP3L,2.78,2.37,0.166,0.20028882815258564,0.3194738232149327
ZBED6CL,10.95,11.99,-0.12,0.20028882815258564,0.3194738232149327
ZDHHC24,13.72,12.82,0.09,0.20028882815258564,0.3194738232149327
RCBTB2,11.47,13.05,-0.172,0.20028882815258564,0.3194738232149327
DPY19L4,14.63,16.67,-0.176,0.20028882815258564,0.3194738232149327
ZNF416,6.89,8.06,-0.199,0.20028882815258564,0.3194738232149327
TIMM13,83.13,93.33,-0.165,0.20028882815258564,0.3194738232149327
BLZF1,27.17,24.46,0.146,0.20028882815258564,0.3194738232149327
ZBED8,6.41,8.26,-0.321,0.20028882815258564,0.3194738232149327
UBAP2L,85.56,92.04,-0.104,0.20028882815258564,0.3194738232149327
PROSER3,6.22,7.94,-0.307,0.20028882815258564,0.3194738232149327
IL1RL1,9.05,2.92,1.357,0.20028882815258564,0.3194738232149327
BMI1,31.3,26.63,0.225,0.20028882815258564,0.3194738232149327
C1orf109,12.92,14.72,-0.176,0.20028882815258564,0.3194738232149327
C1QTNF1,19.03,34.62,-0.83,0.20028882815258564,0.3194738232149327
LDLRAP1,29.3,25.73,0.181,0.20028882815258564,0.3194738232149327
TMEM37,30.21,36.82,-0.277,0.20028882815258564,0.3194738232149327
TCERG1L,0.17,1.0,-0.777,0.1997343064790995,0.3194738232149327
SMIM19,20.79,18.04,0.195,0.20028882815258564,0.3194738232149327
H2AC13,4.67,13.62,-1.366,0.20155789768991894,0.3214643228640498
COQ4,32.89,30.41,0.11,0.20283579874783897,0.3226218896959713
CDKAL1,14.8,25.16,-0.727,0.20283579874783897,0.3226218896959713
HDGFL2,36.74,41.97,-0.187,0.20283579874783897,0.3226218896959713
CD101,4.4,4.33,0.018,0.20283579874783897,0.3226218896959713
OS9,157.39,147.96,0.089,0.20283579874783897,0.3226218896959713
CRCP,42.1,43.9,-0.059,0.20283579874783897,0.3226218896959713
ATXN1L,18.1,20.68,-0.183,0.20283579874783897,0.3226218896959713
HINFP,7.36,6.5,0.155,0.20283579874783897,0.3226218896959713
GIMAP6,25.77,19.41,0.391,0.20283579874783897,0.3226218896959713
EARS2,13.33,15.51,-0.204,0.20283579874783897,0.3226218896959713
CDK20,4.72,4.44,0.074,0.20283579874783897,0.3226218896959713
SCYL3,7.19,6.82,0.067,0.20283579874783897,0.3226218896959713
FNIP1,11.38,10.37,0.123,0.20283579874783897,0.3226218896959713
TEPP,2.29,1.08,0.662,0.20283579874783897,0.3226218896959713
SNX7,38.35,35.46,0.11,0.20283579874783897,0.3226218896959713
TARS3,8.48,9.34,-0.126,0.20283579874783897,0.3226218896959713
ENPP6,0.29,1.12,-0.713,0.20282986017140325,0.3226218896959713
H4C12,2.46,3.66,-0.431,0.20282986017140325,0.3226218896959713
ABTB2,9.48,9.87,-0.053,0.20283579874783897,0.3226218896959713
FMO2,40.23,23.9,0.727,0.20283579874783897,0.3226218896959713
COL5A2,109.45,108.78,0.009,0.20283579874783897,0.3226218896959713
PPP1R35,22.91,19.79,0.202,0.20283579874783897,0.3226218896959713
CDK16,60.61,66.76,-0.137,0.20283579874783897,0.3226218896959713
C5AR1,35.04,33.68,0.056,0.20283579874783897,0.3226218896959713
GREM1,15.01,15.05,-0.003,0.20283579874783897,0.3226218896959713
COX7A2,154.0,185.78,-0.269,0.20283579874783897,0.3226218896959713
CATSPERD,1.84,1.2,0.372,0.20395794610668216,0.32437277035473905
SSTR2,0.87,5.14,-1.718,0.2041166084810203,0.3245231930360131
LY6K,4.66,5.42,-0.181,0.2041166084810203,0.3245231930360131
KHK,4.29,5.62,-0.323,0.2041166084810203,0.3245231930360131
OSBPL8,25.29,27.7,-0.127,0.20540628090433788,0.3254497471873611
CCL5,86.14,126.73,-0.552,0.20540628090433788,0.3254497471873611
MEA1,61.16,59.7,0.034,0.20540628090433788,0.3254497471873611
NT5DC3,7.3,8.27,-0.161,0.20540628090433788,0.3254497471873611
SRSF1,31.09,34.67,-0.153,0.20540628090433788,0.3254497471873611
TMPPE,1.82,2.13,-0.148,0.20540628090433788,0.3254497471873611
FCF1,29.26,33.31,-0.181,0.20540628090433788,0.3254497471873611
BZW2,80.79,80.83,-0.001,0.20540628090433788,0.3254497471873611
DMRTA2,3.48,5.17,-0.462,0.20538989260602325,0.3254497471873611
MICAL1,25.17,22.61,0.149,0.20540628090433788,0.3254497471873611
C20orf204,0.93,1.23,-0.208,0.20540628090433788,0.3254497471873611
RBM12,37.25,41.43,-0.15,0.20540628090433788,0.3254497471873611
CRIPT,13.07,15.68,-0.245,0.20540628090433788,0.3254497471873611
NDFIP2,33.47,38.02,-0.179,0.20540628090433788,0.3254497471873611
VHL,25.36,23.08,0.131,0.20540628090433788,0.3254497471873611
ALS2CL,17.64,14.41,0.274,0.20540628090433788,0.3254497471873611
PLCXD3,1.22,1.47,-0.157,0.20540479109323406,0.3254497471873611
TGFB1I1,18.11,14.76,0.278,0.20540628090433788,0.3254497471873611
TACO1,32.68,38.06,-0.214,0.20540628090433788,0.3254497471873611
ZCWPW1,5.97,5.65,0.067,0.20540628090433788,0.3254497471873611
ZNF28,11.31,10.19,0.138,0.20540628090433788,0.3254497471873611
C6orf120,25.7,27.81,-0.11,0.20540628090433788,0.3254497471873611
AASDH,8.98,10.08,-0.15,0.20540628090433788,0.3254497471873611
TMEM64,18.21,19.3,-0.08,0.20540628090433788,0.3254497471873611
AOPEP,15.9,19.54,-0.281,0.20540628090433788,0.3254497471873611
UBP1,24.4,26.48,-0.113,0.20540628090433788,0.3254497471873611
TMEM266,1.16,1.46,-0.191,0.20540628090433788,0.3254497471873611
CDKN2C,15.53,19.43,-0.306,0.20540628090433788,0.3254497471873611
CFAP69,1.64,1.45,0.11,0.20540628090433788,0.3254497471873611
PDLIM3,12.36,8.12,0.55,0.20540628090433788,0.3254497471873611
CD83,46.63,43.66,0.093,0.20540628090433788,0.3254497471873611
RSL1D1,86.3,96.11,-0.154,0.20540628090433788,0.3254497471873611
HEXIM1,54.85,46.69,0.228,0.20540628090433788,0.3254497471873611
ALX4,0.12,1.22,-0.99,0.20586206706612553,0.3261378920683676
SCAMP1,26.64,29.98,-0.165,0.2080003566069274,0.3286345068561822
TBCA,68.41,78.3,-0.192,0.2080003566069274,0.3286345068561822
ARHGAP33,5.36,6.49,-0.236,0.2080003566069274,0.3286345068561822
SOX9,33.68,37.46,-0.149,0.2080003566069274,0.3286345068561822
LAIR1,15.65,14.74,0.081,0.2080003566069274,0.3286345068561822
NUP58,20.32,17.87,0.176,0.2080003566069274,0.3286345068561822
TMEM218,9.74,10.72,-0.126,0.2080003566069274,0.3286345068561822
PARP2,15.35,18.19,-0.23,0.2080003566069274,0.3286345068561822
ZNF609,15.91,17.35,-0.118,0.2080003566069274,0.3286345068561822
ELF1,57.25,51.25,0.157,0.2080003566069274,0.3286345068561822
MARCHF7,44.92,50.34,-0.161,0.2080003566069274,0.3286345068561822
GPSM1,13.34,10.93,0.265,0.2080003566069274,0.3286345068561822
LIMK1,46.5,39.66,0.224,0.2080003566069274,0.3286345068561822
MCIDAS,3.39,1.99,0.556,0.2080003566069274,0.3286345068561822
ZBTB9,15.77,17.25,-0.121,0.2080003566069274,0.3286345068561822
LAPTM5,171.2,162.41,0.076,0.2080003566069274,0.3286345068561822
FDXACB1,1.86,1.99,-0.065,0.2080003566069274,0.3286345068561822
CTXND1,1.27,0.67,0.442,0.2080003566069274,0.3286345068561822
TP53BP2,36.17,32.95,0.131,0.2080003566069274,0.3286345068561822
PEX19,44.83,39.83,0.167,0.2080003566069274,0.3286345068561822
SCRN2,30.55,27.03,0.171,0.2080003566069274,0.3286345068561822
DDX56,71.94,83.0,-0.204,0.2080003566069274,0.3286345068561822
YTHDF3,47.08,42.35,0.149,0.2080003566069274,0.3286345068561822
SIRT7,19.95,17.26,0.198,0.2080003566069274,0.3286345068561822
NSMCE1,41.6,37.51,0.146,0.2080003566069274,0.3286345068561822
LRP5L,4.68,4.86,-0.045,0.2080003566069274,0.3286345068561822
MT3,0.9,2.26,-0.778,0.2092523573434628,0.33057825362579085
GALNT16,0.89,1.15,-0.184,0.20930327243683589,0.3306243104733674
ITPKC,67.26,81.53,-0.274,0.2106181061251261,0.33173552626571023
TASOR2,17.22,19.35,-0.159,0.2106181061251261,0.33173552626571023
ELMOD3,8.72,7.8,0.143,0.2106181061251261,0.33173552626571023
SEC61B,209.99,202.48,0.052,0.2106181061251261,0.33173552626571023
BAG6,141.6,126.65,0.16,0.2106181061251261,0.33173552626571023
DCAF16,22.79,27.96,-0.284,0.2106181061251261,0.33173552626571023
RNF11,115.69,108.06,0.098,0.2106181061251261,0.33173552626571023
GPATCH2L,4.53,5.3,-0.189,0.2106181061251261,0.33173552626571023
TBC1D9B,41.62,37.08,0.163,0.2106181061251261,0.33173552626571023
MAP10,4.63,4.11,0.139,0.2106181061251261,0.33173552626571023
DNAJB14,10.64,9.32,0.174,0.2106181061251261,0.33173552626571023
HLX,2.47,2.39,0.033,0.2106181061251261,0.33173552626571023
PDE6G,3.88,3.29,0.186,0.2106181061251261,0.33173552626571023
POC5,10.98,9.81,0.148,0.2106181061251261,0.33173552626571023
KLK7,14.9,15.16,-0.023,0.2105881080119335,0.33173552626571023
MPST,32.36,27.82,0.211,0.2106181061251261,0.33173552626571023
EEF1A1,1477.14,1613.59,-0.127,0.2106181061251261,0.33173552626571023
NUTF2,77.63,92.01,-0.242,0.2106181061251261,0.33173552626571023
TMEM250,46.0,51.56,-0.161,0.2106181061251261,0.33173552626571023
CNOT11,91.97,79.95,0.2,0.2106181061251261,0.33173552626571023
PICALM,107.36,88.79,0.271,0.2106181061251261,0.33173552626571023
ATN1,137.13,152.67,-0.154,0.2106181061251261,0.33173552626571023
ZNF746,10.35,13.65,-0.368,0.2106181061251261,0.33173552626571023
CNTD1,1.54,1.42,0.068,0.2106181061251261,0.33173552626571023
TMEM160,24.43,20.18,0.264,0.2106181061251261,0.33173552626571023
CHIC1,5.28,4.76,0.126,0.2106181061251261,0.33173552626571023
HAVCR2,24.75,23.74,0.058,0.2106181061251261,0.33173552626571023
H2BC8,11.03,15.95,-0.495,0.2106181061251261,0.33173552626571023
DRD4,1.99,2.82,-0.351,0.21193438089726957,0.3337741317479233
DYNLT3,45.26,57.59,-0.341,0.2132596079848329,0.3349584641903821
CDK9,73.17,70.23,0.058,0.2132596079848329,0.3349584641903821
GRIN3B,2.72,2.7,0.008,0.2132596079848329,0.3349584641903821
PCDHGA4,1.31,0.89,0.288,0.2132596079848329,0.3349584641903821
WASF3,4.32,3.74,0.164,0.2132596079848329,0.3349584641903821
IGLL1,0.88,1.81,-0.577,0.21301123778272868,0.3349584641903821
ADAM10,25.91,29.24,-0.168,0.2132596079848329,0.3349584641903821
PPP1R13B,18.56,15.48,0.247,0.2132596079848329,0.3349584641903821
PGAP2,26.35,29.95,-0.179,0.2132596079848329,0.3349584641903821
ARFGAP3,69.29,60.65,0.189,0.2132596079848329,0.3349584641903821
TTLL1,10.07,11.56,-0.182,0.2132581032994999,0.3349584641903821
TSPAN9,30.63,31.81,-0.053,0.2132596079848329,0.3349584641903821
EIF6,142.39,154.84,-0.12,0.2132596079848329,0.3349584641903821
ATP7A,7.76,6.77,0.174,0.2132596079848329,0.3349584641903821
AREG,120.37,76.1,0.655,0.2132596079848329,0.3349584641903821
CHPF,185.35,158.29,0.226,0.2132596079848329,0.3349584641903821
UTY,2.74,3.77,-0.35,0.21281317431722768,0.3349584641903821
AQR,11.75,13.21,-0.156,0.2132596079848329,0.3349584641903821
NME9,1.3,1.37,-0.047,0.2132596079848329,0.3349584641903821
PLCE1,4.86,3.83,0.277,0.2132596079848329,0.3349584641903821
AGBL2,1.66,2.15,-0.245,0.2132596079848329,0.3349584641903821
ANXA10,12.57,3.75,1.514,0.21317533455335969,0.3349584641903821
IFITM1,272.5,196.61,0.469,0.2132596079848329,0.3349584641903821
DMTF1,14.39,16.33,-0.171,0.2132596079848329,0.3349584641903821
PRR19,2.75,2.64,0.043,0.2132596079848329,0.3349584641903821
UBN2,6.37,5.72,0.133,0.2132596079848329,0.3349584641903821
LRRC71,2.73,3.04,-0.113,0.21457421911073948,0.33697490311190814
KALRN,1.71,1.39,0.182,0.21458778303216686,0.33697490311190814
KLHL4,1.0,0.73,0.213,0.21592342952167076,0.3379220846021376
G2E3,7.5,8.92,-0.223,0.2159249389401403,0.3379220846021376
NPAT,9.17,10.56,-0.185,0.2159249389401403,0.3379220846021376
RAB35,44.52,47.96,-0.105,0.2159249389401403,0.3379220846021376
HK3,17.14,15.19,0.164,0.2159249389401403,0.3379220846021376
REXO5,3.72,4.62,-0.253,0.2159249389401403,0.3379220846021376
GMFG,63.83,51.5,0.304,0.2159249389401403,0.3379220846021376
SPG21,86.17,96.91,-0.168,0.2159249389401403,0.3379220846021376
CREB3L4,24.89,19.74,0.32,0.2159249389401403,0.3379220846021376
FGF17,0.24,1.97,-1.261,0.21586908560267337,0.3379220846021376
SF3A1,70.88,79.77,-0.168,0.2159249389401403,0.3379220846021376
ATAD1,36.37,32.65,0.151,0.2159249389401403,0.3379220846021376
JMY,9.49,10.68,-0.155,0.2159249389401403,0.3379220846021376
NUS1,26.38,28.3,-0.098,0.2159249389401403,0.3379220846021376
HNRNPA1P48,4.8,5.2,-0.097,0.2159249389401403,0.3379220846021376
TMEM184C,24.66,22.68,0.116,0.2159249389401403,0.3379220846021376
ANKRD49,14.89,16.34,-0.126,0.2159249389401403,0.3379220846021376
GADD45A,73.97,88.61,-0.257,0.2159249389401403,0.3379220846021376
ANPEP,36.67,23.3,0.632,0.2159249389401403,0.3379220846021376
SPATA25,2.21,2.88,-0.273,0.2159249389401403,0.3379220846021376
AIFM2,18.41,15.66,0.221,0.2159249389401403,0.3379220846021376
ZNF680,8.75,7.43,0.209,0.2159249389401403,0.3379220846021376
WDR27,2.4,2.8,-0.158,0.2159249389401403,0.3379220846021376
SOCS2,17.6,16.89,0.056,0.2159249389401403,0.3379220846021376
C19orf53,203.59,241.98,-0.248,0.2159249389401403,0.3379220846021376
IFT27,7.77,9.11,-0.204,0.2159249389401403,0.3379220846021376
DCAF6,39.39,43.64,-0.144,0.2159249389401403,0.3379220846021376
SPAG6,8.95,7.57,0.215,0.2159249389401403,0.3379220846021376
RPL26,31.55,29.21,0.108,0.2159249389401403,0.3379220846021376
DDX19A,4.98,5.75,-0.175,0.2159249389401403,0.3379220846021376
THY1,34.48,35.52,-0.041,0.2159249389401403,0.3379220846021376
RPL3,1200.68,1285.3,-0.098,0.2159249389401403,0.3379220846021376
WDFY3,9.82,9.07,0.103,0.2159249389401403,0.3379220846021376
MAB21L3,0.79,1.59,-0.532,0.2172650520810432,0.3399843378584086
MPP3,7.01,9.08,-0.332,0.2186141739452636,0.34097168101328307
PTH2R,1.02,2.25,-0.69,0.21860660369033214,0.34097168101328307
GZMK,2.53,3.51,-0.356,0.2186141739452636,0.34097168101328307
ARRDC4,21.49,26.09,-0.268,0.2186141739452636,0.34097168101328307
CBX5,21.06,25.08,-0.242,0.2186141739452636,0.34097168101328307
MRNIP,5.54,4.74,0.188,0.2186141739452636,0.34097168101328307
AP4B1,8.22,6.9,0.223,0.2186141739452636,0.34097168101328307
PSMB4,400.46,448.2,-0.162,0.2186141739452636,0.34097168101328307
FAM160A1,6.81,7.68,-0.151,0.2186141739452636,0.34097168101328307
MGAT3,10.29,10.99,-0.087,0.2186141739452636,0.34097168101328307
HTR2B,2.31,0.94,0.772,0.2186141739452636,0.34097168101328307
SLF2,12.75,11.32,0.158,0.2186141739452636,0.34097168101328307
CAPRIN2,7.53,8.2,-0.11,0.2186141739452636,0.34097168101328307
KCNMB1,3.13,2.43,0.267,0.2186141739452636,0.34097168101328307
RNF111,14.01,15.45,-0.132,0.2186141739452636,0.34097168101328307
ZNF319,14.95,13.19,0.169,0.2186141739452636,0.34097168101328307
SCN3B,0.38,1.04,-0.56,0.2186141739452636,0.34097168101328307
FNDC5,6.7,2.68,1.064,0.2186141739452636,0.34097168101328307
DGAT2,5.11,4.35,0.191,0.2186141739452636,0.34097168101328307
ACTA1,1.31,0.92,0.266,0.2186141739452636,0.34097168101328307
FNBP1,27.71,25.95,0.092,0.2186141739452636,0.34097168101328307
CARD11,25.24,18.39,0.436,0.2186141739452636,0.34097168101328307
TYW5,3.27,3.13,0.045,0.2186141739452636,0.34097168101328307
PMS1,8.56,9.72,-0.166,0.2186141739452636,0.34097168101328307
FLNC,14.11,6.84,0.947,0.2186141739452636,0.34097168101328307
PLA2G4C,3.58,3.11,0.158,0.2186141739452636,0.34097168101328307
FAM53A,1.66,1.26,0.237,0.2186141739452636,0.34097168101328307
BRWD1,9.0,8.06,0.142,0.2186141739452636,0.34097168101328307
CIAO2A,55.95,66.3,-0.241,0.2186141739452636,0.34097168101328307
PEF1,109.02,117.21,-0.104,0.2186141739452636,0.34097168101328307
CRTC2,65.38,55.76,0.226,0.2186141739452636,0.34097168101328307
MMP7,180.23,105.01,0.774,0.2186141739452636,0.34097168101328307
ATP6V0D2,2.63,1.78,0.384,0.21996626208944703,0.3430101016037123
PLPP4,3.54,3.28,0.082,0.21996626208944703,0.3430101016037123
EZHIP,3.71,5.18,-0.389,0.22080510583635815,0.34428283794866477
PAK4,34.97,39.51,-0.172,0.22132738612659197,0.3443903090353658
GRK4,2.77,2.52,0.096,0.22132738612659197,0.3443903090353658
DHTKD1,27.77,21.73,0.34,0.22132738612659197,0.3443903090353658
CXCL3,13.35,9.4,0.465,0.22132738612659197,0.3443903090353658
POR,98.64,80.26,0.294,0.22132738612659197,0.3443903090353658
ATP6V1B2,48.71,44.98,0.113,0.22132738612659197,0.3443903090353658
CPLANE1,4.21,3.73,0.14,0.22132738612659197,0.3443903090353658
RIOK2,11.65,10.69,0.114,0.22132738612659197,0.3443903090353658
EGR2,18.37,21.5,-0.216,0.22132738612659197,0.3443903090353658
APOL2,55.32,65.27,-0.235,0.22132738612659197,0.3443903090353658
SLAMF9,3.5,7.25,-0.873,0.22132738612659197,0.3443903090353658
CACTIN,8.02,8.98,-0.146,0.22132738612659197,0.3443903090353658
REM2,1.61,1.23,0.223,0.22132738612659197,0.3443903090353658
ZNF84,10.12,8.75,0.189,0.22132738612659197,0.3443903090353658
EIF3B,89.32,106.52,-0.252,0.22132738612659197,0.3443903090353658
SDS,9.83,12.94,-0.365,0.22132738612659197,0.3443903090353658
SIGLEC7,3.96,3.81,0.045,0.22132738612659197,0.3443903090353658
UTP20,10.97,12.17,-0.137,0.22132738612659197,0.3443903090353658
GOSR2,11.58,10.75,0.098,0.22132738612659197,0.3443903090353658
IFI27,249.99,199.14,0.327,0.22132738612659197,0.3443903090353658
CASQ2,2.42,2.04,0.17,0.22269148526116733,0.34640644369539425
CYP2A6,3.4,0.82,1.273,0.22269148526116733,0.34640644369539425
PADI1,7.26,10.72,-0.505,0.22267627741994578,0.34640644369539425
CCAR1,35.51,39.15,-0.137,0.22406464675487303,0.34729791656261844
LZTS2,39.97,34.78,0.196,0.22406464675487303,0.34729791656261844
MEP1A,1.24,0.34,0.738,0.2240585550357378,0.34729791656261844
LAMTOR3,34.29,29.94,0.19,0.22406464675487303,0.34729791656261844
CGA,29.49,0.06,4.849,0.22405580045146212,0.34729791656261844
ACAP1,7.42,8.34,-0.15,0.22406464675487303,0.34729791656261844
TREX2,1.13,1.5,-0.227,0.22406464675487303,0.34729791656261844
SNX19,17.28,15.3,0.166,0.22406464675487303,0.34729791656261844
FAM98C,10.08,11.66,-0.192,0.22406464675487303,0.34729791656261844
IQCH,1.1,1.4,-0.19,0.22406464675487303,0.34729791656261844
GRAMD1C,5.08,4.44,0.161,0.22406464675487303,0.34729791656261844
APOLD1,14.23,8.74,0.645,0.22406464675487303,0.34729791656261844
GARS1,24.58,28.99,-0.229,0.22406464675487303,0.34729791656261844
GNAO1,0.99,2.43,-0.79,0.22406464675487303,0.34729791656261844
EBAG9,27.66,24.35,0.177,0.22406464675487303,0.34729791656261844
RSPO2,3.1,0.95,1.072,0.22403418694009936,0.34729791656261844
DDA1,33.82,34.81,-0.04,0.22406464675487303,0.34729791656261844
COQ7,13.84,15.1,-0.117,0.22406464675487303,0.34729791656261844
LHX6,2.01,2.45,-0.199,0.22406464675487303,0.34729791656261844
ZNF675,4.92,4.88,0.009,0.22406464675487303,0.34729791656261844
ZMYM5,11.85,10.63,0.144,0.22406464675487303,0.34729791656261844
LZIC,24.89,26.94,-0.11,0.22406464675487303,0.34729791656261844
CAPN3,1.61,1.05,0.345,0.22406464675487303,0.34729791656261844
CWF19L2,14.99,16.87,-0.16,0.22406464675487303,0.34729791656261844
USF3,6.0,7.01,-0.195,0.22406464675487303,0.34729791656261844
SOS1,19.37,21.97,-0.174,0.22406464675487303,0.34729791656261844
ZPR1,22.08,23.9,-0.11,0.22406464675487303,0.34729791656261844
SHISA2,20.0,25.4,-0.33,0.22406464675487303,0.34729791656261844
CNPY4,13.32,15.71,-0.222,0.22406464675487303,0.34729791656261844
IPO5,47.03,52.54,-0.157,0.22406464675487303,0.34729791656261844
MINDY2,12.68,10.15,0.295,0.22406464675487303,0.34729791656261844
HAS2,5.38,9.09,-0.661,0.22406464675487303,0.34729791656261844
NEK4,9.72,8.78,0.132,0.22406464675487303,0.34729791656261844
SRPK1,19.84,21.59,-0.116,0.22406464675487303,0.34729791656261844
PRKCH,12.05,13.71,-0.172,0.22406464675487303,0.34729791656261844
DAG1,87.73,75.11,0.221,0.22682602521753525,0.35036272886641046
GALK2,5.84,6.46,-0.124,0.22682602521753525,0.35036272886641046
LSM14A,91.88,101.7,-0.145,0.22682602521753525,0.35036272886641046
NUP214,15.94,17.77,-0.148,0.22682602521753525,0.35036272886641046
TTC33,6.67,6.36,0.06,0.22682602521753525,0.35036272886641046
CIZ1,32.41,37.46,-0.203,0.22682449803821803,0.35036272886641046
IFT172,5.8,7.01,-0.235,0.22682602521753525,0.35036272886641046
ACVR2A,6.38,7.2,-0.151,0.22682602521753525,0.35036272886641046
INTS2,6.98,8.04,-0.18,0.22682602521753525,0.35036272886641046
RPL36,498.07,550.96,-0.145,0.22682602521753525,0.35036272886641046
CCDC9,27.19,23.32,0.214,0.22682602521753525,0.35036272886641046
AKAP7,4.62,6.45,-0.406,0.22682602521753525,0.35036272886641046
BRD9,17.9,21.01,-0.219,0.22682602521753525,0.35036272886641046
MRPL17,71.86,70.14,0.034,0.22682602521753525,0.35036272886641046
ZNF420,6.1,5.8,0.062,0.22682602521753525,0.35036272886641046
YIPF4,20.58,18.8,0.124,0.22682602521753525,0.35036272886641046
BEST4,1.68,1.44,0.136,0.22682449803821803,0.35036272886641046
CWC15,58.23,55.92,0.057,0.22682602521753525,0.35036272886641046
NUP42,9.72,10.96,-0.157,0.22682602521753525,0.35036272886641046
ST6GALNAC5,8.99,5.41,0.639,0.22682602521753525,0.35036272886641046
FBXO42,11.54,12.8,-0.139,0.22682602521753525,0.35036272886641046
NDUFA6,132.46,149.93,-0.177,0.22682602521753525,0.35036272886641046
PLA2G5,2.57,2.23,0.143,0.22682602521753525,0.35036272886641046
NOMO2,6.9,8.39,-0.25,0.22682602521753525,0.35036272886641046
MPIG6B,0.68,1.15,-0.355,0.22682602521753525,0.35036272886641046
PHF12,18.57,16.49,0.162,0.22682602521753525,0.35036272886641046
NAGPA,10.58,9.47,0.145,0.22682602521753525,0.35036272886641046
FAM89A,24.06,27.8,-0.201,0.22682602521753525,0.35036272886641046
SATB2,1.62,1.92,-0.156,0.22682602521753525,0.35036272886641046
DYNC1LI2,35.92,33.14,0.113,0.22682602521753525,0.35036272886641046
ROBO3,2.98,4.6,-0.493,0.22682602521753525,0.35036272886641046
MAP3K21,6.51,8.28,-0.305,0.22682602521753525,0.35036272886641046
ERLIN1,54.44,57.48,-0.077,0.22682602521753525,0.35036272886641046
CHRNA1,1.03,1.2,-0.117,0.22682449803821803,0.35036272886641046
WNK3,0.84,1.02,-0.133,0.22821425053457312,0.35247119125462734
CETN3,17.43,15.09,0.196,0.22961158899116163,0.35362279488522236
MAML3,7.13,6.22,0.173,0.22961158899116163,0.35362279488522236
RRAGA,145.39,142.22,0.032,0.22961158899116163,0.35362279488522236
PEX14,27.08,26.59,0.025,0.22961158899116163,0.35362279488522236
ATP2B4,65.81,60.18,0.127,0.22961158899116163,0.35362279488522236
PPP1R12A,17.8,18.8,-0.074,0.22961158899116163,0.35362279488522236
NARF,32.25,28.12,0.192,0.22961158899116163,0.35362279488522236
GALNT13,2.06,6.54,-1.304,0.22961158899116163,0.35362279488522236
SERINC5,23.58,28.35,-0.256,0.22961158899116163,0.35362279488522236
ZNF41,8.78,7.87,0.14,0.22961158899116163,0.35362279488522236
TIGAR,1.87,2.13,-0.127,0.22961158899116163,0.35362279488522236
SLC23A1,1.37,1.29,0.049,0.22961158899116163,0.35362279488522236
SLIRP,29.42,36.51,-0.302,0.22961158899116163,0.35362279488522236
STK25,40.85,37.44,0.123,0.22961158899116163,0.35362279488522236
ZBTB26,6.32,7.68,-0.246,0.22961158899116163,0.35362279488522236
SERINC3,129.81,119.06,0.124,0.22961158899116163,0.35362279488522236
SLC25A29,16.83,11.75,0.484,0.22961158899116163,0.35362279488522236
ADPGK,39.29,44.67,-0.181,0.22961158899116163,0.35362279488522236
CHML,15.4,10.7,0.487,0.22961158899116163,0.35362279488522236
TUBGCP3,12.74,15.23,-0.241,0.22961158899116163,0.35362279488522236
ADCK1,5.2,6.01,-0.177,0.22961158899116163,0.35362279488522236
MANBA,14.77,12.93,0.179,0.22961158899116163,0.35362279488522236
STEAP1,46.82,50.95,-0.12,0.22961158899116163,0.35362279488522236
ZNF805,3.19,3.7,-0.164,0.22961158899116163,0.35362279488522236
TNNI1,1.58,1.83,-0.134,0.22961158899116163,0.35362279488522236
PHYHIP,1.84,1.43,0.229,0.22961158899116163,0.35362279488522236
ALG6,9.14,10.3,-0.156,0.22961158899116163,0.35362279488522236
SWI5,23.42,28.23,-0.259,0.22961158899116163,0.35362279488522236
TMSB4Y,1.35,2.02,-0.364,0.23052447249920327,0.35499273369961437
CWH43,0.94,2.95,-1.022,0.23116438473165946,0.3559420793785449
ALKBH6,1.31,1.67,-0.208,0.23242140361411756,0.35646864376229437
HS1BP3,11.22,10.13,0.135,0.23242140361411756,0.35646864376229437
MCPH1,5.45,6.15,-0.149,0.23242140361411756,0.35646864376229437
CD8A,14.04,18.27,-0.357,0.23242140361411756,0.35646864376229437
C9orf78,33.91,37.0,-0.122,0.23242140361411756,0.35646864376229437
KPNB1,73.27,81.49,-0.151,0.23242140361411756,0.35646864376229437
APEX1,220.93,250.97,-0.183,0.23242140361411756,0.35646864376229437
CCDC78,7.91,8.55,-0.1,0.23242140361411756,0.35646864376229437
BMP1,24.84,25.62,-0.043,0.23242140361411756,0.35646864376229437
GEMIN8,19.65,18.09,0.113,0.23242140361411756,0.35646864376229437
PLEKHH3,24.69,20.88,0.232,0.23242140361411756,0.35646864376229437
ZNF606,5.16,4.76,0.096,0.23242140361411756,0.35646864376229437
ERGIC3,152.04,136.87,0.151,0.23242140361411756,0.35646864376229437
RNF149,46.92,46.6,0.01,0.23242140361411756,0.35646864376229437
FGF7,6.04,5.54,0.105,0.23242140361411756,0.35646864376229437
BBS10,15.15,17.72,-0.213,0.23242140361411756,0.35646864376229437
PNOC,1.54,1.93,-0.208,0.23241526223701858,0.35646864376229437
AMH,0.89,1.93,-0.632,0.23241833294145708,0.35646864376229437
PAN3,19.75,17.9,0.134,0.23242140361411756,0.35646864376229437
ALG1L2,1.71,1.33,0.222,0.23242140361411756,0.35646864376229437
DENND1A,8.38,9.29,-0.134,0.23242140361411756,0.35646864376229437
APOM,3.89,3.63,0.08,0.23242140361411756,0.35646864376229437
FXYD6,4.46,5.73,-0.301,0.23242140361411756,0.35646864376229437
ZNF623,17.18,18.68,-0.114,0.23242140361411756,0.35646864376229437
CMTR1,36.32,38.59,-0.085,0.23242140361411756,0.35646864376229437
DTYMK,44.11,52.33,-0.242,0.23242140361411756,0.35646864376229437
PAFAH1B1,25.85,28.58,-0.14,0.23242140361411756,0.35646864376229437
SLC35E1,31.15,30.07,0.05,0.23242140361411756,0.35646864376229437
TXN,638.76,1101.56,-0.785,0.23242140361411756,0.35646864376229437
TOR1B,39.13,36.54,0.096,0.23242140361411756,0.35646864376229437
IGF2R,34.81,36.8,-0.078,0.23242140361411756,0.35646864376229437
LMAN1,110.25,99.94,0.14,0.23242140361411756,0.35646864376229437
ZDHHC14,3.0,3.34,-0.116,0.23242140361411756,0.35646864376229437
COL6A6,4.8,3.24,0.454,0.23242140361411756,0.35646864376229437
CD40,45.44,57.18,-0.325,0.23242140361411756,0.35646864376229437
MDH1B,2.68,3.11,-0.161,0.23242140361411756,0.35646864376229437
USH1C,3.16,1.29,0.857,0.2324167975932101,0.35646864376229437
SYDE2,3.98,3.36,0.192,0.23242140361411756,0.35646864376229437
SDE2,31.9,35.85,-0.163,0.23242140361411756,0.35646864376229437
PAX5,1.22,1.68,-0.27,0.23383388764563595,0.35859879428688274
PUM1,53.99,49.29,0.129,0.23525553265934696,0.3594004331516801
TTC32,10.7,13.32,-0.292,0.2352539934383353,0.3594004331516801
FKBP9,88.15,108.64,-0.298,0.23525553265934696,0.3594004331516801
RALGAPA1,4.32,3.93,0.111,0.23525553265934696,0.3594004331516801
SLC38A6,6.84,6.7,0.027,0.23525553265934696,0.3594004331516801
RCOR2,5.19,8.49,-0.617,0.23525553265934696,0.3594004331516801
ST8SIA6,3.4,2.02,0.543,0.23525553265934696,0.3594004331516801
CFDP1,28.94,31.73,-0.128,0.23525553265934696,0.3594004331516801
NXT2,24.28,33.1,-0.432,0.23525553265934696,0.3594004331516801
ZSCAN12,4.35,5.38,-0.255,0.23525553265934696,0.3594004331516801
MAPK8IP2,6.51,10.37,-0.599,0.23525553265934696,0.3594004331516801
HMGN3,216.06,194.18,0.153,0.23525553265934696,0.3594004331516801
PCDHB5,5.5,8.0,-0.47,0.23525553265934696,0.3594004331516801
NEK10,0.94,1.03,-0.066,0.23525553265934696,0.3594004331516801
PTGR1,51.21,121.96,-1.236,0.23525553265934696,0.3594004331516801
ZNF571,1.95,1.88,0.032,0.23525553265934696,0.3594004331516801
NUDC,144.72,126.63,0.191,0.23525553265934696,0.3594004331516801
PARK7,237.6,221.01,0.104,0.23525553265934696,0.3594004331516801
EIF4A1,1.95,2.42,-0.213,0.23525553265934696,0.3594004331516801
TANC1,13.48,14.9,-0.135,0.23525553265934696,0.3594004331516801
MMD,34.49,29.54,0.217,0.23525553265934696,0.3594004331516801
TAGLN,92.07,69.29,0.405,0.23525553265934696,0.3594004331516801
FCGR2B,6.52,5.58,0.193,0.23525553265934696,0.3594004331516801
ALPK1,6.57,5.98,0.118,0.23525553265934696,0.3594004331516801
CDKN2AIPNL,39.04,44.41,-0.181,0.23525553265934696,0.3594004331516801
NUP98,36.38,39.12,-0.102,0.23525553265934696,0.3594004331516801
CRK,67.1,60.57,0.145,0.23525553265934696,0.3594004331516801
SNAP47,17.62,20.35,-0.197,0.23525553265934696,0.3594004331516801
PRB4,1.59,44.58,-4.137,0.23514376643495682,0.3594004331516801
PPARD,58.45,49.99,0.221,0.23525553265934696,0.3594004331516801
ZFP36,574.97,436.42,0.397,0.23525553265934696,0.3594004331516801
CEP89,10.29,12.21,-0.227,0.23525553265934696,0.3594004331516801
NBPF3,3.8,4.76,-0.264,0.23525553265934696,0.3594004331516801
TMEM176B,205.7,138.47,0.568,0.23525553265934696,0.3594004331516801
PRDX4,226.29,212.25,0.092,0.23525553265934696,0.3594004331516801
PIK3C2B,14.87,11.51,0.343,0.23525553265934696,0.3594004331516801
SLC25A1,149.87,174.54,-0.219,0.23525553265934696,0.3594004331516801
NUDT22,18.09,16.07,0.161,0.23525553265934696,0.3594004331516801
COX7B2,4.23,5.33,-0.274,0.2354112953083617,0.35960223302030353
TRAF3IP3,2.85,3.3,-0.16,0.2366801932951551,0.3615041898796915
DKK3,27.53,34.47,-0.314,0.23811403770734063,0.3625642989464448
KCNMB3,1.0,1.41,-0.269,0.23811403770734063,0.3625642989464448
WIPI2,38.09,34.86,0.124,0.23811403770734063,0.3625642989464448
C1orf159,7.99,6.58,0.245,0.23811403770734063,0.3625642989464448
EIF3C,4.16,4.25,-0.023,0.23811403770734063,0.3625642989464448
SLC16A8,2.01,2.99,-0.409,0.23811403770734063,0.3625642989464448
ARFGEF1,25.55,23.23,0.132,0.23811403770734063,0.3625642989464448
CD247,5.76,6.76,-0.199,0.23811403770734063,0.3625642989464448
PPP1R15A,129.37,114.64,0.173,0.23811403770734063,0.3625642989464448
CDON,2.47,4.15,-0.569,0.23811403770734063,0.3625642989464448
HSPB8,36.89,31.83,0.207,0.23811403770734063,0.3625642989464448
ZNRF3,11.4,14.42,-0.315,0.23811403770734063,0.3625642989464448
TFAM,28.56,33.06,-0.205,0.23811403770734063,0.3625642989464448
RBP2,6.42,2.27,1.183,0.23808317651416389,0.3625642989464448
ZKSCAN8,13.19,14.93,-0.166,0.23811403770734063,0.3625642989464448
TRIM3,6.5,5.5,0.207,0.23811403770734063,0.3625642989464448
C11orf21,1.68,1.39,0.163,0.23811249472518414,0.3625642989464448
CPE,152.02,85.99,0.815,0.23811403770734063,0.3625642989464448
COG4,45.57,47.98,-0.073,0.23811403770734063,0.3625642989464448
VASH1,7.66,6.74,0.162,0.23811403770734063,0.3625642989464448
COL24A1,1.79,1.75,0.019,0.23811403770734063,0.3625642989464448
PDSS2,16.39,15.3,0.093,0.23811403770734063,0.3625642989464448
LIN54,8.07,9.34,-0.19,0.23811403770734063,0.3625642989464448
KLHL28,7.32,6.51,0.147,0.23811403770734063,0.3625642989464448
C16orf54,9.37,7.1,0.356,0.23811403770734063,0.3625642989464448
LMNA,225.08,191.44,0.232,0.23811403770734063,0.3625642989464448
FAM185A,5.51,5.23,0.063,0.23811403770734063,0.3625642989464448
BBS5,3.98,3.61,0.112,0.23811403770734063,0.3625642989464448
BBX,17.74,19.53,-0.131,0.23811403770734063,0.3625642989464448
IL34,7.28,9.44,-0.335,0.23811403770734063,0.3625642989464448
EFCAB1,4.79,4.82,-0.009,0.23811403770734063,0.3625642989464448
WFDC12,1.52,3.22,-0.747,0.23850007794047845,0.3631157114089277
SLIT3,8.68,7.56,0.176,0.24099697831929,0.366073494461605
PRADC1,35.48,39.42,-0.148,0.24099697831929,0.366073494461605
H1-2,178.8,308.79,-0.785,0.24099697831929,0.366073494461605
TMEM107,9.61,8.98,0.088,0.24099697831929,0.366073494461605
PML,26.78,31.65,-0.233,0.24099697831929,0.366073494461605
KATNAL1,5.67,4.94,0.165,0.24099697831929,0.366073494461605
BTBD3,15.53,18.15,-0.212,0.24099697831929,0.366073494461605
PEX13,28.92,26.49,0.122,0.24099697831929,0.366073494461605
ZNF585A,1.93,1.64,0.151,0.24099697831929,0.366073494461605
STRN3,25.57,22.32,0.188,0.24099697831929,0.366073494461605
TNFSF14,2.56,1.52,0.502,0.24099697831929,0.366073494461605
DAPK3,49.6,44.3,0.16,0.24099697831929,0.366073494461605
GFM2,17.18,20.24,-0.224,0.24099697831929,0.366073494461605
DKK1,21.49,21.72,-0.015,0.24099697831929,0.366073494461605
ZNF81,2.53,3.07,-0.206,0.24099543170518045,0.366073494461605
UHRF2,11.03,13.16,-0.235,0.24099697831929,0.366073494461605
PAQR4,9.35,10.7,-0.177,0.24099697831929,0.366073494461605
TRIP12,48.04,43.25,0.148,0.24099697831929,0.366073494461605
PYCARD,33.35,44.45,-0.404,0.24099697831929,0.366073494461605
PDE3A,3.57,2.49,0.388,0.24099697831929,0.366073494461605
RALA,82.12,74.37,0.141,0.24099697831929,0.366073494461605
OLFML1,11.99,9.58,0.296,0.24099697831929,0.366073494461605
OSBP,51.01,46.54,0.13,0.24099697831929,0.366073494461605
SLC27A6,1.55,2.06,-0.262,0.24239685931025268,0.36816309942024084
H4C13,0.05,5.6,-2.66,0.24262833856051458,0.3684537578427477
SERTM1,3.95,2.34,0.569,0.242636730548061,0.3684537578427477
IL2RA,6.79,9.87,-0.48,0.24390441201042756,0.3692715228375113
SNX11,24.05,26.24,-0.121,0.24390441201042756,0.3692715228375113
COMMD6,69.07,63.06,0.13,0.24390441201042756,0.3692715228375113
SH2D1A,3.8,4.62,-0.226,0.24390441201042756,0.3692715228375113
HMGN2,178.88,206.23,-0.204,0.24390441201042756,0.3692715228375113
CSF3,11.39,17.49,-0.577,0.24390441201042756,0.3692715228375113
TCP11L1,6.59,6.95,-0.068,0.24390441201042756,0.3692715228375113
ENOX1,1.98,2.3,-0.15,0.24390286189522814,0.3692715228375113
CFAP77,3.88,4.35,-0.133,0.2438501529991285,0.3692715228375113
PSMB5,242.76,295.95,-0.285,0.24390441201042756,0.3692715228375113
PPP4R3B,44.49,48.34,-0.117,0.24390441201042756,0.3692715228375113
TRAF6,7.26,7.93,-0.111,0.24390441201042756,0.3692715228375113
YLPM1,16.0,18.09,-0.168,0.24390441201042756,0.3692715228375113
RBM27,10.58,10.31,0.034,0.24390441201042756,0.3692715228375113
NAA16,6.8,7.78,-0.171,0.24390441201042756,0.3692715228375113
DEDD2,43.68,51.14,-0.223,0.24390441201042756,0.3692715228375113
ERH,205.81,254.22,-0.303,0.24390441201042756,0.3692715228375113
TSPYL1,25.74,27.12,-0.073,0.24390441201042756,0.3692715228375113
PGM2L1,16.06,12.15,0.375,0.24390441201042756,0.3692715228375113
PITHD1,69.13,73.81,-0.093,0.24390441201042756,0.3692715228375113
SLC26A6,10.77,10.54,0.029,0.24390441201042756,0.3692715228375113
UNK,19.71,21.6,-0.126,0.24390441201042756,0.3692715228375113
FAM71E1,6.22,10.07,-0.616,0.24390441201042756,0.3692715228375113
ZNF700,8.31,9.34,-0.151,0.24390441201042756,0.3692715228375113
NFATC2IP,22.29,25.55,-0.189,0.24390441201042756,0.3692715228375113
C15orf39,29.54,31.96,-0.11,0.24390441201042756,0.3692715228375113
CEP95,11.51,13.28,-0.191,0.24390441201042756,0.3692715228375113
ARMCX6,16.98,19.75,-0.207,0.24390441201042756,0.3692715228375113
IGSF21,2.41,1.74,0.32,0.24390441201042756,0.3692715228375113
HIRA,8.12,8.7,-0.089,0.24390441201042756,0.3692715228375113
CEP290,2.17,2.56,-0.166,0.24683639422357362,0.37293012504363104
RHBDL1,8.88,6.71,0.359,0.24683639422357362,0.37293012504363104
GSR,112.72,156.7,-0.472,0.24683639422357362,0.37293012504363104
RSPO1,1.64,0.96,0.436,0.2468348407398041,0.37293012504363104
MACROH2A1,27.63,30.61,-0.143,0.24683639422357362,0.37293012504363104
TINAGL1,37.13,54.11,-0.531,0.24683639422357362,0.37293012504363104
GPR174,1.73,1.96,-0.118,0.24683639422357362,0.37293012504363104
LPIN3,14.86,17.4,-0.214,0.24683639422357362,0.37293012504363104
SLC22A15,5.41,4.91,0.118,0.24683639422357362,0.37293012504363104
COPA,148.47,127.31,0.22,0.24683639422357362,0.37293012504363104
GAMT,21.41,29.65,-0.452,0.24683639422357362,0.37293012504363104
KATNAL2,1.69,2.21,-0.256,0.24683639422357362,0.37293012504363104
CDK7,33.77,30.66,0.135,0.24683639422357362,0.37293012504363104
CRYBB1,1.06,1.34,-0.184,0.24683639422357362,0.37293012504363104
XPR1,57.24,38.8,0.549,0.24683639422357362,0.37293012504363104
PDCL3,52.53,58.75,-0.159,0.24683639422357362,0.37293012504363104
RPS20,439.43,367.86,0.256,0.24683639422357362,0.37293012504363104
ZSCAN32,10.1,11.22,-0.138,0.24683639422357362,0.37293012504363104
BIN2,11.69,10.42,0.152,0.24683639422357362,0.37293012504363104
C2orf49,15.93,18.02,-0.168,0.24683639422357362,0.37293012504363104
SAMD5,4.04,5.94,-0.463,0.24683639422357362,0.37293012504363104
MS4A1,6.56,8.65,-0.353,0.24831005266079598,0.375119283093912
TNMD,7.6,0.3,2.724,0.2487141761045103,0.3756924316520009
ISL1,1.2,1.1,0.069,0.24916199309971798,0.37633146049945476
ZNF333,2.89,3.22,-0.116,0.24979297830288572,0.37638646428203343
SF3A3,67.85,72.61,-0.096,0.24979297830288572,0.37638646428203343
LAP3,109.0,99.28,0.134,0.24979297830288572,0.37638646428203343
ZBTB12,8.76,10.43,-0.227,0.24979297830288572,0.37638646428203343
ZNF714,4.61,2.75,0.579,0.24979297830288572,0.37638646428203343
AMN,9.45,5.07,0.784,0.24979297830288572,0.37638646428203343
DLGAP3,0.93,1.5,-0.376,0.24979142158471013,0.37638646428203343
MSMO1,114.09,100.21,0.185,0.24979297830288572,0.37638646428203343
PELI3,9.04,10.47,-0.192,0.24979297830288572,0.37638646428203343
ZFHX4,0.68,1.36,-0.494,0.24979142158471013,0.37638646428203343
PTGES,104.93,61.35,0.765,0.24979297830288572,0.37638646428203343
TLK2,12.96,14.23,-0.126,0.24979297830288572,0.37638646428203343
CXXC1,31.46,36.26,-0.199,0.24979297830288572,0.37638646428203343
PCDHGA12,1.4,1.12,0.175,0.24979297830288572,0.37638646428203343
CFAP126,36.55,34.07,0.099,0.24979297830288572,0.37638646428203343
ACTG2,26.6,17.63,0.567,0.24979297830288572,0.37638646428203343
HTRA2,23.31,24.51,-0.069,0.24979297830288572,0.37638646428203343
TMEM47,23.49,17.41,0.412,0.24979297830288572,0.37638646428203343
C5orf63,2.01,1.82,0.092,0.24979297830288572,0.37638646428203343
HOMER1,7.57,8.76,-0.187,0.24979297830288572,0.37638646428203343
COX8A,296.54,329.23,-0.15,0.24979297830288572,0.37638646428203343
CYP39A1,5.45,5.89,-0.095,0.24979297830288572,0.37638646428203343
LRRC18,2.19,1.91,0.133,0.24960611088193863,0.37638646428203343
TMOD2,3.67,4.51,-0.24,0.24979297830288572,0.37638646428203343
HIVEP2,13.46,14.47,-0.098,0.2512789538475826,0.3785129036095897
GDPGP1,2.54,2.27,0.114,0.25127739555439965,0.3785129036095897
SLC18A2,1.06,0.84,0.167,0.2512789538475826,0.3785129036095897
HBB,385.38,136.48,1.491,0.2527742154678294,0.3797862594543841
KCNJ16,0.94,1.67,-0.463,0.25258697548474385,0.3797862594543841
NDUFV1,77.23,81.65,-0.079,0.2527742154678294,0.3797862594543841
HHAT,6.24,6.83,-0.113,0.2527742154678294,0.3797862594543841
ARHGAP15,5.9,4.28,0.385,0.2527742154678294,0.3797862594543841
CDKL1,2.88,2.58,0.118,0.2527742154678294,0.3797862594543841
SUCLG1,53.2,60.01,-0.171,0.2527742154678294,0.3797862594543841
CHCHD7,22.4,18.93,0.231,0.2527742154678294,0.3797862594543841
RPL13A,1366.88,1456.68,-0.092,0.2527742154678294,0.3797862594543841
VPS37C,37.65,32.28,0.216,0.2527742154678294,0.3797862594543841
FAM199X,23.97,20.78,0.197,0.2527742154678294,0.3797862594543841
EIF5AL1,2.64,4.02,-0.464,0.25277265565104134,0.3797862594543841
BCCIP,33.22,35.97,-0.111,0.2527742154678294,0.3797862594543841
SERPINF1,145.46,166.05,-0.19,0.2527742154678294,0.3797862594543841
PLAU,150.74,217.63,-0.527,0.2527742154678294,0.3797862594543841
ZNF804A,0.32,2.22,-1.289,0.2527742154678294,0.3797862594543841
AGMAT,2.77,3.3,-0.191,0.25277265565104134,0.3797862594543841
UHMK1,58.61,52.44,0.158,0.2527742154678294,0.3797862594543841
FP565260.3,0.68,1.12,-0.332,0.25276641629712127,0.3797862594543841
GLI4,9.61,10.25,-0.085,0.2527742154678294,0.3797862594543841
PTAFR,29.4,25.88,0.178,0.2527742154678294,0.3797862594543841
ZNF182,8.62,7.82,0.124,0.2527742154678294,0.3797862594543841
TYW1B,3.22,3.97,-0.235,0.2527742154678294,0.3797862594543841
POLR1H,8.88,10.58,-0.23,0.2527742154678294,0.3797862594543841
C1orf115,31.64,31.42,0.01,0.2527742154678294,0.3797862594543841
COBLL1,11.12,11.57,-0.052,0.2527742154678294,0.3797862594543841
PER2,17.11,14.35,0.238,0.25578015478737337,0.3829770268734171
DNAJC24,3.91,4.28,-0.103,0.25578015478737337,0.3829770268734171
CEBPZOS,28.72,33.44,-0.213,0.25578015478737337,0.3829770268734171
TERF2IP,43.93,40.94,0.099,0.25578015478737337,0.3829770268734171
KLF13,37.45,40.85,-0.122,0.25578015478737337,0.3829770268734171
ICMT,82.38,71.8,0.196,0.25578015478737337,0.3829770268734171
LIN52,11.77,13.54,-0.188,0.25578015478737337,0.3829770268734171
ESRP1,79.32,85.71,-0.11,0.25578015478737337,0.3829770268734171
RUBCNL,0.94,1.25,-0.213,0.25578015478737337,0.3829770268734171
NCOA1,22.25,25.89,-0.21,0.25578015478737337,0.3829770268734171
OXSM,11.56,12.6,-0.116,0.25578015478737337,0.3829770268734171
SRA1,35.03,32.89,0.088,0.25577859200938036,0.3829770268734171
GOSR1,19.15,17.1,0.155,0.25578015478737337,0.3829770268734171
TKT,183.41,160.46,0.192,0.25578015478737337,0.3829770268734171
AKIRIN1,93.33,81.13,0.2,0.25578015478737337,0.3829770268734171
COQ8B,10.31,12.14,-0.217,0.25578015478737337,0.3829770268734171
SLC35B2,133.66,102.44,0.38,0.25578015478737337,0.3829770268734171
ZNF549,3.08,3.01,0.028,0.25578015478737337,0.3829770268734171
UQCRC2,94.72,108.65,-0.196,0.25578015478737337,0.3829770268734171
ZNF525,4.21,5.08,-0.222,0.25578015478737337,0.3829770268734171
RNF207,6.97,6.67,0.056,0.25578015478737337,0.3829770268734171
TLR1,6.84,10.8,-0.589,0.25578015478737337,0.3829770268734171
LIPG,2.63,3.43,-0.289,0.25578015478737337,0.3829770268734171
CCR2,5.23,4.67,0.138,0.25578015478737337,0.3829770268734171
KLHDC8A,2.34,1.8,0.255,0.25578015478737337,0.3829770268734171
GPR3,2.7,3.58,-0.307,0.25578015478737337,0.3829770268734171
MMP11,216.32,97.69,1.139,0.25578015478737337,0.3829770268734171
CCDC80,32.9,52.27,-0.652,0.25578015478737337,0.3829770268734171
ATG16L2,9.39,7.93,0.219,0.25578015478737337,0.3829770268734171
AGTRAP,79.52,85.02,-0.095,0.25578015478737337,0.3829770268734171
ZNF251,12.84,11.03,0.202,0.25578015478737337,0.3829770268734171
UBALD1,22.23,20.48,0.113,0.25578015478737337,0.3829770268734171
BCAP31,294.62,341.75,-0.213,0.25578015478737337,0.3829770268734171
RTL10,15.88,18.06,-0.175,0.25578015478737337,0.3829770268734171
LONP2,28.63,25.31,0.171,0.25578015478737337,0.3829770268734171
SSX5,0.92,1.48,-0.368,0.2575062051081679,0.3855234306472601
DHRS4L2,11.88,12.92,-0.111,0.25881084315441727,0.3861827872760815
SEPTIN4,2.95,3.39,-0.151,0.25881084315441727,0.3861827872760815
RPS4Y1,128.06,147.89,-0.206,0.25875604186514845,0.3861827872760815
NLRP1,7.2,8.99,-0.285,0.25881084315441727,0.3861827872760815
CSNK2B,10.0,9.63,0.049,0.25881084315441727,0.3861827872760815
EML4,49.12,42.5,0.204,0.25881084315441727,0.3861827872760815
DCLRE1B,11.56,13.37,-0.194,0.25881084315441727,0.3861827872760815
SCAMP3,137.35,122.6,0.163,0.25881084315441727,0.3861827872760815
MTMR3,2.93,2.41,0.204,0.25881084315441727,0.3861827872760815
MRPL57,60.49,55.56,0.121,0.25881084315441727,0.3861827872760815
DUSP5,63.5,54.2,0.224,0.25881084315441727,0.3861827872760815
SRFBP1,10.57,12.05,-0.173,0.25881084315441727,0.3861827872760815
CPXM2,35.55,31.24,0.181,0.25881084315441727,0.3861827872760815
TM9SF4,74.14,83.8,-0.175,0.25881084315441727,0.3861827872760815
EPHA4,12.79,14.4,-0.159,0.25881084315441727,0.3861827872760815
ATXN7L3,51.97,55.65,-0.097,0.25881084315441727,0.3861827872760815
SYK,38.46,42.61,-0.144,0.25881084315441727,0.3861827872760815
ALG9,3.03,2.59,0.169,0.25881084315441727,0.3861827872760815
EXOSC9,13.24,14.9,-0.158,0.25881084315441727,0.3861827872760815
ASCL1,5.46,1.09,1.632,0.2586777354386425,0.3861827872760815
GNG8,1.73,1.97,-0.119,0.25875604186514845,0.3861827872760815
TRIM4,25.89,24.5,0.076,0.25881084315441727,0.3861827872760815
HAAO,5.98,6.7,-0.142,0.25881084315441727,0.3861827872760815
ZNF322,7.45,7.28,0.031,0.25881084315441727,0.3861827872760815
FAM104A,19.25,20.42,-0.081,0.25881084315441727,0.3861827872760815
TPM4,141.23,157.97,-0.161,0.25881084315441727,0.3861827872760815
FUT4,4.45,3.81,0.181,0.2588092775542272,0.3861827872760815
SH3D21,5.92,4.86,0.24,0.2588092775542272,0.3861827872760815
GCSH,0.9,1.19,-0.208,0.25881084315441727,0.3861827872760815
PRRC2A,114.03,129.59,-0.183,0.25881084315441727,0.3861827872760815
F2RL1,37.24,39.84,-0.095,0.25881084315441727,0.3861827872760815
ZRANB2,43.77,41.72,0.068,0.25881084315441727,0.3861827872760815
KHDRBS3,4.4,3.75,0.185,0.25881084315441727,0.3861827872760815
ALPL,135.59,92.31,0.55,0.25881084315441727,0.3861827872760815
RPP30,15.95,17.47,-0.124,0.2618663252604675,0.38944157005503943
BTK,11.08,9.37,0.221,0.2618663252604675,0.38944157005503943
RAB1A,205.53,193.97,0.083,0.2618663252604675,0.38944157005503943
ELOB,409.56,373.94,0.131,0.2618663252604675,0.38944157005503943
PXK,10.95,10.12,0.104,0.2618663252604675,0.38944157005503943
ZFX,12.04,14.1,-0.211,0.2618663252604675,0.38944157005503943
DNAH17,1.59,3.0,-0.628,0.2618663252604675,0.38944157005503943
HPSE,8.73,12.05,-0.424,0.2618663252604675,0.38944157005503943
RAB28,25.65,23.67,0.111,0.2618663252604675,0.38944157005503943
JRK,5.01,5.72,-0.163,0.2618663252604675,0.38944157005503943
ZC3H7B,37.77,40.35,-0.093,0.2618663252604675,0.38944157005503943
OPTN,58.9,50.51,0.218,0.2618663252604675,0.38944157005503943
C1R,144.23,167.13,-0.211,0.2618663252604675,0.38944157005503943
SNW1,67.31,72.72,-0.11,0.2618663252604675,0.38944157005503943
TRAPPC8,15.68,17.16,-0.123,0.2618663252604675,0.38944157005503943
PLS3,374.23,253.23,0.562,0.2618663252604675,0.38944157005503943
COL8A2,24.06,18.3,0.377,0.2618663252604675,0.38944157005503943
NOTUM,12.23,46.6,-1.847,0.2618663252604675,0.38944157005503943
ZNF354B,5.15,6.14,-0.214,0.2618663252604675,0.38944157005503943
MCHR1,0.98,1.13,-0.108,0.2618663252604675,0.38944157005503943
USP32,19.69,17.07,0.195,0.2618663252604675,0.38944157005503943
FKBP8,305.04,286.3,0.091,0.2618663252604675,0.38944157005503943
ARMC5,8.85,10.52,-0.226,0.2618663252604675,0.38944157005503943
HNRNPA0,57.25,64.49,-0.169,0.2618663252604675,0.38944157005503943
PRRG4,28.77,38.14,-0.394,0.2618663252604675,0.38944157005503943
SKP1,38.94,34.76,0.159,0.2618663252604675,0.38944157005503943
ZNF727,1.5,1.25,0.148,0.2618663252604675,0.38944157005503943
DMKN,19.91,39.41,-0.951,0.2618663252604675,0.38944157005503943
ASCC2,54.16,56.25,-0.054,0.2618663252604675,0.38944157005503943
INCA1,5.58,5.07,0.114,0.2618663252604675,0.38944157005503943
PRKRA,6.91,7.89,-0.168,0.2618663252604675,0.38944157005503943
PLRG1,34.61,35.81,-0.048,0.2618663252604675,0.38944157005503943
ADAMTSL5,4.56,4.49,0.019,0.2618663252604675,0.38944157005503943
SEPTIN8,21.39,22.51,-0.07,0.2618663252604675,0.38944157005503943
FOXC2,0.91,1.85,-0.572,0.26339866858835614,0.3916820957093956
SON,56.03,51.13,0.13,0.2649466435705595,0.39252407174719756
SULT2B1,12.25,10.3,0.229,0.2649466435705595,0.39252407174719756
NFX1,23.6,26.41,-0.156,0.2649466435705595,0.39252407174719756
USP37,3.16,3.84,-0.219,0.2649466435705595,0.39252407174719756
AHI1,6.61,5.69,0.184,0.2649466435705595,0.39252407174719756
CCDC85B,55.83,54.57,0.032,0.2649466435705595,0.39252407174719756
PAF1,77.75,92.43,-0.247,0.2649466435705595,0.39252407174719756
APPL1,21.68,19.12,0.173,0.2649466435705595,0.39252407174719756
RHOD,83.89,73.76,0.183,0.2649466435705595,0.39252407174719756
ARHGAP5,12.51,10.67,0.211,0.2649466435705595,0.39252407174719756
STRN,11.05,12.25,-0.137,0.2649466435705595,0.39252407174719756
CIRBP,108.19,94.58,0.192,0.2649466435705595,0.39252407174719756
FURIN,185.65,152.11,0.286,0.2649466435705595,0.39252407174719756
RPS3,694.01,741.36,-0.095,0.2649466435705595,0.39252407174719756
MAN1B1,43.55,42.63,0.03,0.2649466435705595,0.39252407174719756
HIGD2A,155.23,144.48,0.103,0.2649466435705595,0.39252407174719756
TLN1,135.1,118.05,0.193,0.2649466435705595,0.39252407174719756
MAML2,14.29,12.22,0.21,0.2649466435705595,0.39252407174719756
RNF182,1.78,2.5,-0.332,0.2649466435705595,0.39252407174719756
PPFIBP2,10.79,13.48,-0.296,0.2649466435705595,0.39252407174719756
PEPD,49.12,56.01,-0.186,0.2649466435705595,0.39252407174719756
DNAJA2,50.87,56.66,-0.152,0.2649466435705595,0.39252407174719756
TRIOBP,25.62,23.3,0.131,0.2649466435705595,0.39252407174719756
SNX17,124.09,138.16,-0.154,0.2649466435705595,0.39252407174719756
FLII,103.2,91.4,0.173,0.2649466435705595,0.39252407174719756
NR4A3,9.74,5.9,0.639,0.2649466435705595,0.39252407174719756
DCLRE1A,12.33,12.77,-0.048,0.2649466435705595,0.39252407174719756
PCID2,18.62,21.73,-0.213,0.2649466435705595,0.39252407174719756
PRPS1,42.32,47.21,-0.154,0.2649466435705595,0.39252407174719756
SNRPB2,66.74,63.45,0.072,0.2649466435705595,0.39252407174719756
FAM104B,14.7,16.51,-0.158,0.2649466435705595,0.39252407174719756
RRP12,18.75,20.18,-0.101,0.2649466435705595,0.39252407174719756
ANXA2R,5.49,4.86,0.149,0.2649466435705595,0.39252407174719756
SRCAP,0.98,1.08,-0.067,0.2649466435705595,0.39252407174719756
GEMIN6,10.99,12.25,-0.145,0.2649466435705595,0.39252407174719756
SPRY3,1.01,0.83,0.132,0.2649450727493149,0.39252407174719756
REV3L,6.12,6.64,-0.1,0.2649466435705595,0.39252407174719756
PLPP2,43.54,34.42,0.331,0.2649466435705595,0.39252407174719756
CLEC2A,0.1,1.42,-1.141,0.2654872711350378,0.3932866722264654
CA10,1.14,0.68,0.342,0.26640670208257133,0.39461021982455946
OSGIN1,13.12,36.73,-1.418,0.2664945569203574,0.39466339831279756
SULT1B1,2.12,2.96,-0.345,0.2664945569203574,0.39466339831279756
MECOM,21.58,18.72,0.195,0.2680518382984435,0.3958506589490913
HARS2,22.76,22.15,0.038,0.2680518382984435,0.3958506589490913
NBDY,42.94,39.31,0.124,0.2680518382984435,0.3958506589490913
AMPH,1.6,1.24,0.211,0.2680518382984435,0.3958506589490913
PWP2,0.94,1.09,-0.107,0.2680518382984435,0.3958506589490913
NOD2,2.74,3.71,-0.331,0.2680518382984435,0.3958506589490913
TIMM23,134.38,155.26,-0.207,0.2680518382984435,0.3958506589490913
BARX2,10.68,10.5,0.021,0.2680518382984435,0.3958506589490913
MT2A,552.58,681.28,-0.302,0.2680518382984435,0.3958506589490913
PLD2,22.0,24.6,-0.154,0.2680518382984435,0.3958506589490913
ADSS2,58.49,69.68,-0.249,0.2680518382984435,0.3958506589490913
NLRC5,13.74,16.72,-0.265,0.2680518382984435,0.3958506589490913
HERC4,9.17,8.24,0.138,0.2680518382984435,0.3958506589490913
RRAGC,15.35,16.02,-0.058,0.2680518382984435,0.3958506589490913
ADAT1,15.89,17.46,-0.128,0.2680518382984435,0.3958506589490913
MFSD5,50.7,50.88,-0.005,0.2680518382984435,0.3958506589490913
SUGCT,6.98,5.28,0.346,0.2680518382984435,0.3958506589490913
SLC8A2,0.77,1.18,-0.297,0.26804397212180453,0.3958506589490913
NPY1R,1.03,0.76,0.206,0.268045545375475,0.3958506589490913
SDHD,61.21,66.64,-0.121,0.2680518382984435,0.3958506589490913
DENND2B,13.46,12.13,0.139,0.2680518382984435,0.3958506589490913
MTREX,27.18,25.61,0.083,0.2680518382984435,0.3958506589490913
BBS12,5.49,4.77,0.168,0.2680518382984435,0.3958506589490913
LDOC1,26.48,22.54,0.223,0.2680518382984435,0.3958506589490913
SLC30A6,29.11,32.31,-0.146,0.2680518382984435,0.3958506589490913
PSTPIP1,5.64,6.69,-0.213,0.2680518382984435,0.3958506589490913
AKAP14,4.13,3.33,0.244,0.2673350761949449,0.3958506589490913
TUBA3D,0.53,1.3,-0.586,0.2680518382984435,0.3958506589490913
TMEM131,20.04,22.47,-0.158,0.2680518382984435,0.3958506589490913
KIF27,2.3,2.2,0.044,0.2696122019037368,0.3980388867479811
IL18R1,4.3,4.95,-0.166,0.2696122019037368,0.3980388867479811
ARMC4,2.23,2.4,-0.073,0.2696122019037368,0.3980388867479811
C9orf40,7.3,8.29,-0.163,0.2711819473820384,0.3996573214254835
TAF15,74.41,84.49,-0.181,0.2711819473820384,0.3996573214254835
SPOCK2,84.82,89.43,-0.075,0.2711819473820384,0.3996573214254835
HOXC4,3.78,2.99,0.259,0.2711819473820384,0.3996573214254835
HECTD1,34.73,32.29,0.102,0.2711819473820384,0.3996573214254835
SQSTM1,109.4,99.98,0.129,0.2711819473820384,0.3996573214254835
ASTN2,1.7,2.64,-0.43,0.2711819473820384,0.3996573214254835
EHF,78.25,66.0,0.242,0.2711819473820384,0.3996573214254835
ATG10,4.61,4.99,-0.095,0.2711819473820384,0.3996573214254835
CHM,10.54,9.03,0.202,0.2711819473820384,0.3996573214254835
NAP1L5,7.3,8.19,-0.147,0.2711819473820384,0.3996573214254835
INTS11,34.72,32.93,0.074,0.2711819473820384,0.3996573214254835
IFFO1,8.09,7.35,0.123,0.2711819473820384,0.3996573214254835
ITFG2,10.83,11.22,-0.047,0.2711819473820384,0.3996573214254835
CMBL,31.82,27.66,0.195,0.2711819473820384,0.3996573214254835
DAP3,85.22,89.21,-0.065,0.2711819473820384,0.3996573214254835
SLC28A3,3.46,4.42,-0.279,0.2711819473820384,0.3996573214254835
ZFP37,1.39,1.51,-0.07,0.2711819473820384,0.3996573214254835
ADCYAP1R1,0.49,1.16,-0.537,0.272754779496755,0.4019363108529775
LBH,119.55,104.19,0.197,0.2743370064591638,0.4031339722539971
LZTS1,6.83,7.96,-0.194,0.2743370064591638,0.4031339722539971
SHF,4.8,3.81,0.269,0.2743370064591638,0.4031339722539971
SEMA3A,9.78,7.04,0.423,0.2743370064591638,0.4031339722539971
RABL6,30.39,27.89,0.12,0.2743370064591638,0.4031339722539971
SLC35D1,11.93,12.7,-0.083,0.2743370064591638,0.4031339722539971
SETD1A,23.43,25.4,-0.112,0.2743370064591638,0.4031339722539971
DDX54,41.55,47.49,-0.189,0.2743370064591638,0.4031339722539971
ZNF845,5.94,6.71,-0.151,0.2743370064591638,0.4031339722539971
ADAMTSL3,3.14,2.54,0.226,0.2743370064591638,0.4031339722539971
ID4,30.07,20.02,0.564,0.2743370064591638,0.4031339722539971
PCGF3,18.39,16.73,0.129,0.2743370064591638,0.4031339722539971
RASA3,15.65,13.84,0.166,0.2743370064591638,0.4031339722539971
HP,61.88,19.67,1.605,0.2743370064591638,0.4031339722539971
APMAP,214.35,246.63,-0.201,0.2743370064591638,0.4031339722539971
TCHP,6.36,7.22,-0.159,0.2743370064591638,0.4031339722539971
HOXB9,23.72,6.47,1.727,0.27376215145718674,0.4031339722539971
TIMM9,35.96,37.3,-0.052,0.2743370064591638,0.4031339722539971
POU5F1,2.57,4.0,-0.488,0.2743370064591638,0.4031339722539971
RPS23,75.62,69.37,0.123,0.2743370064591638,0.4031339722539971
HOXB4,7.52,5.96,0.29,0.2743370064591638,0.4031339722539971
ANKRA2,18.68,17.44,0.094,0.2743370064591638,0.4031339722539971
CC2D2A,4.34,4.18,0.045,0.2743370064591638,0.4031339722539971
KLHL23,15.1,12.3,0.275,0.2743370064591638,0.4031339722539971
PKP3,87.38,101.73,-0.217,0.2743370064591638,0.4031339722539971
YWHAB,134.97,146.41,-0.117,0.2743370064591638,0.4031339722539971
ENTPD4,26.45,22.78,0.207,0.2743370064591638,0.4031339722539971
KPNA5,3.26,3.0,0.091,0.27433542888793283,0.4031339722539971
SKIL,39.34,44.41,-0.171,0.2743370064591638,0.4031339722539971
CDH4,0.78,1.27,-0.357,0.27592074560266444,0.40538283414962584
LRRIQ1,1.76,1.61,0.08,0.27592074560266444,0.40538283414962584
SERF2,80.81,73.75,0.13,0.2775170488435569,0.40658790000772993
ZDHHC23,5.03,6.45,-0.305,0.2775170488435569,0.40658790000772993
USP19,36.14,33.68,0.099,0.2775170488435569,0.40658790000772993
GPR153,24.13,22.85,0.075,0.2775170488435569,0.40658790000772993
CLASRP,21.69,25.63,-0.231,0.2775170488435569,0.40658790000772993
SULT1C4,7.81,5.7,0.394,0.2775170488435569,0.40658790000772993
MSANTD2,9.3,7.07,0.353,0.2775170488435569,0.40658790000772993
CASP5,1.12,1.93,-0.467,0.2775170488435569,0.40658790000772993
RAPGEF4,3.15,3.09,0.022,0.2775170488435569,0.40658790000772993
PEX7,10.26,8.68,0.217,0.2775170488435569,0.40658790000772993
METTL7A,80.67,62.08,0.373,0.2775170488435569,0.40658790000772993
PDE6B,5.56,5.14,0.095,0.2775170488435569,0.40658790000772993
MARCKSL1,379.41,328.03,0.209,0.2775170488435569,0.40658790000772993
FAHD2B,9.87,11.44,-0.195,0.2775170488435569,0.40658790000772993
CAPRIN1,94.72,101.21,-0.095,0.2775170488435569,0.40658790000772993
TECPR2,9.05,9.96,-0.126,0.2775170488435569,0.40658790000772993
SNX3,248.8,276.53,-0.152,0.2775170488435569,0.40658790000772993
SARDH,3.43,2.49,0.344,0.2775170488435569,0.40658790000772993
FYN,21.11,19.65,0.098,0.2775170488435569,0.40658790000772993
SLC25A46,18.25,16.56,0.133,0.2775170488435569,0.40658790000772993
HSPA5,795.43,710.99,0.162,0.2775170488435569,0.40658790000772993
C5orf46,2.89,4.15,-0.405,0.2775154693168309,0.40658790000772993
KCNN3,1.97,2.26,-0.133,0.2775170488435569,0.40658790000772993
SLAMF6,8.03,9.15,-0.168,0.2775170488435569,0.40658790000772993
NUPR2,17.26,3.17,2.131,0.27716932506593794,0.40658790000772993
CHST13,1.03,0.92,0.081,0.2775170488435569,0.40658790000772993
C4orf3,150.98,137.4,0.135,0.2775170488435569,0.40658790000772993
ANKRD17,26.72,30.62,-0.19,0.2775170488435569,0.40658790000772993
CXCL9,71.09,124.36,-0.798,0.2775170488435569,0.40658790000772993
ZSCAN23,0.73,1.0,-0.209,0.2791148680967779,0.40884999913173414
ARG1,0.24,1.17,-0.809,0.2791148680967779,0.40884999913173414
CLC,1.2,1.44,-0.148,0.28072839438050123,0.4098305463460128
BSG,519.54,450.61,0.205,0.2807221055011857,0.4098305463460128
ZNF780A,4.51,4.29,0.058,0.2807221055011857,0.4098305463460128
INPP5A,21.24,19.1,0.146,0.2807221055011857,0.4098305463460128
NMNAT1,5.56,5.2,0.081,0.2807221055011857,0.4098305463460128
SRP9,243.16,242.96,0.001,0.2807221055011857,0.4098305463460128
ELL,13.53,14.84,-0.124,0.2807221055011857,0.4098305463460128
UFL1,31.74,29.22,0.116,0.2807221055011857,0.4098305463460128
MS4A6A,28.46,31.11,-0.124,0.2807221055011857,0.4098305463460128
PEAR1,5.31,4.96,0.081,0.2807221055011857,0.4098305463460128
LCP2,15.37,15.04,0.029,0.2807221055011857,0.4098305463460128
DRC3,2.94,3.18,-0.085,0.2807221055011857,0.4098305463460128
SCN4B,6.41,5.16,0.267,0.2807221055011857,0.4098305463460128
GCNT1,6.95,5.42,0.309,0.2807221055011857,0.4098305463460128
H4C1,0.14,4.33,-2.226,0.28006340184352196,0.4098305463460128
TPD52,36.25,33.37,0.116,0.2807221055011857,0.4098305463460128
ARVCF,12.73,10.58,0.245,0.2807221055011857,0.4098305463460128
ABCA6,1.47,1.27,0.119,0.2807221055011857,0.4098305463460128
CNTN2,0.07,2.44,-1.689,0.2806493543245552,0.4098305463460128
ANGEL1,12.13,13.95,-0.187,0.2807221055011857,0.4098305463460128
RSF1,12.22,12.11,0.012,0.2807221055011857,0.4098305463460128
AP3S1,53.63,51.16,0.067,0.2807221055011857,0.4098305463460128
UBC,533.72,584.99,-0.132,0.2807221055011857,0.4098305463460128
ITGB1BP1,21.54,24.75,-0.192,0.2807221055011857,0.4098305463460128
KAT5,9.64,9.26,0.052,0.2807221055011857,0.4098305463460128
CDK5RAP1,21.47,20.66,0.053,0.2807221055011857,0.4098305463460128
AK3,51.94,51.8,0.004,0.2807221055011857,0.4098305463460128
PSD3,8.72,10.19,-0.204,0.2807221055011857,0.4098305463460128
SCARF2,12.32,9.61,0.328,0.2807221055011857,0.4098305463460128
RABGEF1,1.57,1.75,-0.102,0.2807221055011857,0.4098305463460128
LENG9,8.13,7.46,0.111,0.2807221055011857,0.4098305463460128
TTLL3,4.01,3.5,0.155,0.2807221055011857,0.4098305463460128
DUSP28,2.69,2.57,0.047,0.2807221055011857,0.4098305463460128
CFAP97,20.42,19.4,0.07,0.2807221055011857,0.4098305463460128
PPOX,12.69,12.22,0.05,0.2807221055011857,0.4098305463460128
RNF183,2.03,1.32,0.385,0.2823308588444594,0.4121303553443382
TIMM17B,58.27,55.54,0.068,0.28395220502686436,0.41346423720271713
C1orf43,348.84,331.44,0.074,0.28395220502686436,0.41346423720271713
EEF2,1567.31,1807.6,-0.206,0.28395220502686436,0.41346423720271713
PYCR3,19.55,22.44,-0.19,0.28395220502686436,0.41346423720271713
MRPL44,50.22,47.86,0.068,0.28395220502686436,0.41346423720271713
ZNF776,9.31,8.92,0.055,0.28395220502686436,0.41346423720271713
PZP,1.19,1.34,-0.098,0.28395062203978694,0.41346423720271713
SF3B6,201.92,228.65,-0.179,0.28395220502686436,0.41346423720271713
FUOM,25.36,27.77,-0.126,0.28395220502686436,0.41346423720271713
ENTPD6,40.8,36.22,0.168,0.28395220502686436,0.41346423720271713
UBB,337.83,310.08,0.123,0.28395220502686436,0.41346423720271713
PROCA1,2.42,2.11,0.137,0.28395220502686436,0.41346423720271713
EIF2B3,21.63,24.19,-0.155,0.28395220502686436,0.41346423720271713
HVCN1,5.75,5.48,0.059,0.28395220502686436,0.41346423720271713
TSPEAR,0.7,1.71,-0.669,0.28395220502686436,0.41346423720271713
EBI3,7.19,8.47,-0.209,0.28395220502686436,0.41346423720271713
ZNF611,4.57,4.27,0.078,0.28395220502686436,0.41346423720271713
RBP7,18.34,21.51,-0.219,0.28395220502686436,0.41346423720271713
C11orf45,2.83,3.44,-0.214,0.28395220502686436,0.41346423720271713
BCL7B,61.72,59.98,0.041,0.28395220502686436,0.41346423720271713
SEC23B,67.12,63.07,0.088,0.28395220502686436,0.41346423720271713
SUMO1,168.69,161.17,0.065,0.28395220502686436,0.41346423720271713
TMED1,15.73,14.82,0.08,0.28395220502686436,0.41346423720271713
SEC11A,74.33,66.83,0.151,0.28395220502686436,0.41346423720271713
FTSJ3,42.04,47.17,-0.162,0.28395220502686436,0.41346423720271713
NRDE2,2.85,3.17,-0.114,0.28395220502686436,0.41346423720271713
KCTD20,47.55,50.45,-0.084,0.2872073736211809,0.4169652773460679
DMPK,12.19,10.6,0.185,0.2872073736211809,0.4169652773460679
GPN2,17.47,16.42,0.084,0.2872073736211809,0.4169652773460679
ZNF398,11.2,12.45,-0.141,0.2872073736211809,0.4169652773460679
BASP1,136.67,127.81,0.096,0.2872073736211809,0.4169652773460679
ODF2,21.85,24.83,-0.177,0.2872073736211809,0.4169652773460679
CNN1,24.85,19.05,0.367,0.2872073736211809,0.4169652773460679
LRRC41,41.96,36.41,0.2,0.2872073736211809,0.4169652773460679
BRD7,21.49,24.83,-0.199,0.2872073736211809,0.4169652773460679
NDUFB3,120.33,135.98,-0.175,0.2872073736211809,0.4169652773460679
RPN2,507.35,539.72,-0.089,0.2872073736211809,0.4169652773460679
F13A1,32.15,31.32,0.037,0.2872073736211809,0.4169652773460679
IFI44,70.09,64.4,0.12,0.2872073736211809,0.4169652773460679
DNAJC10,20.39,17.53,0.207,0.2872073736211809,0.4169652773460679
ZNF48,14.35,12.47,0.189,0.2872073736211809,0.4169652773460679
LAMP2,90.5,98.97,-0.128,0.2872073736211809,0.4169652773460679
PCDHB10,2.58,3.8,-0.425,0.2872073736211809,0.4169652773460679
TMEM11,35.01,41.84,-0.251,0.2872073736211809,0.4169652773460679
LAMP3,173.88,124.23,0.482,0.2872073736211809,0.4169652773460679
TBCB,61.47,73.96,-0.263,0.2872073736211809,0.4169652773460679
PLPP5,40.51,39.32,0.042,0.2872073736211809,0.4169652773460679
NBEAL2,26.55,22.63,0.221,0.2872073736211809,0.4169652773460679
MRPS27,28.81,30.21,-0.066,0.2872073736211809,0.4169652773460679
PODNL1,15.32,6.8,1.065,0.2872073736211809,0.4169652773460679
LSM10,57.07,60.22,-0.076,0.2872073736211809,0.4169652773460679
NDUFV2,1.22,1.08,0.095,0.2872073736211809,0.4169652773460679
MAP4,56.46,49.47,0.187,0.2872073736211809,0.4169652773460679
SERP1,140.89,161.03,-0.192,0.2872073736211809,0.4169652773460679
HERC5,10.14,9.94,0.026,0.2872073736211809,0.4169652773460679
PNRC1,113.61,118.66,-0.062,0.2872073736211809,0.4169652773460679
POPDC2,2.26,2.56,-0.129,0.2872057891321407,0.4169652773460679
SP8,2.03,2.29,-0.12,0.2877625903030009,0.4177314193076144
LVRN,0.15,4.17,-2.164,0.2888300993536165,0.41921937086614175
SP140L,14.02,12.65,0.138,0.28884278116413953,0.41921937086614175
AC069544.2,12.46,12.63,-0.018,0.2904876350677448,0.4206422645429133
C6orf226,29.8,31.8,-0.091,0.2904876350677448,0.4206422645429133
NELL1,3.78,6.59,-0.667,0.29039881308047355,0.4206422645429133
SLTM,30.32,33.64,-0.145,0.2904876350677448,0.4206422645429133
UBE2I,19.01,17.9,0.083,0.2904876350677448,0.4206422645429133
PRPF40B,3.01,3.44,-0.145,0.2904876350677448,0.4206422645429133
PAPSS1,76.27,88.45,-0.211,0.2904876350677448,0.4206422645429133
VPS36,21.36,19.35,0.136,0.2904876350677448,0.4206422645429133
TRIM52,4.46,4.04,0.116,0.2904876350677448,0.4206422645429133
DRAM2,47.9,45.97,0.058,0.2904876350677448,0.4206422645429133
MNAT1,10.25,12.62,-0.276,0.2904876350677448,0.4206422645429133
PCDH17,11.05,8.6,0.329,0.2904876350677448,0.4206422645429133
ANXA1,405.23,433.73,-0.098,0.2904876350677448,0.4206422645429133
TOPORS,19.64,21.86,-0.147,0.2904876350677448,0.4206422645429133
PHKA1,12.84,10.78,0.232,0.2904876350677448,0.4206422645429133
PPIH,11.65,13.26,-0.173,0.2904876350677448,0.4206422645429133
BTN3A2,29.24,25.61,0.185,0.2904876350677448,0.4206422645429133
ACSS1,20.7,25.27,-0.275,0.2904876350677448,0.4206422645429133
GDI2,226.35,213.53,0.084,0.2904876350677448,0.4206422645429133
MYH10,44.85,37.9,0.237,0.2904876350677448,0.4206422645429133
NUDT16,26.05,23.16,0.163,0.2904876350677448,0.4206422645429133
GPR157,16.66,17.86,-0.095,0.2904876350677448,0.4206422645429133
CHCHD10,73.95,89.71,-0.275,0.2904876350677448,0.4206422645429133
ZNF365,1.65,2.73,-0.491,0.2904876350677448,0.4206422645429133
FGF10,1.04,0.66,0.302,0.2920467388346303,0.4228596305264975
LRRC39,1.11,1.11,-0.005,0.2921355959238512,0.4229479806433267
KDM5D,5.94,6.94,-0.194,0.2927099463866887,0.42373913439285
SLFNL1,1.01,0.69,0.255,0.29379301071076347,0.42449807054005034
RIOX1,15.17,16.95,-0.151,0.29379301071076347,0.42449807054005034
C19orf44,3.63,3.37,0.083,0.29379301071076347,0.42449807054005034
SH3PXD2A,38.08,42.15,-0.143,0.29379301071076347,0.42449807054005034
RPL19,918.28,947.08,-0.045,0.29379301071076347,0.42449807054005034
MED12,25.09,27.85,-0.145,0.29379301071076347,0.42449807054005034
SAT1,733.85,735.76,-0.004,0.29379301071076347,0.42449807054005034
SUPT3H,4.99,5.2,-0.05,0.29379301071076347,0.42449807054005034
CCDC43,22.18,20.64,0.099,0.29379301071076347,0.42449807054005034
DRC1,5.33,6.25,-0.196,0.29379301071076347,0.42449807054005034
UGGT1,32.81,33.28,-0.02,0.29379301071076347,0.42449807054005034
MAP2K3,55.77,55.4,0.009,0.29379301071076347,0.42449807054005034
CYYR1,21.14,14.6,0.505,0.29379301071076347,0.42449807054005034
CCR4,4.8,3.56,0.346,0.29379301071076347,0.42449807054005034
DNAAF2,16.64,18.82,-0.168,0.29379301071076347,0.42449807054005034
RAB3A,7.0,5.61,0.275,0.29379301071076347,0.42449807054005034
SLC9A8,14.72,13.55,0.112,0.29379301071076347,0.42449807054005034
ZDHHC4,34.82,30.56,0.183,0.29379301071076347,0.42449807054005034
VILL,13.36,6.2,0.996,0.29379301071076347,0.42449807054005034
PLAGL1,7.12,8.16,-0.173,0.29379301071076347,0.42449807054005034
ADH1C,18.69,49.54,-1.36,0.29543765856969084,0.42681615993268707
PLPP7,1.06,1.09,-0.017,0.295453534786551,0.42681615993268707
TSPAN11,10.11,5.5,0.774,0.2971235194329561,0.42792659311260806
MIS12,20.72,23.72,-0.186,0.2971235194329561,0.42792659311260806
OGFRL1,15.52,18.39,-0.231,0.2971235194329561,0.42792659311260806
TOGARAM2,1.58,1.71,-0.069,0.2971219313678056,0.42792659311260806
TMIGD2,1.23,1.46,-0.147,0.2971235194329561,0.42792659311260806
MT-ATP6,10421.77,9175.44,0.184,0.2971235194329561,0.42792659311260806
IL23A,8.51,15.06,-0.756,0.2971235194329561,0.42792659311260806
SEMA5A,10.62,11.9,-0.151,0.2971235194329561,0.42792659311260806
BCDIN3D,3.47,3.21,0.087,0.2971235194329561,0.42792659311260806
BSCL2,1.57,1.44,0.07,0.2971235194329561,0.42792659311260806
ZNF614,7.56,6.75,0.145,0.2971235194329561,0.42792659311260806
NRTN,4.77,5.68,-0.212,0.2971235194329561,0.42792659311260806
NFKBIE,39.73,34.68,0.191,0.2971235194329561,0.42792659311260806
RBM12B,6.46,7.4,-0.172,0.2971235194329561,0.42792659311260806
CLIP4,17.75,23.33,-0.376,0.2971235194329561,0.42792659311260806
ZNF774,1.74,1.82,-0.04,0.2971235194329561,0.42792659311260806
CDC42,60.94,54.23,0.165,0.2971235194329561,0.42792659311260806
PIGG,14.18,12.45,0.175,0.2971235194329561,0.42792659311260806
TMEM67,4.69,5.25,-0.135,0.2971235194329561,0.42792659311260806
ATP6V0A2,4.78,5.09,-0.074,0.2971235194329561,0.42792659311260806
C3orf38,22.1,23.7,-0.097,0.2971235194329561,0.42792659311260806
EFHD2,171.65,178.96,-0.06,0.2971235194329561,0.42792659311260806
DDX42,56.27,52.09,0.109,0.2971235194329561,0.42792659311260806
BEND7,3.35,2.73,0.219,0.2971235194329561,0.42792659311260806
SLC5A8,5.35,2.28,0.952,0.29703457240240183,0.42792659311260806
PANK4,14.33,15.8,-0.132,0.2971235194329561,0.42792659311260806
ZNF518A,8.43,7.3,0.185,0.2971235194329561,0.42792659311260806
GABARAPL2,86.58,82.39,0.071,0.2971235194329561,0.42792659311260806
ITGA2B,1.12,1.37,-0.162,0.2971235194329561,0.42792659311260806
USO1,75.15,68.91,0.123,0.2971235194329561,0.42792659311260806
FCGR1B,1.01,1.05,-0.034,0.2971235194329561,0.42792659311260806
POT1,9.53,11.12,-0.203,0.2971235194329561,0.42792659311260806
GRIK2,1.55,1.08,0.294,0.29879661539740054,0.4302954481263229
TPM3,101.8,90.62,0.166,0.3004791776338115,0.43145072732166123
MYO7B,1.08,1.01,0.047,0.3004791776338115,0.43145072732166123
CHD3,48.82,57.0,-0.219,0.3004791776338115,0.43145072732166123
PEX11G,9.6,8.8,0.114,0.3004791776338115,0.43145072732166123
NSMCE2,24.78,26.13,-0.073,0.3004791776338115,0.43145072732166123
HSF4,17.09,11.81,0.497,0.3004791776338115,0.43145072732166123
SMG6,6.03,6.89,-0.167,0.3004791776338115,0.43145072732166123
MAFF,20.07,16.55,0.264,0.3004791776338115,0.43145072732166123
SBNO2,59.12,52.18,0.177,0.3004791776338115,0.43145072732166123
APPBP2,16.22,15.36,0.074,0.3004791776338115,0.43145072732166123
DDHD1,3.35,3.97,-0.193,0.3004791776338115,0.43145072732166123
IL20RA,9.8,10.34,-0.071,0.3004791776338115,0.43145072732166123
DERL2,21.12,19.96,0.078,0.3004791776338115,0.43145072732166123
PCDHGA9,1.05,1.04,0.002,0.3004791776338115,0.43145072732166123
ALKBH7,98.68,93.2,0.082,0.3004791776338115,0.43145072732166123
GBP2,49.15,40.83,0.262,0.3004791776338115,0.43145072732166123
KLF11,18.96,18.33,0.046,0.3004791776338115,0.43145072732166123
NKTR,11.74,10.35,0.166,0.3004791776338115,0.43145072732166123
USP30,10.04,9.72,0.043,0.3004791776338115,0.43145072732166123
ATIC,85.64,78.04,0.133,0.3004791776338115,0.43145072732166123
RTKN,29.79,33.55,-0.166,0.3004791776338115,0.43145072732166123
C4orf19,5.01,3.76,0.336,0.3004791776338115,0.43145072732166123
APCDD1,14.49,31.81,-1.083,0.3004791776338115,0.43145072732166123
CASZ1,5.17,6.17,-0.216,0.3004791776338115,0.43145072732166123
CUL4B,32.02,35.34,-0.138,0.3004791776338115,0.43145072732166123
SLC25A25,19.85,19.1,0.053,0.3004791776338115,0.43145072732166123
KLHL36,14.49,16.65,-0.188,0.3004791776338115,0.43145072732166123
MT-CYB,10024.55,8429.94,0.25,0.3004791776338115,0.43145072732166123
HPD,1.13,10.22,-2.395,0.3004791776338115,0.43145072732166123
PAPOLA,45.0,48.57,-0.108,0.3004791776338115,0.43145072732166123
PIM3,193.79,167.65,0.208,0.3004791776338115,0.43145072732166123
GDF6,0.27,1.49,-0.968,0.30216485290757056,0.4338301464963825
FOXL3,2.53,0.03,1.778,0.30256045835578294,0.43435708625147973
FPR2,4.59,4.88,-0.074,0.3038599992082026,0.434866707608348
NINJ1,86.83,81.2,0.096,0.3038599992082026,0.434866707608348
GLDC,4.07,1.51,1.014,0.3038599992082026,0.434866707608348
DCXR,116.36,95.63,0.28,0.3038599992082026,0.434866707608348
PHF2,33.25,35.59,-0.095,0.3038599992082026,0.434866707608348
BTRC,13.36,12.41,0.098,0.3038599992082026,0.434866707608348
FRG1,41.2,39.73,0.051,0.3038599992082026,0.434866707608348
DERA,55.85,62.61,-0.162,0.3038599992082026,0.434866707608348
MAPRE3,20.52,26.92,-0.375,0.3038599992082026,0.434866707608348
CLCN5,4.27,5.49,-0.299,0.3038599992082026,0.434866707608348
SPTBN2,17.17,20.69,-0.255,0.3038599992082026,0.434866707608348
NIPBL,21.82,23.55,-0.106,0.3038599992082026,0.434866707608348
RIPPLY3,2.34,3.59,-0.456,0.3038599992082026,0.434866707608348
ZNF474,2.04,2.01,0.012,0.3038599992082026,0.434866707608348
INO80D,4.64,4.45,0.049,0.3038599992082026,0.434866707608348
PRF1,24.17,24.44,-0.015,0.3038599992082026,0.434866707608348
PCDHB11,3.44,4.89,-0.41,0.3038599992082026,0.434866707608348
TRAM1L1,4.29,4.18,0.03,0.3038599992082026,0.434866707608348
CDH2,1.23,5.73,-1.591,0.3038599992082026,0.434866707608348
SREBF1,57.07,63.8,-0.158,0.3038599992082026,0.434866707608348
NAPA,23.67,22.56,0.066,0.3038599992082026,0.434866707608348
TMEM43,107.38,94.67,0.18,0.3038599992082026,0.434866707608348
NUP85,30.86,33.92,-0.132,0.3038599992082026,0.434866707608348
MKNK1,12.76,14.3,-0.152,0.3038599992082026,0.434866707608348
COTL1,81.68,74.01,0.141,0.3038599992082026,0.434866707608348
RABL2B,10.14,11.34,-0.147,0.3038599992082026,0.434866707608348
MED24,47.18,43.11,0.128,0.3038599992082026,0.434866707608348
LNX1,5.89,8.42,-0.451,0.3038599992082026,0.434866707608348
TOLLIP,39.97,35.96,0.148,0.3038599992082026,0.434866707608348
RPUSD1,31.44,34.79,-0.142,0.3038599992082026,0.434866707608348
RNASE2,7.45,5.44,0.393,0.3038599992082026,0.434866707608348
ARHGEF37,6.22,7.14,-0.171,0.3038599992082026,0.434866707608348
ZNF17,3.66,4.28,-0.181,0.3038599992082026,0.434866707608348
H4C11,1.52,2.2,-0.349,0.30546920594650717,0.4371285340440128
CGB5,6.33,0.11,2.728,0.3060031255572121,0.4378513360887854
TFEC,3.73,3.65,0.025,0.30726599552535894,0.43809049080487783
GNPDA2,7.59,6.81,0.137,0.30726599552535894,0.43809049080487783
POSTN,191.26,200.53,-0.068,0.30726599552535894,0.43809049080487783
GNPTAB,24.17,26.35,-0.12,0.30726599552535894,0.43809049080487783
DTWD1,3.33,3.76,-0.137,0.30726599552535894,0.43809049080487783
TBC1D23,27.84,30.27,-0.117,0.30726599552535894,0.43809049080487783
SEZ6L,0.3,9.09,-2.958,0.3072007881944724,0.43809049080487783
CCDC22,33.8,32.07,0.073,0.30726599552535894,0.43809049080487783
RPL37A,378.64,357.26,0.084,0.30726599552535894,0.43809049080487783
LRRC8C,6.17,6.68,-0.099,0.30726599552535894,0.43809049080487783
ABCG1,28.54,30.24,-0.081,0.30726599552535894,0.43809049080487783
USP9X,36.09,31.84,0.176,0.30726599552535894,0.43809049080487783
INPP5J,5.0,5.03,-0.008,0.3072644053073559,0.43809049080487783
E2F8,5.46,5.6,-0.031,0.30726599552535894,0.43809049080487783
ZNF226,6.89,6.87,0.004,0.30726599552535894,0.43809049080487783
NKAPD1,18.51,17.65,0.065,0.30726599552535894,0.43809049080487783
VEGFC,14.72,11.7,0.307,0.30726599552535894,0.43809049080487783
IL12A,1.29,1.82,-0.299,0.30726599552535894,0.43809049080487783
EGLN3,23.97,30.07,-0.316,0.30726599552535894,0.43809049080487783
B9D2,13.51,13.65,-0.014,0.3072644053073559,0.43809049080487783
CIC,32.68,38.76,-0.239,0.30726599552535894,0.43809049080487783
CD37,24.86,23.2,0.096,0.30726599552535894,0.43809049080487783
PRKACA,32.52,35.09,-0.106,0.30726599552535894,0.43809049080487783
WDR1,145.09,125.19,0.211,0.30726599552535894,0.43809049080487783
HSF1,59.92,64.32,-0.1,0.30726599552535894,0.43809049080487783
ZNF408,17.33,19.01,-0.127,0.30726599552535894,0.43809049080487783
C11orf16,4.44,4.73,-0.076,0.3072644053073559,0.43809049080487783
SLC35A4,76.48,71.69,0.092,0.30726599552535894,0.43809049080487783
ZNF195,6.84,6.55,0.054,0.30726599552535894,0.43809049080487783
ATP5PF,73.35,66.03,0.149,0.30726599552535894,0.43809049080487783
AATF,47.36,52.08,-0.134,0.30726599552535894,0.43809049080487783
CD96,5.29,5.98,-0.15,0.30726599552535894,0.43809049080487783
PRR12,22.91,27.24,-0.24,0.30726599552535894,0.43809049080487783
FGL2,18.86,18.88,-0.001,0.30726599552535894,0.43809049080487783
RPUSD4,17.53,18.76,-0.093,0.30726599552535894,0.43809049080487783
DMXL2,5.65,5.65,-0.0,0.30726599552535894,0.43809049080487783
CD163,45.51,49.52,-0.12,0.30726599552535894,0.43809049080487783
BVES,1.83,2.69,-0.386,0.30726599552535894,0.43809049080487783
RBIS,14.23,13.21,0.1,0.3089768466337228,0.44048843303989405
MGA,7.98,8.97,-0.151,0.3106971754082136,0.44124342736745087
NCKAP1,29.72,32.29,-0.116,0.3106971754082136,0.44124342736745087
IRF5,16.48,19.47,-0.228,0.3106971754082136,0.44124342736745087
BLK,1.34,1.53,-0.118,0.3106955847950126,0.44124342736745087
CLEC4E,5.31,6.77,-0.299,0.3106971754082136,0.44124342736745087
MC1R,1.75,1.58,0.092,0.3106971754082136,0.44124342736745087
ZBTB41,15.38,15.08,0.027,0.3106971754082136,0.44124342736745087
TMEM176A,67.54,42.93,0.642,0.3106971754082136,0.44124342736745087
GPX4,433.91,378.63,0.196,0.3106971754082136,0.44124342736745087
MAGOH,69.2,75.38,-0.122,0.3106971754082136,0.44124342736745087
STX17,12.88,11.98,0.097,0.3106971754082136,0.44124342736745087
PLEKHM3,5.83,5.02,0.181,0.3106971754082136,0.44124342736745087
PRIMPOL,8.04,8.75,-0.108,0.3106971754082136,0.44124342736745087
PTGDS,3.07,2.29,0.306,0.3106955847950126,0.44124342736745087
LUC7L,20.88,18.33,0.178,0.3106971754082136,0.44124342736745087
CAPZA1,175.81,195.39,-0.152,0.3106971754082136,0.44124342736745087
ABCC10,16.27,16.79,-0.042,0.3106971754082136,0.44124342736745087
RPE,31.79,36.45,-0.192,0.3106971754082136,0.44124342736745087
TRIM56,26.1,23.69,0.135,0.3106971754082136,0.44124342736745087
RIC3,1.44,1.86,-0.225,0.3106971754082136,0.44124342736745087
TXNL1,18.01,21.88,-0.267,0.3106971754082136,0.44124342736745087
FDPS,39.31,41.94,-0.091,0.3106971754082136,0.44124342736745087
INAFM1,33.69,30.59,0.135,0.3106971754082136,0.44124342736745087
ADAMTS16,3.56,3.08,0.161,0.3106971754082136,0.44124342736745087
RPL23A,209.1,188.43,0.149,0.3106971754082136,0.44124342736745087
UBE2V2,27.81,29.93,-0.103,0.3106971754082136,0.44124342736745087
RSPH4A,7.5,7.45,0.01,0.3106971754082136,0.44124342736745087
ZC3H10,2.61,2.38,0.096,0.3106971754082136,0.44124342736745087
HIP1R,29.28,23.57,0.301,0.3106971754082136,0.44124342736745087
TNKS,9.14,10.14,-0.135,0.3106971754082136,0.44124342736745087
HHIPL1,2.1,2.3,-0.091,0.3106971754082136,0.44124342736745087
SPPL2B,17.07,19.17,-0.159,0.3106971754082136,0.44124342736745087
SLFN12,6.57,5.73,0.171,0.3106971754082136,0.44124342736745087
IFT22,10.77,10.57,0.025,0.3106971754082136,0.44124342736745087
PPARA,7.42,8.25,-0.136,0.3106971754082136,0.44124342736745087
PIK3R5,6.34,5.9,0.087,0.3106971754082136,0.44124342736745087
LOXL4,15.67,26.6,-0.728,0.3106971754082136,0.44124342736745087
PIN1,26.07,27.99,-0.099,0.3106971754082136,0.44124342736745087
RNF25,39.33,38.25,0.039,0.3106971754082136,0.44124342736745087
DGLUCY,16.42,17.91,-0.118,0.3106971754082136,0.44124342736745087
CD38,10.46,11.33,-0.106,0.3106971754082136,0.44124342736745087
ALKAL2,2.74,6.95,-1.088,0.3124206204930623,0.44364954548566177
NMI,31.61,29.31,0.105,0.31415354511312565,0.44486297053814133
RPA2,84.84,83.99,0.014,0.31415354511312565,0.44486297053814133
RRP1B,28.53,34.06,-0.248,0.31415354511312565,0.44486297053814133
SEC61A2,5.81,6.41,-0.123,0.31415354511312565,0.44486297053814133
PYGL,40.35,48.64,-0.264,0.31415354511312565,0.44486297053814133
DDX31,9.62,11.02,-0.179,0.31415354511312565,0.44486297053814133
SCAND1,70.87,68.4,0.05,0.31415354511312565,0.44486297053814133
DCAF5,26.82,25.31,0.081,0.31415354511312565,0.44486297053814133
ZNF664,82.46,71.1,0.211,0.31415354511312565,0.44486297053814133
ST6GAL1,32.61,30.75,0.082,0.31415354511312565,0.44486297053814133
AHNAK2,19.88,23.18,-0.212,0.31415354511312565,0.44486297053814133
STK17A,35.92,37.11,-0.046,0.31415354511312565,0.44486297053814133
RPL7A,1400.67,1522.85,-0.121,0.31415354511312565,0.44486297053814133
GMFB,29.38,28.4,0.047,0.31415354511312565,0.44486297053814133
LPXN,32.92,30.92,0.088,0.31415354511312565,0.44486297053814133
AAMP,129.13,138.65,-0.102,0.31415354511312565,0.44486297053814133
CES4A,4.48,4.07,0.111,0.31415354511312565,0.44486297053814133
ABCA1,18.72,22.83,-0.273,0.31415354511312565,0.44486297053814133
NMRAL1,47.33,45.15,0.067,0.31415354511312565,0.44486297053814133
NADSYN1,12.61,18.21,-0.498,0.31415354511312565,0.44486297053814133
VSIG10L,6.04,6.72,-0.132,0.31415354511312565,0.44486297053814133
MXRA7,34.19,36.53,-0.093,0.31415354511312565,0.44486297053814133
TIMM17A,55.57,51.54,0.107,0.31415354511312565,0.44486297053814133
LRRC69,0.87,1.1,-0.166,0.31415354511312565,0.44486297053814133
PTPN13,30.64,25.44,0.259,0.31415354511312565,0.44486297053814133
LOXL2,31.41,25.91,0.268,0.31415354511312565,0.44486297053814133
JRKL,15.84,14.32,0.136,0.31415354511312565,0.44486297053814133
THBS4,6.59,3.98,0.608,0.31415354511312565,0.44486297053814133
CLK4,6.56,5.97,0.117,0.31415354511312565,0.44486297053814133
CLTA,163.15,199.07,-0.285,0.31415354511312565,0.44486297053814133
TUBAL3,0.91,1.32,-0.28,0.3158577663200156,0.44723458002795874
SERTAD4,12.05,14.24,-0.224,0.3176351083099903,0.4488726816625135
SYT13,8.16,4.35,0.775,0.31760328807323324,0.4488726816625135
CDH1,244.97,213.16,0.2,0.3176351083099903,0.4488726816625135
MRPL48,20.01,22.1,-0.137,0.3176351083099903,0.4488726816625135
HSD11B1,13.8,16.2,-0.217,0.3176351083099903,0.4488726816625135
VRK3,11.97,11.52,0.051,0.3176351083099903,0.4488726816625135
IER3,106.26,79.78,0.409,0.3176351083099903,0.4488726816625135
TRAPPC2B,7.12,6.66,0.085,0.3176351083099903,0.4488726816625135
AGAP4,1.62,1.86,-0.124,0.3176351083099903,0.4488726816625135
PPTC7,26.76,29.96,-0.157,0.3176351083099903,0.4488726816625135
MRS2,25.99,21.56,0.259,0.3176351083099903,0.4488726816625135
ZNF215,1.04,1.34,-0.2,0.3176351083099903,0.4488726816625135
RAB7B,21.26,24.45,-0.193,0.3176351083099903,0.4488726816625135
TMEM155,0.53,1.3,-0.584,0.3176351083099903,0.4488726816625135
ZNF395,23.78,26.63,-0.157,0.3176351083099903,0.4488726816625135
UQCR11,21.8,23.09,-0.079,0.3176351083099903,0.4488726816625135
TNFRSF11B,9.53,12.14,-0.32,0.3176351083099903,0.4488726816625135
MYEOV,35.47,8.01,2.017,0.3176351083099903,0.4488726816625135
LARP1,73.66,87.41,-0.244,0.3176351083099903,0.4488726816625135
SNORC,1.24,1.39,-0.092,0.3176335173975947,0.4488726816625135
NFYA,42.71,32.38,0.389,0.3176351083099903,0.4488726816625135
HOXC11,3.04,3.4,-0.124,0.31878860107255924,0.45046086459220536
TBC1D13,31.9,30.29,0.072,0.31938374701873484,0.4512598594304509
AL603764.2,1.09,0.67,0.319,0.3196622752087087,0.4516113955036183
TSPY1,0.07,2.1,-1.53,0.31981906790431724,0.4517908971334535
FER,4.36,4.34,0.006,0.3211418660627424,0.4525234994519797
ASGR2,1.08,1.18,-0.071,0.3211418660627424,0.4525234994519797
ARHGEF6,16.94,14.21,0.238,0.3211418660627424,0.4525234994519797
VPS29,61.77,60.77,0.023,0.3211418660627424,0.4525234994519797
ASPH,67.48,52.71,0.351,0.3211418660627424,0.4525234994519797
ZRANB1,7.24,7.14,0.017,0.3211418660627424,0.4525234994519797
ENDOG,4.31,3.51,0.236,0.3211418660627424,0.4525234994519797
KCTD5,47.95,49.24,-0.038,0.3211418660627424,0.4525234994519797
ARPP19,82.24,88.9,-0.111,0.3211418660627424,0.4525234994519797
COG7,19.65,18.89,0.054,0.3211418660627424,0.4525234994519797
EFCAB13,1.14,1.07,0.051,0.3211418660627424,0.4525234994519797
PARG,13.45,15.36,-0.179,0.3211418660627424,0.4525234994519797
MED29,60.25,59.97,0.006,0.3211418660627424,0.4525234994519797
SGIP1,1.47,1.15,0.196,0.3211418660627424,0.4525234994519797
OR2B6,0.72,1.68,-0.644,0.320879239056149,0.4525234994519797
RPS10,2.06,2.61,-0.235,0.3211418660627424,0.4525234994519797
ATP6V1G1,120.41,113.03,0.09,0.3211418660627424,0.4525234994519797
DTNA,3.25,3.77,-0.168,0.3211418660627424,0.4525234994519797
SRD5A1,12.26,18.07,-0.524,0.3211418660627424,0.4525234994519797
MDM4,11.77,13.42,-0.176,0.3211418660627424,0.4525234994519797
FAF1,22.55,24.19,-0.097,0.3211418660627424,0.4525234994519797
TAF12,32.14,29.16,0.136,0.3211418660627424,0.4525234994519797
PRKD3,14.32,15.69,-0.124,0.3211418660627424,0.4525234994519797
GRK3,12.44,13.43,-0.102,0.3211418660627424,0.4525234994519797
PTPRK,32.09,34.85,-0.116,0.3211418660627424,0.4525234994519797
HHEX,12.85,13.69,-0.084,0.3211418660627424,0.4525234994519797
CLSTN3,44.45,40.98,0.114,0.3211418660627424,0.4525234994519797
ITGB1BP2,1.22,1.14,0.049,0.32467381681026486,0.45610441967622317
ANKRD50,20.41,16.78,0.268,0.32467381681026486,0.45610441967622317
COPS7B,21.72,19.69,0.135,0.32467381681026486,0.45610441967622317
FAM133B,6.4,6.59,-0.036,0.32467381681026486,0.45610441967622317
CHRDL1,20.31,16.3,0.301,0.32467381681026486,0.45610441967622317
OTUD3,7.59,6.67,0.164,0.32467381681026486,0.45610441967622317
PIK3CG,5.41,4.74,0.161,0.32467381681026486,0.45610441967622317
MYO5B,15.14,11.52,0.367,0.32467381681026486,0.45610441967622317
MTMR12,32.19,35.13,-0.123,0.32467381681026486,0.45610441967622317
KLF10,76.15,68.34,0.154,0.32467381681026486,0.45610441967622317
ACSF3,4.8,5.28,-0.114,0.32467381681026486,0.45610441967622317
ST7L,3.74,4.17,-0.124,0.32467381681026486,0.45610441967622317
TBCK,6.23,5.5,0.155,0.32467222626168957,0.45610441967622317
INPP1,19.8,29.69,-0.561,0.32467381681026486,0.45610441967622317
PSMB3,360.32,417.52,-0.212,0.32467381681026486,0.45610441967622317
CFAP44,2.59,2.45,0.058,0.32467381681026486,0.45610441967622317
KPNA3,45.52,45.26,0.008,0.32467381681026486,0.45610441967622317
FBXO28,32.61,29.56,0.137,0.32467381681026486,0.45610441967622317
EEA1,10.64,11.63,-0.117,0.32467381681026486,0.45610441967622317
PNMA5,7.36,5.62,0.337,0.32421848691643573,0.45610441967622317
NLGN3,1.47,1.38,0.053,0.32467381681026486,0.45610441967622317
BPHL,6.62,5.76,0.173,0.32467381681026486,0.45610441967622317
OASL,16.08,17.86,-0.143,0.32467381681026486,0.45610441967622317
RASGRP2,4.4,4.26,0.037,0.32467381681026486,0.45610441967622317
LEMD2,26.08,28.23,-0.11,0.32467381681026486,0.45610441967622317
LURAP1,0.95,1.16,-0.148,0.32467381681026486,0.45610441967622317
GCC1,21.65,20.28,0.09,0.32467381681026486,0.45610441967622317
EIF2AK4,17.63,18.77,-0.086,0.32467381681026486,0.45610441967622317
CYP2R1,9.82,9.19,0.086,0.32467381681026486,0.45610441967622317
RP2,23.42,21.46,0.12,0.32467381681026486,0.45610441967622317
TSPO,305.15,344.83,-0.176,0.32467381681026486,0.45610441967622317
DLG4,3.88,4.43,-0.154,0.32467381681026486,0.45610441967622317
ZNHIT2,25.17,23.44,0.099,0.32467222626168957,0.45610441967622317
ERICH5,9.22,8.81,0.058,0.32823095634770527,0.4599956572078855
XYLT2,33.84,38.01,-0.163,0.32823095634770527,0.4599956572078855
MBTPS2,10.71,10.34,0.047,0.32823095634770527,0.4599956572078855
CLBA1,9.95,9.69,0.035,0.32823095634770527,0.4599956572078855
ZADH2,14.95,13.13,0.175,0.32823095634770527,0.4599956572078855
NSMCE3,13.37,14.27,-0.087,0.32823095634770527,0.4599956572078855
PSIP1,23.65,28.1,-0.24,0.32823095634770527,0.4599956572078855
EGFLAM,2.51,4.15,-0.552,0.32823095634770527,0.4599956572078855
UBQLN1,63.78,67.46,-0.08,0.32823095634770527,0.4599956572078855
AP1G2,15.51,11.91,0.355,0.32823095634770527,0.4599956572078855
ZFYVE21,10.25,9.25,0.134,0.32823095634770527,0.4599956572078855
SEL1L,49.93,45.55,0.13,0.32823095634770527,0.4599956572078855
ITGB5,93.39,100.47,-0.104,0.32823095634770527,0.4599956572078855
TADA1,19.09,23.04,-0.259,0.32823095634770527,0.4599956572078855
CWF19L1,18.35,19.59,-0.089,0.32823095634770527,0.4599956572078855
DCAF8,17.4,15.73,0.137,0.32823095634770527,0.4599956572078855
PACS2,19.38,17.93,0.106,0.32823095634770527,0.4599956572078855
PNPLA4,18.81,23.01,-0.277,0.32823095634770527,0.4599956572078855
HCN3,4.58,4.62,-0.01,0.32823095634770527,0.4599956572078855
SLC25A6,1020.88,1136.75,-0.155,0.32823095634770527,0.4599956572078855
ING2,13.95,12.21,0.179,0.32823095634770527,0.4599956572078855
ZNF512,16.66,16.42,0.02,0.32823095634770527,0.4599956572078855
TRIM41,7.95,7.21,0.124,0.32823095634770527,0.4599956572078855
CLEC7A,19.34,20.48,-0.079,0.32823095634770527,0.4599956572078855
SLC25A14,9.13,10.51,-0.184,0.32823095634770527,0.4599956572078855
BCL7C,20.34,19.27,0.075,0.32823095634770527,0.4599956572078855
ARMC2,3.03,3.5,-0.162,0.33001738003625114,0.462456562893448
DOCK6,13.7,12.4,0.134,0.33181327780821124,0.4636901333462246
ILVBL,35.34,41.7,-0.233,0.33181327780821124,0.4636901333462246
CYP7B1,11.62,8.57,0.399,0.33181327780821124,0.4636901333462246
AFG1L,1.7,1.69,0.005,0.33181327780821124,0.4636901333462246
TUBA1A,185.72,163.02,0.187,0.33181327780821124,0.4636901333462246
URGCP,20.76,19.64,0.076,0.33181327780821124,0.4636901333462246
CMTM2,1.08,1.52,-0.272,0.33181327780821124,0.4636901333462246
DEF8,23.66,26.58,-0.162,0.33181327780821124,0.4636901333462246
ARL9,1.74,2.28,-0.259,0.33181327780821124,0.4636901333462246
RNF144A,14.69,14.23,0.044,0.33181327780821124,0.4636901333462246
ADARB1,9.72,8.46,0.18,0.33181327780821124,0.4636901333462246
PHB,45.77,54.08,-0.236,0.33181327780821124,0.4636901333462246
PLEK2,39.93,67.79,-0.749,0.33181327780821124,0.4636901333462246
RABGAP1,26.17,27.25,-0.056,0.33181327780821124,0.4636901333462246
RPUSD3,14.52,13.9,0.059,0.33181327780821124,0.4636901333462246
MRPL46,1.03,1.16,-0.09,0.33181327780821124,0.4636901333462246
RPL36A,1.76,2.37,-0.291,0.3318116882958023,0.4636901333462246
CNOT2,14.98,17.29,-0.195,0.33181327780821124,0.4636901333462246
FAM110A,26.9,31.03,-0.199,0.33181327780821124,0.4636901333462246
LTBR,89.67,94.54,-0.075,0.33181327780821124,0.4636901333462246
PIAS1,11.06,11.18,-0.014,0.33181327780821124,0.4636901333462246
PFN1,772.41,839.7,-0.12,0.33181327780821124,0.4636901333462246
KRAS,36.39,30.65,0.241,0.33181327780821124,0.4636901333462246
TRAT1,2.1,2.4,-0.135,0.33181327780821124,0.4636901333462246
ARMC10,25.97,27.76,-0.093,0.33181327780821124,0.4636901333462246
MGAT1,57.79,54.43,0.085,0.33181327780821124,0.4636901333462246
ZNF865,17.4,17.55,-0.011,0.33181327780821124,0.4636901333462246
RIT1,48.18,67.87,-0.486,0.33181327780821124,0.4636901333462246
SOX11,1.28,2.32,-0.545,0.33181327780821124,0.4636901333462246
GAB3,4.53,4.27,0.07,0.33181327780821124,0.4636901333462246
DEFB131B,0.78,1.12,-0.253,0.3325307621572029,0.4646500385776127
ZC3H12A,31.58,39.59,-0.317,0.3336122897341731,0.4660755418787395
RAF1,17.39,16.07,0.107,0.3336122897341731,0.4660755418787395
ZNF10,4.46,4.06,0.11,0.3354191829056963,0.46761312016919643
EBLN2,1.61,1.44,0.096,0.3354207716450933,0.46761312016919643
BAG3,126.38,133.21,-0.075,0.3354207716450933,0.46761312016919643
NCK2,48.13,48.53,-0.011,0.3354207716450933,0.46761312016919643
HADHA,146.29,161.05,-0.138,0.3354207716450933,0.46761312016919643
ZNF35,8.48,9.52,-0.15,0.3354207716450933,0.46761312016919643
GAR1,31.73,30.15,0.071,0.3354207716450933,0.46761312016919643
CLK1,41.55,38.46,0.109,0.3354207716450933,0.46761312016919643
ZNF14,9.18,8.67,0.074,0.3354207716450933,0.46761312016919643
DCPS,9.67,10.37,-0.091,0.3354207716450933,0.46761312016919643
GTPBP1,29.21,31.16,-0.09,0.3354207716450933,0.46761312016919643
TMEM150C,18.89,18.35,0.04,0.3354207716450933,0.46761312016919643
MPEG1,29.48,30.44,-0.045,0.3354207716450933,0.46761312016919643
RAC3,41.48,42.27,-0.027,0.3354207716450933,0.46761312016919643
CAMTA2,17.64,15.94,0.138,0.3354207716450933,0.46761312016919643
CRIM1,49.55,43.95,0.17,0.3354207716450933,0.46761312016919643
TNFRSF4,10.73,12.85,-0.24,0.3354207716450933,0.46761312016919643
ANKRD39,3.01,2.76,0.095,0.3354207716450933,0.46761312016919643
CNTRL,8.58,9.52,-0.135,0.3354207716450933,0.46761312016919643
RCOR1,27.48,30.51,-0.146,0.3354207716450933,0.46761312016919643
IFT81,8.08,6.99,0.184,0.3354207716450933,0.46761312016919643
PRPF31,43.26,49.0,-0.176,0.3354207716450933,0.46761312016919643
PHACTR1,2.44,1.94,0.229,0.3354207716450933,0.46761312016919643
PRH2,0.38,1.11,-0.609,0.33722918958565007,0.47005241647794294
PIGB,6.49,6.03,0.091,0.3372323661955886,0.47005241647794294
SALL3,0.33,1.01,-0.599,0.33819026146259124,0.47134433927173186
MAPK8,11.05,10.79,0.03,0.3390534256144192,0.4714229610469361
SLC14A1,1.86,3.23,-0.563,0.3390534256144192,0.4714229610469361
NDUFA4,163.28,144.97,0.17,0.3390534256144192,0.4714229610469361
FLRT2,1.05,2.22,-0.65,0.3390518378194237,0.4714229610469361
ABCB9,2.66,2.27,0.163,0.3390534256144192,0.4714229610469361
RNF123,10.42,9.92,0.064,0.3390534256144192,0.4714229610469361
XRRA1,3.52,3.27,0.082,0.3390534256144192,0.4714229610469361
BANP,5.31,5.58,-0.061,0.3390534256144192,0.4714229610469361
ABI3BP,12.53,8.88,0.454,0.3390534256144192,0.4714229610469361
BACE1,7.77,8.2,-0.07,0.3390534256144192,0.4714229610469361
CHMP1A,50.54,53.97,-0.093,0.3390534256144192,0.4714229610469361
COG5,15.32,16.48,-0.099,0.3390534256144192,0.4714229610469361
PARP12,37.77,32.5,0.211,0.3390534256144192,0.4714229610469361
ANAPC10,2.83,2.66,0.066,0.3390534256144192,0.4714229610469361
FAXC,3.56,4.82,-0.35,0.3390534256144192,0.4714229610469361
UBE2A,49.88,58.97,-0.237,0.3390534256144192,0.4714229610469361
COL11A1,41.34,18.64,1.109,0.3390534256144192,0.4714229610469361
EVC,10.77,9.13,0.216,0.3390534256144192,0.4714229610469361
CLCN6,8.21,7.44,0.125,0.3390534256144192,0.4714229610469361
BCAR3,15.1,14.65,0.041,0.3390534256144192,0.4714229610469361
EGF,4.17,3.25,0.281,0.3390534256144192,0.4714229610469361
GPR176,8.31,9.65,-0.193,0.3390534256144192,0.4714229610469361
BLNK,4.97,5.22,-0.06,0.3390534256144192,0.4714229610469361
NLN,10.18,11.66,-0.179,0.3390534256144192,0.4714229610469361
HIVEP1,9.05,10.73,-0.223,0.3390534256144192,0.4714229610469361
HMCN1,5.99,6.05,-0.011,0.3390534256144192,0.4714229610469361
RBM24,1.16,2.08,-0.508,0.3427112247580508,0.47507405453914836
C12orf65,12.17,11.08,0.125,0.3427112247580508,0.47507405453914836
SNF8,21.84,20.28,0.102,0.3427112247580508,0.47507405453914836
RERG,9.83,9.79,0.005,0.3427112247580508,0.47507405453914836
VPS4B,46.32,52.64,-0.181,0.3427112247580508,0.47507405453914836
SHLD1,9.57,8.87,0.099,0.3427112247580508,0.47507405453914836
HINT1,77.29,83.68,-0.113,0.3427112247580508,0.47507405453914836
ADAM9,43.73,39.76,0.134,0.3427112247580508,0.47507405453914836
KIFAP3,25.71,25.56,0.008,0.3427112247580508,0.47507405453914836
DMC1,0.97,1.41,-0.29,0.3427112247580508,0.47507405453914836
ATP13A1,33.49,35.84,-0.095,0.3427112247580508,0.47507405453914836
DHRS4,10.81,11.84,-0.121,0.3427112247580508,0.47507405453914836
MEIS3,4.23,4.71,-0.128,0.3427112247580508,0.47507405453914836
RDH11,37.16,36.98,0.007,0.3427112247580508,0.47507405453914836
RPL30,193.71,174.12,0.153,0.3427112247580508,0.47507405453914836
MBP,9.35,8.22,0.167,0.3427112247580508,0.47507405453914836
NDUFC1,37.94,37.83,0.004,0.3427112247580508,0.47507405453914836
ARHGAP25,10.5,11.59,-0.132,0.3427112247580508,0.47507405453914836
NR1D1,22.97,26.96,-0.222,0.3427112247580508,0.47507405453914836
TRIM36,2.12,1.39,0.381,0.3427112247580508,0.47507405453914836
IQGAP1,115.58,102.45,0.172,0.3427112247580508,0.47507405453914836
OXA1L,77.36,78.86,-0.027,0.3427112247580508,0.47507405453914836
CDC34,88.52,77.67,0.186,0.3427112247580508,0.47507405453914836
HSPA13,38.61,37.71,0.033,0.3427112247580508,0.47507405453914836
SPIRE1,14.72,13.13,0.154,0.3427112247580508,0.47507405453914836
TIGD6,4.28,3.91,0.105,0.3427112247580508,0.47507405453914836
EXO5,4.3,3.79,0.145,0.3427112247580508,0.47507405453914836
CBR4,11.32,11.2,0.014,0.3427112247580508,0.47507405453914836
TCEAL7,5.6,4.66,0.223,0.3427112247580508,0.47507405453914836
C8orf76,4.55,3.89,0.185,0.3427112247580508,0.47507405453914836
INSM1,0.13,2.68,-1.701,0.34262076661944973,0.47507405453914836
SPIN1,58.41,62.29,-0.091,0.3427112247580508,0.47507405453914836
IRF4,5.82,6.89,-0.211,0.3427112247580508,0.47507405453914836
KLK12,55.75,4.15,3.463,0.34396990776566283,0.4767753680032584
GPR180,9.61,7.77,0.275,0.34639415138713103,0.47891221603646206
MTHFSD,7.39,8.32,-0.151,0.34639415138713103,0.47891221603646206
ENPP1,2.42,1.44,0.49,0.34639415138713103,0.47891221603646206
ZNF7,6.33,6.88,-0.104,0.34639415138713103,0.47891221603646206
PARVG,6.62,5.81,0.164,0.34639415138713103,0.47891221603646206
CLPTM1,95.99,103.56,-0.108,0.34639415138713103,0.47891221603646206
CYB561D1,8.62,9.1,-0.071,0.34639415138713103,0.47891221603646206
PTGER4,14.71,18.32,-0.299,0.34639415138713103,0.47891221603646206
BTBD7,11.11,12.29,-0.135,0.34639415138713103,0.47891221603646206
HIF1AN,13.44,14.08,-0.063,0.34639415138713103,0.47891221603646206
MGAT5,31.39,37.05,-0.232,0.34639415138713103,0.47891221603646206
FIBIN,19.26,12.77,0.557,0.34639415138713103,0.47891221603646206
C3orf70,1.27,2.37,-0.57,0.34639415138713103,0.47891221603646206
SIGLEC15,1.35,0.93,0.282,0.34639415138713103,0.47891221603646206
CEP120,5.41,5.08,0.076,0.34639415138713103,0.47891221603646206
AMBRA1,18.43,17.1,0.103,0.34639415138713103,0.47891221603646206
TMEM199,5.85,6.52,-0.135,0.34639415138713103,0.47891221603646206
TMED10,239.73,238.02,0.01,0.34639415138713103,0.47891221603646206
HP1BP3,59.3,58.1,0.029,0.34639415138713103,0.47891221603646206
KLRG1,1.96,1.72,0.123,0.34639415138713103,0.47891221603646206
CCDC97,40.84,46.51,-0.183,0.34639415138713103,0.47891221603646206
GTF3C1,32.66,36.41,-0.152,0.34639415138713103,0.47891221603646206
SRGAP2B,1.22,1.0,0.155,0.3463925659992515,0.47891221603646206
ATP5F1D,69.21,76.0,-0.133,0.34639415138713103,0.47891221603646206
BIN3,6.6,6.15,0.089,0.34639415138713103,0.47891221603646206
RCSD1,9.46,7.84,0.242,0.34639415138713103,0.47891221603646206
JUNB,346.99,320.13,0.116,0.34639415138713103,0.47891221603646206
LENG1,21.21,21.01,0.013,0.34639415138713103,0.47891221603646206
FAM76B,8.74,9.58,-0.119,0.350102185066024,0.4824145200170599
VSIG10,12.46,10.07,0.282,0.350102185066024,0.4824145200170599
KMT2B,22.17,25.94,-0.218,0.350102185066024,0.4824145200170599
FUBP3,29.61,31.43,-0.083,0.350102185066024,0.4824145200170599
COPRS,71.8,82.25,-0.194,0.350102185066024,0.4824145200170599
MYO18A,16.03,13.27,0.255,0.350102185066024,0.4824145200170599
DOK3,10.15,9.2,0.128,0.350102185066024,0.4824145200170599
KANK1,10.9,11.14,-0.029,0.350102185066024,0.4824145200170599
ELMO3,59.57,57.4,0.053,0.350102185066024,0.4824145200170599
C16orf72,11.9,13.11,-0.13,0.350102185066024,0.4824145200170599
JMJD6,18.33,16.77,0.121,0.350102185066024,0.4824145200170599
CDK12,18.81,19.78,-0.069,0.350102185066024,0.4824145200170599
FKBP15,18.62,17.29,0.101,0.350102185066024,0.4824145200170599
METTL16,11.68,12.46,-0.086,0.350102185066024,0.4824145200170599
TUBB2A,34.92,44.44,-0.339,0.350102185066024,0.4824145200170599
PLPP6,13.75,13.98,-0.023,0.350102185066024,0.4824145200170599
HACD1,5.53,4.3,0.301,0.350102185066024,0.4824145200170599
NRROS,9.82,9.66,0.022,0.350102185066024,0.4824145200170599
H2BC12,204.16,238.96,-0.226,0.350102185066024,0.4824145200170599
PLA2G2A,13.13,12.84,0.029,0.350102185066024,0.4824145200170599
ZCCHC7,17.88,20.63,-0.196,0.350102185066024,0.4824145200170599
LIPT1,6.01,5.63,0.079,0.350102185066024,0.4824145200170599
IER5L,13.39,9.15,0.504,0.350102185066024,0.4824145200170599
WLS,72.63,63.37,0.194,0.350102185066024,0.4824145200170599
TRAPPC13,10.0,9.23,0.104,0.350102185066024,0.4824145200170599
NAPRT,36.12,30.04,0.258,0.350102185066024,0.4824145200170599
SAXO2,4.91,4.89,0.005,0.350102185066024,0.4824145200170599
TNFRSF1B,56.83,52.39,0.115,0.350102185066024,0.4824145200170599
SAP18,101.7,95.03,0.097,0.350102185066024,0.4824145200170599
PPP1R12C,28.02,26.65,0.07,0.350102185066024,0.4824145200170599
FUT1,8.21,8.9,-0.104,0.350102185066024,0.4824145200170599
ATP5PO,19.71,17.63,0.153,0.350102185066024,0.4824145200170599
ALG13,11.25,10.77,0.058,0.350102185066024,0.4824145200170599
OSBPL2,15.99,15.52,0.041,0.350102185066024,0.4824145200170599
CCL4L2,11.1,14.28,-0.337,0.350102185066024,0.4824145200170599
TAC3,8.12,1.28,1.998,0.34915738541455377,0.4824145200170599
UBE2K,64.97,57.41,0.176,0.350102185066024,0.4824145200170599
SLC22A16,0.2,2.05,-1.353,0.3519624436467935,0.4848898627426309
CCDC87,1.01,1.0,0.011,0.35196086049948605,0.4848898627426309
ITGA11,17.41,8.42,0.967,0.35383530259672213,0.48663164228767986
TAF1D,19.59,21.21,-0.11,0.35383530259672213,0.48663164228767986
AMOT,9.25,10.23,-0.133,0.35383530259672213,0.48663164228767986
FBXO32,27.96,28.12,-0.008,0.35383530259672213,0.48663164228767986
ZNF660,1.3,1.18,0.079,0.35383372031365534,0.48663164228767986
JPH2,1.58,1.28,0.178,0.35383530259672213,0.48663164228767986
EPSTI1,22.24,17.92,0.296,0.35383530259672213,0.48663164228767986
FBH1,26.19,27.38,-0.062,0.35383530259672213,0.48663164228767986
GREB1L,1.3,0.8,0.353,0.35383372031365534,0.48663164228767986
LY9,1.56,1.77,-0.115,0.35383530259672213,0.48663164228767986
QDPR,30.09,28.8,0.061,0.35383530259672213,0.48663164228767986
SYMPK,33.12,35.0,-0.078,0.35383530259672213,0.48663164228767986
SDHA,2.29,2.28,0.006,0.35383530259672213,0.48663164228767986
BRD8,21.99,21.69,0.019,0.35383530259672213,0.48663164228767986
SLC16A10,2.0,2.22,-0.1,0.35383530259672213,0.48663164228767986
AGAP1,10.84,9.08,0.232,0.35383530259672213,0.48663164228767986
ITGAV,85.07,82.92,0.037,0.35383530259672213,0.48663164228767986
LDB1,82.4,90.78,-0.138,0.35383530259672213,0.48663164228767986
RBM39,47.77,51.95,-0.119,0.35383530259672213,0.48663164228767986
ANAPC15,4.16,4.49,-0.089,0.355709678401096,0.48912092894812664
SUPT20H,11.52,10.53,0.118,0.355709678401096,0.48912092894812664
OTUB2,2.93,3.13,-0.069,0.3575934780037221,0.49068982219206553
LILRA1,1.09,1.47,-0.239,0.357591897537066,0.49068982219206553
CNIH3,3.01,2.44,0.22,0.3575934780037221,0.49068982219206553
PIK3R1,17.53,19.66,-0.157,0.3575934780037221,0.49068982219206553
SPTBN5,2.17,1.56,0.309,0.3575934780037221,0.49068982219206553
MFSD11,15.1,13.32,0.169,0.3575934780037221,0.49068982219206553
MPC2,46.83,45.53,0.04,0.3575934780037221,0.49068982219206553
KRTCAP2,4.14,3.56,0.174,0.3575934780037221,0.49068982219206553
SMCHD1,15.33,18.1,-0.226,0.3575934780037221,0.49068982219206553
FAM78B,0.78,1.03,-0.191,0.3575934780037221,0.49068982219206553
SIK2,19.1,17.25,0.139,0.3575934780037221,0.49068982219206553
CETN2,123.99,122.19,0.021,0.3575934780037221,0.49068982219206553
MARVELD1,68.56,75.74,-0.142,0.3575934780037221,0.49068982219206553
FBXO4,16.5,18.13,-0.128,0.3575934780037221,0.49068982219206553
SLC22A5,3.93,3.52,0.123,0.3575934780037221,0.49068982219206553
SCUBE3,7.72,5.88,0.343,0.3575934780037221,0.49068982219206553
CCL21,173.58,204.02,-0.232,0.3575934780037221,0.49068982219206553
ZNF808,4.11,4.0,0.032,0.3575934780037221,0.49068982219206553
EXOC2,25.25,23.75,0.085,0.3575934780037221,0.49068982219206553
ADAM22,1.14,1.95,-0.46,0.3575934780037221,0.49068982219206553
SART1,58.88,64.78,-0.136,0.3575934780037221,0.49068982219206553
ST6GALNAC3,1.75,2.07,-0.161,0.3575934780037221,0.49068982219206553
PYGO1,3.41,4.48,-0.315,0.3575934780037221,0.49068982219206553
VNN1,3.54,3.07,0.155,0.36137668251937893,0.4947639846370122
PDLIM5,27.61,29.38,-0.086,0.36137668251937893,0.4947639846370122
PIP5K1C,29.03,26.6,0.121,0.36137668251937893,0.4947639846370122
DDX20,10.53,11.79,-0.151,0.36137668251937893,0.4947639846370122
NBPF9,3.32,2.92,0.139,0.36137668251937893,0.4947639846370122
ZBTB37,3.03,2.79,0.089,0.36137668251937893,0.4947639846370122
HSBP1,41.68,49.58,-0.245,0.36137668251937893,0.4947639846370122
PKN3,13.29,12.8,0.05,0.36137668251937893,0.4947639846370122
B3GNT2,52.99,59.98,-0.176,0.36137668251937893,0.4947639846370122
CRAMP1,5.92,6.52,-0.121,0.36137668251937893,0.4947639846370122
TMEM203,75.18,82.47,-0.132,0.36137668251937893,0.4947639846370122
SEC23A,27.26,25.92,0.07,0.36137668251937893,0.4947639846370122
RACK1,559.81,545.36,0.038,0.36137668251937893,0.4947639846370122
TNFRSF1A,148.83,144.46,0.043,0.36137668251937893,0.4947639846370122
ESYT1,81.11,85.26,-0.071,0.36137668251937893,0.4947639846370122
GLE1,34.94,39.67,-0.178,0.36137668251937893,0.4947639846370122
L3MBTL4,2.96,4.04,-0.348,0.36137668251937893,0.4947639846370122
SLC19A3,3.36,1.85,0.612,0.36137668251937893,0.4947639846370122
SAP30L,15.44,14.65,0.072,0.36137668251937893,0.4947639846370122
AVIL,4.16,3.34,0.247,0.36137668251937893,0.4947639846370122
KBTBD2,41.7,40.53,0.04,0.36137668251937893,0.4947639846370122
BAG2,8.45,10.5,-0.283,0.36137668251937893,0.4947639846370122
GINM1,67.65,61.35,0.139,0.36137668251937893,0.4947639846370122
MRPL28,57.61,61.5,-0.093,0.36137668251937893,0.4947639846370122
SCN9A,1.88,4.79,-1.007,0.3613751040463393,0.4947639846370122
AC008687.4,1.0,0.65,0.281,0.36327608352658525,0.4972748479159753
MTRF1L,3.82,4.14,-0.094,0.36327608352658525,0.4972748479159753
SERPINA4,4.51,0.33,2.054,0.36376181634166993,0.49789488970081003
H2AC14,0.55,7.04,-2.373,0.3638001511163914,0.4979025039105787
POLR1F,24.09,25.18,-0.061,0.36518488456974585,0.498674631607779
ULK2,8.18,9.12,-0.141,0.36518488456974585,0.498674631607779
RTF2,51.16,54.2,-0.082,0.36518488456974585,0.498674631607779
MEFV,1.09,1.57,-0.297,0.36518488456974585,0.498674631607779
SMIM4,12.38,11.36,0.115,0.36518488456974585,0.498674631607779
BCL3,95.54,86.96,0.134,0.36518488456974585,0.498674631607779
PITRM1,17.5,14.78,0.229,0.36518488456974585,0.498674631607779
CCAR2,31.26,34.08,-0.121,0.36518488456974585,0.498674631607779
CD200R1,1.76,2.08,-0.156,0.36518488456974585,0.498674631607779
TXNRD1,223.63,191.88,0.22,0.36518488456974585,0.498674631607779
DNER,4.44,5.42,-0.238,0.36518488456974585,0.498674631607779
NINL,11.73,10.15,0.191,0.36518488456974585,0.498674631607779
TMEM223,24.47,27.16,-0.145,0.36518488456974585,0.498674631607779
ZNF287,2.07,2.38,-0.139,0.36518488456974585,0.498674631607779
ARHGEF26,20.17,22.44,-0.147,0.36518488456974585,0.498674631607779
MEF2A,23.13,23.51,-0.023,0.36518488456974585,0.498674631607779
C1orf189,5.22,5.69,-0.106,0.3651833082683916,0.498674631607779
NFU1,52.45,48.72,0.104,0.36518488456974585,0.498674631607779
GAD1,1.48,2.98,-0.684,0.36518488456974585,0.498674631607779
TMEM71,2.85,2.84,0.004,0.36518488456974585,0.498674631607779
RARRES2,160.87,139.1,0.208,0.36518488456974585,0.498674631607779
MCTS1,13.45,13.24,0.021,0.36518488456974585,0.498674631607779
PIGF,5.05,5.87,-0.183,0.36518488456974585,0.498674631607779
EGR3,6.9,7.06,-0.029,0.3651833082683916,0.498674631607779
ZC3H4,22.79,24.86,-0.121,0.36518488456974585,0.498674631607779
CDPF1,16.99,17.27,-0.022,0.3670967738843909,0.501240342017215
GPHB5,0.02,2.85,-1.913,0.36719642948142817,0.5013313581156846
ACKR1,32.96,24.79,0.397,0.3690180497609069,0.5024638134089854
VPS13A,5.83,5.57,0.056,0.3690180497609069,0.5024638134089854
KCNE4,15.57,5.91,1.261,0.3690180497609069,0.5024638134089854
ZCCHC9,12.89,12.39,0.053,0.3690180497609069,0.5024638134089854
ABHD4,45.66,54.63,-0.254,0.3690180497609069,0.5024638134089854
PELO,25.96,23.98,0.11,0.3690180497609069,0.5024638134089854
NFKBID,7.61,6.53,0.195,0.3690180497609069,0.5024638134089854
CBFB,41.88,46.33,-0.142,0.3690180497609069,0.5024638134089854
CNOT4,11.03,12.28,-0.142,0.3690180497609069,0.5024638134089854
ALG12,8.92,9.03,-0.016,0.3690180497609069,0.5024638134089854
FAM124A,1.31,1.6,-0.167,0.3690180497609069,0.5024638134089854
EXOG,3.77,4.38,-0.173,0.3690180497609069,0.5024638134089854
WNT2,8.61,7.46,0.183,0.3690180497609069,0.5024638134089854
IFI27L1,12.35,12.61,-0.029,0.3690180497609069,0.5024638134089854
IPO7,89.02,82.25,0.113,0.3690180497609069,0.5024638134089854
DGCR2,112.96,98.63,0.194,0.3690180497609069,0.5024638134089854
S100A14,512.52,486.13,0.076,0.3690180497609069,0.5024638134089854
TSPAN32,1.65,1.47,0.099,0.3690180497609069,0.5024638134089854
ERO1A,79.94,69.18,0.206,0.3690180497609069,0.5024638134089854
SH3BGRL3,595.83,599.75,-0.009,0.3690180497609069,0.5024638134089854
STK36,13.0,11.93,0.114,0.3690180497609069,0.5024638134089854
CCR8,1.72,1.93,-0.109,0.3690164758101382,0.5024638134089854
REL,3.96,4.36,-0.113,0.3690180497609069,0.5024638134089854
VGF,1.01,15.43,-3.032,0.36901175388974805,0.5024638134089854
C1orf54,19.41,16.5,0.222,0.3690180497609069,0.5024638134089854
E2F3,17.33,20.49,-0.229,0.3690180497609069,0.5024638134089854
LAMA4,19.75,17.43,0.171,0.3690180497609069,0.5024638134089854
IFIH1,25.05,22.93,0.123,0.3690180497609069,0.5024638134089854
P3H1,23.25,24.1,-0.05,0.3690180497609069,0.5024638134089854
RAI1,20.71,18.19,0.178,0.3690180497609069,0.5024638134089854
PSMB2,94.87,96.24,-0.02,0.37287614086580556,0.5068540044890565
DNMT3A,13.91,16.18,-0.205,0.37287614086580556,0.5068540044890565
MPPE1,8.25,8.11,0.022,0.37287614086580556,0.5068540044890565
CBX7,13.62,11.68,0.205,0.37287614086580556,0.5068540044890565
UBE4A,19.11,16.82,0.174,0.37287614086580556,0.5068540044890565
TUG1,33.07,36.74,-0.147,0.37287614086580556,0.5068540044890565
STAT1,122.99,128.58,-0.064,0.37287614086580556,0.5068540044890565
BBS4,14.87,15.92,-0.093,0.37287614086580556,0.5068540044890565
TSR3,81.79,79.24,0.045,0.37287614086580556,0.5068540044890565
TRAPPC12,16.47,15.39,0.093,0.37287614086580556,0.5068540044890565
SUZ12,26.48,30.13,-0.18,0.37287614086580556,0.5068540044890565
TRAF4,67.84,61.88,0.131,0.37287614086580556,0.5068540044890565
GCH1,19.51,26.7,-0.434,0.37287614086580556,0.5068540044890565
CPA3,55.78,45.46,0.29,0.37287614086580556,0.5068540044890565
BCAS2,95.52,108.86,-0.187,0.37287614086580556,0.5068540044890565
PDP2,6.61,8.12,-0.262,0.37287614086580556,0.5068540044890565
RPS6KA6,2.14,3.48,-0.515,0.37287614086580556,0.5068540044890565
TBC1D22B,23.81,23.43,0.022,0.37287614086580556,0.5068540044890565
ZFAND3,78.56,73.1,0.103,0.37287614086580556,0.5068540044890565
JHY,2.86,2.52,0.133,0.37481295113692636,0.5094411492774488
ANKS1A,26.9,22.3,0.26,0.376759117811582,0.5105790096254897
CAPN7,17.62,17.07,0.043,0.376759117811582,0.5105790096254897
SLC16A11,4.95,3.63,0.362,0.376759117811582,0.5105790096254897
ATF6,36.39,33.49,0.117,0.376759117811582,0.5105790096254897
ISLR,114.42,82.83,0.461,0.376759117811582,0.5105790096254897
VPS18,35.08,32.19,0.12,0.376759117811582,0.5105790096254897
MOGS,84.97,86.48,-0.025,0.376759117811582,0.5105790096254897
CARMIL1,15.67,17.85,-0.177,0.376759117811582,0.5105790096254897
SNX5,38.16,43.17,-0.174,0.376759117811582,0.5105790096254897
C17orf97,3.19,2.83,0.128,0.376759117811582,0.5105790096254897
SRPRA,175.14,158.25,0.145,0.376759117811582,0.5105790096254897
CD14,190.63,191.63,-0.008,0.376759117811582,0.5105790096254897
HIC1,3.96,3.3,0.206,0.376759117811582,0.5105790096254897
MRPL12,20.08,22.75,-0.172,0.376759117811582,0.5105790096254897
SIK3,12.05,12.62,-0.062,0.376759117811582,0.5105790096254897
FBXW7,7.52,6.21,0.241,0.376759117811582,0.5105790096254897
RABL3,14.04,13.2,0.083,0.376759117811582,0.5105790096254897
BFSP1,3.51,4.5,-0.287,0.376759117811582,0.5105790096254897
TNFAIP8L3,6.25,5.25,0.213,0.376759117811582,0.5105790096254897
FLI1,9.97,8.69,0.178,0.376759117811582,0.5105790096254897
TDRD3,7.23,6.72,0.093,0.376759117811582,0.5105790096254897
ALKBH1,12.24,14.39,-0.216,0.376759117811582,0.5105790096254897
ZMAT5,10.63,9.93,0.089,0.376759117811582,0.5105790096254897
FOXL1,3.06,2.15,0.365,0.376759117811582,0.5105790096254897
H3C10,13.04,22.84,-0.764,0.376759117811582,0.5105790096254897
PACRG,3.02,3.64,-0.209,0.376759117811582,0.5105790096254897
LRIG2,5.07,5.59,-0.118,0.376759117811582,0.5105790096254897
PCDHGB2,1.22,1.48,-0.162,0.376759117811582,0.5105790096254897
RHOT1,22.68,21.69,0.061,0.376759117811582,0.5105790096254897
TRMT5,11.0,11.87,-0.101,0.376759117811582,0.5105790096254897
MRPL1,39.14,35.74,0.128,0.376759117811582,0.5105790096254897
NPM2,3.92,5.21,-0.335,0.376759117811582,0.5105790096254897
ZNF555,1.97,1.94,0.016,0.376759117811582,0.5105790096254897
COX8C,1.29,2.35,-0.548,0.3791150448670838,0.5137259076583663
WDR46,66.89,62.9,0.087,0.3806669376674211,0.5148644871344368
RGS4,3.68,6.11,-0.605,0.3806669376674211,0.5148644871344368
NRAS,65.03,77.37,-0.247,0.3806669376674211,0.5148644871344368
AL121753.1,0.96,1.17,-0.149,0.3806669376674211,0.5148644871344368
SLITRK6,16.02,14.41,0.143,0.3806669376674211,0.5148644871344368
NR2C2,11.07,9.92,0.144,0.3806669376674211,0.5148644871344368
COL18A1,70.09,55.13,0.341,0.3806669376674211,0.5148644871344368
LTBP1,35.08,48.48,-0.456,0.3806669376674211,0.5148644871344368
TSSC4,43.11,41.22,0.063,0.3806669376674211,0.5148644871344368
ZNF559,4.88,4.81,0.018,0.3806669376674211,0.5148644871344368
HECTD4,8.66,9.18,-0.076,0.3806669376674211,0.5148644871344368
ZNF527,2.53,2.91,-0.146,0.3806669376674211,0.5148644871344368
SCO1,7.73,8.44,-0.112,0.3806669376674211,0.5148644871344368
PTPN7,7.54,9.11,-0.243,0.3806669376674211,0.5148644871344368
TGFB1,95.95,101.94,-0.086,0.3806669376674211,0.5148644871344368
ZNF282,35.85,39.4,-0.133,0.3806669376674211,0.5148644871344368
RWDD4,13.04,14.06,-0.101,0.3806669376674211,0.5148644871344368
ATP5PB,126.92,138.0,-0.12,0.3806669376674211,0.5148644871344368
SKA2,40.45,44.3,-0.128,0.3806669376674211,0.5148644871344368
B4GALT2,43.66,45.11,-0.046,0.3806669376674211,0.5148644871344368
PLA2G4D,0.72,3.15,-1.275,0.38066537184964644,0.5148644871344368
PARP9,41.02,37.66,0.12,0.3845995546329193,0.518245767941281
RNF114,66.06,71.64,-0.115,0.3845995546329193,0.518245767941281
CLGN,5.15,7.42,-0.454,0.38459799188900323,0.518245767941281
SELENOM,75.12,72.16,0.057,0.3845995546329193,0.518245767941281
LYZ,710.75,537.09,0.404,0.3845995546329193,0.518245767941281
XRCC5,178.59,192.33,-0.106,0.3845995546329193,0.518245767941281
SPG7,7.39,8.14,-0.123,0.3845995546329193,0.518245767941281
CCDC28B,4.4,6.93,-0.554,0.38459799188900323,0.518245767941281
ZHX1,20.11,18.41,0.121,0.3845995546329193,0.518245767941281
ATPSCKMT,13.89,15.98,-0.189,0.3845995546329193,0.518245767941281
TAPBPL,40.04,37.61,0.088,0.3845995546329193,0.518245767941281
SOX12,23.99,30.39,-0.329,0.3845995546329193,0.518245767941281
MSN,377.63,343.13,0.138,0.3845995546329193,0.518245767941281
CTSG,3.33,3.2,0.044,0.3845839266749569,0.518245767941281
RGS19,37.64,36.94,0.027,0.3845995546329193,0.518245767941281
LPP,20.94,17.51,0.245,0.3845995546329193,0.518245767941281
MCTP1,3.53,3.37,0.051,0.3845995546329193,0.518245767941281
OOEP,0.83,1.3,-0.33,0.3840299531190784,0.518245767941281
LCOR,5.39,4.67,0.173,0.3845995546329193,0.518245767941281
IRAK1,137.81,151.41,-0.135,0.3845995546329193,0.518245767941281
ITGAX,20.8,18.93,0.129,0.3845995546329193,0.518245767941281
LIPE,3.18,3.14,0.014,0.3845995546329193,0.518245767941281
ABITRAM,28.34,28.51,-0.008,0.3845995546329193,0.518245767941281
ZNF573,1.32,1.7,-0.22,0.3845995546329193,0.518245767941281
ASNSD1,21.18,20.38,0.052,0.3845995546329193,0.518245767941281
DNAJC21,23.76,27.37,-0.196,0.3845995546329193,0.518245767941281
ZFYVE1,16.05,14.75,0.114,0.3845995546329193,0.518245767941281
ERAP2,24.96,22.84,0.123,0.3845995546329193,0.518245767941281
NDUFA1,524.8,590.71,-0.17,0.3845995546329193,0.518245767941281
TUT4,7.09,7.79,-0.12,0.3845995546329193,0.518245767941281
MMACHC,5.64,6.65,-0.204,0.3845995546329193,0.518245767941281
NGF,6.69,7.83,-0.2,0.3845995546329193,0.518245767941281
PPP2R1B,19.26,19.12,0.01,0.3845995546329193,0.518245767941281
ZNF106,19.26,19.72,-0.032,0.3845995546329193,0.518245767941281
WAS,23.38,21.76,0.099,0.3845995546329193,0.518245767941281
RPL29,780.08,664.82,0.23,0.3845995546329193,0.518245767941281
XPC,12.36,11.28,0.121,0.3845995546329193,0.518245767941281
CWC25,23.6,21.74,0.114,0.3845995546329193,0.518245767941281
LRFN3,11.02,12.73,-0.192,0.3845995546329193,0.518245767941281
P2RY2,4.6,5.34,-0.178,0.3845995546329193,0.518245767941281
ALDH5A1,13.64,12.35,0.134,0.3845995546329193,0.518245767941281
TMEM267,18.52,21.27,-0.191,0.3845995546329193,0.518245767941281
PDX1,1.4,0.4,0.78,0.3872233848747543,0.5217350910253762
SOX14,2.98,9.65,-1.419,0.38727263574039017,0.5217551791082511
C14orf93,6.23,5.96,0.055,0.38855692002697584,0.522004181268887
PRUNE1,44.9,48.84,-0.119,0.38855692002697584,0.522004181268887
PPP1R3E,5.0,6.41,-0.305,0.38855692002697584,0.522004181268887
PPP1R21,25.06,23.61,0.083,0.38855692002697584,0.522004181268887
TSTD2,5.59,6.05,-0.095,0.38855692002697584,0.522004181268887
NCKAP5L,15.09,13.59,0.141,0.38855692002697584,0.522004181268887
CD300LB,1.47,1.5,-0.013,0.38855692002697584,0.522004181268887
UHRF1BP1L,9.07,9.69,-0.087,0.38855692002697584,0.522004181268887
IPO11,9.59,10.04,-0.059,0.38855692002697584,0.522004181268887
THAP7,33.12,35.4,-0.093,0.38855692002697584,0.522004181268887
L3MBTL3,6.09,6.49,-0.079,0.38855692002697584,0.522004181268887
AKAP10,20.21,20.58,-0.025,0.38855692002697584,0.522004181268887
ARV1,34.4,31.71,0.114,0.38855692002697584,0.522004181268887
MPV17,30.37,31.84,-0.066,0.38855692002697584,0.522004181268887
WDR59,13.21,14.34,-0.11,0.38855692002697584,0.522004181268887
DCHS1,7.36,6.69,0.119,0.38855692002697584,0.522004181268887
OXER1,3.49,4.03,-0.165,0.38855692002697584,0.522004181268887
PCNX3,38.66,43.18,-0.156,0.38855692002697584,0.522004181268887
VEGFD,19.42,11.24,0.738,0.38855692002697584,0.522004181268887
HM13,76.33,74.7,0.031,0.38855692002697584,0.522004181268887
RWDD1,22.76,24.02,-0.075,0.38855692002697584,0.522004181268887
ITLN2,14.1,6.53,1.005,0.38850233108074206,0.522004181268887
CDC42BPG,23.93,21.35,0.158,0.38855692002697584,0.522004181268887
PLEC,111.91,114.36,-0.031,0.38855692002697584,0.522004181268887
CDC26,22.47,24.63,-0.127,0.38855692002697584,0.522004181268887
GLIPR2,56.37,44.23,0.343,0.38855692002697584,0.522004181268887
ZNF451,7.09,7.47,-0.066,0.38855692002697584,0.522004181268887
NRSN2,51.28,47.08,0.121,0.38855692002697584,0.522004181268887
GNPAT,64.82,61.29,0.079,0.38855692002697584,0.522004181268887
CD48,7.29,8.36,-0.175,0.38855692002697584,0.522004181268887
GPR89B,1.95,2.1,-0.073,0.38855692002697584,0.522004181268887
SNX29,9.46,9.63,-0.024,0.38855692002697584,0.522004181268887
TCEAL5,0.46,1.7,-0.887,0.3904591266006143,0.5245133077314884
CAPN6,11.2,5.58,0.891,0.3905433095909586,0.5245800108403709
RNF139,53.46,44.25,0.267,0.3925389822772175,0.5260050059744016
ZDHHC20,60.58,53.32,0.181,0.3925389822772175,0.5260050059744016
ING3,7.85,7.63,0.036,0.3925389822772175,0.5260050059744016
UBN1,27.75,31.45,-0.175,0.3925389822772175,0.5260050059744016
N4BP3,5.3,4.99,0.073,0.3925389822772175,0.5260050059744016
PDIA3,474.68,408.95,0.215,0.3925389822772175,0.5260050059744016
PSMC5,79.14,85.03,-0.102,0.3925389822772175,0.5260050059744016
GPRASP1,2.94,2.9,0.015,0.3925389822772175,0.5260050059744016
GALR2,2.26,0.87,0.803,0.3925234212764057,0.5260050059744016
PTGER3,1.32,0.58,0.552,0.3925389822772175,0.5260050059744016
HLF,12.76,7.99,0.614,0.3925389822772175,0.5260050059744016
SCAF1,65.48,70.49,-0.105,0.3925389822772175,0.5260050059744016
SPECC1,4.65,4.67,-0.006,0.3925389822772175,0.5260050059744016
RAC2,92.68,102.0,-0.137,0.3925389822772175,0.5260050059744016
MRPL15,91.67,90.55,0.018,0.3925389822772175,0.5260050059744016
RNF144B,29.46,31.12,-0.077,0.3925389822772175,0.5260050059744016
CD84,7.02,7.18,-0.028,0.3925389822772175,0.5260050059744016
IL11RA,7.34,7.2,0.023,0.3925389822772175,0.5260050059744016
LTA,1.73,1.96,-0.118,0.3925389822772175,0.5260050059744016
TCTN1,10.72,9.35,0.18,0.3925389822772175,0.5260050059744016
ZNF783,8.35,9.23,-0.129,0.3925389822772175,0.5260050059744016
C11orf95,10.79,11.49,-0.083,0.3925389822772175,0.5260050059744016
COL15A1,31.96,32.23,-0.012,0.3925389822772175,0.5260050059744016
RNLS,5.35,4.55,0.194,0.3925389822772175,0.5260050059744016
ZNF334,2.4,3.28,-0.334,0.3925389822772175,0.5260050059744016
PCSK6,2.18,1.99,0.087,0.3925389822772175,0.5260050059744016
RANBP6,20.05,19.96,0.006,0.3925389822772175,0.5260050059744016
APLNR,13.35,13.34,0.0,0.39453770355483475,0.5286366813747777
EIF1AY,6.98,9.08,-0.337,0.3949608998745603,0.5291570504227685
SARS1,123.93,115.23,0.104,0.3965441344855476,0.5299251140138082
D2HGDH,15.97,12.38,0.343,0.3965456869099575,0.5299251140138082
ZMYM3,26.82,25.27,0.083,0.3965456869099575,0.5299251140138082
NGLY1,10.23,10.11,0.016,0.3965456869099575,0.5299251140138082
MTERF2,6.34,6.1,0.048,0.3965456869099575,0.5299251140138082
TNFRSF17,9.46,10.26,-0.107,0.3965456869099575,0.5299251140138082
ACER2,5.29,4.78,0.123,0.3965456869099575,0.5299251140138082
DHX16,43.41,44.61,-0.038,0.3965456869099575,0.5299251140138082
WASHC2C,16.58,15.57,0.085,0.3965456869099575,0.5299251140138082
SS18,43.13,45.36,-0.071,0.3965456869099575,0.5299251140138082
HOXA5,12.7,10.57,0.245,0.3965456869099575,0.5299251140138082
ZNF160,11.05,10.3,0.092,0.3965456869099575,0.5299251140138082
FARP2,7.99,8.27,-0.043,0.3965456869099575,0.5299251140138082
HNRNPH3,55.98,59.98,-0.098,0.3965456869099575,0.5299251140138082
ACADVL,161.56,146.28,0.142,0.3965456869099575,0.5299251140138082
KLHL17,10.56,9.02,0.207,0.3965456869099575,0.5299251140138082
FASN,144.53,126.55,0.19,0.3965456869099575,0.5299251140138082
MT-ND4L,4574.12,4082.57,0.164,0.3965456869099575,0.5299251140138082
PROS1,35.69,29.5,0.266,0.3965456869099575,0.5299251140138082
IDH3G,67.87,62.7,0.113,0.3965456869099575,0.5299251140138082
NAGK,24.93,26.41,-0.08,0.3965456869099575,0.5299251140138082
SPATA18,10.75,9.97,0.1,0.3965456869099575,0.5299251140138082
SMIM30,61.54,59.7,0.043,0.3965456869099575,0.5299251140138082
CYLD,13.07,12.24,0.087,0.3965441344855476,0.5299251140138082
TGFBI,118.91,125.7,-0.079,0.3965456869099575,0.5299251140138082
APP,397.27,447.67,-0.172,0.3965456869099575,0.5299251140138082
PTPN6,51.23,50.29,0.026,0.3965456869099575,0.5299251140138082
ERCC2,12.94,14.48,-0.152,0.3965456869099575,0.5299251140138082
ZNF581,38.54,40.23,-0.06,0.3965456869099575,0.5299251140138082
FOXP3,4.91,6.16,-0.277,0.40057697654070035,0.534044050946197
NUDT8,20.9,25.86,-0.295,0.40057697654070035,0.534044050946197
SEMA4D,11.26,13.06,-0.198,0.40057697654070035,0.534044050946197
PRICKLE1,2.52,2.12,0.174,0.40057697654070035,0.534044050946197
WDR5B,9.16,10.46,-0.174,0.40057697654070035,0.534044050946197
ISCA1,30.66,34.11,-0.149,0.40057697654070035,0.534044050946197
CENPX,96.85,91.55,0.08,0.40057542792410117,0.534044050946197
GRIA1,1.86,1.32,0.305,0.40057078200424956,0.534044050946197
DNAJC27,3.7,3.98,-0.082,0.40057697654070035,0.534044050946197
H3-3B,347.01,369.61,-0.091,0.40057697654070035,0.534044050946197
GTF3C4,17.04,18.72,-0.128,0.40057697654070035,0.534044050946197
SFT2D2,28.27,25.33,0.153,0.40057697654070035,0.534044050946197
FAM3C,65.02,60.99,0.091,0.40057697654070035,0.534044050946197
SGK3,5.07,4.78,0.07,0.40057697654070035,0.534044050946197
UBALD2,132.04,144.92,-0.133,0.40057697654070035,0.534044050946197
MCF2L,4.69,4.03,0.178,0.40057697654070035,0.534044050946197
SUMO2,144.49,156.51,-0.115,0.40057697654070035,0.534044050946197
MRM1,15.49,16.74,-0.105,0.40057697654070035,0.534044050946197
FAM160B2,24.16,20.9,0.2,0.40057697654070035,0.534044050946197
RAB33A,3.49,3.8,-0.097,0.40057697654070035,0.534044050946197
GPR82,1.01,0.96,0.037,0.40057697654070035,0.534044050946197
SLC25A44,22.82,21.27,0.097,0.40057697654070035,0.534044050946197
TBC1D10A,9.11,8.73,0.055,0.40057697654070035,0.534044050946197
ZNF827,3.82,3.62,0.062,0.40057697654070035,0.534044050946197
FAM219A,22.86,28.09,-0.286,0.40057697654070035,0.534044050946197
BRCC3,30.39,27.03,0.163,0.40057697654070035,0.534044050946197
CLN8,5.56,5.19,0.084,0.40057697654070035,0.534044050946197
MEGF11,1.67,0.34,1.001,0.4026002753561426,0.5366943918123958
TUT1,11.58,10.65,0.111,0.4046327908651951,0.5381761351321815
FCGR1A,6.67,6.5,0.031,0.4046327908651951,0.5381761351321815
AP3B1,31.47,33.09,-0.07,0.40463124624130675,0.5381761351321815
GALNT18,33.84,37.5,-0.144,0.4046327908651951,0.5381761351321815
ZNF232,9.52,9.21,0.043,0.4046327908651951,0.5381761351321815
FASTK,76.14,67.41,0.173,0.4046327908651951,0.5381761351321815
GPM6B,7.31,7.27,0.007,0.4046327908651951,0.5381761351321815
RXRG,2.45,1.57,0.425,0.40461734409948424,0.5381761351321815
UBAP1L,1.12,1.37,-0.166,0.4046327908651951,0.5381761351321815
CH25H,27.65,21.87,0.325,0.4046327908651951,0.5381761351321815
DLX3,5.45,6.25,-0.168,0.4046327908651951,0.5381761351321815
TTC26,9.32,8.55,0.112,0.4046327908651951,0.5381761351321815
RDH10,57.15,67.06,-0.227,0.4046327908651951,0.5381761351321815
ANKRD61,1.53,1.33,0.121,0.4046327908651951,0.5381761351321815
TSNAXIP1,1.72,2.05,-0.169,0.4046327908651951,0.5381761351321815
FMO3,11.88,21.06,-0.777,0.4046327908651951,0.5381761351321815
PIGU,40.06,41.48,-0.049,0.4046327908651951,0.5381761351321815
CUTC,27.4,25.37,0.107,0.4046327908651951,0.5381761351321815
RPP21,1.4,1.58,-0.104,0.4046327908651951,0.5381761351321815
ZNF572,2.67,2.82,-0.059,0.4046327908651951,0.5381761351321815
GRPEL1,28.91,30.96,-0.096,0.4046327908651951,0.5381761351321815
NOA1,36.42,38.27,-0.069,0.4046327908651951,0.5381761351321815
GIMAP7,43.5,35.17,0.299,0.4046327908651951,0.5381761351321815
RBM15,8.98,10.25,-0.172,0.4046327908651951,0.5381761351321815
MLYCD,2.72,2.63,0.037,0.4046327908651951,0.5381761351321815
UBFD1,27.17,29.16,-0.099,0.4046327908651951,0.5381761351321815
CBWD1,1.9,2.22,-0.154,0.4066683325840341,0.540836132436032
PARP15,3.55,3.2,0.117,0.4087115262052603,0.5415644184222316
CCN2,365.27,267.95,0.446,0.4087130666510437,0.5415644184222316
CEP162,4.99,5.71,-0.163,0.4087130666510437,0.5415644184222316
ZNF821,2.45,2.31,0.063,0.4087130666510437,0.5415644184222316
TAF9B,32.63,34.88,-0.093,0.4087130666510437,0.5415644184222316
ESPNL,1.46,1.13,0.209,0.4087130666510437,0.5415644184222316
MFSD4B,2.77,2.73,0.013,0.4087130666510437,0.5415644184222316
FAM180A,1.77,1.27,0.284,0.4087130666510437,0.5415644184222316
SAA2,3.88,6.63,-0.646,0.4087130666510437,0.5415644184222316
DPT,14.76,12.18,0.258,0.4087130666510437,0.5415644184222316
GALT,9.56,9.94,-0.05,0.4087130666510437,0.5415644184222316
FBLN2,55.8,64.95,-0.215,0.4087130666510437,0.5415644184222316
TRIM62,7.7,8.44,-0.118,0.4087130666510437,0.5415644184222316
ASPSCR1,12.52,14.45,-0.192,0.4087130666510437,0.5415644184222316
PRKAR1B,17.19,20.05,-0.211,0.4087130666510437,0.5415644184222316
RWDD2B,19.39,17.92,0.108,0.4087130666510437,0.5415644184222316
RNF225,1.8,1.46,0.182,0.40868225550540205,0.5415644184222316
ZNF37A,4.88,4.52,0.09,0.4087130666510437,0.5415644184222316
F5,5.55,1.92,1.167,0.4087130666510437,0.5415644184222316
CTR9,33.23,31.96,0.055,0.4087130666510437,0.5415644184222316
ATAD3A,28.55,30.46,-0.09,0.4087130666510437,0.5415644184222316
ZNF417,5.16,4.93,0.056,0.4087130666510437,0.5415644184222316
ROMO1,261.15,268.92,-0.042,0.4087130666510437,0.5415644184222316
HUWE1,55.69,59.94,-0.104,0.4087130666510437,0.5415644184222316
KCTD18,13.66,13.63,0.003,0.4087130666510437,0.5415644184222316
PITPNM2,9.65,7.87,0.264,0.4087130666510437,0.5415644184222316
CEP170B,38.42,43.77,-0.184,0.4087130666510437,0.5415644184222316
CX3CL1,76.76,75.21,0.029,0.4087130666510437,0.5415644184222316
ANAPC11,69.53,66.96,0.053,0.4087130666510437,0.5415644184222316
ZNF546,1.57,1.53,0.027,0.4087130666510437,0.5415644184222316
POGK,38.71,35.85,0.108,0.4087130666510437,0.5415644184222316
ATM,6.1,6.65,-0.107,0.4087130666510437,0.5415644184222316
KHDC4,31.29,36.14,-0.202,0.4087130666510437,0.5415644184222316
HLA-DQA2,131.94,102.54,0.361,0.4087130666510437,0.5415644184222316
RAB29,22.99,26.36,-0.19,0.4087130666510437,0.5415644184222316
ZNF92,11.78,9.81,0.241,0.4087130666510437,0.5415644184222316
PAGE2B,3.25,2.0,0.505,0.40825141082956207,0.5415644184222316
PTPRA,58.55,63.23,-0.109,0.4087130666510437,0.5415644184222316
TTLL10,1.84,2.3,-0.218,0.4087130666510437,0.5415644184222316
MAP2,12.79,11.29,0.166,0.4087130666510437,0.5415644184222316
CD248,50.77,56.24,-0.145,0.4087130666510437,0.5415644184222316
STRA6,7.69,7.85,-0.026,0.4087130666510437,0.5415644184222316
RETREG3,68.53,63.29,0.113,0.41076081874218395,0.5441354188813323
KCNIP2,1.14,1.43,-0.187,0.41076081874218395,0.5441354188813323
CRPPA,1.62,1.55,0.036,0.41076081874218395,0.5441354188813323
BPIFB4,1.06,1.82,-0.453,0.4112842394620543,0.5447812946945938
ACTR2,246.77,254.86,-0.046,0.41281773772986907,0.5451016764583609
PAIP2,33.92,36.72,-0.111,0.41281773772986907,0.5451016764583609
EXD2,15.72,15.33,0.034,0.41281773772986907,0.5451016764583609
CFAP53,7.19,9.6,-0.373,0.41281773772986907,0.5451016764583609
NBPF11,3.83,3.52,0.095,0.41281773772986907,0.5451016764583609
FAM98A,30.61,32.52,-0.085,0.41281773772986907,0.5451016764583609
CD300LG,2.32,1.16,0.62,0.4126840545920495,0.5451016764583609
BCL2L2,32.63,35.77,-0.129,0.41281773772986907,0.5451016764583609
ADSS1,7.83,6.61,0.213,0.41281773772986907,0.5451016764583609
ZDHHC3,25.29,26.42,-0.061,0.41281773772986907,0.5451016764583609
BAMBI,27.79,33.32,-0.254,0.41281773772986907,0.5451016764583609
BCL2A1,36.32,55.18,-0.59,0.41281773772986907,0.5451016764583609
HSPA12A,1.58,2.12,-0.274,0.41281773772986907,0.5451016764583609
ZKSCAN3,4.47,4.33,0.037,0.41281773772986907,0.5451016764583609
RPS6KA4,48.19,53.95,-0.16,0.41281773772986907,0.5451016764583609
AKR1E2,4.38,5.08,-0.176,0.41281773772986907,0.5451016764583609
GGT5,25.27,18.75,0.412,0.41281773772986907,0.5451016764583609
PNMA6A,2.41,1.77,0.299,0.41281773772986907,0.5451016764583609
SSPN,7.56,6.48,0.196,0.41281773772986907,0.5451016764583609
ORMDL1,30.15,29.76,0.018,0.41281773772986907,0.5451016764583609
RBCK1,64.31,63.89,0.009,0.41281773772986907,0.5451016764583609
GDF7,0.47,1.56,-0.798,0.41281773772986907,0.5451016764583609
BIVM,3.84,4.49,-0.183,0.41281773772986907,0.5451016764583609
ZNF512B,24.08,26.98,-0.158,0.41281773772986907,0.5451016764583609
CEP295,3.07,3.43,-0.122,0.41281773772986907,0.5451016764583609
SMYD3,13.45,17.06,-0.322,0.41281773772986907,0.5451016764583609
SUCLA2,10.98,11.76,-0.091,0.41281773772986907,0.5451016764583609
DYDC2,4.02,3.68,0.103,0.41281159333199346,0.5451016764583609
AIFM3,1.53,1.78,-0.138,0.41281773772986907,0.5451016764583609
EIF3I,67.03,73.91,-0.139,0.41281773772986907,0.5451016764583609
NEURL3,1.62,2.48,-0.41,0.41281773772986907,0.5451016764583609
CPNE8,16.71,14.33,0.208,0.41281773772986907,0.5451016764583609
NDUFB7,377.96,454.55,-0.266,0.41281773772986907,0.5451016764583609
GOLGA8B,8.06,9.38,-0.197,0.41281773772986907,0.5451016764583609
PTMA,629.69,721.2,-0.195,0.41281773772986907,0.5451016764583609
BACE2,34.77,24.67,0.478,0.41281773772986907,0.5451016764583609
ABCC2,8.16,9.38,-0.181,0.4148776661919067,0.5477740838145163
DYNC1I2,44.28,41.07,0.106,0.4169467349900505,0.5488841300323921
SMIM7,18.36,17.7,0.05,0.4169467349900505,0.5488841300323921
TMEM26,0.93,1.16,-0.162,0.41694214035991795,0.5488841300323921
SDHB,93.26,99.25,-0.089,0.4169467349900505,0.5488841300323921
MRPS18A,32.77,31.77,0.043,0.4169467349900505,0.5488841300323921
PAQR8,11.16,9.64,0.193,0.4169467349900505,0.5488841300323921
RBM42,119.64,128.94,-0.107,0.4169467349900505,0.5488841300323921
USP15,8.45,8.94,-0.073,0.4169467349900505,0.5488841300323921
USP22,63.94,71.69,-0.163,0.4169467349900505,0.5488841300323921
MAN2A2,15.56,17.06,-0.125,0.4169467349900505,0.5488841300323921
FAM81A,2.49,2.19,0.13,0.4169467349900505,0.5488841300323921
BAX,70.97,74.85,-0.076,0.4169467349900505,0.5488841300323921
ZKSCAN7,2.18,2.11,0.034,0.4169467349900505,0.5488841300323921
CCDC184,2.38,2.89,-0.2,0.4169467349900505,0.5488841300323921
TTYH1,0.5,1.32,-0.629,0.41694520345845987,0.5488841300323921
ZNF124,4.3,4.6,-0.079,0.4169467349900505,0.5488841300323921
EVL,19.02,20.99,-0.135,0.4169467349900505,0.5488841300323921
TSHZ1,11.88,10.05,0.221,0.4169467349900505,0.5488841300323921
BRMS1L,10.35,11.65,-0.157,0.4169467349900505,0.5488841300323921
CBLB,9.93,10.85,-0.117,0.4169467349900505,0.5488841300323921
PTRH2,16.47,18.22,-0.138,0.4169467349900505,0.5488841300323921
HSPA1A,118.65,132.79,-0.161,0.4169467349900505,0.5488841300323921
C19orf81,1.01,0.95,0.048,0.4162935155320697,0.5488841300323921
KIAA1522,126.39,111.18,0.183,0.4169467349900505,0.5488841300323921
ANAPC13,72.81,77.71,-0.093,0.4169467349900505,0.5488841300323921
H2BC4,24.42,29.05,-0.242,0.4169467349900505,0.5488841300323921
NABP1,6.33,6.55,-0.043,0.4169467349900505,0.5488841300323921
PPP1R14B,195.0,171.27,0.186,0.4169467349900505,0.5488841300323921
FAAP100,32.92,30.09,0.126,0.4169467349900505,0.5488841300323921
STK38,68.52,71.53,-0.061,0.4169467349900505,0.5488841300323921
PEX10,12.23,12.82,-0.063,0.4169467349900505,0.5488841300323921
BLACAT1,3.75,4.09,-0.101,0.4169467349900505,0.5488841300323921
ID3,119.98,129.82,-0.113,0.4169467349900505,0.5488841300323921
ECE1,121.86,134.02,-0.136,0.4169467349900505,0.5488841300323921
AAR2,51.98,54.33,-0.062,0.41901880434781824,0.5515640871994805
GSTT2B,6.13,4.66,0.333,0.42109998637002954,0.5527232909649986
TDP2,60.33,69.61,-0.203,0.42109998637002954,0.5527232909649986
GGNBP2,24.18,23.69,0.028,0.42109998637002954,0.5527232909649986
SLC7A4,4.1,3.63,0.142,0.42109998637002954,0.5527232909649986
ICA1L,1.42,1.98,-0.304,0.42109998637002954,0.5527232909649986
UQCRB,29.32,28.04,0.062,0.42109998637002954,0.5527232909649986
MRPL58,80.8,77.06,0.068,0.42109998637002954,0.5527232909649986
DDR2,10.21,9.05,0.158,0.42109998637002954,0.5527232909649986
NASP,43.08,46.18,-0.098,0.42109998637002954,0.5527232909649986
STYXL1,61.6,59.11,0.059,0.42109998637002954,0.5527232909649986
TIFA,11.97,14.01,-0.211,0.42109998637002954,0.5527232909649986
MEMO1,1.31,1.42,-0.067,0.42109998637002954,0.5527232909649986
TNK1,12.91,12.5,0.044,0.42109998637002954,0.5527232909649986
SLC16A14,12.89,11.72,0.127,0.42109998637002954,0.5527232909649986
PRRC2C,50.48,57.4,-0.182,0.42109998637002954,0.5527232909649986
PKD2L1,1.69,1.64,0.025,0.42109998637002954,0.5527232909649986
STAT2,75.97,79.44,-0.064,0.42109998637002954,0.5527232909649986
VPS13B,7.37,8.44,-0.173,0.42109998637002954,0.5527232909649986
ARHGAP26,6.7,5.96,0.145,0.42109998637002954,0.5527232909649986
ANKAR,1.28,1.32,-0.025,0.42109998637002954,0.5527232909649986
ZNF761,11.61,10.45,0.139,0.42109845957533576,0.5527232909649986
ANAPC16,82.09,77.22,0.087,0.42109998637002954,0.5527232909649986
WDR73,1.27,1.5,-0.134,0.42109998637002954,0.5527232909649986
ZNF607,5.31,5.12,0.045,0.42109998637002954,0.5527232909649986
PRR4,1.03,1.36,-0.219,0.42109998637002954,0.5527232909649986
NSL1,7.94,8.49,-0.086,0.42109998637002954,0.5527232909649986
RALB,95.35,116.69,-0.289,0.42109998637002954,0.5527232909649986
PKNOX2,2.58,2.18,0.172,0.42109998637002954,0.5527232909649986
PAWR,17.56,19.11,-0.115,0.42109998637002954,0.5527232909649986
SYCP2L,0.7,1.11,-0.307,0.42109387912039975,0.5527232909649986
EIF2AK2,28.12,31.43,-0.155,0.42109998637002954,0.5527232909649986
OSTC,203.79,200.83,0.021,0.42109998637002954,0.5527232909649986
ZNF397,8.91,10.09,-0.162,0.42109998637002954,0.5527232909649986
ATP8A2,1.55,1.82,-0.142,0.42318415967142886,0.5554109310545973
SPINK6,0.74,1.29,-0.394,0.4232215946563712,0.5554120832352292
PCOLCE,62.12,62.0,0.003,0.4252774168521921,0.5569554171395013
DNAJC25,13.25,13.43,-0.018,0.4252774168521921,0.5569554171395013
CYP27B1,5.08,6.79,-0.357,0.4252774168521921,0.5569554171395013
PGP,18.01,17.4,0.047,0.4252774168521921,0.5569554171395013
CYSRT1,7.22,5.57,0.325,0.4252774168521921,0.5569554171395013
MECP2,10.22,9.94,0.036,0.4252774168521921,0.5569554171395013
PPP1R13L,36.59,45.24,-0.299,0.4252774168521921,0.5569554171395013
CDADC1,6.07,5.78,0.06,0.4252774168521921,0.5569554171395013
YKT6,58.15,64.5,-0.147,0.4252774168521921,0.5569554171395013
GSTO2,4.83,5.9,-0.243,0.4252774168521921,0.5569554171395013
UBL4A,85.34,89.95,-0.075,0.4252774168521921,0.5569554171395013
CBLL1,17.73,18.94,-0.09,0.4252774168521921,0.5569554171395013
ERMARD,12.73,13.33,-0.061,0.4252774168521921,0.5569554171395013
ADGRG1,68.03,80.87,-0.246,0.4252774168521921,0.5569554171395013
TINF2,67.6,65.02,0.055,0.4252774168521921,0.5569554171395013
OR2I1P,12.93,17.36,-0.399,0.4252774168521921,0.5569554171395013
PAFAH1B2,56.12,58.78,-0.066,0.4252774168521921,0.5569554171395013
TMC7,2.71,2.9,-0.074,0.4252774168521921,0.5569554171395013
KIAA0753,10.59,10.09,0.064,0.4252774168521921,0.5569554171395013
KDM4C,7.55,8.41,-0.138,0.4252774168521921,0.5569554171395013
GABBR1,10.43,10.95,-0.063,0.4252774168521921,0.5569554171395013
ZNF587B,7.33,6.91,0.075,0.4252774168521921,0.5569554171395013
FAR2,5.64,4.44,0.286,0.4252774168521921,0.5569554171395013
ATP6V1C1,42.57,39.12,0.119,0.4252774168521921,0.5569554171395013
KBTBD4,5.28,5.69,-0.09,0.42737365566531516,0.5596524694469172
CCL4,17.04,21.77,-0.336,0.42947894845733325,0.5612001087049338
SCAF11,25.59,29.37,-0.192,0.42947894845733325,0.5612001087049338
SAT2,70.16,66.46,0.077,0.42947894845733325,0.5612001087049338
TMPRSS13,19.75,16.91,0.212,0.4294774316977815,0.5612001087049338
SS18L2,15.26,14.29,0.089,0.42947894845733325,0.5612001087049338
PPRC1,32.44,34.36,-0.08,0.42947894845733325,0.5612001087049338
ZNF213,12.08,11.08,0.114,0.42947894845733325,0.5612001087049338
ASH2L,27.5,35.88,-0.372,0.42947894845733325,0.5612001087049338
CTSC,44.63,56.3,-0.329,0.42947894845733325,0.5612001087049338
ATP5PD,85.2,82.7,0.043,0.42947894845733325,0.5612001087049338
MED15,39.4,41.88,-0.086,0.42947894845733325,0.5612001087049338
ZNF784,13.52,12.46,0.109,0.42947894845733325,0.5612001087049338
ENTPD2,5.24,5.89,-0.144,0.42947894845733325,0.5612001087049338
SRSF5,95.99,91.76,0.064,0.42947894845733325,0.5612001087049338
LRRC73,2.79,3.21,-0.152,0.42947894845733325,0.5612001087049338
ZKSCAN4,4.57,4.79,-0.056,0.42947894845733325,0.5612001087049338
ZNF638,24.53,23.56,0.055,0.42947894845733325,0.5612001087049338
TLR8,6.24,5.64,0.125,0.42947894845733325,0.5612001087049338
IL5RA,1.62,1.4,0.123,0.42947288134804906,0.5612001087049338
DNAI2,3.63,4.25,-0.183,0.4294637803287219,0.5612001087049338
C1GALT1C1L,2.38,3.71,-0.479,0.42947894845733325,0.5612001087049338
KRBA2,1.53,1.41,0.068,0.42947894845733325,0.5612001087049338
GPR183,38.82,38.16,0.024,0.42947894845733325,0.5612001087049338
PIBF1,16.18,15.89,0.024,0.42947894845733325,0.5612001087049338
IMPA1,17.59,19.09,-0.112,0.42947894845733325,0.5612001087049338
INHA,14.32,1.87,2.418,0.43158569872242314,0.5639044995433243
UBE3C,38.64,41.26,-0.092,0.4337045002397064,0.5652631442173681
PAIP2B,6.47,5.57,0.185,0.4337045002397064,0.5652631442173681
TSPYL2,21.24,19.82,0.095,0.4337045002397064,0.5652631442173681
STOM,306.8,277.66,0.143,0.4337045002397064,0.5652631442173681
ADAMTS12,11.58,10.78,0.095,0.4337045002397064,0.5652631442173681
TRIM44,26.05,22.78,0.186,0.4337045002397064,0.5652631442173681
ZNF284,2.19,2.08,0.05,0.4337045002397064,0.5652631442173681
FKTN,2.89,3.31,-0.149,0.4337045002397064,0.5652631442173681
CLIP3,11.48,18.53,-0.646,0.4337045002397064,0.5652631442173681
KTN1,36.15,40.09,-0.145,0.4337045002397064,0.5652631442173681
CD3E,23.61,25.77,-0.121,0.4337045002397064,0.5652631442173681
C6orf47,32.47,30.11,0.106,0.4337045002397064,0.5652631442173681
DXO,14.23,15.09,-0.08,0.4337045002397064,0.5652631442173681
TMEM156,10.4,7.41,0.439,0.4337045002397064,0.5652631442173681
EZH1,16.87,16.35,0.042,0.4337045002397064,0.5652631442173681
MXI1,24.03,25.34,-0.074,0.4337045002397064,0.5652631442173681
RABGGTB,25.79,27.66,-0.097,0.4337045002397064,0.5652631442173681
EFNB2,21.37,20.45,0.06,0.4337045002397064,0.5652631442173681
STK11IP,14.0,15.61,-0.148,0.4337045002397064,0.5652631442173681
CASP9,12.31,11.11,0.136,0.4337045002397064,0.5652631442173681
PIANP,1.21,2.63,-0.716,0.4337045002397064,0.5652631442173681
PPIL4,32.05,33.04,-0.043,0.4337045002397064,0.5652631442173681
PLXNA2,18.2,15.72,0.199,0.4337045002397064,0.5652631442173681
ODAM,3.18,10.76,-1.493,0.43327173848969813,0.5652631442173681
YAE1,15.41,14.78,0.056,0.4337045002397064,0.5652631442173681
KLHL7,17.35,18.49,-0.086,0.4337045002397064,0.5652631442173681
DISC1,1.74,1.61,0.069,0.4337014773064082,0.5652631442173681
MKRN1,78.07,76.51,0.029,0.4337045002397064,0.5652631442173681
COPE,90.86,98.15,-0.11,0.4337045002397064,0.5652631442173681
UGT2B7,2.66,0.75,1.059,0.4351370382046629,0.5670815767235755
SEPTIN1,5.65,6.15,-0.104,0.4379539882826653,0.5695801184710267
INTS4,12.85,14.47,-0.16,0.4379539882826653,0.5695801184710267
NDUFB10,207.67,195.86,0.084,0.4379539882826653,0.5695801184710267
CD36,20.25,13.21,0.581,0.4379539882826653,0.5695801184710267
PAPLN,7.73,8.98,-0.193,0.4379539882826653,0.5695801184710267
RNF14,29.49,27.36,0.105,0.4379539882826653,0.5695801184710267
CD27,10.04,11.5,-0.179,0.4379539882826653,0.5695801184710267
PURA,8.59,7.8,0.124,0.4379539882826653,0.5695801184710267
BHLHA15,9.39,5.68,0.636,0.4379539882826653,0.5695801184710267
C3orf62,4.46,4.05,0.113,0.4379539882826653,0.5695801184710267
MRPL55,66.71,60.42,0.141,0.4379539882826653,0.5695801184710267
CNRIP1,8.28,7.41,0.142,0.4379539882826653,0.5695801184710267
CLK3,7.55,8.19,-0.104,0.4379539882826653,0.5695801184710267
LOXL1,27.36,28.0,-0.032,0.4379539882826653,0.5695801184710267
CACNA1C,1.44,1.37,0.043,0.4379539882826653,0.5695801184710267
PHIP,12.72,13.66,-0.095,0.4379539882826653,0.5695801184710267
SEMA3C,33.06,36.85,-0.152,0.4379539882826653,0.5695801184710267
CLTB,130.13,137.43,-0.078,0.4379539882826653,0.5695801184710267
OTUD1,31.66,25.0,0.329,0.4379539882826653,0.5695801184710267
MRFAP1,323.87,306.02,0.082,0.4379539882826653,0.5695801184710267
CTHRC1,150.21,122.95,0.287,0.4379539882826653,0.5695801184710267
NARS2,19.93,19.5,0.029,0.4379539882826653,0.5695801184710267
B3GAT3,62.64,59.18,0.081,0.4379539882826653,0.5695801184710267
ZNF550,5.94,6.59,-0.128,0.4379539882826653,0.5695801184710267
CHCHD5,15.82,16.65,-0.07,0.44222732569489975,0.5740076684564385
RASSF10,7.13,6.0,0.216,0.44222732569489975,0.5740076684564385
DPY30,60.79,57.64,0.076,0.44222732569489975,0.5740076684564385
BLOC1S2,46.82,48.17,-0.04,0.44222732569489975,0.5740076684564385
PNPLA8,27.85,26.62,0.063,0.44222732569489975,0.5740076684564385
TPM1,31.44,27.71,0.176,0.44222732569489975,0.5740076684564385
DYRK3,6.37,5.76,0.124,0.44222732569489975,0.5740076684564385
DCK,27.77,33.41,-0.258,0.44222732569489975,0.5740076684564385
GRK5,16.09,12.53,0.337,0.44222732569489975,0.5740076684564385
GSTA2,12.0,14.08,-0.214,0.4421973174499664,0.5740076684564385
ARFGAP1,50.49,47.13,0.097,0.44222732569489975,0.5740076684564385
YRDC,34.3,36.9,-0.102,0.44222732569489975,0.5740076684564385
ZNF630,2.28,2.12,0.073,0.44222732569489975,0.5740076684564385
AXIN1,22.46,20.85,0.102,0.44222732569489975,0.5740076684564385
PHF19,14.86,15.78,-0.081,0.44222732569489975,0.5740076684564385
LRRC47,38.88,41.62,-0.096,0.44222732569489975,0.5740076684564385
FNBP4,26.71,28.75,-0.102,0.44222732569489975,0.5740076684564385
TOR2A,13.76,13.2,0.056,0.44222732569489975,0.5740076684564385
SAMD12,7.06,9.44,-0.372,0.44222732569489975,0.5740076684564385
NLRX1,17.21,18.93,-0.131,0.44222732569489975,0.5740076684564385
ITK,2.77,3.12,-0.128,0.44222732569489975,0.5740076684564385
CUL7,31.09,26.01,0.248,0.44222732569489975,0.5740076684564385
STAP1,2.45,2.92,-0.183,0.44222732569489975,0.5740076684564385
RAET1E,0.74,1.1,-0.27,0.4443714125553653,0.5767414036352012
EIF2S3,182.06,202.24,-0.151,0.4465244226072733,0.5785966356223713
SNAI1,12.18,12.95,-0.082,0.4465244226072733,0.5785966356223713
PDE8B,1.37,1.3,0.046,0.4465244226072733,0.5785966356223713
ELF2,12.5,12.07,0.047,0.4465244226072733,0.5785966356223713
DYM,10.2,11.39,-0.146,0.4465244226072733,0.5785966356223713
AZIN1,110.12,113.75,-0.046,0.4465244226072733,0.5785966356223713
HTRA3,82.2,77.11,0.091,0.4465244226072733,0.5785966356223713
SOD1,283.82,289.37,-0.028,0.4465244226072733,0.5785966356223713
CYSLTR2,1.27,2.62,-0.676,0.4465244226072733,0.5785966356223713
ACRBP,3.33,2.97,0.125,0.4465244226072733,0.5785966356223713
FHL3,37.98,35.8,0.083,0.4465244226072733,0.5785966356223713
FOXJ2,19.55,20.33,-0.053,0.4465244226072733,0.5785966356223713
CHMP3,42.01,38.77,0.113,0.4465244226072733,0.5785966356223713
HMGN5,8.16,8.66,-0.077,0.4465244226072733,0.5785966356223713
CARD19,21.86,24.36,-0.15,0.4465244226072733,0.5785966356223713
TRMT13,7.82,8.7,-0.139,0.4465244226072733,0.5785966356223713
GIN1,4.11,3.78,0.098,0.4465244226072733,0.5785966356223713
FAM122B,28.98,32.68,-0.168,0.4465244226072733,0.5785966356223713
NPTN,104.91,113.98,-0.119,0.4465244226072733,0.5785966356223713
TREML2,3.46,1.55,0.806,0.4486803605426497,0.5812415345945154
PRMT9,8.38,7.91,0.074,0.4486803605426497,0.5812415345945154
PHC1,4.21,5.07,-0.219,0.4486803605426497,0.5812415345945154
STRA8,1.61,2.0,-0.202,0.4492399845744427,0.5819168800101892
HS2ST1,19.79,19.05,0.053,0.4508451861702629,0.5826053341400701
ZNF644,20.36,19.54,0.056,0.4508451861702629,0.5826053341400701
PRDM15,3.08,3.31,-0.078,0.4508451861702629,0.5826053341400701
MLH1,14.17,13.64,0.051,0.4508451861702629,0.5826053341400701
CADM3,1.41,2.37,-0.485,0.45083923255806146,0.5826053341400701
CDK5RAP3,4.16,3.53,0.189,0.4508451861702629,0.5826053341400701
NFXL1,7.7,8.01,-0.051,0.4508451861702629,0.5826053341400701
ZNF565,3.08,3.22,-0.047,0.4508451861702629,0.5826053341400701
PRMT7,10.09,10.93,-0.105,0.4508451861702629,0.5826053341400701
PIK3R3,15.71,13.96,0.159,0.4508451861702629,0.5826053341400701
RTP4,21.73,26.41,-0.27,0.4508451861702629,0.5826053341400701
LRRC8B,12.7,13.27,-0.059,0.4508451861702629,0.5826053341400701
LEMD1,11.94,9.44,0.31,0.4508451861702629,0.5826053341400701
SLC25A13,29.27,33.7,-0.197,0.4508451861702629,0.5826053341400701
CLEC2D,4.97,4.97,-0.002,0.4508451861702629,0.5826053341400701
SNX16,7.97,8.33,-0.056,0.4508451861702629,0.5826053341400701
UBE2R2,67.99,77.62,-0.189,0.4508451861702629,0.5826053341400701
FMNL3,9.08,10.45,-0.185,0.4508451861702629,0.5826053341400701
FGF19,5.84,6.81,-0.193,0.4505078527241273,0.5826053341400701
GPX8,30.95,24.62,0.319,0.4508451861702629,0.5826053341400701
TGFBR1,37.07,28.3,0.378,0.4508451861702629,0.5826053341400701
RHBDF2,26.2,28.29,-0.107,0.4508451861702629,0.5826053341400701
WDR20,9.5,9.22,0.038,0.4508451861702629,0.5826053341400701
TPSB2,51.81,42.69,0.274,0.4508451861702629,0.5826053341400701
TGFBRAP1,19.83,20.75,-0.063,0.4508451861702629,0.5826053341400701
ETV5,38.99,39.68,-0.025,0.4508451861702629,0.5826053341400701
MVK,13.18,13.76,-0.058,0.4508451861702629,0.5826053341400701
PSMD9,1.25,1.26,-0.006,0.4508451861702629,0.5826053341400701
TAF1,13.33,14.77,-0.139,0.45301292782587954,0.5852572629641656
CBARP,1.45,1.49,-0.026,0.45301292782587954,0.5852572629641656
ZNF197,6.63,5.95,0.134,0.45301292782587954,0.5852572629641656
TCEAL9,98.04,105.05,-0.099,0.45518952055200834,0.5869711751609797
PEAK1,7.7,6.42,0.23,0.45518952055200834,0.5869711751609797
B3GALT6,31.61,30.71,0.04,0.45518952055200834,0.5869711751609797
RAB3GAP1,34.15,35.33,-0.048,0.45518952055200834,0.5869711751609797
MED25,23.09,21.01,0.13,0.45518952055200834,0.5869711751609797
ELOVL5,135.0,109.79,0.296,0.45518952055200834,0.5869711751609797
POLR3K,31.54,35.24,-0.155,0.45518952055200834,0.5869711751609797
GPR141,1.03,1.59,-0.347,0.45518952055200834,0.5869711751609797
SNX8,30.14,26.98,0.154,0.45518952055200834,0.5869711751609797
PIGT,33.16,28.6,0.207,0.45518952055200834,0.5869711751609797
PDZD8,13.51,12.36,0.12,0.45518952055200834,0.5869711751609797
AASS,13.04,16.45,-0.313,0.45518952055200834,0.5869711751609797
SEMA6C,7.53,7.6,-0.012,0.45518952055200834,0.5869711751609797
ZNF480,11.61,13.13,-0.165,0.45518952055200834,0.5869711751609797
C9orf24,20.49,17.1,0.248,0.45518952055200834,0.5869711751609797
IST1,55.79,58.93,-0.078,0.45518952055200834,0.5869711751609797
GJD3,2.77,3.23,-0.167,0.45518952055200834,0.5869711751609797
GTF2I,6.15,6.94,-0.151,0.45518952055200834,0.5869711751609797
ECI1,46.56,43.98,0.08,0.45518952055200834,0.5869711751609797
SLC26A2,15.47,14.51,0.087,0.45518952055200834,0.5869711751609797
PYGO2,71.73,65.36,0.132,0.45518952055200834,0.5869711751609797
RPGRIP1L,2.59,3.08,-0.184,0.45518952055200834,0.5869711751609797
FCER2,1.06,1.64,-0.36,0.4573675381145669,0.5897296958817461
LITAF,147.71,142.12,0.055,0.4595573269369724,0.5911484606005776
PFDN6,40.95,39.92,0.036,0.4595573269369724,0.5911484606005776
ARHGAP9,7.48,8.17,-0.113,0.4595573269369724,0.5911484606005776
SERPINH1,163.12,185.88,-0.187,0.4595573269369724,0.5911484606005776
RAMP3,63.35,39.1,0.682,0.4595573269369724,0.5911484606005776
EDN1,57.25,59.85,-0.063,0.4595573269369724,0.5911484606005776
ZC3H12C,5.86,5.89,-0.006,0.4595573269369724,0.5911484606005776
IGSF8,82.58,83.33,-0.013,0.4595573269369724,0.5911484606005776
MAPK8IP3,20.8,17.79,0.215,0.4595573269369724,0.5911484606005776
CCNH,9.08,9.13,-0.006,0.4595573269369724,0.5911484606005776
CAVIN2,94.46,63.82,0.558,0.4595573269369724,0.5911484606005776
MTMR8,0.97,1.18,-0.142,0.4595573269369724,0.5911484606005776
PSMG3,73.86,81.62,-0.142,0.4595573269369724,0.5911484606005776
ADGRL2,7.45,8.23,-0.127,0.4595573269369724,0.5911484606005776
CDH26,5.58,6.94,-0.27,0.4595573269369724,0.5911484606005776
UBE2D2,71.13,76.48,-0.103,0.4595573269369724,0.5911484606005776
SIRPB2,4.03,4.03,-0.001,0.4595573269369724,0.5911484606005776
GOLGA7,15.9,16.72,-0.069,0.4595573269369724,0.5911484606005776
PRDM4,22.66,23.71,-0.063,0.4595573269369724,0.5911484606005776
MICOS13,89.27,81.13,0.136,0.4595573269369724,0.5911484606005776
ZNF446,3.07,3.38,-0.107,0.4595558512194914,0.5911484606005776
SETDB1,14.2,14.75,-0.052,0.4595573269369724,0.5911484606005776
TTF1,16.01,17.02,-0.083,0.4595573269369724,0.5911484606005776
CHD7,5.55,6.29,-0.154,0.4595573269369724,0.5911484606005776
CCN6,1.02,1.56,-0.342,0.4595263343705802,0.5911484606005776
USP51,3.08,3.5,-0.14,0.4595573269369724,0.5911484606005776
PLEKHA8,5.87,5.24,0.138,0.4595573269369724,0.5911484606005776
FCHSD1,8.85,8.17,0.103,0.4595573269369724,0.5911484606005776
ERVV-2,0.61,1.8,-0.796,0.46047840877932866,0.5922831412617966
PCDHB7,2.0,2.17,-0.077,0.4617485280020025,0.5938665356754782
PSG3,3.65,0.03,2.18,0.4618961256494247,0.5940060806663036
MYLK,15.46,16.82,-0.115,0.4639485035252172,0.5953352714576541
AGPAT4,2.39,2.71,-0.131,0.4639485035252172,0.5953352714576541
NAMPT,93.83,129.26,-0.458,0.4639485035252172,0.5953352714576541
PLOD1,128.95,132.97,-0.044,0.4639485035252172,0.5953352714576541
PRKG1,3.12,2.59,0.199,0.4639485035252172,0.5953352714576541
FKBP5,35.3,28.91,0.279,0.4639485035252172,0.5953352714576541
PRDM10,5.59,5.87,-0.059,0.4639485035252172,0.5953352714576541
ATP1A1,120.91,123.34,-0.028,0.4639485035252172,0.5953352714576541
IP6K2,35.01,33.82,0.048,0.4639485035252172,0.5953352714576541
VNN3,0.92,1.27,-0.245,0.4639426270500917,0.5953352714576541
HEPH,9.63,8.83,0.112,0.4639485035252172,0.5953352714576541
RBBP5,23.5,25.97,-0.138,0.4639485035252172,0.5953352714576541
SUN2,43.56,49.7,-0.186,0.4639485035252172,0.5953352714576541
PLEKHO2,43.93,40.64,0.11,0.4639485035252172,0.5953352714576541
NT5C3B,52.85,58.4,-0.142,0.4639485035252172,0.5953352714576541
ANKRD6,4.48,4.05,0.119,0.4639485035252172,0.5953352714576541
AGAP2,2.19,2.3,-0.049,0.4639485035252172,0.5953352714576541
H2BC21,53.34,56.58,-0.084,0.4639485035252172,0.5953352714576541
NUP210,39.03,46.0,-0.232,0.4639485035252172,0.5953352714576541
ARL4A,25.94,33.11,-0.341,0.4639485035252172,0.5953352714576541
ACAP3,17.31,15.68,0.135,0.4639485035252172,0.5953352714576541
CRNKL1,23.92,26.47,-0.14,0.4639485035252172,0.5953352714576541
NCKAP1L,14.51,14.22,0.026,0.4639485035252172,0.5953352714576541
ZNF426,7.29,8.01,-0.12,0.4639485035252172,0.5953352714576541
REV1,14.14,15.45,-0.12,0.4639485035252172,0.5953352714576541
NIPAL2,18.5,20.4,-0.134,0.4639485035252172,0.5953352714576541
RIN2,31.81,30.1,0.077,0.4683629455323013,0.5996829792240227
PITPNA,56.97,60.09,-0.075,0.4683629455323013,0.5996829792240227
NIBAN1,31.92,26.09,0.281,0.4683629455323013,0.5996829792240227
LCAT,9.77,8.54,0.174,0.4683629455323013,0.5996829792240227
DIPK1A,19.54,20.87,-0.091,0.4683629455323013,0.5996829792240227
URB1,15.31,15.15,0.014,0.4683629455323013,0.5996829792240227
LRWD1,12.77,14.24,-0.146,0.4683629455323013,0.5996829792240227
METTL23,23.72,22.45,0.076,0.4683629455323013,0.5996829792240227
TMEM143,6.41,6.66,-0.048,0.4683629455323013,0.5996829792240227
TGDS,19.02,18.03,0.073,0.4683629455323013,0.5996829792240227
MTFP1,1.05,1.16,-0.077,0.4683629455323013,0.5996829792240227
IRX2,30.53,18.08,0.724,0.4683629455323013,0.5996829792240227
NPAS3,1.43,0.36,0.836,0.46836002092848705,0.5996829792240227
COL1A1,1348.35,1213.26,0.152,0.4683629455323013,0.5996829792240227
RTL6,26.31,29.5,-0.16,0.4683629455323013,0.5996829792240227
RPL23,350.94,365.15,-0.057,0.4683629455323013,0.5996829792240227
CCDC137,49.61,56.8,-0.191,0.4683629455323013,0.5996829792240227
TSNAX,22.83,22.58,0.015,0.4683629455323013,0.5996829792240227
RXRB,47.44,45.43,0.061,0.4683629455323013,0.5996829792240227
TRUB1,26.88,25.95,0.049,0.4683629455323013,0.5996829792240227
H2BC18,2.44,4.15,-0.581,0.4683629455323013,0.5996829792240227
OLFML2B,34.66,33.88,0.032,0.4683629455323013,0.5996829792240227
ZNF841,9.46,8.53,0.134,0.4683629455323013,0.5996829792240227
FAM227B,1.58,1.81,-0.125,0.4683629455323013,0.5996829792240227
SCUBE2,9.55,6.73,0.449,0.4683629455323013,0.5996829792240227
PAGR1,5.83,6.04,-0.042,0.4683629455323013,0.5996829792240227
RAB11A,89.99,89.34,0.01,0.4705773986839743,0.6024675501985018
DFFB,5.23,5.44,-0.048,0.4728005451897954,0.6037873987617518
BICRA,8.13,7.47,0.109,0.4728005451897954,0.6037873987617518
PRKRIP1,25.25,23.99,0.071,0.4728005451897954,0.6037873987617518
ERG28,85.28,82.39,0.049,0.4728005451897954,0.6037873987617518
MRPS10,90.98,83.49,0.122,0.4728005451897954,0.6037873987617518
TMA16,16.24,18.18,-0.154,0.4728005451897954,0.6037873987617518
TUBB2B,18.25,22.8,-0.306,0.4728005451897954,0.6037873987617518
DCTN3,35.97,42.01,-0.218,0.4728005451897954,0.6037873987617518
ITM2C,199.74,191.07,0.064,0.4728005451897954,0.6037873987617518
RBM34,1.01,0.94,0.053,0.4728005451897954,0.6037873987617518
ANGEL2,13.53,13.44,0.009,0.4728005451897954,0.6037873987617518
VPS39,30.12,30.97,-0.039,0.4728005451897954,0.6037873987617518
ZNF264,9.07,8.55,0.076,0.4728005451897954,0.6037873987617518
PLEKHJ1,26.4,28.25,-0.095,0.4728005451897954,0.6037873987617518
TMEM102,6.85,6.81,0.007,0.4728005451897954,0.6037873987617518
PJVK,1.32,1.58,-0.154,0.4727990898871629,0.6037873987617518
GNG2,7.23,6.94,0.053,0.4728005451897954,0.6037873987617518
LSM11,3.37,3.73,-0.116,0.4728005451897954,0.6037873987617518
MED16,45.97,40.91,0.165,0.4728005451897954,0.6037873987617518
RHOQ,27.35,29.97,-0.127,0.4728005451897954,0.6037873987617518
OBI1,8.37,8.7,-0.049,0.4728005451897954,0.6037873987617518
NFATC1,6.19,7.45,-0.234,0.4727990898871629,0.6037873987617518
ARF5,172.05,193.96,-0.172,0.4728005451897954,0.6037873987617518
SRC,46.49,49.21,-0.08,0.4728005451897954,0.6037873987617518
ZNF428,18.75,18.61,0.01,0.4728005451897954,0.6037873987617518
NIPA1,11.81,12.67,-0.094,0.4728005451897954,0.6037873987617518
SH3BP5L,24.58,26.12,-0.085,0.4728005451897954,0.6037873987617518
FZD3,3.07,2.9,0.063,0.4728005451897954,0.6037873987617518
RPGR,4.17,4.17,-0.002,0.4728005451897954,0.6037873987617518
EPHA3,2.59,2.94,-0.134,0.4728005451897954,0.6037873987617518
P2RY8,5.13,5.66,-0.119,0.4772611917464292,0.6076451258026899
SETD4,7.78,8.67,-0.139,0.4772611917464292,0.6076451258026899
POMGNT1,46.33,42.87,0.109,0.4772611917464292,0.6076451258026899
SERPINB9,24.26,25.96,-0.094,0.4772611917464292,0.6076451258026899
MMUT,39.77,37.14,0.096,0.4772611917464292,0.6076451258026899
ACVR1B,37.98,33.18,0.189,0.4772611917464292,0.6076451258026899
FAM168A,23.95,22.79,0.069,0.4772611917464292,0.6076451258026899
PTX3,3.64,8.89,-1.091,0.4772611917464292,0.6076451258026899
CYTL1,4.17,5.45,-0.319,0.4772611917464292,0.6076451258026899
C1QTNF6,15.34,16.2,-0.074,0.4772611917464292,0.6076451258026899
PPP1R18,64.82,69.93,-0.108,0.4772611917464292,0.6076451258026899
PRPF38B,25.07,27.11,-0.109,0.4772611917464292,0.6076451258026899
CARMIL2,2.86,3.15,-0.103,0.4772611917464292,0.6076451258026899
ACLY,106.71,111.79,-0.066,0.4772611917464292,0.6076451258026899
CYP1B1,37.78,34.49,0.128,0.4772611917464292,0.6076451258026899
RAD1,21.18,23.31,-0.132,0.4772611917464292,0.6076451258026899
TMEM186,13.16,14.78,-0.156,0.4772611917464292,0.6076451258026899
PPWD1,18.78,18.78,0.0,0.4772611917464292,0.6076451258026899
MASP1,0.99,1.2,-0.142,0.4772597436253665,0.6076451258026899
TPMT,42.77,40.97,0.061,0.4772611917464292,0.6076451258026899
PKD1,7.3,7.94,-0.108,0.4772611917464292,0.6076451258026899
CLU,203.45,185.05,0.136,0.4772611917464292,0.6076451258026899
SSNA1,144.79,139.32,0.055,0.4772611917464292,0.6076451258026899
HYAL3,5.55,6.18,-0.131,0.4772611917464292,0.6076451258026899
RAB11FIP3,24.67,23.13,0.089,0.4772611917464292,0.6076451258026899
FASLG,1.92,2.37,-0.206,0.4772611917464292,0.6076451258026899
RFLNB,20.61,18.34,0.161,0.4772611917464292,0.6076451258026899
ANGPTL2,56.64,52.52,0.107,0.4772611917464292,0.6076451258026899
PPP1CB,173.28,209.66,-0.274,0.4772611917464292,0.6076451258026899
WASH6P,4.41,4.57,-0.044,0.4772611917464292,0.6076451258026899
BGN,863.99,730.22,0.242,0.4772611917464292,0.6076451258026899
LRRC15,21.38,15.32,0.455,0.4772611917464292,0.6076451258026899
RPIA,50.78,52.45,-0.046,0.4772611917464292,0.6076451258026899
SPOCD1,3.59,3.06,0.18,0.4772611917464292,0.6076451258026899
C17orf58,18.22,17.66,0.043,0.4772611917464292,0.6076451258026899
LGALS2,12.04,10.29,0.208,0.4772611917464292,0.6076451258026899
RXFP1,1.65,1.66,-0.007,0.47949723325561655,0.6103897331254782
HAPLN1,1.66,1.47,0.105,0.47949723325561655,0.6103897331254782
TEKT3,1.09,1.08,0.01,0.4817433307184592,0.6119689224867565
ATPAF2,6.82,6.47,0.065,0.4817447714698616,0.6119689224867565
PNISR,19.82,21.24,-0.095,0.4817447714698616,0.6119689224867565
SELL,24.71,21.98,0.162,0.4817447714698616,0.6119689224867565
PROSER2,17.26,14.38,0.247,0.4817447714698616,0.6119689224867565
RAD9A,14.0,15.44,-0.133,0.4817447714698616,0.6119689224867565
CYB5R3,159.5,143.26,0.154,0.4817447714698616,0.6119689224867565
FHDC1,13.2,14.51,-0.127,0.4817447714698616,0.6119689224867565
SPART,26.7,25.36,0.071,0.4817447714698616,0.6119689224867565
FAM241B,28.34,33.31,-0.226,0.4817447714698616,0.6119689224867565
DNAJC6,3.71,2.76,0.323,0.4817447714698616,0.6119689224867565
EIF3H,126.76,115.59,0.132,0.4817447714698616,0.6119689224867565
SLN,1.48,1.2,0.17,0.48169433811004037,0.6119689224867565
ZNF599,2.71,2.96,-0.097,0.4817447714698616,0.6119689224867565
CYP1A1,16.21,0.69,3.348,0.4814246333090153,0.6119689224867565
GLUD1,124.58,124.73,-0.002,0.4817447714698616,0.6119689224867565
PCMTD2,32.13,30.75,0.061,0.4817447714698616,0.6119689224867565
REEP1,3.96,3.45,0.156,0.4817447714698616,0.6119689224867565
TACR2,1.1,1.18,-0.049,0.4817447714698616,0.6119689224867565
BCS1L,19.72,21.05,-0.09,0.4817447714698616,0.6119689224867565
ZNF391,3.96,3.94,0.008,0.4817447714698616,0.6119689224867565
FGFR4,15.37,10.93,0.457,0.4817447714698616,0.6119689224867565
PXMP2,2.31,2.09,0.101,0.4817433307184592,0.6119689224867565
ADCK2,30.87,32.4,-0.068,0.4817447714698616,0.6119689224867565
PRDM5,2.05,1.85,0.098,0.4817447714698616,0.6119689224867565
GSTM1,6.17,32.34,-2.217,0.4832096927288553,0.6137785186547529
EXOC3L4,1.5,2.99,-0.673,0.48399368791711683,0.6146715790792239
ZDHHC11B,5.6,4.38,0.293,0.48399368791711683,0.6146715790792239
MFAP5,8.95,16.48,-0.813,0.4862511676490874,0.6159938289079117
CREB1,13.7,13.0,0.071,0.4862511676490874,0.6159938289079117
CAPS2,2.0,1.96,0.02,0.4862511676490874,0.6159938289079117
TXLNA,65.47,67.41,-0.042,0.4862511676490874,0.6159938289079117
DHODH,5.95,6.4,-0.09,0.4862511676490874,0.6159938289079117
TBC1D20,29.57,28.78,0.038,0.4862511676490874,0.6159938289079117
SLC38A4,1.01,1.66,-0.405,0.4862511676490874,0.6159938289079117
WDR90,9.53,11.01,-0.189,0.4862511676490874,0.6159938289079117
PSMG4,4.21,4.58,-0.101,0.4862511676490874,0.6159938289079117
CMKLR1,11.34,11.56,-0.025,0.4862511676490874,0.6159938289079117
APBB3,8.75,9.32,-0.081,0.4862511676490874,0.6159938289079117
LRRC34,1.78,1.82,-0.018,0.4862511676490874,0.6159938289079117
WDFY1,28.32,26.36,0.1,0.4862511676490874,0.6159938289079117
BICC1,11.33,8.83,0.327,0.4862511676490874,0.6159938289079117
RNF41,27.93,26.3,0.084,0.4862511676490874,0.6159938289079117
CEMIP,22.47,25.71,-0.186,0.4862511676490874,0.6159938289079117
CNR1,3.34,4.28,-0.283,0.4862511676490874,0.6159938289079117
ST3GAL1,35.09,37.39,-0.089,0.4862511676490874,0.6159938289079117
SHANK3,11.2,11.13,0.008,0.4862511676490874,0.6159938289079117
COPS6,115.9,123.59,-0.092,0.4862511676490874,0.6159938289079117
SERP2,4.01,3.31,0.217,0.4862511676490874,0.6159938289079117
TRMT61A,23.22,25.37,-0.123,0.4862511676490874,0.6159938289079117
CEP85L,2.1,1.99,0.052,0.4862511676490874,0.6159938289079117
FAM166B,10.29,9.44,0.113,0.4862511676490874,0.6159938289079117
BCLAF1,36.2,38.43,-0.084,0.4862511676490874,0.6159938289079117
CALU,163.18,150.63,0.115,0.4862511676490874,0.6159938289079117
TNKS1BP1,103.8,102.17,0.023,0.4862511676490874,0.6159938289079117
FUT11,15.78,15.24,0.047,0.4862511676490874,0.6159938289079117
RAC1,410.86,381.63,0.106,0.4862511676490874,0.6159938289079117
FRS2,14.81,18.59,-0.309,0.4862511676490874,0.6159938289079117
PPP1R42,1.07,0.98,0.069,0.48799038585058674,0.6181455671358983
MAPKAPK5,8.57,9.22,-0.094,0.4907802605974737,0.6201284513687141
SNX4,56.87,54.35,0.064,0.4907802605974737,0.6201284513687141
SRBD1,12.88,13.47,-0.06,0.4907802605974737,0.6201284513687141
CHI3L1,109.65,114.74,-0.065,0.4907802605974737,0.6201284513687141
PTPN4,5.89,5.59,0.065,0.4907802605974737,0.6201284513687141
SLC33A1,8.72,10.02,-0.181,0.4907802605974737,0.6201284513687141
TAFA5,6.63,5.98,0.129,0.4907802605974737,0.6201284513687141
RNF121,25.97,24.82,0.063,0.4907802605974737,0.6201284513687141
NDUFB2,30.84,28.67,0.102,0.4907802605974737,0.6201284513687141
PGRMC1,257.58,259.32,-0.01,0.4907802605974737,0.6201284513687141
ZFP90,10.77,11.1,-0.041,0.4907802605974737,0.6201284513687141
PROM2,54.51,67.92,-0.312,0.4907802605974737,0.6201284513687141
CCNC,29.61,34.25,-0.204,0.4907802605974737,0.6201284513687141
COMTD1,24.01,22.39,0.097,0.4907802605974737,0.6201284513687141
CLEC2B,19.39,30.81,-0.642,0.4907802605974737,0.6201284513687141
JAK3,12.6,17.49,-0.443,0.4907802605974737,0.6201284513687141
MFAP3,6.74,7.24,-0.091,0.4907802605974737,0.6201284513687141
NFAM1,9.33,8.74,0.085,0.4907802605974737,0.6201284513687141
PCYT2,23.68,22.02,0.1,0.4907802605974737,0.6201284513687141
NUDT4,11.73,12.85,-0.121,0.4907802605974737,0.6201284513687141
SS18L1,13.61,14.25,-0.062,0.4907802605974737,0.6201284513687141
MRPL32,38.74,41.87,-0.109,0.4907802605974737,0.6201284513687141
FBLIM1,53.0,57.3,-0.111,0.4907802605974737,0.6201284513687141
TRIM2,19.76,14.37,0.433,0.4907802605974737,0.6201284513687141
INO80,17.5,18.24,-0.057,0.4907802605974737,0.6201284513687141
ATAT1,12.16,10.46,0.2,0.4907802605974737,0.6201284513687141
FAM181A,0.9,1.17,-0.192,0.49046637655759906,0.6201284513687141
MYORG,14.0,15.5,-0.138,0.4907802605974737,0.6201284513687141
OGG1,5.33,4.99,0.079,0.4907802605974737,0.6201284513687141
RPS4X,1458.26,1390.88,0.068,0.4907802605974737,0.6201284513687141
GPR171,6.84,4.72,0.455,0.4930518586395589,0.6228951345676715
ADAMTS7,5.53,4.42,0.268,0.4930518586395589,0.6228951345676715
GP2,0.19,1.11,-0.824,0.4936979277146988,0.6236594841414665
RPL5,803.02,802.61,0.001,0.4953319276564372,0.6241667062191466
IARS2,113.79,120.49,-0.082,0.4953319276564372,0.6241667062191466
SPRYD3,59.87,59.14,0.017,0.4953319276564372,0.6241667062191466
RNF113A,39.81,41.23,-0.049,0.4953319276564372,0.6241667062191466
TMEM126A,50.3,53.95,-0.099,0.4953319276564372,0.6241667062191466
TBL2,32.13,32.41,-0.012,0.4953319276564372,0.6241667062191466
SNAPC3,15.56,14.6,0.086,0.4953319276564372,0.6241667062191466
C16orf87,4.53,4.64,-0.028,0.4953319276564372,0.6241667062191466
ODF3B,41.96,40.61,0.046,0.4953319276564372,0.6241667062191466
STC1,22.08,33.16,-0.565,0.4953319276564372,0.6241667062191466
HESX1,1.86,2.4,-0.251,0.4953319276564372,0.6241667062191466
VTI1A,7.64,7.7,-0.01,0.4953319276564372,0.6241667062191466
TUBGCP6,21.76,22.21,-0.028,0.4953319276564372,0.6241667062191466
PALMD,7.58,7.82,-0.039,0.4953319276564372,0.6241667062191466
ACP1,70.79,77.25,-0.124,0.4953319276564372,0.6241667062191466
PEA15,233.98,216.12,0.114,0.4953319276564372,0.6241667062191466
KLF3,40.96,40.75,0.007,0.4953319276564372,0.6241667062191466
MRC2,79.55,65.26,0.282,0.4953319276564372,0.6241667062191466
BAHD1,21.86,20.52,0.087,0.4953319276564372,0.6241667062191466
CARD14,2.51,2.13,0.164,0.4953319276564372,0.6241667062191466
LMTK2,20.69,19.16,0.106,0.4953319276564372,0.6241667062191466
FMOD,81.34,75.54,0.105,0.4953319276564372,0.6241667062191466
NPRL3,24.28,23.83,0.026,0.4953319276564372,0.6241667062191466
KIAA2026,9.89,11.35,-0.182,0.4953319276564372,0.6241667062191466
SIX3,1.16,2.88,-0.846,0.4948151700752552,0.6241667062191466
TCN1,64.22,15.8,1.957,0.4953262575215611,0.6241667062191466
BPNT2,53.57,50.61,0.08,0.4953319276564372,0.6241667062191466
KDM6B,28.63,25.73,0.148,0.4953319276564372,0.6241667062191466
TSACC,2.46,2.28,0.077,0.4953319276564372,0.6241667062191466
CTNNAL1,49.84,58.1,-0.217,0.4953319276564372,0.6241667062191466
H3C11,0.15,2.12,-1.443,0.4967695549897546,0.6259263434200815
CORO2B,3.53,4.74,-0.341,0.49990604319975696,0.628055281099306
LNPK,16.28,18.23,-0.154,0.49990604319975696,0.628055281099306
ZNF699,2.72,2.75,-0.01,0.49990604319975696,0.628055281099306
KCNJ5,5.69,3.68,0.516,0.49990604319975696,0.628055281099306
NCOA5,44.35,48.39,-0.123,0.49990604319975696,0.628055281099306
POLR2K,104.25,99.86,0.062,0.49990604319975696,0.628055281099306
PDZD4,3.76,4.79,-0.281,0.49990604319975696,0.628055281099306
ACOT11,2.31,2.5,-0.082,0.49990604319975696,0.628055281099306
MRPS17,11.56,13.04,-0.161,0.49990604319975696,0.628055281099306
C4orf46,10.63,11.78,-0.135,0.49990604319975696,0.628055281099306
MYL6B,24.4,26.91,-0.136,0.49990604319975696,0.628055281099306
GTF2A1,23.59,25.1,-0.086,0.49990604319975696,0.628055281099306
RRAS2,28.27,30.38,-0.101,0.49990604319975696,0.628055281099306
ANKRD53,2.04,1.48,0.295,0.49990604319975696,0.628055281099306
AP4M1,12.96,13.39,-0.044,0.49990604319975696,0.628055281099306
LYSMD1,15.97,17.32,-0.11,0.49990604319975696,0.628055281099306
TUBA3E,0.1,2.56,-1.696,0.4990053733897879,0.628055281099306
LOX,22.84,21.13,0.108,0.49990604319975696,0.628055281099306
PPP1R9B,61.53,58.64,0.068,0.49990604319975696,0.628055281099306
GOPC,26.0,26.21,-0.011,0.49990604319975696,0.628055281099306
CIAO2B,196.59,204.61,-0.057,0.49990604319975696,0.628055281099306
CNEP1R1,12.19,11.54,0.072,0.49990604319975696,0.628055281099306
XAB2,41.19,45.77,-0.149,0.49990604319975696,0.628055281099306
DBNL,42.54,44.58,-0.066,0.49990604319975696,0.628055281099306
TYW1,16.92,18.82,-0.145,0.49990604319975696,0.628055281099306
WDR33,17.97,17.31,0.051,0.49990604319975696,0.628055281099306
LDHA,428.75,465.26,-0.118,0.49990604319975696,0.628055281099306
SF1,116.97,121.91,-0.059,0.49990604319975696,0.628055281099306
HES1,105.06,109.0,-0.052,0.49990604319975696,0.628055281099306
CCDC71L,18.45,17.91,0.041,0.49990604319975696,0.628055281099306
DCN,136.14,113.66,0.258,0.49990604319975696,0.628055281099306
CCDC117,31.9,33.71,-0.077,0.49990604319975696,0.628055281099306
PCBP1,7.78,7.28,0.085,0.49990604319975696,0.628055281099306
PVR,29.23,25.8,0.174,0.49990604319975696,0.628055281099306
GVQW3,0.81,1.01,-0.152,0.49990463380345884,0.628055281099306
KRTAP2-3,1.05,0.41,0.54,0.5020921422571469,0.630749621077628
PTH,0.03,1.05,-0.987,0.5022155686630897,0.6308525121701796
AC072022.2,1.47,1.66,-0.112,0.5045024786385301,0.6324701838398539
CERS5,22.05,22.34,-0.018,0.5045024786385301,0.6324701838398539
NEDD4,6.99,7.31,-0.057,0.5045024786385301,0.6324701838398539
ASB1,10.64,11.36,-0.087,0.5045024786385301,0.6324701838398539
SRRM2,146.13,134.71,0.117,0.5045024786385301,0.6324701838398539
WDR82,66.41,66.91,-0.011,0.5045024786385301,0.6324701838398539
GPATCH4,25.89,27.5,-0.084,0.5045024786385301,0.6324701838398539
NACC1,54.88,56.98,-0.053,0.5045024786385301,0.6324701838398539
R3HDM2,18.11,16.75,0.106,0.5045024786385301,0.6324701838398539
DCAF1,17.2,17.27,-0.005,0.5045024786385301,0.6324701838398539
SKIV2L,41.16,39.66,0.052,0.5045024786385301,0.6324701838398539
RNF214,10.85,11.26,-0.05,0.5045024786385301,0.6324701838398539
HNRNPH1,93.12,98.28,-0.077,0.5045024786385301,0.6324701838398539
SLC35A5,23.94,22.71,0.073,0.5045024786385301,0.6324701838398539
SAC3D1,21.16,24.34,-0.194,0.5045024786385301,0.6324701838398539
SLC25A10,12.35,9.43,0.355,0.5045024786385301,0.6324701838398539
CFAP58,1.64,1.73,-0.046,0.5045024786385301,0.6324701838398539
NUBPL,5.5,5.25,0.057,0.5045024786385301,0.6324701838398539
KDM8,3.16,3.08,0.025,0.5045024786385301,0.6324701838398539
TRPT1,29.99,27.25,0.134,0.5045024786385301,0.6324701838398539
CLCC1,7.03,6.68,0.064,0.5045024786385301,0.6324701838398539
PSMD4,191.82,197.82,-0.044,0.5045024786385301,0.6324701838398539
NACAD,3.06,2.93,0.045,0.5045024786385301,0.6324701838398539
GAREM1,7.78,9.0,-0.188,0.5045024786385301,0.6324701838398539
DRD5,0.26,1.34,-0.891,0.5062983869113573,0.6346692567940801
L1TD1,2.16,1.18,0.536,0.5068020408746365,0.6352481979216528
LRRC29,4.08,3.91,0.051,0.5091211024267707,0.6365270662582231
PDE4B,7.04,9.67,-0.408,0.5091211024267707,0.6365270662582231
WDSUB1,21.27,20.74,0.035,0.5091211024267707,0.6365270662582231
STRIP2,4.97,3.59,0.379,0.5091211024267707,0.6365270662582231
ARHGEF7,15.45,15.73,-0.025,0.5091211024267707,0.6365270662582231
NAPB,7.81,9.03,-0.187,0.5091211024267707,0.6365270662582231
MIEN1,47.55,54.65,-0.197,0.5091211024267707,0.6365270662582231
PRKAA1,45.0,40.44,0.151,0.5091211024267707,0.6365270662582231
ILKAP,18.3,19.53,-0.089,0.5091211024267707,0.6365270662582231
TMEM184B,54.52,57.59,-0.078,0.5091211024267707,0.6365270662582231
MRPS35,112.62,116.8,-0.052,0.5091211024267707,0.6365270662582231
TOMM40L,11.65,12.09,-0.049,0.5091211024267707,0.6365270662582231
BCAT2,32.66,31.68,0.043,0.5091211024267707,0.6365270662582231
VNN2,7.24,6.29,0.177,0.5091211024267707,0.6365270662582231
RPL8,2583.74,2648.71,-0.036,0.5091211024267707,0.6365270662582231
OTUD4,19.23,17.94,0.095,0.5091211024267707,0.6365270662582231
ZNF738,6.58,7.84,-0.222,0.5091211024267707,0.6365270662582231
CTDSP2,162.48,154.86,0.069,0.5091211024267707,0.6365270662582231
HADHB,85.7,92.86,-0.114,0.5091211024267707,0.6365270662582231
ZNF641,10.12,9.55,0.076,0.5091211024267707,0.6365270662582231
NDRG3,46.45,44.37,0.065,0.5091211024267707,0.6365270662582231
TMEM35A,2.44,3.2,-0.287,0.5091211024267707,0.6365270662582231
FGD2,4.94,4.66,0.071,0.5091211024267707,0.6365270662582231
UPF3A,14.8,14.55,0.023,0.5091211024267707,0.6365270662582231
HTRA4,2.68,2.39,0.119,0.5091211024267707,0.6365270662582231
FAM120A,96.66,91.24,0.082,0.5091211024267707,0.6365270662582231
GPR68,12.79,11.35,0.159,0.5091211024267707,0.6365270662582231
RECK,8.18,6.72,0.251,0.5091211024267707,0.6365270662582231
EP300,31.16,32.34,-0.052,0.5091211024267707,0.6365270662582231
PLB1,2.15,2.84,-0.284,0.5091197098296631,0.6365270662582231
PLEKHG4B,5.19,5.34,-0.033,0.5091211024267707,0.6365270662582231
LEP,3.3,0.46,1.556,0.5112066874807799,0.6390819717679165
TNFSF11,4.15,1.55,1.014,0.5114248096993071,0.6392650737272371
SH3BP2,13.12,13.94,-0.082,0.5114373047557801,0.6392650737272371
PLEKHG1,10.12,11.26,-0.141,0.513761780067651,0.6406946338806389
TOE1,14.03,13.66,0.035,0.513761780067651,0.6406946338806389
PACSIN3,50.84,58.17,-0.191,0.513761780067651,0.6406946338806389
SFR1,15.92,16.17,-0.021,0.513761780067651,0.6406946338806389
SDF4,121.82,119.54,0.027,0.513761780067651,0.6406946338806389
AADAT,6.76,5.86,0.178,0.513761780067651,0.6406946338806389
IGFBP7,326.32,277.41,0.233,0.513761780067651,0.6406946338806389
ZNF518B,8.32,9.02,-0.105,0.513761780067651,0.6406946338806389
DPP8,12.86,13.45,-0.06,0.513761780067651,0.6406946338806389
ATP5MD,163.69,159.64,0.036,0.513761780067651,0.6406946338806389
TMED3,25.96,21.33,0.272,0.513761780067651,0.6406946338806389
CAND2,3.65,3.86,-0.065,0.513761780067651,0.6406946338806389
ACACA,23.8,26.87,-0.168,0.513761780067651,0.6406946338806389
MAN2C1,15.4,17.0,-0.135,0.513761780067651,0.6406946338806389
SCARA5,6.34,3.59,0.677,0.513761780067651,0.6406946338806389
SMTNL1,1.66,1.58,0.047,0.513761780067651,0.6406946338806389
FBXO7,38.13,40.02,-0.068,0.513761780067651,0.6406946338806389
FAM200A,12.84,13.91,-0.108,0.513761780067651,0.6406946338806389
TRAFD1,57.77,58.72,-0.023,0.513761780067651,0.6406946338806389
DLAT,30.56,27.97,0.124,0.513761780067651,0.6406946338806389
TASP1,12.37,14.09,-0.174,0.513761780067651,0.6406946338806389
ZMYM4,26.74,24.79,0.105,0.513761780067651,0.6406946338806389
KDM2A,47.27,44.19,0.095,0.513761780067651,0.6406946338806389
GFRA1,1.62,1.64,-0.013,0.513761780067651,0.6406946338806389
ITGA7,5.32,5.71,-0.085,0.513761780067651,0.6406946338806389
PPFIA1,14.72,20.85,-0.475,0.513761780067651,0.6406946338806389
WDR49,1.64,1.82,-0.099,0.5137562443236106,0.6406946338806389
SCYL2,29.99,31.01,-0.047,0.513761780067651,0.6406946338806389
DDX52,12.51,13.21,-0.073,0.5184243741203913,0.6448155150234225
ZSCAN31,12.82,13.5,-0.069,0.5184243741203913,0.6448155150234225
RAP2C,32.37,30.24,0.095,0.5184243741203913,0.6448155150234225
FBXL18,3.77,4.57,-0.223,0.5184243741203913,0.6448155150234225
TBC1D5,15.69,16.6,-0.076,0.5184243741203913,0.6448155150234225
B4GALNT3,38.5,31.99,0.26,0.5184243741203913,0.6448155150234225
CNMD,6.17,1.8,1.355,0.5171591306257964,0.6448155150234225
VPS4A,24.08,25.73,-0.092,0.5184243741203913,0.6448155150234225
EHBP1L1,48.15,44.98,0.096,0.5184243741203913,0.6448155150234225
EXOSC10,25.49,23.74,0.098,0.5184243741203913,0.6448155150234225
NPIPA5,2.06,2.57,-0.222,0.5184243741203913,0.6448155150234225
NGEF,8.65,5.63,0.541,0.5184243741203913,0.6448155150234225
TIGD2,12.05,11.76,0.033,0.5184243741203913,0.6448155150234225
OAZ1,400.97,414.46,-0.048,0.5184243741203913,0.6448155150234225
RSPH14,1.99,2.34,-0.161,0.5184229990660277,0.6448155150234225
TNIP2,54.67,50.08,0.124,0.5184243741203913,0.6448155150234225
CYB5RL,2.47,2.28,0.081,0.5184243741203913,0.6448155150234225
TRIM14,32.91,29.3,0.162,0.5184243741203913,0.6448155150234225
MRPL39,47.44,49.0,-0.046,0.5184243741203913,0.6448155150234225
NOX4,3.09,3.24,-0.05,0.5184243741203913,0.6448155150234225
FOXH1,0.29,2.49,-1.432,0.5182592841837639,0.6448155150234225
RAP1GDS1,22.53,21.62,0.056,0.5184243741203913,0.6448155150234225
UBE2Q1,79.52,75.22,0.079,0.5184243741203913,0.6448155150234225
THSD1,5.9,6.61,-0.141,0.5184243741203913,0.6448155150234225
COA1,12.73,13.77,-0.105,0.5184243741203913,0.6448155150234225
ZBTB1,20.34,19.45,0.061,0.5184243741203913,0.6448155150234225
MAF1,166.21,152.26,0.126,0.5184243741203913,0.6448155150234225
SELP,10.36,8.72,0.225,0.5184243741203913,0.6448155150234225
VAT1L,0.96,1.01,-0.031,0.5184243741203913,0.6448155150234225
JADE3,10.54,10.3,0.03,0.5184243741203913,0.6448155150234225
TOX4,36.66,34.37,0.09,0.5184243741203913,0.6448155150234225
SDF2L1,110.48,87.59,0.332,0.5184243741203913,0.6448155150234225
SOCS3,247.18,221.65,0.157,0.5231087442077962,0.6489948677730726
BDKRB1,1.35,1.58,-0.137,0.5231087442077962,0.6489948677730726
EFNB3,5.77,7.55,-0.338,0.5231087442077962,0.6489948677730726
RNF43,8.98,9.1,-0.016,0.5231087442077962,0.6489948677730726
SUMO3,161.0,166.28,-0.046,0.5231087442077962,0.6489948677730726
LIME1,2.0,2.22,-0.1,0.5231087442077962,0.6489948677730726
SMTN,16.74,17.31,-0.045,0.5231087442077962,0.6489948677730726
GUF1,20.7,19.78,0.062,0.5231087442077962,0.6489948677730726
ABCC4,20.21,12.53,0.649,0.5231087442077962,0.6489948677730726
COA5,34.28,32.95,0.055,0.5231087442077962,0.6489948677730726
MFSD12,27.56,24.66,0.154,0.5231087442077962,0.6489948677730726
NAXD,48.09,50.31,-0.064,0.5231087442077962,0.6489948677730726
SLC15A2,21.76,18.15,0.249,0.5231087442077962,0.6489948677730726
C8orf37,4.46,4.69,-0.059,0.5231087442077962,0.6489948677730726
ACTA2,111.6,88.7,0.328,0.5231087442077962,0.6489948677730726
UBE2E1,19.24,20.55,-0.091,0.5231087442077962,0.6489948677730726
CCR5,9.22,9.11,0.015,0.5231087442077962,0.6489948677730726
WDR35,7.6,7.82,-0.037,0.5231087442077962,0.6489948677730726
ICOS,3.6,3.8,-0.062,0.5231087442077962,0.6489948677730726
MORN3,3.02,3.58,-0.19,0.5231087442077962,0.6489948677730726
CNP,49.95,48.22,0.05,0.5231087442077962,0.6489948677730726
TMEM116,6.66,11.88,-0.751,0.5231087442077962,0.6489948677730726
UBL5,175.15,188.45,-0.105,0.5231087442077962,0.6489948677730726
DESI2,56.61,60.4,-0.092,0.5231087442077962,0.6489948677730726
MADD,23.03,21.43,0.1,0.5231087442077962,0.6489948677730726
COPG1,213.76,201.07,0.088,0.5231087442077962,0.6489948677730726
PI4KA,22.75,23.98,-0.073,0.5231087442077962,0.6489948677730726
PIK3R6,3.43,2.83,0.209,0.5231087442077962,0.6489948677730726
NPNT,51.99,40.55,0.351,0.5231087442077962,0.6489948677730726
SND1,129.17,123.97,0.059,0.5231087442077962,0.6489948677730726
ZNF362,39.95,37.83,0.077,0.5231087442077962,0.6489948677730726
OLFM3,0.1,1.22,-1.011,0.5258624770142764,0.6523580152917368
HSCB,22.95,23.93,-0.058,0.5278147470244385,0.6531266860679503
SMG8,16.89,18.1,-0.094,0.5278147470244385,0.6531266860679503
FAM229B,10.54,12.76,-0.254,0.5278147470244385,0.6531266860679503
MAP3K1,14.55,14.05,0.048,0.5278147470244385,0.6531266860679503
MRPL24,125.28,125.95,-0.008,0.5278147470244385,0.6531266860679503
CDHR5,1.76,0.4,0.975,0.5278011787819133,0.6531266860679503
ANKZF1,21.92,19.96,0.129,0.5278147470244385,0.6531266860679503
MGST2,37.13,35.53,0.062,0.5278147470244385,0.6531266860679503
POLR2M,12.44,12.1,0.037,0.5278147470244385,0.6531266860679503
ZNF385C,1.76,2.31,-0.26,0.5278147470244385,0.6531266860679503
TMEM68,11.23,10.23,0.123,0.5278147470244385,0.6531266860679503
TEPSIN,5.62,6.47,-0.173,0.5278147470244385,0.6531266860679503
TFPT,31.1,31.97,-0.038,0.5278147470244385,0.6531266860679503
CUL9,9.29,9.77,-0.065,0.5278147470244385,0.6531266860679503
IL21R,3.09,4.0,-0.293,0.5278147470244385,0.6531266860679503
SETD5,26.1,27.69,-0.082,0.5278147470244385,0.6531266860679503
SF3B4,230.05,236.23,-0.038,0.5278147470244385,0.6531266860679503
PROCR,35.67,42.63,-0.251,0.5278147470244385,0.6531266860679503
MICB,13.07,13.27,-0.02,0.5278147470244385,0.6531266860679503
VAC14,21.22,21.7,-0.031,0.5278147470244385,0.6531266860679503
RSBN1L,18.88,17.46,0.107,0.5278147470244385,0.6531266860679503
MTX2,75.87,80.71,-0.088,0.5278147470244385,0.6531266860679503
FASTKD2,13.85,14.61,-0.072,0.5278147470244385,0.6531266860679503
MAIP1,25.86,28.21,-0.121,0.5278147470244385,0.6531266860679503
RCOR3,14.21,14.33,-0.011,0.5278147470244385,0.6531266860679503
PLEKHM2,61.18,67.26,-0.135,0.5278147470244385,0.6531266860679503
GLO1,247.01,228.65,0.111,0.5278147470244385,0.6531266860679503
RBM26,17.14,17.2,-0.005,0.5278147470244385,0.6531266860679503
HSPA8,727.82,768.8,-0.079,0.5278147470244385,0.6531266860679503
KMT2A,7.4,6.76,0.113,0.5278147470244385,0.6531266860679503
RPP14,2.11,2.11,-0.003,0.5278147470244385,0.6531266860679503
ABHD12B,0.5,2.11,-1.05,0.5301731109403207,0.6558329764648515
GPR25,1.13,0.86,0.189,0.5301744630383273,0.6558329764648515
C8orf58,7.07,7.09,-0.002,0.5301744630383273,0.6558329764648515
ACKR4,2.7,1.44,0.602,0.5301744630383273,0.6558329764648515
CXCR6,5.84,6.92,-0.211,0.5325422363454948,0.6571034026473729
ERO1B,10.97,14.7,-0.391,0.5325422363454948,0.6571034026473729
DENND4B,24.51,26.09,-0.087,0.5325422363454948,0.6571034026473729
ZNF32,37.75,43.93,-0.214,0.5325422363454948,0.6571034026473729
MED19,23.39,25.48,-0.119,0.5325422363454948,0.6571034026473729
MON1B,21.91,21.21,0.045,0.5325422363454948,0.6571034026473729
CHD8,14.07,13.2,0.086,0.5325422363454948,0.6571034026473729
SNRNP70,111.17,118.45,-0.091,0.5325422363454948,0.6571034026473729
TNFRSF9,4.15,4.05,0.028,0.5325422363454948,0.6571034026473729
RHOH,4.35,5.11,-0.191,0.5325422363454948,0.6571034026473729
RBM33,13.94,14.41,-0.045,0.5325422363454948,0.6571034026473729
IGFBP3,341.1,372.16,-0.125,0.5325422363454948,0.6571034026473729
RC3H1,9.6,10.04,-0.059,0.5325408889905443,0.6571034026473729
AP2B1,122.49,106.05,0.206,0.5325422363454948,0.6571034026473729
EGLN2,2.94,2.53,0.157,0.5325422363454948,0.6571034026473729
DOC2A,1.73,1.41,0.179,0.5325422363454948,0.6571034026473729
PROX1,2.2,2.99,-0.322,0.5325422363454948,0.6571034026473729
TIGD3,1.74,1.75,-0.007,0.5325422363454948,0.6571034026473729
ZGLP1,1.03,0.95,0.062,0.5325422363454948,0.6571034026473729
KMT5C,8.74,9.82,-0.152,0.5325422363454948,0.6571034026473729
NTAN1,12.44,13.49,-0.109,0.5325422363454948,0.6571034026473729
PACSIN1,2.58,1.42,0.563,0.5325422363454948,0.6571034026473729
ATF6B,86.22,82.2,0.068,0.5325422363454948,0.6571034026473729
HIBCH,10.54,11.26,-0.087,0.5325408889905443,0.6571034026473729
NUDT5,35.24,30.42,0.206,0.5325422363454948,0.6571034026473729
AMMECR1L,25.77,26.74,-0.051,0.5325422363454948,0.6571034026473729
TMEM147,113.28,109.66,0.046,0.5325422363454948,0.6571034026473729
RPL28,375.57,360.65,0.058,0.5325422363454948,0.6571034026473729
PIGL,3.96,3.84,0.035,0.5325422363454948,0.6571034026473729
PCDHB6,1.54,4.24,-1.044,0.5325422363454948,0.6571034026473729
FTL,16613.59,17599.02,-0.083,0.5325422363454948,0.6571034026473729
CHRNE,1.04,1.11,-0.049,0.5349126493762688,0.6599746534004914
LAMA2,7.57,7.89,-0.054,0.5372910630362276,0.6615660199942789
TRIB3,42.0,50.85,-0.27,0.5372910630362276,0.6615660199942789
TAF4,8.07,8.82,-0.115,0.5372910630362276,0.6615660199942789
RPS27,2182.22,1970.26,0.147,0.5372910630362276,0.6615660199942789
PDGFB,27.43,25.42,0.106,0.5372910630362276,0.6615660199942789
ABCB7,14.32,13.82,0.047,0.5372910630362276,0.6615660199942789
ARAP2,8.35,9.21,-0.126,0.5372910630362276,0.6615660199942789
UTP11,31.51,32.64,-0.05,0.5372910630362276,0.6615660199942789
BIRC6,16.63,18.91,-0.176,0.5372910630362276,0.6615660199942789
TMEM254,23.69,24.8,-0.063,0.5372910630362276,0.6615660199942789
SDAD1,42.21,43.83,-0.053,0.5372910630362276,0.6615660199942789
KLC1,3.2,3.56,-0.116,0.5372910630362276,0.6615660199942789
DIDO1,18.03,19.05,-0.076,0.5372910630362276,0.6615660199942789
ABHD2,62.49,70.69,-0.175,0.5372910630362276,0.6615660199942789
EPHX2,11.03,13.21,-0.24,0.5372910630362276,0.6615660199942789
CXCL11,15.74,22.86,-0.512,0.5372910630362276,0.6615660199942789
C20orf202,1.08,0.85,0.173,0.5372910630362276,0.6615660199942789
FAM71F2,1.24,0.85,0.275,0.5372910630362276,0.6615660199942789
MRPS15,78.7,76.25,0.045,0.5372910630362276,0.6615660199942789
EML3,30.3,28.29,0.096,0.5372910630362276,0.6615660199942789
ATXN7L3B,48.63,52.36,-0.105,0.5372910630362276,0.6615660199942789
BAIAP2L2,13.28,6.75,0.883,0.5372910630362276,0.6615660199942789
DCTN1,39.11,41.12,-0.07,0.5372910630362276,0.6615660199942789
GPN3,30.39,34.09,-0.161,0.5372910630362276,0.6615660199942789
LILRB2,10.17,12.08,-0.227,0.5372910630362276,0.6615660199942789
EXOC5,16.34,17.22,-0.071,0.539672097611217,0.6643900963461001
AC007906.2,16.32,19.51,-0.244,0.539672097611217,0.6643900963461001
HOXC10,6.34,7.52,-0.216,0.5405396969710106,0.6654042793777802
MRPL49,79.02,75.32,0.068,0.5420610750621225,0.6658743461690514
SPIDR,35.19,37.98,-0.107,0.5420610750621225,0.6658743461690514
GABARAPL1,75.11,67.44,0.153,0.5420610750621225,0.6658743461690514
COL1A2,700.5,700.74,-0.0,0.5420610750621225,0.6658743461690514
PIK3CD,16.19,18.36,-0.172,0.5420610750621225,0.6658743461690514
COMT,62.89,57.47,0.128,0.5420610750621225,0.6658743461690514
ANXA7,143.62,153.27,-0.093,0.5420610750621225,0.6658743461690514
MAD2L1BP,49.21,43.29,0.181,0.5420610750621225,0.6658743461690514
GPHN,8.72,9.88,-0.162,0.5420610750621225,0.6658743461690514
FMR1,20.4,22.4,-0.129,0.5420610750621225,0.6658743461690514
ETFB,8.28,10.2,-0.271,0.5420610750621225,0.6658743461690514
WDR88,1.84,2.3,-0.219,0.5420610750621225,0.6658743461690514
SYNE3,1.94,2.19,-0.117,0.5420597470899918,0.6658743461690514
MED31,5.8,5.59,0.045,0.5420610750621225,0.6658743461690514
COL26A1,1.04,9.82,-2.405,0.5420610750621225,0.6658743461690514
MRPL2,2.26,2.14,0.054,0.5420610750621225,0.6658743461690514
DHX40,37.24,37.68,-0.016,0.5420610750621225,0.6658743461690514
PCDHGB1,0.78,1.28,-0.352,0.5420610750621225,0.6658743461690514
RRP36,72.37,68.0,0.089,0.5420610750621225,0.6658743461690514
GSPT1,68.15,65.77,0.051,0.5420610750621225,0.6658743461690514
PREX1,22.27,21.47,0.05,0.5420610750621225,0.6658743461690514
PPP2R3A,12.3,11.4,0.102,0.5420610750621225,0.6658743461690514
DCTN4,37.59,35.97,0.062,0.5420610750621225,0.6658743461690514
VCL,56.87,60.83,-0.096,0.5420610750621225,0.6658743461690514
TMBIM1,175.23,173.05,0.018,0.5420610750621225,0.6658743461690514
NMUR1,1.4,1.18,0.138,0.5420610750621225,0.6658743461690514
ZFY,3.3,3.42,-0.038,0.5441608495691628,0.6683996917700937
TMEM270,1.71,2.64,-0.425,0.5444407466331017,0.6686894311719251
DSEL,2.96,2.74,0.082,0.5468521174996723,0.6701882891967832
SH2B1,22.89,21.56,0.082,0.5468521174996723,0.6701882891967832
NQO1,238.64,232.32,0.039,0.5468521174996723,0.6701882891967832
DENND6A,16.78,16.97,-0.015,0.5468521174996723,0.6701882891967832
NOP9,12.04,10.92,0.13,0.5468521174996723,0.6701882891967832
STAC3,7.81,7.27,0.092,0.5468521174996723,0.6701882891967832
ZCRB1,17.32,19.27,-0.146,0.5468521174996723,0.6701882891967832
SLC8A1,1.85,1.99,-0.071,0.5468521174996723,0.6701882891967832
RALGAPB,18.53,20.13,-0.114,0.5468521174996723,0.6701882891967832
HNRNPUL2,30.63,29.78,0.039,0.5468521174996723,0.6701882891967832
CDK19,12.79,12.23,0.06,0.5468521174996723,0.6701882891967832
CUL2,25.89,24.31,0.087,0.5468521174996723,0.6701882891967832
C6orf52,7.09,4.53,0.547,0.5468521174996723,0.6701882891967832
STRIP1,13.8,14.69,-0.084,0.5468521174996723,0.6701882891967832
RIPOR1,24.19,25.49,-0.073,0.5468521174996723,0.6701882891967832
DLGAP4,28.93,28.54,0.019,0.5468521174996723,0.6701882891967832
KSR1,8.58,7.99,0.091,0.5468521174996723,0.6701882891967832
ARHGAP10,5.31,5.22,0.02,0.5468521174996723,0.6701882891967832
G3BP2,36.59,34.78,0.071,0.5468521174996723,0.6701882891967832
GATAD2B,18.11,19.1,-0.073,0.5468521174996723,0.6701882891967832
ZNF169,1.76,1.96,-0.103,0.5468521174996723,0.6701882891967832
ADCK5,18.25,15.41,0.23,0.5468521174996723,0.6701882891967832
BRD3OS,11.67,11.37,0.034,0.5468521174996723,0.6701882891967832
SLC25A43,36.81,33.86,0.118,0.5468521174996723,0.6701882891967832
TMEM123,260.22,301.1,-0.21,0.5468521174996723,0.6701882891967832
PRAG1,17.88,20.35,-0.178,0.5468521174996723,0.6701882891967832
ZNF155,1.98,2.21,-0.11,0.5468507994918718,0.6701882891967832
PRPF4B,28.17,30.03,-0.089,0.5492541629643317,0.6730235097924906
EIF4E,7.86,8.0,-0.023,0.5492541629643317,0.6730235097924906
ISX,2.44,0.02,1.751,0.5498173114510665,0.673659226844843
ZNF263,15.6,17.12,-0.127,0.5516640325478153,0.6740194327703223
EPHA2,69.67,66.96,0.056,0.5516640325478153,0.6740194327703223
SMARCE1,1.68,1.53,0.081,0.5516640325478153,0.6740194327703223
CCL3,3.23,3.0,0.081,0.5516640325478153,0.6740194327703223
CCL18,243.81,235.1,0.052,0.5516640325478153,0.6740194327703223
SYT2,1.25,1.41,-0.103,0.5516640325478153,0.6740194327703223
ALDH1L1,1.45,1.57,-0.069,0.5516640325478153,0.6740194327703223
LRRC59,123.49,113.45,0.121,0.5516640325478153,0.6740194327703223
GMEB1,9.15,9.06,0.013,0.5516640325478153,0.6740194327703223
ANKS6,13.09,12.75,0.036,0.5516640325478153,0.6740194327703223
B4GALT7,21.87,20.87,0.064,0.5516640325478153,0.6740194327703223
NR1D2,27.11,27.31,-0.01,0.5516640325478153,0.6740194327703223
CASC3,54.2,55.24,-0.027,0.5516640325478153,0.6740194327703223
FGF1,3.49,2.9,0.201,0.5516640325478153,0.6740194327703223
SLC16A13,12.47,13.95,-0.15,0.5516640325478153,0.6740194327703223
SMG9,15.81,18.35,-0.203,0.5516640325478153,0.6740194327703223
SUPT7L,29.91,31.3,-0.064,0.5516640325478153,0.6740194327703223
APOE,444.05,460.4,-0.052,0.5516640325478153,0.6740194327703223
RUNX2,7.49,6.14,0.249,0.5516640325478153,0.6740194327703223
PRSS36,2.65,3.28,-0.226,0.5516640325478153,0.6740194327703223
CDK17,17.84,17.85,-0.001,0.5516640325478153,0.6740194327703223
KCNK1,38.02,41.08,-0.109,0.5516640325478153,0.6740194327703223
FERMT3,39.08,39.87,-0.028,0.5516640325478153,0.6740194327703223
ARL6,6.59,6.96,-0.068,0.5516640325478153,0.6740194327703223
GPR84,4.46,4.07,0.106,0.5516640325478153,0.6740194327703223
AVPR1A,1.58,1.44,0.08,0.5516627246852874,0.6740194327703223
ZSCAN22,3.97,3.89,0.024,0.5516640325478153,0.6740194327703223
APIP,10.33,9.17,0.156,0.5516640325478153,0.6740194327703223
CHRDL2,2.19,3.53,-0.505,0.5516640325478153,0.6740194327703223
LRP11,1.02,1.15,-0.093,0.5516640325478153,0.6740194327703223
FUBP1,42.87,46.79,-0.124,0.5516640325478153,0.6740194327703223
VCAM1,20.58,40.56,-0.946,0.5516640325478153,0.6740194327703223
SLC5A5,7.91,1.58,1.787,0.5516588010294532,0.6740194327703223
USB1,27.81,28.72,-0.045,0.5516640325478153,0.6740194327703223
SLBP,100.62,102.33,-0.024,0.5516640325478153,0.6740194327703223
SLAMF1,2.99,3.21,-0.078,0.5540764644818692,0.6769124899383273
GARRE1,16.42,15.14,0.11,0.5564966595400215,0.6781786916171931
BHLHE22,1.9,1.73,0.086,0.5564966595400215,0.6781786916171931
PPIE,14.88,14.46,0.038,0.5564966595400215,0.6781786916171931
NLK,16.63,18.26,-0.127,0.5564966595400215,0.6781786916171931
ST20,2.04,1.84,0.1,0.5564966595400215,0.6781786916171931
PLCD3,12.09,12.63,-0.058,0.5564966595400215,0.6781786916171931
MED13,25.92,24.13,0.099,0.5564966595400215,0.6781786916171931
SLC35F6,57.29,55.06,0.056,0.5564966595400215,0.6781786916171931
EPN2,8.55,8.75,-0.03,0.5564966595400215,0.6781786916171931
AACS,9.15,9.18,-0.005,0.5564966595400215,0.6781786916171931
RGP1,14.17,15.6,-0.13,0.5564966595400215,0.6781786916171931
CCDC66,3.75,3.57,0.056,0.5564966595400215,0.6781786916171931
EFHC1,2.98,2.95,0.009,0.5564966595400215,0.6781786916171931
PRPH2,1.09,1.23,-0.092,0.5564966595400215,0.6781786916171931
RFX3,3.7,4.68,-0.273,0.5564966595400215,0.6781786916171931
TRNT1,7.45,7.35,0.017,0.5564966595400215,0.6781786916171931
C11orf58,48.86,47.54,0.039,0.5564966595400215,0.6781786916171931
MVD,29.36,33.76,-0.195,0.5564966595400215,0.6781786916171931
CHCHD2,761.26,812.23,-0.093,0.5564966595400215,0.6781786916171931
KLHL9,22.94,22.11,0.051,0.5564966595400215,0.6781786916171931
WNK1,53.89,43.92,0.289,0.5564966595400215,0.6781786916171931
DNPH1,76.07,77.92,-0.034,0.5564966595400215,0.6781786916171931
CEP70,20.78,22.47,-0.108,0.5564966595400215,0.6781786916171931
RCN3,113.28,82.79,0.448,0.5564966595400215,0.6781786916171931
ARFGEF2,23.71,25.22,-0.086,0.5564966595400215,0.6781786916171931
MAST3,8.24,8.64,-0.062,0.5564966595400215,0.6781786916171931
ARL14EP,14.14,13.66,0.046,0.5564966595400215,0.6781786916171931
FLCN,9.44,9.79,-0.048,0.5564966595400215,0.6781786916171931
TSNARE1,12.0,13.11,-0.118,0.5564966595400215,0.6781786916171931
OGT,59.96,47.58,0.327,0.5564966595400215,0.6781786916171931
MRPL45,75.53,83.74,-0.147,0.5564966595400215,0.6781786916171931
DNAH9,1.86,2.16,-0.141,0.5589193967193316,0.6809673130999844
NHLH2,0.32,1.08,-0.662,0.5588418376181807,0.6809673130999844
MESP2,2.17,1.99,0.086,0.5589193967193316,0.6809673130999844
ZNF300,4.16,4.15,0.003,0.561349834957033,0.6822324648029919
EBNA1BP2,60.46,64.62,-0.095,0.561349834957033,0.6822324648029919
KIF1B,12.57,13.37,-0.083,0.561349834957033,0.6822324648029919
PTBP2,3.19,3.66,-0.154,0.561349834957033,0.6822324648029919
GOLT1B,59.95,60.08,-0.003,0.561349834957033,0.6822324648029919
PACS1,45.61,41.22,0.143,0.561349834957033,0.6822324648029919
METTL17,15.21,17.28,-0.174,0.561349834957033,0.6822324648029919
MRPS23,31.25,31.09,0.007,0.561349834957033,0.6822324648029919
UBE2J2,36.59,36.56,0.001,0.561349834957033,0.6822324648029919
ANKRD26,2.17,2.25,-0.033,0.561349834957033,0.6822324648029919
NME7,6.81,6.23,0.11,0.5613485479246203,0.6822324648029919
RBM15B,35.38,33.68,0.069,0.561349834957033,0.6822324648029919
KRTCAP3,121.24,104.42,0.214,0.561349834957033,0.6822324648029919
TMEM241,13.37,10.65,0.302,0.561349834957033,0.6822324648029919
BAZ1A,30.24,31.5,-0.057,0.561349834957033,0.6822324648029919
MAP3K10,10.25,15.28,-0.534,0.561349834957033,0.6822324648029919
DERL3,6.81,8.35,-0.259,0.561349834957033,0.6822324648029919
NSRP1,22.5,21.12,0.087,0.561349834957033,0.6822324648029919
MTA3,13.91,13.07,0.083,0.561349834957033,0.6822324648029919
ZNF394,8.8,9.07,-0.039,0.561349834957033,0.6822324648029919
IL4I1,18.93,20.83,-0.131,0.561349834957033,0.6822324648029919
ZNF407,3.26,3.47,-0.069,0.561349834957033,0.6822324648029919
TIAF1,1.79,1.45,0.187,0.561349834957033,0.6822324648029919
CDHR3,5.86,6.4,-0.109,0.561349834957033,0.6822324648029919
NUDT14,42.61,42.06,0.018,0.561349834957033,0.6822324648029919
CERS4,44.24,35.42,0.313,0.561349834957033,0.6822324648029919
CCNL2,59.62,52.03,0.193,0.561349834957033,0.6822324648029919
DDX59,14.68,16.35,-0.146,0.561349834957033,0.6822324648029919
RCC1,56.9,58.18,-0.032,0.561349834957033,0.6822324648029919
NPAS2,5.19,5.69,-0.113,0.561349834957033,0.6822324648029919
LGALS9,43.81,47.24,-0.106,0.561349834957033,0.6822324648029919
TRIM15,1.29,0.79,0.356,0.5634106231391602,0.6846822586268806
SURF6,28.59,32.16,-0.164,0.5662233924402511,0.686343705229355
PYM1,45.53,42.85,0.086,0.5662233924402511,0.686343705229355
RGS18,2.62,3.19,-0.212,0.56622083973044,0.686343705229355
HSD17B8,48.46,49.67,-0.035,0.5662233924402511,0.686343705229355
GNL3,80.48,80.67,-0.003,0.5662233924402511,0.686343705229355
BUD23,40.37,42.36,-0.068,0.5662233924402511,0.686343705229355
GADD45GIP1,73.95,84.06,-0.183,0.5662233924402511,0.686343705229355
DCAF7,75.19,76.82,-0.031,0.5662221160909491,0.686343705229355
INTS3,33.43,30.9,0.11,0.5662233924402511,0.686343705229355
PAXBP1,11.46,11.02,0.052,0.5662233924402511,0.686343705229355
NDUFAF1,11.94,11.28,0.076,0.5662233924402511,0.686343705229355
NSMCE4A,20.97,22.19,-0.078,0.5662233924402511,0.686343705229355
TLE5,107.77,108.42,-0.009,0.5662233924402511,0.686343705229355
PLCL2,4.78,4.62,0.041,0.5662233924402511,0.686343705229355
MLLT1,58.27,59.15,-0.021,0.5662233924402511,0.686343705229355
MORN2,36.66,35.1,0.061,0.5662233924402511,0.686343705229355
RXRA,26.27,28.88,-0.132,0.5662233924402511,0.686343705229355
TAF6,23.57,24.43,-0.05,0.5662233924402511,0.686343705229355
RTL8C,233.42,223.52,0.062,0.5662233924402511,0.686343705229355
KIAA1549,4.93,7.23,-0.473,0.5662233924402511,0.686343705229355
RTN1,4.14,4.39,-0.067,0.5662233924402511,0.686343705229355
WNT10A,7.17,11.19,-0.578,0.5662233924402511,0.686343705229355
NDUFB1,52.75,59.2,-0.164,0.5662233924402511,0.686343705229355
CORO1A,46.16,41.47,0.151,0.5662233924402511,0.686343705229355
C12orf43,8.55,8.59,-0.006,0.5662233924402511,0.686343705229355
EIF3F,30.89,30.37,0.024,0.5662233924402511,0.686343705229355
LAMTOR1,125.7,125.24,0.005,0.5662233924402511,0.686343705229355
FBXL14,16.64,16.07,0.048,0.5662233924402511,0.686343705229355
SLC41A1,26.51,27.51,-0.051,0.5662233924402511,0.686343705229355
NFIA,2.01,2.37,-0.167,0.5662233924402511,0.686343705229355
CCL2,87.86,114.24,-0.375,0.5662233924402511,0.686343705229355
RASGEF1A,6.44,5.87,0.115,0.5662233924402511,0.686343705229355
POU3F2,2.3,1.34,0.497,0.5685024455732872,0.689051268894691
BACH1,23.8,24.36,-0.032,0.5711171628057754,0.6904577906030195
INPP5F,9.76,10.58,-0.105,0.5711171628057754,0.6904577906030195
SLPI,2844.9,2158.79,0.398,0.5711171628057754,0.6904577906030195
ZNF853,10.44,12.85,-0.276,0.5711171628057754,0.6904577906030195
RASD2,6.4,13.98,-1.018,0.5711171628057754,0.6904577906030195
TAF5L,18.39,18.85,-0.034,0.5711171628057754,0.6904577906030195
FGF8,0.5,1.39,-0.673,0.5710095564580947,0.6904577906030195
CHD4,8.38,8.07,0.048,0.5711171628057754,0.6904577906030195
RNF112,0.83,1.0,-0.128,0.5711158973170631,0.6904577906030195
ENO1,1239.27,1328.51,-0.1,0.5711171628057754,0.6904577906030195
CXCL12,22.76,21.49,0.079,0.5711171628057754,0.6904577906030195
FSTL4,8.51,6.46,0.35,0.5711171628057754,0.6904577906030195
HPS3,18.05,18.68,-0.047,0.5711171628057754,0.6904577906030195
BRSK1,4.19,4.17,0.005,0.5711171628057754,0.6904577906030195
LYG1,2.5,2.76,-0.104,0.5711171628057754,0.6904577906030195
RBFA,3.63,3.42,0.067,0.5711171628057754,0.6904577906030195
CHCHD4,22.28,21.05,0.078,0.5711171628057754,0.6904577906030195
PCSK7,3.52,3.21,0.102,0.5711171628057754,0.6904577906030195
ZHX3,8.64,7.95,0.106,0.5711171628057754,0.6904577906030195
UPK3B,50.61,39.87,0.337,0.5711171628057754,0.6904577906030195
CENPC,7.02,7.69,-0.114,0.5711171628057754,0.6904577906030195
POMGNT2,21.49,22.61,-0.07,0.5711171628057754,0.6904577906030195
PTGIS,16.69,15.12,0.133,0.5711171628057754,0.6904577906030195
FOXQ1,43.17,44.44,-0.041,0.5711171628057754,0.6904577906030195
STX16,42.82,47.0,-0.131,0.5711171628057754,0.6904577906030195
ZEB2,5.99,5.39,0.128,0.5711171628057754,0.6904577906030195
COQ10A,6.63,6.88,-0.047,0.5711171628057754,0.6904577906030195
HEG1,36.61,34.17,0.097,0.5711171628057754,0.6904577906030195
ZNF443,4.2,4.03,0.048,0.5711171628057754,0.6904577906030195
BRD1,27.43,28.54,-0.055,0.5711171628057754,0.6904577906030195
RNF34,21.99,22.09,-0.006,0.5711171628057754,0.6904577906030195
SIRT6,23.15,24.4,-0.073,0.5711171628057754,0.6904577906030195
HS3ST5,1.06,1.16,-0.067,0.573527467840617,0.6933165832990528
SLC24A1,4.33,4.8,-0.121,0.5760309740590901,0.6951261786242856
TACC2,26.51,16.53,0.65,0.5760309740590901,0.6951261786242856
CCDC113,7.4,7.84,-0.074,0.5760309740590901,0.6951261786242856
AMDHD2,8.24,7.33,0.15,0.5760309740590901,0.6951261786242856
TLCD5,5.81,6.09,-0.057,0.5760309740590901,0.6951261786242856
DENND11,22.36,23.31,-0.057,0.5760309740590901,0.6951261786242856
FOXF2,13.51,12.92,0.061,0.5760309740590901,0.6951261786242856
TCEAL2,2.41,2.41,-0.002,0.5760058829210455,0.6951261786242856
SSR1,59.46,59.99,-0.012,0.5760309740590901,0.6951261786242856
ZNF354A,10.67,10.94,-0.033,0.5760309740590901,0.6951261786242856
MIDEAS,12.75,11.57,0.13,0.5760309740590901,0.6951261786242856
MYO7A,5.68,4.88,0.186,0.5760309740590901,0.6951261786242856
BTG2,208.51,185.9,0.165,0.5760309740590901,0.6951261786242856
SLA,13.69,13.51,0.018,0.5760309740590901,0.6951261786242856
RTKN2,21.91,10.9,0.945,0.5760309740590901,0.6951261786242856
GPANK1,20.05,20.85,-0.054,0.5760309740590901,0.6951261786242856
FCRL2,1.71,1.72,-0.005,0.5760297196074784,0.6951261786242856
ATP6V0B,151.49,141.59,0.097,0.5760309740590901,0.6951261786242856
PDGFRB,64.38,54.89,0.226,0.5760309740590901,0.6951261786242856
UGDH,133.73,95.57,0.481,0.5760309740590901,0.6951261786242856
THBS2,50.61,44.0,0.198,0.5760309740590901,0.6951261786242856
MTSS2,10.66,11.26,-0.073,0.5760309740590901,0.6951261786242856
ERCC4,4.15,4.31,-0.046,0.5784940916384316,0.6980431049370734
KLRF2,0.11,1.2,-0.987,0.5788617295910312,0.6984312466388609
FBXO44,19.94,18.97,0.068,0.5809646514103979,0.6994133081519949
CD300E,3.46,5.06,-0.44,0.5809646514103979,0.6994133081519949
EPHB4,66.05,65.21,0.018,0.5809646514103979,0.6994133081519949
RIDA,35.8,35.59,0.008,0.5809646514103979,0.6994133081519949
STOML3,5.63,5.3,0.073,0.5809596783882642,0.6994133081519949
ERMAP,6.53,6.6,-0.014,0.5809646514103979,0.6994133081519949
PDZRN4,0.42,1.25,-0.662,0.5809634081713885,0.6994133081519949
MATN4,0.47,1.62,-0.832,0.5809596783882642,0.6994133081519949
ZC3HAV1,24.21,23.38,0.049,0.5809646514103979,0.6994133081519949
MAST1,1.18,1.26,-0.047,0.5809646514103979,0.6994133081519949
CGAS,10.6,11.78,-0.14,0.5809646514103979,0.6994133081519949
TXNDC9,35.55,33.8,0.071,0.5809646514103979,0.6994133081519949
TMEM86B,2.82,2.66,0.063,0.5809646514103979,0.6994133081519949
CR1,1.59,1.64,-0.031,0.5809634081713885,0.6994133081519949
ZNF875,13.5,14.44,-0.09,0.5809646514103979,0.6994133081519949
DTX3L,68.31,63.27,0.109,0.5809646514103979,0.6994133081519949
MED14,23.85,21.44,0.147,0.5809646514103979,0.6994133081519949
HMBOX1,6.07,6.38,-0.062,0.5809646514103979,0.6994133081519949
BTBD6,86.05,83.55,0.042,0.5809646514103979,0.6994133081519949
NGDN,22.75,24.58,-0.107,0.5809646514103979,0.6994133081519949
MOXD1,24.44,34.43,-0.478,0.5809646514103979,0.6994133081519949
CHTOP,48.45,47.59,0.025,0.5809646514103979,0.6994133081519949
KIF26B,9.79,7.77,0.3,0.5809646514103979,0.6994133081519949
NHEJ1,0.95,1.08,-0.099,0.5809646514103979,0.6994133081519949
PUS3,19.8,20.4,-0.041,0.5809646514103979,0.6994133081519949
TXLNG,17.88,19.45,-0.115,0.5809646514103979,0.6994133081519949
RAB5IF,2.83,2.9,-0.026,0.5809646514103979,0.6994133081519949
HOXB8,5.54,1.83,1.211,0.58095843510519,0.6994133081519949
RNASEL,10.39,9.62,0.102,0.5859180172906,0.7035369032400289
ZNF461,4.54,4.51,0.008,0.5859180172906,0.7035369032400289
PTOV1,14.61,15.55,-0.084,0.5859180172906,0.7035369032400289
TRPC1,3.64,4.27,-0.182,0.5859180172906,0.7035369032400289
SDHAF4,23.13,26.14,-0.17,0.5859180172906,0.7035369032400289
POLR3E,11.38,12.66,-0.142,0.5859180172906,0.7035369032400289
YARS1,39.88,40.16,-0.01,0.5859180172906,0.7035369032400289
LHFPL5,1.05,0.92,0.096,0.5859180172906,0.7035369032400289
SEC31B,2.51,2.4,0.048,0.5859180172906,0.7035369032400289
DTX2,30.27,28.29,0.095,0.5859180172906,0.7035369032400289
PPP3CC,14.71,15.46,-0.067,0.5859180172906,0.7035369032400289
SPHK2,7.31,7.66,-0.06,0.5859180172906,0.7035369032400289
RNF19B,72.53,76.92,-0.084,0.5859180172906,0.7035369032400289
TMEM134,22.61,23.2,-0.036,0.5859180172906,0.7035369032400289
CDHR2,1.32,0.39,0.735,0.5859167854386451,0.7035369032400289
FADS1,22.72,25.28,-0.148,0.5859180172906,0.7035369032400289
PLPPR1,6.81,6.11,0.136,0.5859180172906,0.7035369032400289
SIMC1,6.23,7.26,-0.191,0.5859180172906,0.7035369032400289
EEF2KMT,6.79,7.63,-0.147,0.5859180172906,0.7035369032400289
LAMP1,225.8,215.61,0.066,0.5859180172906,0.7035369032400289
RPL27A,382.78,350.13,0.128,0.5859180172906,0.7035369032400289
NUP62CL,5.44,5.94,-0.107,0.5859180172906,0.7035369032400289
RUSC2,17.01,15.43,0.132,0.5859180172906,0.7035369032400289
MON1A,5.26,5.07,0.045,0.5859180172906,0.7035369032400289
SCAPER,4.78,4.41,0.094,0.5859180172906,0.7035369032400289
C1orf216,17.83,19.05,-0.091,0.5859180172906,0.7035369032400289
RELL1,19.82,26.04,-0.378,0.5859180172906,0.7035369032400289
H2AZ2,83.85,89.24,-0.089,0.5859180172906,0.7035369032400289
KDM5B,15.25,15.99,-0.064,0.5859180172906,0.7035369032400289
ZNF655,24.26,25.96,-0.094,0.5859180172906,0.7035369032400289
MAX,29.59,31.3,-0.079,0.5859180172906,0.7035369032400289
ZNF134,12.84,14.34,-0.148,0.5859180172906,0.7035369032400289
ITPA,77.54,82.2,-0.083,0.5859180172906,0.7035369032400289
PAGE5,9.26,0.16,3.149,0.5866156802107265,0.7043189528561379
BOLA2B,1.37,1.36,0.004,0.5884008010894586,0.7064064299448554
MARK2,24.73,24.13,0.034,0.5908908913679214,0.7074950991057475
LRRC37A2,1.68,1.68,0.002,0.5908908913679214,0.7074950991057475
HELZ,12.84,12.35,0.052,0.5908908913679214,0.7074950991057475
TBC1D25,18.67,18.15,0.038,0.5908908913679214,0.7074950991057475
SIX5,5.92,5.78,0.03,0.5908908913679214,0.7074950991057475
ARL5B,21.07,18.75,0.161,0.5908908913679214,0.7074950991057475
RPL9,324.17,297.03,0.126,0.5908908913679214,0.7074950991057475
MMGT1,39.97,38.99,0.035,0.5908908913679214,0.7074950991057475
IL18,30.31,29.13,0.055,0.5908908913679214,0.7074950991057475
SYNJ2,7.41,7.28,0.024,0.5908908913679214,0.7074950991057475
PRR3,12.95,14.42,-0.144,0.5908908913679214,0.7074950991057475
STK3,9.41,8.59,0.118,0.5908908913679214,0.7074950991057475
RDH13,5.23,5.68,-0.1,0.5908908913679214,0.7074950991057475
CAPNS1,409.43,427.62,-0.063,0.5908908913679214,0.7074950991057475
RBX1,67.96,73.51,-0.112,0.5908908913679214,0.7074950991057475
RPL17,4.56,4.77,-0.054,0.5908908913679214,0.7074950991057475
UBR3,14.98,15.89,-0.08,0.5908908913679214,0.7074950991057475
EDN2,14.52,15.12,-0.054,0.5908908913679214,0.7074950991057475
TMEM145,1.05,1.67,-0.38,0.5908896710763826,0.7074950991057475
OTUD7B,12.46,11.63,0.091,0.5908908913679214,0.7074950991057475
CDK10,24.48,21.75,0.163,0.5908908913679214,0.7074950991057475
NAA30,11.19,11.88,-0.079,0.5908908913679214,0.7074950991057475
ZNF212,21.59,20.53,0.069,0.5908908913679214,0.7074950991057475
SLAMF7,25.08,29.76,-0.238,0.5908908913679214,0.7074950991057475
CFAP70,1.52,1.68,-0.087,0.5908908913679214,0.7074950991057475
TSPYL5,27.97,35.5,-0.333,0.5908908913679214,0.7074950991057475
PLA2G4F,15.37,11.92,0.341,0.5908908913679214,0.7074950991057475
THAP2,3.65,3.62,0.01,0.5908908913679214,0.7074950991057475
SLC25A39,175.21,179.44,-0.034,0.5908908913679214,0.7074950991057475
DNAH14,1.53,1.9,-0.197,0.5908908913679214,0.7074950991057475
COQ5,36.25,38.81,-0.096,0.5908908913679214,0.7074950991057475
CD80,2.06,2.44,-0.167,0.5908908913679214,0.7074950991057475
SMIM12,11.63,11.82,-0.022,0.5908908913679214,0.7074950991057475
NIT1,28.2,26.26,0.099,0.5908908913679214,0.7074950991057475
FTO,7.41,7.63,-0.038,0.5933833724289669,0.7102555406376186
PTGFR,2.59,1.78,0.366,0.5933833724289669,0.7102555406376186
FUNDC2,20.37,21.76,-0.091,0.5933833724289669,0.7102555406376186
KCNRG,1.22,0.95,0.19,0.5933833724289669,0.7102555406376186
CRISP2,3.38,1.72,0.686,0.5942636515608537,0.7112531635547543
GPRASP2,8.08,8.82,-0.114,0.5958830905651777,0.7115658095540945
RILPL1,3.79,4.01,-0.067,0.5958830905651777,0.7115658095540945
SHISA5,141.27,140.52,0.008,0.5958830905651777,0.7115658095540945
MRTFA,26.61,24.4,0.12,0.5958830905651777,0.7115658095540945
DTHD1,2.39,3.06,-0.26,0.5958830905651777,0.7115658095540945
CHD9,8.77,8.86,-0.013,0.5958830905651777,0.7115658095540945
TMEM248,107.5,99.42,0.112,0.5958830905651777,0.7115658095540945
ETS1,49.98,52.13,-0.06,0.5958830905651777,0.7115658095540945
STIM1,36.62,40.76,-0.151,0.5958830905651777,0.7115658095540945
DOLK,37.25,36.9,0.013,0.5958830905651777,0.7115658095540945
TPD52L2,106.88,112.97,-0.079,0.5958830905651777,0.7115658095540945
CD3G,4.98,4.51,0.118,0.5958830905651777,0.7115658095540945
FBXO3,11.19,10.58,0.074,0.5958830905651777,0.7115658095540945
KHNYN,23.46,21.43,0.125,0.5958830905651777,0.7115658095540945
PKDCC,17.17,19.57,-0.179,0.5958830905651777,0.7115658095540945
ZNF850,1.57,2.13,-0.283,0.5958830905651777,0.7115658095540945
LRRC37B,3.92,3.88,0.01,0.5958830905651777,0.7115658095540945
TMEM131L,11.02,12.37,-0.154,0.5958830905651777,0.7115658095540945
ADH6,1.2,0.86,0.246,0.5958830905651777,0.7115658095540945
C3orf33,2.47,2.76,-0.115,0.5958830905651777,0.7115658095540945
MEX3B,3.62,4.36,-0.214,0.5958830905651777,0.7115658095540945
PDCD2L,9.8,11.49,-0.211,0.5958830905651777,0.7115658095540945
SGF29,18.73,19.35,-0.044,0.5958830905651777,0.7115658095540945
ZNF621,9.45,9.33,0.016,0.5958830905651777,0.7115658095540945
GPT2,25.73,19.98,0.349,0.5958830905651777,0.7115658095540945
EIF3G,95.44,93.82,0.025,0.5958830905651777,0.7115658095540945
ZNF175,3.67,3.6,0.022,0.5958830905651777,0.7115658095540945
SDCBP2,22.85,21.76,0.068,0.5958830905651777,0.7115658095540945
CD300A,19.49,20.03,-0.037,0.5958830905651777,0.7115658095540945
SCGB1A1,620.95,669.8,-0.109,0.5983743523580032,0.7144284114243727
CHST4,2.11,1.64,0.234,0.5983743523580032,0.7144284114243727
TMEM255A,4.1,5.42,-0.333,0.600893232422498,0.7158059480145245
P2RY11,3.52,3.63,-0.035,0.6008944290776834,0.7158059480145245
PPARGC1A,2.0,1.65,0.18,0.6008944290776834,0.7158059480145245
SMIM26,26.05,26.54,-0.026,0.6008944290776834,0.7158059480145245
IL22RA2,1.49,1.87,-0.205,0.6008273998659914,0.7158059480145245
TJAP1,20.97,20.56,0.027,0.6008944290776834,0.7158059480145245
RSPO3,3.31,1.91,0.567,0.6008944290776834,0.7158059480145245
TELO2,31.41,32.63,-0.053,0.6008944290776834,0.7158059480145245
KANTR,2.95,3.63,-0.229,0.6008944290776834,0.7158059480145245
IL2RG,13.42,13.49,-0.007,0.6008944290776834,0.7158059480145245
MAN1C1,5.01,4.84,0.04,0.6008944290776834,0.7158059480145245
SP140,3.39,3.7,-0.097,0.6008944290776834,0.7158059480145245
IDE,10.17,9.09,0.146,0.6008944290776834,0.7158059480145245
NFKB1,36.09,34.91,0.047,0.6008944290776834,0.7158059480145245
TUT7,15.94,16.27,-0.028,0.6008944290776834,0.7158059480145245
DUS1L,64.76,58.91,0.134,0.6008944290776834,0.7158059480145245
UCP3,1.45,1.22,0.141,0.6008920357565875,0.7158059480145245
KLHDC4,7.76,8.38,-0.099,0.6008944290776834,0.7158059480145245
GALNT3,51.52,47.24,0.123,0.6008944290776834,0.7158059480145245
AKAP12,14.79,14.03,0.072,0.6008944290776834,0.7158059480145245
ZNF114,3.52,2.93,0.201,0.6008944290776834,0.7158059480145245
LUM,742.41,711.56,0.061,0.6008944290776834,0.7158059480145245
ZBTB45,18.49,18.26,0.017,0.6008944290776834,0.7158059480145245
SNRNP25,43.41,51.48,-0.241,0.6008944290776834,0.7158059480145245
CYGB,15.35,16.35,-0.086,0.6008944290776834,0.7158059480145245
TOP2B,66.31,70.84,-0.094,0.6008944290776834,0.7158059480145245
CCL25,1.16,0.63,0.403,0.6004581367412469,0.7158059480145245
ZNF514,6.69,6.28,0.079,0.6008944290776834,0.7158059480145245
AGAP9,4.0,4.46,-0.128,0.6008944290776834,0.7158059480145245
IGFBP6,35.76,70.73,-0.964,0.6059247183917992,0.7202733938288557
ZNF629,21.38,20.64,0.048,0.6059247183917992,0.7202733938288557
N4BP1,32.05,31.92,0.006,0.6059247183917992,0.7202733938288557
FAM136A,46.99,50.77,-0.109,0.6059247183917992,0.7202733938288557
SPEF2,1.65,2.01,-0.181,0.6059247183917992,0.7202733938288557
ZNF354C,2.42,2.57,-0.062,0.6059247183917992,0.7202733938288557
LY6G5B,1.47,1.37,0.062,0.6059247183917992,0.7202733938288557
RFX2,6.22,7.1,-0.166,0.6059247183917992,0.7202733938288557
TARS2,33.09,33.15,-0.003,0.6059247183917992,0.7202733938288557
GNG12,95.73,84.75,0.174,0.6059247183917992,0.7202733938288557
AMPD3,11.19,10.21,0.12,0.6059247183917992,0.7202733938288557
TMEM8B,5.12,5.29,-0.039,0.6059247183917992,0.7202733938288557
NUDCD2,9.71,9.36,0.049,0.6059247183917992,0.7202733938288557
SH2B3,18.79,19.73,-0.067,0.6059247183917992,0.7202733938288557
GIPC1,112.69,121.23,-0.104,0.6059247183917992,0.7202733938288557
ZNF787,29.35,27.69,0.081,0.6059247183917992,0.7202733938288557
IL7R,35.3,33.21,0.085,0.6059247183917992,0.7202733938288557
ID2,64.52,64.53,-0.0,0.6059247183917992,0.7202733938288557
MARVELD3,7.45,8.19,-0.123,0.6059247183917992,0.7202733938288557
EID2B,2.55,3.45,-0.326,0.6059247183917992,0.7202733938288557
KDSR,23.66,26.31,-0.147,0.6059247183917992,0.7202733938288557
TESPA1,2.39,2.21,0.078,0.6059247183917992,0.7202733938288557
TAGAP,8.07,8.25,-0.029,0.6059247183917992,0.7202733938288557
SETDB2,6.95,6.95,0.0,0.6059247183917992,0.7202733938288557
NSUN5,30.7,33.54,-0.123,0.6059247183917992,0.7202733938288557
EPG5,9.52,8.74,0.111,0.6059247183917992,0.7202733938288557
OSBPL3,17.8,16.88,0.072,0.6059247183917992,0.7202733938288557
PNMA6E,0.99,1.45,-0.299,0.6082308114460436,0.7229581222265483
ZNF8,3.49,4.0,-0.153,0.6084457314713774,0.72310043791025
CEP164,7.87,8.1,-0.036,0.6084457314713774,0.72310043791025
EGR1,352.87,280.27,0.331,0.6109737673041145,0.7243483766407656
MCAT,22.15,23.09,-0.057,0.6109737673041145,0.7243483766407656
ABHD15,18.17,18.03,0.01,0.6109737673041145,0.7243483766407656
CNOT7,22.95,23.37,-0.025,0.6109737673041145,0.7243483766407656
DNAJC18,4.49,4.43,0.015,0.6109737673041145,0.7243483766407656
DCAF10,15.94,15.25,0.06,0.6109737673041145,0.7243483766407656
TSPAN17,39.98,37.21,0.101,0.6109737673041145,0.7243483766407656
LINGO1,4.05,4.08,-0.007,0.6109737673041145,0.7243483766407656
WNT9A,9.2,11.08,-0.244,0.6109737673041145,0.7243483766407656
LSAMP,4.51,6.65,-0.475,0.6109737673041145,0.7243483766407656
ITPK1,29.89,33.21,-0.147,0.6109737673041145,0.7243483766407656
CDS2,19.45,20.18,-0.051,0.6109737673041145,0.7243483766407656
PDE6D,21.13,22.71,-0.1,0.6109737673041145,0.7243483766407656
LGI2,4.27,4.11,0.043,0.6109737673041145,0.7243483766407656
ALDOA,10.37,7.19,0.474,0.6109737673041145,0.7243483766407656
CHPT1,18.71,17.11,0.122,0.6109737673041145,0.7243483766407656
GNA11,30.53,29.7,0.039,0.6109737673041145,0.7243483766407656
RRP15,10.53,11.67,-0.136,0.6109737673041145,0.7243483766407656
IBSP,5.78,2.47,0.967,0.6109503185070748,0.7243483766407656
WNT4,5.35,7.29,-0.384,0.6109737673041145,0.7243483766407656
DYRK1A,8.66,8.43,0.035,0.6109737673041145,0.7243483766407656
EEF1B2,519.57,525.75,-0.017,0.6109737673041145,0.7243483766407656
SNAPC4,13.09,13.79,-0.07,0.6109737673041145,0.7243483766407656
FCRL1,1.13,1.45,-0.203,0.6109725949646362,0.7243483766407656
GPAA1,145.71,126.54,0.202,0.6109737673041145,0.7243483766407656
RBM18,19.87,21.38,-0.101,0.6109737673041145,0.7243483766407656
C2orf68,28.46,27.28,0.059,0.6109737673041145,0.7243483766407656
SEC14L1,31.25,33.02,-0.077,0.6109737673041145,0.7243483766407656
TULP3,33.4,34.33,-0.038,0.6109737673041145,0.7243483766407656
SMCR8,14.75,15.81,-0.094,0.6109737673041145,0.7243483766407656
OAZ2,35.98,37.0,-0.039,0.6109737673041145,0.7243483766407656
CRISP3,1.65,1.71,-0.032,0.6121677995926113,0.7257073485651172
SLC38A3,0.39,1.27,-0.707,0.6135040999723306,0.727234750010113
SALL4,2.86,2.52,0.13,0.616041381941265,0.7279138836392627
RSRC2,24.39,24.74,-0.02,0.616041381941265,0.7279138836392627
RPS11,2675.6,2735.7,-0.032,0.616041381941265,0.7279138836392627
VPS54,26.67,25.39,0.069,0.616041381941265,0.7279138836392627
CAMK2B,0.56,1.07,-0.405,0.6160402220112446,0.7279138836392627
FAM193B,21.0,19.41,0.108,0.616041381941265,0.7279138836392627
SPARC,1026.02,917.29,0.161,0.616041381941265,0.7279138836392627
AEBP1,286.44,202.58,0.498,0.616041381941265,0.7279138836392627
TMEM119,31.23,29.32,0.088,0.616041381941265,0.7279138836392627
NLRP2,21.46,20.21,0.083,0.616041381941265,0.7279138836392627
MICA,18.84,19.86,-0.072,0.616041381941265,0.7279138836392627
OXTR,4.99,2.31,0.856,0.616041381941265,0.7279138836392627
ECPAS,46.65,44.07,0.08,0.616041381941265,0.7279138836392627
MRPS31,22.61,22.97,-0.022,0.616041381941265,0.7279138836392627
HSF2BP,1.68,1.77,-0.05,0.616041381941265,0.7279138836392627
ZFC3H1,11.92,13.34,-0.15,0.616041381941265,0.7279138836392627
SAMSN1,8.83,9.1,-0.039,0.616041381941265,0.7279138836392627
USP33,30.05,31.46,-0.064,0.616041381941265,0.7279138836392627
PABPN1,10.29,8.91,0.188,0.616041381941265,0.7279138836392627
SUPT5H,68.85,75.17,-0.125,0.616041381941265,0.7279138836392627
FABP4,78.97,38.22,1.028,0.6160402220112446,0.7279138836392627
RAD23B,143.79,146.91,-0.031,0.616041381941265,0.7279138836392627
NDEL1,20.33,19.78,0.038,0.616041381941265,0.7279138836392627
OST4,440.57,463.93,-0.074,0.616041381941265,0.7279138836392627
SFSWAP,14.27,14.48,-0.019,0.616041381941265,0.7279138836392627
SRSF6,80.67,78.42,0.04,0.616041381941265,0.7279138836392627
NPFFR2,0.82,2.48,-0.934,0.6142425734635752,0.7279138836392627
ZNF280B,2.46,2.98,-0.203,0.616041381941265,0.7279138836392627
GTF2H5,11.71,12.56,-0.093,0.616041381941265,0.7279138836392627
SLC35G2,5.23,7.08,-0.376,0.616041381941265,0.7279138836392627
ADAMTS14,6.03,6.11,-0.016,0.616041381941265,0.7279138836392627
MSL1,38.57,38.96,-0.014,0.616041381941265,0.7279138836392627
LRRC42,57.06,59.09,-0.049,0.616041381941265,0.7279138836392627
FBXO48,2.72,2.87,-0.054,0.616041381941265,0.7279138836392627
C22orf39,10.61,10.26,0.044,0.616041381941265,0.7279138836392627
RDX,47.11,38.67,0.278,0.616041381941265,0.7279138836392627
SNAP29,22.33,22.95,-0.038,0.616041381941265,0.7279138836392627
SPATA2,15.36,15.81,-0.04,0.616041381941265,0.7279138836392627
ALS2,8.96,9.98,-0.141,0.616041381941265,0.7279138836392627
PLCL1,2.11,1.87,0.118,0.616041381941265,0.7279138836392627
STAT5B,32.34,31.18,0.051,0.616041381941265,0.7279138836392627
TEKT4,0.93,1.1,-0.123,0.6184851460062031,0.7307446009232633
MZF1,8.83,8.11,0.11,0.6211273657803802,0.7313071968615402
SNRNP48,8.82,9.29,-0.067,0.6211273657803802,0.7313071968615402
CUL5,17.83,18.33,-0.038,0.6211273657803802,0.7313071968615402
TRIM11,11.35,11.5,-0.018,0.6211273657803802,0.7313071968615402
PHACTR4,25.83,24.32,0.084,0.6211273657803802,0.7313071968615402
FLNA,375.2,397.27,-0.082,0.6211273657803802,0.7313071968615402
CISD1,26.38,30.44,-0.199,0.6211273657803802,0.7313071968615402
CRACR2A,2.23,2.0,0.109,0.6211273657803802,0.7313071968615402
MYO10,24.89,27.9,-0.158,0.6211273657803802,0.7313071968615402
SHISAL1,1.63,1.36,0.158,0.6211273657803802,0.7313071968615402
PLBD1,56.2,60.99,-0.116,0.6211273657803802,0.7313071968615402
ZNF764,11.72,10.95,0.09,0.6211273657803802,0.7313071968615402
GOT1,74.73,69.1,0.111,0.6211273657803802,0.7313071968615402
JOSD2,48.12,49.27,-0.033,0.6211273657803802,0.7313071968615402
ZYG11A,2.38,2.28,0.043,0.6211273657803802,0.7313071968615402
AASDHPPT,19.03,22.1,-0.206,0.6211273657803802,0.7313071968615402
SMIM3,41.86,36.08,0.209,0.6211273657803802,0.7313071968615402
BIRC2,42.48,56.22,-0.396,0.6211273657803802,0.7313071968615402
ZNF316,18.65,17.23,0.109,0.6211273657803802,0.7313071968615402
DOCK2,7.82,8.12,-0.048,0.6211273657803802,0.7313071968615402
FBXL12,20.93,22.01,-0.069,0.6211273657803802,0.7313071968615402
PSMC6,30.99,35.39,-0.186,0.6211273657803802,0.7313071968615402
AARSD1,1.23,1.3,-0.048,0.6211273657803802,0.7313071968615402
PTBP3,66.46,62.81,0.08,0.6211273657803802,0.7313071968615402
AHDC1,20.29,23.77,-0.218,0.6211273657803802,0.7313071968615402
ZMYM1,8.35,8.32,0.005,0.6211273657803802,0.7313071968615402
SHC1,94.26,102.99,-0.127,0.6211273657803802,0.7313071968615402
ADGRG5,2.44,2.37,0.03,0.6211273657803802,0.7313071968615402
PEX2,36.84,34.51,0.092,0.6211273657803802,0.7313071968615402
GYPC,21.47,21.41,0.004,0.6211273657803802,0.7313071968615402
GBE1,27.61,25.99,0.084,0.6211273657803802,0.7313071968615402
DMAC2L,9.38,8.86,0.074,0.6211273657803802,0.7313071968615402
COX6C,84.1,89.9,-0.095,0.6211273657803802,0.7313071968615402
SIX4,8.83,9.55,-0.102,0.6211273657803802,0.7313071968615402
IRF8,17.68,17.0,0.054,0.6211273657803802,0.7313071968615402
THRB,3.07,3.21,-0.049,0.6211273657803802,0.7313071968615402
GPR146,1.14,1.01,0.09,0.6211273657803802,0.7313071968615402
GRTP1,14.11,14.32,-0.02,0.6211273657803802,0.7313071968615402
RAB24,3.64,3.37,0.087,0.6211273657803802,0.7313071968615402
KIAA0586,2.83,3.06,-0.083,0.6211273657803802,0.7313071968615402
C5orf38,15.57,14.65,0.083,0.6211273657803802,0.7313071968615402
EIF1AX,56.68,58.4,-0.043,0.6211273657803802,0.7313071968615402
EPRS1,96.52,104.7,-0.116,0.6211273657803802,0.7313071968615402
HECTD2,2.78,2.72,0.025,0.6211273657803802,0.7313071968615402
PRKD1,7.93,7.02,0.156,0.6211273657803802,0.7313071968615402
MYBPC1,0.94,8.43,-2.281,0.6233424261379694,0.7338583092068323
TLDC2,0.98,1.08,-0.069,0.6236760430129198,0.7341941826666116
TIPRL,62.04,66.1,-0.09,0.6262315196701593,0.735095069021767
MCUB,19.59,17.49,0.155,0.6262315196701593,0.735095069021767
OXNAD1,5.48,5.71,-0.051,0.6262315196701593,0.735095069021767
GNL2,37.46,37.77,-0.011,0.6262315196701593,0.735095069021767
ZFYVE26,8.25,8.38,-0.021,0.6262315196701593,0.735095069021767
WDR92,4.68,4.98,-0.074,0.6262315196701593,0.735095069021767
CHRNA6,0.3,1.87,-1.138,0.6262088254210089,0.735095069021767
KIAA1755,1.6,1.61,-0.003,0.6262315196701593,0.735095069021767
RAB9A,42.13,42.41,-0.009,0.6262315196701593,0.735095069021767
DUSP12,32.54,34.11,-0.066,0.6262315196701593,0.735095069021767
ERICH1,5.33,4.97,0.084,0.6262315196701593,0.735095069021767
SLC38A5,22.63,29.45,-0.366,0.6262315196701593,0.735095069021767
ATP10B,3.09,1.64,0.632,0.6262315196701593,0.735095069021767
H2BC6,1.29,1.8,-0.29,0.6262315196701593,0.735095069021767
TLR5,5.27,5.24,0.006,0.6262315196701593,0.735095069021767
ZNF791,13.48,13.96,-0.047,0.6262315196701593,0.735095069021767
BRAF,4.69,4.48,0.055,0.6262315196701593,0.735095069021767
SNAPIN,89.18,90.85,-0.026,0.6262315196701593,0.735095069021767
VPS72,115.91,113.0,0.036,0.6262315196701593,0.735095069021767
ICAM3,2.15,2.39,-0.105,0.6262303850556095,0.735095069021767
LENG8,74.17,65.34,0.18,0.6262315196701593,0.735095069021767
PUS7L,5.23,5.34,-0.027,0.6262315196701593,0.735095069021767
GOLGA1,15.21,14.8,0.038,0.6262315196701593,0.735095069021767
ZDHHC18,35.45,38.66,-0.122,0.6262315196701593,0.735095069021767
YBX2,3.64,2.9,0.252,0.6262315196701593,0.735095069021767
RNF32,1.46,1.43,0.02,0.6262315196701593,0.735095069021767
BRWD3,5.5,5.83,-0.069,0.6262315196701593,0.735095069021767
STMN2,1.43,2.47,-0.517,0.6262269811501282,0.735095069021767
RPA3,27.41,30.53,-0.15,0.6262315196701593,0.735095069021767
CREBZF,28.73,26.62,0.106,0.6262315196701593,0.735095069021767
ARHGEF11,25.86,27.3,-0.075,0.6262315196701593,0.735095069021767
C10orf88,10.81,10.22,0.074,0.6262315196701593,0.735095069021767
SLC2A6,9.91,11.37,-0.181,0.6262315196701593,0.735095069021767
KIF16B,13.51,13.04,0.048,0.6262315196701593,0.735095069021767
DAZAP2,201.7,189.86,0.087,0.6262315196701593,0.735095069021767
EID1,237.97,252.21,-0.084,0.6262315196701593,0.735095069021767
ALB,7.28,2.68,1.171,0.6261361761094438,0.735095069021767
PSG1,5.29,0.04,2.596,0.6285042218531305,0.7377058592872846
GCNT4,2.38,2.22,0.071,0.6287892192526392,0.7379833609969367
RASL10A,0.96,1.02,-0.043,0.6313536418525714,0.7394508079452756
SCNM1,33.15,35.99,-0.115,0.6313536418525714,0.7394508079452756
SETD2,20.99,20.22,0.051,0.6313536418525714,0.7394508079452756
PLAT,105.55,38.82,1.42,0.6313536418525714,0.7394508079452756
ZNF517,8.68,8.64,0.006,0.6313536418525714,0.7394508079452756
PPP1CA,138.66,134.71,0.041,0.6313536418525714,0.7394508079452756
ZSWIM9,7.84,7.26,0.099,0.6313536418525714,0.7394508079452756
ECD,27.76,29.22,-0.072,0.6313536418525714,0.7394508079452756
ATXN3,6.61,6.96,-0.064,0.6313525201412542,0.7394508079452756
ROBO2,1.75,1.83,-0.041,0.6313536418525714,0.7394508079452756
SLC25A38,41.95,39.26,0.093,0.6313536418525714,0.7394508079452756
TFE3,60.99,59.22,0.042,0.6313536418525714,0.7394508079452756
FAM120AOS,19.64,19.09,0.039,0.6313536418525714,0.7394508079452756
CCDC148,1.24,1.06,0.12,0.6313525201412542,0.7394508079452756
GTPBP10,6.51,6.15,0.071,0.6313536418525714,0.7394508079452756
CLYBL,1.41,1.31,0.065,0.6313536418525714,0.7394508079452756
TENT5B,17.23,19.89,-0.197,0.6313536418525714,0.7394508079452756
WAPL,28.94,26.52,0.122,0.6313536418525714,0.7394508079452756
GPS1,66.56,62.23,0.096,0.6313536418525714,0.7394508079452756
LCP1,124.71,122.81,0.022,0.6313536418525714,0.7394508079452756
SCRN1,56.58,57.64,-0.026,0.6313536418525714,0.7394508079452756
MAP7D1,76.25,75.0,0.024,0.6313536418525714,0.7394508079452756
APOL3,22.22,22.25,-0.002,0.6313536418525714,0.7394508079452756
DUSP10,28.94,27.07,0.093,0.6313536418525714,0.7394508079452756
MMP2,264.01,275.08,-0.059,0.6313536418525714,0.7394508079452756
POLR3A,10.76,11.77,-0.119,0.6313536418525714,0.7394508079452756
CCL3L3,4.27,5.72,-0.35,0.6313536418525714,0.7394508079452756
PSMD6,19.89,20.06,-0.012,0.6364935279851776,0.7436362788894803
PTCHD4,0.97,1.32,-0.239,0.6364935279851776,0.7436362788894803
GUCD1,79.0,76.09,0.053,0.6364935279851776,0.7436362788894803
ACVR1,40.21,38.82,0.049,0.6364935279851776,0.7436362788894803
IDO1,27.68,24.17,0.188,0.6364935279851776,0.7436362788894803
SVEP1,6.49,6.05,0.087,0.6364935279851776,0.7436362788894803
ARIH2,20.21,19.87,0.023,0.6364935279851776,0.7436362788894803
WASHC1,7.94,8.62,-0.106,0.6364935279851776,0.7436362788894803
IFT74,5.74,5.88,-0.028,0.6364935279851776,0.7436362788894803
OXSR1,29.27,28.78,0.024,0.6364935279851776,0.7436362788894803
AKT1,35.13,35.53,-0.016,0.6364935279851776,0.7436362788894803
FPGT,11.42,12.88,-0.161,0.6364935279851776,0.7436362788894803
POLR2C,74.67,71.68,0.058,0.6364935279851776,0.7436362788894803
PTK2,34.15,31.73,0.103,0.6364935279851776,0.7436362788894803
RAP1GAP2,11.07,9.93,0.144,0.6364935279851776,0.7436362788894803
TXNL4A,26.92,27.34,-0.022,0.6364935279851776,0.7436362788894803
EME2,5.44,4.48,0.233,0.6364935279851776,0.7436362788894803
IL18BP,17.57,15.58,0.164,0.6364935279851776,0.7436362788894803
UBE2Q2,43.25,45.32,-0.066,0.6364935279851776,0.7436362788894803
CELF1,38.23,40.13,-0.068,0.6364935279851776,0.7436362788894803
STRADA,1.36,1.54,-0.107,0.6364935279851776,0.7436362788894803
POLH,9.38,8.68,0.101,0.6364935279851776,0.7436362788894803
CLEC12A,5.38,5.09,0.066,0.6364935279851776,0.7436362788894803
INTS1,56.37,53.74,0.068,0.6364935279851776,0.7436362788894803
SNX10,23.39,22.27,0.068,0.6364935279851776,0.7436362788894803
RINL,10.36,9.37,0.133,0.6364935279851776,0.7436362788894803
TAS2R14,1.6,1.65,-0.029,0.6364935279851776,0.7436362788894803
ANAPC2,23.67,22.75,0.055,0.6364935279851776,0.7436362788894803
ARMCX1,21.99,22.66,-0.042,0.6364935279851776,0.7436362788894803
SCG3,0.63,1.82,-0.791,0.6364924193388399,0.7436362788894803
CALHM5,2.44,3.01,-0.219,0.6364935279851776,0.7436362788894803
PNP,26.96,25.51,0.077,0.6364935279851776,0.7436362788894803
COL4A2,78.97,83.86,-0.086,0.6416509711640701,0.7471911707592332
SDHAF1,35.48,36.86,-0.054,0.6416509711640701,0.7471911707592332
MEDAG,13.96,14.37,-0.038,0.6416509711640701,0.7471911707592332
ARL6IP1,172.71,179.36,-0.054,0.6416509711640701,0.7471911707592332
KBTBD7,7.32,7.23,0.016,0.6416509711640701,0.7471911707592332
RYR2,0.72,1.02,-0.235,0.6416509711640701,0.7471911707592332
DAPP1,14.31,15.53,-0.111,0.6416509711640701,0.7471911707592332
RLIM,19.63,19.93,-0.021,0.6416509711640701,0.7471911707592332
SRGAP2,9.7,8.94,0.106,0.6416509711640701,0.7471911707592332
SLC5A3,15.45,12.12,0.327,0.6416509711640701,0.7471911707592332
AOC2,3.41,2.2,0.464,0.6416509711640701,0.7471911707592332
GPC6,9.45,7.95,0.224,0.6416509711640701,0.7471911707592332
SIN3B,20.99,21.62,-0.041,0.6416509711640701,0.7471911707592332
POLE4,55.24,59.33,-0.101,0.6416509711640701,0.7471911707592332
TENT4B,7.08,7.13,-0.008,0.6416509711640701,0.7471911707592332
CHMP5,142.59,146.79,-0.042,0.6416509711640701,0.7471911707592332
CYP27C1,2.01,2.65,-0.278,0.6416509711640701,0.7471911707592332
MARCHF5,34.83,33.16,0.069,0.6416509711640701,0.7471911707592332
ZNRD2,36.64,43.79,-0.251,0.6416509711640701,0.7471911707592332
TENM1,1.26,0.66,0.448,0.6416509711640701,0.7471911707592332
PLXDC2,24.01,21.01,0.184,0.6416509711640701,0.7471911707592332
ZNF814,2.47,2.42,0.019,0.6416509711640701,0.7471911707592332
MTRF1,6.39,6.3,0.017,0.6416509711640701,0.7471911707592332
XPNPEP2,1.12,1.38,-0.164,0.6416509711640701,0.7471911707592332
ZNF846,5.08,4.9,0.044,0.6416509711640701,0.7471911707592332
RFT1,11.26,11.79,-0.061,0.6416509711640701,0.7471911707592332
FADD,5.34,7.94,-0.495,0.6416509711640701,0.7471911707592332
RNF167,114.27,123.05,-0.106,0.6416509711640701,0.7471911707592332
TMEM164,32.68,30.14,0.113,0.6416509711640701,0.7471911707592332
METTL27,15.19,11.87,0.332,0.6416509711640701,0.7471911707592332
ARF3,139.69,130.51,0.097,0.6416509711640701,0.7471911707592332
C2CD5,18.83,19.59,-0.054,0.6416509711640701,0.7471911707592332
MAT2A,92.14,101.06,-0.132,0.6416509711640701,0.7471911707592332
SLC22A23,15.86,17.57,-0.139,0.6416509711640701,0.7471911707592332
TSPYL4,19.8,21.22,-0.095,0.6416509711640701,0.7471911707592332
AP5M1,8.99,8.86,0.019,0.6416509711640701,0.7471911707592332
NOMO3,1.71,2.0,-0.149,0.6416509711640701,0.7471911707592332
C1orf35,18.58,19.27,-0.05,0.6416509711640701,0.7471911707592332
PWWP3A,8.37,8.76,-0.058,0.6416509711640701,0.7471911707592332
MOSMO,6.71,6.46,0.046,0.6416509711640701,0.7471911707592332
ACTG1,4083.34,3859.7,0.081,0.6416509711640701,0.7471911707592332
CST7,36.09,32.06,0.166,0.6416509711640701,0.7471911707592332
SEPTIN11,39.56,38.99,0.021,0.6416509711640701,0.7471911707592332
PIP4P2,7.54,7.62,-0.014,0.6468257619474265,0.7513742488926715
CARS1,16.34,17.55,-0.097,0.6468257619474265,0.7513742488926715
ZFP41,4.59,4.72,-0.031,0.6468257619474265,0.7513742488926715
NUBP2,38.09,38.21,-0.005,0.6468257619474265,0.7513742488926715
RAB22A,22.0,23.02,-0.063,0.6468257619474265,0.7513742488926715
GFRA2,0.74,1.93,-0.756,0.6468257619474265,0.7513742488926715
FCGR3B,2.81,5.92,-0.862,0.6468257619474265,0.7513742488926715
TMEM234,7.28,7.42,-0.025,0.6468257619474265,0.7513742488926715
ATP5ME,24.28,24.01,0.016,0.6468257619474265,0.7513742488926715
AP1M1,13.22,13.26,-0.004,0.6468257619474265,0.7513742488926715
CCNT2,15.6,14.79,0.073,0.6468257619474265,0.7513742488926715
ATRAID,209.83,194.67,0.108,0.6468257619474265,0.7513742488926715
WEE1,17.75,18.06,-0.023,0.6468257619474265,0.7513742488926715
ARFRP1,20.52,17.92,0.186,0.6468257619474265,0.7513742488926715
TOR1A,38.79,38.04,0.027,0.6468257619474265,0.7513742488926715
CREBBP,24.42,25.09,-0.038,0.6468257619474265,0.7513742488926715
MORF4L2,296.93,315.33,-0.086,0.6468257619474265,0.7513742488926715
DUSP13,3.26,1.68,0.667,0.64643015788336,0.7513742488926715
SOCS4,12.77,12.53,0.025,0.6468257619474265,0.7513742488926715
PDIA4,479.78,402.53,0.253,0.6468257619474265,0.7513742488926715
TDRD12,2.48,4.0,-0.522,0.6468203516625475,0.7513742488926715
SDHAF2,18.38,17.8,0.044,0.6468257619474265,0.7513742488926715
OPLAH,19.65,19.08,0.04,0.6468257619474265,0.7513742488926715
BABAM2,29.93,29.16,0.037,0.6468257619474265,0.7513742488926715
ITGA4,6.11,7.06,-0.181,0.6468257619474265,0.7513742488926715
UCK1,36.42,37.88,-0.055,0.6468257619474265,0.7513742488926715
MVB12A,31.65,32.19,-0.023,0.6468257619474265,0.7513742488926715
UTP14A,18.53,20.18,-0.117,0.6468257619474265,0.7513742488926715
NID2,7.38,7.3,0.015,0.6468257619474265,0.7513742488926715
ANO1,25.73,35.01,-0.43,0.6468257619474265,0.7513742488926715
RTL8B,33.15,37.86,-0.186,0.6468257619474265,0.7513742488926715
FRMD4A,2.71,3.46,-0.264,0.6468257619474265,0.7513742488926715
PAGE1,2.7,0.66,1.154,0.6473351295318257,0.7519084574141458
WNT7A,5.86,3.85,0.5,0.6494185212660794,0.7542707433373246
CDC14B,6.75,7.58,-0.146,0.6520176883796716,0.7557873456589875
GNE,18.36,15.47,0.233,0.6520176883796716,0.7557873456589875
GLIPR1,9.67,10.78,-0.143,0.6520176883796716,0.7557873456589875
SMIM27,2.01,2.06,-0.024,0.6520176883796716,0.7557873456589875
TEAD2,49.42,52.7,-0.091,0.6520176883796716,0.7557873456589875
TMEM94,33.63,33.02,0.026,0.6520176883796716,0.7557873456589875
PUS10,4.8,5.21,-0.1,0.6520176883796716,0.7557873456589875
TRAPPC10,7.02,7.63,-0.106,0.6520176883796716,0.7557873456589875
ATL2,56.82,54.11,0.069,0.6520176883796716,0.7557873456589875
HNRNPU,69.18,72.01,-0.057,0.6520176883796716,0.7557873456589875
GPR137,27.28,26.24,0.054,0.6520176883796716,0.7557873456589875
H6PD,45.28,43.06,0.071,0.6520176883796716,0.7557873456589875
CHL1,6.39,7.52,-0.205,0.6520176883796716,0.7557873456589875
ENY2,26.04,27.13,-0.057,0.6520176883796716,0.7557873456589875
ATE1,19.18,17.55,0.121,0.6520176883796716,0.7557873456589875
EIF3A,109.43,111.36,-0.025,0.6520176883796716,0.7557873456589875
MRPS28,7.29,7.53,-0.041,0.6520176883796716,0.7557873456589875
SELENOS,63.37,64.24,-0.02,0.6520176883796716,0.7557873456589875
JPH3,0.67,1.45,-0.556,0.6520155513778796,0.7557873456589875
COL5A1,117.14,107.2,0.127,0.6520176883796716,0.7557873456589875
CCDC8,12.93,17.79,-0.432,0.6520176883796716,0.7557873456589875
SLC31A1,47.35,44.75,0.08,0.6520176883796716,0.7557873456589875
RPL15,318.6,292.11,0.125,0.6520176883796716,0.7557873456589875
SLC39A9,42.94,44.83,-0.061,0.6520176883796716,0.7557873456589875
ARPC5L,56.75,54.25,0.064,0.6520176883796716,0.7557873456589875
TRAPPC6A,84.41,80.17,0.073,0.6520176883796716,0.7557873456589875
CPNE7,9.89,6.63,0.514,0.657226536016247,0.7603748676283004
SRP14,303.15,290.17,0.063,0.657226536016247,0.7603748676283004
MAP3K12,4.53,4.96,-0.106,0.657226536016247,0.7603748676283004
PLCD1,16.68,19.02,-0.18,0.657226536016247,0.7603748676283004
ZBTB25,3.77,3.87,-0.03,0.657226536016247,0.7603748676283004
TBC1D15,19.79,19.95,-0.011,0.657226536016247,0.7603748676283004
PPCDC,10.24,10.57,-0.042,0.657226536016247,0.7603748676283004
IL15,2.76,2.92,-0.06,0.657226536016247,0.7603748676283004
OCRL,27.93,26.93,0.05,0.657226536016247,0.7603748676283004
ADIPOR1,202.61,189.47,0.096,0.657226536016247,0.7603748676283004
SSBP4,37.06,37.06,-0.0,0.657226536016247,0.7603748676283004
ARHGAP32,11.84,12.55,-0.077,0.657226536016247,0.7603748676283004
TSR2,42.72,43.43,-0.023,0.657226536016247,0.7603748676283004
PSCA,85.02,15.98,2.341,0.6572254812169724,0.7603748676283004
CEP350,13.29,13.5,-0.022,0.657226536016247,0.7603748676283004
NCR3,2.37,2.25,0.052,0.657226536016247,0.7603748676283004
LMF2,102.23,102.41,-0.002,0.657226536016247,0.7603748676283004
POGZ,28.88,28.4,0.023,0.657226536016247,0.7603748676283004
TSEN54,42.75,39.84,0.099,0.657226536016247,0.7603748676283004
PSAP,2052.59,2097.48,-0.031,0.657226536016247,0.7603748676283004
KIF2A,9.62,9.16,0.064,0.6572254812169724,0.7603748676283004
NRIP2,3.37,3.64,-0.085,0.657226536016247,0.7603748676283004
EBPL,66.41,65.17,0.027,0.657226536016247,0.7603748676283004
MT1F,17.9,14.36,0.299,0.657226536016247,0.7603748676283004
DDX39B,33.23,37.42,-0.167,0.657226536016247,0.7603748676283004
CNOT6L,15.27,15.99,-0.063,0.6624520879489819,0.7649642450565389
ANP32E,109.82,83.9,0.384,0.6624520879489819,0.7649642450565389
HNRNPDL,117.88,118.19,-0.004,0.6624520879489819,0.7649642450565389
PANK1,3.3,3.06,0.084,0.6624520879489819,0.7649642450565389
SYDE1,13.22,11.69,0.164,0.6624520879489819,0.7649642450565389
GAS7,11.22,11.61,-0.046,0.6624520879489819,0.7649642450565389
UBE2L6,166.7,175.43,-0.073,0.6624520879489819,0.7649642450565389
DPEP1,2.02,2.12,-0.047,0.6624520879489819,0.7649642450565389
HYOU1,95.32,92.53,0.042,0.6624520879489819,0.7649642450565389
EXOC7,22.07,21.07,0.064,0.6624520879489819,0.7649642450565389
RASA2,12.87,14.08,-0.12,0.6624520879489819,0.7649642450565389
C12orf57,30.41,29.51,0.042,0.6624520879489819,0.7649642450565389
GATA3,15.98,6.61,1.158,0.6624520879489819,0.7649642450565389
MKLN1,10.48,9.64,0.109,0.6624520879489819,0.7649642450565389
VPS9D1,18.21,17.39,0.062,0.6624520879489819,0.7649642450565389
ZNF143,13.21,13.45,-0.024,0.6624520879489819,0.7649642450565389
PNMA8A,13.16,14.03,-0.085,0.6624520879489819,0.7649642450565389
TIMD4,1.6,1.34,0.153,0.6624520879489819,0.7649642450565389
COPS9,52.37,54.15,-0.047,0.6624520879489819,0.7649642450565389
ANKIB1,32.57,28.79,0.172,0.6624520879489819,0.7649642450565389
ADAMTS9,4.47,4.28,0.051,0.6624520879489819,0.7649642450565389
LEAP2,1.28,1.37,-0.056,0.6624520879489819,0.7649642450565389
GTF3A,105.83,107.35,-0.02,0.6624520879489819,0.7649642450565389
CARD6,13.05,12.53,0.055,0.6624520879489819,0.7649642450565389
RPS16,922.86,1001.42,-0.118,0.6624520879489819,0.7649642450565389
MCUR1,28.42,25.36,0.158,0.6676941248320578,0.7690884638797161
RUSC1,39.86,33.94,0.226,0.6676941248320578,0.7690884638797161
TMX3,20.5,22.36,-0.12,0.6676941248320578,0.7690884638797161
C2CD4A,9.17,8.42,0.112,0.6676941248320578,0.7690884638797161
PHF3,12.47,12.84,-0.039,0.6676941248320578,0.7690884638797161
RFXAP,7.47,7.91,-0.073,0.6676941248320578,0.7690884638797161
SMAD5,23.05,24.6,-0.09,0.6676941248320578,0.7690884638797161
CEP104,10.86,10.68,0.022,0.6676941248320578,0.7690884638797161
CELSR3,3.21,2.87,0.124,0.6676941248320578,0.7690884638797161
MKRN2,9.4,9.7,-0.041,0.6676941248320578,0.7690884638797161
GBA2,34.35,32.89,0.061,0.6676941248320578,0.7690884638797161
H3C6,5.18,4.63,0.135,0.6676941248320578,0.7690884638797161
HORMAD1,6.42,6.46,-0.008,0.6676930978863087,0.7690884638797161
ZNF142,7.69,8.23,-0.087,0.6676941248320578,0.7690884638797161
UBLCP1,50.81,49.11,0.048,0.6676941248320578,0.7690884638797161
NKX2-8,4.15,3.27,0.268,0.6676941248320578,0.7690884638797161
EOGT,16.87,17.15,-0.022,0.6676941248320578,0.7690884638797161
ARHGAP4,23.85,21.75,0.127,0.6676941248320578,0.7690884638797161
FUS,101.65,111.32,-0.13,0.6676941248320578,0.7690884638797161
MAP2K7,22.08,22.64,-0.035,0.6676941248320578,0.7690884638797161
LUC7L3,43.02,45.93,-0.092,0.6676941248320578,0.7690884638797161
ARL14,10.24,5.29,0.838,0.6674000303729362,0.7690884638797161
LAMP5,10.15,12.01,-0.222,0.6676941248320578,0.7690884638797161
RIMKLB,16.44,13.52,0.265,0.6676930978863087,0.7690884638797161
ADAMTS13,2.3,2.2,0.047,0.6676941248320578,0.7690884638797161
GPAT3,9.19,15.26,-0.674,0.6676941248320578,0.7690884638797161
XPO4,9.29,9.46,-0.024,0.6676941248320578,0.7690884638797161
PELI1,57.53,56.92,0.015,0.6676941248320578,0.7690884638797161
COASY,76.49,77.01,-0.01,0.6676941248320578,0.7690884638797161
SH3GL2,1.45,1.26,0.111,0.667116510796633,0.7690884638797161
SPDYC,8.57,1.32,2.041,0.66728277435952,0.7690884638797161
BPTF,16.81,16.17,0.053,0.6676941248320578,0.7690884638797161
PAAF1,9.31,9.22,0.012,0.6676941248320578,0.7690884638797161
CUL4A,36.5,37.49,-0.038,0.6729514121162439,0.7730938519195367
AFTPH,38.86,41.34,-0.087,0.672952424908568,0.7730938519195367
RRN3,34.34,37.28,-0.116,0.672952424908568,0.7730938519195367
CEP170,7.98,8.33,-0.054,0.672952424908568,0.7730938519195367
GATB,4.52,4.59,-0.019,0.672952424908568,0.7730938519195367
RESF1,24.95,25.71,-0.042,0.672952424908568,0.7730938519195367
RAB4A,41.17,44.26,-0.102,0.672952424908568,0.7730938519195367
ZNF747,9.69,9.1,0.082,0.672952424908568,0.7730938519195367
PEX11A,10.52,10.24,0.035,0.672952424908568,0.7730938519195367
MSTO1,11.79,9.77,0.249,0.672952424908568,0.7730938519195367
HEATR3,15.79,15.73,0.005,0.672952424908568,0.7730938519195367
ZDHHC12,59.49,57.73,0.042,0.672952424908568,0.7730938519195367
TRAPPC9,14.95,14.54,0.038,0.672952424908568,0.7730938519195367
ARMC1,45.28,46.48,-0.037,0.672952424908568,0.7730938519195367
TBC1D10B,35.68,35.56,0.005,0.672952424908568,0.7730938519195367
KCNT2,1.75,1.24,0.292,0.672952424908568,0.7730938519195367
NIM1K,2.05,1.7,0.177,0.672952424908568,0.7730938519195367
TMEM52,5.08,5.59,-0.114,0.672952424908568,0.7730938519195367
TEX261,73.05,68.27,0.096,0.672952424908568,0.7730938519195367
GPATCH8,21.12,21.99,-0.056,0.672952424908568,0.7730938519195367
EBP,41.84,43.05,-0.04,0.672952424908568,0.7730938519195367
CPNE2,26.96,26.07,0.047,0.672952424908568,0.7730938519195367
GSDMA,2.27,2.09,0.085,0.672952424908568,0.7730938519195367
ZBTB6,12.44,12.31,0.014,0.672952424908568,0.7730938519195367
ZNF189,21.57,21.11,0.03,0.672952424908568,0.7730938519195367
CXCL8,80.64,167.88,-1.049,0.672952424908568,0.7730938519195367
NAALADL1,3.11,2.97,0.05,0.672952424908568,0.7730938519195367
SRSF4,36.57,37.7,-0.042,0.672952424908568,0.7730938519195367
CD2BP2,75.22,74.6,0.012,0.672952424908568,0.7730938519195367
ARHGEF35,8.16,7.79,0.06,0.672952424908568,0.7730938519195367
FAM13B,10.03,9.53,0.067,0.672952424908568,0.7730938519195367
ZNF618,7.73,7.93,-0.032,0.672952424908568,0.7730938519195367
DNAH1,2.77,3.15,-0.139,0.672952424908568,0.7730938519195367
PTPDC1,5.83,5.61,0.046,0.672952424908568,0.7730938519195367
NAA80,10.7,10.15,0.069,0.672952424908568,0.7730938519195367
SLC16A9,15.97,21.35,-0.397,0.6782267640376625,0.7772723260182701
LILRB4,13.41,16.91,-0.313,0.6782267640376625,0.7772723260182701
ST3GAL2,9.06,8.48,0.086,0.6782267640376625,0.7772723260182701
GMDS,23.11,18.17,0.33,0.6782267640376625,0.7772723260182701
LYPLAL1,21.31,22.31,-0.063,0.6782267640376625,0.7772723260182701
KIAA0100,45.17,47.22,-0.063,0.6782267640376625,0.7772723260182701
DCUN1D4,14.06,14.07,-0.001,0.6782267640376625,0.7772723260182701
FCN3,48.64,28.35,0.758,0.6782267640376625,0.7772723260182701
ZNF280D,3.82,3.9,-0.025,0.6782267640376625,0.7772723260182701
PRELID1,30.91,32.7,-0.079,0.6782267640376625,0.7772723260182701
CCHCR1,19.29,19.93,-0.045,0.6782267640376625,0.7772723260182701
USP48,19.39,18.08,0.096,0.6782267640376625,0.7772723260182701
HSP90B1,564.24,569.08,-0.012,0.6782267640376625,0.7772723260182701
TRIM65,29.8,30.49,-0.032,0.6782267640376625,0.7772723260182701
BRD3,16.21,16.37,-0.013,0.6782267640376625,0.7772723260182701
PRELID2,2.42,2.59,-0.072,0.6782267640376625,0.7772723260182701
STEAP3,51.11,47.17,0.114,0.6782267640376625,0.7772723260182701
TTC9C,24.68,24.38,0.017,0.6782267640376625,0.7772723260182701
JCHAIN,890.38,701.56,0.343,0.6782267640376625,0.7772723260182701
RALGDS,4.26,4.59,-0.088,0.6782267640376625,0.7772723260182701
PLOD2,50.38,53.63,-0.089,0.6782267640376625,0.7772723260182701
EFCAB7,3.64,3.91,-0.084,0.6782267640376625,0.7772723260182701
GAB1,9.76,9.5,0.035,0.6782267640376625,0.7772723260182701
IDI1,48.81,45.2,0.109,0.6782267640376625,0.7772723260182701
BNIPL,14.71,12.6,0.208,0.6782267640376625,0.7772723260182701
OAS2,50.29,48.65,0.047,0.6782267640376625,0.7772723260182701
ZFAND1,30.3,30.1,0.009,0.6782267640376625,0.7772723260182701
THTPA,4.83,4.59,0.063,0.6782267640376625,0.7772723260182701
CD53,99.96,103.35,-0.048,0.6782267640376625,0.7772723260182701
PACRGL,5.11,4.96,0.036,0.6782267640376625,0.7772723260182701
CLEC11A,26.27,24.02,0.124,0.6782267640376625,0.7772723260182701
ZNF236,3.76,4.05,-0.084,0.6782267640376625,0.7772723260182701
MAGEB16,1.17,0.19,0.864,0.6796479961933768,0.7788423597952914
KRTAP3-1,0.93,2.33,-0.783,0.6806846223208085,0.779971450857534
OVCH1,1.03,0.37,0.561,0.6808133596554982,0.7800547045989081
DYNLRB2,5.35,4.71,0.154,0.6808599643050168,0.7800547045989081
VASH2,1.29,2.66,-0.678,0.6835169157222736,0.7817428862216578
HADH,15.77,14.96,0.072,0.6835169157222736,0.7817428862216578
MLXIPL,2.19,2.85,-0.273,0.6835169157222736,0.7817428862216578
SIT1,7.98,8.43,-0.07,0.6835169157222736,0.7817428862216578
ZNF569,3.05,3.46,-0.138,0.6835169157222736,0.7817428862216578
NIPSNAP3B,1.66,1.59,0.037,0.6835159316813701,0.7817428862216578
EMC6,2.06,2.14,-0.034,0.6835169157222736,0.7817428862216578
INTU,2.25,2.67,-0.172,0.6835169157222736,0.7817428862216578
ITGB3BP,7.94,8.76,-0.126,0.6835169157222736,0.7817428862216578
AC073111.3,3.34,3.54,-0.066,0.6835169157222736,0.7817428862216578
PROSER1,22.86,22.13,0.045,0.6835169157222736,0.7817428862216578
SMKR1,12.62,8.04,0.59,0.6835169157222736,0.7817428862216578
POLR2I,10.7,10.95,-0.031,0.6835169157222736,0.7817428862216578
SLC39A10,23.66,19.28,0.282,0.6835169157222736,0.7817428862216578
IAH1,18.77,20.15,-0.097,0.6835169157222736,0.7817428862216578
ELAPOR2,11.83,10.38,0.173,0.6835169157222736,0.7817428862216578
ASH1L,20.3,18.88,0.1,0.6835169157222736,0.7817428862216578
RAB6A,97.12,93.19,0.059,0.6835169157222736,0.7817428862216578
FGD3,9.51,8.56,0.136,0.6835169157222736,0.7817428862216578
POLR2J,87.43,95.52,-0.126,0.6835169157222736,0.7817428862216578
SYCE3,4.36,4.31,0.014,0.6835169157222736,0.7817428862216578
TCTN2,10.72,11.56,-0.099,0.6835169157222736,0.7817428862216578
NCOR1,20.56,19.29,0.087,0.6835169157222736,0.7817428862216578
MAGEB1,0.32,1.56,-0.958,0.6856048051805108,0.7840717956422657
BCAS4,7.54,7.96,-0.069,0.6861668730934969,0.7846555248313637
NXF1,41.37,39.5,0.065,0.6888226511374185,0.7857998602440905
NOC4L,38.33,39.53,-0.043,0.6888226511374185,0.7857998602440905
FBRSL1,21.91,20.35,0.102,0.6888226511374185,0.7857998602440905
RAB26,4.33,3.44,0.264,0.6888226511374185,0.7857998602440905
BEX5,16.79,11.22,0.542,0.6888226511374185,0.7857998602440905
HAUS3,4.12,3.92,0.06,0.6888226511374185,0.7857998602440905
C2CD4C,1.73,1.33,0.23,0.6888216816909003,0.7857998602440905
GON4L,14.66,14.03,0.06,0.6888226511374185,0.7857998602440905
PDS5B,8.46,8.39,0.01,0.6888226511374185,0.7857998602440905
MTF2,15.94,14.76,0.104,0.6888226511374185,0.7857998602440905
COL4A1,96.79,97.15,-0.005,0.6888226511374185,0.7857998602440905
NDUFS1,21.88,23.66,-0.108,0.6888226511374185,0.7857998602440905
ASXL1,19.39,18.95,0.031,0.6888226511374185,0.7857998602440905
CTDNEP1,44.56,47.79,-0.099,0.6888226511374185,0.7857998602440905
ACER3,13.14,15.76,-0.245,0.6888226511374185,0.7857998602440905
SEPTIN3,3.76,4.2,-0.128,0.6888226511374185,0.7857998602440905
VPS37A,18.04,14.76,0.273,0.6888226511374185,0.7857998602440905
GTPBP6,52.43,52.97,-0.014,0.6888226511374185,0.7857998602440905
H2BC5,78.0,71.94,0.115,0.6888226511374185,0.7857998602440905
ZNF616,7.27,7.41,-0.024,0.6888226511374185,0.7857998602440905
CHCHD3,42.8,42.97,-0.006,0.6888226511374185,0.7857998602440905
PITPNM3,5.93,5.5,0.091,0.6888226511374185,0.7857998602440905
MAP7D2,8.91,8.34,0.086,0.6888226511374185,0.7857998602440905
TXNDC12,7.16,6.56,0.109,0.6888226511374185,0.7857998602440905
PHRF1,34.02,35.23,-0.049,0.6888226511374185,0.7857998602440905
MAGEE1,3.93,4.94,-0.269,0.6888226511374185,0.7857998602440905
TBC1D17,30.56,31.97,-0.063,0.6888226511374185,0.7857998602440905
CLDN11,3.15,14.74,-1.922,0.6888226511374185,0.7857998602440905
MCM3AP,15.61,15.62,-0.001,0.6888226511374185,0.7857998602440905
PIDD1,11.04,11.54,-0.058,0.6888226511374185,0.7857998602440905
ZNF235,1.69,1.9,-0.108,0.6888226511374185,0.7857998602440905
PYROXD1,6.43,5.82,0.124,0.6888226511374185,0.7857998602440905
PRSS1,5.9,2.31,1.057,0.6909401387380012,0.7881562825922706
CST1,69.96,48.35,0.524,0.6914764800394624,0.7887088709639304
BMP8A,6.17,4.37,0.419,0.6941437391590721,0.7902087388763512
ARSK,5.31,5.25,0.013,0.6941437391590721,0.7902087388763512
HAS1,3.35,1.54,0.778,0.694142784450256,0.7902087388763512
CACUL1,17.95,16.76,0.093,0.6941437391590721,0.7902087388763512
UTP23,14.23,14.2,0.003,0.6941437391590721,0.7902087388763512
SHQ1,9.81,9.51,0.041,0.6941437391590721,0.7902087388763512
NHS,4.92,4.05,0.228,0.6941437391590721,0.7902087388763512
APBA1,1.96,1.95,0.001,0.6941437391590721,0.7902087388763512
KLHL26,9.72,9.78,-0.008,0.6941437391590721,0.7902087388763512
TCEA2,18.4,18.09,0.023,0.6941437391590721,0.7902087388763512
PIKFYVE,10.33,11.85,-0.181,0.6941437391590721,0.7902087388763512
FNTA,18.81,17.27,0.117,0.6941437391590721,0.7902087388763512
CALM1,138.22,147.67,-0.095,0.6941437391590721,0.7902087388763512
INIP,22.55,20.99,0.099,0.6941437391590721,0.7902087388763512
EP400,12.54,12.37,0.018,0.6941437391590721,0.7902087388763512
DESI1,43.95,43.85,0.003,0.6941437391590721,0.7902087388763512
ZBTB44,16.12,16.04,0.007,0.6941437391590721,0.7902087388763512
HMGN4,127.16,133.28,-0.067,0.6941437391590721,0.7902087388763512
TBX19,4.09,4.19,-0.029,0.6941437391590721,0.7902087388763512
TATDN2,12.56,13.14,-0.06,0.6941437391590721,0.7902087388763512
MRPL38,1.69,1.89,-0.103,0.6941437391590721,0.7902087388763512
MYO3B,1.7,2.06,-0.18,0.6941437391590721,0.7902087388763512
TMTC2,10.46,10.99,-0.066,0.6941437391590721,0.7902087388763512
ZNF304,9.29,10.23,-0.127,0.6941437391590721,0.7902087388763512
PMPCB,29.45,31.17,-0.08,0.6941437391590721,0.7902087388763512
MAP7,28.82,28.37,0.022,0.6941437391590721,0.7902087388763512
SSX1,2.27,0.65,0.984,0.6948386155546638,0.7909405174287859
KDM5C,52.07,50.12,0.054,0.6994799463936039,0.7942006446123626
ZNF136,6.19,6.36,-0.034,0.6994799463936039,0.7942006446123626
UFSP1,6.03,6.11,-0.015,0.6994799463936039,0.7942006446123626
USP13,14.43,14.03,0.038,0.6994799463936039,0.7942006446123626
AC055839.2,4.57,6.05,-0.34,0.6994799463936039,0.7942006446123626
GOLGB1,41.56,39.64,0.066,0.6994799463936039,0.7942006446123626
CPVL,36.46,33.98,0.099,0.6994799463936039,0.7942006446123626
TTC30A,7.72,8.27,-0.088,0.6994799463936039,0.7942006446123626
FUZ,12.55,13.53,-0.101,0.6994799463936039,0.7942006446123626
BABAM1,25.64,25.57,0.004,0.6994799463936039,0.7942006446123626
UBE3B,15.89,15.12,0.067,0.6994799463936039,0.7942006446123626
LGI4,1.82,1.9,-0.042,0.6994790065639125,0.7942006446123626
SHKBP1,73.53,75.76,-0.042,0.6994799463936039,0.7942006446123626
RREB1,13.58,13.19,0.04,0.6994799463936039,0.7942006446123626
PRELID3B,106.73,119.86,-0.166,0.6994799463936039,0.7942006446123626
MACIR,10.14,10.25,-0.014,0.6994799463936039,0.7942006446123626
ATF3,61.55,54.02,0.185,0.6994799463936039,0.7942006446123626
MCMDC2,1.0,1.07,-0.05,0.6994790065639125,0.7942006446123626
CCT8,149.73,155.64,-0.056,0.6994799463936039,0.7942006446123626
TMEM106C,83.69,101.46,-0.275,0.6994799463936039,0.7942006446123626
SOX8,1.37,1.92,-0.304,0.6994790065639125,0.7942006446123626
PSMD13,104.94,105.9,-0.013,0.6994799463936039,0.7942006446123626
RSRP1,23.01,21.97,0.063,0.6994799463936039,0.7942006446123626
HARS1,10.96,11.95,-0.115,0.6994799463936039,0.7942006446123626
FNDC3B,35.5,38.03,-0.097,0.6994799463936039,0.7942006446123626
ARMCX2,26.13,25.76,0.02,0.6994799463936039,0.7942006446123626
DOP1A,4.96,4.81,0.036,0.6994799463936039,0.7942006446123626
EPB41L3,7.98,9.54,-0.232,0.6994799463936039,0.7942006446123626
TIA1,35.91,38.05,-0.081,0.6994799463936039,0.7942006446123626
MYH9,556.56,570.43,-0.035,0.6994799463936039,0.7942006446123626
INTS9,12.82,13.02,-0.02,0.6994799463936039,0.7942006446123626
HOATZ,3.31,3.03,0.099,0.6994761870219868,0.7942006446123626
NFKB2,52.15,54.25,-0.056,0.6994799463936039,0.7942006446123626
ADHFE1,1.37,1.27,0.06,0.6994790065639125,0.7942006446123626
ARMC12,1.29,1.19,0.069,0.702151781482824,0.7971747135008627
RTF1,41.07,41.61,-0.018,0.7048310372077735,0.7980696041360638
SERAC1,3.51,3.41,0.032,0.7048310372077735,0.7980696041360638
KCNJ15,21.82,13.32,0.672,0.7048310372077735,0.7980696041360638
SPR,103.83,93.34,0.152,0.7048310372077735,0.7980696041360638
TIAL1,34.29,34.79,-0.02,0.7048310372077735,0.7980696041360638
NPIPB4,0.99,1.04,-0.035,0.7048310372077735,0.7980696041360638
EMSY,5.85,5.94,-0.019,0.7048310372077735,0.7980696041360638
NIPSNAP2,58.68,57.32,0.033,0.7048310372077735,0.7980696041360638
ESRRG,0.58,1.31,-0.544,0.7048310372077735,0.7980696041360638
ZSCAN26,11.88,12.11,-0.026,0.7048310372077735,0.7980696041360638
MYH11,22.12,36.47,-0.697,0.7048310372077735,0.7980696041360638
COLEC10,0.89,1.05,-0.119,0.7048310372077735,0.7980696041360638
COX17,47.5,52.15,-0.132,0.7048310372077735,0.7980696041360638
NECAB1,3.09,1.66,0.624,0.7048310372077735,0.7980696041360638
MNT,8.16,8.65,-0.076,0.7048310372077735,0.7980696041360638
SLC10A2,2.76,0.08,1.799,0.703595144158049,0.7980696041360638
FAM207A,27.53,26.88,0.033,0.7048310372077735,0.7980696041360638
ECH1,111.78,112.43,-0.008,0.7048310372077735,0.7980696041360638
UBXN8,7.36,6.65,0.127,0.7048310372077735,0.7980696041360638
NHP2,50.44,52.71,-0.062,0.7048310372077735,0.7980696041360638
WARS2,13.76,14.57,-0.077,0.7048310372077735,0.7980696041360638
ALKBH8,6.6,6.66,-0.012,0.7048310372077735,0.7980696041360638
MRGPRF,5.99,5.44,0.117,0.7048310372077735,0.7980696041360638
FN3KRP,55.44,55.29,0.004,0.7048310372077735,0.7980696041360638
NEK9,18.09,18.44,-0.026,0.7048310372077735,0.7980696041360638
MSS51,2.27,2.18,0.04,0.7048310372077735,0.7980696041360638
B3GNT4,2.44,1.98,0.209,0.7048310372077735,0.7980696041360638
TOMM5,1.0,1.27,-0.181,0.7048310372077735,0.7980696041360638
AP1AR,10.78,11.4,-0.074,0.7048310372077735,0.7980696041360638
ZNF414,12.69,12.32,0.039,0.7048310372077735,0.7980696041360638
ANKRD22,16.62,15.84,0.065,0.7048310372077735,0.7980696041360638
ZNF691,19.22,17.85,0.101,0.7048310372077735,0.7980696041360638
GPR173,2.52,3.34,-0.3,0.7048310372077735,0.7980696041360638
ATF7IP2,4.65,6.01,-0.31,0.7048310372077735,0.7980696041360638
GP1BA,1.29,1.45,-0.103,0.7048310372077735,0.7980696041360638
C16orf86,3.21,2.92,0.102,0.7048310372077735,0.7980696041360638
PAGE2,42.92,4.89,2.899,0.7059080355163007,0.7992295091734969
PDIA2,3.9,1.47,0.991,0.7075111724668819,0.8009848914522606
ACTR5,15.11,16.22,-0.096,0.7101967737592783,0.8016954887974377
FNTB,5.94,6.48,-0.108,0.7101967737592783,0.8016954887974377
FNDC10,22.91,23.68,-0.046,0.7101967737592783,0.8016954887974377
PIAS3,38.56,36.34,0.083,0.7101967737592783,0.8016954887974377
BTBD16,2.41,1.27,0.588,0.7101967737592783,0.8016954887974377
PCNT,10.08,11.63,-0.19,0.7101967737592783,0.8016954887974377
DIP2A,9.4,8.9,0.07,0.7101967737592783,0.8016954887974377
MITD1,13.05,13.13,-0.009,0.7101967737592783,0.8016954887974377
VIRMA,20.48,21.02,-0.036,0.7101967737592783,0.8016954887974377
MOSPD2,12.25,11.97,0.031,0.7101967737592783,0.8016954887974377
ADGRE1,3.87,3.72,0.045,0.7101967737592783,0.8016954887974377
SLC25A40,12.74,14.09,-0.135,0.7101967737592783,0.8016954887974377
RPL39,204.21,213.93,-0.067,0.7101967737592783,0.8016954887974377
SMARCAL1,17.07,16.66,0.033,0.7101967737592783,0.8016954887974377
UHRF1BP1,12.09,11.66,0.048,0.7101967737592783,0.8016954887974377
GIT2,3.67,3.5,0.053,0.7101967737592783,0.8016954887974377
TMEM97,50.74,55.55,-0.128,0.7101967737592783,0.8016954887974377
NEURL4,8.02,8.6,-0.09,0.7101967737592783,0.8016954887974377
GSTCD,6.9,6.93,-0.005,0.7101967737592783,0.8016954887974377
ABCB10,19.74,20.53,-0.054,0.7101967737592783,0.8016954887974377
MYCN,4.63,4.95,-0.08,0.7101967737592783,0.8016954887974377
LARP1B,7.33,7.44,-0.019,0.7101967737592783,0.8016954887974377
CDC14A,4.22,4.86,-0.169,0.7101967737592783,0.8016954887974377
C12orf45,1.7,1.83,-0.069,0.710195864104354,0.8016954887974377
CCL24,6.67,6.97,-0.056,0.7101967737592783,0.8016954887974377
PBX4,4.04,3.64,0.119,0.7101967737592783,0.8016954887974377
WDR44,17.5,15.83,0.137,0.7101967737592783,0.8016954887974377
FAM117A,18.03,18.82,-0.059,0.7101967737592783,0.8016954887974377
MAPK7,14.63,14.42,0.019,0.7101967737592783,0.8016954887974377
LAMB3,307.9,360.89,-0.228,0.7101967737592783,0.8016954887974377
SASH3,26.6,26.03,0.03,0.7101967737592783,0.8016954887974377
SCAP,40.84,42.69,-0.062,0.7101967737592783,0.8016954887974377
KLHL18,8.58,8.29,0.044,0.7101967737592783,0.8016954887974377
PPP1R1A,0.62,1.13,-0.394,0.710195864104354,0.8016954887974377
ARC,3.31,2.42,0.332,0.7101967737592783,0.8016954887974377
PSTK,1.72,1.89,-0.083,0.7101967737592783,0.8016954887974377
LTBP4,60.04,64.57,-0.103,0.7101967737592783,0.8016954887974377
SOBP,1.81,2.27,-0.22,0.7101967737592783,0.8016954887974377
CXCR2,1.99,3.34,-0.536,0.7101967737592783,0.8016954887974377
PCBP3,1.39,1.47,-0.047,0.7155769160278476,0.8060320347872989
TUSC1,18.66,19.1,-0.032,0.7155769160278476,0.8060320347872989
ARPC5,76.85,77.37,-0.01,0.7155769160278476,0.8060320347872989
ARSB,7.79,7.82,-0.005,0.7155769160278476,0.8060320347872989
NFYC,29.62,26.63,0.148,0.7155769160278476,0.8060320347872989
FBRS,45.6,46.22,-0.019,0.7155769160278476,0.8060320347872989
IGHMBP2,7.0,7.8,-0.138,0.7155760216646048,0.8060320347872989
SPARCL1,235.18,302.11,-0.36,0.7155769160278476,0.8060320347872989
SRSF10,27.3,27.43,-0.007,0.7155769160278476,0.8060320347872989
SMAD4,14.9,15.07,-0.015,0.7155769160278476,0.8060320347872989
SCRIB,55.16,58.89,-0.093,0.7155769160278476,0.8060320347872989
SLC39A3,9.59,9.61,-0.004,0.7155769160278476,0.8060320347872989
FOSB,126.93,53.75,1.224,0.7155769160278476,0.8060320347872989
SRP68,56.19,56.45,-0.007,0.7155769160278476,0.8060320347872989
NAV3,1.76,1.1,0.398,0.7155769160278476,0.8060320347872989
POU2F1,6.09,6.54,-0.089,0.7155769160278476,0.8060320347872989
PRPF39,15.16,16.29,-0.098,0.7155769160278476,0.8060320347872989
ZNHIT3,12.46,13.63,-0.12,0.7155769160278476,0.8060320347872989
JAK2,8.91,10.45,-0.208,0.7155769160278476,0.8060320347872989
SMUG1,18.91,18.74,0.012,0.7155769160278476,0.8060320347872989
AFAP1L2,14.7,13.9,0.076,0.7155769160278476,0.8060320347872989
MSANTD4,13.74,14.93,-0.112,0.7155769160278476,0.8060320347872989
RSKR,1.96,2.26,-0.14,0.7155769160278476,0.8060320347872989
OSGEPL1,7.08,7.46,-0.065,0.7155769160278476,0.8060320347872989
DOK6,1.36,1.41,-0.028,0.7155769160278476,0.8060320347872989
SENP7,9.18,9.2,-0.002,0.7155769160278476,0.8060320347872989
RPS6KB1,17.05,16.05,0.083,0.7155769160278476,0.8060320347872989
OGFR,38.65,39.1,-0.016,0.7155769160278476,0.8060320347872989
BOD1L1,10.81,10.49,0.04,0.7155769160278476,0.8060320347872989
RUFY4,1.49,1.66,-0.092,0.7182714270447216,0.8088272895857141
ODAPH,1.29,0.64,0.487,0.7181649662102212,0.8088272895857141
ZNF26,2.9,2.68,0.084,0.7182714270447216,0.8088272895857141
PCSK2,23.93,2.36,2.893,0.71825369194364,0.8088272895857141
PKN2,29.57,28.54,0.049,0.7209712218468753,0.8099464487961829
PORCN,16.92,17.67,-0.059,0.7209712218468753,0.8099464487961829
MAGEH1,53.58,58.02,-0.113,0.7209712218468753,0.8099464487961829
TSSK4,2.09,2.03,0.03,0.7209712218468753,0.8099464487961829
C17orf67,2.94,2.86,0.029,0.7209703429088156,0.8099464487961829
FAM183A,22.82,21.65,0.072,0.7209712218468753,0.8099464487961829
MAP3K5,25.51,26.85,-0.071,0.7209712218468753,0.8099464487961829
NAP1L3,2.78,3.23,-0.16,0.7209712218468753,0.8099464487961829
NCF1,4.34,5.16,-0.205,0.7209712218468753,0.8099464487961829
ZNF773,1.97,2.13,-0.074,0.7209712218468753,0.8099464487961829
PICK1,22.05,20.82,0.079,0.7209712218468753,0.8099464487961829
SNX1,38.0,39.34,-0.049,0.7209712218468753,0.8099464487961829
TMEM231,7.9,7.62,0.046,0.7209712218468753,0.8099464487961829
MED22,16.25,15.58,0.057,0.7209712218468753,0.8099464487961829
HSD17B7,9.81,8.93,0.122,0.7209712218468753,0.8099464487961829
KRTAP5-9,0.53,2.13,-1.033,0.7208973621044454,0.8099464487961829
ETS2,122.84,130.74,-0.089,0.7209712218468753,0.8099464487961829
SUGP1,18.12,18.75,-0.047,0.7209712218468753,0.8099464487961829
UBE2E2,23.92,23.67,0.015,0.7209712218468753,0.8099464487961829
IL10RA,15.37,15.3,0.006,0.7209712218468753,0.8099464487961829
RGMB,4.15,4.38,-0.063,0.7209712218468753,0.8099464487961829
PPL,72.3,75.1,-0.054,0.7209712218468753,0.8099464487961829
KCNAB2,7.45,6.99,0.081,0.7209712218468753,0.8099464487961829
ZNF667,1.18,1.47,-0.185,0.7209712218468753,0.8099464487961829
TBC1D3L,3.19,2.29,0.349,0.7209536415085769,0.8099464487961829
APELA,0.84,1.05,-0.156,0.7209677060448373,0.8099464487961829
CLIP1,19.53,17.35,0.162,0.7209712218468753,0.8099464487961829
ATXN1,8.99,9.08,-0.013,0.7209712218468753,0.8099464487961829
MAPK4,3.29,1.62,0.712,0.7209712218468753,0.8099464487961829
MALSU1,21.76,20.22,0.101,0.7209712218468753,0.8099464487961829
SRPX,18.19,26.23,-0.504,0.7209712218468753,0.8099464487961829
TMEM181,38.77,37.63,0.042,0.7209712218468753,0.8099464487961829
TFF2,44.03,3.26,3.4,0.7210611033004526,0.8099875299403901
SCO2,1.22,1.13,0.059,0.7236727386557141,0.8127409756354425
FAM111A,19.92,18.69,0.087,0.7236727386557141,0.8127409756354425
SLC12A3,2.71,0.22,1.609,0.7236718674714315,0.8127409756354425
ITM2B,216.9,199.71,0.119,0.7263794469355855,0.814456305335229
GRK2,70.47,68.25,0.046,0.7263794469355855,0.814456305335229
SEC61G,131.32,138.01,-0.071,0.7263794469355855,0.814456305335229
GPR85,1.22,1.1,0.08,0.7263794469355855,0.814456305335229
BMPER,2.34,2.89,-0.219,0.7263794469355855,0.814456305335229
SPATC1L,13.37,12.7,0.069,0.7263794469355855,0.814456305335229
MROH8,1.1,1.06,0.027,0.7263794469355855,0.814456305335229
MTG2,18.74,19.92,-0.084,0.7263794469355855,0.814456305335229
KCNS1,1.09,1.0,0.067,0.7263794469355855,0.814456305335229
ZNF337,1.57,1.61,-0.024,0.7263785835541462,0.814456305335229
IFT43,14.95,15.99,-0.091,0.7263794469355855,0.814456305335229
SP3,20.38,20.95,-0.038,0.7263794469355855,0.814456305335229
SEMA3G,8.23,7.48,0.122,0.7263794469355855,0.814456305335229
SFMBT1,8.04,8.12,-0.013,0.7263794469355855,0.814456305335229
DHX15,51.11,51.37,-0.007,0.7263794469355855,0.814456305335229
RADIL,2.32,2.3,0.011,0.7263794469355855,0.814456305335229
TRIR,208.59,229.13,-0.135,0.7263794469355855,0.814456305335229
NSUN4,11.61,11.11,0.058,0.7263794469355855,0.814456305335229
IDH1,112.68,117.74,-0.063,0.7263794469355855,0.814456305335229
SZRD1,72.34,74.04,-0.033,0.7263794469355855,0.814456305335229
QPCTL,19.91,19.93,-0.001,0.7263794469355855,0.814456305335229
FAM122A,13.23,13.15,0.007,0.7263794469355855,0.814456305335229
RTL1,0.59,1.49,-0.652,0.7285649774908067,0.8168465576723362
ZNF674,2.04,2.13,-0.04,0.7318013449317228,0.8190245181250582
SPTLC1,42.26,40.23,0.07,0.7318013449317228,0.8190245181250582
ERAP1,24.73,29.96,-0.267,0.7318013449317228,0.8190245181250582
OXLD1,50.19,54.47,-0.116,0.7318013449317228,0.8190245181250582
C7orf26,39.9,39.9,0.0,0.7318013449317228,0.8190245181250582
UBXN6,65.26,66.96,-0.036,0.7318013449317228,0.8190245181250582
IPP,12.15,11.17,0.111,0.7318013449317228,0.8190245181250582
RBBP6,17.78,18.1,-0.024,0.7318013449317228,0.8190245181250582
MBTD1,10.96,12.53,-0.178,0.7318013449317228,0.8190245181250582
WDR81,16.41,17.47,-0.085,0.7318013449317228,0.8190245181250582
ARHGAP17,16.05,15.7,0.03,0.7318013449317228,0.8190245181250582
LRIG1,31.17,29.61,0.072,0.7318013449317228,0.8190245181250582
UQCC1,16.36,17.97,-0.128,0.7318013449317228,0.8190245181250582
GTF3C6,129.9,129.21,0.008,0.7318013449317228,0.8190245181250582
UQCC3,8.91,9.86,-0.131,0.7318013449317228,0.8190245181250582
HNRNPLL,23.33,23.89,-0.032,0.7318013449317228,0.8190245181250582
WDR24,13.27,12.84,0.044,0.7318013449317228,0.8190245181250582
WARS1,131.0,123.99,0.079,0.7318013449317228,0.8190245181250582
IQCC,5.55,5.73,-0.039,0.7318013449317228,0.8190245181250582
ARID1A,26.89,26.28,0.032,0.7318013449317228,0.8190245181250582
CEPT1,8.71,9.08,-0.054,0.7318013449317228,0.8190245181250582
ZFP62,15.68,16.31,-0.054,0.7318013449317228,0.8190245181250582
APBA2,10.84,8.64,0.297,0.7318013449317228,0.8190245181250582
RNF38,24.19,22.96,0.072,0.7318013449317228,0.8190245181250582
DGCR6,1.48,0.24,0.995,0.7343769858451995,0.8218466076860722
SPIN3,2.36,2.28,0.033,0.73451650391622,0.8219421996022046
BAIAP2,21.95,20.33,0.106,0.7372366674247626,0.8232882534497918
TCEANC2,3.2,3.42,-0.071,0.7372366674247626,0.8232882534497918
SMARCA5,48.89,50.36,-0.042,0.7372366674247626,0.8232882534497918
DNAJC7,14.66,15.49,-0.075,0.7372366674247626,0.8232882534497918
EBF1,2.84,3.12,-0.103,0.7372366674247626,0.8232882534497918
PABPC4,46.26,43.54,0.086,0.7372366674247626,0.8232882534497918
PTK7,76.63,67.98,0.171,0.7372366674247626,0.8232882534497918
PC,16.58,18.91,-0.179,0.7372366674247626,0.8232882534497918
CDC42EP4,53.95,75.29,-0.473,0.7372366674247626,0.8232882534497918
LRRC3,4.19,4.11,0.022,0.7372366674247626,0.8232882534497918
AP1S2,14.2,17.55,-0.287,0.7372366674247626,0.8232882534497918
WBP1,7.23,8.02,-0.131,0.7372366674247626,0.8232882534497918
MTX1,20.79,19.35,0.099,0.7372366674247626,0.8232882534497918
NUFIP2,38.97,41.25,-0.08,0.7372366674247626,0.8232882534497918
AIMP1,20.39,19.94,0.03,0.7372366674247626,0.8232882534497918
MYL5,6.77,5.7,0.213,0.7372366674247626,0.8232882534497918
SMC1B,2.53,1.36,0.582,0.7372366674247626,0.8232882534497918
GNB1,221.04,211.78,0.061,0.7372366674247626,0.8232882534497918
SMAGP,20.04,17.93,0.153,0.7372366674247626,0.8232882534497918
IRF3,57.39,55.37,0.051,0.7372366674247626,0.8232882534497918
SMARCAD1,18.58,19.71,-0.081,0.7372366674247626,0.8232882534497918
BHLHE41,19.25,18.62,0.046,0.7372366674247626,0.8232882534497918
PRSS27,2.41,2.82,-0.162,0.7372366674247626,0.8232882534497918
DNAJA1,245.78,251.98,-0.036,0.7372366674247626,0.8232882534497918
ANKRD65,38.88,37.86,0.037,0.7372366674247626,0.8232882534497918
EIF1AD,31.39,31.26,0.006,0.7372366674247626,0.8232882534497918
JAM3,6.2,6.88,-0.13,0.7372366674247626,0.8232882534497918
ERCC6,3.9,3.98,-0.023,0.7372366674247626,0.8232882534497918
LHFPL4,0.84,1.5,-0.44,0.7394941708234277,0.8257485622019946
FADS2,35.11,35.85,-0.029,0.7426851639896301,0.8270626472545959
ZNF275,11.49,11.85,-0.041,0.7426851639896301,0.8270626472545959
PIWIL4,1.91,1.65,0.139,0.7426851639896301,0.8270626472545959
ALOX15,10.72,22.59,-1.009,0.7426835320937024,0.8270626472545959
ZEB1,10.29,8.87,0.193,0.7426851639896301,0.8270626472545959
ZNF513,25.33,25.04,0.016,0.7426851639896301,0.8270626472545959
EXOC1,20.62,19.31,0.09,0.7426851639896301,0.8270626472545959
SNX6,66.67,68.43,-0.037,0.7426851639896301,0.8270626472545959
CC2D1A,33.42,35.41,-0.081,0.7426851639896301,0.8270626472545959
ZMYM2,16.54,17.42,-0.071,0.7426851639896301,0.8270626472545959
ANGPT2,5.77,8.58,-0.502,0.7426843480455452,0.8270626472545959
ZNF778,2.42,2.44,-0.005,0.7426851639896301,0.8270626472545959
ENPEP,4.1,3.67,0.127,0.7426851639896301,0.8270626472545959
MYBL1,2.9,2.65,0.092,0.7426851639896301,0.8270626472545959
CNNM2,2.94,2.84,0.035,0.7426851639896301,0.8270626472545959
TMEM54,107.85,98.04,0.136,0.7426851639896301,0.8270626472545959
GZMM,19.97,9.54,0.992,0.7426851639896301,0.8270626472545959
ARHGDIA,185.16,180.79,0.034,0.7426851639896301,0.8270626472545959
CARD16,18.32,16.54,0.139,0.7426851639896301,0.8270626472545959
VARS1,70.08,72.0,-0.039,0.7426851639896301,0.8270626472545959
TMEM258,49.96,47.48,0.072,0.7426851639896301,0.8270626472545959
STK31,3.02,2.4,0.241,0.7426851639896301,0.8270626472545959
NDUFA10,13.24,13.6,-0.036,0.7426843480455452,0.8270626472545959
PCMT1,55.39,58.01,-0.065,0.7426851639896301,0.8270626472545959
CD22,4.24,5.69,-0.353,0.7426851639896301,0.8270626472545959
BPGM,39.11,41.01,-0.066,0.7426851639896301,0.8270626472545959
TPSAB1,39.61,35.59,0.15,0.7426851639896301,0.8270626472545959
PTPRO,1.33,1.84,-0.29,0.7426851639896301,0.8270626472545959
MST1,4.26,2.55,0.567,0.7426851639896301,0.8270626472545959
SRP72,66.31,63.76,0.056,0.7426851639896301,0.8270626472545959
FBXW8,11.89,11.98,-0.009,0.7426851639896301,0.8270626472545959
RASSF5,23.38,23.53,-0.009,0.7426851639896301,0.8270626472545959
KDM7A,13.34,14.39,-0.102,0.7426851639896301,0.8270626472545959
PIK3CB,20.22,22.5,-0.147,0.7426851639896301,0.8270626472545959
FHL1,45.52,36.13,0.325,0.7426851639896301,0.8270626472545959
SHOC1,2.6,1.23,0.689,0.7426851639896301,0.8270626472545959
HTRA1,138.93,136.09,0.03,0.7426851639896301,0.8270626472545959
HOXD4,3.01,3.69,-0.226,0.7453851834688845,0.8299184219700003
CCP110,8.01,8.41,-0.063,0.7454134658199582,0.8299184219700003
SLC25A19,8.93,9.07,-0.02,0.7454134658199582,0.8299184219700003
RABL2A,4.87,5.44,-0.133,0.7481465822209254,0.8308911567019386
TAF8,14.01,12.38,0.166,0.7481465822209254,0.8308911567019386
ARNT2,9.49,11.89,-0.297,0.7481465822209254,0.8308911567019386
AKAP17A,37.52,34.15,0.132,0.7481465822209254,0.8308911567019386
ATP8B3,2.98,2.78,0.075,0.7481465822209254,0.8308911567019386
VPS37D,8.47,9.9,-0.203,0.7481465822209254,0.8308911567019386
RHOT2,47.02,50.68,-0.106,0.7481465822209254,0.8308911567019386
PAQR7,19.13,19.82,-0.049,0.7481465822209254,0.8308911567019386
MRPL10,59.67,59.14,0.013,0.7481465822209254,0.8308911567019386
HOOK2,24.18,24.38,-0.011,0.7481465822209254,0.8308911567019386
RETREG1,11.75,9.61,0.266,0.7481465822209254,0.8308911567019386
SELENOH,10.03,10.75,-0.092,0.7481465822209254,0.8308911567019386
KDM6A,4.79,4.55,0.061,0.7481465822209254,0.8308911567019386
PCF11,12.43,12.76,-0.034,0.7481465822209254,0.8308911567019386
LARGE1,4.83,5.38,-0.128,0.7481465822209254,0.8308911567019386
ADAM33,1.61,1.95,-0.178,0.7481465822209254,0.8308911567019386
CMYA5,1.27,1.06,0.145,0.7481465822209254,0.8308911567019386
CDKN2AIP,18.69,19.29,-0.044,0.7481465822209254,0.8308911567019386
GHITM,255.46,241.87,0.079,0.7481465822209254,0.8308911567019386
RHBDD1,14.02,14.13,-0.011,0.7481465822209254,0.8308911567019386
GRIN2D,6.92,7.03,-0.02,0.7481465822209254,0.8308911567019386
MZT2B,39.59,44.04,-0.15,0.7481465822209254,0.8308911567019386
RNFT2,3.2,2.76,0.16,0.7481465822209254,0.8308911567019386
SCRN3,17.21,17.99,-0.061,0.7481465822209254,0.8308911567019386
PPP1R1C,2.02,2.01,0.009,0.7481465822209254,0.8308911567019386
BMP6,7.93,5.48,0.462,0.7481465822209254,0.8308911567019386
NT5C,30.69,32.57,-0.083,0.7481465822209254,0.8308911567019386
GTF2H2,1.04,0.96,0.054,0.7481465822209254,0.8308911567019386
PSMG2,59.33,59.75,-0.01,0.7481465822209254,0.8308911567019386
CHST11,21.54,22.38,-0.053,0.7481465822209254,0.8308911567019386
IFT52,37.37,41.26,-0.139,0.7481465822209254,0.8308911567019386
DISP2,0.57,1.45,-0.644,0.74814578233792,0.8308911567019386
ZNF24,32.4,31.74,0.029,0.7481465822209254,0.8308911567019386
USP20,19.66,18.82,0.06,0.7481465822209254,0.8308911567019386
UPK2,7.66,2.45,1.33,0.7508812657447472,0.833867339409396
PRKCB,4.23,4.52,-0.078,0.7536206677676427,0.8348956398857953
SUFU,11.91,12.18,-0.03,0.7536206677676427,0.8348956398857953
KAT6A,9.23,8.44,0.116,0.7536206677676427,0.8348956398857953
MRPL27,42.53,45.44,-0.093,0.7536206677676427,0.8348956398857953
ARFGAP2,51.32,53.02,-0.046,0.7536206677676427,0.8348956398857953
STAMBPL1,3.77,3.48,0.091,0.7536206677676427,0.8348956398857953
C19orf25,16.14,16.92,-0.064,0.7536206677676427,0.8348956398857953
ZBTB34,8.37,8.02,0.055,0.7536206677676427,0.8348956398857953
THAP6,6.0,6.12,-0.023,0.7536206677676427,0.8348956398857953
GSPT2,14.75,14.72,0.003,0.7536206677676427,0.8348956398857953
RAP2A,30.0,28.11,0.091,0.7536206677676427,0.8348956398857953
TSPAN6,49.09,49.11,-0.001,0.7536206677676427,0.8348956398857953
MOCOS,10.04,9.06,0.134,0.7536206677676427,0.8348956398857953
PPP6C,52.07,51.99,0.002,0.7536206677676427,0.8348956398857953
EEF2K,20.08,22.01,-0.126,0.7536206677676427,0.8348956398857953
NTMT1,13.86,14.46,-0.057,0.7536206677676427,0.8348956398857953
CHRM4,1.29,0.96,0.23,0.7536206677676427,0.8348956398857953
GPATCH11,12.68,12.91,-0.024,0.7536206677676427,0.8348956398857953
MAGEC2,11.74,5.11,1.059,0.7519358015927627,0.8348956398857953
RECQL5,14.39,13.6,0.076,0.7536206677676427,0.8348956398857953
ADAR,152.29,148.34,0.038,0.7536206677676427,0.8348956398857953
APOBEC3H,3.58,4.28,-0.206,0.7536206677676427,0.8348956398857953
APH1A,242.93,234.24,0.052,0.7536206677676427,0.8348956398857953
NVL,18.21,16.49,0.136,0.7536206677676427,0.8348956398857953
RSAD1,25.88,26.26,-0.021,0.7536206677676427,0.8348956398857953
DCP2,9.22,9.2,0.003,0.7536206677676427,0.8348956398857953
LTB,32.87,37.14,-0.171,0.7536206677676427,0.8348956398857953
HSPA2,13.63,14.27,-0.063,0.7536206677676427,0.8348956398857953
TPRG1L,106.1,106.73,-0.009,0.7536206677676427,0.8348956398857953
COL12A1,58.07,58.06,0.0,0.7536206677676427,0.8348956398857953
PRR14,36.0,34.25,0.07,0.7536206677676427,0.8348956398857953
PLA2G7,21.54,22.1,-0.035,0.7536206677676427,0.8348956398857953
SYNE2,14.03,14.89,-0.08,0.7536206677676427,0.8348956398857953
UGT2A3,1.84,0.58,0.849,0.754420615484034,0.8357209195077602
HEXIM2,2.37,2.65,-0.114,0.7563616052103476,0.8378099932896479
FXR2,28.34,30.23,-0.09,0.7591071643683771,0.8384061608206421
PCK2,31.86,32.2,-0.015,0.7591071643683771,0.8384061608206421
ORC4,11.9,12.65,-0.081,0.7591071643683771,0.8384061608206421
VCAN,55.01,37.3,0.548,0.7591071643683771,0.8384061608206421
TBC1D1,15.29,14.94,0.032,0.7591071643683771,0.8384061608206421
MTR,13.11,13.61,-0.051,0.7591071643683771,0.8384061608206421
ZNF181,4.69,4.75,-0.017,0.7591071643683771,0.8384061608206421
AQP11,2.99,3.33,-0.117,0.7591071643683771,0.8384061608206421
STK10,15.62,15.13,0.043,0.7591071643683771,0.8384061608206421
IL31RA,1.61,0.9,0.464,0.7591071643683771,0.8384061608206421
PPIL2,21.19,20.97,0.014,0.7591071643683771,0.8384061608206421
LETM2,1.6,2.2,-0.301,0.7591071643683771,0.8384061608206421
NDUFS4,84.37,87.97,-0.059,0.7591071643683771,0.8384061608206421
BRAT1,32.35,32.54,-0.008,0.7591071643683771,0.8384061608206421
HSPG2,56.99,56.93,0.001,0.7591071643683771,0.8384061608206421
UBR4,20.1,21.3,-0.079,0.7591071643683771,0.8384061608206421
AGFG1,31.42,29.25,0.1,0.7591071643683771,0.8384061608206421
COL6A2,332.47,320.82,0.051,0.7591071643683771,0.8384061608206421
ZCCHC2,7.13,6.74,0.071,0.7591071643683771,0.8384061608206421
ZNF345,3.25,3.28,-0.011,0.7591071643683771,0.8384061608206421
STYX,19.06,18.64,0.03,0.7591071643683771,0.8384061608206421
RITA1,32.06,33.28,-0.052,0.7591071643683771,0.8384061608206421
KBTBD8,2.12,2.28,-0.075,0.7591071643683771,0.8384061608206421
UBE2D3,83.1,79.21,0.068,0.7591071643683771,0.8384061608206421
FATE1,0.91,1.8,-0.549,0.7591071643683771,0.8384061608206421
SETMAR,11.68,12.22,-0.059,0.7591071643683771,0.8384061608206421
MTDH,70.94,69.86,0.022,0.7591071643683771,0.8384061608206421
LRIG3,45.38,26.33,0.763,0.7591071643683771,0.8384061608206421
NFRKB,21.74,20.56,0.077,0.7591071643683771,0.8384061608206421
CEP43,2.0,2.13,-0.063,0.7591071643683771,0.8384061608206421
TTYH3,87.42,88.82,-0.023,0.7591071643683771,0.8384061608206421
RNF44,39.29,41.26,-0.069,0.7591071643683771,0.8384061608206421
REC8,11.85,12.72,-0.095,0.7591071643683771,0.8384061608206421
CES3,4.97,4.76,0.053,0.7591071643683771,0.8384061608206421
IGF1,0.88,1.53,-0.428,0.7591071643683771,0.8384061608206421
SPSB1,66.73,70.6,-0.08,0.7591071643683771,0.8384061608206421
DUSP18,3.4,3.56,-0.054,0.7591071643683771,0.8384061608206421
MT-ND4,16598.68,15406.12,0.108,0.7591071643683771,0.8384061608206421
SUN3,2.96,0.63,1.278,0.7591033272890771,0.8384061608206421
MORC3,17.12,18.02,-0.07,0.7591071643683771,0.8384061608206421
PIK3IP1,53.58,53.98,-0.011,0.7646058138870133,0.8420307429969117
RPS6KB2,22.85,21.64,0.075,0.7646058138870133,0.8420307429969117
ZNF107,6.76,6.48,0.054,0.7646058138870133,0.8420307429969117
FBXL7,6.88,8.24,-0.23,0.7646058138870133,0.8420307429969117
REST,14.86,15.25,-0.035,0.7646058138870133,0.8420307429969117
SATB1,6.98,6.03,0.183,0.7646058138870133,0.8420307429969117
MFGE8,52.96,52.01,0.026,0.7646058138870133,0.8420307429969117
IL16,5.06,4.76,0.075,0.7646058138870133,0.8420307429969117
NBAS,19.06,19.74,-0.048,0.7646058138870133,0.8420307429969117
PHF20,19.26,19.12,0.01,0.7646058138870133,0.8420307429969117
GAA,126.33,128.14,-0.02,0.7646058138870133,0.8420307429969117
UACA,15.4,13.37,0.19,0.7646058138870133,0.8420307429969117
IKZF1,6.03,6.51,-0.095,0.7646058138870133,0.8420307429969117
CDK11B,29.24,29.37,-0.006,0.7646058138870133,0.8420307429969117
MXD3,4.17,4.87,-0.183,0.7646058138870133,0.8420307429969117
NFAT5,7.17,6.95,0.038,0.7646058138870133,0.8420307429969117
TRAF1,14.04,15.72,-0.153,0.7646058138870133,0.8420307429969117
ZFP69,5.95,5.64,0.066,0.7646058138870133,0.8420307429969117
PAK6,11.51,11.79,-0.032,0.7646058138870133,0.8420307429969117
PDCD6,3.06,2.82,0.09,0.7646058138870133,0.8420307429969117
PDE8A,12.08,11.25,0.095,0.7646058138870133,0.8420307429969117
TRMT10B,7.53,8.33,-0.13,0.7646058138870133,0.8420307429969117
IFT80,7.26,7.89,-0.106,0.7646058138870133,0.8420307429969117
MTF1,10.26,9.63,0.083,0.7646058138870133,0.8420307429969117
LRAT,1.88,2.28,-0.187,0.7646058138870133,0.8420307429969117
E4F1,15.17,15.95,-0.069,0.7646058138870133,0.8420307429969117
SNAP23,7.26,6.68,0.104,0.7646058138870133,0.8420307429969117
DIS3L2,7.38,7.47,-0.016,0.7646058138870133,0.8420307429969117
CDC37,150.66,154.64,-0.037,0.7646058138870133,0.8420307429969117
MRPL16,49.22,51.78,-0.072,0.7646058138870133,0.8420307429969117
ELOC,37.66,37.36,0.011,0.7646058138870133,0.8420307429969117
MTMR9,4.68,4.83,-0.038,0.7646058138870133,0.8420307429969117
STT3A,84.39,79.08,0.093,0.7646058138870133,0.8420307429969117
ACTR3C,1.79,1.74,0.025,0.7646058138870133,0.8420307429969117
ZNF234,4.9,5.37,-0.111,0.7646058138870133,0.8420307429969117
WHRN,6.57,7.06,-0.089,0.7646058138870133,0.8420307429969117
BTAF1,16.02,17.33,-0.107,0.7646058138870133,0.8420307429969117
RNF215,5.34,5.21,0.03,0.7646058138870133,0.8420307429969117
PCDHB8,2.16,2.23,-0.031,0.7646058138870133,0.8420307429969117
ACBD7,2.53,2.71,-0.07,0.7646058138870133,0.8420307429969117
PENK,1.38,16.03,-2.838,0.7673588720851864,0.8450013295346986
OBP2A,3.24,0.38,1.624,0.7684082739148412,0.846095586721857
N4BP2,6.44,5.88,0.112,0.770116356348884,0.8461366648834678
CLUAP1,8.27,9.09,-0.121,0.770116356348884,0.8461366648834678
QKI,22.97,21.12,0.116,0.770116356348884,0.8461366648834678
NMU,19.46,15.26,0.331,0.770116356348884,0.8461366648834678
DDX3X,63.13,60.96,0.05,0.770116356348884,0.8461366648834678
LRRCC1,13.06,15.67,-0.246,0.770116356348884,0.8461366648834678
CA2,54.16,42.25,0.351,0.770116356348884,0.8461366648834678
PEX16,31.14,30.39,0.034,0.770116356348884,0.8461366648834678
CAMK1G,0.98,1.09,-0.08,0.770114887431789,0.8461366648834678
C1D,16.9,18.01,-0.087,0.770116356348884,0.8461366648834678
PHF14,10.73,13.26,-0.281,0.770116356348884,0.8461366648834678
BRF1,9.24,9.12,0.016,0.770116356348884,0.8461366648834678
MEN1,34.24,34.72,-0.019,0.770116356348884,0.8461366648834678
CRELD2,38.45,31.27,0.29,0.770116356348884,0.8461366648834678
TACSTD2,712.82,839.31,-0.235,0.770116356348884,0.8461366648834678
SETD1B,18.19,18.29,-0.007,0.770116356348884,0.8461366648834678
TRAF5,8.22,6.74,0.253,0.770116356348884,0.8461366648834678
PPP2R2A,24.71,22.08,0.156,0.770116356348884,0.8461366648834678
MON2,9.23,9.05,0.025,0.770116356348884,0.8461366648834678
NPIPB15,5.76,5.03,0.165,0.7701156218938552,0.8461366648834678
TNF,4.15,11.46,-1.274,0.770116356348884,0.8461366648834678
BTNL9,10.72,8.46,0.31,0.770116356348884,0.8461366648834678
CLK2,45.03,46.51,-0.045,0.770116356348884,0.8461366648834678
UBIAD1,14.8,15.11,-0.029,0.770116356348884,0.8461366648834678
UQCC2,25.32,26.93,-0.086,0.770116356348884,0.8461366648834678
RNF166,12.88,12.85,0.003,0.770116356348884,0.8461366648834678
PDLIM7,48.55,43.25,0.163,0.770116356348884,0.8461366648834678
ATOX1,21.67,21.93,-0.016,0.770116356348884,0.8461366648834678
ABCA9,1.22,1.15,0.043,0.770116356348884,0.8461366648834678
FKBPL,21.54,19.98,0.104,0.770116356348884,0.8461366648834678
TRIM48,1.13,1.56,-0.263,0.7714163226740629,0.8475036655135613
LCMT1,37.0,38.01,-0.038,0.7756385299773935,0.8503590839909467
GPATCH3,20.29,19.47,0.056,0.7756385299773935,0.8503590839909467
PPP1R10,58.18,56.45,0.043,0.7756385299773935,0.8503590839909467
NET1,124.25,102.17,0.28,0.7756385299773935,0.8503590839909467
GPR135,1.0,1.27,-0.183,0.7756385299773935,0.8503590839909467
SPRYD7,20.1,17.59,0.183,0.7756385299773935,0.8503590839909467
ITGB7,3.59,3.73,-0.045,0.7756385299773935,0.8503590839909467
TLNRD1,19.84,20.05,-0.014,0.7756385299773935,0.8503590839909467
KIAA1217,32.27,31.23,0.046,0.7756385299773935,0.8503590839909467
MYH14,61.64,65.72,-0.091,0.7756385299773935,0.8503590839909467
PLGRKT,41.18,46.55,-0.173,0.7756385299773935,0.8503590839909467
STK32B,1.86,3.06,-0.506,0.7756385299773935,0.8503590839909467
HACD2,53.24,49.69,0.098,0.7756385299773935,0.8503590839909467
KIDINS220,21.13,20.75,0.025,0.7756385299773935,0.8503590839909467
MTHFD2L,3.03,3.12,-0.033,0.7756385299773935,0.8503590839909467
WNT5B,8.3,11.71,-0.45,0.7756385299773935,0.8503590839909467
RAB9B,1.23,1.3,-0.051,0.7756385299773935,0.8503590839909467
MLLT10,10.45,10.31,0.017,0.7756385299773935,0.8503590839909467
NPR3,9.91,12.4,-0.297,0.7756385299773935,0.8503590839909467
EBF4,13.9,11.89,0.209,0.7756385299773935,0.8503590839909467
FAU,497.99,454.54,0.131,0.7756385299773935,0.8503590839909467
OAS3,55.34,50.59,0.127,0.7756385299773935,0.8503590839909467
ELMO2,19.8,20.04,-0.016,0.7756385299773935,0.8503590839909467
AGO3,3.75,3.67,0.023,0.7756385299773935,0.8503590839909467
PCNX4,5.83,5.85,-0.004,0.7756385299773935,0.8503590839909467
SYCP2,3.61,2.73,0.304,0.7756385299773935,0.8503590839909467
SREK1,10.37,11.06,-0.084,0.7756385299773935,0.8503590839909467
LRRC75B,11.75,9.53,0.276,0.7756385299773935,0.8503590839909467
SLAMF8,6.21,6.86,-0.125,0.7756385299773935,0.8503590839909467
TUBA3C,1.84,0.09,1.375,0.7773576993545636,0.8521823743627883
CYTH4,11.22,12.01,-0.09,0.781172071231094,0.8542681406617729
NAA35,12.32,12.87,-0.058,0.781172071231094,0.8542681406617729
C2CD3,8.84,8.37,0.07,0.781172071231094,0.8542681406617729
TM4SF1,409.42,402.71,0.024,0.781172071231094,0.8542681406617729
MEX3A,14.21,12.18,0.206,0.781172071231094,0.8542681406617729
FGF13,1.0,1.63,-0.4,0.781172071231094,0.8542681406617729
THOC7,77.48,80.01,-0.046,0.781172071231094,0.8542681406617729
RCE1,25.51,25.08,0.023,0.781172071231094,0.8542681406617729
TNRC6A,12.8,13.37,-0.059,0.781172071231094,0.8542681406617729
HELQ,9.41,9.64,-0.032,0.781172071231094,0.8542681406617729
MAT2B,53.28,50.82,0.067,0.781172071231094,0.8542681406617729
CNTNAP1,4.68,4.88,-0.05,0.781172071231094,0.8542681406617729
ITCH,23.28,24.1,-0.048,0.781172071231094,0.8542681406617729
AKAP3,1.22,1.11,0.071,0.781172071231094,0.8542681406617729
IL15RA,19.79,20.9,-0.075,0.781172071231094,0.8542681406617729
GLYCTK,2.3,2.25,0.018,0.7811713701679799,0.8542681406617729
ACTR1B,96.35,92.31,0.061,0.781172071231094,0.8542681406617729
RAB3D,21.35,22.04,-0.044,0.781172071231094,0.8542681406617729
TATDN3,11.85,12.55,-0.076,0.781172071231094,0.8542681406617729
LONP1,62.23,67.87,-0.123,0.781172071231094,0.8542681406617729
OSBPL1A,14.65,15.12,-0.043,0.781172071231094,0.8542681406617729
FLACC1,1.19,1.32,-0.088,0.781172071231094,0.8542681406617729
RPS13,539.91,531.5,0.023,0.781172071231094,0.8542681406617729
SCGB2A2,1.17,0.14,0.936,0.7798315825720734,0.8542681406617729
HMBS,22.58,22.63,-0.003,0.781172071231094,0.8542681406617729
CCZ1,4.51,4.51,0.001,0.781172071231094,0.8542681406617729
NDUFA11,4.93,5.09,-0.04,0.781172071231094,0.8542681406617729
ITGAL,10.62,10.79,-0.021,0.781172071231094,0.8542681406617729
TCP11L2,4.53,4.28,0.065,0.781172071231094,0.8542681406617729
PPP1R16B,8.62,7.55,0.17,0.781172071231094,0.8542681406617729
AVPI1,62.48,66.68,-0.092,0.781172071231094,0.8542681406617729
NRF1,14.01,14.4,-0.037,0.781172071231094,0.8542681406617729
TMEM229B,2.66,3.01,-0.134,0.781172071231094,0.8542681406617729
IQSEC3,1.32,1.14,0.112,0.781172071231094,0.8542681406617729
SPATA4,1.02,0.84,0.14,0.7836264819510882,0.8568905383822429
PXDNL,0.89,2.51,-0.89,0.7839423292396253,0.8571125365671868
SLIT1,1.03,0.58,0.365,0.7839416365852534,0.8571125365671868
CDK14,12.16,12.12,0.004,0.7867167148412103,0.8578616987427338
ZNF789,3.9,4.17,-0.075,0.7867167148412103,0.8578616987427338
KRTAP4-1,4.73,2.18,0.85,0.7849152234463072,0.8578616987427338
MARCHF6,50.52,53.22,-0.074,0.7867167148412103,0.8578616987427338
IL12RB1,4.59,5.31,-0.175,0.7867167148412103,0.8578616987427338
DOCK3,1.31,1.31,0.004,0.7867153464227421,0.8578616987427338
CD5,8.93,9.14,-0.031,0.7867167148412103,0.8578616987427338
DNAAF5,22.06,22.96,-0.055,0.7867167148412103,0.8578616987427338
TACC1,36.32,33.38,0.118,0.7867167148412103,0.8578616987427338
GON7,37.68,37.94,-0.01,0.7867167148412103,0.8578616987427338
EIF2AK3,18.43,17.27,0.089,0.7867167148412103,0.8578616987427338
CCDC81,1.2,1.06,0.099,0.7867167148412103,0.8578616987427338
GGCT,61.81,55.7,0.148,0.7867167148412103,0.8578616987427338
SLC27A4,41.74,42.88,-0.038,0.7867167148412103,0.8578616987427338
SESN1,15.22,13.44,0.167,0.7867167148412103,0.8578616987427338
NPHP4,4.31,4.32,-0.004,0.7867167148412103,0.8578616987427338
RPRD2,28.18,26.33,0.095,0.7867167148412103,0.8578616987427338
WIF1,69.65,77.84,-0.158,0.7867160306352678,0.8578616987427338
RP9,14.32,15.04,-0.066,0.7867167148412103,0.8578616987427338
WDR83,3.64,3.73,-0.028,0.7867167148412103,0.8578616987427338
NBPF1,3.57,3.69,-0.037,0.7867167148412103,0.8578616987427338
BMT2,13.54,14.06,-0.051,0.7867167148412103,0.8578616987427338
WASHC2A,19.87,19.7,0.012,0.7867167148412103,0.8578616987427338
ZNF628,7.34,7.24,0.017,0.7867167148412103,0.8578616987427338
P4HA1,125.38,126.17,-0.009,0.7867167148412103,0.8578616987427338
MAPK8IP1,10.73,11.45,-0.086,0.7867167148412103,0.8578616987427338
UNC13A,0.57,1.05,-0.381,0.7867167148412103,0.8578616987427338
BTF3,212.86,215.94,-0.021,0.7867167148412103,0.8578616987427338
EPHB2,9.22,9.85,-0.086,0.7867167148412103,0.8578616987427338
MED1,20.69,19.31,0.094,0.7867167148412103,0.8578616987427338
ZBED1,56.41,56.13,0.007,0.7867167148412103,0.8578616987427338
SYCE2,1.17,1.29,-0.078,0.7867167148412103,0.8578616987427338
SAP30BP,26.42,26.35,0.004,0.7867167148412103,0.8578616987427338
TYK2,41.58,44.29,-0.089,0.7867167148412103,0.8578616987427338
ZFPL1,3.36,3.55,-0.062,0.7867167148412103,0.8578616987427338
ROCK1,19.2,17.94,0.093,0.7867167148412103,0.8578616987427338
STYK1,9.62,9.21,0.056,0.7867167148412103,0.8578616987427338
KRT20,9.5,0.57,2.738,0.7882860899555861,0.8595113079298995
ZNF692,25.94,24.56,0.076,0.7894924409323396,0.8605796136522482
KANSL1,8.97,8.93,0.006,0.7894924409323396,0.8605796136522482
EEF1AKMT2,3.21,2.98,0.083,0.7894924409323396,0.8605796136522482
FTCD,1.25,1.47,-0.133,0.7894843315675295,0.8605796136522482
ATG9A,19.61,20.0,-0.027,0.7922721938496001,0.8623104406588563
SENP8,1.9,1.77,0.069,0.7922721938496001,0.8623104406588563
CHRAC1,45.43,46.75,-0.041,0.7922721938496001,0.8623104406588563
ZC3H14,6.66,6.92,-0.046,0.7922721938496001,0.8623104406588563
SUSD3,11.73,11.37,0.041,0.7922721938496001,0.8623104406588563
EEF1D,23.4,23.05,0.021,0.7922721938496001,0.8623104406588563
ZNF793,1.75,1.97,-0.109,0.7922721938496001,0.8623104406588563
ENSA,155.5,151.72,0.035,0.7922721938496001,0.8623104406588563
RGS1,73.63,83.74,-0.183,0.7922721938496001,0.8623104406588563
SLC25A34,1.04,1.21,-0.118,0.7922715266050822,0.8623104406588563
CYP4X1,17.8,20.09,-0.166,0.7922721938496001,0.8623104406588563
DYNC1LI1,19.96,20.54,-0.039,0.7922721938496001,0.8623104406588563
ARL2,46.06,46.13,-0.002,0.7922721938496001,0.8623104406588563
MGAT5B,1.09,1.29,-0.13,0.7922721938496001,0.8623104406588563
FSD1L,1.71,1.83,-0.063,0.7922721938496001,0.8623104406588563
CLIC4,165.33,147.45,0.164,0.7922721938496001,0.8623104406588563
DOLPP1,35.31,36.64,-0.052,0.7922721938496001,0.8623104406588563
SCD,334.07,344.79,-0.045,0.7922721938496001,0.8623104406588563
KCND1,2.96,3.02,-0.023,0.7922721938496001,0.8623104406588563
MT-CO2,18957.52,18112.8,0.066,0.7922721938496001,0.8623104406588563
HIRIP3,19.61,18.69,0.066,0.7922721938496001,0.8623104406588563
SLC25A53,1.18,1.28,-0.068,0.795053254025755,0.8652753644995197
TOM1L2,24.93,24.69,0.014,0.7978382396471437,0.865887304447393
MAN1A2,22.64,23.18,-0.033,0.7978382396471437,0.865887304447393
STXBP4,2.32,2.21,0.047,0.7978382396471437,0.865887304447393
RING1,93.04,92.8,0.004,0.7978382396471437,0.865887304447393
EXOSC1,22.97,22.53,0.027,0.7978382396471437,0.865887304447393
ADGRA2,12.39,12.11,0.031,0.7978382396471437,0.865887304447393
PPIG,22.31,21.57,0.046,0.7978382396471437,0.865887304447393
ATP6V1F,272.84,295.01,-0.112,0.7978382396471437,0.865887304447393
PLPBP,47.87,58.1,-0.274,0.7978382396471437,0.865887304447393
PDP1,31.25,31.57,-0.014,0.7978382396471437,0.865887304447393
PF4V1,0.84,1.4,-0.385,0.7973946631239909,0.865887304447393
CLINT1,60.41,57.17,0.078,0.7978382396471437,0.865887304447393
EMILIN1,79.01,83.94,-0.086,0.7978382396471437,0.865887304447393
USP18,21.48,21.74,-0.017,0.7978382396471437,0.865887304447393
CILP2,9.28,8.56,0.104,0.7978382396471437,0.865887304447393
PLD3,312.21,308.43,0.017,0.7978382396471437,0.865887304447393
MRPS18B,136.88,130.25,0.071,0.7978382396471437,0.865887304447393
NR6A1,3.4,3.0,0.141,0.7978382396471437,0.865887304447393
AARD,7.66,5.32,0.454,0.7978382396471437,0.865887304447393
PAFAH1B3,62.48,61.98,0.011,0.7978382396471437,0.865887304447393
PLAC8,19.69,28.69,-0.521,0.7978382396471437,0.865887304447393
RSPO4,2.93,5.05,-0.625,0.7978369392782892,0.865887304447393
TAF7,143.9,144.57,-0.007,0.7978382396471437,0.865887304447393
DHX30,33.3,33.65,-0.015,0.7978382396471437,0.865887304447393
MATK,3.68,3.71,-0.008,0.7978382396471437,0.865887304447393
SORBS3,43.72,42.01,0.056,0.7978382396471437,0.865887304447393
COL6A1,248.34,243.73,0.027,0.7978382396471437,0.865887304447393
RGS2,91.24,88.93,0.037,0.7978382396471437,0.865887304447393
KIF17,2.39,2.59,-0.084,0.7978382396471437,0.865887304447393
FAM171A2,5.71,5.08,0.143,0.7978382396471437,0.865887304447393
MIER2,8.46,8.62,-0.024,0.7978382396471437,0.865887304447393
TNFSF8,3.22,3.29,-0.025,0.7978382396471437,0.865887304447393
TANGO2,4.84,4.71,0.031,0.7978382396471437,0.865887304447393
NDN,37.13,46.03,-0.303,0.7978382396471437,0.865887304447393
TAZ,14.91,15.49,-0.052,0.7978382396471437,0.865887304447393
TEX52,1.52,1.56,-0.024,0.7978382396471437,0.865887304447393
METTL2A,12.97,12.9,0.006,0.7978382396471437,0.865887304447393
ALDH18A1,95.54,90.98,0.07,0.7978382396471437,0.865887304447393
SPRED3,2.2,4.72,-0.837,0.7978382396471437,0.865887304447393
TERF2,16.63,16.69,-0.005,0.8034145820125522,0.8701367083345243
AUP1,228.35,223.39,0.032,0.8034145820125522,0.8701367083345243
MFF,27.23,26.99,0.012,0.8034145820125522,0.8701367083345243
ABL1,43.51,41.92,0.053,0.8034145820125522,0.8701367083345243
SPINT2,91.33,111.79,-0.289,0.8034145820125522,0.8701367083345243
CYHR1,18.96,17.14,0.138,0.8034145820125522,0.8701367083345243
RCBTB1,21.95,21.23,0.046,0.8034145820125522,0.8701367083345243
B4GALT3,54.49,51.06,0.092,0.8034145820125522,0.8701367083345243
PPP2R5B,25.18,23.84,0.076,0.8034145820125522,0.8701367083345243
BEST1,1.28,1.35,-0.04,0.8034145820125522,0.8701367083345243
FAM24B,3.99,4.37,-0.104,0.8034145820125522,0.8701367083345243
STAB1,18.77,19.86,-0.078,0.8034145820125522,0.8701367083345243
CHAMP1,14.28,13.9,0.036,0.8034145820125522,0.8701367083345243
FAM78A,6.69,6.23,0.09,0.8034145820125522,0.8701367083345243
LRRC14,12.96,12.76,0.02,0.8034145820125522,0.8701367083345243
LAPTM4B,306.37,241.63,0.341,0.8034145820125522,0.8701367083345243
COL6A3,130.03,115.13,0.174,0.8034145820125522,0.8701367083345243
NAA10,14.17,15.14,-0.089,0.8034145820125522,0.8701367083345243
APRT,179.15,191.84,-0.098,0.8034145820125522,0.8701367083345243
STAC2,1.73,0.82,0.586,0.8034139489938136,0.8701367083345243
BSDC1,47.7,45.67,0.061,0.8034145820125522,0.8701367083345243
HBP1,24.83,24.54,0.016,0.8034145820125522,0.8701367083345243
LMBR1,14.97,14.99,-0.002,0.8034145820125522,0.8701367083345243
TWSG1,46.38,48.12,-0.052,0.8034145820125522,0.8701367083345243
C8G,2.68,2.4,0.115,0.8034139489938136,0.8701367083345243
KLHL20,18.03,17.09,0.073,0.8034145820125522,0.8701367083345243
FIZ1,8.73,9.18,-0.066,0.8034145820125522,0.8701367083345243
AKR1A1,144.06,132.93,0.115,0.8034145820125522,0.8701367083345243
HPF1,39.26,39.86,-0.021,0.8034145820125522,0.8701367083345243
ZNF554,3.31,3.64,-0.106,0.8090009491515854,0.8746282943471171
KIAA0895L,11.46,12.26,-0.09,0.8090009491515854,0.8746282943471171
CIAO3,10.06,9.89,0.022,0.8090009491515854,0.8746282943471171
SDR39U1,3.16,3.2,-0.016,0.8090009491515854,0.8746282943471171
CCDC88B,10.78,10.44,0.042,0.8090009491515854,0.8746282943471171
MANSC1,31.18,25.51,0.28,0.8090009491515854,0.8746282943471171
NUDT7,2.32,2.45,-0.057,0.8090009491515854,0.8746282943471171
CEACAM19,6.86,5.5,0.275,0.8090009491515854,0.8746282943471171
SLC47A1,6.51,7.08,-0.107,0.8090009491515854,0.8746282943471171
ZNF510,6.04,6.23,-0.038,0.8090009491515854,0.8746282943471171
ANKRD46,13.4,13.41,-0.001,0.8090009491515854,0.8746282943471171
MRPL54,98.36,91.7,0.1,0.8090009491515854,0.8746282943471171
TLR4,5.95,5.99,-0.008,0.8090009491515854,0.8746282943471171
C11orf68,74.67,69.99,0.092,0.8090009491515854,0.8746282943471171
TBK1,6.97,6.93,0.007,0.8090009491515854,0.8746282943471171
TALDO1,315.66,355.06,-0.169,0.8090009491515854,0.8746282943471171
PRRX2,20.27,19.03,0.086,0.8090009491515854,0.8746282943471171
DHRS2,3.13,1.57,0.685,0.8090009491515854,0.8746282943471171
DSTYK,10.63,10.86,-0.029,0.8090009491515854,0.8746282943471171
NCDN,25.42,24.64,0.043,0.8090009491515854,0.8746282943471171
TSEN34,55.46,53.55,0.05,0.8090009491515854,0.8746282943471171
MAP3K6,31.78,31.35,0.019,0.8090009491515854,0.8746282943471171
CA5B,2.74,3.33,-0.212,0.8090009491515854,0.8746282943471171
TTC28,6.84,7.09,-0.044,0.8090009491515854,0.8746282943471171
USP35,5.86,6.34,-0.097,0.8090009491515854,0.8746282943471171
ANGPTL7,1.31,0.64,0.496,0.8115209706181888,0.8772903163940617
SLC6A4,12.31,5.52,1.028,0.8117971995609963,0.8774640618191674
CDK13,8.69,8.87,-0.027,0.8117971995609963,0.8774640618191674
LGALS8,20.94,20.31,0.042,0.8145970677366712,0.878490435130838
PLPPR4,2.04,2.43,-0.175,0.8145970677366712,0.878490435130838
ENOSF1,10.55,10.84,-0.036,0.8145970677366712,0.878490435130838
TNFRSF25,11.83,14.3,-0.254,0.8145970677366712,0.878490435130838
CENPB,119.79,119.06,0.009,0.8145970677366712,0.878490435130838
DBP,7.2,7.25,-0.009,0.8145970677366712,0.878490435130838
ABRAXAS1,2.53,2.58,-0.02,0.8145970677366712,0.878490435130838
FGFR1,12.82,17.16,-0.394,0.8145970677366712,0.878490435130838
ATF1,32.76,31.27,0.065,0.8145970677366712,0.878490435130838
PRORP,2.28,2.28,-0.002,0.8145964693309835,0.878490435130838
THAP8,13.68,14.73,-0.099,0.8145970677366712,0.878490435130838
IMPDH2,72.56,73.16,-0.012,0.8145970677366712,0.878490435130838
CEP131,20.2,18.33,0.133,0.8145970677366712,0.878490435130838
PRR33,1.42,1.23,0.118,0.8145970677366712,0.878490435130838
RPS6KL1,1.77,1.94,-0.085,0.8145970677366712,0.878490435130838
ANKRD36,0.84,1.15,-0.219,0.8145970677366712,0.878490435130838
POU2F3,3.17,3.05,0.041,0.8145970677366712,0.878490435130838
KAT7,14.54,15.21,-0.061,0.8145970677366712,0.878490435130838
FCRL3,1.48,1.59,-0.067,0.8145970677366712,0.878490435130838
TMEM182,4.84,4.53,0.078,0.8145970677366712,0.878490435130838
AGTPBP1,15.13,14.09,0.097,0.8145970677366712,0.878490435130838
TP53I13,28.65,27.89,0.037,0.8145970677366712,0.878490435130838
TIMP4,2.91,3.73,-0.277,0.8145970677366712,0.878490435130838
DDX6,42.6,42.94,-0.011,0.8145970677366712,0.878490435130838
SHLD3,4.66,5.29,-0.152,0.8145970677366712,0.878490435130838
GRHPR,32.64,35.51,-0.118,0.8145970677366712,0.878490435130838
DOK5,4.77,3.01,0.525,0.8145970677366712,0.878490435130838
TAMALIN,17.71,15.0,0.225,0.8145970677366712,0.878490435130838
ZZEF1,10.22,10.43,-0.026,0.8145970677366712,0.878490435130838
PCNP,141.39,147.72,-0.063,0.8145970677366712,0.878490435130838
FBXO15,1.06,1.2,-0.092,0.8145970677366712,0.878490435130838
TBC1D10C,7.97,8.08,-0.017,0.8145970677366712,0.878490435130838
SMOC1,22.12,11.82,0.851,0.8173981083029002,0.8814486095142282
UBA1,184.14,187.07,-0.023,0.8202026629469145,0.8820313602882554
PRR15,20.41,16.06,0.328,0.8202026629469145,0.8820313602882554
CPS1,17.52,1.09,3.146,0.8202026629469145,0.8820313602882554
ATP8B1,28.72,27.96,0.038,0.8202026629469145,0.8820313602882554
CHST6,5.03,4.63,0.098,0.8202026629469145,0.8820313602882554
ZFP30,3.98,4.65,-0.182,0.8202026629469145,0.8820313602882554
TEF,25.95,24.03,0.107,0.8202026629469145,0.8820313602882554
TSPAN19,2.55,2.31,0.103,0.8199908206693858,0.8820313602882554
ARSJ,10.93,9.87,0.134,0.8202026629469145,0.8820313602882554
LILRA5,8.61,11.43,-0.372,0.8202026629469145,0.8820313602882554
RAB3IP,7.17,8.06,-0.148,0.8202026629469145,0.8820313602882554
PCDH8,4.11,0.99,1.363,0.8189652793601089,0.8820313602882554
NAIF1,10.09,10.45,-0.046,0.8202026629469145,0.8820313602882554
OFD1,24.09,23.13,0.056,0.8202026629469145,0.8820313602882554
EMC9,19.12,20.51,-0.097,0.8202026629469145,0.8820313602882554
PCGF1,36.01,35.1,0.036,0.8202026629469145,0.8820313602882554
LYRM1,23.04,24.27,-0.072,0.8202026629469145,0.8820313602882554
STX11,12.08,10.14,0.232,0.8202026629469145,0.8820313602882554
PLXNB2,219.96,202.08,0.122,0.8202026629469145,0.8820313602882554
PHF7,3.55,3.61,-0.019,0.8202026629469145,0.8820313602882554
CALCRL,25.65,21.13,0.268,0.8202026629469145,0.8820313602882554
RPS15A,30.85,30.56,0.013,0.8202026629469145,0.8820313602882554
FAT1,30.17,33.91,-0.163,0.8202026629469145,0.8820313602882554
ERFE,4.51,4.24,0.072,0.8202026629469145,0.8820313602882554
ANKFY1,12.96,13.08,-0.012,0.8202026629469145,0.8820313602882554
DKKL1,1.71,1.93,-0.114,0.8202026629469145,0.8820313602882554
NENF,179.93,180.58,-0.005,0.8202026629469145,0.8820313602882554
LDLRAD4,1.62,1.45,0.095,0.8202026629469145,0.8820313602882554
RHOG,114.35,111.88,0.031,0.8202026629469145,0.8820313602882554
MMP13,58.55,50.0,0.224,0.8202020819866483,0.8820313602882554
IFI30,1.21,1.14,0.045,0.8202026629469145,0.8820313602882554
ZBTB48,17.01,16.92,0.007,0.8202026629469145,0.8820313602882554
MMP19,14.92,15.71,-0.07,0.8202026629469145,0.8820313602882554
WDR11,17.49,18.37,-0.067,0.8202026629469145,0.8820313602882554
FZD9,2.74,4.06,-0.435,0.8202026629469145,0.8820313602882554
PLEKHA4,20.58,20.22,0.024,0.8202026629469145,0.8820313602882554
TRIP4,29.9,28.82,0.051,0.8202026629469145,0.8820313602882554
P2RX1,3.25,3.73,-0.155,0.8202026629469145,0.8820313602882554
GNPNAT1,15.56,14.37,0.108,0.8202026629469145,0.8820313602882554
ZNF560,1.2,1.13,0.047,0.8223447881423751,0.8842723735754197
MSMB,154.85,97.12,0.668,0.8230083558025887,0.8849232802341636
SEC63,37.62,36.05,0.06,0.8258174585084881,0.8851872899054226
MRPS33,20.9,22.04,-0.073,0.8258174585084881,0.8851872899054226
FPR1,21.2,24.73,-0.213,0.8258174585084881,0.8851872899054226
XDH,8.71,10.35,-0.226,0.8258174585084881,0.8851872899054226
TTC8,8.51,8.89,-0.056,0.8258174585084881,0.8851872899054226
PGM3,17.82,16.97,0.067,0.8258174585084881,0.8851872899054226
NAF1,6.49,7.01,-0.097,0.8258174585084881,0.8851872899054226
ZNHIT6,15.62,15.08,0.048,0.8258174585084881,0.8851872899054226
ZBP1,3.91,3.46,0.14,0.8258174585084881,0.8851872899054226
PRSS35,1.66,1.48,0.1,0.8258168950828166,0.8851872899054226
CAV1,324.5,210.77,0.62,0.8258174585084881,0.8851872899054226
MREG,24.47,25.53,-0.059,0.8258174585084881,0.8851872899054226
ATP5F1C,193.72,192.67,0.008,0.8258174585084881,0.8851872899054226
WWTR1,39.57,46.2,-0.218,0.8258174585084881,0.8851872899054226
CD3D,38.53,37.34,0.044,0.8258174585084881,0.8851872899054226
KPNA6,36.89,36.17,0.028,0.8258174585084881,0.8851872899054226
RBM48,7.05,6.42,0.119,0.8258168950828166,0.8851872899054226
TMEM251,11.25,11.91,-0.076,0.8258174585084881,0.8851872899054226
PPIB,262.68,230.62,0.187,0.8258174585084881,0.8851872899054226
GAS2L3,3.94,4.0,-0.017,0.8258174585084881,0.8851872899054226
RTL5,6.08,6.95,-0.166,0.8258174585084881,0.8851872899054226
CLDN8,21.35,18.09,0.228,0.8258061889562327,0.8851872899054226
FGGY,3.34,4.09,-0.228,0.8258174585084881,0.8851872899054226
AP3M1,32.55,34.21,-0.07,0.8258174585084881,0.8851872899054226
CRY1,17.33,16.86,0.038,0.8258174585084881,0.8851872899054226
TMEM151A,1.8,1.43,0.201,0.8258050618807085,0.8851872899054226
PPP1R37,19.56,19.65,-0.006,0.8258174585084881,0.8851872899054226
NXN,40.66,42.61,-0.066,0.8258174585084881,0.8851872899054226
PLEKHA5,12.59,12.28,0.033,0.8258174585084881,0.8851872899054226
CDC25B,80.08,83.96,-0.068,0.8258174585084881,0.8851872899054226
GPR107,48.03,47.03,0.03,0.8258174585084881,0.8851872899054226
BCAR1,32.67,29.19,0.157,0.8258174585084881,0.8851872899054226
YTHDF1,78.69,83.37,-0.082,0.8258174585084881,0.8851872899054226
APBB2,10.37,8.88,0.204,0.8258174585084881,0.8851872899054226
KLHL8,10.44,10.3,0.018,0.8258174585084881,0.8851872899054226
PPM1N,3.02,2.19,0.331,0.8258174585084881,0.8851872899054226
RBM4,6.48,7.06,-0.108,0.8258174585084881,0.8851872899054226
NFE2L3,21.53,26.84,-0.305,0.8258174585084881,0.8851872899054226
RAD18,7.54,7.42,0.02,0.8258174585084881,0.8851872899054226
BBS2,12.93,12.94,-0.001,0.8258174585084881,0.8851872899054226
MAP11,16.62,16.48,0.012,0.8258174585084881,0.8851872899054226
VPS33B,2.26,2.33,-0.03,0.8258174585084881,0.8851872899054226
SRRM1,36.17,36.3,-0.005,0.8258174585084881,0.8851872899054226
ZNF547,1.75,1.68,0.035,0.8258174585084881,0.8851872899054226
ANKRD29,12.64,9.42,0.388,0.8314411767353943,0.8893329905759537
SHISAL2A,1.07,1.07,0.003,0.8314411767353943,0.8893329905759537
SSR3,143.89,157.03,-0.125,0.8314411767353943,0.8893329905759537
TEAD3,58.04,57.49,0.014,0.8314411767353943,0.8893329905759537
ZNF836,3.67,3.72,-0.014,0.8314411767353943,0.8893329905759537
FBXL6,16.17,17.2,-0.084,0.8314411767353943,0.8893329905759537
RPL32,591.58,556.48,0.088,0.8314411767353943,0.8893329905759537
CLDN15,8.52,8.49,0.004,0.8314411767353943,0.8893329905759537
RAB12,51.89,53.17,-0.034,0.8314411767353943,0.8893329905759537
NAT8L,2.64,2.14,0.214,0.8314411767353943,0.8893329905759537
FAM126A,10.66,9.9,0.097,0.8314411767353943,0.8893329905759537
CTTNBP2NL,21.13,19.77,0.091,0.8314411767353943,0.8893329905759537
CCL7,4.8,2.93,0.563,0.8314384476598753,0.8893329905759537
CTNNBIP1,44.91,45.19,-0.009,0.8314411767353943,0.8893329905759537
ERICH3,2.44,3.03,-0.228,0.8314389934855826,0.8893329905759537
ZBTB17,21.2,21.76,-0.036,0.8314411767353943,0.8893329905759537
OSTM1,24.33,24.73,-0.023,0.8314411767353943,0.8893329905759537
ANK3,5.91,5.1,0.179,0.8314411767353943,0.8893329905759537
DDX24,54.64,55.69,-0.027,0.8314411767353943,0.8893329905759537
C1orf52,18.29,18.72,-0.031,0.8314411767353943,0.8893329905759537
CDIP1,22.43,24.58,-0.127,0.8314411767353943,0.8893329905759537
VIPAS39,21.36,21.7,-0.022,0.8314411767353943,0.8893329905759537
RALBP1,40.01,37.3,0.098,0.8314411767353943,0.8893329905759537
MTLN,22.6,24.62,-0.118,0.8314411767353943,0.8893329905759537
LARP4,25.58,24.8,0.043,0.8314411767353943,0.8893329905759537
PIP5K1A,53.4,53.11,0.008,0.8314411767353943,0.8893329905759537
RNASEH2C,15.69,15.89,-0.018,0.8314411767353943,0.8893329905759537
CDYL2,4.79,4.05,0.197,0.8314411767353943,0.8893329905759537
ESD,63.56,65.28,-0.038,0.8314411767353943,0.8893329905759537
BRAP,19.96,20.22,-0.018,0.8314411767353943,0.8893329905759537
FSTL1,96.35,88.53,0.121,0.8370735385705876,0.8935959999650743
CYP11A1,6.52,1.57,1.546,0.8370735385705876,0.8935959999650743
ZFP57,1.87,1.14,0.427,0.8367132412053941,0.8935959999650743
PAXIP1,4.81,4.87,-0.014,0.8370735385705876,0.8935959999650743
HMOX1,89.0,105.56,-0.244,0.8370735385705876,0.8935959999650743
PCDHB13,2.08,2.18,-0.046,0.8370735385705876,0.8935959999650743
ATG2B,7.61,7.59,0.003,0.8370735385705876,0.8935959999650743
ZKSCAN2,3.1,3.23,-0.043,0.8370735385705876,0.8935959999650743
ZNF570,3.53,3.72,-0.062,0.8370735385705876,0.8935959999650743
CSPP1,1.92,1.99,-0.037,0.8370735385705876,0.8935959999650743
GLOD4,32.59,33.69,-0.047,0.8370735385705876,0.8935959999650743
SLX4,4.83,4.8,0.007,0.8370735385705876,0.8935959999650743
C16orf91,40.74,43.24,-0.084,0.8370735385705876,0.8935959999650743
MSRB3,15.68,14.92,0.066,0.8370735385705876,0.8935959999650743
DLEC1,2.48,4.67,-0.704,0.8370735385705876,0.8935959999650743
SERGEF,9.97,9.83,0.019,0.8370735385705876,0.8935959999650743
MAGT1,91.39,89.51,0.03,0.8370735385705876,0.8935959999650743
NNT,18.92,19.85,-0.065,0.8370735385705876,0.8935959999650743
STAU1,128.13,129.53,-0.016,0.8370735385705876,0.8935959999650743
MTARC1,4.46,4.38,0.023,0.8370735385705876,0.8935959999650743
RNF175,1.73,1.81,-0.039,0.8370735385705876,0.8935959999650743
LRRC37A3,2.08,2.31,-0.106,0.8370735385705876,0.8935959999650743
MCAM,49.18,47.16,0.059,0.8370735385705876,0.8935959999650743
COX6A1,63.66,67.79,-0.089,0.8370735385705876,0.8935959999650743
VPS52,26.42,26.93,-0.026,0.8370735385705876,0.8935959999650743
LNPEP,12.23,12.53,-0.032,0.8370735385705876,0.8935959999650743
FBN1,27.45,22.08,0.302,0.8370735385705876,0.8935959999650743
ABHD8,19.17,20.85,-0.115,0.8370735385705876,0.8935959999650743
UBASH3A,1.93,2.13,-0.096,0.8398923540551211,0.8965421580242714
HEATR5B,14.91,15.68,-0.068,0.8427142636274492,0.8979771221273556
TMEM268,18.09,18.46,-0.028,0.8427142636274492,0.8979771221273556
CD2,34.21,32.99,0.051,0.8427142636274492,0.8979771221273556
ZNF430,5.27,5.47,-0.045,0.8427142636274492,0.8979771221273556
MYL12B,887.73,875.08,0.021,0.8427142636274492,0.8979771221273556
CDH23,1.31,1.76,-0.257,0.8427137533145228,0.8979771221273556
SF3B1,90.91,94.27,-0.052,0.8427142636274492,0.8979771221273556
SIGLEC12,4.17,4.4,-0.062,0.8427142636274492,0.8979771221273556
CNIH1,57.3,66.97,-0.221,0.8427142636274492,0.8979771221273556
TMEM200A,5.78,7.47,-0.322,0.8427142636274492,0.8979771221273556
ANKDD1A,3.27,3.31,-0.012,0.8427142636274492,0.8979771221273556
YTHDC2,8.44,8.65,-0.032,0.8427142636274492,0.8979771221273556
SLIT2,11.18,9.75,0.18,0.8427142636274492,0.8979771221273556
ZYX,177.1,179.58,-0.02,0.8427142636274492,0.8979771221273556
SAV1,18.68,18.88,-0.015,0.8427142636274492,0.8979771221273556
MED4,31.87,32.08,-0.009,0.8427142636274492,0.8979771221273556
TAF9,43.16,44.47,-0.042,0.8427142636274492,0.8979771221273556
H4C9,30.31,31.22,-0.042,0.8427142636274492,0.8979771221273556
HLA-DOB,7.23,7.31,-0.014,0.8427142636274492,0.8979771221273556
ERLIN2,27.59,25.61,0.103,0.8427142636274492,0.8979771221273556
BBS7,8.15,8.08,0.01,0.8427142636274492,0.8979771221273556
USP36,22.63,23.17,-0.033,0.8427142636274492,0.8979771221273556
DDX46,20.79,22.23,-0.093,0.8427142636274492,0.8979771221273556
CFAP92,0.76,1.12,-0.265,0.8427142636274492,0.8979771221273556
GSTA3,2.02,1.65,0.189,0.8424277086306617,0.8979771221273556
DIO3,1.18,2.13,-0.525,0.8455326602697981,0.9009171546026399
NCOA4,167.88,170.79,-0.025,0.8483630702316013,0.9022877232081707
THAP5,16.73,17.44,-0.056,0.8483630702316013,0.9022877232081707
DYRK1B,25.84,27.51,-0.087,0.8483630702316013,0.9022877232081707
VPS26A,50.76,53.03,-0.062,0.8483630702316013,0.9022877232081707
RAB3GAP2,16.19,17.18,-0.08,0.8483630702316013,0.9022877232081707
KIF19,2.13,2.78,-0.272,0.8483630702316013,0.9022877232081707
ZNF500,7.02,7.18,-0.029,0.8483630702316013,0.9022877232081707
GORAB,12.76,14.19,-0.142,0.8483630702316013,0.9022877232081707
ACAD10,9.37,8.95,0.06,0.8483630702316013,0.9022877232081707
MBTPS1,49.48,49.57,-0.003,0.8483630702316013,0.9022877232081707
PIGC,22.79,24.98,-0.127,0.8483630702316013,0.9022877232081707
MIB2,12.25,12.57,-0.034,0.8483630702316013,0.9022877232081707
COQ2,15.98,16.89,-0.075,0.8483630702316013,0.9022877232081707
ABHD17C,53.6,52.38,0.033,0.8483630702316013,0.9022877232081707
PSKH1,26.15,27.12,-0.05,0.8483630702316013,0.9022877232081707
CRYBG3,5.47,5.49,-0.005,0.8483630702316013,0.9022877232081707
SLC38A11,0.62,12.07,-3.015,0.8483630702316013,0.9022877232081707
PSMA5,60.01,60.44,-0.01,0.8483630702316013,0.9022877232081707
ABLIM2,2.48,2.97,-0.192,0.8483630702316013,0.9022877232081707
BDKRB2,5.87,5.67,0.042,0.8483630702316013,0.9022877232081707
KMT2D,17.54,16.51,0.082,0.8483630702316013,0.9022877232081707
UCHL5,20.98,20.76,0.014,0.8483630702316013,0.9022877232081707
ZFP92,1.79,1.82,-0.016,0.8483630702316013,0.9022877232081707
DPYSL3,94.94,81.05,0.226,0.8483630702316013,0.9022877232081707
USP49,3.0,2.83,0.064,0.8483630702316013,0.9022877232081707
TNRC6C,5.52,6.05,-0.111,0.8483630702316013,0.9022877232081707
ZCCHC8,10.37,10.06,0.04,0.8540196754630534,0.9060205941840772
ATP5MF,44.51,48.76,-0.129,0.8540196754630534,0.9060205941840772
ERVK3-1,1.98,2.08,-0.046,0.8540196754630534,0.9060205941840772
IRF1,24.74,24.55,0.011,0.8540196754630534,0.9060205941840772
CCDC14,11.82,12.27,-0.049,0.8540196754630534,0.9060205941840772
TSC1,6.68,6.64,0.009,0.8540196754630534,0.9060205941840772
DLX4,3.8,4.2,-0.115,0.8540196754630534,0.9060205941840772
PATZ1,30.24,30.28,-0.002,0.8540196754630534,0.9060205941840772
NELFE,104.26,103.18,0.015,0.8540196754630534,0.9060205941840772
SLC9A1,41.44,39.01,0.085,0.8540196754630534,0.9060205941840772
CD7,19.31,13.23,0.513,0.8540196754630534,0.9060205941840772
NELFB,106.8,102.85,0.054,0.8540196754630534,0.9060205941840772
C19orf57,2.57,2.51,0.024,0.8540196754630534,0.9060205941840772
RPL31,431.19,415.17,0.054,0.8540196754630534,0.9060205941840772
GGA2,49.65,50.31,-0.019,0.8540196754630534,0.9060205941840772
RARS1,56.79,59.82,-0.074,0.8540196754630534,0.9060205941840772
MSH3,10.99,11.35,-0.042,0.8540196754630534,0.9060205941840772
POMP,192.38,192.97,-0.004,0.8540196754630534,0.9060205941840772
GXYLT2,8.83,7.97,0.132,0.8540196754630534,0.9060205941840772
NPW,10.43,4.55,1.043,0.854019200956304,0.9060205941840772
ATG9B,3.13,2.6,0.201,0.8540196754630534,0.9060205941840772
C22orf15,2.52,2.83,-0.119,0.854019200956304,0.9060205941840772
DDX17,148.68,146.99,0.016,0.8540196754630534,0.9060205941840772
SYP,2.0,2.66,-0.288,0.8540196754630534,0.9060205941840772
GPR89A,2.58,2.59,-0.005,0.8540196754630534,0.9060205941840772
GEMIN5,15.13,16.25,-0.098,0.8540196754630534,0.9060205941840772
BCR,31.29,31.67,-0.017,0.8540196754630534,0.9060205941840772
HOXB3,9.28,5.32,0.7,0.8540196754630534,0.9060205941840772
WDR37,11.64,11.66,-0.003,0.8540196754630534,0.9060205941840772
NEFH,4.38,8.51,-0.821,0.8540196754630534,0.9060205941840772
ILRUN,126.0,117.9,0.095,0.8540196754630534,0.9060205941840772
SFMBT2,3.68,3.43,0.077,0.8540196754630534,0.9060205941840772
CARNMT1,13.89,13.95,-0.006,0.8540196754630534,0.9060205941840772
CD6,7.29,7.09,0.036,0.8540196754630534,0.9060205941840772
IFNGR1,151.56,144.94,0.064,0.8540196754630534,0.9060205941840772
GARNL3,1.54,1.59,-0.025,0.8540196754630534,0.9060205941840772
ARHGAP22,2.47,2.58,-0.047,0.8568503483128018,0.908896693563946
TCEANC,2.29,2.26,0.014,0.8568503483128018,0.908896693563946
FAM166C,1.79,1.26,0.306,0.8596678153133464,0.9094893043975584
RBP5,5.04,5.63,-0.135,0.8596837951986662,0.9094893043975584
YTHDC1,34.14,34.29,-0.006,0.8596837951986662,0.9094893043975584
PMM2,5.21,5.24,-0.006,0.8596837951986662,0.9094893043975584
NDST1,41.3,40.56,0.026,0.8596837951986662,0.9094893043975584
VSIR,41.24,41.11,0.004,0.8596837951986662,0.9094893043975584
CNTROB,23.77,22.95,0.048,0.8596837951986662,0.9094893043975584
SLCO4A1,7.61,9.6,-0.301,0.8596837951986662,0.9094893043975584
R3HDM4,105.99,99.66,0.088,0.8596837951986662,0.9094893043975584
NHLRC1,8.31,8.76,-0.068,0.8596837951986662,0.9094893043975584
ADORA2B,17.58,17.79,-0.016,0.8596837951986662,0.9094893043975584
C14orf132,11.72,9.52,0.275,0.8596837951986662,0.9094893043975584
DMAC2,32.86,35.02,-0.089,0.8596837951986662,0.9094893043975584
PTPRC,24.95,25.97,-0.055,0.8596837951986662,0.9094893043975584
ZC3H3,31.86,30.86,0.044,0.8596837951986662,0.9094893043975584
B4GALNT2,1.75,1.99,-0.117,0.8596819692023328,0.9094893043975584
ZNF782,2.13,2.5,-0.159,0.8596837951986662,0.9094893043975584
SLC20A1,46.31,44.03,0.071,0.8596837951986662,0.9094893043975584
EMILIN2,18.13,18.08,0.004,0.8596837951986662,0.9094893043975584
CDK5,28.01,28.07,-0.003,0.8596837951986662,0.9094893043975584
PHF10,31.46,31.93,-0.021,0.8596837951986662,0.9094893043975584
ZNF891,1.17,1.14,0.023,0.8596833387062657,0.9094893043975584
RFC1,29.89,29.21,0.032,0.8596837951986662,0.9094893043975584
TMEM121,3.75,3.49,0.08,0.8596837951986662,0.9094893043975584
NPHP3,2.38,2.73,-0.139,0.8596837951986662,0.9094893043975584
SH3RF3,6.0,6.77,-0.151,0.8596837951986662,0.9094893043975584
PPT1,222.2,234.79,-0.079,0.8596837951986662,0.9094893043975584
PRSS3,4.87,10.47,-0.966,0.8596787735372139,0.9094893043975584
ZNF222,4.1,4.55,-0.122,0.8596837951986662,0.9094893043975584
CCDC102A,12.99,12.58,0.043,0.8596837951986662,0.9094893043975584
FCMR,9.33,9.65,-0.043,0.8596837951986662,0.9094893043975584
LYSMD2,20.92,23.03,-0.133,0.8596837951986662,0.9094893043975584
RABEP2,21.97,22.53,-0.035,0.8596837951986662,0.9094893043975584
TMEM63C,5.55,4.07,0.368,0.8596837951986662,0.9094893043975584
ERGIC2,27.99,27.38,0.031,0.8596837951986662,0.9094893043975584
PASK,5.7,5.92,-0.046,0.8596837951986662,0.9094893043975584
GRP,10.45,4.52,1.053,0.8596819692023328,0.9094893043975584
ISOC2,36.37,36.28,0.003,0.8596837951986662,0.9094893043975584
MFSD14A,1.18,1.13,0.038,0.8653551441549273,0.9132000211950969
EFCAB6,1.1,1.14,-0.031,0.8653551441549273,0.9132000211950969
TEX9,2.05,1.87,0.088,0.8653551441549273,0.9132000211950969
TFR2,2.28,2.79,-0.208,0.8653551441549273,0.9132000211950969
ISYNA1,54.52,61.39,-0.168,0.8653551441549273,0.9132000211950969
NBPF26,1.0,1.05,-0.036,0.8653551441549273,0.9132000211950969
BMX,4.11,1.86,0.837,0.8653551441549273,0.9132000211950969
IWS1,43.58,43.59,-0.0,0.8653551441549273,0.9132000211950969
GLUL,215.24,229.96,-0.095,0.8653551441549273,0.9132000211950969
CALD1,75.23,63.68,0.237,0.8653551441549273,0.9132000211950969
ATF7IP,25.49,23.03,0.14,0.8653551441549273,0.9132000211950969
CCDC60,1.61,2.45,-0.401,0.8652577125162964,0.9132000211950969
NBPF12,3.87,3.9,-0.009,0.8653551441549273,0.9132000211950969
NCSTN,145.8,139.67,0.062,0.8653551441549273,0.9132000211950969
ELL2,38.16,37.94,0.008,0.8653551441549273,0.9132000211950969
U2AF1L4,2.56,2.67,-0.045,0.8653551441549273,0.9132000211950969
KIFC2,15.1,13.34,0.167,0.8653551441549273,0.9132000211950969
NRK,3.65,1.62,0.828,0.8653551441549273,0.9132000211950969
MOV10,33.31,33.19,0.005,0.8653551441549273,0.9132000211950969
CSF2RB,15.85,27.79,-0.773,0.8653551441549273,0.9132000211950969
MIPEP,16.84,16.82,0.002,0.8653551441549273,0.9132000211950969
COMMD5,37.06,35.04,0.079,0.8653551441549273,0.9132000211950969
CCDC152,1.23,1.44,-0.132,0.8653547057474288,0.9132000211950969
CCDC89,1.98,1.93,0.022,0.8653551441549273,0.9132000211950969
ALKBH4,17.28,18.1,-0.064,0.8653551441549273,0.9132000211950969
SLC26A4,1.61,2.02,-0.21,0.8653551441549273,0.9132000211950969
KCNAB3,1.17,1.54,-0.228,0.8653551441549273,0.9132000211950969
H1-0,471.79,444.49,0.086,0.8653551441549273,0.9132000211950969
FOXS1,5.81,5.57,0.053,0.8653551441549273,0.9132000211950969
PPP4R3A,41.86,42.96,-0.036,0.8653551441549273,0.9132000211950969
TMEM127,68.7,69.64,-0.019,0.8653551441549273,0.9132000211950969
IKZF3,7.49,7.44,0.008,0.8653551441549273,0.9132000211950969
GLT1D1,1.77,1.74,0.016,0.8653551441549273,0.9132000211950969
TBL3,21.09,23.16,-0.129,0.8653551441549273,0.9132000211950969
PNPO,11.3,10.93,0.044,0.8653551441549273,0.9132000211950969
COMMD3,9.25,9.53,-0.039,0.8653551441549273,0.9132000211950969
SH2D1B,1.01,0.97,0.023,0.8681930107935629,0.9161311580071261
C1QL2,2.56,1.36,0.593,0.8688961644140359,0.9168094607918917
PLXNA4,0.93,1.16,-0.163,0.871033435931024,0.9176625055197315
ACIN1,55.67,54.97,0.018,0.871033435931024,0.9176625055197315
DHRS11,7.67,7.8,-0.021,0.871033435931024,0.9176625055197315
PARN,21.72,22.61,-0.056,0.871033435931024,0.9176625055197315
BLVRB,180.38,179.07,0.01,0.871033435931024,0.9176625055197315
CCT6B,1.65,1.86,-0.11,0.871033435931024,0.9176625055197315
ZNF829,1.71,1.9,-0.098,0.871033435931024,0.9176625055197315
EIF3E,28.74,27.65,0.054,0.871033435931024,0.9176625055197315
CRTAP,80.57,82.84,-0.04,0.871033435931024,0.9176625055197315
LYPLA1,71.45,71.68,-0.005,0.871033435931024,0.9176625055197315
POGLUT3,38.02,36.64,0.052,0.871033435931024,0.9176625055197315
PAX8,1.76,1.91,-0.078,0.871033435931024,0.9176625055197315
DCUN1D2,8.88,9.5,-0.086,0.871033435931024,0.9176625055197315
NCBP3,9.71,10.18,-0.061,0.871033435931024,0.9176625055197315
TMOD3,31.82,29.49,0.106,0.871033435931024,0.9176625055197315
EPPK1,5.1,5.53,-0.098,0.871033435931024,0.9176625055197315
KIF26A,2.55,3.05,-0.189,0.871033435931024,0.9176625055197315
NF1,11.03,11.05,-0.003,0.871033435931024,0.9176625055197315
ST8SIA1,1.12,1.41,-0.187,0.871033435931024,0.9176625055197315
LAGE3,71.61,78.03,-0.122,0.871033435931024,0.9176625055197315
CRACD,2.61,2.27,0.141,0.871033435931024,0.9176625055197315
DUS4L,2.77,3.02,-0.093,0.8710330156762427,0.9176625055197315
HBQ1,0.9,1.82,-0.569,0.872654998243157,0.9193071271882044
BRPF1,13.72,13.35,0.037,0.8738746844275576,0.920528189732225
RTCA,38.8,37.09,0.063,0.8767183830522042,0.9208421979752601
MIGA2,12.21,11.71,0.056,0.8767183830522042,0.9208421979752601
PPP2R5C,30.93,31.74,-0.036,0.8767183830522042,0.9208421979752601
PCDH18,4.33,5.5,-0.286,0.8767183830522042,0.9208421979752601
TRAPPC2,8.67,8.41,0.039,0.8767183830522042,0.9208421979752601
TRRAP,14.89,14.91,-0.002,0.8767183830522042,0.9208421979752601
NCAM1,0.64,1.72,-0.727,0.8767183830522042,0.9208421979752601
RPS3A,355.09,339.92,0.063,0.8767183830522042,0.9208421979752601
EIF2B2,13.18,14.18,-0.099,0.8767183830522042,0.9208421979752601
TNNT1,36.27,35.08,0.047,0.8767183830522042,0.9208421979752601
ZNF423,1.65,2.38,-0.35,0.8767183830522042,0.9208421979752601
LAIR2,15.39,1.78,2.562,0.8767183830522042,0.9208421979752601
DDI2,13.27,13.47,-0.02,0.8767179810151997,0.9208421979752601
F2R,38.11,40.31,-0.079,0.8767183830522042,0.9208421979752601
STIM2,17.31,16.79,0.041,0.8767183830522042,0.9208421979752601
GRIK5,1.19,1.1,0.062,0.8767183830522042,0.9208421979752601
MAPK14,39.07,36.79,0.084,0.8767183830522042,0.9208421979752601
ANKRD13D,24.88,23.42,0.083,0.8767183830522042,0.9208421979752601
ARAP3,12.8,13.75,-0.096,0.8767183830522042,0.9208421979752601
FBXO9,20.48,21.21,-0.049,0.8767183830522042,0.9208421979752601
SDC2,52.77,59.92,-0.18,0.8767183830522042,0.9208421979752601
LRRC55,0.7,4.48,-1.693,0.8767179810151997,0.9208421979752601
DNASE2,100.02,108.02,-0.11,0.8767183830522042,0.9208421979752601
ANKRD35,4.21,5.3,-0.273,0.8767183830522042,0.9208421979752601
WASHC3,23.02,23.04,-0.001,0.8767183830522042,0.9208421979752601
ATAD3B,12.2,12.22,-0.002,0.8767183830522042,0.9208421979752601
CCL8,18.37,19.89,-0.109,0.8767183830522042,0.9208421979752601
NR5A1,0.24,1.54,-1.031,0.8764918163281724,0.9208421979752601
SUPT6H,48.41,51.29,-0.082,0.8767183830522042,0.9208421979752601
SLC2A4RG,76.34,82.53,-0.111,0.8767183830522042,0.9208421979752601
RBM23,16.58,18.13,-0.122,0.8767183830522042,0.9208421979752601
PKD2,22.09,20.05,0.134,0.8767183830522042,0.9208421979752601
PPP4C,147.72,152.34,-0.044,0.8767183830522042,0.9208421979752601
TNFAIP8L1,9.78,10.83,-0.135,0.8767183830522042,0.9208421979752601
NRIP1,17.78,16.87,0.072,0.8767183830522042,0.9208421979752601
IKBIP,18.48,19.99,-0.107,0.8767183830522042,0.9208421979752601
OGDH,105.36,110.74,-0.071,0.8767183830522042,0.9208421979752601
FKBP11,21.48,19.29,0.148,0.8767183830522042,0.9208421979752601
DKK2,4.69,4.67,0.005,0.8767183830522042,0.9208421979752601
DRAP1,139.92,153.48,-0.133,0.8767183830522042,0.9208421979752601
ZC3H13,19.99,20.0,-0.0,0.8767183830522042,0.9208421979752601
GNB2,283.16,271.67,0.06,0.8767183830522042,0.9208421979752601
STAG3,1.52,1.46,0.035,0.8824096970134143,0.9249017265763921
HGH1,39.53,39.34,0.007,0.8824096970134143,0.9249017265763921
MBNL1,62.27,61.37,0.021,0.8824096970134143,0.9249017265763921
ZCCHC14,17.37,17.59,-0.018,0.8824096970134143,0.9249017265763921
EEF1E1,8.71,8.42,0.044,0.882409313256474,0.9249017265763921
CDC73,16.95,16.85,0.008,0.8824096970134143,0.9249017265763921
ZNF713,1.65,1.62,0.017,0.882409313256474,0.9249017265763921
GLT8D2,11.48,10.09,0.17,0.8824096970134143,0.9249017265763921
CD28,3.2,2.86,0.122,0.8824096970134143,0.9249017265763921
DDX51,12.93,13.68,-0.075,0.8824096970134143,0.9249017265763921
TVP23B,14.9,15.66,-0.067,0.8824096970134143,0.9249017265763921
PRKACB,17.8,18.6,-0.06,0.8824096970134143,0.9249017265763921
LXN,40.04,43.32,-0.111,0.8824096970134143,0.9249017265763921
KIAA0319,3.92,5.5,-0.401,0.8824096970134143,0.9249017265763921
NQO2,24.63,24.1,0.03,0.8824096970134143,0.9249017265763921
PLSCR1,58.49,62.38,-0.091,0.8824096970134143,0.9249017265763921
XYLT1,5.1,4.87,0.056,0.8824096970134143,0.9249017265763921
ASB6,17.73,18.21,-0.036,0.8824096970134143,0.9249017265763921
ESRRA,43.58,43.85,-0.009,0.8824096970134143,0.9249017265763921
ZSCAN20,1.89,1.82,0.04,0.8824096970134143,0.9249017265763921
RALGPS2,10.4,10.35,0.006,0.8824096970134143,0.9249017265763921
TSPAN5,14.76,13.97,0.074,0.8824096970134143,0.9249017265763921
SCAF4,22.89,23.16,-0.016,0.8824096970134143,0.9249017265763921
STOML1,6.01,5.91,0.021,0.8824096970134143,0.9249017265763921
STAG2,44.04,46.94,-0.09,0.8824096970134143,0.9249017265763921
MAP3K14,10.74,10.95,-0.025,0.8824096970134143,0.9249017265763921
SFXN5,4.6,4.63,-0.008,0.8824096970134143,0.9249017265763921
PIP4K2C,81.0,72.87,0.151,0.8824096970134143,0.9249017265763921
SPG11,16.48,17.4,-0.074,0.8824096970134143,0.9249017265763921
STMN3,44.18,46.02,-0.057,0.8824096970134143,0.9249017265763921
ZBTB3,5.13,5.15,-0.005,0.8852572765358562,0.9278224201441269
UTP3,50.99,51.49,-0.014,0.8881070883232032,0.9290148025953199
SUN1,43.51,42.72,0.026,0.8881070883232032,0.9290148025953199
TMEM81,6.65,6.9,-0.046,0.8881070883232032,0.9290148025953199
GRB2,136.61,135.31,0.014,0.8881070883232032,0.9290148025953199
AP3D1,70.2,71.09,-0.018,0.8881070883232032,0.9290148025953199
USF1,89.99,89.42,0.009,0.8881070883232032,0.9290148025953199
PJA1,41.47,39.2,0.079,0.8881070883232032,0.9290148025953199
CDIPT,99.45,96.3,0.046,0.8881070883232032,0.9290148025953199
HMGXB3,29.92,29.94,-0.001,0.8881070883232032,0.9290148025953199
SLC10A3,69.23,69.69,-0.01,0.8881070883232032,0.9290148025953199
ZSWIM8,18.26,18.44,-0.013,0.8881070883232032,0.9290148025953199
RANBP2,30.02,30.09,-0.003,0.8881070883232032,0.9290148025953199
KIAA1841,6.46,6.87,-0.078,0.8881070883232032,0.9290148025953199
CCDC115,37.7,37.2,0.019,0.8881070883232032,0.9290148025953199
ALDH1A3,8.52,7.99,0.083,0.8881070883232032,0.9290148025953199
PDIA5,33.28,35.02,-0.071,0.8881070883232032,0.9290148025953199
SIPA1L1,12.43,12.79,-0.038,0.8881070883232032,0.9290148025953199
PPHLN1,14.07,14.67,-0.057,0.8881070883232032,0.9290148025953199
BAZ2A,42.58,39.45,0.107,0.8881070883232032,0.9290148025953199
ZBED5,15.24,15.28,-0.003,0.8881070883232032,0.9290148025953199
NELFA,24.9,23.95,0.054,0.8881070883232032,0.9290148025953199
RPS8,1185.74,1109.05,0.096,0.8881070883232032,0.9290148025953199
CA8,2.49,3.08,-0.225,0.8881070883232032,0.9290148025953199
AREL1,21.21,22.25,-0.066,0.8881070883232032,0.9290148025953199
SPECC1L,16.12,15.51,0.052,0.8881070883232032,0.9290148025953199
MAGEA8,1.66,0.44,0.885,0.8874538965398955,0.9290148025953199
HLCS,9.27,9.14,0.019,0.8881070883232032,0.9290148025953199
ATP8B2,18.9,18.12,0.057,0.8881070883232032,0.9290148025953199
HEPACAM2,0.68,1.39,-0.507,0.8908791613051987,0.9318504025962054
CXCR1,1.46,2.77,-0.613,0.8909561910931701,0.9318668188956721
RBBP4,36.27,38.04,-0.067,0.8938102665478802,0.932732974769005
TOGARAM1,5.21,5.24,-0.006,0.8938102665478802,0.932732974769005
ZNF230,2.42,2.51,-0.04,0.8938102665478802,0.932732974769005
PAM16,4.88,4.95,-0.018,0.8938102665478802,0.932732974769005
SFXN4,40.8,39.83,0.034,0.8938102665478802,0.932732974769005
ANTXR1,80.81,68.7,0.231,0.8938102665478802,0.932732974769005
CERCAM,42.44,40.68,0.06,0.8938102665478802,0.932732974769005
RASAL3,9.64,9.83,-0.026,0.8938102665478802,0.932732974769005
DNHD1,2.48,1.94,0.246,0.8938102665478802,0.932732974769005
CASP7,38.69,39.16,-0.017,0.8938102665478802,0.932732974769005
NDUFAF6,8.25,7.76,0.08,0.8938102665478802,0.932732974769005
FUT7,1.86,1.48,0.203,0.8938102665478802,0.932732974769005
USP2,3.18,2.94,0.087,0.8938102665478802,0.932732974769005
MYBPC2,1.71,1.95,-0.123,0.8938102665478802,0.932732974769005
COG8,2.58,2.71,-0.05,0.8938102665478802,0.932732974769005
ZFP14,3.81,4.25,-0.125,0.8938102665478802,0.932732974769005
DTWD2,5.15,5.05,0.023,0.8938102665478802,0.932732974769005
FREM1,1.72,1.47,0.141,0.8938102665478802,0.932732974769005
ZBTB7A,26.81,26.01,0.042,0.8938102665478802,0.932732974769005
JSRP1,6.83,7.08,-0.045,0.8938102665478802,0.932732974769005
JPT1,161.9,135.09,0.259,0.8938102665478802,0.932732974769005
ZNF600,6.03,5.98,0.011,0.8938102665478802,0.932732974769005
CFAP157,3.33,4.23,-0.272,0.8938102665478802,0.932732974769005
ZNF765,3.16,3.23,-0.022,0.8938102665478802,0.932732974769005
YY1AP1,29.65,29.32,0.015,0.8938102665478802,0.932732974769005
ZNF12,22.4,21.38,0.064,0.8938102665478802,0.932732974769005
SLC52A3,6.4,6.83,-0.083,0.8938102665478802,0.932732974769005
LMCD1,16.88,15.45,0.12,0.8938102665478802,0.932732974769005
IRAK1BP1,3.04,3.01,0.012,0.8938102665478802,0.932732974769005
C9orf16,81.35,81.62,-0.005,0.8938102665478802,0.932732974769005
RBM41,6.12,5.95,0.036,0.8938102665478802,0.932732974769005
TMEM18,9.27,9.97,-0.095,0.8938102665478802,0.932732974769005
DERL1,49.27,47.14,0.062,0.8938102665478802,0.932732974769005
ZFP42,2.99,3.77,-0.258,0.8954070451076266,0.9343351123846271
UCHL3,2.08,2.55,-0.207,0.896663596943442,0.9355177879660564
MRPS5,21.48,20.9,0.038,0.896663596943442,0.9355177879660564
RBBP8NL,6.88,6.12,0.148,0.899518940355917,0.9362465753803827
ALDH3A2,36.09,39.6,-0.131,0.899518940355917,0.9362465753803827
MOB3B,10.55,8.99,0.21,0.899518940355917,0.9362465753803827
ENO3,5.64,3.5,0.56,0.899518940355917,0.9362465753803827
IRX1,3.04,4.13,-0.343,0.8994465769988981,0.9362465753803827
VAMP7,64.14,63.92,0.005,0.899518940355917,0.9362465753803827
ECI2,12.35,12.62,-0.029,0.899518940355917,0.9362465753803827
LRRFIP2,12.83,13.31,-0.05,0.899518940355917,0.9362465753803827
SNX22,3.02,2.55,0.18,0.899518940355917,0.9362465753803827
GNRH1,1.98,1.99,-0.003,0.899518940355917,0.9362465753803827
AP1G1,32.13,31.97,0.007,0.899518940355917,0.9362465753803827
PLOD3,53.83,58.61,-0.121,0.899518940355917,0.9362465753803827
ARF6,127.7,132.55,-0.053,0.899518940355917,0.9362465753803827
TSPAN10,2.38,2.44,-0.027,0.899518940355917,0.9362465753803827
UBQLN4,53.75,55.54,-0.046,0.899518940355917,0.9362465753803827
DBN1,68.83,66.75,0.044,0.899518940355917,0.9362465753803827
PQBP1,62.14,65.22,-0.069,0.899518940355917,0.9362465753803827
MTRES1,15.0,15.87,-0.076,0.899518940355917,0.9362465753803827
GMCL1,27.98,27.39,0.029,0.899518940355917,0.9362465753803827
ZFPM1,3.06,2.86,0.074,0.899518940355917,0.9362465753803827
ADAMTS5,2.19,3.58,-0.523,0.899518940355917,0.9362465753803827
COA8,9.91,9.89,0.004,0.899518940355917,0.9362465753803827
TAS2R20,1.44,1.46,-0.013,0.899518940355917,0.9362465753803827
PAQR6,4.25,3.94,0.087,0.8995186117849321,0.9362465753803827
IRF9,3.59,3.64,-0.017,0.899518940355917,0.9362465753803827
POLG2,9.46,9.74,-0.038,0.899518940355917,0.9362465753803827
THRAP3,103.97,102.25,0.024,0.899518940355917,0.9362465753803827
FGFBP3,1.73,1.82,-0.045,0.899518940355917,0.9362465753803827
APC,7.35,7.22,0.023,0.899518940355917,0.9362465753803827
AC090004.1,1.03,1.06,-0.02,0.899518940355917,0.9362465753803827
UPF2,23.1,20.97,0.134,0.899518940355917,0.9362465753803827
PABPC1L,21.38,21.08,0.019,0.899518940355917,0.9362465753803827
MRPS34,161.18,161.04,0.001,0.899518940355917,0.9362465753803827
MBLAC2,3.67,3.69,-0.007,0.899518940355917,0.9362465753803827
XAF1,6.14,5.86,0.057,0.899518940355917,0.9362465753803827
HIVEP3,3.49,4.0,-0.156,0.9023749275014714,0.939090504385907
ZNF567,5.12,5.52,-0.091,0.9023749275014714,0.939090504385907
FAP,9.75,8.58,0.167,0.9052328175625818,0.9405185117437124
ARGLU1,49.2,47.36,0.054,0.9052328175625818,0.9405185117437124
GPATCH1,9.87,10.11,-0.031,0.9052328175625818,0.9405185117437124
RPS26,216.98,208.49,0.057,0.9052328175625818,0.9405185117437124
ZNF490,1.94,1.96,-0.009,0.9052328175625818,0.9405185117437124
PPIL3,17.65,18.29,-0.048,0.9052328175625818,0.9405185117437124
ALDH1B1,44.85,48.66,-0.115,0.9052328175625818,0.9405185117437124
CYB5B,36.88,39.41,-0.093,0.9052328175625818,0.9405185117437124
CIPC,13.68,14.35,-0.064,0.9052328175625818,0.9405185117437124
COPZ1,152.37,146.21,0.059,0.9052328175625818,0.9405185117437124
MME,10.37,18.39,-0.77,0.9052328175625818,0.9405185117437124
FKBP3,42.64,45.71,-0.098,0.9052328175625818,0.9405185117437124
HSD17B2,1.31,0.59,0.543,0.9052328175625818,0.9405185117437124
POLB,22.02,21.09,0.059,0.9052328175625818,0.9405185117437124
PLEK,35.44,42.46,-0.254,0.9052328175625818,0.9405185117437124
STEAP2,13.21,10.54,0.3,0.9052328175625818,0.9405185117437124
CCDC93,14.75,15.0,-0.022,0.9052328175625818,0.9405185117437124
GZF1,11.85,12.26,-0.046,0.9052328175625818,0.9405185117437124
GAPVD1,14.84,14.69,0.014,0.9052328175625818,0.9405185117437124
MTMR10,8.69,8.43,0.04,0.9052328175625818,0.9405185117437124
ZNF138,10.84,10.36,0.06,0.9052328175625818,0.9405185117437124
C19orf38,5.47,6.73,-0.257,0.9052328175625818,0.9405185117437124
ZDHHC2,24.59,26.14,-0.085,0.9052328175625818,0.9405185117437124
SETD9,6.37,6.28,0.018,0.9052328175625818,0.9405185117437124
CD1D,2.59,2.59,0.001,0.9109516051747941,0.9447158865133547
HTATIP2,78.52,82.15,-0.064,0.9109516051747941,0.9447158865133547
PI4KB,61.26,59.89,0.032,0.9109516051747941,0.9447158865133547
CCR7,9.72,14.56,-0.538,0.9109516051747941,0.9447158865133547
TRAPPC6B,3.68,3.72,-0.012,0.9109513136543652,0.9447158865133547
PRMT2,37.69,37.93,-0.009,0.9109516051747941,0.9447158865133547
P2RY10,5.3,4.65,0.157,0.9109516051747941,0.9447158865133547
TESK1,44.47,49.52,-0.152,0.9109516051747941,0.9447158865133547
C8orf82,24.77,22.62,0.126,0.9109516051747941,0.9447158865133547
UBXN4,107.96,109.02,-0.014,0.9109516051747941,0.9447158865133547
ASB3,10.0,10.16,-0.02,0.9109516051747941,0.9447158865133547
GRAP2,2.04,2.09,-0.02,0.9109516051747941,0.9447158865133547
FARS2,10.9,10.56,0.041,0.9109516051747941,0.9447158865133547
DNAL4,35.18,34.05,0.046,0.9109516051747941,0.9447158865133547
PTGS1,11.45,12.93,-0.162,0.9109516051747941,0.9447158865133547
RTN4,145.23,145.2,0.0,0.9109516051747941,0.9447158865133547
MNS1,4.7,5.06,-0.087,0.9109516051747941,0.9447158865133547
HSPA6,16.09,22.88,-0.483,0.9109516051747941,0.9447158865133547
RPS24,365.1,372.04,-0.027,0.9109516051747941,0.9447158865133547
RPL12,887.29,821.83,0.11,0.9109516051747941,0.9447158865133547
MUS81,18.35,18.14,0.016,0.9109516051747941,0.9447158865133547
CAV2,84.19,58.13,0.527,0.9109516051747941,0.9447158865133547
RPTOR,15.27,14.48,0.072,0.9109516051747941,0.9447158865133547
LZTR1,6.44,6.26,0.036,0.9109516051747941,0.9447158865133547
NDOR1,19.54,19.41,0.009,0.9109516051747941,0.9447158865133547
VPS53,6.81,6.84,-0.006,0.9109513136543652,0.9447158865133547
IRS2,23.92,19.14,0.307,0.9109516051747941,0.9447158865133547
ZC3H12D,1.76,1.61,0.082,0.9138124663841373,0.9474887601019721
LIAS,3.01,2.87,0.051,0.9138124663841373,0.9474887601019721
LMAN2L,41.13,42.12,-0.034,0.9138124663841373,0.9474887601019721
PAX7,4.34,1.08,1.357,0.9146546057992517,0.9482972175452458
TMEM65,14.72,11.71,0.306,0.9166750094361883,0.9485148415421922
AURKC,1.9,1.97,-0.033,0.916674736510477,0.9485148415421922
ZNF696,6.93,6.81,0.022,0.9166750094361883,0.9485148415421922
WDR7,6.87,6.95,-0.014,0.9166750094361883,0.9485148415421922
ARL16,30.92,32.37,-0.064,0.9166750094361883,0.9485148415421922
FGFR1OP2,21.67,21.27,0.026,0.916674736510477,0.9485148415421922
ZNF548,6.76,7.06,-0.053,0.9166750094361883,0.9485148415421922
MIIP,34.69,34.81,-0.005,0.9166750094361883,0.9485148415421922
EIF1B,56.32,58.3,-0.049,0.9166750094361883,0.9485148415421922
FZD2,12.41,12.91,-0.053,0.9166750094361883,0.9485148415421922
FKBP10,139.87,123.56,0.178,0.9166750094361883,0.9485148415421922
TBX21,4.94,2.57,0.733,0.9166750094361883,0.9485148415421922
AIFM1,10.85,10.63,0.027,0.9166750094361883,0.9485148415421922
C11orf1,13.7,14.14,-0.042,0.9166750094361883,0.9485148415421922
NEIL2,19.12,17.18,0.147,0.9166750094361883,0.9485148415421922
PIH1D1,54.14,54.75,-0.016,0.9166750094361883,0.9485148415421922
ABHD6,9.17,8.71,0.066,0.9166750094361883,0.9485148415421922
SYT11,11.13,12.71,-0.177,0.9166750094361883,0.9485148415421922
EIF2D,24.04,24.75,-0.04,0.9166750094361883,0.9485148415421922
RASL10B,3.51,8.02,-1.0,0.9166750094361883,0.9485148415421922
MOB3A,47.36,46.56,0.024,0.9166750094361883,0.9485148415421922
HOXC12,4.41,3.74,0.191,0.9156584087298155,0.9485148415421922
TNN,0.56,1.16,-0.471,0.9166750094361883,0.9485148415421922
EIF5B,63.26,62.12,0.026,0.9166750094361883,0.9485148415421922
ARL11,5.93,5.45,0.104,0.9166750094361883,0.9485148415421922
ULK1,36.11,35.14,0.038,0.9166750094361883,0.9485148415421922
JMJD4,5.07,5.55,-0.108,0.9166750094361883,0.9485148415421922
ZNF668,3.37,3.42,-0.016,0.9166750094361883,0.9485148415421922
CIBAR2,11.46,11.99,-0.06,0.9166750094361883,0.9485148415421922
DCAF4L2,1.21,0.79,0.304,0.9173969003119498,0.9491971606128747
FGF3,0.03,8.23,-3.165,0.9192847763032139,0.9510857069373326
KCND3,2.44,2.81,-0.146,0.9195380872016424,0.9512830014200295
MTFR1,25.81,25.7,0.006,0.9224027358723759,0.9524953963235918
CFL1,378.87,381.54,-0.01,0.9224027358723759,0.9524953963235918
EMC7,132.31,133.7,-0.015,0.9224027358723759,0.9524953963235918
RAB3IL1,12.3,12.68,-0.041,0.9224027358723759,0.9524953963235918
COX19,8.55,8.78,-0.033,0.9224027358723759,0.9524953963235918
MRPL9,50.84,49.35,0.042,0.9224027358723759,0.9524953963235918
RASAL1,6.12,7.18,-0.2,0.9224027358723759,0.9524953963235918
HGS,26.44,25.7,0.039,0.9224027358723759,0.9524953963235918
CENPBD1,15.5,15.49,0.001,0.9224027358723759,0.9524953963235918
RPS6,1854.94,1833.7,0.017,0.9224027358723759,0.9524953963235918
NPLOC4,62.06,61.62,0.01,0.9224027358723759,0.9524953963235918
DCAF12,77.48,73.24,0.08,0.9224027358723759,0.9524953963235918
MAMLD1,4.12,3.32,0.245,0.9224027358723759,0.9524953963235918
SIAH1,5.11,5.44,-0.076,0.9224027358723759,0.9524953963235918
TMEM74B,1.46,1.91,-0.244,0.922402481583853,0.9524953963235918
FYB1,10.97,12.09,-0.13,0.9224027358723759,0.9524953963235918
AIG1,15.48,15.5,-0.002,0.9224027358723759,0.9524953963235918
COPS8,40.42,40.44,-0.001,0.9224027358723759,0.9524953963235918
RASAL2,8.33,8.12,0.033,0.9224027358723759,0.9524953963235918
CEP44,7.75,8.36,-0.098,0.9224027358723759,0.9524953963235918
TM2D2,37.17,46.55,-0.317,0.9224027358723759,0.9524953963235918
ANKRD40,33.28,34.08,-0.033,0.9224027358723759,0.9524953963235918
PNMA8B,1.9,1.98,-0.041,0.9224027358723759,0.9524953963235918
GRSF1,45.24,45.38,-0.004,0.9224027358723759,0.9524953963235918
METTL3,16.0,15.45,0.047,0.9224027358723759,0.9524953963235918
EDRF1,5.44,5.43,0.003,0.9224027358723759,0.9524953963235918
P3H4,48.21,45.62,0.078,0.9224027358723759,0.9524953963235918
TCEA1,64.35,59.93,0.101,0.9281344893363934,0.9561035769800714
SLC10A4,1.53,1.31,0.131,0.9281344893363934,0.9561035769800714
NUDT17,6.5,6.3,0.039,0.9281344893363934,0.9561035769800714
WDR45B,143.32,136.7,0.068,0.9281344893363934,0.9561035769800714
KRIT1,3.54,3.54,0.002,0.9281344893363934,0.9561035769800714
RPL21,287.83,276.46,0.058,0.9281344893363934,0.9561035769800714
METTL9,44.4,48.08,-0.113,0.9281344893363934,0.9561035769800714
EEF1AKMT3,12.77,12.91,-0.014,0.9281344893363934,0.9561035769800714
NBPF15,7.98,7.83,0.024,0.9281344893363934,0.9561035769800714
ZNF736,4.68,4.61,0.018,0.9281344893363934,0.9561035769800714
KCNH2,6.26,4.47,0.408,0.9281342537246484,0.9561035769800714
CRTAM,2.37,2.44,-0.032,0.9281344893363934,0.9561035769800714
MPP1,14.67,15.85,-0.105,0.9281344893363934,0.9561035769800714
CCDC102B,4.32,4.19,0.036,0.9281344893363934,0.9561035769800714
DPEP3,1.6,13.36,-2.465,0.9280670097859517,0.9561035769800714
TRMT44,4.87,4.85,0.004,0.9281344893363934,0.9561035769800714
BCAN,1.21,7.94,-2.015,0.9281344893363934,0.9561035769800714
PRPF6,146.43,151.95,-0.053,0.9281344893363934,0.9561035769800714
MCCC2,40.33,38.57,0.063,0.9281344893363934,0.9561035769800714
CSDE1,308.48,309.86,-0.006,0.9281344893363934,0.9561035769800714
PDE5A,7.78,7.78,-0.0,0.9281344893363934,0.9561035769800714
TPCN2,3.54,3.52,0.006,0.9281344893363934,0.9561035769800714
CAMKK2,29.84,29.85,-0.0,0.9281344893363934,0.9561035769800714
PIK3AP1,17.08,18.3,-0.094,0.9281344893363934,0.9561035769800714
SPANXB1,31.65,2.19,3.356,0.9281624206462894,0.9561035769800714
CYP2D6,2.84,2.14,0.287,0.9281344893363934,0.9561035769800714
LUC7L2,13.89,14.53,-0.062,0.9281344893363934,0.9561035769800714
MAST4,10.94,11.65,-0.082,0.9281344893363934,0.9561035769800714
FTSJ1,59.39,57.74,0.04,0.9281344893363934,0.9561035769800714
TBC1D9,28.63,28.91,-0.013,0.9281344893363934,0.9561035769800714
KCNK6,15.04,20.79,-0.442,0.9281344893363934,0.9561035769800714
NUDCD3,39.57,40.17,-0.021,0.9281344893363934,0.9561035769800714
PET100,1.9,1.9,0.0,0.9281344893363934,0.9561035769800714
ZNF221,0.9,1.03,-0.095,0.9281344893363934,0.9561035769800714
UXT,83.14,89.12,-0.099,0.9281344893363934,0.9561035769800714
ZFAND2A,24.82,29.23,-0.228,0.9281344893363934,0.9561035769800714
PRSS2,124.31,21.93,2.45,0.9338656356834164,0.9591864870069869
UQCR10,86.89,75.96,0.192,0.9338699740543244,0.9591864870069869
ZXDA,3.16,3.19,-0.01,0.9338699740543244,0.9591864870069869
MICU3,2.5,2.64,-0.058,0.9338699740543244,0.9591864870069869
LRIF1,16.08,15.14,0.082,0.9338699740543244,0.9591864870069869
CYRIA,12.4,11.59,0.09,0.9338699740543244,0.9591864870069869
LRCH1,9.14,8.36,0.116,0.9338699740543244,0.9591864870069869
TPR,34.74,35.82,-0.043,0.9338699740543244,0.9591864870069869
IRF2,46.68,47.36,-0.02,0.9338699740543244,0.9591864870069869
VPS13D,10.97,11.8,-0.097,0.9338699740543244,0.9591864870069869
CBX3,142.04,136.75,0.054,0.9338699740543244,0.9591864870069869
CAPN15,18.57,18.7,-0.009,0.9338699740543244,0.9591864870069869
RAI14,56.78,74.34,-0.383,0.9338699740543244,0.9591864870069869
PADI2,10.47,6.89,0.54,0.9338699740543244,0.9591864870069869
POMT2,8.22,8.0,0.034,0.9338699740543244,0.9591864870069869
PDGFA,25.87,26.81,-0.05,0.9338699740543244,0.9591864870069869
C19orf71,7.66,6.75,0.16,0.9338699740543244,0.9591864870069869
SMARCC2,30.61,30.64,-0.002,0.9338699740543244,0.9591864870069869
ZNF225,2.31,2.41,-0.047,0.9338699740543244,0.9591864870069869
THUMPD3,16.66,16.02,0.053,0.9338699740543244,0.9591864870069869
B3GNT9,18.9,18.11,0.058,0.9338699740543244,0.9591864870069869
CRISPLD2,23.91,24.49,-0.033,0.9338699740543244,0.9591864870069869
MED26,4.25,4.11,0.039,0.9338695402556533,0.9591864870069869
FAM90A1,3.36,3.07,0.098,0.9338699740543244,0.9591864870069869
NAXE,203.2,218.14,-0.102,0.9338699740543244,0.9591864870069869
DENND5A,27.15,27.17,-0.001,0.9338699740543244,0.9591864870069869
PCDHB12,1.64,1.82,-0.093,0.9338699740543244,0.9591864870069869
ARHGEF1,51.58,50.1,0.041,0.9338699740543244,0.9591864870069869
PI4K2A,28.22,28.44,-0.011,0.9338699740543244,0.9591864870069869
PIEZO1,33.95,34.37,-0.017,0.9338699740543244,0.9591864870069869
WNT1,1.02,0.29,0.644,0.9338576074458041,0.9591864870069869
ACVR2B,3.24,2.98,0.091,0.9338699740543244,0.9591864870069869
RPL38,306.44,314.88,-0.039,0.9338699740543244,0.9591864870069869
TAOK1,17.35,16.78,0.046,0.9338699740543244,0.9591864870069869
SPAG17,2.09,2.32,-0.101,0.9338699740543244,0.9591864870069869
KLF8,3.8,3.36,0.138,0.9338699740543244,0.9591864870069869
SRPX2,13.8,12.1,0.177,0.9338699740543244,0.9591864870069869
YAF2,4.83,5.49,-0.154,0.9338699740543244,0.9591864870069869
MRPS14,32.07,33.38,-0.056,0.9338699740543244,0.9591864870069869
CLHC1,2.34,2.26,0.031,0.9338699740543244,0.9591864870069869
BEX4,79.93,80.82,-0.016,0.9338699740543244,0.9591864870069869
RFX5,36.84,40.48,-0.133,0.9338699740543244,0.9591864870069869
DNAJC8,105.46,109.0,-0.047,0.9338699740543244,0.9591864870069869
PITX2,4.52,2.96,0.48,0.936704545288095,0.9620328639601181
MED13L,9.03,8.65,0.056,0.9396088936710845,0.9624133972591375
GIGYF1,34.06,31.79,0.096,0.9396088936710845,0.9624133972591375
VGLL1,23.8,8.68,1.357,0.9396086955200904,0.9624133972591375
MED23,14.8,14.76,0.003,0.9396088936710845,0.9624133972591375
PRPF38A,28.63,28.82,-0.009,0.9396088936710845,0.9624133972591375
ADAT3,2.23,2.13,0.045,0.9396088936710845,0.9624133972591375
WWP1,30.53,30.85,-0.015,0.9396088936710845,0.9624133972591375
KRBOX4,10.54,10.86,-0.04,0.9396088936710845,0.9624133972591375
CDC42BPB,40.83,39.56,0.044,0.9396088936710845,0.9624133972591375
RNF4,32.27,31.81,0.02,0.9396088936710845,0.9624133972591375
PIGBOS1,18.87,19.39,-0.038,0.9396088936710845,0.9624133972591375
MAPKAPK2,141.66,145.46,-0.038,0.9396088936710845,0.9624133972591375
TNNI3,2.01,2.33,-0.146,0.9395922421851375,0.9624133972591375
SEMA6B,8.26,9.08,-0.123,0.9396088936710845,0.9624133972591375
TRMO,8.88,8.95,-0.011,0.9396088936710845,0.9624133972591375
URM1,42.65,41.98,0.022,0.9396088936710845,0.9624133972591375
SIGLEC8,1.95,2.26,-0.145,0.9396088936710845,0.9624133972591375
SLC25A22,26.92,28.38,-0.074,0.9396088936710845,0.9624133972591375
EIF2B4,20.97,21.4,-0.028,0.9396088936710845,0.9624133972591375
TPSD1,4.47,5.23,-0.187,0.939597794210781,0.9624133972591375
CD180,4.7,4.39,0.083,0.9396088936710845,0.9624133972591375
DZIP3,9.0,9.98,-0.135,0.9396088936710845,0.9624133972591375
SFI1,6.74,6.68,0.012,0.9396088936710845,0.9624133972591375
TMC8,17.61,19.82,-0.162,0.9396088936710845,0.9624133972591375
SF3B2,85.9,84.49,0.024,0.9396088936710845,0.9624133972591375
ARHGAP8,1.06,0.94,0.086,0.9396088936710845,0.9624133972591375
MSH5,1.14,1.07,0.048,0.9396088936710845,0.9624133972591375
VPS35,47.22,47.45,-0.007,0.9396088936710845,0.9624133972591375
LRRC61,17.78,19.87,-0.152,0.9396088936710845,0.9624133972591375
SETX,22.96,23.13,-0.01,0.9396088936710845,0.9624133972591375
IZUMO4,3.32,3.27,0.015,0.9396088936710845,0.9624133972591375
MAML1,28.35,29.14,-0.038,0.9396088936710845,0.9624133972591375
ZNF586,6.2,6.67,-0.092,0.9396088936710845,0.9624133972591375
ZFAND4,4.07,4.23,-0.043,0.9396088936710845,0.9624133972591375
THAP9,3.62,3.74,-0.038,0.9396088936710845,0.9624133972591375
SH2B2,9.16,8.67,0.07,0.9396088936710845,0.9624133972591375
ARPC1A,38.23,42.18,-0.139,0.9396088936710845,0.9624133972591375
MARCHF1,4.96,5.37,-0.097,0.9396088936710845,0.9624133972591375
RBM25,25.14,25.77,-0.034,0.9396088936710845,0.9624133972591375
CD58,34.46,34.51,-0.002,0.9396088936710845,0.9624133972591375
EDN3,0.39,3.62,-1.734,0.9413153797254934,0.9640963033685737
EPYC,2.4,1.34,0.538,0.9424634970950497,0.9652071392898611
TAB2,50.31,48.08,0.064,0.9453509512963576,0.9660154024109202
CNN2,191.34,201.77,-0.076,0.9453509512963576,0.9660154024109202
NHSL2,2.1,2.16,-0.027,0.9453509512963576,0.9660154024109202
TOMM7,245.26,246.02,-0.004,0.9453509512963576,0.9660154024109202
SGCB,26.68,27.53,-0.043,0.9453509512963576,0.9660154024109202
LRRN1,6.7,5.89,0.159,0.9453509512963576,0.9660154024109202
MTAP,5.93,6.3,-0.076,0.9453509512963576,0.9660154024109202
PDZD11,98.35,99.85,-0.022,0.9453509512963576,0.9660154024109202
TRIM17,5.19,4.33,0.216,0.9453509512963576,0.9660154024109202
ZGPAT,4.61,4.74,-0.033,0.9453509512963576,0.9660154024109202
CLECL1,1.47,1.39,0.046,0.9453507719235263,0.9660154024109202
KCNJ12,1.46,1.5,-0.028,0.9453509512963576,0.9660154024109202
SLC16A6,2.73,3.09,-0.131,0.9453509512963576,0.9660154024109202
ADCY1,0.98,1.39,-0.273,0.9453507719235263,0.9660154024109202
RTRAF,39.3,42.72,-0.118,0.9453509512963576,0.9660154024109202
FAHD1,27.61,27.99,-0.019,0.9453509512963576,0.9660154024109202
CHN1,7.18,6.79,0.071,0.9453509512963576,0.9660154024109202
ZCCHC17,47.3,49.05,-0.052,0.9453509512963576,0.9660154024109202
LMLN,5.79,6.05,-0.053,0.9453509512963576,0.9660154024109202
CHMP1B,75.83,75.97,-0.003,0.9453509512963576,0.9660154024109202
TRMT2B,21.4,20.89,0.034,0.9453509512963576,0.9660154024109202
PGS1,22.22,23.52,-0.079,0.9453509512963576,0.9660154024109202
NME4,72.06,74.44,-0.046,0.9453509512963576,0.9660154024109202
PRDM2,16.04,16.63,-0.049,0.9453509512963576,0.9660154024109202
PPM1H,13.53,11.89,0.172,0.9453509512963576,0.9660154024109202
PHLPP2,2.38,2.33,0.024,0.9453509512963576,0.9660154024109202
HDAC9,3.18,3.28,-0.033,0.9453509512963576,0.9660154024109202
CILP,12.02,10.56,0.171,0.9453509512963576,0.9660154024109202
SGTB,5.95,6.19,-0.051,0.9453509512963576,0.9660154024109202
GRAMD1B,3.41,1.56,0.784,0.9453509512963576,0.9660154024109202
FASTKD3,13.07,13.84,-0.077,0.9453509512963576,0.9660154024109202
CEP57,14.37,13.99,0.036,0.9453509512963576,0.9660154024109202
FP565260.1,1.64,1.89,-0.135,0.945350592548929,0.9660154024109202
LIX1,0.1,2.62,-1.724,0.9481274452980942,0.968787428637699
ASB16,1.84,1.94,-0.048,0.9482228939758683,0.9688198001462924
TUBA4A,80.59,79.03,0.028,0.9510958495506706,0.9698636983840082
CD24,256.44,292.98,-0.191,0.9510958495506706,0.9698636983840082
NPEPL1,3.35,3.49,-0.043,0.9510958495506706,0.9698636983840082
STOX1,4.7,6.14,-0.326,0.9510958495506706,0.9698636983840082
ACADL,5.13,2.81,0.687,0.951095207274391,0.9698636983840082
ING5,10.07,9.64,0.057,0.9510958495506706,0.9698636983840082
PLAA,22.13,22.42,-0.018,0.9510958495506706,0.9698636983840082
AC233723.1,1.93,1.84,0.046,0.9510956889839731,0.9698636983840082
CALM3,114.5,109.72,0.061,0.9510958495506706,0.9698636983840082
LDLR,56.71,56.14,0.014,0.9510958495506706,0.9698636983840082
PATL2,1.6,1.65,-0.026,0.9510958495506706,0.9698636983840082
PFKP,60.67,46.38,0.38,0.9510958495506706,0.9698636983840082
SLC25A27,3.49,3.6,-0.036,0.9510958495506706,0.9698636983840082
NCEH1,38.79,42.51,-0.129,0.9510958495506706,0.9698636983840082
ZNF30,5.14,5.09,0.011,0.9510958495506706,0.9698636983840082
CREM,13.84,13.86,-0.003,0.9510958495506706,0.9698636983840082
ZNF775,4.61,4.96,-0.088,0.9510958495506706,0.9698636983840082
BORCS8,7.01,6.68,0.061,0.9510958495506706,0.9698636983840082
SWT1,5.99,5.95,0.009,0.9510958495506706,0.9698636983840082
ZNF766,9.45,9.94,-0.066,0.9510958495506706,0.9698636983840082
RPAIN,9.65,9.55,0.013,0.9510958495506706,0.9698636983840082
DEGS1,121.15,118.59,0.031,0.9510958495506706,0.9698636983840082
DDX23,80.71,75.72,0.091,0.9510958495506706,0.9698636983840082
PHLDA3,74.98,78.41,-0.064,0.9510958495506706,0.9698636983840082
C19orf12,15.42,18.06,-0.216,0.9510958495506706,0.9698636983840082
TRIO,23.75,23.01,0.044,0.9510958495506706,0.9698636983840082
RNASEH1,15.55,16.76,-0.101,0.9510958495506706,0.9698636983840082
ZNF646,11.62,11.19,0.05,0.9510958495506706,0.9698636983840082
NUAK2,24.48,25.97,-0.082,0.9510958495506706,0.9698636983840082
MTG1,2.11,1.93,0.087,0.9568432906115949,0.9724610418263403
ARHGAP30,24.29,25.36,-0.06,0.9568432906115949,0.9724610418263403
COL28A1,3.69,3.83,-0.042,0.9568432906115949,0.9724610418263403
GBP4,35.2,40.36,-0.192,0.9568432906115949,0.9724610418263403
ENGASE,18.3,16.86,0.112,0.9568432906115949,0.9724610418263403
ABL2,8.1,8.33,-0.037,0.9568432906115949,0.9724610418263403
TBC1D2B,16.98,16.7,0.023,0.9568432906115949,0.9724610418263403
CSNK1G3,19.33,20.05,-0.051,0.9568432906115949,0.9724610418263403
BOLA1,36.44,38.46,-0.076,0.9568432906115949,0.9724610418263403
TAC1,0.4,5.79,-2.282,0.9562070593253259,0.9724610418263403
MYO1E,25.66,22.09,0.207,0.9568432906115949,0.9724610418263403
ANKRD36C,1.5,1.33,0.099,0.9568432906115949,0.9724610418263403
TTC12,7.46,8.06,-0.1,0.9568432906115949,0.9724610418263403
C11orf71,9.81,10.54,-0.094,0.9568432906115949,0.9724610418263403
TACR1,1.16,1.25,-0.062,0.95396911970619,0.9724610418263403
NIPSNAP3A,30.39,30.05,0.015,0.9568432906115949,0.9724610418263403
SAFB2,27.44,27.4,0.002,0.9568432906115949,0.9724610418263403
ATG4B,27.28,26.99,0.015,0.9568432906115949,0.9724610418263403
MFSD3,33.63,33.58,0.002,0.9568432906115949,0.9724610418263403
GRINA,297.39,290.18,0.035,0.9568432906115949,0.9724610418263403
CUX1,28.84,30.31,-0.069,0.9568432906115949,0.9724610418263403
KIF3B,38.21,38.18,0.001,0.9568432906115949,0.9724610418263403
FNDC1,23.24,16.17,0.498,0.9568432906115949,0.9724610418263403
CR2,6.76,7.0,-0.045,0.9568432906115949,0.9724610418263403
SYNGR3,4.03,4.01,0.006,0.9568432906115949,0.9724610418263403
RNF220,15.51,15.74,-0.02,0.9568432906115949,0.9724610418263403
FAH,14.8,14.8,-0.001,0.9568432906115949,0.9724610418263403
TRIM66,3.36,3.46,-0.031,0.9568432906115949,0.9724610418263403
PNMA1,45.3,48.28,-0.09,0.9568432906115949,0.9724610418263403
BTF3L4,31.79,32.81,-0.044,0.9568432906115949,0.9724610418263403
CLMP,10.8,11.89,-0.127,0.9568432906115949,0.9724610418263403
ZNF587,8.19,8.09,0.015,0.9568432906115949,0.9724610418263403
PPM1D,11.55,11.34,0.024,0.9568432906115949,0.9724610418263403
WIPF1,22.17,22.3,-0.008,0.9568432906115949,0.9724610418263403
IL1RL2,3.8,3.87,-0.022,0.9568432906115949,0.9724610418263403
RNASEK,2.24,2.27,-0.015,0.9568432906115949,0.9724610418263403
ATP5F1E,133.02,136.09,-0.033,0.9568432906115949,0.9724610418263403
PDZRN3,6.43,6.89,-0.087,0.9568432906115949,0.9724610418263403
NLRC3,3.51,3.5,0.002,0.9568432906115949,0.9724610418263403
BEND5,4.8,5.63,-0.193,0.9568432906115949,0.9724610418263403
MIOS,15.12,15.53,-0.036,0.9568432906115949,0.9724610418263403
SPAG8,3.08,3.32,-0.081,0.9568431488760774,0.9724610418263403
FUNDC1,44.65,44.01,0.02,0.9568432906115949,0.9724610418263403
MTCH1,241.6,236.53,0.03,0.9568432906115949,0.9724610418263403
AGPS,22.58,23.25,-0.041,0.9568432906115949,0.9724610418263403
MAP3K2,19.0,19.1,-0.008,0.9568432906115949,0.9724610418263403
MED6,11.96,13.9,-0.201,0.9568432906115949,0.9724610418263403
AP5B1,21.74,21.85,-0.007,0.9568432906115949,0.9724610418263403
FAM200B,5.66,5.94,-0.059,0.9568432906115949,0.9724610418263403
RPL13,717.36,791.56,-0.142,0.9568432906115949,0.9724610418263403
SPESP1,2.29,3.56,-0.473,0.9597177392038521,0.9752519304209836
WNK4,0.82,1.03,-0.155,0.9597177392038521,0.9752519304209836
CALR,1215.77,1171.52,0.053,0.9625929762600642,0.9765408045084907
CCDC25,21.0,21.35,-0.023,0.9625929762600642,0.9765408045084907
SLC6A6,36.21,38.8,-0.097,0.9625929762600642,0.9765408045084907
LSM3,34.83,34.64,0.008,0.9625929762600642,0.9765408045084907
RMND1,13.21,12.6,0.063,0.9625929762600642,0.9765408045084907
YY2,0.94,1.02,-0.06,0.9625929762600642,0.9765408045084907
SP2,28.99,27.81,0.058,0.9625929762600642,0.9765408045084907
FRK,8.43,8.35,0.012,0.9625929762600642,0.9765408045084907
NEMF,8.33,8.3,0.005,0.9625929762600642,0.9765408045084907
MRPS18C,2.74,2.84,-0.038,0.9625929762600642,0.9765408045084907
RPS9,566.32,558.24,0.021,0.9625929762600642,0.9765408045084907
PRPF3,33.32,33.04,0.012,0.9625929762600642,0.9765408045084907
HDC,2.64,2.84,-0.076,0.9625929762600642,0.9765408045084907
INHBA,23.81,19.96,0.244,0.9625929762600642,0.9765408045084907
RNF40,37.36,35.21,0.083,0.9625929762600642,0.9765408045084907
ZNF311,2.83,2.84,-0.003,0.9625929762600642,0.9765408045084907
TIPARP,72.38,44.16,0.7,0.9625929762600642,0.9765408045084907
ZNF445,4.36,4.46,-0.029,0.9625929762600642,0.9765408045084907
RNF24,16.55,16.32,0.018,0.9625929762600642,0.9765408045084907
SYNPO2,4.38,9.2,-0.923,0.9625929762600642,0.9765408045084907
PPEF1,1.09,1.63,-0.329,0.9625929762600642,0.9765408045084907
PARS2,10.4,9.9,0.066,0.9625929762600642,0.9765408045084907
TRAPPC2L,24.9,26.21,-0.071,0.9625929762600642,0.9765408045084907
CABIN1,32.31,31.44,0.038,0.9625929762600642,0.9765408045084907
SOCS5,13.1,14.18,-0.106,0.9625929762600642,0.9765408045084907
SELENOP,32.09,37.74,-0.227,0.9654684540659362,0.9793271613448904
HAMP,1.73,1.55,0.097,0.9654684540659362,0.9793271613448904
AUTS2,9.16,8.38,0.115,0.968344607926794,0.9797588990564585
KCNK13,2.07,2.09,-0.008,0.968344607926794,0.9797588990564585
PSMA1,15.25,14.95,0.026,0.968344607926794,0.9797588990564585
CTIF,13.97,14.17,-0.02,0.968344607926794,0.9797588990564585
CLCN3,30.51,30.7,-0.009,0.968344607926794,0.9797588990564585
ORAI3,13.32,14.09,-0.076,0.968344607926794,0.9797588990564585
ZNF229,4.1,4.35,-0.069,0.968344607926794,0.9797588990564585
SCT,3.79,2.84,0.319,0.968344607926794,0.9797588990564585
DHRS3,103.71,104.89,-0.016,0.968344607926794,0.9797588990564585
KIAA2013,75.21,73.86,0.026,0.968344607926794,0.9797588990564585
CCDC127,10.05,9.77,0.037,0.968344607926794,0.9797588990564585
FABP6,13.59,16.19,-0.236,0.968344607926794,0.9797588990564585
GSTZ1,8.17,8.03,0.021,0.968344607926794,0.9797588990564585
CPSF1,54.74,51.94,0.074,0.968344607926794,0.9797588990564585
ZNF566,4.0,4.28,-0.077,0.968344607926794,0.9797588990564585
SIKE1,22.06,22.38,-0.02,0.968344607926794,0.9797588990564585
AJAP1,0.17,1.61,-1.16,0.968344607926794,0.9797588990564585
EXOC4,25.65,26.27,-0.034,0.968344607926794,0.9797588990564585
DUSP26,1.13,1.31,-0.116,0.968344607926794,0.9797588990564585
JPT2,107.49,104.09,0.046,0.968344607926794,0.9797588990564585
FGF5,0.52,1.71,-0.832,0.9676409798303196,0.9797588990564585
MRPL52,37.88,42.39,-0.158,0.968344607926794,0.9797588990564585
TUBB4B,541.38,570.52,-0.075,0.968344607926794,0.9797588990564585
RPL27,1102.2,1032.34,0.094,0.968344607926794,0.9797588990564585
LACC1,6.38,6.71,-0.062,0.968344607926794,0.9797588990564585
CARS2,13.15,14.06,-0.09,0.968344607926794,0.9797588990564585
CAVIN1,274.38,271.07,0.017,0.968344607926794,0.9797588990564585
TLK1,22.05,22.4,-0.021,0.968344607926794,0.9797588990564585
ARHGAP21,20.74,19.87,0.059,0.968344607926794,0.9797588990564585
TMCC1,17.99,17.53,0.035,0.968344607926794,0.9797588990564585
FOXP2,1.67,1.77,-0.056,0.968344607926794,0.9797588990564585
RBM8A,35.87,35.67,0.008,0.968344607926794,0.9797588990564585
CCDC122,2.24,2.24,0.0,0.968344607926794,0.9797588990564585
EIF2S3B,0.74,1.22,-0.344,0.968344607926794,0.9797588990564585
DECR1,32.42,32.63,-0.009,0.968344607926794,0.9797588990564585
PEG10,61.02,81.15,-0.406,0.968344607926794,0.9797588990564585
RBBP9,27.44,27.69,-0.013,0.968344607926794,0.9797588990564585
GPR143,6.17,8.75,-0.445,0.968344607926794,0.9797588990564585
DLK1,43.06,51.43,-0.251,0.9697770302238119,0.9811428660977808
TNFRSF13B,1.05,1.09,-0.027,0.9712201144154243,0.9825374349656107
CCDC191,5.04,5.35,-0.073,0.9740978867387935,0.9840072601876655
IRF2BP1,37.72,38.0,-0.01,0.9740978867387935,0.9840072601876655
CNST,19.73,20.95,-0.083,0.9740978867387935,0.9840072601876655
ECT2L,2.09,2.35,-0.113,0.9740978867387935,0.9840072601876655
TICAM1,36.45,36.85,-0.016,0.9740978867387935,0.9840072601876655
DDOST,351.49,335.83,0.066,0.9740978867387935,0.9840072601876655
WDR26,42.27,42.1,0.006,0.9740978867387935,0.9840072601876655
SMIM29,48.24,47.87,0.011,0.9740978867387935,0.9840072601876655
ENO2,65.01,55.42,0.226,0.9740978867387935,0.9840072601876655
HMG20B,53.14,53.82,-0.018,0.9740978867387935,0.9840072601876655
DAB2IP,28.18,29.71,-0.074,0.9740978867387935,0.9840072601876655
ZNF687,27.95,26.71,0.063,0.9740978867387935,0.9840072601876655
F8A1,18.95,18.64,0.023,0.9740978867387935,0.9840072601876655
PBX2,45.29,43.36,0.061,0.9740978867387935,0.9840072601876655
HNRNPF,257.19,268.7,-0.063,0.9740978867387935,0.9840072601876655
FEZF1,2.96,3.44,-0.167,0.9740931186677452,0.9840072601876655
TCEAL4,84.48,83.23,0.021,0.9740978867387935,0.9840072601876655
CTDP1,16.87,16.58,0.024,0.9740978867387935,0.9840072601876655
DACT1,7.12,7.49,-0.064,0.9740978867387935,0.9840072601876655
TTC31,16.98,16.78,0.016,0.9740978867387935,0.9840072601876655
NUDT18,18.29,19.12,-0.061,0.9740978867387935,0.9840072601876655
CECR2,4.42,3.8,0.175,0.9740978867387935,0.9840072601876655
BNC2,1.71,1.9,-0.096,0.97697497468336,0.9867167978703908
CFAP161,1.81,1.88,-0.035,0.9769739908857159,0.9867167978703908
CD244,2.41,2.34,0.033,0.97697497468336,0.9867167978703908
ZNF619,3.31,3.44,-0.043,0.979852513565955,0.9872603779168085
PLAAT2,18.49,11.19,0.677,0.979852513565955,0.9872603779168085
AKIP1,27.71,29.96,-0.109,0.979852513565955,0.9872603779168085
SEMA7A,17.49,17.02,0.037,0.979852513565955,0.9872603779168085
PHF23,45.46,45.76,-0.009,0.979852513565955,0.9872603779168085
NFIX,46.49,46.02,0.014,0.979852513565955,0.9872603779168085
RO60,13.37,13.84,-0.047,0.979852513565955,0.9872603779168085
LSM8,7.23,7.71,-0.081,0.979852513565955,0.9872603779168085
UBQLN2,50.01,51.41,-0.039,0.979852513565955,0.9872603779168085
TMED8,12.2,12.59,-0.042,0.979852513565955,0.9872603779168085
DCP1B,9.18,9.68,-0.069,0.979852513565955,0.9872603779168085
MRPL23,30.29,29.75,0.025,0.979852513565955,0.9872603779168085
ZNF484,5.28,4.66,0.148,0.9798524473469122,0.9872603779168085
CCDC106,16.9,16.99,-0.007,0.979852513565955,0.9872603779168085
WDR97,1.57,0.97,0.385,0.979852513565955,0.9872603779168085
PSMB9,65.79,61.92,0.086,0.979852513565955,0.9872603779168085
GPT,2.04,2.46,-0.185,0.979852513565955,0.9872603779168085
VAMP4,16.57,17.15,-0.047,0.979852513565955,0.9872603779168085
MLH3,7.1,7.1,0.001,0.979852513565955,0.9872603779168085
FAM50B,20.76,21.88,-0.072,0.979852513565955,0.9872603779168085
GGA1,24.93,24.06,0.049,0.979852513565955,0.9872603779168085
PSD,2.53,2.75,-0.087,0.979852513565955,0.9872603779168085
ZCCHC10,20.26,20.59,-0.022,0.979852513565955,0.9872603779168085
COMMD1,30.18,31.49,-0.059,0.979852513565955,0.9872603779168085
MYO9B,31.59,32.59,-0.044,0.979852513565955,0.9872603779168085
PTPA,80.0,79.1,0.016,0.979852513565955,0.9872603779168085
FBXW2,21.07,20.66,0.027,0.979852513565955,0.9872603779168085
RBMS1,25.74,25.19,0.03,0.979852513565955,0.9872603779168085
TTC39B,7.31,8.11,-0.133,0.979852513565955,0.9872603779168085
PFKL,71.39,77.47,-0.116,0.979852513565955,0.9872603779168085
FANCF,16.78,16.83,-0.004,0.979852513565955,0.9872603779168085
CYTIP,19.11,19.68,-0.04,0.979852513565955,0.9872603779168085
AMDHD1,1.18,2.36,-0.627,0.979852513565955,0.9872603779168085
SRSF11,55.03,55.53,-0.013,0.979852513565955,0.9872603779168085
RBM6,30.76,31.48,-0.032,0.979852513565955,0.9872603779168085
PRR18,0.78,1.43,-0.45,0.9798469488892148,0.9872603779168085
PAH,0.49,1.19,-0.557,0.9826749134268834,0.9900384588656922
ADTRP,3.96,5.85,-0.467,0.9856081890677121,0.9910221850764891
TUBG2,24.28,22.93,0.079,0.9856081890677121,0.9910221850764891
ZNF622,75.57,78.29,-0.051,0.9856081890677121,0.9910221850764891
ING4,36.67,40.51,-0.14,0.9856081890677121,0.9910221850764891
ALDH9A1,73.5,78.65,-0.096,0.9856081890677121,0.9910221850764891
FBXO21,29.21,29.65,-0.021,0.9856081890677121,0.9910221850764891
LILRB1,6.7,7.41,-0.127,0.9856081890677121,0.9910221850764891
RPS29,94.17,94.14,0.001,0.9856081890677121,0.9910221850764891
ZNF260,16.12,16.76,-0.053,0.9856081890677121,0.9910221850764891
S100PBP,10.21,9.68,0.07,0.9856081890677121,0.9910221850764891
LBHD1,1.72,1.57,0.08,0.9856081890677121,0.9910221850764891
SMIM10L2B,2.72,2.85,-0.051,0.9856081890677121,0.9910221850764891
SSH2,10.03,10.08,-0.008,0.9856081890677121,0.9910221850764891
PAXX,69.37,70.68,-0.027,0.9856081890677121,0.9910221850764891
ZNF772,4.5,4.76,-0.065,0.9856081890677121,0.9910221850764891
ACYP2,5.85,5.88,-0.007,0.9856081890677121,0.9910221850764891
VMAC,8.13,8.19,-0.009,0.9856081890677121,0.9910221850764891
KDM4B,10.58,10.58,-0.0,0.9856081890677121,0.9910221850764891
IL33,40.47,30.49,0.397,0.9856081890677121,0.9910221850764891
FMNL2,28.71,27.99,0.035,0.9856081890677121,0.9910221850764891
ZMAT2,140.94,149.19,-0.082,0.9856081890677121,0.9910221850764891
CHMP4A,1.52,1.59,-0.04,0.9856081890677121,0.9910221850764891
COA4,72.09,71.16,0.019,0.9856081890677121,0.9910221850764891
CHRNA10,1.0,1.03,-0.017,0.9856081890677121,0.9910221850764891
CNPY3,186.56,169.41,0.138,0.9856081890677121,0.9910221850764891
FAM3A,34.69,35.91,-0.048,0.9856081890677121,0.9910221850764891
CST4,2.72,3.82,-0.374,0.9855236705696956,0.9910221850764891
EPN1,27.64,27.29,0.018,0.9856081890677121,0.9910221850764891
FFAR2,3.19,3.05,0.052,0.9856081890677121,0.9910221850764891
ZBTB43,9.96,9.84,0.016,0.9856081890677121,0.9910221850764891
PSPN,2.25,2.34,-0.038,0.9884862886340039,0.9938503198475562
ZNF768,58.89,55.33,0.089,0.9913646137397506,0.9947693399741121
PEX1,8.56,8.1,0.072,0.9913646137397506,0.9947693399741121
CCN3,9.31,10.45,-0.152,0.9913646137397506,0.9947693399741121
WASHC5,42.94,37.02,0.209,0.9913646137397506,0.9947693399741121
SLC14A2,2.41,0.26,1.439,0.9913629668321169,0.9947693399741121
RIBC2,7.03,5.95,0.209,0.9913646137397506,0.9947693399741121
XPA,20.11,23.67,-0.225,0.9913646137397506,0.9947693399741121
ATPAF1,27.94,27.1,0.043,0.9913646137397506,0.9947693399741121
DNAJC30,16.74,17.38,-0.051,0.9913646137397506,0.9947693399741121
MKNK2,129.31,128.15,0.013,0.9913646137397506,0.9947693399741121
KRT40,4.1,0.99,1.356,0.9913542623477508,0.9947693399741121
NDUFB11,288.35,288.96,-0.003,0.9913646137397506,0.9947693399741121
ESPN,8.34,8.23,0.016,0.9913646137397506,0.9947693399741121
RPS14,450.34,415.92,0.114,0.9913646137397506,0.9947693399741121
CCDC146,6.76,8.21,-0.247,0.9913646137397506,0.9947693399741121
HAX1,147.39,154.45,-0.067,0.9913646137397506,0.9947693399741121
CWC27,18.03,18.9,-0.065,0.9913646137397506,0.9947693399741121
NDUFS5,670.29,676.89,-0.014,0.9913646137397506,0.9947693399741121
MAP2K4,19.56,19.54,0.001,0.9913646137397506,0.9947693399741121
LGR6,4.05,15.42,-1.702,0.9913646137397506,0.9947693399741121
CNOT10,16.5,16.78,-0.023,0.9913646137397506,0.9947693399741121
PSMD5,35.29,34.75,0.022,0.9913646137397506,0.9947693399741121
RAB36,11.89,12.99,-0.119,0.9913646137397506,0.9947693399741121
SLC25A51,7.6,8.28,-0.11,0.9913646137397506,0.9947693399741121
ARID3A,9.53,8.08,0.214,0.9913646137397506,0.9947693399741121
TLL1,1.27,1.22,0.032,0.9913645853527724,0.9947693399741121
MAP4K5,17.39,17.19,0.016,0.9913646137397506,0.9947693399741121
FAM133A,4.87,3.16,0.496,0.9913599260972407,0.9947693399741121
DLST,68.43,70.47,-0.042,0.9913646137397506,0.9947693399741121
RRAGD,19.88,19.48,0.028,0.9913646137397506,0.9947693399741121
SLITRK3,0.22,1.39,-0.972,0.9942300437956039,0.9975258413026363
PDCL,26.32,26.03,0.015,0.99424299446099,0.9975258413026363
IMPDH1,78.74,78.21,0.01,0.9971214879607636,0.9983700254769924
IMPA2,63.52,61.16,0.054,0.9971214879607636,0.9983700254769924
ZNF683,3.11,3.21,-0.035,0.9971214879607636,0.9983700254769924
KCTD13,12.42,12.19,0.025,0.9971214879607636,0.9983700254769924
ELOVL3,2.77,2.07,0.295,0.9971214879607636,0.9983700254769924
S1PR3,4.82,5.37,-0.129,0.9971214879607636,0.9983700254769924
CWC22,31.18,28.77,0.112,0.9971214879607636,0.9983700254769924
TRIM26,55.91,54.95,0.024,0.9971214879607636,0.9983700254769924
PLCB3,36.63,37.61,-0.037,0.9971214879607636,0.9983700254769924
INSIG1,55.25,55.93,-0.017,0.9971214879607636,0.9983700254769924
ADRB2,17.91,14.61,0.277,0.9971214879607636,0.9983700254769924
SCAI,3.66,3.51,0.048,0.9971214879607636,0.9983700254769924
USP47,11.98,12.1,-0.013,0.9971214879607636,0.9983700254769924
ZNF419,3.36,3.6,-0.077,0.9971214879607636,0.9983700254769924
OSR2,7.32,8.31,-0.162,0.9971214879607636,0.9983700254769924
EIF2B1,51.89,50.78,0.03,0.9971214879607636,0.9983700254769924
BRICD5,3.07,3.02,0.017,0.9971214879607636,0.9983700254769924
LGALS1,834.63,848.72,-0.024,0.9971214879607636,0.9983700254769924
B4GALT5,97.2,86.46,0.167,0.9971214879607636,0.9983700254769924
CD320,54.29,48.54,0.159,0.9971214879607636,0.9983700254769924
HTATSF1,87.82,85.97,0.03,0.9971214879607636,0.9983700254769924
CD209,3.41,4.18,-0.233,0.9971214879607636,0.9983700254769924
PSMA3,88.74,96.02,-0.113,0.9971214879607636,0.9983700254769924
ZNF217,51.46,40.32,0.344,0.9971214879607636,0.9983700254769924
MED9,9.94,10.33,-0.05,0.9971214879607636,0.9983700254769924
ZBTB40,11.75,11.83,-0.009,0.9971214879607636,0.9983700254769924
LRP1,64.98,63.72,0.028,0.9971214879607636,0.9983700254769924
MBNL3,7.39,6.35,0.192,0.9971214879607636,0.9983700254769924
PDGFRA,14.07,14.03,0.004,0.9971214879607636,0.9983700254769924
HMOX2,54.41,54.03,0.01,0.9971214879607636,0.9983700254769924
SHMT1,16.44,14.96,0.127,0.9971214879607636,0.9983700254769924
DDX43,2.09,2.13,-0.021,1.0,1.0
ZNF283,2.36,2.72,-0.145,1.0,1.0
ZC3HC1,17.92,17.89,0.002,1.0,1.0
EIF4G2,397.05,394.71,0.008,1.0,1.0
POLR3C,26.02,25.67,0.019,1.0,1.0
SEPTIN9,92.88,88.12,0.075,1.0,1.0
PCDHB4,2.91,3.09,-0.067,1.0,1.0
PPP2CA,66.84,68.75,-0.04,1.0,1.0
TVP23C,1.35,1.42,-0.043,1.0,1.0
ELOF1,34.94,36.43,-0.059,1.0,1.0
LRRC40,21.77,21.92,-0.01,1.0,1.0
C17orf113,2.42,2.53,-0.044,1.0,1.0
SGCG,2.65,2.73,-0.031,1.0,1.0
CIAO1,65.75,68.03,-0.048,1.0,1.0
AP1S1,113.17,117.4,-0.053,1.0,1.0
LYNX1,8.7,9.67,-0.138,1.0,1.0
H2AJ,46.95,53.05,-0.173,1.0,1.0
KCNE3,11.11,14.45,-0.352,1.0,1.0
EOLA1,7.57,7.83,-0.044,1.0,1.0
