gene,R2_loo
CACFD1,0.2658
PKP1,0.2364
MTURN,0.2358
SORBS2,0.2173
PPP1R9A,0.2149
KRT5,0.2148
ARSD,0.2103
TMEM40,0.2085
GLOD5,0.2083
ARHGEF2,0.208
CERS3,0.207
KLHDC9,0.2064
TMEM53,0.2037
MAGEA4,0.203
APOH,0.2028
KRT6A,0.1976
TMPRSS11F,0.1949
GJB5,0.1896
C9orf152,0.1853
FNBP1L,0.1852
DSC3,0.1805
SORT1,0.1797
RHOU,0.1796
DAPL1,0.1765
C11orf54,0.1765
FAM174B,0.1749
SLAIN1,0.1714
KRT17,0.1706
ALPK3,0.1694
PBXIP1,0.1683
DSG3,0.1673
FMO5,0.1665
SH3BGRL2,0.1654
IGFALS,0.1646
MMP9,0.1627
SEMA3F,0.1624
RASEF,0.1612
CD55,0.1599
KRT15,0.1598
HNF1B,0.1598
TRIP13,0.1584
ARFGEF3,0.1581
MCM5,0.1576
SHE,0.1571
ARHGEF38,0.1569
FAM184A,0.1565
MGLL,0.1549
DDAH1,0.1545
SPRR1B,0.1534
UCN2,0.1532
SLC44A3,0.1514
ESCO2,0.15
MAGEA11,0.1491
PTPRZ1,0.1479
TMPRSS11A,0.1476
C3orf18,0.1475
IGSF11,0.1471
TOX3,0.1462
TP63,0.1457
DQX1,0.1456
MACO1,0.1455
MYBPHL,0.1452
CDCA4,0.1451
SH2D2A,0.1447
CALML3,0.1437
ADGRD1,0.1421
GGTLC1,0.1421
KIAA0319L,0.1412
RPS6KA2,0.1408
CCNJL,0.1408
AFF3,0.1405
UBE2S,0.1404
ABCC6,0.1399
MAMDC2,0.1388
QSOX1,0.1385
CAPN2,0.1377
ZSWIM5,0.1358
BTBD9,0.1352
PNMA2,0.1351
UCK2,0.135
CCDC125,0.135
ST3GAL5,0.1347
PRSS8,0.1345
ANXA11,0.1334
CHAC2,0.1332
ZNF75D,0.133
CCL26,0.1325
CDX1,0.1321
RPL8,0.132
TMEM59,0.1314
BNC1,0.1306
ICA1,0.1302
AK1,0.1301
POLR3GL,0.1301
NTS,0.1299
TMEM163,0.1299
SMIM14,0.1298
CENPM,0.1289
TMEM233,0.1281
SIRT4,0.128
MOCOS,0.1275
ADA,0.1271
XK,0.1269
TMEM125,0.1269
SFN,0.1269
CRYM,0.1262
CCDC149,0.1256
MACC1,0.1253
SERPINB13,0.1249
MLPH,0.1247
ACADM,0.1245
ERICH2,0.1245
PLXNA2,0.1242
ELFN2,0.1241
RHCG,0.1237
GBP6,0.1236
DLG3,0.1232
MBIP,0.1232
CSTA,0.1231
KCNK5,0.1228
TMEM205,0.1228
PDE4DIP,0.1225
ZNF69,0.1223
C19orf84,0.1223
GPR87,0.1217
RPL28,0.1217
ERBB3,0.1214
HPCAL1,0.1214
CLCA2,0.1213
KIR2DL4,0.1212
RGN,0.1208
LPL,0.1201
SPRR1A,0.12
CDKL5,0.1197
FOXP1,0.1193
DISP1,0.1193
CDC45,0.1192
METTL8,0.1191
AKTIP,0.119
LRRC27,0.1188
PCDH1,0.1183
ORMDL3,0.1174
C1orf116,0.1172
CDCA2,0.1167
RPS2,0.1153
SLC9A3R2,0.1146
FZD5,0.1145
EDARADD,0.1143
TDRD10,0.114
PGM2,0.1139
CXXC5,0.1138
CADPS2,0.1138
KRT13,0.1137
CYC1,0.1135
KLHDC7A,0.1135
BIRC5,0.1131
RAB17,0.1129
RHOV,0.1127
LCE3A,0.1125
B4GAT1,0.1124
CABLES1,0.1122
SNX31,0.1121
TMEM243,0.1121
MMP24,0.1119
FAU,0.1114
PTP4A2,0.1114
ENPP5,0.1112
NECTIN1,0.1109
ACP2,0.1105
CD151,0.1103
CDK1,0.1102
TMPRSS11D,0.11
GPRC5C,0.1096
GAPDH,0.1094
SERPINB5,0.1089
ERGIC1,0.1088
ZG16B,0.1085
CDC25A,0.1083
SHH,0.1079
FGFBP1,0.1078
TCEA3,0.1077
RDH14,0.1077
GRAMD2B,0.1075
TDO2,0.1071
PLEKHA6,0.107
LEFTY2,0.107
PRKAR1A,0.107
UFC1,0.1069
RPSA,0.1069
GOLT1A,0.1065
PNCK,0.1064
MAD2L1,0.1063
PAM,0.1061
TNS4,0.106
FAT2,0.1058
SCP2,0.1057
IRF6,0.1056
ZNF880,0.1056
DHRS12,0.1055
UPK1B,0.1051
ZNF581,0.105
C18orf32,0.105
TMTC3,0.1044
PDE1C,0.1044
SNAI2,0.1041
FUT2,0.1039
SELENBP1,0.1037
HROB,0.1037
TENT5A,0.1036
FANCB,0.1034
PLEKHB1,0.1033
SYNE1,0.1032
SNX25,0.1031
HR,0.1028
WNT7B,0.1017
LIMCH1,0.1011
DLX5,0.1008
NECTIN2,0.1006
LPCAT1,0.1006
ADH7,0.1005
PGAP6,0.1005
DOP1B,0.1003
PARD3B,0.1001
NKX2-1,0.1001
KRT16,0.1
TMEM45B,0.0998
CENPN,0.0992
IDH2,0.0985
ALDH6A1,0.0979
GGH,0.0979
S1PR5,0.0975
C1orf210,0.0973
FRRS1,0.0973
LTA4H,0.0973
OPHN1,0.0972
FANCI,0.0971
PERP,0.0969
GMNN,0.0968
PLEKHH2,0.0967
COL7A1,0.0966
UAP1,0.0963
MTIF3,0.0963
OXGR1,0.0961
UBTD1,0.0961
TRIM29,0.096
GALE,0.0958
HPN,0.0956
SPDYC,0.0955
CST3,0.0954
GPD1L,0.0953
CDNF,0.0951
FAM3B,0.095
CRIP2,0.095
JADE1,0.0949
NUF2,0.0948
DLC1,0.0947
SPATA6,0.0947
TDRD9,0.094
TMED9,0.0939
MXD4,0.0938
TOR4A,0.0937
CPT2,0.0933
CRACDL,0.0932
CACNA1D,0.0931
ALDH2,0.0925
APLP2,0.0925
RUVBL2,0.0922
C16orf89,0.0922
ARHGEF17,0.0921
TNFRSF12A,0.0919
RBM47,0.0919
XXYLT1,0.0918
EIF3G,0.0917
NR3C2,0.0916
RPL13,0.0912
MTHFD2,0.091
SPRR2A,0.091
ALDH3B1,0.091
CCNA2,0.0906
CYP4V2,0.0906
RUFY1,0.0904
UNC13B,0.0902
RAD51,0.0897
CREB3L4,0.0897
ENG,0.0896
BTD,0.0893
FOXA2,0.0892
ARNTL2,0.0891
RAD51AP1,0.0891
LRRC75A,0.089
FOLR1,0.0887
BLM,0.0887
FZD4,0.0886
NR0B2,0.0886
TMEM158,0.0884
LMO3,0.0881
SLC41A2,0.0878
SEC14L6,0.0878
CCDC112,0.0875
MELK,0.0875
UBL3,0.0874
MCM4,0.0874
SERPINB3,0.0873
SH3YL1,0.0871
AUNIP,0.0871
PEX19,0.087
AURKB,0.0869
PHF5A,0.0867
SMPD1,0.0867
RAET1L,0.0865
ZNF385B,0.0865
RPL29,0.0864
A4GALT,0.0862
FAM83C,0.0862
FEN1,0.086
PLCH1,0.086
CD47,0.0859
RIPK1,0.0859
CD99L2,0.0858
CDIN1,0.0856
NUP50,0.0854
PAK1IP1,0.0853
SFTA2,0.0852
LONRF3,0.0851
PRRG1,0.085
VSIG2,0.085
RPL36,0.0846
CA11,0.0846
GALNT10,0.0843
ANXA8,0.0842
ZNF254,0.0841
FZD6,0.0839
PAIP2B,0.0839
F11,0.0837
PPP1R14D,0.0837
GINS2,0.0836
KIT,0.0834
PBK,0.0834
CHEK2,0.0834
MAPK6,0.0833
RPH3AL,0.0832
RGCC,0.0832
HOXD11,0.083
KIFAP3,0.0829
KLHL30,0.0827
HMGA1,0.0826
ABHD14B,0.0826
CNPPD1,0.0826
ADM,0.0825
HSBP1L1,0.082
ZBTB4,0.0819
RPS15,0.0819
GRHL3,0.0819
C5,0.0818
KNL1,0.0813
TRIM26,0.0813
RARA,0.0812
NCAPH,0.0812
PDE7B,0.0811
GLMP,0.0811
NAPSA,0.0807
KPNA2,0.0805
FICD,0.0804
FAM83B,0.0804
WDHD1,0.0803
MLLT11,0.0803
GHDC,0.0803
ORC1,0.0803
PITX1,0.0801
NTRK2,0.0798
GUSB,0.0796
RPL12,0.0796
HASPIN,0.0795
ZNF460,0.0795
PACSIN2,0.0792
DLK2,0.0792
TLE2,0.0791
MAPK12,0.0788
SLC16A1,0.0787
ACSL5,0.0786
PRMT1,0.0785
C12orf56,0.0783
ATP6AP1L,0.0783
TMEM167B,0.0782
GJB6,0.0782
ATP1B3,0.078
ABO,0.078
RBKS,0.0779
H2BC11,0.0777
S100A16,0.0777
TTLL12,0.0775
FANCD2,0.0774
GJB3,0.0773
FOXM1,0.0773
MUC1,0.0773
SCNN1B,0.0773
GLMN,0.0773
THNSL2,0.077
PDK1,0.0769
DTL,0.0768
FRK,0.0767
KRT6B,0.0765
POLQ,0.0765
CST5,0.0764
JAM2,0.0764
CCDC92,0.0763
NOSTRIN,0.0762
CHADL,0.0762
SERPINB4,0.0762
CFI,0.0761
OCLN,0.076
PCLAF,0.076
ACAT1,0.0759
TMEM80,0.0758
ZNF816,0.0757
VSNL1,0.0757
VAMP2,0.0757
SLC37A1,0.0755
P2RX4,0.0754
FLT1,0.0752
CCNB2,0.0749
PGAP3,0.0747
SOAT1,0.0747
TNFRSF21,0.0747
SMIM6,0.0746
CDCA3,0.0745
TMEM132A,0.0745
CAPNS2,0.0745
KIAA0930,0.0744
ALKBH8,0.0742
PGM5,0.0742
ADRA2B,0.0742
ALDH3B2,0.0741
DHCR7,0.0741
CPAMD8,0.0739
CMSS1,0.0738
SLC6A8,0.0738
RPS5,0.0736
SLC43A3,0.0735
RGL3,0.0735
CD63,0.0732
CCNE2,0.0732
TMEM192,0.0732
DPYSL2,0.0731
CHRNB4,0.0729
EOLA1,0.0729
CAPN8,0.0729
RHOBTB2,0.0727
MYOZ1,0.0727
PPIF,0.0725
ARHGAP44,0.0725
NCMAP,0.0724
GNA14,0.0722
NME7,0.0717
C10orf99,0.0715
FOXE1,0.0715
FAM83D,0.0715
KIF23,0.0713
DAGLB,0.0713
LGALS7B,0.0712
ARX,0.0709
MGRN1,0.0707
RPL35,0.0705
NPL,0.0705
TXNDC11,0.0704
FAM149A,0.0704
GINS4,0.0701
TSPAN3,0.07
PLD1,0.07
LMNB1,0.07
MCM2,0.0698
GOLM1,0.0696
FHIT,0.0696
CDCA5,0.0694
TTK,0.0693
FZD10,0.0693
POGK,0.0687
SULT1A2,0.0686
MMS22L,0.0686
CDKN3,0.0684
SLC5A5,0.0683
VPS37C,0.068
FBP1,0.068
SH2D4A,0.0679
CTPS1,0.0679
TP53I11,0.0679
TAPT1,0.0678
RPL34,0.0675
FANCE,0.0673
MAGIX,0.0673
RHOBTB1,0.0671
HK1,0.067
RAPGEF3,0.067
AMTN,0.067
CYP2S1,0.0669
EZR,0.0668
PAFAH2,0.0667
ITGA9,0.0666
TJP3,0.0666
ZNF385A,0.0664
PPP1R7,0.0663
RALGAPA2,0.0661
ARRB1,0.066
OSBPL9,0.0659
ZFAT,0.0659
BORCS7,0.0659
MUC21,0.0656
C1GALT1C1,0.0653
RNF135,0.0652
SYNE4,0.0649
POLR3C,0.0648
ASPM,0.0648
A2ML1,0.0646
PRRT1B,0.0645
SLC2A1,0.0645
TPX2,0.0645
TESMIN,0.0644
STN1,0.0644
REEP4,0.0644
GPR39,0.0643
GNA15,0.0642
BRIP1,0.0642
SNX14,0.0641
DEPDC1,0.064
NRARP,0.0638
TICRR,0.0638
SHROOM3,0.0638
C4BPA,0.0638
GRAMD2A,0.0636
ZNF429,0.0635
CIP2A,0.0635
GAL3ST1,0.0634
RORC,0.0634
C16orf74,0.0634
SMIM1,0.0634
TSPAN4,0.0633
KIF13B,0.0632
MTFR1L,0.0631
VRK1,0.0631
TCF19,0.063
RAPGEFL1,0.063
LYRM9,0.0629
ZSCAN9,0.0628
MAGED2,0.0627
IDNK,0.0625
PRR13,0.0624
CDC20,0.0622
GLTP,0.0622
RPP40,0.0619
GJB1,0.0617
TRIM59,0.0617
TK1,0.0616
ACOXL,0.0616
TBC1D22A,0.0616
MTARC2,0.0615
EFCC1,0.0615
WDR72,0.0614
KIF18A,0.0613
STARD5,0.0612
ITGA3,0.061
RAD54L,0.061
DAP3,0.0609
ARTN,0.0609
JAG1,0.0607
MCM10,0.0607
ACSM3,0.0607
IL17D,0.0605
ADAMDEC1,0.0604
IPCEF1,0.0604
RPS25,0.0602
HOPX,0.0601
CDC7,0.0601
CENPW,0.06
FAAH2,0.0599
HOXD10,0.0599
LMO7,0.0599
ATAD3C,0.0598
SLC16A12,0.0596
TMEM219,0.0595
FRMD6,0.0595
STEAP4,0.0594
TMC5,0.0594
NKAP,0.0594
WDR75,0.0593
E2F7,0.0593
PLPP3,0.0593
SPC24,0.0592
SNRPB,0.0592
SHROOM4,0.0592
OCEL1,0.0592
SLC35C1,0.0591
NPFFR2,0.0591
ATP11A,0.0591
ZNF347,0.059
SPHK1,0.0589
CCNB1,0.0587
STARD13,0.0587
CPT1A,0.0586
VPS37B,0.0586
HSPA4L,0.0586
INKA1,0.0586
LRRFIP1,0.0586
ATP8A1,0.0586
SGSM1,0.0585
MAN2B2,0.0582
BCL11A,0.0582
HSD17B6,0.0581
CELSR1,0.058
H2AZ1,0.058
ATP2B1,0.058
MYO6,0.0579
CHDH,0.0578
TCEAL3,0.0578
MVP,0.0576
CGNL1,0.0576
GTSE1,0.0576
PARPBP,0.0576
KANK2,0.0576
AQP7,0.0574
GINS1,0.0573
MT1H,0.0573
C1QL3,0.0569
HSD17B11,0.0569
GPR108,0.0568
EPOR,0.0568
QPRT,0.0568
KRT6C,0.0567
BIK,0.0567
CLTCL1,0.0567
CLDN3,0.0565
TMEM64,0.0564
EVA1A,0.0563
HELLS,0.0563
PCYOX1,0.0563
NIBAN1,0.0562
CDT1,0.0562
GZMB,0.0561
TPMT,0.056
SDS,0.0557
TRPV4,0.0555
CLDN23,0.0555
FAM189A2,0.0554
HMGN5,0.0551
EFCAB14,0.0551
PDXDC1,0.0549
MAPK3,0.0549
VSTM2L,0.0547
DUSP12,0.0547
PCP4,0.0545
DOK4,0.0545
KRT14,0.0544
METTL22,0.0544
LLGL2,0.0544
MYO1C,0.0542
IRX3,0.0542
SLC46A1,0.054
SLC35A1,0.054
STARD10,0.0539
CTSV,0.0537
SELENOW,0.0536
SLC9A3R1,0.0536
ELAPOR2,0.0536
SECISBP2L,0.0536
PLK1,0.0535
BUB1B,0.0535
HCAR2,0.0535
ACBD4,0.0533
ZNF33A,0.0531
ARHGAP12,0.0531
GAL3ST4,0.053
YBX3,0.053
HOXD13,0.053
ZWINT,0.053
LNX2,0.0529
CTSH,0.0528
SNTB1,0.0528
PTTG1IP,0.0528
HTATSF1,0.0528
TNIP3,0.0526
SMARCA1,0.0523
GALNT12,0.0523
POLE2,0.0522
TMEM171,0.0521
COX16,0.052
SLC43A1,0.0519
RPL3,0.0519
PTHLH,0.0518
HAPLN3,0.0517
ECSCR,0.0517
ATP1A2,0.0515
MASP1,0.0514
MT-ND6,0.0514
MUC3A,0.0514
PEDS1,0.051
NPM3,0.051
THEMIS,0.0509
HDHD5,0.0507
BMP7,0.0507
ZNF681,0.0503
BCAM,0.0502
LMAN2,0.0501
ADAMTSL2,0.0501
DAPK1,0.05
HELB,0.0499
PTDSS1,0.0498
RANBP1,0.0498
CANT1,0.0498
ANKRD61,0.0495
C8B,0.0495
ECT2,0.0495
SLC25A38,0.0492
COL4A4,0.0492
PPOX,0.0492
UBE2T,0.0492
RNASE1,0.0491
ZNF33B,0.0491
NCAPG,0.049
ZNF701,0.049
ADGRF5,0.0488
FBXW4,0.0487
PARM1,0.0487
EXO1,0.0487
CEP55,0.0486
FAM216A,0.0486
DDR1,0.0485
MTERF3,0.0485
AZGP1,0.0485
CENPH,0.0484
GRWD1,0.0483
ARPIN,0.0483
GPRC5A,0.0483
C4orf33,0.0483
NIP7,0.0482
PPARA,0.0482
RPL27,0.0481
SERPINE2,0.0481
DNA2,0.0478
SPDEF,0.0477
PMM2,0.0477
YEATS4,0.0476
TRIM27,0.0475
UHMK1,0.0474
GJB4,0.0473
LYPD3,0.0473
WASF3,0.0472
CAPN1,0.0471
GNGT1,0.0469
LRRC31,0.0467
STRADB,0.0467
DLGAP5,0.0466
ANXA8L1,0.0466
YIPF1,0.0466
YPEL3,0.0465
TMEM63A,0.0465
TFAP2A,0.0465
CKS1B,0.0465
SAE1,0.0463
TAF1A,0.0462
AIFM1,0.0462
FOXD1,0.0461
IGIP,0.046
SMIM22,0.046
CA3,0.046
KLHL13,0.0459
RPL37A,0.0458
VWF,0.0457
F10,0.0456
COL15A1,0.0455
STX19,0.0454
SGMS2,0.0454
GXYLT1,0.0453
DGKA,0.0453
ADGRG3,0.0453
FAM169A,0.0453
RNF115,0.0453
SPRR3,0.0452
RAB5B,0.0452
WFDC3,0.0451
RPL31,0.045
CDS1,0.045
SLC34A2,0.045
MYMX,0.045
TMEM150A,0.0449
PRRC1,0.0449
DEDD2,0.0449
ASAH1,0.0448
SH3BP1,0.0448
ACSM1,0.0448
QDPR,0.0447
ZNF530,0.0447
NUCB1,0.0447
TNS1,0.0447
CRY1,0.0447
SLC24A3,0.0445
SLC22A3,0.0445
SLC26A9,0.0445
MIA3,0.0444
TLE6,0.0444
MYL3,0.0444
PGRMC2,0.0443
USP31,0.0442
MYO5C,0.0442
ZNF552,0.0442
ANG,0.044
TROAP,0.044
NOVA2,0.0438
NAA50,0.0438
TIMP3,0.0438
NIPAL4,0.0438
AGT,0.0437
SLC16A4,0.0437
SPRY4,0.0437
ZNF91,0.0436
C11orf49,0.0436
ARHGAP42,0.0435
DUT,0.0435
TMEM187,0.0435
ORC6,0.0434
RPL14,0.0434
RPLP1,0.0433
DOCK9,0.0433
RANGRF,0.0432
GIPC3,0.043
PODXL,0.0429
PCNA,0.0428
NEDD4L,0.0427
RSPO1,0.0427
ANLN,0.0426
TMPRSS2,0.0426
PMVK,0.0426
H6PD,0.0425
AR,0.0424
ALDH9A1,0.0424
ERLIN2,0.0424
BEAN1,0.0424
NFE2,0.0423
S100A7,0.0421
POLR1E,0.042
SIAH2,0.0417
SEMA4B,0.0417
HES2,0.0416
SUOX,0.0416
KDR,0.0416
TCN2,0.0415
ZDHHC7,0.0415
SOWAHB,0.0413
CGN,0.0412
ZNF483,0.0411
CENPI,0.0411
CEL,0.0409
SVIP,0.0409
ATXN10,0.0408
RFK,0.0407
RRP9,0.0407
SLC39A14,0.0407
PKMYT1,0.0406
SNX30,0.0406
HECW2,0.0405
KRT7,0.0405
CENPO,0.0403
SERPINB6,0.0403
RPS28,0.0403
GLB1,0.0403
CADM1,0.0402
PLA2G10,0.0401
TNFAIP6,0.04
EME1,0.0399
PIGM,0.0399
NEK2,0.0399
H3C2,0.0398
MPHOSPH8,0.0398
TUSC3,0.0397
JPT2,0.0397
DNER,0.0397
RAPGEF2,0.0396
PLLP,0.0395
IYD,0.0395
ADGRE5,0.0394
DENND2A,0.0394
TM2D3,0.0393
CGGBP1,0.0393
DNAJC3,0.0392
HSPB7,0.039
CDCA8,0.039
ABCA12,0.0389
MICALL1,0.0388
SDCCAG8,0.0387
FBXO27,0.0386
CDC6,0.0386
BMP5,0.0385
RACK1,0.0384
SESTD1,0.0383
TRIM36,0.0383
MARK1,0.0383
KRT77,0.0378
NFE2L2,0.0377
CDH3,0.0376
HID1,0.0376
CYP2J2,0.0376
GPC1,0.0376
ZNF792,0.0375
TTI2,0.0375
ZNF749,0.0374
RPL32,0.0373
DBF4,0.0373
SCAMP3,0.0373
GKAP1,0.0372
IKZF4,0.0372
FAM107B,0.0372
NBEA,0.0371
MMP1,0.0371
ACSS3,0.037
MRPL9,0.0369
FAM43A,0.0369
ADCY6,0.0369
PTPRM,0.0369
CISH,0.0369
LHFPL6,0.0368
DCDC2,0.0368
APOBEC3B,0.0368
ZNF888,0.0368
CNTNAP2,0.0367
SOX17,0.0367
ELOVL2,0.0366
ZMAT1,0.0365
B4GALT4,0.0363
UHRF1,0.0363
POU2AF1,0.0363
TYSND1,0.0363
FGF9,0.0362
H2AC11,0.0361
DNAJC17,0.0361
CENPL,0.036
RHBDF2,0.036
LIFR,0.036
TTC39A,0.036
SOX15,0.0359
AHCY,0.0359
ZSWIM4,0.0359
DMRT2,0.0358
ITGA8,0.0356
DNAJC12,0.0355
SSR2,0.0354
AP2M1,0.0354
TMCO4,0.0353
PCDH18,0.0353
TSPAN15,0.0351
PITPNB,0.0351
KIF20A,0.0349
MICOS13,0.0348
ZFP2,0.0348
TNS2,0.0347
ACVR1C,0.0347
BIN1,0.0347
EXOC3L2,0.0347
TMEM117,0.0346
GLCCI1,0.0345
TOPBP1,0.0342
CXCL16,0.0342
SYT17,0.034
TEF,0.0339
NECTIN3,0.0339
DENND2C,0.0338
CLDN20,0.0338
CENPF,0.0337
SMARCB1,0.0337
PARVB,0.0337
SPC25,0.0337
TRABD2A,0.0336
CYB5D2,0.0336
RPL19,0.0336
GDF10,0.0336
HNRNPH2,0.0334
NEK6,0.0334
MISP3,0.0334
NOP56,0.0332
MICAL3,0.0332
ALDH1L1,0.0332
KIF9,0.0331
MTERF4,0.0331
HDAC1,0.0331
COBL,0.033
CHEK1,0.033
EFNA5,0.0329
CDC42BPA,0.0327
SLC2A13,0.0327
DLX6,0.0326
MRPL36,0.0323
HS3ST3B1,0.0322
PIMREG,0.0322
PLK4,0.0322
EPB41L5,0.0321
HMGCL,0.0321
NXPH3,0.032
FGF18,0.0319
STS,0.0319
THOC3,0.0319
TOMM22,0.0319
LY6G6C,0.0319
FXYD3,0.0319
SRSF8,0.0319
PLA2G1B,0.0318
RPL10,0.0317
MSRB2,0.0317
UTP4,0.0315
WIPI1,0.0315
ABCD3,0.0314
NAGLU,0.0314
EMB,0.0314
EXTL2,0.0313
CD200,0.0312
UBE2C,0.0312
PRKAG2,0.0312
SUCO,0.0311
ZDHHC5,0.0311
CDKN2AIPNL,0.031
CNTN4,0.031
USP54,0.0309
CHML,0.0307
ZBTB18,0.0307
STEAP1B,0.0307
CAB39,0.0306
XG,0.0305
PIF1,0.0304
MT-ND3,0.0304
TMEM222,0.0304
AGBL3,0.0304
MRTO4,0.0304
STRIP1,0.0304
ARHGAP11A,0.0304
ADAM23,0.0303
KIFC1,0.0302
KIF18B,0.0302
BCL2L12,0.0302
NDC80,0.03
ADAMTS4,0.0299
AHCYL2,0.0299
EIF5A,0.0299
SKP2,0.0298
ANKRD2,0.0298
ZNF540,0.0297
CEMIP,0.0296
ARHGEF15,0.0296
RRM2,0.0294
MARF1,0.0293
SPTLC3,0.0293
PAPOLG,0.0291
PHGDH,0.0289
GOSR2,0.0289
RNF146,0.0288
RAD54B,0.0288
LCE3D,0.0287
GDAP1,0.0286
WWP2,0.0286
C12orf54,0.0285
HKDC1,0.0285
PRIM2,0.0285
GJA3,0.0285
RHBDF1,0.0284
DPP4,0.0284
HJURP,0.0284
PRR11,0.0283
EPB41L4A,0.0283
C6orf62,0.0282
METAP1,0.0282
CD34,0.0282
TSPAN12,0.0282
COMMD5,0.0281
PRELID1,0.0281
KLK5,0.028
PLA2G12A,0.028
PINK1,0.0277
LAMB2,0.0277
CRB3,0.0277
S100A2,0.0277
CCPG1,0.0277
FYCO1,0.0276
HAGH,0.0276
ZIC2,0.0276
PTPRB,0.0275
LATS2,0.0275
PAQR3,0.0274
BOK,0.0274
CNR1,0.0273
BCL2L15,0.0272
KIF11,0.0271
CENPK,0.0271
EPDR1,0.027
MPHOSPH6,0.027
AP1M2,0.027
ZNRD2,0.0269
KIAA1109,0.0267
FUCA1,0.0267
H2BC9,0.0267
NDE1,0.0266
TOMM40,0.0265
EZH2,0.0265
FOXN1,0.0265
LY6D,0.0265
ARSL,0.0265
LIMK2,0.0264
NTAQ1,0.0264
DUSP11,0.0264
SP5,0.0264
MTF2,0.0264
BUB1,0.0263
PLAC9,0.0263
MRPL11,0.0262
PLA2G15,0.0261
SLC44A4,0.0261
RPS8,0.026
XIAP,0.026
RPL38,0.026
AEN,0.0259
FUT6,0.0259
DUSP14,0.0259
NKX2-5,0.0258
LPAR5,0.0257
AP3B2,0.0257
ALDH1A2,0.0257
ZNF551,0.0257
JAK1,0.0257
C1orf74,0.0257
KCND2,0.0257
KCTD3,0.0256
DKC1,0.0256
SOX21,0.0255
PRR15L,0.0255
SMIM10,0.0255
GSDMC,0.0254
C1orf198,0.0254
IRS2,0.0254
DGKD,0.0253
ERBB2,0.0252
DSTN,0.0249
TCEAL1,0.0249
AP1B1,0.0249
IGBP1,0.0249
C1QTNF2,0.0248
CKAP2L,0.0248
CD9,0.0248
TP53,0.0248
PALM3,0.0248
PLEKHG6,0.0247
NEURL1,0.0247
CLIC6,0.0246
UFD1,0.0246
H3C3,0.0245
ARL4D,0.0244
NUDT12,0.0244
KIF14,0.0244
SLC4A4,0.0242
SLC20A1,0.0242
LMNA,0.0241
RFC4,0.024
PLCE1,0.024
DPPA2,0.024
CCDC86,0.0238
NCAPD2,0.0236
CTNNA1,0.0236
DENND2D,0.0236
HABP2,0.0235
ZNF396,0.0235
ADCY10,0.0235
CACNA2D2,0.0235
OAF,0.0233
PARD6G,0.0233
GREM2,0.0233
EPHA7,0.0232
KARS1,0.0232
TPP1,0.0231
PRKX,0.0231
GPX2,0.023
LPIN2,0.023
ATOH8,0.023
CHRNB1,0.0229
SCMH1,0.0229
PLIN3,0.0228
CEACAM6,0.0228
GABPB1,0.0228
DNAJC9,0.0228
ZNF726,0.0227
SLCO2A1,0.0226
DNAJC28,0.0225
LARP6,0.0225
HMGA2,0.0224
COL4A3,0.0224
PCDH12,0.0224
KLF15,0.0223
ARHGAP29,0.0223
FAAH,0.0222
GOLPH3L,0.0221
SPRR2D,0.0221
KL,0.0221
MMP28,0.0221
SLC25A12,0.022
CMPK1,0.022
BMP6,0.022
SH3RF2,0.0218
ASRGL1,0.0216
FANCA,0.0214
ZNF737,0.0214
PTPRU,0.0214
TPP2,0.0212
SPRY1,0.0212
HBA1,0.0212
PPAT,0.0212
PDSS1,0.021
LPGAT1,0.021
FETUB,0.0209
DDIAS,0.0209
EDEM3,0.0208
GET1,0.0208
SERP2,0.0207
MAPK9,0.0207
KCNS1,0.0207
HCAR3,0.0207
TM9SF1,0.0206
OIP5,0.0205
SLC25A42,0.0205
EEF1AKMT4,0.0205
ZNF19,0.0205
HSPA12B,0.0204
TLCD3A,0.0203
FLT4,0.0202
LEP,0.0202
CYB561,0.0201
RPL11,0.0201
TCTA,0.02
HEY1,0.02
ANO5,0.02
DEPDC1B,0.02
NFIC,0.0199
IGF2BP2,0.0199
NPDC1,0.0197
ODF2L,0.0197
ZWILCH,0.0197
KIF2C,0.0197
RPLP2,0.0197
TMEM220,0.0196
RFC2,0.0196
CLCA4,0.0196
BET1L,0.0196
CENPA,0.0196
ST14,0.0195
KCTD1,0.0195
WFDC10B,0.0195
CAST,0.0194
SLC16A9,0.0194
CERS2,0.0194
RPS20,0.0193
RNF103,0.0193
FAM83F,0.0193
SUN3,0.0192
ARL6IP6,0.0192
GRN,0.0192
RHOB,0.0192
TC2N,0.0191
SLC10A3,0.0191
LIN9,0.019
SFXN1,0.019
RMI2,0.0189
SMAD6,0.0189
GNAQ,0.0189
TMEM204,0.0188
FSCN1,0.0188
TAOK3,0.0188
PTBP2,0.0188
P4HA2,0.0187
IL17RE,0.0186
ZC3H6,0.0185
XCL1,0.0185
CXorf38,0.0185
PGF,0.0185
HOXA1,0.0185
MFSD6,0.0185
DIPK2B,0.0184
RSPH3,0.0184
MGP,0.0184
FBLN5,0.0184
PDE7A,0.0183
VWA2,0.0182
MANSC1,0.0182
WWC2,0.0181
ANXA6,0.0181
DYSF,0.018
TRAIP,0.018
NPR1,0.018
FRY,0.0179
LZTS3,0.0179
CCDC22,0.0178
PPIL6,0.0178
NCAPH2,0.0178
C6orf89,0.0177
ROBO4,0.0177
COPA,0.0176
AURKA,0.0175
TNFSF13,0.0175
SYF2,0.0174
SPINK1,0.0174
LSM7,0.0174
SUCLG2,0.0173
GLIS2,0.0173
MMP12,0.0173
CZIB,0.0172
CLSPN,0.0172
MGME1,0.0171
HS3ST3A1,0.0171
CRYBG2,0.017
ARMCX4,0.017
GPD2,0.017
ZNF329,0.0167
UFM1,0.0166
GCNT1,0.0165
PLAAT3,0.0165
FGFRL1,0.0164
ACTG2,0.0163
APBB1,0.0163
KRT31,0.0163
PAICS,0.0163
MMRN2,0.0162
SRPRB,0.0162
RPL18A,0.0162
LRRC36,0.0162
HSD17B4,0.0162
RELT,0.0161
FN3K,0.0161
SIM2,0.0161
RAB19,0.016
CCDC107,0.016
CLDND1,0.016
PNO1,0.016
PARP4,0.0159
TCAIM,0.0159
RHOJ,0.0159
SLC25A20,0.0158
ZNF330,0.0157
CLDN9,0.0156
PCBD1,0.0156
CACNA2D1,0.0155
WDR62,0.0154
SH3GL2,0.0154
PRKCZ,0.0154
CCDC163,0.0154
TRIM5,0.0153
RIPK3,0.0153
RGS17,0.0153
ZNF706,0.0153
PPP1R12B,0.0153
FLRT3,0.0153
RPL30,0.0152
HEY2,0.0152
RPS14,0.0151
RAB11FIP4,0.0151
PIGQ,0.015
EMCN,0.015
SPATA7,0.015
YIF1A,0.015
ZNF526,0.015
SMPDL3B,0.0149
EYA2,0.0149
PRKAB1,0.0149
SEC31A,0.0148
PRDM1,0.0146
TGFBR2,0.0146
TFRC,0.0146
DAAM2,0.0146
SMDT1,0.0145
SLC22A31,0.0144
PLA2G12B,0.0143
EIF4EBP1,0.0143
SLX4,0.0141
ACO2,0.014
MED8,0.0139
DIO2,0.0138
APLP1,0.0138
MEF2D,0.0137
TNKS1BP1,0.0137
BCL2L10,0.0137
ZNF844,0.0136
RUNX1T1,0.0136
CHMP6,0.0135
SLC2A5,0.0135
FAM162A,0.0135
TRAF3IP2,0.0135
PRSS16,0.0135
TIPIN,0.0134
RAB39A,0.0134
MYCT1,0.0134
KCMF1,0.0133
NUP107,0.0133
GUCA2A,0.0133
TRAK2,0.0133
HSPB6,0.0133
MCM6,0.0133
VRK2,0.0133
ZNF488,0.0133
RBM4B,0.0132
STK32A,0.0131
NTHL1,0.0131
TSEN15,0.0131
H2AC8,0.013
ABHD14A,0.013
TNFSF15,0.013
WNT2B,0.013
DUSP8,0.013
R3HDM1,0.0129
S1PR3,0.0128
MT-ATP8,0.0127
MRAP2,0.0126
ZNF468,0.0126
PTER,0.0125
NDUFS2,0.0125
CTSF,0.0124
S100A11,0.0124
MCU,0.0124
ATF6,0.0124
MSC,0.0123
MEAF6,0.0122
SHC3,0.0122
OXCT1,0.0122
ZNF763,0.0122
GEN1,0.0122
GPRC5D,0.0121
CLPTM1L,0.0121
CDH5,0.0121
KNSTRN,0.012
TMEM30B,0.012
CYS1,0.0119
NPC2,0.0119
HIBCH,0.0118
DNALI1,0.0118
JUP,0.0117
TLR5,0.0117
ZNF613,0.0117
ABAT,0.0116
SMYD2,0.0116
PTPN21,0.0116
RCAN2,0.0115
CLDN1,0.0115
RPL17,0.0115
IL1RN,0.0115
KLHL2,0.0114
CRY2,0.0114
EIF3D,0.0113
TPR,0.0113
SNRPN,0.0113
IL17RC,0.0112
PDE2A,0.0112
SH2D5,0.0112
PPBP,0.0111
INTS13,0.0111
PNLDC1,0.0111
KIF12,0.011
OVOL1,0.0109
ADORA2B,0.0109
SGO1,0.0109
ZSCAN20,0.0109
NR5A2,0.0108
COQ3,0.0108
TBXA2R,0.0107
ENPP1,0.0106
SOST,0.0106
KBTBD3,0.0105
C11orf1,0.0105
SLC7A5,0.0105
TNFRSF13C,0.0105
CMTM3,0.0105
PCDH17,0.0105
TANC2,0.0104
SLC30A7,0.0104
ILF2,0.0104
PEX11B,0.0103
MRPL35,0.0103
DSG2,0.0103
TDRKH,0.0103
ACOT7,0.0103
SMO,0.0103
GALNT16,0.0103
LRP2BP,0.0103
UTRN,0.0102
SLC46A2,0.0102
ERP27,0.0101
MMP15,0.0101
SMIM13,0.0101
TFDP1,0.01
LMOD1,0.01
POLR3D,0.0099
LONRF2,0.0099
FAM161B,0.0098
RPS24,0.0098
ABCC1,0.0098
SNAPC2,0.0098
ZNF524,0.0098
GLRX3,0.0097
RILP,0.0097
C20orf27,0.0096
CDR2,0.0096
RMDN2,0.0096
NOG,0.0095
ESPL1,0.0095
ABLIM1,0.0094
BLZF1,0.0094
IFT140,0.0094
STMN1,0.0093
HMCES,0.0093
ACAA1,0.0093
TUBB,0.0092
RIOK1,0.0092
FANCM,0.0092
DUS3L,0.0092
TGOLN2,0.0091
CEP112,0.0091
SIGLEC10,0.009
AOAH,0.009
NIFK,0.0089
ZNF423,0.0088
TRIM35,0.0087
RPL23,0.0087
ZIC5,0.0086
GLUD1,0.0086
USP44,0.0086
HGSNAT,0.0086
OAZ1,0.0085
TIMMDC1,0.0085
TMEM41B,0.0085
SLC39A3,0.0085
OLFML2B,0.0085
MYBL2,0.0084
ENTPD7,0.0083
ABCC5,0.0083
ABCA3,0.0083
KCNQ1,0.0082
OTULIN,0.0082
SIRT3,0.0082
SIGIRR,0.0082
KRTAP5-1,0.0081
IQSEC2,0.0081
WDR3,0.008
SHISA3,0.008
NXT1,0.008
TMEM63B,0.008
STIL,0.0079
PFDN2,0.0079
EFHD1,0.0078
RPS3,0.0078
PNRC2,0.0078
SLC25A44,0.0078
SALL2,0.0078
ANKRD42,0.0077
OGFOD3,0.0077
REM1,0.0077
CLP1,0.0076
GOLGA4,0.0075
TM2D1,0.0074
RGS5,0.0074
MANBA,0.0073
ST7,0.0073
DMRT3,0.0072
HPSE,0.0072
TRPS1,0.0071
TAGLN2,0.0069
TDG,0.0068
FRAT1,0.0068
MSTO1,0.0068
TSPAN17,0.0068
GALNS,0.0068
EMP2,0.0068
SCN7A,0.0068
NABP1,0.0067
TBC1D2,0.0067
ZNF45,0.0066
OTULINL,0.0065
HMGCS1,0.0064
RPS9,0.0064
MT1X,0.0063
EIF5A2,0.0063
GALM,0.0063
ZNF415,0.0063
PBX1,0.0063
SSH3,0.0062
B3GNT8,0.0061
GPR19,0.0061
GPR4,0.0061
CCM2L,0.0061
SHCBP1,0.006
CENPQ,0.006
HAVCR1,0.006
MRPL3,0.006
CDKL2,0.006
HDAC11,0.0059
ADARB1,0.0059
MSRA,0.0059
FRMD3,0.0059
RETREG1,0.0058
GJA5,0.0058
PLXNB2,0.0058
JCAD,0.0057
C1QTNF7,0.0056
CUTC,0.0056
POU3F2,0.0055
GRIN2D,0.0055
SPACA9,0.0054
SPP1,0.0054
H2BC17,0.0053
PEBP1,0.0053
ATP1B1,0.0053
POMC,0.0052
URB2,0.0052
DTX4,0.0052
BAALC,0.0052
CCNQ,0.0052
GLB1L2,0.0051
LRPAP1,0.0051
TRPM2,0.005
ZNF281,0.005
SULF2,0.0049
MAGEH1,0.0049
ZNF587,0.0049
ARHGEF12,0.0048
C1QTNF12,0.0047
TPM3,0.0046
TSPAN8,0.0046
IGFL2,0.0045
CCDC51,0.0045
TTC17,0.0045
GABRA3,0.0045
GEMIN8,0.0044
DYNC2LI1,0.0044
PGPEP1,0.0044
MAGI3,0.0042
H1-4,0.0042
C1orf112,0.0041
ZNF417,0.0041
GTF2IRD2,0.004
ATP5MC3,0.004
TMED5,0.0039
ZNF720,0.0039
TMEM139,0.0039
C6orf15,0.0038
DUSP6,0.0038
F8,0.0038
MTFR2,0.0038
PTPRN2,0.0037
ANKDD1B,0.0037
SEPTIN4,0.0037
PRSS27,0.0037
ACSF2,0.0036
CDC42EP3,0.0036
EDDM13,0.0036
THRA,0.0036
PCDHB16,0.0036
FOXF1,0.0036
MYO1D,0.0035
CRIP1,0.0035
TSTD1,0.0035
NHLRC3,0.0034
MIEF2,0.0034
ADSL,0.0034
POGLUT1,0.0034
FSD1,0.0034
PON3,0.0033
SIK2,0.0033
ABCA13,0.0033
NOP16,0.0032
GAMT,0.0032
BAAT,0.0031
PISD,0.003
SPNS2,0.0029
CTDSP1,0.0029
MDH1,0.0029
PGBD2,0.0029
TSEN34,0.0028
RNASEH2C,0.0028
F11R,0.0028
IER3IP1,0.0028
PDZK1IP1,0.0028
ZNF713,0.0027
SLC46A3,0.0027
ACE,0.0027
PSMC4,0.0027
BOP1,0.0027
SLC44A2,0.0027
TBCK,0.0027
GMPPB,0.0027
RPS27,0.0026
LRRN4,0.0026
PPP2R2C,0.0025
MORN4,0.0025
FAM83G,0.0025
SPTAN1,0.0025
RBPMS,0.0025
IFNAR2,0.0024
E2F3,0.0024
RACGAP1,0.0024
HSDL2,0.0023
IL36A,0.0023
UMAD1,0.0022
PMM1,0.0022
IL36G,0.0022
KIAA0513,0.0022
CSGALNACT1,0.0021
BRCC3,0.0018
MROH8,0.0018
CRKL,0.0017
ACAD9,0.0017
KIF4A,0.0017
CLEC3B,0.0017
RPL18,0.0016
SKA3,0.0016
WDR77,0.0016
YIPF2,0.0016
CYB561A3,0.0015
BRF2,0.0014
SLFN12,0.0014
E2F2,0.0013
SOD3,0.0013
WDR31,0.0013
SCLT1,0.0013
DALRD3,0.0013
TLCD2,0.0012
DCHS1,0.0011
GTF2E2,0.0011
ARMC9,0.001
SLC39A7,0.0009
LEF1,0.0009
PIK3R3,0.0008
TESC,0.0008
TMEM138,0.0008
TMC4,0.0008
EXOSC9,0.0007
ANXA9,0.0007
BYSL,0.0007
COL12A1,0.0007
NSUN7,0.0007
ZDHHC14,0.0007
VPS28,0.0006
PCDHAC1,0.0006
MAGI1,0.0006
EXOC2,0.0006
PRRC2C,0.0006
FST,0.0006
FGG,0.0006
TAF4B,0.0006
ZNF586,0.0005
YIF1B,0.0005
OTUD6B,0.0004
SLC22A15,0.0004
USH1G,0.0004
GORASP1,0.0003
ZNF747,0.0002
COL6A1,0.0002
EMC1,0.0002
GGPS1,0.0001
MXD1,0.0
ADRA1B,0.0
PINLYP,-0.0
ST6GALNAC3,-0.0
HPGD,-0.0
KIF15,-0.0001
RAB27A,-0.0001
TMEM101,-0.0002
KCNAB1,-0.0002
LGALSL,-0.0002
FUT3,-0.0002
ZSWIM7,-0.0003
AQP5,-0.0003
ATP2C2,-0.0004
ELOF1,-0.0004
PIP5K1B,-0.0005
ARHGAP31,-0.0005
KANK4,-0.0006
CDYL,-0.0006
SLC12A8,-0.0006
TRIM7,-0.0006
ECI2,-0.0006
RAMP2,-0.0006
NOMO3,-0.0007
COL4A1,-0.0007
DCTD,-0.0007
DHDH,-0.0007
FAM122C,-0.0008
SIK1B,-0.0008
FAM171B,-0.0008
GABRR1,-0.0008
RBM19,-0.0008
CCT5,-0.0009
ITGA10,-0.001
CAPN9,-0.0011
APLN,-0.0011
TFCP2L1,-0.0012
PTTG1,-0.0012
PCDHAC2,-0.0013
CASP6,-0.0013
HPDL,-0.0013
SUV39H2,-0.0014
BSPRY,-0.0014
SERPINB7,-0.0014
PI4KB,-0.0016
GALC,-0.0016
FEZ2,-0.0016
FLAD1,-0.0016
BEND6,-0.0017
FGFR1,-0.0017
SLC22A23,-0.0017
ARHGAP6,-0.0017
FAM181B,-0.0017
SNRNP40,-0.0019
MCRIP1,-0.0019
PSAT1,-0.002
GPC6,-0.002
CYYR1,-0.002
REPS2,-0.002
DOCK7,-0.0021
SACS,-0.0021
YTHDF2,-0.0022
TRDMT1,-0.0023
SFT2D2,-0.0023
FAM234A,-0.0023
THY1,-0.0024
IL37,-0.0024
TMEM178A,-0.0024
BORA,-0.0024
TDRD5,-0.0024
SYNDIG1L,-0.0025
DNAH11,-0.0025
SREBF2,-0.0025
BRI3BP,-0.0026
PSMD14,-0.0026
SLC5A6,-0.0027
DTNBP1,-0.0027
TCEAL2,-0.0027
PI3,-0.0027
KIFC3,-0.0027
IFI16,-0.0028
SKA1,-0.0028
EXOSC4,-0.0028
LRP8,-0.0028
JARID2,-0.0029
PLAU,-0.0029
FGFBP2,-0.003
CTSD,-0.003
NOA1,-0.003
DUSP2,-0.003
NUPR1,-0.0031
H2AX,-0.0032
LRMDA,-0.0032
EPS8L2,-0.0032
FMO3,-0.0033
DSCC1,-0.0033
ZMYND12,-0.0034
ZNF320,-0.0034
SLC9A9,-0.0034
CLEC14A,-0.0034
FGFR3,-0.0035
ZNF71,-0.0036
SDHC,-0.0036
IL17RB,-0.0037
FGA,-0.0037
TOMM7,-0.0037
PUF60,-0.0037
AIM2,-0.0038
BMF,-0.0038
TDRD3,-0.0038
TM4SF18,-0.0038
HMMR,-0.0039
ZNF587B,-0.004
SUSD1,-0.004
KIF26B,-0.004
OTUB1,-0.0041
TFIP11,-0.0042
TSPAN13,-0.0042
BACE2,-0.0042
DLL4,-0.0042
TAF1B,-0.0042
KHDRBS3,-0.0042
FCGRT,-0.0042
DOK7,-0.0043
CENPBD1,-0.0044
COG1,-0.0045
CLN6,-0.0045
ATP1B2,-0.0045
HIVEP2,-0.0045
C1GALT1,-0.0045
TRAP1,-0.0045
CCDC190,-0.0048
TXN2,-0.0048
PREX2,-0.0048
IFT57,-0.0049
RND1,-0.0049
SLC25A43,-0.0049
KPNA7,-0.005
DEPTOR,-0.005
TTC1,-0.005
PLCL1,-0.005
ERCC6L,-0.0052
HOMER3,-0.0052
ABCF1,-0.0052
RPS18,-0.0052
CRYBG3,-0.0052
CCNE1,-0.0053
AGR3,-0.0054
PPARD,-0.0054
AKAP6,-0.0054
ACTL6A,-0.0054
IBTK,-0.0054
SUPT5H,-0.0055
PNPLA3,-0.0055
MOSPD1,-0.0055
VEGFD,-0.0056
SYT5,-0.0056
CASP14,-0.0056
NUP62,-0.0057
COL3A1,-0.0057
CHRAC1,-0.0058
VASN,-0.0058
THOP1,-0.0058
MUC13,-0.0059
RBSN,-0.0059
CENPE,-0.006
ZZZ3,-0.0061
ABCA8,-0.0061
GPC4,-0.0061
GMPR,-0.0062
ANKRD6,-0.0062
ATP11C,-0.0062
IL36RN,-0.0063
IGSF8,-0.0063
NATD1,-0.0063
USP5,-0.0063
FAM8A1,-0.0063
CHSY3,-0.0064
TTC19,-0.0064
ABT1,-0.0064
IL13RA1,-0.0065
RECQL4,-0.0065
VDAC2,-0.0065
BRD9,-0.0065
CHKA,-0.0065
HS2ST1,-0.0066
CYB5A,-0.0066
TCF20,-0.0067
HCAR1,-0.0067
ILDR1,-0.0068
RASGRP3,-0.0068
TUFT1,-0.0069
PRKCA,-0.0069
RPL39L,-0.0069
A2M,-0.0069
CHIA,-0.0069
COMT,-0.007
RCN2,-0.007
GLDN,-0.007
ARPC4,-0.007
FAM111B,-0.007
ZNF608,-0.007
UBXN2B,-0.007
ZNF639,-0.0071
PRUNE1,-0.0071
CLEC16A,-0.0071
KCNQ3,-0.0071
ALYREF,-0.0072
IQCD,-0.0072
C22orf39,-0.0072
CYSLTR2,-0.0072
NUP160,-0.0074
GMEB1,-0.0075
SEC14L4,-0.0075
RHNO1,-0.0075
RASD1,-0.0076
ATRX,-0.0076
IQGAP3,-0.0076
VAV2,-0.0076
COLGALT1,-0.0076
ZSCAN16,-0.0077
PIGX,-0.0077
TMEM100,-0.0077
CD2AP,-0.0077
CYTH3,-0.0078
UBXN6,-0.0078
ITIH5,-0.0078
UBXN10,-0.0078
SMC1B,-0.0078
ZNF418,-0.0079
MUC4,-0.0079
MEAK7,-0.008
ANXA3,-0.008
CLEC2L,-0.0081
ZFP64,-0.0081
CKAP2,-0.0082
DENND4A,-0.0082
IGF1,-0.0083
TAB1,-0.0084
CYRIB,-0.0084
UBAC1,-0.0084
PECAM1,-0.0085
DCK,-0.0085
MYPN,-0.0085
RAE1,-0.0085
DNAL4,-0.0086
TBX4,-0.0086
USP33,-0.0086
ATP23,-0.0086
PFKFB4,-0.0087
MAN1A2,-0.0087
WDFY2,-0.0087
RAP2B,-0.0088
ESAM,-0.0088
PES1,-0.0088
ROR2,-0.0088
FAM114A1,-0.0089
KANK3,-0.0089
RASSF9,-0.009
CCDC138,-0.009
RNF180,-0.009
MPND,-0.0091
METTL1,-0.0091
C1QBP,-0.0091
ZNF793,-0.0091
DIXDC1,-0.0091
LY6K,-0.0092
JPH2,-0.0092
PHYH,-0.0092
SLC13A3,-0.0092
POMK,-0.0092
EIF2S3,-0.0092
TADA1,-0.0093
CEMIP2,-0.0094
CDK2AP2,-0.0094
GRINA,-0.0094
SDR16C5,-0.0094
KCNK17,-0.0095
PDZD2,-0.0095
NDUFS4,-0.0096
PHTF1,-0.0096
GJA4,-0.0096
WIPF3,-0.0096
VPS11,-0.0097
FBXL7,-0.0097
MMP3,-0.0097
CCT4,-0.0098
RGS20,-0.0098
FAM72A,-0.0098
DDIT4,-0.0099
TLN2,-0.0099
BLVRA,-0.0099
EFHD2,-0.0099
PRCC,-0.0099
MAP3K5,-0.0099
NDUFAF2,-0.01
PPP3CA,-0.0101
FAM13A,-0.0101
NIPAL1,-0.0101
TREM1,-0.0101
DISC1,-0.0101
GFPT2,-0.0101
CYP27B1,-0.0102
SLC12A7,-0.0102
SOX18,-0.0102
MBTPS1,-0.0102
RFTN1,-0.0102
ID4,-0.0103
TMCO1,-0.0103
PADI3,-0.0104
NDNF,-0.0104
TSPO,-0.0104
HPF1,-0.0105
TOP2A,-0.0105
NEGR1,-0.0105
CRYZL1,-0.0105
PGAM5,-0.0106
EPC1,-0.0106
GFI1,-0.0106
EXOSC7,-0.0106
DAPK2,-0.0107
EXO5,-0.0107
ENTPD8,-0.0107
ZNF165,-0.0107
ITGB4,-0.0107
ADGRG2,-0.0107
ATG4D,-0.0108
CLCC1,-0.0108
ZNF213,-0.0108
SYPL1,-0.0108
AGPAT5,-0.0108
EXOSC2,-0.0108
BRI3,-0.0108
PI15,-0.0109
MACROD2,-0.0109
DDX39A,-0.0109
REEP5,-0.011
NKD1,-0.011
ZER1,-0.011
RCC1,-0.011
RSRC1,-0.011
CCDC68,-0.0111
ZNF684,-0.0112
CALCOCO2,-0.0113
STARD9,-0.0113
AMMECR1,-0.0113
TUBA1C,-0.0113
GRID1,-0.0114
MRPS11,-0.0114
ZNF471,-0.0114
SOX7,-0.0115
RPTN,-0.0115
SOBP,-0.0115
CYB5R2,-0.0116
NSMAF,-0.0116
APOD,-0.0116
ZNF207,-0.0116
KCNN3,-0.0116
DPH2,-0.0116
RPL26,-0.0117
KLF2,-0.0117
USHBP1,-0.0117
NME6,-0.0117
RAP1A,-0.0117
SEMA5A,-0.0118
AGMAT,-0.0119
GOLGB1,-0.0119
TMEM201,-0.0119
CLDN2,-0.0119
CATSPERG,-0.012
ARHGEF37,-0.012
IFT88,-0.012
RETN,-0.0122
H2AC16,-0.0122
FARSA,-0.0122
LAMA4,-0.0122
NKAIN2,-0.0122
KEAP1,-0.0122
CDHR1,-0.0122
FILIP1,-0.0123
ZC4H2,-0.0123
KLHDC1,-0.0123
MTHFR,-0.0123
ZMYND11,-0.0123
DDN,-0.0124
ERCC8,-0.0124
CHN1,-0.0124
PRSS22,-0.0124
UNG,-0.0124
SLC1A1,-0.0124
C2orf15,-0.0125
GALNT5,-0.0125
CELSR2,-0.0126
WWC1,-0.0126
ST3GAL6,-0.0126
GDPD1,-0.0127
NSMCE1,-0.0128
DAP,-0.0128
SUN2,-0.0128
MTCH2,-0.0129
LIPH,-0.0129
MKI67,-0.013
CYSTM1,-0.013
ACAT2,-0.013
MFSD4A,-0.0131
NRG1,-0.0131
SHANK2,-0.0131
SLC49A4,-0.0132
TMEM108,-0.0132
PPM1H,-0.0132
TMEM170B,-0.0133
ZNF662,-0.0133
SMIM10L2A,-0.0133
MRPS6,-0.0133
OGN,-0.0134
FZD8,-0.0135
RAB11FIP2,-0.0135
STIM2,-0.0135
POLR2G,-0.0135
RPL26L1,-0.0136
PRR16,-0.0137
ZNF672,-0.0137
GPX4,-0.0137
UTP18,-0.0137
PNPLA2,-0.0138
ESYT3,-0.0138
PCP4L1,-0.0138
MTRNR2L1,-0.0139
VEPH1,-0.0139
CFAP20DC,-0.0139
RASGRF2,-0.0139
KIF7,-0.0139
MINDY1,-0.014
MUC20,-0.014
MT-ND5,-0.0142
DNAJC10,-0.0142
H2AC13,-0.0142
ZNF486,-0.0142
SEZ6L2,-0.0142
C6orf47,-0.0142
TNRC6B,-0.0143
P4HTM,-0.0143
ITGAE,-0.0143
KIF3C,-0.0143
COL5A2,-0.0144
CHAF1A,-0.0144
RUVBL1,-0.0144
NT5E,-0.0144
GKN2,-0.0144
ODR4,-0.0145
CCT3,-0.0145
SLC1A5,-0.0145
BPHL,-0.0146
SPRR2E,-0.0146
DEFB1,-0.0147
FAM174A,-0.0147
TIMM10,-0.0147
PITPNA,-0.0147
WDR74,-0.0147
KREMEN1,-0.0147
MYORG,-0.0147
SPA17,-0.0148
JAKMIP2,-0.0148
RPL10A,-0.0148
SRR,-0.0148
ITGA6,-0.0149
SETD9,-0.015
TMEM237,-0.0151
DOCK5,-0.0151
AMBP,-0.0151
BMP4,-0.0152
BMP2K,-0.0152
HIGD2A,-0.0152
UTP14A,-0.0153
OSCP1,-0.0153
CAMK2D,-0.0153
CSE1L,-0.0154
INPP4B,-0.0155
CHODL,-0.0155
KLHL22,-0.0155
UBE2G1,-0.0156
CTCFL,-0.0156
CHAF1B,-0.0157
METTL6,-0.0157
HOXB5,-0.0157
NLRP12,-0.0157
FABP7,-0.0158
PLP2,-0.0158
IQANK1,-0.0158
MAF1,-0.0158
TUSC2,-0.0158
TMEM70,-0.0159
CAP2,-0.0159
TRO,-0.0159
UBE2I,-0.016
SLC6A3,-0.016
RAN,-0.016
TOR3A,-0.016
FTSJ3,-0.0161
LOXL3,-0.0161
EPB41L4B,-0.0162
SNX19,-0.0162
NID2,-0.0163
CA4,-0.0163
PPL,-0.0163
SYNC,-0.0163
NUP153,-0.0163
TLR10,-0.0163
MLLT3,-0.0164
CCNF,-0.0164
ZBTB16,-0.0165
SLC7A2,-0.0165
NUDT1,-0.0165
RPAP2,-0.0165
PADI2,-0.0166
CPB2,-0.0166
TFF1,-0.0167
APEX2,-0.0167
ASAP2,-0.0167
SLC47A2,-0.0167
REPS1,-0.0167
HAT1,-0.0167
AGO3,-0.0168
HPGDS,-0.0168
SEC63,-0.0168
TK2,-0.0169
ERVK3-1,-0.0169
KCNJ8,-0.0169
SEC16A,-0.0169
PHLDB3,-0.0169
STXBP1,-0.017
FBL,-0.017
SCN4B,-0.0171
ZNF200,-0.0171
WDR55,-0.0171
RASGRF1,-0.0172
EEF1AKNMT,-0.0172
VPS72,-0.0173
RIMS3,-0.0173
SLC8A1,-0.0173
MPP7,-0.0173
SLC10A5,-0.0173
PLXND1,-0.0173
TARS1,-0.0173
SLC36A4,-0.0174
MARCKSL1,-0.0174
BAG4,-0.0174
SNRPD1,-0.0174
CYB5R3,-0.0175
DPY19L3,-0.0175
UGGT1,-0.0175
RASSF3,-0.0175
CDC25C,-0.0176
CC2D1B,-0.0176
MRPL10,-0.0177
USP48,-0.0177
DYNC1I1,-0.0177
FUBP1,-0.0177
TRIOBP,-0.0177
TTLL7,-0.0177
CCDC90B,-0.0178
TRNAU1AP,-0.0178
TOMM40L,-0.0178
ZFYVE19,-0.0178
PTRH2,-0.0178
RCC2,-0.0179
ZNF367,-0.0179
FDXR,-0.0181
ACAA2,-0.0181
TMEM50A,-0.0181
VPS45,-0.0181
PTPN18,-0.0182
PON2,-0.0182
AFAP1L1,-0.0183
ALAS1,-0.0184
PLEKHG3,-0.0185
SOX2,-0.0186
KCNK7,-0.0186
MSLN,-0.0186
ZDHHC16,-0.0186
MAPK1,-0.0187
HMGB3,-0.0187
OTX1,-0.0187
HDLBP,-0.0188
DRG1,-0.0188
SULT1C2,-0.0188
ENPP3,-0.0188
GTPBP8,-0.0188
DKK2,-0.0189
NR2F1,-0.0189
SLURP1,-0.0189
PON1,-0.0189
CNOT9,-0.0189
SLC39A2,-0.0189
EGFLAM,-0.0189
SULF1,-0.019
DDX20,-0.019
MARVELD2,-0.019
CSK,-0.019
RAB5C,-0.019
TPCN1,-0.019
FUT1,-0.019
SORD,-0.019
CFAP221,-0.0191
GOLGA7B,-0.0191
C19orf47,-0.0191
NFIX,-0.0192
UROD,-0.0192
MRGBP,-0.0192
OTUD7B,-0.0192
ERO1A,-0.0192
SHISA5,-0.0193
PRR29,-0.0193
IL2RA,-0.0194
ADPRS,-0.0194
CCDC6,-0.0195
AGPAT3,-0.0195
USP1,-0.0196
H4C2,-0.0196
P2RY6,-0.0196
ADAR,-0.0196
SLIT3,-0.0197
TMPPE,-0.0197
UMPS,-0.0197
CD109,-0.0197
RPL7A,-0.0197
HECTD3,-0.0197
MGST3,-0.0198
GPATCH4,-0.0198
ADCY9,-0.0199
ST6GALNAC2,-0.0199
SUSD2,-0.02
SIAE,-0.02
BID,-0.02
NEK11,-0.0201
AFF2,-0.0201
SGPP1,-0.0202
ELMOD2,-0.0202
SLF1,-0.0202
DNAJC8,-0.0202
GREM1,-0.0202
LEO1,-0.0202
RPS21,-0.0202
CA2,-0.0202
COPS2,-0.0203
PRPF19,-0.0203
ENPP4,-0.0203
CEP128,-0.0203
NIT1,-0.0203
RUBCNL,-0.0204
TFPT,-0.0204
B3GNT5,-0.0204
NMT2,-0.0204
TRIM8,-0.0204
SCML2,-0.0205
LDHD,-0.0205
CASD1,-0.0205
GON4L,-0.0206
C1QL1,-0.0206
ARFIP1,-0.0206
YWHAZ,-0.0207
WDR86,-0.0207
GRB14,-0.0207
FTO,-0.0207
GNG7,-0.0207
EFEMP2,-0.0207
TCIM,-0.0207
SRD5A1,-0.0208
ZBTB42,-0.0208
WASHC2C,-0.0208
MTX1,-0.0208
ALX1,-0.0208
ARHGEF39,-0.0208
SRD5A3,-0.0209
DYNC2I1,-0.0209
KRT18,-0.0209
C1orf52,-0.0209
STK39,-0.0209
ITGA11,-0.0209
ARHGEF4,-0.0209
PSD,-0.021
BMP3,-0.021
SNX5,-0.021
PATL1,-0.021
MRPL4,-0.021
NUDT15,-0.0211
NOCT,-0.0211
MAL2,-0.0212
IRF2BP2,-0.0212
SLC12A2,-0.0212
TRPV3,-0.0212
FFAR2,-0.0213
LRP4,-0.0213
PGD,-0.0213
B4GALT3,-0.0213
RPL4,-0.0213
AKAP11,-0.0214
ZNF90,-0.0214
C16orf91,-0.0215
TRPM7,-0.0215
YARS2,-0.0215
AKR1E2,-0.0215
WARS2,-0.0215
STXBP4,-0.0215
CRACR2B,-0.0216
CCL11,-0.0216
DENND1A,-0.0216
RNF150,-0.0216
ZNF765,-0.0216
TBX2,-0.0216
SAP30BP,-0.0216
SFTPB,-0.0216
MACF1,-0.0216
DIRAS3,-0.0217
PSTPIP2,-0.0217
PHLDA3,-0.0217
BICDL2,-0.0217
SGPP2,-0.0217
NFYA,-0.0218
SASS6,-0.0219
HEMK1,-0.0219
C1orf50,-0.0219
PIK3C2B,-0.0219
ANO7,-0.0219
KDELR1,-0.0219
SMARCD3,-0.022
RNF128,-0.022
MTMR1,-0.022
PTH1R,-0.022
BDH2,-0.022
ENC1,-0.022
POLR2L,-0.022
TTC23,-0.0221
CCDC80,-0.0221
SPTLC2,-0.0221
UFSP2,-0.0222
FOXO4,-0.0222
NAP1L3,-0.0223
DDX42,-0.0223
GPAT4,-0.0223
RPS23,-0.0223
GNS,-0.0224
NME5,-0.0224
CCDC58,-0.0224
GSS,-0.0224
MMAA,-0.0224
PSMA7,-0.0224
FPGT,-0.0224
IQCK,-0.0225
PCDHGB5,-0.0225
RASA3,-0.0225
TMEM104,-0.0225
ZMYM4,-0.0226
AGPAT2,-0.0226
RAB2A,-0.0226
NEIL3,-0.0226
GPR176,-0.0226
SCOC,-0.0226
ACP6,-0.0226
SHPRH,-0.0226
PRICKLE1,-0.0226
TIGD7,-0.0226
THBS2,-0.0227
IRX5,-0.0227
UNC5CL,-0.0227
ADGRL2,-0.0227
RPS7,-0.0227
PSRC1,-0.0228
SLC16A11,-0.0228
PDGFD,-0.0228
WFDC1,-0.0228
PNMA8A,-0.0229
REEP6,-0.0229
TRPA1,-0.0229
ZNF860,-0.0229
ITPRIPL1,-0.0229
ATP13A4,-0.0229
RNF126,-0.023
CITED2,-0.023
SLFN13,-0.023
RHOD,-0.023
PPIH,-0.023
PRICKLE3,-0.023
EHD2,-0.023
TMEM213,-0.023
GM2A,-0.0231
TP53BP2,-0.0231
HDGF,-0.0231
CREBL2,-0.0231
ZC3H7A,-0.0231
ELP6,-0.0231
ALOX15B,-0.0231
GAB2,-0.0231
SNU13,-0.0233
SNRPG,-0.0233
SLC17A5,-0.0234
RFLNA,-0.0234
TMEM14A,-0.0234
ELOA,-0.0234
HIGD1B,-0.0234
LPAR3,-0.0235
IKBKE,-0.0236
TMEM144,-0.0236
GIGYF2,-0.0237
FEM1B,-0.0237
MAK16,-0.0237
KRTAP19-1,-0.0237
C2,-0.0237
PGLYRP3,-0.0237
MAD2L2,-0.0238
KLC3,-0.0238
TMBIM6,-0.0238
PDE8B,-0.0238
LYST,-0.0238
HARS2,-0.0239
CAPS,-0.0239
AP2S1,-0.0239
CHMP1A,-0.0239
CCDC40,-0.0239
ATAD2,-0.024
DNAJB5,-0.024
TBC1D32,-0.024
LMF1,-0.024
TMSB4X,-0.024
H3C7,-0.024
PPM1G,-0.024
ATP5MG,-0.0241
PCM1,-0.0241
SYNJ2,-0.0241
ADAM12,-0.0241
TIMELESS,-0.0241
C3orf52,-0.0242
GNPTG,-0.0242
NKIRAS1,-0.0242
BRIX1,-0.0242
RANBP3L,-0.0242
PBDC1,-0.0242
SNIP1,-0.0242
FGD5,-0.0243
TENM2,-0.0243
ZSCAN30,-0.0243
DEDD,-0.0243
PLAA,-0.0243
MEGF8,-0.0243
WFDC2,-0.0243
SLC1A7,-0.0243
FNIP2,-0.0243
COL13A1,-0.0244
DEK,-0.0244
ZRANB3,-0.0244
ALKBH7,-0.0244
DIPK2A,-0.0245
VIM,-0.0245
RPLP0,-0.0245
SUMF1,-0.0245
IPO9,-0.0246
RGS3,-0.0246
STX7,-0.0246
MICA,-0.0246
TM4SF4,-0.0247
SELENOI,-0.0247
FAM222A,-0.0247
BCL9,-0.0248
KRT19,-0.0248
SERPINB2,-0.0248
ACO1,-0.0249
ANKMY2,-0.0249
JDP2,-0.0249
COL11A1,-0.025
FNDC1,-0.025
TBXAS1,-0.025
ITSN2,-0.025
GCLC,-0.025
CTSK,-0.0251
FJX1,-0.0251
TXNIP,-0.0251
PIP5KL1,-0.0251
ROCK2,-0.0251
ACTR3,-0.0252
COIL,-0.0252
LSM3,-0.0252
GINS3,-0.0253
UQCRC1,-0.0253
PRX,-0.0253
MRPL15,-0.0253
SNRPA1,-0.0254
CACNA1H,-0.0254
GSTO1,-0.0254
STAT6,-0.0254
COX7A1,-0.0254
CLCN4,-0.0255
MRPL52,-0.0255
BNIP1,-0.0255
FIGNL1,-0.0255
MNAT1,-0.0256
MAPK13,-0.0256
CT45A10,-0.0256
ZNF425,-0.0256
ITSN1,-0.0256
PFDN1,-0.0256
DDIT4L,-0.0256
CYB5R1,-0.0256
LGSN,-0.0256
STX3,-0.0256
TTF2,-0.0257
RMND5B,-0.0257
KLHDC7B,-0.0257
GASK1B,-0.0257
ADGRL4,-0.0257
ALG6,-0.0257
GPX8,-0.0258
C13orf46,-0.0258
PKNOX2,-0.0258
DACT1,-0.0259
PHETA1,-0.0259
FCRL5,-0.0259
UACA,-0.0259
MYO19,-0.0259
PMF1,-0.0259
PIAS3,-0.026
SPAAR,-0.026
NOL11,-0.026
NRP1,-0.026
MSH6,-0.0261
PAF1,-0.0261
PIR,-0.0261
REEP3,-0.0262
ACACB,-0.0262
NANOS3,-0.0262
TIGD1,-0.0263
ARHGAP40,-0.0263
HABP4,-0.0263
HOXB6,-0.0263
TIE1,-0.0263
CENPU,-0.0264
USP10,-0.0264
VASH2,-0.0264
RAMP3,-0.0265
CAPN13,-0.0265
DHX29,-0.0265
DES,-0.0265
SGSH,-0.0265
TSGA10,-0.0265
SAGE1,-0.0266
GPR84,-0.0266
CCDC97,-0.0266
ACSL3,-0.0267
NPPC,-0.0267
TNFRSF19,-0.0268
GALNT2,-0.0268
FGB,-0.0268
IGFL4,-0.0268
DDX21,-0.0268
NPSR1,-0.0269
WDR43,-0.0269
VPS41,-0.0269
H2AC20,-0.0269
GJC2,-0.0269
KCNJ2,-0.027
ETFBKMT,-0.0271
PPCS,-0.0271
PTPRH,-0.0271
EPHA10,-0.0271
SLC20A2,-0.0272
TTC9C,-0.0272
RYR1,-0.0273
SLC8B1,-0.0273
H2BC14,-0.0273
TMEM50B,-0.0273
LAD1,-0.0273
ZNF682,-0.0274
EBF1,-0.0274
TEX30,-0.0274
PRXL2A,-0.0274
CCDC167,-0.0274
BRPF3,-0.0274
ARMCX5,-0.0274
ZNF66,-0.0274
PTPRJ,-0.0274
RBMS3,-0.0274
ATF7,-0.0275
B4GALNT1,-0.0275
MANBAL,-0.0275
TLDC2,-0.0275
RANGAP1,-0.0275
SPATA17,-0.0275
PLEKHM1,-0.0276
USP27X,-0.0276
APEH,-0.0276
SETDB1,-0.0276
DCAF11,-0.0276
RFWD3,-0.0277
NAT14,-0.0277
METTL16,-0.0277
SNED1,-0.0277
DNAI4,-0.0277
LPAR1,-0.0277
DCAF13,-0.0277
TCF15,-0.0277
C3orf70,-0.0277
VPS13D,-0.0277
ASH1L,-0.0278
ZNF862,-0.0278
PDE3A,-0.0278
RSL24D1,-0.0278
EN1,-0.0278
PPP1R11,-0.0278
MAP9,-0.0278
NSA2,-0.0279
CCN2,-0.0279
CTPS2,-0.0279
PYCR3,-0.0279
AMOT,-0.0279
FLVCR2,-0.0279
FOXRED2,-0.0279
IMP4,-0.0279
INTS7,-0.0279
ARAF,-0.0279
CATSPERB,-0.028
WDR46,-0.028
MRPL34,-0.028
UPP1,-0.028
ICAM2,-0.028
PPP1R26,-0.0281
GNL3,-0.0281
SDC2,-0.0281
ZNF35,-0.0281
SNX33,-0.0281
SCAMP2,-0.0282
DNAL1,-0.0282
TRAM2,-0.0282
ELF4,-0.0282
SNRPD2,-0.0282
CEP192,-0.0283
LGMN,-0.0283
HNRNPL,-0.0283
FERMT1,-0.0284
ITGA7,-0.0284
CRTAP,-0.0284
MED29,-0.0285
PRDM16,-0.0285
ASCC3,-0.0285
ICE1,-0.0285
KDM1B,-0.0286
BAIAP3,-0.0286
SOWAHC,-0.0286
IL20RB,-0.0286
ZNF813,-0.0287
OLA1,-0.0287
CHST7,-0.0287
C10orf143,-0.0287
ZNF131,-0.0287
BMP8A,-0.0287
MAGEA9B,-0.0287
JOSD1,-0.0287
LAMC1,-0.0287
TOR1AIP2,-0.0287
LRR1,-0.0288
MGAT4A,-0.0288
SLC6A15,-0.0288
YIPF6,-0.0288
RARG,-0.0288
RUNX3,-0.0289
S1PR1,-0.0289
PSMA5,-0.0289
TRIP11,-0.0289
CETN3,-0.029
ERRFI1,-0.029
SYNGR1,-0.029
ZKSCAN7,-0.029
ZNF574,-0.029
SLC43A2,-0.0291
VCAN,-0.0291
PRPF4,-0.0291
CBX2,-0.0291
AK2,-0.0292
RARS1,-0.0292
CUEDC2,-0.0292
U2AF2,-0.0294
THBD,-0.0294
GABARAPL2,-0.0294
ARMH3,-0.0294
SPINT1,-0.0294
TRIL,-0.0294
PSMB4,-0.0295
NXPH4,-0.0295
SGK1,-0.0295
ADAMTS9,-0.0295
SLC25A23,-0.0295
SLC25A33,-0.0296
CLTRN,-0.0296
CEP57,-0.0296
PKIG,-0.0296
APBB2,-0.0296
SPRR2B,-0.0297
SNRPB2,-0.0297
RPS6,-0.0297
H2BC18,-0.0297
TAF6L,-0.0297
SPRR2F,-0.0298
DACT3,-0.0298
NUDT2,-0.0298
TLCD4,-0.0299
XRCC2,-0.0299
ZNF626,-0.0299
BCL11B,-0.0299
INCENP,-0.0299
MRPL28,-0.03
NTF3,-0.03
SIVA1,-0.03
NPM1,-0.03
CCND3,-0.0301
SAMM50,-0.0301
SUV39H1,-0.0302
ARMT1,-0.0302
UBA2,-0.0302
TWIST1,-0.0302
RNF217,-0.0303
MALL,-0.0303
LDB2,-0.0303
EGFL6,-0.0303
SERPINB12,-0.0303
GPRASP2,-0.0303
SREBF1,-0.0303
TMED4,-0.0304
C5orf34,-0.0304
CDC16,-0.0304
PRELP,-0.0304
ACOX2,-0.0304
ADD1,-0.0304
TRAPPC9,-0.0304
NDC1,-0.0304
USP24,-0.0305
ANKRD36C,-0.0305
GOLGA2,-0.0305
WDR44,-0.0306
CREB3,-0.0306
ARAP1,-0.0307
FAIM2,-0.0307
TMEM25,-0.0307
CAB39L,-0.0307
LSG1,-0.0307
RPL24,-0.0307
CTHRC1,-0.0307
SEPTIN9,-0.0308
NOSIP,-0.0308
DNM3,-0.0308
RAB20,-0.0308
CACNA1C,-0.0308
SLC35B3,-0.0308
MAPK4,-0.0308
C9orf64,-0.0309
TRAM1L1,-0.0309
RNASE7,-0.0309
C2CD3,-0.0309
LRRC4B,-0.031
RPL5,-0.031
LRRC59,-0.031
HIVEP1,-0.031
RAB1B,-0.031
AP2A2,-0.031
ELN,-0.031
BFAR,-0.0311
EXOC3L1,-0.0311
RPS4X,-0.0311
RAB27B,-0.0312
STXBP5,-0.0312
TRAPPC2L,-0.0312
TNFRSF10C,-0.0312
RNF144B,-0.0313
CTF1,-0.0313
NAV1,-0.0313
HGD,-0.0313
GRIA1,-0.0314
UBQLN4,-0.0314
MYO5A,-0.0315
PHF14,-0.0315
PRELID2,-0.0316
ODF3L1,-0.0316
GGCX,-0.0316
SPTBN1,-0.0316
CYP4F22,-0.0318
LTC4S,-0.0318
MTHFD1L,-0.0318
SP6,-0.0318
ASF1B,-0.0318
YBX1,-0.0318
EFTUD2,-0.0318
SYT12,-0.0319
PTX3,-0.0319
TMPRSS4,-0.0319
PIGR,-0.0319
GPNMB,-0.032
INPP5K,-0.032
RNF39,-0.032
INSIG2,-0.032
POLR3G,-0.032
ATP2A2,-0.032
FAT4,-0.0321
NAA15,-0.0321
AFDN,-0.0322
ACHE,-0.0322
CHCHD10,-0.0323
HAP1,-0.0323
CFL1,-0.0323
IPPK,-0.0323
ALAD,-0.0324
TRANK1,-0.0324
PPA1,-0.0324
HAUS1,-0.0324
HILPDA,-0.0324
WFS1,-0.0325
LIG1,-0.0325
PIGK,-0.0325
KCTD2,-0.0325
LSR,-0.0325
XCL2,-0.0325
LSM1,-0.0325
AXIN1,-0.0325
ETFA,-0.0326
TEDC2,-0.0326
ZDHHC9,-0.0326
BANF1,-0.0326
ITPKA,-0.0326
SOX14,-0.0326
TMEM184B,-0.0326
PNPT1,-0.0327
ZNF500,-0.0327
CACNA1B,-0.0327
TP73,-0.0327
TSPAN5,-0.0327
SORBS1,-0.0327
SERPINH1,-0.0328
MLC1,-0.0328
SLC25A4,-0.0328
SYNRG,-0.0329
DAPP1,-0.0329
LMO4,-0.0329
AUP1,-0.0329
SCGB3A1,-0.0329
SHC1,-0.0329
MAOB,-0.033
IL6R,-0.033
PHB2,-0.033
MTA2,-0.033
KPNA1,-0.033
SCD,-0.033
GPRIN1,-0.0331
MCHR1,-0.0331
H2AC12,-0.0332
AK4,-0.0332
ACADS,-0.0332
SPSB2,-0.0332
MCM9,-0.0332
CORIN,-0.0333
PSMD12,-0.0333
RASSF7,-0.0333
C4A,-0.0333
GCC2,-0.0333
APLNR,-0.0333
GNG11,-0.0333
LARGE1,-0.0334
ZFP82,-0.0334
PREB,-0.0334
RASD2,-0.0334
SAAL1,-0.0335
MYO5B,-0.0335
TIPRL,-0.0335
WWOX,-0.0335
FKBP14,-0.0335
BAG3,-0.0335
ZNF835,-0.0336
TMEM214,-0.0336
MTBP,-0.0336
ZNF470,-0.0336
RTCA,-0.0336
NBPF14,-0.0336
TCF21,-0.0336
HSD17B13,-0.0336
S100A13,-0.0337
MED19,-0.0337
NINJ2,-0.0338
MOAP1,-0.0338
MICOS10,-0.0338
POLR3H,-0.0339
SCUBE2,-0.0339
MLYCD,-0.0339
COL5A3,-0.0339
LIMS2,-0.0339
SCAPER,-0.034
ADGRF4,-0.034
SLC66A1,-0.034
POLD4,-0.034
MAPK1IP1L,-0.034
UBE2V1,-0.034
NKAPL,-0.0341
SURF4,-0.0341
ZGRF1,-0.0341
ACKR2,-0.0341
WBP2,-0.0342
MMP11,-0.0342
MRPL54,-0.0342
VTN,-0.0342
CYBC1,-0.0342
TMEM216,-0.0342
SSX2IP,-0.0343
INPP1,-0.0343
TXNRD2,-0.0343
ACKR3,-0.0344
CYB561D2,-0.0344
ARHGAP20,-0.0344
HDGFL3,-0.0344
CPVL,-0.0344
CMTR2,-0.0344
POGLUT2,-0.0344
FITM2,-0.0345
MAP3K7CL,-0.0345
NEDD9,-0.0345
EOLA2,-0.0345
PEBP4,-0.0345
MAP1LC3C,-0.0346
EIF4A3,-0.0346
GRK5,-0.0346
LEMD3,-0.0346
DNAJB2,-0.0346
MSI1,-0.0346
TP53INP2,-0.0346
CCSER2,-0.0346
CXCR4,-0.0346
PLCH2,-0.0347
PRUNE2,-0.0347
SLC9A2,-0.0347
ATP5MC2,-0.0347
STAR,-0.0347
TEC,-0.0347
ISG20L2,-0.0348
NACC1,-0.0348
SLC4A8,-0.0348
NMNAT3,-0.0348
ENTPD1,-0.0348
ACOT4,-0.0348
NPNT,-0.0348
KLHL25,-0.0349
CENPP,-0.0349
FCER1A,-0.0349
CHMP4B,-0.035
ZNF195,-0.035
ZBTB8A,-0.035
EXD3,-0.035
TACR2,-0.0351
OSBP,-0.0351
ADGRF1,-0.0351
FYB2,-0.0351
BAK1,-0.0351
FBXL17,-0.0352
ABCC3,-0.0352
FOXL2,-0.0352
PFN2,-0.0353
SORCS2,-0.0353
POLA1,-0.0353
DOK1,-0.0353
EFCAB2,-0.0353
NCKAP5,-0.0353
XPOT,-0.0353
ANK3,-0.0354
SPECC1,-0.0354
UNC93B1,-0.0354
ADH1B,-0.0354
SEC13,-0.0355
SMAD7,-0.0355
ZC3H12C,-0.0355
RPS3A,-0.0355
PLCXD3,-0.0355
PLEKHM3,-0.0355
VAPA,-0.0355
ZNF134,-0.0355
CNRIP1,-0.0356
AP4B1,-0.0356
POLDIP3,-0.0356
INMT,-0.0357
NUP35,-0.0357
RPL22L1,-0.0357
SLC2A9,-0.0357
ZNF256,-0.0357
TRMT112,-0.0358
AZIN2,-0.0358
LRBA,-0.0358
CAMK4,-0.0359
ENOX1,-0.0359
MEI1,-0.0359
HCLS1,-0.0359
ZNF776,-0.036
GADD45G,-0.036
ENOPH1,-0.036
MZT1,-0.0361
C4BPB,-0.0361
EIF3I,-0.0361
B3GNT7,-0.0361
PARP1,-0.0361
RFC3,-0.0362
TNFAIP8L3,-0.0362
PDLIM2,-0.0362
KCTD5,-0.0363
DUSP4,-0.0363
PTPRK,-0.0363
GALNT3,-0.0363
NT5DC1,-0.0363
BAX,-0.0363
STK33,-0.0363
CPM,-0.0364
TMEM230,-0.0364
SUGT1,-0.0364
INA,-0.0364
ZNF543,-0.0365
ATAD5,-0.0365
GREB1L,-0.0365
PLTP,-0.0365
C5AR2,-0.0365
EMC8,-0.0366
AGTR1,-0.0366
NOL4L,-0.0366
ZNF28,-0.0366
RNF7,-0.0366
POLB,-0.0367
FOLH1,-0.0368
TSR1,-0.0368
GFM1,-0.0369
SCGB2A1,-0.0369
COQ2,-0.0369
ICMT,-0.0369
IP6K3,-0.0369
GATA5,-0.037
STMN2,-0.037
MARCKS,-0.037
CASP10,-0.037
LACC1,-0.037
HSPA2,-0.037
SPRR4,-0.037
KMT5B,-0.0371
OIT3,-0.0371
OSTC,-0.0371
ATMIN,-0.0371
TLR6,-0.0371
FRMD8,-0.0372
BRK1,-0.0372
CDKN2D,-0.0372
DUSP26,-0.0372
CCSAP,-0.0373
MECR,-0.0373
USF1,-0.0373
GJC1,-0.0373
KANSL1L,-0.0373
MED23,-0.0374
IKBKG,-0.0374
KIFBP,-0.0374
LGI3,-0.0374
MBOAT7,-0.0374
THAP11,-0.0374
TMIGD3,-0.0374
TBC1D31,-0.0374
ARL8A,-0.0375
DNASE1L1,-0.0375
IQSEC3,-0.0375
JPH4,-0.0375
ARMCX1,-0.0375
RBMS2,-0.0376
LCE3E,-0.0376
TMA16,-0.0376
OSBPL10,-0.0376
ZYG11B,-0.0377
CD46,-0.0377
HOXA13,-0.0377
BBIP1,-0.0377
TOP3A,-0.0378
PTPRE,-0.0378
CHPF2,-0.0378
FERMT2,-0.0379
C1QTNF3,-0.0379
MRPS12,-0.0379
MPG,-0.0379
CPNE5,-0.0379
EVI5,-0.038
ZFPM2,-0.038
SLC3A2,-0.038
GABBR2,-0.038
CYP4F3,-0.0381
LRRC8D,-0.0381
ZCWPW1,-0.0381
MEF2C,-0.0381
MTMR14,-0.0382
MEX3A,-0.0382
ZSCAN18,-0.0382
SSTR2,-0.0382
RPS19,-0.0382
CA13,-0.0382
CTNND1,-0.0383
GSE1,-0.0383
TWIST2,-0.0383
PRNP,-0.0383
QRSL1,-0.0384
KPNA4,-0.0384
PPP2R1A,-0.0384
B3GNT3,-0.0384
RAB7A,-0.0384
HAUS6,-0.0384
RPS27A,-0.0385
PRPF8,-0.0385
ERP29,-0.0385
PTPN3,-0.0385
SRPK3,-0.0385
TECR,-0.0386
SEC22B,-0.0386
TMEM61,-0.0386
CTSZ,-0.0386
MSH2,-0.0387
ARHGEF9,-0.0387
MPZL3,-0.0387
ZNF43,-0.0387
HYAL1,-0.0388
RPL15,-0.0388
NACC2,-0.0388
TULP4,-0.0388
TGFB1I1,-0.0388
STAP2,-0.0388
DDR2,-0.0389
TST,-0.0389
C2CD4A,-0.0389
ATP2B4,-0.0389
P2RY1,-0.039
HEYL,-0.039
DPH6,-0.039
NANP,-0.039
MAB21L3,-0.039
ZNF350,-0.0391
FGD4,-0.0391
C11orf68,-0.0391
ATP6V0B,-0.0392
KNOP1,-0.0392
PEX11A,-0.0392
NPRL3,-0.0392
FAM110D,-0.0392
TRAF3,-0.0392
SLC25A17,-0.0392
ZNF850,-0.0393
ZNF837,-0.0393
ZBTB32,-0.0393
PSG4,-0.0394
EIF3C,-0.0394
PRDM6,-0.0394
ACVRL1,-0.0394
RPL39,-0.0394
SCNN1A,-0.0394
AOX1,-0.0394
TSNAX,-0.0394
SMAD9,-0.0395
TFG,-0.0395
IMMT,-0.0395
RAB25,-0.0395
DBNDD1,-0.0395
GASK1A,-0.0395
ENPP2,-0.0396
SNAP25,-0.0396
PRMT3,-0.0396
ITGB3,-0.0396
IL11RA,-0.0396
CHMP2B,-0.0396
UBE3D,-0.0396
LMNB2,-0.0396
RBP1,-0.0397
SLC10A7,-0.0397
USP37,-0.0397
MYOM1,-0.0397
PDPK1,-0.0398
RSPO4,-0.0398
ALKBH2,-0.0398
PRG4,-0.0399
RAD51C,-0.0399
FIG4,-0.0399
KIAA0232,-0.0399
ACAD8,-0.0399
WNT2,-0.04
GPRASP1,-0.04
PGM1,-0.04
PGAP4,-0.04
NGLY1,-0.04
HBA2,-0.04
BICD2,-0.04
WNK2,-0.0401
KIF1C,-0.0401
DDX19B,-0.0401
RAP1GAP,-0.0401
LMBRD2,-0.0402
HOXA11,-0.0402
DZIP1,-0.0402
UXS1,-0.0402
BEND7,-0.0402
ZFHX3,-0.0402
ALDH4A1,-0.0402
SYN1,-0.0402
NOTCH3,-0.0404
PRODH,-0.0404
SLC38A10,-0.0404
TOP2B,-0.0404
MCM3,-0.0404
KBTBD11,-0.0405
ASGR1,-0.0405
PALMD,-0.0405
HMGN1,-0.0405
FBXO25,-0.0405
BAZ2B,-0.0405
ACTA2,-0.0405
PRAME,-0.0406
WTIP,-0.0406
ALDH3A1,-0.0406
AP1G1,-0.0406
LRRC6,-0.0406
IKBKB,-0.0406
KRT20,-0.0406
ATP6V1F,-0.0406
MERTK,-0.0407
PWWP2A,-0.0407
KCNMB4,-0.0407
ATP8B1,-0.0407
CEP76,-0.0407
SRSF1,-0.0408
COX5A,-0.0408
ZNF704,-0.0408
CPXM1,-0.0408
SLC4A7,-0.0408
ECE1,-0.0408
GFRA1,-0.0408
TPT1,-0.0409
AKAP9,-0.0409
CLPP,-0.041
ILRUN,-0.041
CHCHD5,-0.041
KNTC1,-0.041
ISCU,-0.041
MAPKAPK2,-0.041
DNTTIP1,-0.0411
LHX6,-0.0411
LAMA3,-0.0412
PCNX2,-0.0412
TBL1X,-0.0412
BROX,-0.0412
DNASE1,-0.0413
SRI,-0.0413
PHACTR2,-0.0413
IL24,-0.0413
CDC42SE1,-0.0414
PAQR4,-0.0414
SDC4,-0.0414
L2HGDH,-0.0414
NUDCD1,-0.0415
MAP7,-0.0415
RNPEPL1,-0.0415
UNC45A,-0.0415
SPRY2,-0.0416
H3C1,-0.0416
POP1,-0.0417
RAB43,-0.0417
CLDN5,-0.0417
GPC5,-0.0417
MYL9,-0.0417
GTF2IRD2B,-0.0418
CKMT1A,-0.0418
HRC,-0.0418
BOLA3,-0.0419
NUMBL,-0.0419
CNOT8,-0.0419
CMC1,-0.0419
EXOC3,-0.0419
THAP4,-0.0419
EFR3B,-0.042
FOXJ1,-0.042
GAS2,-0.042
XRCC6,-0.0421
CD93,-0.0421
WDR13,-0.0421
RPL9,-0.0421
DRAM1,-0.0422
ZNF606,-0.0422
STOML2,-0.0422
LMBRD1,-0.0422
HYAL3,-0.0423
ZNF506,-0.0423
FCRLB,-0.0423
MT-ATP6,-0.0423
MDFI,-0.0423
DZANK1,-0.0423
IK,-0.0424
GPD1,-0.0424
TRIM33,-0.0424
DHX9,-0.0424
ATL3,-0.0424
RPL27A,-0.0425
LCE1F,-0.0425
NAGS,-0.0426
C2CD2,-0.0426
COMMD9,-0.0426
CREB3L2,-0.0426
UBE2D4,-0.0426
WDR70,-0.0426
PAMR1,-0.0426
EMC9,-0.0426
RPS16,-0.0427
CNOT10,-0.0428
CARHSP1,-0.0428
GNB1L,-0.0428
LCE1C,-0.0429
TMEM134,-0.0429
MT1G,-0.0429
DHRS4,-0.0429
MFSD8,-0.0429
SERINC2,-0.0429
CMTM4,-0.043
ZNF675,-0.043
ZNF780A,-0.043
NFKBIE,-0.043
LSM2,-0.043
TMEM87B,-0.043
MCAM,-0.043
NUP54,-0.0431
NPLOC4,-0.0431
AIP,-0.0431
MTFMT,-0.0431
ENTPD6,-0.0432
EIF4G3,-0.0432
ACVR2A,-0.0432
TPM1,-0.0432
TIMM50,-0.0432
TMEM238,-0.0432
ADAMTS8,-0.0432
STON2,-0.0433
COPG1,-0.0433
LTK,-0.0433
PAG1,-0.0433
NES,-0.0434
SLC38A11,-0.0434
RTL5,-0.0434
ANKRD29,-0.0434
CEP126,-0.0434
LSM10,-0.0434
CD302,-0.0434
CSTF3,-0.0435
PXYLP1,-0.0435
CD8B,-0.0435
LILRB5,-0.0435
ANKRD34B,-0.0435
STARD3NL,-0.0435
BMX,-0.0435
ZC3H15,-0.0436
MAPKAPK3,-0.0436
MAN1C1,-0.0436
PPM1F,-0.0437
DIP2B,-0.0437
ZFHX2,-0.0437
TMSB15A,-0.0438
TRIP12,-0.0438
CDCA7,-0.0438
FAM72B,-0.0439
SLC19A3,-0.0439
PLCXD2,-0.0439
SIGLEC15,-0.0439
AP002990.1,-0.0439
SGCD,-0.0439
RASIP1,-0.0439
AAK1,-0.044
SDSL,-0.044
RNF10,-0.044
SCEL,-0.044
CAT,-0.0441
GAS2L1,-0.0441
GPATCH3,-0.0441
PLEKHA7,-0.0441
UGT2B7,-0.0441
GALNT11,-0.0441
FNDC3A,-0.0441
GORASP2,-0.0441
PPT2,-0.0441
CHMP2A,-0.0442
BLOC1S6,-0.0442
WFDC5,-0.0443
GLYR1,-0.0443
ADAT2,-0.0443
STOML1,-0.0443
ZNF280B,-0.0443
CTDSPL2,-0.0443
NMUR1,-0.0444
EPS8L1,-0.0444
COG7,-0.0444
LRP2,-0.0445
LRRN3,-0.0445
MRPS2,-0.0446
SYTL2,-0.0446
TBL1XR1,-0.0446
ARVCF,-0.0446
LRRC32,-0.0446
CKMT2,-0.0446
NCOA1,-0.0446
FCGR3B,-0.0446
PSMD11,-0.0446
MICAL2,-0.0447
SBSN,-0.0447
PDIA4,-0.0447
PHLDB2,-0.0447
SRP68,-0.0447
TAX1BP1,-0.0447
ZNF420,-0.0447
SRRM3,-0.0448
GSPT2,-0.0448
CXXC4,-0.0448
COPZ2,-0.0448
HSCB,-0.0448
DSP,-0.0448
ITPRIPL2,-0.0449
LGALS3,-0.045
SLC27A1,-0.045
WWC3,-0.0451
IL6ST,-0.0451
MKRN3,-0.0451
HOGA1,-0.0451
UGT1A1,-0.0452
MTHFD1,-0.0452
MT-CO1,-0.0452
HSF1,-0.0452
PCLO,-0.0453
MRAS,-0.0453
LINS1,-0.0453
CDK7,-0.0453
OVGP1,-0.0453
STAT3,-0.0453
NLE1,-0.0454
HEPACAM2,-0.0454
NUP155,-0.0454
TET3,-0.0454
OSMR,-0.0454
DIO1,-0.0454
ZFP1,-0.0455
ADRA1D,-0.0455
FKBP8,-0.0455
IGSF9,-0.0455
TRIM48,-0.0455
RRBP1,-0.0456
TNS3,-0.0456
BUB3,-0.0456
GJB2,-0.0456
SMPDL3A,-0.0457
RPUSD2,-0.0457
NUDT7,-0.0457
AHI1,-0.0457
CEP85,-0.0458
PPP1R1C,-0.0458
COL21A1,-0.0458
MISP,-0.0458
RNF130,-0.0459
TEK,-0.0459
ZNF717,-0.0459
HPRT1,-0.0459
ARCN1,-0.046
TNFSF4,-0.046
CHRDL1,-0.046
MAMSTR,-0.046
H4C4,-0.0461
KMT5A,-0.0461
HOMER2,-0.0461
DROSHA,-0.0462
RIBC1,-0.0462
DIMT1,-0.0462
VPS35L,-0.0462
FSCN2,-0.0462
COL4A2,-0.0462
IQGAP1,-0.0463
DCUN1D5,-0.0463
AFF1,-0.0463
UBR1,-0.0463
TRIM38,-0.0463
ITPR2,-0.0463
RNF168,-0.0463
NLRX1,-0.0463
STARD8,-0.0464
MBOAT1,-0.0465
ZNF718,-0.0465
CSF2,-0.0465
S100A6,-0.0465
LYPLA2,-0.0465
TMEM178B,-0.0466
SULT1C4,-0.0466
C14orf28,-0.0466
TMEM92,-0.0466
MKNK1,-0.0466
METTL18,-0.0466
COPS7A,-0.0466
NOL9,-0.0466
LRRC15,-0.0467
ACADL,-0.0467
TACC2,-0.0467
CYP2W1,-0.0467
POP7,-0.0467
FBXO28,-0.0467
GUCD1,-0.0468
TPI1,-0.0468
LILRB4,-0.0468
ZNF283,-0.0468
OGDH,-0.0468
SPAG5,-0.0468
NR4A2,-0.0468
RNF24,-0.0469
ZBTB7A,-0.0469
C15orf39,-0.0469
SRM,-0.0469
SELENOK,-0.0469
VTI1B,-0.047
TMEM86A,-0.047
DUS4L-BCAP29,-0.047
GJC3,-0.047
MAP6,-0.047
MARVELD3,-0.047
FAM177A1,-0.0471
ARID1A,-0.0471
HEATR6,-0.0471
ZNF544,-0.0471
IFITM2,-0.0472
MTM1,-0.0472
SNAP47,-0.0472
SEMA6B,-0.0472
RRAS,-0.0472
GFPT1,-0.0472
FAM114A2,-0.0473
SEC11C,-0.0473
MFAP3L,-0.0473
PLEKHA8,-0.0474
ERC1,-0.0474
ZCCHC12,-0.0474
TCL1A,-0.0474
RBP4,-0.0475
EXOG,-0.0476
NDUFA5,-0.0476
NECTIN4,-0.0476
SH2D3C,-0.0476
AK9,-0.0477
C3orf80,-0.0477
ZC2HC1C,-0.0477
ARFGAP3,-0.0477
SPINT2,-0.0477
ADPRH,-0.0478
HSPB1,-0.0478
ARHGAP32,-0.0478
SPRTN,-0.0479
KLHL20,-0.0479
NANS,-0.0479
ASH2L,-0.048
SLC25A14,-0.048
HCFC1R1,-0.048
GATA2,-0.048
CCT2,-0.048
HINT3,-0.048
UBE2L3,-0.048
MFSD9,-0.0481
KISS1R,-0.0481
KCTD7,-0.0481
TXNL4B,-0.0481
SLC39A8,-0.0481
MGAT4B,-0.0481
MRPS7,-0.0481
RNMT,-0.0482
ARNTL,-0.0482
TIMM8A,-0.0482
DHDDS,-0.0482
NAPA,-0.0482
RAB40C,-0.0482
LPAR6,-0.0482
LRCH2,-0.0482
TADA2B,-0.0483
TRIM69,-0.0483
FXYD5,-0.0483
HEATR5A,-0.0484
PGC,-0.0484
TRAPPC4,-0.0484
ZBTB22,-0.0484
RPP25,-0.0485
TMBIM1,-0.0485
CARM1,-0.0485
HMGB2,-0.0485
ERVMER34-1,-0.0486
CDC42EP5,-0.0486
CCL13,-0.0486
FTH1,-0.0486
EIF4E3,-0.0486
NME1,-0.0487
FFAR4,-0.0487
H3C13,-0.0488
TTC5,-0.0488
RAP1GAP2,-0.0488
NDUFA3,-0.0488
OCA2,-0.0488
BCL9L,-0.0488
PRB3,-0.0488
INSL3,-0.0488
EIF3H,-0.0489
AMIGO1,-0.0489
MFAP2,-0.0489
TYMS,-0.049
ARL6IP5,-0.049
TMEM17,-0.049
PPP1R3G,-0.049
MRPL47,-0.0491
UBE2M,-0.0491
ATP5F1D,-0.0491
RNF170,-0.0491
MUC5B,-0.0491
PRKDC,-0.0492
ZNF610,-0.0492
ESYT2,-0.0492
THOC2,-0.0492
EXOSC3,-0.0492
CTSO,-0.0493
CSRP1,-0.0493
HIF1A,-0.0493
PACC1,-0.0493
TMED6,-0.0494
CA12,-0.0494
P4HB,-0.0494
GPRIN2,-0.0494
RUSC1,-0.0494
MYO1B,-0.0494
MYCBP2,-0.0495
LRATD1,-0.0495
TUBG1,-0.0495
SPRR2G,-0.0495
DMAC1,-0.0495
FMO1,-0.0495
FAM98A,-0.0495
FBLN7,-0.0495
CD163L1,-0.0495
TTLL5,-0.0496
GPR180,-0.0496
NCS1,-0.0496
CCDC85B,-0.0496
CD72,-0.0496
P2RY2,-0.0497
APOBEC3C,-0.0497
CD300LG,-0.0497
C1orf216,-0.0497
MFAP4,-0.0497
NDUFB5,-0.0497
SDC3,-0.0498
UBFD1,-0.0498
GDF15,-0.0498
ZNF83,-0.0498
MSMB,-0.0499
IGFBP4,-0.0499
UBE2QL1,-0.0499
PALM2AKAP2,-0.0499
RPS6KA4,-0.0499
STXBP2,-0.05
VAMP8,-0.05
GCH1,-0.05
GART,-0.05
FAM162B,-0.0501
SYTL5,-0.0501
EEF1AKMT1,-0.0501
FYTTD1,-0.0501
IGF2R,-0.0501
HMGXB4,-0.0502
TRIM28,-0.0502
SLC39A13,-0.0502
TGIF1,-0.0502
FMO2,-0.0502
ANTXR1,-0.0503
SF3B3,-0.0503
COX4I2,-0.0503
SYTL4,-0.0503
EPB41L1,-0.0504
SRP72,-0.0504
FGF3,-0.0504
HLA-DQB2,-0.0505
CCDC32,-0.0505
ACOX1,-0.0505
GPAT2,-0.0505
TRIT1,-0.0505
IRAG1,-0.0505
MBNL2,-0.0506
ADAMTS12,-0.0506
UTP11,-0.0506
SMAD3,-0.0506
DIAPH1,-0.0507
RAB3GAP2,-0.0507
WDR12,-0.0507
SCTR,-0.0507
PDCD10,-0.0507
MAFB,-0.0508
PXMP4,-0.0508
BTNL9,-0.0508
GSTM5,-0.0508
TCEANC2,-0.0508
FHL1,-0.0509
SH3RF1,-0.0509
RFC1,-0.0509
STAC,-0.0509
NUCKS1,-0.0509
TARBP2,-0.0509
UBA52,-0.0509
TBRG4,-0.0509
NHSL2,-0.0509
ANXA4,-0.0509
SLC22A16,-0.051
KIF22,-0.051
AFG1L,-0.051
ANKRD13C,-0.051
SEMA6D,-0.051
ZBED4,-0.051
GNG5,-0.0511
PDE4A,-0.0511
GPM6A,-0.0511
PIH1D2,-0.0511
HYOU1,-0.0511
LAMB1,-0.0511
NOS3,-0.0511
AP3S1,-0.0511
THUMPD2,-0.0511
IGLL5,-0.0511
ACAP2,-0.0511
NUBP1,-0.0511
VSIG10L,-0.0511
ULBP3,-0.0512
MED7,-0.0512
COX4I1,-0.0512
USP47,-0.0512
ZZEF1,-0.0512
SRPK1,-0.0513
SMIM3,-0.0513
HSPBP1,-0.0514
GLT8D2,-0.0514
LAMTOR2,-0.0514
PDGFRA,-0.0514
NOTUM,-0.0514
TLE5,-0.0514
CPSF6,-0.0514
STC2,-0.0514
MMP24OS,-0.0515
SLC52A2,-0.0515
SERTAD2,-0.0515
NCAM2,-0.0515
SLC35F6,-0.0515
BLMH,-0.0515
USP40,-0.0516
ZNF620,-0.0516
C12orf76,-0.0516
TRMT1L,-0.0516
PSG3,-0.0516
NCK1,-0.0516
RPS6KA6,-0.0516
ABR,-0.0516
FBN1,-0.0516
ANKRD13B,-0.0516
GATA6,-0.0516
PDP1,-0.0517
CDH15,-0.0517
SMN2,-0.0517
ZNF454,-0.0517
TEFM,-0.0517
SCNM1,-0.0517
CEP72,-0.0517
TNFRSF18,-0.0517
TMEM151A,-0.0518
DIRAS1,-0.0518
TPBG,-0.0518
FAHD1,-0.0518
IMP3,-0.0518
PATJ,-0.0518
WDFY4,-0.0518
PPA2,-0.0518
DUOX1,-0.0519
GPA33,-0.0519
CXCL6,-0.0519
H2BC8,-0.0519
IL1R2,-0.0519
RAB41,-0.0519
WIPF2,-0.0519
NUDT11,-0.0519
PLRG1,-0.0519
IBSP,-0.052
PPM1K,-0.052
BICRAL,-0.052
IER2,-0.052
FAM110C,-0.052
AOC3,-0.052
GGT6,-0.052
TIMM8B,-0.0521
ATG12,-0.0521
RPL13A,-0.0521
HOXA10,-0.0521
PSMD8,-0.0521
FADD,-0.0521
TBC1D24,-0.0522
RTCB,-0.0522
GDF5,-0.0522
USPL1,-0.0522
SOCS6,-0.0522
ZRSR2,-0.0523
ZNF341,-0.0523
ZNF563,-0.0523
ACBD3,-0.0523
TACSTD2,-0.0523
HIP1,-0.0524
TMEM38B,-0.0524
ECHDC1,-0.0524
ADAM19,-0.0524
WRN,-0.0524
PCDHGA9,-0.0525
SIDT2,-0.0525
CLSTN1,-0.0525
PXDN,-0.0525
SLC35A2,-0.0526
N4BP2L2,-0.0526
LRP5,-0.0526
SYBU,-0.0526
MARCHF9,-0.0526
FAM204A,-0.0527
PHLDA2,-0.0527
MCM7,-0.0527
METTL7B,-0.0527
DICER1,-0.0527
TBL3,-0.0528
CLDN7,-0.0528
SNRPC,-0.0528
PWWP3B,-0.0528
HMGCS2,-0.0529
EXOC8,-0.0529
NBR1,-0.0529
TTLL11,-0.0529
FAM167A,-0.053
YRDC,-0.053
FOSL1,-0.053
MCEMP1,-0.053
CLCF1,-0.053
PPP1R3B,-0.053
GDAP2,-0.053
ESS2,-0.0531
TMC7,-0.0531
CSTF2,-0.0531
DDX59,-0.0531
CLIC3,-0.0532
ID2,-0.0532
ITGA1,-0.0533
DST,-0.0533
PCDHB5,-0.0533
LRRC20,-0.0534
PARVA,-0.0534
BCAR3,-0.0534
CPA4,-0.0534
ADAMTS1,-0.0535
KCNE3,-0.0535
DNAJB13,-0.0535
KCTD15,-0.0535
NME4,-0.0535
AKAP13,-0.0535
SSR1,-0.0535
DVL2,-0.0536
AKIRIN1,-0.0536
ARF4,-0.0536
HBB,-0.0536
TBX5,-0.0537
CSRP2,-0.0537
YPEL1,-0.0538
PWWP2B,-0.0538
COA7,-0.0538
KCNK3,-0.0538
TP53AIP1,-0.0538
ALDH8A1,-0.0538
TMEM62,-0.0539
BCAS2,-0.0539
KCNA5,-0.0539
SEMA3G,-0.0539
SNX8,-0.0539
PIGV,-0.0539
TDP1,-0.0539
TMEM38A,-0.0539
RIMKLA,-0.0539
OXSM,-0.054
SSRP1,-0.054
JAKMIP3,-0.054
IBA57,-0.054
SLC25A30,-0.0541
OR6T1,-0.0541
NHSL1,-0.0541
GMPS,-0.0541
TMED1,-0.0541
GNL2,-0.0541
TRPM4,-0.0541
DDB1,-0.0541
MAN2A1,-0.0541
ADAMTS2,-0.0542
TSPAN11,-0.0542
CIAO2A,-0.0542
GNPAT,-0.0542
FRMD5,-0.0542
PKIB,-0.0542
VEGFC,-0.0542
PTPRS,-0.0543
PIFO,-0.0543
C4orf46,-0.0543
CKMT1B,-0.0543
ETFDH,-0.0543
CCDC186,-0.0544
MYH14,-0.0544
VBP1,-0.0544
NUDT9,-0.0544
DIAPH3,-0.0545
TRAF7,-0.0545
RHOC,-0.0545
MCF2L,-0.0545
TIGD5,-0.0545
DIS3L,-0.0545
STAB1,-0.0545
POLR1G,-0.0545
EMG1,-0.0545
ZNF671,-0.0545
CRTAC1,-0.0545
SRSF2,-0.0545
USP43,-0.0545
CALML5,-0.0546
CSF3R,-0.0547
CLCN7,-0.0547
RNF145,-0.0547
TMEM30A,-0.0547
MYBPC1,-0.0547
DCAF4,-0.0547
RBM3,-0.0548
COLEC12,-0.0548
POC1A,-0.0548
CD81,-0.0549
FAM199X,-0.0549
TRIM3,-0.0549
ASB8,-0.0549
ZNF836,-0.0549
B4GALNT4,-0.0549
POLD1,-0.0549
CRYZ,-0.055
SDR9C7,-0.055
C16orf70,-0.055
POLR2H,-0.055
CSNK1D,-0.055
GUK1,-0.055
DSTYK,-0.055
FABP4,-0.055
UBAP2L,-0.055
CNDP2,-0.055
RHPN2,-0.055
MAP2K3,-0.0551
XBP1,-0.0551
SURF1,-0.0551
FAM83A,-0.0552
SPCS3,-0.0552
RAD23A,-0.0552
FBXL13,-0.0552
DNAJC4,-0.0552
BTBD10,-0.0552
SSTR1,-0.0552
AKR1C1,-0.0552
PI4KA,-0.0553
RAB9B,-0.0553
BABAM1,-0.0553
INAVA,-0.0553
KPTN,-0.0553
UST,-0.0553
LGI4,-0.0554
DHX15,-0.0554
LYPLA1,-0.0554
YAP1,-0.0554
TUBGCP5,-0.0554
WDR4,-0.0554
MME,-0.0555
IGFBP2,-0.0555
SLU7,-0.0555
CDH17,-0.0555
NSUN2,-0.0555
KPNA5,-0.0556
ITIH2,-0.0556
CPLANE2,-0.0556
TBCA,-0.0556
MIEF1,-0.0556
GGTA1,-0.0556
EIF2S1,-0.0557
TMEM59L,-0.0557
PRPS2,-0.0557
NXT2,-0.0558
FAXDC2,-0.0558
PNPLA7,-0.0558
MFHAS1,-0.0558
BTBD11,-0.0559
SYDE1,-0.0559
UTP15,-0.0559
CXCL13,-0.0559
CCDC9,-0.0559
SLC16A5,-0.0559
VIPR1,-0.0559
TIMM29,-0.0559
PGLYRP4,-0.056
RBP7,-0.056
SNX27,-0.056
PSME4,-0.0561
METTL14,-0.0561
TMEM217,-0.0561
PLPPR3,-0.0561
PRRT3,-0.0561
CEP152,-0.0561
FAM83H,-0.0561
POLG,-0.0562
SLC5A9,-0.0562
UBN1,-0.0562
TMPRSS11E,-0.0562
AKR1C2,-0.0562
CRACR2A,-0.0562
PDCD6IP,-0.0562
TMX4,-0.0562
ZNF135,-0.0563
OPA1,-0.0563
MRPS25,-0.0563
RNF40,-0.0563
EDNRB,-0.0563
BABAM2,-0.0563
AVEN,-0.0563
WTAP,-0.0563
DAB2,-0.0563
LBR,-0.0563
LIPT1,-0.0563
YIPF5,-0.0564
DESI2,-0.0564
DDC,-0.0564
SGPL1,-0.0564
SYNPO,-0.0565
KLF9,-0.0565
FOSL2,-0.0565
PBLD,-0.0565
ANXA2,-0.0565
BOD1,-0.0565
DLG5,-0.0565
FBXO45,-0.0566
TLR3,-0.0566
WRAP53,-0.0566
VOPP1,-0.0566
TAOK2,-0.0566
SLC35F2,-0.0567
CDK2,-0.0567
FAM193A,-0.0567
COL9A3,-0.0567
MT-ND2,-0.0567
CLTC,-0.0567
NUBP2,-0.0568
H2BC7,-0.0568
HSBP1,-0.0568
AP3M2,-0.0568
PRDX6,-0.0568
EPHB3,-0.0568
DAG1,-0.0568
RBIS,-0.0569
UNC5B,-0.0569
FBXO5,-0.0569
UBA6,-0.0569
SPAST,-0.0569
LARP4B,-0.0569
CCDC159,-0.057
STUB1,-0.057
FBXO38,-0.057
PRKG1,-0.0571
RAB12,-0.0571
LYPD1,-0.0571
CMIP,-0.0571
PPP1R8,-0.0571
FAM107A,-0.0571
KRT8,-0.0572
SLC7A11,-0.0572
AMOTL2,-0.0572
TINAGL1,-0.0572
GSTO2,-0.0572
ZFP3,-0.0572
LSM12,-0.0572
SLC9A4,-0.0572
DNAJB1,-0.0572
SDCBP,-0.0572
PPP6R1,-0.0573
C22orf23,-0.0573
SNX7,-0.0573
CRNKL1,-0.0573
TES,-0.0573
TNFRSF9,-0.0573
CHAC1,-0.0573
CAMK2G,-0.0574
DYNC2H1,-0.0574
MRPL13,-0.0574
ZC3H13,-0.0574
POMT2,-0.0574
SUPV3L1,-0.0574
B3GALNT2,-0.0575
GPR3,-0.0575
ESR1,-0.0575
BCL6B,-0.0575
CYTH2,-0.0575
NIBAN2,-0.0575
PAK6,-0.0575
RUNX2,-0.0576
GBP3,-0.0576
IGFL3,-0.0576
ABCB9,-0.0576
BTBD8,-0.0577
NDUFAF3,-0.0577
SH3GL1,-0.0577
DNAJC22,-0.0577
CTSB,-0.0577
ATP9A,-0.0577
RSPO2,-0.0578
RAI1,-0.0578
EXOSC5,-0.0578
PRPF3,-0.0578
ENO1,-0.0578
GPX3,-0.0578
POLR2F,-0.0579
COQ4,-0.0579
ATP7B,-0.0579
TRPC6,-0.0579
WDR19,-0.058
GOT2,-0.058
GNA13,-0.058
MRPS36,-0.058
ADAT1,-0.0581
MRPL21,-0.0581
TM9SF2,-0.0582
FAM118A,-0.0582
BMPER,-0.0582
ADK,-0.0582
MRPL1,-0.0582
RAB4A,-0.0583
NDFIP1,-0.0583
SLC36A1,-0.0583
PBX3,-0.0583
PKIA,-0.0583
MPP5,-0.0583
ZNF491,-0.0583
PHF23,-0.0583
CKAP5,-0.0583
MXRA8,-0.0583
ST3GAL4,-0.0583
PSMB5,-0.0583
UBE2O,-0.0584
APH1B,-0.0584
TTC38,-0.0584
AGR2,-0.0584
FAM81B,-0.0584
NAALADL1,-0.0584
SFMBT1,-0.0585
ARMCX3,-0.0585
IGFBP5,-0.0585
PSTK,-0.0586
URB1,-0.0586
ACADSB,-0.0586
BTN2A1,-0.0586
APOOL,-0.0586
DHX16,-0.0586
CEACAM1,-0.0586
CEP350,-0.0586
DNAJC13,-0.0586
KCNK15,-0.0586
CHAMP1,-0.0587
BIRC7,-0.0587
E2F4,-0.0587
MCF2L2,-0.0587
ANKS1A,-0.0587
GPX1,-0.0588
DPF1,-0.0588
RSU1,-0.0589
SENP3,-0.0589
KIF21A,-0.0589
PRKCQ,-0.0589
WNT9A,-0.0589
LARGE2,-0.059
CEP97,-0.059
CCDC88A,-0.059
RAG1,-0.059
MPZL1,-0.059
TCEAL4,-0.059
CST4,-0.059
SHTN1,-0.0591
RWDD2B,-0.0591
ARID2,-0.0591
TMF1,-0.0591
DHRS9,-0.0591
SLC16A10,-0.0591
PEX11G,-0.0591
PSENEN,-0.0592
CCDC127,-0.0592
TRIM56,-0.0592
FREM1,-0.0592
SYN2,-0.0592
E2F5,-0.0593
RFC5,-0.0593
WDR76,-0.0593
GLRX2,-0.0593
MYOM2,-0.0594
LGR6,-0.0594
C5orf38,-0.0594
ZNF280D,-0.0595
ATP6AP1,-0.0595
NEMP2,-0.0595
BICC1,-0.0595
MECOM,-0.0595
EFNB1,-0.0596
ITGA4,-0.0596
STK24,-0.0597
SRGAP2C,-0.0597
RNF138,-0.0597
R3HDM2,-0.0597
STK38L,-0.0597
TRAPPC3,-0.0598
NOL6,-0.0598
ZNF528,-0.0598
PIGW,-0.0598
THEM4,-0.0598
SIX2,-0.0598
GYS1,-0.0599
RBM15,-0.0599
MTFP1,-0.0599
PI16,-0.0599
CLOCK,-0.0599
NPR3,-0.0599
CANX,-0.0599
YIPF3,-0.0599
KANSL2,-0.0599
DYNLL2,-0.0599
PRPH2,-0.0599
TMEM223,-0.0599
THEM6,-0.06
SPSB4,-0.06
BBS12,-0.06
MAP2K5,-0.06
OTUB2,-0.06
DUOXA1,-0.06
C15orf61,-0.0601
EFEMP1,-0.0601
RELB,-0.0601
HECTD1,-0.0601
C7orf50,-0.0601
TSKU,-0.0601
PAFAH1B1,-0.0602
FASN,-0.0602
NBEAL1,-0.0602
KIF20B,-0.0603
DARS2,-0.0603
PSMC6,-0.0603
C1orf115,-0.0603
KIAA1671,-0.0603
SPNS3,-0.0603
ALDH7A1,-0.0603
HDAC3,-0.0603
MORC2,-0.0603
CALB2,-0.0603
FA2H,-0.0603
PEAR1,-0.0603
MXRA5,-0.0604
TMEM115,-0.0604
HENMT1,-0.0604
DCLRE1B,-0.0604
IFRD2,-0.0604
TCTEX1D4,-0.0604
DRAP1,-0.0604
NOB1,-0.0604
GCFC2,-0.0604
PNMA5,-0.0604
MASTL,-0.0605
ARL16,-0.0605
PYGB,-0.0605
SLC25A11,-0.0605
PREP,-0.0605
CFAP36,-0.0606
MAP3K9,-0.0606
PPP1R1B,-0.0606
ZNF253,-0.0606
SNRNP200,-0.0606
NOBOX,-0.0606
HEATR1,-0.0606
DTWD1,-0.0606
ZNF185,-0.0606
SCARF1,-0.0606
LYN,-0.0606
FUZ,-0.0607
NPBWR1,-0.0607
ZNF436,-0.0607
TRMT1,-0.0607
NOS1,-0.0607
TMPO,-0.0607
TEX264,-0.0607
CARNS1,-0.0608
TMEM98,-0.0608
CALCA,-0.0608
PPIL1,-0.0608
PITPNM3,-0.0609
PUDP,-0.0609
INTS10,-0.0609
CTBP2,-0.0609
EPN3,-0.061
GDA,-0.061
RRNAD1,-0.061
TYW3,-0.061
PALM,-0.0611
SLC9B2,-0.0611
MTRES1,-0.0611
MID1IP1,-0.0611
TMEM42,-0.0611
PF4V1,-0.0611
PVR,-0.0611
MAPRE2,-0.0612
TFB1M,-0.0612
ZNF222,-0.0612
GSTA1,-0.0613
ZNF641,-0.0613
PYROXD2,-0.0614
IVL,-0.0614
NPHP1,-0.0614
ADH5,-0.0614
HUNK,-0.0614
CPLANE1,-0.0614
DUSP9,-0.0614
LRRC42,-0.0615
ABCB10,-0.0615
SH3BGRL,-0.0615
PRR36,-0.0615
MMUT,-0.0615
HAS2,-0.0615
CYP39A1,-0.0615
ST6GAL2,-0.0615
MRPL43,-0.0616
ZNF629,-0.0616
ZNF611,-0.0616
ATP6V0A1,-0.0616
MON1B,-0.0616
TMPRSS6,-0.0616
CCDC85A,-0.0616
HIPK1,-0.0616
NRXN3,-0.0617
FIS1,-0.0617
NLN,-0.0617
SWAP70,-0.0617
CRISPLD1,-0.0617
CCNP,-0.0617
JMJD6,-0.0617
SERPINE1,-0.0617
GPR89A,-0.0617
VRK3,-0.0618
HADH,-0.0618
DUSP10,-0.0618
GEMIN4,-0.0618
ARSG,-0.0618
ZNF384,-0.0618
KMT2C,-0.0618
ENTPD4,-0.0618
C15orf65,-0.0618
BEX5,-0.0618
RMDN3,-0.0619
AMPD3,-0.0619
SOS2,-0.0619
FARSB,-0.0619
SAP30L,-0.0619
FGF7,-0.0619
MRPL37,-0.062
DCLK2,-0.062
PLS1,-0.062
SLC66A3,-0.062
FOXJ3,-0.062
RPL21,-0.0621
NPEPPS,-0.0621
RIN1,-0.0621
CDIPT,-0.0621
RPUSD3,-0.0621
XDH,-0.0621
EEF1AKMT3,-0.0621
TNFRSF11B,-0.0621
FABP3,-0.0621
PCDHGA12,-0.0622
CNPY4,-0.0622
EIF1AD,-0.0622
SPAG4,-0.0622
CERT1,-0.0622
CCT7,-0.0623
RERG,-0.0623
PGGT1B,-0.0623
H2AC21,-0.0623
IGSF21,-0.0623
SLK,-0.0623
CXCL12,-0.0623
ART4,-0.0623
FDCSP,-0.0624
ZNF32,-0.0624
ICAM5,-0.0624
CRISPLD2,-0.0624
RHBDD2,-0.0624
VTCN1,-0.0624
RAB5A,-0.0625
RBL1,-0.0625
ERCC2,-0.0625
STK32C,-0.0625
SMC4,-0.0625
ZNF669,-0.0625
MYCBP,-0.0625
NAT9,-0.0625
ADHFE1,-0.0625
RLF,-0.0626
AP1S1,-0.0626
ARHGAP21,-0.0626
CBY2,-0.0626
ZNF408,-0.0626
TMEM150C,-0.0626
TTLL1,-0.0627
USP46,-0.0627
UGT1A7,-0.0627
GTF2H3,-0.0627
SMC2,-0.0627
ITPK1,-0.0627
FGF13,-0.0627
RNF224,-0.0627
CYP4B1,-0.0628
SEC14L3,-0.0628
TAF5L,-0.0628
ECPAS,-0.0628
BARX1,-0.0629
MUC15,-0.0629
STX18,-0.0629
UTP6,-0.0629
DONSON,-0.0629
CRYBB1,-0.063
TMEM126A,-0.063
RHOH,-0.063
B4GALT7,-0.063
FAM189B,-0.063
HGF,-0.063
STT3B,-0.063
MMAB,-0.0631
CERKL,-0.0631
DUSP16,-0.0631
PPEF1,-0.0631
RDH10,-0.0631
PYCARD,-0.0631
SBK1,-0.0631
DHX35,-0.0631
SAT2,-0.0631
ADRB1,-0.0632
MRPL39,-0.0632
ZFP37,-0.0632
IVD,-0.0632
ALG14,-0.0632
CARMIL1,-0.0632
TLE3,-0.0632
SCYL3,-0.0632
LRP1,-0.0632
PELO,-0.0633
TMEM47,-0.0633
CPQ,-0.0633
CTSL,-0.0634
MOCS2,-0.0634
LSM4,-0.0634
SCRN1,-0.0634
SPSB1,-0.0634
NPY,-0.0634
ERF,-0.0634
ZBTB7B,-0.0635
WBP4,-0.0635
WNT5A,-0.0635
POLR1C,-0.0635
NPTXR,-0.0635
XRCC3,-0.0635
MATN3,-0.0635
NSMCE4A,-0.0636
RHEX,-0.0637
HSPB8,-0.0637
RNF25,-0.0637
PSMC3,-0.0637
SPATC1L,-0.0638
HFE,-0.0638
DLK1,-0.0638
ZBTB9,-0.0638
BPNT1,-0.0638
TBX15,-0.0639
SASH1,-0.0639
SVIL,-0.0639
H3C12,-0.0639
NAP1L2,-0.0639
LDLRAP1,-0.0639
PARP8,-0.0639
NEMP1,-0.064
SLC45A4,-0.064
DYRK2,-0.064
CXCR1,-0.064
GIT1,-0.064
NOMO2,-0.064
YLPM1,-0.0641
HOOK1,-0.0641
ZNF467,-0.0641
CHST3,-0.0641
BRMS1,-0.0641
SPATS2,-0.0641
PIM2,-0.0641
MSRB3,-0.0641
FADS2,-0.0641
NSRP1,-0.0642
APOBEC3A,-0.0642
ITGB5,-0.0642
CALM2,-0.0642
FDPS,-0.0642
CASP9,-0.0642
SLC49A3,-0.0642
TBCEL,-0.0642
KRT1,-0.0643
DHRS13,-0.0643
MRPS23,-0.0643
PIP5K1A,-0.0643
AKAP12,-0.0643
GRHL2,-0.0643
EPYC,-0.0644
MYOF,-0.0644
ZNF322,-0.0644
MEGF10,-0.0644
RUNDC1,-0.0645
NRGN,-0.0645
CNTN2,-0.0645
ZNF614,-0.0645
GTF2E1,-0.0645
SF3A3,-0.0645
SPRYD4,-0.0645
PSD4,-0.0645
TRIM31,-0.0645
NBPF1,-0.0646
SEL1L,-0.0646
RALGPS1,-0.0646
BARX2,-0.0646
SPIB,-0.0647
MAN1A1,-0.0647
ZCCHC24,-0.0647
GPAA1,-0.0647
RETREG3,-0.0647
CARD19,-0.0648
APBA3,-0.0648
ZNHIT2,-0.0648
PLAUR,-0.0648
CFB,-0.0648
DHRS4L2,-0.0648
MIDN,-0.0648
TMEM71,-0.0648
JAGN1,-0.0649
UBE4B,-0.0649
EGLN1,-0.0649
UGT2B11,-0.0649
PLA2G4F,-0.0649
MON1A,-0.065
CEP89,-0.065
TUT7,-0.065
GLOD4,-0.065
KLK11,-0.065
GAP43,-0.065
QPCT,-0.0651
TMTC1,-0.0651
RPS19BP1,-0.0651
PKP2,-0.0651
SPRYD7,-0.0651
YY1AP1,-0.0652
SST,-0.0652
MRPL32,-0.0652
FARP1,-0.0652
TSR3,-0.0652
MRTFB,-0.0652
PECR,-0.0652
JAG2,-0.0652
FAM131C,-0.0653
SHOC1,-0.0653
GNPNAT1,-0.0653
CDC73,-0.0653
JMJD8,-0.0653
CCN1,-0.0653
NAA60,-0.0653
GUCY1A2,-0.0653
CYFIP2,-0.0653
PSMD4,-0.0654
TNIP1,-0.0654
KCNN4,-0.0654
RAI14,-0.0654
SMC1A,-0.0654
SECISBP2,-0.0654
RRP7A,-0.0654
MOCS1,-0.0655
BBS9,-0.0655
ZDHHC1,-0.0655
TAL1,-0.0655
RAB38,-0.0655
GLG1,-0.0655
CELF2,-0.0656
PTK2,-0.0656
ALG10,-0.0657
CFH,-0.0657
PPP1R3C,-0.0657
DR1,-0.0657
CBX7,-0.0657
ZDHHC6,-0.0657
TLL1,-0.0658
AHSA1,-0.0658
SPATA13,-0.0658
CCT6B,-0.0658
S100A14,-0.0658
PGM2L1,-0.0658
IRF7,-0.0658
OCIAD1,-0.0658
TMEM106A,-0.0658
PARL,-0.0659
PNKD,-0.0659
PIGP,-0.0659
MMP10,-0.0659
HEG1,-0.066
CA5B,-0.066
L1TD1,-0.066
AGFG2,-0.066
TNFSF12,-0.0661
TACO1,-0.0661
PDS5A,-0.0661
POLR3E,-0.0661
CNP,-0.0662
MEIS3,-0.0662
GOLGA1,-0.0662
GAS8,-0.0662
UBR3,-0.0662
MRPS22,-0.0662
BMP8B,-0.0662
PPFIA3,-0.0663
SPTB,-0.0663
XKR8,-0.0663
SLC12A3,-0.0663
TMEM129,-0.0664
NOC2L,-0.0664
CFAP251,-0.0664
TMEM177,-0.0664
TSPAN1,-0.0664
MED10,-0.0664
SIL1,-0.0664
ZNF496,-0.0665
H4C8,-0.0665
SHISAL2A,-0.0666
PDLIM1,-0.0666
SMARCAD1,-0.0666
KYNU,-0.0666
NCAPG2,-0.0666
SOX4,-0.0666
FOXO3,-0.0666
MAGEE1,-0.0667
GOSR1,-0.0667
NT5C3B,-0.0667
IFNAR1,-0.0667
GTF2A2,-0.0668
CLIC5,-0.0668
DSN1,-0.0668
IRX4,-0.0668
DDOST,-0.0668
HMGB1,-0.0669
DIPK1A,-0.0669
ALG1L,-0.0669
BHLHE41,-0.067
SCNN1G,-0.067
PF4,-0.067
DNAH14,-0.067
CACNB3,-0.0671
IL12RB2,-0.0671
SNX29,-0.0672
TTC37,-0.0672
PUS7,-0.0672
POU2F1,-0.0672
CDH13,-0.0672
MICU2,-0.0672
MYC,-0.0672
HNRNPR,-0.0672
USP9X,-0.0673
TMCO3,-0.0673
UBE2Q1,-0.0673
RBPJ,-0.0673
USP12,-0.0673
CABP4,-0.0674
SPRED2,-0.0674
IL18RAP,-0.0674
KLHL42,-0.0674
PLBD1,-0.0674
LDLRAD3,-0.0674
POMT1,-0.0675
TEPP,-0.0675
PDS5B,-0.0675
EIF3E,-0.0675
SLC7A8,-0.0675
GARRE1,-0.0675
MANF,-0.0675
SPATA5L1,-0.0676
CCDC102B,-0.0676
TIAM2,-0.0676
MT1M,-0.0676
SLC25A51,-0.0677
ERLIN1,-0.0677
CAVIN3,-0.0677
RAI2,-0.0677
C18orf54,-0.0677
LASP1,-0.0677
ATG2B,-0.0677
EVPL,-0.0677
H2AW,-0.0677
RAB10,-0.0677
LAMP1,-0.0677
RCCD1,-0.0678
ADAM28,-0.0678
BPIFA2,-0.0678
PRTFDC1,-0.0678
ICAM1,-0.0678
DCTN1,-0.0678
OPN3,-0.0678
VCPKMT,-0.0678
FAM72D,-0.0679
NXF3,-0.0679
MMRN1,-0.0679
AHDC1,-0.0679
BCOR,-0.0679
FTHL17,-0.0679
HDAC8,-0.0679
CDC123,-0.0679
RBPMS2,-0.0679
TSPAN18,-0.068
ADGRA2,-0.068
KREMEN2,-0.068
KRT78,-0.068
PLA1A,-0.068
KALRN,-0.068
MYBPH,-0.068
BNC2,-0.068
ETV6,-0.0681
AP3B1,-0.0681
AMPD2,-0.0681
CD207,-0.0681
PTPMT1,-0.0681
DPM3,-0.0681
EXOSC10,-0.0682
ARNT2,-0.0682
C11orf45,-0.0682
FKRP,-0.0682
LCA5L,-0.0682
C20orf96,-0.0683
IARS2,-0.0683
AGPAT4,-0.0683
LFNG,-0.0683
PDE6B,-0.0683
GSTP1,-0.0683
RRS1,-0.0684
CCNK,-0.0684
TMEM43,-0.0684
ZCCHC17,-0.0684
MFSD6L,-0.0684
CCDC34,-0.0684
WDR25,-0.0684
NUP85,-0.0684
TIRAP,-0.0685
RPL35A,-0.0685
ZNF235,-0.0685
LGI2,-0.0685
HERC4,-0.0685
CRTC1,-0.0686
TRIM44,-0.0686
SLC30A9,-0.0686
GADD45GIP1,-0.0686
ZFAND2A,-0.0687
RER1,-0.0687
UBAP1,-0.0687
CCAR2,-0.0687
ASB13,-0.0687
KIF1B,-0.0687
CCDC71,-0.0687
NCSTN,-0.0687
C15orf62,-0.0688
NAT1,-0.0688
PBRM1,-0.0688
CMTM8,-0.0688
EIF1,-0.0688
SLC38A2,-0.0688
TRUB2,-0.0688
FAM227B,-0.0689
SMNDC1,-0.0689
FKBP7,-0.0689
UNC5C,-0.0689
AXIN2,-0.0689
CRYBB3,-0.0689
FOS,-0.0689
AADAT,-0.069
SLC25A6,-0.069
CKB,-0.069
SLC35E1,-0.069
PHF6,-0.069
HRH2,-0.069
BMERB1,-0.069
FOXP4,-0.069
NAGA,-0.069
RBM45,-0.069
MT-CYB,-0.0691
GEM,-0.0691
PAQR5,-0.0691
ROGDI,-0.0691
MCC,-0.0692
ALPL,-0.0692
ELP5,-0.0692
RBM8A,-0.0692
MUCL3,-0.0692
SOGA1,-0.0692
RIOX1,-0.0693
LMTK3,-0.0693
DECR2,-0.0693
ARHGDIB,-0.0693
GOLM2,-0.0693
RPA1,-0.0693
TGFB3,-0.0693
RRP15,-0.0693
MIPOL1,-0.0693
CTSA,-0.0694
POLR3K,-0.0694
CPLX1,-0.0694
UHRF1BP1,-0.0694
SSH2,-0.0694
ISM1,-0.0694
ARID1B,-0.0695
HUS1,-0.0695
TSPAN14,-0.0695
CASP4,-0.0695
MRPL40,-0.0695
TRIM47,-0.0696
CALD1,-0.0696
AZIN1,-0.0696
TLCD5,-0.0696
HSPA5,-0.0697
RXRG,-0.0697
ZNF585B,-0.0697
PEG10,-0.0697
SLC35D2,-0.0697
H1-5,-0.0697
XKRX,-0.0697
DHRS7,-0.0698
BAP1,-0.0698
S100A4,-0.0698
ETNK2,-0.0698
PHF13,-0.0698
FMNL2,-0.0698
MAGEB2,-0.0698
FGF5,-0.0698
EMD,-0.0698
POU6F1,-0.0699
GTF3A,-0.0699
ABCF3,-0.0699
GLI1,-0.07
PAX9,-0.07
RCL1,-0.07
SETBP1,-0.07
TGM2,-0.07
TLK2,-0.07
NUDT17,-0.07
AHNAK,-0.0701
BRD1,-0.0701
SESN2,-0.0701
HNMT,-0.0701
MTRNR2L12,-0.0701
MAP3K4,-0.0701
MAN2B1,-0.0701
UBE2N,-0.0701
CD99,-0.0702
SCN1B,-0.0702
METRNL,-0.0702
FOXO1,-0.0702
SYNDIG1,-0.0702
ZBTB49,-0.0702
CTBS,-0.0702
NDUFA6,-0.0702
SNX21,-0.0703
PLXDC1,-0.0703
SNX24,-0.0703
H2AC14,-0.0703
FAM149B1,-0.0703
SIX4,-0.0703
STIM1,-0.0703
COL4A5,-0.0703
PRSS21,-0.0703
GPI,-0.0703
TMEM9B,-0.0703
CCDC122,-0.0704
FOXP2,-0.0704
CKS2,-0.0704
XPO1,-0.0704
CDKN1C,-0.0704
CCDC47,-0.0704
SPPL2A,-0.0704
KRTAP4-1,-0.0705
TMEM145,-0.0705
CLEC4E,-0.0705
SVEP1,-0.0705
TEAD1,-0.0706
NRCAM,-0.0706
GPR85,-0.0706
HEBP1,-0.0706
DUSP5,-0.0706
RCE1,-0.0706
PGAM1,-0.0706
APH1A,-0.0706
DDX49,-0.0706
DDX56,-0.0706
SEMA3E,-0.0706
EAPP,-0.0707
GAGE2A,-0.0707
SCARA5,-0.0707
COL17A1,-0.0707
SLC22A18,-0.0707
STX5,-0.0708
SNRPE,-0.0708
ARL2,-0.0708
C1orf131,-0.0709
P3H1,-0.0709
JHY,-0.0709
JPT1,-0.0709
ALDH1L2,-0.0709
ARMH4,-0.0709
PLXNA4,-0.0709
WDR33,-0.0709
TNK1,-0.0709
UBE2D1,-0.0709
CLDN11,-0.0709
TTC28,-0.071
CEACAM5,-0.071
ARMC6,-0.071
UQCR10,-0.071
ARFGAP2,-0.071
BRSK2,-0.071
NOTCH4,-0.071
TMTC2,-0.071
RWDD3,-0.071
PLPBP,-0.0711
MT-ND1,-0.0711
OR2A7,-0.0711
NRBP1,-0.0711
SPRING1,-0.0711
NUP205,-0.0711
VANGL2,-0.0711
HSD17B1,-0.0711
CTH,-0.0711
PEX6,-0.0711
ZNF521,-0.0711
CASZ1,-0.0712
LIAS,-0.0712
CMC2,-0.0712
CAPNS1,-0.0712
SLC45A3,-0.0712
CCDC77,-0.0712
LIX1,-0.0712
HEPH,-0.0712
GRAMD4,-0.0713
DHTKD1,-0.0713
MRPL14,-0.0713
AKAP7,-0.0713
ZNF419,-0.0713
DHX34,-0.0713
NDUFAF7,-0.0713
SLC6A14,-0.0713
PDK4,-0.0714
MRGPRF,-0.0714
CHRM3,-0.0714
FGGY,-0.0714
NFASC,-0.0714
TMEM130,-0.0714
BAIAP2,-0.0714
HPS6,-0.0715
HSPG2,-0.0715
RECK,-0.0715
KCNG1,-0.0715
PUS7L,-0.0716
SPOCK2,-0.0716
RPS6KA3,-0.0716
SETMAR,-0.0716
RAB33B,-0.0717
ATP6V1E1,-0.0717
FAR2,-0.0717
BMI1,-0.0717
SV2A,-0.0717
KIAA0586,-0.0717
FKBP4,-0.0718
FEM1C,-0.0718
CASQ2,-0.0718
SULT1E1,-0.0718
FAH,-0.0718
POLD2,-0.0718
MTCL1,-0.0719
METRN,-0.0719
TTC25,-0.0719
ALG1,-0.0719
CLMN,-0.0719
MICU1,-0.0719
SQLE,-0.0719
CAMLG,-0.0719
CAD,-0.0719
ENSA,-0.072
LDLRAD4,-0.072
ZC3H12A,-0.072
YPEL2,-0.072
C2CD4D,-0.072
RARB,-0.072
TBX3,-0.072
PRR5,-0.072
SEMA4C,-0.072
NKX3-1,-0.0721
MORN1,-0.0721
SPR,-0.0721
TCP1,-0.0721
LGR5,-0.0721
HIGD1A,-0.0721
PARN,-0.0721
MED27,-0.0721
CDK5R1,-0.0721
TMEM181,-0.0721
ANKFY1,-0.0721
TNXB,-0.0721
ATP6AP2,-0.0722
ACTR1A,-0.0722
TMEM121,-0.0722
ISOC1,-0.0722
ERI1,-0.0722
RSL1D1,-0.0722
ANKRD33B,-0.0723
ABHD12,-0.0723
FOXA1,-0.0723
RP1,-0.0723
HAUS8,-0.0723
TNNC2,-0.0723
IMMP2L,-0.0724
NAT10,-0.0724
BBS4,-0.0724
ZNF518B,-0.0724
SERPINF2,-0.0724
LRP11,-0.0724
ZNF513,-0.0725
CHST2,-0.0725
CDK4,-0.0725
GAS1,-0.0725
EOMES,-0.0725
RRP8,-0.0725
ST7L,-0.0726
MAML2,-0.0726
CIR1,-0.0726
FKBP15,-0.0726
NQO2,-0.0726
EEF2KMT,-0.0726
KDM6A,-0.0726
HYAL2,-0.0726
PAQR7,-0.0726
MARS2,-0.0726
LCOR,-0.0727
SOX10,-0.0727
WFDC12,-0.0727
SFXN3,-0.0727
CROT,-0.0727
INTS14,-0.0727
HECA,-0.0727
SUMF2,-0.0728
PSMD1,-0.0728
KDSR,-0.0728
FHL2,-0.0728
STYX,-0.0728
RSPH1,-0.0728
IQCB1,-0.0728
ITPA,-0.0729
TNMD,-0.0729
CREM,-0.0729
TJP1,-0.0729
SLC9A7,-0.0729
AADAC,-0.073
PSME3,-0.073
NDEL1,-0.073
SLC25A53,-0.073
NIPBL,-0.073
CXCR2,-0.0731
NGDN,-0.0731
KCTD6,-0.0731
TMEM88,-0.0731
LIPG,-0.0731
SLC26A1,-0.0731
TM9SF3,-0.0731
SMIM10L2B,-0.0731
RASSF10,-0.0732
TAMALIN,-0.0732
GALNT15,-0.0732
PSG11,-0.0732
ZNF630,-0.0732
CA8,-0.0732
NRM,-0.0732
CITED4,-0.0732
EPHA1,-0.0732
ARNT,-0.0732
ANXA5,-0.0732
MED30,-0.0733
ADAL,-0.0733
MAP7D3,-0.0733
HOOK3,-0.0734
CTU2,-0.0734
NUDT5,-0.0734
ABHD17C,-0.0734
FLNC,-0.0734
SCARB1,-0.0734
NOC3L,-0.0735
ANXA7,-0.0735
LEPR,-0.0735
TAF9,-0.0735
GAST,-0.0735
TOLLIP,-0.0736
PPARGC1A,-0.0736
DDX46,-0.0736
SPON1,-0.0736
VPREB3,-0.0737
NRDC,-0.0737
AQP1,-0.0737
HOMEZ,-0.0738
DDB2,-0.0738
TPPP,-0.0738
SLC2A10,-0.0738
ANXA1,-0.0738
SEC23B,-0.0738
MAPKBP1,-0.0738
EXOC6B,-0.0738
ASNSD1,-0.0738
PPP1R13B,-0.0738
STRIP2,-0.0739
DDRGK1,-0.0739
STAG3,-0.0739
FAXC,-0.0739
ADAP2,-0.0739
EBI3,-0.0739
PHETA2,-0.0739
NUTF2,-0.0739
NUP93,-0.074
IER5L,-0.074
TATDN3,-0.074
SPTSSA,-0.0741
CLDN4,-0.0741
FLOT2,-0.0741
ZNF703,-0.0741
TMEM164,-0.0741
ABCC9,-0.0741
KIF24,-0.0742
PTPN2,-0.0742
SHARPIN,-0.0742
PSMA4,-0.0742
INTS3,-0.0742
ZNF576,-0.0742
THAP3,-0.0743
GPR35,-0.0743
HTR7,-0.0743
EIF6,-0.0743
SGO2,-0.0743
ATP5F1B,-0.0743
ZNF366,-0.0744
MAP1LC3B,-0.0744
SIK3,-0.0744
GORAB,-0.0744
FAM221A,-0.0744
RAB5IF,-0.0744
NR4A1,-0.0744
PPP4R3A,-0.0744
IHH,-0.0744
SLC10A4,-0.0744
MTOR,-0.0744
RNF122,-0.0745
ATXN7L1,-0.0745
CEP135,-0.0745
C19orf73,-0.0745
CYBRD1,-0.0745
PLA2G4D,-0.0745
CLTA,-0.0745
MYL12A,-0.0745
MYCL,-0.0745
AATK,-0.0745
TAF12,-0.0746
TMEM185B,-0.0746
RAP1B,-0.0746
CKAP4,-0.0747
KIAA1958,-0.0747
SIPA1L2,-0.0747
ERO1B,-0.0748
CYP2A6,-0.0748
HMCN1,-0.0748
MPV17L,-0.0748
TMEM141,-0.0749
SLC37A2,-0.0749
PIEZO2,-0.0749
CDH1,-0.0749
RBP5,-0.0749
ERVH48-1,-0.0749
GLB1L,-0.0749
EIF2B3,-0.0749
TMX1,-0.0749
CGRRF1,-0.075
KATNIP,-0.075
APOBEC2,-0.075
LIN54,-0.075
ZNF280C,-0.075
C5orf46,-0.075
ZFYVE26,-0.0751
SOX11,-0.0751
ABLIM3,-0.0751
SETDB2,-0.0751
ANTXR2,-0.0751
H2BC12,-0.0752
AC072022.2,-0.0752
SLAIN2,-0.0752
NUGGC,-0.0752
STK16,-0.0752
AIMP2,-0.0752
TRIM39,-0.0752
LTBP3,-0.0752
SRSF3,-0.0752
FANK1,-0.0752
TDRD12,-0.0752
PRSS12,-0.0752
RDX,-0.0753
FAM53B,-0.0753
ERG,-0.0753
RLN2,-0.0753
SH3PXD2B,-0.0753
SLC11A2,-0.0753
PYCR1,-0.0753
TMED8,-0.0754
FAP,-0.0754
ASCC2,-0.0754
USP39,-0.0755
PRKAA1,-0.0755
MCM8,-0.0755
MRPS15,-0.0755
IL3RA,-0.0755
GFRA2,-0.0755
LGALS4,-0.0755
TTYH3,-0.0755
MORF4L1,-0.0756
FXYD4,-0.0756
TCAF1,-0.0756
C5orf51,-0.0756
EDEM2,-0.0756
EMILIN1,-0.0756
AASDHPPT,-0.0756
BORCS5,-0.0757
CDKN2A,-0.0757
SLC27A3,-0.0757
CDH24,-0.0757
XYLT1,-0.0757
NTPCR,-0.0757
FOXJ2,-0.0757
SCUBE1,-0.0757
DSC2,-0.0758
C1orf21,-0.0758
GRID2IP,-0.0758
TNNC1,-0.0758
POSTN,-0.0758
GPKOW,-0.0758
APC,-0.0758
MAPK7,-0.0758
ZNF852,-0.0759
USP14,-0.0759
EMC6,-0.0759
ZC3H8,-0.0759
SIN3A,-0.0759
HS3ST1,-0.0759
TCEAL8,-0.0759
RAB39B,-0.076
SLC5A8,-0.076
ASPHD2,-0.076
PSAP,-0.076
MFN2,-0.076
CARD10,-0.076
PSG5,-0.076
ASAP3,-0.0761
RGS10,-0.0761
TMEM159,-0.0761
VPS37A,-0.0761
RPL22,-0.0761
NUP42,-0.0761
GPN1,-0.0761
SPINDOC,-0.0761
PHACTR4,-0.0762
TUSC1,-0.0762
ZNF549,-0.0762
RCN3,-0.0762
LHX2,-0.0762
RAC3,-0.0762
ART3,-0.0762
PTPRR,-0.0762
SMIM15,-0.0763
KANK1,-0.0763
SARM1,-0.0763
TGFB2,-0.0763
RPS11,-0.0763
SGCA,-0.0764
OR2I1P,-0.0764
TUBGCP3,-0.0764
MFN1,-0.0764
TRA2B,-0.0764
H2AC4,-0.0764
TMEM74B,-0.0764
PARD3,-0.0764
B3GNT6,-0.0765
VAMP3,-0.0765
SAMD4B,-0.0765
CTDSPL,-0.0765
C4B,-0.0765
SLC2A12,-0.0765
MROH6,-0.0765
SERTM1,-0.0765
SLC13A2,-0.0765
CLDN10,-0.0765
LCN2,-0.0765
PLEKHN1,-0.0766
MEOX2,-0.0766
SLC15A2,-0.0766
SBNO2,-0.0766
DPM2,-0.0766
TSC2,-0.0766
DNM1L,-0.0766
MDC1,-0.0766
DPY19L1,-0.0767
GABRQ,-0.0767
STAC2,-0.0767
IER3,-0.0767
ASB3,-0.0767
HDX,-0.0767
PENK,-0.0767
PA2G4,-0.0767
BBOF1,-0.0767
DESI1,-0.0768
FBXW11,-0.0768
SF3B4,-0.0768
WASHC3,-0.0768
ENDOD1,-0.0769
FAM167B,-0.0769
FAM220A,-0.0769
HOXD1,-0.0769
DHX36,-0.0769
GPLD1,-0.0769
CXCL1,-0.0769
DNMT1,-0.0769
KRBOX4,-0.077
NBPF9,-0.077
GPBP1L1,-0.077
MST1R,-0.077
CIAO2B,-0.077
GLT8D1,-0.077
THOC6,-0.077
IGLL1,-0.077
COL10A1,-0.077
PCDHGA2,-0.077
THAP7,-0.0771
ARF3,-0.0771
PMEPA1,-0.0771
AFMID,-0.0771
CCDC120,-0.0772
TUBA1A,-0.0772
CHSY1,-0.0772
GTSF1,-0.0772
ARHGEF11,-0.0773
CSTB,-0.0773
CDKN1A,-0.0773
ZNF583,-0.0773
NPTX2,-0.0773
ALG12,-0.0774
MED20,-0.0774
CGA,-0.0774
NDUFA4L2,-0.0774
ADAM15,-0.0774
THAP12,-0.0774
HTR3A,-0.0775
NTF4,-0.0775
REN,-0.0775
QTRT2,-0.0775
PPP1CA,-0.0775
TCHH,-0.0775
TRIB1,-0.0775
ANKRD50,-0.0775
SEMA3A,-0.0776
SAPCD2,-0.0776
LGALS3BP,-0.0776
PGAP1,-0.0776
NDUFB9,-0.0776
PRAC1,-0.0776
C19orf18,-0.0776
EBLN2,-0.0776
SNX1,-0.0776
ROR1,-0.0776
ARHGAP10,-0.0776
NOMO1,-0.0776
CABCOCO1,-0.0777
PTGDS,-0.0777
ALOX12,-0.0777
PDGFRB,-0.0777
PSMD7,-0.0777
NUP43,-0.0777
MPP2,-0.0777
RPL23A,-0.0777
PLK2,-0.0777
ZNF432,-0.0777
ASAP1,-0.0777
TFAP2D,-0.0777
B3GNT4,-0.0778
SNRPA,-0.0778
CIBAR1,-0.0778
ANGPTL1,-0.0778
ATP13A3,-0.0779
PMAIP1,-0.0779
SMG5,-0.0779
ZNF638,-0.0779
NCALD,-0.0779
CCDC184,-0.078
SERPINB11,-0.078
KLF5,-0.078
IGF1R,-0.078
NIT2,-0.078
RAP1GDS1,-0.0781
GRAMD1B,-0.0781
MSN,-0.0781
PCNX4,-0.0781
CFAP300,-0.0781
ASCL4,-0.0781
CYCS,-0.0782
SHISA4,-0.0782
SMARCA4,-0.0782
MYO18A,-0.0782
TET1,-0.0783
PPP1CC,-0.0783
HDDC3,-0.0783
H4C3,-0.0783
KIAA1217,-0.0783
ZNF582,-0.0783
FAM20A,-0.0784
NSL1,-0.0784
EIF3J,-0.0784
CLIP1,-0.0784
ZNF598,-0.0784
COX6B2,-0.0784
KCTD12,-0.0785
EIF4EBP3,-0.0785
SENP5,-0.0785
ASF1A,-0.0785
FAM227A,-0.0785
VASP,-0.0785
ZNF226,-0.0785
IGFBP6,-0.0786
TXNL1,-0.0786
SHROOM1,-0.0786
ETV3,-0.0786
RNF212,-0.0786
VSTM4,-0.0786
ADAM33,-0.0787
IL17REL,-0.0787
EID1,-0.0787
MYDGF,-0.0787
RAP2C,-0.0787
DPH5,-0.0788
FMN1,-0.0788
CLMP,-0.0788
DMD,-0.0788
HIPK2,-0.0788
SMG1,-0.0788
CHMP3,-0.0788
CPED1,-0.0788
SLC27A6,-0.0788
TCTN1,-0.0788
MAOA,-0.0789
FAM214A,-0.0789
LURAP1L,-0.0789
EPAS1,-0.0789
DPP3,-0.0789
ACYP2,-0.0789
HMGN2,-0.079
MACROH2A2,-0.079
ZFP69B,-0.079
ANAPC16,-0.079
SEH1L,-0.079
NMNAT1,-0.079
PAK5,-0.079
CAPZA1,-0.079
CCNH,-0.079
ZFP42,-0.0791
DDHD2,-0.0791
RPS6KB2,-0.0791
UBL4A,-0.0791
NFKB1,-0.0791
TMEM254,-0.0791
CCDC174,-0.0791
ECM2,-0.0791
KCNJ11,-0.0791
LRRC58,-0.0791
RAB42,-0.0792
BPTF,-0.0792
MCL1,-0.0792
STK38,-0.0792
BDH1,-0.0792
VDAC3,-0.0792
SMARCD2,-0.0792
CRYBG1,-0.0792
FAIM,-0.0792
ZNF75A,-0.0793
APEX1,-0.0793
AGGF1,-0.0793
HLF,-0.0793
INTS12,-0.0793
LTBR,-0.0793
TARS2,-0.0794
TDRP,-0.0794
PEAK1,-0.0794
BIRC6,-0.0794
CNBP,-0.0794
KRCC1,-0.0794
GPR15,-0.0795
TMEM33,-0.0795
VWA1,-0.0795
ALKBH1,-0.0795
C19orf53,-0.0795
AP4E1,-0.0795
TSC22D1,-0.0795
SH3D19,-0.0796
SLC7A4,-0.0796
HS3ST4,-0.0796
MSGN1,-0.0796
MLF2,-0.0797
PKN1,-0.0797
SMCO4,-0.0797
RELA,-0.0797
FLOT1,-0.0797
CNN1,-0.0797
UBR4,-0.0797
ERVV-1,-0.0798
ABCB1,-0.0798
LAG3,-0.0798
SMYD5,-0.0798
HSPBAP1,-0.0798
PALB2,-0.0798
DCTN5,-0.0799
PRIMA1,-0.0799
USP28,-0.0799
TAGLN,-0.0799
MCPH1,-0.0799
GDPGP1,-0.0799
NFIA,-0.0799
MCOLN2,-0.0799
DHRS7B,-0.08
KIF3B,-0.08
NSDHL,-0.08
CHRNA1,-0.08
NEPRO,-0.08
ENTR1,-0.0801
POLE4,-0.0801
ABL2,-0.0801
RREB1,-0.0801
UBAP2,-0.0801
GPR18,-0.0801
CCDC59,-0.0802
RAPGEF4,-0.0802
SUPT7L,-0.0802
OCRL,-0.0802
ESD,-0.0802
PCSK7,-0.0802
ALPG,-0.0802
DNAAF3,-0.0803
ENPEP,-0.0803
NPC1L1,-0.0803
MCAT,-0.0803
FIGN,-0.0803
VPS26B,-0.0803
PICALM,-0.0803
HRCT1,-0.0803
SAMD5,-0.0804
CCN5,-0.0804
DTYMK,-0.0804
AGO4,-0.0804
DENND1C,-0.0804
EYA1,-0.0804
MYL6B,-0.0804
GRP,-0.0804
NUP133,-0.0804
DGCR2,-0.0805
PPP4C,-0.0805
LYSMD3,-0.0805
SPRED1,-0.0805
THAP10,-0.0805
NHP2,-0.0805
MED11,-0.0805
BCR,-0.0805
SLC16A2,-0.0805
ACP3,-0.0806
C1RL,-0.0806
TSHZ3,-0.0806
ERG28,-0.0806
GAN,-0.0806
MPDZ,-0.0806
FAM210A,-0.0806
MAGOHB,-0.0807
DLG4,-0.0807
MT-ND4,-0.0807
DYNC1LI1,-0.0807
LRP12,-0.0807
NUDT22,-0.0807
TIGD2,-0.0807
TENM4,-0.0807
H2BC13,-0.0808
EIF4A2,-0.0808
IVNS1ABP,-0.0808
EPG5,-0.0808
DDI2,-0.0808
ANKRD24,-0.0808
LAMB3,-0.0808
LRRC56,-0.0808
DERL2,-0.0809
SLC35E4,-0.0809
TNIK,-0.0809
BATF,-0.0809
ESPN,-0.0809
GPCPD1,-0.0809
NUP37,-0.0809
TRIM46,-0.0809
SARAF,-0.081
NCL,-0.081
GRHPR,-0.081
ZNF771,-0.081
TLN1,-0.081
ZNF569,-0.081
RTL10,-0.081
GNB5,-0.081
MDH2,-0.081
MBNL3,-0.0811
SCIN,-0.0811
AP1M1,-0.0811
ARHGAP35,-0.0812
DPAGT1,-0.0812
MMP14,-0.0812
ZNF585A,-0.0812
RGS2,-0.0812
LY6E,-0.0813
PYGO2,-0.0813
GALNT17,-0.0813
CORO2B,-0.0813
KATNBL1,-0.0814
PAEP,-0.0814
TLL2,-0.0814
CDHR3,-0.0814
DNTTIP2,-0.0814
MTHFD2L,-0.0814
GPX7,-0.0814
SLC5A1,-0.0814
PPP1R14B,-0.0814
PTGFRN,-0.0814
RAB18,-0.0815
NFE2L1,-0.0815
HHIPL1,-0.0815
TMEM79,-0.0815
ZNF493,-0.0815
ZNF597,-0.0815
TP53BP1,-0.0815
DDX41,-0.0815
ULBP2,-0.0815
ADGRE3,-0.0815
MLEC,-0.0816
GDE1,-0.0816
CALCOCO1,-0.0816
ZBTB24,-0.0816
MED16,-0.0816
DOLPP1,-0.0816
GIPR,-0.0816
LRFN4,-0.0816
KNDC1,-0.0816
IGF2BP3,-0.0816
CCNB1IP1,-0.0816
PHF24,-0.0817
CELF1,-0.0817
RFX1,-0.0817
ZBTB5,-0.0817
TICAM1,-0.0817
OSCAR,-0.0817
SEPTIN8,-0.0818
ADCY3,-0.0818
FAM13C,-0.0818
MPPED1,-0.0818
ALCAM,-0.0818
TRMT2A,-0.0819
SF3B5,-0.0819
PAIP1,-0.0819
ATP6V1D,-0.0819
SUCLA2,-0.0819
RABEPK,-0.0819
MVB12B,-0.0819
DNAJC16,-0.0819
WDR6,-0.0819
LIF,-0.0819
PDCD7,-0.082
NTN1,-0.082
ZNF449,-0.082
GPIHBP1,-0.082
MFSD4B,-0.082
PORCN,-0.082
KLK6,-0.082
C15orf48,-0.082
POLE3,-0.082
PIP,-0.0821
VPS52,-0.0821
CCDC18,-0.0821
NUMB,-0.0821
PIGN,-0.0821
MT1F,-0.0822
LIPE,-0.0822
GATB,-0.0822
AOC1,-0.0822
MTMR11,-0.0822
NGFR,-0.0822
CEP41,-0.0822
GBP5,-0.0822
OSBPL5,-0.0823
APOO,-0.0823
FCHO2,-0.0823
KLC4,-0.0823
RFLNB,-0.0823
COX5B,-0.0823
ERH,-0.0823
ANAPC11,-0.0823
ZNF525,-0.0823
C1D,-0.0823
IRAG2,-0.0823
HTR2B,-0.0823
STK40,-0.0823
POPDC3,-0.0824
CYP27A1,-0.0824
ITPR1,-0.0824
RSPRY1,-0.0824
GTF2H2C,-0.0825
SLC4A1AP,-0.0825
ORM2,-0.0825
DPEP1,-0.0825
SNRNP27,-0.0825
PCDH19,-0.0825
PXDC1,-0.0825
IL13RA2,-0.0826
PSMD2,-0.0826
TMEM167A,-0.0826
AGFG1,-0.0826
STEAP1,-0.0826
COL22A1,-0.0826
LMO2,-0.0826
MAFK,-0.0826
KLK1,-0.0826
ABHD17B,-0.0827
ARID5B,-0.0827
SHROOM2,-0.0827
EPS15,-0.0827
CT45A1,-0.0827
CFL2,-0.0827
FHOD1,-0.0828
CWC22,-0.0828
CD276,-0.0828
FAM135A,-0.0828
ZNF550,-0.0828
MYO9A,-0.0828
IGFBP7,-0.0828
RFX7,-0.0828
METTL26,-0.0829
CCDC96,-0.0829
MLH1,-0.0829
DENND2B,-0.0829
TAF13,-0.0829
EEF2,-0.083
BDKRB2,-0.083
FZD7,-0.083
PNPLA6,-0.083
H2BU1,-0.083
GAREM2,-0.083
OXNAD1,-0.083
B3GNT2,-0.0831
MRC1,-0.0831
TMEM9,-0.0831
S100A12,-0.0831
SLC25A3,-0.0831
BRMS1L,-0.0832
CIC,-0.0832
MADD,-0.0832
SKA2,-0.0832
HSDL1,-0.0832
PLN,-0.0832
SCAF8,-0.0832
SLC38A7,-0.0832
MPPE1,-0.0832
PLA2G4E,-0.0833
RELL1,-0.0833
WASF1,-0.0833
SERPINA4,-0.0833
MPZL2,-0.0833
ADAM8,-0.0833
DNAJA3,-0.0834
AHCYL1,-0.0834
EBNA1BP2,-0.0834
RBMX,-0.0834
BLACAT1,-0.0834
DNAH6,-0.0834
HNRNPUL1,-0.0834
SERINC1,-0.0834
TXNDC15,-0.0834
FHL5,-0.0835
WDR89,-0.0835
NUDC,-0.0835
ATP6V0E1,-0.0836
ABRACL,-0.0836
CSDC2,-0.0836
CREB3L1,-0.0836
CTSC,-0.0836
SYNJ2BP,-0.0836
XPNPEP3,-0.0837
CHRNA6,-0.0837
KDM5B,-0.0837
RPL7,-0.0837
MRPS5,-0.0837
TAB3,-0.0837
MYZAP,-0.0837
DNAJC11,-0.0837
GPR156,-0.0837
SORL1,-0.0837
OR2B6,-0.0837
MRPS9,-0.0837
PHC2,-0.0838
ACTN4,-0.0838
EXOC7,-0.0838
TMEM270,-0.0838
SAMD8,-0.0838
IRAK1,-0.0838
XYLT2,-0.0838
FDFT1,-0.0838
DEFB4A,-0.0839
ZFHX4,-0.0839
EXT1,-0.0839
TLE1,-0.0839
PCMTD1,-0.0839
THRAP3,-0.0839
MRPS34,-0.084
NAPEPLD,-0.084
PCBP2,-0.084
ZPR1,-0.084
PRIM1,-0.084
CNFN,-0.084
SNAPC1,-0.084
CD300LB,-0.084
TOM1,-0.084
AGAP1,-0.084
GPR37,-0.084
TACR1,-0.0841
PAK1,-0.0841
TMEM175,-0.0841
NRAS,-0.0841
CLIC2,-0.0841
CTNNAL1,-0.0841
SYNGR2,-0.0841
PDSS2,-0.0841
RPUSD4,-0.0841
EDEM1,-0.0842
ZNF841,-0.0842
DNAJC1,-0.0842
PLAAT5,-0.0842
ALG5,-0.0842
SLC51A,-0.0842
IFITM3,-0.0842
KRT36,-0.0842
GSK3B,-0.0842
SOS1,-0.0842
GADD45B,-0.0843
HARBI1,-0.0843
CNOT2,-0.0843
TCOF1,-0.0843
DUSP18,-0.0843
NKRF,-0.0843
GAR1,-0.0843
COL5A1,-0.0843
FP565260.1,-0.0843
C1orf53,-0.0844
B4GALT6,-0.0844
PPP1R14A,-0.0844
HSF2,-0.0844
TXNDC9,-0.0844
KLHL21,-0.0845
PCYT1B,-0.0845
TMOD1,-0.0845
PID1,-0.0845
FOXL2NB,-0.0845
KLB,-0.0845
SLFN5,-0.0845
GRAMD1A,-0.0846
SLCO4C1,-0.0846
XAGE3,-0.0846
EPRS1,-0.0846
PIN4,-0.0846
ARMCX2,-0.0846
RNF181,-0.0846
COLEC11,-0.0846
CORO1B,-0.0846
PLOD1,-0.0846
MAGEA6,-0.0847
YWHAE,-0.0847
ZNF407,-0.0847
GPATCH1,-0.0847
C1orf174,-0.0847
MYRF,-0.0847
MRM3,-0.0847
ARL3,-0.0847
ZNF25,-0.0847
NRK,-0.0847
LAMA1,-0.0847
APOBEC3F,-0.0847
UQCR11,-0.0847
ZNF570,-0.0848
PRKCSH,-0.0848
NTMT1,-0.0848
SNRNP25,-0.0848
CNNM3,-0.0848
SRRD,-0.0848
INSR,-0.0848
AK8,-0.0848
HNRNPA3,-0.0848
TDP2,-0.0848
ANKRD11,-0.0849
SSX1,-0.0849
C11orf53,-0.0849
CLPSL1,-0.0849
R3HCC1,-0.0849
HEXA,-0.085
COMMD1,-0.085
SF3B2,-0.085
BHMT2,-0.085
PTMS,-0.085
UQCRFS1,-0.085
EAF1,-0.085
B3GALNT1,-0.0851
BMP2,-0.0851
PODN,-0.0851
BLOC1S5,-0.0851
ELP3,-0.0851
FABP5,-0.0851
CD24,-0.0851
PSCA,-0.0851
RPL37,-0.0851
COG4,-0.0851
DPYSL3,-0.0851
GNL1,-0.0852
C14orf132,-0.0852
KAT6A,-0.0852
OLFML1,-0.0852
CDC5L,-0.0852
RGS19,-0.0852
MPRIP,-0.0852
GLYATL2,-0.0852
PSG1,-0.0852
SELENON,-0.0853
KRT75,-0.0853
ATP6V1A,-0.0853
SP3,-0.0853
BCLAF3,-0.0853
ZBED6CL,-0.0854
CTBP1,-0.0854
IFTAP,-0.0854
FCRL6,-0.0854
VMO1,-0.0854
LIMD1,-0.0855
CBLB,-0.0855
BTG1,-0.0855
GTPBP2,-0.0855
SON,-0.0855
AKR1B10,-0.0855
JRKL,-0.0856
KEL,-0.0856
RPUSD1,-0.0856
MARCHF8,-0.0856
ATG4C,-0.0856
LNPK,-0.0856
SGIP1,-0.0856
SP1,-0.0856
MARCO,-0.0856
PLA2G2D,-0.0856
ELOVL3,-0.0856
SCCPDH,-0.0856
CASTOR2,-0.0857
DVL3,-0.0857
CAPN6,-0.0857
EWSR1,-0.0857
TOB1,-0.0857
KRT24,-0.0857
SOD2,-0.0857
TBX18,-0.0858
DMRTA1,-0.0858
CSPG4,-0.0858
QSER1,-0.0858
CAV1,-0.0858
CDH6,-0.0858
PAX8,-0.0858
DCAF17,-0.0858
TIFA,-0.0859
TMPRSS3,-0.0859
MYEF2,-0.0859
BPIFA1,-0.0859
XPO5,-0.0859
BRCA2,-0.0859
DHCR24,-0.0859
DYNC1H1,-0.0859
CCDC121,-0.086
SLC35G1,-0.086
ELOC,-0.086
NFXL1,-0.086
VMP1,-0.086
PKM,-0.086
PPARG,-0.086
S100A8,-0.086
UCHL5,-0.086
ANKRD22,-0.086
OGFOD1,-0.0861
SEC24D,-0.0861
RRAD,-0.0861
SLC51B,-0.0861
FN1,-0.0861
DUSP22,-0.0862
ZNF622,-0.0862
ZNF687,-0.0862
MTMR4,-0.0862
SMOX,-0.0862
ENTPD5,-0.0862
IRAK1BP1,-0.0863
FBN2,-0.0863
MYBBP1A,-0.0863
ZNF512,-0.0863
ARHGEF25,-0.0863
PLA2G7,-0.0863
KIAA0895,-0.0863
FAN1,-0.0864
KIAA1328,-0.0864
C8orf48,-0.0864
MAD2L1BP,-0.0864
CSAG3,-0.0864
ZNF805,-0.0864
SCFD2,-0.0864
AARD,-0.0864
CCL4L2,-0.0864
SLC35E2B,-0.0864
DNAJC7,-0.0864
SPARC,-0.0864
DNAJC18,-0.0864
ZNF480,-0.0864
ZNF324B,-0.0865
MCIDAS,-0.0865
SNRPF,-0.0865
EPCAM,-0.0865
NADK,-0.0865
ZNF181,-0.0865
MAPK11,-0.0865
AP5B1,-0.0866
HERPUD1,-0.0866
PLPP4,-0.0866
DPT,-0.0866
PXDNL,-0.0866
PANK4,-0.0866
CA9,-0.0866
CHORDC1,-0.0866
LAMTOR4,-0.0866
PITHD1,-0.0867
SV2B,-0.0867
LCLAT1,-0.0867
EIF4E2,-0.0867
MRPL30,-0.0867
CCDC12,-0.0867
ADIPOR1,-0.0867
FCGBP,-0.0867
HLX,-0.0867
SMPD2,-0.0867
WDR18,-0.0867
CCRL2,-0.0867
LAX1,-0.0867
GRPEL2,-0.0868
C11orf24,-0.0868
SPINK13,-0.0868
PHAX,-0.0868
TXNDC16,-0.0869
EEF1B2,-0.0869
PCCB,-0.0869
CST6,-0.0869
ZNF678,-0.0869
CTDSP2,-0.0869
UBL5,-0.087
HHLA2,-0.087
FXR2,-0.087
LPP,-0.087
PSMA6,-0.087
CD1E,-0.087
LGALS7,-0.087
F12,-0.087
EXOC1,-0.087
TSPY1,-0.087
CKM,-0.0871
CGB5,-0.0871
CCDC181,-0.0871
PDGFB,-0.0871
LRATD2,-0.0871
MOV10,-0.0871
EMID1,-0.0872
H1-3,-0.0872
NAGPA,-0.0873
NUAK2,-0.0873
PRDM8,-0.0873
CDS2,-0.0873
IFNGR2,-0.0873
PDPR,-0.0873
TYRP1,-0.0873
DCN,-0.0873
ASL,-0.0873
SMIM4,-0.0874
ARIH2,-0.0874
FRYL,-0.0874
FAM174C,-0.0874
CREBBP,-0.0874
GPS1,-0.0874
TIGD3,-0.0875
KIAA1191,-0.0875
PRKD1,-0.0875
TIMM23,-0.0875
RRM1,-0.0875
FAM124A,-0.0875
MSANTD3,-0.0875
KHDRBS1,-0.0875
SNRK,-0.0875
ERI3,-0.0875
SEC11A,-0.0875
MARCHF2,-0.0876
CCDC153,-0.0876
NECAB1,-0.0876
APPBP2,-0.0876
BCL3,-0.0876
H4-16,-0.0876
NME3,-0.0876
BIRC2,-0.0876
COX7B2,-0.0876
MPHOSPH9,-0.0877
HMOX2,-0.0877
PRSS35,-0.0877
RCBTB1,-0.0877
ADGRB2,-0.0877
ARHGEF7,-0.0877
ROS1,-0.0877
ZNF511,-0.0877
NEMF,-0.0877
IQGAP2,-0.0877
PRKCD,-0.0877
CEP78,-0.0878
TGIF2,-0.0878
DDTL,-0.0878
WDPCP,-0.0878
WNT3A,-0.0878
C19orf44,-0.0878
COL14A1,-0.0878
CBY1,-0.0878
EEF1D,-0.0878
XRN2,-0.0878
PPFIBP2,-0.0878
EHD1,-0.0878
TKFC,-0.0878
KBTBD12,-0.0878
CRK,-0.0879
SEPTIN3,-0.0879
NCOA7,-0.0879
TOP1MT,-0.0879
GNL3L,-0.0879
KDM4D,-0.0879
C2CD4B,-0.0879
ELOB,-0.0879
TRIQK,-0.0879
GDF7,-0.0879
USP38,-0.0879
PHF20L1,-0.088
MINK1,-0.088
DNAJC24,-0.088
KPNB1,-0.088
SIRT1,-0.088
PRMT6,-0.088
NEDD4,-0.088
ZCCHC2,-0.088
KCTD14,-0.0881
ZIC1,-0.0881
RAB6B,-0.0881
KCNS3,-0.0881
IL17RA,-0.0881
RPE65,-0.0881
SMPD3,-0.0881
FGFR4,-0.0881
CHIC2,-0.0882
DENR,-0.0882
TLR2,-0.0882
NUMA1,-0.0882
ZNRF1,-0.0882
KCNE4,-0.0882
ZEB1,-0.0882
ZNF326,-0.0883
IGFBP3,-0.0883
ITGA2,-0.0883
IQCE,-0.0883
RNF152,-0.0883
RND3,-0.0883
TIMM23B,-0.0883
PIGBOS1,-0.0883
EYA3,-0.0883
IQCC,-0.0883
ZNF654,-0.0883
DLD,-0.0883
ACSL1,-0.0884
C12orf73,-0.0884
KDM3A,-0.0884
RBBP7,-0.0885
ADIPOR2,-0.0885
ZNF101,-0.0885
POGZ,-0.0886
MAGEA1,-0.0886
NUP88,-0.0886
HSPB3,-0.0886
C6orf141,-0.0886
WDR36,-0.0886
ADAM22,-0.0886
CDKN2C,-0.0886
TIMM10B,-0.0886
VNN2,-0.0886
PDCD1,-0.0887
RASL12,-0.0887
TACC1,-0.0887
TMEM184A,-0.0887
IGFBPL1,-0.0887
HADHB,-0.0887
RC3H1,-0.0887
TRIP6,-0.0887
KRTDAP,-0.0888
VPS35,-0.0888
TMEM109,-0.0888
ATP5MC1,-0.0888
C1QTNF6,-0.0888
RPS6KA1,-0.0888
RBM26,-0.0888
SPOCK1,-0.0888
ELOVL1,-0.0889
FADS6,-0.0889
BCLAF1,-0.0889
H2BC3,-0.089
MCFD2,-0.089
SMIM30,-0.089
REV3L,-0.089
FAF2,-0.089
ADAMTSL3,-0.089
GIPC2,-0.089
BRCA1,-0.089
KAZALD1,-0.0891
PIK3CA,-0.0891
LMBR1L,-0.0891
TMEM126B,-0.0891
SPATA24,-0.0891
CDYL2,-0.0891
MRPL19,-0.0891
PRDM11,-0.0891
SPINK5,-0.0892
TOX,-0.0892
PSORS1C1,-0.0892
RPF1,-0.0892
IMPDH2,-0.0892
NARS2,-0.0892
SMTNL2,-0.0892
ITGB8,-0.0892
ATF5,-0.0892
SYNE2,-0.0892
TRADD,-0.0893
HDAC5,-0.0893
PRR14L,-0.0893
SULT1A1,-0.0893
ARL14,-0.0893
NSUN4,-0.0893
STMND1,-0.0893
C4orf3,-0.0894
CCL2,-0.0894
PTPRG,-0.0894
ABHD10,-0.0894
BCAT1,-0.0894
GPN2,-0.0894
FAM151A,-0.0894
CYP3A5,-0.0895
DCBLD1,-0.0895
GPBP1,-0.0896
TRIR,-0.0896
GCA,-0.0896
ATP12A,-0.0896
MUCL1,-0.0896
FRZB,-0.0896
EGR1,-0.0896
PLA2G5,-0.0896
CCL7,-0.0896
PSMB7,-0.0897
ICE2,-0.0897
LGALS8,-0.0897
COL8A1,-0.0897
SZT2,-0.0897
FOXF2,-0.0897
GPR158,-0.0897
PLXDC2,-0.0898
ALG2,-0.0898
MAP4K4,-0.0898
MDM2,-0.0898
CEACAM21,-0.0898
SUB1,-0.0898
TAP1,-0.0898
VEGFB,-0.0898
EIF2S2,-0.0898
HERC6,-0.0898
CLDN12,-0.0898
GFOD2,-0.0898
ACTRT3,-0.0898
UPRT,-0.0899
TMEM234,-0.0899
RCAN3,-0.0899
RIOX2,-0.0899
PHACTR1,-0.0899
CUL3,-0.0899
NDRG1,-0.0899
MACROH2A1,-0.0899
HSPA1B,-0.09
TRIM9,-0.09
POLR2A,-0.09
PIP4K2C,-0.09
CD19,-0.09
TBC1D1,-0.09
WASHC2A,-0.09
CCDC85C,-0.09
PLAG1,-0.09
PYDC1,-0.09
NAGK,-0.09
PHLDB1,-0.0901
TANC1,-0.0901
FIBIN,-0.0901
RCAN1,-0.0901
MTF1,-0.0901
TKTL1,-0.0901
ACTR5,-0.0901
PITRM1,-0.0901
CLDN18,-0.0901
FZD3,-0.0901
LYSMD1,-0.0902
NT5DC2,-0.0902
AGRP,-0.0902
CCM2,-0.0902
MIXL1,-0.0902
TRMT2B,-0.0902
FARS2,-0.0903
DUSP7,-0.0903
TRIAP1,-0.0903
TOR1AIP1,-0.0903
ZNF227,-0.0903
UBE2Z,-0.0903
GAS6,-0.0903
IKZF2,-0.0904
PPP1R14C,-0.0904
VKORC1,-0.0904
VCAM1,-0.0904
DCAF8,-0.0904
SLC14A1,-0.0904
MT-ND4L,-0.0904
G6PC3,-0.0904
RBBP6,-0.0905
TMUB2,-0.0905
KBTBD2,-0.0905
ZNF688,-0.0905
DTNB,-0.0905
EPHB2,-0.0906
MARS1,-0.0906
MAP1LC3B2,-0.0906
JPH3,-0.0906
GTPBP4,-0.0906
PLXNC1,-0.0906
ZNF286A,-0.0906
KIF13A,-0.0907
LLGL1,-0.0907
TBPL1,-0.0907
CPEB4,-0.0907
CCDC137,-0.0907
SNN,-0.0907
PPP6R2,-0.0907
SDHAF1,-0.0907
ELK4,-0.0907
PPP6R3,-0.0907
RBFA,-0.0907
IRF5,-0.0908
ATPAF1,-0.0908
CAPN14,-0.0908
GBF1,-0.0908
NCAPD3,-0.0908
CRLS1,-0.0909
LRRFIP2,-0.0909
MUC16,-0.0909
RPP25L,-0.0909
ZNF615,-0.0909
B3GALT4,-0.0909
UTP25,-0.091
GABRP,-0.091
CXCL8,-0.091
ZC3HAV1L,-0.091
COL6A3,-0.091
ZNF93,-0.091
ATAD2B,-0.091
TGS1,-0.091
MPPED2,-0.091
COL1A2,-0.091
KDM4A,-0.091
SFRP2,-0.091
CLPX,-0.0911
COL6A2,-0.0911
CFAP91,-0.0911
ABI1,-0.0911
XCR1,-0.0911
CBWD5,-0.0911
ZNF140,-0.0911
MTUS1,-0.0911
OSBPL1A,-0.0911
ROBO1,-0.0912
GPR155,-0.0912
ELAPOR1,-0.0912
EDN1,-0.0912
ALKAL1,-0.0912
PLPP2,-0.0912
ARHGAP28,-0.0913
CHP2,-0.0913
NEDD1,-0.0913
RNF125,-0.0913
STARD4,-0.0913
CDC27,-0.0913
EPHX1,-0.0913
SCGB3A2,-0.0913
TGM5,-0.0913
GSTCD,-0.0913
TRIM37,-0.0913
ADGRG5,-0.0913
TSPYL1,-0.0914
CYP11A1,-0.0914
SLC30A2,-0.0914
SPESP1,-0.0914
FAM122A,-0.0914
TBX19,-0.0914
HMGN4,-0.0914
ITGB6,-0.0915
NNT,-0.0915
ATG4A,-0.0915
DZIP1L,-0.0915
METTL5,-0.0915
ZNF16,-0.0915
ZNF461,-0.0915
ZNF217,-0.0915
TBCCD1,-0.0916
ELF2,-0.0916
ZFP69,-0.0916
KCNK2,-0.0916
GJB7,-0.0916
PLEKHG4B,-0.0916
SPIN4,-0.0916
GPR27,-0.0916
PRICKLE2,-0.0916
DLX1,-0.0916
SIKE1,-0.0916
HNRNPA1,-0.0917
AMOTL1,-0.0917
TRMT10C,-0.0917
TWNK,-0.0917
GNA11,-0.0917
S100A7A,-0.0917
FAM241A,-0.0917
GSTT2B,-0.0917
CILK1,-0.0917
HOXB8,-0.0918
CALHM6,-0.0918
UCHL1,-0.0918
SLC35E3,-0.0918
G6PD,-0.0919
CTNS,-0.0919
P3H3,-0.0919
SPATA5,-0.0919
WDR24,-0.0919
OVOL2,-0.0919
CTXN1,-0.0919
ZNF790,-0.0919
NCCRP1,-0.0919
MEX3D,-0.092
HDAC2,-0.092
PDE5A,-0.092
CHRD,-0.092
PER3,-0.0921
STBD1,-0.0921
MRPL24,-0.0921
TFF3,-0.0921
TENT4B,-0.0921
NASP,-0.0921
LYPD2,-0.0922
FAM160B1,-0.0922
PNLIPRP3,-0.0922
FAM102B,-0.0922
ZNF154,-0.0922
SYTL3,-0.0922
ASCL5,-0.0923
DAPK3,-0.0923
ALG3,-0.0923
MTRNR2L8,-0.0923
ADORA3,-0.0923
H1-2,-0.0923
FAM118B,-0.0923
EXTL3,-0.0923
CD83,-0.0924
TBC1D30,-0.0924
ZNF234,-0.0924
IL18,-0.0924
HBS1L,-0.0924
NDN,-0.0924
ACACA,-0.0924
HNRNPUL2,-0.0925
CUX1,-0.0925
CHIC1,-0.0925
RIC8A,-0.0925
FUT10,-0.0925
STX6,-0.0925
VAT1,-0.0925
LRRN4CL,-0.0925
PCDHGA4,-0.0926
TCF7L2,-0.0926
STX12,-0.0926
ARF1,-0.0926
MGAT3,-0.0926
RMND1,-0.0926
ALMS1,-0.0926
ZNF362,-0.0926
SPIN3,-0.0926
NAB2,-0.0926
SLC38A5,-0.0927
LBP,-0.0927
ITGA5,-0.0927
OLFML3,-0.0927
PTCD3,-0.0927
PHYHD1,-0.0927
ST6GALNAC1,-0.0928
ZSCAN2,-0.0928
CRYL1,-0.0928
KCTD9,-0.0928
NUDT16L1,-0.0928
HIRIP3,-0.0929
BOD1L1,-0.0929
PPP2R3C,-0.0929
LONP1,-0.093
ZNHIT1,-0.093
FAM166C,-0.093
FDX1,-0.093
KTI12,-0.093
DPP9,-0.0931
PSMC5,-0.0931
RTN4IP1,-0.0931
CNTN3,-0.0931
PCSK2,-0.0931
CLEC1A,-0.0931
LRRC39,-0.0931
FAM178B,-0.0932
PTS,-0.0932
SLC35B4,-0.0932
CPEB3,-0.0932
CCDC28A,-0.0932
CDPF1,-0.0932
ENDOV,-0.0932
HPS4,-0.0932
ZNF37A,-0.0932
B3GNT9,-0.0932
DPY30,-0.0932
SHOX2,-0.0932
PRKACB,-0.0932
GBA,-0.0932
VMA21,-0.0933
ACAN,-0.0933
CISD2,-0.0933
PCTP,-0.0933
BAD,-0.0933
TBCC,-0.0933
DNAJA4,-0.0933
GPR160,-0.0933
HTRA3,-0.0933
CD248,-0.0934
WDR26,-0.0934
EMC10,-0.0934
CLCN2,-0.0934
DDX23,-0.0934
GSTA2,-0.0935
ADGRG7,-0.0935
HSPA9,-0.0935
VDAC1,-0.0935
HAPLN1,-0.0935
EED,-0.0935
GNAO1,-0.0935
CDADC1,-0.0935
MED31,-0.0935
HTT,-0.0935
POMGNT1,-0.0935
KPNA6,-0.0935
SAYSD1,-0.0935
ZC3H10,-0.0936
LZTS1,-0.0936
ARSB,-0.0936
TMEM131L,-0.0936
MKRN2OS,-0.0936
ADAMTS3,-0.0936
SSBP3,-0.0936
FBXL15,-0.0936
MORF4L2,-0.0936
SYNPO2,-0.0936
COG3,-0.0936
RIPOR3,-0.0937
FAM160A2,-0.0937
SLC12A4,-0.0937
ISX,-0.0937
MAEL,-0.0937
CABIN1,-0.0938
CYB5RL,-0.0938
CAMK2N1,-0.0938
FOXQ1,-0.0938
CHP1,-0.0939
SCPEP1,-0.0939
MPP1,-0.0939
CIB2,-0.0939
NLGN4X,-0.0939
CUTA,-0.0939
NOP53,-0.0939
NBPF12,-0.094
RPS29,-0.094
RHOBTB3,-0.094
FLYWCH2,-0.094
CHPT1,-0.094
EIF4E,-0.094
SPEN,-0.094
ALOX5,-0.094
XPNPEP2,-0.0941
FBXO8,-0.0941
CPT1C,-0.0941
IFT81,-0.0941
PTBP3,-0.0941
PRPSAP1,-0.0941
TEAD4,-0.0941
GOT1,-0.0941
TBC1D7,-0.0941
MAP2K4,-0.0941
GRB2,-0.0942
NFRKB,-0.0942
P2RY14,-0.0942
SMIM5,-0.0942
CD1C,-0.0942
UGCG,-0.0942
C17orf80,-0.0942
ZNF697,-0.0943
HAX1,-0.0943
NKIRAS2,-0.0943
RYBP,-0.0943
SLC10A6,-0.0943
GPHB5,-0.0943
NOD1,-0.0943
FH,-0.0943
MYEOV,-0.0943
DCUN1D1,-0.0943
MRPL20,-0.0943
ZNF26,-0.0943
AMN1,-0.0944
WDR61,-0.0944
COBLL1,-0.0944
ZNF160,-0.0944
OCIAD2,-0.0944
AGO1,-0.0944
PPP3CC,-0.0944
EFS,-0.0945
PDE4B,-0.0945
DAB2IP,-0.0945
LUM,-0.0945
USP4,-0.0945
HOXC10,-0.0945
TIMM44,-0.0945
INTS9,-0.0945
CAPRIN1,-0.0945
PRCP,-0.0945
CYSLTR1,-0.0945
YEATS2,-0.0946
PRDX3,-0.0946
DDX52,-0.0946
GPC3,-0.0946
NDUFAF8,-0.0946
CDA,-0.0946
CYP26B1,-0.0946
POLL,-0.0947
KDF1,-0.0947
DCUN1D3,-0.0948
SPECC1L,-0.0948
GHRL,-0.0948
UBR7,-0.0948
SLC17A7,-0.0948
FMOD,-0.0948
FAM50B,-0.0948
RHEBL1,-0.0948
ZFAND6,-0.0948
CBR4,-0.0949
SERPINB1,-0.0949
CTR9,-0.0949
ANAPC10,-0.0949
COPS4,-0.0949
POMGNT2,-0.0949
EIF2B2,-0.0949
LIX1L,-0.095
UBXN2A,-0.095
SLC25A24,-0.095
VCL,-0.095
NPAS1,-0.095
MAML3,-0.095
C5orf22,-0.095
ADH1C,-0.095
TAF15,-0.0951
CCK,-0.0951
PSMA3,-0.0951
ZUP1,-0.0951
RFTN2,-0.0951
PRKD3,-0.0951
KCTD21,-0.0951
AGRN,-0.0951
PLS3,-0.0951
AKIRIN2,-0.0951
TEX10,-0.0951
LMCD1,-0.0952
RNPEP,-0.0952
ODC1,-0.0952
SLC19A2,-0.0952
NGRN,-0.0952
SMAD4,-0.0952
TMEM18,-0.0952
TMEM135,-0.0952
P4HA1,-0.0952
TTL,-0.0952
ALOX15,-0.0952
TNNI2,-0.0953
B3GALT2,-0.0953
STK26,-0.0953
CCNG1,-0.0953
CNOT7,-0.0953
SHANK3,-0.0953
DNAAF2,-0.0953
NRDE2,-0.0954
CLDN16,-0.0954
POLI,-0.0955
RETSAT,-0.0955
PCDHB2,-0.0955
BEX4,-0.0955
COL1A1,-0.0955
DCP2,-0.0955
DMTN,-0.0955
SRPRA,-0.0955
SLC1A6,-0.0956
ATP8B3,-0.0956
FAHD2B,-0.0956
NEK7,-0.0956
ANKS6,-0.0956
MAGED1,-0.0956
CHMP7,-0.0957
ZNF124,-0.0957
PSMC2,-0.0957
SCARB2,-0.0957
PNOC,-0.0958
SYP,-0.0958
PPP5C,-0.0958
HUWE1,-0.0958
CCL8,-0.0958
SFTPD,-0.0958
IKBIP,-0.0958
TONSL,-0.0958
VIL1,-0.0958
GATC,-0.0959
BDNF,-0.0959
RNF121,-0.0959
AVPR2,-0.0959
NNMT,-0.0959
GSR,-0.0959
CUL5,-0.0959
ZDHHC15,-0.0959
LEAP2,-0.0959
CERK,-0.0959
UBR5,-0.096
UPK3A,-0.096
PABPC1,-0.096
VSIG1,-0.096
PRKAB2,-0.096
HDAC9,-0.0961
ESM1,-0.0961
SAR1B,-0.0961
SULT1B1,-0.0961
ZNF607,-0.0961
CCL28,-0.0961
GABPB2,-0.0961
ANXA2R,-0.0961
KRI1,-0.0962
SMN1,-0.0962
NAA30,-0.0962
AEBP2,-0.0962
DEGS2,-0.0962
VPS26C,-0.0962
ATP6V0A4,-0.0963
MX2,-0.0963
TRMT6,-0.0964
DPH3,-0.0964
NLRP7,-0.0964
NAA20,-0.0964
CXCL17,-0.0965
XKR9,-0.0965
IL11,-0.0965
MYH10,-0.0965
FYB1,-0.0965
RXFP1,-0.0965
GOLPH3,-0.0966
CHD2,-0.0966
MBD5,-0.0966
IDH3G,-0.0966
APOM,-0.0966
MCUB,-0.0966
NAB1,-0.0966
RBX1,-0.0966
C1QTNF1,-0.0966
ASCL1,-0.0966
KLHDC10,-0.0967
IKZF5,-0.0967
CABLES2,-0.0967
TSN,-0.0967
YDJC,-0.0967
RIMS4,-0.0967
CWC15,-0.0967
COPS5,-0.0967
SESN3,-0.0968
CD180,-0.0968
PTK7,-0.0968
GSDMA,-0.0968
DPEP3,-0.0968
TMEM128,-0.0968
NLRC4,-0.0968
GPR157,-0.0968
RAB34,-0.0968
OSR1,-0.0969
SEC62,-0.0969
SYCE3,-0.0969
ZNF319,-0.0969
CARD18,-0.0969
SFTPA1,-0.0969
DAAM1,-0.0969
RAVER2,-0.097
DDX28,-0.097
ARPC2,-0.097
AMY2B,-0.097
ABHD15,-0.097
LRRC4,-0.097
PTK2B,-0.097
NAE1,-0.097
SS18L2,-0.0971
CLEC5A,-0.0971
HSP90AB1,-0.0971
SEMA3D,-0.0971
TRIM16L,-0.0971
WDR53,-0.0971
TTC21A,-0.0971
TTC7A,-0.0971
EIF3M,-0.0971
RABAC1,-0.0971
LRRC1,-0.0972
GANAB,-0.0972
APRT,-0.0972
RAB9A,-0.0972
SPTSSB,-0.0972
GJA1,-0.0972
RASA1,-0.0972
PTGES2,-0.0972
RPN1,-0.0973
FAM89B,-0.0973
NDUFS3,-0.0973
MOB2,-0.0973
MTX2,-0.0973
RELL2,-0.0973
KIDINS220,-0.0973
MZT2A,-0.0973
EXOSC8,-0.0974
PRLR,-0.0974
EPGN,-0.0974
COMMD6,-0.0974
RTKN2,-0.0974
GPR68,-0.0974
RNPS1,-0.0974
SPARCL1,-0.0974
KCND3,-0.0974
ZMIZ2,-0.0975
DCAF5,-0.0975
BTC,-0.0975
SHMT2,-0.0975
LIN7B,-0.0975
NFIB,-0.0975
SIPA1L3,-0.0975
BMPR2,-0.0975
SYDE2,-0.0975
VPS53,-0.0975
EFNA4,-0.0975
GCLM,-0.0975
LPAR2,-0.0976
FAM83E,-0.0976
AGO2,-0.0976
CHRDL2,-0.0976
HEXB,-0.0976
FSTL4,-0.0976
ELMO3,-0.0976
CCL23,-0.0976
TRAPPC11,-0.0977
SEC24A,-0.0977
NDRG2,-0.0977
FOXK2,-0.0977
CDK13,-0.0977
ADPRM,-0.0977
ZNF146,-0.0977
TMEM245,-0.0978
FNDC3B,-0.0978
COL6A6,-0.0978
CHD8,-0.0978
UCN,-0.0978
PRRT1,-0.0978
CLSTN3,-0.0978
CCDC28B,-0.0978
KMT2A,-0.0979
EFCAB7,-0.0979
SFXN4,-0.0979
TMEM183A,-0.0979
BAG2,-0.098
PLAGL2,-0.098
APOLD1,-0.098
MB,-0.098
DHRS1,-0.098
NOL10,-0.098
ADGRL3,-0.098
IFT46,-0.098
PDHX,-0.098
PTGER1,-0.0981
SEC61A1,-0.0981
MYD88,-0.0981
LHX5,-0.0981
CXCL10,-0.0981
NR1H2,-0.0981
ORAI1,-0.0982
MESD,-0.0982
VGLL3,-0.0982
TIAM1,-0.0982
DAD1,-0.0982
NRIP1,-0.0982
TBC1D19,-0.0982
NSFL1C,-0.0983
GPER1,-0.0983
ZNF845,-0.0983
FAM102A,-0.0983
TRIM54,-0.0983
EIF1AY,-0.0983
CORO6,-0.0983
HARS1,-0.0983
LONRF1,-0.0983
STRN4,-0.0983
UPF2,-0.0984
THRB,-0.0984
PDE1B,-0.0984
LARS1,-0.0984
DEPDC7,-0.0984
LRIG2,-0.0984
ACKR4,-0.0984
COX7C,-0.0984
UBXN1,-0.0985
EP300,-0.0985
WDTC1,-0.0985
TTC22,-0.0985
SYNE3,-0.0985
PARD6A,-0.0985
TMEM87A,-0.0985
SNX2,-0.0986
TERF1,-0.0986
DDX11,-0.0986
ZNF211,-0.0987
KIAA1549L,-0.0987
TOB2,-0.0987
NACA,-0.0987
BOC,-0.0987
NME2,-0.0987
FEZ1,-0.0987
ARHGAP23,-0.0987
DHX8,-0.0988
SOX6,-0.0988
ATP5PO,-0.0988
GUCA1B,-0.0988
AAMP,-0.0988
SFR1,-0.0988
SP8,-0.0988
IFT43,-0.0989
FBXO34,-0.0989
KLF3,-0.0989
METTL25,-0.0989
ZNF184,-0.0989
PTGIS,-0.0989
IWS1,-0.0989
NIPA1,-0.0989
NBN,-0.0989
MGST2,-0.0989
FBXO6,-0.0989
HOXB2,-0.099
DFFA,-0.099
RRAGD,-0.099
YOD1,-0.099
SUMO3,-0.099
CTNND2,-0.099
CAV2,-0.099
RNF185,-0.099
STYXL1,-0.099
CALB1,-0.0991
PDCD5,-0.0991
NONO,-0.0991
MTCH1,-0.0991
CDK14,-0.0991
PPP2R5A,-0.0991
HACL1,-0.0992
SEMA4A,-0.0992
CISD3,-0.0992
SCAMP4,-0.0992
DEFB126,-0.0992
GFUS,-0.0992
TPD52L2,-0.0992
DNAJB11,-0.0992
TWF1,-0.0993
SYT11,-0.0993
DYNLRB1,-0.0993
SP4,-0.0993
EID3,-0.0993
HOXD9,-0.0993
COL24A1,-0.0993
PROCR,-0.0993
SH3RF3,-0.0993
FGFR2,-0.0993
AATF,-0.0994
KRT23,-0.0994
ZFAND2B,-0.0994
PLOD2,-0.0994
BIVM,-0.0994
FGL1,-0.0994
RAMAC,-0.0994
BSG,-0.0994
PRKCE,-0.0994
CHMP4C,-0.0994
DNMT3B,-0.0995
UBXN8,-0.0995
FLYWCH1,-0.0995
SELENOH,-0.0995
SBDS,-0.0995
DIP2C,-0.0996
ACY3,-0.0996
MRPL55,-0.0996
NVL,-0.0996
DDA1,-0.0996
ATL2,-0.0996
SNTN,-0.0997
MIS18A,-0.0997
LIN52,-0.0997
POLR1H,-0.0997
PLEKHF1,-0.0997
MCMBP,-0.0997
CFAP298,-0.0998
L1CAM,-0.0998
COMMD7,-0.0998
SELENOM,-0.0998
CHST10,-0.0998
PAX5,-0.0999
ZNF804A,-0.0999
ACBD5,-0.0999
CMAS,-0.0999
MRPL58,-0.0999
SPHK2,-0.0999
POLR3F,-0.0999
AP2A1,-0.0999
ZFPL1,-0.0999
SRSF10,-0.0999
IL23A,-0.1
RBL2,-0.1
ZNF395,-0.1
OSTF1,-0.1
ZKSCAN4,-0.1
KDELR2,-0.1
BTBD2,-0.1001
SRBD1,-0.1001
CERCAM,-0.1001
SBK3,-0.1001
C12orf66,-0.1001
SLC22A17,-0.1001
PDXK,-0.1001
PRPF40A,-0.1002
DCAKD,-0.1002
SELENOF,-0.1002
CHRNA9,-0.1002
RAB8B,-0.1002
CLECL1,-0.1002
MAEA,-0.1003
PPP1R18,-0.1003
ZNF761,-0.1003
GRB7,-0.1003
UBQLN2,-0.1003
MLF1,-0.1003
TIMP2,-0.1003
IL4R,-0.1003
AP3S2,-0.1003
RBM23,-0.1003
PDCD6,-0.1003
SLC26A11,-0.1003
SRMS,-0.1003
ATP2A3,-0.1003
SLC10A2,-0.1003
PLAC1,-0.1004
RGS4,-0.1004
LRTOMT,-0.1004
TBC1D9,-0.1004
RAB11B,-0.1004
PRMT9,-0.1004
ERVV-2,-0.1004
SUSD4,-0.1004
ARMC8,-0.1004
IGSF10,-0.1004
RGMA,-0.1004
DNAJB4,-0.1004
IGDCC4,-0.1004
FBXL2,-0.1004
PLA2R1,-0.1005
GAD1,-0.1005
GLI2,-0.1005
SKIV2L,-0.1005
GALNT18,-0.1005
CPA6,-0.1005
CYB5B,-0.1005
ACBD6,-0.1005
MIEN1,-0.1005
SLPI,-0.1005
NCOA3,-0.1005
XPO4,-0.1005
ALG11,-0.1006
CAPN12,-0.1006
PRPF38A,-0.1006
MIOX,-0.1006
ADCY4,-0.1006
PCOLCE2,-0.1007
NEXN,-0.1007
KLK8,-0.1007
TXNDC17,-0.1007
CPTP,-0.1008
TRIM16,-0.1008
H3-3A,-0.1008
SLC25A5,-0.1008
ZNF787,-0.1008
ETV4,-0.1008
ZNF264,-0.1008
C1orf109,-0.1008
FER,-0.1008
ZNF274,-0.1008
CD320,-0.1009
BEX1,-0.1009
PYM1,-0.1009
ISCA2,-0.1009
ELMO1,-0.1009
BNIP5,-0.1009
HOXB13,-0.1009
HIKESHI,-0.1009
CS,-0.101
INHBB,-0.101
ARF5,-0.101
RNPC3,-0.101
TTPAL,-0.101
CERS6,-0.101
STX10,-0.1011
USF3,-0.1011
FAM3D,-0.1011
FAM229B,-0.1011
TOR1B,-0.1011
UBE2K,-0.1012
TIMM13,-0.1012
STT3A,-0.1012
CRELD1,-0.1012
CCDC160,-0.1012
ZDHHC18,-0.1012
AREL1,-0.1012
RALGPS2,-0.1012
ZNHIT3,-0.1013
KCNK13,-0.1013
SLC25A19,-0.1013
UNC13D,-0.1013
ZNF17,-0.1014
CDC42EP4,-0.1014
PRKAR2A,-0.1014
SIK1,-0.1014
ACP7,-0.1014
DNAJC2,-0.1014
PLPPR2,-0.1014
B3GAT1,-0.1014
ADRM1,-0.1014
RBMXL1,-0.1014
COG2,-0.1014
TFPI2,-0.1014
STX4,-0.1015
PALD1,-0.1015
ARHGAP1,-0.1015
TBK1,-0.1015
EFHB,-0.1015
SYVN1,-0.1015
BPIFB2,-0.1015
DNMT3A,-0.1015
LYSMD4,-0.1015
C6orf132,-0.1015
P2RX1,-0.1015
GMPPA,-0.1015
C17orf58,-0.1016
MED13L,-0.1016
AFTPH,-0.1016
ALDH1A1,-0.1016
C5orf63,-0.1016
EAF2,-0.1016
ADSS1,-0.1016
DBI,-0.1016
ZNF280A,-0.1016
ARAP3,-0.1017
TRAM1,-0.1017
NAPRT,-0.1017
ACP5,-0.1017
ZBTB37,-0.1017
ZNF649,-0.1017
CDKAL1,-0.1017
PRPF4B,-0.1017
ZNF70,-0.1018
MYOC,-0.1018
ARG2,-0.1018
SLCO1B3,-0.1018
PSMC3IP,-0.1018
C16orf71,-0.1018
VKORC1L1,-0.1018
PCSK1N,-0.1018
RRAGC,-0.1018
MRPL33,-0.1018
TUG1,-0.1019
XPNPEP1,-0.1019
TFE3,-0.1019
WSCD2,-0.1019
LANCL2,-0.102
CD163,-0.102
IFT172,-0.102
OVOL3,-0.102
CRYAB,-0.102
INSM1,-0.102
TRIO,-0.102
P3H4,-0.102
SMIM29,-0.102
AVPI1,-0.1021
DNAJC15,-0.1021
NSG1,-0.1021
LGR4,-0.1021
SCARA3,-0.1021
NPTN,-0.1022
AARS1,-0.1022
RP9,-0.1022
CHST14,-0.1022
ZSCAN22,-0.1022
PPM1N,-0.1022
TTC3,-0.1023
PNP,-0.1023
AVL9,-0.1023
COPE,-0.1023
ZNF644,-0.1023
TPST2,-0.1023
KRT81,-0.1023
RBMX2,-0.1023
CBWD2,-0.1023
UIMC1,-0.1024
WNK1,-0.1024
ZNF573,-0.1024
ZMIZ1,-0.1024
CYRIA,-0.1024
NCOR1,-0.1024
WLS,-0.1025
GIMAP8,-0.1025
MT-CO2,-0.1025
NRN1,-0.1025
TOE1,-0.1025
HSPA6,-0.1025
TACC3,-0.1025
PLA2G3,-0.1025
PARK7,-0.1025
COPZ1,-0.1026
LSAMP,-0.1026
WWP1,-0.1026
C16orf87,-0.1026
CALHM5,-0.1026
WDR41,-0.1026
PIN1,-0.1026
FNTA,-0.1026
KIF26A,-0.1026
MYB,-0.1026
CNTROB,-0.1026
AKT2,-0.1027
ATP9B,-0.1027
ADAMTS14,-0.1027
SF3B6,-0.1027
S100A10,-0.1027
KCNJ5,-0.1027
TMEM185A,-0.1027
POR,-0.1027
MOSPD3,-0.1027
RHBDD3,-0.1027
ZNF296,-0.1027
CNKSR1,-0.1027
SMIM27,-0.1027
FAM180A,-0.1028
STX17,-0.1028
CDK18,-0.1028
HPCAL4,-0.1028
C9orf135,-0.1028
SUMO2,-0.1028
ZYG11A,-0.1028
MRPL51,-0.1028
CYGB,-0.1028
TMEM8B,-0.1028
UPF3A,-0.1029
ANKMY1,-0.1029
SERBP1,-0.1029
PTBP1,-0.1029
BARD1,-0.1029
MSL3,-0.1029
PROM2,-0.1029
AQP4,-0.103
NEK3,-0.103
TXNRD3,-0.103
TGFBRAP1,-0.103
SKAP1,-0.103
CBX6,-0.103
THPO,-0.103
SRP19,-0.103
UBIAD1,-0.103
USP32,-0.103
PLSCR1,-0.103
SQSTM1,-0.1031
TMBIM4,-0.1031
GCSAM,-0.1031
PTMA,-0.1031
EIF2AK1,-0.1031
LUZP1,-0.1031
ITPR3,-0.1031
WASL,-0.1031
MYLIP,-0.1031
H4C13,-0.1031
AP1S3,-0.1031
SMUG1,-0.1031
PLEKHB2,-0.1031
ZBTB41,-0.1032
MRPS30,-0.1032
DFFB,-0.1032
ECD,-0.1032
NAMPT,-0.1032
CRLF3,-0.1032
CDC37,-0.1032
COPS3,-0.1032
MAP10,-0.1033
SLC16A13,-0.1033
NCBP2AS2,-0.1033
CACNB1,-0.1033
TESK2,-0.1033
KBTBD7,-0.1033
TTC13,-0.1033
TIMM21,-0.1034
UNC119,-0.1034
BCL2,-0.1034
ADORA1,-0.1034
ZNF668,-0.1034
ST8SIA6,-0.1034
LZIC,-0.1034
ZNF646,-0.1034
RETREG2,-0.1034
TEAD3,-0.1035
PIK3R4,-0.1035
RGL1,-0.1035
ACOT8,-0.1035
BCAT2,-0.1035
VPS13C,-0.1035
SEMA7A,-0.1035
BBS7,-0.1036
SOD1,-0.1036
CIB1,-0.1036
DELE1,-0.1037
RPS15A,-0.1037
MRPS18C,-0.1037
DNAJC6,-0.1037
FBXL14,-0.1037
NDRG3,-0.1037
MAK,-0.1037
CCDC146,-0.1037
FOCAD,-0.1037
ATG10,-0.1037
TBC1D16,-0.1037
H2BC6,-0.1038
PITPNC1,-0.1038
IMPA2,-0.1038
DYRK4,-0.1038
SDHAF3,-0.1038
MSX2,-0.1038
ZNF85,-0.1038
COL9A2,-0.1038
LDHA,-0.1039
HELZ,-0.1039
PLXNB3,-0.1039
EVC2,-0.1039
EDF1,-0.104
RTN4RL2,-0.104
SIRPG,-0.104
NUP98,-0.104
DHX57,-0.104
OARD1,-0.104
SMC6,-0.1041
RIOK2,-0.1041
CPNE4,-0.1041
BSDC1,-0.1041
PSD3,-0.1041
EIF4G1,-0.1041
PDGFC,-0.1041
SLC25A39,-0.1041
CTAG2,-0.1041
ZFP28,-0.1041
METTL27,-0.1041
RAD54L2,-0.1042
SPAG9,-0.1042
C2CD2L,-0.1042
FAM20C,-0.1042
EPM2AIP1,-0.1042
ZNF7,-0.1042
GTF2H1,-0.1042
AC069544.2,-0.1043
INTS6,-0.1043
BCL2L1,-0.1043
ZNF786,-0.1043
GAA,-0.1043
RANBP9,-0.1043
CCDC3,-0.1043
ENO2,-0.1044
SPCS2,-0.1044
FOXC2,-0.1044
MRPL49,-0.1044
SF3A1,-0.1044
PRDM10,-0.1044
ANOS1,-0.1045
NHLRC2,-0.1045
CD300E,-0.1045
PARP2,-0.1045
DEPDC5,-0.1045
DCAF1,-0.1045
SPINK2,-0.1045
HS6ST1,-0.1045
FAM104A,-0.1045
LRRC40,-0.1046
RAB28,-0.1046
DSEL,-0.1046
PEX16,-0.1046
FBXO16,-0.1046
MRPS10,-0.1047
GLIPR1,-0.1047
ZNF267,-0.1047
RNFT1,-0.1047
EPSTI1,-0.1047
TXLNA,-0.1047
KDM5D,-0.1047
SHKBP1,-0.1047
ST6GAL1,-0.1048
FBXW7,-0.1048
EXPH5,-0.1048
TSPAN33,-0.1048
ACP1,-0.1048
SLC52A1,-0.1048
FAM110B,-0.1048
SAMD4A,-0.1048
ZNF263,-0.1049
LMAN1,-0.1049
ITGB3BP,-0.1049
FAM241B,-0.1049
SCO1,-0.1049
TCF25,-0.1049
NIN,-0.1049
AIMP1,-0.1049
COTL1,-0.1049
ZCCHC7,-0.105
BASP1,-0.105
SBF2,-0.105
FLII,-0.105
SBSPON,-0.105
GABRB3,-0.105
CCN4,-0.105
PPP2CB,-0.105
GGT7,-0.105
UBTD2,-0.105
TENT5B,-0.1051
PAGE2B,-0.1051
CCZ1B,-0.1051
CLCNKB,-0.1051
ABLIM2,-0.1051
ABHD18,-0.1051
ETFRF1,-0.1051
EMC3,-0.1051
ZSWIM9,-0.1051
VNN1,-0.1052
INAFM2,-0.1052
HIF3A,-0.1052
GGNBP2,-0.1052
PML,-0.1052
ALKAL2,-0.1052
CSNK1G1,-0.1052
CFAP58,-0.1053
THADA,-0.1053
FBXO32,-0.1053
MS4A14,-0.1053
DUOX2,-0.1053
FAM133B,-0.1053
SEC23IP,-0.1053
SUSD5,-0.1053
RRP1,-0.1053
ANAPC5,-0.1053
ANAPC7,-0.1053
VAC14,-0.1054
SNAI1,-0.1054
AIDA,-0.1054
COPB1,-0.1054
DMWD,-0.1054
TPPP3,-0.1054
PPP3R1,-0.1054
STK19,-0.1054
RXRA,-0.1054
ZNF560,-0.1054
CSRNP1,-0.1054
UEVLD,-0.1054
ZNF439,-0.1054
HNRNPC,-0.1055
LUC7L,-0.1055
SPDL1,-0.1055
SEC14L2,-0.1055
C2orf88,-0.1055
SMARCAL1,-0.1055
NUB1,-0.1055
EPHX4,-0.1056
CPSF2,-0.1056
DGCR6L,-0.1056
NIPAL2,-0.1056
PNKP,-0.1056
APMAP,-0.1056
HOXA5,-0.1056
SEMA4G,-0.1056
TPM2,-0.1056
PTK6,-0.1057
CD36,-0.1057
TARBP1,-0.1057
CHAD,-0.1057
SELP,-0.1057
ABCA5,-0.1057
RMI1,-0.1058
SMS,-0.1058
ESRP1,-0.1058
NUP210,-0.1058
NIM1K,-0.1058
WSCD1,-0.1059
HNRNPM,-0.1059
FCHO1,-0.1059
COL4A6,-0.1059
PDE4D,-0.1059
UBE2E3,-0.1059
RPS6KB1,-0.1059
PDCD2,-0.1059
C1orf54,-0.1059
ERLEC1,-0.1059
FIP1L1,-0.1059
HNRNPU,-0.106
GLCE,-0.106
COX15,-0.106
GTF2B,-0.106
USP53,-0.106
VCP,-0.106
SMIM31,-0.1061
ATPSCKMT,-0.1061
LRRC23,-0.1061
NIF3L1,-0.1061
PTAR1,-0.1061
SLC26A6,-0.1061
AFF4,-0.1061
RBBP9,-0.1062
SEPTIN6,-0.1062
RPS17,-0.1062
ARL4C,-0.1062
UBALD2,-0.1062
PTPN9,-0.1062
HSPA14,-0.1062
GAS2L2,-0.1062
PPARGC1B,-0.1062
COL23A1,-0.1062
GALR2,-0.1062
EPB41L2,-0.1063
RGMB,-0.1063
ATP10A,-0.1063
NFU1,-0.1063
SLC37A3,-0.1063
CLGN,-0.1063
TIMM9,-0.1063
ZNF487,-0.1063
MAP4K3,-0.1064
RERE,-0.1064
FAM228B,-0.1064
PUM1,-0.1064
UFL1,-0.1064
CEBPB,-0.1064
ATIC,-0.1064
MEDAG,-0.1064
CHST11,-0.1065
SPIRE2,-0.1065
ZNF555,-0.1065
PRKCH,-0.1066
ZNF670,-0.1066
SMPD4,-0.1066
FAM177B,-0.1066
EGLN3,-0.1066
PRDM2,-0.1066
FBXW9,-0.1066
CD80,-0.1066
SDE2,-0.1066
TBC1D10A,-0.1066
AGER,-0.1067
CCDC134,-0.1067
SAMD14,-0.1067
PHOSPHO2,-0.1067
BCO1,-0.1067
CDK19,-0.1067
KRT86,-0.1067
KDM5A,-0.1067
MAP3K11,-0.1067
C7orf57,-0.1068
GDPD5,-0.1068
SNAPIN,-0.1068
CEBPG,-0.1068
FRS2,-0.1068
DPY19L4,-0.1068
FBXO42,-0.1068
COCH,-0.1068
RAB15,-0.1068
CCL3L3,-0.1068
POLA2,-0.1068
RABIF,-0.1068
PINX1,-0.1068
H1-10,-0.1069
CHST6,-0.1069
FASTKD3,-0.1069
CPNE8,-0.1069
KAZN,-0.1069
PNMA8B,-0.1069
CR1,-0.1069
CNNM4,-0.1069
C10orf88,-0.107
TPD52L1,-0.107
NDST1,-0.107
PDLIM4,-0.107
NTM,-0.107
IGSF3,-0.107
LOX,-0.107
SLC52A3,-0.1071
KCNA3,-0.1071
PUS1,-0.1071
TMED10,-0.1071
ELAC1,-0.1071
GPN3,-0.1071
SMARCC1,-0.1071
FATE1,-0.1071
MED26,-0.1072
ADRA2A,-0.1072
HSPB9,-0.1072
SETD2,-0.1072
AVPR1A,-0.1072
CENPS,-0.1072
ZNF814,-0.1072
UNK,-0.1072
FAM110A,-0.1072
FOLR3,-0.1073
TRNP1,-0.1073
COMMD10,-0.1073
PJA2,-0.1073
ZFAND3,-0.1073
OBP2A,-0.1073
CYP4F11,-0.1073
TMPRSS13,-0.1074
LIMA1,-0.1074
FCRLA,-0.1074
BLOC1S2,-0.1074
SLC25A13,-0.1074
VASH1,-0.1074
VPS36,-0.1074
HAL,-0.1075
OGA,-0.1075
ACTR3C,-0.1075
TNFRSF1A,-0.1075
DYNC2I2,-0.1075
TCTN3,-0.1075
SLCO5A1,-0.1075
METTL7A,-0.1075
SLC6A6,-0.1075
ACTR8,-0.1075
NCAM1,-0.1075
PLEKHA2,-0.1076
H4C12,-0.1076
SAMSN1,-0.1076
PTEN,-0.1076
FAM222B,-0.1076
PPIA,-0.1076
GNAI1,-0.1076
FBXO36,-0.1076
CPE,-0.1076
VIT,-0.1076
CFAP94,-0.1076
PRR20G,-0.1077
GSDME,-0.1077
NDUFA2,-0.1077
DHRS2,-0.1077
LARS2,-0.1077
PITPNM1,-0.1077
TERF2IP,-0.1077
UBC,-0.1077
PCDHGB7,-0.1077
ITGB7,-0.1077
PCBP4,-0.1078
OSR2,-0.1078
RANBP2,-0.1078
SGTB,-0.1078
GLO1,-0.1078
PDCD4,-0.1078
TAF1,-0.1079
EIF3B,-0.1079
AEBP1,-0.1079
KTN1,-0.1079
SLC1A4,-0.1079
HMGXB3,-0.108
ANGPTL2,-0.108
ENY2,-0.108
TCF4,-0.108
ECRG4,-0.108
ING2,-0.1081
ATXN7L2,-0.1081
TMEM88B,-0.1081
SBF1,-0.1081
PI4K2B,-0.1081
CASP3,-0.1081
IL6,-0.1081
MMP2,-0.1081
TANGO2,-0.1081
MYADM,-0.1081
MAST2,-0.1082
NOP58,-0.1082
DUOXA2,-0.1082
LACTB2,-0.1082
HACD4,-0.1082
EPHX2,-0.1082
ZKSCAN2,-0.1083
HAMP,-0.1083
CRISP3,-0.1083
MATN4,-0.1083
RAB11FIP3,-0.1083
FCHSD2,-0.1083
CMTM1,-0.1083
ARRDC1,-0.1083
RPRD2,-0.1083
RASSF5,-0.1083
XPO7,-0.1084
ADAMTS7,-0.1084
ESRP2,-0.1084
BRD3OS,-0.1084
H4C1,-0.1084
XRCC4,-0.1084
RNF26,-0.1084
ANGPT1,-0.1085
HGS,-0.1085
ZNF772,-0.1085
C9orf85,-0.1085
ADH6,-0.1085
CHD6,-0.1085
GPM6B,-0.1085
SNRNP48,-0.1085
DCAF12,-0.1086
DNAJB12,-0.1086
TTI1,-0.1086
MNS1,-0.1086
ITGB1BP1,-0.1086
BTRC,-0.1086
SURF2,-0.1086
CEP19,-0.1086
ZMYM1,-0.1087
RNF169,-0.1087
MAST4,-0.1087
GTF2A1,-0.1087
LRP6,-0.1087
ZNF117,-0.1087
IQCN,-0.1087
ANKFN1,-0.1087
S100PBP,-0.1087
LSM11,-0.1088
PHB,-0.1088
MALSU1,-0.1088
ZFP36L1,-0.1088
PTPRF,-0.1088
DSG1,-0.1088
CT83,-0.1088
JAM3,-0.1088
ZNF750,-0.1088
ANKRD27,-0.1089
GSPT1,-0.1089
RWDD2A,-0.1089
ST13,-0.1089
RWDD4,-0.1089
POLR2E,-0.1089
DHX32,-0.1089
SIRT6,-0.1089
KLHL35,-0.1089
ANO8,-0.109
EPOP,-0.109
TMSB10,-0.109
RAB33A,-0.109
GYPE,-0.109
MS4A1,-0.109
ID1,-0.1091
KLRF1,-0.1091
ZNF562,-0.1091
FAR1,-0.1091
NSD3,-0.1091
SNX9,-0.1091
KCNJ12,-0.1091
IFT74,-0.1092
ZNF677,-0.1092
TBC1D8,-0.1092
H3C10,-0.1092
GCC1,-0.1092
RPS27L,-0.1093
RAB37,-0.1093
TENM3,-0.1093
POLR1A,-0.1093
ITLN1,-0.1093
NR2C2AP,-0.1094
ARHGEF5,-0.1094
LRRC55,-0.1094
CLPTM1,-0.1094
NLGN4Y,-0.1094
PKDCC,-0.1095
DOC2B,-0.1095
ASPHD1,-0.1095
ISLR2,-0.1095
CD14,-0.1095
HNRNPAB,-0.1095
KAT8,-0.1095
HDAC7,-0.1095
KCNC4,-0.1095
ANAPC1,-0.1096
DECR1,-0.1096
ABCD1,-0.1097
PDRG1,-0.1097
ZNF358,-0.1097
IPO13,-0.1097
TET2,-0.1097
NMRAL1,-0.1097
SHC2,-0.1097
AKT1S1,-0.1097
FAM207A,-0.1098
H3C8,-0.1098
ZHX3,-0.1098
SC5D,-0.1098
HHIP,-0.1098
EIF3K,-0.1098
CCT6A,-0.1098
NDUFB7,-0.1098
ACLY,-0.1098
ATR,-0.1098
MIS12,-0.1098
BCL10,-0.1098
SLC39A11,-0.1098
PRKAR1B,-0.1099
BECN1,-0.1099
DACH1,-0.1099
RPL6,-0.1099
INTS5,-0.1099
TAF11,-0.1099
EARS2,-0.1099
WNT10B,-0.1099
GLRB,-0.1099
TVP23B,-0.11
ZMYND15,-0.11
ZP3,-0.11
AKR1B1,-0.11
CFDP1,-0.11
PLEKHM2,-0.11
TMEM200B,-0.11
HELQ,-0.11
CD48,-0.11
CAPN7,-0.11
XRN1,-0.11
KDM1A,-0.11
ZNF174,-0.11
INPP5B,-0.11
ABCE1,-0.1101
ASAH2B,-0.1101
ZNF155,-0.1101
AMIGO2,-0.1101
ZMPSTE24,-0.1101
RORA,-0.1101
LAMP3,-0.1101
PTCD2,-0.1101
CLUAP1,-0.1101
CFAP45,-0.1102
PFDN4,-0.1102
WDFY3,-0.1102
C1GALT1C1L,-0.1102
TMEM39B,-0.1102
TP53RK,-0.1102
PSMB2,-0.1102
HLA-DMA,-0.1102
NRG4,-0.1102
MSMO1,-0.1103
ZNF77,-0.1103
RP2,-0.1103
KAT2B,-0.1103
BTN2A2,-0.1103
PIANP,-0.1103
G3BP1,-0.1103
CRBN,-0.1103
CDR2L,-0.1103
ATP6V0E2,-0.1103
PPP1R32,-0.1103
SRGAP3,-0.1103
SUGCT,-0.1104
FUT4,-0.1104
PKP4,-0.1104
CPSF4,-0.1105
ST6GALNAC4,-0.1105
NRBF2,-0.1105
PROSER1,-0.1105
COMP,-0.1105
ZBTB48,-0.1105
MBNL1,-0.1105
BRINP1,-0.1105
TLCD1,-0.1105
RNF144A,-0.1105
GK,-0.1106
FAM131A,-0.1106
PDGFA,-0.1106
SYAP1,-0.1106
DHX33,-0.1106
MMP25,-0.1106
SLC16A6,-0.1106
NCOR2,-0.1106
MS4A2,-0.1106
GLUD2,-0.1107
SOCS5,-0.1107
ACTR10,-0.1107
INPP5F,-0.1107
LRRC17,-0.1107
PSMB3,-0.1107
TATDN1,-0.1107
ZNF416,-0.1107
PANK2,-0.1107
SSB,-0.1107
WIPI2,-0.1107
QSOX2,-0.1107
ALB,-0.1107
GTDC1,-0.1108
NOP14,-0.1108
SOX8,-0.1108
SPIRE1,-0.1108
GNAI3,-0.1109
ERFL,-0.1109
H2BC21,-0.1109
ZEB2,-0.1109
ZNF827,-0.1109
GCDH,-0.1109
CCDC87,-0.1109
SLC25A45,-0.1109
MCTS1,-0.1109
MED28,-0.1109
ARMC7,-0.111
LAYN,-0.111
QRICH1,-0.111
BTG2,-0.111
PIK3IP1,-0.111
SLC7A1,-0.111
FOXI3,-0.111
RNF182,-0.1111
IRX1,-0.1111
MCTP1,-0.1111
NDUFAF4,-0.1111
ZNF441,-0.1111
RNF165,-0.1111
COX14,-0.1111
EZHIP,-0.1111
PTGS2,-0.1112
UGP2,-0.1112
ARL1,-0.1112
CCR8,-0.1112
MFSD11,-0.1112
CENPX,-0.1112
GLB1L3,-0.1112
FPGS,-0.1112
FTCDNL1,-0.1113
IGFL1,-0.1113
NBPF11,-0.1113
AOPEP,-0.1113
THUMPD3,-0.1113
PLPP7,-0.1113
ZNF444,-0.1113
EBAG9,-0.1113
RNF215,-0.1113
FBXO30,-0.1113
HSD17B14,-0.1114
DYRK3,-0.1114
RBM15B,-0.1114
NDUFS7,-0.1114
ILF3,-0.1114
GPR1,-0.1114
SESN1,-0.1114
BCKDHB,-0.1114
DHX37,-0.1115
NELL2,-0.1115
DLG1,-0.1115
HERC5,-0.1115
TAGLN3,-0.1115
LEPROTL1,-0.1115
CACNA2D3,-0.1115
FNDC5,-0.1115
TYRO3,-0.1116
MPST,-0.1116
USP7,-0.1117
SLC39A10,-0.1117
U2SURP,-0.1117
STARD7,-0.1117
PDCL3,-0.1117
URI1,-0.1117
SEMA3B,-0.1117
ZBED3,-0.1117
INTS6L,-0.1118
RNASEL,-0.1118
PTRHD1,-0.1118
ADAMTSL1,-0.1118
SIPA1L1,-0.1118
ANO6,-0.1118
NECAB3,-0.1119
CUL4A,-0.1119
MRPL12,-0.1119
DGAT2,-0.1119
AFG3L2,-0.1119
ARID4B,-0.112
SIX1,-0.112
ATP11B,-0.112
ARHGAP18,-0.112
BCKDK,-0.112
ACOX3,-0.112
VTA1,-0.112
ORAI3,-0.112
CSF1,-0.112
ZNF592,-0.112
TMEM45A,-0.112
AGL,-0.1121
IGSF1,-0.1121
P4HA3,-0.1121
BCAS4,-0.1121
SLC38A9,-0.1121
NOD2,-0.1121
RIIAD1,-0.1121
CILP,-0.1122
TBC1D4,-0.1122
NDUFA10,-0.1122
NUDT10,-0.1122
CRPPA,-0.1122
KIAA0753,-0.1122
VSIG10,-0.1122
CASKIN2,-0.1122
PAFAH1B3,-0.1122
IDI1,-0.1122
DOLK,-0.1122
LNP1,-0.1123
SNX22,-0.1123
TM4SF5,-0.1123
CUEDC1,-0.1123
KHDRBS2,-0.1123
MECP2,-0.1123
FAF1,-0.1123
SMAD1,-0.1123
TBC1D10B,-0.1124
EVC,-0.1124
FAM3C,-0.1124
LRFN3,-0.1124
KHDC1,-0.1124
NT5C,-0.1124
SFPQ,-0.1124
DOCK11,-0.1124
ZNF76,-0.1124
ZDHHC12,-0.1125
SLC18B1,-0.1125
RAB3IL1,-0.1125
MAT1A,-0.1125
RNF223,-0.1126
IL4I1,-0.1126
DCLRE1A,-0.1126
IQCG,-0.1126
TNFSF8,-0.1126
RTN3,-0.1126
PLEKHO1,-0.1126
SETD3,-0.1126
RIF1,-0.1126
GYPC,-0.1126
RAB1A,-0.1126
DMC1,-0.1127
BZW2,-0.1127
MRPL45,-0.1127
PPP4R1,-0.1127
GIPC1,-0.1127
HPS1,-0.1127
HS3ST2,-0.1128
UXT,-0.1128
RRN3,-0.1128
GSTA4,-0.1128
ZCCHC14,-0.1128
E2F8,-0.1128
CASP8,-0.1128
FKBP3,-0.1128
FILIP1L,-0.1128
LTB4R,-0.1129
ISOC2,-0.1129
TMEM156,-0.1129
MTMR12,-0.1129
CD70,-0.1129
RNF19B,-0.1129
SEPSECS,-0.1129
ASPN,-0.1129
SPON2,-0.1129
TOM1L2,-0.1129
MRPS16,-0.1129
PLCL2,-0.113
MARK2,-0.113
CHCHD2,-0.113
PWP1,-0.113
ADM5,-0.113
SMIM24,-0.113
TMEM39A,-0.113
CEACAM4,-0.113
PLIN2,-0.1131
CDC34,-0.1131
NRROS,-0.1131
NAAA,-0.1131
MAP3K3,-0.1131
MRPL46,-0.1132
ETV1,-0.1132
FANCL,-0.1132
ELL,-0.1132
VPS18,-0.1133
CHD1,-0.1133
OPA3,-0.1133
CCDC15,-0.1133
TMEM120A,-0.1133
C5orf49,-0.1133
FAM168B,-0.1133
LIMD2,-0.1133
ALDOA,-0.1133
RNF6,-0.1134
UQCC3,-0.1134
STING1,-0.1134
FBXW2,-0.1134
CFAP57,-0.1134
LAMC2,-0.1134
GPT2,-0.1134
NSMCE2,-0.1135
C9orf72,-0.1135
C17orf75,-0.1135
KRT10,-0.1135
THSD1,-0.1136
SLCO1A2,-0.1136
COP1,-0.1136
LRAT,-0.1136
TFAP2C,-0.1136
PACSIN3,-0.1136
PRDX1,-0.1136
ETS1,-0.1136
SEPHS2,-0.1136
LOXL2,-0.1137
TRMT13,-0.1137
JMJD4,-0.1137
RSBN1,-0.1137
SEMA5B,-0.1137
OXLD1,-0.1137
LIMK1,-0.1137
TMEM200A,-0.1137
RTN4,-0.1137
CEP104,-0.1137
ZNF446,-0.1137
CEBPA,-0.1137
TIMM17A,-0.1137
ITGAV,-0.1138
ATP2C1,-0.1138
PTPN14,-0.1138
RAB14,-0.1138
MARCHF10,-0.1138
TMEM26,-0.1138
THOC5,-0.1138
ODAM,-0.1138
IRX6,-0.1138
GGA2,-0.1138
SRP9,-0.1138
RB1,-0.1139
ZCCHC9,-0.1139
EFHC1,-0.1139
L3MBTL3,-0.1139
COX7A2L,-0.1139
SFRP1,-0.1139
LAMC3,-0.1139
CD59,-0.1139
FBXO2,-0.114
ABI2,-0.114
ATG3,-0.114
HYKK,-0.114
ABHD2,-0.1141
WDR48,-0.1141
RBM10,-0.1141
COA6,-0.1141
MZB1,-0.1141
UBXN7,-0.1141
ZNF268,-0.1141
PPIG,-0.1141
LMF2,-0.1141
CNOT6,-0.1142
RBP2,-0.1142
STMP1,-0.1142
HCCS,-0.1142
RAD18,-0.1142
ARID4A,-0.1142
DEF6,-0.1142
CALM3,-0.1142
PTH2R,-0.1142
CAPS2,-0.1143
CC2D2A,-0.1143
GFER,-0.1143
IFT52,-0.1143
MMACHC,-0.1143
KLF16,-0.1143
GARS1,-0.1143
ZNF331,-0.1143
PDZRN3,-0.1143
NF1,-0.1143
ZNF714,-0.1144
CACYBP,-0.1144
EDAR,-0.1144
C8orf34,-0.1144
ISLR,-0.1144
COPS8,-0.1144
PRPSAP2,-0.1144
COPS9,-0.1144
SEPHS1,-0.1144
MVD,-0.1144
PIM3,-0.1145
PRKAA2,-0.1145
LBH,-0.1145
FBXL20,-0.1145
MRPL17,-0.1145
AKAP1,-0.1145
KRBA2,-0.1146
PADI1,-0.1146
PI4K2A,-0.1146
RBM41,-0.1146
POU3F1,-0.1146
MUL1,-0.1146
TOMM70,-0.1146
PAK4,-0.1146
MYNN,-0.1147
EFCAB11,-0.1147
SORBS3,-0.1147
PCNX3,-0.1147
RILPL2,-0.1147
ETHE1,-0.1147
MAP4,-0.1147
CASS4,-0.1147
SERPINA1,-0.1147
OMA1,-0.1148
DMXL2,-0.1148
RRAS2,-0.1148
FAM91A1,-0.1148
CCDC142,-0.1148
BCL7B,-0.1148
GSK3A,-0.1148
EHF,-0.1148
PARP14,-0.1149
PXN,-0.1149
CBLC,-0.1149
KLF13,-0.1149
HP1BP3,-0.115
MAP4K5,-0.115
THUMPD1,-0.115
CXCL5,-0.115
PSEN1,-0.115
EXOSC1,-0.115
PFKFB2,-0.115
PLD3,-0.115
NDUFB8,-0.115
TCEAL7,-0.1151
ANGEL2,-0.1151
MIF4GD,-0.1151
TMEM131,-0.1151
RBBP5,-0.1151
SLC7A6,-0.1151
SLC7A6OS,-0.1151
DUSP13,-0.1151
H3-3B,-0.1151
H2AC6,-0.1152
CLUH,-0.1152
FGF1,-0.1152
RBM22,-0.1152
SLC6A11,-0.1152
GPATCH2,-0.1152
CD1B,-0.1152
ZKSCAN3,-0.1152
CD177,-0.1152
PPID,-0.1152
TMX3,-0.1152
TNFRSF11A,-0.1152
CAND1,-0.1153
EGFL7,-0.1153
RNASE2,-0.1153
EHD3,-0.1153
SH3KBP1,-0.1153
STAM2,-0.1153
OST4,-0.1153
SSU72,-0.1153
E2F1,-0.1153
TMEM170A,-0.1153
POLR1B,-0.1153
FAM20B,-0.1153
PRPS1,-0.1153
GNB3,-0.1154
TWF2,-0.1154
RAB3GAP1,-0.1154
MEA1,-0.1154
TMEM231,-0.1154
ELF5,-0.1154
RHOA,-0.1154
ANKH,-0.1154
GHR,-0.1154
FAM50A,-0.1154
PGRMC1,-0.1155
C3orf38,-0.1155
HOXD8,-0.1155
CPNE2,-0.1155
ZNF567,-0.1155
SRP14,-0.1155
POFUT1,-0.1155
RBAK,-0.1156
PAK2,-0.1156
SLC9A1,-0.1156
RUNX1,-0.1156
CUL4B,-0.1156
TSPYL2,-0.1156
KDM5C,-0.1156
NAP1L1,-0.1156
TNPO1,-0.1156
NAF1,-0.1156
ZNF571,-0.1157
FAM3A,-0.1157
SLC25A16,-0.1157
CCDC110,-0.1157
MRPL42,-0.1158
CDC42EP1,-0.1158
PAN3,-0.1158
ME1,-0.1158
XPO6,-0.1158
GCAT,-0.1159
CBLN3,-0.1159
PHRF1,-0.1159
DKK3,-0.1159
ACSL4,-0.1159
NAP1L5,-0.1159
ACOT9,-0.1159
MXRA7,-0.1159
DNMBP,-0.1159
RBCK1,-0.1159
WDR45B,-0.1159
ECSIT,-0.116
LNPEP,-0.116
CCDC82,-0.116
RNGTT,-0.116
NDUFB4,-0.1161
ECHDC3,-0.1161
STXBP3,-0.1161
MAPRE1,-0.1161
CTSE,-0.1161
TRIM68,-0.1161
TAS1R3,-0.1161
GPAM,-0.1161
CDV3,-0.1161
FOXA3,-0.1161
EPB41,-0.1161
XYLB,-0.1161
BCL2L11,-0.1161
MRPS35,-0.1162
RSAD1,-0.1162
MMADHC,-0.1162
POLD3,-0.1162
LAMP2,-0.1162
FOXD2,-0.1162
PSKH1,-0.1162
TINCR,-0.1162
MAP7D2,-0.1162
BRD2,-0.1163
C12orf4,-0.1163
ZNF391,-0.1163
GTF2F1,-0.1163
KCNAB2,-0.1163
DDX1,-0.1163
NF2,-0.1163
RLIM,-0.1163
PPP1R10,-0.1163
CPD,-0.1163
GTF3C1,-0.1163
TVP23A,-0.1163
SPART,-0.1163
B4GALNT2,-0.1163
TMIE,-0.1163
BCL6,-0.1164
ATG16L1,-0.1164
ZSCAN26,-0.1164
ZNF469,-0.1164
NKAPD1,-0.1164
SDHB,-0.1164
EYA4,-0.1164
RARRES1,-0.1164
RNF4,-0.1164
IL33,-0.1164
ADAM10,-0.1165
REL,-0.1165
C16orf86,-0.1165
IARS1,-0.1165
PSME1,-0.1165
MAMLD1,-0.1165
EHBP1,-0.1165
ZNF879,-0.1165
DOP1A,-0.1165
CSF2RA,-0.1165
TEKT2,-0.1165
NANOS1,-0.1166
L3MBTL2,-0.1166
PAPSS2,-0.1166
SNTB2,-0.1166
CNTN6,-0.1166
LAIR2,-0.1166
MRPL27,-0.1166
CCL22,-0.1166
GRIK5,-0.1166
HSPD1,-0.1166
CISD1,-0.1167
PLPP1,-0.1167
CCL3,-0.1167
DYNLRB2,-0.1167
TRMT11,-0.1167
ANAPC15,-0.1167
BAZ1A,-0.1168
ABHD11,-0.1168
C3orf33,-0.1168
SLC25A1,-0.1168
TSPAN7,-0.1168
ASGR2,-0.1168
PROB1,-0.1168
TERF2,-0.1168
GAK,-0.1168
PQBP1,-0.1168
PDIK1L,-0.1169
BMPR1A,-0.1169
ILVBL,-0.1169
C2orf68,-0.1169
GIMAP1,-0.1169
ZCCHC4,-0.1169
CSKMT,-0.1169
RASL11A,-0.1169
RENBP,-0.1169
RHBDL2,-0.1169
KBTBD8,-0.1169
MED12,-0.1169
LDLRAD1,-0.117
SLC25A26,-0.117
LTF,-0.117
LETMD1,-0.117
TAC4,-0.117
SLC66A2,-0.117
SRSF9,-0.1171
XAGE2,-0.1171
SIGLEC9,-0.1171
FBXO33,-0.1171
ATF4,-0.1171
COX18,-0.1172
NFYC,-0.1172
FBXL16,-0.1172
DAGLA,-0.1172
COQ10A,-0.1173
CIRBP,-0.1173
MITF,-0.1173
EPS8L3,-0.1173
ZFP62,-0.1173
OS9,-0.1173
MTLN,-0.1174
PPP1R37,-0.1174
C17orf97,-0.1174
PRPF31,-0.1174
MAP3K7,-0.1174
RBM14,-0.1174
TSKS,-0.1174
HTRA2,-0.1174
TP53INP1,-0.1174
ACTR1B,-0.1175
ZNF711,-0.1175
PLA2G4C,-0.1175
MARCHF7,-0.1175
CMTM2,-0.1175
DNAJC19,-0.1175
PPP1R21,-0.1175
CARD9,-0.1175
EFNB2,-0.1175
SYNM,-0.1175
SDK1,-0.1176
SMG8,-0.1176
ERCC6,-0.1176
FBN3,-0.1176
MUC6,-0.1176
CRLF1,-0.1176
KLRG1,-0.1177
UGGT2,-0.1177
ATXN7L3,-0.1177
GPATCH2L,-0.1177
HSD3B7,-0.1177
ZNF431,-0.1177
MRFAP1,-0.1177
CLCN6,-0.1177
DGUOK,-0.1177
EDN3,-0.1178
PCSK1,-0.1178
ADAMTSL5,-0.1178
C5orf15,-0.1178
LINC00672,-0.1178
PTGIR,-0.1178
SNW1,-0.1178
MARCHF6,-0.1178
CEPT1,-0.1178
KIAA0319,-0.1178
EDC4,-0.1179
DCBLD2,-0.1179
FAM160A1,-0.1179
KIAA1522,-0.1179
SERPINB9,-0.1179
CWF19L2,-0.1179
SARS2,-0.1179
MAN1B1,-0.1179
NELFCD,-0.1179
RPP30,-0.1179
MAP1B,-0.1179
RADX,-0.118
ADAP1,-0.118
ZNF132,-0.118
URGCP,-0.118
ANKEF1,-0.118
PLSCR4,-0.118
FBXO22,-0.118
DCTPP1,-0.118
LILRA6,-0.118
BTBD16,-0.118
CYP26A1,-0.1181
SIGLEC12,-0.1181
GTF3C2,-0.1181
KAT6B,-0.1181
IL12A,-0.1181
RGS22,-0.1181
VAMP7,-0.1181
SLC4A2,-0.1181
HS3ST5,-0.1181
TNRC6C,-0.1181
KATNAL1,-0.1181
VPS37D,-0.1181
TFAP4,-0.1182
RFX5,-0.1182
ADM2,-0.1182
AGA,-0.1182
FRG1,-0.1182
CPXM2,-0.1182
PPP4R4,-0.1182
COL8A2,-0.1182
FAM76A,-0.1183
PROSER2,-0.1183
PRPF6,-0.1183
CBX5,-0.1183
EPPK1,-0.1183
COA5,-0.1183
KHK,-0.1184
DBNL,-0.1184
ERCC1,-0.1184
PPP2R2A,-0.1184
CYP20A1,-0.1184
FREM2,-0.1184
RASGRP1,-0.1184
IDH1,-0.1184
CD164L2,-0.1184
TRIM4,-0.1184
TAF9B,-0.1184
NABP2,-0.1184
CHFR,-0.1185
CAVIN1,-0.1185
FLI1,-0.1185
PRAG1,-0.1185
POGLUT3,-0.1185
RBBP4,-0.1185
NEK5,-0.1185
MDGA1,-0.1186
PCGF6,-0.1186
CDK5RAP2,-0.1186
CD1D,-0.1186
ASB2,-0.1186
GPR153,-0.1186
TTF1,-0.1186
PYGO1,-0.1187
COA1,-0.1187
NUP62CL,-0.1187
C19orf25,-0.1187
CASP2,-0.1187
NUDCD2,-0.1188
ZDBF2,-0.1188
FAAP24,-0.1188
CP,-0.1188
WDR7,-0.1188
HCN2,-0.1188
CCT8,-0.1189
KATNA1,-0.1189
MR1,-0.1189
PAFAH1B2,-0.1189
RRP36,-0.1189
CLHC1,-0.1189
CLASP1,-0.1189
MPV17L2,-0.119
UGT2A3,-0.119
GUF1,-0.119
INSYN1,-0.119
CX3CR1,-0.1191
RRP12,-0.1191
SLC41A1,-0.1191
DZIP3,-0.1191
FSTL1,-0.1191
CIAO1,-0.1191
SYT8,-0.1191
TMEM41A,-0.1191
RABGGTB,-0.1191
DPYD,-0.1192
DDX3Y,-0.1192
ARRDC3,-0.1192
WIF1,-0.1192
EML1,-0.1192
IFITM1,-0.1192
CCDC152,-0.1192
PSPH,-0.1192
AP2B1,-0.1192
WEE1,-0.1192
LAMTOR1,-0.1192
MET,-0.1192
TUFM,-0.1192
RPTOR,-0.1192
TRAF4,-0.1193
OTUD5,-0.1193
JUND,-0.1193
NAA40,-0.1193
PLEKHS1,-0.1193
RPS12,-0.1193
PPT1,-0.1193
DGKE,-0.1193
CARD6,-0.1193
AGTR2,-0.1193
SLCO2B1,-0.1193
MOB1A,-0.1193
TMOD2,-0.1193
HSPA1L,-0.1194
ZNF485,-0.1194
PREX1,-0.1194
SSX5,-0.1194
HERC1,-0.1194
DNM1,-0.1194
GAL,-0.1194
TBC1D9B,-0.1194
ATP5F1C,-0.1194
CDK8,-0.1194
HM13,-0.1195
TNFRSF10D,-0.1195
STYK1,-0.1195
TM6SF1,-0.1195
SIGLEC1,-0.1195
ZNF397,-0.1195
PCDHGB2,-0.1195
KIF21B,-0.1196
USB1,-0.1196
ANKRD10,-0.1196
SNAPC5,-0.1196
TRIM17,-0.1196
TMEM44,-0.1196
XPC,-0.1196
LRRC14,-0.1197
AMDHD1,-0.1197
SAP130,-0.1197
JMJD1C,-0.1197
LYRM4,-0.1197
GCNT3,-0.1197
INTS2,-0.1197
ATL1,-0.1197
RTP1,-0.1197
EDC3,-0.1197
TCP11L1,-0.1198
TBC1D5,-0.1198
GOLGA5,-0.1198
TPST1,-0.1198
TNFAIP3,-0.1198
ALDH18A1,-0.1198
RABEP1,-0.1198
TSPAN31,-0.1198
PACS1,-0.1198
CCR1,-0.1198
HK2,-0.1199
ORC2,-0.1199
ZFP57,-0.1199
ALDH16A1,-0.1199
RPRD1B,-0.1199
LRRK2,-0.1199
SLC30A4,-0.1199
MAGEA8,-0.12
HOXB4,-0.12
TRIM45,-0.12
ARMH1,-0.12
SFXN5,-0.12
TANGO6,-0.12
WRAP73,-0.12
API5,-0.12
SIGMAR1,-0.12
TRAPPC2,-0.12
NCBP1,-0.12
EEF2K,-0.1201
SH3BGRL3,-0.1201
FAM171A1,-0.1201
NAV2,-0.1201
PLCD1,-0.1201
ADGRV1,-0.1201
GSKIP,-0.1201
DNAH2,-0.1201
NMD3,-0.1201
MRPS27,-0.1202
TRABD,-0.1202
PELI2,-0.1202
ACTR2,-0.1202
SPEF2,-0.1202
SGCG,-0.1202
ASPG,-0.1202
IDE,-0.1202
PEX7,-0.1202
XPR1,-0.1202
SKIL,-0.1202
LITAF,-0.1202
IFT80,-0.1203
TMEM35A,-0.1203
RFX3,-0.1203
KDM2A,-0.1203
RBM25,-0.1203
ATM,-0.1203
MARVELD1,-0.1203
NDUFA12,-0.1203
TMEM165,-0.1203
SMIM20,-0.1204
KDELR3,-0.1204
PDE12,-0.1204
FGF17,-0.1204
CENPB,-0.1204
AMER1,-0.1204
HSD11B1L,-0.1204
USP19,-0.1204
FBXL19,-0.1205
SLC25A15,-0.1205
ABCB7,-0.1205
CCZ1,-0.1205
ICAM3,-0.1205
OLFM4,-0.1205
TNRC6A,-0.1205
KCNT2,-0.1206
ACTN1,-0.1206
STIP1,-0.1206
COPB2,-0.1206
ANKRD13A,-0.1206
CHD7,-0.1206
GNG4,-0.1206
GNPDA1,-0.1206
GRHL1,-0.1206
TAC3,-0.1206
NT5M,-0.1206
RNF149,-0.1207
PACRGL,-0.1207
QRFP,-0.1207
NDUFAF5,-0.1207
SRRM2,-0.1207
GEMIN6,-0.1207
OSM,-0.1208
PCDHGB6,-0.1208
CGREF1,-0.1208
MED21,-0.1208
OAS3,-0.1208
SZRD1,-0.1209
GADD45A,-0.1209
SLC9A6,-0.1209
RNF213,-0.1209
ATP13A2,-0.1209
NOX4,-0.1209
PSMF1,-0.1209
SYS1,-0.121
CCL18,-0.121
TPRKB,-0.121
MRPL23,-0.121
LILRA2,-0.121
COX8A,-0.121
PHF19,-0.121
NUFIP2,-0.1211
CMPK2,-0.1211
BCAR1,-0.1211
PCGF2,-0.1211
AXL,-0.1211
USP45,-0.1211
MID2,-0.1211
LDAH,-0.1211
ASTN2,-0.1211
DDX10,-0.1211
ATAD3A,-0.1212
CDH2,-0.1212
PDE3B,-0.1212
RAB23,-0.1212
GALNT14,-0.1212
NEBL,-0.1212
CCBE1,-0.1212
ARHGAP17,-0.1212
TEX2,-0.1212
RNF167,-0.1213
DMAP1,-0.1213
IFNG,-0.1213
UBR2,-0.1213
TRIB3,-0.1213
SMPX,-0.1213
ETNK1,-0.1213
PCYT1A,-0.1213
SMIM12,-0.1213
NIPAL3,-0.1213
NARF,-0.1213
VANGL1,-0.1214
VEGFA,-0.1214
DUSP1,-0.1214
NAA10,-0.1214
TMEM255B,-0.1214
PRDX2,-0.1214
USP2,-0.1214
COMMD8,-0.1214
MFSD10,-0.1215
TM7SF2,-0.1215
CRNN,-0.1215
H4C5,-0.1215
SLC16A3,-0.1215
ARHGAP15,-0.1215
PRORP,-0.1215
C2orf50,-0.1215
ZNF660,-0.1216
FRAT2,-0.1216
FGF2,-0.1216
SPOPL,-0.1216
SPRED3,-0.1216
ELFN1,-0.1216
PPP2R5E,-0.1216
TEX13B,-0.1216
LCA5,-0.1216
NUP188,-0.1216
ACD,-0.1216
MRPL22,-0.1217
OSBPL3,-0.1217
BAG6,-0.1217
DTX3L,-0.1217
ITGBL1,-0.1217
GLI3,-0.1217
SOCS4,-0.1217
SLC1A3,-0.1217
ITPRID1,-0.1217
LAMTOR5,-0.1218
MRRF,-0.1218
RPF2,-0.1218
BAHD1,-0.1218
FCGR2B,-0.1218
SYNGR3,-0.1218
H2BC10,-0.1218
COX8C,-0.1218
FAM168A,-0.1218
N6AMT1,-0.1218
CNIH2,-0.1218
CLNS1A,-0.1219
CBX1,-0.1219
ACVR1B,-0.1219
SMG7,-0.1219
WDR47,-0.122
SLC13A5,-0.122
USP34,-0.122
ZFR,-0.122
ZBTB47,-0.122
KIF5B,-0.122
FTSJ1,-0.122
PHF11,-0.1221
PRKY,-0.1221
TMIGD2,-0.1221
ATP6V0D2,-0.1221
FLNA,-0.1221
SINHCAF,-0.1221
SDK2,-0.1221
NR2F6,-0.1221
GJD3,-0.1221
ATP7A,-0.1221
SRA1,-0.1221
GPR132,-0.1221
C7,-0.1221
AC010980.1,-0.1221
MGST1,-0.1222
RADIL,-0.1222
PLAAT2,-0.1222
ZNF484,-0.1222
FOXP3,-0.1222
PLEKHJ1,-0.1222
AC136428.1,-0.1222
CORO2A,-0.1222
GNAL,-0.1222
SLTM,-0.1222
LRRC41,-0.1223
PLPPR4,-0.1223
EMILIN2,-0.1223
TASP1,-0.1223
SH3GLB1,-0.1223
RSPO3,-0.1223
ADTRP,-0.1224
PDCD11,-0.1224
HSF2BP,-0.1224
ADAMTS17,-0.1224
MFSD5,-0.1224
LCMT2,-0.1224
VPS26A,-0.1224
THEM5,-0.1224
APOBR,-0.1224
MTMR3,-0.1224
SYNJ1,-0.1224
TMEM179B,-0.1224
NXF1,-0.1224
COL25A1,-0.1224
PCYT2,-0.1224
NUDT8,-0.1225
ZFP91,-0.1225
NSD2,-0.1225
TFF2,-0.1225
KCNH3,-0.1225
FAHD2A,-0.1225
SLC2A11,-0.1225
ZADH2,-0.1225
GMDS,-0.1225
SCAMP5,-0.1225
TRAT1,-0.1225
PLVAP,-0.1226
CSAG1,-0.1226
TOMM20,-0.1226
CYP27C1,-0.1226
PLEK2,-0.1226
BCDIN3D,-0.1226
SLC35B1,-0.1226
MFNG,-0.1227
PAGE2,-0.1227
IDUA,-0.1227
MYO1G,-0.1227
GIN1,-0.1227
ABCA2,-0.1228
MOB3C,-0.1228
MT2A,-0.1228
BEND3,-0.1228
TXNDC12,-0.1228
DSE,-0.1228
CHCHD1,-0.1228
ATRN,-0.1228
UBA3,-0.1228
KCTD20,-0.1228
TBC1D25,-0.1229
LHFPL3,-0.1229
CCNO,-0.1229
SLC5A3,-0.1229
DIO3,-0.1229
COQ5,-0.1229
PRR5L,-0.1229
SWSAP1,-0.1229
ABCD4,-0.1229
ARMC1,-0.1229
SH3BP5,-0.1229
NEFH,-0.1229
SLC22A1,-0.1229
TSLP,-0.1229
C19orf12,-0.1229
CPSF3,-0.123
MRPL38,-0.123
PROM1,-0.123
DISP2,-0.123
PMP22,-0.123
MINPP1,-0.123
MAGEA10,-0.123
AGTRAP,-0.123
TMEM19,-0.123
MEST,-0.123
CNIH1,-0.123
YBEY,-0.1231
FGD1,-0.1231
FSTL3,-0.1231
SRSF7,-0.1231
ALG13,-0.1231
GALK1,-0.1231
ENDOG,-0.1231
EMSY,-0.1232
ZNF12,-0.1232
FXR1,-0.1232
RIPOR1,-0.1232
LRRC46,-0.1232
PAX7,-0.1232
B3GALT6,-0.1232
ATPAF2,-0.1232
SLIT2,-0.1232
TAF1D,-0.1232
RIPK2,-0.1232
SH3GL3,-0.1232
INSL4,-0.1233
ZNF225,-0.1233
FAM200B,-0.1233
ADAMTS5,-0.1233
HCFC1,-0.1233
TOGARAM1,-0.1233
ZNF507,-0.1233
KMO,-0.1234
RABGAP1L,-0.1234
TFEB,-0.1234
CRISP2,-0.1234
FAM81A,-0.1234
RTN4R,-0.1234
GPRIN3,-0.1234
DENND1B,-0.1234
PTPRO,-0.1235
SRCIN1,-0.1235
PDLIM5,-0.1235
C16orf72,-0.1235
LMAN2L,-0.1235
SMYD4,-0.1235
BVES,-0.1236
RBMS1,-0.1236
ERCC3,-0.1236
WDR91,-0.1236
ORM1,-0.1236
ME3,-0.1236
VENTX,-0.1236
LRRC47,-0.1236
MATN2,-0.1236
PRRG3,-0.1237
TMLHE,-0.1237
DYRK1A,-0.1237
DPM1,-0.1237
H2BC15,-0.1237
HELZ2,-0.1237
KCNG3,-0.1237
MED6,-0.1237
MRPS26,-0.1237
FCGR2A,-0.1238
ARFIP2,-0.1238
WDR45,-0.1238
WDCP,-0.1238
PSMB6,-0.1238
PTPN20,-0.1238
CD84,-0.1238
MRFAP1L1,-0.1238
CRACD,-0.1238
TBC1D8B,-0.1238
BLOC1S3,-0.1238
APTX,-0.1239
CDC37L1,-0.1239
ARPC5,-0.1239
RAPH1,-0.1239
DLL3,-0.1239
C6orf58,-0.1239
SEPTIN7,-0.1239
HMSD,-0.124
EIF3F,-0.124
ORC5,-0.124
KLHL5,-0.124
SLC22A18AS,-0.124
LENG1,-0.124
PMS2,-0.124
IFI27L1,-0.124
TMEM14C,-0.124
AIFM3,-0.124
SRPX,-0.124
CDC42BPB,-0.124
MFSD14A,-0.1241
TMEM69,-0.1241
SGCB,-0.1241
FUT8,-0.1241
CEP63,-0.1241
PCSK9,-0.1241
LCMT1,-0.1241
GNB4,-0.1241
R3HDM4,-0.1241
MTMR10,-0.1241
CMKLR1,-0.1241
CCDC9B,-0.1241
NDFIP2,-0.1241
RTL8C,-0.1241
VEZT,-0.1242
AQP3,-0.1242
RDH13,-0.1242
ESRRA,-0.1242
KCNJ15,-0.1242
TBX6,-0.1242
SEZ6L,-0.1242
UBE2D3,-0.1242
UQCRH,-0.1242
DOCK1,-0.1242
PEX10,-0.1243
TEKT3,-0.1243
RCHY1,-0.1243
YWHAG,-0.1243
CMTR1,-0.1243
DOC2A,-0.1243
RHBDL3,-0.1243
LYAR,-0.1243
GEMIN2,-0.1243
TIMM17B,-0.1243
ERV3-1,-0.1244
MTMR9,-0.1244
ZNF30,-0.1244
CHID1,-0.1244
PRRX1,-0.1244
MRPS28,-0.1244
ASIC1,-0.1244
GALNT7,-0.1244
SDC1,-0.1245
MRPL44,-0.1245
SLC6A12,-0.1245
ID3,-0.1245
PILRB,-0.1245
NWD1,-0.1245
EPC2,-0.1246
LRRN1,-0.1246
SYCP2,-0.1246
GYG2,-0.1246
ZRANB2,-0.1246
USP15,-0.1246
BCAS3,-0.1246
KCTD11,-0.1246
CRTC3,-0.1246
AQP9,-0.1247
NTN4,-0.1247
CCDC25,-0.1247
UHRF2,-0.1247
SLC37A4,-0.1247
LARP1B,-0.1247
RHCE,-0.1247
ANPEP,-0.1247
CNGA1,-0.1247
TMEM263,-0.1248
HERC2,-0.1249
TCEANC,-0.1249
NCEH1,-0.1249
PFAS,-0.1249
CLSTN2,-0.1249
EIF1AX,-0.125
MFSD13A,-0.125
CEP295,-0.125
SLC25A37,-0.125
GPR162,-0.125
NRIP3,-0.125
NOP10,-0.125
L3HYPDH,-0.1251
TBL2,-0.1251
MOB3B,-0.1251
GSTM3,-0.1251
TMEM256,-0.1252
C4orf19,-0.1252
H2BC4,-0.1252
GOLT1B,-0.1252
EDRF1,-0.1252
EFCAB10,-0.1252
ZNF18,-0.1252
RARRES2,-0.1252
ZDHHC17,-0.1252
ZNF8,-0.1252
KPNA3,-0.1252
CEP162,-0.1253
NIPSNAP2,-0.1253
SNUPN,-0.1253
RCOR2,-0.1253
WDR54,-0.1253
PCDH8,-0.1253
COX11,-0.1253
ACOT13,-0.1253
CETP,-0.1253
ZNF112,-0.1253
LRP10,-0.1253
OXA1L,-0.1253
NCKAP1,-0.1254
FURIN,-0.1254
FOXRED1,-0.1254
ZBTB38,-0.1254
TNKS,-0.1254
KRT34,-0.1255
PIP4P2,-0.1255
QRICH2,-0.1255
ANKRD52,-0.1255
MRPS31,-0.1255
ZBTB1,-0.1255
DLGAP1,-0.1255
PSMD5,-0.1255
TNNI3,-0.1255
MSI2,-0.1255
PCID2,-0.1256
GPR88,-0.1256
DDX6,-0.1256
CNMD,-0.1256
BTBD7,-0.1256
TUBGCP2,-0.1256
TSPAN2,-0.1256
GEMIN5,-0.1256
ZNF433,-0.1256
ZFYVE16,-0.1256
CA14,-0.1257
FBLIM1,-0.1257
ZMAT5,-0.1257
UBE2A,-0.1257
FARP2,-0.1257
H4C9,-0.1257
PKN2,-0.1258
PROC,-0.1258
RBM12B,-0.1258
ZXDC,-0.1258
PAGE5,-0.1258
COLGALT2,-0.1258
P2RY12,-0.1259
AIF1L,-0.1259
FGD6,-0.1259
C11orf96,-0.1259
ERN2,-0.1259
POU2F3,-0.1259
TRAK1,-0.1259
ANKRD34A,-0.1259
FOXO3B,-0.1259
ZNF572,-0.1259
MYO7B,-0.1259
CARMIL3,-0.126
AUH,-0.126
KLK7,-0.126
LYPD5,-0.126
ZNF773,-0.126
EDA2R,-0.126
LHPP,-0.126
PPCDC,-0.126
CDK12,-0.126
N4BP3,-0.126
RMND5A,-0.1261
RPL41,-0.1261
TCF7,-0.1261
ABL1,-0.1261
TULP3,-0.1261
MN1,-0.1261
CEP20,-0.1261
GTF2F2,-0.1262
ACTR6,-0.1262
PDGFRL,-0.1262
ZNF142,-0.1262
CALCRL,-0.1262
CTTNBP2,-0.1262
ERP44,-0.1262
TAF7,-0.1262
DCPS,-0.1262
GANC,-0.1262
HINT1,-0.1262
SMC5,-0.1262
KCNH2,-0.1263
CMBL,-0.1263
MYH9,-0.1263
NDUFV3,-0.1263
MED13,-0.1263
PLEKHA1,-0.1263
ACYP1,-0.1263
HS1BP3,-0.1264
SFRP4,-0.1264
GLT1D1,-0.1264
PCDHGA6,-0.1264
SERPIND1,-0.1264
CRELD2,-0.1264
DUS2,-0.1264
PUS3,-0.1264
SYMPK,-0.1264
CEACAM7,-0.1265
KIAA1586,-0.1265
PHF8,-0.1265
TBP,-0.1265
NUAK1,-0.1265
TUBA3E,-0.1266
TBCD,-0.1266
SRGAP1,-0.1266
RNF225,-0.1266
ALG10B,-0.1266
FKBP1A,-0.1266
INKA2,-0.1267
MTMR2,-0.1267
SCYL1,-0.1267
SLC13A4,-0.1267
HEATR5B,-0.1267
SLC17A9,-0.1267
RAVER1,-0.1267
KCTD17,-0.1267
IFT122,-0.1268
PKP3,-0.1268
CCAR1,-0.1268
POP5,-0.1268
ZNHIT6,-0.1268
NETO2,-0.1269
CD44,-0.1269
MILR1,-0.1269
PCP2,-0.1269
EXD2,-0.1269
RASSF4,-0.1269
HADHA,-0.1269
FKBP10,-0.1269
NDUFS6,-0.1269
HMG20B,-0.1269
C8orf33,-0.1269
ZMYND19,-0.1269
SDF4,-0.127
GBGT1,-0.127
PRDM5,-0.127
NKAIN4,-0.127
AP3D1,-0.127
TMEM250,-0.127
DCAF7,-0.1271
IPO5,-0.1271
BEND5,-0.1271
CBX3,-0.1271
EFNA1,-0.1271
LAMA2,-0.1271
BLCAP,-0.1271
LYNX1,-0.1272
AHCTF1,-0.1272
PRAF2,-0.1272
ART5,-0.1272
PVALB,-0.1272
VWA7,-0.1272
PACS2,-0.1272
SUPT6H,-0.1272
SMG6,-0.1272
GATAD2A,-0.1272
ABCG2,-0.1272
NFKBIA,-0.1273
DNAI3,-0.1273
NCOA6,-0.1273
LPIN1,-0.1273
ZNF311,-0.1273
LMTK2,-0.1273
ZNF346,-0.1273
H2BC5,-0.1273
C6orf226,-0.1273
TREML1,-0.1273
DENND11,-0.1274
RNF227,-0.1274
GLA,-0.1274
CHST9,-0.1274
BTLA,-0.1274
FZD1,-0.1274
TMCC1,-0.1274
TBC1D22B,-0.1275
IGSF9B,-0.1275
SPCS1,-0.1275
ARMC3,-0.1275
ZMYM2,-0.1275
MAGOH,-0.1275
TRAPPC8,-0.1275
SMURF2,-0.1276
MNX1,-0.1276
USP18,-0.1276
NEURL3,-0.1276
KLF4,-0.1276
NCR3LG1,-0.1276
IRAK2,-0.1277
SLC25A35,-0.1277
ZSCAN5A,-0.1277
HERPUD2,-0.1277
HACD2,-0.1277
VSTM5,-0.1277
TMEM186,-0.1277
TENT4A,-0.1277
TYMP,-0.1277
MDM1,-0.1277
DBR1,-0.1277
MORN2,-0.1277
ZNF248,-0.1277
TOMM34,-0.1277
ZNF875,-0.1277
ASCC1,-0.1277
ZSWIM1,-0.1278
SOHLH1,-0.1278
SLC27A2,-0.1278
PAAF1,-0.1279
PLXNA1,-0.1279
C1orf43,-0.1279
TAF2,-0.1279
BLK,-0.1279
TESK1,-0.1279
VARS1,-0.1279
CEP57L1,-0.128
PDCD2L,-0.128
CLIC1,-0.128
PSMB1,-0.128
FOXL1,-0.128
EPN1,-0.128
GLIS3,-0.128
ADGRG1,-0.128
HSD17B7,-0.128
SCG2,-0.128
METTL15,-0.128
KRT80,-0.1281
CXorf56,-0.1281
DKK4,-0.1281
TTC27,-0.1281
ADCYAP1,-0.1281
MEFV,-0.1281
TMEM267,-0.1281
METTL23,-0.1281
GSTZ1,-0.1281
FIZ1,-0.1281
ATP6V1H,-0.1282
TOR1A,-0.1282
GSTM2,-0.1282
TECPR2,-0.1282
NSF,-0.1282
FAM120B,-0.1282
CYP1A1,-0.1282
TFAM,-0.1283
PTCHD4,-0.1283
CDO1,-0.1283
GLRX5,-0.1283
C1QL2,-0.1284
GCNT2,-0.1284
ZNF275,-0.1284
SLC16A7,-0.1284
CPS1,-0.1284
PPP1R15B,-0.1284
TOM1L1,-0.1284
SEC22C,-0.1284
SUPT16H,-0.1284
PDZD11,-0.1285
ZNF746,-0.1285
TIGIT,-0.1285
PEPD,-0.1285
LCORL,-0.1285
HAS3,-0.1285
LRRC26,-0.1285
GTF3C6,-0.1285
MDH1B,-0.1285
C2orf72,-0.1286
TCAF2,-0.1286
DUSP19,-0.1286
ABI3BP,-0.1286
CADM3,-0.1286
TOP1,-0.1286
GLRX,-0.1286
TGFBR1,-0.1286
LRRN2,-0.1286
ZBTB44,-0.1287
DPCD,-0.1287
CYP2U1,-0.1287
TMEM273,-0.1287
MS4A15,-0.1287
NSMCE3,-0.1287
TNFRSF17,-0.1287
GFOD1,-0.1287
EPS15L1,-0.1288
MACIR,-0.1288
DNAAF5,-0.1288
NMNAT2,-0.1288
ETFB,-0.1288
SFTPC,-0.1288
RBFOX2,-0.1288
EVI5L,-0.1288
CTCF,-0.1288
CNOT11,-0.1288
ELP4,-0.1288
SAC3D1,-0.1288
TPGS1,-0.1289
C12orf45,-0.1289
EEFSEC,-0.1289
CMTM6,-0.1289
ANGPTL4,-0.1289
ASTE1,-0.1289
PGBD1,-0.1289
ZC3H18,-0.1289
SCRN3,-0.1289
CEBPD,-0.1289
NCBP3,-0.1289
XRRA1,-0.1289
ROBO2,-0.1289
PIGC,-0.129
AP1AR,-0.129
RNLS,-0.129
CCDC113,-0.129
IQSEC1,-0.129
RABL2B,-0.129
TENT5C,-0.129
LYPD6B,-0.129
SPATA25,-0.129
CFAP43,-0.1291
DEF8,-0.1291
CPOX,-0.1291
UNC50,-0.1291
DMBX1,-0.1291
NOX1,-0.1291
UGT1A6,-0.1291
TM9SF4,-0.1291
RASSF8,-0.1291
SLC44A1,-0.1292
PCBD2,-0.1292
FBXO7,-0.1292
ZBTB39,-0.1292
SHMT1,-0.1292
RPS6KA5,-0.1292
HNRNPD,-0.1292
ANKRD9,-0.1292
NBPF3,-0.1292
NAXE,-0.1293
MOXD1,-0.1293
APOL1,-0.1293
PLEKHG2,-0.1293
LRRC37A2,-0.1293
UBE3A,-0.1293
ITFG1,-0.1294
CORO1C,-0.1294
TUBB6,-0.1294
EIF2B5,-0.1294
ST8SIA1,-0.1295
REM2,-0.1295
ZNF473,-0.1295
LRIG1,-0.1295
TLX1,-0.1295
EHMT2,-0.1295
TM4SF19,-0.1295
LIMS1,-0.1295
NELFE,-0.1296
SDHD,-0.1296
CFAP44,-0.1296
TAPBP,-0.1296
FOXC1,-0.1296
FAM166B,-0.1296
AHNAK2,-0.1296
SET,-0.1296
PCDHB6,-0.1297
VIPAS39,-0.1297
DOK5,-0.1297
ERN1,-0.1297
UBE2Q2,-0.1297
SPAG6,-0.1297
B9D1,-0.1297
BOLA1,-0.1297
SENP1,-0.1297
PDK2,-0.1298
ABCC10,-0.1298
WDR93,-0.1298
ARHGEF3,-0.1298
NCBP2,-0.1298
HIVEP3,-0.1298
NOXA1,-0.1298
SMIM26,-0.1298
ALDH5A1,-0.1298
DAXX,-0.1298
CD300A,-0.1298
CD28,-0.1299
KLRG2,-0.1299
CAMSAP2,-0.1299
LRRC28,-0.1299
CCP110,-0.1299
SLC35F5,-0.1299
WNT5B,-0.1299
ZBTB46,-0.1299
RNF34,-0.13
ZNF829,-0.13
DDX50,-0.13
CAMK1G,-0.13
ZNF600,-0.13
EMC2,-0.13
CEACAM19,-0.13
PFN1,-0.13
FKBPL,-0.13
SEMA6A,-0.13
CHPF,-0.1301
FUT11,-0.1301
ZNF575,-0.1301
ZFYVE1,-0.1301
TMEM258,-0.1301
BOLA2B,-0.1301
BFSP1,-0.1301
DNAJA2,-0.1302
GDI2,-0.1302
RFXAP,-0.1302
DDX5,-0.1303
UTP20,-0.1303
C9orf16,-0.1303
CNGA3,-0.1303
TMEM147,-0.1303
SIRPB2,-0.1303
IGFLR1,-0.1303
PANX1,-0.1304
EEPD1,-0.1304
CCNYL1,-0.1304
MB21D2,-0.1304
DDX18,-0.1304
PKD2L1,-0.1305
NKAIN1,-0.1305
MED15,-0.1305
GPR50,-0.1305
NR3C1,-0.1305
PSMG1,-0.1305
POLE,-0.1305
FMO4,-0.1305
SLC48A1,-0.1305
KCNJ14,-0.1306
CD209,-0.1306
PARP16,-0.1306
ACOT11,-0.1306
FCN3,-0.1306
ZBED2,-0.1306
SERPINF1,-0.1306
PSMG3,-0.1306
THBS4,-0.1306
SAXO2,-0.1306
PFKP,-0.1306
JADE2,-0.1307
KHSRP,-0.1307
IRAK3,-0.1307
COL26A1,-0.1307
RPS13,-0.1307
SKI,-0.1308
TMEM127,-0.1308
NPAS2,-0.1308
CXCL2,-0.1308
CYTH4,-0.1308
FBXL18,-0.1308
PEX26,-0.1308
CNOT3,-0.1308
DYDC2,-0.1309
MGA,-0.1309
IP6K1,-0.1309
ZNF260,-0.1309
SEC24B,-0.1309
C9orf116,-0.1309
PMPCA,-0.1309
CCDC65,-0.1309
SNX6,-0.131
DERL3,-0.131
PCED1B,-0.131
ALOX5AP,-0.131
TSEN54,-0.131
NAALADL2,-0.131
OGG1,-0.1311
ZNF547,-0.1311
UQCRB,-0.1311
CACUL1,-0.1311
DCLK1,-0.1311
ENKD1,-0.1311
NR2C2,-0.1312
BEX3,-0.1312
SLC25A22,-0.1312
RPS10,-0.1312
DPF2,-0.1312
CREBRF,-0.1312
URM1,-0.1312
GPBAR1,-0.1312
LRRIQ1,-0.1313
SPG11,-0.1313
CDCA7L,-0.1313
MAPKAP1,-0.1313
NDUFB6,-0.1313
C2CD4C,-0.1313
F2RL3,-0.1313
SSBP2,-0.1313
PRMT7,-0.1313
KCNQ5,-0.1313
MED24,-0.1313
NOL7,-0.1314
TTC39C,-0.1314
LYL1,-0.1314
RTN2,-0.1314
MZT2B,-0.1314
ZNF691,-0.1315
SMOC1,-0.1315
CUL7,-0.1315
RTN4RL1,-0.1315
EIF2D,-0.1315
SSNA1,-0.1315
ANKRD39,-0.1315
C8orf37,-0.1315
PCOLCE,-0.1315
LIN7C,-0.1315
HNRNPK,-0.1316
CIAPIN1,-0.1316
CNIH4,-0.1316
PMEL,-0.1316
SAMD15,-0.1316
ADAM17,-0.1316
C11orf58,-0.1317
GNE,-0.1317
DPY19L2,-0.1317
NCKIPSD,-0.1317
DYRK1B,-0.1317
SHLD3,-0.1317
GMPR2,-0.1317
ABHD3,-0.1317
CCNY,-0.1318
MSH3,-0.1318
MIA2,-0.1318
TCEA1,-0.1318
KLHL11,-0.1318
TIMP1,-0.1318
FIBP,-0.1318
UBB,-0.1319
DENND6B,-0.1319
CNTN5,-0.1319
FMC1,-0.1319
RIPOR2,-0.1319
CYB561D1,-0.1319
SLC5A12,-0.1319
RNF2,-0.1319
HCN3,-0.1319
RBM12,-0.132
DMAC2L,-0.132
TMEM184C,-0.132
INTS8,-0.132
TCERG1,-0.132
NRIP2,-0.132
GABRE,-0.132
SFTPA2,-0.132
CTC1,-0.132
METTL21A,-0.132
GSTK1,-0.1321
ECH1,-0.1321
YWHAH,-0.1321
KLF8,-0.1321
SIPA1,-0.1321
HLA-G,-0.1322
SMC3,-0.1322
CALR,-0.1322
PNMT,-0.1322
MTARC1,-0.1322
CLEC2B,-0.1322
POLDIP2,-0.1323
FBXW5,-0.1323
USH1C,-0.1323
RPE,-0.1323
THSD4,-0.1323
CAMK1,-0.1323
EIF5B,-0.1323
HMBS,-0.1324
CDK2AP1,-0.1324
CSTF2T,-0.1324
LTV1,-0.1324
CCNG2,-0.1324
RTN1,-0.1325
ZMYND10,-0.1325
VAV3,-0.1325
WRNIP1,-0.1325
TRPV2,-0.1325
HMGN3,-0.1326
TNFAIP2,-0.1326
SNTA1,-0.1326
PPME1,-0.1326
MRPS17,-0.1326
ZNF710,-0.1326
THBS1,-0.1326
THG1L,-0.1326
CBARP,-0.1326
ACER2,-0.1326
LRRC49,-0.1327
SLC6A16,-0.1327
DOCK8,-0.1327
HIF1AN,-0.1327
VPS13B,-0.1328
PDE9A,-0.1328
TM7SF3,-0.1328
SENP2,-0.1328
HTR2C,-0.1328
TMEM123,-0.1328
UMODL1,-0.1328
MID1,-0.1328
NPAT,-0.1329
OOEP,-0.1329
FAM124B,-0.1329
CST2,-0.1329
ARMC2,-0.1329
NECAP2,-0.1329
F5,-0.1329
TTC9,-0.1329
ITGB1,-0.1329
KLHL3,-0.1329
SLC30A1,-0.1329
NYNRIN,-0.1329
ZBED1,-0.133
SAMD1,-0.133
QRFPR,-0.133
POFUT2,-0.133
ALDOC,-0.133
RIC8B,-0.1331
CST1,-0.1331
STAM,-0.1331
RPAIN,-0.1331
EPHB6,-0.1331
MRPL18,-0.1331
SLC11A1,-0.1331
PDZD8,-0.1331
TNFSF18,-0.1331
DGKH,-0.1331
WDR20,-0.1331
HDAC6,-0.1332
CARD14,-0.1332
PDCD1LG2,-0.1332
LILRB2,-0.1332
RNF175,-0.1332
ABCA1,-0.1332
DMAC2,-0.1333
MLST8,-0.1333
MAGEF1,-0.1333
KXD1,-0.1333
ZNF141,-0.1333
BRDT,-0.1333
C4orf47,-0.1333
EIF3A,-0.1333
ZFP36,-0.1333
ZNF501,-0.1333
CTNNBIP1,-0.1334
OAT,-0.1334
UGT2B15,-0.1334
ZFX,-0.1334
JKAMP,-0.1334
TRIM32,-0.1334
PCGF1,-0.1334
TRMT12,-0.1335
EGR2,-0.1335
PROCA1,-0.1335
NCLN,-0.1335
B4GALNT3,-0.1336
PHIP,-0.1336
BPGM,-0.1336
FAM183A,-0.1336
C1QL4,-0.1336
GATAD2B,-0.1336
NOP9,-0.1336
IP6K2,-0.1336
ADAMTS15,-0.1336
TTLL4,-0.1336
CHTF18,-0.1337
NENF,-0.1337
EFCAB6,-0.1337
LY9,-0.1337
PPIE,-0.1337
PER1,-0.1337
ZBTB3,-0.1337
MELTF,-0.1337
SLC35F3,-0.1337
SAR1A,-0.1337
RPAP3,-0.1337
LCN12,-0.1338
PTP4A3,-0.1338
KAT7,-0.1338
RAPGEF6,-0.1338
RABGAP1,-0.1338
ZNF784,-0.1338
GATA3,-0.1339
RNH1,-0.1339
SUZ12,-0.1339
OAZ2,-0.1339
DEAF1,-0.1339
ABHD13,-0.134
FHOD3,-0.134
IFT22,-0.134
HINFP,-0.134
ERICH1,-0.134
TRAPPC10,-0.134
F2RL1,-0.134
ZBTB7C,-0.134
LIG3,-0.1341
CDC42,-0.1341
WASF2,-0.1341
OSER1,-0.1341
HMBOX1,-0.1341
MMP13,-0.1341
C11orf86,-0.1341
TRPC4AP,-0.1342
LRP3,-0.1342
ACVR1,-0.1342
SYT7,-0.1342
PGBD4,-0.1342
PHF21A,-0.1342
SLAMF7,-0.1342
HAUS2,-0.1342
PHF3,-0.1342
CTDNEP1,-0.1342
CD38,-0.1342
SNRNP35,-0.1343
PLD5,-0.1343
EPHX3,-0.1343
DCTN6,-0.1343
SHQ1,-0.1343
SETD7,-0.1343
SELENOO,-0.1343
DNAH5,-0.1344
LAPTM4A,-0.1344
CBR3,-0.1344
GDF11,-0.1344
PRR7,-0.1344
ZNF782,-0.1344
BMS1,-0.1344
DOK6,-0.1344
SYNCRIP,-0.1344
POLR2M,-0.1344
GATA4,-0.1345
TCEAL5,-0.1345
MYO3B,-0.1346
LHFPL2,-0.1346
GPR171,-0.1346
C1S,-0.1346
THTPA,-0.1346
NID1,-0.1346
GPSM2,-0.1346
ARPC5L,-0.1346
CCDC61,-0.1346
HLA-E,-0.1347
TEP1,-0.1347
GRAMD1C,-0.1347
HSPA4,-0.1347
ZNF180,-0.1347
MAP2K2,-0.1347
C20orf85,-0.1347
DENND6A,-0.1347
ABTB2,-0.1347
ZNF343,-0.1348
PRKG2,-0.1348
EIF2AK2,-0.1348
OTOP3,-0.1348
PPHLN1,-0.1348
OSBP2,-0.1348
CETN2,-0.1348
IQCJ-SCHIP1,-0.1348
ECHDC2,-0.1349
TECPR1,-0.1349
ZNF79,-0.1349
SERTAD3,-0.135
NDUFC1,-0.135
RALA,-0.135
MRPS21,-0.135
ZNF821,-0.135
C3AR1,-0.1351
MTREX,-0.1351
KCNMB1,-0.1351
USP25,-0.1351
BRPF1,-0.1352
GPSM3,-0.1352
MARCHF3,-0.1352
CXCL11,-0.1352
PEAK3,-0.1352
MED14,-0.1352
MCOLN3,-0.1352
PPM1M,-0.1353
CALY,-0.1353
BMPR1B,-0.1353
BANP,-0.1353
DHODH,-0.1353
PGP,-0.1353
AKR1C3,-0.1354
EIF2B4,-0.1354
CTSS,-0.1354
NPHP4,-0.1354
TRIM2,-0.1354
BCAS1,-0.1355
REEP2,-0.1355
MANEAL,-0.1355
JAK2,-0.1355
STRA8,-0.1355
CCDC126,-0.1355
ALG1L2,-0.1355
TNK2,-0.1355
ADPGK,-0.1356
ASB9,-0.1356
FAM117A,-0.1356
ARHGAP4,-0.1356
NUDT18,-0.1356
SMKR1,-0.1356
PLD4,-0.1356
ZNF516,-0.1356
APBA2,-0.1356
LIN37,-0.1356
CARF,-0.1356
FANCF,-0.1356
MCRIP2,-0.1357
TTC7B,-0.1357
SHOC2,-0.1357
PDE1A,-0.1357
TRIM23,-0.1357
SNAP29,-0.1357
GLYCTK,-0.1357
TLR1,-0.1357
AK6,-0.1358
TNFRSF8,-0.1358
RANBP17,-0.1358
CD79B,-0.1358
RFT1,-0.1358
SAP30,-0.1358
SLC2A3,-0.1358
LENG9,-0.1358
TXK,-0.1358
ZNF596,-0.1358
ENAH,-0.1359
MTFR1,-0.1359
LYPD6,-0.1359
HNRNPF,-0.1359
MIGA1,-0.1359
JUNB,-0.1359
ARID5A,-0.136
NEK4,-0.136
PSMD13,-0.136
GNA12,-0.136
NDUFA4,-0.136
ULK2,-0.136
CTIF,-0.136
ZC3HAV1,-0.136
GNAZ,-0.1361
SLC35B2,-0.1361
SLC31A1,-0.1361
LHB,-0.1361
HDDC2,-0.1361
FAM126A,-0.1361
KIF3A,-0.1361
MED22,-0.1362
YWHAQ,-0.1362
GID8,-0.1362
TNFAIP1,-0.1362
ADD2,-0.1362
COQ10B,-0.1362
PLCB2,-0.1362
CLC,-0.1362
ATP8B2,-0.1362
NT5C2,-0.1362
LAGE3,-0.1363
OLR1,-0.1363
ZNF48,-0.1363
RIPK4,-0.1363
DIPK1C,-0.1363
AKT1,-0.1363
C9orf40,-0.1363
TRMT44,-0.1363
IRX2,-0.1363
PPIL2,-0.1363
MITD1,-0.1364
ZFYVE21,-0.1364
H2AJ,-0.1364
PROSER3,-0.1364
LRRC37B,-0.1364
PEX14,-0.1364
G0S2,-0.1364
WNT3,-0.1364
CDC25B,-0.1364
GTPBP1,-0.1364
RPS4Y1,-0.1365
SLC35D1,-0.1365
ATP8B4,-0.1365
CNOT4,-0.1365
C2orf92,-0.1365
SAMD10,-0.1366
LSM6,-0.1366
MKX,-0.1366
AARS2,-0.1366
EID2B,-0.1366
NFATC1,-0.1366
ANP32E,-0.1367
CD82,-0.1367
UBOX5,-0.1367
TRAPPC12,-0.1367
ADGRA3,-0.1367
HSPB11,-0.1367
CRIM1,-0.1367
IL21R,-0.1367
CDKN2B,-0.1368
TRAPPC2B,-0.1368
IL1R1,-0.1368
MAP1S,-0.1368
PABPC4L,-0.1368
HGH1,-0.1368
AZI2,-0.1368
GON7,-0.1368
PTPRD,-0.1369
MALT1,-0.1369
SPEF1,-0.1369
KLK14,-0.1369
H1-0,-0.1369
RET,-0.1369
YKT6,-0.1369
RAB35,-0.1369
CDH4,-0.1369
SPATA18,-0.1369
P2RX5,-0.137
CFAP65,-0.137
MED1,-0.137
IL22RA1,-0.137
FPR2,-0.137
ZNF595,-0.137
CEP170,-0.1371
POLR3B,-0.1371
CTTNBP2NL,-0.1371
SLC29A3,-0.1371
RRP1B,-0.1371
PJA1,-0.1371
MANEA,-0.1371
ARRB2,-0.1372
DLGAP3,-0.1372
PLEC,-0.1372
SLC15A1,-0.1372
ATXN1L,-0.1372
CWC25,-0.1372
CHCHD7,-0.1372
ENKUR,-0.1372
ADGRE2,-0.1373
RO60,-0.1373
EFNB3,-0.1373
CDH23,-0.1373
ZNF764,-0.1373
RAB11FIP1,-0.1373
NDUFV2,-0.1373
POLR3A,-0.1373
ABCA9,-0.1373
BCL2L13,-0.1373
RNF11,-0.1373
UBE2E2,-0.1374
CLEC11A,-0.1374
TAS2R5,-0.1374
BANK1,-0.1374
ZYX,-0.1374
SHLD2,-0.1374
MFAP1,-0.1374
KRTAP3-1,-0.1374
PIP4P1,-0.1374
MFSD2A,-0.1374
CASP7,-0.1374
ENTPD2,-0.1374
PC,-0.1375
SERTAD4,-0.1375
EML4,-0.1375
FLVCR1,-0.1375
MEGF9,-0.1375
VWA3B,-0.1375
RASGRP4,-0.1375
DENND10,-0.1375
RBM5,-0.1375
TMEM68,-0.1375
CPSF7,-0.1376
MOSPD2,-0.1376
ARGLU1,-0.1376
RSPH9,-0.1376
IFT20,-0.1377
GPR107,-0.1377
STAT5A,-0.1377
SHB,-0.1377
ATP6V1G1,-0.1377
ATP5PD,-0.1377
ZNF324,-0.1377
FIBCD1,-0.1377
LRRC71,-0.1377
TUBGCP4,-0.1378
MSL2,-0.1378
OFD1,-0.1378
APIP,-0.1378
FAM120A,-0.1378
CDKL1,-0.1378
TRAF3IP1,-0.1378
PCSK5,-0.1378
RGS16,-0.1379
HAUS4,-0.1379
COMMD4,-0.1379
TSPOAP1,-0.1379
PSME2,-0.1379
DMGDH,-0.1379
MUC5AC,-0.138
ERGIC2,-0.138
RAD17,-0.138
SUPT3H,-0.138
RB1CC1,-0.138
INPP5A,-0.138
FCRL3,-0.138
TAP2,-0.1381
NEK8,-0.1381
ZNF302,-0.1381
KLHL26,-0.1381
BNIP3L,-0.1381
STARD3,-0.1381
SKP1,-0.1381
KBTBD6,-0.1381
ZC3H14,-0.1381
TRMU,-0.1381
AASDH,-0.1381
COA3,-0.1381
SPIDR,-0.1381
GET3,-0.1381
GOLGA3,-0.1381
MAGEA12,-0.1382
BORCS8,-0.1382
TMEM203,-0.1382
EXT2,-0.1382
CNEP1R1,-0.1382
TRAPPC1,-0.1382
TMEM51,-0.1382
RTL1,-0.1382
KSR1,-0.1382
HECTD2,-0.1382
NBPF26,-0.1383
FOXN2,-0.1383
PNRC1,-0.1383
HLTF,-0.1383
HOXB3,-0.1383
RPS6KC1,-0.1383
BLVRB,-0.1383
RAB21,-0.1383
MYO1E,-0.1383
ARL6IP1,-0.1383
GRIK2,-0.1383
ITPRID2,-0.1383
CFAP53,-0.1383
MCM3AP,-0.1384
MSRB1,-0.1384
CACNA2D4,-0.1384
MYO9B,-0.1384
SECTM1,-0.1384
LILRB1,-0.1384
PPP1R42,-0.1384
RAD51B,-0.1384
ITM2A,-0.1385
HNRNPA2B1,-0.1385
PRR9,-0.1385
FCRL2,-0.1385
GPRC5B,-0.1385
PDZD4,-0.1385
NR6A1,-0.1385
STK25,-0.1385
ATF6B,-0.1385
SLX4IP,-0.1386
ANKRD12,-0.1386
COA4,-0.1386
DRAM2,-0.1386
SPN,-0.1386
INPP5D,-0.1386
BCAP31,-0.1386
SPATA20,-0.1386
PRPF18,-0.1386
SH3D21,-0.1386
FADS3,-0.1386
OSBPL2,-0.1387
HYLS1,-0.1387
CRAT,-0.1387
TIMM22,-0.1387
CXCL14,-0.1387
TMED2,-0.1388
C11orf71,-0.1388
SRGAP2B,-0.1388
SLC12A6,-0.1388
PTGES,-0.1388
ELOVL5,-0.1388
TRIP10,-0.1388
COL6A5,-0.1389
ZC3HC1,-0.1389
CAVIN2,-0.1389
TRIM61,-0.1389
SAA2,-0.139
VPS51,-0.139
C3,-0.139
PANX2,-0.139
RALBP1,-0.139
RGS1,-0.139
ZNF799,-0.139
SLC38A6,-0.139
INHBA,-0.1391
SP110,-0.1391
SLC27A5,-0.1391
JAK3,-0.1391
HSPA1A,-0.1391
SPANXB1,-0.1391
HLCS,-0.1392
RAF1,-0.1392
MRM1,-0.1392
NDUFB2,-0.1392
PRRG4,-0.1392
TRAF5,-0.1392
KLHL18,-0.1393
TASOR2,-0.1393
B4GALT1,-0.1393
KIAA1614,-0.1393
PPP1R2,-0.1393
ADAMTSL4,-0.1393
CHCHD4,-0.1393
STX1A,-0.1393
DHX30,-0.1393
FCER2,-0.1394
NOL8,-0.1394
TNFSF11,-0.1394
GDPD3,-0.1394
C6,-0.1394
RBBP8,-0.1394
PCGF5,-0.1394
NEU1,-0.1394
ITGB1BP2,-0.1395
SMIM8,-0.1395
NOTCH1,-0.1395
AQR,-0.1395
SCD5,-0.1395
PSMD9,-0.1395
MORN3,-0.1395
C9orf24,-0.1395
EDNRA,-0.1396
JADE3,-0.1396
ODF2,-0.1397
ATP13A5,-0.1397
PHLPP2,-0.1397
NHLRC4,-0.1397
SUCNR1,-0.1397
NR0B1,-0.1397
F8A1,-0.1397
HIC1,-0.1398
IRF2BPL,-0.1398
TMEM107,-0.1398
SCAF11,-0.1398
WDR88,-0.1398
FBH1,-0.1398
GATAD1,-0.1398
LARP7,-0.1398
SVBP,-0.1398
DARS1,-0.1398
SPAG17,-0.1399
PLEKHG7,-0.1399
VDR,-0.1399
DOCK6,-0.1399
NIPSNAP1,-0.1399
GSC,-0.1399
ZNF287,-0.1399
TMEM63C,-0.1399
CASP8AP2,-0.1399
SELL,-0.14
WBP11,-0.14
BTF3,-0.14
GPC2,-0.14
SPG21,-0.14
CAMP,-0.14
SUCLG1,-0.14
USP30,-0.1401
ORMDL2,-0.1401
FBXL5,-0.1401
RBM28,-0.1401
NDRG4,-0.1401
MRPS33,-0.1401
ZNF808,-0.1401
PLCD3,-0.1401
NMT1,-0.1401
ZNF354C,-0.1401
CCDC106,-0.1401
FAM136A,-0.1402
ZBTB12,-0.1402
PARD6B,-0.1402
ULK4,-0.1402
IQCA1,-0.1402
ADSS2,-0.1402
TMEM182,-0.1402
GSAP,-0.1402
KCTD10,-0.1402
KDM8,-0.1403
ELOVL6,-0.1403
AP5S1,-0.1403
PIAS2,-0.1404
RAB11FIP5,-0.1404
RDH16,-0.1404
CAPZB,-0.1404
DCAF16,-0.1404
SMARCC2,-0.1405
ITLN2,-0.1405
TAF3,-0.1405
KDM3B,-0.1405
RRM2B,-0.1405
CHMP5,-0.1406
HEATR3,-0.1406
IDH3B,-0.1406
CCDC8,-0.1406
PPP3CB,-0.1406
FUOM,-0.1406
ZDHHC2,-0.1406
UTY,-0.1407
PFKL,-0.1407
CRCT1,-0.1407
PHKA1,-0.1407
KISS1,-0.1407
BTBD19,-0.1407
SDCBP2,-0.1407
ANO1,-0.1408
LATS1,-0.1408
ABHD6,-0.1408
EHD4,-0.1408
PPM1L,-0.1408
PAQR8,-0.1408
EMC4,-0.1408
NSD1,-0.1408
RAB13,-0.1409
DEXI,-0.1409
PELI1,-0.1409
SH2D1A,-0.1409
ISL1,-0.1409
TSPYL5,-0.1409
TMEM242,-0.1409
MYH11,-0.1409
ARID3B,-0.141
ZNF727,-0.141
PPP4R3B,-0.141
SH2B3,-0.1411
NFATC4,-0.1411
AAR2,-0.1411
UBE3B,-0.1412
PARG,-0.1412
LSM14A,-0.1412
ABCF2,-0.1412
MLX,-0.1412
ZFAND5,-0.1412
ATP6V1C1,-0.1413
LRG1,-0.1413
POLR2D,-0.1413
RANBP10,-0.1413
WNT6,-0.1413
DNAH3,-0.1413
BRWD1,-0.1414
FXYD6,-0.1414
UPF3B,-0.1414
ANK2,-0.1414
NPTX1,-0.1414
RAD23B,-0.1414
EIF1B,-0.1414
BMP1,-0.1414
NSUN5,-0.1414
KLHDC8B,-0.1414
FHL3,-0.1415
MRE11,-0.1415
ORC3,-0.1416
CR2,-0.1416
RAD21,-0.1416
PPDPF,-0.1416
TTC8,-0.1416
BICD1,-0.1416
ZMYM3,-0.1416
HACD1,-0.1417
CDK6,-0.1417
SLC18A3,-0.1417
UPF1,-0.1417
TMEM143,-0.1417
ZFP92,-0.1418
HTRA1,-0.1418
ZNF318,-0.1418
BLOC1S1,-0.1418
CDKN2AIP,-0.1419
ZBTB45,-0.1419
RYK,-0.1419
ATXN1,-0.1419
GLIPR2,-0.1419
ZNF766,-0.1419
C8orf82,-0.1419
RTL6,-0.1419
SELE,-0.1419
MAPK14,-0.1419
RICTOR,-0.142
FHAD1,-0.142
TMTC4,-0.142
CD7,-0.142
HS3ST6,-0.142
ALPP,-0.142
CCNA1,-0.142
RCBTB2,-0.142
VWA8,-0.142
ZC3H3,-0.1421
NMI,-0.1421
EOGT,-0.1421
PLAAT4,-0.1421
TADA2A,-0.1421
TSC22D3,-0.1421
BCS1L,-0.1421
FAM122B,-0.1422
RALB,-0.1422
KLHL36,-0.1422
ULK3,-0.1422
BUD31,-0.1422
PPP1R3F,-0.1422
RPA3,-0.1422
ELMOD3,-0.1422
CSGALNACT2,-0.1422
RASSF1,-0.1422
TRIM15,-0.1423
SART1,-0.1423
F3,-0.1423
TMEM168,-0.1423
ARMCX6,-0.1423
MKS1,-0.1424
PHOSPHO1,-0.1424
KAT14,-0.1424
STK4,-0.1424
GLUL,-0.1424
P2RX7,-0.1424
CALU,-0.1425
DNAH10,-0.1425
RNF111,-0.1425
USP21,-0.1425
CDCP1,-0.1425
PIEZO1,-0.1425
NAA25,-0.1425
CXCR6,-0.1426
TNRC18,-0.1426
IL1A,-0.1426
GALNT1,-0.1426
MPDU1,-0.1426
CYREN,-0.1426
DIRAS2,-0.1426
ALPK1,-0.1426
RPS26,-0.1427
TMEM52B,-0.1427
FGF19,-0.1428
ZFYVE9,-0.1428
GZF1,-0.1428
PRXL2C,-0.1428
QARS1,-0.1428
EPHA4,-0.1428
CCDC78,-0.1428
SIGLEC6,-0.1428
ARAP2,-0.1428
HES1,-0.1428
CCDC170,-0.1428
BPNT2,-0.1429
EFCAB12,-0.1429
NEO1,-0.1429
MARCHF5,-0.1429
BEST1,-0.1429
THNSL1,-0.1429
SRRT,-0.1429
IL5RA,-0.1429
USE1,-0.1429
CLN5,-0.1429
MOCS3,-0.143
TF,-0.143
CCDC24,-0.143
DPYSL4,-0.143
SLC44A5,-0.1431
ZNF846,-0.1431
PIK3CD,-0.1431
CX3CL1,-0.1431
CLDN6,-0.1432
LRRC18,-0.1432
ZNF445,-0.1432
INPP4A,-0.1432
CCL21,-0.1432
SSC5D,-0.1432
KHNYN,-0.1432
MPHOSPH10,-0.1432
ABHD17A,-0.1433
DENND5B,-0.1433
PLPP5,-0.1433
FBLN2,-0.1433
RALGAPA1,-0.1434
TBC1D13,-0.1434
TPD52,-0.1434
ANKLE2,-0.1434
FPR3,-0.1434
ADAMTS16,-0.1434
MEPCE,-0.1434
VTI1A,-0.1434
ZNF106,-0.1434
NIPA2,-0.1434
PCDHB9,-0.1434
CIT,-0.1434
MBOAT2,-0.1434
PEMT,-0.1435
NFE2L3,-0.1435
MAP3K19,-0.1435
METTL2A,-0.1435
ATP5F1A,-0.1435
CCL5,-0.1435
SF3B1,-0.1436
TGFBI,-0.1436
TTC30A,-0.1436
USP36,-0.1436
CDK9,-0.1437
RTRAF,-0.1437
MNT,-0.1437
MOSMO,-0.1437
CYTIP,-0.1437
ZNF770,-0.1437
TRAF2,-0.1437
CLK2,-0.1437
PHF20,-0.1437
HMOX1,-0.1437
TLK1,-0.1437
ELOVL7,-0.1437
MCUR1,-0.1437
NBPF15,-0.1438
DGKG,-0.1438
TRPT1,-0.1438
HSH2D,-0.1438
C2orf66,-0.1438
TMEM208,-0.1438
CCDC173,-0.1438
LAS1L,-0.1438
BHLHE22,-0.1439
RNF141,-0.1439
FNIP1,-0.1439
DNM2,-0.1439
SOX5,-0.1439
STAMBP,-0.1439
OTUD1,-0.1439
NADK2,-0.1439
COA8,-0.1439
PPIP5K2,-0.144
GBE1,-0.144
EIF4ENIF1,-0.144
GATM,-0.144
IL34,-0.144
ZNF14,-0.144
MYBPC2,-0.144
ZNF114,-0.144
ZNF514,-0.144
DYNLL1,-0.144
ARSA,-0.1441
PSTPIP1,-0.1441
LLPH,-0.1441
VWA5A,-0.1441
MYO10,-0.1441
TCTEX1D1,-0.1441
ENOX2,-0.1441
LACTB,-0.1441
DUSP3,-0.1441
TMEM248,-0.1441
TAMM41,-0.1441
STAMBPL1,-0.1441
PRSS3,-0.1441
ADCK1,-0.1441
RNF8,-0.1441
PLB1,-0.1441
COMMD3,-0.1441
TOGARAM2,-0.1442
PROS1,-0.1442
C12orf29,-0.1442
MIOS,-0.1442
STOX2,-0.1442
SURF6,-0.1442
FLRT2,-0.1442
C6orf120,-0.1442
PTN,-0.1442
METAP1D,-0.1442
LRRC10B,-0.1442
TYW1,-0.1442
DHRS3,-0.1443
MMP19,-0.1443
H3C11,-0.1443
MCCC1,-0.1443
AVIL,-0.1443
ZDHHC21,-0.1443
TWSG1,-0.1443
MRC2,-0.1444
KIAA0100,-0.1444
SEC61B,-0.1444
ZSWIM3,-0.1444
DDX27,-0.1444
BNIPL,-0.1445
PCDHB15,-0.1445
HDHD3,-0.1445
RNF113A,-0.1445
NAA80,-0.1446
CDON,-0.1446
MFAP5,-0.1446
POLH,-0.1446
TPSB2,-0.1446
YPEL5,-0.1447
PRKD2,-0.1447
HOATZ,-0.1447
GTPBP3,-0.1447
TPRG1,-0.1447
STRAP,-0.1447
AMBRA1,-0.1447
CAP1,-0.1447
EIF2B1,-0.1447
DEGS1,-0.1447
TSPAN10,-0.1447
C1orf87,-0.1447
FPR1,-0.1447
RIC3,-0.1448
ANP32A,-0.1448
NXPE3,-0.1448
PYCR2,-0.1448
CD27,-0.1448
ABCA6,-0.1449
DACT2,-0.1449
COASY,-0.1449
IL1RAP,-0.145
UBE2E1,-0.145
MTPAP,-0.145
PRR3,-0.145
DNASE2,-0.145
MTRF1L,-0.145
CHTOP,-0.145
SPTY2D1,-0.1451
DNAJC25,-0.1451
SOCS1,-0.1451
PANK1,-0.1451
SAV1,-0.1451
PPM1B,-0.1451
ANKRD18B,-0.1451
GRPEL1,-0.1452
HAUS5,-0.1452
LTB4R2,-0.1452
HIBADH,-0.1453
SLC22A5,-0.1453
CCDC191,-0.1453
SRP54,-0.1453
MIER2,-0.1454
TCF3,-0.1454
CFD,-0.1454
SOCS2,-0.1454
MAP3K2,-0.1454
SLF2,-0.1454
PTPN23,-0.1454
ATF7IP,-0.1454
EI24,-0.1454
KLF7,-0.1454
FCGR1B,-0.1454
P2RY10,-0.1455
SPAG7,-0.1455
NOTCH2,-0.1455
ABCA4,-0.1455
SIDT1,-0.1455
AURKC,-0.1455
SARS1,-0.1455
BAZ2A,-0.1455
CCDC91,-0.1455
AP1S2,-0.1455
FKTN,-0.1456
PAGR1,-0.1456
SDHAF4,-0.1456
KLLN,-0.1456
MT-CO3,-0.1456
ZBTB2,-0.1456
LRRC8B,-0.1456
ATP6V1B2,-0.1456
HSP90AA1,-0.1456
DUS1L,-0.1457
F13A1,-0.1457
ENHO,-0.1457
MMS19,-0.1457
HSD11B2,-0.1457
KCNF1,-0.1457
DHFR,-0.1457
MARK4,-0.1457
AHR,-0.1457
CIART,-0.1457
YTHDF1,-0.1458
OSGEP,-0.1458
FBXO9,-0.1458
ANKRD28,-0.1458
CAMSAP1,-0.1458
ZMAT2,-0.1458
PHTF2,-0.1458
TAOK1,-0.1459
KYAT3,-0.1459
VPS33A,-0.1459
GIMAP6,-0.1459
FRMD4A,-0.1459
CEP170B,-0.1459
SERF2,-0.1459
CBFB,-0.146
DCP1A,-0.146
HCST,-0.146
EIF4H,-0.146
PREPL,-0.146
ATP6V0D1,-0.146
PRELID3B,-0.146
VN1R1,-0.146
SLITRK6,-0.146
VWA3A,-0.1461
IFI30,-0.1461
WHAMM,-0.1461
ETS2,-0.1461
AP5M1,-0.1461
ANXA10,-0.1461
CD79A,-0.1461
KCNQ4,-0.1462
PCBP3,-0.1462
MRPS18A,-0.1462
PRDM15,-0.1462
SELENOS,-0.1462
GALNT6,-0.1462
FAAP100,-0.1462
TPK1,-0.1463
POLR2B,-0.1463
SLC35A4,-0.1463
FNBP4,-0.1463
ZNF568,-0.1463
USP6NL,-0.1463
LRRCC1,-0.1463
ATG9A,-0.1463
TMEM14B,-0.1463
CCL20,-0.1464
SELENOT,-0.1464
AC007906.2,-0.1464
PSPC1,-0.1464
OTUD4,-0.1464
TRMT61B,-0.1464
RASAL2,-0.1464
ARL15,-0.1464
CLIC4,-0.1464
GZMK,-0.1464
INCA1,-0.1465
GNG2,-0.1465
ZFP30,-0.1465
EIPR1,-0.1465
BIN3,-0.1465
STX2,-0.1465
ATP5MD,-0.1465
BDP1,-0.1465
ARL10,-0.1466
EIF4EBP2,-0.1466
ZC3H7B,-0.1466
CCDC81,-0.1466
TUBB2A,-0.1466
ATXN7,-0.1466
CSNK1A1,-0.1466
NPM2,-0.1466
CDK16,-0.1466
KIAA1755,-0.1466
WSB1,-0.1466
BST1,-0.1466
ITGAM,-0.1467
C1orf158,-0.1467
CYB5R4,-0.1467
MTPN,-0.1467
SBNO1,-0.1467
KITLG,-0.1468
PFN4,-0.1468
RNF214,-0.1468
KCNMA1,-0.1468
TSR2,-0.1468
IFNLR1,-0.1468
HAS1,-0.1468
LTBP4,-0.1468
ST6GALNAC5,-0.1469
SOSTDC1,-0.1469
HSD11B1,-0.1469
PGM3,-0.1469
PRKAR2B,-0.1469
TYK2,-0.1469
C8orf88,-0.1469
EML2,-0.1469
SH3BP5L,-0.1469
GPR141,-0.1469
BGN,-0.1469
ACTL8,-0.147
ANKRD66,-0.147
WBP1L,-0.147
TMEM97,-0.147
CFAP410,-0.1471
LYVE1,-0.1471
HSD17B8,-0.1471
ERAL1,-0.1471
RPP14,-0.1471
ZNF282,-0.1471
RBM27,-0.1472
INO80,-0.1472
ALOX12B,-0.1472
BST2,-0.1472
LANCL1,-0.1472
MT1E,-0.1472
SLC29A1,-0.1472
COL16A1,-0.1472
CYTH1,-0.1472
ELP1,-0.1473
SCGB1A1,-0.1473
AMPH,-0.1473
KIAA2013,-0.1473
AKR7A2,-0.1473
PTGR1,-0.1473
PSMD10,-0.1473
MS4A8,-0.1473
STAG1,-0.1473
TREM2,-0.1473
VPS29,-0.1474
TRIM62,-0.1474
DNPH1,-0.1474
UBE4A,-0.1474
DNAJC30,-0.1474
TBC1D3L,-0.1474
MTERF1,-0.1474
CREG1,-0.1475
POU2F2,-0.1475
TMCC2,-0.1475
LONP2,-0.1475
TADA3,-0.1475
RBM43,-0.1475
POLR1D,-0.1475
TJAP1,-0.1475
CFTR,-0.1476
SLC25A46,-0.1476
PIP4K2B,-0.1476
TNNT3,-0.1476
ZNF300,-0.1476
BEX2,-0.1476
TELO2,-0.1476
ARL9,-0.1476
KIF1A,-0.1476
REG4,-0.1477
NHLRC1,-0.1477
CHD3,-0.1477
DCTN4,-0.1477
MIER3,-0.1477
LRIG3,-0.1477
CSDE1,-0.1477
SHF,-0.1477
RIN2,-0.1477
VPS25,-0.1477
FES,-0.1477
KHDC4,-0.1477
SATB1,-0.1477
GSTM4,-0.1478
CYP4X1,-0.1478
SYTL1,-0.1478
C1orf162,-0.1478
TCAP,-0.1478
TOMM5,-0.1478
ALDH1A3,-0.1478
TRPV1,-0.1478
CSF3,-0.1479
CAPZA2,-0.1479
DMXL1,-0.1479
CFAP77,-0.1479
ATG14,-0.148
RIT1,-0.148
IDH3A,-0.148
ACTG1,-0.148
DPEP2,-0.1481
IER5,-0.1481
CYFIP1,-0.1481
SMCR8,-0.1481
PIH1D1,-0.1481
IKZF3,-0.1482
CCDC200,-0.1482
IRF4,-0.1482
C11orf97,-0.1482
ZNF41,-0.1482
C18orf25,-0.1482
CNKSR3,-0.1482
EEF1AKMT2,-0.1482
KRT4,-0.1483
TIA1,-0.1483
ARHGAP27,-0.1483
IL1B,-0.1483
TTC30B,-0.1483
CLN8,-0.1483
B3GLCT,-0.1483
RALGAPB,-0.1483
EPHB1,-0.1483
TPRG1L,-0.1484
DENND4C,-0.1484
ATP6V1C2,-0.1484
FAT1,-0.1484
DHX38,-0.1484
CHI3L1,-0.1485
DOCK4,-0.1485
DGCR8,-0.1485
DENND5A,-0.1486
SREK1IP1,-0.1486
LYG1,-0.1486
CDC23,-0.1486
RAC2,-0.1486
RNASEH2B,-0.1486
IST1,-0.1486
CFAP74,-0.1486
SLC14A2,-0.1487
CAPN15,-0.1487
ACOT1,-0.1487
PLEKHO2,-0.1487
FOXS1,-0.1487
NFATC3,-0.1487
SERGEF,-0.1487
NFATC2IP,-0.1487
USP8,-0.1487
ZNF503,-0.1487
OSBPL6,-0.1488
SEPTIN11,-0.1488
CCDC115,-0.1488
RAPGEF1,-0.1488
TRERF1,-0.1489
DLST,-0.1489
RHOT1,-0.1489
SRFBP1,-0.1489
IRAK4,-0.1489
NT5C3A,-0.1489
ZFC3H1,-0.1489
C15orf40,-0.1489
CNTLN,-0.1489
PAGE1,-0.1489
POLR2I,-0.1489
IFRD1,-0.149
HPX,-0.149
SIX3,-0.149
CEP83,-0.149
CHERP,-0.149
SUPT20H,-0.149
CCDC187,-0.149
BNIP2,-0.1491
MC1R,-0.1491
PIBF1,-0.1492
C6orf118,-0.1492
SPTBN2,-0.1492
ARC,-0.1492
KCP,-0.1492
ZNF34,-0.1492
ZNF121,-0.1493
N4BP1,-0.1493
NME9,-0.1493
TCTN2,-0.1493
PEX13,-0.1493
TSPAN9,-0.1493
AK3,-0.1493
CDC42SE2,-0.1493
DDX55,-0.1493
TNFAIP8,-0.1494
KDM4B,-0.1494
TNFRSF10B,-0.1494
ZNF512B,-0.1494
C1orf35,-0.1494
CSTF1,-0.1494
COLCA2,-0.1494
LZTFL1,-0.1494
ARHGEF40,-0.1494
BRD4,-0.1494
EXOC6,-0.1495
EEF1A2,-0.1495
TRUB1,-0.1495
PEX3,-0.1495
RNF14,-0.1495
NRP2,-0.1495
C1orf226,-0.1495
FAM111A,-0.1496
RTTN,-0.1496
TRAF1,-0.1496
FAM126B,-0.1496
STAP1,-0.1496
ZNFX1,-0.1496
KBTBD4,-0.1496
PSMC1,-0.1496
MOGS,-0.1496
SRRM5,-0.1496
PLEKHF2,-0.1497
PCCA,-0.1497
BLOC1S4,-0.1497
PODNL1,-0.1497
SMIM19,-0.1497
CTLA4,-0.1497
TNIP2,-0.1497
OBSL1,-0.1497
POMZP3,-0.1497
STK3,-0.1497
CNST,-0.1498
UGT1A10,-0.1498
VGLL1,-0.1498
TRIM58,-0.1498
C4orf48,-0.1498
TFCP2,-0.1498
CACNG4,-0.1498
NFKB2,-0.1498
GNPDA2,-0.1498
SLC4A11,-0.1498
ZNF616,-0.1498
ZNRF2,-0.1499
CES3,-0.1499
SMAD2,-0.1499
STK11,-0.1499
C2orf76,-0.1499
MAP1A,-0.1499
APBA1,-0.15
NMU,-0.15
HAUS3,-0.15
ZC3H4,-0.15
LRPPRC,-0.15
FAS,-0.15
CEP131,-0.15
SRSF12,-0.1501
ELAC2,-0.1501
FUNDC1,-0.1501
LEMD2,-0.1501
SLC28A3,-0.1501
N4BP2L1,-0.1501
CLASP2,-0.1501
ARPC1B,-0.1501
MEIS1,-0.1501
ARMC4,-0.1501
IL1RL2,-0.1501
NRSN2,-0.1501
EVI2A,-0.1501
SACM1L,-0.1502
FAM120C,-0.1502
RIMKLB,-0.1502
PRRC2A,-0.1502
CDC40,-0.1502
ANGPT2,-0.1502
PATZ1,-0.1503
ZBTB17,-0.1503
SLC29A2,-0.1503
TNFRSF10A,-0.1503
PPP1R36,-0.1504
ANKRD18A,-0.1504
GOPC,-0.1504
RMDN1,-0.1504
ZNF565,-0.1504
MARCHF1,-0.1504
NFAT5,-0.1504
SMARCD1,-0.1504
RBM38,-0.1504
SGTA,-0.1504
KRTCAP3,-0.1505
POP4,-0.1505
EGR3,-0.1505
JUN,-0.1505
RGL2,-0.1506
UBE2W,-0.1506
KCNC3,-0.1506
MED9,-0.1506
ASPH,-0.1506
TIAL1,-0.1507
ZNF740,-0.1507
COG5,-0.1507
TGFBR3,-0.1507
MEOX1,-0.1507
EIF2AK3,-0.1507
UBE2H,-0.1507
CABYR,-0.1507
MRTFA,-0.1508
ANKRD49,-0.1508
SLC39A4,-0.1509
EZH1,-0.1509
SLC6A20,-0.1509
APBB1IP,-0.1509
PGLS,-0.1509
FOLR2,-0.1509
GSN,-0.151
CAMKK2,-0.151
MBP,-0.151
ST3GAL2,-0.151
LRRC8A,-0.151
LCK,-0.151
SGCE,-0.151
MPP6,-0.151
TRNT1,-0.151
SLC6A9,-0.151
IPO11,-0.151
SPAG1,-0.151
TMEM94,-0.151
ZNF354A,-0.1511
MROH1,-0.1511
NUPR2,-0.1511
TARDBP,-0.1511
ASXL2,-0.1511
HRH1,-0.1511
FCF1,-0.1511
SHFL,-0.1511
STC1,-0.1512
PRMT5,-0.1512
GLTPD2,-0.1513
H3-5,-0.1513
ZNF230,-0.1513
DHRS11,-0.1513
GPANK1,-0.1513
DMBT1,-0.1513
MAGEA3,-0.1513
HOXB9,-0.1513
SUMO1,-0.1513
LYSMD2,-0.1514
ADPRHL1,-0.1514
ATP13A1,-0.1514
ZNF774,-0.1514
FSD1L,-0.1514
RAB32,-0.1514
TUBAL3,-0.1514
EMP3,-0.1514
UGT8,-0.1514
UCN3,-0.1515
BCL7A,-0.1515
SERTAD1,-0.1515
MAX,-0.1515
P2RY13,-0.1515
RAB3B,-0.1515
SENP8,-0.1515
NLRP2,-0.1515
ARHGAP45,-0.1515
TNFRSF1B,-0.1516
CDC14B,-0.1516
LARP4,-0.1516
LRFN1,-0.1516
ABHD4,-0.1516
RNF20,-0.1516
ATF7IP2,-0.1516
PCDHGC3,-0.1517
PLOD3,-0.1517
VAMP5,-0.1517
LIG4,-0.1517
TBC1D12,-0.1517
ZDHHC13,-0.1517
MAB21L4,-0.1517
METAP2,-0.1517
ATP5PB,-0.1517
TEKT4,-0.1518
SLFN11,-0.1518
MOB4,-0.1518
HCFC2,-0.1518
TMEM154,-0.1518
SAMD13,-0.1518
CSF1R,-0.1518
EHHADH,-0.1518
TMUB1,-0.1518
NEURL1B,-0.1519
DBP,-0.1519
LGALS1,-0.1519
SLC38A1,-0.1519
ARHGEF18,-0.1519
NEU3,-0.1519
HESX1,-0.1519
S100A3,-0.1519
NR2F2,-0.152
CHMP4A,-0.152
LY6G5C,-0.152
MCMDC2,-0.152
TRIM25,-0.152
TKT,-0.1521
CDAN1,-0.1521
AKAP14,-0.1521
GPR173,-0.1521
SETX,-0.1521
ANKRD65,-0.1521
HDC,-0.1521
MYL6,-0.1521
BCAN,-0.1522
ATF2,-0.1522
ZFY,-0.1522
CCDC124,-0.1523
DNAH12,-0.1523
LTA,-0.1523
TXNL4A,-0.1523
ARHGAP5,-0.1523
AFAP1L2,-0.1524
ABTB1,-0.1524
GPATCH8,-0.1524
TMEM260,-0.1524
TFB2M,-0.1524
AAGAB,-0.1525
SRSF4,-0.1525
BBS10,-0.1525
TYW5,-0.1525
STRA6,-0.1525
ZNF518A,-0.1525
PRDM4,-0.1525
CSRNP2,-0.1525
GSTM1,-0.1525
PZP,-0.1526
NPRL2,-0.1526
C12orf57,-0.1526
NRL,-0.1526
EMILIN3,-0.1526
MT1A,-0.1527
ZXDB,-0.1527
RFX2,-0.1527
ZNF212,-0.1527
LIPA,-0.1527
CD33,-0.1527
GZMA,-0.1527
C20orf194,-0.1528
LAMTOR3,-0.1528
DNASE2B,-0.1528
CDHR5,-0.1528
DNAH9,-0.1528
WDR35,-0.1528
UAP1L1,-0.1528
SYT1,-0.1529
VLDLR,-0.1529
DRC7,-0.1529
TCF7L1,-0.1529
CD96,-0.1529
QPCTL,-0.1529
DYNLT3,-0.153
RPAP1,-0.153
HACD3,-0.153
C1orf194,-0.153
MTRF1,-0.153
DDX3X,-0.153
TMEM212,-0.153
CRTC2,-0.1531
ALKBH4,-0.1531
DRC3,-0.1531
COQ9,-0.1531
ZNRF3,-0.1531
NCDN,-0.1531
SSH1,-0.1531
HMGCR,-0.1532
GXYLT2,-0.1532
LTBP1,-0.1532
TMEM116,-0.1532
SLAMF6,-0.1532
CFAP69,-0.1532
MX1,-0.1532
C6orf52,-0.1532
ZNF584,-0.1532
PCGF3,-0.1532
CINP,-0.1532
SCAF1,-0.1532
LIPT2,-0.1532
RPL36AL,-0.1532
PAIP2,-0.1532
CORO1A,-0.1532
AP3M1,-0.1533
POLK,-0.1533
UBE2B,-0.1533
SH3GLB2,-0.1533
MAIP1,-0.1533
ANKRD1,-0.1533
CARD8,-0.1534
STRADA,-0.1534
PLCB1,-0.1534
DENND3,-0.1534
INTU,-0.1534
VWDE,-0.1534
SEC61A2,-0.1534
CASP5,-0.1534
PPP2R1B,-0.1534
KIAA1549,-0.1534
UBE2D2,-0.1535
SIRT2,-0.1535
ZMAT3,-0.1535
PPP2CA,-0.1535
PHYHIPL,-0.1535
SHLD1,-0.1535
MKRN2,-0.1536
ZNF599,-0.1536
SEL1L3,-0.1536
NAA11,-0.1536
GNG8,-0.1536
SEMA4F,-0.1536
TEKT1,-0.1537
SLC30A3,-0.1537
UBE2J1,-0.1537
FBXO46,-0.1537
TPRA1,-0.1537
GALT,-0.1537
ZNF232,-0.1537
LTBP2,-0.1537
TRAF6,-0.1537
PTPN7,-0.1538
TRA2A,-0.1538
PHKG1,-0.1538
DDAH2,-0.1538
F2R,-0.1538
LY75,-0.1538
LRRC43,-0.1538
FAM181A,-0.1538
CFAP52,-0.1538
CCN3,-0.1538
DERL1,-0.1538
ECEL1,-0.1539
SLC50A1,-0.1539
AMFR,-0.1539
CDK5,-0.1539
USP9Y,-0.1539
C19orf57,-0.1539
CCNI2,-0.1539
SLCO3A1,-0.1539
CEP120,-0.1539
CES2,-0.1539
EFNA3,-0.154
ERAP1,-0.154
LYRM7,-0.154
ITK,-0.154
UBA1,-0.154
TCTE1,-0.154
NISCH,-0.154
MVB12A,-0.154
ARHGEF6,-0.1541
FLCN,-0.1541
GPR135,-0.1541
UPK3B,-0.1541
CNGA4,-0.1541
PTGFR,-0.1541
KDM2B,-0.1542
CD1A,-0.1542
CHMP1B,-0.1542
ZBTB43,-0.1542
EREG,-0.1542
CPEB2,-0.1543
TRAF3IP3,-0.1543
FBLN1,-0.1543
GMFB,-0.1543
ZNF430,-0.1543
NUP214,-0.1543
SMARCE1,-0.1543
CCDC88C,-0.1544
SCG3,-0.1544
MBLAC1,-0.1544
CASK,-0.1544
COPS6,-0.1544
GNB1,-0.1544
CD300C,-0.1544
RAB3A,-0.1544
STXBP6,-0.1544
ZFAND1,-0.1544
NEFM,-0.1544
PAN2,-0.1544
THYN1,-0.1544
GMCL1,-0.1544
COL28A1,-0.1545
BACH2,-0.1546
MDN1,-0.1546
AKAP5,-0.1546
KRR1,-0.1546
E2F6,-0.1546
GAB1,-0.1546
RAB3D,-0.1546
PRAM1,-0.1546
GATD1,-0.1546
PARP9,-0.1547
ZNF619,-0.1547
SLC35A3,-0.1548
CDC14A,-0.1548
VPS4B,-0.1548
FMR1,-0.1548
RIBC2,-0.1548
PUSL1,-0.1548
ZNF335,-0.1548
IFIT5,-0.1548
MBTPS2,-0.1548
MTMR8,-0.1549
PMPCB,-0.1549
GAS7,-0.1549
SH3TC1,-0.1549
RC3H2,-0.1549
PHF12,-0.1549
CAPSL,-0.1549
PSMD3,-0.155
TPCN2,-0.155
POU6F2,-0.155
NFX1,-0.155
CCDC148,-0.155
UBN2,-0.155
VPS8,-0.155
C1orf122,-0.155
PICK1,-0.1551
CD86,-0.1551
VPS50,-0.1552
GRB10,-0.1552
MPI,-0.1552
PLEKHA4,-0.1552
RRAGA,-0.1552
PTCRA,-0.1552
ITCH,-0.1553
MRPS18B,-0.1553
ZNF527,-0.1553
FRA10AC1,-0.1553
SPINK14,-0.1553
EBP,-0.1553
VPS13A,-0.1553
HOXC12,-0.1553
SRCAP,-0.1553
SWI5,-0.1553
CBFA2T3,-0.1554
SP140,-0.1554
OLFM2,-0.1554
NUDCD3,-0.1555
TRMT10A,-0.1555
FAM200A,-0.1555
MAP3K12,-0.1555
PRELID3A,-0.1555
WDR5,-0.1555
PPM1J,-0.1555
ULK1,-0.1555
ZNF664,-0.1556
RIN3,-0.1556
ETV5,-0.1556
NOLC1,-0.1556
FOXO6,-0.1557
BDKRB1,-0.1557
LPXN,-0.1557
PLD2,-0.1557
MYSM1,-0.1557
COMTD1,-0.1557
BATF3,-0.1557
OTUD3,-0.1557
REXO5,-0.1558
SAA1,-0.1558
CTSG,-0.1558
DCDC2B,-0.1558
TCN1,-0.1558
VCPIP1,-0.1558
TXN,-0.1558
TPRN,-0.1558
PDIA3,-0.1558
DIS3,-0.1558
WIPF1,-0.1558
PTGER2,-0.1559
LSM5,-0.1559
CLEC12A,-0.1559
PAPSS1,-0.1559
PNPO,-0.1559
SFMBT2,-0.156
ATXN2L,-0.156
LILRA5,-0.156
PGAP2,-0.156
ATG5,-0.1561
SRSF11,-0.1561
CD274,-0.1561
PRXL2B,-0.1561
UBTF,-0.1561
LIN7A,-0.1561
DCTN3,-0.1561
SIRPA,-0.1562
MRPS14,-0.1562
SALL4,-0.1562
DLAT,-0.1562
EP400,-0.1563
SNX18,-0.1563
MAPRE3,-0.1563
IMPA1,-0.1563
NACAD,-0.1564
HORMAD1,-0.1564
PIK3CG,-0.1564
STK17A,-0.1564
SHPK,-0.1564
PRIMPOL,-0.1564
LBX2,-0.1564
ROPN1L,-0.1564
SRGN,-0.1565
OSBPL11,-0.1565
INF2,-0.1565
CD200R1,-0.1565
ADGRG6,-0.1565
RINT1,-0.1565
KANSL3,-0.1565
SIGLEC7,-0.1565
EDA,-0.1565
PPFIBP1,-0.1565
TAC1,-0.1565
GGACT,-0.1565
CCHCR1,-0.1565
CSNK2A2,-0.1566
CELSR3,-0.1566
ZNF652,-0.1566
SCAF4,-0.1566
WDR49,-0.1566
SLC45A1,-0.1566
HEXD,-0.1566
CCDC43,-0.1566
RPGRIP1L,-0.1566
KMT2E,-0.1566
MED18,-0.1566
FUCA2,-0.1567
PPIL3,-0.1567
EBPL,-0.1567
CD101,-0.1567
SLC9A8,-0.1567
CBX4,-0.1568
USP49,-0.1568
MLKL,-0.1568
SAMD11,-0.1568
KIF19,-0.1568
GPR161,-0.1568
ZXDA,-0.1568
CFAP73,-0.1569
SYK,-0.1569
ARSK,-0.1569
STEAP2,-0.1569
LY96,-0.1569
METTL17,-0.1569
PRRG2,-0.1569
CCDC60,-0.1569
PACRG,-0.1569
S100A5,-0.157
NR4A3,-0.157
ARF6,-0.157
CHL1,-0.157
FBXL12,-0.157
PURB,-0.157
CFAP126,-0.1571
MRPL50,-0.1571
UBA5,-0.1571
SH3PXD2A,-0.1571
GNMT,-0.1571
ZDHHC4,-0.1572
PSMG2,-0.1572
SPINK7,-0.1572
RALY,-0.1572
BTF3L4,-0.1572
DNAH17,-0.1572
DIAPH2,-0.1572
LILRB3,-0.1572
P3H2,-0.1573
FABP6,-0.1573
PHEX,-0.1573
AGPS,-0.1573
FAM216B,-0.1573
ZSWIM6,-0.1573
EIF4A1,-0.1573
REXO2,-0.1574
RAB11A,-0.1574
FAM90A1,-0.1574
CHST1,-0.1574
DNAJB6,-0.1574
AMZ2,-0.1574
ELOVL4,-0.1574
WDR73,-0.1574
NPC1,-0.1575
CBFA2T2,-0.1575
PRF1,-0.1575
SEPTIN10,-0.1575
ATAD1,-0.1575
TUBB2B,-0.1575
UBXN4,-0.1575
GAPVD1,-0.1575
WAC,-0.1575
CSF2RB,-0.1575
TMED7,-0.1575
ZNF609,-0.1576
RCOR3,-0.1576
SPAG16,-0.1576
SATB2,-0.1576
MYLK,-0.1576
EGLN2,-0.1577
GUCY1A1,-0.1577
ARHGAP24,-0.1577
C11orf80,-0.1577
PRSS2,-0.1577
CCDC151,-0.1577
KIF2A,-0.1577
PCDHB8,-0.1577
NUCB2,-0.1578
LPCAT2,-0.1578
KLHL32,-0.1579
ATXN7L3B,-0.1579
MVK,-0.1579
SLA2,-0.1579
SLA,-0.1579
COX10,-0.1579
WHRN,-0.1579
NELL1,-0.1579
EDIL3,-0.1579
CATSPERD,-0.1579
ZNF143,-0.158
TP53I3,-0.158
SERPINA5,-0.158
TTC29,-0.158
CSNK1G2,-0.158
ETAA1,-0.158
ZBTB33,-0.158
RCN1,-0.1581
COG6,-0.1581
NUP58,-0.1581
MAL,-0.1581
ATRIP,-0.1581
ANP32B,-0.1581
TRIM66,-0.1581
DBT,-0.1581
TMOD3,-0.1581
ATRAID,-0.1582
ZNF197,-0.1582
STOX1,-0.1582
ZNF229,-0.1582
EPHB4,-0.1582
TAFA5,-0.1582
C5AR1,-0.1582
CENPV,-0.1582
MINDY2,-0.1582
PCDHGA10,-0.1582
CNTRL,-0.1583
AGK,-0.1583
LILRA4,-0.1583
IPMK,-0.1583
FHDC1,-0.1583
ERI2,-0.1583
SNAP23,-0.1583
PCDHB3,-0.1583
POC5,-0.1583
KCTD18,-0.1584
CENPJ,-0.1584
TTBK2,-0.1584
FAM214B,-0.1585
GLDC,-0.1585
JTB,-0.1585
HS6ST2,-0.1585
ZNF385C,-0.1585
IMPACT,-0.1585
CARD11,-0.1585
C22orf15,-0.1585
AP4M1,-0.1585
PRRC2B,-0.1586
HSPA12A,-0.1586
IMMP1L,-0.1586
GGA3,-0.1586
RESF1,-0.1586
GRK4,-0.1586
MGAT1,-0.1587
MCOLN1,-0.1587
USP11,-0.1587
MAT2A,-0.1587
FAM71E1,-0.1587
MYL12B,-0.1587
CCDC50,-0.1587
PABPC4,-0.1587
ARHGEF19,-0.1587
ACOT2,-0.1587
NUDT21,-0.1587
APCDD1L,-0.1588
RSPH4A,-0.1588
ATXN2,-0.1588
TNFSF9,-0.1588
PLK3,-0.1588
TREML2,-0.1588
ZNF768,-0.1589
TMEM199,-0.1589
ZSCAN29,-0.1589
TTYH2,-0.1589
TMEM221,-0.1589
KLF11,-0.1589
FLNB,-0.159
KIF17,-0.159
NDUFAF1,-0.159
ZNF474,-0.159
NDUFB10,-0.159
CDH26,-0.159
ZNF839,-0.1591
THAP6,-0.1591
GPALPP1,-0.1591
SERINC3,-0.1591
MIDEAS,-0.1591
MLLT6,-0.1591
PPM1A,-0.1591
GREB1,-0.1591
GINM1,-0.1591
PCDH7,-0.1592
IL1RL1,-0.1592
IGF2BP1,-0.1592
FCN1,-0.1592
MIER1,-0.1592
TMEM266,-0.1592
UBE2R2,-0.1592
SNAPC3,-0.1592
FNTB,-0.1592
TMEM160,-0.1593
HIC2,-0.1593
SLIRP,-0.1593
MORN5,-0.1593
CHI3L2,-0.1594
C5orf24,-0.1594
PPP1CB,-0.1594
C12orf75,-0.1594
BSCL2,-0.1594
SQOR,-0.1594
ZSCAN32,-0.1594
MEX3C,-0.1594
THAP1,-0.1594
ERMP1,-0.1594
CCL24,-0.1594
USP22,-0.1594
SDAD1,-0.1594
BPIFB4,-0.1595
CLPB,-0.1595
POF1B,-0.1595
ATP10B,-0.1595
CFLAR,-0.1595
VHL,-0.1595
YAE1,-0.1595
TLR7,-0.1595
AIFM2,-0.1595
ARRDC2,-0.1595
FNDC11,-0.1595
LCP1,-0.1596
HNRNPA1P48,-0.1596
ZNF653,-0.1596
ZC3H12D,-0.1596
COQ6,-0.1596
LEPROT,-0.1596
ROMO1,-0.1596
C2orf49,-0.1596
RTL8A,-0.1597
NUDT14,-0.1597
GPR174,-0.1597
ANKRD17,-0.1597
RAMP1,-0.1597
BCL2A1,-0.1597
SNX13,-0.1597
CAMK1D,-0.1597
TRRAP,-0.1598
POLR1F,-0.1598
ATP5PF,-0.1598
BCCIP,-0.1598
SMARCA2,-0.1598
COX7A2,-0.1598
SLC4A3,-0.1598
ESCO1,-0.1598
NKX1-2,-0.1598
SLC30A5,-0.1599
N4BP2,-0.1599
POLR2K,-0.1599
ITM2C,-0.1599
DNAI2,-0.16
LST1,-0.16
UBP1,-0.16
SLC19A1,-0.16
SLAMF8,-0.16
EFCAB13,-0.1601
PIGU,-0.1601
SUFU,-0.1601
JAML,-0.1601
CYTL1,-0.1601
NRF1,-0.1601
ARL6,-0.1601
NAPG,-0.1601
DLGAP4,-0.1601
ECHS1,-0.1601
PLEKHG4,-0.1602
WDR81,-0.1602
NAV3,-0.1602
G2E3,-0.1602
ZBBX,-0.1602
BCL2L2,-0.1602
MOB3A,-0.1602
RFNG,-0.1602
CCDC74A,-0.1602
OXTR,-0.1602
YME1L1,-0.1602
SLAMF9,-0.1603
ITM2B,-0.1603
ZNF721,-0.1603
UCK1,-0.1603
SIRT7,-0.1603
GRTP1,-0.1603
ZBTB40,-0.1603
AAAS,-0.1604
PTPDC1,-0.1604
ACTA1,-0.1604
PGS1,-0.1604
EID2,-0.1605
RAET1G,-0.1605
PCDHB12,-0.1605
ECM1,-0.1605
AGAP2,-0.1606
RPN2,-0.1606
APLF,-0.1606
WNT7A,-0.1606
CCNDBP1,-0.1606
CILP2,-0.1606
COPG2,-0.1606
CARD16,-0.1606
PTGS1,-0.1607
DCP1B,-0.1607
GHITM,-0.1607
C21orf91,-0.1607
GGT5,-0.1607
PIK3R6,-0.1607
CLIP4,-0.1607
GNB2,-0.1607
PLBD2,-0.1607
LRRC45,-0.1608
ARHGEF10L,-0.1608
MMD,-0.1608
GPR137B,-0.1608
CACHD1,-0.1608
RBM7,-0.1608
SLC25A40,-0.1609
EFL1,-0.1609
CCR4,-0.1609
PLXNA3,-0.1609
TMEM198,-0.1609
TRIM6,-0.1609
B4GALT2,-0.1609
ERCC4,-0.161
NDUFS5,-0.161
DMRTA2,-0.161
ERCC6L2,-0.161
AGBL2,-0.161
SMURF1,-0.161
SLC25A25,-0.161
ERICH5,-0.161
TBC1D2B,-0.161
SWT1,-0.161
CYP2F1,-0.161
SYNGR4,-0.161
TIGAR,-0.161
CCL17,-0.161
ZNF438,-0.161
TRMT5,-0.1611
MON2,-0.1611
PITX2,-0.1611
PCNT,-0.1611
CRIPT,-0.1611
RPP38,-0.1611
PM20D2,-0.1611
ZNF777,-0.1611
LNX1,-0.1612
ZNF502,-0.1612
OPTN,-0.1612
LEMD1,-0.1612
SHISA2,-0.1612
LY86,-0.1612
PRSS1,-0.1612
SLC7A10,-0.1612
UGDH,-0.1612
HVCN1,-0.1612
RAB7B,-0.1613
EIF2AK4,-0.1613
ASB6,-0.1613
FAM24B,-0.1613
NEIL2,-0.1613
PNPLA4,-0.1613
NDUFS8,-0.1613
SPIN1,-0.1614
SP2,-0.1614
ADCY7,-0.1614
PAPPA,-0.1614
RHOT2,-0.1614
PRPF38B,-0.1614
POLR2C,-0.1614
GRIN3B,-0.1614
C7orf31,-0.1615
CLIP2,-0.1615
UBASH3B,-0.1615
SEC14L1,-0.1615
ZNF284,-0.1615
ROCK1,-0.1615
FAM234B,-0.1615
HECTD4,-0.1615
SLC2A8,-0.1615
PRR4,-0.1616
GFRA3,-0.1616
MTA3,-0.1616
ARIH1,-0.1616
ZBTB14,-0.1616
PIK3CB,-0.1617
RASAL1,-0.1617
CNN3,-0.1617
FAM98B,-0.1617
HNF4G,-0.1617
TIMD4,-0.1617
FCMR,-0.1617
PACSIN1,-0.1617
LPCAT3,-0.1617
ZNF205,-0.1617
SYCE1L,-0.1618
MOK,-0.1618
HSPA8,-0.1618
CMYA5,-0.1618
C17orf113,-0.1618
CD40,-0.1619
HOXC11,-0.1619
LOXL1,-0.1619
SLC27A4,-0.1619
CCDC17,-0.1619
DDX17,-0.1619
KCNRG,-0.1619
HEPHL1,-0.1619
DLEC1,-0.162
MORC4,-0.162
KLHDC2,-0.162
ZKSCAN8,-0.162
RTF1,-0.162
ZDHHC3,-0.162
ATP5MPL,-0.162
ANKDD1A,-0.162
TSPAN32,-0.162
KLF12,-0.162
RGS18,-0.1621
COPS7B,-0.1621
CEP44,-0.1621
ARPC1A,-0.1621
CEP85L,-0.1621
ANKRD53,-0.1622
SMARCA5,-0.1622
KIAA0040,-0.1622
HRAS,-0.1622
DNAAF6,-0.1622
TCEAL9,-0.1622
SOX13,-0.1623
MAP3K13,-0.1623
PLCB4,-0.1623
PDAP1,-0.1623
GK5,-0.1623
VPS54,-0.1624
SH2D3A,-0.1624
KIF16B,-0.1625
SIRPB1,-0.1625
ORC4,-0.1625
MBD4,-0.1625
TSNAXIP1,-0.1625
PLEKHH1,-0.1625
MS4A6A,-0.1625
PRRT2,-0.1626
COG8,-0.1626
YIPF4,-0.1626
ZNF775,-0.1626
ZNF84,-0.1627
TFPI,-0.1627
NAT8L,-0.1627
CWF19L1,-0.1627
LRRC8C,-0.1627
LOXL4,-0.1627
INO80D,-0.1627
FGF12,-0.1627
HOXB7,-0.1627
FN3KRP,-0.1627
ATP5IF1,-0.1628
SSC4D,-0.1628
PIP5K1C,-0.1628
ASS1,-0.1628
E4F1,-0.1628
PNMA1,-0.1628
CTSW,-0.1628
PUS10,-0.1629
SIN3B,-0.1629
ZNF182,-0.1629
COX17,-0.1629
MIPEP,-0.1629
PROX1,-0.1629
ZNF398,-0.1629
NAA38,-0.163
RBM17,-0.163
ZFP90,-0.163
PUM2,-0.163
DBF4B,-0.163
CYP24A1,-0.163
PCBP1,-0.1631
NELFB,-0.1631
PHPT1,-0.1631
ASCL2,-0.1631
SFRP5,-0.1631
SPIN2B,-0.1631
UBE2F,-0.1631
GTPBP6,-0.1632
TAB2,-0.1632
ZNF621,-0.1632
YARS1,-0.1632
HHEX,-0.1632
ZNF605,-0.1633
ATE1,-0.1633
VNN3,-0.1633
LARP1,-0.1633
GLE1,-0.1633
PLEKHA3,-0.1633
SULT4A1,-0.1633
ZNF627,-0.1633
MRS2,-0.1634
ZNF589,-0.1634
TMEM161A,-0.1634
RAB2B,-0.1634
CXCL9,-0.1634
BICDL1,-0.1634
SAMHD1,-0.1634
SYT13,-0.1634
SNX10,-0.1634
CPSF1,-0.1634
PHKB,-0.1634
PRKCI,-0.1634
TEX261,-0.1635
SDR42E1,-0.1635
AURKAIP1,-0.1635
OBI1,-0.1635
GAB3,-0.1636
CSNK2A1,-0.1636
LRRC25,-0.1636
SLC16A14,-0.1636
ANKRD37,-0.1637
ATG9B,-0.1637
PIK3C2A,-0.1637
CLEC7A,-0.1637
GSTA3,-0.1637
SLC26A4,-0.1638
JSRP1,-0.1638
RNF43,-0.1638
STAT2,-0.1638
AMH,-0.1638
SMAGP,-0.1638
GPHN,-0.1638
H4C11,-0.1638
SPATA2,-0.1638
RAB8A,-0.1639
SRRM1,-0.1639
SSBP1,-0.1639
CD164,-0.1639
CD52,-0.1639
TRIM65,-0.1639
ARHGDIA,-0.1639
CDH11,-0.1639
APAF1,-0.164
DDX24,-0.164
CCDC93,-0.164
OLFM1,-0.164
NBDY,-0.164
ATP5MF,-0.1641
PLD6,-0.1641
DAW1,-0.1641
DRC1,-0.1641
ZNF830,-0.1642
LY6H,-0.1642
MIS18BP1,-0.1642
GAPT,-0.1642
ARFGEF2,-0.1642
ATP8A2,-0.1642
CCDC114,-0.1642
HOXD4,-0.1642
AKT3,-0.1642
S100A9,-0.1642
CEBPZ,-0.1642
TLR8,-0.1642
GAS2L3,-0.1643
UCP2,-0.1643
KCNH8,-0.1643
PYGL,-0.1643
PRR19,-0.1643
IFIH1,-0.1644
CCDC14,-0.1644
BCL7C,-0.1644
PCYOX1L,-0.1644
ZSCAN12,-0.1644
CUL9,-0.1644
SF1,-0.1644
APOBEC3G,-0.1644
TSEN2,-0.1644
INO80E,-0.1645
RAB36,-0.1645
DPP7,-0.1645
RNASE6,-0.1645
SUSD6,-0.1646
NR1D1,-0.1646
TMEM91,-0.1646
APOBEC4,-0.1646
SLC25A36,-0.1646
C1orf189,-0.1646
DNAAF1,-0.1646
NFIL3,-0.1647
USP42,-0.1647
NBAS,-0.1647
H3C6,-0.1647
KRAS,-0.1647
NFYB,-0.1647
EMC7,-0.1648
PELI3,-0.1648
POLG2,-0.1648
CRMP1,-0.1649
NLGN2,-0.1649
CBX8,-0.1649
PARS2,-0.1649
GTF2IRD1,-0.1649
SYT14,-0.1649
ARL4A,-0.1649
GNLY,-0.165
ARPP19,-0.165
LXN,-0.165
SPPL3,-0.165
P2RY8,-0.165
INPPL1,-0.165
MTMR6,-0.165
MLXIP,-0.165
HLA-C,-0.165
PALLD,-0.1651
MFF,-0.1651
LDOC1,-0.1651
SLC6A4,-0.1651
RNF208,-0.1651
CCR7,-0.1652
TIGD6,-0.1652
NMB,-0.1652
TUBA4B,-0.1652
HOXC13,-0.1653
AAMDC,-0.1653
ZNF674,-0.1654
RARS2,-0.1654
ANO10,-0.1654
PCNX1,-0.1654
FAM185A,-0.1654
ZSWIM8,-0.1654
SELPLG,-0.1654
REPIN1,-0.1655
MTR,-0.1655
ATAT1,-0.1655
ZNF22,-0.1655
OXSR1,-0.1655
ANKRD54,-0.1655
PCDHB11,-0.1655
FAM217B,-0.1655
PTGER4,-0.1655
TSPAN19,-0.1656
DCAF6,-0.1656
C8orf58,-0.1656
TMEM106B,-0.1656
FASTKD5,-0.1656
INIP,-0.1657
GTF3C5,-0.1657
SPAG8,-0.1657
ZNF2,-0.1657
SIAH1,-0.1657
CYP2D6,-0.1657
NDUFB1,-0.1658
KCNMB3,-0.1658
TBX1,-0.1658
PITPNM2,-0.1658
FSBP,-0.1658
LYRM1,-0.1658
CUL2,-0.1658
CFAP70,-0.1659
IL17RD,-0.1659
SEMA6C,-0.1659
ELF3,-0.1659
RASSF2,-0.1659
KCNK6,-0.1659
AFAP1,-0.1659
GZMM,-0.166
DNAJC5B,-0.166
STAT4,-0.166
NFKBIL1,-0.166
UROS,-0.166
TCEA2,-0.166
CREG2,-0.1661
RUSF1,-0.1661
DGAT1,-0.1661
ATP6V0A2,-0.1661
HBEGF,-0.1662
IL10RA,-0.1662
TPSAB1,-0.1662
CGAS,-0.1662
PIGT,-0.1662
AC093323.1,-0.1663
CLYBL,-0.1663
ZBTB11,-0.1663
RUFY4,-0.1663
GARNL3,-0.1664
CCN6,-0.1664
NLK,-0.1664
PYHIN1,-0.1664
NT5DC3,-0.1665
UBL7,-0.1665
PIWIL4,-0.1665
GRK6,-0.1665
CDIP1,-0.1666
PIK3C3,-0.1666
GMIP,-0.1666
CD3D,-0.1666
KLC2,-0.1666
ZNF24,-0.1666
NEIL1,-0.1667
APP,-0.1667
CHRM4,-0.1667
RELCH,-0.1667
MTSS1,-0.1668
DNAJB14,-0.1668
RIPPLY3,-0.1668
FGFBP3,-0.1668
PSMD6,-0.1669
ZNF561,-0.1669
ZNF451,-0.1669
IRS1,-0.1669
FOXL3,-0.167
MAPK8IP1,-0.167
SLC30A6,-0.167
VSIG4,-0.167
EXOSC6,-0.167
CAMTA1,-0.1671
FRS3,-0.1671
CLCN3,-0.1671
POMP,-0.1671
CHGA,-0.1671
ASB7,-0.1671
PELP1,-0.1671
DOK3,-0.1671
ZBTB10,-0.1672
ADCK2,-0.1672
APCDD1,-0.1672
STRBP,-0.1672
RHEB,-0.1673
SRD5A2,-0.1673
KATNB1,-0.1673
ARPC3,-0.1673
ANKLE1,-0.1673
PMS1,-0.1673
TMSB4Y,-0.1673
ARFGEF1,-0.1673
CRTAM,-0.1673
FEZF1,-0.1674
PIGG,-0.1674
FBXO17,-0.1674
CPNE3,-0.1674
KLHL6,-0.1674
ADRB2,-0.1674
PPRC1,-0.1675
FMNL3,-0.1675
GPR75,-0.1675
TUBA1B,-0.1675
CRAMP1,-0.1675
PHF10,-0.1675
RAB40B,-0.1676
PDZD7,-0.1676
ALKBH3,-0.1676
FAM151B,-0.1676
YWHAB,-0.1677
PRR15,-0.1677
ZNF239,-0.1677
FAM53A,-0.1677
GCNA,-0.1677
C11orf21,-0.1677
YJU2,-0.1678
ZNF778,-0.1678
S1PR2,-0.1678
SDF2,-0.1679
OMG,-0.1679
ETF1,-0.1679
ACKR1,-0.1679
UBAC2,-0.1679
AACS,-0.1679
KDM7A,-0.1679
CD300LF,-0.168
MAPK8,-0.168
INHA,-0.168
RNF19A,-0.168
GPR183,-0.1681
MPC1,-0.1681
TNFRSF13B,-0.1681
PAPOLA,-0.1681
LMLN,-0.1681
FKBP9,-0.1681
FANCC,-0.1682
REV1,-0.1682
CCDC69,-0.1682
MBD6,-0.1682
APOL4,-0.1682
LZTS2,-0.1682
LSS,-0.1683
OLFML2A,-0.1683
EVA1C,-0.1683
DDO,-0.1683
KRBA1,-0.1683
STX11,-0.1683
C14orf93,-0.1683
ATG101,-0.1683
TTC32,-0.1684
PCIF1,-0.1684
WDR59,-0.1684
SLC22A4,-0.1684
NECAB2,-0.1684
STX8,-0.1684
ZNF100,-0.1685
SPRYD3,-0.1685
KLRB1,-0.1685
MXI1,-0.1685
DHFR2,-0.1685
DTD1,-0.1685
NUFIP1,-0.1686
COX7B,-0.1686
PET117,-0.1686
MAU2,-0.1686
BPIFB1,-0.1686
MTAP,-0.1686
ABITRAM,-0.1687
NFS1,-0.1687
MYL5,-0.1687
KRT32,-0.1687
MAPKAPK5,-0.1687
ATG2A,-0.1688
EFCAB1,-0.1689
HLA-DQB1,-0.1689
ATXN3,-0.1689
RSAD2,-0.1689
PPP1R13L,-0.1689
ERICH3,-0.1689
INSIG1,-0.1689
C12orf43,-0.169
PRB4,-0.169
RGP1,-0.1691
FLACC1,-0.1691
HNRNPA0,-0.1691
DERA,-0.1691
CIZ1,-0.1693
PIK3R5,-0.1693
MFSD12,-0.1693
NKG7,-0.1693
CCNJ,-0.1693
DIS3L2,-0.1694
MPEG1,-0.1694
IGHMBP2,-0.1694
PARP3,-0.1694
H2AZ2,-0.1694
TCP11L2,-0.1694
USP51,-0.1694
DNAJA1,-0.1695
GCNT4,-0.1695
PTDSS2,-0.1695
BATF2,-0.1695
STAT5B,-0.1695
HAAO,-0.1695
IFIT2,-0.1695
GOLIM4,-0.1695
TUBB4B,-0.1696
APOC1,-0.1696
CFAP161,-0.1696
PLCB3,-0.1697
CEP250,-0.1697
R3HCC1L,-0.1697
PLA2G4A,-0.1697
SNAI3,-0.1697
IL22RA2,-0.1698
HAVCR2,-0.1698
DYNLT1,-0.1698
TSPYL4,-0.1698
TMEM161B,-0.1698
MRI1,-0.1698
HSP90B1,-0.1698
ZBED8,-0.1698
REX1BD,-0.1699
EPS8,-0.1699
PCNP,-0.1699
NCOA5,-0.1699
MTIF2,-0.17
TBRG1,-0.17
PTGES3,-0.17
DCAF12L2,-0.17
MKKS,-0.17
AOC2,-0.17
NNAT,-0.1701
EHMT1,-0.1701
CYSRT1,-0.1701
DUSP23,-0.1701
GRIPAP1,-0.1701
MAP1LC3A,-0.1701
FOXN3,-0.1701
SNPH,-0.1701
ARL14EP,-0.1702
TNKS2,-0.1702
ELL2,-0.1702
IFI27L2,-0.1702
PCMT1,-0.1702
CCNC,-0.1702
POM121C,-0.1702
EXOC5,-0.1703
EN2,-0.1703
GMFG,-0.1703
NAP1L4,-0.1703
KAT5,-0.1703
GPATCH11,-0.1703
DTX3,-0.1703
MCTP2,-0.1704
ANKK1,-0.1704
CCNT1,-0.1704
CXXC1,-0.1704
BAHCC1,-0.1704
PEX5,-0.1704
LRRC34,-0.1704
ACAP1,-0.1704
AIF1,-0.1704
GRSF1,-0.1704
SLBP,-0.1705
GPR146,-0.1705
PXK,-0.1705
KLHL29,-0.1705
MTA1,-0.1705
OAS1,-0.1706
EBF4,-0.1706
LAT2,-0.1707
SLMAP,-0.1707
RAB6A,-0.1707
ZNF891,-0.1707
IL2RB,-0.1707
TBC1D17,-0.1707
TDRD7,-0.1708
MYO1F,-0.1708
MS4A7,-0.1708
NDUFA11,-0.1708
SEC22A,-0.1708
SLC15A3,-0.1708
ACAD10,-0.1708
GPR89B,-0.1708
KLF6,-0.1709
FMNL1,-0.1709
METTL3,-0.1709
DCLRE1C,-0.171
CDHR4,-0.171
DYM,-0.171
CCDC57,-0.171
SEM1,-0.171
ELK1,-0.171
RBM24,-0.1711
FAM78A,-0.1711
HSD17B10,-0.1711
AJUBA,-0.1711
CARS1,-0.1711
CAPG,-0.1712
THOC1,-0.1712
ALS2CL,-0.1712
C21orf58,-0.1712
DEPP1,-0.1712
HLA-DPA1,-0.1713
THAP8,-0.1713
STAT1,-0.1713
TUBA4A,-0.1713
RPL36A,-0.1713
NAA35,-0.1713
KCNJ16,-0.1713
PLAC8,-0.1713
GALNT13,-0.1713
PEA15,-0.1713
PCDHB4,-0.1714
YY1,-0.1714
USP13,-0.1714
ZNF689,-0.1714
BHLHA15,-0.1714
TTC21B,-0.1714
BTBD3,-0.1714
MFGE8,-0.1714
ZW10,-0.1714
TNC,-0.1715
KMT2D,-0.1715
WDR38,-0.1715
ERFE,-0.1715
DCSTAMP,-0.1716
WSB2,-0.1716
SSR3,-0.1716
KLHL23,-0.1717
NUS1,-0.1717
SDF2L1,-0.1717
SNORC,-0.1718
OSGEPL1,-0.1718
ZKSCAN5,-0.1718
TBC1D23,-0.1718
DDX43,-0.1718
CNN2,-0.1718
CNTFR,-0.1719
GNGT2,-0.1719
ASPRV1,-0.1719
NTAN1,-0.1719
ZNF548,-0.172
FBXO15,-0.172
ARHGEF26,-0.172
CNTD1,-0.172
BHLHE40,-0.172
MAFG,-0.172
TRIP4,-0.172
UCP3,-0.172
CD2BP2,-0.172
WIZ,-0.1721
RIOK3,-0.1721
CD8A,-0.1721
METTL9,-0.1721
C17orf100,-0.1721
FRMPD3,-0.1722
MAP4K1,-0.1722
WDR1,-0.1722
S100B,-0.1722
BACH1,-0.1722
RHOG,-0.1722
BZW1,-0.1722
ZNF250,-0.1722
CDC42BPG,-0.1723
SF3A2,-0.1723
SCARF2,-0.1723
DTHD1,-0.1723
TMEM179,-0.1724
GIMAP4,-0.1724
ERAP2,-0.1724
TMCO6,-0.1724
NDUFA8,-0.1724
ISG15,-0.1724
SHISA9,-0.1725
IL15,-0.1725
ZNF490,-0.1725
JPH1,-0.1725
RSPH14,-0.1725
WNT4,-0.1725
SLC39A9,-0.1725
CRABP2,-0.1726
DPH7,-0.1726
DHRSX,-0.1726
IL31RA,-0.1726
STRN,-0.1726
ARV1,-0.1727
CFAP100,-0.1727
ZNF658,-0.1727
DOK2,-0.1727
DGKZ,-0.1727
THEMIS2,-0.1727
CD40LG,-0.1728
SIT1,-0.1728
TASOR,-0.1728
S1PR4,-0.1728
LRCH1,-0.1728
TNFAIP8L1,-0.1729
SP100,-0.1729
ESPNL,-0.1729
IFT27,-0.173
PLAAT1,-0.173
ACCS,-0.173
CCDC102A,-0.1731
EFR3A,-0.1731
XRCC5,-0.1731
RGS9,-0.1731
CNIH3,-0.1731
GTF3C4,-0.1731
DLL1,-0.1732
TLR4,-0.1732
QKI,-0.1732
ADGRE1,-0.1732
C3orf14,-0.1732
USO1,-0.1733
EPHA3,-0.1733
PKD2,-0.1734
TFEC,-0.1734
CCDC33,-0.1734
STAU1,-0.1734
ORMDL1,-0.1734
VPS4A,-0.1734
PER2,-0.1734
LGALS2,-0.1735
TXLNB,-0.1735
GDI1,-0.1735
TTLL10,-0.1735
WAPL,-0.1735
HPD,-0.1736
PILRA,-0.1736
PANK3,-0.1736
DYNC1LI2,-0.1736
UBLCP1,-0.1736
TNFSF10,-0.1736
TLNRD1,-0.1736
MIB1,-0.1737
TNFRSF4,-0.1737
FP565260.6,-0.1737
TTC33,-0.1737
CFAP157,-0.1737
LRRC61,-0.1738
GIMAP7,-0.1738
BBS2,-0.1738
FRAS1,-0.1738
ANTKMT,-0.1738
RABL2A,-0.1739
SPATA6L,-0.1739
ZNF3,-0.1739
LAIR1,-0.1739
WDR37,-0.1739
TMEM11,-0.1739
ABCC2,-0.1739
SERPINI1,-0.1739
TMX2,-0.174
CD4,-0.174
RBM11,-0.174
SCUBE3,-0.174
ARHGEF16,-0.174
ROBO3,-0.174
AKR7A3,-0.1741
BRWD3,-0.1741
METTL4,-0.1741
ZNF266,-0.1741
SCAI,-0.1742
PHYKPL,-0.1742
KCNK1,-0.1742
PIPOX,-0.1742
CYP1B1,-0.1742
SRSF5,-0.1743
POLR2J3,-0.1743
TMEM268,-0.1743
JAZF1,-0.1743
RAP2A,-0.1743
FAM53C,-0.1743
DNPEP,-0.1743
ZFYVE27,-0.1743
TRAFD1,-0.1744
FTL,-0.1744
PCDHB10,-0.1744
LETM1,-0.1744
FASTKD1,-0.1744
FZR1,-0.1744
RUFY2,-0.1745
RFFL,-0.1745
VGLL4,-0.1745
TBCB,-0.1745
YTHDF3,-0.1745
HOXD3,-0.1745
RFXANK,-0.1746
ZNF404,-0.1746
NFKBIB,-0.1746
ECT2L,-0.1746
ZNF215,-0.1746
ERBIN,-0.1746
EFHC2,-0.1746
BIRC3,-0.1746
STOML3,-0.1747
PIAS1,-0.1747
APOE,-0.1747
ABRAXAS1,-0.1747
PDE6D,-0.1748
S100P,-0.1748
RTKN,-0.1748
TAF5,-0.1748
MINDY3,-0.1748
IFI6,-0.1748
UBE2G2,-0.1748
NEK1,-0.1748
DVL1,-0.1749
PDIA2,-0.1749
ITGAX,-0.1749
TRIM13,-0.1749
CIITA,-0.1749
ALOXE3,-0.1749
BIN2,-0.1749
TMEM65,-0.1749
ZNF546,-0.1749
SMIM10L1,-0.1749
TAF8,-0.175
GABPA,-0.175
SAFB,-0.175
DCAF15,-0.175
PDIA5,-0.175
NFATC2,-0.1751
PIKFYVE,-0.1751
MDM4,-0.1751
MPC2,-0.1751
NR1H3,-0.1751
YAF2,-0.1752
NKX2-8,-0.1752
GUCY1B1,-0.1752
WDR92,-0.1752
ELK3,-0.1752
SP140L,-0.1753
DOCK2,-0.1753
EIF2A,-0.1753
MS4A4A,-0.1753
RPL7L1,-0.1753
EME2,-0.1754
SLCO4A1,-0.1754
TXLNG,-0.1754
SNRPD3,-0.1754
COQ8B,-0.1754
ACSS1,-0.1754
IRGQ,-0.1754
PLAT,-0.1755
FCHSD1,-0.1755
CHCHD6,-0.1755
RAB3IP,-0.1756
STK10,-0.1756
IFI44,-0.1756
DNAJC5,-0.1756
RTL8B,-0.1756
HHAT,-0.1756
CARNMT1,-0.1756
TAF10,-0.1756
AKNA,-0.1757
CHUK,-0.1757
ZNF853,-0.1757
MSR1,-0.1757
TMEM54,-0.1758
NDUFS1,-0.1758
CLTB,-0.1758
AK7,-0.1758
KLHL7,-0.1758
AGAP3,-0.1758
LSM14B,-0.1758
ANKRD26,-0.1758
AREG,-0.1759
RITA1,-0.176
RASGEF1B,-0.176
CCDC71L,-0.176
GTF3C3,-0.176
LRWD1,-0.176
LRIF1,-0.176
WDSUB1,-0.1761
FUBP3,-0.1761
GALK2,-0.1761
NFAM1,-0.1761
TIAF1,-0.1761
CD58,-0.1762
RAD9A,-0.1762
PLEKHG1,-0.1762
ARHGAP25,-0.1762
UNKL,-0.1762
MESP2,-0.1762
PIAS4,-0.1762
RPGR,-0.1762
FOXK1,-0.1762
POLR2J,-0.1763
PSIP1,-0.1763
GRK3,-0.1763
STAG2,-0.1763
RNF123,-0.1763
POM121,-0.1763
STAU2,-0.1763
ZNF667,-0.1763
COMMD2,-0.1764
KDM6B,-0.1764
REXO4,-0.1764
SMAP1,-0.1764
ST8SIA4,-0.1765
SELENOP,-0.1765
RAC1,-0.1765
GIT2,-0.1765
TXNRD1,-0.1765
ZNF557,-0.1765
THSD7B,-0.1765
LDLR,-0.1766
SFT2D1,-0.1766
MACROD1,-0.1766
GABARAPL1,-0.1766
MAP2K1,-0.1766
VAV1,-0.1767
NCF1,-0.1768
ODF3B,-0.1768
DGLUCY,-0.1768
VILL,-0.1768
SUGP2,-0.1768
CERS4,-0.1768
SLC9A3,-0.1769
SIGLEC14,-0.1769
DCST2,-0.1769
BRD7,-0.1769
SAP18,-0.1769
NUDT19,-0.1769
RNF183,-0.177
OSGIN1,-0.177
BBX,-0.177
KLK12,-0.177
MPLKIP,-0.1771
HSPH1,-0.1771
BORCS6,-0.1771
SMU1,-0.1771
IPO8,-0.1771
MRPL57,-0.1771
KIRREL2,-0.1772
SPACA6,-0.1772
MBD2,-0.1772
REST,-0.1772
CATSPER1,-0.1772
ABCB8,-0.1772
CWC27,-0.1772
TSG101,-0.1772
RRAGB,-0.1773
SLC2A4RG,-0.1773
THSD7A,-0.1773
REEP1,-0.1773
DPH1,-0.1773
PLCG2,-0.1773
KIAA1143,-0.1773
NINJ1,-0.1773
TMEM119,-0.1773
TGFB1,-0.1774
DTX2,-0.1774
CCND1,-0.1774
DPP8,-0.1774
CDK11B,-0.1774
SAT1,-0.1775
MAFF,-0.1775
CEP70,-0.1775
ZNF304,-0.1775
BBOX1,-0.1775
PRRX2,-0.1775
SMCHD1,-0.1775
FAM219B,-0.1775
TRAPPC6A,-0.1775
DYNC1I2,-0.1775
LTB,-0.1775
TOX4,-0.1776
DDX54,-0.1776
MLH3,-0.1776
EGF,-0.1776
DNAI1,-0.1777
RXYLT1,-0.1777
RBM48,-0.1777
PLCXD1,-0.1777
CNTNAP1,-0.1777
NUBPL,-0.1777
SCT,-0.1778
HP,-0.1778
BNIP3,-0.1778
SLC25A28,-0.1779
PRPF40B,-0.178
CCNT2,-0.178
GCN1,-0.178
CRYGS,-0.178
C12orf60,-0.178
ALDH1B1,-0.178
MICB,-0.1781
ITPKC,-0.1781
ZNF624,-0.1782
MARK3,-0.1782
ZFP41,-0.1782
OMD,-0.1782
YES1,-0.1782
FECH,-0.1782
SERPING1,-0.1782
RASSF6,-0.1783
NCKAP5L,-0.1783
MAGEC2,-0.1783
FAM120AOS,-0.1784
FDXACB1,-0.1784
KCNAB3,-0.1785
CBR1,-0.1785
MRPL16,-0.1785
ITPRIP,-0.1785
ACADVL,-0.1785
ZHX2,-0.1786
CAMKK1,-0.1786
SLAMF1,-0.1786
RNF187,-0.1786
ELP2,-0.1786
TTC14,-0.1786
APPL1,-0.1786
COX6B1,-0.1786
PTPRN,-0.1787
SALL1,-0.1787
HOXC8,-0.1787
CORO7,-0.1788
TUB,-0.1788
CDK5RAP1,-0.1788
TNF,-0.1788
IFI44L,-0.1788
DCTN2,-0.1789
RBM42,-0.1789
IL16,-0.179
SLC35G2,-0.179
GLS,-0.179
COQ7,-0.179
BCL2L14,-0.1791
SLC41A3,-0.1791
TUBD1,-0.1791
AKIP1,-0.1791
UHRF1BP1L,-0.1791
INVS,-0.1791
PUM3,-0.1792
TMEM150B,-0.1792
TANK,-0.1792
TRAPPC13,-0.1792
GZMH,-0.1792
PNMA6E,-0.1792
MLLT1,-0.1792
CLDND2,-0.1792
MAPK15,-0.1792
PCDHGB1,-0.1793
ACSS2,-0.1793
TSHZ2,-0.1793
C9orf43,-0.1793
TMEM209,-0.1793
CYP2C18,-0.1793
SNX3,-0.1794
CALM1,-0.1794
PDCL,-0.1794
NOS2,-0.1794
ENOSF1,-0.1794
LBHD1,-0.1794
TMEM259,-0.1794
UBALD1,-0.1794
BLNK,-0.1795
HLA-DPB1,-0.1795
CEP95,-0.1795
SDR39U1,-0.1795
C14orf119,-0.1795
OSTM1,-0.1796
ILKAP,-0.1796
SOWAHD,-0.1796
SPATS2L,-0.1796
SLN,-0.1796
PTPN6,-0.1796
MFSD1,-0.1797
CCND2,-0.1797
PTPRT,-0.1797
CCDC74B,-0.1797
FBXO41,-0.1798
FAM13B,-0.1798
ZCRB1,-0.1798
ARHGAP19,-0.1798
RIC1,-0.1798
PDLIM3,-0.1799
DAZAP2,-0.1799
ZNF426,-0.1799
EHBP1L1,-0.1799
ADNP2,-0.1799
POU5F1,-0.1799
SCAP,-0.18
TIMP4,-0.18
PIK3AP1,-0.1801
RPA2,-0.1801
SLC15A4,-0.1801
TRIM14,-0.1801
LTN1,-0.1801
SPOP,-0.1801
NUDT16,-0.1802
EIF5,-0.1802
TUT4,-0.1802
TEAD2,-0.1802
CREB5,-0.1802
MAP2,-0.1802
ARL5A,-0.1802
CHURC1,-0.1803
GSDMD,-0.1803
CD74,-0.1804
MBLAC2,-0.1804
IL32,-0.1804
TSC1,-0.1804
DDX19A,-0.1805
DTNA,-0.1805
ATN1,-0.1805
FAM117B,-0.1805
NEDD8,-0.1807
ARSJ,-0.1807
KLK10,-0.1807
GFM2,-0.1807
CXCL3,-0.1807
CLIP3,-0.1807
WDR97,-0.1807
NCOA2,-0.1807
NRXN2,-0.1808
CAPN3,-0.1808
BAZ1B,-0.1808
ANKS3,-0.1808
SLC7A7,-0.1808
ZNF345,-0.1808
SCRN2,-0.1809
GOLGA8A,-0.1809
MSANTD2,-0.181
XAB2,-0.181
MTO1,-0.181
CHD4,-0.181
IREB2,-0.181
MGAT5,-0.1812
HOXA6,-0.1812
TGFA,-0.1812
MYCBPAP,-0.1813
WWTR1,-0.1813
ZNF394,-0.1813
FYN,-0.1813
SMAP2,-0.1814
ANO9,-0.1814
SNCG,-0.1814
CYBB,-0.1814
GPR137,-0.1814
AL121753.1,-0.1814
MFAP3,-0.1814
TMEM240,-0.1814
HOXC4,-0.1814
NHEJ1,-0.1815
CLEC2D,-0.1815
STK32B,-0.1815
TUBG2,-0.1815
ANAPC4,-0.1815
NINL,-0.1815
TMC6,-0.1816
OGT,-0.1816
COPRS,-0.1817
MFSD14B,-0.1817
C1orf56,-0.1817
TNFRSF14,-0.1818
PRSS36,-0.1818
LAMA5,-0.1818
RNF38,-0.1818
FAM98C,-0.1819
IRF3,-0.1819
TBC1D20,-0.1819
ARHGAP22,-0.1819
IL2RG,-0.182
ZNF81,-0.182
CSNK1E,-0.1821
KATNAL2,-0.1821
CARMIL2,-0.1821
PCDHB7,-0.1821
BCHE,-0.1821
FAM133A,-0.1821
VAPB,-0.1822
FCER1G,-0.1822
MSX1,-0.1822
TOPORS,-0.1822
EXOC4,-0.1822
ZNF202,-0.1822
SCYL2,-0.1822
ZNF517,-0.1823
BUD23,-0.1823
ATP10D,-0.1823
ZBTB8OS,-0.1823
PPP2R5D,-0.1824
MAP2K6,-0.1824
ANAPC13,-0.1824
ERGIC3,-0.1824
SLC40A1,-0.1824
MAN2A2,-0.1824
CACNG6,-0.1825
CPNE1,-0.1825
PPP6C,-0.1825
PAWR,-0.1825
ZBTB34,-0.1825
VIRMA,-0.1825
HK3,-0.1826
DGKQ,-0.1826
ERMARD,-0.1826
COL11A2,-0.1827
CNNM2,-0.1827
EPHA2,-0.1827
SEMA4D,-0.1827
SPTBN5,-0.1827
SERPINB8,-0.1828
ACVR2B,-0.1828
PPP1R12A,-0.1828
ULBP1,-0.1828
PHC1,-0.1828
ZNF44,-0.1828
STPG1,-0.1828
KIZ,-0.1829
ZNF623,-0.1829
SCIMP,-0.1829
STOM,-0.1829
ZNF699,-0.183
C17orf67,-0.183
SH2B2,-0.183
ZDHHC20,-0.183
HLA-A,-0.183
VSIR,-0.1831
RPS6KL1,-0.1831
BRAF,-0.1831
ADD3,-0.1832
TNFRSF25,-0.1832
PRSS23,-0.1832
ATF1,-0.1832
SUDS3,-0.1832
PLEK,-0.1832
ADGRB1,-0.1832
CECR2,-0.1832
AKR1B15,-0.1833
MGMT,-0.1833
SPOCD1,-0.1833
LPCAT4,-0.1833
NTSR1,-0.1833
STK35,-0.1834
RCSD1,-0.1834
VPS39,-0.1834
CWH43,-0.1834
MED4,-0.1835
PLA2G2A,-0.1835
RNF44,-0.1835
HLA-DMB,-0.1836
ZSCAN21,-0.1836
GRIP1,-0.1836
EFNA2,-0.1836
SFXN2,-0.1836
SEC61G,-0.1836
MAPK8IP2,-0.1837
PRKCB,-0.1837
ARL8B,-0.1837
POLRMT,-0.1837
C12orf65,-0.1838
BMT2,-0.1838
VEZF1,-0.1838
DNAJC21,-0.1838
SPI1,-0.1838
FZD9,-0.1838
CADM4,-0.1838
PRKACA,-0.1838
SCG5,-0.1838
ZMYM6,-0.1839
ATG13,-0.1839
METTL2B,-0.1839
RANBP6,-0.1839
ZNF707,-0.1839
KMT2B,-0.1839
KLF10,-0.184
AP002495.1,-0.184
IAH1,-0.184
UBASH3A,-0.184
CERS5,-0.184
UBQLN1,-0.1841
LRRK1,-0.1841
NEURL4,-0.1841
ELAVL1,-0.1841
ZNF462,-0.1841
MT3,-0.1842
UBE2V2,-0.1842
PLIN5,-0.1842
FERMT3,-0.1842
PIGZ,-0.1843
TSPEAR,-0.1843
RUSC2,-0.1844
KCTD13,-0.1844
MAML1,-0.1844
CLPSL2,-0.1844
SSPN,-0.1845
PDIA6,-0.1845
PGGHG,-0.1845
BCORL1,-0.1845
FAAP20,-0.1845
BAMBI,-0.1846
PASK,-0.1846
USP16,-0.1846
GNAS,-0.1846
WAS,-0.1846
MTDH,-0.1846
FBXO4,-0.1847
ZSCAN25,-0.1847
CPLX2,-0.1847
NEK9,-0.1848
LRRC29,-0.1848
CST7,-0.1848
B2M,-0.1849
PPP2R2D,-0.1849
CIBAR2,-0.1849
MATK,-0.1849
M1AP,-0.185
PPP1R3E,-0.185
MAST3,-0.185
MCEE,-0.185
AC055839.2,-0.1851
DDX60L,-0.1851
AKAP8L,-0.1852
INTS1,-0.1852
ADI1,-0.1852
PPTC7,-0.1852
HNRNPA1L2,-0.1852
IPO7,-0.1852
SLC26A2,-0.1853
ZDHHC11,-0.1854
SCN9A,-0.1854
AP4S1,-0.1854
OSBPL8,-0.1854
WDR83,-0.1854
EGFR,-0.1854
NIPSNAP3A,-0.1855
MKNK2,-0.1855
PHF7,-0.1855
TSACC,-0.1855
MAT2B,-0.1855
PPP2R5B,-0.1855
C18orf21,-0.1855
DHX40,-0.1855
DTX1,-0.1856
LAMP5,-0.1856
TTC31,-0.1856
HACE1,-0.1856
CCL19,-0.1856
DDIT3,-0.1856
KLHDC3,-0.1856
TMEM106C,-0.1856
PRR12,-0.1856
SETD5,-0.1856
RNF114,-0.1857
ANKRD35,-0.1857
OGFRL1,-0.1858
OPRK1,-0.1858
EEF1A1,-0.1858
MCCC2,-0.1858
ZIK1,-0.1858
AKAP10,-0.1858
PPIL4,-0.1859
ATOX1,-0.1859
PJVK,-0.1859
SMYD3,-0.186
IMPDH1,-0.186
MAVS,-0.186
EIF4B,-0.186
ABRAXAS2,-0.186
ITFG2,-0.186
FAM210B,-0.186
LCP2,-0.1861
NR1D2,-0.1861
SNX11,-0.1861
SRSF6,-0.1861
TCF12,-0.1861
MMGT1,-0.1861
CCNI,-0.1861
FAM161A,-0.1861
PAPLN,-0.1862
FAM76B,-0.1862
BAIAP2L1,-0.1862
KANSL1,-0.1862
SCRIB,-0.1862
ARL11,-0.1862
NXN,-0.1862
C2CD5,-0.1862
DIDO1,-0.1862
LHFPL4,-0.1864
NET1,-0.1864
NLRP3,-0.1864
ADAM9,-0.1865
ABHD8,-0.1865
CCDC89,-0.1866
BRD8,-0.1866
PEF1,-0.1866
PPP1R9B,-0.1866
HLA-DRB1,-0.1866
MYO7A,-0.1867
PARP15,-0.1867
AGTPBP1,-0.1868
MEMO1,-0.1868
F2RL2,-0.1868
NOL3,-0.1869
NMRK1,-0.1869
ARHGAP8,-0.1869
MSH5,-0.1869
HLA-F,-0.187
MOB1B,-0.187
RCC1L,-0.187
MUS81,-0.187
SHISAL1,-0.187
APOL2,-0.1871
HLA-DRB5,-0.1871
CEP164,-0.1871
DCXR,-0.1871
FADS1,-0.1872
USP3,-0.1872
ADGRL1,-0.1872
CHCHD3,-0.1872
TMEM60,-0.1872
FGR,-0.1873
ATAD3B,-0.1873
MBD3,-0.1873
IFFO1,-0.1874
GPR143,-0.1874
ARHGEF28,-0.1874
PIM1,-0.1874
CSNK1G3,-0.1875
ALS2,-0.1875
PCMTD2,-0.1875
BAG1,-0.1875
PTPA,-0.1875
ING3,-0.1875
HNRNPLL,-0.1876
ESF1,-0.1876
CRABP1,-0.1877
PFDN6,-0.1877
CASC3,-0.1877
CD247,-0.1878
TMEM169,-0.1878
TARS3,-0.1878
DNHD1,-0.1879
HDAC4,-0.1879
DKK1,-0.1879
CAPRIN2,-0.1879
NGF,-0.188
EVI2B,-0.188
MAP3K1,-0.188
CRADD,-0.188
TTC12,-0.188
SOCS7,-0.188
ZNF292,-0.1881
PIGB,-0.1881
EIF5AL1,-0.1881
CCDC157,-0.1881
CNPY3,-0.1882
RECQL5,-0.1882
TMEM120B,-0.1882
PTCH2,-0.1882
C8orf76,-0.1882
ASPSCR1,-0.1883
NAXD,-0.1883
ETV7,-0.1883
CES1,-0.1883
ZNF559,-0.1884
CAND2,-0.1884
UQCRHL,-0.1884
TMEM102,-0.1884
B3GAT3,-0.1884
ACTB,-0.1884
EXOC3L4,-0.1884
OAS2,-0.1885
C9orf78,-0.1885
MEX3B,-0.1886
WNT11,-0.1886
ARHGEF1,-0.1887
GOLGA7,-0.1887
CNNM1,-0.1887
ARMC10,-0.1888
HOMER1,-0.1888
AC233723.1,-0.1888
BTBD1,-0.1889
LILRA1,-0.1889
CMTM7,-0.1889
INPP5J,-0.1889
SLC23A1,-0.1889
CD53,-0.189
MNDA,-0.189
ASIC3,-0.189
ARSI,-0.1891
CTU1,-0.1891
ANKRD40,-0.1891
RAD1,-0.1891
UNC119B,-0.1891
HSD17B12,-0.1892
PLEKHG5,-0.1893
MSLNL,-0.1893
WDR90,-0.1893
HLA-DOA,-0.1893
XRCC1,-0.1893
REXO1,-0.1893
MCRS1,-0.1893
PDHB,-0.1893
MTERF2,-0.1894
FCGR3A,-0.1894
FCSK,-0.1894
ZNF148,-0.1894
ELMO2,-0.1894
VAMP4,-0.1895
SETD1A,-0.1895
YTHDC2,-0.1895
GAREM1,-0.1896
ZNF780B,-0.1896
ARHGAP9,-0.1896
UTP23,-0.1896
ZDHHC11B,-0.1896
GMEB2,-0.1897
GNPTAB,-0.1897
SLC9A5,-0.1897
PDK3,-0.1898
THBS3,-0.1898
EPN2,-0.1898
ZBED9,-0.1898
ADO,-0.1899
FUT7,-0.1899
LTO1,-0.1899
SART3,-0.1899
PSORS1C2,-0.19
M6PR,-0.19
PFKM,-0.19
PDHA1,-0.19
B4GALT5,-0.19
MTSS2,-0.1901
C7orf26,-0.1901
ANKRD16,-0.1901
PDPN,-0.1901
SMIM7,-0.1902
HNRNPH3,-0.1903
HLA-B,-0.1903
ASMTL,-0.1903
TOX2,-0.1903
PRKRA,-0.1904
SEPTIN1,-0.1905
UCHL3,-0.1905
CROCC,-0.1905
BBS5,-0.1905
HSPA13,-0.1905
LDHB,-0.1905
ZNF383,-0.1906
NCK2,-0.1907
NUDT13,-0.1907
TUT1,-0.1908
ZKSCAN1,-0.1908
TRIM24,-0.1909
CNPY2,-0.1909
BEST4,-0.1909
ALKBH6,-0.1909
PPM1D,-0.1909
SLC34A3,-0.191
SOX9,-0.191
HEXIM1,-0.1911
PSMG4,-0.1911
CCDC117,-0.1911
PPIP5K1,-0.1911
UBA7,-0.1912
RPS27AP5,-0.1912
SDHAF2,-0.1912
AMD1,-0.1912
SH3BP4,-0.1912
PDP2,-0.1912
ZHX1,-0.1912
MBD1,-0.1912
PTPN12,-0.1912
WASHC4,-0.1912
MRPL41,-0.1914
MAF,-0.1914
CREBZF,-0.1914
ZNF791,-0.1914
ADNP,-0.1914
CALHM2,-0.1915
AGBL5,-0.1915
SLC2A6,-0.1915
TRAPPC6B,-0.1915
MAP3K10,-0.1916
IGSF6,-0.1916
PARVG,-0.1916
SAMD9L,-0.1917
ZNF440,-0.1917
LURAP1,-0.1917
TFR2,-0.1918
CYBA,-0.1918
TMEM218,-0.1918
FKBP1B,-0.1918
UBXN11,-0.1918
ADAMTS10,-0.1919
VAMP1,-0.1919
DDX31,-0.1919
GNAI2,-0.1919
TCTEX1D2,-0.1919
NCR3,-0.1919
SCNN1D,-0.1919
ROM1,-0.192
PLA2G6,-0.192
SMG9,-0.1921
SRF,-0.1921
MMP7,-0.1921
SLC38A4,-0.1921
KLHL9,-0.1922
CNOT1,-0.1922
LRRC37A3,-0.1923
DCAF10,-0.1923
THAP5,-0.1923
SCAMP1,-0.1923
CAPN5,-0.1924
FBXL4,-0.1924
RNF139,-0.1925
STK36,-0.1925
COX6A1,-0.1925
AKAP3,-0.1925
CHST12,-0.1925
IL20RA,-0.1925
DAZAP1,-0.1926
ACIN1,-0.1926
B3GNTL1,-0.1926
ZFYVE28,-0.1926
ACSF3,-0.1926
DNASE1L3,-0.1926
RDH11,-0.1927
NUDT4,-0.1928
RTF2,-0.1928
SNCAIP,-0.1928
PCSK4,-0.1928
HOXC6,-0.1928
CREB1,-0.1928
CNTN1,-0.1929
SLC47A1,-0.1929
DCUN1D4,-0.1929
ZNF566,-0.193
ZNF138,-0.193
FBXL3,-0.193
KAT2A,-0.1931
CD22,-0.1931
RNASEK,-0.1931
VPS16,-0.1931
GBP1,-0.1932
ATG7,-0.1932
ACRBP,-0.1932
CUL1,-0.1932
ZNF655,-0.1933
NFKBIZ,-0.1933
UQCRQ,-0.1933
NARS1,-0.1934
SEC24C,-0.1934
KIRREL1,-0.1934
SETD1B,-0.1935
DCC,-0.1935
PSPN,-0.1935
IGFBP1,-0.1935
CARS2,-0.1936
ZNF92,-0.1936
PLEKHH3,-0.1936
C1QA,-0.1936
ARL5B,-0.1936
MICU3,-0.1937
ZNF789,-0.1937
CCSER1,-0.1937
GTPBP10,-0.1937
PAXIP1,-0.1938
CYP7B1,-0.1938
NBL1,-0.1938
TGM1,-0.1938
MST1,-0.1938
ANKAR,-0.1939
COL2A1,-0.194
FAM104B,-0.194
DDX58,-0.1941
CTDP1,-0.1941
NCOA4,-0.1941
SCAND1,-0.1941
PSMB8,-0.1941
PHKA2,-0.1942
STMN3,-0.1942
DNAJC27,-0.1943
FTCD,-0.1943
ZBP1,-0.1943
TRIB2,-0.1943
CCDC136,-0.1943
OPLAH,-0.1943
GTF2I,-0.1944
UVSSA,-0.1944
UPK2,-0.1944
ZFP14,-0.1944
MAP3K21,-0.1944
PTPRA,-0.1944
HSPE1,-0.1945
C19orf54,-0.1945
MYPOP,-0.1945
LAPTM4B,-0.1945
FCGR1A,-0.1945
PTPN1,-0.1945
ADA2,-0.1946
PIGA,-0.1946
TSNARE1,-0.1946
DHX58,-0.1946
TRMT61A,-0.1947
ZNF189,-0.1947
IPP,-0.1948
KLHL12,-0.1949
ZNF594,-0.1949
FBXO48,-0.1949
SNF8,-0.1949
UBE3C,-0.1949
RABGEF1,-0.195
RECQL,-0.195
NEFL,-0.195
TCFL5,-0.1951
C11orf16,-0.1951
MPZ,-0.1951
AMMECR1L,-0.1952
SLC25A10,-0.1952
RHPN1,-0.1952
TSSK4,-0.1953
CXorf21,-0.1953
ARHGAP39,-0.1953
ATP6V1E2,-0.1953
PPWD1,-0.1953
B9D2,-0.1953
ZCCHC10,-0.1953
EIF4G2,-0.1954
TNFAIP8L2,-0.1954
XPA,-0.1954
GPR65,-0.1954
IL7R,-0.1954
AKAP8,-0.1955
BTAF1,-0.1955
ORAI2,-0.1955
TSSC4,-0.1955
ANKRA2,-0.1955
TMEM86B,-0.1956
AGAP4,-0.1956
CEP290,-0.1956
SUN1,-0.1957
GRAP2,-0.1957
MREG,-0.1957
NCF4,-0.1957
TRIM21,-0.1957
ZDHHC24,-0.1958
ICOS,-0.1958
PHC3,-0.1958
RAPGEF5,-0.1958
RAD51D,-0.1959
CD3G,-0.1959
METTL24,-0.196
IFI35,-0.196
ERMAP,-0.1961
TEX9,-0.1961
SKAP2,-0.1961
CTNNBL1,-0.1962
PCDHB13,-0.1962
RDM1,-0.1963
CCL4,-0.1963
COL18A1,-0.1963
CNOT6L,-0.1964
TBKBP1,-0.1964
FASTK,-0.1964
AKR1A1,-0.1965
ZNF577,-0.1965
TNPO2,-0.1966
ITPKB,-0.1967
PHACTR3,-0.1967
MED25,-0.1967
ZFP36L2,-0.1968
RND2,-0.1968
ZNF333,-0.1968
WBP1,-0.1968
HCK,-0.1969
RPRD1A,-0.197
MKLN1,-0.1971
TMEM67,-0.1971
RUBCN,-0.1972
NCF2,-0.1972
CHRNA5,-0.1972
GRK2,-0.1972
TNFSF14,-0.1972
KIN,-0.1972
TMEM229B,-0.1973
TREX2,-0.1973
CHRNA10,-0.1973
ZMYM5,-0.1973
USF2,-0.1974
MAST1,-0.1975
C1QB,-0.1975
IFITM5,-0.1975
CES4A,-0.1975
FBRS,-0.1976
IFFO2,-0.1976
CFAP20,-0.1976
RAB26,-0.1977
PIGH,-0.1977
AGPAT1,-0.1977
SERHL2,-0.1977
ABCC4,-0.1977
SAMD12,-0.1978
PCK2,-0.1978
STRN3,-0.1978
TM2D2,-0.1978
KIAA2026,-0.1978
PIGS,-0.1978
PRR18,-0.1978
ZNF532,-0.1978
HNRNPDL,-0.1979
ADCK5,-0.1979
CCR2,-0.1979
HOOK2,-0.198
HLA-DQA2,-0.198
IL27RA,-0.198
JCHAIN,-0.198
ARHGAP30,-0.198
GTF2H5,-0.198
AUTS2,-0.1981
THOC7,-0.1981
DNAH1,-0.1982
MPV17,-0.1982
MPP3,-0.1983
BBC3,-0.1983
SLC25A29,-0.1983
POLM,-0.1983
RNF216,-0.1984
FNBP1,-0.1984
ABCA7,-0.1984
UFSP1,-0.1984
SUSD3,-0.1986
ZBED5,-0.1986
ADAM11,-0.1986
HOXA3,-0.1986
AMDHD2,-0.1986
GULP1,-0.1986
PPP2R3A,-0.1987
TMEM241,-0.1987
TNNT1,-0.1987
PTPRC,-0.1987
SLC24A1,-0.1987
PHLPP1,-0.1988
CIPC,-0.1988
SULT2B1,-0.1988
TATDN2,-0.1988
PTCH1,-0.1989
PNISR,-0.1989
PARP11,-0.1989
LMBR1,-0.1989
PRB1,-0.1989
IFI27,-0.199
L3MBTL4,-0.199
MAP7D1,-0.199
FUNDC2,-0.199
VGF,-0.1991
TNPO3,-0.1991
MORC3,-0.1992
UQCRC2,-0.1992
GBA2,-0.1992
IDO1,-0.1993
MDFIC,-0.1994
KDM4C,-0.1995
RABL3,-0.1995
SLC35A5,-0.1996
MEN1,-0.1997
WASHC5,-0.1998
SRC,-0.1998
NDUFA9,-0.1998
FBXW8,-0.1998
SLC23A2,-0.1998
SH2B1,-0.1998
TBC1D14,-0.1998
TPSD1,-0.1998
B3GNT10,-0.1999
MAP3K8,-0.1999
ZSCAN31,-0.1999
PIP4K2A,-0.1999
MICAL1,-0.2
RANBP3,-0.2
PNN,-0.2
TNFSF13B,-0.2001
TAS2R20,-0.2001
FBXO11,-0.2001
PPP2R5C,-0.2001
SS18,-0.2001
LAPTM5,-0.2001
TRIM52,-0.2001
ME2,-0.2001
PRDX5,-0.2002
PIGO,-0.2002
CCDC188,-0.2002
FNDC4,-0.2002
CEP68,-0.2002
BAG5,-0.2003
PPIC,-0.2003
SDHA,-0.2003
ZNF618,-0.2004
ING4,-0.2004
GABRD,-0.2004
ZNF865,-0.2005
RNASEH1,-0.2005
NDUFV1,-0.2005
NAIF1,-0.2006
ALG9,-0.2006
SENP6,-0.2006
GGCT,-0.2007
SND1,-0.2007
PPP1R15A,-0.2008
AC073111.3,-0.2008
CBWD1,-0.2008
ZNF443,-0.2008
BACE1,-0.2008
ZNF823,-0.2008
ISY1,-0.2009
UBE2J2,-0.2009
FCRL1,-0.2009
TAF6,-0.2009
ZNF74,-0.2009
CD5,-0.2009
INTS11,-0.2009
ZNF169,-0.201
TMEM81,-0.201
ICA1L,-0.201
ARHGEF35,-0.201
SRPX2,-0.201
KLHL24,-0.2011
SNRNP70,-0.2011
NCKAP1L,-0.2011
TVP23C,-0.2011
GOLGA6L9,-0.2011
SSR4,-0.2012
GYG1,-0.2013
NGEF,-0.2013
SLC39A6,-0.2014
DDHD1,-0.2014
CHD9,-0.2014
PLPPR1,-0.2015
MAP3K14,-0.2015
TMCC3,-0.2015
JMJD7-PLA2G4B,-0.2015
ZFAND4,-0.2017
BTK,-0.2017
CYP51A1,-0.2018
CD244,-0.2018
ATP5ME,-0.2018
NOC4L,-0.2018
FGL2,-0.2018
TPGS2,-0.2018
FBXL8,-0.2019
TFDP2,-0.2019
BX255925.3,-0.202
GCOM1,-0.2021
PHYHIP,-0.2021
CHIT1,-0.2021
PLGRKT,-0.2021
CPA3,-0.2022
UVRAG,-0.2022
SUGP1,-0.2023
PPP1R16A,-0.2023
ANGEL1,-0.2023
MAZ,-0.2024
LETM2,-0.2024
ZMYND8,-0.2024
SCML1,-0.2024
SLC25A27,-0.2024
LRRC3,-0.2025
DRG2,-0.2025
UTP3,-0.2026
NPIPB4,-0.2026
ARFRP1,-0.2026
CLDN8,-0.2026
RWDD1,-0.2026
SEMA3C,-0.2026
SGMS1,-0.2027
FBXO31,-0.2027
CLBA1,-0.2028
SIRT5,-0.2028
FKBP5,-0.2028
BRD3,-0.2028
CBL,-0.2028
RHBDD1,-0.2029
NDUFAB1,-0.2029
FAM171A2,-0.2029
HDGFL2,-0.2029
GBP4,-0.2029
TTLL3,-0.203
LSP1,-0.203
APOL3,-0.203
RNFT2,-0.2031
CATSPER2,-0.2031
POC1B,-0.2031
PPP1R3D,-0.2032
TYROBP,-0.2032
FAM89A,-0.2032
LRCH3,-0.2032
PDE6G,-0.2032
LHX8,-0.2032
SNX20,-0.2032
NKD2,-0.2032
MEGF6,-0.2033
ZAP70,-0.2033
SRPK2,-0.2034
MYCN,-0.2034
CDK20,-0.2034
ATP2A1,-0.2035
DNAJC14,-0.2035
RUNDC3A,-0.2036
TM4SF1,-0.2036
HTRA4,-0.2036
ZNF175,-0.2036
ZDHHC8,-0.2037
RCOR1,-0.2038
RABL6,-0.2038
ZNF696,-0.2038
HOXC9,-0.204
CCDC66,-0.204
GPR34,-0.2041
APPL2,-0.2042
PHF1,-0.2042
CHM,-0.2043
RAB31,-0.2043
WNT10A,-0.2044
WDR27,-0.2044
LMNTD2,-0.2044
ZNF736,-0.2044
LRRC75B,-0.2045
LYRM2,-0.2046
SEC23A,-0.2047
TENT2,-0.2047
CHRNE,-0.2047
BUD13,-0.2047
RBM18,-0.2049
JOSD2,-0.2049
RGS12,-0.205
PIGL,-0.2051
ZNF337,-0.2051
IQCH,-0.2052
PPP1R16B,-0.2052
CCNL1,-0.2052
ALDH3A2,-0.2052
HAGHL,-0.2053
AP5Z1,-0.2053
NECAP1,-0.2054
RBM33,-0.2054
ADAT3,-0.2054
NPW,-0.2054
PPP1R35,-0.2055
AASS,-0.2055
FNDC10,-0.2056
FBXL6,-0.2056
TALDO1,-0.2057
NDUFA13,-0.2057
RGS11,-0.2057
ASXL1,-0.2057
CLU,-0.2058
NOM1,-0.2059
OASL,-0.2059
PPP1R12C,-0.2059
SERP1,-0.2059
TSPAN6,-0.206
KLHDC8A,-0.206
LRCH4,-0.206
DOCK10,-0.206
C1orf159,-0.206
FBXO21,-0.206
MTG2,-0.2061
SEPTIN2,-0.2061
BAIAP2L2,-0.2062
ING1,-0.2062
UQCC1,-0.2062
CLEC10A,-0.2063
NDUFA1,-0.2064
SERINC5,-0.2064
C2orf69,-0.2065
ISYNA1,-0.2065
IRF8,-0.2065
DIPK1B,-0.2065
IGLON5,-0.2065
UTS2,-0.2065
SNCA,-0.2065
THAP2,-0.2065
SRGAP2,-0.2066
CH25H,-0.2067
PIK3R1,-0.2067
CYLD,-0.2067
NBEAL2,-0.2068
ZNF800,-0.2069
ZNF219,-0.2069
SERAC1,-0.207
MEIS2,-0.207
CLCN5,-0.207
NRTN,-0.2071
UQCC2,-0.2072
HLA-DOB,-0.2072
STAC3,-0.2072
CENATAC,-0.2072
RHBDL1,-0.2072
ZNF529,-0.2073
LRRC38,-0.2073
PURA,-0.2073
SMTN,-0.2074
ANKRD44,-0.2074
DLX3,-0.2074
FOXH1,-0.2074
DDX60,-0.2074
PTPN13,-0.2074
CSPG5,-0.2075
EEF1E1,-0.2075
HOXA2,-0.2076
IDS,-0.2076
RPRM,-0.2076
DMPK,-0.2076
DIP2A,-0.2077
TMED3,-0.2078
EML3,-0.2078
CDKN1B,-0.2079
SCFD1,-0.2079
EVL,-0.2079
CD3E,-0.2079
TMEM176A,-0.208
TNNI1,-0.208
TBC1D15,-0.208
KIF27,-0.2081
PCSK6,-0.2082
CHGB,-0.2083
CDC26,-0.2083
DENND4B,-0.2083
ZNF628,-0.2084
FOSB,-0.2084
YBX2,-0.2084
ALG8,-0.2085
CFAP97,-0.2085
PRR14,-0.2086
IL12RB1,-0.2086
IL7,-0.2086
GPAT3,-0.2087
ABHD5,-0.2088
TTC26,-0.2088
THAP9,-0.2088
PRADC1,-0.2089
SMAD5,-0.2089
MMP17,-0.2089
SYCE2,-0.2089
TEDC1,-0.209
DCUN1D2,-0.209
STON1,-0.2091
ZNF783,-0.2091
BTN3A2,-0.2092
PKD1,-0.2092
POT1,-0.2092
SLC12A9,-0.2093
UBAP1L,-0.2093
ASB1,-0.2093
TSC22D2,-0.2093
ITGB2,-0.2094
RGS6,-0.2094
PSMB9,-0.2095
SLC35C2,-0.2095
NSMF,-0.2096
ZNF133,-0.2097
CD6,-0.2098
BICRA,-0.2098
RASGRP2,-0.2099
VAX2,-0.2099
PLXNB1,-0.2099
PEX12,-0.2099
CHST4,-0.2101
RAB29,-0.2102
KLHL8,-0.2102
PABPN1,-0.2103
HHATL,-0.2103
ZNF579,-0.2103
PXMP2,-0.2103
BRAP,-0.2103
BRSK1,-0.2104
STK31,-0.2105
SPINK4,-0.2105
CASP1,-0.2105
MLXIPL,-0.2106
TGDS,-0.2106
LVRN,-0.2107
CC2D1A,-0.211
HLA-DRA,-0.211
CYP4F12,-0.211
KMT5C,-0.2111
RASL10B,-0.2111
ZBTB25,-0.2111
IFIT1,-0.2112
CAMK2N2,-0.2112
FXN,-0.2112
FASTKD2,-0.2112
CLK1,-0.2113
DOCK3,-0.2113
DBN1,-0.2113
PTAFR,-0.2113
ANKIB1,-0.2114
ARID3A,-0.2114
FAM95C,-0.2115
RHOQ,-0.2115
USP20,-0.2117
TLE4,-0.2117
TPM4,-0.2118
GOLGA8B,-0.2118
LGALS9,-0.2118
MKRN1,-0.2118
C19orf38,-0.2119
ZNF510,-0.2119
TRIM41,-0.212
ZDHHC23,-0.212
SIMC1,-0.212
PCDHB14,-0.212
SNX12,-0.2122
SNX17,-0.2122
CACTIN,-0.2123
C1QC,-0.2123
QTRT1,-0.2123
PGK1,-0.2124
SPTLC1,-0.2124
HBQ1,-0.2125
PHLDA1,-0.2125
SETD6,-0.2126
PLEKHA5,-0.2129
OSBPL7,-0.2129
INO80C,-0.213
IRF1,-0.2131
RNF32,-0.2132
PET100,-0.2133
SLC29A4,-0.2133
PODXL2,-0.2133
SS18L1,-0.2133
RNF220,-0.2134
LAP3,-0.2134
PEX1,-0.2135
DRD2,-0.2135
HEBP2,-0.2135
CBLL1,-0.2135
ECI1,-0.2136
MBTD1,-0.2137
CD69,-0.2137
FASLG,-0.2137
MAPK8IP3,-0.2138
PEX2,-0.2139
SH3BP2,-0.2139
TEX52,-0.2139
RINL,-0.2139
ISG20,-0.214
DOT1L,-0.214
NDUFB3,-0.214
ADCY5,-0.2141
MFSD3,-0.2142
LRRC57,-0.2142
GIMAP2,-0.2143
KIAA0895L,-0.2145
DRD4,-0.2145
CEBPZOS,-0.2145
ARRDC4,-0.2146
PKN3,-0.2147
FAM71F2,-0.2147
TYW1B,-0.2147
UCKL1,-0.2148
MAP11,-0.2149
ITGAL,-0.215
BRF1,-0.215
D2HGDH,-0.215
TAF4,-0.215
ADRA2C,-0.215
SPOCK3,-0.2151
DUS4L,-0.2152
SIX5,-0.2152
KLHL28,-0.2152
NHS,-0.2153
C1R,-0.2153
PRKAG1,-0.2153
DTWD2,-0.2153
FRMD4B,-0.2153
PBX2,-0.2154
CXADR,-0.2154
RAB24,-0.2155
TMEM37,-0.2155
PLPP6,-0.2155
NDUFB11,-0.2156
PCF11,-0.2156
CD37,-0.2157
ALKBH5,-0.2158
BET1,-0.2158
ZNF785,-0.2159
ABCG1,-0.2161
NIPSNAP3B,-0.2162
BTBD6,-0.2162
DUSP28,-0.2162
MTRR,-0.2162
CAAP1,-0.2163
TRPC1,-0.2163
ZGPAT,-0.2164
STK17B,-0.2164
HMG20A,-0.2165
MSANTD4,-0.2165
TCHP,-0.2165
TTC39B,-0.2167
PFDN5,-0.2168
ZNF224,-0.2169
PTOV1,-0.2169
GPSM1,-0.2169
OGDHL,-0.217
RAB30,-0.217
MAP2K7,-0.2171
HIPK3,-0.2171
HNRNPH1,-0.2173
PATL2,-0.2174
RNF207,-0.2174
RABEP2,-0.2175
ADCY8,-0.2175
DNAJB9,-0.2176
LYZ,-0.2177
FGFR1OP2,-0.2177
RUFY3,-0.2177
HTATIP2,-0.2177
TOR2A,-0.2178
C16orf54,-0.2179
POPDC2,-0.2181
HIRA,-0.2181
RNF13,-0.2181
ZBTB6,-0.2182
PPP4R2,-0.2183
PRR33,-0.2183
SSBP4,-0.2184
ZBTB26,-0.2185
RING1,-0.2186
SGSM2,-0.2187
CAMKMT,-0.2188
OSGIN2,-0.2188
HES6,-0.2188
SASH3,-0.2189
WDR82,-0.2189
PDLIM7,-0.219
SYT2,-0.2191
SOX12,-0.2191
FKBP11,-0.2191
MIIP,-0.2192
ABI3,-0.2193
KRTCAP2,-0.2194
CDK5RAP3,-0.2195
TBC1D10C,-0.2196
INTS4,-0.2196
LPIN3,-0.2196
TSTD2,-0.2196
KCND1,-0.2197
CAPN10,-0.2198
IRF2BP1,-0.2198
JMY,-0.2199
PTPN22,-0.2199
KLHL15,-0.2199
EEA1,-0.2199
SNX16,-0.2199
FBXO10,-0.22
NKTR,-0.22
ST20,-0.22
AC090004.1,-0.22
ZNF334,-0.22
CTNNB1,-0.2201
PARP12,-0.2203
CRCP,-0.2203
C2orf42,-0.2204
EDN2,-0.2204
ZNF708,-0.2205
SEC31B,-0.2205
ST3GAL1,-0.2205
LRSAM1,-0.2206
PRDX4,-0.2207
CAMSAP3,-0.2207
PHKG2,-0.2207
IL18BP,-0.2208
STK11IP,-0.2209
CCR5,-0.221
FKBP1C,-0.221
MLLT10,-0.221
BRAT1,-0.221
AIG1,-0.2211
YTHDC1,-0.2211
PGBD5,-0.2211
IKZF1,-0.2213
IFIT3,-0.2213
ZNF277,-0.2215
APOL6,-0.2215
ISCA1,-0.2215
ITGA2B,-0.2215
TUBE1,-0.2216
ZNF317,-0.2216
RTP4,-0.2216
CPPED1,-0.2216
IL15RA,-0.2216
UBE2L6,-0.2217
ZNF10,-0.2217
CCDC154,-0.2218
GBP2,-0.2218
MTX3,-0.2218
EMP1,-0.2218
NPR2,-0.2219
NPIPB15,-0.2222
NOS1AP,-0.2222
LUC7L2,-0.2222
TMC8,-0.2223
IRF9,-0.2224
RASAL3,-0.2226
SCO2,-0.2226
G3BP2,-0.2227
PNMA3,-0.2227
AARSD1,-0.2228
ETV2,-0.2228
CCNL2,-0.2228
NLRC3,-0.2228
TRMT10B,-0.2229
ACER3,-0.2229
FUS,-0.223
LY6G5B,-0.223
HLA-DQA1,-0.2231
MRNIP,-0.2232
TAZ,-0.2233
OXER1,-0.2234
SGK3,-0.2235
CLASRP,-0.2235
FBXO44,-0.2236
PRKRIP1,-0.2237
TRIM22,-0.2238
ZBTB21,-0.224
FBXO3,-0.224
GSDMB,-0.2241
FGD2,-0.2243
WDR5B,-0.2243
FAM160B2,-0.2243
RASGEF1A,-0.2244
MAGEC1,-0.2244
FAM219A,-0.2244
REC8,-0.2245
SNAPC4,-0.2245
DOHH,-0.2245
RMC1,-0.2248
ARMC5,-0.2248
NFKBID,-0.2248
ACTR3B,-0.2249
TMA7,-0.225
MTHFSD,-0.225
MIGA2,-0.2252
ANAPC2,-0.2253
LINGO1,-0.2253
CSPP1,-0.2254
ZNF365,-0.2254
PSMA1,-0.2254
FGD3,-0.2255
FAM155B,-0.2257
TRMO,-0.2257
PPFIA1,-0.2257
KIFC2,-0.2259
CDK17,-0.2259
ATG16L2,-0.2262
COX6C,-0.2262
RPIA,-0.2262
ZNF738,-0.2263
RNF157,-0.2265
TAGAP,-0.2265
SMOC2,-0.2265
C6orf136,-0.2265
MESP1,-0.2266
NPIPA1,-0.2267
STEAP3,-0.2268
PRMT2,-0.2269
TSC22D4,-0.227
ENGASE,-0.2271
SLC16A8,-0.2272
TAPBPL,-0.2272
WDR11,-0.2272
FZD2,-0.2273
MYBL1,-0.2274
GNG12,-0.2274
ZCCHC3,-0.2275
PLAGL1,-0.2275
INAFM1,-0.2277
LYPLAL1,-0.2278
NQO1,-0.2278
TUBGCP6,-0.2279
SLC33A1,-0.2281
ARFGAP1,-0.2281
SPATA2L,-0.2281
WDFY1,-0.2282
FAM172A,-0.2282
CYHR1,-0.2282
PPFIA4,-0.2283
SAMD9,-0.2285
GID4,-0.2286
SGF29,-0.2287
RIDA,-0.2288
RBM4,-0.2289
ZNF136,-0.229
GCSH,-0.2291
DMKN,-0.2295
PTPN4,-0.2295
ZC2HC1A,-0.2298
NSUN6,-0.2299
ZNF316,-0.2299
MSL1,-0.2299
SETD4,-0.23
MAN2C1,-0.23
AP1G2,-0.23
SAFB2,-0.23
FAM32A,-0.2301
MGAT5B,-0.2302
SOCS3,-0.2302
PIGF,-0.2303
CLINT1,-0.2303
SPINK6,-0.2303
TESPA1,-0.2303
CHST15,-0.2304
TINF2,-0.2304
GGA1,-0.2305
MAGT1,-0.2306
ANKZF1,-0.2307
MAP3K20,-0.2307
ZNF554,-0.2309
CXCR3,-0.231
ANKRD46,-0.231
NDUFAF6,-0.2311
PSME3IP1,-0.2312
HTR1D,-0.2313
P2RY11,-0.2314
RIMS2,-0.2316
ATG4B,-0.2317
KANTR,-0.2319
NLRC5,-0.2319
PNMA6A,-0.2321
DLX4,-0.2322
LDB1,-0.2323
CCS,-0.2324
HPS5,-0.2327
PLIN4,-0.2327
ZNF354B,-0.2327
MRPL2,-0.2328
PWWP3A,-0.2329
ZNF700,-0.2331
RSRC2,-0.2331
RABGGTA,-0.2332
LUC7L3,-0.2332
TIPARP,-0.2332
ARMC12,-0.2332
PRR22,-0.2334
C11orf95,-0.2336
RASA2,-0.2336
MTG1,-0.2337
MYO15B,-0.2338
JRK,-0.2339
ZNF428,-0.234
SPATA33,-0.2341
HEXIM2,-0.2341
RBBP8NL,-0.2342
GP1BA,-0.2342
HES4,-0.2343
TSHZ1,-0.2345
FBF1,-0.2349
ASB16,-0.2351
PRPF39,-0.2355
ACBD7,-0.2356
PWP2,-0.2356
ADAMTS13,-0.2357
CD2,-0.2357
TCIRG1,-0.2358
KLHL17,-0.236
ZCCHC8,-0.2363
IRF2,-0.2366
PFKFB3,-0.2366
ESYT1,-0.2368
TRIM11,-0.2369
SPACA4,-0.2369
COL27A1,-0.237
NLGN3,-0.2374
ZNF414,-0.2375
RNF5,-0.2378
SNX4,-0.2382
PKNOX1,-0.2382
ZNF683,-0.2383
CLK4,-0.2383
TCTE3,-0.2384
ENTPD3,-0.2384
NRBP2,-0.2385
ZNF236,-0.2387
DKKL1,-0.2388
PPIB,-0.2389
IL18R1,-0.239
BTG3,-0.2392
MICALL2,-0.2392
ARHGAP26,-0.2393
RILPL1,-0.2395
KLK13,-0.2397
ATP5F1E,-0.2398
RSBN1L,-0.2399
PNPLA8,-0.2399
TUBB4A,-0.2399
MZF1,-0.24
PAQR6,-0.2401
RAD52,-0.2401
PPAN,-0.2401
NELFA,-0.2403
KIAA1841,-0.2403
NSUN3,-0.2403
XAF1,-0.2404
PTPN11,-0.2404
KRIT1,-0.2404
ZNF580,-0.2406
PLCG1,-0.2408
PAXBP1,-0.2413
PAM16,-0.2414
ELF1,-0.2415
CCDC88B,-0.2418
KCNIP3,-0.2418
EPB41L3,-0.2419
SFSWAP,-0.242
COX19,-0.242
LRRC73,-0.242
MAP4K2,-0.2422
TP53I13,-0.2422
ZNF251,-0.2424
DMTF1,-0.2432
NADSYN1,-0.2438
C20orf204,-0.2442
C3orf62,-0.2445
MAP3K6,-0.2446
PAXX,-0.245
APBB3,-0.245
NOL12,-0.2452
PTCD1,-0.2452
PYROXD1,-0.2454
MDK,-0.2455
ABHD12B,-0.2455
PSMB10,-0.2456
OXR1,-0.2457
TEPSIN,-0.2458
NDOR1,-0.2459
BTN3A3,-0.2459
CAMTA2,-0.246
BTN3A1,-0.2463
SENP7,-0.2465
WASHC1,-0.2467
ZNF680,-0.2473
RNF166,-0.2475
SIGLEC8,-0.2476
RAB22A,-0.2478
KLHDC4,-0.2478
ZRANB1,-0.2481
NLRP1,-0.2482
HHIPL2,-0.2486
ZNF558,-0.2486
VMAC,-0.2487
CYP2R1,-0.2489
TMEM251,-0.2489
CSAD,-0.2491
TMEM255A,-0.2493
OGFR,-0.2496
CENPC,-0.25
ING5,-0.2501
CTTN,-0.2503
AMN,-0.2505
NDP,-0.2505
RXRB,-0.2505
SFI1,-0.2512
ANKRD13D,-0.2516
RNF41,-0.2516
GLI4,-0.2516
SARDH,-0.2518
HIP1R,-0.2519
PBX4,-0.2519
FBLL1,-0.252
WARS1,-0.2523
GPT,-0.2526
RSRP1,-0.2527
MRPL48,-0.2527
ZNF107,-0.2531
CCDC130,-0.2537
ZNF692,-0.2537
EIF3L,-0.2538
LRP5L,-0.2541
GABBR1,-0.2546
DDX39B,-0.2547
SPTY2D1OS,-0.255
TFAP2E,-0.255
TMEM176B,-0.2551
IFNGR1,-0.2553
ARHGAP33,-0.2556
VPS9D1,-0.2559
CPNE7,-0.256
PARP6,-0.256
NAA16,-0.2563
AGAP9,-0.2565
LENG8,-0.2568
CIAO3,-0.2569
CENPT,-0.257
MEF2A,-0.2577
PDE8A,-0.2577
KRT40,-0.2579
ACAP3,-0.258
PHF2,-0.258
HBP1,-0.258
TAS2R14,-0.2585
PABPC1L,-0.2587
AJM1,-0.2596
APOBEC3H,-0.2597
SPEG,-0.2601
ZNF273,-0.2605
SYNGAP1,-0.2606
PARP10,-0.261
HPS3,-0.2615
ZFPM1,-0.2618
RBM39,-0.262
TMEM140,-0.2632
TSSK6,-0.2634
RNASET2,-0.264
TMEM52,-0.2668
MAMDC4,-0.267
MYH3,-0.2671
NR2C1,-0.2672
CLK3,-0.2673
HSF4,-0.2685
PPP2R3B,-0.2686
ZNF276,-0.2688
NPIPA5,-0.269
RPP21,-0.2693
LIME1,-0.2699
ATF3,-0.2704
U2AF1L4,-0.2704
GIGYF1,-0.271
INPP5E,-0.2712
BRICD5,-0.2715
RALGDS,-0.2718
VPS33B,-0.272
P2RY4,-0.272
KLC1,-0.2721
DHPS,-0.2727
SMTNL1,-0.2729
AQP11,-0.2746
MYH7B,-0.2753
SREK1,-0.2764
IZUMO4,-0.2769
FBRSL1,-0.2771
MIB2,-0.279
NAPB,-0.2791
AKAP17A,-0.2792
STX16,-0.2792
RSKR,-0.2792
ENO3,-0.2793
FAM193B,-0.28
C19orf71,-0.2816
CDK10,-0.2818
YJEFN3,-0.2819
DTD2,-0.2819
FAM229A,-0.2829
KCNIP2,-0.2829
CLDN15,-0.283
RBM6,-0.2832
ATP1A1,-0.2832
NPEPL1,-0.2833
MSS51,-0.284
GNRH1,-0.2845
ADCY1,-0.2846
DDX51,-0.2861
LZTR1,-0.288
SLC25A34,-0.2882
PCED1A,-0.2892
SPPL2B,-0.2901
BGLAP,-0.2911
RGS14,-0.2914
WASH6P,-0.2926
LCAT,-0.2947
CSNK2B,-0.2955
OBSCN,-0.2955
PIDD1,-0.2973
TAF1C,-0.2975
ARL13B,-0.2985
CEP43,-0.2999
SCX,-0.303
SPG7,-0.3053
TBX21,-0.3081
NDUFC2,-0.3137
C8G,-0.3185
KRTAP5-9,-0.3199
NPHP3,-0.3222
DXO,-0.3252
MXD3,-0.3264
LSM8,-0.3291
RSF1,-0.3409
USP35,-0.3652
KRTAP5-10,-0.3912
